AN_ORCAMENTO;CD_UNIDADE_GESTORA;DS_UNIDADE_GESTORA;CD_FUNCAO_ORCAMENTARIA;DS_FUNCAO_ORCAMENTARIA;CD_SUBFUNCAO_ORCAMENTARIA;DS_SUBFUNCAO_ORCAMENTARIA;CD_PROGRAMA_GOVERNO;DS_PROGRAMA_GOVERNO;CD_ACAO;DS_ACAO;CD_PLANO_ORCAMENTARIO;DS_PLANO_ORCAMENTARIO;DS_PROGRAMA_TRABALHO;CD_PTRES;CD_PLANO_INTERNO;DS_PLANO_INTERNO;CD_MODALIDADE_APLICACAO;DS_MODALIDADE_APLICACAO;CD_CATEGORIA_ECONOMICA;DS_CATEGORIA_ECONOMICA;CD_GRUPO_DESPESA;DS_GRUPO_DESPESA;CD_ELEMENTO_DESPESA;DS_ELEMENTO_DESPESA;CD_NATUREZA_DESPESA;DS_NATUREZA_DESPESA;CD_FONTE_RECURSO;DS_FONTE_RECURSO;VL_DOTACAO_INICIAL;VL_DOTACAO_SUPLEMENTAR;VL_DOTACAO_DISPONIVEL;VL_CREDITO_BLOQUEADO;VL_DESPESAS_EMPENHADAS;VL_EM_A_LIQUIDAR;VL_EM_LIQUIDADO;VL_DESPESAS_PAGAS
2015;090049;TRIBUNAL REGIONAL FEDERAL DA 1A.REG.-PREC.RPV;28;ENCARGOS ESPECIAIS;846;OUTROS ENCARGOS ESPECIAIS;0901;OPERACOES ESPECIAIS: CUMPRIMENTO DE SENTENCAS JUDICIAIS;0005;SENTENCAS JUDICIAIS TRANSITADAS EM JULGADO (PRECATORIOS);0001;PRECATORIOS;28846090100050001;087483;'-8;SEM INFORMACAO;90;APLICACOES DIRETAS;3;DESPESAS CORRENTES;3;OUTRAS DESPESAS CORRENTES;91;SENTENCAS JUDICIAIS;339091;SENTENCAS JUDICIAIS;00;RECURSOS PRIMARIOS DE LIVRE APLICACAO;;;;;53.81;0.73;53.08;53.08
2015;090049;TRIBUNAL REGIONAL FEDERAL DA 1A.REG.-PREC.RPV;28;ENCARGOS ESPECIAIS;846;OUTROS ENCARGOS ESPECIAIS;0901;OPERACOES ESPECIAIS: CUMPRIMENTO DE SENTENCAS JUDICIAIS;0005;SENTENCAS JUDICIAIS TRANSITADAS EM JULGADO (PRECATORIOS);0001;PRECATORIOS;28846090100050001;087483;'-8;SEM INFORMACAO;90;APLICACOES DIRETAS;3;DESPESAS CORRENTES;1;PESSOAL E ENCARGOS SOCIAIS;91;SENTENCAS JUDICIAIS;319091;SENTENCAS JUDICIAIS;00;RECURSOS PRIMARIOS DE LIVRE APLICACAO;;;;;276,657.00;108,843.00;167,580.30;167,580.30
2015;090049;TRIBUNAL REGIONAL FEDERAL DA 1A.REG.-PREC.RPV;28;ENCARGOS ESPECIAIS;846;OUTROS ENCARGOS ESPECIAIS;0901;OPERACOES ESPECIAIS: CUMPRIMENTO DE SENTENCAS JUDICIAIS;00G5;CONTRIBUICAO DA UNIAO, DE SUAS AUTARQUIAS E FUNDACOES PARA O;0000;CONTRIBUICAO DA UNIAO, DE SUAS AUTARQUIAS E FUNDACOES PARA O CUSTEIO DO REGIME DE PREVIDENCIA DOS SERVIDORES PUBLICOS FEDERAIS DECORRENTE DO PAGAMENTO DE PRECATORIOS E REQUISICOES DE PEQUENO VALOR;28846090100G50001;087476;'-8;SEM INFORMACAO;91;APLICACOES DIRETAS - OPERACOES INTERNAS;3;DESPESAS CORRENTES;1;PESSOAL E ENCARGOS SOCIAIS;91;SENTENCAS JUDICIAIS;319191;SENTENCAS JUDICIAIS;00;RECURSOS PRIMARIOS DE LIVRE APLICACAO;;;;;52,962.00;40,740.00;12,222.00;12,222.00
2015;113204;COMISSAO NACIONAL DE ENERGIA NUCLEAR-IRD;12;EDUCACAO;364;ENSINO SUPERIOR;2032;EDUCACAO SUPERIOR - GRADUACAO, POS-GRADUACAO, ENSINO, PESQUI;0487;CONCESSAO DE BOLSAS DE ESTUDO NO ENSINO SUPERIOR;0002;CONCESSAO DE BOLSAS DE ESTUDOS NO PAIS;12364203204870001;087493;OCCCUO9414N;BF SUPERIOR - PROAP;90;APLICACOES DIRETAS;3;DESPESAS CORRENTES;3;OUTRAS DESPESAS CORRENTES;18;AUXILIO FINANCEIRO A ESTUDANTES;339018;AUXILIO FINANCEIRO A ESTUDANTES;12;RECURSOS DEST.A MANUT.E DES.DO ENSINO;;;;;86,726.70;3,400.00;83,326.70;83,326.70
2015;113204;COMISSAO NACIONAL DE ENERGIA NUCLEAR-IRD;12;EDUCACAO;364;ENSINO SUPERIOR;2032;EDUCACAO SUPERIOR - GRADUACAO, POS-GRADUACAO, ENSINO, PESQUI;0487;CONCESSAO DE BOLSAS DE ESTUDO NO ENSINO SUPERIOR;0002;CONCESSAO DE BOLSAS DE ESTUDOS NO PAIS;12364203204870001;087493;OCCCUO9414N;BF SUPERIOR - PROAP;90;APLICACOES DIRETAS;3;DESPESAS CORRENTES;3;OUTRAS DESPESAS CORRENTES;93;INDENIZACOES E RESTITUICOES;339093;INDENIZACOES E RESTITUICOES;12;RECURSOS DEST.A MANUT.E DES.DO ENSINO;;;;;18,340.00;120.00;18,220.00;18,220.00
2015;113205;COMISSAO NACIONAL DE ENERGIA NUCLEAR-CDTN;12;EDUCACAO;364;ENSINO SUPERIOR;2032;EDUCACAO SUPERIOR - GRADUACAO, POS-GRADUACAO, ENSINO, PESQUI;0487;CONCESSAO DE BOLSAS DE ESTUDO NO ENSINO SUPERIOR;0002;CONCESSAO DE BOLSAS DE ESTUDOS NO PAIS;12364203204870001;087493;OCCCUO9414N;BF SUPERIOR - PROAP;90;APLICACOES DIRETAS;3;DESPESAS CORRENTES;3;OUTRAS DESPESAS CORRENTES;14;DIARIAS - PESSOAL CIVIL;339014;DIARIAS - PESSOAL CIVIL;12;RECURSOS DEST.A MANUT.E DES.DO ENSINO;;;;;23,398.80;12,917.25;10,481.55;10,481.55
2015;113205;COMISSAO NACIONAL DE ENERGIA NUCLEAR-CDTN;12;EDUCACAO;364;ENSINO SUPERIOR;2032;EDUCACAO SUPERIOR - GRADUACAO, POS-GRADUACAO, ENSINO, PESQUI;0487;CONCESSAO DE BOLSAS DE ESTUDO NO ENSINO SUPERIOR;0002;CONCESSAO DE BOLSAS DE ESTUDOS NO PAIS;12364203204870001;087493;OCCCUO9414N;BF SUPERIOR - PROAP;90;APLICACOES DIRETAS;3;DESPESAS CORRENTES;3;OUTRAS DESPESAS CORRENTES;18;AUXILIO FINANCEIRO A ESTUDANTES;339018;AUXILIO FINANCEIRO A ESTUDANTES;12;RECURSOS DEST.A MANUT.E DES.DO ENSINO;;;;;231,052.72;8,182.50;222,870.22;222,870.22
2015;113205;COMISSAO NACIONAL DE ENERGIA NUCLEAR-CDTN;12;EDUCACAO;364;ENSINO SUPERIOR;2032;EDUCACAO SUPERIOR - GRADUACAO, POS-GRADUACAO, ENSINO, PESQUI;0487;CONCESSAO DE BOLSAS DE ESTUDO NO ENSINO SUPERIOR;0002;CONCESSAO DE BOLSAS DE ESTUDOS NO PAIS;12364203204870001;087493;OCCCUO9414N;BF SUPERIOR - PROAP;90;APLICACOES DIRETAS;3;DESPESAS CORRENTES;3;OUTRAS DESPESAS CORRENTES;30;MATERIAL DE CONSUMO;339030;MATERIAL DE CONSUMO;12;RECURSOS DEST.A MANUT.E DES.DO ENSINO;;;;;3,923.20;519.80;3,403.40;3,403.40
2015;113205;COMISSAO NACIONAL DE ENERGIA NUCLEAR-CDTN;12;EDUCACAO;364;ENSINO SUPERIOR;2032;EDUCACAO SUPERIOR - GRADUACAO, POS-GRADUACAO, ENSINO, PESQUI;0487;CONCESSAO DE BOLSAS DE ESTUDO NO ENSINO SUPERIOR;0002;CONCESSAO DE BOLSAS DE ESTUDOS NO PAIS;12364203204870001;087493;OCCCUO9414N;BF SUPERIOR - PROAP;90;APLICACOES DIRETAS;3;DESPESAS CORRENTES;3;OUTRAS DESPESAS CORRENTES;33;PASSAGENS E DESPESAS COM LOCOMOCAO;339033;PASSAGENS E DESPESAS COM LOCOMOCAO;12;RECURSOS DEST.A MANUT.E DES.DO ENSINO;;;;;81,425.28;24,449.42;56,975.86;56,975.86
2015;113205;COMISSAO NACIONAL DE ENERGIA NUCLEAR-CDTN;12;EDUCACAO;364;ENSINO SUPERIOR;2032;EDUCACAO SUPERIOR - GRADUACAO, POS-GRADUACAO, ENSINO, PESQUI;0487;CONCESSAO DE BOLSAS DE ESTUDO NO ENSINO SUPERIOR;0002;CONCESSAO DE BOLSAS DE ESTUDOS NO PAIS;12364203204870001;087493;OCCCUO9414N;BF SUPERIOR - PROAP;90;APLICACOES DIRETAS;3;DESPESAS CORRENTES;3;OUTRAS DESPESAS CORRENTES;36;OUTROS SERVICOS DE TERCEIROS - P.FISICA;339036;OUTROS SERVICOS DE TERCEIROS - PESSOA FISICA;12;RECURSOS DEST.A MANUT.E DES.DO ENSINO;;;;;16,000.00;16,000.00;;
2015;113205;COMISSAO NACIONAL DE ENERGIA NUCLEAR-CDTN;12;EDUCACAO;364;ENSINO SUPERIOR;2032;EDUCACAO SUPERIOR - GRADUACAO, POS-GRADUACAO, ENSINO, PESQUI;0487;CONCESSAO DE BOLSAS DE ESTUDO NO ENSINO SUPERIOR;0002;CONCESSAO DE BOLSAS DE ESTUDOS NO PAIS;12364203204870001;087493;OCCCUO9414N;BF SUPERIOR - PROAP;90;APLICACOES DIRETAS;3;DESPESAS CORRENTES;3;OUTRAS DESPESAS CORRENTES;93;INDENIZACOES E RESTITUICOES;339093;INDENIZACOES E RESTITUICOES;12;RECURSOS DEST.A MANUT.E DES.DO ENSINO;;;;;1,200.00;0.00;1,200.00;1,200.00
2015;114601;FUNDACAO IBGE-ADMINISTRACAO CENTRAL/RJ;12;EDUCACAO;364;ENSINO SUPERIOR;2032;EDUCACAO SUPERIOR - GRADUACAO, POS-GRADUACAO, ENSINO, PESQUI;0487;CONCESSAO DE BOLSAS DE ESTUDO NO ENSINO SUPERIOR;0002;CONCESSAO DE BOLSAS DE ESTUDOS NO PAIS;12364203204870001;087493;OCCCUO9414N;BF SUPERIOR - PROAP;90;APLICACOES DIRETAS;3;DESPESAS CORRENTES;3;OUTRAS DESPESAS CORRENTES;14;DIARIAS - PESSOAL CIVIL;339014;DIARIAS - PESSOAL CIVIL;12;RECURSOS DEST.A MANUT.E DES.DO ENSINO;;;;;27,390.81;14,107.29;13,283.52;13,283.52
2015;114601;FUNDACAO IBGE-ADMINISTRACAO CENTRAL/RJ;12;EDUCACAO;364;ENSINO SUPERIOR;2032;EDUCACAO SUPERIOR - GRADUACAO, POS-GRADUACAO, ENSINO, PESQUI;0487;CONCESSAO DE BOLSAS DE ESTUDO NO ENSINO SUPERIOR;0002;CONCESSAO DE BOLSAS DE ESTUDOS NO PAIS;12364203204870001;087493;OCCCUO9414N;BF SUPERIOR - PROAP;90;APLICACOES DIRETAS;3;DESPESAS CORRENTES;3;OUTRAS DESPESAS CORRENTES;33;PASSAGENS E DESPESAS COM LOCOMOCAO;339033;PASSAGENS E DESPESAS COM LOCOMOCAO;12;RECURSOS DEST.A MANUT.E DES.DO ENSINO;;;;;60,833.21;18,806.52;42,026.69;38,774.30
2015;114601;FUNDACAO IBGE-ADMINISTRACAO CENTRAL/RJ;12;EDUCACAO;364;ENSINO SUPERIOR;2032;EDUCACAO SUPERIOR - GRADUACAO, POS-GRADUACAO, ENSINO, PESQUI;0487;CONCESSAO DE BOLSAS DE ESTUDO NO ENSINO SUPERIOR;0002;CONCESSAO DE BOLSAS DE ESTUDOS NO PAIS;12364203204870001;087493;OCCCUO9414N;BF SUPERIOR - PROAP;90;APLICACOES DIRETAS;3;DESPESAS CORRENTES;3;OUTRAS DESPESAS CORRENTES;36;OUTROS SERVICOS DE TERCEIROS - P.FISICA;339036;OUTROS SERVICOS DE TERCEIROS - PESSOA FISICA;12;RECURSOS DEST.A MANUT.E DES.DO ENSINO;;;;;15,155.50;2,674.50;12,481.00;12,481.00
2015;114601;FUNDACAO IBGE-ADMINISTRACAO CENTRAL/RJ;12;EDUCACAO;364;ENSINO SUPERIOR;2032;EDUCACAO SUPERIOR - GRADUACAO, POS-GRADUACAO, ENSINO, PESQUI;0487;CONCESSAO DE BOLSAS DE ESTUDO NO ENSINO SUPERIOR;0002;CONCESSAO DE BOLSAS DE ESTUDOS NO PAIS;12364203204870001;087493;OCCCUO9414N;BF SUPERIOR - PROAP;90;APLICACOES DIRETAS;3;DESPESAS CORRENTES;3;OUTRAS DESPESAS CORRENTES;93;INDENIZACOES E RESTITUICOES;339093;INDENIZACOES E RESTITUICOES;12;RECURSOS DEST.A MANUT.E DES.DO ENSINO;;;;;6,196.00;1,095.20;5,100.80;5,100.80
2015;120016;GRUPAMENTO DE APOIO DE S J CAMPOS;12;EDUCACAO;364;ENSINO SUPERIOR;2032;EDUCACAO SUPERIOR - GRADUACAO, POS-GRADUACAO, ENSINO, PESQUI;0487;CONCESSAO DE BOLSAS DE ESTUDO NO ENSINO SUPERIOR;0002;CONCESSAO DE BOLSAS DE ESTUDOS NO PAIS;12364203204870001;087493;OCCCUO9414N;BF SUPERIOR - PROAP;90;APLICACOES DIRETAS;3;DESPESAS CORRENTES;3;OUTRAS DESPESAS CORRENTES;14;DIARIAS - PESSOAL CIVIL;339014;DIARIAS - PESSOAL CIVIL;12;RECURSOS DEST.A MANUT.E DES.DO ENSINO;;;;;596,791.28;450,550.83;146,240.45;66,138.90
2015;120016;GRUPAMENTO DE APOIO DE S J CAMPOS;12;EDUCACAO;364;ENSINO SUPERIOR;2032;EDUCACAO SUPERIOR - GRADUACAO, POS-GRADUACAO, ENSINO, PESQUI;0487;CONCESSAO DE BOLSAS DE ESTUDO NO ENSINO SUPERIOR;0002;CONCESSAO DE BOLSAS DE ESTUDOS NO PAIS;12364203204870001;087493;OCCCUO9414N;BF SUPERIOR - PROAP;90;APLICACOES DIRETAS;3;DESPESAS CORRENTES;3;OUTRAS DESPESAS CORRENTES;15;DIARIAS - PESSOAL MILITAR;339015;DIARIAS - PESSOAL MILITAR;12;RECURSOS DEST.A MANUT.E DES.DO ENSINO;;;;;28,000.00;28,000.00;;
2015;120016;GRUPAMENTO DE APOIO DE S J CAMPOS;12;EDUCACAO;364;ENSINO SUPERIOR;2032;EDUCACAO SUPERIOR - GRADUACAO, POS-GRADUACAO, ENSINO, PESQUI;0487;CONCESSAO DE BOLSAS DE ESTUDO NO ENSINO SUPERIOR;0002;CONCESSAO DE BOLSAS DE ESTUDOS NO PAIS;12364203204870001;087493;OCCCUO9414N;BF SUPERIOR - PROAP;90;APLICACOES DIRETAS;3;DESPESAS CORRENTES;3;OUTRAS DESPESAS CORRENTES;33;PASSAGENS E DESPESAS COM LOCOMOCAO;339033;PASSAGENS E DESPESAS COM LOCOMOCAO;12;RECURSOS DEST.A MANUT.E DES.DO ENSINO;;;;;416,000.00;104,000.00;;
2015;120016;GRUPAMENTO DE APOIO DE S J CAMPOS;12;EDUCACAO;364;ENSINO SUPERIOR;2032;EDUCACAO SUPERIOR - GRADUACAO, POS-GRADUACAO, ENSINO, PESQUI;0487;CONCESSAO DE BOLSAS DE ESTUDO NO ENSINO SUPERIOR;0002;CONCESSAO DE BOLSAS DE ESTUDOS NO PAIS;12364203204870001;087493;OCCCUO9414N;BF SUPERIOR - PROAP;90;APLICACOES DIRETAS;3;DESPESAS CORRENTES;3;OUTRAS DESPESAS CORRENTES;36;OUTROS SERVICOS DE TERCEIROS - P.FISICA;339036;OUTROS SERVICOS DE TERCEIROS - PESSOA FISICA;12;RECURSOS DEST.A MANUT.E DES.DO ENSINO;;;;;547,752.00;333,398.55;41,876.40;22,564.90
2015;120016;GRUPAMENTO DE APOIO DE S J CAMPOS;12;EDUCACAO;364;ENSINO SUPERIOR;2032;EDUCACAO SUPERIOR - GRADUACAO, POS-GRADUACAO, ENSINO, PESQUI;0487;CONCESSAO DE BOLSAS DE ESTUDO NO ENSINO SUPERIOR;0002;CONCESSAO DE BOLSAS DE ESTUDOS NO PAIS;12364203204870001;087493;OCCCUO9414N;BF SUPERIOR - PROAP;90;APLICACOES DIRETAS;3;DESPESAS CORRENTES;3;OUTRAS DESPESAS CORRENTES;93;INDENIZACOES E RESTITUICOES;339093;INDENIZACOES E RESTITUICOES;12;RECURSOS DEST.A MANUT.E DES.DO ENSINO;;;;;2,800,000.00;1,420,039.47;799,584.70;578,183.04
2015;120071;CENTRO LOGISTICO DA AERONAUTICA;12;EDUCACAO;364;ENSINO SUPERIOR;2032;EDUCACAO SUPERIOR - GRADUACAO, POS-GRADUACAO, ENSINO, PESQUI;0487;CONCESSAO DE BOLSAS DE ESTUDO NO ENSINO SUPERIOR;0002;CONCESSAO DE BOLSAS DE ESTUDOS NO PAIS;12364203204870001;087493;OCCCUO9414N;BF SUPERIOR - PROAP;90;APLICACOES DIRETAS;3;DESPESAS CORRENTES;3;OUTRAS DESPESAS CORRENTES;30;MATERIAL DE CONSUMO;339030;MATERIAL DE CONSUMO;12;RECURSOS DEST.A MANUT.E DES.DO ENSINO;;;;;73,288.20;0.00;;
2015;120093;SUBDIRETORIA DE PAGAMENTO DE PESSOAL/EXTERIOR;12;EDUCACAO;364;ENSINO SUPERIOR;2032;EDUCACAO SUPERIOR - GRADUACAO, POS-GRADUACAO, ENSINO, PESQUI;0487;CONCESSAO DE BOLSAS DE ESTUDO NO ENSINO SUPERIOR;0002;CONCESSAO DE BOLSAS DE ESTUDOS NO PAIS;12364203204870001;087493;OCCCUO9414N;BF SUPERIOR - PROAP;90;APLICACOES DIRETAS;3;DESPESAS CORRENTES;3;OUTRAS DESPESAS CORRENTES;14;DIARIAS - PESSOAL CIVIL;339014;DIARIAS - PESSOAL CIVIL;12;RECURSOS DEST.A MANUT.E DES.DO ENSINO;;;;;198,291.74;109,358.60;88,933.15;88,933.15
2015;150002;SUBSECRETARIA DE ASSUNTOS ADMINISTRATIVOS/MEC;12;EDUCACAO;122;ADMINISTRACAO GERAL;2109;PROGRAMA DE GESTAO E MANUTENCAO DO MINISTERIO DA EDUCACAO;2000;ADMINISTRACAO DA UNIDADE;0000;ADMINISTRACAO DA UNIDADE - DESPESAS DIVERSAS;12122210920000053;087486;VCC80N99GAN;ADMINISTRACAO CAPES -DGES;90;APLICACOES DIRETAS;3;DESPESAS CORRENTES;3;OUTRAS DESPESAS CORRENTES;39;OUTROS SERVICOS DE TERCEIROS PJ - OP.INT.ORC.;339039;OUTROS SERVICOS DE TERCEIROS - PESSOA JURIDICA;12;RECURSOS DEST.A MANUT.E DES.DO ENSINO;;;;;29499399.64;1,655,576.45;25485024.56;25430894.03
2015;150002;SUBSECRETARIA DE ASSUNTOS ADMINISTRATIVOS/MEC;12;EDUCACAO;122;ADMINISTRACAO GERAL;2109;PROGRAMA DE GESTAO E MANUTENCAO DO MINISTERIO DA EDUCACAO;2000;ADMINISTRACAO DA UNIDADE;0000;ADMINISTRACAO DA UNIDADE - DESPESAS DIVERSAS;12122210920000053;087486;VCC80N99GAN;ADMINISTRACAO CAPES -DGES;90;APLICACOES DIRETAS;3;DESPESAS CORRENTES;3;OUTRAS DESPESAS CORRENTES;;;;;50;REC.PROPRIOS PRIMARIOS DE LIVRE APLICACAO;;;;;701,443.48;0.00;701,443.48;701,443.48
2015;150123;COORD. DE PROJ. C/A FUND. DE APOIO;12;EDUCACAO;368;EDUCACAO BASICA;2030;EDUCACAO BASICA;20RJ;APOIO A CAPACITACAO E FORMACAO INICIAL E CONTINUADA PARA A E;0004;EDUCACAO BASICA A DISTANCIA;12368203020RJ0001;087497;MCC62G22EDN;UAB - UAB TRADICIONAL;90;APLICACOES DIRETAS;3;DESPESAS CORRENTES;3;OUTRAS DESPESAS CORRENTES;37;LOCACAO DE MAO-DE-OBRA;339037;LOCACAO DE MAO-DE-OBRA;08;FUNDO SOCIAL-PARC.DEST.EDUCACAO PUBL.E SAUDE;;;;;4,840,277.36;794,044.89;4,046,232.47;3,784,583.56
2015;150148;UTFPR - CAMPUS LONDRINA;12;EDUCACAO;364;ENSINO SUPERIOR;2032;EDUCACAO SUPERIOR - GRADUACAO, POS-GRADUACAO, ENSINO, PESQUI;0487;CONCESSAO DE BOLSAS DE ESTUDO NO ENSINO SUPERIOR;0002;CONCESSAO DE BOLSAS DE ESTUDOS NO PAIS;12364203204870001;087493;OCCCUO9414N;BF SUPERIOR - PROAP;90;APLICACOES DIRETAS;3;DESPESAS CORRENTES;3;OUTRAS DESPESAS CORRENTES;14;DIARIAS - PESSOAL CIVIL;339014;DIARIAS - PESSOAL CIVIL;12;RECURSOS DEST.A MANUT.E DES.DO ENSINO;;;;;15,768.42;1,079.51;14,688.91;12,275.02
2015;150148;UTFPR - CAMPUS LONDRINA;12;EDUCACAO;364;ENSINO SUPERIOR;2032;EDUCACAO SUPERIOR - GRADUACAO, POS-GRADUACAO, ENSINO, PESQUI;0487;CONCESSAO DE BOLSAS DE ESTUDO NO ENSINO SUPERIOR;0002;CONCESSAO DE BOLSAS DE ESTUDOS NO PAIS;12364203204870001;087493;OCCCUO9414N;BF SUPERIOR - PROAP;90;APLICACOES DIRETAS;3;DESPESAS CORRENTES;3;OUTRAS DESPESAS CORRENTES;30;MATERIAL DE CONSUMO;339030;MATERIAL DE CONSUMO;12;RECURSOS DEST.A MANUT.E DES.DO ENSINO;;;;;29,929.16;7,482.29;7,067.16;7,067.16
2015;150148;UTFPR - CAMPUS LONDRINA;12;EDUCACAO;364;ENSINO SUPERIOR;2032;EDUCACAO SUPERIOR - GRADUACAO, POS-GRADUACAO, ENSINO, PESQUI;0487;CONCESSAO DE BOLSAS DE ESTUDO NO ENSINO SUPERIOR;0002;CONCESSAO DE BOLSAS DE ESTUDOS NO PAIS;12364203204870001;087493;OCCCUO9414N;BF SUPERIOR - PROAP;90;APLICACOES DIRETAS;3;DESPESAS CORRENTES;3;OUTRAS DESPESAS CORRENTES;39;OUTROS SERVICOS DE TERCEIROS PJ - OP.INT.ORC.;339039;OUTROS SERVICOS DE TERCEIROS - PESSOA JURIDICA;12;RECURSOS DEST.A MANUT.E DES.DO ENSINO;;;;;2,000.00;500.00;;
2015;150150;UTFPR - CAMPUS TOLEDO;12;EDUCACAO;364;ENSINO SUPERIOR;2032;EDUCACAO SUPERIOR - GRADUACAO, POS-GRADUACAO, ENSINO, PESQUI;0487;CONCESSAO DE BOLSAS DE ESTUDO NO ENSINO SUPERIOR;0002;CONCESSAO DE BOLSAS DE ESTUDOS NO PAIS;12364203204870001;087493;OCCCUO9414N;BF SUPERIOR - PROAP;90;APLICACOES DIRETAS;3;DESPESAS CORRENTES;3;OUTRAS DESPESAS CORRENTES;30;MATERIAL DE CONSUMO;339030;MATERIAL DE CONSUMO;12;RECURSOS DEST.A MANUT.E DES.DO ENSINO;;;;;24,639.88;4,791.17;12,248.15;10,221.55
2015;150150;UTFPR - CAMPUS TOLEDO;12;EDUCACAO;364;ENSINO SUPERIOR;2032;EDUCACAO SUPERIOR - GRADUACAO, POS-GRADUACAO, ENSINO, PESQUI;0487;CONCESSAO DE BOLSAS DE ESTUDO NO ENSINO SUPERIOR;0002;CONCESSAO DE BOLSAS DE ESTUDOS NO PAIS;12364203204870001;087493;OCCCUO9414N;BF SUPERIOR - PROAP;90;APLICACOES DIRETAS;3;DESPESAS CORRENTES;3;OUTRAS DESPESAS CORRENTES;33;PASSAGENS E DESPESAS COM LOCOMOCAO;339033;PASSAGENS E DESPESAS COM LOCOMOCAO;12;RECURSOS DEST.A MANUT.E DES.DO ENSINO;;;;;0.00;0.00;;
2015;150154;CENTRO DE EDUCACAO E SAUDE DA UFCG;12;EDUCACAO;364;ENSINO SUPERIOR;2032;EDUCACAO SUPERIOR - GRADUACAO, POS-GRADUACAO, ENSINO, PESQUI;0487;CONCESSAO DE BOLSAS DE ESTUDO NO ENSINO SUPERIOR;0002;CONCESSAO DE BOLSAS DE ESTUDOS NO PAIS;12364203204870001;087493;OCCCUO9414N;BF SUPERIOR - PROAP;90;APLICACOES DIRETAS;3;DESPESAS CORRENTES;3;OUTRAS DESPESAS CORRENTES;14;DIARIAS - PESSOAL CIVIL;339014;DIARIAS - PESSOAL CIVIL;12;RECURSOS DEST.A MANUT.E DES.DO ENSINO;;;;;15,334.65;9,995.95;5,338.70;3,797.85
2015;150154;CENTRO DE EDUCACAO E SAUDE DA UFCG;12;EDUCACAO;364;ENSINO SUPERIOR;2032;EDUCACAO SUPERIOR - GRADUACAO, POS-GRADUACAO, ENSINO, PESQUI;0487;CONCESSAO DE BOLSAS DE ESTUDO NO ENSINO SUPERIOR;0002;CONCESSAO DE BOLSAS DE ESTUDOS NO PAIS;12364203204870001;087493;OCCCUO9414N;BF SUPERIOR - PROAP;90;APLICACOES DIRETAS;3;DESPESAS CORRENTES;3;OUTRAS DESPESAS CORRENTES;36;OUTROS SERVICOS DE TERCEIROS - P.FISICA;339036;OUTROS SERVICOS DE TERCEIROS - PESSOA FISICA;12;RECURSOS DEST.A MANUT.E DES.DO ENSINO;;;;;6,889.50;3,438.00;3,451.50;796.50
2015;152370;CENTRO DE APOIO A EDUCACAO A DISTANCIA/UFMG;12;EDUCACAO;368;EDUCACAO BASICA;2030;EDUCACAO BASICA;20RJ;APOIO A CAPACITACAO E FORMACAO INICIAL E CONTINUADA PARA A E;0004;EDUCACAO BASICA A DISTANCIA;12368203020RJ0001;087497;MCC62G22EDN;UAB - UAB TRADICIONAL;90;APLICACOES DIRETAS;3;DESPESAS CORRENTES;3;OUTRAS DESPESAS CORRENTES;39;OUTROS SERVICOS DE TERCEIROS PJ - OP.INT.ORC.;339039;OUTROS SERVICOS DE TERCEIROS - PESSOA JURIDICA;08;FUNDO SOCIAL-PARC.DEST.EDUCACAO PUBL.E SAUDE;;;;;1,738,996.00;695,598.40;;
2015;153010;CENTRO FED.DE EDUC.TECNOL.CELSO S.DA FONSECA;12;EDUCACAO;364;ENSINO SUPERIOR;2032;EDUCACAO SUPERIOR - GRADUACAO, POS-GRADUACAO, ENSINO, PESQUI;0487;CONCESSAO DE BOLSAS DE ESTUDO NO ENSINO SUPERIOR;0002;CONCESSAO DE BOLSAS DE ESTUDOS NO PAIS;12364203204870001;087493;OCCCUO9414N;BF SUPERIOR - PROAP;90;APLICACOES DIRETAS;3;DESPESAS CORRENTES;3;OUTRAS DESPESAS CORRENTES;14;DIARIAS - PESSOAL CIVIL;339014;DIARIAS - PESSOAL CIVIL;12;RECURSOS DEST.A MANUT.E DES.DO ENSINO;;;;;73,371.39;35,815.98;37,555.41;33,562.46
2015;153010;CENTRO FED.DE EDUC.TECNOL.CELSO S.DA FONSECA;12;EDUCACAO;364;ENSINO SUPERIOR;2032;EDUCACAO SUPERIOR - GRADUACAO, POS-GRADUACAO, ENSINO, PESQUI;0487;CONCESSAO DE BOLSAS DE ESTUDO NO ENSINO SUPERIOR;0002;CONCESSAO DE BOLSAS DE ESTUDOS NO PAIS;12364203204870001;087493;OCCCUO9414N;BF SUPERIOR - PROAP;90;APLICACOES DIRETAS;3;DESPESAS CORRENTES;3;OUTRAS DESPESAS CORRENTES;33;PASSAGENS E DESPESAS COM LOCOMOCAO;339033;PASSAGENS E DESPESAS COM LOCOMOCAO;12;RECURSOS DEST.A MANUT.E DES.DO ENSINO;;;;;112,475.00;50,929.79;52,695.39;10,459.68
2015;153010;CENTRO FED.DE EDUC.TECNOL.CELSO S.DA FONSECA;12;EDUCACAO;364;ENSINO SUPERIOR;2032;EDUCACAO SUPERIOR - GRADUACAO, POS-GRADUACAO, ENSINO, PESQUI;0487;CONCESSAO DE BOLSAS DE ESTUDO NO ENSINO SUPERIOR;0002;CONCESSAO DE BOLSAS DE ESTUDOS NO PAIS;12364203204870001;087493;OCCCUO9414N;BF SUPERIOR - PROAP;90;APLICACOES DIRETAS;3;DESPESAS CORRENTES;3;OUTRAS DESPESAS CORRENTES;36;OUTROS SERVICOS DE TERCEIROS - P.FISICA;339036;OUTROS SERVICOS DE TERCEIROS - PESSOA FISICA;12;RECURSOS DEST.A MANUT.E DES.DO ENSINO;;;;;77,952.20;35,114.70;42,837.50;41,408.50
2015;153010;CENTRO FED.DE EDUC.TECNOL.CELSO S.DA FONSECA;12;EDUCACAO;364;ENSINO SUPERIOR;2032;EDUCACAO SUPERIOR - GRADUACAO, POS-GRADUACAO, ENSINO, PESQUI;0487;CONCESSAO DE BOLSAS DE ESTUDO NO ENSINO SUPERIOR;0002;CONCESSAO DE BOLSAS DE ESTUDOS NO PAIS;12364203204870001;087493;OCCCUO9414N;BF SUPERIOR - PROAP;90;APLICACOES DIRETAS;3;DESPESAS CORRENTES;3;OUTRAS DESPESAS CORRENTES;39;OUTROS SERVICOS DE TERCEIROS PJ - OP.INT.ORC.;339039;OUTROS SERVICOS DE TERCEIROS - PESSOA JURIDICA;12;RECURSOS DEST.A MANUT.E DES.DO ENSINO;;;;1,365.00;73,555.00;32,060.00;3,620.00;1,520.00
2015;153015;CENTRO FEDERAL DE EDUCACAO TECNOLOGICA DE MG;12;EDUCACAO;364;ENSINO SUPERIOR;2032;EDUCACAO SUPERIOR - GRADUACAO, POS-GRADUACAO, ENSINO, PESQUI;0487;CONCESSAO DE BOLSAS DE ESTUDO NO ENSINO SUPERIOR;0002;CONCESSAO DE BOLSAS DE ESTUDOS NO PAIS;12364203204870001;087493;OCCCUO9414N;BF SUPERIOR - PROAP;90;APLICACOES DIRETAS;3;DESPESAS CORRENTES;3;OUTRAS DESPESAS CORRENTES;14;DIARIAS - PESSOAL CIVIL;339014;DIARIAS - PESSOAL CIVIL;12;RECURSOS DEST.A MANUT.E DES.DO ENSINO;;;;;29,145.06;5,348.97;23,796.09;21,986.19
2015;153015;CENTRO FEDERAL DE EDUCACAO TECNOLOGICA DE MG;12;EDUCACAO;364;ENSINO SUPERIOR;2032;EDUCACAO SUPERIOR - GRADUACAO, POS-GRADUACAO, ENSINO, PESQUI;0487;CONCESSAO DE BOLSAS DE ESTUDO NO ENSINO SUPERIOR;0002;CONCESSAO DE BOLSAS DE ESTUDOS NO PAIS;12364203204870001;087493;OCCCUO9414N;BF SUPERIOR - PROAP;90;APLICACOES DIRETAS;3;DESPESAS CORRENTES;3;OUTRAS DESPESAS CORRENTES;18;AUXILIO FINANCEIRO A ESTUDANTES;339018;AUXILIO FINANCEIRO A ESTUDANTES;12;RECURSOS DEST.A MANUT.E DES.DO ENSINO;;;;;493,444.58;73,496.44;419,948.14;367,910.67
2015;153015;CENTRO FEDERAL DE EDUCACAO TECNOLOGICA DE MG;12;EDUCACAO;364;ENSINO SUPERIOR;2032;EDUCACAO SUPERIOR - GRADUACAO, POS-GRADUACAO, ENSINO, PESQUI;0487;CONCESSAO DE BOLSAS DE ESTUDO NO ENSINO SUPERIOR;0002;CONCESSAO DE BOLSAS DE ESTUDOS NO PAIS;12364203204870001;087493;OCCCUO9414N;BF SUPERIOR - PROAP;90;APLICACOES DIRETAS;3;DESPESAS CORRENTES;3;OUTRAS DESPESAS CORRENTES;30;MATERIAL DE CONSUMO;339030;MATERIAL DE CONSUMO;12;RECURSOS DEST.A MANUT.E DES.DO ENSINO;;;;;0.00;0.00;;
2015;153015;CENTRO FEDERAL DE EDUCACAO TECNOLOGICA DE MG;12;EDUCACAO;364;ENSINO SUPERIOR;2032;EDUCACAO SUPERIOR - GRADUACAO, POS-GRADUACAO, ENSINO, PESQUI;0487;CONCESSAO DE BOLSAS DE ESTUDO NO ENSINO SUPERIOR;0002;CONCESSAO DE BOLSAS DE ESTUDOS NO PAIS;12364203204870001;087493;OCCCUO9414N;BF SUPERIOR - PROAP;90;APLICACOES DIRETAS;3;DESPESAS CORRENTES;3;OUTRAS DESPESAS CORRENTES;33;PASSAGENS E DESPESAS COM LOCOMOCAO;339033;PASSAGENS E DESPESAS COM LOCOMOCAO;12;RECURSOS DEST.A MANUT.E DES.DO ENSINO;;;;;47,914.01;23,895.33;24,018.68;11,114.01
2015;153015;CENTRO FEDERAL DE EDUCACAO TECNOLOGICA DE MG;12;EDUCACAO;364;ENSINO SUPERIOR;2032;EDUCACAO SUPERIOR - GRADUACAO, POS-GRADUACAO, ENSINO, PESQUI;0487;CONCESSAO DE BOLSAS DE ESTUDO NO ENSINO SUPERIOR;0002;CONCESSAO DE BOLSAS DE ESTUDOS NO PAIS;12364203204870001;087493;OCCCUO9414N;BF SUPERIOR - PROAP;90;APLICACOES DIRETAS;3;DESPESAS CORRENTES;3;OUTRAS DESPESAS CORRENTES;36;OUTROS SERVICOS DE TERCEIROS - P.FISICA;339036;OUTROS SERVICOS DE TERCEIROS - PESSOA FISICA;12;RECURSOS DEST.A MANUT.E DES.DO ENSINO;;;;;13,120.70;1,776.00;11,344.70;11,344.70
2015;153015;CENTRO FEDERAL DE EDUCACAO TECNOLOGICA DE MG;12;EDUCACAO;364;ENSINO SUPERIOR;2032;EDUCACAO SUPERIOR - GRADUACAO, POS-GRADUACAO, ENSINO, PESQUI;0487;CONCESSAO DE BOLSAS DE ESTUDO NO ENSINO SUPERIOR;0002;CONCESSAO DE BOLSAS DE ESTUDOS NO PAIS;12364203204870001;087493;OCCCUO9414N;BF SUPERIOR - PROAP;90;APLICACOES DIRETAS;3;DESPESAS CORRENTES;3;OUTRAS DESPESAS CORRENTES;93;INDENIZACOES E RESTITUICOES;339093;INDENIZACOES E RESTITUICOES;12;RECURSOS DEST.A MANUT.E DES.DO ENSINO;;;;;16,483.62;1,300.00;15,183.62;14,583.62
2015;153019;UNIVERSIDADE TECNOLOGICA FEDERAL DO PARANA;12;EDUCACAO;364;ENSINO SUPERIOR;2032;EDUCACAO SUPERIOR - GRADUACAO, POS-GRADUACAO, ENSINO, PESQUI;0487;CONCESSAO DE BOLSAS DE ESTUDO NO ENSINO SUPERIOR;0002;CONCESSAO DE BOLSAS DE ESTUDOS NO PAIS;12364203204870001;087493;OCCCUO9414N;BF SUPERIOR - PROAP;90;APLICACOES DIRETAS;3;DESPESAS CORRENTES;3;OUTRAS DESPESAS CORRENTES;14;DIARIAS - PESSOAL CIVIL;339014;DIARIAS - PESSOAL CIVIL;12;RECURSOS DEST.A MANUT.E DES.DO ENSINO;;;;;17,356.91;4,405.91;12,951.00;11,510.45
2015;153019;UNIVERSIDADE TECNOLOGICA FEDERAL DO PARANA;12;EDUCACAO;364;ENSINO SUPERIOR;2032;EDUCACAO SUPERIOR - GRADUACAO, POS-GRADUACAO, ENSINO, PESQUI;0487;CONCESSAO DE BOLSAS DE ESTUDO NO ENSINO SUPERIOR;0002;CONCESSAO DE BOLSAS DE ESTUDOS NO PAIS;12364203204870001;087493;OCCCUO9414N;BF SUPERIOR - PROAP;90;APLICACOES DIRETAS;3;DESPESAS CORRENTES;3;OUTRAS DESPESAS CORRENTES;33;PASSAGENS E DESPESAS COM LOCOMOCAO;339033;PASSAGENS E DESPESAS COM LOCOMOCAO;12;RECURSOS DEST.A MANUT.E DES.DO ENSINO;;;;;60,000.00;15,000.00;;
2015;153028;UNIVERSIDADE FEDERAL DE ALFENAS;12;EDUCACAO;364;ENSINO SUPERIOR;2032;EDUCACAO SUPERIOR - GRADUACAO, POS-GRADUACAO, ENSINO, PESQUI;0487;CONCESSAO DE BOLSAS DE ESTUDO NO ENSINO SUPERIOR;0002;CONCESSAO DE BOLSAS DE ESTUDOS NO PAIS;12364203204870001;087493;OCCCUO9414N;BF SUPERIOR - PROAP;90;APLICACOES DIRETAS;3;DESPESAS CORRENTES;3;OUTRAS DESPESAS CORRENTES;14;DIARIAS - PESSOAL CIVIL;339014;DIARIAS - PESSOAL CIVIL;12;RECURSOS DEST.A MANUT.E DES.DO ENSINO;;;;;152,256.06;38,856.95;113,399.11;112,100.41
2015;153028;UNIVERSIDADE FEDERAL DE ALFENAS;12;EDUCACAO;364;ENSINO SUPERIOR;2032;EDUCACAO SUPERIOR - GRADUACAO, POS-GRADUACAO, ENSINO, PESQUI;0487;CONCESSAO DE BOLSAS DE ESTUDO NO ENSINO SUPERIOR;0002;CONCESSAO DE BOLSAS DE ESTUDOS NO PAIS;12364203204870001;087493;OCCCUO9414N;BF SUPERIOR - PROAP;90;APLICACOES DIRETAS;3;DESPESAS CORRENTES;3;OUTRAS DESPESAS CORRENTES;20;AUXILIO FINANCEIRO A PESQUISADORES;339020;AUXILIO FINANCEIRO A PESQUISADORES;12;RECURSOS DEST.A MANUT.E DES.DO ENSINO;;;;;4,300.00;4,300.00;0.00;
2015;153028;UNIVERSIDADE FEDERAL DE ALFENAS;12;EDUCACAO;364;ENSINO SUPERIOR;2032;EDUCACAO SUPERIOR - GRADUACAO, POS-GRADUACAO, ENSINO, PESQUI;0487;CONCESSAO DE BOLSAS DE ESTUDO NO ENSINO SUPERIOR;0002;CONCESSAO DE BOLSAS DE ESTUDOS NO PAIS;12364203204870001;087493;OCCCUO9414N;BF SUPERIOR - PROAP;90;APLICACOES DIRETAS;3;DESPESAS CORRENTES;3;OUTRAS DESPESAS CORRENTES;30;MATERIAL DE CONSUMO;339030;MATERIAL DE CONSUMO;12;RECURSOS DEST.A MANUT.E DES.DO ENSINO;;;;;295,774.66;74,448.36;184,017.70;153,823.37
2015;153028;UNIVERSIDADE FEDERAL DE ALFENAS;12;EDUCACAO;364;ENSINO SUPERIOR;2032;EDUCACAO SUPERIOR - GRADUACAO, POS-GRADUACAO, ENSINO, PESQUI;0487;CONCESSAO DE BOLSAS DE ESTUDO NO ENSINO SUPERIOR;0002;CONCESSAO DE BOLSAS DE ESTUDOS NO PAIS;12364203204870001;087493;OCCCUO9414N;BF SUPERIOR - PROAP;90;APLICACOES DIRETAS;3;DESPESAS CORRENTES;3;OUTRAS DESPESAS CORRENTES;33;PASSAGENS E DESPESAS COM LOCOMOCAO;339033;PASSAGENS E DESPESAS COM LOCOMOCAO;12;RECURSOS DEST.A MANUT.E DES.DO ENSINO;;;;;15,500.00;15,500.00;;
2015;153028;UNIVERSIDADE FEDERAL DE ALFENAS;12;EDUCACAO;364;ENSINO SUPERIOR;2032;EDUCACAO SUPERIOR - GRADUACAO, POS-GRADUACAO, ENSINO, PESQUI;0487;CONCESSAO DE BOLSAS DE ESTUDO NO ENSINO SUPERIOR;0002;CONCESSAO DE BOLSAS DE ESTUDOS NO PAIS;12364203204870001;087493;OCCCUO9414N;BF SUPERIOR - PROAP;90;APLICACOES DIRETAS;3;DESPESAS CORRENTES;3;OUTRAS DESPESAS CORRENTES;36;OUTROS SERVICOS DE TERCEIROS - P.FISICA;339036;OUTROS SERVICOS DE TERCEIROS - PESSOA FISICA;12;RECURSOS DEST.A MANUT.E DES.DO ENSINO;;;;;60,207.80;21,767.90;38,439.90;37,364.90
2015;153028;UNIVERSIDADE FEDERAL DE ALFENAS;12;EDUCACAO;364;ENSINO SUPERIOR;2032;EDUCACAO SUPERIOR - GRADUACAO, POS-GRADUACAO, ENSINO, PESQUI;0487;CONCESSAO DE BOLSAS DE ESTUDO NO ENSINO SUPERIOR;0002;CONCESSAO DE BOLSAS DE ESTUDOS NO PAIS;12364203204870001;087493;OCCCUO9414N;BF SUPERIOR - PROAP;90;APLICACOES DIRETAS;3;DESPESAS CORRENTES;3;OUTRAS DESPESAS CORRENTES;39;OUTROS SERVICOS DE TERCEIROS PJ - OP.INT.ORC.;339039;OUTROS SERVICOS DE TERCEIROS - PESSOA JURIDICA;12;RECURSOS DEST.A MANUT.E DES.DO ENSINO;;;;;87,495.12;32,748.78;1,500.00;1,200.00
2015;153028;UNIVERSIDADE FEDERAL DE ALFENAS;12;EDUCACAO;364;ENSINO SUPERIOR;2032;EDUCACAO SUPERIOR - GRADUACAO, POS-GRADUACAO, ENSINO, PESQUI;0487;CONCESSAO DE BOLSAS DE ESTUDO NO ENSINO SUPERIOR;0002;CONCESSAO DE BOLSAS DE ESTUDOS NO PAIS;12364203204870001;087493;OCCCUO9414N;BF SUPERIOR - PROAP;90;APLICACOES DIRETAS;3;DESPESAS CORRENTES;3;OUTRAS DESPESAS CORRENTES;93;INDENIZACOES E RESTITUICOES;339093;INDENIZACOES E RESTITUICOES;12;RECURSOS DEST.A MANUT.E DES.DO ENSINO;;;;;109,950.14;59,183.95;50,766.19;40,897.93
2015;153028;UNIVERSIDADE FEDERAL DE ALFENAS;12;EDUCACAO;368;EDUCACAO BASICA;2030;EDUCACAO BASICA;20RJ;APOIO A CAPACITACAO E FORMACAO INICIAL E CONTINUADA PARA A E;0004;EDUCACAO BASICA A DISTANCIA;12368203020RJ0001;087497;MCC62G22EDN;UAB - UAB TRADICIONAL;90;APLICACOES DIRETAS;3;DESPESAS CORRENTES;3;OUTRAS DESPESAS CORRENTES;14;DIARIAS - PESSOAL CIVIL;339014;DIARIAS - PESSOAL CIVIL;08;FUNDO SOCIAL-PARC.DEST.EDUCACAO PUBL.E SAUDE;;;;;237,827.32;211,697.93;26,129.39;25,421.39
2015;153028;UNIVERSIDADE FEDERAL DE ALFENAS;12;EDUCACAO;368;EDUCACAO BASICA;2030;EDUCACAO BASICA;20RJ;APOIO A CAPACITACAO E FORMACAO INICIAL E CONTINUADA PARA A E;0004;EDUCACAO BASICA A DISTANCIA;12368203020RJ0001;087497;MCC62G22EDN;UAB - UAB TRADICIONAL;90;APLICACOES DIRETAS;3;DESPESAS CORRENTES;3;OUTRAS DESPESAS CORRENTES;36;OUTROS SERVICOS DE TERCEIROS - P.FISICA;339036;OUTROS SERVICOS DE TERCEIROS - PESSOA FISICA;08;FUNDO SOCIAL-PARC.DEST.EDUCACAO PUBL.E SAUDE;;;;;250,949.00;206,855.50;44,093.50;42,943.00
2015;153028;UNIVERSIDADE FEDERAL DE ALFENAS;12;EDUCACAO;368;EDUCACAO BASICA;2030;EDUCACAO BASICA;20RJ;APOIO A CAPACITACAO E FORMACAO INICIAL E CONTINUADA PARA A E;0004;EDUCACAO BASICA A DISTANCIA;12368203020RJ0001;087497;MCC62G22EDN;UAB - UAB TRADICIONAL;90;APLICACOES DIRETAS;3;DESPESAS CORRENTES;3;OUTRAS DESPESAS CORRENTES;37;LOCACAO DE MAO-DE-OBRA;339037;LOCACAO DE MAO-DE-OBRA;08;FUNDO SOCIAL-PARC.DEST.EDUCACAO PUBL.E SAUDE;;;;;559,093.08;121,259.64;165,496.29;148,787.16
2015;153028;UNIVERSIDADE FEDERAL DE ALFENAS;12;EDUCACAO;368;EDUCACAO BASICA;2030;EDUCACAO BASICA;20RJ;APOIO A CAPACITACAO E FORMACAO INICIAL E CONTINUADA PARA A E;0004;EDUCACAO BASICA A DISTANCIA;12368203020RJ0001;087497;MCC62G22EDN;UAB - UAB TRADICIONAL;90;APLICACOES DIRETAS;3;DESPESAS CORRENTES;3;OUTRAS DESPESAS CORRENTES;39;OUTROS SERVICOS DE TERCEIROS PJ - OP.INT.ORC.;339039;OUTROS SERVICOS DE TERCEIROS - PESSOA JURIDICA;08;FUNDO SOCIAL-PARC.DEST.EDUCACAO PUBL.E SAUDE;;;;;80,480.00;38,240.00;;
2015;153029;UTFPR - CAMPUS MEDIANEIRA;12;EDUCACAO;364;ENSINO SUPERIOR;2032;EDUCACAO SUPERIOR - GRADUACAO, POS-GRADUACAO, ENSINO, PESQUI;0487;CONCESSAO DE BOLSAS DE ESTUDO NO ENSINO SUPERIOR;0002;CONCESSAO DE BOLSAS DE ESTUDOS NO PAIS;12364203204870001;087493;OCCCUO9414N;BF SUPERIOR - PROAP;90;APLICACOES DIRETAS;3;DESPESAS CORRENTES;3;OUTRAS DESPESAS CORRENTES;14;DIARIAS - PESSOAL CIVIL;339014;DIARIAS - PESSOAL CIVIL;12;RECURSOS DEST.A MANUT.E DES.DO ENSINO;;;;;22,607.60;16,650.35;5,957.25;4,676.85
2015;153029;UTFPR - CAMPUS MEDIANEIRA;12;EDUCACAO;364;ENSINO SUPERIOR;2032;EDUCACAO SUPERIOR - GRADUACAO, POS-GRADUACAO, ENSINO, PESQUI;0487;CONCESSAO DE BOLSAS DE ESTUDO NO ENSINO SUPERIOR;0002;CONCESSAO DE BOLSAS DE ESTUDOS NO PAIS;12364203204870001;087493;OCCCUO9414N;BF SUPERIOR - PROAP;90;APLICACOES DIRETAS;3;DESPESAS CORRENTES;3;OUTRAS DESPESAS CORRENTES;30;MATERIAL DE CONSUMO;339030;MATERIAL DE CONSUMO;12;RECURSOS DEST.A MANUT.E DES.DO ENSINO;;;;;82,411.50;32,099.20;4,967.60;4,938.60
2015;153029;UTFPR - CAMPUS MEDIANEIRA;12;EDUCACAO;364;ENSINO SUPERIOR;2032;EDUCACAO SUPERIOR - GRADUACAO, POS-GRADUACAO, ENSINO, PESQUI;0487;CONCESSAO DE BOLSAS DE ESTUDO NO ENSINO SUPERIOR;0002;CONCESSAO DE BOLSAS DE ESTUDOS NO PAIS;12364203204870001;087493;OCCCUO9414N;BF SUPERIOR - PROAP;90;APLICACOES DIRETAS;3;DESPESAS CORRENTES;3;OUTRAS DESPESAS CORRENTES;33;PASSAGENS E DESPESAS COM LOCOMOCAO;339033;PASSAGENS E DESPESAS COM LOCOMOCAO;12;RECURSOS DEST.A MANUT.E DES.DO ENSINO;;;;;6,090.00;2,436.00;0.00;
2015;153029;UTFPR - CAMPUS MEDIANEIRA;12;EDUCACAO;364;ENSINO SUPERIOR;2032;EDUCACAO SUPERIOR - GRADUACAO, POS-GRADUACAO, ENSINO, PESQUI;0487;CONCESSAO DE BOLSAS DE ESTUDO NO ENSINO SUPERIOR;0002;CONCESSAO DE BOLSAS DE ESTUDOS NO PAIS;12364203204870001;087493;OCCCUO9414N;BF SUPERIOR - PROAP;90;APLICACOES DIRETAS;3;DESPESAS CORRENTES;3;OUTRAS DESPESAS CORRENTES;39;OUTROS SERVICOS DE TERCEIROS PJ - OP.INT.ORC.;339039;OUTROS SERVICOS DE TERCEIROS - PESSOA JURIDICA;12;RECURSOS DEST.A MANUT.E DES.DO ENSINO;;;;;8,910.00;3,564.00;;
2015;153029;UTFPR - CAMPUS MEDIANEIRA;12;EDUCACAO;364;ENSINO SUPERIOR;2032;EDUCACAO SUPERIOR - GRADUACAO, POS-GRADUACAO, ENSINO, PESQUI;0487;CONCESSAO DE BOLSAS DE ESTUDO NO ENSINO SUPERIOR;0002;CONCESSAO DE BOLSAS DE ESTUDOS NO PAIS;12364203204870001;087493;OCCCUO9414N;BF SUPERIOR - PROAP;90;APLICACOES DIRETAS;3;DESPESAS CORRENTES;3;OUTRAS DESPESAS CORRENTES;93;INDENIZACOES E RESTITUICOES;339093;INDENIZACOES E RESTITUICOES;12;RECURSOS DEST.A MANUT.E DES.DO ENSINO;;;;;1,002.00;0.00;1,002.00;1,002.00
2015;153029;UTFPR - CAMPUS MEDIANEIRA;12;EDUCACAO;368;EDUCACAO BASICA;2030;EDUCACAO BASICA;20RJ;APOIO A CAPACITACAO E FORMACAO INICIAL E CONTINUADA PARA A E;0004;EDUCACAO BASICA A DISTANCIA;12368203020RJ0001;087497;MCC62G22EDN;UAB - UAB TRADICIONAL;90;APLICACOES DIRETAS;3;DESPESAS CORRENTES;3;OUTRAS DESPESAS CORRENTES;14;DIARIAS - PESSOAL CIVIL;339014;DIARIAS - PESSOAL CIVIL;08;FUNDO SOCIAL-PARC.DEST.EDUCACAO PUBL.E SAUDE;;;;;210,163.51;108,288.18;101,875.33;91,869.03
2015;153029;UTFPR - CAMPUS MEDIANEIRA;12;EDUCACAO;368;EDUCACAO BASICA;2030;EDUCACAO BASICA;20RJ;APOIO A CAPACITACAO E FORMACAO INICIAL E CONTINUADA PARA A E;0004;EDUCACAO BASICA A DISTANCIA;12368203020RJ0001;087497;MCC62G22EDN;UAB - UAB TRADICIONAL;90;APLICACOES DIRETAS;3;DESPESAS CORRENTES;3;OUTRAS DESPESAS CORRENTES;33;PASSAGENS E DESPESAS COM LOCOMOCAO;339033;PASSAGENS E DESPESAS COM LOCOMOCAO;08;FUNDO SOCIAL-PARC.DEST.EDUCACAO PUBL.E SAUDE;;;;;209,000.00;106,195.58;102,804.42;97,611.24
2015;153029;UTFPR - CAMPUS MEDIANEIRA;12;EDUCACAO;368;EDUCACAO BASICA;2030;EDUCACAO BASICA;20RJ;APOIO A CAPACITACAO E FORMACAO INICIAL E CONTINUADA PARA A E;0004;EDUCACAO BASICA A DISTANCIA;12368203020RJ0001;087497;MCC62G22EDN;UAB - UAB TRADICIONAL;90;APLICACOES DIRETAS;3;DESPESAS CORRENTES;3;OUTRAS DESPESAS CORRENTES;36;OUTROS SERVICOS DE TERCEIROS - P.FISICA;339036;OUTROS SERVICOS DE TERCEIROS - PESSOA FISICA;08;FUNDO SOCIAL-PARC.DEST.EDUCACAO PUBL.E SAUDE;;;;;66,776.70;22,001.53;44,775.17;43,972.17
2015;153029;UTFPR - CAMPUS MEDIANEIRA;12;EDUCACAO;368;EDUCACAO BASICA;2030;EDUCACAO BASICA;20RJ;APOIO A CAPACITACAO E FORMACAO INICIAL E CONTINUADA PARA A E;0004;EDUCACAO BASICA A DISTANCIA;12368203020RJ0001;087497;MCC62G22EDN;UAB - UAB TRADICIONAL;90;APLICACOES DIRETAS;3;DESPESAS CORRENTES;3;OUTRAS DESPESAS CORRENTES;39;OUTROS SERVICOS DE TERCEIROS PJ - OP.INT.ORC.;339039;OUTROS SERVICOS DE TERCEIROS - PESSOA JURIDICA;08;FUNDO SOCIAL-PARC.DEST.EDUCACAO PUBL.E SAUDE;;;;;162,000.00;41,000.00;100,000.00;100,000.00
2015;153030;UNIVERSIDADE FEDERAL DE ITAJUBA;12;EDUCACAO;364;ENSINO SUPERIOR;2032;EDUCACAO SUPERIOR - GRADUACAO, POS-GRADUACAO, ENSINO, PESQUI;0487;CONCESSAO DE BOLSAS DE ESTUDO NO ENSINO SUPERIOR;0002;CONCESSAO DE BOLSAS DE ESTUDOS NO PAIS;12364203204870001;087493;OCCCUO9414N;BF SUPERIOR - PROAP;90;APLICACOES DIRETAS;3;DESPESAS CORRENTES;3;OUTRAS DESPESAS CORRENTES;14;DIARIAS - PESSOAL CIVIL;339014;DIARIAS - PESSOAL CIVIL;12;RECURSOS DEST.A MANUT.E DES.DO ENSINO;;;;;618,521.02;266,802.32;351,718.70;308,198.14
2015;153030;UNIVERSIDADE FEDERAL DE ITAJUBA;12;EDUCACAO;364;ENSINO SUPERIOR;2032;EDUCACAO SUPERIOR - GRADUACAO, POS-GRADUACAO, ENSINO, PESQUI;0487;CONCESSAO DE BOLSAS DE ESTUDO NO ENSINO SUPERIOR;0002;CONCESSAO DE BOLSAS DE ESTUDOS NO PAIS;12364203204870001;087493;OCCCUO9414N;BF SUPERIOR - PROAP;90;APLICACOES DIRETAS;3;DESPESAS CORRENTES;3;OUTRAS DESPESAS CORRENTES;18;AUXILIO FINANCEIRO A ESTUDANTES;339018;AUXILIO FINANCEIRO A ESTUDANTES;12;RECURSOS DEST.A MANUT.E DES.DO ENSINO;;;;;1,288,766.34;634,859.36;652,106.98;566,559.20
2015;153030;UNIVERSIDADE FEDERAL DE ITAJUBA;12;EDUCACAO;364;ENSINO SUPERIOR;2032;EDUCACAO SUPERIOR - GRADUACAO, POS-GRADUACAO, ENSINO, PESQUI;0487;CONCESSAO DE BOLSAS DE ESTUDO NO ENSINO SUPERIOR;0002;CONCESSAO DE BOLSAS DE ESTUDOS NO PAIS;12364203204870001;087493;OCCCUO9414N;BF SUPERIOR - PROAP;90;APLICACOES DIRETAS;3;DESPESAS CORRENTES;3;OUTRAS DESPESAS CORRENTES;20;AUXILIO FINANCEIRO A PESQUISADORES;339020;AUXILIO FINANCEIRO A PESQUISADORES;12;RECURSOS DEST.A MANUT.E DES.DO ENSINO;;;;;152,250.35;84,854.63;67,395.72;57,169.05
2015;153030;UNIVERSIDADE FEDERAL DE ITAJUBA;12;EDUCACAO;364;ENSINO SUPERIOR;2032;EDUCACAO SUPERIOR - GRADUACAO, POS-GRADUACAO, ENSINO, PESQUI;0487;CONCESSAO DE BOLSAS DE ESTUDO NO ENSINO SUPERIOR;0002;CONCESSAO DE BOLSAS DE ESTUDOS NO PAIS;12364203204870001;087493;OCCCUO9414N;BF SUPERIOR - PROAP;90;APLICACOES DIRETAS;3;DESPESAS CORRENTES;3;OUTRAS DESPESAS CORRENTES;30;MATERIAL DE CONSUMO;339030;MATERIAL DE CONSUMO;12;RECURSOS DEST.A MANUT.E DES.DO ENSINO;;;;;172,478.00;83,053.00;89,425.00;88,832.00
2015;153030;UNIVERSIDADE FEDERAL DE ITAJUBA;12;EDUCACAO;364;ENSINO SUPERIOR;2032;EDUCACAO SUPERIOR - GRADUACAO, POS-GRADUACAO, ENSINO, PESQUI;0487;CONCESSAO DE BOLSAS DE ESTUDO NO ENSINO SUPERIOR;0002;CONCESSAO DE BOLSAS DE ESTUDOS NO PAIS;12364203204870001;087493;OCCCUO9414N;BF SUPERIOR - PROAP;90;APLICACOES DIRETAS;3;DESPESAS CORRENTES;3;OUTRAS DESPESAS CORRENTES;33;PASSAGENS E DESPESAS COM LOCOMOCAO;339033;PASSAGENS E DESPESAS COM LOCOMOCAO;12;RECURSOS DEST.A MANUT.E DES.DO ENSINO;;;;;601,145.60;368,883.33;229,893.56;192,598.71
2015;153030;UNIVERSIDADE FEDERAL DE ITAJUBA;12;EDUCACAO;364;ENSINO SUPERIOR;2032;EDUCACAO SUPERIOR - GRADUACAO, POS-GRADUACAO, ENSINO, PESQUI;0487;CONCESSAO DE BOLSAS DE ESTUDO NO ENSINO SUPERIOR;0002;CONCESSAO DE BOLSAS DE ESTUDOS NO PAIS;12364203204870001;087493;OCCCUO9414N;BF SUPERIOR - PROAP;90;APLICACOES DIRETAS;3;DESPESAS CORRENTES;3;OUTRAS DESPESAS CORRENTES;36;OUTROS SERVICOS DE TERCEIROS - P.FISICA;339036;OUTROS SERVICOS DE TERCEIROS - PESSOA FISICA;12;RECURSOS DEST.A MANUT.E DES.DO ENSINO;;;;;38,130.00;32,673.00;5,457.00;4,382.00
2015;153030;UNIVERSIDADE FEDERAL DE ITAJUBA;12;EDUCACAO;364;ENSINO SUPERIOR;2032;EDUCACAO SUPERIOR - GRADUACAO, POS-GRADUACAO, ENSINO, PESQUI;0487;CONCESSAO DE BOLSAS DE ESTUDO NO ENSINO SUPERIOR;0002;CONCESSAO DE BOLSAS DE ESTUDOS NO PAIS;12364203204870001;087493;OCCCUO9414N;BF SUPERIOR - PROAP;90;APLICACOES DIRETAS;3;DESPESAS CORRENTES;3;OUTRAS DESPESAS CORRENTES;39;OUTROS SERVICOS DE TERCEIROS PJ - OP.INT.ORC.;339039;OUTROS SERVICOS DE TERCEIROS - PESSOA JURIDICA;12;RECURSOS DEST.A MANUT.E DES.DO ENSINO;;;;;191,064.64;7,506.85;183,557.79;167,497.74
2015;153030;UNIVERSIDADE FEDERAL DE ITAJUBA;12;EDUCACAO;364;ENSINO SUPERIOR;2032;EDUCACAO SUPERIOR - GRADUACAO, POS-GRADUACAO, ENSINO, PESQUI;0487;CONCESSAO DE BOLSAS DE ESTUDO NO ENSINO SUPERIOR;0002;CONCESSAO DE BOLSAS DE ESTUDOS NO PAIS;12364203204870001;087493;OCCCUO9414N;BF SUPERIOR - PROAP;90;APLICACOES DIRETAS;3;DESPESAS CORRENTES;3;OUTRAS DESPESAS CORRENTES;93;INDENIZACOES E RESTITUICOES;339093;INDENIZACOES E RESTITUICOES;12;RECURSOS DEST.A MANUT.E DES.DO ENSINO;;;;;29,690.50;9,000.00;20,690.50;18,543.45
2015;153030;UNIVERSIDADE FEDERAL DE ITAJUBA;12;EDUCACAO;368;EDUCACAO BASICA;2030;EDUCACAO BASICA;20RJ;APOIO A CAPACITACAO E FORMACAO INICIAL E CONTINUADA PARA A E;0004;EDUCACAO BASICA A DISTANCIA;12368203020RJ0001;087497;MCC62G22EDN;UAB - UAB TRADICIONAL;90;APLICACOES DIRETAS;3;DESPESAS CORRENTES;3;OUTRAS DESPESAS CORRENTES;14;DIARIAS - PESSOAL CIVIL;339014;DIARIAS - PESSOAL CIVIL;08;FUNDO SOCIAL-PARC.DEST.EDUCACAO PUBL.E SAUDE;;;;;277,689.93;138,837.62;138,852.31;120,179.51
2015;153030;UNIVERSIDADE FEDERAL DE ITAJUBA;12;EDUCACAO;368;EDUCACAO BASICA;2030;EDUCACAO BASICA;20RJ;APOIO A CAPACITACAO E FORMACAO INICIAL E CONTINUADA PARA A E;0004;EDUCACAO BASICA A DISTANCIA;12368203020RJ0001;087497;MCC62G22EDN;UAB - UAB TRADICIONAL;90;APLICACOES DIRETAS;3;DESPESAS CORRENTES;3;OUTRAS DESPESAS CORRENTES;33;PASSAGENS E DESPESAS COM LOCOMOCAO;339033;PASSAGENS E DESPESAS COM LOCOMOCAO;08;FUNDO SOCIAL-PARC.DEST.EDUCACAO PUBL.E SAUDE;;;;;279,038.60;162,864.44;108,816.06;80,457.56
2015;153030;UNIVERSIDADE FEDERAL DE ITAJUBA;12;EDUCACAO;368;EDUCACAO BASICA;2030;EDUCACAO BASICA;20RJ;APOIO A CAPACITACAO E FORMACAO INICIAL E CONTINUADA PARA A E;0004;EDUCACAO BASICA A DISTANCIA;12368203020RJ0001;087497;MCC62G22EDN;UAB - UAB TRADICIONAL;90;APLICACOES DIRETAS;3;DESPESAS CORRENTES;3;OUTRAS DESPESAS CORRENTES;36;OUTROS SERVICOS DE TERCEIROS - P.FISICA;339036;OUTROS SERVICOS DE TERCEIROS - PESSOA FISICA;08;FUNDO SOCIAL-PARC.DEST.EDUCACAO PUBL.E SAUDE;;;;;206,494.50;172,983.00;33,511.50;28,719.50
2015;153030;UNIVERSIDADE FEDERAL DE ITAJUBA;12;EDUCACAO;368;EDUCACAO BASICA;2030;EDUCACAO BASICA;20RJ;APOIO A CAPACITACAO E FORMACAO INICIAL E CONTINUADA PARA A E;0004;EDUCACAO BASICA A DISTANCIA;12368203020RJ0001;087497;MCC62G22EDN;UAB - UAB TRADICIONAL;90;APLICACOES DIRETAS;3;DESPESAS CORRENTES;3;OUTRAS DESPESAS CORRENTES;39;OUTROS SERVICOS DE TERCEIROS PJ - OP.INT.ORC.;339039;OUTROS SERVICOS DE TERCEIROS - PESSOA JURIDICA;08;FUNDO SOCIAL-PARC.DEST.EDUCACAO PUBL.E SAUDE;;;;;714,042.52;176,998.72;22,308.75;19,894.11
2015;153031;UNIFESP-UNIVERSIDADE FEDERAL DE SAO PAULO;12;EDUCACAO;364;ENSINO SUPERIOR;2032;EDUCACAO SUPERIOR - GRADUACAO, POS-GRADUACAO, ENSINO, PESQUI;0487;CONCESSAO DE BOLSAS DE ESTUDO NO ENSINO SUPERIOR;0002;CONCESSAO DE BOLSAS DE ESTUDOS NO PAIS;12364203204870001;087493;OCCCUO9414N;BF SUPERIOR - PROAP;90;APLICACOES DIRETAS;3;DESPESAS CORRENTES;3;OUTRAS DESPESAS CORRENTES;14;DIARIAS - PESSOAL CIVIL;339014;DIARIAS - PESSOAL CIVIL;12;RECURSOS DEST.A MANUT.E DES.DO ENSINO;;;;;408,459.36;180,828.96;227,630.40;224,616.30
2015;153031;UNIFESP-UNIVERSIDADE FEDERAL DE SAO PAULO;12;EDUCACAO;364;ENSINO SUPERIOR;2032;EDUCACAO SUPERIOR - GRADUACAO, POS-GRADUACAO, ENSINO, PESQUI;0487;CONCESSAO DE BOLSAS DE ESTUDO NO ENSINO SUPERIOR;0002;CONCESSAO DE BOLSAS DE ESTUDOS NO PAIS;12364203204870001;087493;OCCCUO9414N;BF SUPERIOR - PROAP;90;APLICACOES DIRETAS;3;DESPESAS CORRENTES;3;OUTRAS DESPESAS CORRENTES;30;MATERIAL DE CONSUMO;339030;MATERIAL DE CONSUMO;12;RECURSOS DEST.A MANUT.E DES.DO ENSINO;;;;;3,288,105.68;1,141,544.30;1,513,680.00;1,415,840.08
2015;153031;UNIFESP-UNIVERSIDADE FEDERAL DE SAO PAULO;12;EDUCACAO;364;ENSINO SUPERIOR;2032;EDUCACAO SUPERIOR - GRADUACAO, POS-GRADUACAO, ENSINO, PESQUI;0487;CONCESSAO DE BOLSAS DE ESTUDO NO ENSINO SUPERIOR;0002;CONCESSAO DE BOLSAS DE ESTUDOS NO PAIS;12364203204870001;087493;OCCCUO9414N;BF SUPERIOR - PROAP;90;APLICACOES DIRETAS;3;DESPESAS CORRENTES;3;OUTRAS DESPESAS CORRENTES;33;PASSAGENS E DESPESAS COM LOCOMOCAO;339033;PASSAGENS E DESPESAS COM LOCOMOCAO;12;RECURSOS DEST.A MANUT.E DES.DO ENSINO;;;;;725,917.23;469,698.28;129,679.79;102,359.81
2015;153031;UNIFESP-UNIVERSIDADE FEDERAL DE SAO PAULO;12;EDUCACAO;364;ENSINO SUPERIOR;2032;EDUCACAO SUPERIOR - GRADUACAO, POS-GRADUACAO, ENSINO, PESQUI;0487;CONCESSAO DE BOLSAS DE ESTUDO NO ENSINO SUPERIOR;0002;CONCESSAO DE BOLSAS DE ESTUDOS NO PAIS;12364203204870001;087493;OCCCUO9414N;BF SUPERIOR - PROAP;90;APLICACOES DIRETAS;3;DESPESAS CORRENTES;3;OUTRAS DESPESAS CORRENTES;36;OUTROS SERVICOS DE TERCEIROS - P.FISICA;339036;OUTROS SERVICOS DE TERCEIROS - PESSOA FISICA;12;RECURSOS DEST.A MANUT.E DES.DO ENSINO;;;;;644,298.14;274,452.82;368,978.02;359,512.62
2015;153031;UNIFESP-UNIVERSIDADE FEDERAL DE SAO PAULO;12;EDUCACAO;364;ENSINO SUPERIOR;2032;EDUCACAO SUPERIOR - GRADUACAO, POS-GRADUACAO, ENSINO, PESQUI;0487;CONCESSAO DE BOLSAS DE ESTUDO NO ENSINO SUPERIOR;0002;CONCESSAO DE BOLSAS DE ESTUDOS NO PAIS;12364203204870001;087493;OCCCUO9414N;BF SUPERIOR - PROAP;90;APLICACOES DIRETAS;3;DESPESAS CORRENTES;3;OUTRAS DESPESAS CORRENTES;39;OUTROS SERVICOS DE TERCEIROS PJ - OP.INT.ORC.;339039;OUTROS SERVICOS DE TERCEIROS - PESSOA JURIDICA;12;RECURSOS DEST.A MANUT.E DES.DO ENSINO;;;;;610,185.86;180,606.44;203,349.78;179,825.78
2015;153031;UNIFESP-UNIVERSIDADE FEDERAL DE SAO PAULO;12;EDUCACAO;364;ENSINO SUPERIOR;2032;EDUCACAO SUPERIOR - GRADUACAO, POS-GRADUACAO, ENSINO, PESQUI;0487;CONCESSAO DE BOLSAS DE ESTUDO NO ENSINO SUPERIOR;0002;CONCESSAO DE BOLSAS DE ESTUDOS NO PAIS;12364203204870001;087493;OCCCUO9414N;BF SUPERIOR - PROAP;91;APLICACOES DIRETAS - OPERACOES INTERNAS;3;DESPESAS CORRENTES;3;OUTRAS DESPESAS CORRENTES;39;OUTROS SERVICOS DE TERCEIROS PJ - OP.INT.ORC.;339139;OUTROS SERVICOS DE TERCEIROS - PESSOA JURIDICA (INTRA);12;RECURSOS DEST.A MANUT.E DES.DO ENSINO;;;;;1,200.00;0.00;1,200.00;1,000.00
2015;153031;UNIFESP-UNIVERSIDADE FEDERAL DE SAO PAULO;12;EDUCACAO;368;EDUCACAO BASICA;2030;EDUCACAO BASICA;20RJ;APOIO A CAPACITACAO E FORMACAO INICIAL E CONTINUADA PARA A E;0004;EDUCACAO BASICA A DISTANCIA;12368203020RJ0001;087497;MCC62G22EDN;UAB - UAB TRADICIONAL;90;APLICACOES DIRETAS;3;DESPESAS CORRENTES;3;OUTRAS DESPESAS CORRENTES;14;DIARIAS - PESSOAL CIVIL;339014;DIARIAS - PESSOAL CIVIL;08;FUNDO SOCIAL-PARC.DEST.EDUCACAO PUBL.E SAUDE;;;;;90,500.00;21,696.45;52,043.15;52,043.15
2015;153031;UNIFESP-UNIVERSIDADE FEDERAL DE SAO PAULO;12;EDUCACAO;368;EDUCACAO BASICA;2030;EDUCACAO BASICA;20RJ;APOIO A CAPACITACAO E FORMACAO INICIAL E CONTINUADA PARA A E;0004;EDUCACAO BASICA A DISTANCIA;12368203020RJ0001;087497;MCC62G22EDN;UAB - UAB TRADICIONAL;90;APLICACOES DIRETAS;3;DESPESAS CORRENTES;3;OUTRAS DESPESAS CORRENTES;30;MATERIAL DE CONSUMO;339030;MATERIAL DE CONSUMO;08;FUNDO SOCIAL-PARC.DEST.EDUCACAO PUBL.E SAUDE;;;;;23,937.28;9,434.77;700.71;700.71
2015;153031;UNIFESP-UNIVERSIDADE FEDERAL DE SAO PAULO;12;EDUCACAO;368;EDUCACAO BASICA;2030;EDUCACAO BASICA;20RJ;APOIO A CAPACITACAO E FORMACAO INICIAL E CONTINUADA PARA A E;0004;EDUCACAO BASICA A DISTANCIA;12368203020RJ0001;087497;MCC62G22EDN;UAB - UAB TRADICIONAL;90;APLICACOES DIRETAS;3;DESPESAS CORRENTES;3;OUTRAS DESPESAS CORRENTES;33;PASSAGENS E DESPESAS COM LOCOMOCAO;339033;PASSAGENS E DESPESAS COM LOCOMOCAO;08;FUNDO SOCIAL-PARC.DEST.EDUCACAO PUBL.E SAUDE;;;;;377,000.00;150,800.00;;
2015;153031;UNIFESP-UNIVERSIDADE FEDERAL DE SAO PAULO;12;EDUCACAO;368;EDUCACAO BASICA;2030;EDUCACAO BASICA;20RJ;APOIO A CAPACITACAO E FORMACAO INICIAL E CONTINUADA PARA A E;0004;EDUCACAO BASICA A DISTANCIA;12368203020RJ0001;087497;MCC62G22EDN;UAB - UAB TRADICIONAL;90;APLICACOES DIRETAS;3;DESPESAS CORRENTES;3;OUTRAS DESPESAS CORRENTES;36;OUTROS SERVICOS DE TERCEIROS - P.FISICA;339036;OUTROS SERVICOS DE TERCEIROS - PESSOA FISICA;08;FUNDO SOCIAL-PARC.DEST.EDUCACAO PUBL.E SAUDE;;;;;141,000.00;55,413.50;3,946.00;3,946.00
2015;153031;UNIFESP-UNIVERSIDADE FEDERAL DE SAO PAULO;12;EDUCACAO;368;EDUCACAO BASICA;2030;EDUCACAO BASICA;20RJ;APOIO A CAPACITACAO E FORMACAO INICIAL E CONTINUADA PARA A E;0004;EDUCACAO BASICA A DISTANCIA;12368203020RJ0001;087497;MCC62G22EDN;UAB - UAB TRADICIONAL;90;APLICACOES DIRETAS;3;DESPESAS CORRENTES;3;OUTRAS DESPESAS CORRENTES;39;OUTROS SERVICOS DE TERCEIROS PJ - OP.INT.ORC.;339039;OUTROS SERVICOS DE TERCEIROS - PESSOA JURIDICA;08;FUNDO SOCIAL-PARC.DEST.EDUCACAO PUBL.E SAUDE;;;;;166,744.10;47,575.40;;
2015;153032;UNIVERSIDADE FEDERAL DE LAVRAS;12;EDUCACAO;364;ENSINO SUPERIOR;2032;EDUCACAO SUPERIOR - GRADUACAO, POS-GRADUACAO, ENSINO, PESQUI;0487;CONCESSAO DE BOLSAS DE ESTUDO NO ENSINO SUPERIOR;0002;CONCESSAO DE BOLSAS DE ESTUDOS NO PAIS;12364203204870001;087493;OCCCUO9414N;BF SUPERIOR - PROAP;90;APLICACOES DIRETAS;3;DESPESAS CORRENTES;3;OUTRAS DESPESAS CORRENTES;14;DIARIAS - PESSOAL CIVIL;339014;DIARIAS - PESSOAL CIVIL;12;RECURSOS DEST.A MANUT.E DES.DO ENSINO;;;;;3,613,915.83;2,726,486.94;887,428.89;849,638.30
2015;153032;UNIVERSIDADE FEDERAL DE LAVRAS;12;EDUCACAO;364;ENSINO SUPERIOR;2032;EDUCACAO SUPERIOR - GRADUACAO, POS-GRADUACAO, ENSINO, PESQUI;0487;CONCESSAO DE BOLSAS DE ESTUDO NO ENSINO SUPERIOR;0002;CONCESSAO DE BOLSAS DE ESTUDOS NO PAIS;12364203204870001;087493;OCCCUO9414N;BF SUPERIOR - PROAP;90;APLICACOES DIRETAS;3;DESPESAS CORRENTES;3;OUTRAS DESPESAS CORRENTES;30;MATERIAL DE CONSUMO;339030;MATERIAL DE CONSUMO;12;RECURSOS DEST.A MANUT.E DES.DO ENSINO;;;;;1,919,890.02;501,511.69;839,066.45;421,073.84
2015;153032;UNIVERSIDADE FEDERAL DE LAVRAS;12;EDUCACAO;364;ENSINO SUPERIOR;2032;EDUCACAO SUPERIOR - GRADUACAO, POS-GRADUACAO, ENSINO, PESQUI;0487;CONCESSAO DE BOLSAS DE ESTUDO NO ENSINO SUPERIOR;0002;CONCESSAO DE BOLSAS DE ESTUDOS NO PAIS;12364203204870001;087493;OCCCUO9414N;BF SUPERIOR - PROAP;90;APLICACOES DIRETAS;3;DESPESAS CORRENTES;3;OUTRAS DESPESAS CORRENTES;33;PASSAGENS E DESPESAS COM LOCOMOCAO;339033;PASSAGENS E DESPESAS COM LOCOMOCAO;12;RECURSOS DEST.A MANUT.E DES.DO ENSINO;;;;;796,148.12;611,813.42;40,865.34;19,927.48
2015;153032;UNIVERSIDADE FEDERAL DE LAVRAS;12;EDUCACAO;364;ENSINO SUPERIOR;2032;EDUCACAO SUPERIOR - GRADUACAO, POS-GRADUACAO, ENSINO, PESQUI;0487;CONCESSAO DE BOLSAS DE ESTUDO NO ENSINO SUPERIOR;0002;CONCESSAO DE BOLSAS DE ESTUDOS NO PAIS;12364203204870001;087493;OCCCUO9414N;BF SUPERIOR - PROAP;90;APLICACOES DIRETAS;3;DESPESAS CORRENTES;3;OUTRAS DESPESAS CORRENTES;36;OUTROS SERVICOS DE TERCEIROS - P.FISICA;339036;OUTROS SERVICOS DE TERCEIROS - PESSOA FISICA;12;RECURSOS DEST.A MANUT.E DES.DO ENSINO;;;;;192,822.00;167,541.00;25,281.00;24,573.00
2015;153032;UNIVERSIDADE FEDERAL DE LAVRAS;12;EDUCACAO;364;ENSINO SUPERIOR;2032;EDUCACAO SUPERIOR - GRADUACAO, POS-GRADUACAO, ENSINO, PESQUI;0487;CONCESSAO DE BOLSAS DE ESTUDO NO ENSINO SUPERIOR;0002;CONCESSAO DE BOLSAS DE ESTUDOS NO PAIS;12364203204870001;087493;OCCCUO9414N;BF SUPERIOR - PROAP;90;APLICACOES DIRETAS;3;DESPESAS CORRENTES;3;OUTRAS DESPESAS CORRENTES;39;OUTROS SERVICOS DE TERCEIROS PJ - OP.INT.ORC.;339039;OUTROS SERVICOS DE TERCEIROS - PESSOA JURIDICA;12;RECURSOS DEST.A MANUT.E DES.DO ENSINO;;;;;71,216.24;6,719.68;64,496.56;40,708.06
2015;153032;UNIVERSIDADE FEDERAL DE LAVRAS;12;EDUCACAO;364;ENSINO SUPERIOR;2032;EDUCACAO SUPERIOR - GRADUACAO, POS-GRADUACAO, ENSINO, PESQUI;0487;CONCESSAO DE BOLSAS DE ESTUDO NO ENSINO SUPERIOR;0002;CONCESSAO DE BOLSAS DE ESTUDOS NO PAIS;12364203204870001;087493;OCCCUO9414N;BF SUPERIOR - PROAP;90;APLICACOES DIRETAS;3;DESPESAS CORRENTES;3;OUTRAS DESPESAS CORRENTES;93;INDENIZACOES E RESTITUICOES;339093;INDENIZACOES E RESTITUICOES;12;RECURSOS DEST.A MANUT.E DES.DO ENSINO;;;;;814,423.01;23,346.78;791,076.23;721,634.93
2015;153032;UNIVERSIDADE FEDERAL DE LAVRAS;12;EDUCACAO;368;EDUCACAO BASICA;2030;EDUCACAO BASICA;20RJ;APOIO A CAPACITACAO E FORMACAO INICIAL E CONTINUADA PARA A E;0004;EDUCACAO BASICA A DISTANCIA;12368203020RJ0001;087497;MCC62G22EDN;UAB - UAB TRADICIONAL;90;APLICACOES DIRETAS;3;DESPESAS CORRENTES;3;OUTRAS DESPESAS CORRENTES;14;DIARIAS - PESSOAL CIVIL;339014;DIARIAS - PESSOAL CIVIL;08;FUNDO SOCIAL-PARC.DEST.EDUCACAO PUBL.E SAUDE;;;;;125,463.72;104,295.00;21,168.72;21,168.72
2015;153032;UNIVERSIDADE FEDERAL DE LAVRAS;12;EDUCACAO;368;EDUCACAO BASICA;2030;EDUCACAO BASICA;20RJ;APOIO A CAPACITACAO E FORMACAO INICIAL E CONTINUADA PARA A E;0004;EDUCACAO BASICA A DISTANCIA;12368203020RJ0001;087497;MCC62G22EDN;UAB - UAB TRADICIONAL;90;APLICACOES DIRETAS;3;DESPESAS CORRENTES;3;OUTRAS DESPESAS CORRENTES;33;PASSAGENS E DESPESAS COM LOCOMOCAO;339033;PASSAGENS E DESPESAS COM LOCOMOCAO;08;FUNDO SOCIAL-PARC.DEST.EDUCACAO PUBL.E SAUDE;;;;;590,158.80;138,506.31;450,746.67;372,209.15
2015;153032;UNIVERSIDADE FEDERAL DE LAVRAS;12;EDUCACAO;368;EDUCACAO BASICA;2030;EDUCACAO BASICA;20RJ;APOIO A CAPACITACAO E FORMACAO INICIAL E CONTINUADA PARA A E;0004;EDUCACAO BASICA A DISTANCIA;12368203020RJ0001;087497;MCC62G22EDN;UAB - UAB TRADICIONAL;90;APLICACOES DIRETAS;3;DESPESAS CORRENTES;3;OUTRAS DESPESAS CORRENTES;36;OUTROS SERVICOS DE TERCEIROS - P.FISICA;339036;OUTROS SERVICOS DE TERCEIROS - PESSOA FISICA;08;FUNDO SOCIAL-PARC.DEST.EDUCACAO PUBL.E SAUDE;;;;;117,740.80;86,925.10;30,815.70;30,815.70
2015;153032;UNIVERSIDADE FEDERAL DE LAVRAS;12;EDUCACAO;368;EDUCACAO BASICA;2030;EDUCACAO BASICA;20RJ;APOIO A CAPACITACAO E FORMACAO INICIAL E CONTINUADA PARA A E;0004;EDUCACAO BASICA A DISTANCIA;12368203020RJ0001;087497;MCC62G22EDN;UAB - UAB TRADICIONAL;90;APLICACOES DIRETAS;3;DESPESAS CORRENTES;3;OUTRAS DESPESAS CORRENTES;39;OUTROS SERVICOS DE TERCEIROS PJ - OP.INT.ORC.;339039;OUTROS SERVICOS DE TERCEIROS - PESSOA JURIDICA;08;FUNDO SOCIAL-PARC.DEST.EDUCACAO PUBL.E SAUDE;;;;;520,090.72;101,631.04;269,174.13;67,956.93
2015;153033;UNIVERSIDADE FEDERAL RURAL DO SEMI-ARIDO - RN;12;EDUCACAO;364;ENSINO SUPERIOR;2032;EDUCACAO SUPERIOR - GRADUACAO, POS-GRADUACAO, ENSINO, PESQUI;0487;CONCESSAO DE BOLSAS DE ESTUDO NO ENSINO SUPERIOR;0002;CONCESSAO DE BOLSAS DE ESTUDOS NO PAIS;12364203204870001;087493;OCCCUO9414N;BF SUPERIOR - PROAP;90;APLICACOES DIRETAS;3;DESPESAS CORRENTES;3;OUTRAS DESPESAS CORRENTES;14;DIARIAS - PESSOAL CIVIL;339014;DIARIAS - PESSOAL CIVIL;12;RECURSOS DEST.A MANUT.E DES.DO ENSINO;;;;;1,689,388.18;1,103,794.75;585,593.43;491,101.59
2015;153033;UNIVERSIDADE FEDERAL RURAL DO SEMI-ARIDO - RN;12;EDUCACAO;364;ENSINO SUPERIOR;2032;EDUCACAO SUPERIOR - GRADUACAO, POS-GRADUACAO, ENSINO, PESQUI;0487;CONCESSAO DE BOLSAS DE ESTUDO NO ENSINO SUPERIOR;0002;CONCESSAO DE BOLSAS DE ESTUDOS NO PAIS;12364203204870001;087493;OCCCUO9414N;BF SUPERIOR - PROAP;90;APLICACOES DIRETAS;3;DESPESAS CORRENTES;3;OUTRAS DESPESAS CORRENTES;18;AUXILIO FINANCEIRO A ESTUDANTES;339018;AUXILIO FINANCEIRO A ESTUDANTES;12;RECURSOS DEST.A MANUT.E DES.DO ENSINO;;;;;222,790.00;1,000.00;221,790.00;106,990.00
2015;153033;UNIVERSIDADE FEDERAL RURAL DO SEMI-ARIDO - RN;12;EDUCACAO;364;ENSINO SUPERIOR;2032;EDUCACAO SUPERIOR - GRADUACAO, POS-GRADUACAO, ENSINO, PESQUI;0487;CONCESSAO DE BOLSAS DE ESTUDO NO ENSINO SUPERIOR;0002;CONCESSAO DE BOLSAS DE ESTUDOS NO PAIS;12364203204870001;087493;OCCCUO9414N;BF SUPERIOR - PROAP;90;APLICACOES DIRETAS;3;DESPESAS CORRENTES;3;OUTRAS DESPESAS CORRENTES;33;PASSAGENS E DESPESAS COM LOCOMOCAO;339033;PASSAGENS E DESPESAS COM LOCOMOCAO;12;RECURSOS DEST.A MANUT.E DES.DO ENSINO;;;;;1,189,110.00;785,815.93;196,633.76;87,994.85
2015;153033;UNIVERSIDADE FEDERAL RURAL DO SEMI-ARIDO - RN;12;EDUCACAO;364;ENSINO SUPERIOR;2032;EDUCACAO SUPERIOR - GRADUACAO, POS-GRADUACAO, ENSINO, PESQUI;0487;CONCESSAO DE BOLSAS DE ESTUDO NO ENSINO SUPERIOR;0002;CONCESSAO DE BOLSAS DE ESTUDOS NO PAIS;12364203204870001;087493;OCCCUO9414N;BF SUPERIOR - PROAP;90;APLICACOES DIRETAS;3;DESPESAS CORRENTES;3;OUTRAS DESPESAS CORRENTES;36;OUTROS SERVICOS DE TERCEIROS - P.FISICA;339036;OUTROS SERVICOS DE TERCEIROS - PESSOA FISICA;12;RECURSOS DEST.A MANUT.E DES.DO ENSINO;;;;;356,713.30;329,755.50;26,957.80;24,449.10
2015;153033;UNIVERSIDADE FEDERAL RURAL DO SEMI-ARIDO - RN;12;EDUCACAO;364;ENSINO SUPERIOR;2032;EDUCACAO SUPERIOR - GRADUACAO, POS-GRADUACAO, ENSINO, PESQUI;0487;CONCESSAO DE BOLSAS DE ESTUDO NO ENSINO SUPERIOR;0002;CONCESSAO DE BOLSAS DE ESTUDOS NO PAIS;12364203204870001;087493;OCCCUO9414N;BF SUPERIOR - PROAP;90;APLICACOES DIRETAS;3;DESPESAS CORRENTES;3;OUTRAS DESPESAS CORRENTES;39;OUTROS SERVICOS DE TERCEIROS PJ - OP.INT.ORC.;339039;OUTROS SERVICOS DE TERCEIROS - PESSOA JURIDICA;12;RECURSOS DEST.A MANUT.E DES.DO ENSINO;;;;;56,499.95;21,979.98;2,480.00;
2015;153033;UNIVERSIDADE FEDERAL RURAL DO SEMI-ARIDO - RN;12;EDUCACAO;368;EDUCACAO BASICA;2030;EDUCACAO BASICA;20RJ;APOIO A CAPACITACAO E FORMACAO INICIAL E CONTINUADA PARA A E;0004;EDUCACAO BASICA A DISTANCIA;12368203020RJ0001;087497;MCC62G22EDN;UAB - UAB TRADICIONAL;90;APLICACOES DIRETAS;3;DESPESAS CORRENTES;3;OUTRAS DESPESAS CORRENTES;39;OUTROS SERVICOS DE TERCEIROS PJ - OP.INT.ORC.;339039;OUTROS SERVICOS DE TERCEIROS - PESSOA JURIDICA;08;FUNDO SOCIAL-PARC.DEST.EDUCACAO PUBL.E SAUDE;;;;;220,600.76;55,150.19;;
2015;153034;UNIVERSIDADE FEDERAL RURAL DA AMAZONIA;12;EDUCACAO;364;ENSINO SUPERIOR;2032;EDUCACAO SUPERIOR - GRADUACAO, POS-GRADUACAO, ENSINO, PESQUI;0487;CONCESSAO DE BOLSAS DE ESTUDO NO ENSINO SUPERIOR;0002;CONCESSAO DE BOLSAS DE ESTUDOS NO PAIS;12364203204870001;087493;OCCCUO9414N;BF SUPERIOR - PROAP;90;APLICACOES DIRETAS;3;DESPESAS CORRENTES;3;OUTRAS DESPESAS CORRENTES;14;DIARIAS - PESSOAL CIVIL;339014;DIARIAS - PESSOAL CIVIL;12;RECURSOS DEST.A MANUT.E DES.DO ENSINO;;;;;198,210.11;17,884.49;180,325.62;166,040.66
2015;153034;UNIVERSIDADE FEDERAL RURAL DA AMAZONIA;12;EDUCACAO;364;ENSINO SUPERIOR;2032;EDUCACAO SUPERIOR - GRADUACAO, POS-GRADUACAO, ENSINO, PESQUI;0487;CONCESSAO DE BOLSAS DE ESTUDO NO ENSINO SUPERIOR;0002;CONCESSAO DE BOLSAS DE ESTUDOS NO PAIS;12364203204870001;087493;OCCCUO9414N;BF SUPERIOR - PROAP;90;APLICACOES DIRETAS;3;DESPESAS CORRENTES;3;OUTRAS DESPESAS CORRENTES;18;AUXILIO FINANCEIRO A ESTUDANTES;339018;AUXILIO FINANCEIRO A ESTUDANTES;12;RECURSOS DEST.A MANUT.E DES.DO ENSINO;;;;;502,912.86;224,001.02;278,911.84;227,872.86
2015;153034;UNIVERSIDADE FEDERAL RURAL DA AMAZONIA;12;EDUCACAO;364;ENSINO SUPERIOR;2032;EDUCACAO SUPERIOR - GRADUACAO, POS-GRADUACAO, ENSINO, PESQUI;0487;CONCESSAO DE BOLSAS DE ESTUDO NO ENSINO SUPERIOR;0002;CONCESSAO DE BOLSAS DE ESTUDOS NO PAIS;12364203204870001;087493;OCCCUO9414N;BF SUPERIOR - PROAP;90;APLICACOES DIRETAS;3;DESPESAS CORRENTES;3;OUTRAS DESPESAS CORRENTES;33;PASSAGENS E DESPESAS COM LOCOMOCAO;339033;PASSAGENS E DESPESAS COM LOCOMOCAO;12;RECURSOS DEST.A MANUT.E DES.DO ENSINO;;;;;39,362.66;3,032.89;36,329.77;36,329.77
2015;153034;UNIVERSIDADE FEDERAL RURAL DA AMAZONIA;12;EDUCACAO;364;ENSINO SUPERIOR;2032;EDUCACAO SUPERIOR - GRADUACAO, POS-GRADUACAO, ENSINO, PESQUI;0487;CONCESSAO DE BOLSAS DE ESTUDO NO ENSINO SUPERIOR;0002;CONCESSAO DE BOLSAS DE ESTUDOS NO PAIS;12364203204870001;087493;OCCCUO9414N;BF SUPERIOR - PROAP;90;APLICACOES DIRETAS;3;DESPESAS CORRENTES;3;OUTRAS DESPESAS CORRENTES;36;OUTROS SERVICOS DE TERCEIROS - P.FISICA;339036;OUTROS SERVICOS DE TERCEIROS - PESSOA FISICA;12;RECURSOS DEST.A MANUT.E DES.DO ENSINO;;;;;339,473.70;23,194.60;316,279.10;292,980.00
2015;153034;UNIVERSIDADE FEDERAL RURAL DA AMAZONIA;12;EDUCACAO;368;EDUCACAO BASICA;2030;EDUCACAO BASICA;20RJ;APOIO A CAPACITACAO E FORMACAO INICIAL E CONTINUADA PARA A E;0003;EDUCACAO BASICA PRESENCIAL;12368203020RJ0001;087496;PCC92B5801N;PARFOR - PARFOR;90;APLICACOES DIRETAS;3;DESPESAS CORRENTES;3;OUTRAS DESPESAS CORRENTES;14;DIARIAS - PESSOAL CIVIL;339014;DIARIAS - PESSOAL CIVIL;08;FUNDO SOCIAL-PARC.DEST.EDUCACAO PUBL.E SAUDE;;;;;684,328.28;164,993.36;519,334.92;504,706.33
2015;153034;UNIVERSIDADE FEDERAL RURAL DA AMAZONIA;12;EDUCACAO;368;EDUCACAO BASICA;2030;EDUCACAO BASICA;20RJ;APOIO A CAPACITACAO E FORMACAO INICIAL E CONTINUADA PARA A E;0003;EDUCACAO BASICA PRESENCIAL;12368203020RJ0001;087496;PCC92B5801N;PARFOR - PARFOR;90;APLICACOES DIRETAS;3;DESPESAS CORRENTES;3;OUTRAS DESPESAS CORRENTES;30;MATERIAL DE CONSUMO;339030;MATERIAL DE CONSUMO;08;FUNDO SOCIAL-PARC.DEST.EDUCACAO PUBL.E SAUDE;;;;;21,240.00;0.00;21,240.00;15,930.00
2015;153034;UNIVERSIDADE FEDERAL RURAL DA AMAZONIA;12;EDUCACAO;368;EDUCACAO BASICA;2030;EDUCACAO BASICA;20RJ;APOIO A CAPACITACAO E FORMACAO INICIAL E CONTINUADA PARA A E;0003;EDUCACAO BASICA PRESENCIAL;12368203020RJ0001;087496;PCC92B5801N;PARFOR - PARFOR;90;APLICACOES DIRETAS;3;DESPESAS CORRENTES;3;OUTRAS DESPESAS CORRENTES;33;PASSAGENS E DESPESAS COM LOCOMOCAO;339033;PASSAGENS E DESPESAS COM LOCOMOCAO;08;FUNDO SOCIAL-PARC.DEST.EDUCACAO PUBL.E SAUDE;;;;;93,595.67;29,741.85;63,853.82;63,853.82
2015;153034;UNIVERSIDADE FEDERAL RURAL DA AMAZONIA;12;EDUCACAO;368;EDUCACAO BASICA;2030;EDUCACAO BASICA;20RJ;APOIO A CAPACITACAO E FORMACAO INICIAL E CONTINUADA PARA A E;0003;EDUCACAO BASICA PRESENCIAL;12368203020RJ0001;087496;PCC92B5801N;PARFOR - PARFOR;90;APLICACOES DIRETAS;3;DESPESAS CORRENTES;3;OUTRAS DESPESAS CORRENTES;36;OUTROS SERVICOS DE TERCEIROS - P.FISICA;339036;OUTROS SERVICOS DE TERCEIROS - PESSOA FISICA;08;FUNDO SOCIAL-PARC.DEST.EDUCACAO PUBL.E SAUDE;;;;;1,203,389.62;251,331.72;952,057.90;919,703.40
2015;153034;UNIVERSIDADE FEDERAL RURAL DA AMAZONIA;12;EDUCACAO;368;EDUCACAO BASICA;2030;EDUCACAO BASICA;20RJ;APOIO A CAPACITACAO E FORMACAO INICIAL E CONTINUADA PARA A E;0003;EDUCACAO BASICA PRESENCIAL;12368203020RJ0001;087496;PCC92B5801N;PARFOR - PARFOR;90;APLICACOES DIRETAS;3;DESPESAS CORRENTES;3;OUTRAS DESPESAS CORRENTES;39;OUTROS SERVICOS DE TERCEIROS PJ - OP.INT.ORC.;339039;OUTROS SERVICOS DE TERCEIROS - PESSOA JURIDICA;08;FUNDO SOCIAL-PARC.DEST.EDUCACAO PUBL.E SAUDE;;;;;1,485,426.72;399,737.77;1,085,688.95;1,085,688.95
2015;153035;UNIVERSIDADE FEDERAL DO TRIANGULO MINEIRO;12;EDUCACAO;364;ENSINO SUPERIOR;2032;EDUCACAO SUPERIOR - GRADUACAO, POS-GRADUACAO, ENSINO, PESQUI;0487;CONCESSAO DE BOLSAS DE ESTUDO NO ENSINO SUPERIOR;0002;CONCESSAO DE BOLSAS DE ESTUDOS NO PAIS;12364203204870001;087493;OCCCUO9414N;BF SUPERIOR - PROAP;90;APLICACOES DIRETAS;3;DESPESAS CORRENTES;3;OUTRAS DESPESAS CORRENTES;14;DIARIAS - PESSOAL CIVIL;339014;DIARIAS - PESSOAL CIVIL;12;RECURSOS DEST.A MANUT.E DES.DO ENSINO;;;;;155,990.52;65,462.34;90,528.18;90,528.18
2015;153035;UNIVERSIDADE FEDERAL DO TRIANGULO MINEIRO;12;EDUCACAO;364;ENSINO SUPERIOR;2032;EDUCACAO SUPERIOR - GRADUACAO, POS-GRADUACAO, ENSINO, PESQUI;0487;CONCESSAO DE BOLSAS DE ESTUDO NO ENSINO SUPERIOR;0002;CONCESSAO DE BOLSAS DE ESTUDOS NO PAIS;12364203204870001;087493;OCCCUO9414N;BF SUPERIOR - PROAP;90;APLICACOES DIRETAS;3;DESPESAS CORRENTES;3;OUTRAS DESPESAS CORRENTES;18;AUXILIO FINANCEIRO A ESTUDANTES;339018;AUXILIO FINANCEIRO A ESTUDANTES;12;RECURSOS DEST.A MANUT.E DES.DO ENSINO;;;;;139,300.00;27,614.00;83,597.60;83,597.60
2015;153035;UNIVERSIDADE FEDERAL DO TRIANGULO MINEIRO;12;EDUCACAO;364;ENSINO SUPERIOR;2032;EDUCACAO SUPERIOR - GRADUACAO, POS-GRADUACAO, ENSINO, PESQUI;0487;CONCESSAO DE BOLSAS DE ESTUDO NO ENSINO SUPERIOR;0002;CONCESSAO DE BOLSAS DE ESTUDOS NO PAIS;12364203204870001;087493;OCCCUO9414N;BF SUPERIOR - PROAP;90;APLICACOES DIRETAS;3;DESPESAS CORRENTES;3;OUTRAS DESPESAS CORRENTES;30;MATERIAL DE CONSUMO;339030;MATERIAL DE CONSUMO;12;RECURSOS DEST.A MANUT.E DES.DO ENSINO;;;;;48,965.35;18,013.82;29,137.73;1,290.00
2015;153035;UNIVERSIDADE FEDERAL DO TRIANGULO MINEIRO;12;EDUCACAO;364;ENSINO SUPERIOR;2032;EDUCACAO SUPERIOR - GRADUACAO, POS-GRADUACAO, ENSINO, PESQUI;0487;CONCESSAO DE BOLSAS DE ESTUDO NO ENSINO SUPERIOR;0002;CONCESSAO DE BOLSAS DE ESTUDOS NO PAIS;12364203204870001;087493;OCCCUO9414N;BF SUPERIOR - PROAP;90;APLICACOES DIRETAS;3;DESPESAS CORRENTES;3;OUTRAS DESPESAS CORRENTES;33;PASSAGENS E DESPESAS COM LOCOMOCAO;339033;PASSAGENS E DESPESAS COM LOCOMOCAO;12;RECURSOS DEST.A MANUT.E DES.DO ENSINO;;;;;97,028.22;0.00;97,028.22;95,004.70
2015;153035;UNIVERSIDADE FEDERAL DO TRIANGULO MINEIRO;12;EDUCACAO;364;ENSINO SUPERIOR;2032;EDUCACAO SUPERIOR - GRADUACAO, POS-GRADUACAO, ENSINO, PESQUI;0487;CONCESSAO DE BOLSAS DE ESTUDO NO ENSINO SUPERIOR;0002;CONCESSAO DE BOLSAS DE ESTUDOS NO PAIS;12364203204870001;087493;OCCCUO9414N;BF SUPERIOR - PROAP;90;APLICACOES DIRETAS;3;DESPESAS CORRENTES;3;OUTRAS DESPESAS CORRENTES;36;OUTROS SERVICOS DE TERCEIROS - P.FISICA;339036;OUTROS SERVICOS DE TERCEIROS - PESSOA FISICA;12;RECURSOS DEST.A MANUT.E DES.DO ENSINO;;;;;75,518.75;34,226.50;41,292.25;41,292.25
2015;153035;UNIVERSIDADE FEDERAL DO TRIANGULO MINEIRO;12;EDUCACAO;364;ENSINO SUPERIOR;2032;EDUCACAO SUPERIOR - GRADUACAO, POS-GRADUACAO, ENSINO, PESQUI;0487;CONCESSAO DE BOLSAS DE ESTUDO NO ENSINO SUPERIOR;0002;CONCESSAO DE BOLSAS DE ESTUDOS NO PAIS;12364203204870001;087493;OCCCUO9414N;BF SUPERIOR - PROAP;90;APLICACOES DIRETAS;3;DESPESAS CORRENTES;3;OUTRAS DESPESAS CORRENTES;93;INDENIZACOES E RESTITUICOES;339093;INDENIZACOES E RESTITUICOES;12;RECURSOS DEST.A MANUT.E DES.DO ENSINO;;;;;408,748.26;53,840.76;254,681.82;132,801.54
2015;153036;UNIVERSIDADE FED.VALES JEQUITINHONHA E MUCURI;12;EDUCACAO;364;ENSINO SUPERIOR;2032;EDUCACAO SUPERIOR - GRADUACAO, POS-GRADUACAO, ENSINO, PESQUI;0487;CONCESSAO DE BOLSAS DE ESTUDO NO ENSINO SUPERIOR;0002;CONCESSAO DE BOLSAS DE ESTUDOS NO PAIS;12364203204870001;087493;OCCCUO9414N;BF SUPERIOR - PROAP;90;APLICACOES DIRETAS;3;DESPESAS CORRENTES;3;OUTRAS DESPESAS CORRENTES;14;DIARIAS - PESSOAL CIVIL;339014;DIARIAS - PESSOAL CIVIL;12;RECURSOS DEST.A MANUT.E DES.DO ENSINO;;;;;231,900.01;103,428.30;128,471.71;117,561.35
2015;153036;UNIVERSIDADE FED.VALES JEQUITINHONHA E MUCURI;12;EDUCACAO;364;ENSINO SUPERIOR;2032;EDUCACAO SUPERIOR - GRADUACAO, POS-GRADUACAO, ENSINO, PESQUI;0487;CONCESSAO DE BOLSAS DE ESTUDO NO ENSINO SUPERIOR;0002;CONCESSAO DE BOLSAS DE ESTUDOS NO PAIS;12364203204870001;087493;OCCCUO9414N;BF SUPERIOR - PROAP;90;APLICACOES DIRETAS;3;DESPESAS CORRENTES;3;OUTRAS DESPESAS CORRENTES;30;MATERIAL DE CONSUMO;339030;MATERIAL DE CONSUMO;12;RECURSOS DEST.A MANUT.E DES.DO ENSINO;;;;;155,317.47;52,852.20;36,477.00;33,219.00
2015;153036;UNIVERSIDADE FED.VALES JEQUITINHONHA E MUCURI;12;EDUCACAO;364;ENSINO SUPERIOR;2032;EDUCACAO SUPERIOR - GRADUACAO, POS-GRADUACAO, ENSINO, PESQUI;0487;CONCESSAO DE BOLSAS DE ESTUDO NO ENSINO SUPERIOR;0002;CONCESSAO DE BOLSAS DE ESTUDOS NO PAIS;12364203204870001;087493;OCCCUO9414N;BF SUPERIOR - PROAP;90;APLICACOES DIRETAS;3;DESPESAS CORRENTES;3;OUTRAS DESPESAS CORRENTES;33;PASSAGENS E DESPESAS COM LOCOMOCAO;339033;PASSAGENS E DESPESAS COM LOCOMOCAO;12;RECURSOS DEST.A MANUT.E DES.DO ENSINO;;;;;4,550.00;4,550.00;;
2015;153036;UNIVERSIDADE FED.VALES JEQUITINHONHA E MUCURI;12;EDUCACAO;364;ENSINO SUPERIOR;2032;EDUCACAO SUPERIOR - GRADUACAO, POS-GRADUACAO, ENSINO, PESQUI;0487;CONCESSAO DE BOLSAS DE ESTUDO NO ENSINO SUPERIOR;0002;CONCESSAO DE BOLSAS DE ESTUDOS NO PAIS;12364203204870001;087493;OCCCUO9414N;BF SUPERIOR - PROAP;90;APLICACOES DIRETAS;3;DESPESAS CORRENTES;3;OUTRAS DESPESAS CORRENTES;36;OUTROS SERVICOS DE TERCEIROS - P.FISICA;339036;OUTROS SERVICOS DE TERCEIROS - PESSOA FISICA;12;RECURSOS DEST.A MANUT.E DES.DO ENSINO;;;;;105,510.32;66,337.82;39,172.50;35,986.50
2015;153036;UNIVERSIDADE FED.VALES JEQUITINHONHA E MUCURI;12;EDUCACAO;368;EDUCACAO BASICA;2030;EDUCACAO BASICA;20RJ;APOIO A CAPACITACAO E FORMACAO INICIAL E CONTINUADA PARA A E;0003;EDUCACAO BASICA PRESENCIAL;12368203020RJ0001;087496;PCC69B2101N;PIBID - PIBID;90;APLICACOES DIRETAS;3;DESPESAS CORRENTES;3;OUTRAS DESPESAS CORRENTES;14;DIARIAS - PESSOAL CIVIL;339014;DIARIAS - PESSOAL CIVIL;08;FUNDO SOCIAL-PARC.DEST.EDUCACAO PUBL.E SAUDE;;;;;208,678.85;99,394.35;109,284.50;105,151.00
2015;153036;UNIVERSIDADE FED.VALES JEQUITINHONHA E MUCURI;12;EDUCACAO;368;EDUCACAO BASICA;2030;EDUCACAO BASICA;20RJ;APOIO A CAPACITACAO E FORMACAO INICIAL E CONTINUADA PARA A E;0003;EDUCACAO BASICA PRESENCIAL;12368203020RJ0001;087496;PCC69B2101N;PIBID - PIBID;90;APLICACOES DIRETAS;3;DESPESAS CORRENTES;3;OUTRAS DESPESAS CORRENTES;18;AUXILIO FINANCEIRO A ESTUDANTES;339018;AUXILIO FINANCEIRO A ESTUDANTES;08;FUNDO SOCIAL-PARC.DEST.EDUCACAO PUBL.E SAUDE;;;;;434,000.00;123,440.00;286,740.00;280,560.00
2015;153036;UNIVERSIDADE FED.VALES JEQUITINHONHA E MUCURI;12;EDUCACAO;368;EDUCACAO BASICA;2030;EDUCACAO BASICA;20RJ;APOIO A CAPACITACAO E FORMACAO INICIAL E CONTINUADA PARA A E;0003;EDUCACAO BASICA PRESENCIAL;12368203020RJ0001;087496;PCC69B2101N;PIBID - PIBID;90;APLICACOES DIRETAS;3;DESPESAS CORRENTES;3;OUTRAS DESPESAS CORRENTES;30;MATERIAL DE CONSUMO;339030;MATERIAL DE CONSUMO;08;FUNDO SOCIAL-PARC.DEST.EDUCACAO PUBL.E SAUDE;;;;;127,749.38;41,124.02;66,838.17;65,094.36
2015;153036;UNIVERSIDADE FED.VALES JEQUITINHONHA E MUCURI;12;EDUCACAO;368;EDUCACAO BASICA;2030;EDUCACAO BASICA;20RJ;APOIO A CAPACITACAO E FORMACAO INICIAL E CONTINUADA PARA A E;0003;EDUCACAO BASICA PRESENCIAL;12368203020RJ0001;087496;PCC69B2101N;PIBID - PIBID;90;APLICACOES DIRETAS;3;DESPESAS CORRENTES;3;OUTRAS DESPESAS CORRENTES;33;PASSAGENS E DESPESAS COM LOCOMOCAO;339033;PASSAGENS E DESPESAS COM LOCOMOCAO;08;FUNDO SOCIAL-PARC.DEST.EDUCACAO PUBL.E SAUDE;;;;;54,035.46;13,000.00;41,035.46;36,910.99
2015;153036;UNIVERSIDADE FED.VALES JEQUITINHONHA E MUCURI;12;EDUCACAO;368;EDUCACAO BASICA;2030;EDUCACAO BASICA;20RJ;APOIO A CAPACITACAO E FORMACAO INICIAL E CONTINUADA PARA A E;0003;EDUCACAO BASICA PRESENCIAL;12368203020RJ0001;087496;PCC69B2101N;PIBID - PIBID;90;APLICACOES DIRETAS;3;DESPESAS CORRENTES;3;OUTRAS DESPESAS CORRENTES;36;OUTROS SERVICOS DE TERCEIROS - P.FISICA;339036;OUTROS SERVICOS DE TERCEIROS - PESSOA FISICA;08;FUNDO SOCIAL-PARC.DEST.EDUCACAO PUBL.E SAUDE;;;;;32,512.50;5,376.00;27,136.50;27,136.50
2015;153036;UNIVERSIDADE FED.VALES JEQUITINHONHA E MUCURI;12;EDUCACAO;368;EDUCACAO BASICA;2030;EDUCACAO BASICA;20RJ;APOIO A CAPACITACAO E FORMACAO INICIAL E CONTINUADA PARA A E;0003;EDUCACAO BASICA PRESENCIAL;12368203020RJ0001;087496;PCC69B2101N;PIBID - PIBID;90;APLICACOES DIRETAS;3;DESPESAS CORRENTES;3;OUTRAS DESPESAS CORRENTES;39;OUTROS SERVICOS DE TERCEIROS PJ - OP.INT.ORC.;339039;OUTROS SERVICOS DE TERCEIROS - PESSOA JURIDICA;08;FUNDO SOCIAL-PARC.DEST.EDUCACAO PUBL.E SAUDE;;;;;49,929.10;19,981.90;;
2015;153036;UNIVERSIDADE FED.VALES JEQUITINHONHA E MUCURI;12;EDUCACAO;368;EDUCACAO BASICA;2030;EDUCACAO BASICA;20RJ;APOIO A CAPACITACAO E FORMACAO INICIAL E CONTINUADA PARA A E;0004;EDUCACAO BASICA A DISTANCIA;12368203020RJ0001;087497;MCC62G22EDN;UAB - UAB TRADICIONAL;90;APLICACOES DIRETAS;3;DESPESAS CORRENTES;3;OUTRAS DESPESAS CORRENTES;14;DIARIAS - PESSOAL CIVIL;339014;DIARIAS - PESSOAL CIVIL;08;FUNDO SOCIAL-PARC.DEST.EDUCACAO PUBL.E SAUDE;;;;;320,780.15;159,699.75;161,080.40;145,411.85
2015;153036;UNIVERSIDADE FED.VALES JEQUITINHONHA E MUCURI;12;EDUCACAO;368;EDUCACAO BASICA;2030;EDUCACAO BASICA;20RJ;APOIO A CAPACITACAO E FORMACAO INICIAL E CONTINUADA PARA A E;0004;EDUCACAO BASICA A DISTANCIA;12368203020RJ0001;087497;MCC62G22EDN;UAB - UAB TRADICIONAL;90;APLICACOES DIRETAS;3;DESPESAS CORRENTES;3;OUTRAS DESPESAS CORRENTES;30;MATERIAL DE CONSUMO;339030;MATERIAL DE CONSUMO;08;FUNDO SOCIAL-PARC.DEST.EDUCACAO PUBL.E SAUDE;;;;;119,999.70;5,768.28;109,085.85;91,008.66
2015;153036;UNIVERSIDADE FED.VALES JEQUITINHONHA E MUCURI;12;EDUCACAO;368;EDUCACAO BASICA;2030;EDUCACAO BASICA;20RJ;APOIO A CAPACITACAO E FORMACAO INICIAL E CONTINUADA PARA A E;0004;EDUCACAO BASICA A DISTANCIA;12368203020RJ0001;087497;MCC62G22EDN;UAB - UAB TRADICIONAL;90;APLICACOES DIRETAS;3;DESPESAS CORRENTES;3;OUTRAS DESPESAS CORRENTES;39;OUTROS SERVICOS DE TERCEIROS PJ - OP.INT.ORC.;339039;OUTROS SERVICOS DE TERCEIROS - PESSOA JURIDICA;08;FUNDO SOCIAL-PARC.DEST.EDUCACAO PUBL.E SAUDE;;;;;1,697,268.11;679,640.00;294,506.07;249,706.05
2015;153037;UNIVERSIDADE FEDERAL DE ALAGOAS;12;EDUCACAO;364;ENSINO SUPERIOR;2032;EDUCACAO SUPERIOR - GRADUACAO, POS-GRADUACAO, ENSINO, PESQUI;0487;CONCESSAO DE BOLSAS DE ESTUDO NO ENSINO SUPERIOR;0002;CONCESSAO DE BOLSAS DE ESTUDOS NO PAIS;12364203204870001;087493;OCCCUO9414N;BF SUPERIOR - PROAP;90;APLICACOES DIRETAS;3;DESPESAS CORRENTES;3;OUTRAS DESPESAS CORRENTES;14;DIARIAS - PESSOAL CIVIL;339014;DIARIAS - PESSOAL CIVIL;12;RECURSOS DEST.A MANUT.E DES.DO ENSINO;;;;;3,648,288.72;2,107,562.52;1,536,814.65;1,378,885.39
2015;153037;UNIVERSIDADE FEDERAL DE ALAGOAS;12;EDUCACAO;364;ENSINO SUPERIOR;2032;EDUCACAO SUPERIOR - GRADUACAO, POS-GRADUACAO, ENSINO, PESQUI;0487;CONCESSAO DE BOLSAS DE ESTUDO NO ENSINO SUPERIOR;0002;CONCESSAO DE BOLSAS DE ESTUDOS NO PAIS;12364203204870001;087493;OCCCUO9414N;BF SUPERIOR - PROAP;90;APLICACOES DIRETAS;3;DESPESAS CORRENTES;3;OUTRAS DESPESAS CORRENTES;33;PASSAGENS E DESPESAS COM LOCOMOCAO;339033;PASSAGENS E DESPESAS COM LOCOMOCAO;12;RECURSOS DEST.A MANUT.E DES.DO ENSINO;;;;;4,718,753.01;2,871,844.13;1,846,908.88;1,656,963.54
2015;153037;UNIVERSIDADE FEDERAL DE ALAGOAS;12;EDUCACAO;364;ENSINO SUPERIOR;2032;EDUCACAO SUPERIOR - GRADUACAO, POS-GRADUACAO, ENSINO, PESQUI;0487;CONCESSAO DE BOLSAS DE ESTUDO NO ENSINO SUPERIOR;0002;CONCESSAO DE BOLSAS DE ESTUDOS NO PAIS;12364203204870001;087493;OCCCUO9414N;BF SUPERIOR - PROAP;90;APLICACOES DIRETAS;3;DESPESAS CORRENTES;3;OUTRAS DESPESAS CORRENTES;36;OUTROS SERVICOS DE TERCEIROS - P.FISICA;339036;OUTROS SERVICOS DE TERCEIROS - PESSOA FISICA;12;RECURSOS DEST.A MANUT.E DES.DO ENSINO;;;;;2,690,359.23;1,871,875.70;809,403.43;700,695.93
2015;153037;UNIVERSIDADE FEDERAL DE ALAGOAS;12;EDUCACAO;364;ENSINO SUPERIOR;2032;EDUCACAO SUPERIOR - GRADUACAO, POS-GRADUACAO, ENSINO, PESQUI;0487;CONCESSAO DE BOLSAS DE ESTUDO NO ENSINO SUPERIOR;0002;CONCESSAO DE BOLSAS DE ESTUDOS NO PAIS;12364203204870001;087493;OCCCUO9414N;BF SUPERIOR - PROAP;90;APLICACOES DIRETAS;3;DESPESAS CORRENTES;3;OUTRAS DESPESAS CORRENTES;39;OUTROS SERVICOS DE TERCEIROS PJ - OP.INT.ORC.;339039;OUTROS SERVICOS DE TERCEIROS - PESSOA JURIDICA;12;RECURSOS DEST.A MANUT.E DES.DO ENSINO;;;;;634,011.50;532,200.30;101,811.20;88,418.98
2015;153037;UNIVERSIDADE FEDERAL DE ALAGOAS;12;EDUCACAO;368;EDUCACAO BASICA;2030;EDUCACAO BASICA;20RJ;APOIO A CAPACITACAO E FORMACAO INICIAL E CONTINUADA PARA A E;0004;EDUCACAO BASICA A DISTANCIA;12368203020RJ0001;087497;MCC62G22EDN;UAB - UAB TRADICIONAL;90;APLICACOES DIRETAS;3;DESPESAS CORRENTES;3;OUTRAS DESPESAS CORRENTES;14;DIARIAS - PESSOAL CIVIL;339014;DIARIAS - PESSOAL CIVIL;08;FUNDO SOCIAL-PARC.DEST.EDUCACAO PUBL.E SAUDE;;;;;226,066.18;128,731.51;95,993.97;82,214.29
2015;153037;UNIVERSIDADE FEDERAL DE ALAGOAS;12;EDUCACAO;368;EDUCACAO BASICA;2030;EDUCACAO BASICA;20RJ;APOIO A CAPACITACAO E FORMACAO INICIAL E CONTINUADA PARA A E;0004;EDUCACAO BASICA A DISTANCIA;12368203020RJ0001;087497;MCC62G22EDN;UAB - UAB TRADICIONAL;90;APLICACOES DIRETAS;3;DESPESAS CORRENTES;3;OUTRAS DESPESAS CORRENTES;30;MATERIAL DE CONSUMO;339030;MATERIAL DE CONSUMO;08;FUNDO SOCIAL-PARC.DEST.EDUCACAO PUBL.E SAUDE;;;;;11,727.70;4,880.08;;
2015;153037;UNIVERSIDADE FEDERAL DE ALAGOAS;12;EDUCACAO;368;EDUCACAO BASICA;2030;EDUCACAO BASICA;20RJ;APOIO A CAPACITACAO E FORMACAO INICIAL E CONTINUADA PARA A E;0004;EDUCACAO BASICA A DISTANCIA;12368203020RJ0001;087497;MCC62G22EDN;UAB - UAB TRADICIONAL;90;APLICACOES DIRETAS;3;DESPESAS CORRENTES;3;OUTRAS DESPESAS CORRENTES;33;PASSAGENS E DESPESAS COM LOCOMOCAO;339033;PASSAGENS E DESPESAS COM LOCOMOCAO;08;FUNDO SOCIAL-PARC.DEST.EDUCACAO PUBL.E SAUDE;;;;;40,000.02;20,000.01;14,679.96;14,679.96
2015;153037;UNIVERSIDADE FEDERAL DE ALAGOAS;12;EDUCACAO;368;EDUCACAO BASICA;2030;EDUCACAO BASICA;20RJ;APOIO A CAPACITACAO E FORMACAO INICIAL E CONTINUADA PARA A E;0004;EDUCACAO BASICA A DISTANCIA;12368203020RJ0001;087497;MCC62G22EDN;UAB - UAB TRADICIONAL;90;APLICACOES DIRETAS;3;DESPESAS CORRENTES;3;OUTRAS DESPESAS CORRENTES;36;OUTROS SERVICOS DE TERCEIROS - P.FISICA;339036;OUTROS SERVICOS DE TERCEIROS - PESSOA FISICA;08;FUNDO SOCIAL-PARC.DEST.EDUCACAO PUBL.E SAUDE;;;;;264,053.31;119,513.31;134,640.00;134,640.00
2015;153037;UNIVERSIDADE FEDERAL DE ALAGOAS;12;EDUCACAO;368;EDUCACAO BASICA;2030;EDUCACAO BASICA;20RJ;APOIO A CAPACITACAO E FORMACAO INICIAL E CONTINUADA PARA A E;0004;EDUCACAO BASICA A DISTANCIA;12368203020RJ0001;087497;MCC62G22EDN;UAB - UAB TRADICIONAL;90;APLICACOES DIRETAS;3;DESPESAS CORRENTES;3;OUTRAS DESPESAS CORRENTES;39;OUTROS SERVICOS DE TERCEIROS PJ - OP.INT.ORC.;339039;OUTROS SERVICOS DE TERCEIROS - PESSOA JURIDICA;08;FUNDO SOCIAL-PARC.DEST.EDUCACAO PUBL.E SAUDE;;;;;23,130.00;9,252.00;12,168.00;
2015;153038;UNIVERSIDADE FEDERAL DA BAHIA;12;EDUCACAO;364;ENSINO SUPERIOR;2032;EDUCACAO SUPERIOR - GRADUACAO, POS-GRADUACAO, ENSINO, PESQUI;0487;CONCESSAO DE BOLSAS DE ESTUDO NO ENSINO SUPERIOR;0002;CONCESSAO DE BOLSAS DE ESTUDOS NO PAIS;12364203204870001;087493;OCCCUO9414N;BF SUPERIOR - PROAP;90;APLICACOES DIRETAS;3;DESPESAS CORRENTES;3;OUTRAS DESPESAS CORRENTES;14;DIARIAS - PESSOAL CIVIL;339014;DIARIAS - PESSOAL CIVIL;12;RECURSOS DEST.A MANUT.E DES.DO ENSINO;;;;;7,966,222.23;2,472,346.95;5,493,875.28;5,444,200.80
2015;153038;UNIVERSIDADE FEDERAL DA BAHIA;12;EDUCACAO;364;ENSINO SUPERIOR;2032;EDUCACAO SUPERIOR - GRADUACAO, POS-GRADUACAO, ENSINO, PESQUI;0487;CONCESSAO DE BOLSAS DE ESTUDO NO ENSINO SUPERIOR;0002;CONCESSAO DE BOLSAS DE ESTUDOS NO PAIS;12364203204870001;087493;OCCCUO9414N;BF SUPERIOR - PROAP;90;APLICACOES DIRETAS;3;DESPESAS CORRENTES;3;OUTRAS DESPESAS CORRENTES;18;AUXILIO FINANCEIRO A ESTUDANTES;339018;AUXILIO FINANCEIRO A ESTUDANTES;12;RECURSOS DEST.A MANUT.E DES.DO ENSINO;;;;;8,280,000.00;4,222,118.49;3,920,588.67;3,384,617.70
2015;153038;UNIVERSIDADE FEDERAL DA BAHIA;12;EDUCACAO;364;ENSINO SUPERIOR;2032;EDUCACAO SUPERIOR - GRADUACAO, POS-GRADUACAO, ENSINO, PESQUI;0487;CONCESSAO DE BOLSAS DE ESTUDO NO ENSINO SUPERIOR;0002;CONCESSAO DE BOLSAS DE ESTUDOS NO PAIS;12364203204870001;087493;OCCCUO9414N;BF SUPERIOR - PROAP;90;APLICACOES DIRETAS;3;DESPESAS CORRENTES;3;OUTRAS DESPESAS CORRENTES;20;AUXILIO FINANCEIRO A PESQUISADORES;339020;AUXILIO FINANCEIRO A PESQUISADORES;12;RECURSOS DEST.A MANUT.E DES.DO ENSINO;;;;;2,917,409.67;2,343,139.14;534,896.25;534,896.25
2015;153038;UNIVERSIDADE FEDERAL DA BAHIA;12;EDUCACAO;364;ENSINO SUPERIOR;2032;EDUCACAO SUPERIOR - GRADUACAO, POS-GRADUACAO, ENSINO, PESQUI;0487;CONCESSAO DE BOLSAS DE ESTUDO NO ENSINO SUPERIOR;0002;CONCESSAO DE BOLSAS DE ESTUDOS NO PAIS;12364203204870001;087493;OCCCUO9414N;BF SUPERIOR - PROAP;90;APLICACOES DIRETAS;3;DESPESAS CORRENTES;3;OUTRAS DESPESAS CORRENTES;30;MATERIAL DE CONSUMO;339030;MATERIAL DE CONSUMO;12;RECURSOS DEST.A MANUT.E DES.DO ENSINO;;;;;1,272,062.99;460,879.40;35,136.00;31,596.00
2015;153038;UNIVERSIDADE FEDERAL DA BAHIA;12;EDUCACAO;364;ENSINO SUPERIOR;2032;EDUCACAO SUPERIOR - GRADUACAO, POS-GRADUACAO, ENSINO, PESQUI;0487;CONCESSAO DE BOLSAS DE ESTUDO NO ENSINO SUPERIOR;0002;CONCESSAO DE BOLSAS DE ESTUDOS NO PAIS;12364203204870001;087493;OCCCUO9414N;BF SUPERIOR - PROAP;90;APLICACOES DIRETAS;3;DESPESAS CORRENTES;3;OUTRAS DESPESAS CORRENTES;33;PASSAGENS E DESPESAS COM LOCOMOCAO;339033;PASSAGENS E DESPESAS COM LOCOMOCAO;12;RECURSOS DEST.A MANUT.E DES.DO ENSINO;;;;;7,146,100.29;3,373,603.51;3,702,325.70;3,460,408.20
2015;153038;UNIVERSIDADE FEDERAL DA BAHIA;12;EDUCACAO;364;ENSINO SUPERIOR;2032;EDUCACAO SUPERIOR - GRADUACAO, POS-GRADUACAO, ENSINO, PESQUI;0487;CONCESSAO DE BOLSAS DE ESTUDO NO ENSINO SUPERIOR;0002;CONCESSAO DE BOLSAS DE ESTUDOS NO PAIS;12364203204870001;087493;OCCCUO9414N;BF SUPERIOR - PROAP;90;APLICACOES DIRETAS;3;DESPESAS CORRENTES;3;OUTRAS DESPESAS CORRENTES;36;OUTROS SERVICOS DE TERCEIROS - P.FISICA;339036;OUTROS SERVICOS DE TERCEIROS - PESSOA FISICA;12;RECURSOS DEST.A MANUT.E DES.DO ENSINO;;;;;2,428,257.80;1,265,725.40;1,162,532.40;1,149,379.40
2015;153038;UNIVERSIDADE FEDERAL DA BAHIA;12;EDUCACAO;364;ENSINO SUPERIOR;2032;EDUCACAO SUPERIOR - GRADUACAO, POS-GRADUACAO, ENSINO, PESQUI;0487;CONCESSAO DE BOLSAS DE ESTUDO NO ENSINO SUPERIOR;0002;CONCESSAO DE BOLSAS DE ESTUDOS NO PAIS;12364203204870001;087493;OCCCUO9414N;BF SUPERIOR - PROAP;90;APLICACOES DIRETAS;3;DESPESAS CORRENTES;3;OUTRAS DESPESAS CORRENTES;39;OUTROS SERVICOS DE TERCEIROS PJ - OP.INT.ORC.;339039;OUTROS SERVICOS DE TERCEIROS - PESSOA JURIDICA;12;RECURSOS DEST.A MANUT.E DES.DO ENSINO;;;;;4,724,617.90;1,653,013.63;690,225.06;42,685.00
2015;153038;UNIVERSIDADE FEDERAL DA BAHIA;12;EDUCACAO;364;ENSINO SUPERIOR;2032;EDUCACAO SUPERIOR - GRADUACAO, POS-GRADUACAO, ENSINO, PESQUI;0487;CONCESSAO DE BOLSAS DE ESTUDO NO ENSINO SUPERIOR;0002;CONCESSAO DE BOLSAS DE ESTUDOS NO PAIS;12364203204870001;087493;OCCCUO9414N;BF SUPERIOR - PROAP;90;APLICACOES DIRETAS;3;DESPESAS CORRENTES;3;OUTRAS DESPESAS CORRENTES;93;INDENIZACOES E RESTITUICOES;339093;INDENIZACOES E RESTITUICOES;12;RECURSOS DEST.A MANUT.E DES.DO ENSINO;;;;;1,127,199.23;253,989.35;827,936.16;717,112.32
2015;153038;UNIVERSIDADE FEDERAL DA BAHIA;12;EDUCACAO;368;EDUCACAO BASICA;2030;EDUCACAO BASICA;20RJ;APOIO A CAPACITACAO E FORMACAO INICIAL E CONTINUADA PARA A E;0003;EDUCACAO BASICA PRESENCIAL;12368203020RJ0001;087496;PCC92B5801N;PARFOR - PARFOR;90;APLICACOES DIRETAS;3;DESPESAS CORRENTES;3;OUTRAS DESPESAS CORRENTES;14;DIARIAS - PESSOAL CIVIL;339014;DIARIAS - PESSOAL CIVIL;08;FUNDO SOCIAL-PARC.DEST.EDUCACAO PUBL.E SAUDE;;;;;54,621.35;44,311.95;10,309.40;10,113.95
2015;153038;UNIVERSIDADE FEDERAL DA BAHIA;12;EDUCACAO;368;EDUCACAO BASICA;2030;EDUCACAO BASICA;20RJ;APOIO A CAPACITACAO E FORMACAO INICIAL E CONTINUADA PARA A E;0003;EDUCACAO BASICA PRESENCIAL;12368203020RJ0001;087496;PCC92B5801N;PARFOR - PARFOR;90;APLICACOES DIRETAS;3;DESPESAS CORRENTES;3;OUTRAS DESPESAS CORRENTES;18;AUXILIO FINANCEIRO A ESTUDANTES;339018;AUXILIO FINANCEIRO A ESTUDANTES;08;FUNDO SOCIAL-PARC.DEST.EDUCACAO PUBL.E SAUDE;;;;;265,600.00;56,000.00;209,600.00;177,600.00
2015;153038;UNIVERSIDADE FEDERAL DA BAHIA;12;EDUCACAO;368;EDUCACAO BASICA;2030;EDUCACAO BASICA;20RJ;APOIO A CAPACITACAO E FORMACAO INICIAL E CONTINUADA PARA A E;0003;EDUCACAO BASICA PRESENCIAL;12368203020RJ0001;087496;PCC92B5801N;PARFOR - PARFOR;90;APLICACOES DIRETAS;3;DESPESAS CORRENTES;3;OUTRAS DESPESAS CORRENTES;30;MATERIAL DE CONSUMO;339030;MATERIAL DE CONSUMO;08;FUNDO SOCIAL-PARC.DEST.EDUCACAO PUBL.E SAUDE;;;;;168,630.00;46,718.50;121,911.50;99,348.30
2015;153038;UNIVERSIDADE FEDERAL DA BAHIA;12;EDUCACAO;368;EDUCACAO BASICA;2030;EDUCACAO BASICA;20RJ;APOIO A CAPACITACAO E FORMACAO INICIAL E CONTINUADA PARA A E;0003;EDUCACAO BASICA PRESENCIAL;12368203020RJ0001;087496;PCC92B5801N;PARFOR - PARFOR;90;APLICACOES DIRETAS;3;DESPESAS CORRENTES;3;OUTRAS DESPESAS CORRENTES;33;PASSAGENS E DESPESAS COM LOCOMOCAO;339033;PASSAGENS E DESPESAS COM LOCOMOCAO;08;FUNDO SOCIAL-PARC.DEST.EDUCACAO PUBL.E SAUDE;;;;;126,967.20;94,613.12;32,354.08;29,780.72
2015;153038;UNIVERSIDADE FEDERAL DA BAHIA;12;EDUCACAO;368;EDUCACAO BASICA;2030;EDUCACAO BASICA;20RJ;APOIO A CAPACITACAO E FORMACAO INICIAL E CONTINUADA PARA A E;0003;EDUCACAO BASICA PRESENCIAL;12368203020RJ0001;087496;PCC92B5801N;PARFOR - PARFOR;90;APLICACOES DIRETAS;3;DESPESAS CORRENTES;3;OUTRAS DESPESAS CORRENTES;36;OUTROS SERVICOS DE TERCEIROS - P.FISICA;339036;OUTROS SERVICOS DE TERCEIROS - PESSOA FISICA;08;FUNDO SOCIAL-PARC.DEST.EDUCACAO PUBL.E SAUDE;;;;;293,904.00;77,104.00;215,504.00;215,504.00
2015;153038;UNIVERSIDADE FEDERAL DA BAHIA;12;EDUCACAO;368;EDUCACAO BASICA;2030;EDUCACAO BASICA;20RJ;APOIO A CAPACITACAO E FORMACAO INICIAL E CONTINUADA PARA A E;0003;EDUCACAO BASICA PRESENCIAL;12368203020RJ0001;087496;PCC92B5801N;PARFOR - PARFOR;90;APLICACOES DIRETAS;3;DESPESAS CORRENTES;3;OUTRAS DESPESAS CORRENTES;39;OUTROS SERVICOS DE TERCEIROS PJ - OP.INT.ORC.;339039;OUTROS SERVICOS DE TERCEIROS - PESSOA JURIDICA;08;FUNDO SOCIAL-PARC.DEST.EDUCACAO PUBL.E SAUDE;;;;;35,502.60;17,751.30;;
2015;153038;UNIVERSIDADE FEDERAL DA BAHIA;12;EDUCACAO;368;EDUCACAO BASICA;2030;EDUCACAO BASICA;20RJ;APOIO A CAPACITACAO E FORMACAO INICIAL E CONTINUADA PARA A E;0003;EDUCACAO BASICA PRESENCIAL;12368203020RJ0001;087496;PCC92B5801N;PARFOR - PARFOR;91;APLICACOES DIRETAS - OPERACOES INTERNAS;3;DESPESAS CORRENTES;3;OUTRAS DESPESAS CORRENTES;47;OBRIGACOES TRIBUTARIAS E CONTRIBUTIVAS;339147;OBRIG.TRIBUT.E CONTRIB-OP.INTRA-ORCAMENTARIAS;08;FUNDO SOCIAL-PARC.DEST.EDUCACAO PUBL.E SAUDE;;;;;7,200.00;1,200.00;6,000.00;6,000.00
2015;153038;UNIVERSIDADE FEDERAL DA BAHIA;12;EDUCACAO;368;EDUCACAO BASICA;2030;EDUCACAO BASICA;20RJ;APOIO A CAPACITACAO E FORMACAO INICIAL E CONTINUADA PARA A E;0004;EDUCACAO BASICA A DISTANCIA;12368203020RJ0001;087497;MCC62G22EDN;UAB - UAB TRADICIONAL;90;APLICACOES DIRETAS;3;DESPESAS CORRENTES;3;OUTRAS DESPESAS CORRENTES;14;DIARIAS - PESSOAL CIVIL;339014;DIARIAS - PESSOAL CIVIL;08;FUNDO SOCIAL-PARC.DEST.EDUCACAO PUBL.E SAUDE;;;;;114,912.38;26,690.61;88,221.77;84,143.91
2015;153038;UNIVERSIDADE FEDERAL DA BAHIA;12;EDUCACAO;368;EDUCACAO BASICA;2030;EDUCACAO BASICA;20RJ;APOIO A CAPACITACAO E FORMACAO INICIAL E CONTINUADA PARA A E;0004;EDUCACAO BASICA A DISTANCIA;12368203020RJ0001;087497;MCC62G22EDN;UAB - UAB TRADICIONAL;90;APLICACOES DIRETAS;3;DESPESAS CORRENTES;3;OUTRAS DESPESAS CORRENTES;33;PASSAGENS E DESPESAS COM LOCOMOCAO;339033;PASSAGENS E DESPESAS COM LOCOMOCAO;08;FUNDO SOCIAL-PARC.DEST.EDUCACAO PUBL.E SAUDE;;;;;126,596.04;69,773.94;41,623.80;41,623.80
2015;153038;UNIVERSIDADE FEDERAL DA BAHIA;12;EDUCACAO;368;EDUCACAO BASICA;2030;EDUCACAO BASICA;20RJ;APOIO A CAPACITACAO E FORMACAO INICIAL E CONTINUADA PARA A E;0004;EDUCACAO BASICA A DISTANCIA;12368203020RJ0001;087497;MCC62G22EDN;UAB - UAB TRADICIONAL;90;APLICACOES DIRETAS;3;DESPESAS CORRENTES;3;OUTRAS DESPESAS CORRENTES;39;OUTROS SERVICOS DE TERCEIROS PJ - OP.INT.ORC.;339039;OUTROS SERVICOS DE TERCEIROS - PESSOA JURIDICA;08;FUNDO SOCIAL-PARC.DEST.EDUCACAO PUBL.E SAUDE;;;;;178,569.96;29,761.66;148,808.30;72,000.00
2015;153045;UNIVERSIDADE FEDERAL DO CEARA;12;EDUCACAO;364;ENSINO SUPERIOR;2032;EDUCACAO SUPERIOR - GRADUACAO, POS-GRADUACAO, ENSINO, PESQUI;0487;CONCESSAO DE BOLSAS DE ESTUDO NO ENSINO SUPERIOR;0002;CONCESSAO DE BOLSAS DE ESTUDOS NO PAIS;12364203204870001;087493;OCCCUO9414N;BF SUPERIOR - PROAP;90;APLICACOES DIRETAS;3;DESPESAS CORRENTES;3;OUTRAS DESPESAS CORRENTES;14;DIARIAS - PESSOAL CIVIL;339014;DIARIAS - PESSOAL CIVIL;12;RECURSOS DEST.A MANUT.E DES.DO ENSINO;;;;;1,356,089.43;549,496.35;806,593.08;724,074.72
2015;153045;UNIVERSIDADE FEDERAL DO CEARA;12;EDUCACAO;364;ENSINO SUPERIOR;2032;EDUCACAO SUPERIOR - GRADUACAO, POS-GRADUACAO, ENSINO, PESQUI;0487;CONCESSAO DE BOLSAS DE ESTUDO NO ENSINO SUPERIOR;0002;CONCESSAO DE BOLSAS DE ESTUDOS NO PAIS;12364203204870001;087493;OCCCUO9414N;BF SUPERIOR - PROAP;90;APLICACOES DIRETAS;3;DESPESAS CORRENTES;3;OUTRAS DESPESAS CORRENTES;18;AUXILIO FINANCEIRO A ESTUDANTES;339018;AUXILIO FINANCEIRO A ESTUDANTES;12;RECURSOS DEST.A MANUT.E DES.DO ENSINO;;;;;6,906,160.65;2,663,319.95;4,242,840.70;3,690,113.25
2015;153045;UNIVERSIDADE FEDERAL DO CEARA;12;EDUCACAO;364;ENSINO SUPERIOR;2032;EDUCACAO SUPERIOR - GRADUACAO, POS-GRADUACAO, ENSINO, PESQUI;0487;CONCESSAO DE BOLSAS DE ESTUDO NO ENSINO SUPERIOR;0002;CONCESSAO DE BOLSAS DE ESTUDOS NO PAIS;12364203204870001;087493;OCCCUO9414N;BF SUPERIOR - PROAP;90;APLICACOES DIRETAS;3;DESPESAS CORRENTES;3;OUTRAS DESPESAS CORRENTES;20;AUXILIO FINANCEIRO A PESQUISADORES;339020;AUXILIO FINANCEIRO A PESQUISADORES;12;RECURSOS DEST.A MANUT.E DES.DO ENSINO;;;;;2,478,836.50;858,262.40;1,620,570.80;1,407,963.40
2015;153045;UNIVERSIDADE FEDERAL DO CEARA;12;EDUCACAO;364;ENSINO SUPERIOR;2032;EDUCACAO SUPERIOR - GRADUACAO, POS-GRADUACAO, ENSINO, PESQUI;0487;CONCESSAO DE BOLSAS DE ESTUDO NO ENSINO SUPERIOR;0002;CONCESSAO DE BOLSAS DE ESTUDOS NO PAIS;12364203204870001;087493;OCCCUO9414N;BF SUPERIOR - PROAP;90;APLICACOES DIRETAS;3;DESPESAS CORRENTES;3;OUTRAS DESPESAS CORRENTES;30;MATERIAL DE CONSUMO;339030;MATERIAL DE CONSUMO;12;RECURSOS DEST.A MANUT.E DES.DO ENSINO;;;;;270,180.00;45,030.00;225,150.00;225,150.00
2015;153045;UNIVERSIDADE FEDERAL DO CEARA;12;EDUCACAO;364;ENSINO SUPERIOR;2032;EDUCACAO SUPERIOR - GRADUACAO, POS-GRADUACAO, ENSINO, PESQUI;0487;CONCESSAO DE BOLSAS DE ESTUDO NO ENSINO SUPERIOR;0002;CONCESSAO DE BOLSAS DE ESTUDOS NO PAIS;12364203204870001;087493;OCCCUO9414N;BF SUPERIOR - PROAP;90;APLICACOES DIRETAS;3;DESPESAS CORRENTES;3;OUTRAS DESPESAS CORRENTES;33;PASSAGENS E DESPESAS COM LOCOMOCAO;339033;PASSAGENS E DESPESAS COM LOCOMOCAO;12;RECURSOS DEST.A MANUT.E DES.DO ENSINO;;;;;2,205,000.00;635,571.14;1,483,300.30;891,788.21
2015;153045;UNIVERSIDADE FEDERAL DO CEARA;12;EDUCACAO;364;ENSINO SUPERIOR;2032;EDUCACAO SUPERIOR - GRADUACAO, POS-GRADUACAO, ENSINO, PESQUI;0487;CONCESSAO DE BOLSAS DE ESTUDO NO ENSINO SUPERIOR;0002;CONCESSAO DE BOLSAS DE ESTUDOS NO PAIS;12364203204870001;087493;OCCCUO9414N;BF SUPERIOR - PROAP;90;APLICACOES DIRETAS;3;DESPESAS CORRENTES;3;OUTRAS DESPESAS CORRENTES;36;OUTROS SERVICOS DE TERCEIROS - P.FISICA;339036;OUTROS SERVICOS DE TERCEIROS - PESSOA FISICA;12;RECURSOS DEST.A MANUT.E DES.DO ENSINO;;;;;83,515.20;75,969.60;7,545.60;5,868.80
2015;153045;UNIVERSIDADE FEDERAL DO CEARA;12;EDUCACAO;364;ENSINO SUPERIOR;2032;EDUCACAO SUPERIOR - GRADUACAO, POS-GRADUACAO, ENSINO, PESQUI;0487;CONCESSAO DE BOLSAS DE ESTUDO NO ENSINO SUPERIOR;0002;CONCESSAO DE BOLSAS DE ESTUDOS NO PAIS;12364203204870001;087493;OCCCUO9414N;BF SUPERIOR - PROAP;90;APLICACOES DIRETAS;3;DESPESAS CORRENTES;3;OUTRAS DESPESAS CORRENTES;39;OUTROS SERVICOS DE TERCEIROS PJ - OP.INT.ORC.;339039;OUTROS SERVICOS DE TERCEIROS - PESSOA JURIDICA;12;RECURSOS DEST.A MANUT.E DES.DO ENSINO;;;;;2,144,878.80;813,961.15;693,061.94;347,548.55
2015;153046;UNIVERSIDADE FEDERAL DO ESPIRITO SANTO;12;EDUCACAO;364;ENSINO SUPERIOR;2032;EDUCACAO SUPERIOR - GRADUACAO, POS-GRADUACAO, ENSINO, PESQUI;0487;CONCESSAO DE BOLSAS DE ESTUDO NO ENSINO SUPERIOR;0002;CONCESSAO DE BOLSAS DE ESTUDOS NO PAIS;12364203204870001;087493;OCCCUO9414N;BF SUPERIOR - PROAP;50;TRANSFERENCIA INSTITUICOES PRIVADAS SEM FINS LUCRATIVOS;3;DESPESAS CORRENTES;3;OUTRAS DESPESAS CORRENTES;41;CONTRIBUICOES;335041;CONTRIBUICOES;12;RECURSOS DEST.A MANUT.E DES.DO ENSINO;;;;;0.00;0.00;;
2015;153046;UNIVERSIDADE FEDERAL DO ESPIRITO SANTO;12;EDUCACAO;364;ENSINO SUPERIOR;2032;EDUCACAO SUPERIOR - GRADUACAO, POS-GRADUACAO, ENSINO, PESQUI;0487;CONCESSAO DE BOLSAS DE ESTUDO NO ENSINO SUPERIOR;0002;CONCESSAO DE BOLSAS DE ESTUDOS NO PAIS;12364203204870001;087493;OCCCUO9414N;BF SUPERIOR - PROAP;90;APLICACOES DIRETAS;3;DESPESAS CORRENTES;3;OUTRAS DESPESAS CORRENTES;14;DIARIAS - PESSOAL CIVIL;339014;DIARIAS - PESSOAL CIVIL;12;RECURSOS DEST.A MANUT.E DES.DO ENSINO;;;;;3,927,356.87;1,820,158.46;2,107,198.41;1,862,807.15
2015;153046;UNIVERSIDADE FEDERAL DO ESPIRITO SANTO;12;EDUCACAO;364;ENSINO SUPERIOR;2032;EDUCACAO SUPERIOR - GRADUACAO, POS-GRADUACAO, ENSINO, PESQUI;0487;CONCESSAO DE BOLSAS DE ESTUDO NO ENSINO SUPERIOR;0002;CONCESSAO DE BOLSAS DE ESTUDOS NO PAIS;12364203204870001;087493;OCCCUO9414N;BF SUPERIOR - PROAP;90;APLICACOES DIRETAS;3;DESPESAS CORRENTES;3;OUTRAS DESPESAS CORRENTES;18;AUXILIO FINANCEIRO A ESTUDANTES;339018;AUXILIO FINANCEIRO A ESTUDANTES;12;RECURSOS DEST.A MANUT.E DES.DO ENSINO;;;;;7,966,057.12;3,293,206.60;4,669,807.38;2,306,541.66
2015;153046;UNIVERSIDADE FEDERAL DO ESPIRITO SANTO;12;EDUCACAO;364;ENSINO SUPERIOR;2032;EDUCACAO SUPERIOR - GRADUACAO, POS-GRADUACAO, ENSINO, PESQUI;0487;CONCESSAO DE BOLSAS DE ESTUDO NO ENSINO SUPERIOR;0002;CONCESSAO DE BOLSAS DE ESTUDOS NO PAIS;12364203204870001;087493;OCCCUO9414N;BF SUPERIOR - PROAP;90;APLICACOES DIRETAS;3;DESPESAS CORRENTES;3;OUTRAS DESPESAS CORRENTES;20;AUXILIO FINANCEIRO A PESQUISADORES;339020;AUXILIO FINANCEIRO A PESQUISADORES;12;RECURSOS DEST.A MANUT.E DES.DO ENSINO;;;;;2,534,274.24;1,177,114.38;1,333,776.45;718,137.41
2015;153046;UNIVERSIDADE FEDERAL DO ESPIRITO SANTO;12;EDUCACAO;364;ENSINO SUPERIOR;2032;EDUCACAO SUPERIOR - GRADUACAO, POS-GRADUACAO, ENSINO, PESQUI;0487;CONCESSAO DE BOLSAS DE ESTUDO NO ENSINO SUPERIOR;0002;CONCESSAO DE BOLSAS DE ESTUDOS NO PAIS;12364203204870001;087493;OCCCUO9414N;BF SUPERIOR - PROAP;90;APLICACOES DIRETAS;3;DESPESAS CORRENTES;3;OUTRAS DESPESAS CORRENTES;30;MATERIAL DE CONSUMO;339030;MATERIAL DE CONSUMO;12;RECURSOS DEST.A MANUT.E DES.DO ENSINO;;;;;953,274.84;229,908.29;351,868.09;7,251.06
2015;153046;UNIVERSIDADE FEDERAL DO ESPIRITO SANTO;12;EDUCACAO;364;ENSINO SUPERIOR;2032;EDUCACAO SUPERIOR - GRADUACAO, POS-GRADUACAO, ENSINO, PESQUI;0487;CONCESSAO DE BOLSAS DE ESTUDO NO ENSINO SUPERIOR;0002;CONCESSAO DE BOLSAS DE ESTUDOS NO PAIS;12364203204870001;087493;OCCCUO9414N;BF SUPERIOR - PROAP;90;APLICACOES DIRETAS;3;DESPESAS CORRENTES;3;OUTRAS DESPESAS CORRENTES;33;PASSAGENS E DESPESAS COM LOCOMOCAO;339033;PASSAGENS E DESPESAS COM LOCOMOCAO;12;RECURSOS DEST.A MANUT.E DES.DO ENSINO;;;;;5,804,877.11;3,431,613.69;1,921,227.41;1,304,587.42
2015;153046;UNIVERSIDADE FEDERAL DO ESPIRITO SANTO;12;EDUCACAO;364;ENSINO SUPERIOR;2032;EDUCACAO SUPERIOR - GRADUACAO, POS-GRADUACAO, ENSINO, PESQUI;0487;CONCESSAO DE BOLSAS DE ESTUDO NO ENSINO SUPERIOR;0002;CONCESSAO DE BOLSAS DE ESTUDOS NO PAIS;12364203204870001;087493;OCCCUO9414N;BF SUPERIOR - PROAP;90;APLICACOES DIRETAS;3;DESPESAS CORRENTES;3;OUTRAS DESPESAS CORRENTES;36;OUTROS SERVICOS DE TERCEIROS - P.FISICA;339036;OUTROS SERVICOS DE TERCEIROS - PESSOA FISICA;12;RECURSOS DEST.A MANUT.E DES.DO ENSINO;;;;;535,885.80;213,344.60;321,193.30;274,265.86
2015;153046;UNIVERSIDADE FEDERAL DO ESPIRITO SANTO;12;EDUCACAO;364;ENSINO SUPERIOR;2032;EDUCACAO SUPERIOR - GRADUACAO, POS-GRADUACAO, ENSINO, PESQUI;0487;CONCESSAO DE BOLSAS DE ESTUDO NO ENSINO SUPERIOR;0002;CONCESSAO DE BOLSAS DE ESTUDOS NO PAIS;12364203204870001;087493;OCCCUO9414N;BF SUPERIOR - PROAP;90;APLICACOES DIRETAS;3;DESPESAS CORRENTES;3;OUTRAS DESPESAS CORRENTES;39;OUTROS SERVICOS DE TERCEIROS PJ - OP.INT.ORC.;339039;OUTROS SERVICOS DE TERCEIROS - PESSOA JURIDICA;12;RECURSOS DEST.A MANUT.E DES.DO ENSINO;;;;;2,406,761.55;710,380.42;789,815.24;99,917.92
2015;153046;UNIVERSIDADE FEDERAL DO ESPIRITO SANTO;12;EDUCACAO;364;ENSINO SUPERIOR;2032;EDUCACAO SUPERIOR - GRADUACAO, POS-GRADUACAO, ENSINO, PESQUI;0487;CONCESSAO DE BOLSAS DE ESTUDO NO ENSINO SUPERIOR;0002;CONCESSAO DE BOLSAS DE ESTUDOS NO PAIS;12364203204870001;087493;OCCCUO9414N;BF SUPERIOR - PROAP;91;APLICACOES DIRETAS - OPERACOES INTERNAS;3;DESPESAS CORRENTES;3;OUTRAS DESPESAS CORRENTES;47;OBRIGACOES TRIBUTARIAS E CONTRIBUTIVAS;339147;OBRIG.TRIBUT.E CONTRIB-OP.INTRA-ORCAMENTARIAS;12;RECURSOS DEST.A MANUT.E DES.DO ENSINO;;;;;18,653.20;3,160.80;15,492.40;15,492.40
2015;153046;UNIVERSIDADE FEDERAL DO ESPIRITO SANTO;12;EDUCACAO;368;EDUCACAO BASICA;2030;EDUCACAO BASICA;20RJ;APOIO A CAPACITACAO E FORMACAO INICIAL E CONTINUADA PARA A E;0004;EDUCACAO BASICA A DISTANCIA;12368203020RJ0001;087497;MCC62G22EDN;UAB - UAB TRADICIONAL;90;APLICACOES DIRETAS;3;DESPESAS CORRENTES;3;OUTRAS DESPESAS CORRENTES;39;OUTROS SERVICOS DE TERCEIROS PJ - OP.INT.ORC.;339039;OUTROS SERVICOS DE TERCEIROS - PESSOA JURIDICA;08;FUNDO SOCIAL-PARC.DEST.EDUCACAO PUBL.E SAUDE;;;;;792,940.00;198,235.00;594,705.00;
2015;153052;UNIVERSIDADE FEDERAL DE GOIAS;12;EDUCACAO;364;ENSINO SUPERIOR;2032;EDUCACAO SUPERIOR - GRADUACAO, POS-GRADUACAO, ENSINO, PESQUI;0487;CONCESSAO DE BOLSAS DE ESTUDO NO ENSINO SUPERIOR;0002;CONCESSAO DE BOLSAS DE ESTUDOS NO PAIS;12364203204870001;087493;OCCCUO9414N;BF SUPERIOR - PROAP;90;APLICACOES DIRETAS;3;DESPESAS CORRENTES;3;OUTRAS DESPESAS CORRENTES;14;DIARIAS - PESSOAL CIVIL;339014;DIARIAS - PESSOAL CIVIL;12;RECURSOS DEST.A MANUT.E DES.DO ENSINO;;;;;4,158,936.26;1,795,478.67;2,363,457.59;2,225,058.47
2015;153052;UNIVERSIDADE FEDERAL DE GOIAS;12;EDUCACAO;364;ENSINO SUPERIOR;2032;EDUCACAO SUPERIOR - GRADUACAO, POS-GRADUACAO, ENSINO, PESQUI;0487;CONCESSAO DE BOLSAS DE ESTUDO NO ENSINO SUPERIOR;0002;CONCESSAO DE BOLSAS DE ESTUDOS NO PAIS;12364203204870001;087493;OCCCUO9414N;BF SUPERIOR - PROAP;90;APLICACOES DIRETAS;3;DESPESAS CORRENTES;3;OUTRAS DESPESAS CORRENTES;18;AUXILIO FINANCEIRO A ESTUDANTES;339018;AUXILIO FINANCEIRO A ESTUDANTES;12;RECURSOS DEST.A MANUT.E DES.DO ENSINO;;;;;3,310,064.20;1,676,102.79;1,630,961.41;1,448,815.67
2015;153052;UNIVERSIDADE FEDERAL DE GOIAS;12;EDUCACAO;364;ENSINO SUPERIOR;2032;EDUCACAO SUPERIOR - GRADUACAO, POS-GRADUACAO, ENSINO, PESQUI;0487;CONCESSAO DE BOLSAS DE ESTUDO NO ENSINO SUPERIOR;0002;CONCESSAO DE BOLSAS DE ESTUDOS NO PAIS;12364203204870001;087493;OCCCUO9414N;BF SUPERIOR - PROAP;90;APLICACOES DIRETAS;3;DESPESAS CORRENTES;3;OUTRAS DESPESAS CORRENTES;20;AUXILIO FINANCEIRO A PESQUISADORES;339020;AUXILIO FINANCEIRO A PESQUISADORES;12;RECURSOS DEST.A MANUT.E DES.DO ENSINO;;;;;1,042,670.61;544,662.60;498,008.01;437,988.91
2015;153052;UNIVERSIDADE FEDERAL DE GOIAS;12;EDUCACAO;364;ENSINO SUPERIOR;2032;EDUCACAO SUPERIOR - GRADUACAO, POS-GRADUACAO, ENSINO, PESQUI;0487;CONCESSAO DE BOLSAS DE ESTUDO NO ENSINO SUPERIOR;0002;CONCESSAO DE BOLSAS DE ESTUDOS NO PAIS;12364203204870001;087493;OCCCUO9414N;BF SUPERIOR - PROAP;90;APLICACOES DIRETAS;3;DESPESAS CORRENTES;3;OUTRAS DESPESAS CORRENTES;30;MATERIAL DE CONSUMO;339030;MATERIAL DE CONSUMO;12;RECURSOS DEST.A MANUT.E DES.DO ENSINO;;;;;5,071,545.50;1,533,764.83;2,416,776.70;361,981.24
2015;153052;UNIVERSIDADE FEDERAL DE GOIAS;12;EDUCACAO;364;ENSINO SUPERIOR;2032;EDUCACAO SUPERIOR - GRADUACAO, POS-GRADUACAO, ENSINO, PESQUI;0487;CONCESSAO DE BOLSAS DE ESTUDO NO ENSINO SUPERIOR;0002;CONCESSAO DE BOLSAS DE ESTUDOS NO PAIS;12364203204870001;087493;OCCCUO9414N;BF SUPERIOR - PROAP;90;APLICACOES DIRETAS;3;DESPESAS CORRENTES;3;OUTRAS DESPESAS CORRENTES;33;PASSAGENS E DESPESAS COM LOCOMOCAO;339033;PASSAGENS E DESPESAS COM LOCOMOCAO;12;RECURSOS DEST.A MANUT.E DES.DO ENSINO;;;;;4,509,051.91;2,043,975.73;2,461,702.14;2,171,870.44
2015;153052;UNIVERSIDADE FEDERAL DE GOIAS;12;EDUCACAO;364;ENSINO SUPERIOR;2032;EDUCACAO SUPERIOR - GRADUACAO, POS-GRADUACAO, ENSINO, PESQUI;0487;CONCESSAO DE BOLSAS DE ESTUDO NO ENSINO SUPERIOR;0002;CONCESSAO DE BOLSAS DE ESTUDOS NO PAIS;12364203204870001;087493;OCCCUO9414N;BF SUPERIOR - PROAP;90;APLICACOES DIRETAS;3;DESPESAS CORRENTES;3;OUTRAS DESPESAS CORRENTES;36;OUTROS SERVICOS DE TERCEIROS - P.FISICA;339036;OUTROS SERVICOS DE TERCEIROS - PESSOA FISICA;12;RECURSOS DEST.A MANUT.E DES.DO ENSINO;;;;;902,222.10;532,197.00;370,025.10;336,906.10
2015;153052;UNIVERSIDADE FEDERAL DE GOIAS;12;EDUCACAO;364;ENSINO SUPERIOR;2032;EDUCACAO SUPERIOR - GRADUACAO, POS-GRADUACAO, ENSINO, PESQUI;0487;CONCESSAO DE BOLSAS DE ESTUDO NO ENSINO SUPERIOR;0002;CONCESSAO DE BOLSAS DE ESTUDOS NO PAIS;12364203204870001;087493;OCCCUO9414N;BF SUPERIOR - PROAP;90;APLICACOES DIRETAS;3;DESPESAS CORRENTES;3;OUTRAS DESPESAS CORRENTES;39;OUTROS SERVICOS DE TERCEIROS PJ - OP.INT.ORC.;339039;OUTROS SERVICOS DE TERCEIROS - PESSOA JURIDICA;12;RECURSOS DEST.A MANUT.E DES.DO ENSINO;;;;;2,272,802.38;549,423.91;361,715.61;248,497.06
2015;153052;UNIVERSIDADE FEDERAL DE GOIAS;12;EDUCACAO;364;ENSINO SUPERIOR;2032;EDUCACAO SUPERIOR - GRADUACAO, POS-GRADUACAO, ENSINO, PESQUI;0487;CONCESSAO DE BOLSAS DE ESTUDO NO ENSINO SUPERIOR;0002;CONCESSAO DE BOLSAS DE ESTUDOS NO PAIS;12364203204870001;087493;OCCCUO9414N;BF SUPERIOR - PROAP;90;APLICACOES DIRETAS;3;DESPESAS CORRENTES;3;OUTRAS DESPESAS CORRENTES;93;INDENIZACOES E RESTITUICOES;339093;INDENIZACOES E RESTITUICOES;12;RECURSOS DEST.A MANUT.E DES.DO ENSINO;;;;;1,828,951.77;81,404.66;1,701,552.76;1,169,700.93
2015;153052;UNIVERSIDADE FEDERAL DE GOIAS;12;EDUCACAO;368;EDUCACAO BASICA;2030;EDUCACAO BASICA;20RJ;APOIO A CAPACITACAO E FORMACAO INICIAL E CONTINUADA PARA A E;0004;EDUCACAO BASICA A DISTANCIA;12368203020RJ0001;087497;MCC62G22EDN;UAB - UAB TRADICIONAL;90;APLICACOES DIRETAS;3;DESPESAS CORRENTES;3;OUTRAS DESPESAS CORRENTES;20;AUXILIO FINANCEIRO A PESQUISADORES;339020;AUXILIO FINANCEIRO A PESQUISADORES;08;FUNDO SOCIAL-PARC.DEST.EDUCACAO PUBL.E SAUDE;;;;;2,475,056.66;1,392,606.66;483,350.00;478,050.00
2015;153052;UNIVERSIDADE FEDERAL DE GOIAS;12;EDUCACAO;368;EDUCACAO BASICA;2030;EDUCACAO BASICA;20RJ;APOIO A CAPACITACAO E FORMACAO INICIAL E CONTINUADA PARA A E;0004;EDUCACAO BASICA A DISTANCIA;12368203020RJ0001;087497;MCC62G22EDN;UAB - UAB TRADICIONAL;90;APLICACOES DIRETAS;3;DESPESAS CORRENTES;3;OUTRAS DESPESAS CORRENTES;33;PASSAGENS E DESPESAS COM LOCOMOCAO;339033;PASSAGENS E DESPESAS COM LOCOMOCAO;08;FUNDO SOCIAL-PARC.DEST.EDUCACAO PUBL.E SAUDE;;;;;113,031.04;77,998.00;19,458.12;14,424.87
2015;153061;UNIVERSIDADE FEDERAL DE JUIZ DE FORA;12;EDUCACAO;364;ENSINO SUPERIOR;2032;EDUCACAO SUPERIOR - GRADUACAO, POS-GRADUACAO, ENSINO, PESQUI;0487;CONCESSAO DE BOLSAS DE ESTUDO NO ENSINO SUPERIOR;0002;CONCESSAO DE BOLSAS DE ESTUDOS NO PAIS;12364203204870001;087493;OCCCUO9414N;BF SUPERIOR - PROAP;90;APLICACOES DIRETAS;3;DESPESAS CORRENTES;3;OUTRAS DESPESAS CORRENTES;14;DIARIAS - PESSOAL CIVIL;339014;DIARIAS - PESSOAL CIVIL;12;RECURSOS DEST.A MANUT.E DES.DO ENSINO;;;;;441,654.44;152,595.16;289,059.28;243,449.67
2015;153061;UNIVERSIDADE FEDERAL DE JUIZ DE FORA;12;EDUCACAO;364;ENSINO SUPERIOR;2032;EDUCACAO SUPERIOR - GRADUACAO, POS-GRADUACAO, ENSINO, PESQUI;0487;CONCESSAO DE BOLSAS DE ESTUDO NO ENSINO SUPERIOR;0002;CONCESSAO DE BOLSAS DE ESTUDOS NO PAIS;12364203204870001;087493;OCCCUO9414N;BF SUPERIOR - PROAP;90;APLICACOES DIRETAS;3;DESPESAS CORRENTES;3;OUTRAS DESPESAS CORRENTES;18;AUXILIO FINANCEIRO A ESTUDANTES;339018;AUXILIO FINANCEIRO A ESTUDANTES;12;RECURSOS DEST.A MANUT.E DES.DO ENSINO;;;;;554,740.72;138,685.18;;
2015;153061;UNIVERSIDADE FEDERAL DE JUIZ DE FORA;12;EDUCACAO;364;ENSINO SUPERIOR;2032;EDUCACAO SUPERIOR - GRADUACAO, POS-GRADUACAO, ENSINO, PESQUI;0487;CONCESSAO DE BOLSAS DE ESTUDO NO ENSINO SUPERIOR;0002;CONCESSAO DE BOLSAS DE ESTUDOS NO PAIS;12364203204870001;087493;OCCCUO9414N;BF SUPERIOR - PROAP;90;APLICACOES DIRETAS;3;DESPESAS CORRENTES;3;OUTRAS DESPESAS CORRENTES;33;PASSAGENS E DESPESAS COM LOCOMOCAO;339033;PASSAGENS E DESPESAS COM LOCOMOCAO;12;RECURSOS DEST.A MANUT.E DES.DO ENSINO;;;;;1,237,000.97;299,926.31;;
2015;153061;UNIVERSIDADE FEDERAL DE JUIZ DE FORA;12;EDUCACAO;364;ENSINO SUPERIOR;2032;EDUCACAO SUPERIOR - GRADUACAO, POS-GRADUACAO, ENSINO, PESQUI;0487;CONCESSAO DE BOLSAS DE ESTUDO NO ENSINO SUPERIOR;0002;CONCESSAO DE BOLSAS DE ESTUDOS NO PAIS;12364203204870001;087493;OCCCUO9414N;BF SUPERIOR - PROAP;90;APLICACOES DIRETAS;3;DESPESAS CORRENTES;3;OUTRAS DESPESAS CORRENTES;36;OUTROS SERVICOS DE TERCEIROS - P.FISICA;339036;OUTROS SERVICOS DE TERCEIROS - PESSOA FISICA;12;RECURSOS DEST.A MANUT.E DES.DO ENSINO;;;;;1,500.00;1,500.00;;
2015;153061;UNIVERSIDADE FEDERAL DE JUIZ DE FORA;12;EDUCACAO;364;ENSINO SUPERIOR;2032;EDUCACAO SUPERIOR - GRADUACAO, POS-GRADUACAO, ENSINO, PESQUI;0487;CONCESSAO DE BOLSAS DE ESTUDO NO ENSINO SUPERIOR;0002;CONCESSAO DE BOLSAS DE ESTUDOS NO PAIS;12364203204870001;087493;OCCCUO9414N;BF SUPERIOR - PROAP;90;APLICACOES DIRETAS;3;DESPESAS CORRENTES;3;OUTRAS DESPESAS CORRENTES;39;OUTROS SERVICOS DE TERCEIROS PJ - OP.INT.ORC.;339039;OUTROS SERVICOS DE TERCEIROS - PESSOA JURIDICA;12;RECURSOS DEST.A MANUT.E DES.DO ENSINO;;;;;60,250.00;22,141.00;26,034.00;
2015;153061;UNIVERSIDADE FEDERAL DE JUIZ DE FORA;12;EDUCACAO;364;ENSINO SUPERIOR;2032;EDUCACAO SUPERIOR - GRADUACAO, POS-GRADUACAO, ENSINO, PESQUI;0487;CONCESSAO DE BOLSAS DE ESTUDO NO ENSINO SUPERIOR;0002;CONCESSAO DE BOLSAS DE ESTUDOS NO PAIS;12364203204870001;087493;OCCCUO9414N;BF SUPERIOR - PROAP;90;APLICACOES DIRETAS;3;DESPESAS CORRENTES;3;OUTRAS DESPESAS CORRENTES;93;INDENIZACOES E RESTITUICOES;339093;INDENIZACOES E RESTITUICOES;12;RECURSOS DEST.A MANUT.E DES.DO ENSINO;;;;;8,885.44;1,616.00;7,269.44;7,169.44
2015;153061;UNIVERSIDADE FEDERAL DE JUIZ DE FORA;12;EDUCACAO;368;EDUCACAO BASICA;2030;EDUCACAO BASICA;20RJ;APOIO A CAPACITACAO E FORMACAO INICIAL E CONTINUADA PARA A E;0004;EDUCACAO BASICA A DISTANCIA;12368203020RJ0001;087497;MCC62G22EDN;UAB - UAB TRADICIONAL;90;APLICACOES DIRETAS;3;DESPESAS CORRENTES;3;OUTRAS DESPESAS CORRENTES;14;DIARIAS - PESSOAL CIVIL;339014;DIARIAS - PESSOAL CIVIL;08;FUNDO SOCIAL-PARC.DEST.EDUCACAO PUBL.E SAUDE;;;;;243,750.58;125,776.60;117,973.98;100,368.97
2015;153061;UNIVERSIDADE FEDERAL DE JUIZ DE FORA;12;EDUCACAO;368;EDUCACAO BASICA;2030;EDUCACAO BASICA;20RJ;APOIO A CAPACITACAO E FORMACAO INICIAL E CONTINUADA PARA A E;0004;EDUCACAO BASICA A DISTANCIA;12368203020RJ0001;087497;MCC62G22EDN;UAB - UAB TRADICIONAL;90;APLICACOES DIRETAS;3;DESPESAS CORRENTES;3;OUTRAS DESPESAS CORRENTES;30;MATERIAL DE CONSUMO;339030;MATERIAL DE CONSUMO;08;FUNDO SOCIAL-PARC.DEST.EDUCACAO PUBL.E SAUDE;;;;;1,664.00;416.00;;
2015;153061;UNIVERSIDADE FEDERAL DE JUIZ DE FORA;12;EDUCACAO;368;EDUCACAO BASICA;2030;EDUCACAO BASICA;20RJ;APOIO A CAPACITACAO E FORMACAO INICIAL E CONTINUADA PARA A E;0004;EDUCACAO BASICA A DISTANCIA;12368203020RJ0001;087497;MCC62G22EDN;UAB - UAB TRADICIONAL;90;APLICACOES DIRETAS;3;DESPESAS CORRENTES;3;OUTRAS DESPESAS CORRENTES;33;PASSAGENS E DESPESAS COM LOCOMOCAO;339033;PASSAGENS E DESPESAS COM LOCOMOCAO;08;FUNDO SOCIAL-PARC.DEST.EDUCACAO PUBL.E SAUDE;;;;;2,180,993.32;545,248.33;;
2015;153061;UNIVERSIDADE FEDERAL DE JUIZ DE FORA;12;EDUCACAO;368;EDUCACAO BASICA;2030;EDUCACAO BASICA;20RJ;APOIO A CAPACITACAO E FORMACAO INICIAL E CONTINUADA PARA A E;0004;EDUCACAO BASICA A DISTANCIA;12368203020RJ0001;087497;MCC62G22EDN;UAB - UAB TRADICIONAL;90;APLICACOES DIRETAS;3;DESPESAS CORRENTES;3;OUTRAS DESPESAS CORRENTES;36;OUTROS SERVICOS DE TERCEIROS - P.FISICA;339036;OUTROS SERVICOS DE TERCEIROS - PESSOA FISICA;08;FUNDO SOCIAL-PARC.DEST.EDUCACAO PUBL.E SAUDE;;;;;999,448.87;148,936.20;509,287.51;409,834.60
2015;153061;UNIVERSIDADE FEDERAL DE JUIZ DE FORA;12;EDUCACAO;368;EDUCACAO BASICA;2030;EDUCACAO BASICA;20RJ;APOIO A CAPACITACAO E FORMACAO INICIAL E CONTINUADA PARA A E;0004;EDUCACAO BASICA A DISTANCIA;12368203020RJ0001;087497;MCC62G22EDN;UAB - UAB TRADICIONAL;91;APLICACOES DIRETAS - OPERACOES INTERNAS;3;DESPESAS CORRENTES;3;OUTRAS DESPESAS CORRENTES;47;OBRIGACOES TRIBUTARIAS E CONTRIBUTIVAS;339147;OBRIG.TRIBUT.E CONTRIB-OP.INTRA-ORCAMENTARIAS;08;FUNDO SOCIAL-PARC.DEST.EDUCACAO PUBL.E SAUDE;;;;;120,000.00;27,994.06;50,264.84;37,011.88
2015;153063;UNIVERSIDADE FEDERAL DO PARA;12;EDUCACAO;364;ENSINO SUPERIOR;2032;EDUCACAO SUPERIOR - GRADUACAO, POS-GRADUACAO, ENSINO, PESQUI;0487;CONCESSAO DE BOLSAS DE ESTUDO NO ENSINO SUPERIOR;0002;CONCESSAO DE BOLSAS DE ESTUDOS NO PAIS;12364203204870001;087493;OCCCUO9414N;BF SUPERIOR - PROAP;50;TRANSFERENCIA INSTITUICOES PRIVADAS SEM FINS LUCRATIVOS;3;DESPESAS CORRENTES;3;OUTRAS DESPESAS CORRENTES;41;CONTRIBUICOES;335041;CONTRIBUICOES;12;RECURSOS DEST.A MANUT.E DES.DO ENSINO;;;;;29,323.00;0.00;29,323.00;24,237.00
2015;153063;UNIVERSIDADE FEDERAL DO PARA;12;EDUCACAO;364;ENSINO SUPERIOR;2032;EDUCACAO SUPERIOR - GRADUACAO, POS-GRADUACAO, ENSINO, PESQUI;0487;CONCESSAO DE BOLSAS DE ESTUDO NO ENSINO SUPERIOR;0002;CONCESSAO DE BOLSAS DE ESTUDOS NO PAIS;12364203204870001;087493;OCCCUO9414N;BF SUPERIOR - PROAP;90;APLICACOES DIRETAS;3;DESPESAS CORRENTES;3;OUTRAS DESPESAS CORRENTES;14;DIARIAS - PESSOAL CIVIL;339014;DIARIAS - PESSOAL CIVIL;12;RECURSOS DEST.A MANUT.E DES.DO ENSINO;;;;;3,858,177.65;2,378,657.00;1,479,520.65;1,291,870.92
2015;153063;UNIVERSIDADE FEDERAL DO PARA;12;EDUCACAO;364;ENSINO SUPERIOR;2032;EDUCACAO SUPERIOR - GRADUACAO, POS-GRADUACAO, ENSINO, PESQUI;0487;CONCESSAO DE BOLSAS DE ESTUDO NO ENSINO SUPERIOR;0002;CONCESSAO DE BOLSAS DE ESTUDOS NO PAIS;12364203204870001;087493;OCCCUO9414N;BF SUPERIOR - PROAP;90;APLICACOES DIRETAS;3;DESPESAS CORRENTES;3;OUTRAS DESPESAS CORRENTES;18;AUXILIO FINANCEIRO A ESTUDANTES;339018;AUXILIO FINANCEIRO A ESTUDANTES;12;RECURSOS DEST.A MANUT.E DES.DO ENSINO;;;;;4,973,945.92;2,805,170.72;2,168,775.20;1,479,817.20
2015;153063;UNIVERSIDADE FEDERAL DO PARA;12;EDUCACAO;364;ENSINO SUPERIOR;2032;EDUCACAO SUPERIOR - GRADUACAO, POS-GRADUACAO, ENSINO, PESQUI;0487;CONCESSAO DE BOLSAS DE ESTUDO NO ENSINO SUPERIOR;0002;CONCESSAO DE BOLSAS DE ESTUDOS NO PAIS;12364203204870001;087493;OCCCUO9414N;BF SUPERIOR - PROAP;90;APLICACOES DIRETAS;3;DESPESAS CORRENTES;3;OUTRAS DESPESAS CORRENTES;30;MATERIAL DE CONSUMO;339030;MATERIAL DE CONSUMO;12;RECURSOS DEST.A MANUT.E DES.DO ENSINO;;;;;43,450.00;15,800.00;27,650.00;23,700.00
2015;153063;UNIVERSIDADE FEDERAL DO PARA;12;EDUCACAO;364;ENSINO SUPERIOR;2032;EDUCACAO SUPERIOR - GRADUACAO, POS-GRADUACAO, ENSINO, PESQUI;0487;CONCESSAO DE BOLSAS DE ESTUDO NO ENSINO SUPERIOR;0002;CONCESSAO DE BOLSAS DE ESTUDOS NO PAIS;12364203204870001;087493;OCCCUO9414N;BF SUPERIOR - PROAP;90;APLICACOES DIRETAS;3;DESPESAS CORRENTES;3;OUTRAS DESPESAS CORRENTES;33;PASSAGENS E DESPESAS COM LOCOMOCAO;339033;PASSAGENS E DESPESAS COM LOCOMOCAO;12;RECURSOS DEST.A MANUT.E DES.DO ENSINO;;;;;16615500.00;9,893,932.39;3,521,894.54;3,008,319.30
2015;153063;UNIVERSIDADE FEDERAL DO PARA;12;EDUCACAO;364;ENSINO SUPERIOR;2032;EDUCACAO SUPERIOR - GRADUACAO, POS-GRADUACAO, ENSINO, PESQUI;0487;CONCESSAO DE BOLSAS DE ESTUDO NO ENSINO SUPERIOR;0002;CONCESSAO DE BOLSAS DE ESTUDOS NO PAIS;12364203204870001;087493;OCCCUO9414N;BF SUPERIOR - PROAP;90;APLICACOES DIRETAS;3;DESPESAS CORRENTES;3;OUTRAS DESPESAS CORRENTES;36;OUTROS SERVICOS DE TERCEIROS - P.FISICA;339036;OUTROS SERVICOS DE TERCEIROS - PESSOA FISICA;12;RECURSOS DEST.A MANUT.E DES.DO ENSINO;;;;;1,733,916.10;1,456,691.50;277,224.60;241,441.80
2015;153063;UNIVERSIDADE FEDERAL DO PARA;12;EDUCACAO;364;ENSINO SUPERIOR;2032;EDUCACAO SUPERIOR - GRADUACAO, POS-GRADUACAO, ENSINO, PESQUI;0487;CONCESSAO DE BOLSAS DE ESTUDO NO ENSINO SUPERIOR;0002;CONCESSAO DE BOLSAS DE ESTUDOS NO PAIS;12364203204870001;087493;OCCCUO9414N;BF SUPERIOR - PROAP;90;APLICACOES DIRETAS;3;DESPESAS CORRENTES;3;OUTRAS DESPESAS CORRENTES;39;OUTROS SERVICOS DE TERCEIROS PJ - OP.INT.ORC.;339039;OUTROS SERVICOS DE TERCEIROS - PESSOA JURIDICA;12;RECURSOS DEST.A MANUT.E DES.DO ENSINO;;;;;3,200,004.68;332,994.33;2,807,547.11;2,316,768.12
2015;153063;UNIVERSIDADE FEDERAL DO PARA;12;EDUCACAO;368;EDUCACAO BASICA;2030;EDUCACAO BASICA;20RJ;APOIO A CAPACITACAO E FORMACAO INICIAL E CONTINUADA PARA A E;0003;EDUCACAO BASICA PRESENCIAL;12368203020RJ0001;087496;PCC92B5801N;PARFOR - PARFOR;90;APLICACOES DIRETAS;3;DESPESAS CORRENTES;3;OUTRAS DESPESAS CORRENTES;39;OUTROS SERVICOS DE TERCEIROS PJ - OP.INT.ORC.;339039;OUTROS SERVICOS DE TERCEIROS - PESSOA JURIDICA;08;FUNDO SOCIAL-PARC.DEST.EDUCACAO PUBL.E SAUDE;;;;;14120000.00;739,803.86;13380196.14;9,400,000.00
2015;153063;UNIVERSIDADE FEDERAL DO PARA;12;EDUCACAO;368;EDUCACAO BASICA;2030;EDUCACAO BASICA;20RJ;APOIO A CAPACITACAO E FORMACAO INICIAL E CONTINUADA PARA A E;0004;EDUCACAO BASICA A DISTANCIA;12368203020RJ0001;087497;MCC62G22EDN;UAB - UAB TRADICIONAL;90;APLICACOES DIRETAS;3;DESPESAS CORRENTES;3;OUTRAS DESPESAS CORRENTES;14;DIARIAS - PESSOAL CIVIL;339014;DIARIAS - PESSOAL CIVIL;08;FUNDO SOCIAL-PARC.DEST.EDUCACAO PUBL.E SAUDE;;;;;0.00;0.00;;
2015;153063;UNIVERSIDADE FEDERAL DO PARA;12;EDUCACAO;368;EDUCACAO BASICA;2030;EDUCACAO BASICA;20RJ;APOIO A CAPACITACAO E FORMACAO INICIAL E CONTINUADA PARA A E;0004;EDUCACAO BASICA A DISTANCIA;12368203020RJ0001;087497;MCC62G22EDN;UAB - UAB TRADICIONAL;90;APLICACOES DIRETAS;3;DESPESAS CORRENTES;3;OUTRAS DESPESAS CORRENTES;33;PASSAGENS E DESPESAS COM LOCOMOCAO;339033;PASSAGENS E DESPESAS COM LOCOMOCAO;08;FUNDO SOCIAL-PARC.DEST.EDUCACAO PUBL.E SAUDE;;;;;0.00;0.00;;
2015;153063;UNIVERSIDADE FEDERAL DO PARA;12;EDUCACAO;368;EDUCACAO BASICA;2030;EDUCACAO BASICA;20RJ;APOIO A CAPACITACAO E FORMACAO INICIAL E CONTINUADA PARA A E;0004;EDUCACAO BASICA A DISTANCIA;12368203020RJ0001;087497;MCC62G22EDN;UAB - UAB TRADICIONAL;90;APLICACOES DIRETAS;3;DESPESAS CORRENTES;3;OUTRAS DESPESAS CORRENTES;36;OUTROS SERVICOS DE TERCEIROS - P.FISICA;339036;OUTROS SERVICOS DE TERCEIROS - PESSOA FISICA;08;FUNDO SOCIAL-PARC.DEST.EDUCACAO PUBL.E SAUDE;;;;;0.00;0.00;;
2015;153063;UNIVERSIDADE FEDERAL DO PARA;12;EDUCACAO;368;EDUCACAO BASICA;2030;EDUCACAO BASICA;20RJ;APOIO A CAPACITACAO E FORMACAO INICIAL E CONTINUADA PARA A E;0004;EDUCACAO BASICA A DISTANCIA;12368203020RJ0001;087497;MCC62G22EDN;UAB - UAB TRADICIONAL;90;APLICACOES DIRETAS;3;DESPESAS CORRENTES;3;OUTRAS DESPESAS CORRENTES;39;OUTROS SERVICOS DE TERCEIROS PJ - OP.INT.ORC.;339039;OUTROS SERVICOS DE TERCEIROS - PESSOA JURIDICA;08;FUNDO SOCIAL-PARC.DEST.EDUCACAO PUBL.E SAUDE;;;;;2,737,063.00;391,009.00;2,346,054.00;2,346,054.00
2015;153063;UNIVERSIDADE FEDERAL DO PARA;12;EDUCACAO;368;EDUCACAO BASICA;2030;EDUCACAO BASICA;20RJ;APOIO A CAPACITACAO E FORMACAO INICIAL E CONTINUADA PARA A E;0004;EDUCACAO BASICA A DISTANCIA;12368203020RJ0001;087497;MCC62G22EDN;UAB - UAB TRADICIONAL;90;APLICACOES DIRETAS;3;DESPESAS CORRENTES;3;OUTRAS DESPESAS CORRENTES;47;OBRIGACOES TRIBUTARIAS E CONTRIBUTIVAS;339047;OBRIGACOES TRIBUTARIAS E CONTRIBUTIVAS;08;FUNDO SOCIAL-PARC.DEST.EDUCACAO PUBL.E SAUDE;;;;;0.00;0.00;;
2015;153065;UNIVERSIDADE FEDERAL DA PARAIBA;12;EDUCACAO;364;ENSINO SUPERIOR;2032;EDUCACAO SUPERIOR - GRADUACAO, POS-GRADUACAO, ENSINO, PESQUI;0487;CONCESSAO DE BOLSAS DE ESTUDO NO ENSINO SUPERIOR;0002;CONCESSAO DE BOLSAS DE ESTUDOS NO PAIS;12364203204870001;087493;OCCCUO9414N;BF SUPERIOR - PROAP;90;APLICACOES DIRETAS;3;DESPESAS CORRENTES;3;OUTRAS DESPESAS CORRENTES;14;DIARIAS - PESSOAL CIVIL;339014;DIARIAS - PESSOAL CIVIL;12;RECURSOS DEST.A MANUT.E DES.DO ENSINO;;;;;905,558.89;465,359.43;440,199.46;388,616.67
2015;153065;UNIVERSIDADE FEDERAL DA PARAIBA;12;EDUCACAO;364;ENSINO SUPERIOR;2032;EDUCACAO SUPERIOR - GRADUACAO, POS-GRADUACAO, ENSINO, PESQUI;0487;CONCESSAO DE BOLSAS DE ESTUDO NO ENSINO SUPERIOR;0002;CONCESSAO DE BOLSAS DE ESTUDOS NO PAIS;12364203204870001;087493;OCCCUO9414N;BF SUPERIOR - PROAP;90;APLICACOES DIRETAS;3;DESPESAS CORRENTES;3;OUTRAS DESPESAS CORRENTES;18;AUXILIO FINANCEIRO A ESTUDANTES;339018;AUXILIO FINANCEIRO A ESTUDANTES;12;RECURSOS DEST.A MANUT.E DES.DO ENSINO;;;;;770,942.28;308,656.78;360,660.44;244,564.86
2015;153065;UNIVERSIDADE FEDERAL DA PARAIBA;12;EDUCACAO;364;ENSINO SUPERIOR;2032;EDUCACAO SUPERIOR - GRADUACAO, POS-GRADUACAO, ENSINO, PESQUI;0487;CONCESSAO DE BOLSAS DE ESTUDO NO ENSINO SUPERIOR;0002;CONCESSAO DE BOLSAS DE ESTUDOS NO PAIS;12364203204870001;087493;OCCCUO9414N;BF SUPERIOR - PROAP;90;APLICACOES DIRETAS;3;DESPESAS CORRENTES;3;OUTRAS DESPESAS CORRENTES;30;MATERIAL DE CONSUMO;339030;MATERIAL DE CONSUMO;12;RECURSOS DEST.A MANUT.E DES.DO ENSINO;;;;;228,432.71;91,370.30;3,506.64;3,416.34
2015;153065;UNIVERSIDADE FEDERAL DA PARAIBA;12;EDUCACAO;364;ENSINO SUPERIOR;2032;EDUCACAO SUPERIOR - GRADUACAO, POS-GRADUACAO, ENSINO, PESQUI;0487;CONCESSAO DE BOLSAS DE ESTUDO NO ENSINO SUPERIOR;0002;CONCESSAO DE BOLSAS DE ESTUDOS NO PAIS;12364203204870001;087493;OCCCUO9414N;BF SUPERIOR - PROAP;90;APLICACOES DIRETAS;3;DESPESAS CORRENTES;3;OUTRAS DESPESAS CORRENTES;33;PASSAGENS E DESPESAS COM LOCOMOCAO;339033;PASSAGENS E DESPESAS COM LOCOMOCAO;12;RECURSOS DEST.A MANUT.E DES.DO ENSINO;;;;;1,202,354.79;622,972.42;558,091.43;558,091.43
2015;153065;UNIVERSIDADE FEDERAL DA PARAIBA;12;EDUCACAO;364;ENSINO SUPERIOR;2032;EDUCACAO SUPERIOR - GRADUACAO, POS-GRADUACAO, ENSINO, PESQUI;0487;CONCESSAO DE BOLSAS DE ESTUDO NO ENSINO SUPERIOR;0002;CONCESSAO DE BOLSAS DE ESTUDOS NO PAIS;12364203204870001;087493;OCCCUO9414N;BF SUPERIOR - PROAP;90;APLICACOES DIRETAS;3;DESPESAS CORRENTES;3;OUTRAS DESPESAS CORRENTES;36;OUTROS SERVICOS DE TERCEIROS - P.FISICA;339036;OUTROS SERVICOS DE TERCEIROS - PESSOA FISICA;12;RECURSOS DEST.A MANUT.E DES.DO ENSINO;;;;;10,402.90;3,213.10;7,189.80;7,189.80
2015;153065;UNIVERSIDADE FEDERAL DA PARAIBA;12;EDUCACAO;364;ENSINO SUPERIOR;2032;EDUCACAO SUPERIOR - GRADUACAO, POS-GRADUACAO, ENSINO, PESQUI;0487;CONCESSAO DE BOLSAS DE ESTUDO NO ENSINO SUPERIOR;0002;CONCESSAO DE BOLSAS DE ESTUDOS NO PAIS;12364203204870001;087493;OCCCUO9414N;BF SUPERIOR - PROAP;90;APLICACOES DIRETAS;3;DESPESAS CORRENTES;3;OUTRAS DESPESAS CORRENTES;39;OUTROS SERVICOS DE TERCEIROS PJ - OP.INT.ORC.;339039;OUTROS SERVICOS DE TERCEIROS - PESSOA JURIDICA;12;RECURSOS DEST.A MANUT.E DES.DO ENSINO;;;;;675,604.57;329,272.21;115,425.36;102,038.64
2015;153065;UNIVERSIDADE FEDERAL DA PARAIBA;12;EDUCACAO;368;EDUCACAO BASICA;2030;EDUCACAO BASICA;20RJ;APOIO A CAPACITACAO E FORMACAO INICIAL E CONTINUADA PARA A E;0004;EDUCACAO BASICA A DISTANCIA;12368203020RJ0001;087497;MCC62G22EDN;UAB - UAB TRADICIONAL;90;APLICACOES DIRETAS;3;DESPESAS CORRENTES;3;OUTRAS DESPESAS CORRENTES;14;DIARIAS - PESSOAL CIVIL;339014;DIARIAS - PESSOAL CIVIL;08;FUNDO SOCIAL-PARC.DEST.EDUCACAO PUBL.E SAUDE;;;;;871,568.40;628,515.76;243,052.64;239,522.15
2015;153065;UNIVERSIDADE FEDERAL DA PARAIBA;12;EDUCACAO;368;EDUCACAO BASICA;2030;EDUCACAO BASICA;20RJ;APOIO A CAPACITACAO E FORMACAO INICIAL E CONTINUADA PARA A E;0004;EDUCACAO BASICA A DISTANCIA;12368203020RJ0001;087497;MCC62G22EDN;UAB - UAB TRADICIONAL;90;APLICACOES DIRETAS;3;DESPESAS CORRENTES;3;OUTRAS DESPESAS CORRENTES;30;MATERIAL DE CONSUMO;339030;MATERIAL DE CONSUMO;08;FUNDO SOCIAL-PARC.DEST.EDUCACAO PUBL.E SAUDE;;;;;509,953.40;235,231.56;146,520.17;128,753.72
2015;153065;UNIVERSIDADE FEDERAL DA PARAIBA;12;EDUCACAO;368;EDUCACAO BASICA;2030;EDUCACAO BASICA;20RJ;APOIO A CAPACITACAO E FORMACAO INICIAL E CONTINUADA PARA A E;0004;EDUCACAO BASICA A DISTANCIA;12368203020RJ0001;087497;MCC62G22EDN;UAB - UAB TRADICIONAL;90;APLICACOES DIRETAS;3;DESPESAS CORRENTES;3;OUTRAS DESPESAS CORRENTES;33;PASSAGENS E DESPESAS COM LOCOMOCAO;339033;PASSAGENS E DESPESAS COM LOCOMOCAO;08;FUNDO SOCIAL-PARC.DEST.EDUCACAO PUBL.E SAUDE;;;;;1,078,435.29;692,563.34;228,260.83;223,941.31
2015;153065;UNIVERSIDADE FEDERAL DA PARAIBA;12;EDUCACAO;368;EDUCACAO BASICA;2030;EDUCACAO BASICA;20RJ;APOIO A CAPACITACAO E FORMACAO INICIAL E CONTINUADA PARA A E;0004;EDUCACAO BASICA A DISTANCIA;12368203020RJ0001;087497;MCC62G22EDN;UAB - UAB TRADICIONAL;90;APLICACOES DIRETAS;3;DESPESAS CORRENTES;3;OUTRAS DESPESAS CORRENTES;36;OUTROS SERVICOS DE TERCEIROS - P.FISICA;339036;OUTROS SERVICOS DE TERCEIROS - PESSOA FISICA;08;FUNDO SOCIAL-PARC.DEST.EDUCACAO PUBL.E SAUDE;;;;;1,235,150.82;760,361.42;474,789.40;472,291.90
2015;153065;UNIVERSIDADE FEDERAL DA PARAIBA;12;EDUCACAO;368;EDUCACAO BASICA;2030;EDUCACAO BASICA;20RJ;APOIO A CAPACITACAO E FORMACAO INICIAL E CONTINUADA PARA A E;0004;EDUCACAO BASICA A DISTANCIA;12368203020RJ0001;087497;MCC62G22EDN;UAB - UAB TRADICIONAL;90;APLICACOES DIRETAS;3;DESPESAS CORRENTES;3;OUTRAS DESPESAS CORRENTES;39;OUTROS SERVICOS DE TERCEIROS PJ - OP.INT.ORC.;339039;OUTROS SERVICOS DE TERCEIROS - PESSOA JURIDICA;08;FUNDO SOCIAL-PARC.DEST.EDUCACAO PUBL.E SAUDE;;;;;447,880.00;198,267.40;19,048.05;19,048.05
2015;153066;SUPERINTENDENCIA DE ORCAMENTO E FINANCAS/UFPB;12;EDUCACAO;368;EDUCACAO BASICA;2030;EDUCACAO BASICA;20RJ;APOIO A CAPACITACAO E FORMACAO INICIAL E CONTINUADA PARA A E;0004;EDUCACAO BASICA A DISTANCIA;12368203020RJ0001;087497;MCC62G22EDN;UAB - UAB TRADICIONAL;90;APLICACOES DIRETAS;3;DESPESAS CORRENTES;3;OUTRAS DESPESAS CORRENTES;30;MATERIAL DE CONSUMO;339030;MATERIAL DE CONSUMO;08;FUNDO SOCIAL-PARC.DEST.EDUCACAO PUBL.E SAUDE;;;;;32,000.00;3,872.51;25,396.86;12,382.47
2015;153068;CENTRO DE CIENC.EXATAS E DA NATUREZA DA UFPB;12;EDUCACAO;364;ENSINO SUPERIOR;2032;EDUCACAO SUPERIOR - GRADUACAO, POS-GRADUACAO, ENSINO, PESQUI;0487;CONCESSAO DE BOLSAS DE ESTUDO NO ENSINO SUPERIOR;0002;CONCESSAO DE BOLSAS DE ESTUDOS NO PAIS;12364203204870001;087493;OCCCUO9414N;BF SUPERIOR - PROAP;90;APLICACOES DIRETAS;3;DESPESAS CORRENTES;3;OUTRAS DESPESAS CORRENTES;14;DIARIAS - PESSOAL CIVIL;339014;DIARIAS - PESSOAL CIVIL;12;RECURSOS DEST.A MANUT.E DES.DO ENSINO;;;;;479,208.25;226,777.93;252,430.32;209,962.33
2015;153068;CENTRO DE CIENC.EXATAS E DA NATUREZA DA UFPB;12;EDUCACAO;364;ENSINO SUPERIOR;2032;EDUCACAO SUPERIOR - GRADUACAO, POS-GRADUACAO, ENSINO, PESQUI;0487;CONCESSAO DE BOLSAS DE ESTUDO NO ENSINO SUPERIOR;0002;CONCESSAO DE BOLSAS DE ESTUDOS NO PAIS;12364203204870001;087493;OCCCUO9414N;BF SUPERIOR - PROAP;90;APLICACOES DIRETAS;3;DESPESAS CORRENTES;3;OUTRAS DESPESAS CORRENTES;18;AUXILIO FINANCEIRO A ESTUDANTES;339018;AUXILIO FINANCEIRO A ESTUDANTES;12;RECURSOS DEST.A MANUT.E DES.DO ENSINO;;;;;706,690.94;80,306.64;626,384.30;478,492.00
2015;153068;CENTRO DE CIENC.EXATAS E DA NATUREZA DA UFPB;12;EDUCACAO;364;ENSINO SUPERIOR;2032;EDUCACAO SUPERIOR - GRADUACAO, POS-GRADUACAO, ENSINO, PESQUI;0487;CONCESSAO DE BOLSAS DE ESTUDO NO ENSINO SUPERIOR;0002;CONCESSAO DE BOLSAS DE ESTUDOS NO PAIS;12364203204870001;087493;OCCCUO9414N;BF SUPERIOR - PROAP;90;APLICACOES DIRETAS;3;DESPESAS CORRENTES;3;OUTRAS DESPESAS CORRENTES;20;AUXILIO FINANCEIRO A PESQUISADORES;339020;AUXILIO FINANCEIRO A PESQUISADORES;12;RECURSOS DEST.A MANUT.E DES.DO ENSINO;;;;;4,585.20;1,287.20;3,298.00;3,298.00
2015;153068;CENTRO DE CIENC.EXATAS E DA NATUREZA DA UFPB;12;EDUCACAO;364;ENSINO SUPERIOR;2032;EDUCACAO SUPERIOR - GRADUACAO, POS-GRADUACAO, ENSINO, PESQUI;0487;CONCESSAO DE BOLSAS DE ESTUDO NO ENSINO SUPERIOR;0002;CONCESSAO DE BOLSAS DE ESTUDOS NO PAIS;12364203204870001;087493;OCCCUO9414N;BF SUPERIOR - PROAP;90;APLICACOES DIRETAS;3;DESPESAS CORRENTES;3;OUTRAS DESPESAS CORRENTES;30;MATERIAL DE CONSUMO;339030;MATERIAL DE CONSUMO;12;RECURSOS DEST.A MANUT.E DES.DO ENSINO;;;;;74,491.16;30,735.10;187.90;112.74
2015;153068;CENTRO DE CIENC.EXATAS E DA NATUREZA DA UFPB;12;EDUCACAO;364;ENSINO SUPERIOR;2032;EDUCACAO SUPERIOR - GRADUACAO, POS-GRADUACAO, ENSINO, PESQUI;0487;CONCESSAO DE BOLSAS DE ESTUDO NO ENSINO SUPERIOR;0002;CONCESSAO DE BOLSAS DE ESTUDOS NO PAIS;12364203204870001;087493;OCCCUO9414N;BF SUPERIOR - PROAP;90;APLICACOES DIRETAS;3;DESPESAS CORRENTES;3;OUTRAS DESPESAS CORRENTES;33;PASSAGENS E DESPESAS COM LOCOMOCAO;339033;PASSAGENS E DESPESAS COM LOCOMOCAO;12;RECURSOS DEST.A MANUT.E DES.DO ENSINO;;;;;341,722.83;243,159.00;85,347.66;80,297.81
2015;153068;CENTRO DE CIENC.EXATAS E DA NATUREZA DA UFPB;12;EDUCACAO;364;ENSINO SUPERIOR;2032;EDUCACAO SUPERIOR - GRADUACAO, POS-GRADUACAO, ENSINO, PESQUI;0487;CONCESSAO DE BOLSAS DE ESTUDO NO ENSINO SUPERIOR;0002;CONCESSAO DE BOLSAS DE ESTUDOS NO PAIS;12364203204870001;087493;OCCCUO9414N;BF SUPERIOR - PROAP;90;APLICACOES DIRETAS;3;DESPESAS CORRENTES;3;OUTRAS DESPESAS CORRENTES;36;OUTROS SERVICOS DE TERCEIROS - P.FISICA;339036;OUTROS SERVICOS DE TERCEIROS - PESSOA FISICA;12;RECURSOS DEST.A MANUT.E DES.DO ENSINO;;;;;30,236.00;7,436.00;22,800.00;22,800.00
2015;153068;CENTRO DE CIENC.EXATAS E DA NATUREZA DA UFPB;12;EDUCACAO;364;ENSINO SUPERIOR;2032;EDUCACAO SUPERIOR - GRADUACAO, POS-GRADUACAO, ENSINO, PESQUI;0487;CONCESSAO DE BOLSAS DE ESTUDO NO ENSINO SUPERIOR;0002;CONCESSAO DE BOLSAS DE ESTUDOS NO PAIS;12364203204870001;087493;OCCCUO9414N;BF SUPERIOR - PROAP;90;APLICACOES DIRETAS;3;DESPESAS CORRENTES;3;OUTRAS DESPESAS CORRENTES;39;OUTROS SERVICOS DE TERCEIROS PJ - OP.INT.ORC.;339039;OUTROS SERVICOS DE TERCEIROS - PESSOA JURIDICA;12;RECURSOS DEST.A MANUT.E DES.DO ENSINO;;;;;434,592.50;195,658.80;42,170.12;29,718.12
2015;153068;CENTRO DE CIENC.EXATAS E DA NATUREZA DA UFPB;12;EDUCACAO;368;EDUCACAO BASICA;2030;EDUCACAO BASICA;20RJ;APOIO A CAPACITACAO E FORMACAO INICIAL E CONTINUADA PARA A E;0004;EDUCACAO BASICA A DISTANCIA;12368203020RJ0001;087497;MCC62G22EDN;UAB - UAB TRADICIONAL;90;APLICACOES DIRETAS;3;DESPESAS CORRENTES;3;OUTRAS DESPESAS CORRENTES;39;OUTROS SERVICOS DE TERCEIROS PJ - OP.INT.ORC.;339039;OUTROS SERVICOS DE TERCEIROS - PESSOA JURIDICA;08;FUNDO SOCIAL-PARC.DEST.EDUCACAO PUBL.E SAUDE;;;;;245,000.00;140,000.00;;
2015;153073;CENTRO DE CIENCIAS AGRARIAS DA UFPB;12;EDUCACAO;364;ENSINO SUPERIOR;2032;EDUCACAO SUPERIOR - GRADUACAO, POS-GRADUACAO, ENSINO, PESQUI;0487;CONCESSAO DE BOLSAS DE ESTUDO NO ENSINO SUPERIOR;0002;CONCESSAO DE BOLSAS DE ESTUDOS NO PAIS;12364203204870001;087493;OCCCUO9414N;BF SUPERIOR - PROAP;90;APLICACOES DIRETAS;3;DESPESAS CORRENTES;3;OUTRAS DESPESAS CORRENTES;14;DIARIAS - PESSOAL CIVIL;339014;DIARIAS - PESSOAL CIVIL;12;RECURSOS DEST.A MANUT.E DES.DO ENSINO;;;;;256,828.82;114,954.81;141,874.01;138,193.91
2015;153073;CENTRO DE CIENCIAS AGRARIAS DA UFPB;12;EDUCACAO;364;ENSINO SUPERIOR;2032;EDUCACAO SUPERIOR - GRADUACAO, POS-GRADUACAO, ENSINO, PESQUI;0487;CONCESSAO DE BOLSAS DE ESTUDO NO ENSINO SUPERIOR;0002;CONCESSAO DE BOLSAS DE ESTUDOS NO PAIS;12364203204870001;087493;OCCCUO9414N;BF SUPERIOR - PROAP;90;APLICACOES DIRETAS;3;DESPESAS CORRENTES;3;OUTRAS DESPESAS CORRENTES;18;AUXILIO FINANCEIRO A ESTUDANTES;339018;AUXILIO FINANCEIRO A ESTUDANTES;12;RECURSOS DEST.A MANUT.E DES.DO ENSINO;;;;;563,458.68;76,760.23;486,698.45;295,794.07
2015;153073;CENTRO DE CIENCIAS AGRARIAS DA UFPB;12;EDUCACAO;364;ENSINO SUPERIOR;2032;EDUCACAO SUPERIOR - GRADUACAO, POS-GRADUACAO, ENSINO, PESQUI;0487;CONCESSAO DE BOLSAS DE ESTUDO NO ENSINO SUPERIOR;0002;CONCESSAO DE BOLSAS DE ESTUDOS NO PAIS;12364203204870001;087493;OCCCUO9414N;BF SUPERIOR - PROAP;90;APLICACOES DIRETAS;3;DESPESAS CORRENTES;3;OUTRAS DESPESAS CORRENTES;30;MATERIAL DE CONSUMO;339030;MATERIAL DE CONSUMO;12;RECURSOS DEST.A MANUT.E DES.DO ENSINO;;;;;88,105.72;17,035.56;61,208.20;27,376.68
2015;153073;CENTRO DE CIENCIAS AGRARIAS DA UFPB;12;EDUCACAO;364;ENSINO SUPERIOR;2032;EDUCACAO SUPERIOR - GRADUACAO, POS-GRADUACAO, ENSINO, PESQUI;0487;CONCESSAO DE BOLSAS DE ESTUDO NO ENSINO SUPERIOR;0002;CONCESSAO DE BOLSAS DE ESTUDOS NO PAIS;12364203204870001;087493;OCCCUO9414N;BF SUPERIOR - PROAP;90;APLICACOES DIRETAS;3;DESPESAS CORRENTES;3;OUTRAS DESPESAS CORRENTES;33;PASSAGENS E DESPESAS COM LOCOMOCAO;339033;PASSAGENS E DESPESAS COM LOCOMOCAO;12;RECURSOS DEST.A MANUT.E DES.DO ENSINO;;;;;47,391.06;20,914.14;26,455.32;22,046.10
2015;153073;CENTRO DE CIENCIAS AGRARIAS DA UFPB;12;EDUCACAO;364;ENSINO SUPERIOR;2032;EDUCACAO SUPERIOR - GRADUACAO, POS-GRADUACAO, ENSINO, PESQUI;0487;CONCESSAO DE BOLSAS DE ESTUDO NO ENSINO SUPERIOR;0002;CONCESSAO DE BOLSAS DE ESTUDOS NO PAIS;12364203204870001;087493;OCCCUO9414N;BF SUPERIOR - PROAP;90;APLICACOES DIRETAS;3;DESPESAS CORRENTES;3;OUTRAS DESPESAS CORRENTES;39;OUTROS SERVICOS DE TERCEIROS PJ - OP.INT.ORC.;339039;OUTROS SERVICOS DE TERCEIROS - PESSOA JURIDICA;12;RECURSOS DEST.A MANUT.E DES.DO ENSINO;;;;;600.00;283.80;32.40;27.00
2015;153074;CENTRO DE CIENC.HUMA. SOC. E AGRARIAS DA UFPB;12;EDUCACAO;364;ENSINO SUPERIOR;2032;EDUCACAO SUPERIOR - GRADUACAO, POS-GRADUACAO, ENSINO, PESQUI;0487;CONCESSAO DE BOLSAS DE ESTUDO NO ENSINO SUPERIOR;0002;CONCESSAO DE BOLSAS DE ESTUDOS NO PAIS;12364203204870001;087493;OCCCUO9414N;BF SUPERIOR - PROAP;90;APLICACOES DIRETAS;3;DESPESAS CORRENTES;3;OUTRAS DESPESAS CORRENTES;14;DIARIAS - PESSOAL CIVIL;339014;DIARIAS - PESSOAL CIVIL;12;RECURSOS DEST.A MANUT.E DES.DO ENSINO;;;;;27,168.80;19,782.60;7,386.20;5,886.60
2015;153074;CENTRO DE CIENC.HUMA. SOC. E AGRARIAS DA UFPB;12;EDUCACAO;364;ENSINO SUPERIOR;2032;EDUCACAO SUPERIOR - GRADUACAO, POS-GRADUACAO, ENSINO, PESQUI;0487;CONCESSAO DE BOLSAS DE ESTUDO NO ENSINO SUPERIOR;0002;CONCESSAO DE BOLSAS DE ESTUDOS NO PAIS;12364203204870001;087493;OCCCUO9414N;BF SUPERIOR - PROAP;90;APLICACOES DIRETAS;3;DESPESAS CORRENTES;3;OUTRAS DESPESAS CORRENTES;18;AUXILIO FINANCEIRO A ESTUDANTES;339018;AUXILIO FINANCEIRO A ESTUDANTES;12;RECURSOS DEST.A MANUT.E DES.DO ENSINO;;;;;51,540.00;24,930.00;;
2015;153074;CENTRO DE CIENC.HUMA. SOC. E AGRARIAS DA UFPB;12;EDUCACAO;364;ENSINO SUPERIOR;2032;EDUCACAO SUPERIOR - GRADUACAO, POS-GRADUACAO, ENSINO, PESQUI;0487;CONCESSAO DE BOLSAS DE ESTUDO NO ENSINO SUPERIOR;0002;CONCESSAO DE BOLSAS DE ESTUDOS NO PAIS;12364203204870001;087493;OCCCUO9414N;BF SUPERIOR - PROAP;90;APLICACOES DIRETAS;3;DESPESAS CORRENTES;3;OUTRAS DESPESAS CORRENTES;30;MATERIAL DE CONSUMO;339030;MATERIAL DE CONSUMO;12;RECURSOS DEST.A MANUT.E DES.DO ENSINO;;;;;15,227.00;6,090.80;;
2015;153074;CENTRO DE CIENC.HUMA. SOC. E AGRARIAS DA UFPB;12;EDUCACAO;364;ENSINO SUPERIOR;2032;EDUCACAO SUPERIOR - GRADUACAO, POS-GRADUACAO, ENSINO, PESQUI;0487;CONCESSAO DE BOLSAS DE ESTUDO NO ENSINO SUPERIOR;0002;CONCESSAO DE BOLSAS DE ESTUDOS NO PAIS;12364203204870001;087493;OCCCUO9414N;BF SUPERIOR - PROAP;90;APLICACOES DIRETAS;3;DESPESAS CORRENTES;3;OUTRAS DESPESAS CORRENTES;33;PASSAGENS E DESPESAS COM LOCOMOCAO;339033;PASSAGENS E DESPESAS COM LOCOMOCAO;12;RECURSOS DEST.A MANUT.E DES.DO ENSINO;;;;;11,520.00;11,520.00;;
2015;153074;CENTRO DE CIENC.HUMA. SOC. E AGRARIAS DA UFPB;12;EDUCACAO;368;EDUCACAO BASICA;2030;EDUCACAO BASICA;20RJ;APOIO A CAPACITACAO E FORMACAO INICIAL E CONTINUADA PARA A E;0004;EDUCACAO BASICA A DISTANCIA;12368203020RJ0001;087497;MCC62G22EDN;UAB - UAB TRADICIONAL;90;APLICACOES DIRETAS;3;DESPESAS CORRENTES;3;OUTRAS DESPESAS CORRENTES;14;DIARIAS - PESSOAL CIVIL;339014;DIARIAS - PESSOAL CIVIL;08;FUNDO SOCIAL-PARC.DEST.EDUCACAO PUBL.E SAUDE;;;;;137,536.25;39,176.65;98,359.60;91,707.25
2015;153074;CENTRO DE CIENC.HUMA. SOC. E AGRARIAS DA UFPB;12;EDUCACAO;368;EDUCACAO BASICA;2030;EDUCACAO BASICA;20RJ;APOIO A CAPACITACAO E FORMACAO INICIAL E CONTINUADA PARA A E;0004;EDUCACAO BASICA A DISTANCIA;12368203020RJ0001;087497;MCC62G22EDN;UAB - UAB TRADICIONAL;90;APLICACOES DIRETAS;3;DESPESAS CORRENTES;3;OUTRAS DESPESAS CORRENTES;18;AUXILIO FINANCEIRO A ESTUDANTES;339018;AUXILIO FINANCEIRO A ESTUDANTES;08;FUNDO SOCIAL-PARC.DEST.EDUCACAO PUBL.E SAUDE;;;;;37,520.96;22,650.60;4,400.00;3,200.00
2015;153074;CENTRO DE CIENC.HUMA. SOC. E AGRARIAS DA UFPB;12;EDUCACAO;368;EDUCACAO BASICA;2030;EDUCACAO BASICA;20RJ;APOIO A CAPACITACAO E FORMACAO INICIAL E CONTINUADA PARA A E;0004;EDUCACAO BASICA A DISTANCIA;12368203020RJ0001;087497;MCC62G22EDN;UAB - UAB TRADICIONAL;90;APLICACOES DIRETAS;3;DESPESAS CORRENTES;3;OUTRAS DESPESAS CORRENTES;30;MATERIAL DE CONSUMO;339030;MATERIAL DE CONSUMO;08;FUNDO SOCIAL-PARC.DEST.EDUCACAO PUBL.E SAUDE;;;;;61,588.00;35,794.00;9,629.25;
2015;153074;CENTRO DE CIENC.HUMA. SOC. E AGRARIAS DA UFPB;12;EDUCACAO;368;EDUCACAO BASICA;2030;EDUCACAO BASICA;20RJ;APOIO A CAPACITACAO E FORMACAO INICIAL E CONTINUADA PARA A E;0004;EDUCACAO BASICA A DISTANCIA;12368203020RJ0001;087497;MCC62G22EDN;UAB - UAB TRADICIONAL;90;APLICACOES DIRETAS;3;DESPESAS CORRENTES;3;OUTRAS DESPESAS CORRENTES;33;PASSAGENS E DESPESAS COM LOCOMOCAO;339033;PASSAGENS E DESPESAS COM LOCOMOCAO;08;FUNDO SOCIAL-PARC.DEST.EDUCACAO PUBL.E SAUDE;;;;;92,521.40;67,467.42;25,053.98;21,474.84
2015;153074;CENTRO DE CIENC.HUMA. SOC. E AGRARIAS DA UFPB;12;EDUCACAO;368;EDUCACAO BASICA;2030;EDUCACAO BASICA;20RJ;APOIO A CAPACITACAO E FORMACAO INICIAL E CONTINUADA PARA A E;0004;EDUCACAO BASICA A DISTANCIA;12368203020RJ0001;087497;MCC62G22EDN;UAB - UAB TRADICIONAL;90;APLICACOES DIRETAS;3;DESPESAS CORRENTES;3;OUTRAS DESPESAS CORRENTES;36;OUTROS SERVICOS DE TERCEIROS - P.FISICA;339036;OUTROS SERVICOS DE TERCEIROS - PESSOA FISICA;08;FUNDO SOCIAL-PARC.DEST.EDUCACAO PUBL.E SAUDE;;;;;193,858.48;81,513.55;86,163.60;82,045.40
2015;153079;UNIVERSIDADE FEDERAL DO PARANA;12;EDUCACAO;364;ENSINO SUPERIOR;2032;EDUCACAO SUPERIOR - GRADUACAO, POS-GRADUACAO, ENSINO, PESQUI;0487;CONCESSAO DE BOLSAS DE ESTUDO NO ENSINO SUPERIOR;0002;CONCESSAO DE BOLSAS DE ESTUDOS NO PAIS;12364203204870001;087493;OCCCUO9414N;BF SUPERIOR - PROAP;50;TRANSFERENCIA INSTITUICOES PRIVADAS SEM FINS LUCRATIVOS;3;DESPESAS CORRENTES;3;OUTRAS DESPESAS CORRENTES;41;CONTRIBUICOES;335041;CONTRIBUICOES;12;RECURSOS DEST.A MANUT.E DES.DO ENSINO;;;;;320,852.34;96,631.17;202,110.00;116,600.00
2015;153079;UNIVERSIDADE FEDERAL DO PARANA;12;EDUCACAO;364;ENSINO SUPERIOR;2032;EDUCACAO SUPERIOR - GRADUACAO, POS-GRADUACAO, ENSINO, PESQUI;0487;CONCESSAO DE BOLSAS DE ESTUDO NO ENSINO SUPERIOR;0002;CONCESSAO DE BOLSAS DE ESTUDOS NO PAIS;12364203204870001;087493;OCCCUO9414N;BF SUPERIOR - PROAP;50;TRANSFERENCIA INSTITUICOES PRIVADAS SEM FINS LUCRATIVOS;3;DESPESAS CORRENTES;3;OUTRAS DESPESAS CORRENTES;92;DESPESAS DE EXERCICIOS ANTERIORES;335092;DESPESAS DE EXERCICIOS ANTERIORES;12;RECURSOS DEST.A MANUT.E DES.DO ENSINO;;;;;54,000.00;0.00;54,000.00;
2015;153079;UNIVERSIDADE FEDERAL DO PARANA;12;EDUCACAO;364;ENSINO SUPERIOR;2032;EDUCACAO SUPERIOR - GRADUACAO, POS-GRADUACAO, ENSINO, PESQUI;0487;CONCESSAO DE BOLSAS DE ESTUDO NO ENSINO SUPERIOR;0002;CONCESSAO DE BOLSAS DE ESTUDOS NO PAIS;12364203204870001;087493;OCCCUO9414N;BF SUPERIOR - PROAP;90;APLICACOES DIRETAS;3;DESPESAS CORRENTES;3;OUTRAS DESPESAS CORRENTES;14;DIARIAS - PESSOAL CIVIL;339014;DIARIAS - PESSOAL CIVIL;12;RECURSOS DEST.A MANUT.E DES.DO ENSINO;;;;;2,244,511.41;627,268.89;1,617,242.52;1,483,472.94
2015;153079;UNIVERSIDADE FEDERAL DO PARANA;12;EDUCACAO;364;ENSINO SUPERIOR;2032;EDUCACAO SUPERIOR - GRADUACAO, POS-GRADUACAO, ENSINO, PESQUI;0487;CONCESSAO DE BOLSAS DE ESTUDO NO ENSINO SUPERIOR;0002;CONCESSAO DE BOLSAS DE ESTUDOS NO PAIS;12364203204870001;087493;OCCCUO9414N;BF SUPERIOR - PROAP;90;APLICACOES DIRETAS;3;DESPESAS CORRENTES;3;OUTRAS DESPESAS CORRENTES;18;AUXILIO FINANCEIRO A ESTUDANTES;339018;AUXILIO FINANCEIRO A ESTUDANTES;12;RECURSOS DEST.A MANUT.E DES.DO ENSINO;;;;;12660000.00;2,588,112.68;9,937,851.01;8,708,335.74
2015;153079;UNIVERSIDADE FEDERAL DO PARANA;12;EDUCACAO;364;ENSINO SUPERIOR;2032;EDUCACAO SUPERIOR - GRADUACAO, POS-GRADUACAO, ENSINO, PESQUI;0487;CONCESSAO DE BOLSAS DE ESTUDO NO ENSINO SUPERIOR;0002;CONCESSAO DE BOLSAS DE ESTUDOS NO PAIS;12364203204870001;087493;OCCCUO9414N;BF SUPERIOR - PROAP;90;APLICACOES DIRETAS;3;DESPESAS CORRENTES;3;OUTRAS DESPESAS CORRENTES;20;AUXILIO FINANCEIRO A PESQUISADORES;339020;AUXILIO FINANCEIRO A PESQUISADORES;12;RECURSOS DEST.A MANUT.E DES.DO ENSINO;;;;;8,350,954.24;821,641.40;7,466,000.00;6,756,460.00
2015;153079;UNIVERSIDADE FEDERAL DO PARANA;12;EDUCACAO;364;ENSINO SUPERIOR;2032;EDUCACAO SUPERIOR - GRADUACAO, POS-GRADUACAO, ENSINO, PESQUI;0487;CONCESSAO DE BOLSAS DE ESTUDO NO ENSINO SUPERIOR;0002;CONCESSAO DE BOLSAS DE ESTUDOS NO PAIS;12364203204870001;087493;OCCCUO9414N;BF SUPERIOR - PROAP;90;APLICACOES DIRETAS;3;DESPESAS CORRENTES;3;OUTRAS DESPESAS CORRENTES;30;MATERIAL DE CONSUMO;339030;MATERIAL DE CONSUMO;12;RECURSOS DEST.A MANUT.E DES.DO ENSINO;;;;;975,607.53;289,397.98;615,788.09;570,031.21
2015;153079;UNIVERSIDADE FEDERAL DO PARANA;12;EDUCACAO;364;ENSINO SUPERIOR;2032;EDUCACAO SUPERIOR - GRADUACAO, POS-GRADUACAO, ENSINO, PESQUI;0487;CONCESSAO DE BOLSAS DE ESTUDO NO ENSINO SUPERIOR;0002;CONCESSAO DE BOLSAS DE ESTUDOS NO PAIS;12364203204870001;087493;OCCCUO9414N;BF SUPERIOR - PROAP;90;APLICACOES DIRETAS;3;DESPESAS CORRENTES;3;OUTRAS DESPESAS CORRENTES;33;PASSAGENS E DESPESAS COM LOCOMOCAO;339033;PASSAGENS E DESPESAS COM LOCOMOCAO;12;RECURSOS DEST.A MANUT.E DES.DO ENSINO;;;;;5,382,436.65;2,016,377.62;3,074,901.26;2,703,306.50
2015;153079;UNIVERSIDADE FEDERAL DO PARANA;12;EDUCACAO;364;ENSINO SUPERIOR;2032;EDUCACAO SUPERIOR - GRADUACAO, POS-GRADUACAO, ENSINO, PESQUI;0487;CONCESSAO DE BOLSAS DE ESTUDO NO ENSINO SUPERIOR;0002;CONCESSAO DE BOLSAS DE ESTUDOS NO PAIS;12364203204870001;087493;OCCCUO9414N;BF SUPERIOR - PROAP;90;APLICACOES DIRETAS;3;DESPESAS CORRENTES;3;OUTRAS DESPESAS CORRENTES;36;OUTROS SERVICOS DE TERCEIROS - P.FISICA;339036;OUTROS SERVICOS DE TERCEIROS - PESSOA FISICA;12;RECURSOS DEST.A MANUT.E DES.DO ENSINO;;;;;1,328,801.10;343,138.20;985,662.90;877,050.80
2015;153079;UNIVERSIDADE FEDERAL DO PARANA;12;EDUCACAO;364;ENSINO SUPERIOR;2032;EDUCACAO SUPERIOR - GRADUACAO, POS-GRADUACAO, ENSINO, PESQUI;0487;CONCESSAO DE BOLSAS DE ESTUDO NO ENSINO SUPERIOR;0002;CONCESSAO DE BOLSAS DE ESTUDOS NO PAIS;12364203204870001;087493;OCCCUO9414N;BF SUPERIOR - PROAP;90;APLICACOES DIRETAS;3;DESPESAS CORRENTES;3;OUTRAS DESPESAS CORRENTES;39;OUTROS SERVICOS DE TERCEIROS PJ - OP.INT.ORC.;339039;OUTROS SERVICOS DE TERCEIROS - PESSOA JURIDICA;12;RECURSOS DEST.A MANUT.E DES.DO ENSINO;;;;;967,945.85;327,479.96;554,870.58;472,951.35
2015;153079;UNIVERSIDADE FEDERAL DO PARANA;12;EDUCACAO;364;ENSINO SUPERIOR;2032;EDUCACAO SUPERIOR - GRADUACAO, POS-GRADUACAO, ENSINO, PESQUI;0487;CONCESSAO DE BOLSAS DE ESTUDO NO ENSINO SUPERIOR;0002;CONCESSAO DE BOLSAS DE ESTUDOS NO PAIS;12364203204870001;087493;OCCCUO9414N;BF SUPERIOR - PROAP;90;APLICACOES DIRETAS;3;DESPESAS CORRENTES;3;OUTRAS DESPESAS CORRENTES;92;DESPESAS DE EXERCICIOS ANTERIORES;339092;DESPESAS DE EXERCICIOS ANTERIORES;12;RECURSOS DEST.A MANUT.E DES.DO ENSINO;;;;;174,329.26;6,708.60;167,620.66;133,289.32
2015;153079;UNIVERSIDADE FEDERAL DO PARANA;12;EDUCACAO;368;EDUCACAO BASICA;2030;EDUCACAO BASICA;20RJ;APOIO A CAPACITACAO E FORMACAO INICIAL E CONTINUADA PARA A E;0003;EDUCACAO BASICA PRESENCIAL;12368203020RJ0001;087496;PCC92B5801N;PARFOR - PARFOR;90;APLICACOES DIRETAS;3;DESPESAS CORRENTES;3;OUTRAS DESPESAS CORRENTES;14;DIARIAS - PESSOAL CIVIL;339014;DIARIAS - PESSOAL CIVIL;08;FUNDO SOCIAL-PARC.DEST.EDUCACAO PUBL.E SAUDE;;;;;30,000.00;30,000.00;;
2015;153079;UNIVERSIDADE FEDERAL DO PARANA;12;EDUCACAO;368;EDUCACAO BASICA;2030;EDUCACAO BASICA;20RJ;APOIO A CAPACITACAO E FORMACAO INICIAL E CONTINUADA PARA A E;0003;EDUCACAO BASICA PRESENCIAL;12368203020RJ0001;087496;PCC92B5801N;PARFOR - PARFOR;90;APLICACOES DIRETAS;3;DESPESAS CORRENTES;3;OUTRAS DESPESAS CORRENTES;18;AUXILIO FINANCEIRO A ESTUDANTES;339018;AUXILIO FINANCEIRO A ESTUDANTES;08;FUNDO SOCIAL-PARC.DEST.EDUCACAO PUBL.E SAUDE;;;;;121,200.00;64,500.00;56,700.00;56,700.00
2015;153079;UNIVERSIDADE FEDERAL DO PARANA;12;EDUCACAO;368;EDUCACAO BASICA;2030;EDUCACAO BASICA;20RJ;APOIO A CAPACITACAO E FORMACAO INICIAL E CONTINUADA PARA A E;0003;EDUCACAO BASICA PRESENCIAL;12368203020RJ0001;087496;PCC92B5801N;PARFOR - PARFOR;90;APLICACOES DIRETAS;3;DESPESAS CORRENTES;3;OUTRAS DESPESAS CORRENTES;30;MATERIAL DE CONSUMO;339030;MATERIAL DE CONSUMO;08;FUNDO SOCIAL-PARC.DEST.EDUCACAO PUBL.E SAUDE;;;;;99,890.50;39,956.20;;
2015;153079;UNIVERSIDADE FEDERAL DO PARANA;12;EDUCACAO;368;EDUCACAO BASICA;2030;EDUCACAO BASICA;20RJ;APOIO A CAPACITACAO E FORMACAO INICIAL E CONTINUADA PARA A E;0003;EDUCACAO BASICA PRESENCIAL;12368203020RJ0001;087496;PCC92B5801N;PARFOR - PARFOR;90;APLICACOES DIRETAS;3;DESPESAS CORRENTES;3;OUTRAS DESPESAS CORRENTES;33;PASSAGENS E DESPESAS COM LOCOMOCAO;339033;PASSAGENS E DESPESAS COM LOCOMOCAO;08;FUNDO SOCIAL-PARC.DEST.EDUCACAO PUBL.E SAUDE;;;;;31,400.00;31,400.00;;
2015;153079;UNIVERSIDADE FEDERAL DO PARANA;12;EDUCACAO;368;EDUCACAO BASICA;2030;EDUCACAO BASICA;20RJ;APOIO A CAPACITACAO E FORMACAO INICIAL E CONTINUADA PARA A E;0004;EDUCACAO BASICA A DISTANCIA;12368203020RJ0001;087497;MCC62G22EDN;UAB - UAB TRADICIONAL;90;APLICACOES DIRETAS;3;DESPESAS CORRENTES;3;OUTRAS DESPESAS CORRENTES;14;DIARIAS - PESSOAL CIVIL;339014;DIARIAS - PESSOAL CIVIL;08;FUNDO SOCIAL-PARC.DEST.EDUCACAO PUBL.E SAUDE;;;;;79,616.09;31,197.49;48,418.60;47,102.50
2015;153079;UNIVERSIDADE FEDERAL DO PARANA;12;EDUCACAO;368;EDUCACAO BASICA;2030;EDUCACAO BASICA;20RJ;APOIO A CAPACITACAO E FORMACAO INICIAL E CONTINUADA PARA A E;0004;EDUCACAO BASICA A DISTANCIA;12368203020RJ0001;087497;MCC62G22EDN;UAB - UAB TRADICIONAL;90;APLICACOES DIRETAS;3;DESPESAS CORRENTES;3;OUTRAS DESPESAS CORRENTES;33;PASSAGENS E DESPESAS COM LOCOMOCAO;339033;PASSAGENS E DESPESAS COM LOCOMOCAO;08;FUNDO SOCIAL-PARC.DEST.EDUCACAO PUBL.E SAUDE;;;;;129,478.40;75,139.91;28,685.94;16,530.56
2015;153079;UNIVERSIDADE FEDERAL DO PARANA;12;EDUCACAO;368;EDUCACAO BASICA;2030;EDUCACAO BASICA;20RJ;APOIO A CAPACITACAO E FORMACAO INICIAL E CONTINUADA PARA A E;0004;EDUCACAO BASICA A DISTANCIA;12368203020RJ0001;087497;MCC62G22EDN;UAB - UAB TRADICIONAL;90;APLICACOES DIRETAS;3;DESPESAS CORRENTES;3;OUTRAS DESPESAS CORRENTES;39;OUTROS SERVICOS DE TERCEIROS PJ - OP.INT.ORC.;339039;OUTROS SERVICOS DE TERCEIROS - PESSOA JURIDICA;08;FUNDO SOCIAL-PARC.DEST.EDUCACAO PUBL.E SAUDE;;;;;431,280.36;107,820.09;;
2015;153080;UNIVERSIDADE FEDERAL DE PERNAMBUCO;12;EDUCACAO;364;ENSINO SUPERIOR;2032;EDUCACAO SUPERIOR - GRADUACAO, POS-GRADUACAO, ENSINO, PESQUI;0487;CONCESSAO DE BOLSAS DE ESTUDO NO ENSINO SUPERIOR;0002;CONCESSAO DE BOLSAS DE ESTUDOS NO PAIS;12364203204870001;087493;OCCCUO9414N;BF SUPERIOR - PROAP;90;APLICACOES DIRETAS;3;DESPESAS CORRENTES;3;OUTRAS DESPESAS CORRENTES;14;DIARIAS - PESSOAL CIVIL;339014;DIARIAS - PESSOAL CIVIL;12;RECURSOS DEST.A MANUT.E DES.DO ENSINO;;;;;1,288,000.00;790,592.60;478,172.87;473,940.32
2015;153080;UNIVERSIDADE FEDERAL DE PERNAMBUCO;12;EDUCACAO;364;ENSINO SUPERIOR;2032;EDUCACAO SUPERIOR - GRADUACAO, POS-GRADUACAO, ENSINO, PESQUI;0487;CONCESSAO DE BOLSAS DE ESTUDO NO ENSINO SUPERIOR;0002;CONCESSAO DE BOLSAS DE ESTUDOS NO PAIS;12364203204870001;087493;OCCCUO9414N;BF SUPERIOR - PROAP;90;APLICACOES DIRETAS;3;DESPESAS CORRENTES;3;OUTRAS DESPESAS CORRENTES;33;PASSAGENS E DESPESAS COM LOCOMOCAO;339033;PASSAGENS E DESPESAS COM LOCOMOCAO;12;RECURSOS DEST.A MANUT.E DES.DO ENSINO;;;;;2,160,000.00;1,223,969.31;828,483.93;645,668.50
2015;153080;UNIVERSIDADE FEDERAL DE PERNAMBUCO;12;EDUCACAO;364;ENSINO SUPERIOR;2032;EDUCACAO SUPERIOR - GRADUACAO, POS-GRADUACAO, ENSINO, PESQUI;0487;CONCESSAO DE BOLSAS DE ESTUDO NO ENSINO SUPERIOR;0002;CONCESSAO DE BOLSAS DE ESTUDOS NO PAIS;12364203204870001;087493;OCCCUO9414N;BF SUPERIOR - PROAP;90;APLICACOES DIRETAS;3;DESPESAS CORRENTES;3;OUTRAS DESPESAS CORRENTES;36;OUTROS SERVICOS DE TERCEIROS - P.FISICA;339036;OUTROS SERVICOS DE TERCEIROS - PESSOA FISICA;12;RECURSOS DEST.A MANUT.E DES.DO ENSINO;;;;;320,000.00;196,963.20;100,747.10;94,431.10
2015;153080;UNIVERSIDADE FEDERAL DE PERNAMBUCO;12;EDUCACAO;368;EDUCACAO BASICA;2030;EDUCACAO BASICA;20RJ;APOIO A CAPACITACAO E FORMACAO INICIAL E CONTINUADA PARA A E;0003;EDUCACAO BASICA PRESENCIAL;12368203020RJ0001;087496;PCC92B5801N;PARFOR - PARFOR;90;APLICACOES DIRETAS;3;DESPESAS CORRENTES;3;OUTRAS DESPESAS CORRENTES;14;DIARIAS - PESSOAL CIVIL;339014;DIARIAS - PESSOAL CIVIL;08;FUNDO SOCIAL-PARC.DEST.EDUCACAO PUBL.E SAUDE;;;;;26,248.10;16,736.65;9,511.45;9,511.45
2015;153080;UNIVERSIDADE FEDERAL DE PERNAMBUCO;12;EDUCACAO;368;EDUCACAO BASICA;2030;EDUCACAO BASICA;20RJ;APOIO A CAPACITACAO E FORMACAO INICIAL E CONTINUADA PARA A E;0003;EDUCACAO BASICA PRESENCIAL;12368203020RJ0001;087496;PCC92B5801N;PARFOR - PARFOR;90;APLICACOES DIRETAS;3;DESPESAS CORRENTES;3;OUTRAS DESPESAS CORRENTES;33;PASSAGENS E DESPESAS COM LOCOMOCAO;339033;PASSAGENS E DESPESAS COM LOCOMOCAO;08;FUNDO SOCIAL-PARC.DEST.EDUCACAO PUBL.E SAUDE;;;;;46,049.44;21,719.92;21,380.52;21,380.52
2015;153098;PRO-REITORIA DE POS-GRADUACAO.;12;EDUCACAO;364;ENSINO SUPERIOR;2032;EDUCACAO SUPERIOR - GRADUACAO, POS-GRADUACAO, ENSINO, PESQUI;0487;CONCESSAO DE BOLSAS DE ESTUDO NO ENSINO SUPERIOR;0002;CONCESSAO DE BOLSAS DE ESTUDOS NO PAIS;12364203204870001;087493;OCCCUO9414N;BF SUPERIOR - PROAP;90;APLICACOES DIRETAS;3;DESPESAS CORRENTES;3;OUTRAS DESPESAS CORRENTES;14;DIARIAS - PESSOAL CIVIL;339014;DIARIAS - PESSOAL CIVIL;12;RECURSOS DEST.A MANUT.E DES.DO ENSINO;;;;;0.00;0.00;;
2015;153098;PRO-REITORIA DE POS-GRADUACAO.;12;EDUCACAO;364;ENSINO SUPERIOR;2032;EDUCACAO SUPERIOR - GRADUACAO, POS-GRADUACAO, ENSINO, PESQUI;0487;CONCESSAO DE BOLSAS DE ESTUDO NO ENSINO SUPERIOR;0002;CONCESSAO DE BOLSAS DE ESTUDOS NO PAIS;12364203204870001;087493;OCCCUO9414N;BF SUPERIOR - PROAP;90;APLICACOES DIRETAS;3;DESPESAS CORRENTES;3;OUTRAS DESPESAS CORRENTES;18;AUXILIO FINANCEIRO A ESTUDANTES;339018;AUXILIO FINANCEIRO A ESTUDANTES;12;RECURSOS DEST.A MANUT.E DES.DO ENSINO;;;;;2,055,144.80;855,051.33;824,926.76;352,095.79
2015;153098;PRO-REITORIA DE POS-GRADUACAO.;12;EDUCACAO;364;ENSINO SUPERIOR;2032;EDUCACAO SUPERIOR - GRADUACAO, POS-GRADUACAO, ENSINO, PESQUI;0487;CONCESSAO DE BOLSAS DE ESTUDO NO ENSINO SUPERIOR;0002;CONCESSAO DE BOLSAS DE ESTUDOS NO PAIS;12364203204870001;087493;OCCCUO9414N;BF SUPERIOR - PROAP;90;APLICACOES DIRETAS;3;DESPESAS CORRENTES;3;OUTRAS DESPESAS CORRENTES;30;MATERIAL DE CONSUMO;339030;MATERIAL DE CONSUMO;12;RECURSOS DEST.A MANUT.E DES.DO ENSINO;;;;;2,724,318.28;904,841.44;1,538,464.77;545,109.42
2015;153098;PRO-REITORIA DE POS-GRADUACAO.;12;EDUCACAO;364;ENSINO SUPERIOR;2032;EDUCACAO SUPERIOR - GRADUACAO, POS-GRADUACAO, ENSINO, PESQUI;0487;CONCESSAO DE BOLSAS DE ESTUDO NO ENSINO SUPERIOR;0002;CONCESSAO DE BOLSAS DE ESTUDOS NO PAIS;12364203204870001;087493;OCCCUO9414N;BF SUPERIOR - PROAP;90;APLICACOES DIRETAS;3;DESPESAS CORRENTES;3;OUTRAS DESPESAS CORRENTES;33;PASSAGENS E DESPESAS COM LOCOMOCAO;339033;PASSAGENS E DESPESAS COM LOCOMOCAO;12;RECURSOS DEST.A MANUT.E DES.DO ENSINO;;;;;11,840.00;2,960.00;8,880.00;7,400.00
2015;153098;PRO-REITORIA DE POS-GRADUACAO.;12;EDUCACAO;364;ENSINO SUPERIOR;2032;EDUCACAO SUPERIOR - GRADUACAO, POS-GRADUACAO, ENSINO, PESQUI;0487;CONCESSAO DE BOLSAS DE ESTUDO NO ENSINO SUPERIOR;0002;CONCESSAO DE BOLSAS DE ESTUDOS NO PAIS;12364203204870001;087493;OCCCUO9414N;BF SUPERIOR - PROAP;90;APLICACOES DIRETAS;3;DESPESAS CORRENTES;3;OUTRAS DESPESAS CORRENTES;39;OUTROS SERVICOS DE TERCEIROS PJ - OP.INT.ORC.;339039;OUTROS SERVICOS DE TERCEIROS - PESSOA JURIDICA;12;RECURSOS DEST.A MANUT.E DES.DO ENSINO;;;;;697,615.60;191,136.20;463,279.40;320,037.00
2015;153098;PRO-REITORIA DE POS-GRADUACAO.;12;EDUCACAO;364;ENSINO SUPERIOR;2032;EDUCACAO SUPERIOR - GRADUACAO, POS-GRADUACAO, ENSINO, PESQUI;0487;CONCESSAO DE BOLSAS DE ESTUDO NO ENSINO SUPERIOR;0002;CONCESSAO DE BOLSAS DE ESTUDOS NO PAIS;12364203204870001;087493;OCCCUO9414N;BF SUPERIOR - PROAP;90;APLICACOES DIRETAS;3;DESPESAS CORRENTES;3;OUTRAS DESPESAS CORRENTES;93;INDENIZACOES E RESTITUICOES;339093;INDENIZACOES E RESTITUICOES;12;RECURSOS DEST.A MANUT.E DES.DO ENSINO;;;;;78,868.68;13,659.14;65,209.54;17,961.60
2015;153100;NUCLEO DE EDUCACAO FISICA E DESPORTOS DA UFPE;12;EDUCACAO;368;EDUCACAO BASICA;2030;EDUCACAO BASICA;20RJ;APOIO A CAPACITACAO E FORMACAO INICIAL E CONTINUADA PARA A E;0003;EDUCACAO BASICA PRESENCIAL;12368203020RJ0001;087496;PCC92B5801N;PARFOR - PARFOR;90;APLICACOES DIRETAS;3;DESPESAS CORRENTES;3;OUTRAS DESPESAS CORRENTES;30;MATERIAL DE CONSUMO;339030;MATERIAL DE CONSUMO;08;FUNDO SOCIAL-PARC.DEST.EDUCACAO PUBL.E SAUDE;;;;;7,497.60;7,497.60;;
2015;153100;NUCLEO DE EDUCACAO FISICA E DESPORTOS DA UFPE;12;EDUCACAO;368;EDUCACAO BASICA;2030;EDUCACAO BASICA;20RJ;APOIO A CAPACITACAO E FORMACAO INICIAL E CONTINUADA PARA A E;0003;EDUCACAO BASICA PRESENCIAL;12368203020RJ0001;087496;PCC92B5801N;PARFOR - PARFOR;90;APLICACOES DIRETAS;3;DESPESAS CORRENTES;3;OUTRAS DESPESAS CORRENTES;36;OUTROS SERVICOS DE TERCEIROS - P.FISICA;339036;OUTROS SERVICOS DE TERCEIROS - PESSOA FISICA;08;FUNDO SOCIAL-PARC.DEST.EDUCACAO PUBL.E SAUDE;;;;;100,000.00;22,000.00;78,000.00;78,000.00
2015;153100;NUCLEO DE EDUCACAO FISICA E DESPORTOS DA UFPE;12;EDUCACAO;368;EDUCACAO BASICA;2030;EDUCACAO BASICA;20RJ;APOIO A CAPACITACAO E FORMACAO INICIAL E CONTINUADA PARA A E;0003;EDUCACAO BASICA PRESENCIAL;12368203020RJ0001;087496;PCC92B5801N;PARFOR - PARFOR;91;APLICACOES DIRETAS - OPERACOES INTERNAS;3;DESPESAS CORRENTES;3;OUTRAS DESPESAS CORRENTES;47;OBRIGACOES TRIBUTARIAS E CONTRIBUTIVAS;339147;OBRIG.TRIBUT.E CONTRIB-OP.INTRA-ORCAMENTARIAS;08;FUNDO SOCIAL-PARC.DEST.EDUCACAO PUBL.E SAUDE;;;;;11,600.00;5,200.00;6,400.00;6,400.00
2015;153103;UNIVERSIDADE FEDERAL DO RIO GRANDE DO NORTE;12;EDUCACAO;122;ADMINISTRACAO GERAL;2109;PROGRAMA DE GESTAO E MANUTENCAO DO MINISTERIO DA EDUCACAO;2000;ADMINISTRACAO DA UNIDADE;0000;ADMINISTRACAO DA UNIDADE - DESPESAS DIVERSAS;12122210920000053;087486;VCC80N99TIN;ADMINISTRACAO CAPES - DTI;90;APLICACOES DIRETAS;3;DESPESAS CORRENTES;3;OUTRAS DESPESAS CORRENTES;39;OUTROS SERVICOS DE TERCEIROS PJ - OP.INT.ORC.;339039;OUTROS SERVICOS DE TERCEIROS - PESSOA JURIDICA;12;RECURSOS DEST.A MANUT.E DES.DO ENSINO;;;;;2,450,250.00;891,000.00;1,559,250.00;1,559,250.00
2015;153103;UNIVERSIDADE FEDERAL DO RIO GRANDE DO NORTE;12;EDUCACAO;364;ENSINO SUPERIOR;2032;EDUCACAO SUPERIOR - GRADUACAO, POS-GRADUACAO, ENSINO, PESQUI;0487;CONCESSAO DE BOLSAS DE ESTUDO NO ENSINO SUPERIOR;0002;CONCESSAO DE BOLSAS DE ESTUDOS NO PAIS;12364203204870001;087493;OCCCUO9414N;BF SUPERIOR - PROAP;90;APLICACOES DIRETAS;3;DESPESAS CORRENTES;3;OUTRAS DESPESAS CORRENTES;14;DIARIAS - PESSOAL CIVIL;339014;DIARIAS - PESSOAL CIVIL;12;RECURSOS DEST.A MANUT.E DES.DO ENSINO;;;;;1,261,083.98;12,899.24;1,248,184.74;1,167,248.15
2015;153103;UNIVERSIDADE FEDERAL DO RIO GRANDE DO NORTE;12;EDUCACAO;364;ENSINO SUPERIOR;2032;EDUCACAO SUPERIOR - GRADUACAO, POS-GRADUACAO, ENSINO, PESQUI;0487;CONCESSAO DE BOLSAS DE ESTUDO NO ENSINO SUPERIOR;0002;CONCESSAO DE BOLSAS DE ESTUDOS NO PAIS;12364203204870001;087493;OCCCUO9414N;BF SUPERIOR - PROAP;90;APLICACOES DIRETAS;3;DESPESAS CORRENTES;3;OUTRAS DESPESAS CORRENTES;18;AUXILIO FINANCEIRO A ESTUDANTES;339018;AUXILIO FINANCEIRO A ESTUDANTES;12;RECURSOS DEST.A MANUT.E DES.DO ENSINO;;;;;1,533,298.58;184,917.85;1,348,380.73;1,249,924.52
2015;153103;UNIVERSIDADE FEDERAL DO RIO GRANDE DO NORTE;12;EDUCACAO;364;ENSINO SUPERIOR;2032;EDUCACAO SUPERIOR - GRADUACAO, POS-GRADUACAO, ENSINO, PESQUI;0487;CONCESSAO DE BOLSAS DE ESTUDO NO ENSINO SUPERIOR;0002;CONCESSAO DE BOLSAS DE ESTUDOS NO PAIS;12364203204870001;087493;OCCCUO9414N;BF SUPERIOR - PROAP;90;APLICACOES DIRETAS;3;DESPESAS CORRENTES;3;OUTRAS DESPESAS CORRENTES;30;MATERIAL DE CONSUMO;339030;MATERIAL DE CONSUMO;12;RECURSOS DEST.A MANUT.E DES.DO ENSINO;;;;;303,375.57;105,514.48;167,411.24;110,132.45
2015;153103;UNIVERSIDADE FEDERAL DO RIO GRANDE DO NORTE;12;EDUCACAO;364;ENSINO SUPERIOR;2032;EDUCACAO SUPERIOR - GRADUACAO, POS-GRADUACAO, ENSINO, PESQUI;0487;CONCESSAO DE BOLSAS DE ESTUDO NO ENSINO SUPERIOR;0002;CONCESSAO DE BOLSAS DE ESTUDOS NO PAIS;12364203204870001;087493;OCCCUO9414N;BF SUPERIOR - PROAP;90;APLICACOES DIRETAS;3;DESPESAS CORRENTES;3;OUTRAS DESPESAS CORRENTES;33;PASSAGENS E DESPESAS COM LOCOMOCAO;339033;PASSAGENS E DESPESAS COM LOCOMOCAO;12;RECURSOS DEST.A MANUT.E DES.DO ENSINO;;;;;3,027,048.85;200,926.70;2,826,122.15;2,342,604.86
2015;153103;UNIVERSIDADE FEDERAL DO RIO GRANDE DO NORTE;12;EDUCACAO;364;ENSINO SUPERIOR;2032;EDUCACAO SUPERIOR - GRADUACAO, POS-GRADUACAO, ENSINO, PESQUI;0487;CONCESSAO DE BOLSAS DE ESTUDO NO ENSINO SUPERIOR;0002;CONCESSAO DE BOLSAS DE ESTUDOS NO PAIS;12364203204870001;087493;OCCCUO9414N;BF SUPERIOR - PROAP;90;APLICACOES DIRETAS;3;DESPESAS CORRENTES;3;OUTRAS DESPESAS CORRENTES;36;OUTROS SERVICOS DE TERCEIROS - P.FISICA;339036;OUTROS SERVICOS DE TERCEIROS - PESSOA FISICA;12;RECURSOS DEST.A MANUT.E DES.DO ENSINO;;;;;229,881.33;13,856.33;216,025.00;193,567.60
2015;153103;UNIVERSIDADE FEDERAL DO RIO GRANDE DO NORTE;12;EDUCACAO;364;ENSINO SUPERIOR;2032;EDUCACAO SUPERIOR - GRADUACAO, POS-GRADUACAO, ENSINO, PESQUI;0487;CONCESSAO DE BOLSAS DE ESTUDO NO ENSINO SUPERIOR;0002;CONCESSAO DE BOLSAS DE ESTUDOS NO PAIS;12364203204870001;087493;OCCCUO9414N;BF SUPERIOR - PROAP;90;APLICACOES DIRETAS;3;DESPESAS CORRENTES;3;OUTRAS DESPESAS CORRENTES;39;OUTROS SERVICOS DE TERCEIROS PJ - OP.INT.ORC.;339039;OUTROS SERVICOS DE TERCEIROS - PESSOA JURIDICA;12;RECURSOS DEST.A MANUT.E DES.DO ENSINO;;;;;3,071,413.76;323,984.14;2,695,682.56;2,297,001.46
2015;153103;UNIVERSIDADE FEDERAL DO RIO GRANDE DO NORTE;12;EDUCACAO;364;ENSINO SUPERIOR;2032;EDUCACAO SUPERIOR - GRADUACAO, POS-GRADUACAO, ENSINO, PESQUI;0487;CONCESSAO DE BOLSAS DE ESTUDO NO ENSINO SUPERIOR;0002;CONCESSAO DE BOLSAS DE ESTUDOS NO PAIS;12364203204870001;087493;OCCCUO9414N;BF SUPERIOR - PROAP;90;APLICACOES DIRETAS;3;DESPESAS CORRENTES;3;OUTRAS DESPESAS CORRENTES;93;INDENIZACOES E RESTITUICOES;339093;INDENIZACOES E RESTITUICOES;12;RECURSOS DEST.A MANUT.E DES.DO ENSINO;;;;;401,620.99;33,718.19;367,902.80;301,089.18
2015;153103;UNIVERSIDADE FEDERAL DO RIO GRANDE DO NORTE;12;EDUCACAO;364;ENSINO SUPERIOR;2032;EDUCACAO SUPERIOR - GRADUACAO, POS-GRADUACAO, ENSINO, PESQUI;20RN;AVALIACAO DA EDUCACAO SUPERIOR E DA POS-GRADUACAO;0000;AVALIACAO DA EDUCACAO SUPERIOR E DA POS-GRADUACAO;12364203220RN0001;087489;VCC80N99TIN;ADMINISTRACAO CAPES - DTI;90;APLICACOES DIRETAS;3;DESPESAS CORRENTES;3;OUTRAS DESPESAS CORRENTES;39;OUTROS SERVICOS DE TERCEIROS PJ - OP.INT.ORC.;339039;OUTROS SERVICOS DE TERCEIROS - PESSOA JURIDICA;12;RECURSOS DEST.A MANUT.E DES.DO ENSINO;;;;;12027500.00;1,918,227.40;6,931,931.50;4,931,931.50
2015;153103;UNIVERSIDADE FEDERAL DO RIO GRANDE DO NORTE;12;EDUCACAO;368;EDUCACAO BASICA;2030;EDUCACAO BASICA;20RJ;APOIO A CAPACITACAO E FORMACAO INICIAL E CONTINUADA PARA A E;0003;EDUCACAO BASICA PRESENCIAL;12368203020RJ0001;087496;PCC92B5801N;PARFOR - PARFOR;90;APLICACOES DIRETAS;3;DESPESAS CORRENTES;3;OUTRAS DESPESAS CORRENTES;14;DIARIAS - PESSOAL CIVIL;339014;DIARIAS - PESSOAL CIVIL;08;FUNDO SOCIAL-PARC.DEST.EDUCACAO PUBL.E SAUDE;;;;;18,071.95;2,296.10;15,775.85;13,409.20
2015;153103;UNIVERSIDADE FEDERAL DO RIO GRANDE DO NORTE;12;EDUCACAO;368;EDUCACAO BASICA;2030;EDUCACAO BASICA;20RJ;APOIO A CAPACITACAO E FORMACAO INICIAL E CONTINUADA PARA A E;0003;EDUCACAO BASICA PRESENCIAL;12368203020RJ0001;087496;PCC92B5801N;PARFOR - PARFOR;90;APLICACOES DIRETAS;3;DESPESAS CORRENTES;3;OUTRAS DESPESAS CORRENTES;18;AUXILIO FINANCEIRO A ESTUDANTES;339018;AUXILIO FINANCEIRO A ESTUDANTES;08;FUNDO SOCIAL-PARC.DEST.EDUCACAO PUBL.E SAUDE;;;;;19,000.00;4,000.00;14,400.00;14,400.00
2015;153103;UNIVERSIDADE FEDERAL DO RIO GRANDE DO NORTE;12;EDUCACAO;368;EDUCACAO BASICA;2030;EDUCACAO BASICA;20RJ;APOIO A CAPACITACAO E FORMACAO INICIAL E CONTINUADA PARA A E;0003;EDUCACAO BASICA PRESENCIAL;12368203020RJ0001;087496;PCC92B5801N;PARFOR - PARFOR;90;APLICACOES DIRETAS;3;DESPESAS CORRENTES;3;OUTRAS DESPESAS CORRENTES;33;PASSAGENS E DESPESAS COM LOCOMOCAO;339033;PASSAGENS E DESPESAS COM LOCOMOCAO;08;FUNDO SOCIAL-PARC.DEST.EDUCACAO PUBL.E SAUDE;;;;;13,544.94;1,455.06;7,724.70;4,634.82
2015;153103;UNIVERSIDADE FEDERAL DO RIO GRANDE DO NORTE;12;EDUCACAO;368;EDUCACAO BASICA;2030;EDUCACAO BASICA;20RJ;APOIO A CAPACITACAO E FORMACAO INICIAL E CONTINUADA PARA A E;0003;EDUCACAO BASICA PRESENCIAL;12368203020RJ0001;087496;PCC92B5801N;PARFOR - PARFOR;90;APLICACOES DIRETAS;3;DESPESAS CORRENTES;3;OUTRAS DESPESAS CORRENTES;36;OUTROS SERVICOS DE TERCEIROS - P.FISICA;339036;OUTROS SERVICOS DE TERCEIROS - PESSOA FISICA;08;FUNDO SOCIAL-PARC.DEST.EDUCACAO PUBL.E SAUDE;;;;;10,000.00;2,000.00;8,000.00;
2015;153103;UNIVERSIDADE FEDERAL DO RIO GRANDE DO NORTE;12;EDUCACAO;368;EDUCACAO BASICA;2030;EDUCACAO BASICA;20RJ;APOIO A CAPACITACAO E FORMACAO INICIAL E CONTINUADA PARA A E;0003;EDUCACAO BASICA PRESENCIAL;12368203020RJ0001;087496;PCC92B5801N;PARFOR - PARFOR;90;APLICACOES DIRETAS;3;DESPESAS CORRENTES;3;OUTRAS DESPESAS CORRENTES;39;OUTROS SERVICOS DE TERCEIROS PJ - OP.INT.ORC.;339039;OUTROS SERVICOS DE TERCEIROS - PESSOA JURIDICA;08;FUNDO SOCIAL-PARC.DEST.EDUCACAO PUBL.E SAUDE;;;;;4,969.29;662.93;2,759.95;2,570.02
2015;153103;UNIVERSIDADE FEDERAL DO RIO GRANDE DO NORTE;12;EDUCACAO;368;EDUCACAO BASICA;2030;EDUCACAO BASICA;20RJ;APOIO A CAPACITACAO E FORMACAO INICIAL E CONTINUADA PARA A E;0004;EDUCACAO BASICA A DISTANCIA;12368203020RJ0001;087497;MCC62G22EDN;UAB - UAB TRADICIONAL;90;APLICACOES DIRETAS;3;DESPESAS CORRENTES;3;OUTRAS DESPESAS CORRENTES;14;DIARIAS - PESSOAL CIVIL;339014;DIARIAS - PESSOAL CIVIL;08;FUNDO SOCIAL-PARC.DEST.EDUCACAO PUBL.E SAUDE;;;;;62,987.60;7,133.10;55,854.50;44,683.60
2015;153103;UNIVERSIDADE FEDERAL DO RIO GRANDE DO NORTE;12;EDUCACAO;368;EDUCACAO BASICA;2030;EDUCACAO BASICA;20RJ;APOIO A CAPACITACAO E FORMACAO INICIAL E CONTINUADA PARA A E;0004;EDUCACAO BASICA A DISTANCIA;12368203020RJ0001;087497;MCC62G22EDN;UAB - UAB TRADICIONAL;90;APLICACOES DIRETAS;3;DESPESAS CORRENTES;3;OUTRAS DESPESAS CORRENTES;33;PASSAGENS E DESPESAS COM LOCOMOCAO;339033;PASSAGENS E DESPESAS COM LOCOMOCAO;08;FUNDO SOCIAL-PARC.DEST.EDUCACAO PUBL.E SAUDE;;;;;372,139.00;29,532.67;295,475.37;257,748.10
2015;153103;UNIVERSIDADE FEDERAL DO RIO GRANDE DO NORTE;12;EDUCACAO;368;EDUCACAO BASICA;2030;EDUCACAO BASICA;20RJ;APOIO A CAPACITACAO E FORMACAO INICIAL E CONTINUADA PARA A E;0004;EDUCACAO BASICA A DISTANCIA;12368203020RJ0001;087497;MCC62G22EDN;UAB - UAB TRADICIONAL;90;APLICACOES DIRETAS;3;DESPESAS CORRENTES;3;OUTRAS DESPESAS CORRENTES;36;OUTROS SERVICOS DE TERCEIROS - P.FISICA;339036;OUTROS SERVICOS DE TERCEIROS - PESSOA FISICA;08;FUNDO SOCIAL-PARC.DEST.EDUCACAO PUBL.E SAUDE;;;;;57,160.00;0.00;57,160.00;45,728.00
2015;153103;UNIVERSIDADE FEDERAL DO RIO GRANDE DO NORTE;12;EDUCACAO;368;EDUCACAO BASICA;2030;EDUCACAO BASICA;20RJ;APOIO A CAPACITACAO E FORMACAO INICIAL E CONTINUADA PARA A E;0004;EDUCACAO BASICA A DISTANCIA;12368203020RJ0001;087497;MCC62G22EDN;UAB - UAB TRADICIONAL;90;APLICACOES DIRETAS;3;DESPESAS CORRENTES;3;OUTRAS DESPESAS CORRENTES;39;OUTROS SERVICOS DE TERCEIROS PJ - OP.INT.ORC.;339039;OUTROS SERVICOS DE TERCEIROS - PESSOA JURIDICA;08;FUNDO SOCIAL-PARC.DEST.EDUCACAO PUBL.E SAUDE;;;;;2,564,318.60;1,045,827.52;1,405,635.28;1,224,757.68
2015;153114;UNIVERSIDADE FEDERAL DO RIO GRANDE DO SUL;12;EDUCACAO;364;ENSINO SUPERIOR;2032;EDUCACAO SUPERIOR - GRADUACAO, POS-GRADUACAO, ENSINO, PESQUI;0487;CONCESSAO DE BOLSAS DE ESTUDO NO ENSINO SUPERIOR;0002;CONCESSAO DE BOLSAS DE ESTUDOS NO PAIS;12364203204870001;087493;OCCCUO9414N;BF SUPERIOR - PROAP;90;APLICACOES DIRETAS;3;DESPESAS CORRENTES;3;OUTRAS DESPESAS CORRENTES;14;DIARIAS - PESSOAL CIVIL;339014;DIARIAS - PESSOAL CIVIL;12;RECURSOS DEST.A MANUT.E DES.DO ENSINO;;;;;850,850.00;264,019.02;586,830.98;562,085.25
2015;153114;UNIVERSIDADE FEDERAL DO RIO GRANDE DO SUL;12;EDUCACAO;364;ENSINO SUPERIOR;2032;EDUCACAO SUPERIOR - GRADUACAO, POS-GRADUACAO, ENSINO, PESQUI;0487;CONCESSAO DE BOLSAS DE ESTUDO NO ENSINO SUPERIOR;0002;CONCESSAO DE BOLSAS DE ESTUDOS NO PAIS;12364203204870001;087493;OCCCUO9414N;BF SUPERIOR - PROAP;90;APLICACOES DIRETAS;3;DESPESAS CORRENTES;3;OUTRAS DESPESAS CORRENTES;18;AUXILIO FINANCEIRO A ESTUDANTES;339018;AUXILIO FINANCEIRO A ESTUDANTES;12;RECURSOS DEST.A MANUT.E DES.DO ENSINO;;;;;2,208,254.55;701,276.74;1,506,977.81;1,283,879.32
2015;153114;UNIVERSIDADE FEDERAL DO RIO GRANDE DO SUL;12;EDUCACAO;364;ENSINO SUPERIOR;2032;EDUCACAO SUPERIOR - GRADUACAO, POS-GRADUACAO, ENSINO, PESQUI;0487;CONCESSAO DE BOLSAS DE ESTUDO NO ENSINO SUPERIOR;0002;CONCESSAO DE BOLSAS DE ESTUDOS NO PAIS;12364203204870001;087493;OCCCUO9414N;BF SUPERIOR - PROAP;90;APLICACOES DIRETAS;3;DESPESAS CORRENTES;3;OUTRAS DESPESAS CORRENTES;20;AUXILIO FINANCEIRO A PESQUISADORES;339020;AUXILIO FINANCEIRO A PESQUISADORES;12;RECURSOS DEST.A MANUT.E DES.DO ENSINO;;;;;688,051.36;133,907.67;554,143.69;523,840.72
2015;153114;UNIVERSIDADE FEDERAL DO RIO GRANDE DO SUL;12;EDUCACAO;364;ENSINO SUPERIOR;2032;EDUCACAO SUPERIOR - GRADUACAO, POS-GRADUACAO, ENSINO, PESQUI;0487;CONCESSAO DE BOLSAS DE ESTUDO NO ENSINO SUPERIOR;0002;CONCESSAO DE BOLSAS DE ESTUDOS NO PAIS;12364203204870001;087493;OCCCUO9414N;BF SUPERIOR - PROAP;90;APLICACOES DIRETAS;3;DESPESAS CORRENTES;3;OUTRAS DESPESAS CORRENTES;30;MATERIAL DE CONSUMO;339030;MATERIAL DE CONSUMO;12;RECURSOS DEST.A MANUT.E DES.DO ENSINO;;;;;1,683,610.30;633,467.13;597,075.70;171,264.40
2015;153114;UNIVERSIDADE FEDERAL DO RIO GRANDE DO SUL;12;EDUCACAO;364;ENSINO SUPERIOR;2032;EDUCACAO SUPERIOR - GRADUACAO, POS-GRADUACAO, ENSINO, PESQUI;0487;CONCESSAO DE BOLSAS DE ESTUDO NO ENSINO SUPERIOR;0002;CONCESSAO DE BOLSAS DE ESTUDOS NO PAIS;12364203204870001;087493;OCCCUO9414N;BF SUPERIOR - PROAP;90;APLICACOES DIRETAS;3;DESPESAS CORRENTES;3;OUTRAS DESPESAS CORRENTES;33;PASSAGENS E DESPESAS COM LOCOMOCAO;339033;PASSAGENS E DESPESAS COM LOCOMOCAO;12;RECURSOS DEST.A MANUT.E DES.DO ENSINO;;;;;1,396,000.00;651,440.96;665,594.99;577,851.40
2015;153114;UNIVERSIDADE FEDERAL DO RIO GRANDE DO SUL;12;EDUCACAO;364;ENSINO SUPERIOR;2032;EDUCACAO SUPERIOR - GRADUACAO, POS-GRADUACAO, ENSINO, PESQUI;0487;CONCESSAO DE BOLSAS DE ESTUDO NO ENSINO SUPERIOR;0002;CONCESSAO DE BOLSAS DE ESTUDOS NO PAIS;12364203204870001;087493;OCCCUO9414N;BF SUPERIOR - PROAP;90;APLICACOES DIRETAS;3;DESPESAS CORRENTES;3;OUTRAS DESPESAS CORRENTES;36;OUTROS SERVICOS DE TERCEIROS - P.FISICA;339036;OUTROS SERVICOS DE TERCEIROS - PESSOA FISICA;12;RECURSOS DEST.A MANUT.E DES.DO ENSINO;;;;;139,202.80;75,323.80;63,879.00;61,788.60
2015;153114;UNIVERSIDADE FEDERAL DO RIO GRANDE DO SUL;12;EDUCACAO;364;ENSINO SUPERIOR;2032;EDUCACAO SUPERIOR - GRADUACAO, POS-GRADUACAO, ENSINO, PESQUI;0487;CONCESSAO DE BOLSAS DE ESTUDO NO ENSINO SUPERIOR;0002;CONCESSAO DE BOLSAS DE ESTUDOS NO PAIS;12364203204870001;087493;OCCCUO9414N;BF SUPERIOR - PROAP;90;APLICACOES DIRETAS;3;DESPESAS CORRENTES;3;OUTRAS DESPESAS CORRENTES;39;OUTROS SERVICOS DE TERCEIROS PJ - OP.INT.ORC.;339039;OUTROS SERVICOS DE TERCEIROS - PESSOA JURIDICA;12;RECURSOS DEST.A MANUT.E DES.DO ENSINO;;;;;696,707.00;299,832.78;216,801.29;107,101.64
2015;153114;UNIVERSIDADE FEDERAL DO RIO GRANDE DO SUL;12;EDUCACAO;364;ENSINO SUPERIOR;2032;EDUCACAO SUPERIOR - GRADUACAO, POS-GRADUACAO, ENSINO, PESQUI;0487;CONCESSAO DE BOLSAS DE ESTUDO NO ENSINO SUPERIOR;0002;CONCESSAO DE BOLSAS DE ESTUDOS NO PAIS;12364203204870001;087493;OCCCUO9414N;BF SUPERIOR - PROAP;90;APLICACOES DIRETAS;3;DESPESAS CORRENTES;3;OUTRAS DESPESAS CORRENTES;93;INDENIZACOES E RESTITUICOES;339093;INDENIZACOES E RESTITUICOES;12;RECURSOS DEST.A MANUT.E DES.DO ENSINO;;;;;87,754.54;19,223.13;67,781.41;58,307.92
2015;153114;UNIVERSIDADE FEDERAL DO RIO GRANDE DO SUL;12;EDUCACAO;368;EDUCACAO BASICA;2030;EDUCACAO BASICA;20RJ;APOIO A CAPACITACAO E FORMACAO INICIAL E CONTINUADA PARA A E;0004;EDUCACAO BASICA A DISTANCIA;12368203020RJ0001;087497;MCC62G22EDN;UAB - UAB TRADICIONAL;90;APLICACOES DIRETAS;3;DESPESAS CORRENTES;3;OUTRAS DESPESAS CORRENTES;39;OUTROS SERVICOS DE TERCEIROS PJ - OP.INT.ORC.;339039;OUTROS SERVICOS DE TERCEIROS - PESSOA JURIDICA;08;FUNDO SOCIAL-PARC.DEST.EDUCACAO PUBL.E SAUDE;;;;;1,181,349.30;236,269.86;945,079.44;945,079.44
2015;153115;UNIVERSIDADE FEDERAL DO RIO DE JANEIRO;12;EDUCACAO;364;ENSINO SUPERIOR;2032;EDUCACAO SUPERIOR - GRADUACAO, POS-GRADUACAO, ENSINO, PESQUI;0487;CONCESSAO DE BOLSAS DE ESTUDO NO ENSINO SUPERIOR;0002;CONCESSAO DE BOLSAS DE ESTUDOS NO PAIS;12364203204870001;087493;OCCCUO9414N;BF SUPERIOR - PROAP;90;APLICACOES DIRETAS;3;DESPESAS CORRENTES;3;OUTRAS DESPESAS CORRENTES;14;DIARIAS - PESSOAL CIVIL;339014;DIARIAS - PESSOAL CIVIL;12;RECURSOS DEST.A MANUT.E DES.DO ENSINO;;;;;307,131.83;109,353.84;197,777.99;174,152.75
2015;153115;UNIVERSIDADE FEDERAL DO RIO DE JANEIRO;12;EDUCACAO;364;ENSINO SUPERIOR;2032;EDUCACAO SUPERIOR - GRADUACAO, POS-GRADUACAO, ENSINO, PESQUI;0487;CONCESSAO DE BOLSAS DE ESTUDO NO ENSINO SUPERIOR;0002;CONCESSAO DE BOLSAS DE ESTUDOS NO PAIS;12364203204870001;087493;OCCCUO9414N;BF SUPERIOR - PROAP;90;APLICACOES DIRETAS;3;DESPESAS CORRENTES;3;OUTRAS DESPESAS CORRENTES;18;AUXILIO FINANCEIRO A ESTUDANTES;339018;AUXILIO FINANCEIRO A ESTUDANTES;12;RECURSOS DEST.A MANUT.E DES.DO ENSINO;;;;;25,500.00;0.00;25,500.00;15,300.00
2015;153115;UNIVERSIDADE FEDERAL DO RIO DE JANEIRO;12;EDUCACAO;364;ENSINO SUPERIOR;2032;EDUCACAO SUPERIOR - GRADUACAO, POS-GRADUACAO, ENSINO, PESQUI;0487;CONCESSAO DE BOLSAS DE ESTUDO NO ENSINO SUPERIOR;0002;CONCESSAO DE BOLSAS DE ESTUDOS NO PAIS;12364203204870001;087493;OCCCUO9414N;BF SUPERIOR - PROAP;90;APLICACOES DIRETAS;3;DESPESAS CORRENTES;3;OUTRAS DESPESAS CORRENTES;33;PASSAGENS E DESPESAS COM LOCOMOCAO;339033;PASSAGENS E DESPESAS COM LOCOMOCAO;12;RECURSOS DEST.A MANUT.E DES.DO ENSINO;;;;;912,719.42;270,069.08;274,442.13;274,442.13
2015;153115;UNIVERSIDADE FEDERAL DO RIO DE JANEIRO;12;EDUCACAO;364;ENSINO SUPERIOR;2032;EDUCACAO SUPERIOR - GRADUACAO, POS-GRADUACAO, ENSINO, PESQUI;0487;CONCESSAO DE BOLSAS DE ESTUDO NO ENSINO SUPERIOR;0002;CONCESSAO DE BOLSAS DE ESTUDOS NO PAIS;12364203204870001;087493;OCCCUO9414N;BF SUPERIOR - PROAP;90;APLICACOES DIRETAS;3;DESPESAS CORRENTES;3;OUTRAS DESPESAS CORRENTES;36;OUTROS SERVICOS DE TERCEIROS - P.FISICA;339036;OUTROS SERVICOS DE TERCEIROS - PESSOA FISICA;12;RECURSOS DEST.A MANUT.E DES.DO ENSINO;;;;;39,739.40;34,615.10;5,124.30;5,124.30
2015;153115;UNIVERSIDADE FEDERAL DO RIO DE JANEIRO;12;EDUCACAO;364;ENSINO SUPERIOR;2032;EDUCACAO SUPERIOR - GRADUACAO, POS-GRADUACAO, ENSINO, PESQUI;0487;CONCESSAO DE BOLSAS DE ESTUDO NO ENSINO SUPERIOR;0002;CONCESSAO DE BOLSAS DE ESTUDOS NO PAIS;12364203204870001;087493;OCCCUO9414N;BF SUPERIOR - PROAP;90;APLICACOES DIRETAS;3;DESPESAS CORRENTES;3;OUTRAS DESPESAS CORRENTES;39;OUTROS SERVICOS DE TERCEIROS PJ - OP.INT.ORC.;339039;OUTROS SERVICOS DE TERCEIROS - PESSOA JURIDICA;12;RECURSOS DEST.A MANUT.E DES.DO ENSINO;;;;;539,427.70;112,787.57;76,934.60;45,685.00
2015;153117;SUPERINT.GERAL DE ENS.P/GRAD.E PESQ. DA UFRJ;12;EDUCACAO;364;ENSINO SUPERIOR;2032;EDUCACAO SUPERIOR - GRADUACAO, POS-GRADUACAO, ENSINO, PESQUI;0487;CONCESSAO DE BOLSAS DE ESTUDO NO ENSINO SUPERIOR;0002;CONCESSAO DE BOLSAS DE ESTUDOS NO PAIS;12364203204870001;087493;OCCCUO9414N;BF SUPERIOR - PROAP;90;APLICACOES DIRETAS;3;DESPESAS CORRENTES;3;OUTRAS DESPESAS CORRENTES;30;MATERIAL DE CONSUMO;339030;MATERIAL DE CONSUMO;12;RECURSOS DEST.A MANUT.E DES.DO ENSINO;;;;;259,280.60;1,134.92;258,145.68;214,208.50
2015;153117;SUPERINT.GERAL DE ENS.P/GRAD.E PESQ. DA UFRJ;12;EDUCACAO;364;ENSINO SUPERIOR;2032;EDUCACAO SUPERIOR - GRADUACAO, POS-GRADUACAO, ENSINO, PESQUI;0487;CONCESSAO DE BOLSAS DE ESTUDO NO ENSINO SUPERIOR;0002;CONCESSAO DE BOLSAS DE ESTUDOS NO PAIS;12364203204870001;087493;OCCCUO9414N;BF SUPERIOR - PROAP;90;APLICACOES DIRETAS;3;DESPESAS CORRENTES;3;OUTRAS DESPESAS CORRENTES;33;PASSAGENS E DESPESAS COM LOCOMOCAO;339033;PASSAGENS E DESPESAS COM LOCOMOCAO;12;RECURSOS DEST.A MANUT.E DES.DO ENSINO;;;;;55,230.00;0.00;55,230.00;55,230.00
2015;153117;SUPERINT.GERAL DE ENS.P/GRAD.E PESQ. DA UFRJ;12;EDUCACAO;364;ENSINO SUPERIOR;2032;EDUCACAO SUPERIOR - GRADUACAO, POS-GRADUACAO, ENSINO, PESQUI;0487;CONCESSAO DE BOLSAS DE ESTUDO NO ENSINO SUPERIOR;0002;CONCESSAO DE BOLSAS DE ESTUDOS NO PAIS;12364203204870001;087493;OCCCUO9414N;BF SUPERIOR - PROAP;90;APLICACOES DIRETAS;3;DESPESAS CORRENTES;3;OUTRAS DESPESAS CORRENTES;39;OUTROS SERVICOS DE TERCEIROS PJ - OP.INT.ORC.;339039;OUTROS SERVICOS DE TERCEIROS - PESSOA JURIDICA;12;RECURSOS DEST.A MANUT.E DES.DO ENSINO;;;;;678,232.00;106,892.60;548,389.40;314,970.00
2015;153117;SUPERINT.GERAL DE ENS.P/GRAD.E PESQ. DA UFRJ;12;EDUCACAO;364;ENSINO SUPERIOR;2032;EDUCACAO SUPERIOR - GRADUACAO, POS-GRADUACAO, ENSINO, PESQUI;0487;CONCESSAO DE BOLSAS DE ESTUDO NO ENSINO SUPERIOR;0002;CONCESSAO DE BOLSAS DE ESTUDOS NO PAIS;12364203204870001;087493;OCCCUO9414N;BF SUPERIOR - PROAP;91;APLICACOES DIRETAS - OPERACOES INTERNAS;3;DESPESAS CORRENTES;3;OUTRAS DESPESAS CORRENTES;47;OBRIGACOES TRIBUTARIAS E CONTRIBUTIVAS;339147;OBRIG.TRIBUT.E CONTRIB-OP.INTRA-ORCAMENTARIAS;12;RECURSOS DEST.A MANUT.E DES.DO ENSINO;;;;;3,200.00;640.00;2,560.00;
2015;153120;CENTRO CIENC MATEMAT E DA NATUREZA DA UFRJ;12;EDUCACAO;364;ENSINO SUPERIOR;2032;EDUCACAO SUPERIOR - GRADUACAO, POS-GRADUACAO, ENSINO, PESQUI;0487;CONCESSAO DE BOLSAS DE ESTUDO NO ENSINO SUPERIOR;0002;CONCESSAO DE BOLSAS DE ESTUDOS NO PAIS;12364203204870001;087493;OCCCUO9414N;BF SUPERIOR - PROAP;90;APLICACOES DIRETAS;3;DESPESAS CORRENTES;3;OUTRAS DESPESAS CORRENTES;30;MATERIAL DE CONSUMO;339030;MATERIAL DE CONSUMO;12;RECURSOS DEST.A MANUT.E DES.DO ENSINO;;;;;18,780.00;3,756.00;15,024.00;
2015;153120;CENTRO CIENC MATEMAT E DA NATUREZA DA UFRJ;12;EDUCACAO;364;ENSINO SUPERIOR;2032;EDUCACAO SUPERIOR - GRADUACAO, POS-GRADUACAO, ENSINO, PESQUI;0487;CONCESSAO DE BOLSAS DE ESTUDO NO ENSINO SUPERIOR;0002;CONCESSAO DE BOLSAS DE ESTUDOS NO PAIS;12364203204870001;087493;OCCCUO9414N;BF SUPERIOR - PROAP;90;APLICACOES DIRETAS;3;DESPESAS CORRENTES;3;OUTRAS DESPESAS CORRENTES;39;OUTROS SERVICOS DE TERCEIROS PJ - OP.INT.ORC.;339039;OUTROS SERVICOS DE TERCEIROS - PESSOA JURIDICA;12;RECURSOS DEST.A MANUT.E DES.DO ENSINO;;;;;47,138.57;16,364.53;30,774.04;
2015;153121;INSTITUTO DE MATEMATICA DA UFRJ;12;EDUCACAO;364;ENSINO SUPERIOR;2032;EDUCACAO SUPERIOR - GRADUACAO, POS-GRADUACAO, ENSINO, PESQUI;0487;CONCESSAO DE BOLSAS DE ESTUDO NO ENSINO SUPERIOR;0002;CONCESSAO DE BOLSAS DE ESTUDOS NO PAIS;12364203204870001;087493;OCCCUO9414N;BF SUPERIOR - PROAP;90;APLICACOES DIRETAS;3;DESPESAS CORRENTES;3;OUTRAS DESPESAS CORRENTES;30;MATERIAL DE CONSUMO;339030;MATERIAL DE CONSUMO;12;RECURSOS DEST.A MANUT.E DES.DO ENSINO;;;;;138,798.50;24,599.50;114,199.00;15,801.00
2015;153121;INSTITUTO DE MATEMATICA DA UFRJ;12;EDUCACAO;364;ENSINO SUPERIOR;2032;EDUCACAO SUPERIOR - GRADUACAO, POS-GRADUACAO, ENSINO, PESQUI;0487;CONCESSAO DE BOLSAS DE ESTUDO NO ENSINO SUPERIOR;0002;CONCESSAO DE BOLSAS DE ESTUDOS NO PAIS;12364203204870001;087493;OCCCUO9414N;BF SUPERIOR - PROAP;90;APLICACOES DIRETAS;3;DESPESAS CORRENTES;3;OUTRAS DESPESAS CORRENTES;39;OUTROS SERVICOS DE TERCEIROS PJ - OP.INT.ORC.;339039;OUTROS SERVICOS DE TERCEIROS - PESSOA JURIDICA;12;RECURSOS DEST.A MANUT.E DES.DO ENSINO;;;;;95,250.00;16,100.00;79,150.00;24,000.00
2015;153122;INSTITUTO DE QUIMICA DA UFRJ;12;EDUCACAO;364;ENSINO SUPERIOR;2032;EDUCACAO SUPERIOR - GRADUACAO, POS-GRADUACAO, ENSINO, PESQUI;0487;CONCESSAO DE BOLSAS DE ESTUDO NO ENSINO SUPERIOR;0002;CONCESSAO DE BOLSAS DE ESTUDOS NO PAIS;12364203204870001;087493;OCCCUO9414N;BF SUPERIOR - PROAP;90;APLICACOES DIRETAS;3;DESPESAS CORRENTES;3;OUTRAS DESPESAS CORRENTES;18;AUXILIO FINANCEIRO A ESTUDANTES;339018;AUXILIO FINANCEIRO A ESTUDANTES;12;RECURSOS DEST.A MANUT.E DES.DO ENSINO;;;;;29,550.00;5,910.00;23,640.00;
2015;153122;INSTITUTO DE QUIMICA DA UFRJ;12;EDUCACAO;364;ENSINO SUPERIOR;2032;EDUCACAO SUPERIOR - GRADUACAO, POS-GRADUACAO, ENSINO, PESQUI;0487;CONCESSAO DE BOLSAS DE ESTUDO NO ENSINO SUPERIOR;0002;CONCESSAO DE BOLSAS DE ESTUDOS NO PAIS;12364203204870001;087493;OCCCUO9414N;BF SUPERIOR - PROAP;90;APLICACOES DIRETAS;3;DESPESAS CORRENTES;3;OUTRAS DESPESAS CORRENTES;33;PASSAGENS E DESPESAS COM LOCOMOCAO;339033;PASSAGENS E DESPESAS COM LOCOMOCAO;12;RECURSOS DEST.A MANUT.E DES.DO ENSINO;;;;;3,507.90;1,403.16;;
2015;153122;INSTITUTO DE QUIMICA DA UFRJ;12;EDUCACAO;364;ENSINO SUPERIOR;2032;EDUCACAO SUPERIOR - GRADUACAO, POS-GRADUACAO, ENSINO, PESQUI;0487;CONCESSAO DE BOLSAS DE ESTUDO NO ENSINO SUPERIOR;0002;CONCESSAO DE BOLSAS DE ESTUDOS NO PAIS;12364203204870001;087493;OCCCUO9414N;BF SUPERIOR - PROAP;90;APLICACOES DIRETAS;3;DESPESAS CORRENTES;3;OUTRAS DESPESAS CORRENTES;39;OUTROS SERVICOS DE TERCEIROS PJ - OP.INT.ORC.;339039;OUTROS SERVICOS DE TERCEIROS - PESSOA JURIDICA;12;RECURSOS DEST.A MANUT.E DES.DO ENSINO;;;;;130,755.00;48,725.00;40,840.00;672.00
2015;153124;INSTITUTO DE GEOCIENCIAS DA UFRJ;12;EDUCACAO;364;ENSINO SUPERIOR;2032;EDUCACAO SUPERIOR - GRADUACAO, POS-GRADUACAO, ENSINO, PESQUI;0487;CONCESSAO DE BOLSAS DE ESTUDO NO ENSINO SUPERIOR;0002;CONCESSAO DE BOLSAS DE ESTUDOS NO PAIS;12364203204870001;087493;OCCCUO9414N;BF SUPERIOR - PROAP;90;APLICACOES DIRETAS;3;DESPESAS CORRENTES;3;OUTRAS DESPESAS CORRENTES;18;AUXILIO FINANCEIRO A ESTUDANTES;339018;AUXILIO FINANCEIRO A ESTUDANTES;12;RECURSOS DEST.A MANUT.E DES.DO ENSINO;;;;;167,564.40;0.00;167,564.40;145,064.40
2015;153126;OBSERVATORIO DO VALONGO DA UFRJ;12;EDUCACAO;364;ENSINO SUPERIOR;2032;EDUCACAO SUPERIOR - GRADUACAO, POS-GRADUACAO, ENSINO, PESQUI;0487;CONCESSAO DE BOLSAS DE ESTUDO NO ENSINO SUPERIOR;0002;CONCESSAO DE BOLSAS DE ESTUDOS NO PAIS;12364203204870001;087493;OCCCUO9414N;BF SUPERIOR - PROAP;90;APLICACOES DIRETAS;3;DESPESAS CORRENTES;3;OUTRAS DESPESAS CORRENTES;18;AUXILIO FINANCEIRO A ESTUDANTES;339018;AUXILIO FINANCEIRO A ESTUDANTES;12;RECURSOS DEST.A MANUT.E DES.DO ENSINO;;;;;97,426.40;6,140.56;91,285.84;71,510.00
2015;153128;DECANATO DO CENT DE FILOSOF. E C HUM. DA UFRJ;12;EDUCACAO;364;ENSINO SUPERIOR;2032;EDUCACAO SUPERIOR - GRADUACAO, POS-GRADUACAO, ENSINO, PESQUI;0487;CONCESSAO DE BOLSAS DE ESTUDO NO ENSINO SUPERIOR;0002;CONCESSAO DE BOLSAS DE ESTUDOS NO PAIS;12364203204870001;087493;OCCCUO9414N;BF SUPERIOR - PROAP;90;APLICACOES DIRETAS;3;DESPESAS CORRENTES;3;OUTRAS DESPESAS CORRENTES;18;AUXILIO FINANCEIRO A ESTUDANTES;339018;AUXILIO FINANCEIRO A ESTUDANTES;12;RECURSOS DEST.A MANUT.E DES.DO ENSINO;;;;;27,200.00;0.00;27,200.00;23,500.00
2015;153129;INSTITUTO DE FILOSOF/CIENCIAS SOCIAIS DA UFRJ;12;EDUCACAO;364;ENSINO SUPERIOR;2032;EDUCACAO SUPERIOR - GRADUACAO, POS-GRADUACAO, ENSINO, PESQUI;0487;CONCESSAO DE BOLSAS DE ESTUDO NO ENSINO SUPERIOR;0002;CONCESSAO DE BOLSAS DE ESTUDOS NO PAIS;12364203204870001;087493;OCCCUO9414N;BF SUPERIOR - PROAP;90;APLICACOES DIRETAS;3;DESPESAS CORRENTES;3;OUTRAS DESPESAS CORRENTES;18;AUXILIO FINANCEIRO A ESTUDANTES;339018;AUXILIO FINANCEIRO A ESTUDANTES;12;RECURSOS DEST.A MANUT.E DES.DO ENSINO;;;;;23,500.00;2,000.00;21,500.00;
2015;153129;INSTITUTO DE FILOSOF/CIENCIAS SOCIAIS DA UFRJ;12;EDUCACAO;364;ENSINO SUPERIOR;2032;EDUCACAO SUPERIOR - GRADUACAO, POS-GRADUACAO, ENSINO, PESQUI;0487;CONCESSAO DE BOLSAS DE ESTUDO NO ENSINO SUPERIOR;0002;CONCESSAO DE BOLSAS DE ESTUDOS NO PAIS;12364203204870001;087493;OCCCUO9414N;BF SUPERIOR - PROAP;90;APLICACOES DIRETAS;3;DESPESAS CORRENTES;3;OUTRAS DESPESAS CORRENTES;30;MATERIAL DE CONSUMO;339030;MATERIAL DE CONSUMO;12;RECURSOS DEST.A MANUT.E DES.DO ENSINO;;;;;52,863.50;10,572.70;42,290.80;
2015;153129;INSTITUTO DE FILOSOF/CIENCIAS SOCIAIS DA UFRJ;12;EDUCACAO;364;ENSINO SUPERIOR;2032;EDUCACAO SUPERIOR - GRADUACAO, POS-GRADUACAO, ENSINO, PESQUI;0487;CONCESSAO DE BOLSAS DE ESTUDO NO ENSINO SUPERIOR;0002;CONCESSAO DE BOLSAS DE ESTUDOS NO PAIS;12364203204870001;087493;OCCCUO9414N;BF SUPERIOR - PROAP;90;APLICACOES DIRETAS;3;DESPESAS CORRENTES;3;OUTRAS DESPESAS CORRENTES;36;OUTROS SERVICOS DE TERCEIROS - P.FISICA;339036;OUTROS SERVICOS DE TERCEIROS - PESSOA FISICA;12;RECURSOS DEST.A MANUT.E DES.DO ENSINO;;;;;56,620.00;3,600.00;53,020.00;6,720.00
2015;153129;INSTITUTO DE FILOSOF/CIENCIAS SOCIAIS DA UFRJ;12;EDUCACAO;364;ENSINO SUPERIOR;2032;EDUCACAO SUPERIOR - GRADUACAO, POS-GRADUACAO, ENSINO, PESQUI;0487;CONCESSAO DE BOLSAS DE ESTUDO NO ENSINO SUPERIOR;0002;CONCESSAO DE BOLSAS DE ESTUDOS NO PAIS;12364203204870001;087493;OCCCUO9414N;BF SUPERIOR - PROAP;90;APLICACOES DIRETAS;3;DESPESAS CORRENTES;3;OUTRAS DESPESAS CORRENTES;39;OUTROS SERVICOS DE TERCEIROS PJ - OP.INT.ORC.;339039;OUTROS SERVICOS DE TERCEIROS - PESSOA JURIDICA;12;RECURSOS DEST.A MANUT.E DES.DO ENSINO;;;;;45,795.00;18,318.00;27,477.00;
2015;153129;INSTITUTO DE FILOSOF/CIENCIAS SOCIAIS DA UFRJ;12;EDUCACAO;364;ENSINO SUPERIOR;2032;EDUCACAO SUPERIOR - GRADUACAO, POS-GRADUACAO, ENSINO, PESQUI;0487;CONCESSAO DE BOLSAS DE ESTUDO NO ENSINO SUPERIOR;0002;CONCESSAO DE BOLSAS DE ESTUDOS NO PAIS;12364203204870001;087493;OCCCUO9414N;BF SUPERIOR - PROAP;91;APLICACOES DIRETAS - OPERACOES INTERNAS;3;DESPESAS CORRENTES;3;OUTRAS DESPESAS CORRENTES;47;OBRIGACOES TRIBUTARIAS E CONTRIBUTIVAS;339147;OBRIG.TRIBUT.E CONTRIB-OP.INTRA-ORCAMENTARIAS;12;RECURSOS DEST.A MANUT.E DES.DO ENSINO;;;;;3,000.00;600.00;2,400.00;
2015;153130;INSTITUTO DE PSICOLOGIA DA UFRJ;12;EDUCACAO;364;ENSINO SUPERIOR;2032;EDUCACAO SUPERIOR - GRADUACAO, POS-GRADUACAO, ENSINO, PESQUI;0487;CONCESSAO DE BOLSAS DE ESTUDO NO ENSINO SUPERIOR;0002;CONCESSAO DE BOLSAS DE ESTUDOS NO PAIS;12364203204870001;087493;OCCCUO9414N;BF SUPERIOR - PROAP;90;APLICACOES DIRETAS;3;DESPESAS CORRENTES;3;OUTRAS DESPESAS CORRENTES;30;MATERIAL DE CONSUMO;339030;MATERIAL DE CONSUMO;12;RECURSOS DEST.A MANUT.E DES.DO ENSINO;;;;;157,716.70;6,063.90;151,652.80;108,308.50
2015;153130;INSTITUTO DE PSICOLOGIA DA UFRJ;12;EDUCACAO;364;ENSINO SUPERIOR;2032;EDUCACAO SUPERIOR - GRADUACAO, POS-GRADUACAO, ENSINO, PESQUI;0487;CONCESSAO DE BOLSAS DE ESTUDO NO ENSINO SUPERIOR;0002;CONCESSAO DE BOLSAS DE ESTUDOS NO PAIS;12364203204870001;087493;OCCCUO9414N;BF SUPERIOR - PROAP;90;APLICACOES DIRETAS;3;DESPESAS CORRENTES;3;OUTRAS DESPESAS CORRENTES;33;PASSAGENS E DESPESAS COM LOCOMOCAO;339033;PASSAGENS E DESPESAS COM LOCOMOCAO;12;RECURSOS DEST.A MANUT.E DES.DO ENSINO;;;;;50,421.61;5,821.53;44,600.08;34,929.18
2015;153130;INSTITUTO DE PSICOLOGIA DA UFRJ;12;EDUCACAO;364;ENSINO SUPERIOR;2032;EDUCACAO SUPERIOR - GRADUACAO, POS-GRADUACAO, ENSINO, PESQUI;0487;CONCESSAO DE BOLSAS DE ESTUDO NO ENSINO SUPERIOR;0002;CONCESSAO DE BOLSAS DE ESTUDOS NO PAIS;12364203204870001;087493;OCCCUO9414N;BF SUPERIOR - PROAP;90;APLICACOES DIRETAS;3;DESPESAS CORRENTES;3;OUTRAS DESPESAS CORRENTES;36;OUTROS SERVICOS DE TERCEIROS - P.FISICA;339036;OUTROS SERVICOS DE TERCEIROS - PESSOA FISICA;12;RECURSOS DEST.A MANUT.E DES.DO ENSINO;;;;;0.00;0.00;;
2015;153130;INSTITUTO DE PSICOLOGIA DA UFRJ;12;EDUCACAO;364;ENSINO SUPERIOR;2032;EDUCACAO SUPERIOR - GRADUACAO, POS-GRADUACAO, ENSINO, PESQUI;0487;CONCESSAO DE BOLSAS DE ESTUDO NO ENSINO SUPERIOR;0002;CONCESSAO DE BOLSAS DE ESTUDOS NO PAIS;12364203204870001;087493;OCCCUO9414N;BF SUPERIOR - PROAP;90;APLICACOES DIRETAS;3;DESPESAS CORRENTES;3;OUTRAS DESPESAS CORRENTES;39;OUTROS SERVICOS DE TERCEIROS PJ - OP.INT.ORC.;339039;OUTROS SERVICOS DE TERCEIROS - PESSOA JURIDICA;12;RECURSOS DEST.A MANUT.E DES.DO ENSINO;;;;;201,357.00;44,206.00;156,278.00;85,516.50
2015;153131;FACULDADE DE EDUCACAO DA UFRJ;12;EDUCACAO;364;ENSINO SUPERIOR;2032;EDUCACAO SUPERIOR - GRADUACAO, POS-GRADUACAO, ENSINO, PESQUI;0487;CONCESSAO DE BOLSAS DE ESTUDO NO ENSINO SUPERIOR;0002;CONCESSAO DE BOLSAS DE ESTUDOS NO PAIS;12364203204870001;087493;OCCCUO9414N;BF SUPERIOR - PROAP;90;APLICACOES DIRETAS;3;DESPESAS CORRENTES;3;OUTRAS DESPESAS CORRENTES;18;AUXILIO FINANCEIRO A ESTUDANTES;339018;AUXILIO FINANCEIRO A ESTUDANTES;12;RECURSOS DEST.A MANUT.E DES.DO ENSINO;;;;;69,500.00;5,200.00;64,300.00;64,300.00
2015;153131;FACULDADE DE EDUCACAO DA UFRJ;12;EDUCACAO;364;ENSINO SUPERIOR;2032;EDUCACAO SUPERIOR - GRADUACAO, POS-GRADUACAO, ENSINO, PESQUI;0487;CONCESSAO DE BOLSAS DE ESTUDO NO ENSINO SUPERIOR;0002;CONCESSAO DE BOLSAS DE ESTUDOS NO PAIS;12364203204870001;087493;OCCCUO9414N;BF SUPERIOR - PROAP;90;APLICACOES DIRETAS;3;DESPESAS CORRENTES;3;OUTRAS DESPESAS CORRENTES;39;OUTROS SERVICOS DE TERCEIROS PJ - OP.INT.ORC.;339039;OUTROS SERVICOS DE TERCEIROS - PESSOA JURIDICA;12;RECURSOS DEST.A MANUT.E DES.DO ENSINO;;;;;32,304.00;840.00;31,464.00;14,664.00
2015;153132;DECANATO DO CENTRO DE C JUR E ECONOM. DA UFRJ;12;EDUCACAO;364;ENSINO SUPERIOR;2032;EDUCACAO SUPERIOR - GRADUACAO, POS-GRADUACAO, ENSINO, PESQUI;0487;CONCESSAO DE BOLSAS DE ESTUDO NO ENSINO SUPERIOR;0002;CONCESSAO DE BOLSAS DE ESTUDOS NO PAIS;12364203204870001;087493;OCCCUO9414N;BF SUPERIOR - PROAP;90;APLICACOES DIRETAS;3;DESPESAS CORRENTES;3;OUTRAS DESPESAS CORRENTES;18;AUXILIO FINANCEIRO A ESTUDANTES;339018;AUXILIO FINANCEIRO A ESTUDANTES;12;RECURSOS DEST.A MANUT.E DES.DO ENSINO;;;;;67,625.00;0.00;67,625.00;
2015;153137;DECANATO DO CENTRO DE CIENC.DA SAUDE DA UFRJ;12;EDUCACAO;364;ENSINO SUPERIOR;2032;EDUCACAO SUPERIOR - GRADUACAO, POS-GRADUACAO, ENSINO, PESQUI;0487;CONCESSAO DE BOLSAS DE ESTUDO NO ENSINO SUPERIOR;0002;CONCESSAO DE BOLSAS DE ESTUDOS NO PAIS;12364203204870001;087493;OCCCUO9414N;BF SUPERIOR - PROAP;90;APLICACOES DIRETAS;3;DESPESAS CORRENTES;3;OUTRAS DESPESAS CORRENTES;18;AUXILIO FINANCEIRO A ESTUDANTES;339018;AUXILIO FINANCEIRO A ESTUDANTES;12;RECURSOS DEST.A MANUT.E DES.DO ENSINO;;;;;24,750.00;0.00;24,750.00;
2015;153137;DECANATO DO CENTRO DE CIENC.DA SAUDE DA UFRJ;12;EDUCACAO;364;ENSINO SUPERIOR;2032;EDUCACAO SUPERIOR - GRADUACAO, POS-GRADUACAO, ENSINO, PESQUI;0487;CONCESSAO DE BOLSAS DE ESTUDO NO ENSINO SUPERIOR;0002;CONCESSAO DE BOLSAS DE ESTUDOS NO PAIS;12364203204870001;087493;OCCCUO9414N;BF SUPERIOR - PROAP;90;APLICACOES DIRETAS;3;DESPESAS CORRENTES;3;OUTRAS DESPESAS CORRENTES;30;MATERIAL DE CONSUMO;339030;MATERIAL DE CONSUMO;12;RECURSOS DEST.A MANUT.E DES.DO ENSINO;;;;;87,141.75;31,274.35;55,867.40;
2015;153137;DECANATO DO CENTRO DE CIENC.DA SAUDE DA UFRJ;12;EDUCACAO;364;ENSINO SUPERIOR;2032;EDUCACAO SUPERIOR - GRADUACAO, POS-GRADUACAO, ENSINO, PESQUI;0487;CONCESSAO DE BOLSAS DE ESTUDO NO ENSINO SUPERIOR;0002;CONCESSAO DE BOLSAS DE ESTUDOS NO PAIS;12364203204870001;087493;OCCCUO9414N;BF SUPERIOR - PROAP;90;APLICACOES DIRETAS;3;DESPESAS CORRENTES;3;OUTRAS DESPESAS CORRENTES;39;OUTROS SERVICOS DE TERCEIROS PJ - OP.INT.ORC.;339039;OUTROS SERVICOS DE TERCEIROS - PESSOA JURIDICA;12;RECURSOS DEST.A MANUT.E DES.DO ENSINO;;;;;79,650.00;15,930.00;63,720.00;
2015;153138;FACULDADE DE MEDICINA DA UFRJ;12;EDUCACAO;364;ENSINO SUPERIOR;2032;EDUCACAO SUPERIOR - GRADUACAO, POS-GRADUACAO, ENSINO, PESQUI;0487;CONCESSAO DE BOLSAS DE ESTUDO NO ENSINO SUPERIOR;0002;CONCESSAO DE BOLSAS DE ESTUDOS NO PAIS;12364203204870001;087493;OCCCUO9414N;BF SUPERIOR - PROAP;90;APLICACOES DIRETAS;3;DESPESAS CORRENTES;3;OUTRAS DESPESAS CORRENTES;30;MATERIAL DE CONSUMO;339030;MATERIAL DE CONSUMO;12;RECURSOS DEST.A MANUT.E DES.DO ENSINO;;;;;176,152.38;18,012.30;158,140.08;134,669.28
2015;153138;FACULDADE DE MEDICINA DA UFRJ;12;EDUCACAO;364;ENSINO SUPERIOR;2032;EDUCACAO SUPERIOR - GRADUACAO, POS-GRADUACAO, ENSINO, PESQUI;0487;CONCESSAO DE BOLSAS DE ESTUDO NO ENSINO SUPERIOR;0002;CONCESSAO DE BOLSAS DE ESTUDOS NO PAIS;12364203204870001;087493;OCCCUO9414N;BF SUPERIOR - PROAP;90;APLICACOES DIRETAS;3;DESPESAS CORRENTES;3;OUTRAS DESPESAS CORRENTES;33;PASSAGENS E DESPESAS COM LOCOMOCAO;339033;PASSAGENS E DESPESAS COM LOCOMOCAO;12;RECURSOS DEST.A MANUT.E DES.DO ENSINO;;;;;264,204.63;22,462.13;241,742.50;130,194.84
2015;153138;FACULDADE DE MEDICINA DA UFRJ;12;EDUCACAO;364;ENSINO SUPERIOR;2032;EDUCACAO SUPERIOR - GRADUACAO, POS-GRADUACAO, ENSINO, PESQUI;0487;CONCESSAO DE BOLSAS DE ESTUDO NO ENSINO SUPERIOR;0002;CONCESSAO DE BOLSAS DE ESTUDOS NO PAIS;12364203204870001;087493;OCCCUO9414N;BF SUPERIOR - PROAP;90;APLICACOES DIRETAS;3;DESPESAS CORRENTES;3;OUTRAS DESPESAS CORRENTES;39;OUTROS SERVICOS DE TERCEIROS PJ - OP.INT.ORC.;339039;OUTROS SERVICOS DE TERCEIROS - PESSOA JURIDICA;12;RECURSOS DEST.A MANUT.E DES.DO ENSINO;;;;;259,542.34;22,190.00;235,102.34;223,652.34
2015;153139;FACULDADE DE ODONTOLOGIA DA UFRJ;12;EDUCACAO;364;ENSINO SUPERIOR;2032;EDUCACAO SUPERIOR - GRADUACAO, POS-GRADUACAO, ENSINO, PESQUI;0487;CONCESSAO DE BOLSAS DE ESTUDO NO ENSINO SUPERIOR;0002;CONCESSAO DE BOLSAS DE ESTUDOS NO PAIS;12364203204870001;087493;OCCCUO9414N;BF SUPERIOR - PROAP;90;APLICACOES DIRETAS;3;DESPESAS CORRENTES;3;OUTRAS DESPESAS CORRENTES;30;MATERIAL DE CONSUMO;339030;MATERIAL DE CONSUMO;12;RECURSOS DEST.A MANUT.E DES.DO ENSINO;;;;;98,193.70;11,171.26;87,021.84;36,672.00
2015;153139;FACULDADE DE ODONTOLOGIA DA UFRJ;12;EDUCACAO;364;ENSINO SUPERIOR;2032;EDUCACAO SUPERIOR - GRADUACAO, POS-GRADUACAO, ENSINO, PESQUI;0487;CONCESSAO DE BOLSAS DE ESTUDO NO ENSINO SUPERIOR;0002;CONCESSAO DE BOLSAS DE ESTUDOS NO PAIS;12364203204870001;087493;OCCCUO9414N;BF SUPERIOR - PROAP;90;APLICACOES DIRETAS;3;DESPESAS CORRENTES;3;OUTRAS DESPESAS CORRENTES;39;OUTROS SERVICOS DE TERCEIROS PJ - OP.INT.ORC.;339039;OUTROS SERVICOS DE TERCEIROS - PESSOA JURIDICA;12;RECURSOS DEST.A MANUT.E DES.DO ENSINO;;;;;64,800.00;10,800.00;54,000.00;54,000.00
2015;153140;FACULDADE DE FARMACIA DA UFRJ;12;EDUCACAO;364;ENSINO SUPERIOR;2032;EDUCACAO SUPERIOR - GRADUACAO, POS-GRADUACAO, ENSINO, PESQUI;0487;CONCESSAO DE BOLSAS DE ESTUDO NO ENSINO SUPERIOR;0002;CONCESSAO DE BOLSAS DE ESTUDOS NO PAIS;12364203204870001;087493;OCCCUO9414N;BF SUPERIOR - PROAP;90;APLICACOES DIRETAS;3;DESPESAS CORRENTES;3;OUTRAS DESPESAS CORRENTES;30;MATERIAL DE CONSUMO;339030;MATERIAL DE CONSUMO;12;RECURSOS DEST.A MANUT.E DES.DO ENSINO;;;;;43,983.00;10,249.60;33,733.40;
2015;153140;FACULDADE DE FARMACIA DA UFRJ;12;EDUCACAO;364;ENSINO SUPERIOR;2032;EDUCACAO SUPERIOR - GRADUACAO, POS-GRADUACAO, ENSINO, PESQUI;0487;CONCESSAO DE BOLSAS DE ESTUDO NO ENSINO SUPERIOR;0002;CONCESSAO DE BOLSAS DE ESTUDOS NO PAIS;12364203204870001;087493;OCCCUO9414N;BF SUPERIOR - PROAP;90;APLICACOES DIRETAS;3;DESPESAS CORRENTES;3;OUTRAS DESPESAS CORRENTES;39;OUTROS SERVICOS DE TERCEIROS PJ - OP.INT.ORC.;339039;OUTROS SERVICOS DE TERCEIROS - PESSOA JURIDICA;12;RECURSOS DEST.A MANUT.E DES.DO ENSINO;;;;;64,000.00;16,800.00;35,200.00;
2015;153141;ESCOLA DE ENFERMAGEM ANA NERI DA UFRJ;12;EDUCACAO;364;ENSINO SUPERIOR;2032;EDUCACAO SUPERIOR - GRADUACAO, POS-GRADUACAO, ENSINO, PESQUI;0487;CONCESSAO DE BOLSAS DE ESTUDO NO ENSINO SUPERIOR;0002;CONCESSAO DE BOLSAS DE ESTUDOS NO PAIS;12364203204870001;087493;OCCCUO9414N;BF SUPERIOR - PROAP;90;APLICACOES DIRETAS;3;DESPESAS CORRENTES;3;OUTRAS DESPESAS CORRENTES;39;OUTROS SERVICOS DE TERCEIROS PJ - OP.INT.ORC.;339039;OUTROS SERVICOS DE TERCEIROS - PESSOA JURIDICA;12;RECURSOS DEST.A MANUT.E DES.DO ENSINO;;;;;84,088.75;15,466.25;68,622.50;
2015;153142;INSTITUTO DE CIENCIAS BIOMEDICAS DA UFRJ;12;EDUCACAO;364;ENSINO SUPERIOR;2032;EDUCACAO SUPERIOR - GRADUACAO, POS-GRADUACAO, ENSINO, PESQUI;0487;CONCESSAO DE BOLSAS DE ESTUDO NO ENSINO SUPERIOR;0002;CONCESSAO DE BOLSAS DE ESTUDOS NO PAIS;12364203204870001;087493;OCCCUO9414N;BF SUPERIOR - PROAP;90;APLICACOES DIRETAS;3;DESPESAS CORRENTES;3;OUTRAS DESPESAS CORRENTES;30;MATERIAL DE CONSUMO;339030;MATERIAL DE CONSUMO;12;RECURSOS DEST.A MANUT.E DES.DO ENSINO;;;;;92,280.00;18,456.00;73,824.00;
2015;153142;INSTITUTO DE CIENCIAS BIOMEDICAS DA UFRJ;12;EDUCACAO;364;ENSINO SUPERIOR;2032;EDUCACAO SUPERIOR - GRADUACAO, POS-GRADUACAO, ENSINO, PESQUI;0487;CONCESSAO DE BOLSAS DE ESTUDO NO ENSINO SUPERIOR;0002;CONCESSAO DE BOLSAS DE ESTUDOS NO PAIS;12364203204870001;087493;OCCCUO9414N;BF SUPERIOR - PROAP;90;APLICACOES DIRETAS;3;DESPESAS CORRENTES;3;OUTRAS DESPESAS CORRENTES;39;OUTROS SERVICOS DE TERCEIROS PJ - OP.INT.ORC.;339039;OUTROS SERVICOS DE TERCEIROS - PESSOA JURIDICA;12;RECURSOS DEST.A MANUT.E DES.DO ENSINO;;;;;57,660.00;11,532.00;46,128.00;
2015;153143;INSTITUTO DE MICROBIOLOGIA DA UFRJ;12;EDUCACAO;364;ENSINO SUPERIOR;2032;EDUCACAO SUPERIOR - GRADUACAO, POS-GRADUACAO, ENSINO, PESQUI;0487;CONCESSAO DE BOLSAS DE ESTUDO NO ENSINO SUPERIOR;0002;CONCESSAO DE BOLSAS DE ESTUDOS NO PAIS;12364203204870001;087493;OCCCUO9414N;BF SUPERIOR - PROAP;90;APLICACOES DIRETAS;3;DESPESAS CORRENTES;3;OUTRAS DESPESAS CORRENTES;30;MATERIAL DE CONSUMO;339030;MATERIAL DE CONSUMO;12;RECURSOS DEST.A MANUT.E DES.DO ENSINO;;;;;99,246.60;16,679.51;81,278.92;21,255.00
2015;153143;INSTITUTO DE MICROBIOLOGIA DA UFRJ;12;EDUCACAO;364;ENSINO SUPERIOR;2032;EDUCACAO SUPERIOR - GRADUACAO, POS-GRADUACAO, ENSINO, PESQUI;0487;CONCESSAO DE BOLSAS DE ESTUDO NO ENSINO SUPERIOR;0002;CONCESSAO DE BOLSAS DE ESTUDOS NO PAIS;12364203204870001;087493;OCCCUO9414N;BF SUPERIOR - PROAP;90;APLICACOES DIRETAS;3;DESPESAS CORRENTES;3;OUTRAS DESPESAS CORRENTES;39;OUTROS SERVICOS DE TERCEIROS PJ - OP.INT.ORC.;339039;OUTROS SERVICOS DE TERCEIROS - PESSOA JURIDICA;12;RECURSOS DEST.A MANUT.E DES.DO ENSINO;;;;;17,500.00;0.00;17,500.00;12,500.00
2015;153144;INSTITUTO DE NUTRICAO JOSUE DE CASTRO;12;EDUCACAO;364;ENSINO SUPERIOR;2032;EDUCACAO SUPERIOR - GRADUACAO, POS-GRADUACAO, ENSINO, PESQUI;0487;CONCESSAO DE BOLSAS DE ESTUDO NO ENSINO SUPERIOR;0002;CONCESSAO DE BOLSAS DE ESTUDOS NO PAIS;12364203204870001;087493;OCCCUO9414N;BF SUPERIOR - PROAP;90;APLICACOES DIRETAS;3;DESPESAS CORRENTES;3;OUTRAS DESPESAS CORRENTES;30;MATERIAL DE CONSUMO;339030;MATERIAL DE CONSUMO;12;RECURSOS DEST.A MANUT.E DES.DO ENSINO;;;;;20,577.80;4,952.12;13,116.00;
2015;153144;INSTITUTO DE NUTRICAO JOSUE DE CASTRO;12;EDUCACAO;364;ENSINO SUPERIOR;2032;EDUCACAO SUPERIOR - GRADUACAO, POS-GRADUACAO, ENSINO, PESQUI;0487;CONCESSAO DE BOLSAS DE ESTUDO NO ENSINO SUPERIOR;0002;CONCESSAO DE BOLSAS DE ESTUDOS NO PAIS;12364203204870001;087493;OCCCUO9414N;BF SUPERIOR - PROAP;90;APLICACOES DIRETAS;3;DESPESAS CORRENTES;3;OUTRAS DESPESAS CORRENTES;39;OUTROS SERVICOS DE TERCEIROS PJ - OP.INT.ORC.;339039;OUTROS SERVICOS DE TERCEIROS - PESSOA JURIDICA;12;RECURSOS DEST.A MANUT.E DES.DO ENSINO;;;;;97,180.00;21,416.00;72,464.00;
2015;153146;INSTIT.PESQ.DE PROD.NATURAIS WALTER MORS;12;EDUCACAO;364;ENSINO SUPERIOR;2032;EDUCACAO SUPERIOR - GRADUACAO, POS-GRADUACAO, ENSINO, PESQUI;0487;CONCESSAO DE BOLSAS DE ESTUDO NO ENSINO SUPERIOR;0002;CONCESSAO DE BOLSAS DE ESTUDOS NO PAIS;12364203204870001;087493;OCCCUO9414N;BF SUPERIOR - PROAP;90;APLICACOES DIRETAS;3;DESPESAS CORRENTES;3;OUTRAS DESPESAS CORRENTES;18;AUXILIO FINANCEIRO A ESTUDANTES;339018;AUXILIO FINANCEIRO A ESTUDANTES;12;RECURSOS DEST.A MANUT.E DES.DO ENSINO;;;;;26,250.00;0.00;26,250.00;4,500.00
2015;153146;INSTIT.PESQ.DE PROD.NATURAIS WALTER MORS;12;EDUCACAO;364;ENSINO SUPERIOR;2032;EDUCACAO SUPERIOR - GRADUACAO, POS-GRADUACAO, ENSINO, PESQUI;0487;CONCESSAO DE BOLSAS DE ESTUDO NO ENSINO SUPERIOR;0002;CONCESSAO DE BOLSAS DE ESTUDOS NO PAIS;12364203204870001;087493;OCCCUO9414N;BF SUPERIOR - PROAP;90;APLICACOES DIRETAS;3;DESPESAS CORRENTES;3;OUTRAS DESPESAS CORRENTES;30;MATERIAL DE CONSUMO;339030;MATERIAL DE CONSUMO;12;RECURSOS DEST.A MANUT.E DES.DO ENSINO;;;;;120,628.43;15,115.49;105,512.94;103,042.94
2015;153146;INSTIT.PESQ.DE PROD.NATURAIS WALTER MORS;12;EDUCACAO;364;ENSINO SUPERIOR;2032;EDUCACAO SUPERIOR - GRADUACAO, POS-GRADUACAO, ENSINO, PESQUI;0487;CONCESSAO DE BOLSAS DE ESTUDO NO ENSINO SUPERIOR;0002;CONCESSAO DE BOLSAS DE ESTUDOS NO PAIS;12364203204870001;087493;OCCCUO9414N;BF SUPERIOR - PROAP;90;APLICACOES DIRETAS;3;DESPESAS CORRENTES;3;OUTRAS DESPESAS CORRENTES;39;OUTROS SERVICOS DE TERCEIROS PJ - OP.INT.ORC.;339039;OUTROS SERVICOS DE TERCEIROS - PESSOA JURIDICA;12;RECURSOS DEST.A MANUT.E DES.DO ENSINO;;;;;129,021.00;11,468.00;117,553.00;87,878.00
2015;153149;INSTITUTO DE PSIQUIATRIA DA UFRJ;12;EDUCACAO;364;ENSINO SUPERIOR;2032;EDUCACAO SUPERIOR - GRADUACAO, POS-GRADUACAO, ENSINO, PESQUI;0487;CONCESSAO DE BOLSAS DE ESTUDO NO ENSINO SUPERIOR;0002;CONCESSAO DE BOLSAS DE ESTUDOS NO PAIS;12364203204870001;087493;OCCCUO9414N;BF SUPERIOR - PROAP;90;APLICACOES DIRETAS;3;DESPESAS CORRENTES;3;OUTRAS DESPESAS CORRENTES;30;MATERIAL DE CONSUMO;339030;MATERIAL DE CONSUMO;12;RECURSOS DEST.A MANUT.E DES.DO ENSINO;;;;;141,566.00;9,066.00;132,500.00;
2015;153153;ESCOLA DE EDUCACAO FISICA E DESPORTES DA UFRJ;12;EDUCACAO;364;ENSINO SUPERIOR;2032;EDUCACAO SUPERIOR - GRADUACAO, POS-GRADUACAO, ENSINO, PESQUI;0487;CONCESSAO DE BOLSAS DE ESTUDO NO ENSINO SUPERIOR;0002;CONCESSAO DE BOLSAS DE ESTUDOS NO PAIS;12364203204870001;087493;OCCCUO9414N;BF SUPERIOR - PROAP;90;APLICACOES DIRETAS;3;DESPESAS CORRENTES;3;OUTRAS DESPESAS CORRENTES;30;MATERIAL DE CONSUMO;339030;MATERIAL DE CONSUMO;12;RECURSOS DEST.A MANUT.E DES.DO ENSINO;;;;;12,050.00;0.00;12,050.00;
2015;153153;ESCOLA DE EDUCACAO FISICA E DESPORTES DA UFRJ;12;EDUCACAO;364;ENSINO SUPERIOR;2032;EDUCACAO SUPERIOR - GRADUACAO, POS-GRADUACAO, ENSINO, PESQUI;0487;CONCESSAO DE BOLSAS DE ESTUDO NO ENSINO SUPERIOR;0002;CONCESSAO DE BOLSAS DE ESTUDOS NO PAIS;12364203204870001;087493;OCCCUO9414N;BF SUPERIOR - PROAP;90;APLICACOES DIRETAS;3;DESPESAS CORRENTES;3;OUTRAS DESPESAS CORRENTES;39;OUTROS SERVICOS DE TERCEIROS PJ - OP.INT.ORC.;339039;OUTROS SERVICOS DE TERCEIROS - PESSOA JURIDICA;12;RECURSOS DEST.A MANUT.E DES.DO ENSINO;;;;;5,500.00;0.00;5,500.00;
2015;153154;INSTITUTO DE BIOLOGIA DA UFRJ;12;EDUCACAO;364;ENSINO SUPERIOR;2032;EDUCACAO SUPERIOR - GRADUACAO, POS-GRADUACAO, ENSINO, PESQUI;0487;CONCESSAO DE BOLSAS DE ESTUDO NO ENSINO SUPERIOR;0002;CONCESSAO DE BOLSAS DE ESTUDOS NO PAIS;12364203204870001;087493;OCCCUO9414N;BF SUPERIOR - PROAP;90;APLICACOES DIRETAS;3;DESPESAS CORRENTES;3;OUTRAS DESPESAS CORRENTES;18;AUXILIO FINANCEIRO A ESTUDANTES;339018;AUXILIO FINANCEIRO A ESTUDANTES;12;RECURSOS DEST.A MANUT.E DES.DO ENSINO;;;;;19,737.42;0.00;19,737.42;19,737.42
2015;153154;INSTITUTO DE BIOLOGIA DA UFRJ;12;EDUCACAO;364;ENSINO SUPERIOR;2032;EDUCACAO SUPERIOR - GRADUACAO, POS-GRADUACAO, ENSINO, PESQUI;0487;CONCESSAO DE BOLSAS DE ESTUDO NO ENSINO SUPERIOR;0002;CONCESSAO DE BOLSAS DE ESTUDOS NO PAIS;12364203204870001;087493;OCCCUO9414N;BF SUPERIOR - PROAP;90;APLICACOES DIRETAS;3;DESPESAS CORRENTES;3;OUTRAS DESPESAS CORRENTES;30;MATERIAL DE CONSUMO;339030;MATERIAL DE CONSUMO;12;RECURSOS DEST.A MANUT.E DES.DO ENSINO;;;;;14,414.50;2,882.90;11,531.60;
2015;153154;INSTITUTO DE BIOLOGIA DA UFRJ;12;EDUCACAO;364;ENSINO SUPERIOR;2032;EDUCACAO SUPERIOR - GRADUACAO, POS-GRADUACAO, ENSINO, PESQUI;0487;CONCESSAO DE BOLSAS DE ESTUDO NO ENSINO SUPERIOR;0002;CONCESSAO DE BOLSAS DE ESTUDOS NO PAIS;12364203204870001;087493;OCCCUO9414N;BF SUPERIOR - PROAP;90;APLICACOES DIRETAS;3;DESPESAS CORRENTES;3;OUTRAS DESPESAS CORRENTES;93;INDENIZACOES E RESTITUICOES;339093;INDENIZACOES E RESTITUICOES;12;RECURSOS DEST.A MANUT.E DES.DO ENSINO;;;;;81,050.70;2,390.94;78,659.76;69,096.00
2015;153156;NUCLEO DE TECNOL. EDUCACIONAL P/SAUDE DA UFRJ;12;EDUCACAO;364;ENSINO SUPERIOR;2032;EDUCACAO SUPERIOR - GRADUACAO, POS-GRADUACAO, ENSINO, PESQUI;0487;CONCESSAO DE BOLSAS DE ESTUDO NO ENSINO SUPERIOR;0002;CONCESSAO DE BOLSAS DE ESTUDOS NO PAIS;12364203204870001;087493;OCCCUO9414N;BF SUPERIOR - PROAP;90;APLICACOES DIRETAS;3;DESPESAS CORRENTES;3;OUTRAS DESPESAS CORRENTES;18;AUXILIO FINANCEIRO A ESTUDANTES;339018;AUXILIO FINANCEIRO A ESTUDANTES;12;RECURSOS DEST.A MANUT.E DES.DO ENSINO;;;;;65,139.16;10,655.42;54,483.74;10,167.48
2015;153156;NUCLEO DE TECNOL. EDUCACIONAL P/SAUDE DA UFRJ;12;EDUCACAO;364;ENSINO SUPERIOR;2032;EDUCACAO SUPERIOR - GRADUACAO, POS-GRADUACAO, ENSINO, PESQUI;0487;CONCESSAO DE BOLSAS DE ESTUDO NO ENSINO SUPERIOR;0002;CONCESSAO DE BOLSAS DE ESTUDOS NO PAIS;12364203204870001;087493;OCCCUO9414N;BF SUPERIOR - PROAP;90;APLICACOES DIRETAS;3;DESPESAS CORRENTES;3;OUTRAS DESPESAS CORRENTES;30;MATERIAL DE CONSUMO;339030;MATERIAL DE CONSUMO;12;RECURSOS DEST.A MANUT.E DES.DO ENSINO;;;;;12,488.00;2,497.60;9,990.40;
2015;153156;NUCLEO DE TECNOL. EDUCACIONAL P/SAUDE DA UFRJ;12;EDUCACAO;364;ENSINO SUPERIOR;2032;EDUCACAO SUPERIOR - GRADUACAO, POS-GRADUACAO, ENSINO, PESQUI;0487;CONCESSAO DE BOLSAS DE ESTUDO NO ENSINO SUPERIOR;0002;CONCESSAO DE BOLSAS DE ESTUDOS NO PAIS;12364203204870001;087493;OCCCUO9414N;BF SUPERIOR - PROAP;90;APLICACOES DIRETAS;3;DESPESAS CORRENTES;3;OUTRAS DESPESAS CORRENTES;39;OUTROS SERVICOS DE TERCEIROS PJ - OP.INT.ORC.;339039;OUTROS SERVICOS DE TERCEIROS - PESSOA JURIDICA;12;RECURSOS DEST.A MANUT.E DES.DO ENSINO;;;;;37,895.00;14,163.00;23,732.00;
2015;153160;COORD DOS PROG DE POS-GRAD EM ENGEN DA UFRJ;12;EDUCACAO;364;ENSINO SUPERIOR;2032;EDUCACAO SUPERIOR - GRADUACAO, POS-GRADUACAO, ENSINO, PESQUI;0487;CONCESSAO DE BOLSAS DE ESTUDO NO ENSINO SUPERIOR;0002;CONCESSAO DE BOLSAS DE ESTUDOS NO PAIS;12364203204870001;087493;OCCCUO9414N;BF SUPERIOR - PROAP;90;APLICACOES DIRETAS;3;DESPESAS CORRENTES;3;OUTRAS DESPESAS CORRENTES;30;MATERIAL DE CONSUMO;339030;MATERIAL DE CONSUMO;12;RECURSOS DEST.A MANUT.E DES.DO ENSINO;;;;;6,221.45;1,244.29;4,977.16;
2015;153160;COORD DOS PROG DE POS-GRAD EM ENGEN DA UFRJ;12;EDUCACAO;364;ENSINO SUPERIOR;2032;EDUCACAO SUPERIOR - GRADUACAO, POS-GRADUACAO, ENSINO, PESQUI;0487;CONCESSAO DE BOLSAS DE ESTUDO NO ENSINO SUPERIOR;0002;CONCESSAO DE BOLSAS DE ESTUDOS NO PAIS;12364203204870001;087493;OCCCUO9414N;BF SUPERIOR - PROAP;90;APLICACOES DIRETAS;3;DESPESAS CORRENTES;3;OUTRAS DESPESAS CORRENTES;39;OUTROS SERVICOS DE TERCEIROS PJ - OP.INT.ORC.;339039;OUTROS SERVICOS DE TERCEIROS - PESSOA JURIDICA;12;RECURSOS DEST.A MANUT.E DES.DO ENSINO;;;;;916,160.00;320,960.00;161,333.55;86,700.00
2015;153162;MUSEU NACIONAL DA UFRJ;12;EDUCACAO;364;ENSINO SUPERIOR;2032;EDUCACAO SUPERIOR - GRADUACAO, POS-GRADUACAO, ENSINO, PESQUI;0487;CONCESSAO DE BOLSAS DE ESTUDO NO ENSINO SUPERIOR;0002;CONCESSAO DE BOLSAS DE ESTUDOS NO PAIS;12364203204870001;087493;OCCCUO9414N;BF SUPERIOR - PROAP;90;APLICACOES DIRETAS;3;DESPESAS CORRENTES;3;OUTRAS DESPESAS CORRENTES;18;AUXILIO FINANCEIRO A ESTUDANTES;339018;AUXILIO FINANCEIRO A ESTUDANTES;12;RECURSOS DEST.A MANUT.E DES.DO ENSINO;;;;;360,620.00;4,700.00;355,920.00;145,120.00
2015;153162;MUSEU NACIONAL DA UFRJ;12;EDUCACAO;364;ENSINO SUPERIOR;2032;EDUCACAO SUPERIOR - GRADUACAO, POS-GRADUACAO, ENSINO, PESQUI;0487;CONCESSAO DE BOLSAS DE ESTUDO NO ENSINO SUPERIOR;0002;CONCESSAO DE BOLSAS DE ESTUDOS NO PAIS;12364203204870001;087493;OCCCUO9414N;BF SUPERIOR - PROAP;90;APLICACOES DIRETAS;3;DESPESAS CORRENTES;3;OUTRAS DESPESAS CORRENTES;39;OUTROS SERVICOS DE TERCEIROS PJ - OP.INT.ORC.;339039;OUTROS SERVICOS DE TERCEIROS - PESSOA JURIDICA;12;RECURSOS DEST.A MANUT.E DES.DO ENSINO;;;;;59,010.00;23,604.00;;
2015;153163;UNIVERSIDADE FEDERAL DE SANTA CATARINA;12;EDUCACAO;364;ENSINO SUPERIOR;2032;EDUCACAO SUPERIOR - GRADUACAO, POS-GRADUACAO, ENSINO, PESQUI;0487;CONCESSAO DE BOLSAS DE ESTUDO NO ENSINO SUPERIOR;0002;CONCESSAO DE BOLSAS DE ESTUDOS NO PAIS;12364203204870001;087493;OCCCUO9414N;BF SUPERIOR - PROAP;90;APLICACOES DIRETAS;3;DESPESAS CORRENTES;3;OUTRAS DESPESAS CORRENTES;14;DIARIAS - PESSOAL CIVIL;339014;DIARIAS - PESSOAL CIVIL;12;RECURSOS DEST.A MANUT.E DES.DO ENSINO;;;;;6,874,946.73;3,719,361.75;3,155,584.98;3,124,380.70
2015;153163;UNIVERSIDADE FEDERAL DE SANTA CATARINA;12;EDUCACAO;364;ENSINO SUPERIOR;2032;EDUCACAO SUPERIOR - GRADUACAO, POS-GRADUACAO, ENSINO, PESQUI;0487;CONCESSAO DE BOLSAS DE ESTUDO NO ENSINO SUPERIOR;0002;CONCESSAO DE BOLSAS DE ESTUDOS NO PAIS;12364203204870001;087493;OCCCUO9414N;BF SUPERIOR - PROAP;90;APLICACOES DIRETAS;3;DESPESAS CORRENTES;3;OUTRAS DESPESAS CORRENTES;18;AUXILIO FINANCEIRO A ESTUDANTES;339018;AUXILIO FINANCEIRO A ESTUDANTES;12;RECURSOS DEST.A MANUT.E DES.DO ENSINO;;;;;7,789,083.51;2,451,855.83;2,288,003.77;2,190,104.07
2015;153163;UNIVERSIDADE FEDERAL DE SANTA CATARINA;12;EDUCACAO;364;ENSINO SUPERIOR;2032;EDUCACAO SUPERIOR - GRADUACAO, POS-GRADUACAO, ENSINO, PESQUI;0487;CONCESSAO DE BOLSAS DE ESTUDO NO ENSINO SUPERIOR;0002;CONCESSAO DE BOLSAS DE ESTUDOS NO PAIS;12364203204870001;087493;OCCCUO9414N;BF SUPERIOR - PROAP;90;APLICACOES DIRETAS;3;DESPESAS CORRENTES;3;OUTRAS DESPESAS CORRENTES;30;MATERIAL DE CONSUMO;339030;MATERIAL DE CONSUMO;12;RECURSOS DEST.A MANUT.E DES.DO ENSINO;;;;;2,129,189.64;485,542.90;302,861.93;118,561.36
2015;153163;UNIVERSIDADE FEDERAL DE SANTA CATARINA;12;EDUCACAO;364;ENSINO SUPERIOR;2032;EDUCACAO SUPERIOR - GRADUACAO, POS-GRADUACAO, ENSINO, PESQUI;0487;CONCESSAO DE BOLSAS DE ESTUDO NO ENSINO SUPERIOR;0002;CONCESSAO DE BOLSAS DE ESTUDOS NO PAIS;12364203204870001;087493;OCCCUO9414N;BF SUPERIOR - PROAP;90;APLICACOES DIRETAS;3;DESPESAS CORRENTES;3;OUTRAS DESPESAS CORRENTES;33;PASSAGENS E DESPESAS COM LOCOMOCAO;339033;PASSAGENS E DESPESAS COM LOCOMOCAO;12;RECURSOS DEST.A MANUT.E DES.DO ENSINO;;;;;11877031.41;5,046,755.29;6,089,846.66;4,711,539.79
2015;153163;UNIVERSIDADE FEDERAL DE SANTA CATARINA;12;EDUCACAO;364;ENSINO SUPERIOR;2032;EDUCACAO SUPERIOR - GRADUACAO, POS-GRADUACAO, ENSINO, PESQUI;0487;CONCESSAO DE BOLSAS DE ESTUDO NO ENSINO SUPERIOR;0002;CONCESSAO DE BOLSAS DE ESTUDOS NO PAIS;12364203204870001;087493;OCCCUO9414N;BF SUPERIOR - PROAP;90;APLICACOES DIRETAS;3;DESPESAS CORRENTES;3;OUTRAS DESPESAS CORRENTES;36;OUTROS SERVICOS DE TERCEIROS - P.FISICA;339036;OUTROS SERVICOS DE TERCEIROS - PESSOA FISICA;12;RECURSOS DEST.A MANUT.E DES.DO ENSINO;;;;;4,279,092.60;3,340,722.70;896,567.90;877,623.20
2015;153163;UNIVERSIDADE FEDERAL DE SANTA CATARINA;12;EDUCACAO;364;ENSINO SUPERIOR;2032;EDUCACAO SUPERIOR - GRADUACAO, POS-GRADUACAO, ENSINO, PESQUI;0487;CONCESSAO DE BOLSAS DE ESTUDO NO ENSINO SUPERIOR;0002;CONCESSAO DE BOLSAS DE ESTUDOS NO PAIS;12364203204870001;087493;OCCCUO9414N;BF SUPERIOR - PROAP;90;APLICACOES DIRETAS;3;DESPESAS CORRENTES;3;OUTRAS DESPESAS CORRENTES;39;OUTROS SERVICOS DE TERCEIROS PJ - OP.INT.ORC.;339039;OUTROS SERVICOS DE TERCEIROS - PESSOA JURIDICA;12;RECURSOS DEST.A MANUT.E DES.DO ENSINO;;;;;1,105,877.25;259,983.65;635,180.44;514,456.11
2015;153163;UNIVERSIDADE FEDERAL DE SANTA CATARINA;12;EDUCACAO;364;ENSINO SUPERIOR;2032;EDUCACAO SUPERIOR - GRADUACAO, POS-GRADUACAO, ENSINO, PESQUI;0487;CONCESSAO DE BOLSAS DE ESTUDO NO ENSINO SUPERIOR;0002;CONCESSAO DE BOLSAS DE ESTUDOS NO PAIS;12364203204870001;087493;OCCCUO9414N;BF SUPERIOR - PROAP;90;APLICACOES DIRETAS;3;DESPESAS CORRENTES;3;OUTRAS DESPESAS CORRENTES;93;INDENIZACOES E RESTITUICOES;339093;INDENIZACOES E RESTITUICOES;12;RECURSOS DEST.A MANUT.E DES.DO ENSINO;;;;;225,000.00;75,000.00;17,418.27;17,418.27
2015;153163;UNIVERSIDADE FEDERAL DE SANTA CATARINA;12;EDUCACAO;368;EDUCACAO BASICA;2030;EDUCACAO BASICA;20RJ;APOIO A CAPACITACAO E FORMACAO INICIAL E CONTINUADA PARA A E;0004;EDUCACAO BASICA A DISTANCIA;12368203020RJ0001;087497;MCC62G22EDN;UAB - UAB TRADICIONAL;90;APLICACOES DIRETAS;3;DESPESAS CORRENTES;3;OUTRAS DESPESAS CORRENTES;39;OUTROS SERVICOS DE TERCEIROS PJ - OP.INT.ORC.;339039;OUTROS SERVICOS DE TERCEIROS - PESSOA JURIDICA;08;FUNDO SOCIAL-PARC.DEST.EDUCACAO PUBL.E SAUDE;;;;;20006805.87;314,271.20;19408627.87;16939030.91
2015;153164;UNIVERSIDADE FEDERAL DE SANTA MARIA;12;EDUCACAO;364;ENSINO SUPERIOR;2032;EDUCACAO SUPERIOR - GRADUACAO, POS-GRADUACAO, ENSINO, PESQUI;0487;CONCESSAO DE BOLSAS DE ESTUDO NO ENSINO SUPERIOR;0002;CONCESSAO DE BOLSAS DE ESTUDOS NO PAIS;12364203204870001;087493;OCCCUO9414N;BF SUPERIOR - PROAP;90;APLICACOES DIRETAS;3;DESPESAS CORRENTES;3;OUTRAS DESPESAS CORRENTES;14;DIARIAS - PESSOAL CIVIL;339014;DIARIAS - PESSOAL CIVIL;12;RECURSOS DEST.A MANUT.E DES.DO ENSINO;;;;;4,295,238.24;1,060,987.49;3,234,250.75;2,867,160.24
2015;153164;UNIVERSIDADE FEDERAL DE SANTA MARIA;12;EDUCACAO;364;ENSINO SUPERIOR;2032;EDUCACAO SUPERIOR - GRADUACAO, POS-GRADUACAO, ENSINO, PESQUI;0487;CONCESSAO DE BOLSAS DE ESTUDO NO ENSINO SUPERIOR;0002;CONCESSAO DE BOLSAS DE ESTUDOS NO PAIS;12364203204870001;087493;OCCCUO9414N;BF SUPERIOR - PROAP;90;APLICACOES DIRETAS;3;DESPESAS CORRENTES;3;OUTRAS DESPESAS CORRENTES;30;MATERIAL DE CONSUMO;339030;MATERIAL DE CONSUMO;12;RECURSOS DEST.A MANUT.E DES.DO ENSINO;;;;;1,769,173.23;626,197.22;837,153.40;739,390.94
2015;153164;UNIVERSIDADE FEDERAL DE SANTA MARIA;12;EDUCACAO;364;ENSINO SUPERIOR;2032;EDUCACAO SUPERIOR - GRADUACAO, POS-GRADUACAO, ENSINO, PESQUI;0487;CONCESSAO DE BOLSAS DE ESTUDO NO ENSINO SUPERIOR;0002;CONCESSAO DE BOLSAS DE ESTUDOS NO PAIS;12364203204870001;087493;OCCCUO9414N;BF SUPERIOR - PROAP;90;APLICACOES DIRETAS;3;DESPESAS CORRENTES;3;OUTRAS DESPESAS CORRENTES;33;PASSAGENS E DESPESAS COM LOCOMOCAO;339033;PASSAGENS E DESPESAS COM LOCOMOCAO;12;RECURSOS DEST.A MANUT.E DES.DO ENSINO;;;;;6,744,714.88;1,768,546.29;4,611,908.47;4,097,656.58
2015;153164;UNIVERSIDADE FEDERAL DE SANTA MARIA;12;EDUCACAO;364;ENSINO SUPERIOR;2032;EDUCACAO SUPERIOR - GRADUACAO, POS-GRADUACAO, ENSINO, PESQUI;0487;CONCESSAO DE BOLSAS DE ESTUDO NO ENSINO SUPERIOR;0002;CONCESSAO DE BOLSAS DE ESTUDOS NO PAIS;12364203204870001;087493;OCCCUO9414N;BF SUPERIOR - PROAP;90;APLICACOES DIRETAS;3;DESPESAS CORRENTES;3;OUTRAS DESPESAS CORRENTES;36;OUTROS SERVICOS DE TERCEIROS - P.FISICA;339036;OUTROS SERVICOS DE TERCEIROS - PESSOA FISICA;12;RECURSOS DEST.A MANUT.E DES.DO ENSINO;;;;;3,866,270.26;529,580.13;3,336,690.13;2,904,270.97
2015;153164;UNIVERSIDADE FEDERAL DE SANTA MARIA;12;EDUCACAO;364;ENSINO SUPERIOR;2032;EDUCACAO SUPERIOR - GRADUACAO, POS-GRADUACAO, ENSINO, PESQUI;0487;CONCESSAO DE BOLSAS DE ESTUDO NO ENSINO SUPERIOR;0002;CONCESSAO DE BOLSAS DE ESTUDOS NO PAIS;12364203204870001;087493;OCCCUO9414N;BF SUPERIOR - PROAP;90;APLICACOES DIRETAS;3;DESPESAS CORRENTES;3;OUTRAS DESPESAS CORRENTES;39;OUTROS SERVICOS DE TERCEIROS PJ - OP.INT.ORC.;339039;OUTROS SERVICOS DE TERCEIROS - PESSOA JURIDICA;12;RECURSOS DEST.A MANUT.E DES.DO ENSINO;;;;;1,747,782.82;377,160.21;1,273,888.45;1,064,225.09
2015;153165;UNIVERSIDADE FEDERAL RURAL DE PERNAMBUCO;12;EDUCACAO;364;ENSINO SUPERIOR;2032;EDUCACAO SUPERIOR - GRADUACAO, POS-GRADUACAO, ENSINO, PESQUI;0487;CONCESSAO DE BOLSAS DE ESTUDO NO ENSINO SUPERIOR;0002;CONCESSAO DE BOLSAS DE ESTUDOS NO PAIS;12364203204870001;087493;OCCCUO9414N;BF SUPERIOR - PROAP;90;APLICACOES DIRETAS;3;DESPESAS CORRENTES;3;OUTRAS DESPESAS CORRENTES;14;DIARIAS - PESSOAL CIVIL;339014;DIARIAS - PESSOAL CIVIL;12;RECURSOS DEST.A MANUT.E DES.DO ENSINO;;;;;2,016,860.65;1,107,630.03;909,230.62;895,660.37
2015;153165;UNIVERSIDADE FEDERAL RURAL DE PERNAMBUCO;12;EDUCACAO;364;ENSINO SUPERIOR;2032;EDUCACAO SUPERIOR - GRADUACAO, POS-GRADUACAO, ENSINO, PESQUI;0487;CONCESSAO DE BOLSAS DE ESTUDO NO ENSINO SUPERIOR;0002;CONCESSAO DE BOLSAS DE ESTUDOS NO PAIS;12364203204870001;087493;OCCCUO9414N;BF SUPERIOR - PROAP;90;APLICACOES DIRETAS;3;DESPESAS CORRENTES;3;OUTRAS DESPESAS CORRENTES;18;AUXILIO FINANCEIRO A ESTUDANTES;339018;AUXILIO FINANCEIRO A ESTUDANTES;12;RECURSOS DEST.A MANUT.E DES.DO ENSINO;;;;;2,281,675.10;660.00;2,281,015.10;1,987,636.10
2015;153165;UNIVERSIDADE FEDERAL RURAL DE PERNAMBUCO;12;EDUCACAO;364;ENSINO SUPERIOR;2032;EDUCACAO SUPERIOR - GRADUACAO, POS-GRADUACAO, ENSINO, PESQUI;0487;CONCESSAO DE BOLSAS DE ESTUDO NO ENSINO SUPERIOR;0002;CONCESSAO DE BOLSAS DE ESTUDOS NO PAIS;12364203204870001;087493;OCCCUO9414N;BF SUPERIOR - PROAP;90;APLICACOES DIRETAS;3;DESPESAS CORRENTES;3;OUTRAS DESPESAS CORRENTES;20;AUXILIO FINANCEIRO A PESQUISADORES;339020;AUXILIO FINANCEIRO A PESQUISADORES;12;RECURSOS DEST.A MANUT.E DES.DO ENSINO;;;;;1,131,976.00;0.00;1,131,976.00;937,368.00
2015;153165;UNIVERSIDADE FEDERAL RURAL DE PERNAMBUCO;12;EDUCACAO;364;ENSINO SUPERIOR;2032;EDUCACAO SUPERIOR - GRADUACAO, POS-GRADUACAO, ENSINO, PESQUI;0487;CONCESSAO DE BOLSAS DE ESTUDO NO ENSINO SUPERIOR;0002;CONCESSAO DE BOLSAS DE ESTUDOS NO PAIS;12364203204870001;087493;OCCCUO9414N;BF SUPERIOR - PROAP;90;APLICACOES DIRETAS;3;DESPESAS CORRENTES;3;OUTRAS DESPESAS CORRENTES;30;MATERIAL DE CONSUMO;339030;MATERIAL DE CONSUMO;12;RECURSOS DEST.A MANUT.E DES.DO ENSINO;;;;;225,309.50;70,760.40;101,444.00;79,065.00
2015;153165;UNIVERSIDADE FEDERAL RURAL DE PERNAMBUCO;12;EDUCACAO;364;ENSINO SUPERIOR;2032;EDUCACAO SUPERIOR - GRADUACAO, POS-GRADUACAO, ENSINO, PESQUI;0487;CONCESSAO DE BOLSAS DE ESTUDO NO ENSINO SUPERIOR;0002;CONCESSAO DE BOLSAS DE ESTUDOS NO PAIS;12364203204870001;087493;OCCCUO9414N;BF SUPERIOR - PROAP;90;APLICACOES DIRETAS;3;DESPESAS CORRENTES;3;OUTRAS DESPESAS CORRENTES;33;PASSAGENS E DESPESAS COM LOCOMOCAO;339033;PASSAGENS E DESPESAS COM LOCOMOCAO;12;RECURSOS DEST.A MANUT.E DES.DO ENSINO;;;;;1,624,966.12;719,773.05;871,012.42;798,022.61
2015;153165;UNIVERSIDADE FEDERAL RURAL DE PERNAMBUCO;12;EDUCACAO;364;ENSINO SUPERIOR;2032;EDUCACAO SUPERIOR - GRADUACAO, POS-GRADUACAO, ENSINO, PESQUI;0487;CONCESSAO DE BOLSAS DE ESTUDO NO ENSINO SUPERIOR;0002;CONCESSAO DE BOLSAS DE ESTUDOS NO PAIS;12364203204870001;087493;OCCCUO9414N;BF SUPERIOR - PROAP;90;APLICACOES DIRETAS;3;DESPESAS CORRENTES;3;OUTRAS DESPESAS CORRENTES;36;OUTROS SERVICOS DE TERCEIROS - P.FISICA;339036;OUTROS SERVICOS DE TERCEIROS - PESSOA FISICA;12;RECURSOS DEST.A MANUT.E DES.DO ENSINO;;;;;463,913.20;382,311.30;81,601.90;81,601.90
2015;153165;UNIVERSIDADE FEDERAL RURAL DE PERNAMBUCO;12;EDUCACAO;364;ENSINO SUPERIOR;2032;EDUCACAO SUPERIOR - GRADUACAO, POS-GRADUACAO, ENSINO, PESQUI;0487;CONCESSAO DE BOLSAS DE ESTUDO NO ENSINO SUPERIOR;0002;CONCESSAO DE BOLSAS DE ESTUDOS NO PAIS;12364203204870001;087493;OCCCUO9414N;BF SUPERIOR - PROAP;90;APLICACOES DIRETAS;3;DESPESAS CORRENTES;3;OUTRAS DESPESAS CORRENTES;39;OUTROS SERVICOS DE TERCEIROS PJ - OP.INT.ORC.;339039;OUTROS SERVICOS DE TERCEIROS - PESSOA JURIDICA;12;RECURSOS DEST.A MANUT.E DES.DO ENSINO;;;;;224,700.00;40,670.00;181,630.00;147,766.00
2015;153165;UNIVERSIDADE FEDERAL RURAL DE PERNAMBUCO;12;EDUCACAO;364;ENSINO SUPERIOR;2032;EDUCACAO SUPERIOR - GRADUACAO, POS-GRADUACAO, ENSINO, PESQUI;0487;CONCESSAO DE BOLSAS DE ESTUDO NO ENSINO SUPERIOR;0002;CONCESSAO DE BOLSAS DE ESTUDOS NO PAIS;12364203204870001;087493;OCCCUO9414N;BF SUPERIOR - PROAP;90;APLICACOES DIRETAS;3;DESPESAS CORRENTES;3;OUTRAS DESPESAS CORRENTES;93;INDENIZACOES E RESTITUICOES;339093;INDENIZACOES E RESTITUICOES;12;RECURSOS DEST.A MANUT.E DES.DO ENSINO;;;;;393,332.31;23,022.95;370,309.36;359,293.77
2015;153166;UNIVERSIDADE FEDERAL RURAL DO RIO DE JANEIRO;12;EDUCACAO;364;ENSINO SUPERIOR;2032;EDUCACAO SUPERIOR - GRADUACAO, POS-GRADUACAO, ENSINO, PESQUI;0487;CONCESSAO DE BOLSAS DE ESTUDO NO ENSINO SUPERIOR;0002;CONCESSAO DE BOLSAS DE ESTUDOS NO PAIS;12364203204870001;087493;OCCCUO9414N;BF SUPERIOR - PROAP;90;APLICACOES DIRETAS;3;DESPESAS CORRENTES;3;OUTRAS DESPESAS CORRENTES;14;DIARIAS - PESSOAL CIVIL;339014;DIARIAS - PESSOAL CIVIL;12;RECURSOS DEST.A MANUT.E DES.DO ENSINO;;;;;641,279.71;535,183.56;106,096.15;36,768.36
2015;153166;UNIVERSIDADE FEDERAL RURAL DO RIO DE JANEIRO;12;EDUCACAO;364;ENSINO SUPERIOR;2032;EDUCACAO SUPERIOR - GRADUACAO, POS-GRADUACAO, ENSINO, PESQUI;0487;CONCESSAO DE BOLSAS DE ESTUDO NO ENSINO SUPERIOR;0002;CONCESSAO DE BOLSAS DE ESTUDOS NO PAIS;12364203204870001;087493;OCCCUO9414N;BF SUPERIOR - PROAP;90;APLICACOES DIRETAS;3;DESPESAS CORRENTES;3;OUTRAS DESPESAS CORRENTES;18;AUXILIO FINANCEIRO A ESTUDANTES;339018;AUXILIO FINANCEIRO A ESTUDANTES;12;RECURSOS DEST.A MANUT.E DES.DO ENSINO;;;;;760,942.72;398,773.72;;
2015;153166;UNIVERSIDADE FEDERAL RURAL DO RIO DE JANEIRO;12;EDUCACAO;364;ENSINO SUPERIOR;2032;EDUCACAO SUPERIOR - GRADUACAO, POS-GRADUACAO, ENSINO, PESQUI;0487;CONCESSAO DE BOLSAS DE ESTUDO NO ENSINO SUPERIOR;0002;CONCESSAO DE BOLSAS DE ESTUDOS NO PAIS;12364203204870001;087493;OCCCUO9414N;BF SUPERIOR - PROAP;90;APLICACOES DIRETAS;3;DESPESAS CORRENTES;3;OUTRAS DESPESAS CORRENTES;30;MATERIAL DE CONSUMO;339030;MATERIAL DE CONSUMO;12;RECURSOS DEST.A MANUT.E DES.DO ENSINO;;;;;482,521.03;80,905.78;21,833.82;218.70
2015;153166;UNIVERSIDADE FEDERAL RURAL DO RIO DE JANEIRO;12;EDUCACAO;364;ENSINO SUPERIOR;2032;EDUCACAO SUPERIOR - GRADUACAO, POS-GRADUACAO, ENSINO, PESQUI;0487;CONCESSAO DE BOLSAS DE ESTUDO NO ENSINO SUPERIOR;0002;CONCESSAO DE BOLSAS DE ESTUDOS NO PAIS;12364203204870001;087493;OCCCUO9414N;BF SUPERIOR - PROAP;90;APLICACOES DIRETAS;3;DESPESAS CORRENTES;3;OUTRAS DESPESAS CORRENTES;33;PASSAGENS E DESPESAS COM LOCOMOCAO;339033;PASSAGENS E DESPESAS COM LOCOMOCAO;12;RECURSOS DEST.A MANUT.E DES.DO ENSINO;;;;;1,260,845.12;788,028.20;0.00;
2015;153166;UNIVERSIDADE FEDERAL RURAL DO RIO DE JANEIRO;12;EDUCACAO;364;ENSINO SUPERIOR;2032;EDUCACAO SUPERIOR - GRADUACAO, POS-GRADUACAO, ENSINO, PESQUI;0487;CONCESSAO DE BOLSAS DE ESTUDO NO ENSINO SUPERIOR;0002;CONCESSAO DE BOLSAS DE ESTUDOS NO PAIS;12364203204870001;087493;OCCCUO9414N;BF SUPERIOR - PROAP;90;APLICACOES DIRETAS;3;DESPESAS CORRENTES;3;OUTRAS DESPESAS CORRENTES;36;OUTROS SERVICOS DE TERCEIROS - P.FISICA;339036;OUTROS SERVICOS DE TERCEIROS - PESSOA FISICA;12;RECURSOS DEST.A MANUT.E DES.DO ENSINO;;;;;114,508.20;80,132.20;34,376.00;23,916.90
2015;153166;UNIVERSIDADE FEDERAL RURAL DO RIO DE JANEIRO;12;EDUCACAO;364;ENSINO SUPERIOR;2032;EDUCACAO SUPERIOR - GRADUACAO, POS-GRADUACAO, ENSINO, PESQUI;0487;CONCESSAO DE BOLSAS DE ESTUDO NO ENSINO SUPERIOR;0002;CONCESSAO DE BOLSAS DE ESTUDOS NO PAIS;12364203204870001;087493;OCCCUO9414N;BF SUPERIOR - PROAP;90;APLICACOES DIRETAS;3;DESPESAS CORRENTES;3;OUTRAS DESPESAS CORRENTES;93;INDENIZACOES E RESTITUICOES;339093;INDENIZACOES E RESTITUICOES;12;RECURSOS DEST.A MANUT.E DES.DO ENSINO;;;;;391,297.80;112,421.10;;
2015;153166;UNIVERSIDADE FEDERAL RURAL DO RIO DE JANEIRO;12;EDUCACAO;368;EDUCACAO BASICA;2030;EDUCACAO BASICA;20RJ;APOIO A CAPACITACAO E FORMACAO INICIAL E CONTINUADA PARA A E;0003;EDUCACAO BASICA PRESENCIAL;12368203020RJ0001;087496;PCC92B5801N;PARFOR - PARFOR;90;APLICACOES DIRETAS;3;DESPESAS CORRENTES;3;OUTRAS DESPESAS CORRENTES;14;DIARIAS - PESSOAL CIVIL;339014;DIARIAS - PESSOAL CIVIL;08;FUNDO SOCIAL-PARC.DEST.EDUCACAO PUBL.E SAUDE;;;;;45,937.80;27,217.72;18,720.08;18,255.36
2015;153166;UNIVERSIDADE FEDERAL RURAL DO RIO DE JANEIRO;12;EDUCACAO;368;EDUCACAO BASICA;2030;EDUCACAO BASICA;20RJ;APOIO A CAPACITACAO E FORMACAO INICIAL E CONTINUADA PARA A E;0003;EDUCACAO BASICA PRESENCIAL;12368203020RJ0001;087496;PCC92B5801N;PARFOR - PARFOR;90;APLICACOES DIRETAS;3;DESPESAS CORRENTES;3;OUTRAS DESPESAS CORRENTES;18;AUXILIO FINANCEIRO A ESTUDANTES;339018;AUXILIO FINANCEIRO A ESTUDANTES;08;FUNDO SOCIAL-PARC.DEST.EDUCACAO PUBL.E SAUDE;;;;;194,400.00;84,675.00;70,920.00;61,455.00
2015;153166;UNIVERSIDADE FEDERAL RURAL DO RIO DE JANEIRO;12;EDUCACAO;368;EDUCACAO BASICA;2030;EDUCACAO BASICA;20RJ;APOIO A CAPACITACAO E FORMACAO INICIAL E CONTINUADA PARA A E;0003;EDUCACAO BASICA PRESENCIAL;12368203020RJ0001;087496;PCC92B5801N;PARFOR - PARFOR;90;APLICACOES DIRETAS;3;DESPESAS CORRENTES;3;OUTRAS DESPESAS CORRENTES;33;PASSAGENS E DESPESAS COM LOCOMOCAO;339033;PASSAGENS E DESPESAS COM LOCOMOCAO;08;FUNDO SOCIAL-PARC.DEST.EDUCACAO PUBL.E SAUDE;;;;;142,356.00;64,908.00;28,692.00;25,632.00
2015;153166;UNIVERSIDADE FEDERAL RURAL DO RIO DE JANEIRO;12;EDUCACAO;368;EDUCACAO BASICA;2030;EDUCACAO BASICA;20RJ;APOIO A CAPACITACAO E FORMACAO INICIAL E CONTINUADA PARA A E;0003;EDUCACAO BASICA PRESENCIAL;12368203020RJ0001;087496;PCC92B5801N;PARFOR - PARFOR;90;APLICACOES DIRETAS;3;DESPESAS CORRENTES;3;OUTRAS DESPESAS CORRENTES;39;OUTROS SERVICOS DE TERCEIROS PJ - OP.INT.ORC.;339039;OUTROS SERVICOS DE TERCEIROS - PESSOA JURIDICA;08;FUNDO SOCIAL-PARC.DEST.EDUCACAO PUBL.E SAUDE;;;;;193,250.00;77,300.00;;
2015;153176;UTFPR - CAMPUS CORNELIO PROCOPIO;12;EDUCACAO;364;ENSINO SUPERIOR;2032;EDUCACAO SUPERIOR - GRADUACAO, POS-GRADUACAO, ENSINO, PESQUI;0487;CONCESSAO DE BOLSAS DE ESTUDO NO ENSINO SUPERIOR;0002;CONCESSAO DE BOLSAS DE ESTUDOS NO PAIS;12364203204870001;087493;OCCCUO9414N;BF SUPERIOR - PROAP;90;APLICACOES DIRETAS;3;DESPESAS CORRENTES;3;OUTRAS DESPESAS CORRENTES;14;DIARIAS - PESSOAL CIVIL;339014;DIARIAS - PESSOAL CIVIL;12;RECURSOS DEST.A MANUT.E DES.DO ENSINO;;;;;30,712.54;8,028.93;22,683.61;21,255.96
2015;153176;UTFPR - CAMPUS CORNELIO PROCOPIO;12;EDUCACAO;364;ENSINO SUPERIOR;2032;EDUCACAO SUPERIOR - GRADUACAO, POS-GRADUACAO, ENSINO, PESQUI;0487;CONCESSAO DE BOLSAS DE ESTUDO NO ENSINO SUPERIOR;0002;CONCESSAO DE BOLSAS DE ESTUDOS NO PAIS;12364203204870001;087493;OCCCUO9414N;BF SUPERIOR - PROAP;90;APLICACOES DIRETAS;3;DESPESAS CORRENTES;3;OUTRAS DESPESAS CORRENTES;18;AUXILIO FINANCEIRO A ESTUDANTES;339018;AUXILIO FINANCEIRO A ESTUDANTES;12;RECURSOS DEST.A MANUT.E DES.DO ENSINO;;;;;29,816.50;1,200.00;28,616.50;28,616.50
2015;153176;UTFPR - CAMPUS CORNELIO PROCOPIO;12;EDUCACAO;364;ENSINO SUPERIOR;2032;EDUCACAO SUPERIOR - GRADUACAO, POS-GRADUACAO, ENSINO, PESQUI;0487;CONCESSAO DE BOLSAS DE ESTUDO NO ENSINO SUPERIOR;0002;CONCESSAO DE BOLSAS DE ESTUDOS NO PAIS;12364203204870001;087493;OCCCUO9414N;BF SUPERIOR - PROAP;90;APLICACOES DIRETAS;3;DESPESAS CORRENTES;3;OUTRAS DESPESAS CORRENTES;30;MATERIAL DE CONSUMO;339030;MATERIAL DE CONSUMO;12;RECURSOS DEST.A MANUT.E DES.DO ENSINO;;;;;3,156.85;77.00;3,079.85;3,002.85
2015;153176;UTFPR - CAMPUS CORNELIO PROCOPIO;12;EDUCACAO;364;ENSINO SUPERIOR;2032;EDUCACAO SUPERIOR - GRADUACAO, POS-GRADUACAO, ENSINO, PESQUI;0487;CONCESSAO DE BOLSAS DE ESTUDO NO ENSINO SUPERIOR;0002;CONCESSAO DE BOLSAS DE ESTUDOS NO PAIS;12364203204870001;087493;OCCCUO9414N;BF SUPERIOR - PROAP;90;APLICACOES DIRETAS;3;DESPESAS CORRENTES;3;OUTRAS DESPESAS CORRENTES;33;PASSAGENS E DESPESAS COM LOCOMOCAO;339033;PASSAGENS E DESPESAS COM LOCOMOCAO;12;RECURSOS DEST.A MANUT.E DES.DO ENSINO;;;;;29,407.20;7,607.72;19,730.44;15,575.28
2015;153176;UTFPR - CAMPUS CORNELIO PROCOPIO;12;EDUCACAO;364;ENSINO SUPERIOR;2032;EDUCACAO SUPERIOR - GRADUACAO, POS-GRADUACAO, ENSINO, PESQUI;0487;CONCESSAO DE BOLSAS DE ESTUDO NO ENSINO SUPERIOR;0002;CONCESSAO DE BOLSAS DE ESTUDOS NO PAIS;12364203204870001;087493;OCCCUO9414N;BF SUPERIOR - PROAP;90;APLICACOES DIRETAS;3;DESPESAS CORRENTES;3;OUTRAS DESPESAS CORRENTES;36;OUTROS SERVICOS DE TERCEIROS - P.FISICA;339036;OUTROS SERVICOS DE TERCEIROS - PESSOA FISICA;12;RECURSOS DEST.A MANUT.E DES.DO ENSINO;;;;;1,974.50;912.50;1,062.00;796.50
2015;153176;UTFPR - CAMPUS CORNELIO PROCOPIO;12;EDUCACAO;364;ENSINO SUPERIOR;2032;EDUCACAO SUPERIOR - GRADUACAO, POS-GRADUACAO, ENSINO, PESQUI;0487;CONCESSAO DE BOLSAS DE ESTUDO NO ENSINO SUPERIOR;0002;CONCESSAO DE BOLSAS DE ESTUDOS NO PAIS;12364203204870001;087493;OCCCUO9414N;BF SUPERIOR - PROAP;90;APLICACOES DIRETAS;3;DESPESAS CORRENTES;3;OUTRAS DESPESAS CORRENTES;93;INDENIZACOES E RESTITUICOES;339093;INDENIZACOES E RESTITUICOES;12;RECURSOS DEST.A MANUT.E DES.DO ENSINO;;;;;11,250.00;2,250.00;9,000.00;6,750.00
2015;153176;UTFPR - CAMPUS CORNELIO PROCOPIO;12;EDUCACAO;368;EDUCACAO BASICA;2030;EDUCACAO BASICA;20RJ;APOIO A CAPACITACAO E FORMACAO INICIAL E CONTINUADA PARA A E;0004;EDUCACAO BASICA A DISTANCIA;12368203020RJ0001;087497;MCC62G22EDN;UAB - UAB TRADICIONAL;90;APLICACOES DIRETAS;3;DESPESAS CORRENTES;3;OUTRAS DESPESAS CORRENTES;14;DIARIAS - PESSOAL CIVIL;339014;DIARIAS - PESSOAL CIVIL;08;FUNDO SOCIAL-PARC.DEST.EDUCACAO PUBL.E SAUDE;;;;;57,471.18;33,083.87;24,387.31;21,471.18
2015;153176;UTFPR - CAMPUS CORNELIO PROCOPIO;12;EDUCACAO;368;EDUCACAO BASICA;2030;EDUCACAO BASICA;20RJ;APOIO A CAPACITACAO E FORMACAO INICIAL E CONTINUADA PARA A E;0004;EDUCACAO BASICA A DISTANCIA;12368203020RJ0001;087497;MCC62G22EDN;UAB - UAB TRADICIONAL;90;APLICACOES DIRETAS;3;DESPESAS CORRENTES;3;OUTRAS DESPESAS CORRENTES;30;MATERIAL DE CONSUMO;339030;MATERIAL DE CONSUMO;08;FUNDO SOCIAL-PARC.DEST.EDUCACAO PUBL.E SAUDE;;;;;7,954.68;0.00;7,954.68;5,966.01
2015;153176;UTFPR - CAMPUS CORNELIO PROCOPIO;12;EDUCACAO;368;EDUCACAO BASICA;2030;EDUCACAO BASICA;20RJ;APOIO A CAPACITACAO E FORMACAO INICIAL E CONTINUADA PARA A E;0004;EDUCACAO BASICA A DISTANCIA;12368203020RJ0001;087497;MCC62G22EDN;UAB - UAB TRADICIONAL;90;APLICACOES DIRETAS;3;DESPESAS CORRENTES;3;OUTRAS DESPESAS CORRENTES;33;PASSAGENS E DESPESAS COM LOCOMOCAO;339033;PASSAGENS E DESPESAS COM LOCOMOCAO;08;FUNDO SOCIAL-PARC.DEST.EDUCACAO PUBL.E SAUDE;;;;;66,528.82;28,000.00;22,886.43;22,886.43
2015;153176;UTFPR - CAMPUS CORNELIO PROCOPIO;12;EDUCACAO;368;EDUCACAO BASICA;2030;EDUCACAO BASICA;20RJ;APOIO A CAPACITACAO E FORMACAO INICIAL E CONTINUADA PARA A E;0004;EDUCACAO BASICA A DISTANCIA;12368203020RJ0001;087497;MCC62G22EDN;UAB - UAB TRADICIONAL;90;APLICACOES DIRETAS;3;DESPESAS CORRENTES;3;OUTRAS DESPESAS CORRENTES;36;OUTROS SERVICOS DE TERCEIROS - P.FISICA;339036;OUTROS SERVICOS DE TERCEIROS - PESSOA FISICA;08;FUNDO SOCIAL-PARC.DEST.EDUCACAO PUBL.E SAUDE;;;;;45,000.00;23,530.00;21,470.00;16,470.00
2015;153177;UTFPR - CAMPUS PATO BRANCO;12;EDUCACAO;364;ENSINO SUPERIOR;2032;EDUCACAO SUPERIOR - GRADUACAO, POS-GRADUACAO, ENSINO, PESQUI;0487;CONCESSAO DE BOLSAS DE ESTUDO NO ENSINO SUPERIOR;0002;CONCESSAO DE BOLSAS DE ESTUDOS NO PAIS;12364203204870001;087493;OCCCUO9414N;BF SUPERIOR - PROAP;90;APLICACOES DIRETAS;3;DESPESAS CORRENTES;3;OUTRAS DESPESAS CORRENTES;14;DIARIAS - PESSOAL CIVIL;339014;DIARIAS - PESSOAL CIVIL;12;RECURSOS DEST.A MANUT.E DES.DO ENSINO;;;;;107,556.97;21,284.90;86,272.07;80,882.57
2015;153177;UTFPR - CAMPUS PATO BRANCO;12;EDUCACAO;364;ENSINO SUPERIOR;2032;EDUCACAO SUPERIOR - GRADUACAO, POS-GRADUACAO, ENSINO, PESQUI;0487;CONCESSAO DE BOLSAS DE ESTUDO NO ENSINO SUPERIOR;0002;CONCESSAO DE BOLSAS DE ESTUDOS NO PAIS;12364203204870001;087493;OCCCUO9414N;BF SUPERIOR - PROAP;90;APLICACOES DIRETAS;3;DESPESAS CORRENTES;3;OUTRAS DESPESAS CORRENTES;18;AUXILIO FINANCEIRO A ESTUDANTES;339018;AUXILIO FINANCEIRO A ESTUDANTES;12;RECURSOS DEST.A MANUT.E DES.DO ENSINO;;;;;185,452.37;1,133.27;184,319.10;146,413.36
2015;153177;UTFPR - CAMPUS PATO BRANCO;12;EDUCACAO;364;ENSINO SUPERIOR;2032;EDUCACAO SUPERIOR - GRADUACAO, POS-GRADUACAO, ENSINO, PESQUI;0487;CONCESSAO DE BOLSAS DE ESTUDO NO ENSINO SUPERIOR;0002;CONCESSAO DE BOLSAS DE ESTUDOS NO PAIS;12364203204870001;087493;OCCCUO9414N;BF SUPERIOR - PROAP;90;APLICACOES DIRETAS;3;DESPESAS CORRENTES;3;OUTRAS DESPESAS CORRENTES;30;MATERIAL DE CONSUMO;339030;MATERIAL DE CONSUMO;12;RECURSOS DEST.A MANUT.E DES.DO ENSINO;;;;;48,730.07;15,203.38;25,996.81;21,708.15
2015;153177;UTFPR - CAMPUS PATO BRANCO;12;EDUCACAO;364;ENSINO SUPERIOR;2032;EDUCACAO SUPERIOR - GRADUACAO, POS-GRADUACAO, ENSINO, PESQUI;0487;CONCESSAO DE BOLSAS DE ESTUDO NO ENSINO SUPERIOR;0002;CONCESSAO DE BOLSAS DE ESTUDOS NO PAIS;12364203204870001;087493;OCCCUO9414N;BF SUPERIOR - PROAP;90;APLICACOES DIRETAS;3;DESPESAS CORRENTES;3;OUTRAS DESPESAS CORRENTES;33;PASSAGENS E DESPESAS COM LOCOMOCAO;339033;PASSAGENS E DESPESAS COM LOCOMOCAO;12;RECURSOS DEST.A MANUT.E DES.DO ENSINO;;;;;73,221.62;21,068.30;43,560.27;39,513.00
2015;153177;UTFPR - CAMPUS PATO BRANCO;12;EDUCACAO;364;ENSINO SUPERIOR;2032;EDUCACAO SUPERIOR - GRADUACAO, POS-GRADUACAO, ENSINO, PESQUI;0487;CONCESSAO DE BOLSAS DE ESTUDO NO ENSINO SUPERIOR;0002;CONCESSAO DE BOLSAS DE ESTUDOS NO PAIS;12364203204870001;087493;OCCCUO9414N;BF SUPERIOR - PROAP;90;APLICACOES DIRETAS;3;DESPESAS CORRENTES;3;OUTRAS DESPESAS CORRENTES;36;OUTROS SERVICOS DE TERCEIROS - P.FISICA;339036;OUTROS SERVICOS DE TERCEIROS - PESSOA FISICA;12;RECURSOS DEST.A MANUT.E DES.DO ENSINO;;;;;14,594.50;7,747.50;6,847.00;6,486.50
2015;153177;UTFPR - CAMPUS PATO BRANCO;12;EDUCACAO;364;ENSINO SUPERIOR;2032;EDUCACAO SUPERIOR - GRADUACAO, POS-GRADUACAO, ENSINO, PESQUI;0487;CONCESSAO DE BOLSAS DE ESTUDO NO ENSINO SUPERIOR;0002;CONCESSAO DE BOLSAS DE ESTUDOS NO PAIS;12364203204870001;087493;OCCCUO9414N;BF SUPERIOR - PROAP;90;APLICACOES DIRETAS;3;DESPESAS CORRENTES;3;OUTRAS DESPESAS CORRENTES;39;OUTROS SERVICOS DE TERCEIROS PJ - OP.INT.ORC.;339039;OUTROS SERVICOS DE TERCEIROS - PESSOA JURIDICA;12;RECURSOS DEST.A MANUT.E DES.DO ENSINO;;;;;28,550.00;12,910.00;3,640.00;2,730.00
2015;153177;UTFPR - CAMPUS PATO BRANCO;12;EDUCACAO;364;ENSINO SUPERIOR;2032;EDUCACAO SUPERIOR - GRADUACAO, POS-GRADUACAO, ENSINO, PESQUI;0487;CONCESSAO DE BOLSAS DE ESTUDO NO ENSINO SUPERIOR;0002;CONCESSAO DE BOLSAS DE ESTUDOS NO PAIS;12364203204870001;087493;OCCCUO9414N;BF SUPERIOR - PROAP;90;APLICACOES DIRETAS;3;DESPESAS CORRENTES;3;OUTRAS DESPESAS CORRENTES;93;INDENIZACOES E RESTITUICOES;339093;INDENIZACOES E RESTITUICOES;12;RECURSOS DEST.A MANUT.E DES.DO ENSINO;;;;;45,890.00;0.00;45,890.00;33,480.00
2015;153178;UTFPR - CAMPUS PONTA GROSSA;12;EDUCACAO;364;ENSINO SUPERIOR;2032;EDUCACAO SUPERIOR - GRADUACAO, POS-GRADUACAO, ENSINO, PESQUI;0487;CONCESSAO DE BOLSAS DE ESTUDO NO ENSINO SUPERIOR;0002;CONCESSAO DE BOLSAS DE ESTUDOS NO PAIS;12364203204870001;087493;OCCCUO9414N;BF SUPERIOR - PROAP;90;APLICACOES DIRETAS;3;DESPESAS CORRENTES;3;OUTRAS DESPESAS CORRENTES;14;DIARIAS - PESSOAL CIVIL;339014;DIARIAS - PESSOAL CIVIL;12;RECURSOS DEST.A MANUT.E DES.DO ENSINO;;;;;43,177.80;17,240.65;25,937.15;24,225.45
2015;153178;UTFPR - CAMPUS PONTA GROSSA;12;EDUCACAO;364;ENSINO SUPERIOR;2032;EDUCACAO SUPERIOR - GRADUACAO, POS-GRADUACAO, ENSINO, PESQUI;0487;CONCESSAO DE BOLSAS DE ESTUDO NO ENSINO SUPERIOR;0002;CONCESSAO DE BOLSAS DE ESTUDOS NO PAIS;12364203204870001;087493;OCCCUO9414N;BF SUPERIOR - PROAP;90;APLICACOES DIRETAS;3;DESPESAS CORRENTES;3;OUTRAS DESPESAS CORRENTES;18;AUXILIO FINANCEIRO A ESTUDANTES;339018;AUXILIO FINANCEIRO A ESTUDANTES;12;RECURSOS DEST.A MANUT.E DES.DO ENSINO;;;;;64,589.02;0.00;64,589.02;47,825.16
2015;153178;UTFPR - CAMPUS PONTA GROSSA;12;EDUCACAO;364;ENSINO SUPERIOR;2032;EDUCACAO SUPERIOR - GRADUACAO, POS-GRADUACAO, ENSINO, PESQUI;0487;CONCESSAO DE BOLSAS DE ESTUDO NO ENSINO SUPERIOR;0002;CONCESSAO DE BOLSAS DE ESTUDOS NO PAIS;12364203204870001;087493;OCCCUO9414N;BF SUPERIOR - PROAP;90;APLICACOES DIRETAS;3;DESPESAS CORRENTES;3;OUTRAS DESPESAS CORRENTES;30;MATERIAL DE CONSUMO;339030;MATERIAL DE CONSUMO;12;RECURSOS DEST.A MANUT.E DES.DO ENSINO;;;;;14,875.00;5,574.00;5,983.00;5,607.00
2015;153178;UTFPR - CAMPUS PONTA GROSSA;12;EDUCACAO;364;ENSINO SUPERIOR;2032;EDUCACAO SUPERIOR - GRADUACAO, POS-GRADUACAO, ENSINO, PESQUI;0487;CONCESSAO DE BOLSAS DE ESTUDO NO ENSINO SUPERIOR;0002;CONCESSAO DE BOLSAS DE ESTUDOS NO PAIS;12364203204870001;087493;OCCCUO9414N;BF SUPERIOR - PROAP;90;APLICACOES DIRETAS;3;DESPESAS CORRENTES;3;OUTRAS DESPESAS CORRENTES;33;PASSAGENS E DESPESAS COM LOCOMOCAO;339033;PASSAGENS E DESPESAS COM LOCOMOCAO;12;RECURSOS DEST.A MANUT.E DES.DO ENSINO;;;;;113,797.52;35,773.07;78,024.45;60,434.82
2015;153178;UTFPR - CAMPUS PONTA GROSSA;12;EDUCACAO;364;ENSINO SUPERIOR;2032;EDUCACAO SUPERIOR - GRADUACAO, POS-GRADUACAO, ENSINO, PESQUI;0487;CONCESSAO DE BOLSAS DE ESTUDO NO ENSINO SUPERIOR;0002;CONCESSAO DE BOLSAS DE ESTUDOS NO PAIS;12364203204870001;087493;OCCCUO9414N;BF SUPERIOR - PROAP;90;APLICACOES DIRETAS;3;DESPESAS CORRENTES;3;OUTRAS DESPESAS CORRENTES;36;OUTROS SERVICOS DE TERCEIROS - P.FISICA;339036;OUTROS SERVICOS DE TERCEIROS - PESSOA FISICA;12;RECURSOS DEST.A MANUT.E DES.DO ENSINO;;;;;8,267.50;3,374.00;4,893.50;4,267.50
2015;153178;UTFPR - CAMPUS PONTA GROSSA;12;EDUCACAO;364;ENSINO SUPERIOR;2032;EDUCACAO SUPERIOR - GRADUACAO, POS-GRADUACAO, ENSINO, PESQUI;0487;CONCESSAO DE BOLSAS DE ESTUDO NO ENSINO SUPERIOR;0002;CONCESSAO DE BOLSAS DE ESTUDOS NO PAIS;12364203204870001;087493;OCCCUO9414N;BF SUPERIOR - PROAP;90;APLICACOES DIRETAS;3;DESPESAS CORRENTES;3;OUTRAS DESPESAS CORRENTES;39;OUTROS SERVICOS DE TERCEIROS PJ - OP.INT.ORC.;339039;OUTROS SERVICOS DE TERCEIROS - PESSOA JURIDICA;12;RECURSOS DEST.A MANUT.E DES.DO ENSINO;;;;;42,120.00;3,036.00;39,084.00;34,620.00
2015;153248;PRO-REIT.DE PESQ.E POS-GRAD. E INOVACAO;12;EDUCACAO;364;ENSINO SUPERIOR;2032;EDUCACAO SUPERIOR - GRADUACAO, POS-GRADUACAO, ENSINO, PESQUI;0487;CONCESSAO DE BOLSAS DE ESTUDO NO ENSINO SUPERIOR;0002;CONCESSAO DE BOLSAS DE ESTUDOS NO PAIS;12364203204870001;087493;OCCCUO9414N;BF SUPERIOR - PROAP;90;APLICACOES DIRETAS;3;DESPESAS CORRENTES;3;OUTRAS DESPESAS CORRENTES;14;DIARIAS - PESSOAL CIVIL;339014;DIARIAS - PESSOAL CIVIL;12;RECURSOS DEST.A MANUT.E DES.DO ENSINO;;;;;5,120,013.77;3,071,251.69;2,048,762.08;1,738,972.98
2015;153248;PRO-REIT.DE PESQ.E POS-GRAD. E INOVACAO;12;EDUCACAO;364;ENSINO SUPERIOR;2032;EDUCACAO SUPERIOR - GRADUACAO, POS-GRADUACAO, ENSINO, PESQUI;0487;CONCESSAO DE BOLSAS DE ESTUDO NO ENSINO SUPERIOR;0002;CONCESSAO DE BOLSAS DE ESTUDOS NO PAIS;12364203204870001;087493;OCCCUO9414N;BF SUPERIOR - PROAP;90;APLICACOES DIRETAS;3;DESPESAS CORRENTES;3;OUTRAS DESPESAS CORRENTES;18;AUXILIO FINANCEIRO A ESTUDANTES;339018;AUXILIO FINANCEIRO A ESTUDANTES;12;RECURSOS DEST.A MANUT.E DES.DO ENSINO;;;;;6,838,300.51;3,116,771.00;3,707,863.01;3,065,931.57
2015;153248;PRO-REIT.DE PESQ.E POS-GRAD. E INOVACAO;12;EDUCACAO;364;ENSINO SUPERIOR;2032;EDUCACAO SUPERIOR - GRADUACAO, POS-GRADUACAO, ENSINO, PESQUI;0487;CONCESSAO DE BOLSAS DE ESTUDO NO ENSINO SUPERIOR;0002;CONCESSAO DE BOLSAS DE ESTUDOS NO PAIS;12364203204870001;087493;OCCCUO9414N;BF SUPERIOR - PROAP;90;APLICACOES DIRETAS;3;DESPESAS CORRENTES;3;OUTRAS DESPESAS CORRENTES;20;AUXILIO FINANCEIRO A PESQUISADORES;339020;AUXILIO FINANCEIRO A PESQUISADORES;12;RECURSOS DEST.A MANUT.E DES.DO ENSINO;;;;;2,664,000.00;875,951.09;1,765,095.64;1,534,095.64
2015;153248;PRO-REIT.DE PESQ.E POS-GRAD. E INOVACAO;12;EDUCACAO;364;ENSINO SUPERIOR;2032;EDUCACAO SUPERIOR - GRADUACAO, POS-GRADUACAO, ENSINO, PESQUI;0487;CONCESSAO DE BOLSAS DE ESTUDO NO ENSINO SUPERIOR;0002;CONCESSAO DE BOLSAS DE ESTUDOS NO PAIS;12364203204870001;087493;OCCCUO9414N;BF SUPERIOR - PROAP;90;APLICACOES DIRETAS;3;DESPESAS CORRENTES;3;OUTRAS DESPESAS CORRENTES;30;MATERIAL DE CONSUMO;339030;MATERIAL DE CONSUMO;12;RECURSOS DEST.A MANUT.E DES.DO ENSINO;;;;;7,932,847.30;2,860,902.87;2,172,470.77;1,270,402.48
2015;153248;PRO-REIT.DE PESQ.E POS-GRAD. E INOVACAO;12;EDUCACAO;364;ENSINO SUPERIOR;2032;EDUCACAO SUPERIOR - GRADUACAO, POS-GRADUACAO, ENSINO, PESQUI;0487;CONCESSAO DE BOLSAS DE ESTUDO NO ENSINO SUPERIOR;0002;CONCESSAO DE BOLSAS DE ESTUDOS NO PAIS;12364203204870001;087493;OCCCUO9414N;BF SUPERIOR - PROAP;90;APLICACOES DIRETAS;3;DESPESAS CORRENTES;3;OUTRAS DESPESAS CORRENTES;33;PASSAGENS E DESPESAS COM LOCOMOCAO;339033;PASSAGENS E DESPESAS COM LOCOMOCAO;12;RECURSOS DEST.A MANUT.E DES.DO ENSINO;;;;;5,032,430.75;3,625,169.96;1,193,189.37;1,058,113.38
2015;153248;PRO-REIT.DE PESQ.E POS-GRAD. E INOVACAO;12;EDUCACAO;364;ENSINO SUPERIOR;2032;EDUCACAO SUPERIOR - GRADUACAO, POS-GRADUACAO, ENSINO, PESQUI;0487;CONCESSAO DE BOLSAS DE ESTUDO NO ENSINO SUPERIOR;0002;CONCESSAO DE BOLSAS DE ESTUDOS NO PAIS;12364203204870001;087493;OCCCUO9414N;BF SUPERIOR - PROAP;90;APLICACOES DIRETAS;3;DESPESAS CORRENTES;3;OUTRAS DESPESAS CORRENTES;36;OUTROS SERVICOS DE TERCEIROS - P.FISICA;339036;OUTROS SERVICOS DE TERCEIROS - PESSOA FISICA;12;RECURSOS DEST.A MANUT.E DES.DO ENSINO;;;;;227,664.95;103,823.65;123,841.30;119,895.30
2015;153248;PRO-REIT.DE PESQ.E POS-GRAD. E INOVACAO;12;EDUCACAO;364;ENSINO SUPERIOR;2032;EDUCACAO SUPERIOR - GRADUACAO, POS-GRADUACAO, ENSINO, PESQUI;0487;CONCESSAO DE BOLSAS DE ESTUDO NO ENSINO SUPERIOR;0002;CONCESSAO DE BOLSAS DE ESTUDOS NO PAIS;12364203204870001;087493;OCCCUO9414N;BF SUPERIOR - PROAP;90;APLICACOES DIRETAS;3;DESPESAS CORRENTES;3;OUTRAS DESPESAS CORRENTES;39;OUTROS SERVICOS DE TERCEIROS PJ - OP.INT.ORC.;339039;OUTROS SERVICOS DE TERCEIROS - PESSOA JURIDICA;12;RECURSOS DEST.A MANUT.E DES.DO ENSINO;;;;;5,534,100.94;1,977,643.87;1,311,126.78;1,069,325.79
2015;153251;UTFPR - CAMPUS CAMPO MOURAO;12;EDUCACAO;364;ENSINO SUPERIOR;2032;EDUCACAO SUPERIOR - GRADUACAO, POS-GRADUACAO, ENSINO, PESQUI;0487;CONCESSAO DE BOLSAS DE ESTUDO NO ENSINO SUPERIOR;0002;CONCESSAO DE BOLSAS DE ESTUDOS NO PAIS;12364203204870001;087493;OCCCUO9414N;BF SUPERIOR - PROAP;90;APLICACOES DIRETAS;3;DESPESAS CORRENTES;3;OUTRAS DESPESAS CORRENTES;30;MATERIAL DE CONSUMO;339030;MATERIAL DE CONSUMO;12;RECURSOS DEST.A MANUT.E DES.DO ENSINO;;;;;27,679.35;6,392.49;19,039.50;15,759.26
2015;153251;UTFPR - CAMPUS CAMPO MOURAO;12;EDUCACAO;364;ENSINO SUPERIOR;2032;EDUCACAO SUPERIOR - GRADUACAO, POS-GRADUACAO, ENSINO, PESQUI;0487;CONCESSAO DE BOLSAS DE ESTUDO NO ENSINO SUPERIOR;0002;CONCESSAO DE BOLSAS DE ESTUDOS NO PAIS;12364203204870001;087493;OCCCUO9414N;BF SUPERIOR - PROAP;90;APLICACOES DIRETAS;3;DESPESAS CORRENTES;3;OUTRAS DESPESAS CORRENTES;39;OUTROS SERVICOS DE TERCEIROS PJ - OP.INT.ORC.;339039;OUTROS SERVICOS DE TERCEIROS - PESSOA JURIDICA;12;RECURSOS DEST.A MANUT.E DES.DO ENSINO;;;;;5,280.00;2,080.00;1,400.00;1,400.00
2015;153251;UTFPR - CAMPUS CAMPO MOURAO;12;EDUCACAO;364;ENSINO SUPERIOR;2032;EDUCACAO SUPERIOR - GRADUACAO, POS-GRADUACAO, ENSINO, PESQUI;0487;CONCESSAO DE BOLSAS DE ESTUDO NO ENSINO SUPERIOR;0002;CONCESSAO DE BOLSAS DE ESTUDOS NO PAIS;12364203204870001;087493;OCCCUO9414N;BF SUPERIOR - PROAP;90;APLICACOES DIRETAS;3;DESPESAS CORRENTES;3;OUTRAS DESPESAS CORRENTES;93;INDENIZACOES E RESTITUICOES;339093;INDENIZACOES E RESTITUICOES;12;RECURSOS DEST.A MANUT.E DES.DO ENSINO;;;;;5,876.10;1,175.22;4,700.88;3,525.66
2015;153254;ADMINISTRACAO GERAL/UFMG;12;EDUCACAO;364;ENSINO SUPERIOR;2032;EDUCACAO SUPERIOR - GRADUACAO, POS-GRADUACAO, ENSINO, PESQUI;0487;CONCESSAO DE BOLSAS DE ESTUDO NO ENSINO SUPERIOR;0002;CONCESSAO DE BOLSAS DE ESTUDOS NO PAIS;12364203204870001;087493;OCCCUO9414N;BF SUPERIOR - PROAP;90;APLICACOES DIRETAS;3;DESPESAS CORRENTES;3;OUTRAS DESPESAS CORRENTES;33;PASSAGENS E DESPESAS COM LOCOMOCAO;339033;PASSAGENS E DESPESAS COM LOCOMOCAO;12;RECURSOS DEST.A MANUT.E DES.DO ENSINO;;;;;592,830.33;282,288.21;233,436.06;220,884.86
2015;153254;ADMINISTRACAO GERAL/UFMG;12;EDUCACAO;364;ENSINO SUPERIOR;2032;EDUCACAO SUPERIOR - GRADUACAO, POS-GRADUACAO, ENSINO, PESQUI;0487;CONCESSAO DE BOLSAS DE ESTUDO NO ENSINO SUPERIOR;0002;CONCESSAO DE BOLSAS DE ESTUDOS NO PAIS;12364203204870001;087493;OCCCUO9414N;BF SUPERIOR - PROAP;90;APLICACOES DIRETAS;3;DESPESAS CORRENTES;3;OUTRAS DESPESAS CORRENTES;39;OUTROS SERVICOS DE TERCEIROS PJ - OP.INT.ORC.;339039;OUTROS SERVICOS DE TERCEIROS - PESSOA JURIDICA;12;RECURSOS DEST.A MANUT.E DES.DO ENSINO;;;;;185,089.42;24,543.58;160,545.84;110,378.64
2015;153269;PRO-REITORIA DE ADMINISTRACAO/UFMG;12;EDUCACAO;364;ENSINO SUPERIOR;2032;EDUCACAO SUPERIOR - GRADUACAO, POS-GRADUACAO, ENSINO, PESQUI;0487;CONCESSAO DE BOLSAS DE ESTUDO NO ENSINO SUPERIOR;0002;CONCESSAO DE BOLSAS DE ESTUDOS NO PAIS;12364203204870001;087493;OCCCUO9414N;BF SUPERIOR - PROAP;90;APLICACOES DIRETAS;3;DESPESAS CORRENTES;3;OUTRAS DESPESAS CORRENTES;14;DIARIAS - PESSOAL CIVIL;339014;DIARIAS - PESSOAL CIVIL;12;RECURSOS DEST.A MANUT.E DES.DO ENSINO;;;;;495,318.29;234,372.74;260,945.55;255,030.08
2015;153273;PRO-REITORIA DE PESQUISA/UFMG;12;EDUCACAO;364;ENSINO SUPERIOR;2032;EDUCACAO SUPERIOR - GRADUACAO, POS-GRADUACAO, ENSINO, PESQUI;0487;CONCESSAO DE BOLSAS DE ESTUDO NO ENSINO SUPERIOR;0002;CONCESSAO DE BOLSAS DE ESTUDOS NO PAIS;12364203204870001;087493;OCCCUO9414N;BF SUPERIOR - PROAP;90;APLICACOES DIRETAS;3;DESPESAS CORRENTES;3;OUTRAS DESPESAS CORRENTES;39;OUTROS SERVICOS DE TERCEIROS PJ - OP.INT.ORC.;339039;OUTROS SERVICOS DE TERCEIROS - PESSOA JURIDICA;12;RECURSOS DEST.A MANUT.E DES.DO ENSINO;;;;;5,866.28;5,866.28;0.00;
2015;153274;PRO-REITORIA DE POS-GRADUACAO/UFMG;12;EDUCACAO;364;ENSINO SUPERIOR;2032;EDUCACAO SUPERIOR - GRADUACAO, POS-GRADUACAO, ENSINO, PESQUI;0487;CONCESSAO DE BOLSAS DE ESTUDO NO ENSINO SUPERIOR;0002;CONCESSAO DE BOLSAS DE ESTUDOS NO PAIS;12364203204870001;087493;OCCCUO9414N;BF SUPERIOR - PROAP;90;APLICACOES DIRETAS;3;DESPESAS CORRENTES;3;OUTRAS DESPESAS CORRENTES;14;DIARIAS - PESSOAL CIVIL;339014;DIARIAS - PESSOAL CIVIL;12;RECURSOS DEST.A MANUT.E DES.DO ENSINO;;;;;866,857.20;157,001.19;709,856.01;669,036.50
2015;153274;PRO-REITORIA DE POS-GRADUACAO/UFMG;12;EDUCACAO;364;ENSINO SUPERIOR;2032;EDUCACAO SUPERIOR - GRADUACAO, POS-GRADUACAO, ENSINO, PESQUI;0487;CONCESSAO DE BOLSAS DE ESTUDO NO ENSINO SUPERIOR;0002;CONCESSAO DE BOLSAS DE ESTUDOS NO PAIS;12364203204870001;087493;OCCCUO9414N;BF SUPERIOR - PROAP;90;APLICACOES DIRETAS;3;DESPESAS CORRENTES;3;OUTRAS DESPESAS CORRENTES;18;AUXILIO FINANCEIRO A ESTUDANTES;339018;AUXILIO FINANCEIRO A ESTUDANTES;12;RECURSOS DEST.A MANUT.E DES.DO ENSINO;;;;;22,974.85;0.00;22,974.85;22,974.85
2015;153274;PRO-REITORIA DE POS-GRADUACAO/UFMG;12;EDUCACAO;364;ENSINO SUPERIOR;2032;EDUCACAO SUPERIOR - GRADUACAO, POS-GRADUACAO, ENSINO, PESQUI;0487;CONCESSAO DE BOLSAS DE ESTUDO NO ENSINO SUPERIOR;0002;CONCESSAO DE BOLSAS DE ESTUDOS NO PAIS;12364203204870001;087493;OCCCUO9414N;BF SUPERIOR - PROAP;90;APLICACOES DIRETAS;3;DESPESAS CORRENTES;3;OUTRAS DESPESAS CORRENTES;33;PASSAGENS E DESPESAS COM LOCOMOCAO;339033;PASSAGENS E DESPESAS COM LOCOMOCAO;12;RECURSOS DEST.A MANUT.E DES.DO ENSINO;;;;;1,511,546.89;338,072.15;1,107,652.88;976,485.79
2015;153274;PRO-REITORIA DE POS-GRADUACAO/UFMG;12;EDUCACAO;364;ENSINO SUPERIOR;2032;EDUCACAO SUPERIOR - GRADUACAO, POS-GRADUACAO, ENSINO, PESQUI;0487;CONCESSAO DE BOLSAS DE ESTUDO NO ENSINO SUPERIOR;0002;CONCESSAO DE BOLSAS DE ESTUDOS NO PAIS;12364203204870001;087493;OCCCUO9414N;BF SUPERIOR - PROAP;90;APLICACOES DIRETAS;3;DESPESAS CORRENTES;3;OUTRAS DESPESAS CORRENTES;36;OUTROS SERVICOS DE TERCEIROS - P.FISICA;339036;OUTROS SERVICOS DE TERCEIROS - PESSOA FISICA;12;RECURSOS DEST.A MANUT.E DES.DO ENSINO;;;;;407,270.30;115,778.20;291,492.10;277,278.70
2015;153274;PRO-REITORIA DE POS-GRADUACAO/UFMG;12;EDUCACAO;364;ENSINO SUPERIOR;2032;EDUCACAO SUPERIOR - GRADUACAO, POS-GRADUACAO, ENSINO, PESQUI;0487;CONCESSAO DE BOLSAS DE ESTUDO NO ENSINO SUPERIOR;0002;CONCESSAO DE BOLSAS DE ESTUDOS NO PAIS;12364203204870001;087493;OCCCUO9414N;BF SUPERIOR - PROAP;90;APLICACOES DIRETAS;3;DESPESAS CORRENTES;3;OUTRAS DESPESAS CORRENTES;39;OUTROS SERVICOS DE TERCEIROS PJ - OP.INT.ORC.;339039;OUTROS SERVICOS DE TERCEIROS - PESSOA JURIDICA;12;RECURSOS DEST.A MANUT.E DES.DO ENSINO;;;;;5,880.00;5,880.00;;
2015;153275;ESCOLA DE ARQUITETURA/UFMG;12;EDUCACAO;364;ENSINO SUPERIOR;2032;EDUCACAO SUPERIOR - GRADUACAO, POS-GRADUACAO, ENSINO, PESQUI;0487;CONCESSAO DE BOLSAS DE ESTUDO NO ENSINO SUPERIOR;0002;CONCESSAO DE BOLSAS DE ESTUDOS NO PAIS;12364203204870001;087493;OCCCUO9414N;BF SUPERIOR - PROAP;90;APLICACOES DIRETAS;3;DESPESAS CORRENTES;3;OUTRAS DESPESAS CORRENTES;14;DIARIAS - PESSOAL CIVIL;339014;DIARIAS - PESSOAL CIVIL;12;RECURSOS DEST.A MANUT.E DES.DO ENSINO;;;;;25,603.07;1,379.39;24,223.68;20,186.40
2015;153275;ESCOLA DE ARQUITETURA/UFMG;12;EDUCACAO;364;ENSINO SUPERIOR;2032;EDUCACAO SUPERIOR - GRADUACAO, POS-GRADUACAO, ENSINO, PESQUI;0487;CONCESSAO DE BOLSAS DE ESTUDO NO ENSINO SUPERIOR;0002;CONCESSAO DE BOLSAS DE ESTUDOS NO PAIS;12364203204870001;087493;OCCCUO9414N;BF SUPERIOR - PROAP;90;APLICACOES DIRETAS;3;DESPESAS CORRENTES;3;OUTRAS DESPESAS CORRENTES;18;AUXILIO FINANCEIRO A ESTUDANTES;339018;AUXILIO FINANCEIRO A ESTUDANTES;12;RECURSOS DEST.A MANUT.E DES.DO ENSINO;;;;;188,580.18;99,908.18;88,672.00;73,894.00
2015;153276;ESCOLA DE BELAS ARTES/UFMG;12;EDUCACAO;364;ENSINO SUPERIOR;2032;EDUCACAO SUPERIOR - GRADUACAO, POS-GRADUACAO, ENSINO, PESQUI;0487;CONCESSAO DE BOLSAS DE ESTUDO NO ENSINO SUPERIOR;0002;CONCESSAO DE BOLSAS DE ESTUDOS NO PAIS;12364203204870001;087493;OCCCUO9414N;BF SUPERIOR - PROAP;90;APLICACOES DIRETAS;3;DESPESAS CORRENTES;3;OUTRAS DESPESAS CORRENTES;18;AUXILIO FINANCEIRO A ESTUDANTES;339018;AUXILIO FINANCEIRO A ESTUDANTES;12;RECURSOS DEST.A MANUT.E DES.DO ENSINO;;;;;48,400.00;0.00;48,400.00;46,800.00
2015;153278;ESCOLA EDUCACAO FISICA FISIOT.TERAP.OCUP/UFMG;12;EDUCACAO;364;ENSINO SUPERIOR;2032;EDUCACAO SUPERIOR - GRADUACAO, POS-GRADUACAO, ENSINO, PESQUI;0487;CONCESSAO DE BOLSAS DE ESTUDO NO ENSINO SUPERIOR;0002;CONCESSAO DE BOLSAS DE ESTUDOS NO PAIS;12364203204870001;087493;OCCCUO9414N;BF SUPERIOR - PROAP;90;APLICACOES DIRETAS;3;DESPESAS CORRENTES;3;OUTRAS DESPESAS CORRENTES;18;AUXILIO FINANCEIRO A ESTUDANTES;339018;AUXILIO FINANCEIRO A ESTUDANTES;12;RECURSOS DEST.A MANUT.E DES.DO ENSINO;;;;;29,500.00;0.00;29,500.00;25,100.00
2015;153279;ESCOLA DE ENFERMAGEM/UFMG;12;EDUCACAO;364;ENSINO SUPERIOR;2032;EDUCACAO SUPERIOR - GRADUACAO, POS-GRADUACAO, ENSINO, PESQUI;0487;CONCESSAO DE BOLSAS DE ESTUDO NO ENSINO SUPERIOR;0002;CONCESSAO DE BOLSAS DE ESTUDOS NO PAIS;12364203204870001;087493;OCCCUO9414N;BF SUPERIOR - PROAP;90;APLICACOES DIRETAS;3;DESPESAS CORRENTES;3;OUTRAS DESPESAS CORRENTES;18;AUXILIO FINANCEIRO A ESTUDANTES;339018;AUXILIO FINANCEIRO A ESTUDANTES;12;RECURSOS DEST.A MANUT.E DES.DO ENSINO;;;;;69,773.40;601.80;69,171.60;62,481.00
2015;153279;ESCOLA DE ENFERMAGEM/UFMG;12;EDUCACAO;364;ENSINO SUPERIOR;2032;EDUCACAO SUPERIOR - GRADUACAO, POS-GRADUACAO, ENSINO, PESQUI;0487;CONCESSAO DE BOLSAS DE ESTUDO NO ENSINO SUPERIOR;0002;CONCESSAO DE BOLSAS DE ESTUDOS NO PAIS;12364203204870001;087493;OCCCUO9414N;BF SUPERIOR - PROAP;90;APLICACOES DIRETAS;3;DESPESAS CORRENTES;3;OUTRAS DESPESAS CORRENTES;30;MATERIAL DE CONSUMO;339030;MATERIAL DE CONSUMO;12;RECURSOS DEST.A MANUT.E DES.DO ENSINO;;;;;20,354.50;6,955.90;13,398.60;12,212.70
2015;153279;ESCOLA DE ENFERMAGEM/UFMG;12;EDUCACAO;364;ENSINO SUPERIOR;2032;EDUCACAO SUPERIOR - GRADUACAO, POS-GRADUACAO, ENSINO, PESQUI;0487;CONCESSAO DE BOLSAS DE ESTUDO NO ENSINO SUPERIOR;0002;CONCESSAO DE BOLSAS DE ESTUDOS NO PAIS;12364203204870001;087493;OCCCUO9414N;BF SUPERIOR - PROAP;90;APLICACOES DIRETAS;3;DESPESAS CORRENTES;3;OUTRAS DESPESAS CORRENTES;39;OUTROS SERVICOS DE TERCEIROS PJ - OP.INT.ORC.;339039;OUTROS SERVICOS DE TERCEIROS - PESSOA JURIDICA;12;RECURSOS DEST.A MANUT.E DES.DO ENSINO;;;;;3,960.00;3,960.00;;
2015;153280;ESCOLA DE ENGENHARIA/UFMG;12;EDUCACAO;364;ENSINO SUPERIOR;2032;EDUCACAO SUPERIOR - GRADUACAO, POS-GRADUACAO, ENSINO, PESQUI;0487;CONCESSAO DE BOLSAS DE ESTUDO NO ENSINO SUPERIOR;0002;CONCESSAO DE BOLSAS DE ESTUDOS NO PAIS;12364203204870001;087493;OCCCUO9414N;BF SUPERIOR - PROAP;90;APLICACOES DIRETAS;3;DESPESAS CORRENTES;3;OUTRAS DESPESAS CORRENTES;14;DIARIAS - PESSOAL CIVIL;339014;DIARIAS - PESSOAL CIVIL;12;RECURSOS DEST.A MANUT.E DES.DO ENSINO;;;;;196,987.12;37,470.94;159,516.18;152,962.82
2015;153280;ESCOLA DE ENGENHARIA/UFMG;12;EDUCACAO;364;ENSINO SUPERIOR;2032;EDUCACAO SUPERIOR - GRADUACAO, POS-GRADUACAO, ENSINO, PESQUI;0487;CONCESSAO DE BOLSAS DE ESTUDO NO ENSINO SUPERIOR;0002;CONCESSAO DE BOLSAS DE ESTUDOS NO PAIS;12364203204870001;087493;OCCCUO9414N;BF SUPERIOR - PROAP;90;APLICACOES DIRETAS;3;DESPESAS CORRENTES;3;OUTRAS DESPESAS CORRENTES;18;AUXILIO FINANCEIRO A ESTUDANTES;339018;AUXILIO FINANCEIRO A ESTUDANTES;12;RECURSOS DEST.A MANUT.E DES.DO ENSINO;;;;;374,213.00;6,506.00;367,707.00;333,901.00
2015;153280;ESCOLA DE ENGENHARIA/UFMG;12;EDUCACAO;364;ENSINO SUPERIOR;2032;EDUCACAO SUPERIOR - GRADUACAO, POS-GRADUACAO, ENSINO, PESQUI;0487;CONCESSAO DE BOLSAS DE ESTUDO NO ENSINO SUPERIOR;0002;CONCESSAO DE BOLSAS DE ESTUDOS NO PAIS;12364203204870001;087493;OCCCUO9414N;BF SUPERIOR - PROAP;90;APLICACOES DIRETAS;3;DESPESAS CORRENTES;3;OUTRAS DESPESAS CORRENTES;30;MATERIAL DE CONSUMO;339030;MATERIAL DE CONSUMO;12;RECURSOS DEST.A MANUT.E DES.DO ENSINO;;;;;32,854.50;3,345.45;29,509.05;29,509.05
2015;153280;ESCOLA DE ENGENHARIA/UFMG;12;EDUCACAO;364;ENSINO SUPERIOR;2032;EDUCACAO SUPERIOR - GRADUACAO, POS-GRADUACAO, ENSINO, PESQUI;0487;CONCESSAO DE BOLSAS DE ESTUDO NO ENSINO SUPERIOR;0002;CONCESSAO DE BOLSAS DE ESTUDOS NO PAIS;12364203204870001;087493;OCCCUO9414N;BF SUPERIOR - PROAP;90;APLICACOES DIRETAS;3;DESPESAS CORRENTES;3;OUTRAS DESPESAS CORRENTES;33;PASSAGENS E DESPESAS COM LOCOMOCAO;339033;PASSAGENS E DESPESAS COM LOCOMOCAO;12;RECURSOS DEST.A MANUT.E DES.DO ENSINO;;;;;25,000.00;25,000.00;;
2015;153280;ESCOLA DE ENGENHARIA/UFMG;12;EDUCACAO;364;ENSINO SUPERIOR;2032;EDUCACAO SUPERIOR - GRADUACAO, POS-GRADUACAO, ENSINO, PESQUI;0487;CONCESSAO DE BOLSAS DE ESTUDO NO ENSINO SUPERIOR;0002;CONCESSAO DE BOLSAS DE ESTUDOS NO PAIS;12364203204870001;087493;OCCCUO9414N;BF SUPERIOR - PROAP;90;APLICACOES DIRETAS;3;DESPESAS CORRENTES;3;OUTRAS DESPESAS CORRENTES;36;OUTROS SERVICOS DE TERCEIROS - P.FISICA;339036;OUTROS SERVICOS DE TERCEIROS - PESSOA FISICA;12;RECURSOS DEST.A MANUT.E DES.DO ENSINO;;;;;20,000.00;20,000.00;;
2015;153280;ESCOLA DE ENGENHARIA/UFMG;12;EDUCACAO;364;ENSINO SUPERIOR;2032;EDUCACAO SUPERIOR - GRADUACAO, POS-GRADUACAO, ENSINO, PESQUI;0487;CONCESSAO DE BOLSAS DE ESTUDO NO ENSINO SUPERIOR;0002;CONCESSAO DE BOLSAS DE ESTUDOS NO PAIS;12364203204870001;087493;OCCCUO9414N;BF SUPERIOR - PROAP;90;APLICACOES DIRETAS;3;DESPESAS CORRENTES;3;OUTRAS DESPESAS CORRENTES;39;OUTROS SERVICOS DE TERCEIROS PJ - OP.INT.ORC.;339039;OUTROS SERVICOS DE TERCEIROS - PESSOA JURIDICA;12;RECURSOS DEST.A MANUT.E DES.DO ENSINO;;;;;38,439.35;25,107.11;11,982.24;11,982.24
2015;153281;ESCOLA DE MUSICA/UFMG;12;EDUCACAO;364;ENSINO SUPERIOR;2032;EDUCACAO SUPERIOR - GRADUACAO, POS-GRADUACAO, ENSINO, PESQUI;0487;CONCESSAO DE BOLSAS DE ESTUDO NO ENSINO SUPERIOR;0002;CONCESSAO DE BOLSAS DE ESTUDOS NO PAIS;12364203204870001;087493;OCCCUO9414N;BF SUPERIOR - PROAP;90;APLICACOES DIRETAS;3;DESPESAS CORRENTES;3;OUTRAS DESPESAS CORRENTES;18;AUXILIO FINANCEIRO A ESTUDANTES;339018;AUXILIO FINANCEIRO A ESTUDANTES;12;RECURSOS DEST.A MANUT.E DES.DO ENSINO;;;;;122,420.70;0.00;122,420.70;103,428.63
2015;153281;ESCOLA DE MUSICA/UFMG;12;EDUCACAO;364;ENSINO SUPERIOR;2032;EDUCACAO SUPERIOR - GRADUACAO, POS-GRADUACAO, ENSINO, PESQUI;0487;CONCESSAO DE BOLSAS DE ESTUDO NO ENSINO SUPERIOR;0002;CONCESSAO DE BOLSAS DE ESTUDOS NO PAIS;12364203204870001;087493;OCCCUO9414N;BF SUPERIOR - PROAP;90;APLICACOES DIRETAS;3;DESPESAS CORRENTES;3;OUTRAS DESPESAS CORRENTES;39;OUTROS SERVICOS DE TERCEIROS PJ - OP.INT.ORC.;339039;OUTROS SERVICOS DE TERCEIROS - PESSOA JURIDICA;12;RECURSOS DEST.A MANUT.E DES.DO ENSINO;;;;;37,500.00;15,000.00;;
2015;153282;ESCOLA DE VETERINARIA/UFMG;12;EDUCACAO;364;ENSINO SUPERIOR;2032;EDUCACAO SUPERIOR - GRADUACAO, POS-GRADUACAO, ENSINO, PESQUI;0487;CONCESSAO DE BOLSAS DE ESTUDO NO ENSINO SUPERIOR;0002;CONCESSAO DE BOLSAS DE ESTUDOS NO PAIS;12364203204870001;087493;OCCCUO9414N;BF SUPERIOR - PROAP;90;APLICACOES DIRETAS;3;DESPESAS CORRENTES;3;OUTRAS DESPESAS CORRENTES;18;AUXILIO FINANCEIRO A ESTUDANTES;339018;AUXILIO FINANCEIRO A ESTUDANTES;12;RECURSOS DEST.A MANUT.E DES.DO ENSINO;;;;;45,920.00;0.00;45,920.00;41,328.00
2015;153282;ESCOLA DE VETERINARIA/UFMG;12;EDUCACAO;364;ENSINO SUPERIOR;2032;EDUCACAO SUPERIOR - GRADUACAO, POS-GRADUACAO, ENSINO, PESQUI;0487;CONCESSAO DE BOLSAS DE ESTUDO NO ENSINO SUPERIOR;0002;CONCESSAO DE BOLSAS DE ESTUDOS NO PAIS;12364203204870001;087493;OCCCUO9414N;BF SUPERIOR - PROAP;90;APLICACOES DIRETAS;3;DESPESAS CORRENTES;3;OUTRAS DESPESAS CORRENTES;30;MATERIAL DE CONSUMO;339030;MATERIAL DE CONSUMO;12;RECURSOS DEST.A MANUT.E DES.DO ENSINO;;;;;84,912.39;41,938.26;42,974.13;28,304.13
2015;153283;FACULDADE DE CIENCIAS ECONOMICAS/UFMG;12;EDUCACAO;364;ENSINO SUPERIOR;2032;EDUCACAO SUPERIOR - GRADUACAO, POS-GRADUACAO, ENSINO, PESQUI;0487;CONCESSAO DE BOLSAS DE ESTUDO NO ENSINO SUPERIOR;0002;CONCESSAO DE BOLSAS DE ESTUDOS NO PAIS;12364203204870001;087493;OCCCUO9414N;BF SUPERIOR - PROAP;90;APLICACOES DIRETAS;3;DESPESAS CORRENTES;3;OUTRAS DESPESAS CORRENTES;14;DIARIAS - PESSOAL CIVIL;339014;DIARIAS - PESSOAL CIVIL;12;RECURSOS DEST.A MANUT.E DES.DO ENSINO;;;;;13,731.25;7,761.25;5,970.00;5,970.00
2015;153283;FACULDADE DE CIENCIAS ECONOMICAS/UFMG;12;EDUCACAO;364;ENSINO SUPERIOR;2032;EDUCACAO SUPERIOR - GRADUACAO, POS-GRADUACAO, ENSINO, PESQUI;0487;CONCESSAO DE BOLSAS DE ESTUDO NO ENSINO SUPERIOR;0002;CONCESSAO DE BOLSAS DE ESTUDOS NO PAIS;12364203204870001;087493;OCCCUO9414N;BF SUPERIOR - PROAP;90;APLICACOES DIRETAS;3;DESPESAS CORRENTES;3;OUTRAS DESPESAS CORRENTES;18;AUXILIO FINANCEIRO A ESTUDANTES;339018;AUXILIO FINANCEIRO A ESTUDANTES;12;RECURSOS DEST.A MANUT.E DES.DO ENSINO;;;;;19,988.40;0.00;19,988.40;17,989.56
2015;153283;FACULDADE DE CIENCIAS ECONOMICAS/UFMG;12;EDUCACAO;364;ENSINO SUPERIOR;2032;EDUCACAO SUPERIOR - GRADUACAO, POS-GRADUACAO, ENSINO, PESQUI;0487;CONCESSAO DE BOLSAS DE ESTUDO NO ENSINO SUPERIOR;0002;CONCESSAO DE BOLSAS DE ESTUDOS NO PAIS;12364203204870001;087493;OCCCUO9414N;BF SUPERIOR - PROAP;90;APLICACOES DIRETAS;3;DESPESAS CORRENTES;3;OUTRAS DESPESAS CORRENTES;33;PASSAGENS E DESPESAS COM LOCOMOCAO;339033;PASSAGENS E DESPESAS COM LOCOMOCAO;12;RECURSOS DEST.A MANUT.E DES.DO ENSINO;;;;;27,213.10;12,786.90;14,426.20;12,983.58
2015;153283;FACULDADE DE CIENCIAS ECONOMICAS/UFMG;12;EDUCACAO;364;ENSINO SUPERIOR;2032;EDUCACAO SUPERIOR - GRADUACAO, POS-GRADUACAO, ENSINO, PESQUI;0487;CONCESSAO DE BOLSAS DE ESTUDO NO ENSINO SUPERIOR;0002;CONCESSAO DE BOLSAS DE ESTUDOS NO PAIS;12364203204870001;087493;OCCCUO9414N;BF SUPERIOR - PROAP;90;APLICACOES DIRETAS;3;DESPESAS CORRENTES;3;OUTRAS DESPESAS CORRENTES;36;OUTROS SERVICOS DE TERCEIROS - P.FISICA;339036;OUTROS SERVICOS DE TERCEIROS - PESSOA FISICA;12;RECURSOS DEST.A MANUT.E DES.DO ENSINO;;;;;19,512.00;15,488.00;4,024.00;3,621.60
2015;153283;FACULDADE DE CIENCIAS ECONOMICAS/UFMG;12;EDUCACAO;364;ENSINO SUPERIOR;2032;EDUCACAO SUPERIOR - GRADUACAO, POS-GRADUACAO, ENSINO, PESQUI;0487;CONCESSAO DE BOLSAS DE ESTUDO NO ENSINO SUPERIOR;0002;CONCESSAO DE BOLSAS DE ESTUDOS NO PAIS;12364203204870001;087493;OCCCUO9414N;BF SUPERIOR - PROAP;90;APLICACOES DIRETAS;3;DESPESAS CORRENTES;3;OUTRAS DESPESAS CORRENTES;39;OUTROS SERVICOS DE TERCEIROS PJ - OP.INT.ORC.;339039;OUTROS SERVICOS DE TERCEIROS - PESSOA JURIDICA;12;RECURSOS DEST.A MANUT.E DES.DO ENSINO;;;;;51,143.50;13,856.50;37,287.00;37,158.30
2015;153286;FACULDADE DE FARMACIA/UFMG;12;EDUCACAO;364;ENSINO SUPERIOR;2032;EDUCACAO SUPERIOR - GRADUACAO, POS-GRADUACAO, ENSINO, PESQUI;0487;CONCESSAO DE BOLSAS DE ESTUDO NO ENSINO SUPERIOR;0002;CONCESSAO DE BOLSAS DE ESTUDOS NO PAIS;12364203204870001;087493;OCCCUO9414N;BF SUPERIOR - PROAP;90;APLICACOES DIRETAS;3;DESPESAS CORRENTES;3;OUTRAS DESPESAS CORRENTES;14;DIARIAS - PESSOAL CIVIL;339014;DIARIAS - PESSOAL CIVIL;12;RECURSOS DEST.A MANUT.E DES.DO ENSINO;;;;;17,442.20;2,318.00;15,124.20;14,247.40
2015;153286;FACULDADE DE FARMACIA/UFMG;12;EDUCACAO;364;ENSINO SUPERIOR;2032;EDUCACAO SUPERIOR - GRADUACAO, POS-GRADUACAO, ENSINO, PESQUI;0487;CONCESSAO DE BOLSAS DE ESTUDO NO ENSINO SUPERIOR;0002;CONCESSAO DE BOLSAS DE ESTUDOS NO PAIS;12364203204870001;087493;OCCCUO9414N;BF SUPERIOR - PROAP;90;APLICACOES DIRETAS;3;DESPESAS CORRENTES;3;OUTRAS DESPESAS CORRENTES;18;AUXILIO FINANCEIRO A ESTUDANTES;339018;AUXILIO FINANCEIRO A ESTUDANTES;12;RECURSOS DEST.A MANUT.E DES.DO ENSINO;;;;;155,052.00;0.00;155,052.00;139,996.80
2015;153286;FACULDADE DE FARMACIA/UFMG;12;EDUCACAO;364;ENSINO SUPERIOR;2032;EDUCACAO SUPERIOR - GRADUACAO, POS-GRADUACAO, ENSINO, PESQUI;0487;CONCESSAO DE BOLSAS DE ESTUDO NO ENSINO SUPERIOR;0002;CONCESSAO DE BOLSAS DE ESTUDOS NO PAIS;12364203204870001;087493;OCCCUO9414N;BF SUPERIOR - PROAP;90;APLICACOES DIRETAS;3;DESPESAS CORRENTES;3;OUTRAS DESPESAS CORRENTES;30;MATERIAL DE CONSUMO;339030;MATERIAL DE CONSUMO;12;RECURSOS DEST.A MANUT.E DES.DO ENSINO;;;;;143,998.75;68,105.50;44,841.00;41,841.00
2015;153286;FACULDADE DE FARMACIA/UFMG;12;EDUCACAO;364;ENSINO SUPERIOR;2032;EDUCACAO SUPERIOR - GRADUACAO, POS-GRADUACAO, ENSINO, PESQUI;0487;CONCESSAO DE BOLSAS DE ESTUDO NO ENSINO SUPERIOR;0002;CONCESSAO DE BOLSAS DE ESTUDOS NO PAIS;12364203204870001;087493;OCCCUO9414N;BF SUPERIOR - PROAP;90;APLICACOES DIRETAS;3;DESPESAS CORRENTES;3;OUTRAS DESPESAS CORRENTES;33;PASSAGENS E DESPESAS COM LOCOMOCAO;339033;PASSAGENS E DESPESAS COM LOCOMOCAO;12;RECURSOS DEST.A MANUT.E DES.DO ENSINO;;;;;17,930.72;0.00;17,930.72;15,689.38
2015;153286;FACULDADE DE FARMACIA/UFMG;12;EDUCACAO;364;ENSINO SUPERIOR;2032;EDUCACAO SUPERIOR - GRADUACAO, POS-GRADUACAO, ENSINO, PESQUI;0487;CONCESSAO DE BOLSAS DE ESTUDO NO ENSINO SUPERIOR;0002;CONCESSAO DE BOLSAS DE ESTUDOS NO PAIS;12364203204870001;087493;OCCCUO9414N;BF SUPERIOR - PROAP;90;APLICACOES DIRETAS;3;DESPESAS CORRENTES;3;OUTRAS DESPESAS CORRENTES;36;OUTROS SERVICOS DE TERCEIROS - P.FISICA;339036;OUTROS SERVICOS DE TERCEIROS - PESSOA FISICA;12;RECURSOS DEST.A MANUT.E DES.DO ENSINO;;;;;6,074.00;1,569.20;4,504.80;4,303.60
2015;153286;FACULDADE DE FARMACIA/UFMG;12;EDUCACAO;364;ENSINO SUPERIOR;2032;EDUCACAO SUPERIOR - GRADUACAO, POS-GRADUACAO, ENSINO, PESQUI;0487;CONCESSAO DE BOLSAS DE ESTUDO NO ENSINO SUPERIOR;0002;CONCESSAO DE BOLSAS DE ESTUDOS NO PAIS;12364203204870001;087493;OCCCUO9414N;BF SUPERIOR - PROAP;90;APLICACOES DIRETAS;3;DESPESAS CORRENTES;3;OUTRAS DESPESAS CORRENTES;39;OUTROS SERVICOS DE TERCEIROS PJ - OP.INT.ORC.;339039;OUTROS SERVICOS DE TERCEIROS - PESSOA JURIDICA;12;RECURSOS DEST.A MANUT.E DES.DO ENSINO;;;;;6,559.20;450.00;6,109.20;5,851.80
2015;153287;FACULDADE DE FILOSOFIA E CIENC. HUMANAS/UFMG;12;EDUCACAO;364;ENSINO SUPERIOR;2032;EDUCACAO SUPERIOR - GRADUACAO, POS-GRADUACAO, ENSINO, PESQUI;0487;CONCESSAO DE BOLSAS DE ESTUDO NO ENSINO SUPERIOR;0002;CONCESSAO DE BOLSAS DE ESTUDOS NO PAIS;12364203204870001;087493;OCCCUO9414N;BF SUPERIOR - PROAP;90;APLICACOES DIRETAS;3;DESPESAS CORRENTES;3;OUTRAS DESPESAS CORRENTES;18;AUXILIO FINANCEIRO A ESTUDANTES;339018;AUXILIO FINANCEIRO A ESTUDANTES;12;RECURSOS DEST.A MANUT.E DES.DO ENSINO;;;;;139,400.00;0.00;139,400.00;136,800.00
2015;153287;FACULDADE DE FILOSOFIA E CIENC. HUMANAS/UFMG;12;EDUCACAO;364;ENSINO SUPERIOR;2032;EDUCACAO SUPERIOR - GRADUACAO, POS-GRADUACAO, ENSINO, PESQUI;0487;CONCESSAO DE BOLSAS DE ESTUDO NO ENSINO SUPERIOR;0002;CONCESSAO DE BOLSAS DE ESTUDOS NO PAIS;12364203204870001;087493;OCCCUO9414N;BF SUPERIOR - PROAP;90;APLICACOES DIRETAS;3;DESPESAS CORRENTES;3;OUTRAS DESPESAS CORRENTES;30;MATERIAL DE CONSUMO;339030;MATERIAL DE CONSUMO;12;RECURSOS DEST.A MANUT.E DES.DO ENSINO;;;;;13,965.00;5,586.00;;
2015;153287;FACULDADE DE FILOSOFIA E CIENC. HUMANAS/UFMG;12;EDUCACAO;364;ENSINO SUPERIOR;2032;EDUCACAO SUPERIOR - GRADUACAO, POS-GRADUACAO, ENSINO, PESQUI;0487;CONCESSAO DE BOLSAS DE ESTUDO NO ENSINO SUPERIOR;0002;CONCESSAO DE BOLSAS DE ESTUDOS NO PAIS;12364203204870001;087493;OCCCUO9414N;BF SUPERIOR - PROAP;90;APLICACOES DIRETAS;3;DESPESAS CORRENTES;3;OUTRAS DESPESAS CORRENTES;39;OUTROS SERVICOS DE TERCEIROS PJ - OP.INT.ORC.;339039;OUTROS SERVICOS DE TERCEIROS - PESSOA JURIDICA;12;RECURSOS DEST.A MANUT.E DES.DO ENSINO;;;;;1,700.00;1,020.00;680.00;510.00
2015;153289;FACULDADE DE MEDICINA/UFMG;12;EDUCACAO;364;ENSINO SUPERIOR;2032;EDUCACAO SUPERIOR - GRADUACAO, POS-GRADUACAO, ENSINO, PESQUI;0487;CONCESSAO DE BOLSAS DE ESTUDO NO ENSINO SUPERIOR;0002;CONCESSAO DE BOLSAS DE ESTUDOS NO PAIS;12364203204870001;087493;OCCCUO9414N;BF SUPERIOR - PROAP;90;APLICACOES DIRETAS;3;DESPESAS CORRENTES;3;OUTRAS DESPESAS CORRENTES;14;DIARIAS - PESSOAL CIVIL;339014;DIARIAS - PESSOAL CIVIL;12;RECURSOS DEST.A MANUT.E DES.DO ENSINO;;;;;93,998.30;38,919.30;55,079.00;52,790.65
2015;153289;FACULDADE DE MEDICINA/UFMG;12;EDUCACAO;364;ENSINO SUPERIOR;2032;EDUCACAO SUPERIOR - GRADUACAO, POS-GRADUACAO, ENSINO, PESQUI;0487;CONCESSAO DE BOLSAS DE ESTUDO NO ENSINO SUPERIOR;0002;CONCESSAO DE BOLSAS DE ESTUDOS NO PAIS;12364203204870001;087493;OCCCUO9414N;BF SUPERIOR - PROAP;90;APLICACOES DIRETAS;3;DESPESAS CORRENTES;3;OUTRAS DESPESAS CORRENTES;18;AUXILIO FINANCEIRO A ESTUDANTES;339018;AUXILIO FINANCEIRO A ESTUDANTES;12;RECURSOS DEST.A MANUT.E DES.DO ENSINO;;;;;4,500.00;0.00;4,500.00;4,500.00
2015;153289;FACULDADE DE MEDICINA/UFMG;12;EDUCACAO;364;ENSINO SUPERIOR;2032;EDUCACAO SUPERIOR - GRADUACAO, POS-GRADUACAO, ENSINO, PESQUI;0487;CONCESSAO DE BOLSAS DE ESTUDO NO ENSINO SUPERIOR;0002;CONCESSAO DE BOLSAS DE ESTUDOS NO PAIS;12364203204870001;087493;OCCCUO9414N;BF SUPERIOR - PROAP;90;APLICACOES DIRETAS;3;DESPESAS CORRENTES;3;OUTRAS DESPESAS CORRENTES;33;PASSAGENS E DESPESAS COM LOCOMOCAO;339033;PASSAGENS E DESPESAS COM LOCOMOCAO;12;RECURSOS DEST.A MANUT.E DES.DO ENSINO;;;;;372,921.18;50,532.82;319,895.21;302,435.49
2015;153289;FACULDADE DE MEDICINA/UFMG;12;EDUCACAO;364;ENSINO SUPERIOR;2032;EDUCACAO SUPERIOR - GRADUACAO, POS-GRADUACAO, ENSINO, PESQUI;0487;CONCESSAO DE BOLSAS DE ESTUDO NO ENSINO SUPERIOR;0002;CONCESSAO DE BOLSAS DE ESTUDOS NO PAIS;12364203204870001;087493;OCCCUO9414N;BF SUPERIOR - PROAP;90;APLICACOES DIRETAS;3;DESPESAS CORRENTES;3;OUTRAS DESPESAS CORRENTES;36;OUTROS SERVICOS DE TERCEIROS - P.FISICA;339036;OUTROS SERVICOS DE TERCEIROS - PESSOA FISICA;12;RECURSOS DEST.A MANUT.E DES.DO ENSINO;;;;;70,360.42;39,363.62;30,996.80;28,548.80
2015;153289;FACULDADE DE MEDICINA/UFMG;12;EDUCACAO;364;ENSINO SUPERIOR;2032;EDUCACAO SUPERIOR - GRADUACAO, POS-GRADUACAO, ENSINO, PESQUI;0487;CONCESSAO DE BOLSAS DE ESTUDO NO ENSINO SUPERIOR;0002;CONCESSAO DE BOLSAS DE ESTUDOS NO PAIS;12364203204870001;087493;OCCCUO9414N;BF SUPERIOR - PROAP;90;APLICACOES DIRETAS;3;DESPESAS CORRENTES;3;OUTRAS DESPESAS CORRENTES;39;OUTROS SERVICOS DE TERCEIROS PJ - OP.INT.ORC.;339039;OUTROS SERVICOS DE TERCEIROS - PESSOA JURIDICA;12;RECURSOS DEST.A MANUT.E DES.DO ENSINO;;;;;14,520.10;3,287.94;11,232.16;11,232.16
2015;153289;FACULDADE DE MEDICINA/UFMG;12;EDUCACAO;364;ENSINO SUPERIOR;2032;EDUCACAO SUPERIOR - GRADUACAO, POS-GRADUACAO, ENSINO, PESQUI;0487;CONCESSAO DE BOLSAS DE ESTUDO NO ENSINO SUPERIOR;0002;CONCESSAO DE BOLSAS DE ESTUDOS NO PAIS;12364203204870001;087493;OCCCUO9414N;BF SUPERIOR - PROAP;90;APLICACOES DIRETAS;3;DESPESAS CORRENTES;3;OUTRAS DESPESAS CORRENTES;93;INDENIZACOES E RESTITUICOES;339093;INDENIZACOES E RESTITUICOES;12;RECURSOS DEST.A MANUT.E DES.DO ENSINO;;;;;29,467.80;0.00;29,467.80;29,467.80
2015;153290;FACULDADE DE ODONTOLOGIA/UFMG;12;EDUCACAO;364;ENSINO SUPERIOR;2032;EDUCACAO SUPERIOR - GRADUACAO, POS-GRADUACAO, ENSINO, PESQUI;0487;CONCESSAO DE BOLSAS DE ESTUDO NO ENSINO SUPERIOR;0002;CONCESSAO DE BOLSAS DE ESTUDOS NO PAIS;12364203204870001;087493;OCCCUO9414N;BF SUPERIOR - PROAP;90;APLICACOES DIRETAS;3;DESPESAS CORRENTES;3;OUTRAS DESPESAS CORRENTES;14;DIARIAS - PESSOAL CIVIL;339014;DIARIAS - PESSOAL CIVIL;12;RECURSOS DEST.A MANUT.E DES.DO ENSINO;;;;;1,860.00;1,860.00;;
2015;153290;FACULDADE DE ODONTOLOGIA/UFMG;12;EDUCACAO;364;ENSINO SUPERIOR;2032;EDUCACAO SUPERIOR - GRADUACAO, POS-GRADUACAO, ENSINO, PESQUI;0487;CONCESSAO DE BOLSAS DE ESTUDO NO ENSINO SUPERIOR;0002;CONCESSAO DE BOLSAS DE ESTUDOS NO PAIS;12364203204870001;087493;OCCCUO9414N;BF SUPERIOR - PROAP;90;APLICACOES DIRETAS;3;DESPESAS CORRENTES;3;OUTRAS DESPESAS CORRENTES;30;MATERIAL DE CONSUMO;339030;MATERIAL DE CONSUMO;12;RECURSOS DEST.A MANUT.E DES.DO ENSINO;;;;;166.24;41.56;124.68;124.68
2015;153290;FACULDADE DE ODONTOLOGIA/UFMG;12;EDUCACAO;364;ENSINO SUPERIOR;2032;EDUCACAO SUPERIOR - GRADUACAO, POS-GRADUACAO, ENSINO, PESQUI;0487;CONCESSAO DE BOLSAS DE ESTUDO NO ENSINO SUPERIOR;0002;CONCESSAO DE BOLSAS DE ESTUDOS NO PAIS;12364203204870001;087493;OCCCUO9414N;BF SUPERIOR - PROAP;90;APLICACOES DIRETAS;3;DESPESAS CORRENTES;3;OUTRAS DESPESAS CORRENTES;33;PASSAGENS E DESPESAS COM LOCOMOCAO;339033;PASSAGENS E DESPESAS COM LOCOMOCAO;12;RECURSOS DEST.A MANUT.E DES.DO ENSINO;;;;;15,613.72;6,152.24;9,461.48;7,408.05
2015;153291;INSTITUTO DE CIENCIAS BIOLOGICAS/UFMG;12;EDUCACAO;364;ENSINO SUPERIOR;2032;EDUCACAO SUPERIOR - GRADUACAO, POS-GRADUACAO, ENSINO, PESQUI;0487;CONCESSAO DE BOLSAS DE ESTUDO NO ENSINO SUPERIOR;0002;CONCESSAO DE BOLSAS DE ESTUDOS NO PAIS;12364203204870001;087493;OCCCUO9414N;BF SUPERIOR - PROAP;90;APLICACOES DIRETAS;3;DESPESAS CORRENTES;3;OUTRAS DESPESAS CORRENTES;18;AUXILIO FINANCEIRO A ESTUDANTES;339018;AUXILIO FINANCEIRO A ESTUDANTES;12;RECURSOS DEST.A MANUT.E DES.DO ENSINO;;;;;144,024.00;7,970.00;136,054.00;89,003.00
2015;153291;INSTITUTO DE CIENCIAS BIOLOGICAS/UFMG;12;EDUCACAO;364;ENSINO SUPERIOR;2032;EDUCACAO SUPERIOR - GRADUACAO, POS-GRADUACAO, ENSINO, PESQUI;0487;CONCESSAO DE BOLSAS DE ESTUDO NO ENSINO SUPERIOR;0002;CONCESSAO DE BOLSAS DE ESTUDOS NO PAIS;12364203204870001;087493;OCCCUO9414N;BF SUPERIOR - PROAP;90;APLICACOES DIRETAS;3;DESPESAS CORRENTES;3;OUTRAS DESPESAS CORRENTES;30;MATERIAL DE CONSUMO;339030;MATERIAL DE CONSUMO;12;RECURSOS DEST.A MANUT.E DES.DO ENSINO;;;;;18,750.00;7,500.00;11,250.00;11,250.00
2015;153292;INSTITUTO DE CIENCIAS EXATAS/UFMG;12;EDUCACAO;364;ENSINO SUPERIOR;2032;EDUCACAO SUPERIOR - GRADUACAO, POS-GRADUACAO, ENSINO, PESQUI;0487;CONCESSAO DE BOLSAS DE ESTUDO NO ENSINO SUPERIOR;0002;CONCESSAO DE BOLSAS DE ESTUDOS NO PAIS;12364203204870001;087493;OCCCUO9414N;BF SUPERIOR - PROAP;90;APLICACOES DIRETAS;3;DESPESAS CORRENTES;3;OUTRAS DESPESAS CORRENTES;18;AUXILIO FINANCEIRO A ESTUDANTES;339018;AUXILIO FINANCEIRO A ESTUDANTES;12;RECURSOS DEST.A MANUT.E DES.DO ENSINO;;;;;44,910.00;0.00;44,910.00;36,340.00
2015;153293;INSTITUTO DE GEO-CIENCIAS/UFMG;12;EDUCACAO;364;ENSINO SUPERIOR;2032;EDUCACAO SUPERIOR - GRADUACAO, POS-GRADUACAO, ENSINO, PESQUI;0487;CONCESSAO DE BOLSAS DE ESTUDO NO ENSINO SUPERIOR;0002;CONCESSAO DE BOLSAS DE ESTUDOS NO PAIS;12364203204870001;087493;OCCCUO9414N;BF SUPERIOR - PROAP;90;APLICACOES DIRETAS;3;DESPESAS CORRENTES;3;OUTRAS DESPESAS CORRENTES;18;AUXILIO FINANCEIRO A ESTUDANTES;339018;AUXILIO FINANCEIRO A ESTUDANTES;12;RECURSOS DEST.A MANUT.E DES.DO ENSINO;;;;;367,909.72;180,512.21;187,397.51;173,242.01
2015;153296;INSTITUTO DE CIENCIAS AGRARIAS/UFMG;12;EDUCACAO;364;ENSINO SUPERIOR;2032;EDUCACAO SUPERIOR - GRADUACAO, POS-GRADUACAO, ENSINO, PESQUI;0487;CONCESSAO DE BOLSAS DE ESTUDO NO ENSINO SUPERIOR;0002;CONCESSAO DE BOLSAS DE ESTUDOS NO PAIS;12364203204870001;087493;OCCCUO9414N;BF SUPERIOR - PROAP;90;APLICACOES DIRETAS;3;DESPESAS CORRENTES;3;OUTRAS DESPESAS CORRENTES;14;DIARIAS - PESSOAL CIVIL;339014;DIARIAS - PESSOAL CIVIL;12;RECURSOS DEST.A MANUT.E DES.DO ENSINO;;;;;245,579.30;74,510.75;171,068.55;141,617.49
2015;153296;INSTITUTO DE CIENCIAS AGRARIAS/UFMG;12;EDUCACAO;364;ENSINO SUPERIOR;2032;EDUCACAO SUPERIOR - GRADUACAO, POS-GRADUACAO, ENSINO, PESQUI;0487;CONCESSAO DE BOLSAS DE ESTUDO NO ENSINO SUPERIOR;0002;CONCESSAO DE BOLSAS DE ESTUDOS NO PAIS;12364203204870001;087493;OCCCUO9414N;BF SUPERIOR - PROAP;90;APLICACOES DIRETAS;3;DESPESAS CORRENTES;3;OUTRAS DESPESAS CORRENTES;18;AUXILIO FINANCEIRO A ESTUDANTES;339018;AUXILIO FINANCEIRO A ESTUDANTES;12;RECURSOS DEST.A MANUT.E DES.DO ENSINO;;;;;312,020.00;96,970.00;215,050.00;186,206.00
2015;153296;INSTITUTO DE CIENCIAS AGRARIAS/UFMG;12;EDUCACAO;364;ENSINO SUPERIOR;2032;EDUCACAO SUPERIOR - GRADUACAO, POS-GRADUACAO, ENSINO, PESQUI;0487;CONCESSAO DE BOLSAS DE ESTUDO NO ENSINO SUPERIOR;0002;CONCESSAO DE BOLSAS DE ESTUDOS NO PAIS;12364203204870001;087493;OCCCUO9414N;BF SUPERIOR - PROAP;90;APLICACOES DIRETAS;3;DESPESAS CORRENTES;3;OUTRAS DESPESAS CORRENTES;33;PASSAGENS E DESPESAS COM LOCOMOCAO;339033;PASSAGENS E DESPESAS COM LOCOMOCAO;12;RECURSOS DEST.A MANUT.E DES.DO ENSINO;;;;;152,400.70;101,989.95;50,410.75;45,316.20
2015;153296;INSTITUTO DE CIENCIAS AGRARIAS/UFMG;12;EDUCACAO;364;ENSINO SUPERIOR;2032;EDUCACAO SUPERIOR - GRADUACAO, POS-GRADUACAO, ENSINO, PESQUI;0487;CONCESSAO DE BOLSAS DE ESTUDO NO ENSINO SUPERIOR;0002;CONCESSAO DE BOLSAS DE ESTUDOS NO PAIS;12364203204870001;087493;OCCCUO9414N;BF SUPERIOR - PROAP;90;APLICACOES DIRETAS;3;DESPESAS CORRENTES;3;OUTRAS DESPESAS CORRENTES;36;OUTROS SERVICOS DE TERCEIROS - P.FISICA;339036;OUTROS SERVICOS DE TERCEIROS - PESSOA FISICA;12;RECURSOS DEST.A MANUT.E DES.DO ENSINO;;;;;30,000.00;30,000.00;;
2015;153400;DEPTO.DE ENGENHARIA QUIMICA DA UFPE;12;EDUCACAO;364;ENSINO SUPERIOR;2032;EDUCACAO SUPERIOR - GRADUACAO, POS-GRADUACAO, ENSINO, PESQUI;0487;CONCESSAO DE BOLSAS DE ESTUDO NO ENSINO SUPERIOR;0002;CONCESSAO DE BOLSAS DE ESTUDOS NO PAIS;12364203204870001;087493;OCCCUO9414N;BF SUPERIOR - PROAP;90;APLICACOES DIRETAS;3;DESPESAS CORRENTES;3;OUTRAS DESPESAS CORRENTES;30;MATERIAL DE CONSUMO;339030;MATERIAL DE CONSUMO;12;RECURSOS DEST.A MANUT.E DES.DO ENSINO;;;;;5,000.00;1,000.00;4,000.00;
2015;153400;DEPTO.DE ENGENHARIA QUIMICA DA UFPE;12;EDUCACAO;364;ENSINO SUPERIOR;2032;EDUCACAO SUPERIOR - GRADUACAO, POS-GRADUACAO, ENSINO, PESQUI;0487;CONCESSAO DE BOLSAS DE ESTUDO NO ENSINO SUPERIOR;0002;CONCESSAO DE BOLSAS DE ESTUDOS NO PAIS;12364203204870001;087493;OCCCUO9414N;BF SUPERIOR - PROAP;90;APLICACOES DIRETAS;3;DESPESAS CORRENTES;3;OUTRAS DESPESAS CORRENTES;39;OUTROS SERVICOS DE TERCEIROS PJ - OP.INT.ORC.;339039;OUTROS SERVICOS DE TERCEIROS - PESSOA JURIDICA;12;RECURSOS DEST.A MANUT.E DES.DO ENSINO;;;;;22,500.00;9,000.00;13,500.00;
2015;153490;FACULDADE DE LETRAS - UFRJ;12;EDUCACAO;364;ENSINO SUPERIOR;2032;EDUCACAO SUPERIOR - GRADUACAO, POS-GRADUACAO, ENSINO, PESQUI;0487;CONCESSAO DE BOLSAS DE ESTUDO NO ENSINO SUPERIOR;0002;CONCESSAO DE BOLSAS DE ESTUDOS NO PAIS;12364203204870001;087493;OCCCUO9414N;BF SUPERIOR - PROAP;50;TRANSFERENCIA INSTITUICOES PRIVADAS SEM FINS LUCRATIVOS;3;DESPESAS CORRENTES;3;OUTRAS DESPESAS CORRENTES;41;CONTRIBUICOES;335041;CONTRIBUICOES;12;RECURSOS DEST.A MANUT.E DES.DO ENSINO;;;;;37,800.00;0.00;37,800.00;37,800.00
2015;153490;FACULDADE DE LETRAS - UFRJ;12;EDUCACAO;364;ENSINO SUPERIOR;2032;EDUCACAO SUPERIOR - GRADUACAO, POS-GRADUACAO, ENSINO, PESQUI;0487;CONCESSAO DE BOLSAS DE ESTUDO NO ENSINO SUPERIOR;0002;CONCESSAO DE BOLSAS DE ESTUDOS NO PAIS;12364203204870001;087493;OCCCUO9414N;BF SUPERIOR - PROAP;90;APLICACOES DIRETAS;3;DESPESAS CORRENTES;3;OUTRAS DESPESAS CORRENTES;18;AUXILIO FINANCEIRO A ESTUDANTES;339018;AUXILIO FINANCEIRO A ESTUDANTES;12;RECURSOS DEST.A MANUT.E DES.DO ENSINO;;;;;20,750.00;2,300.00;15,000.00;15,000.00
2015;153490;FACULDADE DE LETRAS - UFRJ;12;EDUCACAO;364;ENSINO SUPERIOR;2032;EDUCACAO SUPERIOR - GRADUACAO, POS-GRADUACAO, ENSINO, PESQUI;0487;CONCESSAO DE BOLSAS DE ESTUDO NO ENSINO SUPERIOR;0002;CONCESSAO DE BOLSAS DE ESTUDOS NO PAIS;12364203204870001;087493;OCCCUO9414N;BF SUPERIOR - PROAP;90;APLICACOES DIRETAS;3;DESPESAS CORRENTES;3;OUTRAS DESPESAS CORRENTES;30;MATERIAL DE CONSUMO;339030;MATERIAL DE CONSUMO;12;RECURSOS DEST.A MANUT.E DES.DO ENSINO;;;;;105,733.00;21,146.60;84,586.40;
2015;153490;FACULDADE DE LETRAS - UFRJ;12;EDUCACAO;364;ENSINO SUPERIOR;2032;EDUCACAO SUPERIOR - GRADUACAO, POS-GRADUACAO, ENSINO, PESQUI;0487;CONCESSAO DE BOLSAS DE ESTUDO NO ENSINO SUPERIOR;0002;CONCESSAO DE BOLSAS DE ESTUDOS NO PAIS;12364203204870001;087493;OCCCUO9414N;BF SUPERIOR - PROAP;90;APLICACOES DIRETAS;3;DESPESAS CORRENTES;3;OUTRAS DESPESAS CORRENTES;39;OUTROS SERVICOS DE TERCEIROS PJ - OP.INT.ORC.;339039;OUTROS SERVICOS DE TERCEIROS - PESSOA JURIDICA;12;RECURSOS DEST.A MANUT.E DES.DO ENSINO;;;;;150,980.00;30,646.00;116,284.00;
2015;153490;FACULDADE DE LETRAS - UFRJ;12;EDUCACAO;368;EDUCACAO BASICA;2030;EDUCACAO BASICA;20RJ;APOIO A CAPACITACAO E FORMACAO INICIAL E CONTINUADA PARA A E;0003;EDUCACAO BASICA PRESENCIAL;12368203020RJ0001;087496;PCC92B5801N;PARFOR - PARFOR;90;APLICACOES DIRETAS;3;DESPESAS CORRENTES;3;OUTRAS DESPESAS CORRENTES;18;AUXILIO FINANCEIRO A ESTUDANTES;339018;AUXILIO FINANCEIRO A ESTUDANTES;08;FUNDO SOCIAL-PARC.DEST.EDUCACAO PUBL.E SAUDE;;;;;77,050.00;30,820.00;46,230.00;46,230.00
2015;153490;FACULDADE DE LETRAS - UFRJ;12;EDUCACAO;368;EDUCACAO BASICA;2030;EDUCACAO BASICA;20RJ;APOIO A CAPACITACAO E FORMACAO INICIAL E CONTINUADA PARA A E;0003;EDUCACAO BASICA PRESENCIAL;12368203020RJ0001;087496;PCC92B5801N;PARFOR - PARFOR;90;APLICACOES DIRETAS;3;DESPESAS CORRENTES;3;OUTRAS DESPESAS CORRENTES;30;MATERIAL DE CONSUMO;339030;MATERIAL DE CONSUMO;08;FUNDO SOCIAL-PARC.DEST.EDUCACAO PUBL.E SAUDE;;;;;51,690.20;3,741.70;47,948.50;28,769.10
2015;153491;ESCOLA DE MUSICA - UFRJ;12;EDUCACAO;364;ENSINO SUPERIOR;2032;EDUCACAO SUPERIOR - GRADUACAO, POS-GRADUACAO, ENSINO, PESQUI;0487;CONCESSAO DE BOLSAS DE ESTUDO NO ENSINO SUPERIOR;0002;CONCESSAO DE BOLSAS DE ESTUDOS NO PAIS;12364203204870001;087493;OCCCUO9414N;BF SUPERIOR - PROAP;90;APLICACOES DIRETAS;3;DESPESAS CORRENTES;3;OUTRAS DESPESAS CORRENTES;39;OUTROS SERVICOS DE TERCEIROS PJ - OP.INT.ORC.;339039;OUTROS SERVICOS DE TERCEIROS - PESSOA JURIDICA;12;RECURSOS DEST.A MANUT.E DES.DO ENSINO;;;;;38,000.00;0.00;38,000.00;
2015;153492;FACULDADE DE ARQUITETURA E URBANISMO - UFRJ;12;EDUCACAO;364;ENSINO SUPERIOR;2032;EDUCACAO SUPERIOR - GRADUACAO, POS-GRADUACAO, ENSINO, PESQUI;0487;CONCESSAO DE BOLSAS DE ESTUDO NO ENSINO SUPERIOR;0002;CONCESSAO DE BOLSAS DE ESTUDOS NO PAIS;12364203204870001;087493;OCCCUO9414N;BF SUPERIOR - PROAP;90;APLICACOES DIRETAS;3;DESPESAS CORRENTES;3;OUTRAS DESPESAS CORRENTES;30;MATERIAL DE CONSUMO;339030;MATERIAL DE CONSUMO;12;RECURSOS DEST.A MANUT.E DES.DO ENSINO;;;;;59,180.00;6,540.00;52,640.00;23,170.00
2015;153492;FACULDADE DE ARQUITETURA E URBANISMO - UFRJ;12;EDUCACAO;364;ENSINO SUPERIOR;2032;EDUCACAO SUPERIOR - GRADUACAO, POS-GRADUACAO, ENSINO, PESQUI;0487;CONCESSAO DE BOLSAS DE ESTUDO NO ENSINO SUPERIOR;0002;CONCESSAO DE BOLSAS DE ESTUDOS NO PAIS;12364203204870001;087493;OCCCUO9414N;BF SUPERIOR - PROAP;90;APLICACOES DIRETAS;3;DESPESAS CORRENTES;3;OUTRAS DESPESAS CORRENTES;39;OUTROS SERVICOS DE TERCEIROS PJ - OP.INT.ORC.;339039;OUTROS SERVICOS DE TERCEIROS - PESSOA JURIDICA;12;RECURSOS DEST.A MANUT.E DES.DO ENSINO;;;;;45,345.00;11,565.00;33,780.00;
2015;153515;INSTITUTO DE ESTUDOS EM SAUDE COLETIVA;12;EDUCACAO;364;ENSINO SUPERIOR;2032;EDUCACAO SUPERIOR - GRADUACAO, POS-GRADUACAO, ENSINO, PESQUI;0487;CONCESSAO DE BOLSAS DE ESTUDO NO ENSINO SUPERIOR;0002;CONCESSAO DE BOLSAS DE ESTUDOS NO PAIS;12364203204870001;087493;OCCCUO9414N;BF SUPERIOR - PROAP;90;APLICACOES DIRETAS;3;DESPESAS CORRENTES;3;OUTRAS DESPESAS CORRENTES;33;PASSAGENS E DESPESAS COM LOCOMOCAO;339033;PASSAGENS E DESPESAS COM LOCOMOCAO;12;RECURSOS DEST.A MANUT.E DES.DO ENSINO;;;;;0.00;0.00;;
2015;153515;INSTITUTO DE ESTUDOS EM SAUDE COLETIVA;12;EDUCACAO;364;ENSINO SUPERIOR;2032;EDUCACAO SUPERIOR - GRADUACAO, POS-GRADUACAO, ENSINO, PESQUI;0487;CONCESSAO DE BOLSAS DE ESTUDO NO ENSINO SUPERIOR;0002;CONCESSAO DE BOLSAS DE ESTUDOS NO PAIS;12364203204870001;087493;OCCCUO9414N;BF SUPERIOR - PROAP;90;APLICACOES DIRETAS;3;DESPESAS CORRENTES;3;OUTRAS DESPESAS CORRENTES;39;OUTROS SERVICOS DE TERCEIROS PJ - OP.INT.ORC.;339039;OUTROS SERVICOS DE TERCEIROS - PESSOA JURIDICA;12;RECURSOS DEST.A MANUT.E DES.DO ENSINO;;;;;26,200.00;10,480.00;;
2015;153991;UTFPR - CAMPUS DOIS VIZINHOS;12;EDUCACAO;364;ENSINO SUPERIOR;2032;EDUCACAO SUPERIOR - GRADUACAO, POS-GRADUACAO, ENSINO, PESQUI;0487;CONCESSAO DE BOLSAS DE ESTUDO NO ENSINO SUPERIOR;0002;CONCESSAO DE BOLSAS DE ESTUDOS NO PAIS;12364203204870001;087493;OCCCUO9414N;BF SUPERIOR - PROAP;90;APLICACOES DIRETAS;3;DESPESAS CORRENTES;3;OUTRAS DESPESAS CORRENTES;14;DIARIAS - PESSOAL CIVIL;339014;DIARIAS - PESSOAL CIVIL;12;RECURSOS DEST.A MANUT.E DES.DO ENSINO;;;;;4,402.80;3,000.00;1,402.80;1,402.80
2015;153991;UTFPR - CAMPUS DOIS VIZINHOS;12;EDUCACAO;364;ENSINO SUPERIOR;2032;EDUCACAO SUPERIOR - GRADUACAO, POS-GRADUACAO, ENSINO, PESQUI;0487;CONCESSAO DE BOLSAS DE ESTUDO NO ENSINO SUPERIOR;0002;CONCESSAO DE BOLSAS DE ESTUDOS NO PAIS;12364203204870001;087493;OCCCUO9414N;BF SUPERIOR - PROAP;90;APLICACOES DIRETAS;3;DESPESAS CORRENTES;3;OUTRAS DESPESAS CORRENTES;18;AUXILIO FINANCEIRO A ESTUDANTES;339018;AUXILIO FINANCEIRO A ESTUDANTES;12;RECURSOS DEST.A MANUT.E DES.DO ENSINO;;;;;9,000.00;1,500.00;7,500.00;6,000.00
2015;153991;UTFPR - CAMPUS DOIS VIZINHOS;12;EDUCACAO;364;ENSINO SUPERIOR;2032;EDUCACAO SUPERIOR - GRADUACAO, POS-GRADUACAO, ENSINO, PESQUI;0487;CONCESSAO DE BOLSAS DE ESTUDO NO ENSINO SUPERIOR;0002;CONCESSAO DE BOLSAS DE ESTUDOS NO PAIS;12364203204870001;087493;OCCCUO9414N;BF SUPERIOR - PROAP;90;APLICACOES DIRETAS;3;DESPESAS CORRENTES;3;OUTRAS DESPESAS CORRENTES;30;MATERIAL DE CONSUMO;339030;MATERIAL DE CONSUMO;12;RECURSOS DEST.A MANUT.E DES.DO ENSINO;;;;;52,458.05;13,808.79;31,757.72;24,583.29
2015;153991;UTFPR - CAMPUS DOIS VIZINHOS;12;EDUCACAO;364;ENSINO SUPERIOR;2032;EDUCACAO SUPERIOR - GRADUACAO, POS-GRADUACAO, ENSINO, PESQUI;0487;CONCESSAO DE BOLSAS DE ESTUDO NO ENSINO SUPERIOR;0002;CONCESSAO DE BOLSAS DE ESTUDOS NO PAIS;12364203204870001;087493;OCCCUO9414N;BF SUPERIOR - PROAP;90;APLICACOES DIRETAS;3;DESPESAS CORRENTES;3;OUTRAS DESPESAS CORRENTES;33;PASSAGENS E DESPESAS COM LOCOMOCAO;339033;PASSAGENS E DESPESAS COM LOCOMOCAO;12;RECURSOS DEST.A MANUT.E DES.DO ENSINO;;;;;16,647.56;3,475.82;6,481.08;5,400.90
2015;153991;UTFPR - CAMPUS DOIS VIZINHOS;12;EDUCACAO;364;ENSINO SUPERIOR;2032;EDUCACAO SUPERIOR - GRADUACAO, POS-GRADUACAO, ENSINO, PESQUI;0487;CONCESSAO DE BOLSAS DE ESTUDO NO ENSINO SUPERIOR;0002;CONCESSAO DE BOLSAS DE ESTUDOS NO PAIS;12364203204870001;087493;OCCCUO9414N;BF SUPERIOR - PROAP;90;APLICACOES DIRETAS;3;DESPESAS CORRENTES;3;OUTRAS DESPESAS CORRENTES;39;OUTROS SERVICOS DE TERCEIROS PJ - OP.INT.ORC.;339039;OUTROS SERVICOS DE TERCEIROS - PESSOA JURIDICA;12;RECURSOS DEST.A MANUT.E DES.DO ENSINO;;;;;8,610.00;3,444.00;5,166.00;5,166.00
2015;153991;UTFPR - CAMPUS DOIS VIZINHOS;12;EDUCACAO;364;ENSINO SUPERIOR;2032;EDUCACAO SUPERIOR - GRADUACAO, POS-GRADUACAO, ENSINO, PESQUI;0487;CONCESSAO DE BOLSAS DE ESTUDO NO ENSINO SUPERIOR;0002;CONCESSAO DE BOLSAS DE ESTUDOS NO PAIS;12364203204870001;087493;OCCCUO9414N;BF SUPERIOR - PROAP;90;APLICACOES DIRETAS;3;DESPESAS CORRENTES;3;OUTRAS DESPESAS CORRENTES;93;INDENIZACOES E RESTITUICOES;339093;INDENIZACOES E RESTITUICOES;12;RECURSOS DEST.A MANUT.E DES.DO ENSINO;;;;;9,250.00;0.00;9,250.00;5,550.00
2015;154003;FUND.COORD.DE APERF.DE PESSOAL NIVEL SUPERIOR;12;EDUCACAO;122;ADMINISTRACAO GERAL;2109;PROGRAMA DE GESTAO E MANUTENCAO DO MINISTERIO DA EDUCACAO;09HB;CONTRIBUICAO DA UNIAO, DE SUAS AUTARQUIAS E FUNDACOES PARA O;0000;CONTRIBUICAO DA UNIAO, DE SUAS AUTARQUIAS E FUNDACOES PARA O CUSTEIO DO REGIME DE PREVIDENCIA DOS SERVIDORES PUBLICOS FEDERAIS;12122210909HB0053;087475;'-8;SEM INFORMACAO;90;APLICACOES DIRETAS;3;DESPESAS CORRENTES;1;PESSOAL E ENCARGOS SOCIAIS;00;[A DETALHAR];319000;APLICACOES DIRETAS;00;RECURSOS PRIMARIOS DE LIVRE APLICACAO;2,981,774.70;;2,981,774.70;;;;;
2015;154003;FUND.COORD.DE APERF.DE PESSOAL NIVEL SUPERIOR;12;EDUCACAO;122;ADMINISTRACAO GERAL;2109;PROGRAMA DE GESTAO E MANUTENCAO DO MINISTERIO DA EDUCACAO;09HB;CONTRIBUICAO DA UNIAO, DE SUAS AUTARQUIAS E FUNDACOES PARA O;0000;CONTRIBUICAO DA UNIAO, DE SUAS AUTARQUIAS E FUNDACOES PARA O CUSTEIO DO REGIME DE PREVIDENCIA DOS SERVIDORES PUBLICOS FEDERAIS;12122210909HB0053;087475;'-8;SEM INFORMACAO;91;APLICACOES DIRETAS - OPERACOES INTERNAS;3;DESPESAS CORRENTES;1;PESSOAL E ENCARGOS SOCIAIS;00;[A DETALHAR];319100;APLICACOES DIRETAS - OPER.INTRA-ORCAMENTARIAS;00;RECURSOS PRIMARIOS DE LIVRE APLICACAO;56162069.58;;56162069.58;;;;;
2015;154003;FUND.COORD.DE APERF.DE PESSOAL NIVEL SUPERIOR;12;EDUCACAO;122;ADMINISTRACAO GERAL;2109;PROGRAMA DE GESTAO E MANUTENCAO DO MINISTERIO DA EDUCACAO;09HB;CONTRIBUICAO DA UNIAO, DE SUAS AUTARQUIAS E FUNDACOES PARA O;0000;CONTRIBUICAO DA UNIAO, DE SUAS AUTARQUIAS E FUNDACOES PARA O CUSTEIO DO REGIME DE PREVIDENCIA DOS SERVIDORES PUBLICOS FEDERAIS;12122210909HB0053;087475;VCC80N99GAN;ADMINISTRACAO CAPES -DGES;91;APLICACOES DIRETAS - OPERACOES INTERNAS;3;DESPESAS CORRENTES;1;PESSOAL E ENCARGOS SOCIAIS;13;OBRIGACOES PATRONAIS;319113;OBRIGACOES PATRONAIS - OP.INTRA-ORCAMENTARIAS;00;RECURSOS PRIMARIOS DE LIVRE APLICACAO;113756155.72;;113756155.72;;113754610.48;27415294.47;86339316.01;86339316.01
2015;154003;FUND.COORD.DE APERF.DE PESSOAL NIVEL SUPERIOR;12;EDUCACAO;122;ADMINISTRACAO GERAL;2109;PROGRAMA DE GESTAO E MANUTENCAO DO MINISTERIO DA EDUCACAO;2000;ADMINISTRACAO DA UNIDADE;0000;ADMINISTRACAO DA UNIDADE - DESPESAS DIVERSAS;12122210920000053;087486;'-8;SEM INFORMACAO;90;APLICACOES DIRETAS;3;DESPESAS CORRENTES;3;OUTRAS DESPESAS CORRENTES;00;[A DETALHAR];339000;APLICACOES DIRETAS;12;RECURSOS DEST.A MANUT.E DES.DO ENSINO;238019964.50;;173429076.50;90191610.00;;;;
2015;154003;FUND.COORD.DE APERF.DE PESSOAL NIVEL SUPERIOR;12;EDUCACAO;122;ADMINISTRACAO GERAL;2109;PROGRAMA DE GESTAO E MANUTENCAO DO MINISTERIO DA EDUCACAO;2000;ADMINISTRACAO DA UNIDADE;0000;ADMINISTRACAO DA UNIDADE - DESPESAS DIVERSAS;12122210920000053;087486;'-8;SEM INFORMACAO;90;APLICACOES DIRETAS;3;DESPESAS CORRENTES;3;OUTRAS DESPESAS CORRENTES;;;;;50;REC.PROPRIOS PRIMARIOS DE LIVRE APLICACAO;75089605.03;;75089605.03;;;;;
2015;154003;FUND.COORD.DE APERF.DE PESSOAL NIVEL SUPERIOR;12;EDUCACAO;122;ADMINISTRACAO GERAL;2109;PROGRAMA DE GESTAO E MANUTENCAO DO MINISTERIO DA EDUCACAO;2000;ADMINISTRACAO DA UNIDADE;0000;ADMINISTRACAO DA UNIDADE - DESPESAS DIVERSAS;12122210920000053;087486;'-8;SEM INFORMACAO;90;APLICACOES DIRETAS;4;DESPESAS DE CAPITAL;4;INVESTIMENTOS;00;[A DETALHAR];449000;APLICACOES DIRETAS;12;RECURSOS DEST.A MANUT.E DES.DO ENSINO;67797887.76;;67797887.76;38924415.00;;;;
2015;154003;FUND.COORD.DE APERF.DE PESSOAL NIVEL SUPERIOR;12;EDUCACAO;122;ADMINISTRACAO GERAL;2109;PROGRAMA DE GESTAO E MANUTENCAO DO MINISTERIO DA EDUCACAO;2000;ADMINISTRACAO DA UNIDADE;0000;ADMINISTRACAO DA UNIDADE - DESPESAS DIVERSAS;12122210920000053;087486;'-8;SEM INFORMACAO;91;APLICACOES DIRETAS - OPERACOES INTERNAS;3;DESPESAS CORRENTES;3;OUTRAS DESPESAS CORRENTES;00;[A DETALHAR];339100;APLICACOES DIRETAS - OPER.INTRA-ORCAMENTARIAS;12;RECURSOS DEST.A MANUT.E DES.DO ENSINO;3,719,948.48;;3,719,948.48;;;;;
2015;154003;FUND.COORD.DE APERF.DE PESSOAL NIVEL SUPERIOR;12;EDUCACAO;122;ADMINISTRACAO GERAL;2109;PROGRAMA DE GESTAO E MANUTENCAO DO MINISTERIO DA EDUCACAO;2000;ADMINISTRACAO DA UNIDADE;0000;ADMINISTRACAO DA UNIDADE - DESPESAS DIVERSAS;12122210920000053;087486;ACC80N01GAN;ADMINISTRACAO DA UNIDADE - DGES/CGLOG;90;APLICACOES DIRETAS;3;DESPESAS CORRENTES;3;OUTRAS DESPESAS CORRENTES;39;OUTROS SERVICOS DE TERCEIROS PJ - OP.INT.ORC.;339039;OUTROS SERVICOS DE TERCEIROS - PESSOA JURIDICA;12;RECURSOS DEST.A MANUT.E DES.DO ENSINO;0.00;;0.00;;;;;
2015;154003;FUND.COORD.DE APERF.DE PESSOAL NIVEL SUPERIOR;12;EDUCACAO;122;ADMINISTRACAO GERAL;2109;PROGRAMA DE GESTAO E MANUTENCAO DO MINISTERIO DA EDUCACAO;2000;ADMINISTRACAO DA UNIDADE;0000;ADMINISTRACAO DA UNIDADE - DESPESAS DIVERSAS;12122210920000053;087486;ACC80N01TIN;ADMINISTRACAO DA UNIDADE - DTI;90;APLICACOES DIRETAS;3;DESPESAS CORRENTES;3;OUTRAS DESPESAS CORRENTES;39;OUTROS SERVICOS DE TERCEIROS PJ - OP.INT.ORC.;339039;OUTROS SERVICOS DE TERCEIROS - PESSOA JURIDICA;12;RECURSOS DEST.A MANUT.E DES.DO ENSINO;10,207.39;;10,207.39;;0.00;0.00;0.00;0.00
2015;154003;FUND.COORD.DE APERF.DE PESSOAL NIVEL SUPERIOR;12;EDUCACAO;122;ADMINISTRACAO GERAL;2109;PROGRAMA DE GESTAO E MANUTENCAO DO MINISTERIO DA EDUCACAO;2000;ADMINISTRACAO DA UNIDADE;0000;ADMINISTRACAO DA UNIDADE - DESPESAS DIVERSAS;12122210920000053;087486;VCC80N99GAN;ADMINISTRACAO CAPES -DGES;90;APLICACOES DIRETAS;3;DESPESAS CORRENTES;3;OUTRAS DESPESAS CORRENTES;04;CONTRATACAO POR TEMPO DETERMINADO - PES.CIVIL;339004;CONTRATACAO POR TEMPO DETERMINADO;12;RECURSOS DEST.A MANUT.E DES.DO ENSINO;22240655.44;;22240655.44;;21799225.38;2,327,500.32;19471725.06;19471725.06
2015;154003;FUND.COORD.DE APERF.DE PESSOAL NIVEL SUPERIOR;12;EDUCACAO;122;ADMINISTRACAO GERAL;2109;PROGRAMA DE GESTAO E MANUTENCAO DO MINISTERIO DA EDUCACAO;2000;ADMINISTRACAO DA UNIDADE;0000;ADMINISTRACAO DA UNIDADE - DESPESAS DIVERSAS;12122210920000053;087486;VCC80N99GAN;ADMINISTRACAO CAPES -DGES;90;APLICACOES DIRETAS;3;DESPESAS CORRENTES;3;OUTRAS DESPESAS CORRENTES;;;;;50;REC.PROPRIOS PRIMARIOS DE LIVRE APLICACAO;981,217.80;;981,217.80;;981,217.80;3,233.67;977,984.13;977,984.13
2015;154003;FUND.COORD.DE APERF.DE PESSOAL NIVEL SUPERIOR;12;EDUCACAO;122;ADMINISTRACAO GERAL;2109;PROGRAMA DE GESTAO E MANUTENCAO DO MINISTERIO DA EDUCACAO;2000;ADMINISTRACAO DA UNIDADE;0000;ADMINISTRACAO DA UNIDADE - DESPESAS DIVERSAS;12122210920000053;087486;VCC80N99GAN;ADMINISTRACAO CAPES -DGES;90;APLICACOES DIRETAS;3;DESPESAS CORRENTES;3;OUTRAS DESPESAS CORRENTES;18;AUXILIO FINANCEIRO A ESTUDANTES;339018;AUXILIO FINANCEIRO A ESTUDANTES;12;RECURSOS DEST.A MANUT.E DES.DO ENSINO;46,632.48;;46,632.48;;40,803.42;0.00;40,803.42;40,803.42
2015;154003;FUND.COORD.DE APERF.DE PESSOAL NIVEL SUPERIOR;12;EDUCACAO;122;ADMINISTRACAO GERAL;2109;PROGRAMA DE GESTAO E MANUTENCAO DO MINISTERIO DA EDUCACAO;2000;ADMINISTRACAO DA UNIDADE;0000;ADMINISTRACAO DA UNIDADE - DESPESAS DIVERSAS;12122210920000053;087486;VCC80N99GAN;ADMINISTRACAO CAPES -DGES;90;APLICACOES DIRETAS;3;DESPESAS CORRENTES;3;OUTRAS DESPESAS CORRENTES;30;MATERIAL DE CONSUMO;339030;MATERIAL DE CONSUMO;12;RECURSOS DEST.A MANUT.E DES.DO ENSINO;1,584,718.36;;1,584,718.36;;1,506,933.98;301,137.56;1,157,479.62;1,145,714.74
2015;154003;FUND.COORD.DE APERF.DE PESSOAL NIVEL SUPERIOR;12;EDUCACAO;122;ADMINISTRACAO GERAL;2109;PROGRAMA DE GESTAO E MANUTENCAO DO MINISTERIO DA EDUCACAO;2000;ADMINISTRACAO DA UNIDADE;0000;ADMINISTRACAO DA UNIDADE - DESPESAS DIVERSAS;12122210920000053;087486;VCC80N99GAN;ADMINISTRACAO CAPES -DGES;90;APLICACOES DIRETAS;3;DESPESAS CORRENTES;3;OUTRAS DESPESAS CORRENTES;;;;;50;REC.PROPRIOS PRIMARIOS DE LIVRE APLICACAO;505,727.64;;505,727.64;;505,727.64;97,136.04;408,591.60;408,591.60
2015;154003;FUND.COORD.DE APERF.DE PESSOAL NIVEL SUPERIOR;12;EDUCACAO;122;ADMINISTRACAO GERAL;2109;PROGRAMA DE GESTAO E MANUTENCAO DO MINISTERIO DA EDUCACAO;2000;ADMINISTRACAO DA UNIDADE;0000;ADMINISTRACAO DA UNIDADE - DESPESAS DIVERSAS;12122210920000053;087486;VCC80N99GAN;ADMINISTRACAO CAPES -DGES;90;APLICACOES DIRETAS;3;DESPESAS CORRENTES;3;OUTRAS DESPESAS CORRENTES;36;OUTROS SERVICOS DE TERCEIROS - P.FISICA;339036;OUTROS SERVICOS DE TERCEIROS - PESSOA FISICA;12;RECURSOS DEST.A MANUT.E DES.DO ENSINO;5,310,958.33;;5,310,958.33;;5,251,321.39;741,171.54;4,510,149.85;4,510,149.85
2015;154003;FUND.COORD.DE APERF.DE PESSOAL NIVEL SUPERIOR;12;EDUCACAO;122;ADMINISTRACAO GERAL;2109;PROGRAMA DE GESTAO E MANUTENCAO DO MINISTERIO DA EDUCACAO;2000;ADMINISTRACAO DA UNIDADE;0000;ADMINISTRACAO DA UNIDADE - DESPESAS DIVERSAS;12122210920000053;087486;VCC80N99GAN;ADMINISTRACAO CAPES -DGES;90;APLICACOES DIRETAS;3;DESPESAS CORRENTES;3;OUTRAS DESPESAS CORRENTES;;;;;50;REC.PROPRIOS PRIMARIOS DE LIVRE APLICACAO;296,891.94;;296,891.94;;296,891.94;469.31;296,422.63;296,422.63
2015;154003;FUND.COORD.DE APERF.DE PESSOAL NIVEL SUPERIOR;12;EDUCACAO;122;ADMINISTRACAO GERAL;2109;PROGRAMA DE GESTAO E MANUTENCAO DO MINISTERIO DA EDUCACAO;2000;ADMINISTRACAO DA UNIDADE;0000;ADMINISTRACAO DA UNIDADE - DESPESAS DIVERSAS;12122210920000053;087486;VCC80N99GAN;ADMINISTRACAO CAPES -DGES;90;APLICACOES DIRETAS;3;DESPESAS CORRENTES;3;OUTRAS DESPESAS CORRENTES;37;LOCACAO DE MAO-DE-OBRA;339037;LOCACAO DE MAO-DE-OBRA;12;RECURSOS DEST.A MANUT.E DES.DO ENSINO;131404566.38;;131404566.38;;131335889.13;2,394,112.19;128318307.94;127887589.06
2015;154003;FUND.COORD.DE APERF.DE PESSOAL NIVEL SUPERIOR;12;EDUCACAO;122;ADMINISTRACAO GERAL;2109;PROGRAMA DE GESTAO E MANUTENCAO DO MINISTERIO DA EDUCACAO;2000;ADMINISTRACAO DA UNIDADE;0000;ADMINISTRACAO DA UNIDADE - DESPESAS DIVERSAS;12122210920000053;087486;VCC80N99GAN;ADMINISTRACAO CAPES -DGES;90;APLICACOES DIRETAS;3;DESPESAS CORRENTES;3;OUTRAS DESPESAS CORRENTES;;;;;50;REC.PROPRIOS PRIMARIOS DE LIVRE APLICACAO;39647986.95;;39647986.95;;39647986.95;0.00;39647986.95;39647986.95
2015;154003;FUND.COORD.DE APERF.DE PESSOAL NIVEL SUPERIOR;12;EDUCACAO;122;ADMINISTRACAO GERAL;2109;PROGRAMA DE GESTAO E MANUTENCAO DO MINISTERIO DA EDUCACAO;2000;ADMINISTRACAO DA UNIDADE;0000;ADMINISTRACAO DA UNIDADE - DESPESAS DIVERSAS;12122210920000053;087486;VCC80N99GAN;ADMINISTRACAO CAPES -DGES;90;APLICACOES DIRETAS;3;DESPESAS CORRENTES;3;OUTRAS DESPESAS CORRENTES;39;OUTROS SERVICOS DE TERCEIROS PJ - OP.INT.ORC.;339039;OUTROS SERVICOS DE TERCEIROS - PESSOA JURIDICA;12;RECURSOS DEST.A MANUT.E DES.DO ENSINO;102992491.75;;102992491.75;;72334964.14;8,447,890.77;62366548.93;62207499.02
2015;154003;FUND.COORD.DE APERF.DE PESSOAL NIVEL SUPERIOR;12;EDUCACAO;122;ADMINISTRACAO GERAL;2109;PROGRAMA DE GESTAO E MANUTENCAO DO MINISTERIO DA EDUCACAO;2000;ADMINISTRACAO DA UNIDADE;0000;ADMINISTRACAO DA UNIDADE - DESPESAS DIVERSAS;12122210920000053;087486;VCC80N99GAN;ADMINISTRACAO CAPES -DGES;90;APLICACOES DIRETAS;3;DESPESAS CORRENTES;3;OUTRAS DESPESAS CORRENTES;;;;;50;REC.PROPRIOS PRIMARIOS DE LIVRE APLICACAO;97441418.01;;97441418.01;;95378002.69;2,690,413.96;92575070.94;92575070.94
2015;154003;FUND.COORD.DE APERF.DE PESSOAL NIVEL SUPERIOR;12;EDUCACAO;122;ADMINISTRACAO GERAL;2109;PROGRAMA DE GESTAO E MANUTENCAO DO MINISTERIO DA EDUCACAO;2000;ADMINISTRACAO DA UNIDADE;0000;ADMINISTRACAO DA UNIDADE - DESPESAS DIVERSAS;12122210920000053;087486;VCC80N99GAN;ADMINISTRACAO CAPES -DGES;90;APLICACOES DIRETAS;3;DESPESAS CORRENTES;3;OUTRAS DESPESAS CORRENTES;47;OBRIGACOES TRIBUTARIAS E CONTRIBUTIVAS;339047;OBRIGACOES TRIBUTARIAS E CONTRIBUTIVAS;12;RECURSOS DEST.A MANUT.E DES.DO ENSINO;2,930,160.71;;2,930,160.71;;2,930,160.71;0.00;2,930,160.71;2,930,160.71
2015;154003;FUND.COORD.DE APERF.DE PESSOAL NIVEL SUPERIOR;12;EDUCACAO;122;ADMINISTRACAO GERAL;2109;PROGRAMA DE GESTAO E MANUTENCAO DO MINISTERIO DA EDUCACAO;2000;ADMINISTRACAO DA UNIDADE;0000;ADMINISTRACAO DA UNIDADE - DESPESAS DIVERSAS;12122210920000053;087486;VCC80N99GAN;ADMINISTRACAO CAPES -DGES;90;APLICACOES DIRETAS;3;DESPESAS CORRENTES;3;OUTRAS DESPESAS CORRENTES;92;DESPESAS DE EXERCICIOS ANTERIORES;339092;DESPESAS DE EXERCICIOS ANTERIORES;12;RECURSOS DEST.A MANUT.E DES.DO ENSINO;1,740,227.22;;1,740,227.22;;1,701,809.82;0.00;1,701,809.82;1,701,809.82
2015;154003;FUND.COORD.DE APERF.DE PESSOAL NIVEL SUPERIOR;12;EDUCACAO;122;ADMINISTRACAO GERAL;2109;PROGRAMA DE GESTAO E MANUTENCAO DO MINISTERIO DA EDUCACAO;2000;ADMINISTRACAO DA UNIDADE;0000;ADMINISTRACAO DA UNIDADE - DESPESAS DIVERSAS;12122210920000053;087486;VCC80N99GAN;ADMINISTRACAO CAPES -DGES;90;APLICACOES DIRETAS;3;DESPESAS CORRENTES;3;OUTRAS DESPESAS CORRENTES;;;;;50;REC.PROPRIOS PRIMARIOS DE LIVRE APLICACAO;6,373.80;;6,373.80;;6,373.80;0.00;6,373.80;6,373.80
2015;154003;FUND.COORD.DE APERF.DE PESSOAL NIVEL SUPERIOR;12;EDUCACAO;122;ADMINISTRACAO GERAL;2109;PROGRAMA DE GESTAO E MANUTENCAO DO MINISTERIO DA EDUCACAO;2000;ADMINISTRACAO DA UNIDADE;0000;ADMINISTRACAO DA UNIDADE - DESPESAS DIVERSAS;12122210920000053;087486;VCC80N99GAN;ADMINISTRACAO CAPES -DGES;90;APLICACOES DIRETAS;3;DESPESAS CORRENTES;3;OUTRAS DESPESAS CORRENTES;93;INDENIZACOES E RESTITUICOES;339093;INDENIZACOES E RESTITUICOES;12;RECURSOS DEST.A MANUT.E DES.DO ENSINO;2,686,046.02;;2,686,046.02;;2,535,593.15;214,292.33;2,297,031.15;2,297,031.15
2015;154003;FUND.COORD.DE APERF.DE PESSOAL NIVEL SUPERIOR;12;EDUCACAO;122;ADMINISTRACAO GERAL;2109;PROGRAMA DE GESTAO E MANUTENCAO DO MINISTERIO DA EDUCACAO;2000;ADMINISTRACAO DA UNIDADE;0000;ADMINISTRACAO DA UNIDADE - DESPESAS DIVERSAS;12122210920000053;087486;VCC80N99GAN;ADMINISTRACAO CAPES -DGES;90;APLICACOES DIRETAS;3;DESPESAS CORRENTES;3;OUTRAS DESPESAS CORRENTES;;;;;50;REC.PROPRIOS PRIMARIOS DE LIVRE APLICACAO;307,459.75;;307,459.75;;307,459.75;0.00;307,459.75;307,459.75
2015;154003;FUND.COORD.DE APERF.DE PESSOAL NIVEL SUPERIOR;12;EDUCACAO;122;ADMINISTRACAO GERAL;2109;PROGRAMA DE GESTAO E MANUTENCAO DO MINISTERIO DA EDUCACAO;2000;ADMINISTRACAO DA UNIDADE;0000;ADMINISTRACAO DA UNIDADE - DESPESAS DIVERSAS;12122210920000053;087486;VCC80N99GAN;ADMINISTRACAO CAPES -DGES;90;APLICACOES DIRETAS;4;DESPESAS DE CAPITAL;4;INVESTIMENTOS;39;OUTROS SERVICOS DE TERCEIROS PJ - OP.INT.ORC.;449039;OUTROS SERVICOS DE TERCEIROS- PESSOA JURIDICA;12;RECURSOS DEST.A MANUT.E DES.DO ENSINO;3,846,113.23;;3,846,113.23;;3,667,474.48;127,677.82;3,347,460.06;3,347,460.06
2015;154003;FUND.COORD.DE APERF.DE PESSOAL NIVEL SUPERIOR;12;EDUCACAO;122;ADMINISTRACAO GERAL;2109;PROGRAMA DE GESTAO E MANUTENCAO DO MINISTERIO DA EDUCACAO;2000;ADMINISTRACAO DA UNIDADE;0000;ADMINISTRACAO DA UNIDADE - DESPESAS DIVERSAS;12122210920000053;087486;VCC80N99GAN;ADMINISTRACAO CAPES -DGES;90;APLICACOES DIRETAS;4;DESPESAS DE CAPITAL;4;INVESTIMENTOS;52;EQUIPAMENTOS E MATERIAL PERMANENTE;449052;EQUIPAMENTOS E MATERIAL PERMANENTE;12;RECURSOS DEST.A MANUT.E DES.DO ENSINO;549,010.50;;549,010.50;;541,672.50;64,676.06;471,423.76;471,423.76
2015;154003;FUND.COORD.DE APERF.DE PESSOAL NIVEL SUPERIOR;12;EDUCACAO;122;ADMINISTRACAO GERAL;2109;PROGRAMA DE GESTAO E MANUTENCAO DO MINISTERIO DA EDUCACAO;2000;ADMINISTRACAO DA UNIDADE;0000;ADMINISTRACAO DA UNIDADE - DESPESAS DIVERSAS;12122210920000053;087486;VCC80N99GAN;ADMINISTRACAO CAPES -DGES;91;APLICACOES DIRETAS - OPERACOES INTERNAS;3;DESPESAS CORRENTES;3;OUTRAS DESPESAS CORRENTES;39;OUTROS SERVICOS DE TERCEIROS PJ - OP.INT.ORC.;339139;OUTROS SERVICOS DE TERCEIROS - PESSOA JURIDICA (INTRA);12;RECURSOS DEST.A MANUT.E DES.DO ENSINO;2,447,930.12;;2,447,930.12;;2,447,930.12;633,864.58;1,551,985.54;1,551,985.54
2015;154003;FUND.COORD.DE APERF.DE PESSOAL NIVEL SUPERIOR;12;EDUCACAO;122;ADMINISTRACAO GERAL;2109;PROGRAMA DE GESTAO E MANUTENCAO DO MINISTERIO DA EDUCACAO;2000;ADMINISTRACAO DA UNIDADE;0000;ADMINISTRACAO DA UNIDADE - DESPESAS DIVERSAS;12122210920000053;087486;VCC80N99GAN;ADMINISTRACAO CAPES -DGES;91;APLICACOES DIRETAS - OPERACOES INTERNAS;3;DESPESAS CORRENTES;3;OUTRAS DESPESAS CORRENTES;47;OBRIGACOES TRIBUTARIAS E CONTRIBUTIVAS;339147;OBRIG.TRIBUT.E CONTRIB-OP.INTRA-ORCAMENTARIAS;12;RECURSOS DEST.A MANUT.E DES.DO ENSINO;5,053,065.90;;5,053,065.90;;5,053,065.90;628,433.07;4,424,632.83;4,424,632.83
2015;154003;FUND.COORD.DE APERF.DE PESSOAL NIVEL SUPERIOR;12;EDUCACAO;122;ADMINISTRACAO GERAL;2109;PROGRAMA DE GESTAO E MANUTENCAO DO MINISTERIO DA EDUCACAO;2000;ADMINISTRACAO DA UNIDADE;0000;ADMINISTRACAO DA UNIDADE - DESPESAS DIVERSAS;12122210920000053;087486;VCC80N99TIN;ADMINISTRACAO CAPES - DTI;90;APLICACOES DIRETAS;3;DESPESAS CORRENTES;3;OUTRAS DESPESAS CORRENTES;30;MATERIAL DE CONSUMO;339030;MATERIAL DE CONSUMO;12;RECURSOS DEST.A MANUT.E DES.DO ENSINO;982.00;;982.00;;;;;
2015;154003;FUND.COORD.DE APERF.DE PESSOAL NIVEL SUPERIOR;12;EDUCACAO;122;ADMINISTRACAO GERAL;2109;PROGRAMA DE GESTAO E MANUTENCAO DO MINISTERIO DA EDUCACAO;2000;ADMINISTRACAO DA UNIDADE;0000;ADMINISTRACAO DA UNIDADE - DESPESAS DIVERSAS;12122210920000053;087486;VCC80N99TIN;ADMINISTRACAO CAPES - DTI;90;APLICACOES DIRETAS;3;DESPESAS CORRENTES;3;OUTRAS DESPESAS CORRENTES;37;LOCACAO DE MAO-DE-OBRA;339037;LOCACAO DE MAO-DE-OBRA;50;REC.PROPRIOS PRIMARIOS DE LIVRE APLICACAO;0.00;;0.00;;;;;
2015;154003;FUND.COORD.DE APERF.DE PESSOAL NIVEL SUPERIOR;12;EDUCACAO;122;ADMINISTRACAO GERAL;2109;PROGRAMA DE GESTAO E MANUTENCAO DO MINISTERIO DA EDUCACAO;2000;ADMINISTRACAO DA UNIDADE;0000;ADMINISTRACAO DA UNIDADE - DESPESAS DIVERSAS;12122210920000053;087486;VCC80N99TIN;ADMINISTRACAO CAPES - DTI;90;APLICACOES DIRETAS;3;DESPESAS CORRENTES;3;OUTRAS DESPESAS CORRENTES;39;OUTROS SERVICOS DE TERCEIROS PJ - OP.INT.ORC.;339039;OUTROS SERVICOS DE TERCEIROS - PESSOA JURIDICA;12;RECURSOS DEST.A MANUT.E DES.DO ENSINO;50621740.76;;50621740.76;;44438027.63;6,580,002.46;37858025.17;37767073.98
2015;154003;FUND.COORD.DE APERF.DE PESSOAL NIVEL SUPERIOR;12;EDUCACAO;122;ADMINISTRACAO GERAL;2109;PROGRAMA DE GESTAO E MANUTENCAO DO MINISTERIO DA EDUCACAO;2000;ADMINISTRACAO DA UNIDADE;0000;ADMINISTRACAO DA UNIDADE - DESPESAS DIVERSAS;12122210920000053;087486;VCC80N99TIN;ADMINISTRACAO CAPES - DTI;90;APLICACOES DIRETAS;3;DESPESAS CORRENTES;3;OUTRAS DESPESAS CORRENTES;;;;;50;REC.PROPRIOS PRIMARIOS DE LIVRE APLICACAO;15538557.08;;15538557.08;;15420657.43;2,007,228.58;13307138.61;13307138.61
2015;154003;FUND.COORD.DE APERF.DE PESSOAL NIVEL SUPERIOR;12;EDUCACAO;122;ADMINISTRACAO GERAL;2109;PROGRAMA DE GESTAO E MANUTENCAO DO MINISTERIO DA EDUCACAO;2000;ADMINISTRACAO DA UNIDADE;0000;ADMINISTRACAO DA UNIDADE - DESPESAS DIVERSAS;12122210920000053;087486;VCC80N99TIN;ADMINISTRACAO CAPES - DTI;90;APLICACOES DIRETAS;3;DESPESAS CORRENTES;3;OUTRAS DESPESAS CORRENTES;92;DESPESAS DE EXERCICIOS ANTERIORES;339092;DESPESAS DE EXERCICIOS ANTERIORES;12;RECURSOS DEST.A MANUT.E DES.DO ENSINO;14081616.16;;14081616.16;;13912468.86;0.00;13912468.86;13376428.48
2015;154003;FUND.COORD.DE APERF.DE PESSOAL NIVEL SUPERIOR;12;EDUCACAO;122;ADMINISTRACAO GERAL;2109;PROGRAMA DE GESTAO E MANUTENCAO DO MINISTERIO DA EDUCACAO;2000;ADMINISTRACAO DA UNIDADE;0000;ADMINISTRACAO DA UNIDADE - DESPESAS DIVERSAS;12122210920000053;087486;VCC80N99TIN;ADMINISTRACAO CAPES - DTI;90;APLICACOES DIRETAS;3;DESPESAS CORRENTES;3;OUTRAS DESPESAS CORRENTES;;;;;50;REC.PROPRIOS PRIMARIOS DE LIVRE APLICACAO;184,758.00;;184,758.00;;184,758.00;0.00;184,758.00;184,758.00
2015;154003;FUND.COORD.DE APERF.DE PESSOAL NIVEL SUPERIOR;12;EDUCACAO;122;ADMINISTRACAO GERAL;2109;PROGRAMA DE GESTAO E MANUTENCAO DO MINISTERIO DA EDUCACAO;2000;ADMINISTRACAO DA UNIDADE;0000;ADMINISTRACAO DA UNIDADE - DESPESAS DIVERSAS;12122210920000053;087486;VCC80N99TIN;ADMINISTRACAO CAPES - DTI;90;APLICACOES DIRETAS;4;DESPESAS DE CAPITAL;4;INVESTIMENTOS;39;OUTROS SERVICOS DE TERCEIROS PJ - OP.INT.ORC.;449039;OUTROS SERVICOS DE TERCEIROS- PESSOA JURIDICA;12;RECURSOS DEST.A MANUT.E DES.DO ENSINO;33638602.51;;33638602.51;;33618781.43;4,425,426.80;21159458.94;21159458.94
2015;154003;FUND.COORD.DE APERF.DE PESSOAL NIVEL SUPERIOR;12;EDUCACAO;122;ADMINISTRACAO GERAL;2109;PROGRAMA DE GESTAO E MANUTENCAO DO MINISTERIO DA EDUCACAO;2000;ADMINISTRACAO DA UNIDADE;0000;ADMINISTRACAO DA UNIDADE - DESPESAS DIVERSAS;12122210920000053;087486;VCC80N99TIN;ADMINISTRACAO CAPES - DTI;90;APLICACOES DIRETAS;4;DESPESAS DE CAPITAL;4;INVESTIMENTOS;52;EQUIPAMENTOS E MATERIAL PERMANENTE;449052;EQUIPAMENTOS E MATERIAL PERMANENTE;12;RECURSOS DEST.A MANUT.E DES.DO ENSINO;2,831,270.00;;2,831,270.00;;2,831,270.00;900,350.00;513,810.00;513,810.00
2015;154003;FUND.COORD.DE APERF.DE PESSOAL NIVEL SUPERIOR;12;EDUCACAO;122;ADMINISTRACAO GERAL;2109;PROGRAMA DE GESTAO E MANUTENCAO DO MINISTERIO DA EDUCACAO;2000;ADMINISTRACAO DA UNIDADE;0000;ADMINISTRACAO DA UNIDADE - DESPESAS DIVERSAS;12122210920000053;087486;VCC80N99TIN;ADMINISTRACAO CAPES - DTI;90;APLICACOES DIRETAS;4;DESPESAS DE CAPITAL;4;INVESTIMENTOS;92;DESPESAS DE EXERCICIOS ANTERIORES;449092;DESPESAS DE EXERCICIOS ANTERIORES;12;RECURSOS DEST.A MANUT.E DES.DO ENSINO;0.00;;0.00;;0.00;0.00;;
2015;154003;FUND.COORD.DE APERF.DE PESSOAL NIVEL SUPERIOR;12;EDUCACAO;122;ADMINISTRACAO GERAL;2109;PROGRAMA DE GESTAO E MANUTENCAO DO MINISTERIO DA EDUCACAO;2000;ADMINISTRACAO DA UNIDADE;0000;ADMINISTRACAO DA UNIDADE - DESPESAS DIVERSAS;12122210920000053;094416;'-8;SEM INFORMACAO;90;APLICACOES DIRETAS;4;DESPESAS DE CAPITAL;4;INVESTIMENTOS;00;[A DETALHAR];449000;APLICACOES DIRETAS;12;RECURSOS DEST.A MANUT.E DES.DO ENSINO;;;16464075.00;16464075.00;;;;
2015;154003;FUND.COORD.DE APERF.DE PESSOAL NIVEL SUPERIOR;12;EDUCACAO;128;FORMACAO DE RECURSOS HUMANOS;2109;PROGRAMA DE GESTAO E MANUTENCAO DO MINISTERIO DA EDUCACAO;4572;CAPACITACAO DE SERVIDORES PUBLICOS FEDERAIS EM PROCESSO DE Q;0000;CAPACITACAO DE SERVIDORES PUBLICOS FEDERAIS EM PROCESSO DE QUALIFICACAO E REQUALIFICACAO;12128210945720053;087487;'-8;SEM INFORMACAO;90;APLICACOES DIRETAS;3;DESPESAS CORRENTES;3;OUTRAS DESPESAS CORRENTES;00;[A DETALHAR];339000;APLICACOES DIRETAS;12;RECURSOS DEST.A MANUT.E DES.DO ENSINO;6,780,728.55;;6,780,728.55;;;;;
2015;154003;FUND.COORD.DE APERF.DE PESSOAL NIVEL SUPERIOR;12;EDUCACAO;128;FORMACAO DE RECURSOS HUMANOS;2109;PROGRAMA DE GESTAO E MANUTENCAO DO MINISTERIO DA EDUCACAO;4572;CAPACITACAO DE SERVIDORES PUBLICOS FEDERAIS EM PROCESSO DE Q;0000;CAPACITACAO DE SERVIDORES PUBLICOS FEDERAIS EM PROCESSO DE QUALIFICACAO E REQUALIFICACAO;12128210945720053;087487;'-8;SEM INFORMACAO;91;APLICACOES DIRETAS - OPERACOES INTERNAS;3;DESPESAS CORRENTES;3;OUTRAS DESPESAS CORRENTES;00;[A DETALHAR];339100;APLICACOES DIRETAS - OPER.INTRA-ORCAMENTARIAS;12;RECURSOS DEST.A MANUT.E DES.DO ENSINO;114,998.00;;114,998.00;;;;;
2015;154003;FUND.COORD.DE APERF.DE PESSOAL NIVEL SUPERIOR;12;EDUCACAO;128;FORMACAO DE RECURSOS HUMANOS;2109;PROGRAMA DE GESTAO E MANUTENCAO DO MINISTERIO DA EDUCACAO;4572;CAPACITACAO DE SERVIDORES PUBLICOS FEDERAIS EM PROCESSO DE Q;0000;CAPACITACAO DE SERVIDORES PUBLICOS FEDERAIS EM PROCESSO DE QUALIFICACAO E REQUALIFICACAO;12128210945720053;087487;ACC80N01GPN;ADMINISTRACAO DA UNIDADE - DGES/CGGP;90;APLICACOES DIRETAS;3;DESPESAS CORRENTES;3;OUTRAS DESPESAS CORRENTES;93;INDENIZACOES E RESTITUICOES;339093;INDENIZACOES E RESTITUICOES;12;RECURSOS DEST.A MANUT.E DES.DO ENSINO;6,354.00;;6,354.00;;5,184.00;0.00;5,184.00;5,184.00
2015;154003;FUND.COORD.DE APERF.DE PESSOAL NIVEL SUPERIOR;12;EDUCACAO;128;FORMACAO DE RECURSOS HUMANOS;2109;PROGRAMA DE GESTAO E MANUTENCAO DO MINISTERIO DA EDUCACAO;4572;CAPACITACAO DE SERVIDORES PUBLICOS FEDERAIS EM PROCESSO DE Q;0000;CAPACITACAO DE SERVIDORES PUBLICOS FEDERAIS EM PROCESSO DE QUALIFICACAO E REQUALIFICACAO;12128210945720053;087487;VCC80N99GAN;ADMINISTRACAO CAPES -DGES;90;APLICACOES DIRETAS;3;DESPESAS CORRENTES;3;OUTRAS DESPESAS CORRENTES;18;AUXILIO FINANCEIRO A ESTUDANTES;339018;AUXILIO FINANCEIRO A ESTUDANTES;12;RECURSOS DEST.A MANUT.E DES.DO ENSINO;304,364.58;;304,364.58;;304,364.58;0.00;304,364.58;304,364.58
2015;154003;FUND.COORD.DE APERF.DE PESSOAL NIVEL SUPERIOR;12;EDUCACAO;128;FORMACAO DE RECURSOS HUMANOS;2109;PROGRAMA DE GESTAO E MANUTENCAO DO MINISTERIO DA EDUCACAO;4572;CAPACITACAO DE SERVIDORES PUBLICOS FEDERAIS EM PROCESSO DE Q;0000;CAPACITACAO DE SERVIDORES PUBLICOS FEDERAIS EM PROCESSO DE QUALIFICACAO E REQUALIFICACAO;12128210945720053;087487;VCC80N99GAN;ADMINISTRACAO CAPES -DGES;90;APLICACOES DIRETAS;3;DESPESAS CORRENTES;3;OUTRAS DESPESAS CORRENTES;33;PASSAGENS E DESPESAS COM LOCOMOCAO;339033;PASSAGENS E DESPESAS COM LOCOMOCAO;12;RECURSOS DEST.A MANUT.E DES.DO ENSINO;0.00;;0.00;;;;;
2015;154003;FUND.COORD.DE APERF.DE PESSOAL NIVEL SUPERIOR;12;EDUCACAO;128;FORMACAO DE RECURSOS HUMANOS;2109;PROGRAMA DE GESTAO E MANUTENCAO DO MINISTERIO DA EDUCACAO;4572;CAPACITACAO DE SERVIDORES PUBLICOS FEDERAIS EM PROCESSO DE Q;0000;CAPACITACAO DE SERVIDORES PUBLICOS FEDERAIS EM PROCESSO DE QUALIFICACAO E REQUALIFICACAO;12128210945720053;087487;VCC80N99GAN;ADMINISTRACAO CAPES -DGES;90;APLICACOES DIRETAS;3;DESPESAS CORRENTES;3;OUTRAS DESPESAS CORRENTES;36;OUTROS SERVICOS DE TERCEIROS - P.FISICA;339036;OUTROS SERVICOS DE TERCEIROS - PESSOA FISICA;12;RECURSOS DEST.A MANUT.E DES.DO ENSINO;90,000.00;;90,000.00;;;;;
2015;154003;FUND.COORD.DE APERF.DE PESSOAL NIVEL SUPERIOR;12;EDUCACAO;128;FORMACAO DE RECURSOS HUMANOS;2109;PROGRAMA DE GESTAO E MANUTENCAO DO MINISTERIO DA EDUCACAO;4572;CAPACITACAO DE SERVIDORES PUBLICOS FEDERAIS EM PROCESSO DE Q;0000;CAPACITACAO DE SERVIDORES PUBLICOS FEDERAIS EM PROCESSO DE QUALIFICACAO E REQUALIFICACAO;12128210945720053;087487;VCC80N99GAN;ADMINISTRACAO CAPES -DGES;90;APLICACOES DIRETAS;3;DESPESAS CORRENTES;3;OUTRAS DESPESAS CORRENTES;39;OUTROS SERVICOS DE TERCEIROS PJ - OP.INT.ORC.;339039;OUTROS SERVICOS DE TERCEIROS - PESSOA JURIDICA;12;RECURSOS DEST.A MANUT.E DES.DO ENSINO;1,067,497.46;;1,067,497.46;;1,047,434.46;155,499.00;879,980.46;879,980.46
2015;154003;FUND.COORD.DE APERF.DE PESSOAL NIVEL SUPERIOR;12;EDUCACAO;128;FORMACAO DE RECURSOS HUMANOS;2109;PROGRAMA DE GESTAO E MANUTENCAO DO MINISTERIO DA EDUCACAO;4572;CAPACITACAO DE SERVIDORES PUBLICOS FEDERAIS EM PROCESSO DE Q;0000;CAPACITACAO DE SERVIDORES PUBLICOS FEDERAIS EM PROCESSO DE QUALIFICACAO E REQUALIFICACAO;12128210945720053;087487;VCC80N99GAN;ADMINISTRACAO CAPES -DGES;90;APLICACOES DIRETAS;3;DESPESAS CORRENTES;3;OUTRAS DESPESAS CORRENTES;92;DESPESAS DE EXERCICIOS ANTERIORES;339092;DESPESAS DE EXERCICIOS ANTERIORES;12;RECURSOS DEST.A MANUT.E DES.DO ENSINO;65,572.40;;65,572.40;;65,572.40;0.00;65,572.40;65,572.40
2015;154003;FUND.COORD.DE APERF.DE PESSOAL NIVEL SUPERIOR;12;EDUCACAO;128;FORMACAO DE RECURSOS HUMANOS;2109;PROGRAMA DE GESTAO E MANUTENCAO DO MINISTERIO DA EDUCACAO;4572;CAPACITACAO DE SERVIDORES PUBLICOS FEDERAIS EM PROCESSO DE Q;0000;CAPACITACAO DE SERVIDORES PUBLICOS FEDERAIS EM PROCESSO DE QUALIFICACAO E REQUALIFICACAO;12128210945720053;087487;VCC80N99GAN;ADMINISTRACAO CAPES -DGES;90;APLICACOES DIRETAS;3;DESPESAS CORRENTES;3;OUTRAS DESPESAS CORRENTES;93;INDENIZACOES E RESTITUICOES;339093;INDENIZACOES E RESTITUICOES;12;RECURSOS DEST.A MANUT.E DES.DO ENSINO;6,520,471.01;;6,520,471.01;;6,519,641.01;973,364.24;5,290,687.21;5,290,687.21
2015;154003;FUND.COORD.DE APERF.DE PESSOAL NIVEL SUPERIOR;12;EDUCACAO;301;ATENCAO BASICA;2109;PROGRAMA DE GESTAO E MANUTENCAO DO MINISTERIO DA EDUCACAO;2004;ASSISTENCIA MEDICA E ODONTOLOGICA AOS SERVIDORES CIVIS, EMPR;0001;ASSISTENCIA MEDICA E ODONTOLOGICA DE CIVIS - COMPLEMENTACAO DA UNIAO;12301210920040053;087484;'-8;SEM INFORMACAO;90;APLICACOES DIRETAS;3;DESPESAS CORRENTES;3;OUTRAS DESPESAS CORRENTES;00;[A DETALHAR];339000;APLICACOES DIRETAS;12;RECURSOS DEST.A MANUT.E DES.DO ENSINO;2,416,405.64;;2,827,237.64;;;;;
2015;154003;FUND.COORD.DE APERF.DE PESSOAL NIVEL SUPERIOR;12;EDUCACAO;301;ATENCAO BASICA;2109;PROGRAMA DE GESTAO E MANUTENCAO DO MINISTERIO DA EDUCACAO;2004;ASSISTENCIA MEDICA E ODONTOLOGICA AOS SERVIDORES CIVIS, EMPR;0001;ASSISTENCIA MEDICA E ODONTOLOGICA DE CIVIS - COMPLEMENTACAO DA UNIAO;12301210920040053;087484;VCC80N99GAN;ADMINISTRACAO CAPES -DGES;90;APLICACOES DIRETAS;3;DESPESAS CORRENTES;3;OUTRAS DESPESAS CORRENTES;92;DESPESAS DE EXERCICIOS ANTERIORES;339092;DESPESAS DE EXERCICIOS ANTERIORES;12;RECURSOS DEST.A MANUT.E DES.DO ENSINO;533,146.54;;533,146.54;;533,146.54;0.00;533,146.54;512,111.64
2015;154003;FUND.COORD.DE APERF.DE PESSOAL NIVEL SUPERIOR;12;EDUCACAO;301;ATENCAO BASICA;2109;PROGRAMA DE GESTAO E MANUTENCAO DO MINISTERIO DA EDUCACAO;2004;ASSISTENCIA MEDICA E ODONTOLOGICA AOS SERVIDORES CIVIS, EMPR;0001;ASSISTENCIA MEDICA E ODONTOLOGICA DE CIVIS - COMPLEMENTACAO DA UNIAO;12301210920040053;087484;VCC80N99GAN;ADMINISTRACAO CAPES -DGES;90;APLICACOES DIRETAS;3;DESPESAS CORRENTES;3;OUTRAS DESPESAS CORRENTES;93;INDENIZACOES E RESTITUICOES;339093;INDENIZACOES E RESTITUICOES;12;RECURSOS DEST.A MANUT.E DES.DO ENSINO;8,342,063.82;;8,342,063.82;;7,313,572.22;1,193,110.93;6,120,461.29;6,095,662.30
2015;154003;FUND.COORD.DE APERF.DE PESSOAL NIVEL SUPERIOR;12;EDUCACAO;301;ATENCAO BASICA;2109;PROGRAMA DE GESTAO E MANUTENCAO DO MINISTERIO DA EDUCACAO;2004;ASSISTENCIA MEDICA E ODONTOLOGICA AOS SERVIDORES CIVIS, EMPR;0002;EXAMES PERIODICOS - CIVIS;12301210920040053;087485;'-8;SEM INFORMACAO;90;APLICACOES DIRETAS;3;DESPESAS CORRENTES;3;OUTRAS DESPESAS CORRENTES;00;[A DETALHAR];339000;APLICACOES DIRETAS;12;RECURSOS DEST.A MANUT.E DES.DO ENSINO;958,608.00;;547,776.00;(136,944.00);;;;
2015;154003;FUND.COORD.DE APERF.DE PESSOAL NIVEL SUPERIOR;12;EDUCACAO;331;PROTECAO E BENEFICIOS AO TRABALHADOR;2109;PROGRAMA DE GESTAO E MANUTENCAO DO MINISTERIO DA EDUCACAO;00M1;BENEFICIOS ASSISTENCIAIS DECORRENTES DO AUXILIO-FUNERAL E NA;0001;AUXILIO-FUNERAL E NATALIDADE DE CIVIS;12331210900M10053;087479;'-8;SEM INFORMACAO;90;APLICACOES DIRETAS;3;DESPESAS CORRENTES;3;OUTRAS DESPESAS CORRENTES;00;[A DETALHAR];339000;APLICACOES DIRETAS;00;RECURSOS PRIMARIOS DE LIVRE APLICACAO;253,574.60;;253,574.60;;;;;
2015;154003;FUND.COORD.DE APERF.DE PESSOAL NIVEL SUPERIOR;12;EDUCACAO;331;PROTECAO E BENEFICIOS AO TRABALHADOR;2109;PROGRAMA DE GESTAO E MANUTENCAO DO MINISTERIO DA EDUCACAO;00M1;BENEFICIOS ASSISTENCIAIS DECORRENTES DO AUXILIO-FUNERAL E NA;0001;AUXILIO-FUNERAL E NATALIDADE DE CIVIS;12331210900M10053;087479;'-8;SEM INFORMACAO;90;APLICACOES DIRETAS;3;DESPESAS CORRENTES;3;OUTRAS DESPESAS CORRENTES;;;;;12;RECURSOS DEST.A MANUT.E DES.DO ENSINO;;50,000.00;50,000.00;;;;;
2015;154003;FUND.COORD.DE APERF.DE PESSOAL NIVEL SUPERIOR;12;EDUCACAO;331;PROTECAO E BENEFICIOS AO TRABALHADOR;2109;PROGRAMA DE GESTAO E MANUTENCAO DO MINISTERIO DA EDUCACAO;00M1;BENEFICIOS ASSISTENCIAIS DECORRENTES DO AUXILIO-FUNERAL E NA;0001;AUXILIO-FUNERAL E NATALIDADE DE CIVIS;12331210900M10053;087479;VCC80N99GAN;ADMINISTRACAO CAPES -DGES;90;APLICACOES DIRETAS;3;DESPESAS CORRENTES;3;OUTRAS DESPESAS CORRENTES;08;OUTROS BENEF.ASSIST. DO SERVIDOR E DO MILITAR;339008;OUTROS BENEF.ASSIST. DO SERVIDOR E DO MILITAR;00;RECURSOS PRIMARIOS DE LIVRE APLICACAO;350,049.40;;350,049.40;;333,355.60;32,851.71;300,503.89;300,503.89
2015;154003;FUND.COORD.DE APERF.DE PESSOAL NIVEL SUPERIOR;12;EDUCACAO;331;PROTECAO E BENEFICIOS AO TRABALHADOR;2109;PROGRAMA DE GESTAO E MANUTENCAO DO MINISTERIO DA EDUCACAO;2010;ASSISTENCIA PRE-ESCOLAR AOS DEPENDENTES DOS SERVIDORES CIVIS;0001;ASSISTENCIA PRE-ESCOLAR AOS DEPENDENTES DOS SERVIDORES CIVIS E DE EMPREGADOS;12331210920100053;087480;'-8;SEM INFORMACAO;90;APLICACOES DIRETAS;3;DESPESAS CORRENTES;3;OUTRAS DESPESAS CORRENTES;00;[A DETALHAR];339000;APLICACOES DIRETAS;12;RECURSOS DEST.A MANUT.E DES.DO ENSINO;145,023.00;;145,023.00;;;;;
2015;154003;FUND.COORD.DE APERF.DE PESSOAL NIVEL SUPERIOR;12;EDUCACAO;331;PROTECAO E BENEFICIOS AO TRABALHADOR;2109;PROGRAMA DE GESTAO E MANUTENCAO DO MINISTERIO DA EDUCACAO;2010;ASSISTENCIA PRE-ESCOLAR AOS DEPENDENTES DOS SERVIDORES CIVIS;0001;ASSISTENCIA PRE-ESCOLAR AOS DEPENDENTES DOS SERVIDORES CIVIS E DE EMPREGADOS;12331210920100053;087480;'-8;SEM INFORMACAO;90;APLICACOES DIRETAS;3;DESPESAS CORRENTES;3;OUTRAS DESPESAS CORRENTES;;;;;88;RECURSOS FINANCEIROS DE LIVRE APLICACAO;(57,808.25);320,000.00;262,191.75;;;;;
2015;154003;FUND.COORD.DE APERF.DE PESSOAL NIVEL SUPERIOR;12;EDUCACAO;331;PROTECAO E BENEFICIOS AO TRABALHADOR;2109;PROGRAMA DE GESTAO E MANUTENCAO DO MINISTERIO DA EDUCACAO;2010;ASSISTENCIA PRE-ESCOLAR AOS DEPENDENTES DOS SERVIDORES CIVIS;0001;ASSISTENCIA PRE-ESCOLAR AOS DEPENDENTES DOS SERVIDORES CIVIS E DE EMPREGADOS;12331210920100053;087480;VCC80N99GAN;ADMINISTRACAO CAPES -DGES;90;APLICACOES DIRETAS;3;DESPESAS CORRENTES;3;OUTRAS DESPESAS CORRENTES;08;OUTROS BENEF.ASSIST. DO SERVIDOR E DO MILITAR;339008;OUTROS BENEF.ASSIST. DO SERVIDOR E DO MILITAR;12;RECURSOS DEST.A MANUT.E DES.DO ENSINO;962,188.00;;962,188.00;;894,360.00;183,802.00;710,558.00;710,558.00
2015;154003;FUND.COORD.DE APERF.DE PESSOAL NIVEL SUPERIOR;12;EDUCACAO;331;PROTECAO E BENEFICIOS AO TRABALHADOR;2109;PROGRAMA DE GESTAO E MANUTENCAO DO MINISTERIO DA EDUCACAO;2010;ASSISTENCIA PRE-ESCOLAR AOS DEPENDENTES DOS SERVIDORES CIVIS;0001;ASSISTENCIA PRE-ESCOLAR AOS DEPENDENTES DOS SERVIDORES CIVIS E DE EMPREGADOS;12331210920100053;087480;VCC80N99GAN;ADMINISTRACAO CAPES -DGES;90;APLICACOES DIRETAS;3;DESPESAS CORRENTES;3;OUTRAS DESPESAS CORRENTES;;;;;88;RECURSOS FINANCEIROS DE LIVRE APLICACAO;57,808.25;;57,808.25;;57,808.25;15,329.75;42,478.50;42,478.50
2015;154003;FUND.COORD.DE APERF.DE PESSOAL NIVEL SUPERIOR;12;EDUCACAO;331;PROTECAO E BENEFICIOS AO TRABALHADOR;2109;PROGRAMA DE GESTAO E MANUTENCAO DO MINISTERIO DA EDUCACAO;2010;ASSISTENCIA PRE-ESCOLAR AOS DEPENDENTES DOS SERVIDORES CIVIS;0001;ASSISTENCIA PRE-ESCOLAR AOS DEPENDENTES DOS SERVIDORES CIVIS E DE EMPREGADOS;12331210920100053;087480;VCC80N99GAN;ADMINISTRACAO CAPES -DGES;90;APLICACOES DIRETAS;3;DESPESAS CORRENTES;3;OUTRAS DESPESAS CORRENTES;92;DESPESAS DE EXERCICIOS ANTERIORES;339092;DESPESAS DE EXERCICIOS ANTERIORES;12;RECURSOS DEST.A MANUT.E DES.DO ENSINO;21,945.00;;21,945.00;;21,945.00;0.00;21,945.00;21,945.00
2015;154003;FUND.COORD.DE APERF.DE PESSOAL NIVEL SUPERIOR;12;EDUCACAO;331;PROTECAO E BENEFICIOS AO TRABALHADOR;2109;PROGRAMA DE GESTAO E MANUTENCAO DO MINISTERIO DA EDUCACAO;2011;AUXILIO-TRANSPORTE AOS SERVIDORES CIVIS, EMPREGADOS E MILITA;0001;AUXILIO-TRANSPORTE - CIVIS;12331210920110053;087481;'-8;SEM INFORMACAO;90;APLICACOES DIRETAS;3;DESPESAS CORRENTES;3;OUTRAS DESPESAS CORRENTES;00;[A DETALHAR];339000;APLICACOES DIRETAS;12;RECURSOS DEST.A MANUT.E DES.DO ENSINO;248,834.85;;248,834.85;;;;;
2015;154003;FUND.COORD.DE APERF.DE PESSOAL NIVEL SUPERIOR;12;EDUCACAO;331;PROTECAO E BENEFICIOS AO TRABALHADOR;2109;PROGRAMA DE GESTAO E MANUTENCAO DO MINISTERIO DA EDUCACAO;2011;AUXILIO-TRANSPORTE AOS SERVIDORES CIVIS, EMPREGADOS E MILITA;0001;AUXILIO-TRANSPORTE - CIVIS;12331210920110053;087481;VCC80N99GAN;ADMINISTRACAO CAPES -DGES;90;APLICACOES DIRETAS;3;DESPESAS CORRENTES;3;OUTRAS DESPESAS CORRENTES;49;AUXILIO-TRANSPORTE;339049;AUXILIO-TRANSPORTE;12;RECURSOS DEST.A MANUT.E DES.DO ENSINO;446,027.15;;446,027.15;;409,829.15;129,581.23;280,247.92;280,247.92
2015;154003;FUND.COORD.DE APERF.DE PESSOAL NIVEL SUPERIOR;12;EDUCACAO;331;PROTECAO E BENEFICIOS AO TRABALHADOR;2109;PROGRAMA DE GESTAO E MANUTENCAO DO MINISTERIO DA EDUCACAO;2012;AUXILIO-ALIMENTACAO AOS SERVIDORES CIVIS, EMPREGADOS E MILIT;0001;AUXILIO-ALIMENTACAO DE CIVIS;12331210920120053;087482;'-8;SEM INFORMACAO;90;APLICACOES DIRETAS;3;DESPESAS CORRENTES;3;OUTRAS DESPESAS CORRENTES;00;[A DETALHAR];339000;APLICACOES DIRETAS;12;RECURSOS DEST.A MANUT.E DES.DO ENSINO;6,148,955.55;;5,898,955.55;(50,000.00);;;;
2015;154003;FUND.COORD.DE APERF.DE PESSOAL NIVEL SUPERIOR;12;EDUCACAO;331;PROTECAO E BENEFICIOS AO TRABALHADOR;2109;PROGRAMA DE GESTAO E MANUTENCAO DO MINISTERIO DA EDUCACAO;2012;AUXILIO-ALIMENTACAO AOS SERVIDORES CIVIS, EMPREGADOS E MILIT;0001;AUXILIO-ALIMENTACAO DE CIVIS;12331210920120053;087482;VCC80N99GAN;ADMINISTRACAO CAPES -DGES;90;APLICACOES DIRETAS;3;DESPESAS CORRENTES;3;OUTRAS DESPESAS CORRENTES;04;CONTRATACAO POR TEMPO DETERMINADO - PES.CIVIL;339004;CONTRATACAO POR TEMPO DETERMINADO;12;RECURSOS DEST.A MANUT.E DES.DO ENSINO;424,651.20;;424,651.20;;424,651.20;419,614.73;5,036.47;5,036.47
2015;154003;FUND.COORD.DE APERF.DE PESSOAL NIVEL SUPERIOR;12;EDUCACAO;331;PROTECAO E BENEFICIOS AO TRABALHADOR;2109;PROGRAMA DE GESTAO E MANUTENCAO DO MINISTERIO DA EDUCACAO;2012;AUXILIO-ALIMENTACAO AOS SERVIDORES CIVIS, EMPREGADOS E MILIT;0001;AUXILIO-ALIMENTACAO DE CIVIS;12331210920120053;087482;VCC80N99GAN;ADMINISTRACAO CAPES -DGES;90;APLICACOES DIRETAS;3;DESPESAS CORRENTES;3;OUTRAS DESPESAS CORRENTES;46;AUXILIO-ALIMENTACAO;339046;AUXILIO-ALIMENTACAO;12;RECURSOS DEST.A MANUT.E DES.DO ENSINO;21568591.25;;21568591.25;;18841163.01;2,954,478.61;15886684.40;15886684.40
2015;154003;FUND.COORD.DE APERF.DE PESSOAL NIVEL SUPERIOR;12;EDUCACAO;364;ENSINO SUPERIOR;2032;EDUCACAO SUPERIOR - GRADUACAO, POS-GRADUACAO, ENSINO, PESQUI;0487;CONCESSAO DE BOLSAS DE ESTUDO NO ENSINO SUPERIOR;0000;CONCESSAO DE BOLSAS DE ESTUDOS NO ENSINO SUPERIOR - DESPESAS DIVERSAS;12364203204870001;098256;'-8;SEM INFORMACAO;90;APLICACOES DIRETAS;3;DESPESAS CORRENTES;3;OUTRAS DESPESAS CORRENTES;00;[A DETALHAR];339000;APLICACOES DIRETAS;00;RECURSOS PRIMARIOS DE LIVRE APLICACAO;5834608395.0;;530418945.00;530418945.00;;;;
2015;154003;FUND.COORD.DE APERF.DE PESSOAL NIVEL SUPERIOR;12;EDUCACAO;364;ENSINO SUPERIOR;2032;EDUCACAO SUPERIOR - GRADUACAO, POS-GRADUACAO, ENSINO, PESQUI;0487;CONCESSAO DE BOLSAS DE ESTUDO NO ENSINO SUPERIOR;0001;CIENCIA SEM FRONTEIRAS;12364203204870001;087491;'-8;SEM INFORMACAO;90;APLICACOES DIRETAS;3;DESPESAS CORRENTES;3;OUTRAS DESPESAS CORRENTES;00;[A DETALHAR];339000;APLICACOES DIRETAS;00;RECURSOS PRIMARIOS DE LIVRE APLICACAO;-4840121366;2961018205.0;284827109.07;;;;;
2015;154003;FUND.COORD.DE APERF.DE PESSOAL NIVEL SUPERIOR;12;EDUCACAO;364;ENSINO SUPERIOR;2032;EDUCACAO SUPERIOR - GRADUACAO, POS-GRADUACAO, ENSINO, PESQUI;0487;CONCESSAO DE BOLSAS DE ESTUDO NO ENSINO SUPERIOR;0001;CIENCIA SEM FRONTEIRAS;12364203204870001;087491;'-8;SEM INFORMACAO;90;APLICACOES DIRETAS;3;DESPESAS CORRENTES;3;OUTRAS DESPESAS CORRENTES;;;;;08;FUNDO SOCIAL-PARC.DEST.EDUCACAO PUBL.E SAUDE;-668964589.0;330361016.00;157770762.00;63000000.00;;;;
2015;154003;FUND.COORD.DE APERF.DE PESSOAL NIVEL SUPERIOR;12;EDUCACAO;364;ENSINO SUPERIOR;2032;EDUCACAO SUPERIOR - GRADUACAO, POS-GRADUACAO, ENSINO, PESQUI;0487;CONCESSAO DE BOLSAS DE ESTUDO NO ENSINO SUPERIOR;0001;CIENCIA SEM FRONTEIRAS;12364203204870001;087491;'-8;SEM INFORMACAO;90;APLICACOES DIRETAS;3;DESPESAS CORRENTES;3;OUTRAS DESPESAS CORRENTES;;;;;12;RECURSOS DEST.A MANUT.E DES.DO ENSINO;991344858.08;315516652.00;3881150125.1;;;;;
2015;154003;FUND.COORD.DE APERF.DE PESSOAL NIVEL SUPERIOR;12;EDUCACAO;364;ENSINO SUPERIOR;2032;EDUCACAO SUPERIOR - GRADUACAO, POS-GRADUACAO, ENSINO, PESQUI;0487;CONCESSAO DE BOLSAS DE ESTUDO NO ENSINO SUPERIOR;0001;CIENCIA SEM FRONTEIRAS;12364203204870001;087491;'-8;SEM INFORMACAO;90;APLICACOES DIRETAS;3;DESPESAS CORRENTES;3;OUTRAS DESPESAS CORRENTES;;;;;50;REC.PROPRIOS PRIMARIOS DE LIVRE APLICACAO;-30037830.00;52090440.00;22052610.00;;;;;
2015;154003;FUND.COORD.DE APERF.DE PESSOAL NIVEL SUPERIOR;12;EDUCACAO;364;ENSINO SUPERIOR;2032;EDUCACAO SUPERIOR - GRADUACAO, POS-GRADUACAO, ENSINO, PESQUI;0487;CONCESSAO DE BOLSAS DE ESTUDO NO ENSINO SUPERIOR;0001;CIENCIA SEM FRONTEIRAS;12364203204870001;087491;'-8;SEM INFORMACAO;90;APLICACOES DIRETAS;3;DESPESAS CORRENTES;3;OUTRAS DESPESAS CORRENTES;;;;;96;DOAC.PESSOAS FISICAS E INSTIT.PUB.E PRIV.NAC.;-1177903777;4490036784.0;2158504017.3;459212396.00;;;;
2015;154003;FUND.COORD.DE APERF.DE PESSOAL NIVEL SUPERIOR;12;EDUCACAO;364;ENSINO SUPERIOR;2032;EDUCACAO SUPERIOR - GRADUACAO, POS-GRADUACAO, ENSINO, PESQUI;0487;CONCESSAO DE BOLSAS DE ESTUDO NO ENSINO SUPERIOR;0001;CIENCIA SEM FRONTEIRAS;12364203204870001;087491;NCCBUN99SCN;AVALIACAO CAPES - PASSAGEM E DIARIA;90;APLICACOES DIRETAS;3;DESPESAS CORRENTES;3;OUTRAS DESPESAS CORRENTES;93;INDENIZACOES E RESTITUICOES;339093;INDENIZACOES E RESTITUICOES;00;RECURSOS PRIMARIOS DE LIVRE APLICACAO;13,341.15;;13,341.15;;;;;
2015;154003;FUND.COORD.DE APERF.DE PESSOAL NIVEL SUPERIOR;12;EDUCACAO;364;ENSINO SUPERIOR;2032;EDUCACAO SUPERIOR - GRADUACAO, POS-GRADUACAO, ENSINO, PESQUI;0487;CONCESSAO DE BOLSAS DE ESTUDO NO ENSINO SUPERIOR;0001;CIENCIA SEM FRONTEIRAS;12364203204870001;087491;NCCBUN99SCN;AVALIACAO CAPES - PASSAGEM E DIARIA;90;APLICACOES DIRETAS;3;DESPESAS CORRENTES;3;OUTRAS DESPESAS CORRENTES;;;;;08;FUNDO SOCIAL-PARC.DEST.EDUCACAO PUBL.E SAUDE;47,990.52;;47,990.52;;;;;
2015;154003;FUND.COORD.DE APERF.DE PESSOAL NIVEL SUPERIOR;12;EDUCACAO;364;ENSINO SUPERIOR;2032;EDUCACAO SUPERIOR - GRADUACAO, POS-GRADUACAO, ENSINO, PESQUI;0487;CONCESSAO DE BOLSAS DE ESTUDO NO ENSINO SUPERIOR;0001;CIENCIA SEM FRONTEIRAS;12364203204870001;087491;NCCCVN19ANN;CIENCIA SEM FRONTEIRAS - ANBIMA-CSF;90;APLICACOES DIRETAS;3;DESPESAS CORRENTES;3;OUTRAS DESPESAS CORRENTES;18;AUXILIO FINANCEIRO A ESTUDANTES;339018;AUXILIO FINANCEIRO A ESTUDANTES;96;DOAC.PESSOAS FISICAS E INSTIT.PUB.E PRIV.NAC.;15934757.04;;15934757.04;;;;;
2015;154003;FUND.COORD.DE APERF.DE PESSOAL NIVEL SUPERIOR;12;EDUCACAO;364;ENSINO SUPERIOR;2032;EDUCACAO SUPERIOR - GRADUACAO, POS-GRADUACAO, ENSINO, PESQUI;0487;CONCESSAO DE BOLSAS DE ESTUDO NO ENSINO SUPERIOR;0001;CIENCIA SEM FRONTEIRAS;12364203204870001;087491;NCCCVN19BEN;CSF - BEX;90;APLICACOES DIRETAS;3;DESPESAS CORRENTES;3;OUTRAS DESPESAS CORRENTES;00;[A DETALHAR];339000;APLICACOES DIRETAS;12;RECURSOS DEST.A MANUT.E DES.DO ENSINO;0.24;;0.24;;;;;
2015;154003;FUND.COORD.DE APERF.DE PESSOAL NIVEL SUPERIOR;12;EDUCACAO;364;ENSINO SUPERIOR;2032;EDUCACAO SUPERIOR - GRADUACAO, POS-GRADUACAO, ENSINO, PESQUI;0487;CONCESSAO DE BOLSAS DE ESTUDO NO ENSINO SUPERIOR;0001;CIENCIA SEM FRONTEIRAS;12364203204870001;087491;NCCCVN19BEN;CSF - BEX;90;APLICACOES DIRETAS;3;DESPESAS CORRENTES;3;OUTRAS DESPESAS CORRENTES;18;AUXILIO FINANCEIRO A ESTUDANTES;339018;AUXILIO FINANCEIRO A ESTUDANTES;00;RECURSOS PRIMARIOS DE LIVRE APLICACAO;4827797342.8;;4827797342.8;;356856186.73;62243902.53;294237824.86;294237824.86
2015;154003;FUND.COORD.DE APERF.DE PESSOAL NIVEL SUPERIOR;12;EDUCACAO;364;ENSINO SUPERIOR;2032;EDUCACAO SUPERIOR - GRADUACAO, POS-GRADUACAO, ENSINO, PESQUI;0487;CONCESSAO DE BOLSAS DE ESTUDO NO ENSINO SUPERIOR;0001;CIENCIA SEM FRONTEIRAS;12364203204870001;087491;NCCCVN19BEN;CSF - BEX;90;APLICACOES DIRETAS;3;DESPESAS CORRENTES;3;OUTRAS DESPESAS CORRENTES;;;;;08;FUNDO SOCIAL-PARC.DEST.EDUCACAO PUBL.E SAUDE;649326344.48;;649326344.48;;0.00;0.00;;
2015;154003;FUND.COORD.DE APERF.DE PESSOAL NIVEL SUPERIOR;12;EDUCACAO;364;ENSINO SUPERIOR;2032;EDUCACAO SUPERIOR - GRADUACAO, POS-GRADUACAO, ENSINO, PESQUI;0487;CONCESSAO DE BOLSAS DE ESTUDO NO ENSINO SUPERIOR;0001;CIENCIA SEM FRONTEIRAS;12364203204870001;087491;NCCCVN19BEN;CSF - BEX;90;APLICACOES DIRETAS;3;DESPESAS CORRENTES;3;OUTRAS DESPESAS CORRENTES;;;;;12;RECURSOS DEST.A MANUT.E DES.DO ENSINO;19414822312;;19414822312;;1069974213.7;73403078.79;996571134.90;996140294.69
2015;154003;FUND.COORD.DE APERF.DE PESSOAL NIVEL SUPERIOR;12;EDUCACAO;364;ENSINO SUPERIOR;2032;EDUCACAO SUPERIOR - GRADUACAO, POS-GRADUACAO, ENSINO, PESQUI;0487;CONCESSAO DE BOLSAS DE ESTUDO NO ENSINO SUPERIOR;0001;CIENCIA SEM FRONTEIRAS;12364203204870001;087491;NCCCVN19BEN;CSF - BEX;90;APLICACOES DIRETAS;3;DESPESAS CORRENTES;3;OUTRAS DESPESAS CORRENTES;;;;;50;REC.PROPRIOS PRIMARIOS DE LIVRE APLICACAO;12418723.98;;12418723.98;;12418723.98;0.00;6,968,326.80;6,968,326.80
2015;154003;FUND.COORD.DE APERF.DE PESSOAL NIVEL SUPERIOR;12;EDUCACAO;364;ENSINO SUPERIOR;2032;EDUCACAO SUPERIOR - GRADUACAO, POS-GRADUACAO, ENSINO, PESQUI;0487;CONCESSAO DE BOLSAS DE ESTUDO NO ENSINO SUPERIOR;0001;CIENCIA SEM FRONTEIRAS;12364203204870001;087491;NCCCVN19BRN;CIENCIA SEM FRONTEIRAS - ELETROBRAS-CSF;90;APLICACOES DIRETAS;3;DESPESAS CORRENTES;3;OUTRAS DESPESAS CORRENTES;18;AUXILIO FINANCEIRO A ESTUDANTES;339018;AUXILIO FINANCEIRO A ESTUDANTES;96;DOAC.PESSOAS FISICAS E INSTIT.PUB.E PRIV.NAC.;45216463.95;;45216463.95;;;;;
2015;154003;FUND.COORD.DE APERF.DE PESSOAL NIVEL SUPERIOR;12;EDUCACAO;364;ENSINO SUPERIOR;2032;EDUCACAO SUPERIOR - GRADUACAO, POS-GRADUACAO, ENSINO, PESQUI;0487;CONCESSAO DE BOLSAS DE ESTUDO NO ENSINO SUPERIOR;0001;CIENCIA SEM FRONTEIRAS;12364203204870001;087491;NCCCVN19BVN;CIENCIA SEM FRONTEIRAS - BOVESPA-CSF;90;APLICACOES DIRETAS;3;DESPESAS CORRENTES;3;OUTRAS DESPESAS CORRENTES;18;AUXILIO FINANCEIRO A ESTUDANTES;339018;AUXILIO FINANCEIRO A ESTUDANTES;96;DOAC.PESSOAS FISICAS E INSTIT.PUB.E PRIV.NAC.;23902135.56;;23902135.56;;;;;
2015;154003;FUND.COORD.DE APERF.DE PESSOAL NIVEL SUPERIOR;12;EDUCACAO;364;ENSINO SUPERIOR;2032;EDUCACAO SUPERIOR - GRADUACAO, POS-GRADUACAO, ENSINO, PESQUI;0487;CONCESSAO DE BOLSAS DE ESTUDO NO ENSINO SUPERIOR;0001;CIENCIA SEM FRONTEIRAS;12364203204870001;087491;NCCCVN19CEN;CIENCIA SEM FRONTEIRAS - CETIP-CSF;90;APLICACOES DIRETAS;3;DESPESAS CORRENTES;3;OUTRAS DESPESAS CORRENTES;18;AUXILIO FINANCEIRO A ESTUDANTES;339018;AUXILIO FINANCEIRO A ESTUDANTES;96;DOAC.PESSOAS FISICAS E INSTIT.PUB.E PRIV.NAC.;11951067.80;;11951067.80;;;;;
2015;154003;FUND.COORD.DE APERF.DE PESSOAL NIVEL SUPERIOR;12;EDUCACAO;364;ENSINO SUPERIOR;2032;EDUCACAO SUPERIOR - GRADUACAO, POS-GRADUACAO, ENSINO, PESQUI;0487;CONCESSAO DE BOLSAS DE ESTUDO NO ENSINO SUPERIOR;0001;CIENCIA SEM FRONTEIRAS;12364203204870001;087491;NCCCVN19CIN;CIENCIA SEM FRONTEIRAS - CIP-CSF;90;APLICACOES DIRETAS;3;DESPESAS CORRENTES;3;OUTRAS DESPESAS CORRENTES;18;AUXILIO FINANCEIRO A ESTUDANTES;339018;AUXILIO FINANCEIRO A ESTUDANTES;96;DOAC.PESSOAS FISICAS E INSTIT.PUB.E PRIV.NAC.;7,967,378.52;;7,967,378.52;;;;;
2015;154003;FUND.COORD.DE APERF.DE PESSOAL NIVEL SUPERIOR;12;EDUCACAO;364;ENSINO SUPERIOR;2032;EDUCACAO SUPERIOR - GRADUACAO, POS-GRADUACAO, ENSINO, PESQUI;0487;CONCESSAO DE BOLSAS DE ESTUDO NO ENSINO SUPERIOR;0001;CIENCIA SEM FRONTEIRAS;12364203204870001;087491;NCCCVN19FEN;CIENCIA SEM FRONTEIRAS - FEBRABAN-CSF;90;APLICACOES DIRETAS;3;DESPESAS CORRENTES;3;OUTRAS DESPESAS CORRENTES;18;AUXILIO FINANCEIRO A ESTUDANTES;339018;AUXILIO FINANCEIRO A ESTUDANTES;96;DOAC.PESSOAS FISICAS E INSTIT.PUB.E PRIV.NAC.;963256063.20;;963256063.20;;;;;
2015;154003;FUND.COORD.DE APERF.DE PESSOAL NIVEL SUPERIOR;12;EDUCACAO;364;ENSINO SUPERIOR;2032;EDUCACAO SUPERIOR - GRADUACAO, POS-GRADUACAO, ENSINO, PESQUI;0487;CONCESSAO DE BOLSAS DE ESTUDO NO ENSINO SUPERIOR;0001;CIENCIA SEM FRONTEIRAS;12364203204870001;087491;NCCCVN19RDN;CIENCIA SEM FRONTEIRAS - REDECARD-CSF;90;APLICACOES DIRETAS;3;DESPESAS CORRENTES;3;OUTRAS DESPESAS CORRENTES;18;AUXILIO FINANCEIRO A ESTUDANTES;339018;AUXILIO FINANCEIRO A ESTUDANTES;96;DOAC.PESSOAS FISICAS E INSTIT.PUB.E PRIV.NAC.;12747805.64;;12747805.64;;;;;
2015;154003;FUND.COORD.DE APERF.DE PESSOAL NIVEL SUPERIOR;12;EDUCACAO;364;ENSINO SUPERIOR;2032;EDUCACAO SUPERIOR - GRADUACAO, POS-GRADUACAO, ENSINO, PESQUI;0487;CONCESSAO DE BOLSAS DE ESTUDO NO ENSINO SUPERIOR;0001;CIENCIA SEM FRONTEIRAS;12364203204870001;087491;NCCCVN19STN;STATOIL - CSF;90;APLICACOES DIRETAS;3;DESPESAS CORRENTES;3;OUTRAS DESPESAS CORRENTES;18;AUXILIO FINANCEIRO A ESTUDANTES;339018;AUXILIO FINANCEIRO A ESTUDANTES;96;DOAC.PESSOAS FISICAS E INSTIT.PUB.E PRIV.NAC.;27694217.04;;27694217.04;;27694217.04;2,330,823.08;25324119.82;25324119.82
2015;154003;FUND.COORD.DE APERF.DE PESSOAL NIVEL SUPERIOR;12;EDUCACAO;364;ENSINO SUPERIOR;2032;EDUCACAO SUPERIOR - GRADUACAO, POS-GRADUACAO, ENSINO, PESQUI;0487;CONCESSAO DE BOLSAS DE ESTUDO NO ENSINO SUPERIOR;0001;CIENCIA SEM FRONTEIRAS;12364203204870001;087491;NCCCVN19VAN;CIENCIA SEM FRONTEIRAS - VALE-CSF;90;APLICACOES DIRETAS;3;DESPESAS CORRENTES;3;OUTRAS DESPESAS CORRENTES;18;AUXILIO FINANCEIRO A ESTUDANTES;339018;AUXILIO FINANCEIRO A ESTUDANTES;96;DOAC.PESSOAS FISICAS E INSTIT.PUB.E PRIV.NAC.;69233888.00;;69233888.00;;;;;
2015;154003;FUND.COORD.DE APERF.DE PESSOAL NIVEL SUPERIOR;12;EDUCACAO;364;ENSINO SUPERIOR;2032;EDUCACAO SUPERIOR - GRADUACAO, POS-GRADUACAO, ENSINO, PESQUI;0487;CONCESSAO DE BOLSAS DE ESTUDO NO ENSINO SUPERIOR;0001;CIENCIA SEM FRONTEIRAS;12364203204870001;087491;NCCCVN20JTN;CSF - PAJT-ATRACAO DE JOVENS TALENTOS;90;APLICACOES DIRETAS;3;DESPESAS CORRENTES;3;OUTRAS DESPESAS CORRENTES;18;AUXILIO FINANCEIRO A ESTUDANTES;339018;AUXILIO FINANCEIRO A ESTUDANTES;12;RECURSOS DEST.A MANUT.E DES.DO ENSINO;114638281.86;;114638281.86;;114638281.86;21981657.62;92656624.24;92282664.24
2015;154003;FUND.COORD.DE APERF.DE PESSOAL NIVEL SUPERIOR;12;EDUCACAO;364;ENSINO SUPERIOR;2032;EDUCACAO SUPERIOR - GRADUACAO, POS-GRADUACAO, ENSINO, PESQUI;0487;CONCESSAO DE BOLSAS DE ESTUDO NO ENSINO SUPERIOR;0001;CIENCIA SEM FRONTEIRAS;12364203204870001;087491;NCCCVN20JTN;CSF - PAJT-ATRACAO DE JOVENS TALENTOS;90;APLICACOES DIRETAS;3;DESPESAS CORRENTES;3;OUTRAS DESPESAS CORRENTES;;;;;50;REC.PROPRIOS PRIMARIOS DE LIVRE APLICACAO;5,975,400.00;;5,975,400.00;;5,975,400.00;0.00;2,516,760.00;2,516,760.00
2015;154003;FUND.COORD.DE APERF.DE PESSOAL NIVEL SUPERIOR;12;EDUCACAO;364;ENSINO SUPERIOR;2032;EDUCACAO SUPERIOR - GRADUACAO, POS-GRADUACAO, ENSINO, PESQUI;0487;CONCESSAO DE BOLSAS DE ESTUDO NO ENSINO SUPERIOR;0001;CIENCIA SEM FRONTEIRAS;12364203204870001;087491;NCCCVN20JTN;CSF - PAJT-ATRACAO DE JOVENS TALENTOS;90;APLICACOES DIRETAS;3;DESPESAS CORRENTES;3;OUTRAS DESPESAS CORRENTES;20;AUXILIO FINANCEIRO A PESQUISADORES;339020;AUXILIO FINANCEIRO A PESQUISADORES;00;RECURSOS PRIMARIOS DE LIVRE APLICACAO;330,479.00;;330,479.00;;330,479.00;57,497.00;200,982.00;200,982.00
2015;154003;FUND.COORD.DE APERF.DE PESSOAL NIVEL SUPERIOR;12;EDUCACAO;364;ENSINO SUPERIOR;2032;EDUCACAO SUPERIOR - GRADUACAO, POS-GRADUACAO, ENSINO, PESQUI;0487;CONCESSAO DE BOLSAS DE ESTUDO NO ENSINO SUPERIOR;0001;CIENCIA SEM FRONTEIRAS;12364203204870001;087491;NCCCVN20JTN;CSF - PAJT-ATRACAO DE JOVENS TALENTOS;90;APLICACOES DIRETAS;3;DESPESAS CORRENTES;3;OUTRAS DESPESAS CORRENTES;;;;;12;RECURSOS DEST.A MANUT.E DES.DO ENSINO;18486717.00;;18486717.00;;17765614.00;2,618,613.00;14926321.00;13742327.00
2015;154003;FUND.COORD.DE APERF.DE PESSOAL NIVEL SUPERIOR;12;EDUCACAO;364;ENSINO SUPERIOR;2032;EDUCACAO SUPERIOR - GRADUACAO, POS-GRADUACAO, ENSINO, PESQUI;0487;CONCESSAO DE BOLSAS DE ESTUDO NO ENSINO SUPERIOR;0001;CIENCIA SEM FRONTEIRAS;12364203204870001;087491;NCCCVN20JTN;CSF - PAJT-ATRACAO DE JOVENS TALENTOS;90;APLICACOES DIRETAS;3;DESPESAS CORRENTES;3;OUTRAS DESPESAS CORRENTES;;;;;50;REC.PROPRIOS PRIMARIOS DE LIVRE APLICACAO;402,540.00;;402,540.00;;402,540.00;0.00;;
2015;154003;FUND.COORD.DE APERF.DE PESSOAL NIVEL SUPERIOR;12;EDUCACAO;364;ENSINO SUPERIOR;2032;EDUCACAO SUPERIOR - GRADUACAO, POS-GRADUACAO, ENSINO, PESQUI;0487;CONCESSAO DE BOLSAS DE ESTUDO NO ENSINO SUPERIOR;0001;CIENCIA SEM FRONTEIRAS;12364203204870001;087491;NCCCVN99BEN;CSF - BEX;90;APLICACOES DIRETAS;3;DESPESAS CORRENTES;3;OUTRAS DESPESAS CORRENTES;00;[A DETALHAR];339000;APLICACOES DIRETAS;12;RECURSOS DEST.A MANUT.E DES.DO ENSINO;0.11;;0.11;;;;;
2015;154003;FUND.COORD.DE APERF.DE PESSOAL NIVEL SUPERIOR;12;EDUCACAO;364;ENSINO SUPERIOR;2032;EDUCACAO SUPERIOR - GRADUACAO, POS-GRADUACAO, ENSINO, PESQUI;0487;CONCESSAO DE BOLSAS DE ESTUDO NO ENSINO SUPERIOR;0001;CIENCIA SEM FRONTEIRAS;12364203204870001;087491;NCCCVN99BEN;CSF - BEX;90;APLICACOES DIRETAS;3;DESPESAS CORRENTES;3;OUTRAS DESPESAS CORRENTES;18;AUXILIO FINANCEIRO A ESTUDANTES;339018;AUXILIO FINANCEIRO A ESTUDANTES;12;RECURSOS DEST.A MANUT.E DES.DO ENSINO;746586118.16;;746586118.16;;;;;
2015;154003;FUND.COORD.DE APERF.DE PESSOAL NIVEL SUPERIOR;12;EDUCACAO;364;ENSINO SUPERIOR;2032;EDUCACAO SUPERIOR - GRADUACAO, POS-GRADUACAO, ENSINO, PESQUI;0487;CONCESSAO DE BOLSAS DE ESTUDO NO ENSINO SUPERIOR;0001;CIENCIA SEM FRONTEIRAS;12364203204870001;087491;NCCCVN99BEN;CSF - BEX;90;APLICACOES DIRETAS;3;DESPESAS CORRENTES;3;OUTRAS DESPESAS CORRENTES;39;OUTROS SERVICOS DE TERCEIROS PJ - OP.INT.ORC.;339039;OUTROS SERVICOS DE TERCEIROS - PESSOA JURIDICA;12;RECURSOS DEST.A MANUT.E DES.DO ENSINO;65022940.00;;65022940.00;;21,940.00;5,110.00;16,830.00;16,830.00
2015;154003;FUND.COORD.DE APERF.DE PESSOAL NIVEL SUPERIOR;12;EDUCACAO;364;ENSINO SUPERIOR;2032;EDUCACAO SUPERIOR - GRADUACAO, POS-GRADUACAO, ENSINO, PESQUI;0487;CONCESSAO DE BOLSAS DE ESTUDO NO ENSINO SUPERIOR;0001;CIENCIA SEM FRONTEIRAS;12364203204870001;087491;NCCCVN99BEN;CSF - BEX;90;APLICACOES DIRETAS;3;DESPESAS CORRENTES;3;OUTRAS DESPESAS CORRENTES;92;DESPESAS DE EXERCICIOS ANTERIORES;339092;DESPESAS DE EXERCICIOS ANTERIORES;12;RECURSOS DEST.A MANUT.E DES.DO ENSINO;185,841.60;;185,841.60;;;;;
2015;154003;FUND.COORD.DE APERF.DE PESSOAL NIVEL SUPERIOR;12;EDUCACAO;364;ENSINO SUPERIOR;2032;EDUCACAO SUPERIOR - GRADUACAO, POS-GRADUACAO, ENSINO, PESQUI;0487;CONCESSAO DE BOLSAS DE ESTUDO NO ENSINO SUPERIOR;0001;CIENCIA SEM FRONTEIRAS;12364203204870001;087491;NCCCVO20PEN;CSF - PVES-PESQUISADOR VISITANTE ESPECIAL;90;APLICACOES DIRETAS;3;DESPESAS CORRENTES;3;OUTRAS DESPESAS CORRENTES;18;AUXILIO FINANCEIRO A ESTUDANTES;339018;AUXILIO FINANCEIRO A ESTUDANTES;00;RECURSOS PRIMARIOS DE LIVRE APLICACAO;2,800,000.00;;2,800,000.00;;2,800,000.00;0.00;2,800,000.00;2,800,000.00
2015;154003;FUND.COORD.DE APERF.DE PESSOAL NIVEL SUPERIOR;12;EDUCACAO;364;ENSINO SUPERIOR;2032;EDUCACAO SUPERIOR - GRADUACAO, POS-GRADUACAO, ENSINO, PESQUI;0487;CONCESSAO DE BOLSAS DE ESTUDO NO ENSINO SUPERIOR;0001;CIENCIA SEM FRONTEIRAS;12364203204870001;087491;NCCCVO20PEN;CSF - PVES-PESQUISADOR VISITANTE ESPECIAL;90;APLICACOES DIRETAS;3;DESPESAS CORRENTES;3;OUTRAS DESPESAS CORRENTES;;;;;12;RECURSOS DEST.A MANUT.E DES.DO ENSINO;149427345.90;;149427345.90;;149427345.90;21690277.47;127737068.43;127083368.43
2015;154003;FUND.COORD.DE APERF.DE PESSOAL NIVEL SUPERIOR;12;EDUCACAO;364;ENSINO SUPERIOR;2032;EDUCACAO SUPERIOR - GRADUACAO, POS-GRADUACAO, ENSINO, PESQUI;0487;CONCESSAO DE BOLSAS DE ESTUDO NO ENSINO SUPERIOR;0001;CIENCIA SEM FRONTEIRAS;12364203204870001;087491;NCCCVO20PEN;CSF - PVES-PESQUISADOR VISITANTE ESPECIAL;90;APLICACOES DIRETAS;3;DESPESAS CORRENTES;3;OUTRAS DESPESAS CORRENTES;;;;;50;REC.PROPRIOS PRIMARIOS DE LIVRE APLICACAO;11241166.02;;11241166.02;;11241166.02;0.00;4,526,722.86;4,526,722.86
2015;154003;FUND.COORD.DE APERF.DE PESSOAL NIVEL SUPERIOR;12;EDUCACAO;364;ENSINO SUPERIOR;2032;EDUCACAO SUPERIOR - GRADUACAO, POS-GRADUACAO, ENSINO, PESQUI;0487;CONCESSAO DE BOLSAS DE ESTUDO NO ENSINO SUPERIOR;0001;CIENCIA SEM FRONTEIRAS;12364203204870001;087491;NCCCVO20PEN;CSF - PVES-PESQUISADOR VISITANTE ESPECIAL;90;APLICACOES DIRETAS;3;DESPESAS CORRENTES;3;OUTRAS DESPESAS CORRENTES;20;AUXILIO FINANCEIRO A PESQUISADORES;339020;AUXILIO FINANCEIRO A PESQUISADORES;00;RECURSOS PRIMARIOS DE LIVRE APLICACAO;9,180,203.00;;9,180,203.00;;10087735.00;4,582,258.00;1,777,098.00;1,777,098.00
2015;154003;FUND.COORD.DE APERF.DE PESSOAL NIVEL SUPERIOR;12;EDUCACAO;364;ENSINO SUPERIOR;2032;EDUCACAO SUPERIOR - GRADUACAO, POS-GRADUACAO, ENSINO, PESQUI;0487;CONCESSAO DE BOLSAS DE ESTUDO NO ENSINO SUPERIOR;0001;CIENCIA SEM FRONTEIRAS;12364203204870001;087491;NCCCVO20PEN;CSF - PVES-PESQUISADOR VISITANTE ESPECIAL;90;APLICACOES DIRETAS;3;DESPESAS CORRENTES;3;OUTRAS DESPESAS CORRENTES;;;;;12;RECURSOS DEST.A MANUT.E DES.DO ENSINO;153888255.12;;153888255.12;;151675083.12;24252337.00;126162749.12;117411012.12
2015;154003;FUND.COORD.DE APERF.DE PESSOAL NIVEL SUPERIOR;12;EDUCACAO;364;ENSINO SUPERIOR;2032;EDUCACAO SUPERIOR - GRADUACAO, POS-GRADUACAO, ENSINO, PESQUI;0487;CONCESSAO DE BOLSAS DE ESTUDO NO ENSINO SUPERIOR;0001;CIENCIA SEM FRONTEIRAS;12364203204870001;087491;OCC35O99PPN;PORTAL DE PERIODICOS - PORTAL DE PERIODICOS;90;APLICACOES DIRETAS;3;DESPESAS CORRENTES;3;OUTRAS DESPESAS CORRENTES;39;OUTROS SERVICOS DE TERCEIROS PJ - OP.INT.ORC.;339039;OUTROS SERVICOS DE TERCEIROS - PESSOA JURIDICA;12;RECURSOS DEST.A MANUT.E DES.DO ENSINO;286211408.12;;286211408.12;;;;;
2015;154003;FUND.COORD.DE APERF.DE PESSOAL NIVEL SUPERIOR;12;EDUCACAO;364;ENSINO SUPERIOR;2032;EDUCACAO SUPERIOR - GRADUACAO, POS-GRADUACAO, ENSINO, PESQUI;0487;CONCESSAO DE BOLSAS DE ESTUDO NO ENSINO SUPERIOR;0001;CIENCIA SEM FRONTEIRAS;12364203204870001;087491;PCC69B2101N;PIBID - PIBID;90;APLICACOES DIRETAS;3;DESPESAS CORRENTES;3;OUTRAS DESPESAS CORRENTES;18;AUXILIO FINANCEIRO A ESTUDANTES;339018;AUXILIO FINANCEIRO A ESTUDANTES;08;FUNDO SOCIAL-PARC.DEST.EDUCACAO PUBL.E SAUDE;19590254.00;;19590254.00;;19590254.00;19590254.00;;
2015;154003;FUND.COORD.DE APERF.DE PESSOAL NIVEL SUPERIOR;12;EDUCACAO;364;ENSINO SUPERIOR;2032;EDUCACAO SUPERIOR - GRADUACAO, POS-GRADUACAO, ENSINO, PESQUI;0487;CONCESSAO DE BOLSAS DE ESTUDO NO ENSINO SUPERIOR;0001;CIENCIA SEM FRONTEIRAS;12364203204870001;087491;TCCCPN06BEN;BEX - CIENCIA SEM FRONTEIRAS;90;APLICACOES DIRETAS;3;DESPESAS CORRENTES;3;OUTRAS DESPESAS CORRENTES;18;AUXILIO FINANCEIRO A ESTUDANTES;339018;AUXILIO FINANCEIRO A ESTUDANTES;12;RECURSOS DEST.A MANUT.E DES.DO ENSINO;103770451.15;;103770451.15;;103770451.15;50,872.52;103719578.63;103719578.63
2015;154003;FUND.COORD.DE APERF.DE PESSOAL NIVEL SUPERIOR;12;EDUCACAO;364;ENSINO SUPERIOR;2032;EDUCACAO SUPERIOR - GRADUACAO, POS-GRADUACAO, ENSINO, PESQUI;0487;CONCESSAO DE BOLSAS DE ESTUDO NO ENSINO SUPERIOR;0001;CIENCIA SEM FRONTEIRAS;12364203204870001;087491;TCCCUN0697N;BFSUPERIOR - PESQUISADOR VISITANTE ESPECIAL;90;APLICACOES DIRETAS;3;DESPESAS CORRENTES;3;OUTRAS DESPESAS CORRENTES;18;AUXILIO FINANCEIRO A ESTUDANTES;339018;AUXILIO FINANCEIRO A ESTUDANTES;12;RECURSOS DEST.A MANUT.E DES.DO ENSINO;14981727.68;;14981727.68;;14981727.68;20,500.00;14961227.68;14961227.68
2015;154003;FUND.COORD.DE APERF.DE PESSOAL NIVEL SUPERIOR;12;EDUCACAO;364;ENSINO SUPERIOR;2032;EDUCACAO SUPERIOR - GRADUACAO, POS-GRADUACAO, ENSINO, PESQUI;0487;CONCESSAO DE BOLSAS DE ESTUDO NO ENSINO SUPERIOR;0001;CIENCIA SEM FRONTEIRAS;12364203204870001;087491;TCCCUO0694N;BFSUPERIOR - ATRACAO DE JOVENS TALENTOS;90;APLICACOES DIRETAS;3;DESPESAS CORRENTES;3;OUTRAS DESPESAS CORRENTES;18;AUXILIO FINANCEIRO A ESTUDANTES;339018;AUXILIO FINANCEIRO A ESTUDANTES;12;RECURSOS DEST.A MANUT.E DES.DO ENSINO;12526080.00;;12526080.00;;12526080.00;0.00;12526080.00;12526080.00
2015;154003;FUND.COORD.DE APERF.DE PESSOAL NIVEL SUPERIOR;12;EDUCACAO;364;ENSINO SUPERIOR;2032;EDUCACAO SUPERIOR - GRADUACAO, POS-GRADUACAO, ENSINO, PESQUI;0487;CONCESSAO DE BOLSAS DE ESTUDO NO ENSINO SUPERIOR;0002;CONCESSAO DE BOLSAS DE ESTUDOS NO PAIS;12364203204870001;087493;'-8;SEM INFORMACAO;30;TRANSFER. A ESTADOS E AO DISTRITO FEDERAL;3;DESPESAS CORRENTES;3;OUTRAS DESPESAS CORRENTES;00;[A DETALHAR];333000;TRANSFER.  A ESTADOS E AO DISTRITO FEDERAL;12;RECURSOS DEST.A MANUT.E DES.DO ENSINO;463177300.50;;463177300.50;;;;;
2015;154003;FUND.COORD.DE APERF.DE PESSOAL NIVEL SUPERIOR;12;EDUCACAO;364;ENSINO SUPERIOR;2032;EDUCACAO SUPERIOR - GRADUACAO, POS-GRADUACAO, ENSINO, PESQUI;0487;CONCESSAO DE BOLSAS DE ESTUDO NO ENSINO SUPERIOR;0002;CONCESSAO DE BOLSAS DE ESTUDOS NO PAIS;12364203204870001;087493;'-8;SEM INFORMACAO;40;TRANSFERENCIAS A MUNICIPIOS;3;DESPESAS CORRENTES;3;OUTRAS DESPESAS CORRENTES;00;[A DETALHAR];334000;TRANSFERENCIAS A MUNICIPIOS;12;RECURSOS DEST.A MANUT.E DES.DO ENSINO;206,694.00;;206,694.00;;;;;
2015;154003;FUND.COORD.DE APERF.DE PESSOAL NIVEL SUPERIOR;12;EDUCACAO;364;ENSINO SUPERIOR;2032;EDUCACAO SUPERIOR - GRADUACAO, POS-GRADUACAO, ENSINO, PESQUI;0487;CONCESSAO DE BOLSAS DE ESTUDO NO ENSINO SUPERIOR;0002;CONCESSAO DE BOLSAS DE ESTUDOS NO PAIS;12364203204870001;087493;'-8;SEM INFORMACAO;90;APLICACOES DIRETAS;3;DESPESAS CORRENTES;3;OUTRAS DESPESAS CORRENTES;00;[A DETALHAR];339000;APLICACOES DIRETAS;00;RECURSOS PRIMARIOS DE LIVRE APLICACAO;-1835970097;;1142057033.5;297802713.00;;;;
2015;154003;FUND.COORD.DE APERF.DE PESSOAL NIVEL SUPERIOR;12;EDUCACAO;364;ENSINO SUPERIOR;2032;EDUCACAO SUPERIOR - GRADUACAO, POS-GRADUACAO, ENSINO, PESQUI;0487;CONCESSAO DE BOLSAS DE ESTUDO NO ENSINO SUPERIOR;0002;CONCESSAO DE BOLSAS DE ESTUDOS NO PAIS;12364203204870001;087493;'-8;SEM INFORMACAO;90;APLICACOES DIRETAS;3;DESPESAS CORRENTES;3;OUTRAS DESPESAS CORRENTES;;;;;12;RECURSOS DEST.A MANUT.E DES.DO ENSINO;8322274676.8;;6246642716.8;11331777.00;;;;
2015;154003;FUND.COORD.DE APERF.DE PESSOAL NIVEL SUPERIOR;12;EDUCACAO;364;ENSINO SUPERIOR;2032;EDUCACAO SUPERIOR - GRADUACAO, POS-GRADUACAO, ENSINO, PESQUI;0487;CONCESSAO DE BOLSAS DE ESTUDO NO ENSINO SUPERIOR;0002;CONCESSAO DE BOLSAS DE ESTUDOS NO PAIS;12364203204870001;087493;'-8;SEM INFORMACAO;90;APLICACOES DIRETAS;3;DESPESAS CORRENTES;3;OUTRAS DESPESAS CORRENTES;;;;;96;DOAC.PESSOAS FISICAS E INSTIT.PUB.E PRIV.NAC.;(6878000.00);1,280,000.00;0.00;;;;;
2015;154003;FUND.COORD.DE APERF.DE PESSOAL NIVEL SUPERIOR;12;EDUCACAO;364;ENSINO SUPERIOR;2032;EDUCACAO SUPERIOR - GRADUACAO, POS-GRADUACAO, ENSINO, PESQUI;0487;CONCESSAO DE BOLSAS DE ESTUDO NO ENSINO SUPERIOR;0002;CONCESSAO DE BOLSAS DE ESTUDOS NO PAIS;12364203204870001;087493;'-8;SEM INFORMACAO;90;APLICACOES DIRETAS;3;DESPESAS CORRENTES;3;OUTRAS DESPESAS CORRENTES;14;DIARIAS - PESSOAL CIVIL;339014;DIARIAS - PESSOAL CIVIL;12;RECURSOS DEST.A MANUT.E DES.DO ENSINO;0.00;;0.00;;;;;
2015;154003;FUND.COORD.DE APERF.DE PESSOAL NIVEL SUPERIOR;12;EDUCACAO;364;ENSINO SUPERIOR;2032;EDUCACAO SUPERIOR - GRADUACAO, POS-GRADUACAO, ENSINO, PESQUI;0487;CONCESSAO DE BOLSAS DE ESTUDO NO ENSINO SUPERIOR;0002;CONCESSAO DE BOLSAS DE ESTUDOS NO PAIS;12364203204870001;087493;'-8;SEM INFORMACAO;90;APLICACOES DIRETAS;3;DESPESAS CORRENTES;3;OUTRAS DESPESAS CORRENTES;18;AUXILIO FINANCEIRO A ESTUDANTES;339018;AUXILIO FINANCEIRO A ESTUDANTES;12;RECURSOS DEST.A MANUT.E DES.DO ENSINO;0.00;;0.00;;;;;
2015;154003;FUND.COORD.DE APERF.DE PESSOAL NIVEL SUPERIOR;12;EDUCACAO;364;ENSINO SUPERIOR;2032;EDUCACAO SUPERIOR - GRADUACAO, POS-GRADUACAO, ENSINO, PESQUI;0487;CONCESSAO DE BOLSAS DE ESTUDO NO ENSINO SUPERIOR;0002;CONCESSAO DE BOLSAS DE ESTUDOS NO PAIS;12364203204870001;087493;'-8;SEM INFORMACAO;90;APLICACOES DIRETAS;3;DESPESAS CORRENTES;3;OUTRAS DESPESAS CORRENTES;20;AUXILIO FINANCEIRO A PESQUISADORES;339020;AUXILIO FINANCEIRO A PESQUISADORES;12;RECURSOS DEST.A MANUT.E DES.DO ENSINO;0.00;;0.00;;;;;
2015;154003;FUND.COORD.DE APERF.DE PESSOAL NIVEL SUPERIOR;12;EDUCACAO;364;ENSINO SUPERIOR;2032;EDUCACAO SUPERIOR - GRADUACAO, POS-GRADUACAO, ENSINO, PESQUI;0487;CONCESSAO DE BOLSAS DE ESTUDO NO ENSINO SUPERIOR;0002;CONCESSAO DE BOLSAS DE ESTUDOS NO PAIS;12364203204870001;087493;'-8;SEM INFORMACAO;90;APLICACOES DIRETAS;3;DESPESAS CORRENTES;3;OUTRAS DESPESAS CORRENTES;30;MATERIAL DE CONSUMO;339030;MATERIAL DE CONSUMO;12;RECURSOS DEST.A MANUT.E DES.DO ENSINO;0.00;;0.00;;;;;
2015;154003;FUND.COORD.DE APERF.DE PESSOAL NIVEL SUPERIOR;12;EDUCACAO;364;ENSINO SUPERIOR;2032;EDUCACAO SUPERIOR - GRADUACAO, POS-GRADUACAO, ENSINO, PESQUI;0487;CONCESSAO DE BOLSAS DE ESTUDO NO ENSINO SUPERIOR;0002;CONCESSAO DE BOLSAS DE ESTUDOS NO PAIS;12364203204870001;087493;'-8;SEM INFORMACAO;90;APLICACOES DIRETAS;3;DESPESAS CORRENTES;3;OUTRAS DESPESAS CORRENTES;33;PASSAGENS E DESPESAS COM LOCOMOCAO;339033;PASSAGENS E DESPESAS COM LOCOMOCAO;12;RECURSOS DEST.A MANUT.E DES.DO ENSINO;0.00;;0.00;;;;;
2015;154003;FUND.COORD.DE APERF.DE PESSOAL NIVEL SUPERIOR;12;EDUCACAO;364;ENSINO SUPERIOR;2032;EDUCACAO SUPERIOR - GRADUACAO, POS-GRADUACAO, ENSINO, PESQUI;0487;CONCESSAO DE BOLSAS DE ESTUDO NO ENSINO SUPERIOR;0002;CONCESSAO DE BOLSAS DE ESTUDOS NO PAIS;12364203204870001;087493;'-8;SEM INFORMACAO;90;APLICACOES DIRETAS;3;DESPESAS CORRENTES;3;OUTRAS DESPESAS CORRENTES;36;OUTROS SERVICOS DE TERCEIROS - P.FISICA;339036;OUTROS SERVICOS DE TERCEIROS - PESSOA FISICA;12;RECURSOS DEST.A MANUT.E DES.DO ENSINO;0.00;;0.00;;;;;
2015;154003;FUND.COORD.DE APERF.DE PESSOAL NIVEL SUPERIOR;12;EDUCACAO;364;ENSINO SUPERIOR;2032;EDUCACAO SUPERIOR - GRADUACAO, POS-GRADUACAO, ENSINO, PESQUI;0487;CONCESSAO DE BOLSAS DE ESTUDO NO ENSINO SUPERIOR;0002;CONCESSAO DE BOLSAS DE ESTUDOS NO PAIS;12364203204870001;087493;'-8;SEM INFORMACAO;90;APLICACOES DIRETAS;3;DESPESAS CORRENTES;3;OUTRAS DESPESAS CORRENTES;39;OUTROS SERVICOS DE TERCEIROS PJ - OP.INT.ORC.;339039;OUTROS SERVICOS DE TERCEIROS - PESSOA JURIDICA;12;RECURSOS DEST.A MANUT.E DES.DO ENSINO;0.00;;0.00;;;;;
2015;154003;FUND.COORD.DE APERF.DE PESSOAL NIVEL SUPERIOR;12;EDUCACAO;364;ENSINO SUPERIOR;2032;EDUCACAO SUPERIOR - GRADUACAO, POS-GRADUACAO, ENSINO, PESQUI;0487;CONCESSAO DE BOLSAS DE ESTUDO NO ENSINO SUPERIOR;0002;CONCESSAO DE BOLSAS DE ESTUDOS NO PAIS;12364203204870001;087493;'-8;SEM INFORMACAO;90;APLICACOES DIRETAS;3;DESPESAS CORRENTES;3;OUTRAS DESPESAS CORRENTES;93;INDENIZACOES E RESTITUICOES;339093;INDENIZACOES E RESTITUICOES;12;RECURSOS DEST.A MANUT.E DES.DO ENSINO;0.00;;0.00;;;;;
2015;154003;FUND.COORD.DE APERF.DE PESSOAL NIVEL SUPERIOR;12;EDUCACAO;364;ENSINO SUPERIOR;2032;EDUCACAO SUPERIOR - GRADUACAO, POS-GRADUACAO, ENSINO, PESQUI;0487;CONCESSAO DE BOLSAS DE ESTUDO NO ENSINO SUPERIOR;0002;CONCESSAO DE BOLSAS DE ESTUDOS NO PAIS;12364203204870001;087493;'-8;SEM INFORMACAO;91;APLICACOES DIRETAS - OPERACOES INTERNAS;3;DESPESAS CORRENTES;3;OUTRAS DESPESAS CORRENTES;00;[A DETALHAR];339100;APLICACOES DIRETAS - OPER.INTRA-ORCAMENTARIAS;12;RECURSOS DEST.A MANUT.E DES.DO ENSINO;0.00;;0.00;;;;;
2015;154003;FUND.COORD.DE APERF.DE PESSOAL NIVEL SUPERIOR;12;EDUCACAO;364;ENSINO SUPERIOR;2032;EDUCACAO SUPERIOR - GRADUACAO, POS-GRADUACAO, ENSINO, PESQUI;0487;CONCESSAO DE BOLSAS DE ESTUDO NO ENSINO SUPERIOR;0002;CONCESSAO DE BOLSAS DE ESTUDOS NO PAIS;12364203204870001;087493;'-8;SEM INFORMACAO;91;APLICACOES DIRETAS - OPERACOES INTERNAS;3;DESPESAS CORRENTES;3;OUTRAS DESPESAS CORRENTES;93;INDENIZACOES E RESTITUICOES;339193;INDENIZACOES E RESTITUICOES;12;RECURSOS DEST.A MANUT.E DES.DO ENSINO;0.00;;0.00;;;;;
2015;154003;FUND.COORD.DE APERF.DE PESSOAL NIVEL SUPERIOR;12;EDUCACAO;364;ENSINO SUPERIOR;2032;EDUCACAO SUPERIOR - GRADUACAO, POS-GRADUACAO, ENSINO, PESQUI;0487;CONCESSAO DE BOLSAS DE ESTUDO NO ENSINO SUPERIOR;0002;CONCESSAO DE BOLSAS DE ESTUDOS NO PAIS;12364203204870001;087493;FCCCGO0603N;PARNACION - CAPES/FAPEAM;90;APLICACOES DIRETAS;3;DESPESAS CORRENTES;3;OUTRAS DESPESAS CORRENTES;18;AUXILIO FINANCEIRO A ESTUDANTES;339018;AUXILIO FINANCEIRO A ESTUDANTES;12;RECURSOS DEST.A MANUT.E DES.DO ENSINO;357,000.00;;357,000.00;;357,000.00;0.00;357,000.00;357,000.00
2015;154003;FUND.COORD.DE APERF.DE PESSOAL NIVEL SUPERIOR;12;EDUCACAO;364;ENSINO SUPERIOR;2032;EDUCACAO SUPERIOR - GRADUACAO, POS-GRADUACAO, ENSINO, PESQUI;0487;CONCESSAO DE BOLSAS DE ESTUDO NO ENSINO SUPERIOR;0002;CONCESSAO DE BOLSAS DE ESTUDOS NO PAIS;12364203204870001;087493;FCCCGO0604N;PARNACION - CAPES/FAPITEC;90;APLICACOES DIRETAS;3;DESPESAS CORRENTES;3;OUTRAS DESPESAS CORRENTES;18;AUXILIO FINANCEIRO A ESTUDANTES;339018;AUXILIO FINANCEIRO A ESTUDANTES;12;RECURSOS DEST.A MANUT.E DES.DO ENSINO;3,427,200.00;;3,427,200.00;;3,427,200.00;0.00;3,427,200.00;3,427,200.00
2015;154003;FUND.COORD.DE APERF.DE PESSOAL NIVEL SUPERIOR;12;EDUCACAO;364;ENSINO SUPERIOR;2032;EDUCACAO SUPERIOR - GRADUACAO, POS-GRADUACAO, ENSINO, PESQUI;0487;CONCESSAO DE BOLSAS DE ESTUDO NO ENSINO SUPERIOR;0002;CONCESSAO DE BOLSAS DE ESTUDOS NO PAIS;12364203204870001;087493;FCCCGO0605N;PARNACION - CAPES/FAPEAL;90;APLICACOES DIRETAS;3;DESPESAS CORRENTES;3;OUTRAS DESPESAS CORRENTES;18;AUXILIO FINANCEIRO A ESTUDANTES;339018;AUXILIO FINANCEIRO A ESTUDANTES;12;RECURSOS DEST.A MANUT.E DES.DO ENSINO;2,938,600.00;;2,938,600.00;;2,938,600.00;0.00;2,938,600.00;2,938,600.00
2015;154003;FUND.COORD.DE APERF.DE PESSOAL NIVEL SUPERIOR;12;EDUCACAO;364;ENSINO SUPERIOR;2032;EDUCACAO SUPERIOR - GRADUACAO, POS-GRADUACAO, ENSINO, PESQUI;0487;CONCESSAO DE BOLSAS DE ESTUDO NO ENSINO SUPERIOR;0002;CONCESSAO DE BOLSAS DE ESTUDOS NO PAIS;12364203204870001;087493;FCCCGO0606N;PARNACION - CAPES/FACEPE;90;APLICACOES DIRETAS;3;DESPESAS CORRENTES;3;OUTRAS DESPESAS CORRENTES;18;AUXILIO FINANCEIRO A ESTUDANTES;339018;AUXILIO FINANCEIRO A ESTUDANTES;12;RECURSOS DEST.A MANUT.E DES.DO ENSINO;2,009,000.00;;2,009,000.00;;2,009,000.00;0.00;2,009,000.00;2,009,000.00
2015;154003;FUND.COORD.DE APERF.DE PESSOAL NIVEL SUPERIOR;12;EDUCACAO;364;ENSINO SUPERIOR;2032;EDUCACAO SUPERIOR - GRADUACAO, POS-GRADUACAO, ENSINO, PESQUI;0487;CONCESSAO DE BOLSAS DE ESTUDO NO ENSINO SUPERIOR;0002;CONCESSAO DE BOLSAS DE ESTUDOS NO PAIS;12364203204870001;087493;FCCCGO0607N;PARNACION - CAPES/FAPERGS;90;APLICACOES DIRETAS;3;DESPESAS CORRENTES;3;OUTRAS DESPESAS CORRENTES;18;AUXILIO FINANCEIRO A ESTUDANTES;339018;AUXILIO FINANCEIRO A ESTUDANTES;12;RECURSOS DEST.A MANUT.E DES.DO ENSINO;35401290.00;;35401290.00;;35399760.00;1,530.00;35398230.00;35398230.00
2015;154003;FUND.COORD.DE APERF.DE PESSOAL NIVEL SUPERIOR;12;EDUCACAO;364;ENSINO SUPERIOR;2032;EDUCACAO SUPERIOR - GRADUACAO, POS-GRADUACAO, ENSINO, PESQUI;0487;CONCESSAO DE BOLSAS DE ESTUDO NO ENSINO SUPERIOR;0002;CONCESSAO DE BOLSAS DE ESTUDOS NO PAIS;12364203204870001;087493;FCCCGO0608N;PARNACION - CAPES/FAPEMIG;90;APLICACOES DIRETAS;3;DESPESAS CORRENTES;3;OUTRAS DESPESAS CORRENTES;18;AUXILIO FINANCEIRO A ESTUDANTES;339018;AUXILIO FINANCEIRO A ESTUDANTES;12;RECURSOS DEST.A MANUT.E DES.DO ENSINO;11250330.00;;11250330.00;;11250330.00;0.00;11250330.00;11250330.00
2015;154003;FUND.COORD.DE APERF.DE PESSOAL NIVEL SUPERIOR;12;EDUCACAO;364;ENSINO SUPERIOR;2032;EDUCACAO SUPERIOR - GRADUACAO, POS-GRADUACAO, ENSINO, PESQUI;0487;CONCESSAO DE BOLSAS DE ESTUDO NO ENSINO SUPERIOR;0002;CONCESSAO DE BOLSAS DE ESTUDOS NO PAIS;12364203204870001;087493;FCCCGO0609N;PARNACION - CAPES/EMBRAPA;90;APLICACOES DIRETAS;3;DESPESAS CORRENTES;3;OUTRAS DESPESAS CORRENTES;18;AUXILIO FINANCEIRO A ESTUDANTES;339018;AUXILIO FINANCEIRO A ESTUDANTES;12;RECURSOS DEST.A MANUT.E DES.DO ENSINO;7,502,100.00;;7,502,100.00;;7,502,100.00;4,100.00;7,498,000.00;7,498,000.00
2015;154003;FUND.COORD.DE APERF.DE PESSOAL NIVEL SUPERIOR;12;EDUCACAO;364;ENSINO SUPERIOR;2032;EDUCACAO SUPERIOR - GRADUACAO, POS-GRADUACAO, ENSINO, PESQUI;0487;CONCESSAO DE BOLSAS DE ESTUDO NO ENSINO SUPERIOR;0002;CONCESSAO DE BOLSAS DE ESTUDOS NO PAIS;12364203204870001;087493;FCCCGO0610N;PARNACION - PRO-DEFESA;90;APLICACOES DIRETAS;3;DESPESAS CORRENTES;3;OUTRAS DESPESAS CORRENTES;18;AUXILIO FINANCEIRO A ESTUDANTES;339018;AUXILIO FINANCEIRO A ESTUDANTES;12;RECURSOS DEST.A MANUT.E DES.DO ENSINO;824,600.00;;824,600.00;;824,600.00;0.00;824,600.00;824,600.00
2015;154003;FUND.COORD.DE APERF.DE PESSOAL NIVEL SUPERIOR;12;EDUCACAO;364;ENSINO SUPERIOR;2032;EDUCACAO SUPERIOR - GRADUACAO, POS-GRADUACAO, ENSINO, PESQUI;0487;CONCESSAO DE BOLSAS DE ESTUDO NO ENSINO SUPERIOR;0002;CONCESSAO DE BOLSAS DE ESTUDOS NO PAIS;12364203204870001;087493;FCCCGO0611N;PARNACION - PRO-ESTRATEGIA;90;APLICACOES DIRETAS;3;DESPESAS CORRENTES;3;OUTRAS DESPESAS CORRENTES;18;AUXILIO FINANCEIRO A ESTUDANTES;339018;AUXILIO FINANCEIRO A ESTUDANTES;12;RECURSOS DEST.A MANUT.E DES.DO ENSINO;1,694,000.00;;1,694,000.00;;1,694,000.00;0.00;1,694,000.00;1,694,000.00
2015;154003;FUND.COORD.DE APERF.DE PESSOAL NIVEL SUPERIOR;12;EDUCACAO;364;ENSINO SUPERIOR;2032;EDUCACAO SUPERIOR - GRADUACAO, POS-GRADUACAO, ENSINO, PESQUI;0487;CONCESSAO DE BOLSAS DE ESTUDO NO ENSINO SUPERIOR;0002;CONCESSAO DE BOLSAS DE ESTUDOS NO PAIS;12364203204870001;087493;FCCCGO0612N;PARNACION - CAPES/FAPERJ;90;APLICACOES DIRETAS;3;DESPESAS CORRENTES;3;OUTRAS DESPESAS CORRENTES;18;AUXILIO FINANCEIRO A ESTUDANTES;339018;AUXILIO FINANCEIRO A ESTUDANTES;12;RECURSOS DEST.A MANUT.E DES.DO ENSINO;12111400.00;;12111400.00;;12111400.00;0.00;12111400.00;12111400.00
2015;154003;FUND.COORD.DE APERF.DE PESSOAL NIVEL SUPERIOR;12;EDUCACAO;364;ENSINO SUPERIOR;2032;EDUCACAO SUPERIOR - GRADUACAO, POS-GRADUACAO, ENSINO, PESQUI;0487;CONCESSAO DE BOLSAS DE ESTUDO NO ENSINO SUPERIOR;0002;CONCESSAO DE BOLSAS DE ESTUDOS NO PAIS;12364203204870001;087493;FCCCGO0613N;PARNACION - PRO-CULTURA;90;APLICACOES DIRETAS;3;DESPESAS CORRENTES;3;OUTRAS DESPESAS CORRENTES;18;AUXILIO FINANCEIRO A ESTUDANTES;339018;AUXILIO FINANCEIRO A ESTUDANTES;12;RECURSOS DEST.A MANUT.E DES.DO ENSINO;0.00;;0.00;;0.00;0.00;;
2015;154003;FUND.COORD.DE APERF.DE PESSOAL NIVEL SUPERIOR;12;EDUCACAO;364;ENSINO SUPERIOR;2032;EDUCACAO SUPERIOR - GRADUACAO, POS-GRADUACAO, ENSINO, PESQUI;0487;CONCESSAO DE BOLSAS DE ESTUDO NO ENSINO SUPERIOR;0002;CONCESSAO DE BOLSAS DE ESTUDOS NO PAIS;12364203204870001;087493;FCCCGO0614N;PARNACION - POS-DOC SUS;90;APLICACOES DIRETAS;3;DESPESAS CORRENTES;3;OUTRAS DESPESAS CORRENTES;18;AUXILIO FINANCEIRO A ESTUDANTES;339018;AUXILIO FINANCEIRO A ESTUDANTES;12;RECURSOS DEST.A MANUT.E DES.DO ENSINO;2,296,000.00;;2,296,000.00;;2,296,000.00;0.00;2,296,000.00;2,296,000.00
2015;154003;FUND.COORD.DE APERF.DE PESSOAL NIVEL SUPERIOR;12;EDUCACAO;364;ENSINO SUPERIOR;2032;EDUCACAO SUPERIOR - GRADUACAO, POS-GRADUACAO, ENSINO, PESQUI;0487;CONCESSAO DE BOLSAS DE ESTUDO NO ENSINO SUPERIOR;0002;CONCESSAO DE BOLSAS DE ESTUDOS NO PAIS;12364203204870001;087493;FCCCGO0616N;PARNACION - CAPES/INMETRO;90;APLICACOES DIRETAS;3;DESPESAS CORRENTES;3;OUTRAS DESPESAS CORRENTES;18;AUXILIO FINANCEIRO A ESTUDANTES;339018;AUXILIO FINANCEIRO A ESTUDANTES;12;RECURSOS DEST.A MANUT.E DES.DO ENSINO;0.00;;0.00;;0.00;0.00;;
2015;154003;FUND.COORD.DE APERF.DE PESSOAL NIVEL SUPERIOR;12;EDUCACAO;364;ENSINO SUPERIOR;2032;EDUCACAO SUPERIOR - GRADUACAO, POS-GRADUACAO, ENSINO, PESQUI;0487;CONCESSAO DE BOLSAS DE ESTUDO NO ENSINO SUPERIOR;0002;CONCESSAO DE BOLSAS DE ESTUDOS NO PAIS;12364203204870001;087493;FCCCGO0617N;PARNACION - CAPES/FAPERN;90;APLICACOES DIRETAS;3;DESPESAS CORRENTES;3;OUTRAS DESPESAS CORRENTES;18;AUXILIO FINANCEIRO A ESTUDANTES;339018;AUXILIO FINANCEIRO A ESTUDANTES;12;RECURSOS DEST.A MANUT.E DES.DO ENSINO;2,128,075.88;;2,128,075.88;;2,128,075.88;0.00;2,128,075.88;2,128,075.88
2015;154003;FUND.COORD.DE APERF.DE PESSOAL NIVEL SUPERIOR;12;EDUCACAO;364;ENSINO SUPERIOR;2032;EDUCACAO SUPERIOR - GRADUACAO, POS-GRADUACAO, ENSINO, PESQUI;0487;CONCESSAO DE BOLSAS DE ESTUDO NO ENSINO SUPERIOR;0002;CONCESSAO DE BOLSAS DE ESTUDOS NO PAIS;12364203204870001;087493;FCCCGO0618N;PARNACION - CAPES/MINISTERIO DA INTEGRACAO;90;APLICACOES DIRETAS;3;DESPESAS CORRENTES;3;OUTRAS DESPESAS CORRENTES;18;AUXILIO FINANCEIRO A ESTUDANTES;339018;AUXILIO FINANCEIRO A ESTUDANTES;12;RECURSOS DEST.A MANUT.E DES.DO ENSINO;1,576,400.00;;1,576,400.00;;1,576,400.00;0.00;1,576,400.00;1,576,400.00
2015;154003;FUND.COORD.DE APERF.DE PESSOAL NIVEL SUPERIOR;12;EDUCACAO;364;ENSINO SUPERIOR;2032;EDUCACAO SUPERIOR - GRADUACAO, POS-GRADUACAO, ENSINO, PESQUI;0487;CONCESSAO DE BOLSAS DE ESTUDO NO ENSINO SUPERIOR;0002;CONCESSAO DE BOLSAS DE ESTUDOS NO PAIS;12364203204870001;087493;FCCCGO0619N;PARNACION - CAPES/FUNCAP;90;APLICACOES DIRETAS;3;DESPESAS CORRENTES;3;OUTRAS DESPESAS CORRENTES;18;AUXILIO FINANCEIRO A ESTUDANTES;339018;AUXILIO FINANCEIRO A ESTUDANTES;12;RECURSOS DEST.A MANUT.E DES.DO ENSINO;2,255,400.00;;2,255,400.00;;2,255,400.00;0.00;2,255,400.00;2,255,400.00
2015;154003;FUND.COORD.DE APERF.DE PESSOAL NIVEL SUPERIOR;12;EDUCACAO;364;ENSINO SUPERIOR;2032;EDUCACAO SUPERIOR - GRADUACAO, POS-GRADUACAO, ENSINO, PESQUI;0487;CONCESSAO DE BOLSAS DE ESTUDO NO ENSINO SUPERIOR;0002;CONCESSAO DE BOLSAS DE ESTUDOS NO PAIS;12364203204870001;087493;FCCCGO0620N;PARNACION - CAPES/FAPEPI;90;APLICACOES DIRETAS;3;DESPESAS CORRENTES;3;OUTRAS DESPESAS CORRENTES;18;AUXILIO FINANCEIRO A ESTUDANTES;339018;AUXILIO FINANCEIRO A ESTUDANTES;12;RECURSOS DEST.A MANUT.E DES.DO ENSINO;3,283,000.00;;3,283,000.00;;3,283,000.00;0.00;3,283,000.00;3,283,000.00
2015;154003;FUND.COORD.DE APERF.DE PESSOAL NIVEL SUPERIOR;12;EDUCACAO;364;ENSINO SUPERIOR;2032;EDUCACAO SUPERIOR - GRADUACAO, POS-GRADUACAO, ENSINO, PESQUI;0487;CONCESSAO DE BOLSAS DE ESTUDO NO ENSINO SUPERIOR;0002;CONCESSAO DE BOLSAS DE ESTUDOS NO PAIS;12364203204870001;087493;FCCCGO0621N;PARNACION - CAPES/FAPEMAT;90;APLICACOES DIRETAS;3;DESPESAS CORRENTES;3;OUTRAS DESPESAS CORRENTES;18;AUXILIO FINANCEIRO A ESTUDANTES;339018;AUXILIO FINANCEIRO A ESTUDANTES;12;RECURSOS DEST.A MANUT.E DES.DO ENSINO;3,578,400.00;;3,578,400.00;;3,578,400.00;0.00;3,578,400.00;3,578,400.00
2015;154003;FUND.COORD.DE APERF.DE PESSOAL NIVEL SUPERIOR;12;EDUCACAO;364;ENSINO SUPERIOR;2032;EDUCACAO SUPERIOR - GRADUACAO, POS-GRADUACAO, ENSINO, PESQUI;0487;CONCESSAO DE BOLSAS DE ESTUDO NO ENSINO SUPERIOR;0002;CONCESSAO DE BOLSAS DE ESTUDOS NO PAIS;12364203204870001;087493;FCCCGO0622N;PARNACION - CAPES/FAPEG;90;APLICACOES DIRETAS;3;DESPESAS CORRENTES;3;OUTRAS DESPESAS CORRENTES;18;AUXILIO FINANCEIRO A ESTUDANTES;339018;AUXILIO FINANCEIRO A ESTUDANTES;12;RECURSOS DEST.A MANUT.E DES.DO ENSINO;7,073,600.00;;7,073,600.00;;7,073,200.00;400.00;7,072,800.00;7,072,800.00
2015;154003;FUND.COORD.DE APERF.DE PESSOAL NIVEL SUPERIOR;12;EDUCACAO;364;ENSINO SUPERIOR;2032;EDUCACAO SUPERIOR - GRADUACAO, POS-GRADUACAO, ENSINO, PESQUI;0487;CONCESSAO DE BOLSAS DE ESTUDO NO ENSINO SUPERIOR;0002;CONCESSAO DE BOLSAS DE ESTUDOS NO PAIS;12364203204870001;087493;FCCCGO0623N;PARNACION - CAPES/FUNDACAO ARAUCARIA;90;APLICACOES DIRETAS;3;DESPESAS CORRENTES;3;OUTRAS DESPESAS CORRENTES;18;AUXILIO FINANCEIRO A ESTUDANTES;339018;AUXILIO FINANCEIRO A ESTUDANTES;12;RECURSOS DEST.A MANUT.E DES.DO ENSINO;15493800.00;;15493800.00;;15493800.00;0.00;15493800.00;15493800.00
2015;154003;FUND.COORD.DE APERF.DE PESSOAL NIVEL SUPERIOR;12;EDUCACAO;364;ENSINO SUPERIOR;2032;EDUCACAO SUPERIOR - GRADUACAO, POS-GRADUACAO, ENSINO, PESQUI;0487;CONCESSAO DE BOLSAS DE ESTUDO NO ENSINO SUPERIOR;0002;CONCESSAO DE BOLSAS DE ESTUDOS NO PAIS;12364203204870001;087493;FCCCGO0624N;PARNACION - CAPES/FAPESB;90;APLICACOES DIRETAS;3;DESPESAS CORRENTES;3;OUTRAS DESPESAS CORRENTES;18;AUXILIO FINANCEIRO A ESTUDANTES;339018;AUXILIO FINANCEIRO A ESTUDANTES;12;RECURSOS DEST.A MANUT.E DES.DO ENSINO;3,581,200.00;;3,581,200.00;;3,581,200.00;0.00;3,581,200.00;3,581,200.00
2015;154003;FUND.COORD.DE APERF.DE PESSOAL NIVEL SUPERIOR;12;EDUCACAO;364;ENSINO SUPERIOR;2032;EDUCACAO SUPERIOR - GRADUACAO, POS-GRADUACAO, ENSINO, PESQUI;0487;CONCESSAO DE BOLSAS DE ESTUDO NO ENSINO SUPERIOR;0002;CONCESSAO DE BOLSAS DE ESTUDOS NO PAIS;12364203204870001;087493;FCCCGO0625N;PARNACION - CAPES/ELETRONUCLEAR;90;APLICACOES DIRETAS;3;DESPESAS CORRENTES;3;OUTRAS DESPESAS CORRENTES;18;AUXILIO FINANCEIRO A ESTUDANTES;339018;AUXILIO FINANCEIRO A ESTUDANTES;12;RECURSOS DEST.A MANUT.E DES.DO ENSINO;1,689,800.00;;1,689,800.00;;1,689,800.00;0.00;1,689,800.00;1,689,800.00
2015;154003;FUND.COORD.DE APERF.DE PESSOAL NIVEL SUPERIOR;12;EDUCACAO;364;ENSINO SUPERIOR;2032;EDUCACAO SUPERIOR - GRADUACAO, POS-GRADUACAO, ENSINO, PESQUI;0487;CONCESSAO DE BOLSAS DE ESTUDO NO ENSINO SUPERIOR;0002;CONCESSAO DE BOLSAS DE ESTUDOS NO PAIS;12364203204870001;087493;FCCCGO0627N;PARNACION - CAPES/FAPESC;90;APLICACOES DIRETAS;3;DESPESAS CORRENTES;3;OUTRAS DESPESAS CORRENTES;18;AUXILIO FINANCEIRO A ESTUDANTES;339018;AUXILIO FINANCEIRO A ESTUDANTES;12;RECURSOS DEST.A MANUT.E DES.DO ENSINO;5,121,700.00;;5,121,700.00;;5,121,700.00;1,500.00;5,120,200.00;5,120,200.00
2015;154003;FUND.COORD.DE APERF.DE PESSOAL NIVEL SUPERIOR;12;EDUCACAO;364;ENSINO SUPERIOR;2032;EDUCACAO SUPERIOR - GRADUACAO, POS-GRADUACAO, ENSINO, PESQUI;0487;CONCESSAO DE BOLSAS DE ESTUDO NO ENSINO SUPERIOR;0002;CONCESSAO DE BOLSAS DE ESTUDOS NO PAIS;12364203204870001;087493;FCCCGO0628N;PARNACION - CAPES/CNPEM;90;APLICACOES DIRETAS;3;DESPESAS CORRENTES;3;OUTRAS DESPESAS CORRENTES;18;AUXILIO FINANCEIRO A ESTUDANTES;339018;AUXILIO FINANCEIRO A ESTUDANTES;12;RECURSOS DEST.A MANUT.E DES.DO ENSINO;1,170,400.00;;1,170,400.00;;1,170,400.00;0.00;1,170,400.00;1,170,400.00
2015;154003;FUND.COORD.DE APERF.DE PESSOAL NIVEL SUPERIOR;12;EDUCACAO;364;ENSINO SUPERIOR;2032;EDUCACAO SUPERIOR - GRADUACAO, POS-GRADUACAO, ENSINO, PESQUI;0487;CONCESSAO DE BOLSAS DE ESTUDO NO ENSINO SUPERIOR;0002;CONCESSAO DE BOLSAS DE ESTUDOS NO PAIS;12364203204870001;087493;FCCCGO0629N;PARNACION - CAPES/ITA;90;APLICACOES DIRETAS;3;DESPESAS CORRENTES;3;OUTRAS DESPESAS CORRENTES;18;AUXILIO FINANCEIRO A ESTUDANTES;339018;AUXILIO FINANCEIRO A ESTUDANTES;12;RECURSOS DEST.A MANUT.E DES.DO ENSINO;2,176,207.04;;2,176,207.04;;2,176,207.04;0.00;2,176,207.04;2,176,207.04
2015;154003;FUND.COORD.DE APERF.DE PESSOAL NIVEL SUPERIOR;12;EDUCACAO;364;ENSINO SUPERIOR;2032;EDUCACAO SUPERIOR - GRADUACAO, POS-GRADUACAO, ENSINO, PESQUI;0487;CONCESSAO DE BOLSAS DE ESTUDO NO ENSINO SUPERIOR;0002;CONCESSAO DE BOLSAS DE ESTUDOS NO PAIS;12364203204870001;087493;FCCCGO0630N;PARNACION - CAPES/FUNDECT;90;APLICACOES DIRETAS;3;DESPESAS CORRENTES;3;OUTRAS DESPESAS CORRENTES;18;AUXILIO FINANCEIRO A ESTUDANTES;339018;AUXILIO FINANCEIRO A ESTUDANTES;12;RECURSOS DEST.A MANUT.E DES.DO ENSINO;6,890,562.60;;6,890,562.60;;6,881,657.18;8,905.42;6,872,751.76;6,872,751.76
2015;154003;FUND.COORD.DE APERF.DE PESSOAL NIVEL SUPERIOR;12;EDUCACAO;364;ENSINO SUPERIOR;2032;EDUCACAO SUPERIOR - GRADUACAO, POS-GRADUACAO, ENSINO, PESQUI;0487;CONCESSAO DE BOLSAS DE ESTUDO NO ENSINO SUPERIOR;0002;CONCESSAO DE BOLSAS DE ESTUDOS NO PAIS;12364203204870001;087493;FCCCGO0632N;PARNACION - CAPES/FAPAC;90;APLICACOES DIRETAS;3;DESPESAS CORRENTES;3;OUTRAS DESPESAS CORRENTES;18;AUXILIO FINANCEIRO A ESTUDANTES;339018;AUXILIO FINANCEIRO A ESTUDANTES;12;RECURSOS DEST.A MANUT.E DES.DO ENSINO;2,184,000.00;;2,184,000.00;;2,184,000.00;0.00;2,184,000.00;2,184,000.00
2015;154003;FUND.COORD.DE APERF.DE PESSOAL NIVEL SUPERIOR;12;EDUCACAO;364;ENSINO SUPERIOR;2032;EDUCACAO SUPERIOR - GRADUACAO, POS-GRADUACAO, ENSINO, PESQUI;0487;CONCESSAO DE BOLSAS DE ESTUDO NO ENSINO SUPERIOR;0002;CONCESSAO DE BOLSAS DE ESTUDOS NO PAIS;12364203204870001;087493;FCCCGO0633N;PARNACION - CAPES/FAPES;90;APLICACOES DIRETAS;3;DESPESAS CORRENTES;3;OUTRAS DESPESAS CORRENTES;18;AUXILIO FINANCEIRO A ESTUDANTES;339018;AUXILIO FINANCEIRO A ESTUDANTES;12;RECURSOS DEST.A MANUT.E DES.DO ENSINO;3,654,000.00;;3,654,000.00;;3,654,000.00;0.00;3,654,000.00;3,654,000.00
2015;154003;FUND.COORD.DE APERF.DE PESSOAL NIVEL SUPERIOR;12;EDUCACAO;364;ENSINO SUPERIOR;2032;EDUCACAO SUPERIOR - GRADUACAO, POS-GRADUACAO, ENSINO, PESQUI;0487;CONCESSAO DE BOLSAS DE ESTUDO NO ENSINO SUPERIOR;0002;CONCESSAO DE BOLSAS DE ESTUDOS NO PAIS;12364203204870001;087493;FCCCGO06A2N;PARNACION - CAPES/FIOCRUZ-BSM;90;APLICACOES DIRETAS;3;DESPESAS CORRENTES;3;OUTRAS DESPESAS CORRENTES;18;AUXILIO FINANCEIRO A ESTUDANTES;339018;AUXILIO FINANCEIRO A ESTUDANTES;12;RECURSOS DEST.A MANUT.E DES.DO ENSINO;3,603,600.00;;3,603,600.00;;3,603,600.00;0.00;3,603,600.00;3,603,600.00
2015;154003;FUND.COORD.DE APERF.DE PESSOAL NIVEL SUPERIOR;12;EDUCACAO;364;ENSINO SUPERIOR;2032;EDUCACAO SUPERIOR - GRADUACAO, POS-GRADUACAO, ENSINO, PESQUI;0487;CONCESSAO DE BOLSAS DE ESTUDO NO ENSINO SUPERIOR;0002;CONCESSAO DE BOLSAS DE ESTUDOS NO PAIS;12364203204870001;087493;FCCCGO06D1N;PARNACION - CAPES/CNPQ-REPENSA;90;APLICACOES DIRETAS;3;DESPESAS CORRENTES;3;OUTRAS DESPESAS CORRENTES;18;AUXILIO FINANCEIRO A ESTUDANTES;339018;AUXILIO FINANCEIRO A ESTUDANTES;12;RECURSOS DEST.A MANUT.E DES.DO ENSINO;299,600.00;;299,600.00;;299,600.00;0.00;299,600.00;299,600.00
2015;154003;FUND.COORD.DE APERF.DE PESSOAL NIVEL SUPERIOR;12;EDUCACAO;364;ENSINO SUPERIOR;2032;EDUCACAO SUPERIOR - GRADUACAO, POS-GRADUACAO, ENSINO, PESQUI;0487;CONCESSAO DE BOLSAS DE ESTUDO NO ENSINO SUPERIOR;0002;CONCESSAO DE BOLSAS DE ESTUDOS NO PAIS;12364203204870001;087493;FCCCGO06E1N;PARNACION - CAPES/CNPQ-SISBIOTA;90;APLICACOES DIRETAS;3;DESPESAS CORRENTES;3;OUTRAS DESPESAS CORRENTES;18;AUXILIO FINANCEIRO A ESTUDANTES;339018;AUXILIO FINANCEIRO A ESTUDANTES;12;RECURSOS DEST.A MANUT.E DES.DO ENSINO;119,000.00;;119,000.00;;119,000.00;0.00;119,000.00;119,000.00
2015;154003;FUND.COORD.DE APERF.DE PESSOAL NIVEL SUPERIOR;12;EDUCACAO;364;ENSINO SUPERIOR;2032;EDUCACAO SUPERIOR - GRADUACAO, POS-GRADUACAO, ENSINO, PESQUI;0487;CONCESSAO DE BOLSAS DE ESTUDO NO ENSINO SUPERIOR;0002;CONCESSAO DE BOLSAS DE ESTUDOS NO PAIS;12364203204870001;087493;FCCCGO06F1N;PARNACION - CAPES/CNPQ-REFLORA;90;APLICACOES DIRETAS;3;DESPESAS CORRENTES;3;OUTRAS DESPESAS CORRENTES;18;AUXILIO FINANCEIRO A ESTUDANTES;339018;AUXILIO FINANCEIRO A ESTUDANTES;12;RECURSOS DEST.A MANUT.E DES.DO ENSINO;126,000.00;;126,000.00;;126,000.00;0.00;126,000.00;126,000.00
2015;154003;FUND.COORD.DE APERF.DE PESSOAL NIVEL SUPERIOR;12;EDUCACAO;364;ENSINO SUPERIOR;2032;EDUCACAO SUPERIOR - GRADUACAO, POS-GRADUACAO, ENSINO, PESQUI;0487;CONCESSAO DE BOLSAS DE ESTUDO NO ENSINO SUPERIOR;0002;CONCESSAO DE BOLSAS DE ESTUDOS NO PAIS;12364203204870001;087493;FCCCGO06G1N;PARNACION - CAPES/CNPQ-PROTAX;90;APLICACOES DIRETAS;3;DESPESAS CORRENTES;3;OUTRAS DESPESAS CORRENTES;18;AUXILIO FINANCEIRO A ESTUDANTES;339018;AUXILIO FINANCEIRO A ESTUDANTES;12;RECURSOS DEST.A MANUT.E DES.DO ENSINO;298,200.00;;298,200.00;;298,200.00;0.00;298,200.00;298,200.00
2015;154003;FUND.COORD.DE APERF.DE PESSOAL NIVEL SUPERIOR;12;EDUCACAO;364;ENSINO SUPERIOR;2032;EDUCACAO SUPERIOR - GRADUACAO, POS-GRADUACAO, ENSINO, PESQUI;0487;CONCESSAO DE BOLSAS DE ESTUDO NO ENSINO SUPERIOR;0002;CONCESSAO DE BOLSAS DE ESTUDOS NO PAIS;12364203204870001;087493;FCCCGO06H1N;PARNACION - CAPES/CNPQ-PRO-CENTRO-OESTE;90;APLICACOES DIRETAS;3;DESPESAS CORRENTES;3;OUTRAS DESPESAS CORRENTES;18;AUXILIO FINANCEIRO A ESTUDANTES;339018;AUXILIO FINANCEIRO A ESTUDANTES;12;RECURSOS DEST.A MANUT.E DES.DO ENSINO;165,200.00;;165,200.00;;165,200.00;0.00;165,200.00;165,200.00
2015;154003;FUND.COORD.DE APERF.DE PESSOAL NIVEL SUPERIOR;12;EDUCACAO;364;ENSINO SUPERIOR;2032;EDUCACAO SUPERIOR - GRADUACAO, POS-GRADUACAO, ENSINO, PESQUI;0487;CONCESSAO DE BOLSAS DE ESTUDO NO ENSINO SUPERIOR;0002;CONCESSAO DE BOLSAS DE ESTUDOS NO PAIS;12364203204870001;087493;FCCCGO06J1N;PARNACION - CAPES/CNPQ-INCT;90;APLICACOES DIRETAS;3;DESPESAS CORRENTES;3;OUTRAS DESPESAS CORRENTES;18;AUXILIO FINANCEIRO A ESTUDANTES;339018;AUXILIO FINANCEIRO A ESTUDANTES;12;RECURSOS DEST.A MANUT.E DES.DO ENSINO;5,252,600.00;;5,252,600.00;;5,248,500.00;4,100.00;5,244,400.00;5,244,400.00
2015;154003;FUND.COORD.DE APERF.DE PESSOAL NIVEL SUPERIOR;12;EDUCACAO;364;ENSINO SUPERIOR;2032;EDUCACAO SUPERIOR - GRADUACAO, POS-GRADUACAO, ENSINO, PESQUI;0487;CONCESSAO DE BOLSAS DE ESTUDO NO ENSINO SUPERIOR;0002;CONCESSAO DE BOLSAS DE ESTUDOS NO PAIS;12364203204870001;087493;FCCCUG0605N;BFSUPERIOR - NANOBIO;90;APLICACOES DIRETAS;3;DESPESAS CORRENTES;3;OUTRAS DESPESAS CORRENTES;18;AUXILIO FINANCEIRO A ESTUDANTES;339018;AUXILIO FINANCEIRO A ESTUDANTES;12;RECURSOS DEST.A MANUT.E DES.DO ENSINO;0.00;;0.00;;0.00;0.00;;
2015;154003;FUND.COORD.DE APERF.DE PESSOAL NIVEL SUPERIOR;12;EDUCACAO;364;ENSINO SUPERIOR;2032;EDUCACAO SUPERIOR - GRADUACAO, POS-GRADUACAO, ENSINO, PESQUI;0487;CONCESSAO DE BOLSAS DE ESTUDO NO ENSINO SUPERIOR;0002;CONCESSAO DE BOLSAS DE ESTUDOS NO PAIS;12364203204870001;087493;FCCCUG0611N;BFSUPERIOR - PROCAD;90;APLICACOES DIRETAS;3;DESPESAS CORRENTES;3;OUTRAS DESPESAS CORRENTES;18;AUXILIO FINANCEIRO A ESTUDANTES;339018;AUXILIO FINANCEIRO A ESTUDANTES;12;RECURSOS DEST.A MANUT.E DES.DO ENSINO;0.00;;0.00;;0.00;0.00;;
2015;154003;FUND.COORD.DE APERF.DE PESSOAL NIVEL SUPERIOR;12;EDUCACAO;364;ENSINO SUPERIOR;2032;EDUCACAO SUPERIOR - GRADUACAO, POS-GRADUACAO, ENSINO, PESQUI;0487;CONCESSAO DE BOLSAS DE ESTUDO NO ENSINO SUPERIOR;0002;CONCESSAO DE BOLSAS DE ESTUDOS NO PAIS;12364203204870001;087493;FCCCUG0612N;BFSUPERIOR - PRO-BOTANICA/PNADB;90;APLICACOES DIRETAS;3;DESPESAS CORRENTES;3;OUTRAS DESPESAS CORRENTES;18;AUXILIO FINANCEIRO A ESTUDANTES;339018;AUXILIO FINANCEIRO A ESTUDANTES;12;RECURSOS DEST.A MANUT.E DES.DO ENSINO;0.00;;0.00;;0.00;0.00;;
2015;154003;FUND.COORD.DE APERF.DE PESSOAL NIVEL SUPERIOR;12;EDUCACAO;364;ENSINO SUPERIOR;2032;EDUCACAO SUPERIOR - GRADUACAO, POS-GRADUACAO, ENSINO, PESQUI;0487;CONCESSAO DE BOLSAS DE ESTUDO NO ENSINO SUPERIOR;0002;CONCESSAO DE BOLSAS DE ESTUDOS NO PAIS;12364203204870001;087493;FCCCUG0626N;BFSUPERIOR - JOVENS TALENTOS PARA CIENCIA;90;APLICACOES DIRETAS;3;DESPESAS CORRENTES;3;OUTRAS DESPESAS CORRENTES;18;AUXILIO FINANCEIRO A ESTUDANTES;339018;AUXILIO FINANCEIRO A ESTUDANTES;12;RECURSOS DEST.A MANUT.E DES.DO ENSINO;0.00;;0.00;;0.00;0.00;;
2015;154003;FUND.COORD.DE APERF.DE PESSOAL NIVEL SUPERIOR;12;EDUCACAO;364;ENSINO SUPERIOR;2032;EDUCACAO SUPERIOR - GRADUACAO, POS-GRADUACAO, ENSINO, PESQUI;0487;CONCESSAO DE BOLSAS DE ESTUDO NO ENSINO SUPERIOR;0002;CONCESSAO DE BOLSAS DE ESTUDOS NO PAIS;12364203204870001;087493;FCCCUO0603N;BFSUPERIOR - PROEX;90;APLICACOES DIRETAS;3;DESPESAS CORRENTES;3;OUTRAS DESPESAS CORRENTES;18;AUXILIO FINANCEIRO A ESTUDANTES;339018;AUXILIO FINANCEIRO A ESTUDANTES;12;RECURSOS DEST.A MANUT.E DES.DO ENSINO;261149479.56;;261149479.56;;261139179.56;39,391.16;261099788.40;261099788.40
2015;154003;FUND.COORD.DE APERF.DE PESSOAL NIVEL SUPERIOR;12;EDUCACAO;364;ENSINO SUPERIOR;2032;EDUCACAO SUPERIOR - GRADUACAO, POS-GRADUACAO, ENSINO, PESQUI;0487;CONCESSAO DE BOLSAS DE ESTUDO NO ENSINO SUPERIOR;0002;CONCESSAO DE BOLSAS DE ESTUDOS NO PAIS;12364203204870001;087493;FCCCUO0604N;BFSUPERIOR - DEMANDA SOCIAL;90;APLICACOES DIRETAS;3;DESPESAS CORRENTES;3;OUTRAS DESPESAS CORRENTES;18;AUXILIO FINANCEIRO A ESTUDANTES;339018;AUXILIO FINANCEIRO A ESTUDANTES;12;RECURSOS DEST.A MANUT.E DES.DO ENSINO;1292300724.2;;1292300724.2;;1292245124.2;96,900.00;1292148224.2;1292148224.2
2015;154003;FUND.COORD.DE APERF.DE PESSOAL NIVEL SUPERIOR;12;EDUCACAO;364;ENSINO SUPERIOR;2032;EDUCACAO SUPERIOR - GRADUACAO, POS-GRADUACAO, ENSINO, PESQUI;0487;CONCESSAO DE BOLSAS DE ESTUDO NO ENSINO SUPERIOR;0002;CONCESSAO DE BOLSAS DE ESTUDOS NO PAIS;12364203204870001;087493;FCCCUO0605N;BFSUPERIOR - NANOBIO;90;APLICACOES DIRETAS;3;DESPESAS CORRENTES;3;OUTRAS DESPESAS CORRENTES;18;AUXILIO FINANCEIRO A ESTUDANTES;339018;AUXILIO FINANCEIRO A ESTUDANTES;12;RECURSOS DEST.A MANUT.E DES.DO ENSINO;1,572,200.00;;1,572,200.00;;1,572,200.00;0.00;1,572,200.00;1,572,200.00
2015;154003;FUND.COORD.DE APERF.DE PESSOAL NIVEL SUPERIOR;12;EDUCACAO;364;ENSINO SUPERIOR;2032;EDUCACAO SUPERIOR - GRADUACAO, POS-GRADUACAO, ENSINO, PESQUI;0487;CONCESSAO DE BOLSAS DE ESTUDO NO ENSINO SUPERIOR;0002;CONCESSAO DE BOLSAS DE ESTUDOS NO PAIS;12364203204870001;087493;FCCCUO0606N;BFSUPERIOR - TOXINOLOGIA;90;APLICACOES DIRETAS;3;DESPESAS CORRENTES;3;OUTRAS DESPESAS CORRENTES;18;AUXILIO FINANCEIRO A ESTUDANTES;339018;AUXILIO FINANCEIRO A ESTUDANTES;12;RECURSOS DEST.A MANUT.E DES.DO ENSINO;3,673,600.00;;3,673,600.00;;3,673,600.00;0.00;3,673,600.00;3,673,600.00
2015;154003;FUND.COORD.DE APERF.DE PESSOAL NIVEL SUPERIOR;12;EDUCACAO;364;ENSINO SUPERIOR;2032;EDUCACAO SUPERIOR - GRADUACAO, POS-GRADUACAO, ENSINO, PESQUI;0487;CONCESSAO DE BOLSAS DE ESTUDO NO ENSINO SUPERIOR;0002;CONCESSAO DE BOLSAS DE ESTUDOS NO PAIS;12364203204870001;087493;FCCCUO0607N;BFSUPERIOR - CIENCIAS DO MAR;90;APLICACOES DIRETAS;3;DESPESAS CORRENTES;3;OUTRAS DESPESAS CORRENTES;18;AUXILIO FINANCEIRO A ESTUDANTES;339018;AUXILIO FINANCEIRO A ESTUDANTES;12;RECURSOS DEST.A MANUT.E DES.DO ENSINO;4,583,600.00;;4,583,600.00;;4,583,600.00;0.00;4,583,600.00;4,583,600.00
2015;154003;FUND.COORD.DE APERF.DE PESSOAL NIVEL SUPERIOR;12;EDUCACAO;364;ENSINO SUPERIOR;2032;EDUCACAO SUPERIOR - GRADUACAO, POS-GRADUACAO, ENSINO, PESQUI;0487;CONCESSAO DE BOLSAS DE ESTUDO NO ENSINO SUPERIOR;0002;CONCESSAO DE BOLSAS DE ESTUDOS NO PAIS;12364203204870001;087493;FCCCUO0608N;BFSUPERIOR - RHTVD;90;APLICACOES DIRETAS;3;DESPESAS CORRENTES;3;OUTRAS DESPESAS CORRENTES;18;AUXILIO FINANCEIRO A ESTUDANTES;339018;AUXILIO FINANCEIRO A ESTUDANTES;12;RECURSOS DEST.A MANUT.E DES.DO ENSINO;0.00;;0.00;;0.00;0.00;;
2015;154003;FUND.COORD.DE APERF.DE PESSOAL NIVEL SUPERIOR;12;EDUCACAO;364;ENSINO SUPERIOR;2032;EDUCACAO SUPERIOR - GRADUACAO, POS-GRADUACAO, ENSINO, PESQUI;0487;CONCESSAO DE BOLSAS DE ESTUDO NO ENSINO SUPERIOR;0002;CONCESSAO DE BOLSAS DE ESTUDOS NO PAIS;12364203204870001;087493;FCCCUO0609N;BFSUPERIOR - PRO-ADMINISTRACAO;90;APLICACOES DIRETAS;3;DESPESAS CORRENTES;3;OUTRAS DESPESAS CORRENTES;18;AUXILIO FINANCEIRO A ESTUDANTES;339018;AUXILIO FINANCEIRO A ESTUDANTES;12;RECURSOS DEST.A MANUT.E DES.DO ENSINO;21,000.00;;21,000.00;;21,000.00;0.00;21,000.00;21,000.00
2015;154003;FUND.COORD.DE APERF.DE PESSOAL NIVEL SUPERIOR;12;EDUCACAO;364;ENSINO SUPERIOR;2032;EDUCACAO SUPERIOR - GRADUACAO, POS-GRADUACAO, ENSINO, PESQUI;0487;CONCESSAO DE BOLSAS DE ESTUDO NO ENSINO SUPERIOR;0002;CONCESSAO DE BOLSAS DE ESTUDOS NO PAIS;12364203204870001;087493;FCCCUO0610N;BFSUPERIOR - PRO-ENSINO NA SAUDE;90;APLICACOES DIRETAS;3;DESPESAS CORRENTES;3;OUTRAS DESPESAS CORRENTES;18;AUXILIO FINANCEIRO A ESTUDANTES;339018;AUXILIO FINANCEIRO A ESTUDANTES;12;RECURSOS DEST.A MANUT.E DES.DO ENSINO;3,246,800.00;;3,246,800.00;;3,244,600.00;0.00;3,244,600.00;3,244,600.00
2015;154003;FUND.COORD.DE APERF.DE PESSOAL NIVEL SUPERIOR;12;EDUCACAO;364;ENSINO SUPERIOR;2032;EDUCACAO SUPERIOR - GRADUACAO, POS-GRADUACAO, ENSINO, PESQUI;0487;CONCESSAO DE BOLSAS DE ESTUDO NO ENSINO SUPERIOR;0002;CONCESSAO DE BOLSAS DE ESTUDOS NO PAIS;12364203204870001;087493;FCCCUO0611N;BFSUPERIOR - PROCAD;90;APLICACOES DIRETAS;3;DESPESAS CORRENTES;3;OUTRAS DESPESAS CORRENTES;18;AUXILIO FINANCEIRO A ESTUDANTES;339018;AUXILIO FINANCEIRO A ESTUDANTES;12;RECURSOS DEST.A MANUT.E DES.DO ENSINO;1,150,800.00;;1,150,800.00;;1,150,800.00;0.00;1,150,800.00;1,150,800.00
2015;154003;FUND.COORD.DE APERF.DE PESSOAL NIVEL SUPERIOR;12;EDUCACAO;364;ENSINO SUPERIOR;2032;EDUCACAO SUPERIOR - GRADUACAO, POS-GRADUACAO, ENSINO, PESQUI;0487;CONCESSAO DE BOLSAS DE ESTUDO NO ENSINO SUPERIOR;0002;CONCESSAO DE BOLSAS DE ESTUDOS NO PAIS;12364203204870001;087493;FCCCUO0612N;BFSUPERIOR - PRO-BOTANICA/PNADB;90;APLICACOES DIRETAS;3;DESPESAS CORRENTES;3;OUTRAS DESPESAS CORRENTES;18;AUXILIO FINANCEIRO A ESTUDANTES;339018;AUXILIO FINANCEIRO A ESTUDANTES;12;RECURSOS DEST.A MANUT.E DES.DO ENSINO;322,000.00;;322,000.00;;322,000.00;0.00;322,000.00;322,000.00
2015;154003;FUND.COORD.DE APERF.DE PESSOAL NIVEL SUPERIOR;12;EDUCACAO;364;ENSINO SUPERIOR;2032;EDUCACAO SUPERIOR - GRADUACAO, POS-GRADUACAO, ENSINO, PESQUI;0487;CONCESSAO DE BOLSAS DE ESTUDO NO ENSINO SUPERIOR;0002;CONCESSAO DE BOLSAS DE ESTUDOS NO PAIS;12364203204870001;087493;FCCCUO0613N;BFSUPERIOR - PROESP;90;APLICACOES DIRETAS;3;DESPESAS CORRENTES;3;OUTRAS DESPESAS CORRENTES;18;AUXILIO FINANCEIRO A ESTUDANTES;339018;AUXILIO FINANCEIRO A ESTUDANTES;12;RECURSOS DEST.A MANUT.E DES.DO ENSINO;93,800.00;;93,800.00;;93,800.00;0.00;93,800.00;93,800.00
2015;154003;FUND.COORD.DE APERF.DE PESSOAL NIVEL SUPERIOR;12;EDUCACAO;364;ENSINO SUPERIOR;2032;EDUCACAO SUPERIOR - GRADUACAO, POS-GRADUACAO, ENSINO, PESQUI;0487;CONCESSAO DE BOLSAS DE ESTUDO NO ENSINO SUPERIOR;0002;CONCESSAO DE BOLSAS DE ESTUDOS NO PAIS;12364203204870001;087493;FCCCUO0614N;BFSUPERIOR - PREMIO;90;APLICACOES DIRETAS;3;DESPESAS CORRENTES;3;OUTRAS DESPESAS CORRENTES;18;AUXILIO FINANCEIRO A ESTUDANTES;339018;AUXILIO FINANCEIRO A ESTUDANTES;12;RECURSOS DEST.A MANUT.E DES.DO ENSINO;2,927,400.00;;2,927,400.00;;2,927,400.00;0.00;2,927,400.00;2,927,400.00
2015;154003;FUND.COORD.DE APERF.DE PESSOAL NIVEL SUPERIOR;12;EDUCACAO;364;ENSINO SUPERIOR;2032;EDUCACAO SUPERIOR - GRADUACAO, POS-GRADUACAO, ENSINO, PESQUI;0487;CONCESSAO DE BOLSAS DE ESTUDO NO ENSINO SUPERIOR;0002;CONCESSAO DE BOLSAS DE ESTUDOS NO PAIS;12364203204870001;087493;FCCCUO0616N;BFSUPERIOR - PROSUP;90;APLICACOES DIRETAS;3;DESPESAS CORRENTES;3;OUTRAS DESPESAS CORRENTES;18;AUXILIO FINANCEIRO A ESTUDANTES;339018;AUXILIO FINANCEIRO A ESTUDANTES;12;RECURSOS DEST.A MANUT.E DES.DO ENSINO;131965400.00;;131965400.00;;131958200.00;9,600.00;131948600.00;131948600.00
2015;154003;FUND.COORD.DE APERF.DE PESSOAL NIVEL SUPERIOR;12;EDUCACAO;364;ENSINO SUPERIOR;2032;EDUCACAO SUPERIOR - GRADUACAO, POS-GRADUACAO, ENSINO, PESQUI;0487;CONCESSAO DE BOLSAS DE ESTUDO NO ENSINO SUPERIOR;0002;CONCESSAO DE BOLSAS DE ESTUDOS NO PAIS;12364203204870001;087493;FCCCUO0617N;BFSUPERIOR - PRODOUTORAL;90;APLICACOES DIRETAS;3;DESPESAS CORRENTES;3;OUTRAS DESPESAS CORRENTES;18;AUXILIO FINANCEIRO A ESTUDANTES;339018;AUXILIO FINANCEIRO A ESTUDANTES;12;RECURSOS DEST.A MANUT.E DES.DO ENSINO;11650100.00;;11650100.00;;11650100.00;0.00;11650100.00;11650100.00
2015;154003;FUND.COORD.DE APERF.DE PESSOAL NIVEL SUPERIOR;12;EDUCACAO;364;ENSINO SUPERIOR;2032;EDUCACAO SUPERIOR - GRADUACAO, POS-GRADUACAO, ENSINO, PESQUI;0487;CONCESSAO DE BOLSAS DE ESTUDO NO ENSINO SUPERIOR;0002;CONCESSAO DE BOLSAS DE ESTUDOS NO PAIS;12364203204870001;087493;FCCCUO0618N;BFSUPERIOR - MINTER;90;APLICACOES DIRETAS;3;DESPESAS CORRENTES;3;OUTRAS DESPESAS CORRENTES;18;AUXILIO FINANCEIRO A ESTUDANTES;339018;AUXILIO FINANCEIRO A ESTUDANTES;12;RECURSOS DEST.A MANUT.E DES.DO ENSINO;0.00;;0.00;;0.00;0.00;;
2015;154003;FUND.COORD.DE APERF.DE PESSOAL NIVEL SUPERIOR;12;EDUCACAO;364;ENSINO SUPERIOR;2032;EDUCACAO SUPERIOR - GRADUACAO, POS-GRADUACAO, ENSINO, PESQUI;0487;CONCESSAO DE BOLSAS DE ESTUDO NO ENSINO SUPERIOR;0002;CONCESSAO DE BOLSAS DE ESTUDOS NO PAIS;12364203204870001;087493;FCCCUO0619N;BFSUPERIOR - DINTER;90;APLICACOES DIRETAS;3;DESPESAS CORRENTES;3;OUTRAS DESPESAS CORRENTES;18;AUXILIO FINANCEIRO A ESTUDANTES;339018;AUXILIO FINANCEIRO A ESTUDANTES;12;RECURSOS DEST.A MANUT.E DES.DO ENSINO;5,020,400.00;;5,020,400.00;;5,020,400.00;0.00;5,020,400.00;5,020,400.00
2015;154003;FUND.COORD.DE APERF.DE PESSOAL NIVEL SUPERIOR;12;EDUCACAO;364;ENSINO SUPERIOR;2032;EDUCACAO SUPERIOR - GRADUACAO, POS-GRADUACAO, ENSINO, PESQUI;0487;CONCESSAO DE BOLSAS DE ESTUDO NO ENSINO SUPERIOR;0002;CONCESSAO DE BOLSAS DE ESTUDOS NO PAIS;12364203204870001;087493;FCCCUO0620N;BFSUPERIOR - PRODOC;90;APLICACOES DIRETAS;3;DESPESAS CORRENTES;3;OUTRAS DESPESAS CORRENTES;18;AUXILIO FINANCEIRO A ESTUDANTES;339018;AUXILIO FINANCEIRO A ESTUDANTES;12;RECURSOS DEST.A MANUT.E DES.DO ENSINO;0.00;;0.00;;0.00;0.00;;
2015;154003;FUND.COORD.DE APERF.DE PESSOAL NIVEL SUPERIOR;12;EDUCACAO;364;ENSINO SUPERIOR;2032;EDUCACAO SUPERIOR - GRADUACAO, POS-GRADUACAO, ENSINO, PESQUI;0487;CONCESSAO DE BOLSAS DE ESTUDO NO ENSINO SUPERIOR;0002;CONCESSAO DE BOLSAS DE ESTUDOS NO PAIS;12364203204870001;087493;FCCCUO0621N;BFSUPERIOR - PNPD;90;APLICACOES DIRETAS;3;DESPESAS CORRENTES;3;OUTRAS DESPESAS CORRENTES;18;AUXILIO FINANCEIRO A ESTUDANTES;339018;AUXILIO FINANCEIRO A ESTUDANTES;12;RECURSOS DEST.A MANUT.E DES.DO ENSINO;215250000.00;;215250000.00;;215241800.00;32,800.00;215209000.00;215209000.00
2015;154003;FUND.COORD.DE APERF.DE PESSOAL NIVEL SUPERIOR;12;EDUCACAO;364;ENSINO SUPERIOR;2032;EDUCACAO SUPERIOR - GRADUACAO, POS-GRADUACAO, ENSINO, PESQUI;0487;CONCESSAO DE BOLSAS DE ESTUDO NO ENSINO SUPERIOR;0002;CONCESSAO DE BOLSAS DE ESTUDOS NO PAIS;12364203204870001;087493;FCCCUO0622N;BFSUPERIOR - PRO-ENGENHARIAS;90;APLICACOES DIRETAS;3;DESPESAS CORRENTES;3;OUTRAS DESPESAS CORRENTES;18;AUXILIO FINANCEIRO A ESTUDANTES;339018;AUXILIO FINANCEIRO A ESTUDANTES;12;RECURSOS DEST.A MANUT.E DES.DO ENSINO;0.00;;0.00;;0.00;0.00;;
2015;154003;FUND.COORD.DE APERF.DE PESSOAL NIVEL SUPERIOR;12;EDUCACAO;364;ENSINO SUPERIOR;2032;EDUCACAO SUPERIOR - GRADUACAO, POS-GRADUACAO, ENSINO, PESQUI;0487;CONCESSAO DE BOLSAS DE ESTUDO NO ENSINO SUPERIOR;0002;CONCESSAO DE BOLSAS DE ESTUDOS NO PAIS;12364203204870001;087493;FCCCUO0623N;BFSUPERIOR - PARASITOLOGIA BASICA;90;APLICACOES DIRETAS;3;DESPESAS CORRENTES;3;OUTRAS DESPESAS CORRENTES;18;AUXILIO FINANCEIRO A ESTUDANTES;339018;AUXILIO FINANCEIRO A ESTUDANTES;12;RECURSOS DEST.A MANUT.E DES.DO ENSINO;2,599,800.00;;2,599,800.00;;2,599,800.00;0.00;2,599,800.00;2,599,800.00
2015;154003;FUND.COORD.DE APERF.DE PESSOAL NIVEL SUPERIOR;12;EDUCACAO;364;ENSINO SUPERIOR;2032;EDUCACAO SUPERIOR - GRADUACAO, POS-GRADUACAO, ENSINO, PESQUI;0487;CONCESSAO DE BOLSAS DE ESTUDO NO ENSINO SUPERIOR;0002;CONCESSAO DE BOLSAS DE ESTUDOS NO PAIS;12364203204870001;087493;FCCCUO0624N;BFSUPERIOR - PBE-DPM;90;APLICACOES DIRETAS;3;DESPESAS CORRENTES;3;OUTRAS DESPESAS CORRENTES;18;AUXILIO FINANCEIRO A ESTUDANTES;339018;AUXILIO FINANCEIRO A ESTUDANTES;12;RECURSOS DEST.A MANUT.E DES.DO ENSINO;92,400.00;;92,400.00;;92,400.00;0.00;92,400.00;92,400.00
2015;154003;FUND.COORD.DE APERF.DE PESSOAL NIVEL SUPERIOR;12;EDUCACAO;364;ENSINO SUPERIOR;2032;EDUCACAO SUPERIOR - GRADUACAO, POS-GRADUACAO, ENSINO, PESQUI;0487;CONCESSAO DE BOLSAS DE ESTUDO NO ENSINO SUPERIOR;0002;CONCESSAO DE BOLSAS DE ESTUDOS NO PAIS;12364203204870001;087493;FCCCUO0625N;BFSUPERIOR - PRO-AMAZONIA AZUL;90;APLICACOES DIRETAS;3;DESPESAS CORRENTES;3;OUTRAS DESPESAS CORRENTES;18;AUXILIO FINANCEIRO A ESTUDANTES;339018;AUXILIO FINANCEIRO A ESTUDANTES;12;RECURSOS DEST.A MANUT.E DES.DO ENSINO;0.00;;0.00;;0.00;0.00;;
2015;154003;FUND.COORD.DE APERF.DE PESSOAL NIVEL SUPERIOR;12;EDUCACAO;364;ENSINO SUPERIOR;2032;EDUCACAO SUPERIOR - GRADUACAO, POS-GRADUACAO, ENSINO, PESQUI;0487;CONCESSAO DE BOLSAS DE ESTUDO NO ENSINO SUPERIOR;0002;CONCESSAO DE BOLSAS DE ESTUDOS NO PAIS;12364203204870001;087493;FCCCUO0627N;BFSUPERIOR - PIQDTEC;90;APLICACOES DIRETAS;3;DESPESAS CORRENTES;3;OUTRAS DESPESAS CORRENTES;18;AUXILIO FINANCEIRO A ESTUDANTES;339018;AUXILIO FINANCEIRO A ESTUDANTES;12;RECURSOS DEST.A MANUT.E DES.DO ENSINO;0.00;;0.00;;0.00;0.00;;
2015;154003;FUND.COORD.DE APERF.DE PESSOAL NIVEL SUPERIOR;12;EDUCACAO;364;ENSINO SUPERIOR;2032;EDUCACAO SUPERIOR - GRADUACAO, POS-GRADUACAO, ENSINO, PESQUI;0487;CONCESSAO DE BOLSAS DE ESTUDO NO ENSINO SUPERIOR;0002;CONCESSAO DE BOLSAS DE ESTUDOS NO PAIS;12364203204870001;087493;FCCCUO0629N;BFSUPERIOR - PVS;90;APLICACOES DIRETAS;3;DESPESAS CORRENTES;3;OUTRAS DESPESAS CORRENTES;18;AUXILIO FINANCEIRO A ESTUDANTES;339018;AUXILIO FINANCEIRO A ESTUDANTES;12;RECURSOS DEST.A MANUT.E DES.DO ENSINO;997,407.04;;997,407.04;;997,407.04;0.00;997,407.04;997,407.04
2015;154003;FUND.COORD.DE APERF.DE PESSOAL NIVEL SUPERIOR;12;EDUCACAO;364;ENSINO SUPERIOR;2032;EDUCACAO SUPERIOR - GRADUACAO, POS-GRADUACAO, ENSINO, PESQUI;0487;CONCESSAO DE BOLSAS DE ESTUDO NO ENSINO SUPERIOR;0002;CONCESSAO DE BOLSAS DE ESTUDOS NO PAIS;12364203204870001;087493;FCCCUO0630N;BFSUPERIOR - PVNS;90;APLICACOES DIRETAS;3;DESPESAS CORRENTES;3;OUTRAS DESPESAS CORRENTES;18;AUXILIO FINANCEIRO A ESTUDANTES;339018;AUXILIO FINANCEIRO A ESTUDANTES;12;RECURSOS DEST.A MANUT.E DES.DO ENSINO;14462402.08;;14462402.08;;14462402.08;0.00;14462402.08;14462402.08
2015;154003;FUND.COORD.DE APERF.DE PESSOAL NIVEL SUPERIOR;12;EDUCACAO;364;ENSINO SUPERIOR;2032;EDUCACAO SUPERIOR - GRADUACAO, POS-GRADUACAO, ENSINO, PESQUI;0487;CONCESSAO DE BOLSAS DE ESTUDO NO ENSINO SUPERIOR;0002;CONCESSAO DE BOLSAS DE ESTUDOS NO PAIS;12364203204870001;087493;FCCCUO0631N;BFSUPERIOR - ISF-INGLES SEM FRONTEIRAS;90;APLICACOES DIRETAS;3;DESPESAS CORRENTES;3;OUTRAS DESPESAS CORRENTES;18;AUXILIO FINANCEIRO A ESTUDANTES;339018;AUXILIO FINANCEIRO A ESTUDANTES;12;RECURSOS DEST.A MANUT.E DES.DO ENSINO;9,455,600.00;;9,455,600.00;;9,455,600.00;0.00;9,455,600.00;9,455,600.00
2015;154003;FUND.COORD.DE APERF.DE PESSOAL NIVEL SUPERIOR;12;EDUCACAO;364;ENSINO SUPERIOR;2032;EDUCACAO SUPERIOR - GRADUACAO, POS-GRADUACAO, ENSINO, PESQUI;0487;CONCESSAO DE BOLSAS DE ESTUDO NO ENSINO SUPERIOR;0002;CONCESSAO DE BOLSAS DE ESTUDOS NO PAIS;12364203204870001;087493;FCCCUO0632N;BFSUPERIOR - PRO-AMAZONIA;90;APLICACOES DIRETAS;3;DESPESAS CORRENTES;3;OUTRAS DESPESAS CORRENTES;18;AUXILIO FINANCEIRO A ESTUDANTES;339018;AUXILIO FINANCEIRO A ESTUDANTES;12;RECURSOS DEST.A MANUT.E DES.DO ENSINO;2,789,600.00;;2,789,600.00;;2,789,600.00;0.00;2,789,600.00;2,789,600.00
2015;154003;FUND.COORD.DE APERF.DE PESSOAL NIVEL SUPERIOR;12;EDUCACAO;364;ENSINO SUPERIOR;2032;EDUCACAO SUPERIOR - GRADUACAO, POS-GRADUACAO, ENSINO, PESQUI;0487;CONCESSAO DE BOLSAS DE ESTUDO NO ENSINO SUPERIOR;0002;CONCESSAO DE BOLSAS DE ESTUDOS NO PAIS;12364203204870001;087493;FCCCUO0634N;BFSUPERIOR - BIOCOMPUT;90;APLICACOES DIRETAS;3;DESPESAS CORRENTES;3;OUTRAS DESPESAS CORRENTES;18;AUXILIO FINANCEIRO A ESTUDANTES;339018;AUXILIO FINANCEIRO A ESTUDANTES;12;RECURSOS DEST.A MANUT.E DES.DO ENSINO;3,005,241.56;;3,005,241.56;;3,002,241.56;3,000.00;2,999,241.56;2,999,241.56
2015;154003;FUND.COORD.DE APERF.DE PESSOAL NIVEL SUPERIOR;12;EDUCACAO;364;ENSINO SUPERIOR;2032;EDUCACAO SUPERIOR - GRADUACAO, POS-GRADUACAO, ENSINO, PESQUI;0487;CONCESSAO DE BOLSAS DE ESTUDO NO ENSINO SUPERIOR;0002;CONCESSAO DE BOLSAS DE ESTUDOS NO PAIS;12364203204870001;087493;FCCCUO0636N;BFSUPERIOR - PRO-FORENSES;90;APLICACOES DIRETAS;3;DESPESAS CORRENTES;3;OUTRAS DESPESAS CORRENTES;18;AUXILIO FINANCEIRO A ESTUDANTES;339018;AUXILIO FINANCEIRO A ESTUDANTES;12;RECURSOS DEST.A MANUT.E DES.DO ENSINO;260,400.00;;260,400.00;;260,400.00;0.00;260,400.00;260,400.00
2015;154003;FUND.COORD.DE APERF.DE PESSOAL NIVEL SUPERIOR;12;EDUCACAO;364;ENSINO SUPERIOR;2032;EDUCACAO SUPERIOR - GRADUACAO, POS-GRADUACAO, ENSINO, PESQUI;0487;CONCESSAO DE BOLSAS DE ESTUDO NO ENSINO SUPERIOR;0002;CONCESSAO DE BOLSAS DE ESTUDOS NO PAIS;12364203204870001;087493;FCCCUO0637N;BFSUPERIOR - PRO-ALERTAS;90;APLICACOES DIRETAS;3;DESPESAS CORRENTES;3;OUTRAS DESPESAS CORRENTES;18;AUXILIO FINANCEIRO A ESTUDANTES;339018;AUXILIO FINANCEIRO A ESTUDANTES;12;RECURSOS DEST.A MANUT.E DES.DO ENSINO;0.00;;0.00;;0.00;0.00;;
2015;154003;FUND.COORD.DE APERF.DE PESSOAL NIVEL SUPERIOR;12;EDUCACAO;364;ENSINO SUPERIOR;2032;EDUCACAO SUPERIOR - GRADUACAO, POS-GRADUACAO, ENSINO, PESQUI;0487;CONCESSAO DE BOLSAS DE ESTUDO NO ENSINO SUPERIOR;0002;CONCESSAO DE BOLSAS DE ESTUDOS NO PAIS;12364203204870001;087493;FCCCUO0693N;BFSUPERIOR - PROFESSOR VISITANTE NACIONAL;90;APLICACOES DIRETAS;3;DESPESAS CORRENTES;3;OUTRAS DESPESAS CORRENTES;18;AUXILIO FINANCEIRO A ESTUDANTES;339018;AUXILIO FINANCEIRO A ESTUDANTES;12;RECURSOS DEST.A MANUT.E DES.DO ENSINO;0.00;;0.00;;0.00;0.00;;
2015;154003;FUND.COORD.DE APERF.DE PESSOAL NIVEL SUPERIOR;12;EDUCACAO;364;ENSINO SUPERIOR;2032;EDUCACAO SUPERIOR - GRADUACAO, POS-GRADUACAO, ENSINO, PESQUI;0487;CONCESSAO DE BOLSAS DE ESTUDO NO ENSINO SUPERIOR;0002;CONCESSAO DE BOLSAS DE ESTUDOS NO PAIS;12364203204870001;087493;FCCCUO0698N;BFSUPERIOR - PROFESSOR VISITANTE ESTRANGEIRO;90;APLICACOES DIRETAS;3;DESPESAS CORRENTES;3;OUTRAS DESPESAS CORRENTES;18;AUXILIO FINANCEIRO A ESTUDANTES;339018;AUXILIO FINANCEIRO A ESTUDANTES;12;RECURSOS DEST.A MANUT.E DES.DO ENSINO;0.00;;0.00;;0.00;0.00;;
2015;154003;FUND.COORD.DE APERF.DE PESSOAL NIVEL SUPERIOR;12;EDUCACAO;364;ENSINO SUPERIOR;2032;EDUCACAO SUPERIOR - GRADUACAO, POS-GRADUACAO, ENSINO, PESQUI;0487;CONCESSAO DE BOLSAS DE ESTUDO NO ENSINO SUPERIOR;0002;CONCESSAO DE BOLSAS DE ESTUDOS NO PAIS;12364203204870001;087493;FSS16O0601N;REUNI;90;APLICACOES DIRETAS;3;DESPESAS CORRENTES;3;OUTRAS DESPESAS CORRENTES;18;AUXILIO FINANCEIRO A ESTUDANTES;339018;AUXILIO FINANCEIRO A ESTUDANTES;12;RECURSOS DEST.A MANUT.E DES.DO ENSINO;26726800.00;;26726800.00;;26726800.00;22,000.00;26704800.00;26704800.00
2015;154003;FUND.COORD.DE APERF.DE PESSOAL NIVEL SUPERIOR;12;EDUCACAO;364;ENSINO SUPERIOR;2032;EDUCACAO SUPERIOR - GRADUACAO, POS-GRADUACAO, ENSINO, PESQUI;0487;CONCESSAO DE BOLSAS DE ESTUDO NO ENSINO SUPERIOR;0002;CONCESSAO DE BOLSAS DE ESTUDOS NO PAIS;12364203204870001;087493;NCCCPO19BEN;BEX - BEX;90;APLICACOES DIRETAS;3;DESPESAS CORRENTES;3;OUTRAS DESPESAS CORRENTES;18;AUXILIO FINANCEIRO A ESTUDANTES;339018;AUXILIO FINANCEIRO A ESTUDANTES;00;RECURSOS PRIMARIOS DE LIVRE APLICACAO;0.00;;0.00;;;;;
2015;154003;FUND.COORD.DE APERF.DE PESSOAL NIVEL SUPERIOR;12;EDUCACAO;364;ENSINO SUPERIOR;2032;EDUCACAO SUPERIOR - GRADUACAO, POS-GRADUACAO, ENSINO, PESQUI;0487;CONCESSAO DE BOLSAS DE ESTUDO NO ENSINO SUPERIOR;0002;CONCESSAO DE BOLSAS DE ESTUDOS NO PAIS;12364203204870001;087493;NCCCPO19BEN;BEX - BEX;90;APLICACOES DIRETAS;3;DESPESAS CORRENTES;3;OUTRAS DESPESAS CORRENTES;;;;;12;RECURSOS DEST.A MANUT.E DES.DO ENSINO;7,000,000.00;;7,000,000.00;;0.00;0.00;0.00;0.00
2015;154003;FUND.COORD.DE APERF.DE PESSOAL NIVEL SUPERIOR;12;EDUCACAO;364;ENSINO SUPERIOR;2032;EDUCACAO SUPERIOR - GRADUACAO, POS-GRADUACAO, ENSINO, PESQUI;0487;CONCESSAO DE BOLSAS DE ESTUDO NO ENSINO SUPERIOR;0002;CONCESSAO DE BOLSAS DE ESTUDOS NO PAIS;12364203204870001;087493;NCCCUG1922N;BFSUPERIOR - JOVENS TALENTOS PARA A CIENCIA;90;APLICACOES DIRETAS;3;DESPESAS CORRENTES;3;OUTRAS DESPESAS CORRENTES;18;AUXILIO FINANCEIRO A ESTUDANTES;339018;AUXILIO FINANCEIRO A ESTUDANTES;12;RECURSOS DEST.A MANUT.E DES.DO ENSINO;109240400.00;;109240400.00;;109240400.00;23180000.00;86060400.00;84705200.00
2015;154003;FUND.COORD.DE APERF.DE PESSOAL NIVEL SUPERIOR;12;EDUCACAO;364;ENSINO SUPERIOR;2032;EDUCACAO SUPERIOR - GRADUACAO, POS-GRADUACAO, ENSINO, PESQUI;0487;CONCESSAO DE BOLSAS DE ESTUDO NO ENSINO SUPERIOR;0002;CONCESSAO DE BOLSAS DE ESTUDOS NO PAIS;12364203204870001;087493;NCCCUU1916N;BFSUPERIOR - PRODOUTORAL;90;APLICACOES DIRETAS;3;DESPESAS CORRENTES;3;OUTRAS DESPESAS CORRENTES;18;AUXILIO FINANCEIRO A ESTUDANTES;339018;AUXILIO FINANCEIRO A ESTUDANTES;00;RECURSOS PRIMARIOS DE LIVRE APLICACAO;1,856,800.00;;1,856,800.00;;1,856,800.00;0.00;1,856,800.00;1,856,800.00
2015;154003;FUND.COORD.DE APERF.DE PESSOAL NIVEL SUPERIOR;12;EDUCACAO;364;ENSINO SUPERIOR;2032;EDUCACAO SUPERIOR - GRADUACAO, POS-GRADUACAO, ENSINO, PESQUI;0487;CONCESSAO DE BOLSAS DE ESTUDO NO ENSINO SUPERIOR;0002;CONCESSAO DE BOLSAS DE ESTUDOS NO PAIS;12364203204870001;087493;NCCCUU1916N;BFSUPERIOR - PRODOUTORAL;90;APLICACOES DIRETAS;3;DESPESAS CORRENTES;3;OUTRAS DESPESAS CORRENTES;;;;;12;RECURSOS DEST.A MANUT.E DES.DO ENSINO;73018250.00;;73018250.00;;72993050.00;5,976,100.00;67016950.00;66425700.00
2015;154003;FUND.COORD.DE APERF.DE PESSOAL NIVEL SUPERIOR;12;EDUCACAO;364;ENSINO SUPERIOR;2032;EDUCACAO SUPERIOR - GRADUACAO, POS-GRADUACAO, ENSINO, PESQUI;0487;CONCESSAO DE BOLSAS DE ESTUDO NO ENSINO SUPERIOR;0002;CONCESSAO DE BOLSAS DE ESTUDOS NO PAIS;12364203204870001;087493;NCCCUU1918N;BFSUPERIOR - DINTER;90;APLICACOES DIRETAS;3;DESPESAS CORRENTES;3;OUTRAS DESPESAS CORRENTES;18;AUXILIO FINANCEIRO A ESTUDANTES;339018;AUXILIO FINANCEIRO A ESTUDANTES;00;RECURSOS PRIMARIOS DE LIVRE APLICACAO;1,645,600.00;;1,645,600.00;;1,645,600.00;0.00;1,645,600.00;1,645,600.00
2015;154003;FUND.COORD.DE APERF.DE PESSOAL NIVEL SUPERIOR;12;EDUCACAO;364;ENSINO SUPERIOR;2032;EDUCACAO SUPERIOR - GRADUACAO, POS-GRADUACAO, ENSINO, PESQUI;0487;CONCESSAO DE BOLSAS DE ESTUDO NO ENSINO SUPERIOR;0002;CONCESSAO DE BOLSAS DE ESTUDOS NO PAIS;12364203204870001;087493;NCCCUU1918N;BFSUPERIOR - DINTER;90;APLICACOES DIRETAS;3;DESPESAS CORRENTES;3;OUTRAS DESPESAS CORRENTES;;;;;12;RECURSOS DEST.A MANUT.E DES.DO ENSINO;39625200.00;;39625200.00;;39625200.00;8,750,400.00;30874800.00;30148800.00
2015;154003;FUND.COORD.DE APERF.DE PESSOAL NIVEL SUPERIOR;12;EDUCACAO;364;ENSINO SUPERIOR;2032;EDUCACAO SUPERIOR - GRADUACAO, POS-GRADUACAO, ENSINO, PESQUI;0487;CONCESSAO DE BOLSAS DE ESTUDO NO ENSINO SUPERIOR;0002;CONCESSAO DE BOLSAS DE ESTUDOS NO PAIS;12364203204870001;087493;NCCCUU2018N;BFSUPERIOR - DINTER;90;APLICACOES DIRETAS;3;DESPESAS CORRENTES;3;OUTRAS DESPESAS CORRENTES;20;AUXILIO FINANCEIRO A PESQUISADORES;339020;AUXILIO FINANCEIRO A PESQUISADORES;00;RECURSOS PRIMARIOS DE LIVRE APLICACAO;492,272.10;;492,272.10;;582,462.60;311,891.10;270,571.50;270,571.50
2015;154003;FUND.COORD.DE APERF.DE PESSOAL NIVEL SUPERIOR;12;EDUCACAO;364;ENSINO SUPERIOR;2032;EDUCACAO SUPERIOR - GRADUACAO, POS-GRADUACAO, ENSINO, PESQUI;0487;CONCESSAO DE BOLSAS DE ESTUDO NO ENSINO SUPERIOR;0002;CONCESSAO DE BOLSAS DE ESTUDOS NO PAIS;12364203204870001;087493;NCCCUU2018N;BFSUPERIOR - DINTER;90;APLICACOES DIRETAS;3;DESPESAS CORRENTES;3;OUTRAS DESPESAS CORRENTES;;;;;12;RECURSOS DEST.A MANUT.E DES.DO ENSINO;52442956.93;;52442956.93;;47165586.62;3,406,740.04;41602293.46;37314366.37
2015;154003;FUND.COORD.DE APERF.DE PESSOAL NIVEL SUPERIOR;12;EDUCACAO;364;ENSINO SUPERIOR;2032;EDUCACAO SUPERIOR - GRADUACAO, POS-GRADUACAO, ENSINO, PESQUI;0487;CONCESSAO DE BOLSAS DE ESTUDO NO ENSINO SUPERIOR;0002;CONCESSAO DE BOLSAS DE ESTUDOS NO PAIS;12364203204870001;087493;NCCCVN19BEN;CSF - BEX;90;APLICACOES DIRETAS;3;DESPESAS CORRENTES;3;OUTRAS DESPESAS CORRENTES;18;AUXILIO FINANCEIRO A ESTUDANTES;339018;AUXILIO FINANCEIRO A ESTUDANTES;12;RECURSOS DEST.A MANUT.E DES.DO ENSINO;1507286579.8;;1507286579.8;;81402879.12;43821730.02;37581149.10;37581149.10
2015;154003;FUND.COORD.DE APERF.DE PESSOAL NIVEL SUPERIOR;12;EDUCACAO;364;ENSINO SUPERIOR;2032;EDUCACAO SUPERIOR - GRADUACAO, POS-GRADUACAO, ENSINO, PESQUI;0487;CONCESSAO DE BOLSAS DE ESTUDO NO ENSINO SUPERIOR;0002;CONCESSAO DE BOLSAS DE ESTUDOS NO PAIS;12364203204870001;087493;OCCCGG1906N;PARNACION - CAPES/FAPEMIG;90;APLICACOES DIRETAS;3;DESPESAS CORRENTES;3;OUTRAS DESPESAS CORRENTES;18;AUXILIO FINANCEIRO A ESTUDANTES;339018;AUXILIO FINANCEIRO A ESTUDANTES;00;RECURSOS PRIMARIOS DE LIVRE APLICACAO;60,800.00;;60,800.00;;60,800.00;0.00;60,800.00;60,800.00
2015;154003;FUND.COORD.DE APERF.DE PESSOAL NIVEL SUPERIOR;12;EDUCACAO;364;ENSINO SUPERIOR;2032;EDUCACAO SUPERIOR - GRADUACAO, POS-GRADUACAO, ENSINO, PESQUI;0487;CONCESSAO DE BOLSAS DE ESTUDO NO ENSINO SUPERIOR;0002;CONCESSAO DE BOLSAS DE ESTUDOS NO PAIS;12364203204870001;087493;OCCCGG1906N;PARNACION - CAPES/FAPEMIG;90;APLICACOES DIRETAS;3;DESPESAS CORRENTES;3;OUTRAS DESPESAS CORRENTES;;;;;12;RECURSOS DEST.A MANUT.E DES.DO ENSINO;14439455.00;;14439455.00;;14439455.00;12259500.00;2,179,955.00;2,122,355.00
2015;154003;FUND.COORD.DE APERF.DE PESSOAL NIVEL SUPERIOR;12;EDUCACAO;364;ENSINO SUPERIOR;2032;EDUCACAO SUPERIOR - GRADUACAO, POS-GRADUACAO, ENSINO, PESQUI;0487;CONCESSAO DE BOLSAS DE ESTUDO NO ENSINO SUPERIOR;0002;CONCESSAO DE BOLSAS DE ESTUDOS NO PAIS;12364203204870001;087493;OCCCGG1919N;PARNACION - CAPES/FAPEG;90;APLICACOES DIRETAS;3;DESPESAS CORRENTES;3;OUTRAS DESPESAS CORRENTES;18;AUXILIO FINANCEIRO A ESTUDANTES;339018;AUXILIO FINANCEIRO A ESTUDANTES;00;RECURSOS PRIMARIOS DE LIVRE APLICACAO;406,400.00;;406,400.00;;406,400.00;0.00;406,400.00;406,400.00
2015;154003;FUND.COORD.DE APERF.DE PESSOAL NIVEL SUPERIOR;12;EDUCACAO;364;ENSINO SUPERIOR;2032;EDUCACAO SUPERIOR - GRADUACAO, POS-GRADUACAO, ENSINO, PESQUI;0487;CONCESSAO DE BOLSAS DE ESTUDO NO ENSINO SUPERIOR;0002;CONCESSAO DE BOLSAS DE ESTUDOS NO PAIS;12364203204870001;087493;OCCCGG1919N;PARNACION - CAPES/FAPEG;90;APLICACOES DIRETAS;3;DESPESAS CORRENTES;3;OUTRAS DESPESAS CORRENTES;;;;;12;RECURSOS DEST.A MANUT.E DES.DO ENSINO;11833300.00;;11833300.00;;11832900.00;4,076,600.00;7,756,300.00;7,530,900.00
2015;154003;FUND.COORD.DE APERF.DE PESSOAL NIVEL SUPERIOR;12;EDUCACAO;364;ENSINO SUPERIOR;2032;EDUCACAO SUPERIOR - GRADUACAO, POS-GRADUACAO, ENSINO, PESQUI;0487;CONCESSAO DE BOLSAS DE ESTUDO NO ENSINO SUPERIOR;0002;CONCESSAO DE BOLSAS DE ESTUDOS NO PAIS;12364203204870001;087493;OCCCGG1929N;PARNACION - CAPES/FAPAC;90;APLICACOES DIRETAS;3;DESPESAS CORRENTES;3;OUTRAS DESPESAS CORRENTES;18;AUXILIO FINANCEIRO A ESTUDANTES;339018;AUXILIO FINANCEIRO A ESTUDANTES;12;RECURSOS DEST.A MANUT.E DES.DO ENSINO;6,028,000.00;;6,028,000.00;;6,028,000.00;4,806,800.00;1,221,200.00;1,201,600.00
2015;154003;FUND.COORD.DE APERF.DE PESSOAL NIVEL SUPERIOR;12;EDUCACAO;364;ENSINO SUPERIOR;2032;EDUCACAO SUPERIOR - GRADUACAO, POS-GRADUACAO, ENSINO, PESQUI;0487;CONCESSAO DE BOLSAS DE ESTUDO NO ENSINO SUPERIOR;0002;CONCESSAO DE BOLSAS DE ESTUDOS NO PAIS;12364203204870001;087493;OCCCGO1901N;PARNACION - CAPES/FAPEAM;90;APLICACOES DIRETAS;3;DESPESAS CORRENTES;3;OUTRAS DESPESAS CORRENTES;18;AUXILIO FINANCEIRO A ESTUDANTES;339018;AUXILIO FINANCEIRO A ESTUDANTES;12;RECURSOS DEST.A MANUT.E DES.DO ENSINO;1,370,500.00;;1,370,500.00;;1,370,500.00;893,200.00;477,300.00;458,400.00
2015;154003;FUND.COORD.DE APERF.DE PESSOAL NIVEL SUPERIOR;12;EDUCACAO;364;ENSINO SUPERIOR;2032;EDUCACAO SUPERIOR - GRADUACAO, POS-GRADUACAO, ENSINO, PESQUI;0487;CONCESSAO DE BOLSAS DE ESTUDO NO ENSINO SUPERIOR;0002;CONCESSAO DE BOLSAS DE ESTUDOS NO PAIS;12364203204870001;087493;OCCCGO1902N;PARNACION - CAPES/FAPITEC;90;APLICACOES DIRETAS;3;DESPESAS CORRENTES;3;OUTRAS DESPESAS CORRENTES;18;AUXILIO FINANCEIRO A ESTUDANTES;339018;AUXILIO FINANCEIRO A ESTUDANTES;12;RECURSOS DEST.A MANUT.E DES.DO ENSINO;27450730.00;;27450730.00;;27450330.00;8,612,350.00;18837980.00;18599180.00
2015;154003;FUND.COORD.DE APERF.DE PESSOAL NIVEL SUPERIOR;12;EDUCACAO;364;ENSINO SUPERIOR;2032;EDUCACAO SUPERIOR - GRADUACAO, POS-GRADUACAO, ENSINO, PESQUI;0487;CONCESSAO DE BOLSAS DE ESTUDO NO ENSINO SUPERIOR;0002;CONCESSAO DE BOLSAS DE ESTUDOS NO PAIS;12364203204870001;087493;OCCCGO1903N;PARNACION - CAPES/FAPEAL;90;APLICACOES DIRETAS;3;DESPESAS CORRENTES;3;OUTRAS DESPESAS CORRENTES;18;AUXILIO FINANCEIRO A ESTUDANTES;339018;AUXILIO FINANCEIRO A ESTUDANTES;00;RECURSOS PRIMARIOS DE LIVRE APLICACAO;426,000.00;;426,000.00;;426,000.00;0.00;426,000.00;426,000.00
2015;154003;FUND.COORD.DE APERF.DE PESSOAL NIVEL SUPERIOR;12;EDUCACAO;364;ENSINO SUPERIOR;2032;EDUCACAO SUPERIOR - GRADUACAO, POS-GRADUACAO, ENSINO, PESQUI;0487;CONCESSAO DE BOLSAS DE ESTUDO NO ENSINO SUPERIOR;0002;CONCESSAO DE BOLSAS DE ESTUDOS NO PAIS;12364203204870001;087493;OCCCGO1903N;PARNACION - CAPES/FAPEAL;90;APLICACOES DIRETAS;3;DESPESAS CORRENTES;3;OUTRAS DESPESAS CORRENTES;;;;;12;RECURSOS DEST.A MANUT.E DES.DO ENSINO;35853915.00;;35853915.00;;35853915.00;12969595.00;22884320.00;22563120.00
2015;154003;FUND.COORD.DE APERF.DE PESSOAL NIVEL SUPERIOR;12;EDUCACAO;364;ENSINO SUPERIOR;2032;EDUCACAO SUPERIOR - GRADUACAO, POS-GRADUACAO, ENSINO, PESQUI;0487;CONCESSAO DE BOLSAS DE ESTUDO NO ENSINO SUPERIOR;0002;CONCESSAO DE BOLSAS DE ESTUDOS NO PAIS;12364203204870001;087493;OCCCGO1905N;PARNACION - CAPES/FAPERGS;90;APLICACOES DIRETAS;3;DESPESAS CORRENTES;3;OUTRAS DESPESAS CORRENTES;18;AUXILIO FINANCEIRO A ESTUDANTES;339018;AUXILIO FINANCEIRO A ESTUDANTES;00;RECURSOS PRIMARIOS DE LIVRE APLICACAO;7,359,040.00;;7,359,040.00;;7,359,040.00;0.00;7,359,040.00;7,359,040.00
2015;154003;FUND.COORD.DE APERF.DE PESSOAL NIVEL SUPERIOR;12;EDUCACAO;364;ENSINO SUPERIOR;2032;EDUCACAO SUPERIOR - GRADUACAO, POS-GRADUACAO, ENSINO, PESQUI;0487;CONCESSAO DE BOLSAS DE ESTUDO NO ENSINO SUPERIOR;0002;CONCESSAO DE BOLSAS DE ESTUDOS NO PAIS;12364203204870001;087493;OCCCGO1905N;PARNACION - CAPES/FAPERGS;90;APLICACOES DIRETAS;3;DESPESAS CORRENTES;3;OUTRAS DESPESAS CORRENTES;;;;;12;RECURSOS DEST.A MANUT.E DES.DO ENSINO;269717295.00;;269717295.00;;269717295.00;88536355.00;181180940.00;179942660.00
2015;154003;FUND.COORD.DE APERF.DE PESSOAL NIVEL SUPERIOR;12;EDUCACAO;364;ENSINO SUPERIOR;2032;EDUCACAO SUPERIOR - GRADUACAO, POS-GRADUACAO, ENSINO, PESQUI;0487;CONCESSAO DE BOLSAS DE ESTUDO NO ENSINO SUPERIOR;0002;CONCESSAO DE BOLSAS DE ESTUDOS NO PAIS;12364203204870001;087493;OCCCGO1906N;PARNACION - CAPES/FAPEMIG;90;APLICACOES DIRETAS;3;DESPESAS CORRENTES;3;OUTRAS DESPESAS CORRENTES;18;AUXILIO FINANCEIRO A ESTUDANTES;339018;AUXILIO FINANCEIRO A ESTUDANTES;00;RECURSOS PRIMARIOS DE LIVRE APLICACAO;1,151,200.00;;1,151,200.00;;1,151,200.00;0.00;1,151,200.00;1,151,200.00
2015;154003;FUND.COORD.DE APERF.DE PESSOAL NIVEL SUPERIOR;12;EDUCACAO;364;ENSINO SUPERIOR;2032;EDUCACAO SUPERIOR - GRADUACAO, POS-GRADUACAO, ENSINO, PESQUI;0487;CONCESSAO DE BOLSAS DE ESTUDO NO ENSINO SUPERIOR;0002;CONCESSAO DE BOLSAS DE ESTUDOS NO PAIS;12364203204870001;087493;OCCCGO1906N;PARNACION - CAPES/FAPEMIG;90;APLICACOES DIRETAS;3;DESPESAS CORRENTES;3;OUTRAS DESPESAS CORRENTES;;;;;12;RECURSOS DEST.A MANUT.E DES.DO ENSINO;64093725.00;;64093725.00;;64093725.00;9,075,420.00;55018305.00;54184235.00
2015;154003;FUND.COORD.DE APERF.DE PESSOAL NIVEL SUPERIOR;12;EDUCACAO;364;ENSINO SUPERIOR;2032;EDUCACAO SUPERIOR - GRADUACAO, POS-GRADUACAO, ENSINO, PESQUI;0487;CONCESSAO DE BOLSAS DE ESTUDO NO ENSINO SUPERIOR;0002;CONCESSAO DE BOLSAS DE ESTUDOS NO PAIS;12364203204870001;087493;OCCCGO1907N;PARNACION - CAPES/EMBRAPA;90;APLICACOES DIRETAS;3;DESPESAS CORRENTES;3;OUTRAS DESPESAS CORRENTES;18;AUXILIO FINANCEIRO A ESTUDANTES;339018;AUXILIO FINANCEIRO A ESTUDANTES;00;RECURSOS PRIMARIOS DE LIVRE APLICACAO;10678100.00;;10678100.00;;11878100.00;1,200,000.00;10678100.00;10678100.00
2015;154003;FUND.COORD.DE APERF.DE PESSOAL NIVEL SUPERIOR;12;EDUCACAO;364;ENSINO SUPERIOR;2032;EDUCACAO SUPERIOR - GRADUACAO, POS-GRADUACAO, ENSINO, PESQUI;0487;CONCESSAO DE BOLSAS DE ESTUDO NO ENSINO SUPERIOR;0002;CONCESSAO DE BOLSAS DE ESTUDOS NO PAIS;12364203204870001;087493;OCCCGO1907N;PARNACION - CAPES/EMBRAPA;90;APLICACOES DIRETAS;3;DESPESAS CORRENTES;3;OUTRAS DESPESAS CORRENTES;;;;;12;RECURSOS DEST.A MANUT.E DES.DO ENSINO;91742000.00;;91742000.00;;91742000.00;15742300.00;75999700.00;75423300.00
2015;154003;FUND.COORD.DE APERF.DE PESSOAL NIVEL SUPERIOR;12;EDUCACAO;364;ENSINO SUPERIOR;2032;EDUCACAO SUPERIOR - GRADUACAO, POS-GRADUACAO, ENSINO, PESQUI;0487;CONCESSAO DE BOLSAS DE ESTUDO NO ENSINO SUPERIOR;0002;CONCESSAO DE BOLSAS DE ESTUDOS NO PAIS;12364203204870001;087493;OCCCGO1908N;PARNACION - PRO-DEFESA;90;APLICACOES DIRETAS;3;DESPESAS CORRENTES;3;OUTRAS DESPESAS CORRENTES;18;AUXILIO FINANCEIRO A ESTUDANTES;339018;AUXILIO FINANCEIRO A ESTUDANTES;00;RECURSOS PRIMARIOS DE LIVRE APLICACAO;259,600.00;;259,600.00;;259,600.00;0.00;259,600.00;259,600.00
2015;154003;FUND.COORD.DE APERF.DE PESSOAL NIVEL SUPERIOR;12;EDUCACAO;364;ENSINO SUPERIOR;2032;EDUCACAO SUPERIOR - GRADUACAO, POS-GRADUACAO, ENSINO, PESQUI;0487;CONCESSAO DE BOLSAS DE ESTUDO NO ENSINO SUPERIOR;0002;CONCESSAO DE BOLSAS DE ESTUDOS NO PAIS;12364203204870001;087493;OCCCGO1908N;PARNACION - PRO-DEFESA;90;APLICACOES DIRETAS;3;DESPESAS CORRENTES;3;OUTRAS DESPESAS CORRENTES;;;;;12;RECURSOS DEST.A MANUT.E DES.DO ENSINO;8,234,500.00;;8,234,500.00;;8,234,500.00;2,233,200.00;6,001,300.00;5,934,200.00
2015;154003;FUND.COORD.DE APERF.DE PESSOAL NIVEL SUPERIOR;12;EDUCACAO;364;ENSINO SUPERIOR;2032;EDUCACAO SUPERIOR - GRADUACAO, POS-GRADUACAO, ENSINO, PESQUI;0487;CONCESSAO DE BOLSAS DE ESTUDO NO ENSINO SUPERIOR;0002;CONCESSAO DE BOLSAS DE ESTUDOS NO PAIS;12364203204870001;087493;OCCCGO1909N;PARNACION - PRO-ESTRATEGIA;90;APLICACOES DIRETAS;3;DESPESAS CORRENTES;3;OUTRAS DESPESAS CORRENTES;18;AUXILIO FINANCEIRO A ESTUDANTES;339018;AUXILIO FINANCEIRO A ESTUDANTES;00;RECURSOS PRIMARIOS DE LIVRE APLICACAO;151,200.00;;151,200.00;;151,200.00;0.00;151,200.00;151,200.00
2015;154003;FUND.COORD.DE APERF.DE PESSOAL NIVEL SUPERIOR;12;EDUCACAO;364;ENSINO SUPERIOR;2032;EDUCACAO SUPERIOR - GRADUACAO, POS-GRADUACAO, ENSINO, PESQUI;0487;CONCESSAO DE BOLSAS DE ESTUDO NO ENSINO SUPERIOR;0002;CONCESSAO DE BOLSAS DE ESTUDOS NO PAIS;12364203204870001;087493;OCCCGO1909N;PARNACION - PRO-ESTRATEGIA;90;APLICACOES DIRETAS;3;DESPESAS CORRENTES;3;OUTRAS DESPESAS CORRENTES;;;;;12;RECURSOS DEST.A MANUT.E DES.DO ENSINO;13330500.00;;13330500.00;;13330500.00;4,341,700.00;8,988,800.00;8,869,700.00
2015;154003;FUND.COORD.DE APERF.DE PESSOAL NIVEL SUPERIOR;12;EDUCACAO;364;ENSINO SUPERIOR;2032;EDUCACAO SUPERIOR - GRADUACAO, POS-GRADUACAO, ENSINO, PESQUI;0487;CONCESSAO DE BOLSAS DE ESTUDO NO ENSINO SUPERIOR;0002;CONCESSAO DE BOLSAS DE ESTUDOS NO PAIS;12364203204870001;087493;OCCCGO1913N;PARNACION - CAPES/INMETRO;90;APLICACOES DIRETAS;3;DESPESAS CORRENTES;3;OUTRAS DESPESAS CORRENTES;18;AUXILIO FINANCEIRO A ESTUDANTES;339018;AUXILIO FINANCEIRO A ESTUDANTES;00;RECURSOS PRIMARIOS DE LIVRE APLICACAO;171,297.56;;171,297.56;;171,297.56;0.00;171,297.56;171,297.56
2015;154003;FUND.COORD.DE APERF.DE PESSOAL NIVEL SUPERIOR;12;EDUCACAO;364;ENSINO SUPERIOR;2032;EDUCACAO SUPERIOR - GRADUACAO, POS-GRADUACAO, ENSINO, PESQUI;0487;CONCESSAO DE BOLSAS DE ESTUDO NO ENSINO SUPERIOR;0002;CONCESSAO DE BOLSAS DE ESTUDOS NO PAIS;12364203204870001;087493;OCCCGO1913N;PARNACION - CAPES/INMETRO;90;APLICACOES DIRETAS;3;DESPESAS CORRENTES;3;OUTRAS DESPESAS CORRENTES;;;;;12;RECURSOS DEST.A MANUT.E DES.DO ENSINO;3,561,491.05;;3,561,491.05;;3,556,491.05;2,211,750.95;1,344,740.10;1,321,729.26
2015;154003;FUND.COORD.DE APERF.DE PESSOAL NIVEL SUPERIOR;12;EDUCACAO;364;ENSINO SUPERIOR;2032;EDUCACAO SUPERIOR - GRADUACAO, POS-GRADUACAO, ENSINO, PESQUI;0487;CONCESSAO DE BOLSAS DE ESTUDO NO ENSINO SUPERIOR;0002;CONCESSAO DE BOLSAS DE ESTUDOS NO PAIS;12364203204870001;087493;OCCCGO1914N;PARNACION - CAPES/FAPERN;90;APLICACOES DIRETAS;3;DESPESAS CORRENTES;3;OUTRAS DESPESAS CORRENTES;18;AUXILIO FINANCEIRO A ESTUDANTES;339018;AUXILIO FINANCEIRO A ESTUDANTES;12;RECURSOS DEST.A MANUT.E DES.DO ENSINO;13727648.78;;13727648.78;;13656648.78;4,186,372.90;9,470,275.88;9,274,270.46
2015;154003;FUND.COORD.DE APERF.DE PESSOAL NIVEL SUPERIOR;12;EDUCACAO;364;ENSINO SUPERIOR;2032;EDUCACAO SUPERIOR - GRADUACAO, POS-GRADUACAO, ENSINO, PESQUI;0487;CONCESSAO DE BOLSAS DE ESTUDO NO ENSINO SUPERIOR;0002;CONCESSAO DE BOLSAS DE ESTUDOS NO PAIS;12364203204870001;087493;OCCCGO1915N;PARNACION - CAPES/MI;90;APLICACOES DIRETAS;3;DESPESAS CORRENTES;3;OUTRAS DESPESAS CORRENTES;18;AUXILIO FINANCEIRO A ESTUDANTES;339018;AUXILIO FINANCEIRO A ESTUDANTES;12;RECURSOS DEST.A MANUT.E DES.DO ENSINO;15441200.00;;15441200.00;;15441200.00;4,549,200.00;10892000.00;10779400.00
2015;154003;FUND.COORD.DE APERF.DE PESSOAL NIVEL SUPERIOR;12;EDUCACAO;364;ENSINO SUPERIOR;2032;EDUCACAO SUPERIOR - GRADUACAO, POS-GRADUACAO, ENSINO, PESQUI;0487;CONCESSAO DE BOLSAS DE ESTUDO NO ENSINO SUPERIOR;0002;CONCESSAO DE BOLSAS DE ESTUDOS NO PAIS;12364203204870001;087493;OCCCGO1916N;PARNACION - CAPES/FUNCAP;90;APLICACOES DIRETAS;3;DESPESAS CORRENTES;3;OUTRAS DESPESAS CORRENTES;18;AUXILIO FINANCEIRO A ESTUDANTES;339018;AUXILIO FINANCEIRO A ESTUDANTES;00;RECURSOS PRIMARIOS DE LIVRE APLICACAO;723,200.00;;723,200.00;;723,200.00;0.00;723,200.00;723,200.00
2015;154003;FUND.COORD.DE APERF.DE PESSOAL NIVEL SUPERIOR;12;EDUCACAO;364;ENSINO SUPERIOR;2032;EDUCACAO SUPERIOR - GRADUACAO, POS-GRADUACAO, ENSINO, PESQUI;0487;CONCESSAO DE BOLSAS DE ESTUDO NO ENSINO SUPERIOR;0002;CONCESSAO DE BOLSAS DE ESTUDOS NO PAIS;12364203204870001;087493;OCCCGO1916N;PARNACION - CAPES/FUNCAP;90;APLICACOES DIRETAS;3;DESPESAS CORRENTES;3;OUTRAS DESPESAS CORRENTES;;;;;12;RECURSOS DEST.A MANUT.E DES.DO ENSINO;18532900.00;;18532900.00;;18532900.00;3,087,300.00;15445600.00;15105200.00
2015;154003;FUND.COORD.DE APERF.DE PESSOAL NIVEL SUPERIOR;12;EDUCACAO;364;ENSINO SUPERIOR;2032;EDUCACAO SUPERIOR - GRADUACAO, POS-GRADUACAO, ENSINO, PESQUI;0487;CONCESSAO DE BOLSAS DE ESTUDO NO ENSINO SUPERIOR;0002;CONCESSAO DE BOLSAS DE ESTUDOS NO PAIS;12364203204870001;087493;OCCCGO1917N;PARNACION - CAPES/FAPEPI;90;APLICACOES DIRETAS;3;DESPESAS CORRENTES;3;OUTRAS DESPESAS CORRENTES;18;AUXILIO FINANCEIRO A ESTUDANTES;339018;AUXILIO FINANCEIRO A ESTUDANTES;00;RECURSOS PRIMARIOS DE LIVRE APLICACAO;1,024,400.00;;1,024,400.00;;1,024,400.00;0.00;1,024,400.00;1,024,400.00
2015;154003;FUND.COORD.DE APERF.DE PESSOAL NIVEL SUPERIOR;12;EDUCACAO;364;ENSINO SUPERIOR;2032;EDUCACAO SUPERIOR - GRADUACAO, POS-GRADUACAO, ENSINO, PESQUI;0487;CONCESSAO DE BOLSAS DE ESTUDO NO ENSINO SUPERIOR;0002;CONCESSAO DE BOLSAS DE ESTUDOS NO PAIS;12364203204870001;087493;OCCCGO1917N;PARNACION - CAPES/FAPEPI;90;APLICACOES DIRETAS;3;DESPESAS CORRENTES;3;OUTRAS DESPESAS CORRENTES;;;;;12;RECURSOS DEST.A MANUT.E DES.DO ENSINO;26511900.00;;26511900.00;;26511900.00;7,447,100.00;19064800.00;19058200.00
2015;154003;FUND.COORD.DE APERF.DE PESSOAL NIVEL SUPERIOR;12;EDUCACAO;364;ENSINO SUPERIOR;2032;EDUCACAO SUPERIOR - GRADUACAO, POS-GRADUACAO, ENSINO, PESQUI;0487;CONCESSAO DE BOLSAS DE ESTUDO NO ENSINO SUPERIOR;0002;CONCESSAO DE BOLSAS DE ESTUDOS NO PAIS;12364203204870001;087493;OCCCGO1918N;PARNACION - CAPES/FAPEMAT;90;APLICACOES DIRETAS;3;DESPESAS CORRENTES;3;OUTRAS DESPESAS CORRENTES;18;AUXILIO FINANCEIRO A ESTUDANTES;339018;AUXILIO FINANCEIRO A ESTUDANTES;00;RECURSOS PRIMARIOS DE LIVRE APLICACAO;636,800.00;;636,800.00;;636,800.00;0.00;636,800.00;636,800.00
2015;154003;FUND.COORD.DE APERF.DE PESSOAL NIVEL SUPERIOR;12;EDUCACAO;364;ENSINO SUPERIOR;2032;EDUCACAO SUPERIOR - GRADUACAO, POS-GRADUACAO, ENSINO, PESQUI;0487;CONCESSAO DE BOLSAS DE ESTUDO NO ENSINO SUPERIOR;0002;CONCESSAO DE BOLSAS DE ESTUDOS NO PAIS;12364203204870001;087493;OCCCGO1918N;PARNACION - CAPES/FAPEMAT;90;APLICACOES DIRETAS;3;DESPESAS CORRENTES;3;OUTRAS DESPESAS CORRENTES;;;;;12;RECURSOS DEST.A MANUT.E DES.DO ENSINO;21412200.00;;21412200.00;;21412200.00;5,925,700.00;15486500.00;15236900.00
2015;154003;FUND.COORD.DE APERF.DE PESSOAL NIVEL SUPERIOR;12;EDUCACAO;364;ENSINO SUPERIOR;2032;EDUCACAO SUPERIOR - GRADUACAO, POS-GRADUACAO, ENSINO, PESQUI;0487;CONCESSAO DE BOLSAS DE ESTUDO NO ENSINO SUPERIOR;0002;CONCESSAO DE BOLSAS DE ESTUDOS NO PAIS;12364203204870001;087493;OCCCGO1919N;PARNACION - CAPES/FAPEG;90;APLICACOES DIRETAS;3;DESPESAS CORRENTES;3;OUTRAS DESPESAS CORRENTES;18;AUXILIO FINANCEIRO A ESTUDANTES;339018;AUXILIO FINANCEIRO A ESTUDANTES;00;RECURSOS PRIMARIOS DE LIVRE APLICACAO;1,557,600.00;;1,557,600.00;;1,557,600.00;0.00;1,557,600.00;1,557,600.00
2015;154003;FUND.COORD.DE APERF.DE PESSOAL NIVEL SUPERIOR;12;EDUCACAO;364;ENSINO SUPERIOR;2032;EDUCACAO SUPERIOR - GRADUACAO, POS-GRADUACAO, ENSINO, PESQUI;0487;CONCESSAO DE BOLSAS DE ESTUDO NO ENSINO SUPERIOR;0002;CONCESSAO DE BOLSAS DE ESTUDOS NO PAIS;12364203204870001;087493;OCCCGO1919N;PARNACION - CAPES/FAPEG;90;APLICACOES DIRETAS;3;DESPESAS CORRENTES;3;OUTRAS DESPESAS CORRENTES;;;;;12;RECURSOS DEST.A MANUT.E DES.DO ENSINO;37687400.00;;37687400.00;;37687400.00;8,019,200.00;29668200.00;29250400.00
2015;154003;FUND.COORD.DE APERF.DE PESSOAL NIVEL SUPERIOR;12;EDUCACAO;364;ENSINO SUPERIOR;2032;EDUCACAO SUPERIOR - GRADUACAO, POS-GRADUACAO, ENSINO, PESQUI;0487;CONCESSAO DE BOLSAS DE ESTUDO NO ENSINO SUPERIOR;0002;CONCESSAO DE BOLSAS DE ESTUDOS NO PAIS;12364203204870001;087493;OCCCGO1920N;PARNACION - CAPES/FUNDACAO ARAUCARIA;90;APLICACOES DIRETAS;3;DESPESAS CORRENTES;3;OUTRAS DESPESAS CORRENTES;18;AUXILIO FINANCEIRO A ESTUDANTES;339018;AUXILIO FINANCEIRO A ESTUDANTES;00;RECURSOS PRIMARIOS DE LIVRE APLICACAO;7,537,800.00;;7,537,800.00;;7,537,800.00;1,264,800.00;6,273,000.00;6,273,000.00
2015;154003;FUND.COORD.DE APERF.DE PESSOAL NIVEL SUPERIOR;12;EDUCACAO;364;ENSINO SUPERIOR;2032;EDUCACAO SUPERIOR - GRADUACAO, POS-GRADUACAO, ENSINO, PESQUI;0487;CONCESSAO DE BOLSAS DE ESTUDO NO ENSINO SUPERIOR;0002;CONCESSAO DE BOLSAS DE ESTUDOS NO PAIS;12364203204870001;087493;OCCCGO1920N;PARNACION - CAPES/FUNDACAO ARAUCARIA;90;APLICACOES DIRETAS;3;DESPESAS CORRENTES;3;OUTRAS DESPESAS CORRENTES;;;;;12;RECURSOS DEST.A MANUT.E DES.DO ENSINO;128658900.00;;128658900.00;;128658900.00;28850100.00;99808800.00;98661700.00
2015;154003;FUND.COORD.DE APERF.DE PESSOAL NIVEL SUPERIOR;12;EDUCACAO;364;ENSINO SUPERIOR;2032;EDUCACAO SUPERIOR - GRADUACAO, POS-GRADUACAO, ENSINO, PESQUI;0487;CONCESSAO DE BOLSAS DE ESTUDO NO ENSINO SUPERIOR;0002;CONCESSAO DE BOLSAS DE ESTUDOS NO PAIS;12364203204870001;087493;OCCCGO1921N;PARNACION - CAPES/FAPESB;90;APLICACOES DIRETAS;3;DESPESAS CORRENTES;3;OUTRAS DESPESAS CORRENTES;18;AUXILIO FINANCEIRO A ESTUDANTES;339018;AUXILIO FINANCEIRO A ESTUDANTES;00;RECURSOS PRIMARIOS DE LIVRE APLICACAO;579,200.00;;579,200.00;;579,200.00;0.00;579,200.00;579,200.00
2015;154003;FUND.COORD.DE APERF.DE PESSOAL NIVEL SUPERIOR;12;EDUCACAO;364;ENSINO SUPERIOR;2032;EDUCACAO SUPERIOR - GRADUACAO, POS-GRADUACAO, ENSINO, PESQUI;0487;CONCESSAO DE BOLSAS DE ESTUDO NO ENSINO SUPERIOR;0002;CONCESSAO DE BOLSAS DE ESTUDOS NO PAIS;12364203204870001;087493;OCCCGO1921N;PARNACION - CAPES/FAPESB;90;APLICACOES DIRETAS;3;DESPESAS CORRENTES;3;OUTRAS DESPESAS CORRENTES;;;;;12;RECURSOS DEST.A MANUT.E DES.DO ENSINO;24370900.00;;24370900.00;;24370900.00;7,032,100.00;17338800.00;17257400.00
2015;154003;FUND.COORD.DE APERF.DE PESSOAL NIVEL SUPERIOR;12;EDUCACAO;364;ENSINO SUPERIOR;2032;EDUCACAO SUPERIOR - GRADUACAO, POS-GRADUACAO, ENSINO, PESQUI;0487;CONCESSAO DE BOLSAS DE ESTUDO NO ENSINO SUPERIOR;0002;CONCESSAO DE BOLSAS DE ESTUDOS NO PAIS;12364203204870001;087493;OCCCGO1922N;PARNACION - CAPES/ELETRONUCLEAR;90;APLICACOES DIRETAS;3;DESPESAS CORRENTES;3;OUTRAS DESPESAS CORRENTES;18;AUXILIO FINANCEIRO A ESTUDANTES;339018;AUXILIO FINANCEIRO A ESTUDANTES;00;RECURSOS PRIMARIOS DE LIVRE APLICACAO;1,024,500.00;;1,024,500.00;;1,024,500.00;107,700.00;916,800.00;916,800.00
2015;154003;FUND.COORD.DE APERF.DE PESSOAL NIVEL SUPERIOR;12;EDUCACAO;364;ENSINO SUPERIOR;2032;EDUCACAO SUPERIOR - GRADUACAO, POS-GRADUACAO, ENSINO, PESQUI;0487;CONCESSAO DE BOLSAS DE ESTUDO NO ENSINO SUPERIOR;0002;CONCESSAO DE BOLSAS DE ESTUDOS NO PAIS;12364203204870001;087493;OCCCGO1922N;PARNACION - CAPES/ELETRONUCLEAR;90;APLICACOES DIRETAS;3;DESPESAS CORRENTES;3;OUTRAS DESPESAS CORRENTES;;;;;12;RECURSOS DEST.A MANUT.E DES.DO ENSINO;12947000.00;;12947000.00;;12947000.00;4,433,800.00;8,513,200.00;8,401,400.00
2015;154003;FUND.COORD.DE APERF.DE PESSOAL NIVEL SUPERIOR;12;EDUCACAO;364;ENSINO SUPERIOR;2032;EDUCACAO SUPERIOR - GRADUACAO, POS-GRADUACAO, ENSINO, PESQUI;0487;CONCESSAO DE BOLSAS DE ESTUDO NO ENSINO SUPERIOR;0002;CONCESSAO DE BOLSAS DE ESTUDOS NO PAIS;12364203204870001;087493;OCCCGO1924N;PARNACION - CAPES/FAPESC;90;APLICACOES DIRETAS;3;DESPESAS CORRENTES;3;OUTRAS DESPESAS CORRENTES;18;AUXILIO FINANCEIRO A ESTUDANTES;339018;AUXILIO FINANCEIRO A ESTUDANTES;12;RECURSOS DEST.A MANUT.E DES.DO ENSINO;37644300.00;;37644300.00;;37644300.00;7,462,000.00;30182300.00;29793400.00
2015;154003;FUND.COORD.DE APERF.DE PESSOAL NIVEL SUPERIOR;12;EDUCACAO;364;ENSINO SUPERIOR;2032;EDUCACAO SUPERIOR - GRADUACAO, POS-GRADUACAO, ENSINO, PESQUI;0487;CONCESSAO DE BOLSAS DE ESTUDO NO ENSINO SUPERIOR;0002;CONCESSAO DE BOLSAS DE ESTUDOS NO PAIS;12364203204870001;087493;OCCCGO1925N;PARNACION - CAPES/CNPEM;90;APLICACOES DIRETAS;3;DESPESAS CORRENTES;3;OUTRAS DESPESAS CORRENTES;18;AUXILIO FINANCEIRO A ESTUDANTES;339018;AUXILIO FINANCEIRO A ESTUDANTES;00;RECURSOS PRIMARIOS DE LIVRE APLICACAO;669,527.10;;669,527.10;;669,527.10;110,000.00;559,527.10;559,527.10
2015;154003;FUND.COORD.DE APERF.DE PESSOAL NIVEL SUPERIOR;12;EDUCACAO;364;ENSINO SUPERIOR;2032;EDUCACAO SUPERIOR - GRADUACAO, POS-GRADUACAO, ENSINO, PESQUI;0487;CONCESSAO DE BOLSAS DE ESTUDO NO ENSINO SUPERIOR;0002;CONCESSAO DE BOLSAS DE ESTUDOS NO PAIS;12364203204870001;087493;OCCCGO1925N;PARNACION - CAPES/CNPEM;90;APLICACOES DIRETAS;3;DESPESAS CORRENTES;3;OUTRAS DESPESAS CORRENTES;;;;;12;RECURSOS DEST.A MANUT.E DES.DO ENSINO;10064347.42;;10064347.42;;10064347.42;2,033,000.00;8,031,347.42;7,864,047.42
2015;154003;FUND.COORD.DE APERF.DE PESSOAL NIVEL SUPERIOR;12;EDUCACAO;364;ENSINO SUPERIOR;2032;EDUCACAO SUPERIOR - GRADUACAO, POS-GRADUACAO, ENSINO, PESQUI;0487;CONCESSAO DE BOLSAS DE ESTUDO NO ENSINO SUPERIOR;0002;CONCESSAO DE BOLSAS DE ESTUDOS NO PAIS;12364203204870001;087493;OCCCGO1927N;PARNACION - CAPES/FUNDECT;90;APLICACOES DIRETAS;3;DESPESAS CORRENTES;3;OUTRAS DESPESAS CORRENTES;18;AUXILIO FINANCEIRO A ESTUDANTES;339018;AUXILIO FINANCEIRO A ESTUDANTES;00;RECURSOS PRIMARIOS DE LIVRE APLICACAO;2,056,581.30;;2,056,581.30;;2,056,581.30;362,000.00;1,694,581.30;1,694,581.30
2015;154003;FUND.COORD.DE APERF.DE PESSOAL NIVEL SUPERIOR;12;EDUCACAO;364;ENSINO SUPERIOR;2032;EDUCACAO SUPERIOR - GRADUACAO, POS-GRADUACAO, ENSINO, PESQUI;0487;CONCESSAO DE BOLSAS DE ESTUDO NO ENSINO SUPERIOR;0002;CONCESSAO DE BOLSAS DE ESTUDOS NO PAIS;12364203204870001;087493;OCCCGO1927N;PARNACION - CAPES/FUNDECT;90;APLICACOES DIRETAS;3;DESPESAS CORRENTES;3;OUTRAS DESPESAS CORRENTES;;;;;12;RECURSOS DEST.A MANUT.E DES.DO ENSINO;47573569.28;;47573569.28;0.00;47572068.28;11660664.50;35911403.78;35429087.52
2015;154003;FUND.COORD.DE APERF.DE PESSOAL NIVEL SUPERIOR;12;EDUCACAO;364;ENSINO SUPERIOR;2032;EDUCACAO SUPERIOR - GRADUACAO, POS-GRADUACAO, ENSINO, PESQUI;0487;CONCESSAO DE BOLSAS DE ESTUDO NO ENSINO SUPERIOR;0002;CONCESSAO DE BOLSAS DE ESTUDOS NO PAIS;12364203204870001;087493;OCCCGO1928N;PARNACION - CAPES/CNJ ACADEMICO;90;APLICACOES DIRETAS;3;DESPESAS CORRENTES;3;OUTRAS DESPESAS CORRENTES;18;AUXILIO FINANCEIRO A ESTUDANTES;339018;AUXILIO FINANCEIRO A ESTUDANTES;12;RECURSOS DEST.A MANUT.E DES.DO ENSINO;169,500.00;;169,500.00;;169,500.00;30,500.00;139,000.00;139,000.00
2015;154003;FUND.COORD.DE APERF.DE PESSOAL NIVEL SUPERIOR;12;EDUCACAO;364;ENSINO SUPERIOR;2032;EDUCACAO SUPERIOR - GRADUACAO, POS-GRADUACAO, ENSINO, PESQUI;0487;CONCESSAO DE BOLSAS DE ESTUDO NO ENSINO SUPERIOR;0002;CONCESSAO DE BOLSAS DE ESTUDOS NO PAIS;12364203204870001;087493;OCCCGO1929N;PARNACION - CAPES/FAPAC;90;APLICACOES DIRETAS;3;DESPESAS CORRENTES;3;OUTRAS DESPESAS CORRENTES;18;AUXILIO FINANCEIRO A ESTUDANTES;339018;AUXILIO FINANCEIRO A ESTUDANTES;00;RECURSOS PRIMARIOS DE LIVRE APLICACAO;573,100.00;;573,100.00;;573,100.00;98,600.00;474,500.00;474,500.00
2015;154003;FUND.COORD.DE APERF.DE PESSOAL NIVEL SUPERIOR;12;EDUCACAO;364;ENSINO SUPERIOR;2032;EDUCACAO SUPERIOR - GRADUACAO, POS-GRADUACAO, ENSINO, PESQUI;0487;CONCESSAO DE BOLSAS DE ESTUDO NO ENSINO SUPERIOR;0002;CONCESSAO DE BOLSAS DE ESTUDOS NO PAIS;12364203204870001;087493;OCCCGO1929N;PARNACION - CAPES/FAPAC;90;APLICACOES DIRETAS;3;DESPESAS CORRENTES;3;OUTRAS DESPESAS CORRENTES;;;;;12;RECURSOS DEST.A MANUT.E DES.DO ENSINO;13615500.00;;13615500.00;;13615500.00;4,174,400.00;9,441,100.00;9,309,100.00
2015;154003;FUND.COORD.DE APERF.DE PESSOAL NIVEL SUPERIOR;12;EDUCACAO;364;ENSINO SUPERIOR;2032;EDUCACAO SUPERIOR - GRADUACAO, POS-GRADUACAO, ENSINO, PESQUI;0487;CONCESSAO DE BOLSAS DE ESTUDO NO ENSINO SUPERIOR;0002;CONCESSAO DE BOLSAS DE ESTUDOS NO PAIS;12364203204870001;087493;OCCCGO1930N;PARNACION - CAPES/FAPES;90;APLICACOES DIRETAS;3;DESPESAS CORRENTES;3;OUTRAS DESPESAS CORRENTES;18;AUXILIO FINANCEIRO A ESTUDANTES;339018;AUXILIO FINANCEIRO A ESTUDANTES;00;RECURSOS PRIMARIOS DE LIVRE APLICACAO;6,511,700.00;;6,511,700.00;;6,511,700.00;657,600.00;5,854,100.00;5,854,100.00
2015;154003;FUND.COORD.DE APERF.DE PESSOAL NIVEL SUPERIOR;12;EDUCACAO;364;ENSINO SUPERIOR;2032;EDUCACAO SUPERIOR - GRADUACAO, POS-GRADUACAO, ENSINO, PESQUI;0487;CONCESSAO DE BOLSAS DE ESTUDO NO ENSINO SUPERIOR;0002;CONCESSAO DE BOLSAS DE ESTUDOS NO PAIS;12364203204870001;087493;OCCCGO1930N;PARNACION - CAPES/FAPES;90;APLICACOES DIRETAS;3;DESPESAS CORRENTES;3;OUTRAS DESPESAS CORRENTES;;;;;12;RECURSOS DEST.A MANUT.E DES.DO ENSINO;43736200.00;;43736200.00;;43736200.00;6,305,300.00;37430900.00;37020800.00
2015;154003;FUND.COORD.DE APERF.DE PESSOAL NIVEL SUPERIOR;12;EDUCACAO;364;ENSINO SUPERIOR;2032;EDUCACAO SUPERIOR - GRADUACAO, POS-GRADUACAO, ENSINO, PESQUI;0487;CONCESSAO DE BOLSAS DE ESTUDO NO ENSINO SUPERIOR;0002;CONCESSAO DE BOLSAS DE ESTUDOS NO PAIS;12364203204870001;087493;OCCCGO1931N;PARNACION - CAPES/PGPTA;90;APLICACOES DIRETAS;3;DESPESAS CORRENTES;3;OUTRAS DESPESAS CORRENTES;18;AUXILIO FINANCEIRO A ESTUDANTES;339018;AUXILIO FINANCEIRO A ESTUDANTES;00;RECURSOS PRIMARIOS DE LIVRE APLICACAO;376,400.00;;376,400.00;;376,400.00;0.00;376,400.00;376,400.00
2015;154003;FUND.COORD.DE APERF.DE PESSOAL NIVEL SUPERIOR;12;EDUCACAO;364;ENSINO SUPERIOR;2032;EDUCACAO SUPERIOR - GRADUACAO, POS-GRADUACAO, ENSINO, PESQUI;0487;CONCESSAO DE BOLSAS DE ESTUDO NO ENSINO SUPERIOR;0002;CONCESSAO DE BOLSAS DE ESTUDOS NO PAIS;12364203204870001;087493;OCCCGO1931N;PARNACION - CAPES/PGPTA;90;APLICACOES DIRETAS;3;DESPESAS CORRENTES;3;OUTRAS DESPESAS CORRENTES;;;;;12;RECURSOS DEST.A MANUT.E DES.DO ENSINO;3,842,300.00;;3,842,300.00;;3,842,300.00;484,000.00;3,358,300.00;3,358,300.00
2015;154003;FUND.COORD.DE APERF.DE PESSOAL NIVEL SUPERIOR;12;EDUCACAO;364;ENSINO SUPERIOR;2032;EDUCACAO SUPERIOR - GRADUACAO, POS-GRADUACAO, ENSINO, PESQUI;0487;CONCESSAO DE BOLSAS DE ESTUDO NO ENSINO SUPERIOR;0002;CONCESSAO DE BOLSAS DE ESTUDOS NO PAIS;12364203204870001;087493;OCCCGO1932N;PARNACION - CAPES/FAPEMA;90;APLICACOES DIRETAS;3;DESPESAS CORRENTES;3;OUTRAS DESPESAS CORRENTES;18;AUXILIO FINANCEIRO A ESTUDANTES;339018;AUXILIO FINANCEIRO A ESTUDANTES;00;RECURSOS PRIMARIOS DE LIVRE APLICACAO;591,000.00;;591,000.00;;591,000.00;98,500.00;492,500.00;492,500.00
2015;154003;FUND.COORD.DE APERF.DE PESSOAL NIVEL SUPERIOR;12;EDUCACAO;364;ENSINO SUPERIOR;2032;EDUCACAO SUPERIOR - GRADUACAO, POS-GRADUACAO, ENSINO, PESQUI;0487;CONCESSAO DE BOLSAS DE ESTUDO NO ENSINO SUPERIOR;0002;CONCESSAO DE BOLSAS DE ESTUDOS NO PAIS;12364203204870001;087493;OCCCGO1932N;PARNACION - CAPES/FAPEMA;90;APLICACOES DIRETAS;3;DESPESAS CORRENTES;3;OUTRAS DESPESAS CORRENTES;;;;;12;RECURSOS DEST.A MANUT.E DES.DO ENSINO;8,436,100.00;;8,436,100.00;;8,436,100.00;2,651,200.00;5,784,900.00;5,784,900.00
2015;154003;FUND.COORD.DE APERF.DE PESSOAL NIVEL SUPERIOR;12;EDUCACAO;364;ENSINO SUPERIOR;2032;EDUCACAO SUPERIOR - GRADUACAO, POS-GRADUACAO, ENSINO, PESQUI;0487;CONCESSAO DE BOLSAS DE ESTUDO NO ENSINO SUPERIOR;0002;CONCESSAO DE BOLSAS DE ESTUDOS NO PAIS;12364203204870001;087493;OCCCGO1933N;PARNACION - FAPERO;90;APLICACOES DIRETAS;3;DESPESAS CORRENTES;3;OUTRAS DESPESAS CORRENTES;18;AUXILIO FINANCEIRO A ESTUDANTES;339018;AUXILIO FINANCEIRO A ESTUDANTES;00;RECURSOS PRIMARIOS DE LIVRE APLICACAO;577,554.20;;577,554.20;;577,554.20;0.00;577,554.20;577,554.20
2015;154003;FUND.COORD.DE APERF.DE PESSOAL NIVEL SUPERIOR;12;EDUCACAO;364;ENSINO SUPERIOR;2032;EDUCACAO SUPERIOR - GRADUACAO, POS-GRADUACAO, ENSINO, PESQUI;0487;CONCESSAO DE BOLSAS DE ESTUDO NO ENSINO SUPERIOR;0002;CONCESSAO DE BOLSAS DE ESTUDOS NO PAIS;12364203204870001;087493;OCCCGO1933N;PARNACION - FAPERO;90;APLICACOES DIRETAS;3;DESPESAS CORRENTES;3;OUTRAS DESPESAS CORRENTES;;;;;12;RECURSOS DEST.A MANUT.E DES.DO ENSINO;1,318,786.72;;1,318,786.72;;1,318,786.72;267,510.84;1,051,275.88;1,051,275.88
2015;154003;FUND.COORD.DE APERF.DE PESSOAL NIVEL SUPERIOR;12;EDUCACAO;364;ENSINO SUPERIOR;2032;EDUCACAO SUPERIOR - GRADUACAO, POS-GRADUACAO, ENSINO, PESQUI;0487;CONCESSAO DE BOLSAS DE ESTUDO NO ENSINO SUPERIOR;0002;CONCESSAO DE BOLSAS DE ESTUDOS NO PAIS;12364203204870001;087493;OCCCGO1935N;PARNACION - FAPESPA;90;APLICACOES DIRETAS;3;DESPESAS CORRENTES;3;OUTRAS DESPESAS CORRENTES;18;AUXILIO FINANCEIRO A ESTUDANTES;339018;AUXILIO FINANCEIRO A ESTUDANTES;00;RECURSOS PRIMARIOS DE LIVRE APLICACAO;2,319,000.00;;2,319,000.00;;2,319,000.00;228,000.00;2,091,000.00;2,091,000.00
2015;154003;FUND.COORD.DE APERF.DE PESSOAL NIVEL SUPERIOR;12;EDUCACAO;364;ENSINO SUPERIOR;2032;EDUCACAO SUPERIOR - GRADUACAO, POS-GRADUACAO, ENSINO, PESQUI;0487;CONCESSAO DE BOLSAS DE ESTUDO NO ENSINO SUPERIOR;0002;CONCESSAO DE BOLSAS DE ESTUDOS NO PAIS;12364203204870001;087493;OCCCGO1935N;PARNACION - FAPESPA;90;APLICACOES DIRETAS;3;DESPESAS CORRENTES;3;OUTRAS DESPESAS CORRENTES;;;;;12;RECURSOS DEST.A MANUT.E DES.DO ENSINO;8,517,700.00;;8,517,700.00;;8,517,700.00;1,243,000.00;7,274,700.00;7,274,700.00
2015;154003;FUND.COORD.DE APERF.DE PESSOAL NIVEL SUPERIOR;12;EDUCACAO;364;ENSINO SUPERIOR;2032;EDUCACAO SUPERIOR - GRADUACAO, POS-GRADUACAO, ENSINO, PESQUI;0487;CONCESSAO DE BOLSAS DE ESTUDO NO ENSINO SUPERIOR;0002;CONCESSAO DE BOLSAS DE ESTUDOS NO PAIS;12364203204870001;087493;OCCCGO1937N;PARNACION - CAPES/ITV;90;APLICACOES DIRETAS;3;DESPESAS CORRENTES;3;OUTRAS DESPESAS CORRENTES;18;AUXILIO FINANCEIRO A ESTUDANTES;339018;AUXILIO FINANCEIRO A ESTUDANTES;96;DOAC.PESSOAS FISICAS E INSTIT.PUB.E PRIV.NAC.;5,598,000.00;;5,598,000.00;;5,598,000.00;0.00;;
2015;154003;FUND.COORD.DE APERF.DE PESSOAL NIVEL SUPERIOR;12;EDUCACAO;364;ENSINO SUPERIOR;2032;EDUCACAO SUPERIOR - GRADUACAO, POS-GRADUACAO, ENSINO, PESQUI;0487;CONCESSAO DE BOLSAS DE ESTUDO NO ENSINO SUPERIOR;0002;CONCESSAO DE BOLSAS DE ESTUDOS NO PAIS;12364203204870001;087493;OCCCGO19A3N;PARNACION - REPENSA;90;APLICACOES DIRETAS;3;DESPESAS CORRENTES;3;OUTRAS DESPESAS CORRENTES;18;AUXILIO FINANCEIRO A ESTUDANTES;339018;AUXILIO FINANCEIRO A ESTUDANTES;12;RECURSOS DEST.A MANUT.E DES.DO ENSINO;5,138,600.00;;5,138,600.00;;5,138,600.00;4,945,000.00;193,600.00;193,600.00
2015;154003;FUND.COORD.DE APERF.DE PESSOAL NIVEL SUPERIOR;12;EDUCACAO;364;ENSINO SUPERIOR;2032;EDUCACAO SUPERIOR - GRADUACAO, POS-GRADUACAO, ENSINO, PESQUI;0487;CONCESSAO DE BOLSAS DE ESTUDO NO ENSINO SUPERIOR;0002;CONCESSAO DE BOLSAS DE ESTUDOS NO PAIS;12364203204870001;087493;OCCCGO19A4N;PARNACION - SISBIOTA;90;APLICACOES DIRETAS;3;DESPESAS CORRENTES;3;OUTRAS DESPESAS CORRENTES;18;AUXILIO FINANCEIRO A ESTUDANTES;339018;AUXILIO FINANCEIRO A ESTUDANTES;12;RECURSOS DEST.A MANUT.E DES.DO ENSINO;5,172,800.00;;5,172,800.00;;5,172,800.00;4,936,100.00;236,700.00;236,700.00
2015;154003;FUND.COORD.DE APERF.DE PESSOAL NIVEL SUPERIOR;12;EDUCACAO;364;ENSINO SUPERIOR;2032;EDUCACAO SUPERIOR - GRADUACAO, POS-GRADUACAO, ENSINO, PESQUI;0487;CONCESSAO DE BOLSAS DE ESTUDO NO ENSINO SUPERIOR;0002;CONCESSAO DE BOLSAS DE ESTUDOS NO PAIS;12364203204870001;087493;OCCCGO19A5N;PARNACION - REFLORA;90;APLICACOES DIRETAS;3;DESPESAS CORRENTES;3;OUTRAS DESPESAS CORRENTES;18;AUXILIO FINANCEIRO A ESTUDANTES;339018;AUXILIO FINANCEIRO A ESTUDANTES;12;RECURSOS DEST.A MANUT.E DES.DO ENSINO;5,108,000.00;;5,108,000.00;;5,108,000.00;4,958,000.00;150,000.00;150,000.00
2015;154003;FUND.COORD.DE APERF.DE PESSOAL NIVEL SUPERIOR;12;EDUCACAO;364;ENSINO SUPERIOR;2032;EDUCACAO SUPERIOR - GRADUACAO, POS-GRADUACAO, ENSINO, PESQUI;0487;CONCESSAO DE BOLSAS DE ESTUDO NO ENSINO SUPERIOR;0002;CONCESSAO DE BOLSAS DE ESTUDOS NO PAIS;12364203204870001;087493;OCCCGO19A6N;PARNACION - PROTAX;90;APLICACOES DIRETAS;3;DESPESAS CORRENTES;3;OUTRAS DESPESAS CORRENTES;18;AUXILIO FINANCEIRO A ESTUDANTES;339018;AUXILIO FINANCEIRO A ESTUDANTES;00;RECURSOS PRIMARIOS DE LIVRE APLICACAO;68,400.00;;68,400.00;;68,400.00;10,300.00;58,100.00;58,100.00
2015;154003;FUND.COORD.DE APERF.DE PESSOAL NIVEL SUPERIOR;12;EDUCACAO;364;ENSINO SUPERIOR;2032;EDUCACAO SUPERIOR - GRADUACAO, POS-GRADUACAO, ENSINO, PESQUI;0487;CONCESSAO DE BOLSAS DE ESTUDO NO ENSINO SUPERIOR;0002;CONCESSAO DE BOLSAS DE ESTUDOS NO PAIS;12364203204870001;087493;OCCCGO19A6N;PARNACION - PROTAX;90;APLICACOES DIRETAS;3;DESPESAS CORRENTES;3;OUTRAS DESPESAS CORRENTES;;;;;12;RECURSOS DEST.A MANUT.E DES.DO ENSINO;5,980,000.00;;5,980,000.00;;5,980,000.00;4,872,800.00;1,107,200.00;1,096,900.00
2015;154003;FUND.COORD.DE APERF.DE PESSOAL NIVEL SUPERIOR;12;EDUCACAO;364;ENSINO SUPERIOR;2032;EDUCACAO SUPERIOR - GRADUACAO, POS-GRADUACAO, ENSINO, PESQUI;0487;CONCESSAO DE BOLSAS DE ESTUDO NO ENSINO SUPERIOR;0002;CONCESSAO DE BOLSAS DE ESTUDOS NO PAIS;12364203204870001;087493;OCCCGO19A7N;PARNACION - PRO CENTRO OESTE;90;APLICACOES DIRETAS;3;DESPESAS CORRENTES;3;OUTRAS DESPESAS CORRENTES;18;AUXILIO FINANCEIRO A ESTUDANTES;339018;AUXILIO FINANCEIRO A ESTUDANTES;12;RECURSOS DEST.A MANUT.E DES.DO ENSINO;5,485,400.00;;5,485,400.00;;5,485,400.00;4,928,600.00;556,800.00;554,600.00
2015;154003;FUND.COORD.DE APERF.DE PESSOAL NIVEL SUPERIOR;12;EDUCACAO;364;ENSINO SUPERIOR;2032;EDUCACAO SUPERIOR - GRADUACAO, POS-GRADUACAO, ENSINO, PESQUI;0487;CONCESSAO DE BOLSAS DE ESTUDO NO ENSINO SUPERIOR;0002;CONCESSAO DE BOLSAS DE ESTUDOS NO PAIS;12364203204870001;087493;OCCCGO19A8N;PARNACION - CAPES/CNPQ - INCT;90;APLICACOES DIRETAS;3;DESPESAS CORRENTES;3;OUTRAS DESPESAS CORRENTES;18;AUXILIO FINANCEIRO A ESTUDANTES;339018;AUXILIO FINANCEIRO A ESTUDANTES;00;RECURSOS PRIMARIOS DE LIVRE APLICACAO;1,421,100.00;;1,421,100.00;;1,421,100.00;149,000.00;1,272,100.00;1,272,100.00
2015;154003;FUND.COORD.DE APERF.DE PESSOAL NIVEL SUPERIOR;12;EDUCACAO;364;ENSINO SUPERIOR;2032;EDUCACAO SUPERIOR - GRADUACAO, POS-GRADUACAO, ENSINO, PESQUI;0487;CONCESSAO DE BOLSAS DE ESTUDO NO ENSINO SUPERIOR;0002;CONCESSAO DE BOLSAS DE ESTUDOS NO PAIS;12364203204870001;087493;OCCCGO19A8N;PARNACION - CAPES/CNPQ - INCT;90;APLICACOES DIRETAS;3;DESPESAS CORRENTES;3;OUTRAS DESPESAS CORRENTES;;;;;12;RECURSOS DEST.A MANUT.E DES.DO ENSINO;21384100.00;;21384100.00;;21384100.00;3,158,200.00;18225900.00;18122400.00
2015;154003;FUND.COORD.DE APERF.DE PESSOAL NIVEL SUPERIOR;12;EDUCACAO;364;ENSINO SUPERIOR;2032;EDUCACAO SUPERIOR - GRADUACAO, POS-GRADUACAO, ENSINO, PESQUI;0487;CONCESSAO DE BOLSAS DE ESTUDO NO ENSINO SUPERIOR;0002;CONCESSAO DE BOLSAS DE ESTUDOS NO PAIS;12364203204870001;087493;OCCCGO19B1N;PARNACION - CAPES/FIOCRUZ-BSM;90;APLICACOES DIRETAS;3;DESPESAS CORRENTES;3;OUTRAS DESPESAS CORRENTES;18;AUXILIO FINANCEIRO A ESTUDANTES;339018;AUXILIO FINANCEIRO A ESTUDANTES;00;RECURSOS PRIMARIOS DE LIVRE APLICACAO;3,170,800.00;;3,170,800.00;;3,170,800.00;319,600.00;2,851,200.00;2,851,200.00
2015;154003;FUND.COORD.DE APERF.DE PESSOAL NIVEL SUPERIOR;12;EDUCACAO;364;ENSINO SUPERIOR;2032;EDUCACAO SUPERIOR - GRADUACAO, POS-GRADUACAO, ENSINO, PESQUI;0487;CONCESSAO DE BOLSAS DE ESTUDO NO ENSINO SUPERIOR;0002;CONCESSAO DE BOLSAS DE ESTUDOS NO PAIS;12364203204870001;087493;OCCCGO19B1N;PARNACION - CAPES/FIOCRUZ-BSM;90;APLICACOES DIRETAS;3;DESPESAS CORRENTES;3;OUTRAS DESPESAS CORRENTES;;;;;12;RECURSOS DEST.A MANUT.E DES.DO ENSINO;33326400.00;;33326400.00;;33326400.00;8,603,500.00;24722900.00;24467700.00
2015;154003;FUND.COORD.DE APERF.DE PESSOAL NIVEL SUPERIOR;12;EDUCACAO;364;ENSINO SUPERIOR;2032;EDUCACAO SUPERIOR - GRADUACAO, POS-GRADUACAO, ENSINO, PESQUI;0487;CONCESSAO DE BOLSAS DE ESTUDO NO ENSINO SUPERIOR;0002;CONCESSAO DE BOLSAS DE ESTUDOS NO PAIS;12364203204870001;087493;OCCCGO2002N;PARNACION - CAPES/FAPITEC;90;APLICACOES DIRETAS;3;DESPESAS CORRENTES;3;OUTRAS DESPESAS CORRENTES;20;AUXILIO FINANCEIRO A PESQUISADORES;339020;AUXILIO FINANCEIRO A PESQUISADORES;12;RECURSOS DEST.A MANUT.E DES.DO ENSINO;16799111.23;;16799111.23;;16839111.23;885,000.33;15954110.90;9,752,393.74
2015;154003;FUND.COORD.DE APERF.DE PESSOAL NIVEL SUPERIOR;12;EDUCACAO;364;ENSINO SUPERIOR;2032;EDUCACAO SUPERIOR - GRADUACAO, POS-GRADUACAO, ENSINO, PESQUI;0487;CONCESSAO DE BOLSAS DE ESTUDO NO ENSINO SUPERIOR;0002;CONCESSAO DE BOLSAS DE ESTUDOS NO PAIS;12364203204870001;087493;OCCCGO2005N;PARNACION - CAPES/FAPERGS;90;APLICACOES DIRETAS;3;DESPESAS CORRENTES;3;OUTRAS DESPESAS CORRENTES;20;AUXILIO FINANCEIRO A PESQUISADORES;339020;AUXILIO FINANCEIRO A PESQUISADORES;12;RECURSOS DEST.A MANUT.E DES.DO ENSINO;7,661,058.63;;7,661,058.63;;7,661,058.63;0.00;7,661,058.63;3,854,277.38
2015;154003;FUND.COORD.DE APERF.DE PESSOAL NIVEL SUPERIOR;12;EDUCACAO;364;ENSINO SUPERIOR;2032;EDUCACAO SUPERIOR - GRADUACAO, POS-GRADUACAO, ENSINO, PESQUI;0487;CONCESSAO DE BOLSAS DE ESTUDO NO ENSINO SUPERIOR;0002;CONCESSAO DE BOLSAS DE ESTUDOS NO PAIS;12364203204870001;087493;OCCCGO2006N;PARNACION - CAPES/FAPEMIG;90;APLICACOES DIRETAS;3;DESPESAS CORRENTES;3;OUTRAS DESPESAS CORRENTES;20;AUXILIO FINANCEIRO A PESQUISADORES;339020;AUXILIO FINANCEIRO A PESQUISADORES;12;RECURSOS DEST.A MANUT.E DES.DO ENSINO;1,972,403.01;;1,972,403.01;;1,944,771.01;0.00;1,944,771.01;670,760.94
2015;154003;FUND.COORD.DE APERF.DE PESSOAL NIVEL SUPERIOR;12;EDUCACAO;364;ENSINO SUPERIOR;2032;EDUCACAO SUPERIOR - GRADUACAO, POS-GRADUACAO, ENSINO, PESQUI;0487;CONCESSAO DE BOLSAS DE ESTUDO NO ENSINO SUPERIOR;0002;CONCESSAO DE BOLSAS DE ESTUDOS NO PAIS;12364203204870001;087493;OCCCGO2008N;PARNACION - PRO-DEFESA;90;APLICACOES DIRETAS;3;DESPESAS CORRENTES;3;OUTRAS DESPESAS CORRENTES;20;AUXILIO FINANCEIRO A PESQUISADORES;339020;AUXILIO FINANCEIRO A PESQUISADORES;12;RECURSOS DEST.A MANUT.E DES.DO ENSINO;1,380,000.00;;1,380,000.00;;1,419,259.00;39,259.00;1,380,000.00;720,000.00
2015;154003;FUND.COORD.DE APERF.DE PESSOAL NIVEL SUPERIOR;12;EDUCACAO;364;ENSINO SUPERIOR;2032;EDUCACAO SUPERIOR - GRADUACAO, POS-GRADUACAO, ENSINO, PESQUI;0487;CONCESSAO DE BOLSAS DE ESTUDO NO ENSINO SUPERIOR;0002;CONCESSAO DE BOLSAS DE ESTUDOS NO PAIS;12364203204870001;087493;OCCCGO2014N;PARNACION - CAPES/FAPERN;90;APLICACOES DIRETAS;3;DESPESAS CORRENTES;3;OUTRAS DESPESAS CORRENTES;20;AUXILIO FINANCEIRO A PESQUISADORES;339020;AUXILIO FINANCEIRO A PESQUISADORES;12;RECURSOS DEST.A MANUT.E DES.DO ENSINO;920,000.00;;920,000.00;;976,250.00;558,750.00;417,500.00;176,250.00
2015;154003;FUND.COORD.DE APERF.DE PESSOAL NIVEL SUPERIOR;12;EDUCACAO;364;ENSINO SUPERIOR;2032;EDUCACAO SUPERIOR - GRADUACAO, POS-GRADUACAO, ENSINO, PESQUI;0487;CONCESSAO DE BOLSAS DE ESTUDO NO ENSINO SUPERIOR;0002;CONCESSAO DE BOLSAS DE ESTUDOS NO PAIS;12364203204870001;087493;OCCCGO2016N;PARNACION - CAPES/FUNCAP;90;APLICACOES DIRETAS;3;DESPESAS CORRENTES;3;OUTRAS DESPESAS CORRENTES;20;AUXILIO FINANCEIRO A PESQUISADORES;339020;AUXILIO FINANCEIRO A PESQUISADORES;12;RECURSOS DEST.A MANUT.E DES.DO ENSINO;5,119,132.49;;5,119,132.49;;4,617,471.48;1,865,770.50;2,751,700.98;1,374,156.99
2015;154003;FUND.COORD.DE APERF.DE PESSOAL NIVEL SUPERIOR;12;EDUCACAO;364;ENSINO SUPERIOR;2032;EDUCACAO SUPERIOR - GRADUACAO, POS-GRADUACAO, ENSINO, PESQUI;0487;CONCESSAO DE BOLSAS DE ESTUDO NO ENSINO SUPERIOR;0002;CONCESSAO DE BOLSAS DE ESTUDOS NO PAIS;12364203204870001;087493;OCCCGO2018N;PARNACION - CAPES/FAPEMAT;90;APLICACOES DIRETAS;3;DESPESAS CORRENTES;3;OUTRAS DESPESAS CORRENTES;20;AUXILIO FINANCEIRO A PESQUISADORES;339020;AUXILIO FINANCEIRO A PESQUISADORES;12;RECURSOS DEST.A MANUT.E DES.DO ENSINO;12435387.80;;12435387.80;;12435387.80;443,969.00;11991418.80;9,240,119.20
2015;154003;FUND.COORD.DE APERF.DE PESSOAL NIVEL SUPERIOR;12;EDUCACAO;364;ENSINO SUPERIOR;2032;EDUCACAO SUPERIOR - GRADUACAO, POS-GRADUACAO, ENSINO, PESQUI;0487;CONCESSAO DE BOLSAS DE ESTUDO NO ENSINO SUPERIOR;0002;CONCESSAO DE BOLSAS DE ESTUDOS NO PAIS;12364203204870001;087493;OCCCGO2019N;PARNACION - CAPES/FAPEG;90;APLICACOES DIRETAS;3;DESPESAS CORRENTES;3;OUTRAS DESPESAS CORRENTES;20;AUXILIO FINANCEIRO A PESQUISADORES;339020;AUXILIO FINANCEIRO A PESQUISADORES;00;RECURSOS PRIMARIOS DE LIVRE APLICACAO;625,000.00;;625,000.00;;625,000.00;0.00;625,000.00;500,000.00
2015;154003;FUND.COORD.DE APERF.DE PESSOAL NIVEL SUPERIOR;12;EDUCACAO;364;ENSINO SUPERIOR;2032;EDUCACAO SUPERIOR - GRADUACAO, POS-GRADUACAO, ENSINO, PESQUI;0487;CONCESSAO DE BOLSAS DE ESTUDO NO ENSINO SUPERIOR;0002;CONCESSAO DE BOLSAS DE ESTUDOS NO PAIS;12364203204870001;087493;OCCCGO2019N;PARNACION - CAPES/FAPEG;90;APLICACOES DIRETAS;3;DESPESAS CORRENTES;3;OUTRAS DESPESAS CORRENTES;;;;;12;RECURSOS DEST.A MANUT.E DES.DO ENSINO;34382860.95;;34382860.95;;33923242.96;1,286,004.74;32637238.22;16018319.05
2015;154003;FUND.COORD.DE APERF.DE PESSOAL NIVEL SUPERIOR;12;EDUCACAO;364;ENSINO SUPERIOR;2032;EDUCACAO SUPERIOR - GRADUACAO, POS-GRADUACAO, ENSINO, PESQUI;0487;CONCESSAO DE BOLSAS DE ESTUDO NO ENSINO SUPERIOR;0002;CONCESSAO DE BOLSAS DE ESTUDOS NO PAIS;12364203204870001;087493;OCCCGO2020N;PARNACION - CAPES/FUNDACAO ARAUCARIA;90;APLICACOES DIRETAS;3;DESPESAS CORRENTES;3;OUTRAS DESPESAS CORRENTES;20;AUXILIO FINANCEIRO A PESQUISADORES;339020;AUXILIO FINANCEIRO A PESQUISADORES;12;RECURSOS DEST.A MANUT.E DES.DO ENSINO;7,571,458.70;;7,571,458.70;;7,506,736.00;251,619.40;7,255,116.60;4,301,139.20
2015;154003;FUND.COORD.DE APERF.DE PESSOAL NIVEL SUPERIOR;12;EDUCACAO;364;ENSINO SUPERIOR;2032;EDUCACAO SUPERIOR - GRADUACAO, POS-GRADUACAO, ENSINO, PESQUI;0487;CONCESSAO DE BOLSAS DE ESTUDO NO ENSINO SUPERIOR;0002;CONCESSAO DE BOLSAS DE ESTUDOS NO PAIS;12364203204870001;087493;OCCCGO2021N;PARNACION - CAPES/FAPESB;90;APLICACOES DIRETAS;3;DESPESAS CORRENTES;3;OUTRAS DESPESAS CORRENTES;20;AUXILIO FINANCEIRO A PESQUISADORES;339020;AUXILIO FINANCEIRO A PESQUISADORES;12;RECURSOS DEST.A MANUT.E DES.DO ENSINO;28285333.16;;28285333.16;;28351273.16;240,299.66;28110973.50;26367645.17
2015;154003;FUND.COORD.DE APERF.DE PESSOAL NIVEL SUPERIOR;12;EDUCACAO;364;ENSINO SUPERIOR;2032;EDUCACAO SUPERIOR - GRADUACAO, POS-GRADUACAO, ENSINO, PESQUI;0487;CONCESSAO DE BOLSAS DE ESTUDO NO ENSINO SUPERIOR;0002;CONCESSAO DE BOLSAS DE ESTUDOS NO PAIS;12364203204870001;087493;OCCCGO2026N;PARNACION - CAPES/ITA;90;APLICACOES DIRETAS;3;DESPESAS CORRENTES;3;OUTRAS DESPESAS CORRENTES;18;AUXILIO FINANCEIRO A ESTUDANTES;339018;AUXILIO FINANCEIRO A ESTUDANTES;00;RECURSOS PRIMARIOS DE LIVRE APLICACAO;2,136,245.52;;2,136,245.52;;2,136,245.52;242,000.00;1,894,245.52;1,894,245.52
2015;154003;FUND.COORD.DE APERF.DE PESSOAL NIVEL SUPERIOR;12;EDUCACAO;364;ENSINO SUPERIOR;2032;EDUCACAO SUPERIOR - GRADUACAO, POS-GRADUACAO, ENSINO, PESQUI;0487;CONCESSAO DE BOLSAS DE ESTUDO NO ENSINO SUPERIOR;0002;CONCESSAO DE BOLSAS DE ESTUDOS NO PAIS;12364203204870001;087493;OCCCGO2026N;PARNACION - CAPES/ITA;90;APLICACOES DIRETAS;3;DESPESAS CORRENTES;3;OUTRAS DESPESAS CORRENTES;;;;;12;RECURSOS DEST.A MANUT.E DES.DO ENSINO;21449841.14;;21449841.14;;21449841.14;4,268,223.04;17181618.10;17008363.90
2015;154003;FUND.COORD.DE APERF.DE PESSOAL NIVEL SUPERIOR;12;EDUCACAO;364;ENSINO SUPERIOR;2032;EDUCACAO SUPERIOR - GRADUACAO, POS-GRADUACAO, ENSINO, PESQUI;0487;CONCESSAO DE BOLSAS DE ESTUDO NO ENSINO SUPERIOR;0002;CONCESSAO DE BOLSAS DE ESTUDOS NO PAIS;12364203204870001;087493;OCCCGO2027N;PARNACION - FUNDECT;90;APLICACOES DIRETAS;3;DESPESAS CORRENTES;3;OUTRAS DESPESAS CORRENTES;20;AUXILIO FINANCEIRO A PESQUISADORES;339020;AUXILIO FINANCEIRO A PESQUISADORES;12;RECURSOS DEST.A MANUT.E DES.DO ENSINO;11720000.00;;11720000.00;;11720000.00;140,000.00;11580000.00;11580000.00
2015;154003;FUND.COORD.DE APERF.DE PESSOAL NIVEL SUPERIOR;12;EDUCACAO;364;ENSINO SUPERIOR;2032;EDUCACAO SUPERIOR - GRADUACAO, POS-GRADUACAO, ENSINO, PESQUI;0487;CONCESSAO DE BOLSAS DE ESTUDO NO ENSINO SUPERIOR;0002;CONCESSAO DE BOLSAS DE ESTUDOS NO PAIS;12364203204870001;087493;OCCCGO2036N;PARNACION - CAPES/FAPCO;90;APLICACOES DIRETAS;3;DESPESAS CORRENTES;3;OUTRAS DESPESAS CORRENTES;20;AUXILIO FINANCEIRO A PESQUISADORES;339020;AUXILIO FINANCEIRO A PESQUISADORES;12;RECURSOS DEST.A MANUT.E DES.DO ENSINO;756,800.00;;756,800.00;;892,800.00;326,400.00;314,400.00;314,400.00
2015;154003;FUND.COORD.DE APERF.DE PESSOAL NIVEL SUPERIOR;12;EDUCACAO;364;ENSINO SUPERIOR;2032;EDUCACAO SUPERIOR - GRADUACAO, POS-GRADUACAO, ENSINO, PESQUI;0487;CONCESSAO DE BOLSAS DE ESTUDO NO ENSINO SUPERIOR;0002;CONCESSAO DE BOLSAS DE ESTUDOS NO PAIS;12364203204870001;087493;OCCCGO20B2N;PARNACION - FIOCRUZ CDTS;90;APLICACOES DIRETAS;3;DESPESAS CORRENTES;3;OUTRAS DESPESAS CORRENTES;18;AUXILIO FINANCEIRO A ESTUDANTES;339018;AUXILIO FINANCEIRO A ESTUDANTES;00;RECURSOS PRIMARIOS DE LIVRE APLICACAO;404,527.30;;404,527.30;;404,527.30;68,000.00;336,527.30;336,527.30
2015;154003;FUND.COORD.DE APERF.DE PESSOAL NIVEL SUPERIOR;12;EDUCACAO;364;ENSINO SUPERIOR;2032;EDUCACAO SUPERIOR - GRADUACAO, POS-GRADUACAO, ENSINO, PESQUI;0487;CONCESSAO DE BOLSAS DE ESTUDO NO ENSINO SUPERIOR;0002;CONCESSAO DE BOLSAS DE ESTUDOS NO PAIS;12364203204870001;087493;OCCCGO20B2N;PARNACION - FIOCRUZ CDTS;90;APLICACOES DIRETAS;3;DESPESAS CORRENTES;3;OUTRAS DESPESAS CORRENTES;;;;;12;RECURSOS DEST.A MANUT.E DES.DO ENSINO;4,604,130.76;;4,604,130.76;;4,604,130.76;146,931.54;4,457,199.22;4,457,199.22
2015;154003;FUND.COORD.DE APERF.DE PESSOAL NIVEL SUPERIOR;12;EDUCACAO;364;ENSINO SUPERIOR;2032;EDUCACAO SUPERIOR - GRADUACAO, POS-GRADUACAO, ENSINO, PESQUI;0487;CONCESSAO DE BOLSAS DE ESTUDO NO ENSINO SUPERIOR;0002;CONCESSAO DE BOLSAS DE ESTUDOS NO PAIS;12364203204870001;087493;OCCCGV2004N;PARNACION - CAPES/FACEPE;90;APLICACOES DIRETAS;3;DESPESAS CORRENTES;3;OUTRAS DESPESAS CORRENTES;18;AUXILIO FINANCEIRO A ESTUDANTES;339018;AUXILIO FINANCEIRO A ESTUDANTES;00;RECURSOS PRIMARIOS DE LIVRE APLICACAO;418,200.00;;418,200.00;;418,200.00;69,700.00;348,500.00;348,500.00
2015;154003;FUND.COORD.DE APERF.DE PESSOAL NIVEL SUPERIOR;12;EDUCACAO;364;ENSINO SUPERIOR;2032;EDUCACAO SUPERIOR - GRADUACAO, POS-GRADUACAO, ENSINO, PESQUI;0487;CONCESSAO DE BOLSAS DE ESTUDO NO ENSINO SUPERIOR;0002;CONCESSAO DE BOLSAS DE ESTUDOS NO PAIS;12364203204870001;087493;OCCCGV2004N;PARNACION - CAPES/FACEPE;90;APLICACOES DIRETAS;3;DESPESAS CORRENTES;3;OUTRAS DESPESAS CORRENTES;;;;;12;RECURSOS DEST.A MANUT.E DES.DO ENSINO;11828400.00;;11828400.00;;11828400.00;4,071,200.00;7,757,200.00;7,548,100.00
2015;154003;FUND.COORD.DE APERF.DE PESSOAL NIVEL SUPERIOR;12;EDUCACAO;364;ENSINO SUPERIOR;2032;EDUCACAO SUPERIOR - GRADUACAO, POS-GRADUACAO, ENSINO, PESQUI;0487;CONCESSAO DE BOLSAS DE ESTUDO NO ENSINO SUPERIOR;0002;CONCESSAO DE BOLSAS DE ESTUDOS NO PAIS;12364203204870001;087493;OCCCGV2004N;PARNACION - CAPES/FACEPE;90;APLICACOES DIRETAS;3;DESPESAS CORRENTES;3;OUTRAS DESPESAS CORRENTES;20;AUXILIO FINANCEIRO A PESQUISADORES;339020;AUXILIO FINANCEIRO A PESQUISADORES;12;RECURSOS DEST.A MANUT.E DES.DO ENSINO;216,000.00;;216,000.00;;216,000.00;36,000.00;180,000.00;86,400.00
2015;154003;FUND.COORD.DE APERF.DE PESSOAL NIVEL SUPERIOR;12;EDUCACAO;364;ENSINO SUPERIOR;2032;EDUCACAO SUPERIOR - GRADUACAO, POS-GRADUACAO, ENSINO, PESQUI;0487;CONCESSAO DE BOLSAS DE ESTUDO NO ENSINO SUPERIOR;0002;CONCESSAO DE BOLSAS DE ESTUDOS NO PAIS;12364203204870001;087493;OCCCGV2010N;PARNACION - CAPES/FAPERJ;90;APLICACOES DIRETAS;3;DESPESAS CORRENTES;3;OUTRAS DESPESAS CORRENTES;18;AUXILIO FINANCEIRO A ESTUDANTES;339018;AUXILIO FINANCEIRO A ESTUDANTES;00;RECURSOS PRIMARIOS DE LIVRE APLICACAO;5,034,800.00;;5,034,800.00;;5,034,800.00;996,300.00;4,038,500.00;4,038,500.00
2015;154003;FUND.COORD.DE APERF.DE PESSOAL NIVEL SUPERIOR;12;EDUCACAO;364;ENSINO SUPERIOR;2032;EDUCACAO SUPERIOR - GRADUACAO, POS-GRADUACAO, ENSINO, PESQUI;0487;CONCESSAO DE BOLSAS DE ESTUDO NO ENSINO SUPERIOR;0002;CONCESSAO DE BOLSAS DE ESTUDOS NO PAIS;12364203204870001;087493;OCCCGV2010N;PARNACION - CAPES/FAPERJ;90;APLICACOES DIRETAS;3;DESPESAS CORRENTES;3;OUTRAS DESPESAS CORRENTES;;;;;12;RECURSOS DEST.A MANUT.E DES.DO ENSINO;77088400.00;;77088400.00;;77084300.00;5,112,900.00;71971400.00;71122700.00
2015;154003;FUND.COORD.DE APERF.DE PESSOAL NIVEL SUPERIOR;12;EDUCACAO;364;ENSINO SUPERIOR;2032;EDUCACAO SUPERIOR - GRADUACAO, POS-GRADUACAO, ENSINO, PESQUI;0487;CONCESSAO DE BOLSAS DE ESTUDO NO ENSINO SUPERIOR;0002;CONCESSAO DE BOLSAS DE ESTUDOS NO PAIS;12364203204870001;087493;OCCCGV2011N;PARNACION - POS DOC SUS (PNPDS;90;APLICACOES DIRETAS;3;DESPESAS CORRENTES;3;OUTRAS DESPESAS CORRENTES;18;AUXILIO FINANCEIRO A ESTUDANTES;339018;AUXILIO FINANCEIRO A ESTUDANTES;00;RECURSOS PRIMARIOS DE LIVRE APLICACAO;319,800.00;;319,800.00;;319,800.00;53,300.00;266,500.00;266,500.00
2015;154003;FUND.COORD.DE APERF.DE PESSOAL NIVEL SUPERIOR;12;EDUCACAO;364;ENSINO SUPERIOR;2032;EDUCACAO SUPERIOR - GRADUACAO, POS-GRADUACAO, ENSINO, PESQUI;0487;CONCESSAO DE BOLSAS DE ESTUDO NO ENSINO SUPERIOR;0002;CONCESSAO DE BOLSAS DE ESTUDOS NO PAIS;12364203204870001;087493;OCCCGV2011N;PARNACION - POS DOC SUS (PNPDS;90;APLICACOES DIRETAS;3;DESPESAS CORRENTES;3;OUTRAS DESPESAS CORRENTES;;;;;12;RECURSOS DEST.A MANUT.E DES.DO ENSINO;12135100.00;;12135100.00;;12135100.00;3,730,100.00;8,405,000.00;8,249,200.00
2015;154003;FUND.COORD.DE APERF.DE PESSOAL NIVEL SUPERIOR;12;EDUCACAO;364;ENSINO SUPERIOR;2032;EDUCACAO SUPERIOR - GRADUACAO, POS-GRADUACAO, ENSINO, PESQUI;0487;CONCESSAO DE BOLSAS DE ESTUDO NO ENSINO SUPERIOR;0002;CONCESSAO DE BOLSAS DE ESTUDOS NO PAIS;12364203204870001;087493;OCCCGV2034N;PARNACION - HCPA/HCPA;90;APLICACOES DIRETAS;3;DESPESAS CORRENTES;3;OUTRAS DESPESAS CORRENTES;18;AUXILIO FINANCEIRO A ESTUDANTES;339018;AUXILIO FINANCEIRO A ESTUDANTES;00;RECURSOS PRIMARIOS DE LIVRE APLICACAO;73,800.00;;73,800.00;;73,800.00;12,300.00;61,500.00;61,500.00
2015;154003;FUND.COORD.DE APERF.DE PESSOAL NIVEL SUPERIOR;12;EDUCACAO;364;ENSINO SUPERIOR;2032;EDUCACAO SUPERIOR - GRADUACAO, POS-GRADUACAO, ENSINO, PESQUI;0487;CONCESSAO DE BOLSAS DE ESTUDO NO ENSINO SUPERIOR;0002;CONCESSAO DE BOLSAS DE ESTUDOS NO PAIS;12364203204870001;087493;OCCCGV2034N;PARNACION - HCPA/HCPA;90;APLICACOES DIRETAS;3;DESPESAS CORRENTES;3;OUTRAS DESPESAS CORRENTES;;;;;12;RECURSOS DEST.A MANUT.E DES.DO ENSINO;3,464,800.00;;3,464,800.00;;3,464,800.00;2,443,900.00;1,020,900.00;1,020,900.00
2015;154003;FUND.COORD.DE APERF.DE PESSOAL NIVEL SUPERIOR;12;EDUCACAO;364;ENSINO SUPERIOR;2032;EDUCACAO SUPERIOR - GRADUACAO, POS-GRADUACAO, ENSINO, PESQUI;0487;CONCESSAO DE BOLSAS DE ESTUDO NO ENSINO SUPERIOR;0002;CONCESSAO DE BOLSAS DE ESTUDOS NO PAIS;12364203204870001;087493;OCCCUG1905N;BFSUPERIOR - NANOBIO;90;APLICACOES DIRETAS;3;DESPESAS CORRENTES;3;OUTRAS DESPESAS CORRENTES;18;AUXILIO FINANCEIRO A ESTUDANTES;339018;AUXILIO FINANCEIRO A ESTUDANTES;12;RECURSOS DEST.A MANUT.E DES.DO ENSINO;5,613,800.00;;5,613,800.00;;5,613,800.00;4,863,600.00;750,200.00;750,200.00
2015;154003;FUND.COORD.DE APERF.DE PESSOAL NIVEL SUPERIOR;12;EDUCACAO;364;ENSINO SUPERIOR;2032;EDUCACAO SUPERIOR - GRADUACAO, POS-GRADUACAO, ENSINO, PESQUI;0487;CONCESSAO DE BOLSAS DE ESTUDO NO ENSINO SUPERIOR;0002;CONCESSAO DE BOLSAS DE ESTUDOS NO PAIS;12364203204870001;087493;OCCCUG1906N;BFSUPERIOR - TOXINOLOGIA;90;APLICACOES DIRETAS;3;DESPESAS CORRENTES;3;OUTRAS DESPESAS CORRENTES;18;AUXILIO FINANCEIRO A ESTUDANTES;339018;AUXILIO FINANCEIRO A ESTUDANTES;12;RECURSOS DEST.A MANUT.E DES.DO ENSINO;5,000,000.00;;5,000,000.00;;5,000,000.00;5,000,000.00;;
2015;154003;FUND.COORD.DE APERF.DE PESSOAL NIVEL SUPERIOR;12;EDUCACAO;364;ENSINO SUPERIOR;2032;EDUCACAO SUPERIOR - GRADUACAO, POS-GRADUACAO, ENSINO, PESQUI;0487;CONCESSAO DE BOLSAS DE ESTUDO NO ENSINO SUPERIOR;0002;CONCESSAO DE BOLSAS DE ESTUDOS NO PAIS;12364203204870001;087493;OCCCUG1907N;BFSUPERIOR - CIENCIAS DO MAR;90;APLICACOES DIRETAS;3;DESPESAS CORRENTES;3;OUTRAS DESPESAS CORRENTES;18;AUXILIO FINANCEIRO A ESTUDANTES;339018;AUXILIO FINANCEIRO A ESTUDANTES;00;RECURSOS PRIMARIOS DE LIVRE APLICACAO;144,000.00;;144,000.00;;144,000.00;24,000.00;120,000.00;120,000.00
2015;154003;FUND.COORD.DE APERF.DE PESSOAL NIVEL SUPERIOR;12;EDUCACAO;364;ENSINO SUPERIOR;2032;EDUCACAO SUPERIOR - GRADUACAO, POS-GRADUACAO, ENSINO, PESQUI;0487;CONCESSAO DE BOLSAS DE ESTUDO NO ENSINO SUPERIOR;0002;CONCESSAO DE BOLSAS DE ESTUDOS NO PAIS;12364203204870001;087493;OCCCUG1907N;BFSUPERIOR - CIENCIAS DO MAR;90;APLICACOES DIRETAS;3;DESPESAS CORRENTES;3;OUTRAS DESPESAS CORRENTES;;;;;12;RECURSOS DEST.A MANUT.E DES.DO ENSINO;6,582,720.00;;6,582,720.00;;6,582,720.00;4,914,000.00;1,668,720.00;1,634,320.00
2015;154003;FUND.COORD.DE APERF.DE PESSOAL NIVEL SUPERIOR;12;EDUCACAO;364;ENSINO SUPERIOR;2032;EDUCACAO SUPERIOR - GRADUACAO, POS-GRADUACAO, ENSINO, PESQUI;0487;CONCESSAO DE BOLSAS DE ESTUDO NO ENSINO SUPERIOR;0002;CONCESSAO DE BOLSAS DE ESTUDOS NO PAIS;12364203204870001;087493;OCCCUG1910N;BFSUPERIOR - PROCAD;90;APLICACOES DIRETAS;3;DESPESAS CORRENTES;3;OUTRAS DESPESAS CORRENTES;18;AUXILIO FINANCEIRO A ESTUDANTES;339018;AUXILIO FINANCEIRO A ESTUDANTES;12;RECURSOS DEST.A MANUT.E DES.DO ENSINO;5,000,000.00;;5,000,000.00;;5,000,000.00;5,000,000.00;;
2015;154003;FUND.COORD.DE APERF.DE PESSOAL NIVEL SUPERIOR;12;EDUCACAO;364;ENSINO SUPERIOR;2032;EDUCACAO SUPERIOR - GRADUACAO, POS-GRADUACAO, ENSINO, PESQUI;0487;CONCESSAO DE BOLSAS DE ESTUDO NO ENSINO SUPERIOR;0002;CONCESSAO DE BOLSAS DE ESTUDOS NO PAIS;12364203204870001;087493;OCCCUG1911N;BFSUPERIOR - PRO-BOTANICA/PNADB;90;APLICACOES DIRETAS;3;DESPESAS CORRENTES;3;OUTRAS DESPESAS CORRENTES;18;AUXILIO FINANCEIRO A ESTUDANTES;339018;AUXILIO FINANCEIRO A ESTUDANTES;12;RECURSOS DEST.A MANUT.E DES.DO ENSINO;500,000.00;;500,000.00;;500,000.00;500,000.00;;
2015;154003;FUND.COORD.DE APERF.DE PESSOAL NIVEL SUPERIOR;12;EDUCACAO;364;ENSINO SUPERIOR;2032;EDUCACAO SUPERIOR - GRADUACAO, POS-GRADUACAO, ENSINO, PESQUI;0487;CONCESSAO DE BOLSAS DE ESTUDO NO ENSINO SUPERIOR;0002;CONCESSAO DE BOLSAS DE ESTUDOS NO PAIS;12364203204870001;087493;OCCCUG1927N;BFSUPERIOR - BIOCOMPUT;90;APLICACOES DIRETAS;3;DESPESAS CORRENTES;3;OUTRAS DESPESAS CORRENTES;18;AUXILIO FINANCEIRO A ESTUDANTES;339018;AUXILIO FINANCEIRO A ESTUDANTES;00;RECURSOS PRIMARIOS DE LIVRE APLICACAO;80,800.00;;80,800.00;;80,800.00;12,800.00;68,000.00;68,000.00
2015;154003;FUND.COORD.DE APERF.DE PESSOAL NIVEL SUPERIOR;12;EDUCACAO;364;ENSINO SUPERIOR;2032;EDUCACAO SUPERIOR - GRADUACAO, POS-GRADUACAO, ENSINO, PESQUI;0487;CONCESSAO DE BOLSAS DE ESTUDO NO ENSINO SUPERIOR;0002;CONCESSAO DE BOLSAS DE ESTUDOS NO PAIS;12364203204870001;087493;OCCCUG1927N;BFSUPERIOR - BIOCOMPUT;90;APLICACOES DIRETAS;3;DESPESAS CORRENTES;3;OUTRAS DESPESAS CORRENTES;;;;;12;RECURSOS DEST.A MANUT.E DES.DO ENSINO;5,886,989.24;;5,886,989.24;;5,886,989.24;4,983,400.00;903,589.24;892,389.24
2015;154003;FUND.COORD.DE APERF.DE PESSOAL NIVEL SUPERIOR;12;EDUCACAO;364;ENSINO SUPERIOR;2032;EDUCACAO SUPERIOR - GRADUACAO, POS-GRADUACAO, ENSINO, PESQUI;0487;CONCESSAO DE BOLSAS DE ESTUDO NO ENSINO SUPERIOR;0002;CONCESSAO DE BOLSAS DE ESTUDOS NO PAIS;12364203204870001;087493;OCCCUG1931N;BFSUPERIOR - PRO-AMAZONIA;90;APLICACOES DIRETAS;3;DESPESAS CORRENTES;3;OUTRAS DESPESAS CORRENTES;18;AUXILIO FINANCEIRO A ESTUDANTES;339018;AUXILIO FINANCEIRO A ESTUDANTES;00;RECURSOS PRIMARIOS DE LIVRE APLICACAO;251,200.00;;251,200.00;;251,200.00;43,200.00;208,000.00;208,000.00
2015;154003;FUND.COORD.DE APERF.DE PESSOAL NIVEL SUPERIOR;12;EDUCACAO;364;ENSINO SUPERIOR;2032;EDUCACAO SUPERIOR - GRADUACAO, POS-GRADUACAO, ENSINO, PESQUI;0487;CONCESSAO DE BOLSAS DE ESTUDO NO ENSINO SUPERIOR;0002;CONCESSAO DE BOLSAS DE ESTUDOS NO PAIS;12364203204870001;087493;OCCCUG1931N;BFSUPERIOR - PRO-AMAZONIA;90;APLICACOES DIRETAS;3;DESPESAS CORRENTES;3;OUTRAS DESPESAS CORRENTES;;;;;12;RECURSOS DEST.A MANUT.E DES.DO ENSINO;8,568,600.00;;8,568,600.00;;8,568,600.00;4,725,800.00;3,842,800.00;3,796,200.00
2015;154003;FUND.COORD.DE APERF.DE PESSOAL NIVEL SUPERIOR;12;EDUCACAO;364;ENSINO SUPERIOR;2032;EDUCACAO SUPERIOR - GRADUACAO, POS-GRADUACAO, ENSINO, PESQUI;0487;CONCESSAO DE BOLSAS DE ESTUDO NO ENSINO SUPERIOR;0002;CONCESSAO DE BOLSAS DE ESTUDOS NO PAIS;12364203204870001;087493;OCCCUN2024N;BFSUPERIOR - PVS;90;APLICACOES DIRETAS;3;DESPESAS CORRENTES;3;OUTRAS DESPESAS CORRENTES;18;AUXILIO FINANCEIRO A ESTUDANTES;339018;AUXILIO FINANCEIRO A ESTUDANTES;00;RECURSOS PRIMARIOS DE LIVRE APLICACAO;53,527.10;;53,527.10;;44,527.10;0.00;44,527.10;44,527.10
2015;154003;FUND.COORD.DE APERF.DE PESSOAL NIVEL SUPERIOR;12;EDUCACAO;364;ENSINO SUPERIOR;2032;EDUCACAO SUPERIOR - GRADUACAO, POS-GRADUACAO, ENSINO, PESQUI;0487;CONCESSAO DE BOLSAS DE ESTUDO NO ENSINO SUPERIOR;0002;CONCESSAO DE BOLSAS DE ESTUDOS NO PAIS;12364203204870001;087493;OCCCUN2024N;BFSUPERIOR - PVS;90;APLICACOES DIRETAS;3;DESPESAS CORRENTES;3;OUTRAS DESPESAS CORRENTES;;;;;12;RECURSOS DEST.A MANUT.E DES.DO ENSINO;4,918,841.72;;4,918,841.72;;4,918,841.72;1,819,755.56;3,099,086.16;3,010,031.96
2015;154003;FUND.COORD.DE APERF.DE PESSOAL NIVEL SUPERIOR;12;EDUCACAO;364;ENSINO SUPERIOR;2032;EDUCACAO SUPERIOR - GRADUACAO, POS-GRADUACAO, ENSINO, PESQUI;0487;CONCESSAO DE BOLSAS DE ESTUDO NO ENSINO SUPERIOR;0002;CONCESSAO DE BOLSAS DE ESTUDOS NO PAIS;12364203204870001;087493;OCCCUN2025N;BFSUPERIOR - PVNS;90;APLICACOES DIRETAS;3;DESPESAS CORRENTES;3;OUTRAS DESPESAS CORRENTES;18;AUXILIO FINANCEIRO A ESTUDANTES;339018;AUXILIO FINANCEIRO A ESTUDANTES;00;RECURSOS PRIMARIOS DE LIVRE APLICACAO;9,537,919.46;;9,537,919.46;;8,575,919.46;0.00;8,575,919.46;8,575,919.46
2015;154003;FUND.COORD.DE APERF.DE PESSOAL NIVEL SUPERIOR;12;EDUCACAO;364;ENSINO SUPERIOR;2032;EDUCACAO SUPERIOR - GRADUACAO, POS-GRADUACAO, ENSINO, PESQUI;0487;CONCESSAO DE BOLSAS DE ESTUDO NO ENSINO SUPERIOR;0002;CONCESSAO DE BOLSAS DE ESTUDOS NO PAIS;12364203204870001;087493;OCCCUN2025N;BFSUPERIOR - PVNS;90;APLICACOES DIRETAS;3;DESPESAS CORRENTES;3;OUTRAS DESPESAS CORRENTES;;;;;12;RECURSOS DEST.A MANUT.E DES.DO ENSINO;92510958.36;;92510958.36;;92510958.36;13938437.70;78572520.66;77601829.88
2015;154003;FUND.COORD.DE APERF.DE PESSOAL NIVEL SUPERIOR;12;EDUCACAO;364;ENSINO SUPERIOR;2032;EDUCACAO SUPERIOR - GRADUACAO, POS-GRADUACAO, ENSINO, PESQUI;0487;CONCESSAO DE BOLSAS DE ESTUDO NO ENSINO SUPERIOR;0002;CONCESSAO DE BOLSAS DE ESTUDOS NO PAIS;12364203204870001;087493;OCCCUO1903N;BFSUPERIOR - PROEX;90;APLICACOES DIRETAS;3;DESPESAS CORRENTES;3;OUTRAS DESPESAS CORRENTES;18;AUXILIO FINANCEIRO A ESTUDANTES;339018;AUXILIO FINANCEIRO A ESTUDANTES;00;RECURSOS PRIMARIOS DE LIVRE APLICACAO;123411005.09;;123411005.09;;101735100.00;2,200.00;101732900.00;101732900.00
2015;154003;FUND.COORD.DE APERF.DE PESSOAL NIVEL SUPERIOR;12;EDUCACAO;364;ENSINO SUPERIOR;2032;EDUCACAO SUPERIOR - GRADUACAO, POS-GRADUACAO, ENSINO, PESQUI;0487;CONCESSAO DE BOLSAS DE ESTUDO NO ENSINO SUPERIOR;0002;CONCESSAO DE BOLSAS DE ESTUDOS NO PAIS;12364203204870001;087493;OCCCUO1903N;BFSUPERIOR - PROEX;90;APLICACOES DIRETAS;3;DESPESAS CORRENTES;3;OUTRAS DESPESAS CORRENTES;;;;;12;RECURSOS DEST.A MANUT.E DES.DO ENSINO;2112920767.1;;2112920767.1;;2112910367.1;353229359.31;1759681007.8;1709967107.8
2015;154003;FUND.COORD.DE APERF.DE PESSOAL NIVEL SUPERIOR;12;EDUCACAO;364;ENSINO SUPERIOR;2032;EDUCACAO SUPERIOR - GRADUACAO, POS-GRADUACAO, ENSINO, PESQUI;0487;CONCESSAO DE BOLSAS DE ESTUDO NO ENSINO SUPERIOR;0002;CONCESSAO DE BOLSAS DE ESTUDOS NO PAIS;12364203204870001;087493;OCCCUO1904N;BFSUPERIOR - DEMANDA SOCIAL;90;APLICACOES DIRETAS;3;DESPESAS CORRENTES;3;OUTRAS DESPESAS CORRENTES;18;AUXILIO FINANCEIRO A ESTUDANTES;339018;AUXILIO FINANCEIRO A ESTUDANTES;00;RECURSOS PRIMARIOS DE LIVRE APLICACAO;1297570570.5;;1297570570.5;;1198070570.5;100022000.00;1098048570.5;1098048570.5
2015;154003;FUND.COORD.DE APERF.DE PESSOAL NIVEL SUPERIOR;12;EDUCACAO;364;ENSINO SUPERIOR;2032;EDUCACAO SUPERIOR - GRADUACAO, POS-GRADUACAO, ENSINO, PESQUI;0487;CONCESSAO DE BOLSAS DE ESTUDO NO ENSINO SUPERIOR;0002;CONCESSAO DE BOLSAS DE ESTUDOS NO PAIS;12364203204870001;087493;OCCCUO1904N;BFSUPERIOR - DEMANDA SOCIAL;90;APLICACOES DIRETAS;3;DESPESAS CORRENTES;3;OUTRAS DESPESAS CORRENTES;;;;;12;RECURSOS DEST.A MANUT.E DES.DO ENSINO;9809867581.2;;9809867581.2;;9799820481.2;2287419850.0;7501445009.2;7311074734.2
2015;154003;FUND.COORD.DE APERF.DE PESSOAL NIVEL SUPERIOR;12;EDUCACAO;364;ENSINO SUPERIOR;2032;EDUCACAO SUPERIOR - GRADUACAO, POS-GRADUACAO, ENSINO, PESQUI;0487;CONCESSAO DE BOLSAS DE ESTUDO NO ENSINO SUPERIOR;0002;CONCESSAO DE BOLSAS DE ESTUDOS NO PAIS;12364203204870001;087493;OCCCUO1905N;BFSUPERIOR - NANOBIO;90;APLICACOES DIRETAS;3;DESPESAS CORRENTES;3;OUTRAS DESPESAS CORRENTES;18;AUXILIO FINANCEIRO A ESTUDANTES;339018;AUXILIO FINANCEIRO A ESTUDANTES;00;RECURSOS PRIMARIOS DE LIVRE APLICACAO;290,400.00;;290,400.00;;242,000.00;0.00;242,000.00;242,000.00
2015;154003;FUND.COORD.DE APERF.DE PESSOAL NIVEL SUPERIOR;12;EDUCACAO;364;ENSINO SUPERIOR;2032;EDUCACAO SUPERIOR - GRADUACAO, POS-GRADUACAO, ENSINO, PESQUI;0487;CONCESSAO DE BOLSAS DE ESTUDO NO ENSINO SUPERIOR;0002;CONCESSAO DE BOLSAS DE ESTUDOS NO PAIS;12364203204870001;087493;OCCCUO1905N;BFSUPERIOR - NANOBIO;90;APLICACOES DIRETAS;3;DESPESAS CORRENTES;3;OUTRAS DESPESAS CORRENTES;;;;;12;RECURSOS DEST.A MANUT.E DES.DO ENSINO;9,195,000.00;;9,195,000.00;;9,195,000.00;4,462,400.00;4,732,600.00;4,583,600.00
2015;154003;FUND.COORD.DE APERF.DE PESSOAL NIVEL SUPERIOR;12;EDUCACAO;364;ENSINO SUPERIOR;2032;EDUCACAO SUPERIOR - GRADUACAO, POS-GRADUACAO, ENSINO, PESQUI;0487;CONCESSAO DE BOLSAS DE ESTUDO NO ENSINO SUPERIOR;0002;CONCESSAO DE BOLSAS DE ESTUDOS NO PAIS;12364203204870001;087493;OCCCUO1906N;BFSUPERIOR - TOXINOLOGIA;90;APLICACOES DIRETAS;3;DESPESAS CORRENTES;3;OUTRAS DESPESAS CORRENTES;18;AUXILIO FINANCEIRO A ESTUDANTES;339018;AUXILIO FINANCEIRO A ESTUDANTES;00;RECURSOS PRIMARIOS DE LIVRE APLICACAO;2,243,400.00;;2,243,400.00;;2,019,700.00;0.00;2,019,700.00;2,019,700.00
2015;154003;FUND.COORD.DE APERF.DE PESSOAL NIVEL SUPERIOR;12;EDUCACAO;364;ENSINO SUPERIOR;2032;EDUCACAO SUPERIOR - GRADUACAO, POS-GRADUACAO, ENSINO, PESQUI;0487;CONCESSAO DE BOLSAS DE ESTUDO NO ENSINO SUPERIOR;0002;CONCESSAO DE BOLSAS DE ESTUDOS NO PAIS;12364203204870001;087493;OCCCUO1906N;BFSUPERIOR - TOXINOLOGIA;90;APLICACOES DIRETAS;3;DESPESAS CORRENTES;3;OUTRAS DESPESAS CORRENTES;;;;;12;RECURSOS DEST.A MANUT.E DES.DO ENSINO;22982200.00;;22982200.00;;22978100.00;3,272,000.00;19706100.00;19231100.00
2015;154003;FUND.COORD.DE APERF.DE PESSOAL NIVEL SUPERIOR;12;EDUCACAO;364;ENSINO SUPERIOR;2032;EDUCACAO SUPERIOR - GRADUACAO, POS-GRADUACAO, ENSINO, PESQUI;0487;CONCESSAO DE BOLSAS DE ESTUDO NO ENSINO SUPERIOR;0002;CONCESSAO DE BOLSAS DE ESTUDOS NO PAIS;12364203204870001;087493;OCCCUO1907N;BFSUPERIOR - CIENCIAS DO MAR;90;APLICACOES DIRETAS;3;DESPESAS CORRENTES;3;OUTRAS DESPESAS CORRENTES;18;AUXILIO FINANCEIRO A ESTUDANTES;339018;AUXILIO FINANCEIRO A ESTUDANTES;00;RECURSOS PRIMARIOS DE LIVRE APLICACAO;1,547,400.00;;1,547,400.00;;1,293,500.00;0.00;1,293,500.00;1,293,500.00
2015;154003;FUND.COORD.DE APERF.DE PESSOAL NIVEL SUPERIOR;12;EDUCACAO;364;ENSINO SUPERIOR;2032;EDUCACAO SUPERIOR - GRADUACAO, POS-GRADUACAO, ENSINO, PESQUI;0487;CONCESSAO DE BOLSAS DE ESTUDO NO ENSINO SUPERIOR;0002;CONCESSAO DE BOLSAS DE ESTUDOS NO PAIS;12364203204870001;087493;OCCCUO1907N;BFSUPERIOR - CIENCIAS DO MAR;90;APLICACOES DIRETAS;3;DESPESAS CORRENTES;3;OUTRAS DESPESAS CORRENTES;;;;;12;RECURSOS DEST.A MANUT.E DES.DO ENSINO;25546500.00;;25546500.00;;25546500.00;3,406,700.00;22139800.00;21850100.00
2015;154003;FUND.COORD.DE APERF.DE PESSOAL NIVEL SUPERIOR;12;EDUCACAO;364;ENSINO SUPERIOR;2032;EDUCACAO SUPERIOR - GRADUACAO, POS-GRADUACAO, ENSINO, PESQUI;0487;CONCESSAO DE BOLSAS DE ESTUDO NO ENSINO SUPERIOR;0002;CONCESSAO DE BOLSAS DE ESTUDOS NO PAIS;12364203204870001;087493;OCCCUO1908N;BFSUPERIOR - PRO-ADMINISTRACAO;90;APLICACOES DIRETAS;3;DESPESAS CORRENTES;3;OUTRAS DESPESAS CORRENTES;18;AUXILIO FINANCEIRO A ESTUDANTES;339018;AUXILIO FINANCEIRO A ESTUDANTES;00;RECURSOS PRIMARIOS DE LIVRE APLICACAO;9,000.00;;9,000.00;;7,500.00;0.00;7,500.00;7,500.00
2015;154003;FUND.COORD.DE APERF.DE PESSOAL NIVEL SUPERIOR;12;EDUCACAO;364;ENSINO SUPERIOR;2032;EDUCACAO SUPERIOR - GRADUACAO, POS-GRADUACAO, ENSINO, PESQUI;0487;CONCESSAO DE BOLSAS DE ESTUDO NO ENSINO SUPERIOR;0002;CONCESSAO DE BOLSAS DE ESTUDOS NO PAIS;12364203204870001;087493;OCCCUO1908N;BFSUPERIOR - PRO-ADMINISTRACAO;90;APLICACOES DIRETAS;3;DESPESAS CORRENTES;3;OUTRAS DESPESAS CORRENTES;;;;;12;RECURSOS DEST.A MANUT.E DES.DO ENSINO;617,500.00;;617,500.00;;617,500.00;490,000.00;127,500.00;124,500.00
2015;154003;FUND.COORD.DE APERF.DE PESSOAL NIVEL SUPERIOR;12;EDUCACAO;364;ENSINO SUPERIOR;2032;EDUCACAO SUPERIOR - GRADUACAO, POS-GRADUACAO, ENSINO, PESQUI;0487;CONCESSAO DE BOLSAS DE ESTUDO NO ENSINO SUPERIOR;0002;CONCESSAO DE BOLSAS DE ESTUDOS NO PAIS;12364203204870001;087493;OCCCUO1909N;BFSUPERIOR - PRO-ENSINO NA SAUDE;90;APLICACOES DIRETAS;3;DESPESAS CORRENTES;3;OUTRAS DESPESAS CORRENTES;18;AUXILIO FINANCEIRO A ESTUDANTES;339018;AUXILIO FINANCEIRO A ESTUDANTES;00;RECURSOS PRIMARIOS DE LIVRE APLICACAO;933,300.00;;933,300.00;;788,500.00;0.00;788,500.00;788,500.00
2015;154003;FUND.COORD.DE APERF.DE PESSOAL NIVEL SUPERIOR;12;EDUCACAO;364;ENSINO SUPERIOR;2032;EDUCACAO SUPERIOR - GRADUACAO, POS-GRADUACAO, ENSINO, PESQUI;0487;CONCESSAO DE BOLSAS DE ESTUDO NO ENSINO SUPERIOR;0002;CONCESSAO DE BOLSAS DE ESTUDOS NO PAIS;12364203204870001;087493;OCCCUO1909N;BFSUPERIOR - PRO-ENSINO NA SAUDE;90;APLICACOES DIRETAS;3;DESPESAS CORRENTES;3;OUTRAS DESPESAS CORRENTES;;;;;12;RECURSOS DEST.A MANUT.E DES.DO ENSINO;19589500.00;;19589500.00;;19589500.00;6,116,500.00;13473000.00;13124500.00
2015;154003;FUND.COORD.DE APERF.DE PESSOAL NIVEL SUPERIOR;12;EDUCACAO;364;ENSINO SUPERIOR;2032;EDUCACAO SUPERIOR - GRADUACAO, POS-GRADUACAO, ENSINO, PESQUI;0487;CONCESSAO DE BOLSAS DE ESTUDO NO ENSINO SUPERIOR;0002;CONCESSAO DE BOLSAS DE ESTUDOS NO PAIS;12364203204870001;087493;OCCCUO1910N;BFSUPERIOR - PROCAD;90;APLICACOES DIRETAS;3;DESPESAS CORRENTES;3;OUTRAS DESPESAS CORRENTES;18;AUXILIO FINANCEIRO A ESTUDANTES;339018;AUXILIO FINANCEIRO A ESTUDANTES;00;RECURSOS PRIMARIOS DE LIVRE APLICACAO;2,666,200.00;;2,666,200.00;;2,240,800.00;0.00;2,240,800.00;2,240,800.00
2015;154003;FUND.COORD.DE APERF.DE PESSOAL NIVEL SUPERIOR;12;EDUCACAO;364;ENSINO SUPERIOR;2032;EDUCACAO SUPERIOR - GRADUACAO, POS-GRADUACAO, ENSINO, PESQUI;0487;CONCESSAO DE BOLSAS DE ESTUDO NO ENSINO SUPERIOR;0002;CONCESSAO DE BOLSAS DE ESTUDOS NO PAIS;12364203204870001;087493;OCCCUO1910N;BFSUPERIOR - PROCAD;90;APLICACOES DIRETAS;3;DESPESAS CORRENTES;3;OUTRAS DESPESAS CORRENTES;;;;;12;RECURSOS DEST.A MANUT.E DES.DO ENSINO;28796700.00;;28796700.00;;28776500.00;5,241,300.00;23535200.00;23388700.00
2015;154003;FUND.COORD.DE APERF.DE PESSOAL NIVEL SUPERIOR;12;EDUCACAO;364;ENSINO SUPERIOR;2032;EDUCACAO SUPERIOR - GRADUACAO, POS-GRADUACAO, ENSINO, PESQUI;0487;CONCESSAO DE BOLSAS DE ESTUDO NO ENSINO SUPERIOR;0002;CONCESSAO DE BOLSAS DE ESTUDOS NO PAIS;12364203204870001;087493;OCCCUO1911N;BFSUPERIOR - PRO-BOTANICA/PNADB;90;APLICACOES DIRETAS;3;DESPESAS CORRENTES;3;OUTRAS DESPESAS CORRENTES;18;AUXILIO FINANCEIRO A ESTUDANTES;339018;AUXILIO FINANCEIRO A ESTUDANTES;12;RECURSOS DEST.A MANUT.E DES.DO ENSINO;1,128,100.00;;1,128,100.00;;1,128,100.00;294,400.00;833,700.00;810,700.00
2015;154003;FUND.COORD.DE APERF.DE PESSOAL NIVEL SUPERIOR;12;EDUCACAO;364;ENSINO SUPERIOR;2032;EDUCACAO SUPERIOR - GRADUACAO, POS-GRADUACAO, ENSINO, PESQUI;0487;CONCESSAO DE BOLSAS DE ESTUDO NO ENSINO SUPERIOR;0002;CONCESSAO DE BOLSAS DE ESTUDOS NO PAIS;12364203204870001;087493;OCCCUO1912N;BFSUPERIOR - PROESP;90;APLICACOES DIRETAS;3;DESPESAS CORRENTES;3;OUTRAS DESPESAS CORRENTES;18;AUXILIO FINANCEIRO A ESTUDANTES;339018;AUXILIO FINANCEIRO A ESTUDANTES;00;RECURSOS PRIMARIOS DE LIVRE APLICACAO;13,200.00;;13,200.00;;11,000.00;0.00;11,000.00;11,000.00
2015;154003;FUND.COORD.DE APERF.DE PESSOAL NIVEL SUPERIOR;12;EDUCACAO;364;ENSINO SUPERIOR;2032;EDUCACAO SUPERIOR - GRADUACAO, POS-GRADUACAO, ENSINO, PESQUI;0487;CONCESSAO DE BOLSAS DE ESTUDO NO ENSINO SUPERIOR;0002;CONCESSAO DE BOLSAS DE ESTUDOS NO PAIS;12364203204870001;087493;OCCCUO1912N;BFSUPERIOR - PROESP;90;APLICACOES DIRETAS;3;DESPESAS CORRENTES;3;OUTRAS DESPESAS CORRENTES;;;;;12;RECURSOS DEST.A MANUT.E DES.DO ENSINO;783,200.00;;783,200.00;;783,200.00;448,400.00;334,800.00;328,100.00
2015;154003;FUND.COORD.DE APERF.DE PESSOAL NIVEL SUPERIOR;12;EDUCACAO;364;ENSINO SUPERIOR;2032;EDUCACAO SUPERIOR - GRADUACAO, POS-GRADUACAO, ENSINO, PESQUI;0487;CONCESSAO DE BOLSAS DE ESTUDO NO ENSINO SUPERIOR;0002;CONCESSAO DE BOLSAS DE ESTUDOS NO PAIS;12364203204870001;087493;OCCCUO1913N;BFSUPERIOR - PREMIO;90;APLICACOES DIRETAS;3;DESPESAS CORRENTES;3;OUTRAS DESPESAS CORRENTES;18;AUXILIO FINANCEIRO A ESTUDANTES;339018;AUXILIO FINANCEIRO A ESTUDANTES;00;RECURSOS PRIMARIOS DE LIVRE APLICACAO;1,393,500.00;;1,393,500.00;;1,151,000.00;0.00;1,151,000.00;1,151,000.00
2015;154003;FUND.COORD.DE APERF.DE PESSOAL NIVEL SUPERIOR;12;EDUCACAO;364;ENSINO SUPERIOR;2032;EDUCACAO SUPERIOR - GRADUACAO, POS-GRADUACAO, ENSINO, PESQUI;0487;CONCESSAO DE BOLSAS DE ESTUDO NO ENSINO SUPERIOR;0002;CONCESSAO DE BOLSAS DE ESTUDOS NO PAIS;12364203204870001;087493;OCCCUO1913N;BFSUPERIOR - PREMIO;90;APLICACOES DIRETAS;3;DESPESAS CORRENTES;3;OUTRAS DESPESAS CORRENTES;;;;;12;RECURSOS DEST.A MANUT.E DES.DO ENSINO;24431750.00;;24431750.00;;24431750.00;6,586,050.00;17845700.00;17644800.00
2015;154003;FUND.COORD.DE APERF.DE PESSOAL NIVEL SUPERIOR;12;EDUCACAO;364;ENSINO SUPERIOR;2032;EDUCACAO SUPERIOR - GRADUACAO, POS-GRADUACAO, ENSINO, PESQUI;0487;CONCESSAO DE BOLSAS DE ESTUDO NO ENSINO SUPERIOR;0002;CONCESSAO DE BOLSAS DE ESTUDOS NO PAIS;12364203204870001;087493;OCCCUO1913N;BFSUPERIOR - PREMIO;90;APLICACOES DIRETAS;3;DESPESAS CORRENTES;3;OUTRAS DESPESAS CORRENTES;;;;;96;DOAC.PESSOAS FISICAS E INSTIT.PUB.E PRIV.NAC.;1,280,000.00;;1,280,000.00;;1,120,000.00;147,840.00;958,900.00;958,900.00
2015;154003;FUND.COORD.DE APERF.DE PESSOAL NIVEL SUPERIOR;12;EDUCACAO;364;ENSINO SUPERIOR;2032;EDUCACAO SUPERIOR - GRADUACAO, POS-GRADUACAO, ENSINO, PESQUI;0487;CONCESSAO DE BOLSAS DE ESTUDO NO ENSINO SUPERIOR;0002;CONCESSAO DE BOLSAS DE ESTUDOS NO PAIS;12364203204870001;087493;OCCCUO1915N;BFSUPERIOR - PROSUP;90;APLICACOES DIRETAS;3;DESPESAS CORRENTES;3;OUTRAS DESPESAS CORRENTES;18;AUXILIO FINANCEIRO A ESTUDANTES;339018;AUXILIO FINANCEIRO A ESTUDANTES;00;RECURSOS PRIMARIOS DE LIVRE APLICACAO;64059500.00;;64059500.00;;53421900.00;800.00;53421100.00;53421100.00
2015;154003;FUND.COORD.DE APERF.DE PESSOAL NIVEL SUPERIOR;12;EDUCACAO;364;ENSINO SUPERIOR;2032;EDUCACAO SUPERIOR - GRADUACAO, POS-GRADUACAO, ENSINO, PESQUI;0487;CONCESSAO DE BOLSAS DE ESTUDO NO ENSINO SUPERIOR;0002;CONCESSAO DE BOLSAS DE ESTUDOS NO PAIS;12364203204870001;087493;OCCCUO1915N;BFSUPERIOR - PROSUP;90;APLICACOES DIRETAS;3;DESPESAS CORRENTES;3;OUTRAS DESPESAS CORRENTES;;;;;12;RECURSOS DEST.A MANUT.E DES.DO ENSINO;1061343350.0;;1061343350.0;;1061338550.0;251628250.00;809710300.00;793602300.00
2015;154003;FUND.COORD.DE APERF.DE PESSOAL NIVEL SUPERIOR;12;EDUCACAO;364;ENSINO SUPERIOR;2032;EDUCACAO SUPERIOR - GRADUACAO, POS-GRADUACAO, ENSINO, PESQUI;0487;CONCESSAO DE BOLSAS DE ESTUDO NO ENSINO SUPERIOR;0002;CONCESSAO DE BOLSAS DE ESTUDOS NO PAIS;12364203204870001;087493;OCCCUO1920N;BFSUPERIOR - PARASITOLOGIA BASICA;90;APLICACOES DIRETAS;3;DESPESAS CORRENTES;3;OUTRAS DESPESAS CORRENTES;18;AUXILIO FINANCEIRO A ESTUDANTES;339018;AUXILIO FINANCEIRO A ESTUDANTES;00;RECURSOS PRIMARIOS DE LIVRE APLICACAO;1,788,200.00;;1,788,200.00;;1,598,900.00;0.00;1,598,900.00;1,598,900.00
2015;154003;FUND.COORD.DE APERF.DE PESSOAL NIVEL SUPERIOR;12;EDUCACAO;364;ENSINO SUPERIOR;2032;EDUCACAO SUPERIOR - GRADUACAO, POS-GRADUACAO, ENSINO, PESQUI;0487;CONCESSAO DE BOLSAS DE ESTUDO NO ENSINO SUPERIOR;0002;CONCESSAO DE BOLSAS DE ESTUDOS NO PAIS;12364203204870001;087493;OCCCUO1920N;BFSUPERIOR - PARASITOLOGIA BASICA;90;APLICACOES DIRETAS;3;DESPESAS CORRENTES;3;OUTRAS DESPESAS CORRENTES;;;;;12;RECURSOS DEST.A MANUT.E DES.DO ENSINO;18046700.00;;18046700.00;;18046700.00;3,839,400.00;14207300.00;13859900.00
2015;154003;FUND.COORD.DE APERF.DE PESSOAL NIVEL SUPERIOR;12;EDUCACAO;364;ENSINO SUPERIOR;2032;EDUCACAO SUPERIOR - GRADUACAO, POS-GRADUACAO, ENSINO, PESQUI;0487;CONCESSAO DE BOLSAS DE ESTUDO NO ENSINO SUPERIOR;0002;CONCESSAO DE BOLSAS DE ESTUDOS NO PAIS;12364203204870001;087493;OCCCUO1927N;BFSUPERIOR - BIOCOMPUT;90;APLICACOES DIRETAS;3;DESPESAS CORRENTES;3;OUTRAS DESPESAS CORRENTES;18;AUXILIO FINANCEIRO A ESTUDANTES;339018;AUXILIO FINANCEIRO A ESTUDANTES;00;RECURSOS PRIMARIOS DE LIVRE APLICACAO;2,737,967.72;;2,737,967.72;;2,473,867.72;1,500.00;2,472,367.72;2,472,367.72
2015;154003;FUND.COORD.DE APERF.DE PESSOAL NIVEL SUPERIOR;12;EDUCACAO;364;ENSINO SUPERIOR;2032;EDUCACAO SUPERIOR - GRADUACAO, POS-GRADUACAO, ENSINO, PESQUI;0487;CONCESSAO DE BOLSAS DE ESTUDO NO ENSINO SUPERIOR;0002;CONCESSAO DE BOLSAS DE ESTUDOS NO PAIS;12364203204870001;087493;OCCCUO1927N;BFSUPERIOR - BIOCOMPUT;90;APLICACOES DIRETAS;3;DESPESAS CORRENTES;3;OUTRAS DESPESAS CORRENTES;;;;;12;RECURSOS DEST.A MANUT.E DES.DO ENSINO;23301165.50;;23301165.50;;23301165.50;4,075,857.70;19225307.80;19022507.80
2015;154003;FUND.COORD.DE APERF.DE PESSOAL NIVEL SUPERIOR;12;EDUCACAO;364;ENSINO SUPERIOR;2032;EDUCACAO SUPERIOR - GRADUACAO, POS-GRADUACAO, ENSINO, PESQUI;0487;CONCESSAO DE BOLSAS DE ESTUDO NO ENSINO SUPERIOR;0002;CONCESSAO DE BOLSAS DE ESTUDOS NO PAIS;12364203204870001;087493;OCCCUO1928N;BFSUPERIOR - IODP;90;APLICACOES DIRETAS;3;DESPESAS CORRENTES;3;OUTRAS DESPESAS CORRENTES;18;AUXILIO FINANCEIRO A ESTUDANTES;339018;AUXILIO FINANCEIRO A ESTUDANTES;00;RECURSOS PRIMARIOS DE LIVRE APLICACAO;475,600.00;;475,600.00;;439,700.00;0.00;439,700.00;439,700.00
2015;154003;FUND.COORD.DE APERF.DE PESSOAL NIVEL SUPERIOR;12;EDUCACAO;364;ENSINO SUPERIOR;2032;EDUCACAO SUPERIOR - GRADUACAO, POS-GRADUACAO, ENSINO, PESQUI;0487;CONCESSAO DE BOLSAS DE ESTUDO NO ENSINO SUPERIOR;0002;CONCESSAO DE BOLSAS DE ESTUDOS NO PAIS;12364203204870001;087493;OCCCUO1928N;BFSUPERIOR - IODP;90;APLICACOES DIRETAS;3;DESPESAS CORRENTES;3;OUTRAS DESPESAS CORRENTES;;;;;12;RECURSOS DEST.A MANUT.E DES.DO ENSINO;973,300.00;;973,300.00;;973,300.00;184,800.00;788,500.00;788,500.00
2015;154003;FUND.COORD.DE APERF.DE PESSOAL NIVEL SUPERIOR;12;EDUCACAO;364;ENSINO SUPERIOR;2032;EDUCACAO SUPERIOR - GRADUACAO, POS-GRADUACAO, ENSINO, PESQUI;0487;CONCESSAO DE BOLSAS DE ESTUDO NO ENSINO SUPERIOR;0002;CONCESSAO DE BOLSAS DE ESTUDOS NO PAIS;12364203204870001;087493;OCCCUO1929N;BFSUPERIOR - PRO-ALERTAS;90;APLICACOES DIRETAS;3;DESPESAS CORRENTES;3;OUTRAS DESPESAS CORRENTES;18;AUXILIO FINANCEIRO A ESTUDANTES;339018;AUXILIO FINANCEIRO A ESTUDANTES;00;RECURSOS PRIMARIOS DE LIVRE APLICACAO;362,800.00;;362,800.00;;329,700.00;0.00;329,700.00;329,700.00
2015;154003;FUND.COORD.DE APERF.DE PESSOAL NIVEL SUPERIOR;12;EDUCACAO;364;ENSINO SUPERIOR;2032;EDUCACAO SUPERIOR - GRADUACAO, POS-GRADUACAO, ENSINO, PESQUI;0487;CONCESSAO DE BOLSAS DE ESTUDO NO ENSINO SUPERIOR;0002;CONCESSAO DE BOLSAS DE ESTUDOS NO PAIS;12364203204870001;087493;OCCCUO1929N;BFSUPERIOR - PRO-ALERTAS;90;APLICACOES DIRETAS;3;DESPESAS CORRENTES;3;OUTRAS DESPESAS CORRENTES;;;;;12;RECURSOS DEST.A MANUT.E DES.DO ENSINO;1,724,700.00;;1,724,700.00;;1,724,700.00;331,800.00;1,392,900.00;1,371,500.00
2015;154003;FUND.COORD.DE APERF.DE PESSOAL NIVEL SUPERIOR;12;EDUCACAO;364;ENSINO SUPERIOR;2032;EDUCACAO SUPERIOR - GRADUACAO, POS-GRADUACAO, ENSINO, PESQUI;0487;CONCESSAO DE BOLSAS DE ESTUDO NO ENSINO SUPERIOR;0002;CONCESSAO DE BOLSAS DE ESTUDOS NO PAIS;12364203204870001;087493;OCCCUO1930N;BFSUPERIOR - REUNI;90;APLICACOES DIRETAS;3;DESPESAS CORRENTES;3;OUTRAS DESPESAS CORRENTES;18;AUXILIO FINANCEIRO A ESTUDANTES;339018;AUXILIO FINANCEIRO A ESTUDANTES;00;RECURSOS PRIMARIOS DE LIVRE APLICACAO;6,318,400.00;;6,318,400.00;;5,236,000.00;0.00;5,236,000.00;5,236,000.00
2015;154003;FUND.COORD.DE APERF.DE PESSOAL NIVEL SUPERIOR;12;EDUCACAO;364;ENSINO SUPERIOR;2032;EDUCACAO SUPERIOR - GRADUACAO, POS-GRADUACAO, ENSINO, PESQUI;0487;CONCESSAO DE BOLSAS DE ESTUDO NO ENSINO SUPERIOR;0002;CONCESSAO DE BOLSAS DE ESTUDOS NO PAIS;12364203204870001;087493;OCCCUO1930N;BFSUPERIOR - REUNI;90;APLICACOES DIRETAS;3;DESPESAS CORRENTES;3;OUTRAS DESPESAS CORRENTES;;;;;12;RECURSOS DEST.A MANUT.E DES.DO ENSINO;163911800.00;;163911800.00;;163911800.00;47173200.00;116738600.00;115486800.00
2015;154003;FUND.COORD.DE APERF.DE PESSOAL NIVEL SUPERIOR;12;EDUCACAO;364;ENSINO SUPERIOR;2032;EDUCACAO SUPERIOR - GRADUACAO, POS-GRADUACAO, ENSINO, PESQUI;0487;CONCESSAO DE BOLSAS DE ESTUDO NO ENSINO SUPERIOR;0002;CONCESSAO DE BOLSAS DE ESTUDOS NO PAIS;12364203204870001;087493;OCCCUO1931N;BFSUPERIOR - PRO-AMAZONIA;90;APLICACOES DIRETAS;3;DESPESAS CORRENTES;3;OUTRAS DESPESAS CORRENTES;18;AUXILIO FINANCEIRO A ESTUDANTES;339018;AUXILIO FINANCEIRO A ESTUDANTES;00;RECURSOS PRIMARIOS DE LIVRE APLICACAO;1,442,157.70;;1,442,157.70;;1,227,157.70;0.00;1,227,157.70;1,227,157.70
2015;154003;FUND.COORD.DE APERF.DE PESSOAL NIVEL SUPERIOR;12;EDUCACAO;364;ENSINO SUPERIOR;2032;EDUCACAO SUPERIOR - GRADUACAO, POS-GRADUACAO, ENSINO, PESQUI;0487;CONCESSAO DE BOLSAS DE ESTUDO NO ENSINO SUPERIOR;0002;CONCESSAO DE BOLSAS DE ESTUDOS NO PAIS;12364203204870001;087493;OCCCUO1931N;BFSUPERIOR - PRO-AMAZONIA;90;APLICACOES DIRETAS;3;DESPESAS CORRENTES;3;OUTRAS DESPESAS CORRENTES;;;;;12;RECURSOS DEST.A MANUT.E DES.DO ENSINO;21017647.06;;21017647.06;;21017647.06;4,321,994.62;16695652.44;16524552.44
2015;154003;FUND.COORD.DE APERF.DE PESSOAL NIVEL SUPERIOR;12;EDUCACAO;364;ENSINO SUPERIOR;2032;EDUCACAO SUPERIOR - GRADUACAO, POS-GRADUACAO, ENSINO, PESQUI;0487;CONCESSAO DE BOLSAS DE ESTUDO NO ENSINO SUPERIOR;0002;CONCESSAO DE BOLSAS DE ESTUDOS NO PAIS;12364203204870001;087493;OCCCUO1936N;BFSUPERIOR - PRO-FORENSES;90;APLICACOES DIRETAS;3;DESPESAS CORRENTES;3;OUTRAS DESPESAS CORRENTES;18;AUXILIO FINANCEIRO A ESTUDANTES;339018;AUXILIO FINANCEIRO A ESTUDANTES;00;RECURSOS PRIMARIOS DE LIVRE APLICACAO;1,713,283.86;;1,713,283.86;;1,552,183.86;0.00;1,552,183.86;1,552,183.86
2015;154003;FUND.COORD.DE APERF.DE PESSOAL NIVEL SUPERIOR;12;EDUCACAO;364;ENSINO SUPERIOR;2032;EDUCACAO SUPERIOR - GRADUACAO, POS-GRADUACAO, ENSINO, PESQUI;0487;CONCESSAO DE BOLSAS DE ESTUDO NO ENSINO SUPERIOR;0002;CONCESSAO DE BOLSAS DE ESTUDOS NO PAIS;12364203204870001;087493;OCCCUO1936N;BFSUPERIOR - PRO-FORENSES;90;APLICACOES DIRETAS;3;DESPESAS CORRENTES;3;OUTRAS DESPESAS CORRENTES;;;;;12;RECURSOS DEST.A MANUT.E DES.DO ENSINO;9,213,450.84;;9,213,450.84;;9,213,450.84;1,318,994.62;7,894,456.22;7,867,656.22
2015;154003;FUND.COORD.DE APERF.DE PESSOAL NIVEL SUPERIOR;12;EDUCACAO;364;ENSINO SUPERIOR;2032;EDUCACAO SUPERIOR - GRADUACAO, POS-GRADUACAO, ENSINO, PESQUI;0487;CONCESSAO DE BOLSAS DE ESTUDO NO ENSINO SUPERIOR;0002;CONCESSAO DE BOLSAS DE ESTUDOS NO PAIS;12364203204870001;087493;OCCCUO2006N;BFSUPERIOR - TOXINOLOGIA;90;APLICACOES DIRETAS;3;DESPESAS CORRENTES;3;OUTRAS DESPESAS CORRENTES;20;AUXILIO FINANCEIRO A PESQUISADORES;339020;AUXILIO FINANCEIRO A PESQUISADORES;12;RECURSOS DEST.A MANUT.E DES.DO ENSINO;120,000.00;;120,000.00;;120,000.00;40,000.00;80,000.00;40,000.00
2015;154003;FUND.COORD.DE APERF.DE PESSOAL NIVEL SUPERIOR;12;EDUCACAO;364;ENSINO SUPERIOR;2032;EDUCACAO SUPERIOR - GRADUACAO, POS-GRADUACAO, ENSINO, PESQUI;0487;CONCESSAO DE BOLSAS DE ESTUDO NO ENSINO SUPERIOR;0002;CONCESSAO DE BOLSAS DE ESTUDOS NO PAIS;12364203204870001;087493;OCCCUO2007N;BFSUPERIOR - CIENCIAS DO MAR;90;APLICACOES DIRETAS;3;DESPESAS CORRENTES;3;OUTRAS DESPESAS CORRENTES;20;AUXILIO FINANCEIRO A PESQUISADORES;339020;AUXILIO FINANCEIRO A PESQUISADORES;12;RECURSOS DEST.A MANUT.E DES.DO ENSINO;3,614,440.95;;3,614,440.95;;3,614,440.95;0.00;3,614,440.95;2,059,393.65
2015;154003;FUND.COORD.DE APERF.DE PESSOAL NIVEL SUPERIOR;12;EDUCACAO;364;ENSINO SUPERIOR;2032;EDUCACAO SUPERIOR - GRADUACAO, POS-GRADUACAO, ENSINO, PESQUI;0487;CONCESSAO DE BOLSAS DE ESTUDO NO ENSINO SUPERIOR;0002;CONCESSAO DE BOLSAS DE ESTUDOS NO PAIS;12364203204870001;087493;OCCCUO2010N;BFSUPERIOR - PROCAD;90;APLICACOES DIRETAS;3;DESPESAS CORRENTES;3;OUTRAS DESPESAS CORRENTES;20;AUXILIO FINANCEIRO A PESQUISADORES;339020;AUXILIO FINANCEIRO A PESQUISADORES;12;RECURSOS DEST.A MANUT.E DES.DO ENSINO;82739410.00;;82739410.00;;82649410.00;12060000.00;70589410.00;66809410.00
2015;154003;FUND.COORD.DE APERF.DE PESSOAL NIVEL SUPERIOR;12;EDUCACAO;364;ENSINO SUPERIOR;2032;EDUCACAO SUPERIOR - GRADUACAO, POS-GRADUACAO, ENSINO, PESQUI;0487;CONCESSAO DE BOLSAS DE ESTUDO NO ENSINO SUPERIOR;0002;CONCESSAO DE BOLSAS DE ESTUDOS NO PAIS;12364203204870001;087493;OCCCUO2013N;BFSUPERIOR - PREMIO;90;APLICACOES DIRETAS;3;DESPESAS CORRENTES;3;OUTRAS DESPESAS CORRENTES;20;AUXILIO FINANCEIRO A PESQUISADORES;339020;AUXILIO FINANCEIRO A PESQUISADORES;12;RECURSOS DEST.A MANUT.E DES.DO ENSINO;4,653,927.77;;4,653,927.77;;4,491,162.91;513,561.68;3,977,601.23;2,788,285.18
2015;154003;FUND.COORD.DE APERF.DE PESSOAL NIVEL SUPERIOR;12;EDUCACAO;364;ENSINO SUPERIOR;2032;EDUCACAO SUPERIOR - GRADUACAO, POS-GRADUACAO, ENSINO, PESQUI;0487;CONCESSAO DE BOLSAS DE ESTUDO NO ENSINO SUPERIOR;0002;CONCESSAO DE BOLSAS DE ESTUDOS NO PAIS;12364203204870001;087493;OCCCUO2014N;BFSUPERIOR - PROAP;90;APLICACOES DIRETAS;3;DESPESAS CORRENTES;3;OUTRAS DESPESAS CORRENTES;20;AUXILIO FINANCEIRO A PESQUISADORES;339020;AUXILIO FINANCEIRO A PESQUISADORES;00;RECURSOS PRIMARIOS DE LIVRE APLICACAO;40,500.00;;40,500.00;;40,500.00;40,500.00;;
2015;154003;FUND.COORD.DE APERF.DE PESSOAL NIVEL SUPERIOR;12;EDUCACAO;364;ENSINO SUPERIOR;2032;EDUCACAO SUPERIOR - GRADUACAO, POS-GRADUACAO, ENSINO, PESQUI;0487;CONCESSAO DE BOLSAS DE ESTUDO NO ENSINO SUPERIOR;0002;CONCESSAO DE BOLSAS DE ESTUDOS NO PAIS;12364203204870001;087493;OCCCUO2014N;BFSUPERIOR - PROAP;90;APLICACOES DIRETAS;3;DESPESAS CORRENTES;3;OUTRAS DESPESAS CORRENTES;;;;;12;RECURSOS DEST.A MANUT.E DES.DO ENSINO;6,978,762.50;;6,978,762.50;;6,584,900.00;669,537.50;5,915,362.50;5,629,125.00
2015;154003;FUND.COORD.DE APERF.DE PESSOAL NIVEL SUPERIOR;12;EDUCACAO;364;ENSINO SUPERIOR;2032;EDUCACAO SUPERIOR - GRADUACAO, POS-GRADUACAO, ENSINO, PESQUI;0487;CONCESSAO DE BOLSAS DE ESTUDO NO ENSINO SUPERIOR;0002;CONCESSAO DE BOLSAS DE ESTUDOS NO PAIS;12364203204870001;087493;OCCCUO2020N;BFSUPERIOR - PARASITOLOGIA BASICA;90;APLICACOES DIRETAS;3;DESPESAS CORRENTES;3;OUTRAS DESPESAS CORRENTES;20;AUXILIO FINANCEIRO A PESQUISADORES;339020;AUXILIO FINANCEIRO A PESQUISADORES;12;RECURSOS DEST.A MANUT.E DES.DO ENSINO;209,998.60;;209,998.60;;209,998.60;72,000.70;137,997.90;45,999.30
2015;154003;FUND.COORD.DE APERF.DE PESSOAL NIVEL SUPERIOR;12;EDUCACAO;364;ENSINO SUPERIOR;2032;EDUCACAO SUPERIOR - GRADUACAO, POS-GRADUACAO, ENSINO, PESQUI;0487;CONCESSAO DE BOLSAS DE ESTUDO NO ENSINO SUPERIOR;0002;CONCESSAO DE BOLSAS DE ESTUDOS NO PAIS;12364203204870001;087493;OCCCUO2026N;BFSUPERIOR - PROJETOS ESPECIAIS;90;APLICACOES DIRETAS;3;DESPESAS CORRENTES;3;OUTRAS DESPESAS CORRENTES;18;AUXILIO FINANCEIRO A ESTUDANTES;339018;AUXILIO FINANCEIRO A ESTUDANTES;12;RECURSOS DEST.A MANUT.E DES.DO ENSINO;10000000.00;;10000000.00;;10000000.00;10000000.00;;
2015;154003;FUND.COORD.DE APERF.DE PESSOAL NIVEL SUPERIOR;12;EDUCACAO;364;ENSINO SUPERIOR;2032;EDUCACAO SUPERIOR - GRADUACAO, POS-GRADUACAO, ENSINO, PESQUI;0487;CONCESSAO DE BOLSAS DE ESTUDO NO ENSINO SUPERIOR;0002;CONCESSAO DE BOLSAS DE ESTUDOS NO PAIS;12364203204870001;087493;OCCCUO2026N;BFSUPERIOR - PROJETOS ESPECIAIS;90;APLICACOES DIRETAS;3;DESPESAS CORRENTES;3;OUTRAS DESPESAS CORRENTES;20;AUXILIO FINANCEIRO A PESQUISADORES;339020;AUXILIO FINANCEIRO A PESQUISADORES;12;RECURSOS DEST.A MANUT.E DES.DO ENSINO;14146000.00;;14146000.00;;14146000.00;0.00;14146000.00;7,716,000.00
2015;154003;FUND.COORD.DE APERF.DE PESSOAL NIVEL SUPERIOR;12;EDUCACAO;364;ENSINO SUPERIOR;2032;EDUCACAO SUPERIOR - GRADUACAO, POS-GRADUACAO, ENSINO, PESQUI;0487;CONCESSAO DE BOLSAS DE ESTUDO NO ENSINO SUPERIOR;0002;CONCESSAO DE BOLSAS DE ESTUDOS NO PAIS;12364203204870001;087493;OCCCUO2027N;BFSUPERIOR - BIOCOMPUT;90;APLICACOES DIRETAS;3;DESPESAS CORRENTES;3;OUTRAS DESPESAS CORRENTES;20;AUXILIO FINANCEIRO A PESQUISADORES;339020;AUXILIO FINANCEIRO A PESQUISADORES;12;RECURSOS DEST.A MANUT.E DES.DO ENSINO;1,920,000.00;;1,920,000.00;;1,920,000.00;271,875.00;1,648,125.00;549,375.00
2015;154003;FUND.COORD.DE APERF.DE PESSOAL NIVEL SUPERIOR;12;EDUCACAO;364;ENSINO SUPERIOR;2032;EDUCACAO SUPERIOR - GRADUACAO, POS-GRADUACAO, ENSINO, PESQUI;0487;CONCESSAO DE BOLSAS DE ESTUDO NO ENSINO SUPERIOR;0002;CONCESSAO DE BOLSAS DE ESTUDOS NO PAIS;12364203204870001;087493;OCCCUO2028N;BFSUPERIOR - IODP;90;APLICACOES DIRETAS;3;DESPESAS CORRENTES;3;OUTRAS DESPESAS CORRENTES;20;AUXILIO FINANCEIRO A PESQUISADORES;339020;AUXILIO FINANCEIRO A PESQUISADORES;12;RECURSOS DEST.A MANUT.E DES.DO ENSINO;17886707.00;;17886707.00;;8,757,707.00;3,596,583.00;5,161,124.00;2,669,304.00
2015;154003;FUND.COORD.DE APERF.DE PESSOAL NIVEL SUPERIOR;12;EDUCACAO;364;ENSINO SUPERIOR;2032;EDUCACAO SUPERIOR - GRADUACAO, POS-GRADUACAO, ENSINO, PESQUI;0487;CONCESSAO DE BOLSAS DE ESTUDO NO ENSINO SUPERIOR;0002;CONCESSAO DE BOLSAS DE ESTUDOS NO PAIS;12364203204870001;087493;OCCCUO2029N;BFSUPERIOR - PRO ALERTAS;90;APLICACOES DIRETAS;3;DESPESAS CORRENTES;3;OUTRAS DESPESAS CORRENTES;20;AUXILIO FINANCEIRO A PESQUISADORES;339020;AUXILIO FINANCEIRO A PESQUISADORES;12;RECURSOS DEST.A MANUT.E DES.DO ENSINO;1,654,250.00;;1,654,250.00;;1,654,250.00;1,230,076.00;424,174.00;212,087.00
2015;154003;FUND.COORD.DE APERF.DE PESSOAL NIVEL SUPERIOR;12;EDUCACAO;364;ENSINO SUPERIOR;2032;EDUCACAO SUPERIOR - GRADUACAO, POS-GRADUACAO, ENSINO, PESQUI;0487;CONCESSAO DE BOLSAS DE ESTUDO NO ENSINO SUPERIOR;0002;CONCESSAO DE BOLSAS DE ESTUDOS NO PAIS;12364203204870001;087493;OCCCUO2031N;BFSUPERIOR - PRO-AMAZONIA;90;APLICACOES DIRETAS;3;DESPESAS CORRENTES;3;OUTRAS DESPESAS CORRENTES;20;AUXILIO FINANCEIRO A PESQUISADORES;339020;AUXILIO FINANCEIRO A PESQUISADORES;12;RECURSOS DEST.A MANUT.E DES.DO ENSINO;70299806.61;;70299806.61;;63927802.06;1,987,355.94;61940446.12;53313220.22
2015;154003;FUND.COORD.DE APERF.DE PESSOAL NIVEL SUPERIOR;12;EDUCACAO;364;ENSINO SUPERIOR;2032;EDUCACAO SUPERIOR - GRADUACAO, POS-GRADUACAO, ENSINO, PESQUI;0487;CONCESSAO DE BOLSAS DE ESTUDO NO ENSINO SUPERIOR;0002;CONCESSAO DE BOLSAS DE ESTUDOS NO PAIS;12364203204870001;087493;OCCCUO2036N;BFSUPERIOR - PRO-FORENSES;90;APLICACOES DIRETAS;3;DESPESAS CORRENTES;3;OUTRAS DESPESAS CORRENTES;20;AUXILIO FINANCEIRO A PESQUISADORES;339020;AUXILIO FINANCEIRO A PESQUISADORES;12;RECURSOS DEST.A MANUT.E DES.DO ENSINO;30109161.46;;30109161.46;;27352524.96;555,067.00;26797457.96;19199964.98
2015;154003;FUND.COORD.DE APERF.DE PESSOAL NIVEL SUPERIOR;12;EDUCACAO;364;ENSINO SUPERIOR;2032;EDUCACAO SUPERIOR - GRADUACAO, POS-GRADUACAO, ENSINO, PESQUI;0487;CONCESSAO DE BOLSAS DE ESTUDO NO ENSINO SUPERIOR;0002;CONCESSAO DE BOLSAS DE ESTUDOS NO PAIS;12364203204870001;087493;OCCCUO9403N;BFSUPERIOR - PROEX;90;APLICACOES DIRETAS;3;DESPESAS CORRENTES;3;OUTRAS DESPESAS CORRENTES;20;AUXILIO FINANCEIRO A PESQUISADORES;339020;AUXILIO FINANCEIRO A PESQUISADORES;00;RECURSOS PRIMARIOS DE LIVRE APLICACAO;114,000.00;;114,000.00;;142,500.00;28,500.00;114,000.00;114,000.00
2015;154003;FUND.COORD.DE APERF.DE PESSOAL NIVEL SUPERIOR;12;EDUCACAO;364;ENSINO SUPERIOR;2032;EDUCACAO SUPERIOR - GRADUACAO, POS-GRADUACAO, ENSINO, PESQUI;0487;CONCESSAO DE BOLSAS DE ESTUDO NO ENSINO SUPERIOR;0002;CONCESSAO DE BOLSAS DE ESTUDOS NO PAIS;12364203204870001;087493;OCCCUO9403N;BFSUPERIOR - PROEX;90;APLICACOES DIRETAS;3;DESPESAS CORRENTES;3;OUTRAS DESPESAS CORRENTES;;;;;12;RECURSOS DEST.A MANUT.E DES.DO ENSINO;669458502.79;;669458502.79;;614530592.62;29715632.88;584469043.69;433422193.89
2015;154003;FUND.COORD.DE APERF.DE PESSOAL NIVEL SUPERIOR;12;EDUCACAO;364;ENSINO SUPERIOR;2032;EDUCACAO SUPERIOR - GRADUACAO, POS-GRADUACAO, ENSINO, PESQUI;0487;CONCESSAO DE BOLSAS DE ESTUDO NO ENSINO SUPERIOR;0002;CONCESSAO DE BOLSAS DE ESTUDOS NO PAIS;12364203204870001;087493;OCCCUO9414N;BF SUPERIOR - PROAP;30;TRANSFER. A ESTADOS E AO DISTRITO FEDERAL;3;DESPESAS CORRENTES;3;OUTRAS DESPESAS CORRENTES;41;CONTRIBUICOES;333041;CONTRIBUICOES;12;RECURSOS DEST.A MANUT.E DES.DO ENSINO;95739732.50;;95739732.50;;95739732.50;27884327.50;67495765.00;57351232.50
2015;154003;FUND.COORD.DE APERF.DE PESSOAL NIVEL SUPERIOR;12;EDUCACAO;364;ENSINO SUPERIOR;2032;EDUCACAO SUPERIOR - GRADUACAO, POS-GRADUACAO, ENSINO, PESQUI;0487;CONCESSAO DE BOLSAS DE ESTUDO NO ENSINO SUPERIOR;0002;CONCESSAO DE BOLSAS DE ESTUDOS NO PAIS;12364203204870001;087493;OCCCUO9414N;BF SUPERIOR - PROAP;50;TRANSFERENCIA INSTITUICOES PRIVADAS SEM FINS LUCRATIVOS;3;DESPESAS CORRENTES;3;OUTRAS DESPESAS CORRENTES;41;CONTRIBUICOES;335041;CONTRIBUICOES;12;RECURSOS DEST.A MANUT.E DES.DO ENSINO;428,004.56;;428,004.56;;;;;
2015;154003;FUND.COORD.DE APERF.DE PESSOAL NIVEL SUPERIOR;12;EDUCACAO;364;ENSINO SUPERIOR;2032;EDUCACAO SUPERIOR - GRADUACAO, POS-GRADUACAO, ENSINO, PESQUI;0487;CONCESSAO DE BOLSAS DE ESTUDO NO ENSINO SUPERIOR;0002;CONCESSAO DE BOLSAS DE ESTUDOS NO PAIS;12364203204870001;087493;OCCCUO9414N;BF SUPERIOR - PROAP;50;TRANSFERENCIA INSTITUICOES PRIVADAS SEM FINS LUCRATIVOS;3;DESPESAS CORRENTES;3;OUTRAS DESPESAS CORRENTES;92;DESPESAS DE EXERCICIOS ANTERIORES;335092;DESPESAS DE EXERCICIOS ANTERIORES;12;RECURSOS DEST.A MANUT.E DES.DO ENSINO;54,000.00;;54,000.00;;;;;
2015;154003;FUND.COORD.DE APERF.DE PESSOAL NIVEL SUPERIOR;12;EDUCACAO;364;ENSINO SUPERIOR;2032;EDUCACAO SUPERIOR - GRADUACAO, POS-GRADUACAO, ENSINO, PESQUI;0487;CONCESSAO DE BOLSAS DE ESTUDO NO ENSINO SUPERIOR;0002;CONCESSAO DE BOLSAS DE ESTUDOS NO PAIS;12364203204870001;087493;OCCCUO9414N;BF SUPERIOR - PROAP;90;APLICACOES DIRETAS;3;DESPESAS CORRENTES;3;OUTRAS DESPESAS CORRENTES;00;[A DETALHAR];339000;APLICACOES DIRETAS;12;RECURSOS DEST.A MANUT.E DES.DO ENSINO;832,345.00;;832,345.00;;;;;
2015;154003;FUND.COORD.DE APERF.DE PESSOAL NIVEL SUPERIOR;12;EDUCACAO;364;ENSINO SUPERIOR;2032;EDUCACAO SUPERIOR - GRADUACAO, POS-GRADUACAO, ENSINO, PESQUI;0487;CONCESSAO DE BOLSAS DE ESTUDO NO ENSINO SUPERIOR;0002;CONCESSAO DE BOLSAS DE ESTUDOS NO PAIS;12364203204870001;087493;OCCCUO9414N;BF SUPERIOR - PROAP;90;APLICACOES DIRETAS;3;DESPESAS CORRENTES;3;OUTRAS DESPESAS CORRENTES;10;SEGURO DESEMPREGO E ABONO SALARIAL;339010;SEGURO DESEMPREGO E ABONO SALARIAL;12;RECURSOS DEST.A MANUT.E DES.DO ENSINO;0.00;;0.00;;;;;
2015;154003;FUND.COORD.DE APERF.DE PESSOAL NIVEL SUPERIOR;12;EDUCACAO;364;ENSINO SUPERIOR;2032;EDUCACAO SUPERIOR - GRADUACAO, POS-GRADUACAO, ENSINO, PESQUI;0487;CONCESSAO DE BOLSAS DE ESTUDO NO ENSINO SUPERIOR;0002;CONCESSAO DE BOLSAS DE ESTUDOS NO PAIS;12364203204870001;087493;OCCCUO9414N;BF SUPERIOR - PROAP;90;APLICACOES DIRETAS;3;DESPESAS CORRENTES;3;OUTRAS DESPESAS CORRENTES;14;DIARIAS - PESSOAL CIVIL;339014;DIARIAS - PESSOAL CIVIL;12;RECURSOS DEST.A MANUT.E DES.DO ENSINO;119616263.74;;119616263.74;;;;;
2015;154003;FUND.COORD.DE APERF.DE PESSOAL NIVEL SUPERIOR;12;EDUCACAO;364;ENSINO SUPERIOR;2032;EDUCACAO SUPERIOR - GRADUACAO, POS-GRADUACAO, ENSINO, PESQUI;0487;CONCESSAO DE BOLSAS DE ESTUDO NO ENSINO SUPERIOR;0002;CONCESSAO DE BOLSAS DE ESTUDOS NO PAIS;12364203204870001;087493;OCCCUO9414N;BF SUPERIOR - PROAP;90;APLICACOES DIRETAS;3;DESPESAS CORRENTES;3;OUTRAS DESPESAS CORRENTES;15;DIARIAS - PESSOAL MILITAR;339015;DIARIAS - PESSOAL MILITAR;12;RECURSOS DEST.A MANUT.E DES.DO ENSINO;97,420.60;;97,420.60;;;;;
2015;154003;FUND.COORD.DE APERF.DE PESSOAL NIVEL SUPERIOR;12;EDUCACAO;364;ENSINO SUPERIOR;2032;EDUCACAO SUPERIOR - GRADUACAO, POS-GRADUACAO, ENSINO, PESQUI;0487;CONCESSAO DE BOLSAS DE ESTUDO NO ENSINO SUPERIOR;0002;CONCESSAO DE BOLSAS DE ESTUDOS NO PAIS;12364203204870001;087493;OCCCUO9414N;BF SUPERIOR - PROAP;90;APLICACOES DIRETAS;3;DESPESAS CORRENTES;3;OUTRAS DESPESAS CORRENTES;18;AUXILIO FINANCEIRO A ESTUDANTES;339018;AUXILIO FINANCEIRO A ESTUDANTES;12;RECURSOS DEST.A MANUT.E DES.DO ENSINO;153226394.64;;153226394.64;;;;;
2015;154003;FUND.COORD.DE APERF.DE PESSOAL NIVEL SUPERIOR;12;EDUCACAO;364;ENSINO SUPERIOR;2032;EDUCACAO SUPERIOR - GRADUACAO, POS-GRADUACAO, ENSINO, PESQUI;0487;CONCESSAO DE BOLSAS DE ESTUDO NO ENSINO SUPERIOR;0002;CONCESSAO DE BOLSAS DE ESTUDOS NO PAIS;12364203204870001;087493;OCCCUO9414N;BF SUPERIOR - PROAP;90;APLICACOES DIRETAS;3;DESPESAS CORRENTES;3;OUTRAS DESPESAS CORRENTES;20;AUXILIO FINANCEIRO A PESQUISADORES;339020;AUXILIO FINANCEIRO A PESQUISADORES;12;RECURSOS DEST.A MANUT.E DES.DO ENSINO;36685632.48;;36685632.48;;146,800.00;0.00;146,800.00;
2015;154003;FUND.COORD.DE APERF.DE PESSOAL NIVEL SUPERIOR;12;EDUCACAO;364;ENSINO SUPERIOR;2032;EDUCACAO SUPERIOR - GRADUACAO, POS-GRADUACAO, ENSINO, PESQUI;0487;CONCESSAO DE BOLSAS DE ESTUDO NO ENSINO SUPERIOR;0002;CONCESSAO DE BOLSAS DE ESTUDOS NO PAIS;12364203204870001;087493;OCCCUO9414N;BF SUPERIOR - PROAP;90;APLICACOES DIRETAS;3;DESPESAS CORRENTES;3;OUTRAS DESPESAS CORRENTES;30;MATERIAL DE CONSUMO;339030;MATERIAL DE CONSUMO;12;RECURSOS DEST.A MANUT.E DES.DO ENSINO;102917281.25;;102917281.25;;;;;
2015;154003;FUND.COORD.DE APERF.DE PESSOAL NIVEL SUPERIOR;12;EDUCACAO;364;ENSINO SUPERIOR;2032;EDUCACAO SUPERIOR - GRADUACAO, POS-GRADUACAO, ENSINO, PESQUI;0487;CONCESSAO DE BOLSAS DE ESTUDO NO ENSINO SUPERIOR;0002;CONCESSAO DE BOLSAS DE ESTUDOS NO PAIS;12364203204870001;087493;OCCCUO9414N;BF SUPERIOR - PROAP;90;APLICACOES DIRETAS;3;DESPESAS CORRENTES;3;OUTRAS DESPESAS CORRENTES;32;MATERIAL, BEM OU SERVICO PARA DIST.GRATUITA;339032;MATERIAL, BEM OU SERVICO P/ DISTRIB. GRATUITA;12;RECURSOS DEST.A MANUT.E DES.DO ENSINO;0.00;;0.00;;;;;
2015;154003;FUND.COORD.DE APERF.DE PESSOAL NIVEL SUPERIOR;12;EDUCACAO;364;ENSINO SUPERIOR;2032;EDUCACAO SUPERIOR - GRADUACAO, POS-GRADUACAO, ENSINO, PESQUI;0487;CONCESSAO DE BOLSAS DE ESTUDO NO ENSINO SUPERIOR;0002;CONCESSAO DE BOLSAS DE ESTUDOS NO PAIS;12364203204870001;087493;OCCCUO9414N;BF SUPERIOR - PROAP;90;APLICACOES DIRETAS;3;DESPESAS CORRENTES;3;OUTRAS DESPESAS CORRENTES;33;PASSAGENS E DESPESAS COM LOCOMOCAO;339033;PASSAGENS E DESPESAS COM LOCOMOCAO;12;RECURSOS DEST.A MANUT.E DES.DO ENSINO;194751656.98;;194751656.98;;;;;
2015;154003;FUND.COORD.DE APERF.DE PESSOAL NIVEL SUPERIOR;12;EDUCACAO;364;ENSINO SUPERIOR;2032;EDUCACAO SUPERIOR - GRADUACAO, POS-GRADUACAO, ENSINO, PESQUI;0487;CONCESSAO DE BOLSAS DE ESTUDO NO ENSINO SUPERIOR;0002;CONCESSAO DE BOLSAS DE ESTUDOS NO PAIS;12364203204870001;087493;OCCCUO9414N;BF SUPERIOR - PROAP;90;APLICACOES DIRETAS;3;DESPESAS CORRENTES;3;OUTRAS DESPESAS CORRENTES;36;OUTROS SERVICOS DE TERCEIROS - P.FISICA;339036;OUTROS SERVICOS DE TERCEIROS - PESSOA FISICA;12;RECURSOS DEST.A MANUT.E DES.DO ENSINO;46287791.95;;46287791.95;;;;;
2015;154003;FUND.COORD.DE APERF.DE PESSOAL NIVEL SUPERIOR;12;EDUCACAO;364;ENSINO SUPERIOR;2032;EDUCACAO SUPERIOR - GRADUACAO, POS-GRADUACAO, ENSINO, PESQUI;0487;CONCESSAO DE BOLSAS DE ESTUDO NO ENSINO SUPERIOR;0002;CONCESSAO DE BOLSAS DE ESTUDOS NO PAIS;12364203204870001;087493;OCCCUO9414N;BF SUPERIOR - PROAP;90;APLICACOES DIRETAS;3;DESPESAS CORRENTES;3;OUTRAS DESPESAS CORRENTES;38;ARRENDAMENTO MERCANTIL;339038;ARRENDAMENTO MERCANTIL;12;RECURSOS DEST.A MANUT.E DES.DO ENSINO;0.00;;0.00;;;;;
2015;154003;FUND.COORD.DE APERF.DE PESSOAL NIVEL SUPERIOR;12;EDUCACAO;364;ENSINO SUPERIOR;2032;EDUCACAO SUPERIOR - GRADUACAO, POS-GRADUACAO, ENSINO, PESQUI;0487;CONCESSAO DE BOLSAS DE ESTUDO NO ENSINO SUPERIOR;0002;CONCESSAO DE BOLSAS DE ESTUDOS NO PAIS;12364203204870001;087493;OCCCUO9414N;BF SUPERIOR - PROAP;90;APLICACOES DIRETAS;3;DESPESAS CORRENTES;3;OUTRAS DESPESAS CORRENTES;39;OUTROS SERVICOS DE TERCEIROS PJ - OP.INT.ORC.;339039;OUTROS SERVICOS DE TERCEIROS - PESSOA JURIDICA;12;RECURSOS DEST.A MANUT.E DES.DO ENSINO;94568861.87;;94568861.87;;;;;
2015;154003;FUND.COORD.DE APERF.DE PESSOAL NIVEL SUPERIOR;12;EDUCACAO;364;ENSINO SUPERIOR;2032;EDUCACAO SUPERIOR - GRADUACAO, POS-GRADUACAO, ENSINO, PESQUI;0487;CONCESSAO DE BOLSAS DE ESTUDO NO ENSINO SUPERIOR;0002;CONCESSAO DE BOLSAS DE ESTUDOS NO PAIS;12364203204870001;087493;OCCCUO9414N;BF SUPERIOR - PROAP;90;APLICACOES DIRETAS;3;DESPESAS CORRENTES;3;OUTRAS DESPESAS CORRENTES;47;OBRIGACOES TRIBUTARIAS E CONTRIBUTIVAS;339047;OBRIGACOES TRIBUTARIAS E CONTRIBUTIVAS;12;RECURSOS DEST.A MANUT.E DES.DO ENSINO;4,882.89;;4,882.89;;;;;
2015;154003;FUND.COORD.DE APERF.DE PESSOAL NIVEL SUPERIOR;12;EDUCACAO;364;ENSINO SUPERIOR;2032;EDUCACAO SUPERIOR - GRADUACAO, POS-GRADUACAO, ENSINO, PESQUI;0487;CONCESSAO DE BOLSAS DE ESTUDO NO ENSINO SUPERIOR;0002;CONCESSAO DE BOLSAS DE ESTUDOS NO PAIS;12364203204870001;087493;OCCCUO9414N;BF SUPERIOR - PROAP;90;APLICACOES DIRETAS;3;DESPESAS CORRENTES;3;OUTRAS DESPESAS CORRENTES;92;DESPESAS DE EXERCICIOS ANTERIORES;339092;DESPESAS DE EXERCICIOS ANTERIORES;12;RECURSOS DEST.A MANUT.E DES.DO ENSINO;1,439,815.80;;1,439,815.80;;;;;
2015;154003;FUND.COORD.DE APERF.DE PESSOAL NIVEL SUPERIOR;12;EDUCACAO;364;ENSINO SUPERIOR;2032;EDUCACAO SUPERIOR - GRADUACAO, POS-GRADUACAO, ENSINO, PESQUI;0487;CONCESSAO DE BOLSAS DE ESTUDO NO ENSINO SUPERIOR;0002;CONCESSAO DE BOLSAS DE ESTUDOS NO PAIS;12364203204870001;087493;OCCCUO9414N;BF SUPERIOR - PROAP;90;APLICACOES DIRETAS;3;DESPESAS CORRENTES;3;OUTRAS DESPESAS CORRENTES;93;INDENIZACOES E RESTITUICOES;339093;INDENIZACOES E RESTITUICOES;12;RECURSOS DEST.A MANUT.E DES.DO ENSINO;14430869.07;;14430869.07;;;;;
2015;154003;FUND.COORD.DE APERF.DE PESSOAL NIVEL SUPERIOR;12;EDUCACAO;364;ENSINO SUPERIOR;2032;EDUCACAO SUPERIOR - GRADUACAO, POS-GRADUACAO, ENSINO, PESQUI;0487;CONCESSAO DE BOLSAS DE ESTUDO NO ENSINO SUPERIOR;0002;CONCESSAO DE BOLSAS DE ESTUDOS NO PAIS;12364203204870001;087493;OCCCUO9414N;BF SUPERIOR - PROAP;90;APLICACOES DIRETAS;3;DESPESAS CORRENTES;3;OUTRAS DESPESAS CORRENTES;98;COMPENSACOES AO RGPS;339098;COMPENSACOES AO RGPS;12;RECURSOS DEST.A MANUT.E DES.DO ENSINO;0.00;;0.00;;;;;
2015;154003;FUND.COORD.DE APERF.DE PESSOAL NIVEL SUPERIOR;12;EDUCACAO;364;ENSINO SUPERIOR;2032;EDUCACAO SUPERIOR - GRADUACAO, POS-GRADUACAO, ENSINO, PESQUI;0487;CONCESSAO DE BOLSAS DE ESTUDO NO ENSINO SUPERIOR;0002;CONCESSAO DE BOLSAS DE ESTUDOS NO PAIS;12364203204870001;087493;OCCCUO9414N;BF SUPERIOR - PROAP;91;APLICACOES DIRETAS - OPERACOES INTERNAS;3;DESPESAS CORRENTES;3;OUTRAS DESPESAS CORRENTES;30;MATERIAL DE CONSUMO;339130;MATERIAL DE CONSUMO;12;RECURSOS DEST.A MANUT.E DES.DO ENSINO;4,000.00;;4,000.00;;;;;
2015;154003;FUND.COORD.DE APERF.DE PESSOAL NIVEL SUPERIOR;12;EDUCACAO;364;ENSINO SUPERIOR;2032;EDUCACAO SUPERIOR - GRADUACAO, POS-GRADUACAO, ENSINO, PESQUI;0487;CONCESSAO DE BOLSAS DE ESTUDO NO ENSINO SUPERIOR;0002;CONCESSAO DE BOLSAS DE ESTUDOS NO PAIS;12364203204870001;087493;OCCCUO9414N;BF SUPERIOR - PROAP;91;APLICACOES DIRETAS - OPERACOES INTERNAS;3;DESPESAS CORRENTES;3;OUTRAS DESPESAS CORRENTES;39;OUTROS SERVICOS DE TERCEIROS PJ - OP.INT.ORC.;339139;OUTROS SERVICOS DE TERCEIROS - PESSOA JURIDICA (INTRA);12;RECURSOS DEST.A MANUT.E DES.DO ENSINO;2,100.00;;2,100.00;;;;;
2015;154003;FUND.COORD.DE APERF.DE PESSOAL NIVEL SUPERIOR;12;EDUCACAO;364;ENSINO SUPERIOR;2032;EDUCACAO SUPERIOR - GRADUACAO, POS-GRADUACAO, ENSINO, PESQUI;0487;CONCESSAO DE BOLSAS DE ESTUDO NO ENSINO SUPERIOR;0002;CONCESSAO DE BOLSAS DE ESTUDOS NO PAIS;12364203204870001;087493;OCCCUO9414N;BF SUPERIOR - PROAP;91;APLICACOES DIRETAS - OPERACOES INTERNAS;3;DESPESAS CORRENTES;3;OUTRAS DESPESAS CORRENTES;47;OBRIGACOES TRIBUTARIAS E CONTRIBUTIVAS;339147;OBRIG.TRIBUT.E CONTRIB-OP.INTRA-ORCAMENTARIAS;12;RECURSOS DEST.A MANUT.E DES.DO ENSINO;145,706.92;;145,706.92;;;;;
2015;154003;FUND.COORD.DE APERF.DE PESSOAL NIVEL SUPERIOR;12;EDUCACAO;364;ENSINO SUPERIOR;2032;EDUCACAO SUPERIOR - GRADUACAO, POS-GRADUACAO, ENSINO, PESQUI;0487;CONCESSAO DE BOLSAS DE ESTUDO NO ENSINO SUPERIOR;0002;CONCESSAO DE BOLSAS DE ESTUDOS NO PAIS;12364203204870001;087493;OCCCUO9414N;BF SUPERIOR - PROAP;91;APLICACOES DIRETAS - OPERACOES INTERNAS;3;DESPESAS CORRENTES;3;OUTRAS DESPESAS CORRENTES;93;INDENIZACOES E RESTITUICOES;339193;INDENIZACOES E RESTITUICOES;12;RECURSOS DEST.A MANUT.E DES.DO ENSINO;106.50;;106.50;;;;;
2015;154003;FUND.COORD.DE APERF.DE PESSOAL NIVEL SUPERIOR;12;EDUCACAO;364;ENSINO SUPERIOR;2032;EDUCACAO SUPERIOR - GRADUACAO, POS-GRADUACAO, ENSINO, PESQUI;0487;CONCESSAO DE BOLSAS DE ESTUDO NO ENSINO SUPERIOR;0002;CONCESSAO DE BOLSAS DE ESTUDOS NO PAIS;12364203204870001;087493;OCCCUU1921N;BFSUPERIOR - PBE-DPM;90;APLICACOES DIRETAS;3;DESPESAS CORRENTES;3;OUTRAS DESPESAS CORRENTES;18;AUXILIO FINANCEIRO A ESTUDANTES;339018;AUXILIO FINANCEIRO A ESTUDANTES;00;RECURSOS PRIMARIOS DE LIVRE APLICACAO;265,200.00;;265,200.00;;232,000.00;0.00;232,000.00;232,000.00
2015;154003;FUND.COORD.DE APERF.DE PESSOAL NIVEL SUPERIOR;12;EDUCACAO;364;ENSINO SUPERIOR;2032;EDUCACAO SUPERIOR - GRADUACAO, POS-GRADUACAO, ENSINO, PESQUI;0487;CONCESSAO DE BOLSAS DE ESTUDO NO ENSINO SUPERIOR;0002;CONCESSAO DE BOLSAS DE ESTUDOS NO PAIS;12364203204870001;087493;OCCCUU1921N;BFSUPERIOR - PBE-DPM;90;APLICACOES DIRETAS;3;DESPESAS CORRENTES;3;OUTRAS DESPESAS CORRENTES;;;;;12;RECURSOS DEST.A MANUT.E DES.DO ENSINO;1,452,600.00;;1,452,600.00;;1,452,600.00;585,400.00;867,200.00;856,200.00
2015;154003;FUND.COORD.DE APERF.DE PESSOAL NIVEL SUPERIOR;12;EDUCACAO;364;ENSINO SUPERIOR;2032;EDUCACAO SUPERIOR - GRADUACAO, POS-GRADUACAO, ENSINO, PESQUI;0487;CONCESSAO DE BOLSAS DE ESTUDO NO ENSINO SUPERIOR;0002;CONCESSAO DE BOLSAS DE ESTUDOS NO PAIS;12364203204870001;087493;OCCCUV2019N;BFSUPERIOR - PNPD;90;APLICACOES DIRETAS;3;DESPESAS CORRENTES;3;OUTRAS DESPESAS CORRENTES;18;AUXILIO FINANCEIRO A ESTUDANTES;339018;AUXILIO FINANCEIRO A ESTUDANTES;00;RECURSOS PRIMARIOS DE LIVRE APLICACAO;244028320.00;;244028320.00;;225308320.00;20000000.00;205308320.00;205308320.00
2015;154003;FUND.COORD.DE APERF.DE PESSOAL NIVEL SUPERIOR;12;EDUCACAO;364;ENSINO SUPERIOR;2032;EDUCACAO SUPERIOR - GRADUACAO, POS-GRADUACAO, ENSINO, PESQUI;0487;CONCESSAO DE BOLSAS DE ESTUDO NO ENSINO SUPERIOR;0002;CONCESSAO DE BOLSAS DE ESTUDOS NO PAIS;12364203204870001;087493;OCCCUV2019N;BFSUPERIOR - PNPD;90;APLICACOES DIRETAS;3;DESPESAS CORRENTES;3;OUTRAS DESPESAS CORRENTES;;;;;12;RECURSOS DEST.A MANUT.E DES.DO ENSINO;1726903018.4;;1726903018.4;;1726900818.4;364726890.00;1362173928.4;1310621348.4
2015;154003;FUND.COORD.DE APERF.DE PESSOAL NIVEL SUPERIOR;12;EDUCACAO;364;ENSINO SUPERIOR;2032;EDUCACAO SUPERIOR - GRADUACAO, POS-GRADUACAO, ENSINO, PESQUI;0487;CONCESSAO DE BOLSAS DE ESTUDO NO ENSINO SUPERIOR;0002;CONCESSAO DE BOLSAS DE ESTUDOS NO PAIS;12364203204870001;087493;OCCCUV2019N;BFSUPERIOR - PNPD;90;APLICACOES DIRETAS;3;DESPESAS CORRENTES;3;OUTRAS DESPESAS CORRENTES;20;AUXILIO FINANCEIRO A PESQUISADORES;339020;AUXILIO FINANCEIRO A PESQUISADORES;12;RECURSOS DEST.A MANUT.E DES.DO ENSINO;114486262.01;;114486262.01;;112702262.01;1,692,000.00;111010262.01;93682262.01
2015;154003;FUND.COORD.DE APERF.DE PESSOAL NIVEL SUPERIOR;12;EDUCACAO;364;ENSINO SUPERIOR;2032;EDUCACAO SUPERIOR - GRADUACAO, POS-GRADUACAO, ENSINO, PESQUI;0487;CONCESSAO DE BOLSAS DE ESTUDO NO ENSINO SUPERIOR;0002;CONCESSAO DE BOLSAS DE ESTUDOS NO PAIS;12364203204870001;087493;OSS33N1901N;IDIOMAS SEM FRONTEIRAS - ISF;90;APLICACOES DIRETAS;3;DESPESAS CORRENTES;3;OUTRAS DESPESAS CORRENTES;18;AUXILIO FINANCEIRO A ESTUDANTES;339018;AUXILIO FINANCEIRO A ESTUDANTES;00;RECURSOS PRIMARIOS DE LIVRE APLICACAO;7,389,400.00;;7,389,400.00;;6,555,000.00;0.00;6,555,000.00;6,555,000.00
2015;154003;FUND.COORD.DE APERF.DE PESSOAL NIVEL SUPERIOR;12;EDUCACAO;364;ENSINO SUPERIOR;2032;EDUCACAO SUPERIOR - GRADUACAO, POS-GRADUACAO, ENSINO, PESQUI;0487;CONCESSAO DE BOLSAS DE ESTUDO NO ENSINO SUPERIOR;0002;CONCESSAO DE BOLSAS DE ESTUDOS NO PAIS;12364203204870001;087493;OSS33N1901N;IDIOMAS SEM FRONTEIRAS - ISF;90;APLICACOES DIRETAS;3;DESPESAS CORRENTES;3;OUTRAS DESPESAS CORRENTES;;;;;12;RECURSOS DEST.A MANUT.E DES.DO ENSINO;79973400.00;;79973400.00;;79973400.00;21492900.00;58480500.00;57827500.00
2015;154003;FUND.COORD.DE APERF.DE PESSOAL NIVEL SUPERIOR;12;EDUCACAO;364;ENSINO SUPERIOR;2032;EDUCACAO SUPERIOR - GRADUACAO, POS-GRADUACAO, ENSINO, PESQUI;0487;CONCESSAO DE BOLSAS DE ESTUDO NO ENSINO SUPERIOR;0002;CONCESSAO DE BOLSAS DE ESTUDOS NO PAIS;12364203204870001;087493;XCCCUO0614N;BFSUPERIOR - PREMIO;90;APLICACOES DIRETAS;3;DESPESAS CORRENTES;3;OUTRAS DESPESAS CORRENTES;18;AUXILIO FINANCEIRO A ESTUDANTES;339018;AUXILIO FINANCEIRO A ESTUDANTES;12;RECURSOS DEST.A MANUT.E DES.DO ENSINO;119,000.00;;119,000.00;;119,000.00;0.00;119,000.00;119,000.00
2015;154003;FUND.COORD.DE APERF.DE PESSOAL NIVEL SUPERIOR;12;EDUCACAO;364;ENSINO SUPERIOR;2032;EDUCACAO SUPERIOR - GRADUACAO, POS-GRADUACAO, ENSINO, PESQUI;0487;CONCESSAO DE BOLSAS DE ESTUDO NO ENSINO SUPERIOR;0003;CONCESSAO DE BOLSA DE ESTUDOS NO EXTERIOR;12364203204870001;087495;'-8;SEM INFORMACAO;90;APLICACOES DIRETAS;3;DESPESAS CORRENTES;3;OUTRAS DESPESAS CORRENTES;00;[A DETALHAR];339000;APLICACOES DIRETAS;00;RECURSOS PRIMARIOS DE LIVRE APLICACAO;-114324297.3;;47907752.71;;;;;
2015;154003;FUND.COORD.DE APERF.DE PESSOAL NIVEL SUPERIOR;12;EDUCACAO;364;ENSINO SUPERIOR;2032;EDUCACAO SUPERIOR - GRADUACAO, POS-GRADUACAO, ENSINO, PESQUI;0487;CONCESSAO DE BOLSAS DE ESTUDO NO ENSINO SUPERIOR;0003;CONCESSAO DE BOLSA DE ESTUDOS NO EXTERIOR;12364203204870001;087495;'-8;SEM INFORMACAO;90;APLICACOES DIRETAS;3;DESPESAS CORRENTES;3;OUTRAS DESPESAS CORRENTES;;;;;12;RECURSOS DEST.A MANUT.E DES.DO ENSINO;183363329.04;;183363329.04;;;;;
2015;154003;FUND.COORD.DE APERF.DE PESSOAL NIVEL SUPERIOR;12;EDUCACAO;364;ENSINO SUPERIOR;2032;EDUCACAO SUPERIOR - GRADUACAO, POS-GRADUACAO, ENSINO, PESQUI;0487;CONCESSAO DE BOLSAS DE ESTUDO NO ENSINO SUPERIOR;0003;CONCESSAO DE BOLSA DE ESTUDOS NO EXTERIOR;12364203204870001;087495;FCCCPN99AEN;BEX - AEX;90;APLICACOES DIRETAS;3;DESPESAS CORRENTES;3;OUTRAS DESPESAS CORRENTES;18;AUXILIO FINANCEIRO A ESTUDANTES;339018;AUXILIO FINANCEIRO A ESTUDANTES;12;RECURSOS DEST.A MANUT.E DES.DO ENSINO;1,019,200.00;;1,019,200.00;;1,019,200.00;0.00;1,019,200.00;1,019,200.00
2015;154003;FUND.COORD.DE APERF.DE PESSOAL NIVEL SUPERIOR;12;EDUCACAO;364;ENSINO SUPERIOR;2032;EDUCACAO SUPERIOR - GRADUACAO, POS-GRADUACAO, ENSINO, PESQUI;0487;CONCESSAO DE BOLSAS DE ESTUDO NO ENSINO SUPERIOR;0003;CONCESSAO DE BOLSA DE ESTUDOS NO EXTERIOR;12364203204870001;087495;FCCCPO06BEN;BEX - TRADICIONAL;90;APLICACOES DIRETAS;3;DESPESAS CORRENTES;3;OUTRAS DESPESAS CORRENTES;18;AUXILIO FINANCEIRO A ESTUDANTES;339018;AUXILIO FINANCEIRO A ESTUDANTES;12;RECURSOS DEST.A MANUT.E DES.DO ENSINO;69339671.11;;69339671.11;;69331189.79;201,703.32;69129486.47;69129486.47
2015;154003;FUND.COORD.DE APERF.DE PESSOAL NIVEL SUPERIOR;12;EDUCACAO;364;ENSINO SUPERIOR;2032;EDUCACAO SUPERIOR - GRADUACAO, POS-GRADUACAO, ENSINO, PESQUI;0487;CONCESSAO DE BOLSAS DE ESTUDO NO ENSINO SUPERIOR;0003;CONCESSAO DE BOLSA DE ESTUDOS NO EXTERIOR;12364203204870001;087495;FCCCQB0619X;PARINTER - PDPI;90;APLICACOES DIRETAS;3;DESPESAS CORRENTES;3;OUTRAS DESPESAS CORRENTES;18;AUXILIO FINANCEIRO A ESTUDANTES;339018;AUXILIO FINANCEIRO A ESTUDANTES;12;RECURSOS DEST.A MANUT.E DES.DO ENSINO;0.00;;0.00;;0.00;0.00;;
2015;154003;FUND.COORD.DE APERF.DE PESSOAL NIVEL SUPERIOR;12;EDUCACAO;364;ENSINO SUPERIOR;2032;EDUCACAO SUPERIOR - GRADUACAO, POS-GRADUACAO, ENSINO, PESQUI;0487;CONCESSAO DE BOLSAS DE ESTUDO NO ENSINO SUPERIOR;0003;CONCESSAO DE BOLSA DE ESTUDOS NO EXTERIOR;12364203204870001;087495;FCCCQG0601N;PARINTER - BRAFAGRI;90;APLICACOES DIRETAS;3;DESPESAS CORRENTES;3;OUTRAS DESPESAS CORRENTES;18;AUXILIO FINANCEIRO A ESTUDANTES;339018;AUXILIO FINANCEIRO A ESTUDANTES;12;RECURSOS DEST.A MANUT.E DES.DO ENSINO;0.00;;0.00;;0.00;0.00;;
2015;154003;FUND.COORD.DE APERF.DE PESSOAL NIVEL SUPERIOR;12;EDUCACAO;364;ENSINO SUPERIOR;2032;EDUCACAO SUPERIOR - GRADUACAO, POS-GRADUACAO, ENSINO, PESQUI;0487;CONCESSAO DE BOLSAS DE ESTUDO NO ENSINO SUPERIOR;0003;CONCESSAO DE BOLSA DE ESTUDOS NO EXTERIOR;12364203204870001;087495;FCCCQG0602N;PARINTER - BRAFITEC;90;APLICACOES DIRETAS;3;DESPESAS CORRENTES;3;OUTRAS DESPESAS CORRENTES;18;AUXILIO FINANCEIRO A ESTUDANTES;339018;AUXILIO FINANCEIRO A ESTUDANTES;12;RECURSOS DEST.A MANUT.E DES.DO ENSINO;0.00;;0.00;;0.00;0.00;;
2015;154003;FUND.COORD.DE APERF.DE PESSOAL NIVEL SUPERIOR;12;EDUCACAO;364;ENSINO SUPERIOR;2032;EDUCACAO SUPERIOR - GRADUACAO, POS-GRADUACAO, ENSINO, PESQUI;0487;CONCESSAO DE BOLSAS DE ESTUDO NO ENSINO SUPERIOR;0003;CONCESSAO DE BOLSA DE ESTUDOS NO EXTERIOR;12364203204870001;087495;FCCCQG0623N;PARINTER - PRO-HAITI;90;APLICACOES DIRETAS;3;DESPESAS CORRENTES;3;OUTRAS DESPESAS CORRENTES;18;AUXILIO FINANCEIRO A ESTUDANTES;339018;AUXILIO FINANCEIRO A ESTUDANTES;12;RECURSOS DEST.A MANUT.E DES.DO ENSINO;0.00;;0.00;;0.00;0.00;;
2015;154003;FUND.COORD.DE APERF.DE PESSOAL NIVEL SUPERIOR;12;EDUCACAO;364;ENSINO SUPERIOR;2032;EDUCACAO SUPERIOR - GRADUACAO, POS-GRADUACAO, ENSINO, PESQUI;0487;CONCESSAO DE BOLSAS DE ESTUDO NO ENSINO SUPERIOR;0003;CONCESSAO DE BOLSA DE ESTUDOS NO EXTERIOR;12364203204870001;087495;FCCCQG0624N;PARINTER - BRANETEC;90;APLICACOES DIRETAS;3;DESPESAS CORRENTES;3;OUTRAS DESPESAS CORRENTES;18;AUXILIO FINANCEIRO A ESTUDANTES;339018;AUXILIO FINANCEIRO A ESTUDANTES;12;RECURSOS DEST.A MANUT.E DES.DO ENSINO;0.00;;0.00;;0.00;0.00;;
2015;154003;FUND.COORD.DE APERF.DE PESSOAL NIVEL SUPERIOR;12;EDUCACAO;364;ENSINO SUPERIOR;2032;EDUCACAO SUPERIOR - GRADUACAO, POS-GRADUACAO, ENSINO, PESQUI;0487;CONCESSAO DE BOLSAS DE ESTUDO NO ENSINO SUPERIOR;0003;CONCESSAO DE BOLSA DE ESTUDOS NO EXTERIOR;12364203204870001;087495;FCCCQN0641N;PARINTER - PRO-MOBILIDADE INTERNACIONAL;90;APLICACOES DIRETAS;3;DESPESAS CORRENTES;3;OUTRAS DESPESAS CORRENTES;18;AUXILIO FINANCEIRO A ESTUDANTES;339018;AUXILIO FINANCEIRO A ESTUDANTES;12;RECURSOS DEST.A MANUT.E DES.DO ENSINO;0.00;;0.00;;0.00;0.00;;
2015;154003;FUND.COORD.DE APERF.DE PESSOAL NIVEL SUPERIOR;12;EDUCACAO;364;ENSINO SUPERIOR;2032;EDUCACAO SUPERIOR - GRADUACAO, POS-GRADUACAO, ENSINO, PESQUI;0487;CONCESSAO DE BOLSAS DE ESTUDO NO ENSINO SUPERIOR;0003;CONCESSAO DE BOLSA DE ESTUDOS NO EXTERIOR;12364203204870001;087495;FCCCQO0611N;PARINTER - MES-CUBA;90;APLICACOES DIRETAS;3;DESPESAS CORRENTES;3;OUTRAS DESPESAS CORRENTES;18;AUXILIO FINANCEIRO A ESTUDANTES;339018;AUXILIO FINANCEIRO A ESTUDANTES;12;RECURSOS DEST.A MANUT.E DES.DO ENSINO;1,097,600.00;;1,097,600.00;;1,097,600.00;0.00;1,097,600.00;1,097,600.00
2015;154003;FUND.COORD.DE APERF.DE PESSOAL NIVEL SUPERIOR;12;EDUCACAO;364;ENSINO SUPERIOR;2032;EDUCACAO SUPERIOR - GRADUACAO, POS-GRADUACAO, ENSINO, PESQUI;0487;CONCESSAO DE BOLSAS DE ESTUDO NO ENSINO SUPERIOR;0003;CONCESSAO DE BOLSA DE ESTUDOS NO EXTERIOR;12364203204870001;087495;FCCCQO0612N;PARINTER - MINCYT;90;APLICACOES DIRETAS;3;DESPESAS CORRENTES;3;OUTRAS DESPESAS CORRENTES;18;AUXILIO FINANCEIRO A ESTUDANTES;339018;AUXILIO FINANCEIRO A ESTUDANTES;12;RECURSOS DEST.A MANUT.E DES.DO ENSINO;0.00;;0.00;;0.00;0.00;;
2015;154003;FUND.COORD.DE APERF.DE PESSOAL NIVEL SUPERIOR;12;EDUCACAO;364;ENSINO SUPERIOR;2032;EDUCACAO SUPERIOR - GRADUACAO, POS-GRADUACAO, ENSINO, PESQUI;0487;CONCESSAO DE BOLSAS DE ESTUDO NO ENSINO SUPERIOR;0003;CONCESSAO DE BOLSA DE ESTUDOS NO EXTERIOR;12364203204870001;087495;FCCCQO0617N;PARINTER - UDELAR;90;APLICACOES DIRETAS;3;DESPESAS CORRENTES;3;OUTRAS DESPESAS CORRENTES;18;AUXILIO FINANCEIRO A ESTUDANTES;339018;AUXILIO FINANCEIRO A ESTUDANTES;12;RECURSOS DEST.A MANUT.E DES.DO ENSINO;114,800.00;;114,800.00;;114,800.00;0.00;114,800.00;114,800.00
2015;154003;FUND.COORD.DE APERF.DE PESSOAL NIVEL SUPERIOR;12;EDUCACAO;364;ENSINO SUPERIOR;2032;EDUCACAO SUPERIOR - GRADUACAO, POS-GRADUACAO, ENSINO, PESQUI;0487;CONCESSAO DE BOLSAS DE ESTUDO NO ENSINO SUPERIOR;0003;CONCESSAO DE BOLSA DE ESTUDOS NO EXTERIOR;12364203204870001;087495;FCCCQO0626N;PARINTER - DFAIT;90;APLICACOES DIRETAS;3;DESPESAS CORRENTES;3;OUTRAS DESPESAS CORRENTES;18;AUXILIO FINANCEIRO A ESTUDANTES;339018;AUXILIO FINANCEIRO A ESTUDANTES;12;RECURSOS DEST.A MANUT.E DES.DO ENSINO;0.00;;0.00;;0.00;0.00;;
2015;154003;FUND.COORD.DE APERF.DE PESSOAL NIVEL SUPERIOR;12;EDUCACAO;364;ENSINO SUPERIOR;2032;EDUCACAO SUPERIOR - GRADUACAO, POS-GRADUACAO, ENSINO, PESQUI;0487;CONCESSAO DE BOLSAS DE ESTUDO NO ENSINO SUPERIOR;0003;CONCESSAO DE BOLSA DE ESTUDOS NO EXTERIOR;12364203204870001;087495;FCCCQO0627N;PARINTER - MERCOSUL/PFPG;90;APLICACOES DIRETAS;3;DESPESAS CORRENTES;3;OUTRAS DESPESAS CORRENTES;18;AUXILIO FINANCEIRO A ESTUDANTES;339018;AUXILIO FINANCEIRO A ESTUDANTES;12;RECURSOS DEST.A MANUT.E DES.DO ENSINO;0.00;;0.00;;0.00;0.00;;
2015;154003;FUND.COORD.DE APERF.DE PESSOAL NIVEL SUPERIOR;12;EDUCACAO;364;ENSINO SUPERIOR;2032;EDUCACAO SUPERIOR - GRADUACAO, POS-GRADUACAO, ENSINO, PESQUI;0487;CONCESSAO DE BOLSAS DE ESTUDO NO ENSINO SUPERIOR;0003;CONCESSAO DE BOLSA DE ESTUDOS NO EXTERIOR;12364203204870001;087495;FCCCQO0628N;PARINTER - MERCOSUL/PPCP;90;APLICACOES DIRETAS;3;DESPESAS CORRENTES;3;OUTRAS DESPESAS CORRENTES;18;AUXILIO FINANCEIRO A ESTUDANTES;339018;AUXILIO FINANCEIRO A ESTUDANTES;12;RECURSOS DEST.A MANUT.E DES.DO ENSINO;0.00;;0.00;;0.00;0.00;;
2015;154003;FUND.COORD.DE APERF.DE PESSOAL NIVEL SUPERIOR;12;EDUCACAO;364;ENSINO SUPERIOR;2032;EDUCACAO SUPERIOR - GRADUACAO, POS-GRADUACAO, ENSINO, PESQUI;0487;CONCESSAO DE BOLSAS DE ESTUDO NO ENSINO SUPERIOR;0003;CONCESSAO DE BOLSA DE ESTUDOS NO EXTERIOR;12364203204870001;087495;FCCCQO0630N;PARINTER - IGC;90;APLICACOES DIRETAS;3;DESPESAS CORRENTES;3;OUTRAS DESPESAS CORRENTES;18;AUXILIO FINANCEIRO A ESTUDANTES;339018;AUXILIO FINANCEIRO A ESTUDANTES;12;RECURSOS DEST.A MANUT.E DES.DO ENSINO;0.00;;0.00;;0.00;0.00;;
2015;154003;FUND.COORD.DE APERF.DE PESSOAL NIVEL SUPERIOR;12;EDUCACAO;364;ENSINO SUPERIOR;2032;EDUCACAO SUPERIOR - GRADUACAO, POS-GRADUACAO, ENSINO, PESQUI;0487;CONCESSAO DE BOLSAS DE ESTUDO NO ENSINO SUPERIOR;0003;CONCESSAO DE BOLSA DE ESTUDOS NO EXTERIOR;12364203204870001;087495;FCCCQO0632N;PARINTER - PGCI;90;APLICACOES DIRETAS;3;DESPESAS CORRENTES;3;OUTRAS DESPESAS CORRENTES;18;AUXILIO FINANCEIRO A ESTUDANTES;339018;AUXILIO FINANCEIRO A ESTUDANTES;12;RECURSOS DEST.A MANUT.E DES.DO ENSINO;0.00;;0.00;;0.00;0.00;;
2015;154003;FUND.COORD.DE APERF.DE PESSOAL NIVEL SUPERIOR;12;EDUCACAO;364;ENSINO SUPERIOR;2032;EDUCACAO SUPERIOR - GRADUACAO, POS-GRADUACAO, ENSINO, PESQUI;0487;CONCESSAO DE BOLSAS DE ESTUDO NO ENSINO SUPERIOR;0003;CONCESSAO DE BOLSA DE ESTUDOS NO EXTERIOR;12364203204870001;087495;FCCCQO0640N;PARINTER - COLCIENCIAS;90;APLICACOES DIRETAS;3;DESPESAS CORRENTES;3;OUTRAS DESPESAS CORRENTES;18;AUXILIO FINANCEIRO A ESTUDANTES;339018;AUXILIO FINANCEIRO A ESTUDANTES;12;RECURSOS DEST.A MANUT.E DES.DO ENSINO;0.00;;0.00;;0.00;0.00;;
2015;154003;FUND.COORD.DE APERF.DE PESSOAL NIVEL SUPERIOR;12;EDUCACAO;364;ENSINO SUPERIOR;2032;EDUCACAO SUPERIOR - GRADUACAO, POS-GRADUACAO, ENSINO, PESQUI;0487;CONCESSAO DE BOLSAS DE ESTUDO NO ENSINO SUPERIOR;0003;CONCESSAO DE BOLSA DE ESTUDOS NO EXTERIOR;12364203204870001;087495;FCCCQO0644N;PARINTER - ICRANET;90;APLICACOES DIRETAS;3;DESPESAS CORRENTES;3;OUTRAS DESPESAS CORRENTES;18;AUXILIO FINANCEIRO A ESTUDANTES;339018;AUXILIO FINANCEIRO A ESTUDANTES;12;RECURSOS DEST.A MANUT.E DES.DO ENSINO;0.00;;0.00;;0.00;0.00;;
2015;154003;FUND.COORD.DE APERF.DE PESSOAL NIVEL SUPERIOR;12;EDUCACAO;364;ENSINO SUPERIOR;2032;EDUCACAO SUPERIOR - GRADUACAO, POS-GRADUACAO, ENSINO, PESQUI;0487;CONCESSAO DE BOLSAS DE ESTUDO NO ENSINO SUPERIOR;0003;CONCESSAO DE BOLSA DE ESTUDOS NO EXTERIOR;12364203204870001;087495;FCCCQO0646N;PARINTER - PIFC;90;APLICACOES DIRETAS;3;DESPESAS CORRENTES;3;OUTRAS DESPESAS CORRENTES;18;AUXILIO FINANCEIRO A ESTUDANTES;339018;AUXILIO FINANCEIRO A ESTUDANTES;12;RECURSOS DEST.A MANUT.E DES.DO ENSINO;0.00;;0.00;;0.00;0.00;;
2015;154003;FUND.COORD.DE APERF.DE PESSOAL NIVEL SUPERIOR;12;EDUCACAO;364;ENSINO SUPERIOR;2032;EDUCACAO SUPERIOR - GRADUACAO, POS-GRADUACAO, ENSINO, PESQUI;0487;CONCESSAO DE BOLSAS DE ESTUDO NO ENSINO SUPERIOR;0003;CONCESSAO DE BOLSA DE ESTUDOS NO EXTERIOR;12364203204870001;087495;FCCCUN0698N;BFSUPERIOR - PROFESSOR VISITANTE ESTRANGEIRO;90;APLICACOES DIRETAS;3;DESPESAS CORRENTES;3;OUTRAS DESPESAS CORRENTES;18;AUXILIO FINANCEIRO A ESTUDANTES;339018;AUXILIO FINANCEIRO A ESTUDANTES;12;RECURSOS DEST.A MANUT.E DES.DO ENSINO;1,455,346.20;;1,455,346.20;;1,455,346.20;0.00;1,455,346.20;1,455,346.20
2015;154003;FUND.COORD.DE APERF.DE PESSOAL NIVEL SUPERIOR;12;EDUCACAO;364;ENSINO SUPERIOR;2032;EDUCACAO SUPERIOR - GRADUACAO, POS-GRADUACAO, ENSINO, PESQUI;0487;CONCESSAO DE BOLSAS DE ESTUDO NO ENSINO SUPERIOR;0003;CONCESSAO DE BOLSA DE ESTUDOS NO EXTERIOR;12364203204870001;087495;FCCCUO0692N;BFSUPERIOR - NSF-GROW;90;APLICACOES DIRETAS;3;DESPESAS CORRENTES;3;OUTRAS DESPESAS CORRENTES;18;AUXILIO FINANCEIRO A ESTUDANTES;339018;AUXILIO FINANCEIRO A ESTUDANTES;12;RECURSOS DEST.A MANUT.E DES.DO ENSINO;0.00;;0.00;;0.00;0.00;;
2015;154003;FUND.COORD.DE APERF.DE PESSOAL NIVEL SUPERIOR;12;EDUCACAO;364;ENSINO SUPERIOR;2032;EDUCACAO SUPERIOR - GRADUACAO, POS-GRADUACAO, ENSINO, PESQUI;0487;CONCESSAO DE BOLSAS DE ESTUDO NO ENSINO SUPERIOR;0003;CONCESSAO DE BOLSA DE ESTUDOS NO EXTERIOR;12364203204870001;087495;FCCCUO0696N;BFSUPERIOR - PEC-PG;90;APLICACOES DIRETAS;3;DESPESAS CORRENTES;3;OUTRAS DESPESAS CORRENTES;18;AUXILIO FINANCEIRO A ESTUDANTES;339018;AUXILIO FINANCEIRO A ESTUDANTES;12;RECURSOS DEST.A MANUT.E DES.DO ENSINO;26334000.00;;26334000.00;;26334000.00;0.00;26334000.00;26334000.00
2015;154003;FUND.COORD.DE APERF.DE PESSOAL NIVEL SUPERIOR;12;EDUCACAO;364;ENSINO SUPERIOR;2032;EDUCACAO SUPERIOR - GRADUACAO, POS-GRADUACAO, ENSINO, PESQUI;0487;CONCESSAO DE BOLSAS DE ESTUDO NO ENSINO SUPERIOR;0003;CONCESSAO DE BOLSA DE ESTUDOS NO EXTERIOR;12364203204870001;087495;NCCCPO19BEN;BEX - BEX;90;APLICACOES DIRETAS;3;DESPESAS CORRENTES;3;OUTRAS DESPESAS CORRENTES;18;AUXILIO FINANCEIRO A ESTUDANTES;339018;AUXILIO FINANCEIRO A ESTUDANTES;00;RECURSOS PRIMARIOS DE LIVRE APLICACAO;47406221.94;;47406221.94;;45320227.66;166,356.00;45127639.63;45127639.63
2015;154003;FUND.COORD.DE APERF.DE PESSOAL NIVEL SUPERIOR;12;EDUCACAO;364;ENSINO SUPERIOR;2032;EDUCACAO SUPERIOR - GRADUACAO, POS-GRADUACAO, ENSINO, PESQUI;0487;CONCESSAO DE BOLSAS DE ESTUDO NO ENSINO SUPERIOR;0003;CONCESSAO DE BOLSA DE ESTUDOS NO EXTERIOR;12364203204870001;087495;NCCCPO19BEN;BEX - BEX;90;APLICACOES DIRETAS;3;DESPESAS CORRENTES;3;OUTRAS DESPESAS CORRENTES;;;;;12;RECURSOS DEST.A MANUT.E DES.DO ENSINO;993799238.83;;993799238.83;;573799238.83;76250994.15;497548244.68;497521729.20
2015;154003;FUND.COORD.DE APERF.DE PESSOAL NIVEL SUPERIOR;12;EDUCACAO;364;ENSINO SUPERIOR;2032;EDUCACAO SUPERIOR - GRADUACAO, POS-GRADUACAO, ENSINO, PESQUI;0487;CONCESSAO DE BOLSAS DE ESTUDO NO ENSINO SUPERIOR;0003;CONCESSAO DE BOLSA DE ESTUDOS NO EXTERIOR;12364203204870001;087495;NCCCPO99AEN;BEX - AEX;90;APLICACOES DIRETAS;3;DESPESAS CORRENTES;3;OUTRAS DESPESAS CORRENTES;18;AUXILIO FINANCEIRO A ESTUDANTES;339018;AUXILIO FINANCEIRO A ESTUDANTES;00;RECURSOS PRIMARIOS DE LIVRE APLICACAO;11098567.63;;11098567.63;;11089107.77;54,028.40;10878209.37;10878209.37
2015;154003;FUND.COORD.DE APERF.DE PESSOAL NIVEL SUPERIOR;12;EDUCACAO;364;ENSINO SUPERIOR;2032;EDUCACAO SUPERIOR - GRADUACAO, POS-GRADUACAO, ENSINO, PESQUI;0487;CONCESSAO DE BOLSAS DE ESTUDO NO ENSINO SUPERIOR;0003;CONCESSAO DE BOLSA DE ESTUDOS NO EXTERIOR;12364203204870001;087495;NCCCPO99AEN;BEX - AEX;90;APLICACOES DIRETAS;3;DESPESAS CORRENTES;3;OUTRAS DESPESAS CORRENTES;;;;;12;RECURSOS DEST.A MANUT.E DES.DO ENSINO;111500274.20;;111500274.20;;111500274.20;42530057.09;68907715.29;68907715.29
2015;154003;FUND.COORD.DE APERF.DE PESSOAL NIVEL SUPERIOR;12;EDUCACAO;364;ENSINO SUPERIOR;2032;EDUCACAO SUPERIOR - GRADUACAO, POS-GRADUACAO, ENSINO, PESQUI;0487;CONCESSAO DE BOLSAS DE ESTUDO NO ENSINO SUPERIOR;0003;CONCESSAO DE BOLSA DE ESTUDOS NO EXTERIOR;12364203204870001;087495;NCCCQG2001N;PARINTER - BRAFAGRI;90;APLICACOES DIRETAS;3;DESPESAS CORRENTES;3;OUTRAS DESPESAS CORRENTES;18;AUXILIO FINANCEIRO A ESTUDANTES;339018;AUXILIO FINANCEIRO A ESTUDANTES;00;RECURSOS PRIMARIOS DE LIVRE APLICACAO;660,720.00;;660,720.00;;634,990.00;19,960.00;615,030.00;615,030.00
2015;154003;FUND.COORD.DE APERF.DE PESSOAL NIVEL SUPERIOR;12;EDUCACAO;364;ENSINO SUPERIOR;2032;EDUCACAO SUPERIOR - GRADUACAO, POS-GRADUACAO, ENSINO, PESQUI;0487;CONCESSAO DE BOLSAS DE ESTUDO NO ENSINO SUPERIOR;0003;CONCESSAO DE BOLSA DE ESTUDOS NO EXTERIOR;12364203204870001;087495;NCCCQG2001N;PARINTER - BRAFAGRI;90;APLICACOES DIRETAS;3;DESPESAS CORRENTES;3;OUTRAS DESPESAS CORRENTES;;;;;12;RECURSOS DEST.A MANUT.E DES.DO ENSINO;8,384,160.00;;8,384,160.00;;8,384,160.00;5,036,690.00;2,820,340.00;2,788,800.00
2015;154003;FUND.COORD.DE APERF.DE PESSOAL NIVEL SUPERIOR;12;EDUCACAO;364;ENSINO SUPERIOR;2032;EDUCACAO SUPERIOR - GRADUACAO, POS-GRADUACAO, ENSINO, PESQUI;0487;CONCESSAO DE BOLSAS DE ESTUDO NO ENSINO SUPERIOR;0003;CONCESSAO DE BOLSA DE ESTUDOS NO EXTERIOR;12364203204870001;087495;NCCCQG2001N;PARINTER - BRAFAGRI;90;APLICACOES DIRETAS;3;DESPESAS CORRENTES;3;OUTRAS DESPESAS CORRENTES;20;AUXILIO FINANCEIRO A PESQUISADORES;339020;AUXILIO FINANCEIRO A PESQUISADORES;00;RECURSOS PRIMARIOS DE LIVRE APLICACAO;207,030.00;;207,030.00;;207,030.00;0.00;207,030.00;207,030.00
2015;154003;FUND.COORD.DE APERF.DE PESSOAL NIVEL SUPERIOR;12;EDUCACAO;364;ENSINO SUPERIOR;2032;EDUCACAO SUPERIOR - GRADUACAO, POS-GRADUACAO, ENSINO, PESQUI;0487;CONCESSAO DE BOLSAS DE ESTUDO NO ENSINO SUPERIOR;0003;CONCESSAO DE BOLSA DE ESTUDOS NO EXTERIOR;12364203204870001;087495;NCCCQG2001N;PARINTER - BRAFAGRI;90;APLICACOES DIRETAS;3;DESPESAS CORRENTES;3;OUTRAS DESPESAS CORRENTES;;;;;12;RECURSOS DEST.A MANUT.E DES.DO ENSINO;484,682.00;;484,682.00;;528,744.00;44,062.00;484,682.00;308,434.00
2015;154003;FUND.COORD.DE APERF.DE PESSOAL NIVEL SUPERIOR;12;EDUCACAO;364;ENSINO SUPERIOR;2032;EDUCACAO SUPERIOR - GRADUACAO, POS-GRADUACAO, ENSINO, PESQUI;0487;CONCESSAO DE BOLSAS DE ESTUDO NO ENSINO SUPERIOR;0003;CONCESSAO DE BOLSA DE ESTUDOS NO EXTERIOR;12364203204870001;087495;NCCCQG2002N;PARINTER - BRAFITEC;90;APLICACOES DIRETAS;3;DESPESAS CORRENTES;3;OUTRAS DESPESAS CORRENTES;18;AUXILIO FINANCEIRO A ESTUDANTES;339018;AUXILIO FINANCEIRO A ESTUDANTES;00;RECURSOS PRIMARIOS DE LIVRE APLICACAO;2,757,258.32;;2,757,258.32;;2,653,508.32;408,092.92;2,245,415.40;2,245,415.40
2015;154003;FUND.COORD.DE APERF.DE PESSOAL NIVEL SUPERIOR;12;EDUCACAO;364;ENSINO SUPERIOR;2032;EDUCACAO SUPERIOR - GRADUACAO, POS-GRADUACAO, ENSINO, PESQUI;0487;CONCESSAO DE BOLSAS DE ESTUDO NO ENSINO SUPERIOR;0003;CONCESSAO DE BOLSA DE ESTUDOS NO EXTERIOR;12364203204870001;087495;NCCCQG2002N;PARINTER - BRAFITEC;90;APLICACOES DIRETAS;3;DESPESAS CORRENTES;3;OUTRAS DESPESAS CORRENTES;;;;;12;RECURSOS DEST.A MANUT.E DES.DO ENSINO;11712030.00;;11712030.00;;11712030.00;4,654,260.00;6,480,340.83;6,480,340.83
2015;154003;FUND.COORD.DE APERF.DE PESSOAL NIVEL SUPERIOR;12;EDUCACAO;364;ENSINO SUPERIOR;2032;EDUCACAO SUPERIOR - GRADUACAO, POS-GRADUACAO, ENSINO, PESQUI;0487;CONCESSAO DE BOLSAS DE ESTUDO NO ENSINO SUPERIOR;0003;CONCESSAO DE BOLSA DE ESTUDOS NO EXTERIOR;12364203204870001;087495;NCCCQG2002N;PARINTER - BRAFITEC;90;APLICACOES DIRETAS;3;DESPESAS CORRENTES;3;OUTRAS DESPESAS CORRENTES;20;AUXILIO FINANCEIRO A PESQUISADORES;339020;AUXILIO FINANCEIRO A PESQUISADORES;12;RECURSOS DEST.A MANUT.E DES.DO ENSINO;4,147,849.18;;4,147,849.18;;4,239,703.18;1,095,796.00;2,665,710.18;2,023,041.18
2015;154003;FUND.COORD.DE APERF.DE PESSOAL NIVEL SUPERIOR;12;EDUCACAO;364;ENSINO SUPERIOR;2032;EDUCACAO SUPERIOR - GRADUACAO, POS-GRADUACAO, ENSINO, PESQUI;0487;CONCESSAO DE BOLSAS DE ESTUDO NO ENSINO SUPERIOR;0003;CONCESSAO DE BOLSA DE ESTUDOS NO EXTERIOR;12364203204870001;087495;NCCCQG2018N;PARINTER - UNIBRAL;90;APLICACOES DIRETAS;3;DESPESAS CORRENTES;3;OUTRAS DESPESAS CORRENTES;20;AUXILIO FINANCEIRO A PESQUISADORES;339020;AUXILIO FINANCEIRO A PESQUISADORES;00;RECURSOS PRIMARIOS DE LIVRE APLICACAO;500,160.00;;500,160.00;;500,160.00;16,215.00;483,945.00;483,945.00
2015;154003;FUND.COORD.DE APERF.DE PESSOAL NIVEL SUPERIOR;12;EDUCACAO;364;ENSINO SUPERIOR;2032;EDUCACAO SUPERIOR - GRADUACAO, POS-GRADUACAO, ENSINO, PESQUI;0487;CONCESSAO DE BOLSAS DE ESTUDO NO ENSINO SUPERIOR;0003;CONCESSAO DE BOLSA DE ESTUDOS NO EXTERIOR;12364203204870001;087495;NCCCQG2018N;PARINTER - UNIBRAL;90;APLICACOES DIRETAS;3;DESPESAS CORRENTES;3;OUTRAS DESPESAS CORRENTES;;;;;12;RECURSOS DEST.A MANUT.E DES.DO ENSINO;3,825,068.00;;3,825,068.00;;3,900,976.00;75,908.00;3,825,068.00;2,952,887.00
2015;154003;FUND.COORD.DE APERF.DE PESSOAL NIVEL SUPERIOR;12;EDUCACAO;364;ENSINO SUPERIOR;2032;EDUCACAO SUPERIOR - GRADUACAO, POS-GRADUACAO, ENSINO, PESQUI;0487;CONCESSAO DE BOLSAS DE ESTUDO NO ENSINO SUPERIOR;0003;CONCESSAO DE BOLSA DE ESTUDOS NO EXTERIOR;12364203204870001;087495;NCCCQG2024N;PARINTER - BRANETEC;90;APLICACOES DIRETAS;3;DESPESAS CORRENTES;3;OUTRAS DESPESAS CORRENTES;20;AUXILIO FINANCEIRO A PESQUISADORES;339020;AUXILIO FINANCEIRO A PESQUISADORES;12;RECURSOS DEST.A MANUT.E DES.DO ENSINO;3,277,366.00;;3,277,366.00;;3,335,566.00;194,225.00;3,141,341.00;2,124,932.00
2015;154003;FUND.COORD.DE APERF.DE PESSOAL NIVEL SUPERIOR;12;EDUCACAO;364;ENSINO SUPERIOR;2032;EDUCACAO SUPERIOR - GRADUACAO, POS-GRADUACAO, ENSINO, PESQUI;0487;CONCESSAO DE BOLSAS DE ESTUDO NO ENSINO SUPERIOR;0003;CONCESSAO DE BOLSA DE ESTUDOS NO EXTERIOR;12364203204870001;087495;NCCCQG2033V;PARINTER - BRAGECRIM;90;APLICACOES DIRETAS;3;DESPESAS CORRENTES;3;OUTRAS DESPESAS CORRENTES;20;AUXILIO FINANCEIRO A PESQUISADORES;339020;AUXILIO FINANCEIRO A PESQUISADORES;00;RECURSOS PRIMARIOS DE LIVRE APLICACAO;14,670.00;;14,670.00;;14,670.00;0.00;14,670.00;14,670.00
2015;154003;FUND.COORD.DE APERF.DE PESSOAL NIVEL SUPERIOR;12;EDUCACAO;364;ENSINO SUPERIOR;2032;EDUCACAO SUPERIOR - GRADUACAO, POS-GRADUACAO, ENSINO, PESQUI;0487;CONCESSAO DE BOLSAS DE ESTUDO NO ENSINO SUPERIOR;0003;CONCESSAO DE BOLSA DE ESTUDOS NO EXTERIOR;12364203204870001;087495;NCCCQG2033V;PARINTER - BRAGECRIM;90;APLICACOES DIRETAS;3;DESPESAS CORRENTES;3;OUTRAS DESPESAS CORRENTES;;;;;12;RECURSOS DEST.A MANUT.E DES.DO ENSINO;2,282,124.00;;2,282,124.00;;2,282,124.00;0.00;2,282,124.00;1,299,076.00
2015;154003;FUND.COORD.DE APERF.DE PESSOAL NIVEL SUPERIOR;12;EDUCACAO;364;ENSINO SUPERIOR;2032;EDUCACAO SUPERIOR - GRADUACAO, POS-GRADUACAO, ENSINO, PESQUI;0487;CONCESSAO DE BOLSAS DE ESTUDO NO ENSINO SUPERIOR;0003;CONCESSAO DE BOLSA DE ESTUDOS NO EXTERIOR;12364203204870001;087495;NCCCQG9923N;PARINTER - PRO-HAITI;90;APLICACOES DIRETAS;3;DESPESAS CORRENTES;3;OUTRAS DESPESAS CORRENTES;18;AUXILIO FINANCEIRO A ESTUDANTES;339018;AUXILIO FINANCEIRO A ESTUDANTES;00;RECURSOS PRIMARIOS DE LIVRE APLICACAO;756,960.00;;756,960.00;;709,650.00;0.00;709,650.00;709,650.00
2015;154003;FUND.COORD.DE APERF.DE PESSOAL NIVEL SUPERIOR;12;EDUCACAO;364;ENSINO SUPERIOR;2032;EDUCACAO SUPERIOR - GRADUACAO, POS-GRADUACAO, ENSINO, PESQUI;0487;CONCESSAO DE BOLSAS DE ESTUDO NO ENSINO SUPERIOR;0003;CONCESSAO DE BOLSA DE ESTUDOS NO EXTERIOR;12364203204870001;087495;NCCCQG9923N;PARINTER - PRO-HAITI;90;APLICACOES DIRETAS;3;DESPESAS CORRENTES;3;OUTRAS DESPESAS CORRENTES;;;;;12;RECURSOS DEST.A MANUT.E DES.DO ENSINO;8,796,560.00;;8,796,560.00;;8,796,560.00;4,310,040.00;4,470,380.00;4,422,240.00
2015;154003;FUND.COORD.DE APERF.DE PESSOAL NIVEL SUPERIOR;12;EDUCACAO;364;ENSINO SUPERIOR;2032;EDUCACAO SUPERIOR - GRADUACAO, POS-GRADUACAO, ENSINO, PESQUI;0487;CONCESSAO DE BOLSAS DE ESTUDO NO ENSINO SUPERIOR;0003;CONCESSAO DE BOLSA DE ESTUDOS NO EXTERIOR;12364203204870001;087495;NCCCQN2013N;PARINTER - NUFFIC;90;APLICACOES DIRETAS;3;DESPESAS CORRENTES;3;OUTRAS DESPESAS CORRENTES;20;AUXILIO FINANCEIRO A PESQUISADORES;339020;AUXILIO FINANCEIRO A PESQUISADORES;00;RECURSOS PRIMARIOS DE LIVRE APLICACAO;422,919.00;;422,919.00;;422,919.00;17,031.00;405,888.00;405,888.00
2015;154003;FUND.COORD.DE APERF.DE PESSOAL NIVEL SUPERIOR;12;EDUCACAO;364;ENSINO SUPERIOR;2032;EDUCACAO SUPERIOR - GRADUACAO, POS-GRADUACAO, ENSINO, PESQUI;0487;CONCESSAO DE BOLSAS DE ESTUDO NO ENSINO SUPERIOR;0003;CONCESSAO DE BOLSA DE ESTUDOS NO EXTERIOR;12364203204870001;087495;NCCCQN2013N;PARINTER - NUFFIC;90;APLICACOES DIRETAS;3;DESPESAS CORRENTES;3;OUTRAS DESPESAS CORRENTES;;;;;12;RECURSOS DEST.A MANUT.E DES.DO ENSINO;10194878.89;;10194878.89;;10205444.96;260,354.00;9,945,090.96;8,003,758.96
2015;154003;FUND.COORD.DE APERF.DE PESSOAL NIVEL SUPERIOR;12;EDUCACAO;364;ENSINO SUPERIOR;2032;EDUCACAO SUPERIOR - GRADUACAO, POS-GRADUACAO, ENSINO, PESQUI;0487;CONCESSAO DE BOLSAS DE ESTUDO NO ENSINO SUPERIOR;0003;CONCESSAO DE BOLSA DE ESTUDOS NO EXTERIOR;12364203204870001;087495;NCCCQN2032N;PARINTER - PGCI;90;APLICACOES DIRETAS;3;DESPESAS CORRENTES;3;OUTRAS DESPESAS CORRENTES;20;AUXILIO FINANCEIRO A PESQUISADORES;339020;AUXILIO FINANCEIRO A PESQUISADORES;00;RECURSOS PRIMARIOS DE LIVRE APLICACAO;1,185,345.00;;1,185,345.00;;1,240,390.00;144,340.00;1,096,050.00;1,096,050.00
2015;154003;FUND.COORD.DE APERF.DE PESSOAL NIVEL SUPERIOR;12;EDUCACAO;364;ENSINO SUPERIOR;2032;EDUCACAO SUPERIOR - GRADUACAO, POS-GRADUACAO, ENSINO, PESQUI;0487;CONCESSAO DE BOLSAS DE ESTUDO NO ENSINO SUPERIOR;0003;CONCESSAO DE BOLSA DE ESTUDOS NO EXTERIOR;12364203204870001;087495;NCCCQN2032N;PARINTER - PGCI;90;APLICACOES DIRETAS;3;DESPESAS CORRENTES;3;OUTRAS DESPESAS CORRENTES;;;;;12;RECURSOS DEST.A MANUT.E DES.DO ENSINO;4,035,864.00;;4,035,864.00;;4,035,864.00;48,530.00;3,987,334.00;3,128,520.00
2015;154003;FUND.COORD.DE APERF.DE PESSOAL NIVEL SUPERIOR;12;EDUCACAO;364;ENSINO SUPERIOR;2032;EDUCACAO SUPERIOR - GRADUACAO, POS-GRADUACAO, ENSINO, PESQUI;0487;CONCESSAO DE BOLSAS DE ESTUDO NO ENSINO SUPERIOR;0003;CONCESSAO DE BOLSA DE ESTUDOS NO EXTERIOR;12364203204870001;087495;NCCCQN2041N;PARINTER - PRO-MOBILIDADE INTERNACIONAL;90;APLICACOES DIRETAS;3;DESPESAS CORRENTES;3;OUTRAS DESPESAS CORRENTES;18;AUXILIO FINANCEIRO A ESTUDANTES;339018;AUXILIO FINANCEIRO A ESTUDANTES;00;RECURSOS PRIMARIOS DE LIVRE APLICACAO;967,400.00;;967,400.00;;564,600.00;410,000.00;154,600.00;154,600.00
2015;154003;FUND.COORD.DE APERF.DE PESSOAL NIVEL SUPERIOR;12;EDUCACAO;364;ENSINO SUPERIOR;2032;EDUCACAO SUPERIOR - GRADUACAO, POS-GRADUACAO, ENSINO, PESQUI;0487;CONCESSAO DE BOLSAS DE ESTUDO NO ENSINO SUPERIOR;0003;CONCESSAO DE BOLSA DE ESTUDOS NO EXTERIOR;12364203204870001;087495;NCCCQN2041N;PARINTER - PRO-MOBILIDADE INTERNACIONAL;90;APLICACOES DIRETAS;3;DESPESAS CORRENTES;3;OUTRAS DESPESAS CORRENTES;;;;;12;RECURSOS DEST.A MANUT.E DES.DO ENSINO;3,093,295.00;;3,093,295.00;;3,093,295.00;47,560.00;2,908,035.00;2,908,035.00
2015;154003;FUND.COORD.DE APERF.DE PESSOAL NIVEL SUPERIOR;12;EDUCACAO;364;ENSINO SUPERIOR;2032;EDUCACAO SUPERIOR - GRADUACAO, POS-GRADUACAO, ENSINO, PESQUI;0487;CONCESSAO DE BOLSAS DE ESTUDO NO ENSINO SUPERIOR;0003;CONCESSAO DE BOLSA DE ESTUDOS NO EXTERIOR;12364203204870001;087495;NCCCQN2041N;PARINTER - PRO-MOBILIDADE INTERNACIONAL;90;APLICACOES DIRETAS;3;DESPESAS CORRENTES;3;OUTRAS DESPESAS CORRENTES;20;AUXILIO FINANCEIRO A PESQUISADORES;339020;AUXILIO FINANCEIRO A PESQUISADORES;00;RECURSOS PRIMARIOS DE LIVRE APLICACAO;2,512,449.00;;2,512,449.00;;2,512,449.00;143,565.00;2,368,884.00;2,368,884.00
2015;154003;FUND.COORD.DE APERF.DE PESSOAL NIVEL SUPERIOR;12;EDUCACAO;364;ENSINO SUPERIOR;2032;EDUCACAO SUPERIOR - GRADUACAO, POS-GRADUACAO, ENSINO, PESQUI;0487;CONCESSAO DE BOLSAS DE ESTUDO NO ENSINO SUPERIOR;0003;CONCESSAO DE BOLSA DE ESTUDOS NO EXTERIOR;12364203204870001;087495;NCCCQN2041N;PARINTER - PRO-MOBILIDADE INTERNACIONAL;90;APLICACOES DIRETAS;3;DESPESAS CORRENTES;3;OUTRAS DESPESAS CORRENTES;;;;;12;RECURSOS DEST.A MANUT.E DES.DO ENSINO;3,447,175.00;;3,447,175.00;;3,520,738.00;240,689.00;3,280,049.00;2,445,092.00
2015;154003;FUND.COORD.DE APERF.DE PESSOAL NIVEL SUPERIOR;12;EDUCACAO;364;ENSINO SUPERIOR;2032;EDUCACAO SUPERIOR - GRADUACAO, POS-GRADUACAO, ENSINO, PESQUI;0487;CONCESSAO DE BOLSAS DE ESTUDO NO ENSINO SUPERIOR;0003;CONCESSAO DE BOLSA DE ESTUDOS NO EXTERIOR;12364203204870001;087495;NCCCQN2042N;PARINTER - SIU;90;APLICACOES DIRETAS;3;DESPESAS CORRENTES;3;OUTRAS DESPESAS CORRENTES;20;AUXILIO FINANCEIRO A PESQUISADORES;339020;AUXILIO FINANCEIRO A PESQUISADORES;12;RECURSOS DEST.A MANUT.E DES.DO ENSINO;384,504.00;;384,504.00;;384,504.00;0.00;384,504.00;352,462.00
2015;154003;FUND.COORD.DE APERF.DE PESSOAL NIVEL SUPERIOR;12;EDUCACAO;364;ENSINO SUPERIOR;2032;EDUCACAO SUPERIOR - GRADUACAO, POS-GRADUACAO, ENSINO, PESQUI;0487;CONCESSAO DE BOLSAS DE ESTUDO NO ENSINO SUPERIOR;0003;CONCESSAO DE BOLSA DE ESTUDOS NO EXTERIOR;12364203204870001;087495;NCCCQN2043N;PARINTER - NSF;90;APLICACOES DIRETAS;3;DESPESAS CORRENTES;3;OUTRAS DESPESAS CORRENTES;20;AUXILIO FINANCEIRO A PESQUISADORES;339020;AUXILIO FINANCEIRO A PESQUISADORES;12;RECURSOS DEST.A MANUT.E DES.DO ENSINO;708,733.00;;708,733.00;;708,733.00;0.00;708,733.00;517,797.00
2015;154003;FUND.COORD.DE APERF.DE PESSOAL NIVEL SUPERIOR;12;EDUCACAO;364;ENSINO SUPERIOR;2032;EDUCACAO SUPERIOR - GRADUACAO, POS-GRADUACAO, ENSINO, PESQUI;0487;CONCESSAO DE BOLSAS DE ESTUDO NO ENSINO SUPERIOR;0003;CONCESSAO DE BOLSA DE ESTUDOS NO EXTERIOR;12364203204870001;087495;NCCCQN2045N;PARINTER - INL;90;APLICACOES DIRETAS;3;DESPESAS CORRENTES;3;OUTRAS DESPESAS CORRENTES;20;AUXILIO FINANCEIRO A PESQUISADORES;339020;AUXILIO FINANCEIRO A PESQUISADORES;00;RECURSOS PRIMARIOS DE LIVRE APLICACAO;421,787.00;;421,787.00;;421,787.00;18,059.00;403,728.00;403,728.00
2015;154003;FUND.COORD.DE APERF.DE PESSOAL NIVEL SUPERIOR;12;EDUCACAO;364;ENSINO SUPERIOR;2032;EDUCACAO SUPERIOR - GRADUACAO, POS-GRADUACAO, ENSINO, PESQUI;0487;CONCESSAO DE BOLSAS DE ESTUDO NO ENSINO SUPERIOR;0003;CONCESSAO DE BOLSA DE ESTUDOS NO EXTERIOR;12364203204870001;087495;NCCCQN2045N;PARINTER - INL;90;APLICACOES DIRETAS;3;DESPESAS CORRENTES;3;OUTRAS DESPESAS CORRENTES;;;;;12;RECURSOS DEST.A MANUT.E DES.DO ENSINO;1,601,161.00;;1,601,161.00;;1,571,078.00;47,581.00;1,523,497.00;1,082,721.00
2015;154003;FUND.COORD.DE APERF.DE PESSOAL NIVEL SUPERIOR;12;EDUCACAO;364;ENSINO SUPERIOR;2032;EDUCACAO SUPERIOR - GRADUACAO, POS-GRADUACAO, ENSINO, PESQUI;0487;CONCESSAO DE BOLSAS DE ESTUDO NO ENSINO SUPERIOR;0003;CONCESSAO DE BOLSA DE ESTUDOS NO EXTERIOR;12364203204870001;087495;NCCCQN2048N;PARINTER - DRUG DISCOVERY;90;APLICACOES DIRETAS;3;DESPESAS CORRENTES;3;OUTRAS DESPESAS CORRENTES;20;AUXILIO FINANCEIRO A PESQUISADORES;339020;AUXILIO FINANCEIRO A PESQUISADORES;12;RECURSOS DEST.A MANUT.E DES.DO ENSINO;4,269,701.00;;4,269,701.00;;3,294,701.00;0.00;3,294,701.00;3,247,870.00
2015;154003;FUND.COORD.DE APERF.DE PESSOAL NIVEL SUPERIOR;12;EDUCACAO;364;ENSINO SUPERIOR;2032;EDUCACAO SUPERIOR - GRADUACAO, POS-GRADUACAO, ENSINO, PESQUI;0487;CONCESSAO DE BOLSAS DE ESTUDO NO ENSINO SUPERIOR;0003;CONCESSAO DE BOLSA DE ESTUDOS NO EXTERIOR;12364203204870001;087495;NCCCQO2003N;PARINTER - CAFP-BA;90;APLICACOES DIRETAS;3;DESPESAS CORRENTES;3;OUTRAS DESPESAS CORRENTES;20;AUXILIO FINANCEIRO A PESQUISADORES;339020;AUXILIO FINANCEIRO A PESQUISADORES;12;RECURSOS DEST.A MANUT.E DES.DO ENSINO;2,718,382.00;;2,718,382.00;;2,798,574.00;172,463.00;2,626,111.00;2,383,964.00
2015;154003;FUND.COORD.DE APERF.DE PESSOAL NIVEL SUPERIOR;12;EDUCACAO;364;ENSINO SUPERIOR;2032;EDUCACAO SUPERIOR - GRADUACAO, POS-GRADUACAO, ENSINO, PESQUI;0487;CONCESSAO DE BOLSAS DE ESTUDO NO ENSINO SUPERIOR;0003;CONCESSAO DE BOLSA DE ESTUDOS NO EXTERIOR;12364203204870001;087495;NCCCQO2004N;PARINTER - CAPG-BA;90;APLICACOES DIRETAS;3;DESPESAS CORRENTES;3;OUTRAS DESPESAS CORRENTES;20;AUXILIO FINANCEIRO A PESQUISADORES;339020;AUXILIO FINANCEIRO A PESQUISADORES;00;RECURSOS PRIMARIOS DE LIVRE APLICACAO;504,070.00;;504,070.00;;504,070.00;72,010.00;432,060.00;432,060.00
2015;154003;FUND.COORD.DE APERF.DE PESSOAL NIVEL SUPERIOR;12;EDUCACAO;364;ENSINO SUPERIOR;2032;EDUCACAO SUPERIOR - GRADUACAO, POS-GRADUACAO, ENSINO, PESQUI;0487;CONCESSAO DE BOLSAS DE ESTUDO NO ENSINO SUPERIOR;0003;CONCESSAO DE BOLSA DE ESTUDOS NO EXTERIOR;12364203204870001;087495;NCCCQO2004N;PARINTER - CAPG-BA;90;APLICACOES DIRETAS;3;DESPESAS CORRENTES;3;OUTRAS DESPESAS CORRENTES;;;;;12;RECURSOS DEST.A MANUT.E DES.DO ENSINO;2,075,599.00;;2,075,599.00;;2,075,599.00;96,949.00;1,978,650.00;1,830,051.00
2015;154003;FUND.COORD.DE APERF.DE PESSOAL NIVEL SUPERIOR;12;EDUCACAO;364;ENSINO SUPERIOR;2032;EDUCACAO SUPERIOR - GRADUACAO, POS-GRADUACAO, ENSINO, PESQUI;0487;CONCESSAO DE BOLSAS DE ESTUDO NO ENSINO SUPERIOR;0003;CONCESSAO DE BOLSA DE ESTUDOS NO EXTERIOR;12364203204870001;087495;NCCCQO2005N;PARINTER - COFECUB;90;APLICACOES DIRETAS;3;DESPESAS CORRENTES;3;OUTRAS DESPESAS CORRENTES;18;AUXILIO FINANCEIRO A ESTUDANTES;339018;AUXILIO FINANCEIRO A ESTUDANTES;12;RECURSOS DEST.A MANUT.E DES.DO ENSINO;0.00;;0.00;;;;;
2015;154003;FUND.COORD.DE APERF.DE PESSOAL NIVEL SUPERIOR;12;EDUCACAO;364;ENSINO SUPERIOR;2032;EDUCACAO SUPERIOR - GRADUACAO, POS-GRADUACAO, ENSINO, PESQUI;0487;CONCESSAO DE BOLSAS DE ESTUDO NO ENSINO SUPERIOR;0003;CONCESSAO DE BOLSA DE ESTUDOS NO EXTERIOR;12364203204870001;087495;NCCCQO2005N;PARINTER - COFECUB;90;APLICACOES DIRETAS;3;DESPESAS CORRENTES;3;OUTRAS DESPESAS CORRENTES;20;AUXILIO FINANCEIRO A PESQUISADORES;339020;AUXILIO FINANCEIRO A PESQUISADORES;00;RECURSOS PRIMARIOS DE LIVRE APLICACAO;6,284,048.54;;6,284,048.54;;6,291,995.54;79,319.00;6,212,676.54;6,114,952.54
2015;154003;FUND.COORD.DE APERF.DE PESSOAL NIVEL SUPERIOR;12;EDUCACAO;364;ENSINO SUPERIOR;2032;EDUCACAO SUPERIOR - GRADUACAO, POS-GRADUACAO, ENSINO, PESQUI;0487;CONCESSAO DE BOLSAS DE ESTUDO NO ENSINO SUPERIOR;0003;CONCESSAO DE BOLSA DE ESTUDOS NO EXTERIOR;12364203204870001;087495;NCCCQO2005N;PARINTER - COFECUB;90;APLICACOES DIRETAS;3;DESPESAS CORRENTES;3;OUTRAS DESPESAS CORRENTES;;;;;12;RECURSOS DEST.A MANUT.E DES.DO ENSINO;5,954,014.00;;5,954,014.00;;6,327,835.00;424,048.00;5,894,787.00;5,418,521.00
2015;154003;FUND.COORD.DE APERF.DE PESSOAL NIVEL SUPERIOR;12;EDUCACAO;364;ENSINO SUPERIOR;2032;EDUCACAO SUPERIOR - GRADUACAO, POS-GRADUACAO, ENSINO, PESQUI;0487;CONCESSAO DE BOLSAS DE ESTUDO NO ENSINO SUPERIOR;0003;CONCESSAO DE BOLSA DE ESTUDOS NO EXTERIOR;12364203204870001;087495;NCCCQO2006N;PARINTER - DGPU;90;APLICACOES DIRETAS;3;DESPESAS CORRENTES;3;OUTRAS DESPESAS CORRENTES;20;AUXILIO FINANCEIRO A PESQUISADORES;339020;AUXILIO FINANCEIRO A PESQUISADORES;00;RECURSOS PRIMARIOS DE LIVRE APLICACAO;1,944,274.00;;1,944,274.00;;1,944,274.00;68,884.00;1,845,390.00;1,845,390.00
2015;154003;FUND.COORD.DE APERF.DE PESSOAL NIVEL SUPERIOR;12;EDUCACAO;364;ENSINO SUPERIOR;2032;EDUCACAO SUPERIOR - GRADUACAO, POS-GRADUACAO, ENSINO, PESQUI;0487;CONCESSAO DE BOLSAS DE ESTUDO NO ENSINO SUPERIOR;0003;CONCESSAO DE BOLSA DE ESTUDOS NO EXTERIOR;12364203204870001;087495;NCCCQO2006N;PARINTER - DGPU;90;APLICACOES DIRETAS;3;DESPESAS CORRENTES;3;OUTRAS DESPESAS CORRENTES;;;;;12;RECURSOS DEST.A MANUT.E DES.DO ENSINO;2,496,313.04;;2,496,313.04;;2,496,313.04;0.00;2,496,313.04;1,439,403.04
2015;154003;FUND.COORD.DE APERF.DE PESSOAL NIVEL SUPERIOR;12;EDUCACAO;364;ENSINO SUPERIOR;2032;EDUCACAO SUPERIOR - GRADUACAO, POS-GRADUACAO, ENSINO, PESQUI;0487;CONCESSAO DE BOLSAS DE ESTUDO NO ENSINO SUPERIOR;0003;CONCESSAO DE BOLSA DE ESTUDOS NO EXTERIOR;12364203204870001;087495;NCCCQO2008N;PARINTER - FCT;90;APLICACOES DIRETAS;3;DESPESAS CORRENTES;3;OUTRAS DESPESAS CORRENTES;20;AUXILIO FINANCEIRO A PESQUISADORES;339020;AUXILIO FINANCEIRO A PESQUISADORES;00;RECURSOS PRIMARIOS DE LIVRE APLICACAO;199,465.00;;199,465.00;;199,465.00;28,495.00;170,970.00;170,970.00
2015;154003;FUND.COORD.DE APERF.DE PESSOAL NIVEL SUPERIOR;12;EDUCACAO;364;ENSINO SUPERIOR;2032;EDUCACAO SUPERIOR - GRADUACAO, POS-GRADUACAO, ENSINO, PESQUI;0487;CONCESSAO DE BOLSAS DE ESTUDO NO ENSINO SUPERIOR;0003;CONCESSAO DE BOLSA DE ESTUDOS NO EXTERIOR;12364203204870001;087495;NCCCQO2008N;PARINTER - FCT;90;APLICACOES DIRETAS;3;DESPESAS CORRENTES;3;OUTRAS DESPESAS CORRENTES;;;;;12;RECURSOS DEST.A MANUT.E DES.DO ENSINO;3,487,217.00;;3,487,217.00;;3,487,217.00;434,058.00;2,951,999.00;2,668,590.00
2015;154003;FUND.COORD.DE APERF.DE PESSOAL NIVEL SUPERIOR;12;EDUCACAO;364;ENSINO SUPERIOR;2032;EDUCACAO SUPERIOR - GRADUACAO, POS-GRADUACAO, ENSINO, PESQUI;0487;CONCESSAO DE BOLSAS DE ESTUDO NO ENSINO SUPERIOR;0003;CONCESSAO DE BOLSA DE ESTUDOS NO EXTERIOR;12364203204870001;087495;NCCCQO2010N;PARINTER - MATH AMSUD;90;APLICACOES DIRETAS;3;DESPESAS CORRENTES;3;OUTRAS DESPESAS CORRENTES;20;AUXILIO FINANCEIRO A PESQUISADORES;339020;AUXILIO FINANCEIRO A PESQUISADORES;00;RECURSOS PRIMARIOS DE LIVRE APLICACAO;184,149.00;;184,149.00;;184,149.00;26,307.00;157,842.00;157,842.00
2015;154003;FUND.COORD.DE APERF.DE PESSOAL NIVEL SUPERIOR;12;EDUCACAO;364;ENSINO SUPERIOR;2032;EDUCACAO SUPERIOR - GRADUACAO, POS-GRADUACAO, ENSINO, PESQUI;0487;CONCESSAO DE BOLSAS DE ESTUDO NO ENSINO SUPERIOR;0003;CONCESSAO DE BOLSA DE ESTUDOS NO EXTERIOR;12364203204870001;087495;NCCCQO2010N;PARINTER - MATH AMSUD;90;APLICACOES DIRETAS;3;DESPESAS CORRENTES;3;OUTRAS DESPESAS CORRENTES;;;;;12;RECURSOS DEST.A MANUT.E DES.DO ENSINO;1,162,007.87;;1,162,007.87;;1,162,007.87;0.00;1,162,007.87;768,063.87
2015;154003;FUND.COORD.DE APERF.DE PESSOAL NIVEL SUPERIOR;12;EDUCACAO;364;ENSINO SUPERIOR;2032;EDUCACAO SUPERIOR - GRADUACAO, POS-GRADUACAO, ENSINO, PESQUI;0487;CONCESSAO DE BOLSAS DE ESTUDO NO ENSINO SUPERIOR;0003;CONCESSAO DE BOLSA DE ESTUDOS NO EXTERIOR;12364203204870001;087495;NCCCQO2011N;PARINTER - MES-CUBA;90;APLICACOES DIRETAS;3;DESPESAS CORRENTES;3;OUTRAS DESPESAS CORRENTES;18;AUXILIO FINANCEIRO A ESTUDANTES;339018;AUXILIO FINANCEIRO A ESTUDANTES;00;RECURSOS PRIMARIOS DE LIVRE APLICACAO;1,258,400.00;;1,258,400.00;;1,206,500.00;170,000.00;1,036,500.00;1,036,500.00
2015;154003;FUND.COORD.DE APERF.DE PESSOAL NIVEL SUPERIOR;12;EDUCACAO;364;ENSINO SUPERIOR;2032;EDUCACAO SUPERIOR - GRADUACAO, POS-GRADUACAO, ENSINO, PESQUI;0487;CONCESSAO DE BOLSAS DE ESTUDO NO ENSINO SUPERIOR;0003;CONCESSAO DE BOLSA DE ESTUDOS NO EXTERIOR;12364203204870001;087495;NCCCQO2011N;PARINTER - MES-CUBA;90;APLICACOES DIRETAS;3;DESPESAS CORRENTES;3;OUTRAS DESPESAS CORRENTES;;;;;12;RECURSOS DEST.A MANUT.E DES.DO ENSINO;40510200.00;;40510200.00;;40510200.00;3,263,700.00;36990900.00;36695700.00
2015;154003;FUND.COORD.DE APERF.DE PESSOAL NIVEL SUPERIOR;12;EDUCACAO;364;ENSINO SUPERIOR;2032;EDUCACAO SUPERIOR - GRADUACAO, POS-GRADUACAO, ENSINO, PESQUI;0487;CONCESSAO DE BOLSAS DE ESTUDO NO ENSINO SUPERIOR;0003;CONCESSAO DE BOLSA DE ESTUDOS NO EXTERIOR;12364203204870001;087495;NCCCQO2011N;PARINTER - MES-CUBA;90;APLICACOES DIRETAS;3;DESPESAS CORRENTES;3;OUTRAS DESPESAS CORRENTES;20;AUXILIO FINANCEIRO A PESQUISADORES;339020;AUXILIO FINANCEIRO A PESQUISADORES;00;RECURSOS PRIMARIOS DE LIVRE APLICACAO;965,076.00;;965,076.00;;965,076.00;0.00;965,076.00;965,076.00
2015;154003;FUND.COORD.DE APERF.DE PESSOAL NIVEL SUPERIOR;12;EDUCACAO;364;ENSINO SUPERIOR;2032;EDUCACAO SUPERIOR - GRADUACAO, POS-GRADUACAO, ENSINO, PESQUI;0487;CONCESSAO DE BOLSAS DE ESTUDO NO ENSINO SUPERIOR;0003;CONCESSAO DE BOLSA DE ESTUDOS NO EXTERIOR;12364203204870001;087495;NCCCQO2011N;PARINTER - MES-CUBA;90;APLICACOES DIRETAS;3;DESPESAS CORRENTES;3;OUTRAS DESPESAS CORRENTES;;;;;12;RECURSOS DEST.A MANUT.E DES.DO ENSINO;7,843,895.41;;7,843,895.41;;7,965,997.41;633,165.00;7,081,480.41;4,035,874.99
2015;154003;FUND.COORD.DE APERF.DE PESSOAL NIVEL SUPERIOR;12;EDUCACAO;364;ENSINO SUPERIOR;2032;EDUCACAO SUPERIOR - GRADUACAO, POS-GRADUACAO, ENSINO, PESQUI;0487;CONCESSAO DE BOLSAS DE ESTUDO NO ENSINO SUPERIOR;0003;CONCESSAO DE BOLSA DE ESTUDOS NO EXTERIOR;12364203204870001;087495;NCCCQO2012N;PARINTER - MINCYT;90;APLICACOES DIRETAS;3;DESPESAS CORRENTES;3;OUTRAS DESPESAS CORRENTES;20;AUXILIO FINANCEIRO A PESQUISADORES;339020;AUXILIO FINANCEIRO A PESQUISADORES;00;RECURSOS PRIMARIOS DE LIVRE APLICACAO;953,393.00;;953,393.00;;953,393.00;191,847.00;739,946.00;739,946.00
2015;154003;FUND.COORD.DE APERF.DE PESSOAL NIVEL SUPERIOR;12;EDUCACAO;364;ENSINO SUPERIOR;2032;EDUCACAO SUPERIOR - GRADUACAO, POS-GRADUACAO, ENSINO, PESQUI;0487;CONCESSAO DE BOLSAS DE ESTUDO NO ENSINO SUPERIOR;0003;CONCESSAO DE BOLSA DE ESTUDOS NO EXTERIOR;12364203204870001;087495;NCCCQO2012N;PARINTER - MINCYT;90;APLICACOES DIRETAS;3;DESPESAS CORRENTES;3;OUTRAS DESPESAS CORRENTES;;;;;12;RECURSOS DEST.A MANUT.E DES.DO ENSINO;140,000.00;;140,000.00;;140,000.00;0.00;140,000.00;140,000.00
2015;154003;FUND.COORD.DE APERF.DE PESSOAL NIVEL SUPERIOR;12;EDUCACAO;364;ENSINO SUPERIOR;2032;EDUCACAO SUPERIOR - GRADUACAO, POS-GRADUACAO, ENSINO, PESQUI;0487;CONCESSAO DE BOLSAS DE ESTUDO NO ENSINO SUPERIOR;0003;CONCESSAO DE BOLSA DE ESTUDOS NO EXTERIOR;12364203204870001;087495;NCCCQO2014N;PARINTER - PROBRAL;90;APLICACOES DIRETAS;3;DESPESAS CORRENTES;3;OUTRAS DESPESAS CORRENTES;20;AUXILIO FINANCEIRO A PESQUISADORES;339020;AUXILIO FINANCEIRO A PESQUISADORES;00;RECURSOS PRIMARIOS DE LIVRE APLICACAO;1,671,918.00;;1,671,918.00;;1,671,918.00;6,654.00;1,665,264.00;1,665,264.00
2015;154003;FUND.COORD.DE APERF.DE PESSOAL NIVEL SUPERIOR;12;EDUCACAO;364;ENSINO SUPERIOR;2032;EDUCACAO SUPERIOR - GRADUACAO, POS-GRADUACAO, ENSINO, PESQUI;0487;CONCESSAO DE BOLSAS DE ESTUDO NO ENSINO SUPERIOR;0003;CONCESSAO DE BOLSA DE ESTUDOS NO EXTERIOR;12364203204870001;087495;NCCCQO2014N;PARINTER - PROBRAL;90;APLICACOES DIRETAS;3;DESPESAS CORRENTES;3;OUTRAS DESPESAS CORRENTES;;;;;12;RECURSOS DEST.A MANUT.E DES.DO ENSINO;952,496.00;;952,496.00;;952,496.00;33,748.00;918,748.00;703,275.00
2015;154003;FUND.COORD.DE APERF.DE PESSOAL NIVEL SUPERIOR;12;EDUCACAO;364;ENSINO SUPERIOR;2032;EDUCACAO SUPERIOR - GRADUACAO, POS-GRADUACAO, ENSINO, PESQUI;0487;CONCESSAO DE BOLSAS DE ESTUDO NO ENSINO SUPERIOR;0003;CONCESSAO DE BOLSA DE ESTUDOS NO EXTERIOR;12364203204870001;087495;NCCCQO2016N;PARINTER - STIC AMSUD;90;APLICACOES DIRETAS;3;DESPESAS CORRENTES;3;OUTRAS DESPESAS CORRENTES;20;AUXILIO FINANCEIRO A PESQUISADORES;339020;AUXILIO FINANCEIRO A PESQUISADORES;00;RECURSOS PRIMARIOS DE LIVRE APLICACAO;109,956.00;;109,956.00;;109,956.00;15,708.00;94,248.00;94,248.00
2015;154003;FUND.COORD.DE APERF.DE PESSOAL NIVEL SUPERIOR;12;EDUCACAO;364;ENSINO SUPERIOR;2032;EDUCACAO SUPERIOR - GRADUACAO, POS-GRADUACAO, ENSINO, PESQUI;0487;CONCESSAO DE BOLSAS DE ESTUDO NO ENSINO SUPERIOR;0003;CONCESSAO DE BOLSA DE ESTUDOS NO EXTERIOR;12364203204870001;087495;NCCCQO2016N;PARINTER - STIC AMSUD;90;APLICACOES DIRETAS;3;DESPESAS CORRENTES;3;OUTRAS DESPESAS CORRENTES;;;;;12;RECURSOS DEST.A MANUT.E DES.DO ENSINO;1,383,822.00;;1,383,822.00;;1,383,822.00;0.00;1,383,822.00;1,017,144.00
2015;154003;FUND.COORD.DE APERF.DE PESSOAL NIVEL SUPERIOR;12;EDUCACAO;364;ENSINO SUPERIOR;2032;EDUCACAO SUPERIOR - GRADUACAO, POS-GRADUACAO, ENSINO, PESQUI;0487;CONCESSAO DE BOLSAS DE ESTUDO NO ENSINO SUPERIOR;0003;CONCESSAO DE BOLSA DE ESTUDOS NO EXTERIOR;12364203204870001;087495;NCCCQO2017N;PARINTER - UDELAR;90;APLICACOES DIRETAS;3;DESPESAS CORRENTES;3;OUTRAS DESPESAS CORRENTES;18;AUXILIO FINANCEIRO A ESTUDANTES;339018;AUXILIO FINANCEIRO A ESTUDANTES;00;RECURSOS PRIMARIOS DE LIVRE APLICACAO;839,700.00;;839,700.00;;805,300.00;80,000.00;725,300.00;725,300.00
2015;154003;FUND.COORD.DE APERF.DE PESSOAL NIVEL SUPERIOR;12;EDUCACAO;364;ENSINO SUPERIOR;2032;EDUCACAO SUPERIOR - GRADUACAO, POS-GRADUACAO, ENSINO, PESQUI;0487;CONCESSAO DE BOLSAS DE ESTUDO NO ENSINO SUPERIOR;0003;CONCESSAO DE BOLSA DE ESTUDOS NO EXTERIOR;12364203204870001;087495;NCCCQO2017N;PARINTER - UDELAR;90;APLICACOES DIRETAS;3;DESPESAS CORRENTES;3;OUTRAS DESPESAS CORRENTES;;;;;12;RECURSOS DEST.A MANUT.E DES.DO ENSINO;3,131,900.00;;3,131,900.00;;3,131,900.00;696,300.00;2,392,400.00;2,359,600.00
2015;154003;FUND.COORD.DE APERF.DE PESSOAL NIVEL SUPERIOR;12;EDUCACAO;364;ENSINO SUPERIOR;2032;EDUCACAO SUPERIOR - GRADUACAO, POS-GRADUACAO, ENSINO, PESQUI;0487;CONCESSAO DE BOLSAS DE ESTUDO NO ENSINO SUPERIOR;0003;CONCESSAO DE BOLSA DE ESTUDOS NO EXTERIOR;12364203204870001;087495;NCCCQO2017N;PARINTER - UDELAR;90;APLICACOES DIRETAS;3;DESPESAS CORRENTES;3;OUTRAS DESPESAS CORRENTES;20;AUXILIO FINANCEIRO A PESQUISADORES;339020;AUXILIO FINANCEIRO A PESQUISADORES;00;RECURSOS PRIMARIOS DE LIVRE APLICACAO;133,966.00;;133,966.00;;133,966.00;19,138.00;114,828.00;114,828.00
2015;154003;FUND.COORD.DE APERF.DE PESSOAL NIVEL SUPERIOR;12;EDUCACAO;364;ENSINO SUPERIOR;2032;EDUCACAO SUPERIOR - GRADUACAO, POS-GRADUACAO, ENSINO, PESQUI;0487;CONCESSAO DE BOLSAS DE ESTUDO NO ENSINO SUPERIOR;0003;CONCESSAO DE BOLSA DE ESTUDOS NO EXTERIOR;12364203204870001;087495;NCCCQO2017N;PARINTER - UDELAR;90;APLICACOES DIRETAS;3;DESPESAS CORRENTES;3;OUTRAS DESPESAS CORRENTES;;;;;12;RECURSOS DEST.A MANUT.E DES.DO ENSINO;875,392.15;;875,392.15;;902,948.15;45,795.00;857,153.15;486,202.85
2015;154003;FUND.COORD.DE APERF.DE PESSOAL NIVEL SUPERIOR;12;EDUCACAO;364;ENSINO SUPERIOR;2032;EDUCACAO SUPERIOR - GRADUACAO, POS-GRADUACAO, ENSINO, PESQUI;0487;CONCESSAO DE BOLSAS DE ESTUDO NO ENSINO SUPERIOR;0003;CONCESSAO DE BOLSA DE ESTUDOS NO EXTERIOR;12364203204870001;087495;NCCCQO2021N;PARINTER - WBI;90;APLICACOES DIRETAS;3;DESPESAS CORRENTES;3;OUTRAS DESPESAS CORRENTES;20;AUXILIO FINANCEIRO A PESQUISADORES;339020;AUXILIO FINANCEIRO A PESQUISADORES;00;RECURSOS PRIMARIOS DE LIVRE APLICACAO;598,278.00;;598,278.00;;598,278.00;46,350.00;551,928.00;551,928.00
2015;154003;FUND.COORD.DE APERF.DE PESSOAL NIVEL SUPERIOR;12;EDUCACAO;364;ENSINO SUPERIOR;2032;EDUCACAO SUPERIOR - GRADUACAO, POS-GRADUACAO, ENSINO, PESQUI;0487;CONCESSAO DE BOLSAS DE ESTUDO NO ENSINO SUPERIOR;0003;CONCESSAO DE BOLSA DE ESTUDOS NO EXTERIOR;12364203204870001;087495;NCCCQO2021N;PARINTER - WBI;90;APLICACOES DIRETAS;3;DESPESAS CORRENTES;3;OUTRAS DESPESAS CORRENTES;;;;;12;RECURSOS DEST.A MANUT.E DES.DO ENSINO;928,385.00;;928,385.00;;928,385.00;53,657.00;874,728.00;510,258.00
2015;154003;FUND.COORD.DE APERF.DE PESSOAL NIVEL SUPERIOR;12;EDUCACAO;364;ENSINO SUPERIOR;2032;EDUCACAO SUPERIOR - GRADUACAO, POS-GRADUACAO, ENSINO, PESQUI;0487;CONCESSAO DE BOLSAS DE ESTUDO NO ENSINO SUPERIOR;0003;CONCESSAO DE BOLSA DE ESTUDOS NO EXTERIOR;12364203204870001;087495;NCCCQO2022N;PARINTER - AGROPOLIS;90;APLICACOES DIRETAS;3;DESPESAS CORRENTES;3;OUTRAS DESPESAS CORRENTES;20;AUXILIO FINANCEIRO A PESQUISADORES;339020;AUXILIO FINANCEIRO A PESQUISADORES;00;RECURSOS PRIMARIOS DE LIVRE APLICACAO;414,344.00;;414,344.00;;425,680.00;46,212.00;379,468.00;379,468.00
2015;154003;FUND.COORD.DE APERF.DE PESSOAL NIVEL SUPERIOR;12;EDUCACAO;364;ENSINO SUPERIOR;2032;EDUCACAO SUPERIOR - GRADUACAO, POS-GRADUACAO, ENSINO, PESQUI;0487;CONCESSAO DE BOLSAS DE ESTUDO NO ENSINO SUPERIOR;0003;CONCESSAO DE BOLSA DE ESTUDOS NO EXTERIOR;12364203204870001;087495;NCCCQO2022N;PARINTER - AGROPOLIS;90;APLICACOES DIRETAS;3;DESPESAS CORRENTES;3;OUTRAS DESPESAS CORRENTES;;;;;12;RECURSOS DEST.A MANUT.E DES.DO ENSINO;1,770,096.00;;1,770,096.00;;1,880,671.00;144,667.00;1,736,004.00;1,012,669.00
2015;154003;FUND.COORD.DE APERF.DE PESSOAL NIVEL SUPERIOR;12;EDUCACAO;364;ENSINO SUPERIOR;2032;EDUCACAO SUPERIOR - GRADUACAO, POS-GRADUACAO, ENSINO, PESQUI;0487;CONCESSAO DE BOLSAS DE ESTUDO NO ENSINO SUPERIOR;0003;CONCESSAO DE BOLSA DE ESTUDOS NO EXTERIOR;12364203204870001;087495;NCCCQO2027N;PARINTER - PFPG;90;APLICACOES DIRETAS;3;DESPESAS CORRENTES;3;OUTRAS DESPESAS CORRENTES;20;AUXILIO FINANCEIRO A PESQUISADORES;339020;AUXILIO FINANCEIRO A PESQUISADORES;12;RECURSOS DEST.A MANUT.E DES.DO ENSINO;825,346.00;;825,346.00;;872,456.00;47,110.00;825,346.00;469,784.00
2015;154003;FUND.COORD.DE APERF.DE PESSOAL NIVEL SUPERIOR;12;EDUCACAO;364;ENSINO SUPERIOR;2032;EDUCACAO SUPERIOR - GRADUACAO, POS-GRADUACAO, ENSINO, PESQUI;0487;CONCESSAO DE BOLSAS DE ESTUDO NO ENSINO SUPERIOR;0003;CONCESSAO DE BOLSA DE ESTUDOS NO EXTERIOR;12364203204870001;087495;NCCCQO2028N;PARINTER - MERCOSUL-PPCP;90;APLICACOES DIRETAS;3;DESPESAS CORRENTES;3;OUTRAS DESPESAS CORRENTES;18;AUXILIO FINANCEIRO A ESTUDANTES;339018;AUXILIO FINANCEIRO A ESTUDANTES;00;RECURSOS PRIMARIOS DE LIVRE APLICACAO;16,800.00;;16,800.00;;15,300.00;0.00;;
2015;154003;FUND.COORD.DE APERF.DE PESSOAL NIVEL SUPERIOR;12;EDUCACAO;364;ENSINO SUPERIOR;2032;EDUCACAO SUPERIOR - GRADUACAO, POS-GRADUACAO, ENSINO, PESQUI;0487;CONCESSAO DE BOLSAS DE ESTUDO NO ENSINO SUPERIOR;0003;CONCESSAO DE BOLSA DE ESTUDOS NO EXTERIOR;12364203204870001;087495;NCCCQO2028N;PARINTER - MERCOSUL-PPCP;90;APLICACOES DIRETAS;3;DESPESAS CORRENTES;3;OUTRAS DESPESAS CORRENTES;;;;;12;RECURSOS DEST.A MANUT.E DES.DO ENSINO;153,000.00;;153,000.00;;151,500.00;24,000.00;123,000.00;123,000.00
2015;154003;FUND.COORD.DE APERF.DE PESSOAL NIVEL SUPERIOR;12;EDUCACAO;364;ENSINO SUPERIOR;2032;EDUCACAO SUPERIOR - GRADUACAO, POS-GRADUACAO, ENSINO, PESQUI;0487;CONCESSAO DE BOLSAS DE ESTUDO NO ENSINO SUPERIOR;0003;CONCESSAO DE BOLSA DE ESTUDOS NO EXTERIOR;12364203204870001;087495;NCCCQO2028N;PARINTER - MERCOSUL-PPCP;90;APLICACOES DIRETAS;3;DESPESAS CORRENTES;3;OUTRAS DESPESAS CORRENTES;20;AUXILIO FINANCEIRO A PESQUISADORES;339020;AUXILIO FINANCEIRO A PESQUISADORES;00;RECURSOS PRIMARIOS DE LIVRE APLICACAO;299,712.00;;299,712.00;;299,712.00;42,816.00;256,896.00;229,684.00
2015;154003;FUND.COORD.DE APERF.DE PESSOAL NIVEL SUPERIOR;12;EDUCACAO;364;ENSINO SUPERIOR;2032;EDUCACAO SUPERIOR - GRADUACAO, POS-GRADUACAO, ENSINO, PESQUI;0487;CONCESSAO DE BOLSAS DE ESTUDO NO ENSINO SUPERIOR;0003;CONCESSAO DE BOLSA DE ESTUDOS NO EXTERIOR;12364203204870001;087495;NCCCQO2028N;PARINTER - MERCOSUL-PPCP;90;APLICACOES DIRETAS;3;DESPESAS CORRENTES;3;OUTRAS DESPESAS CORRENTES;;;;;12;RECURSOS DEST.A MANUT.E DES.DO ENSINO;3,905,941.00;;3,905,941.00;;4,084,806.00;274,158.00;3,810,648.00;2,075,389.00
2015;154003;FUND.COORD.DE APERF.DE PESSOAL NIVEL SUPERIOR;12;EDUCACAO;364;ENSINO SUPERIOR;2032;EDUCACAO SUPERIOR - GRADUACAO, POS-GRADUACAO, ENSINO, PESQUI;0487;CONCESSAO DE BOLSAS DE ESTUDO NO ENSINO SUPERIOR;0003;CONCESSAO DE BOLSA DE ESTUDOS NO EXTERIOR;12364203204870001;087495;NCCCQO2029N;PARINTER - MERCOSUL-PGPE;90;APLICACOES DIRETAS;3;DESPESAS CORRENTES;3;OUTRAS DESPESAS CORRENTES;20;AUXILIO FINANCEIRO A PESQUISADORES;339020;AUXILIO FINANCEIRO A PESQUISADORES;12;RECURSOS DEST.A MANUT.E DES.DO ENSINO;150,618.00;;150,618.00;;150,618.00;0.00;150,618.00;150,618.00
2015;154003;FUND.COORD.DE APERF.DE PESSOAL NIVEL SUPERIOR;12;EDUCACAO;364;ENSINO SUPERIOR;2032;EDUCACAO SUPERIOR - GRADUACAO, POS-GRADUACAO, ENSINO, PESQUI;0487;CONCESSAO DE BOLSAS DE ESTUDO NO ENSINO SUPERIOR;0003;CONCESSAO DE BOLSA DE ESTUDOS NO EXTERIOR;12364203204870001;087495;NCCCQO2030N;PARINTER - IGC;90;APLICACOES DIRETAS;3;DESPESAS CORRENTES;3;OUTRAS DESPESAS CORRENTES;18;AUXILIO FINANCEIRO A ESTUDANTES;339018;AUXILIO FINANCEIRO A ESTUDANTES;00;RECURSOS PRIMARIOS DE LIVRE APLICACAO;90,480.00;;90,480.00;;90,480.00;2,380.00;88,100.00;88,100.00
2015;154003;FUND.COORD.DE APERF.DE PESSOAL NIVEL SUPERIOR;12;EDUCACAO;364;ENSINO SUPERIOR;2032;EDUCACAO SUPERIOR - GRADUACAO, POS-GRADUACAO, ENSINO, PESQUI;0487;CONCESSAO DE BOLSAS DE ESTUDO NO ENSINO SUPERIOR;0003;CONCESSAO DE BOLSA DE ESTUDOS NO EXTERIOR;12364203204870001;087495;NCCCQO2030N;PARINTER - IGC;90;APLICACOES DIRETAS;3;DESPESAS CORRENTES;3;OUTRAS DESPESAS CORRENTES;;;;;12;RECURSOS DEST.A MANUT.E DES.DO ENSINO;779,200.00;;779,200.00;;779,200.00;497,200.00;184,800.00;184,800.00
2015;154003;FUND.COORD.DE APERF.DE PESSOAL NIVEL SUPERIOR;12;EDUCACAO;364;ENSINO SUPERIOR;2032;EDUCACAO SUPERIOR - GRADUACAO, POS-GRADUACAO, ENSINO, PESQUI;0487;CONCESSAO DE BOLSAS DE ESTUDO NO ENSINO SUPERIOR;0003;CONCESSAO DE BOLSA DE ESTUDOS NO EXTERIOR;12364203204870001;087495;NCCCQO2034N;PARINTER - JSPS;90;APLICACOES DIRETAS;3;DESPESAS CORRENTES;3;OUTRAS DESPESAS CORRENTES;20;AUXILIO FINANCEIRO A PESQUISADORES;339020;AUXILIO FINANCEIRO A PESQUISADORES;00;RECURSOS PRIMARIOS DE LIVRE APLICACAO;150,624.00;;150,624.00;;150,624.00;0.00;150,624.00;150,624.00
2015;154003;FUND.COORD.DE APERF.DE PESSOAL NIVEL SUPERIOR;12;EDUCACAO;364;ENSINO SUPERIOR;2032;EDUCACAO SUPERIOR - GRADUACAO, POS-GRADUACAO, ENSINO, PESQUI;0487;CONCESSAO DE BOLSAS DE ESTUDO NO ENSINO SUPERIOR;0003;CONCESSAO DE BOLSA DE ESTUDOS NO EXTERIOR;12364203204870001;087495;NCCCQO2034N;PARINTER - JSPS;90;APLICACOES DIRETAS;3;DESPESAS CORRENTES;3;OUTRAS DESPESAS CORRENTES;;;;;12;RECURSOS DEST.A MANUT.E DES.DO ENSINO;194,456.00;;194,456.00;;194,456.00;0.00;194,456.00;170,149.00
2015;154003;FUND.COORD.DE APERF.DE PESSOAL NIVEL SUPERIOR;12;EDUCACAO;364;ENSINO SUPERIOR;2032;EDUCACAO SUPERIOR - GRADUACAO, POS-GRADUACAO, ENSINO, PESQUI;0487;CONCESSAO DE BOLSAS DE ESTUDO NO ENSINO SUPERIOR;0003;CONCESSAO DE BOLSA DE ESTUDOS NO EXTERIOR;12364203204870001;087495;NCCCQO2035N;PARINTER - PROBITEC;90;APLICACOES DIRETAS;3;DESPESAS CORRENTES;3;OUTRAS DESPESAS CORRENTES;20;AUXILIO FINANCEIRO A PESQUISADORES;339020;AUXILIO FINANCEIRO A PESQUISADORES;00;RECURSOS PRIMARIOS DE LIVRE APLICACAO;1,001,034.00;;1,001,034.00;;1,001,034.00;0.00;1,001,034.00;1,001,034.00
2015;154003;FUND.COORD.DE APERF.DE PESSOAL NIVEL SUPERIOR;12;EDUCACAO;364;ENSINO SUPERIOR;2032;EDUCACAO SUPERIOR - GRADUACAO, POS-GRADUACAO, ENSINO, PESQUI;0487;CONCESSAO DE BOLSAS DE ESTUDO NO ENSINO SUPERIOR;0003;CONCESSAO DE BOLSA DE ESTUDOS NO EXTERIOR;12364203204870001;087495;NCCCQO2035N;PARINTER - PROBITEC;90;APLICACOES DIRETAS;3;DESPESAS CORRENTES;3;OUTRAS DESPESAS CORRENTES;;;;;12;RECURSOS DEST.A MANUT.E DES.DO ENSINO;4,764,588.00;;4,764,588.00;;4,877,520.00;227,076.00;4,650,444.00;2,646,882.00
2015;154003;FUND.COORD.DE APERF.DE PESSOAL NIVEL SUPERIOR;12;EDUCACAO;364;ENSINO SUPERIOR;2032;EDUCACAO SUPERIOR - GRADUACAO, POS-GRADUACAO, ENSINO, PESQUI;0487;CONCESSAO DE BOLSAS DE ESTUDO NO ENSINO SUPERIOR;0003;CONCESSAO DE BOLSA DE ESTUDOS NO EXTERIOR;12364203204870001;087495;NCCCQO2037N;PARINTER - STINT;90;APLICACOES DIRETAS;3;DESPESAS CORRENTES;3;OUTRAS DESPESAS CORRENTES;20;AUXILIO FINANCEIRO A PESQUISADORES;339020;AUXILIO FINANCEIRO A PESQUISADORES;00;RECURSOS PRIMARIOS DE LIVRE APLICACAO;1,071,084.00;;1,071,084.00;;1,071,084.00;43,096.00;1,027,988.00;1,027,988.00
2015;154003;FUND.COORD.DE APERF.DE PESSOAL NIVEL SUPERIOR;12;EDUCACAO;364;ENSINO SUPERIOR;2032;EDUCACAO SUPERIOR - GRADUACAO, POS-GRADUACAO, ENSINO, PESQUI;0487;CONCESSAO DE BOLSAS DE ESTUDO NO ENSINO SUPERIOR;0003;CONCESSAO DE BOLSA DE ESTUDOS NO EXTERIOR;12364203204870001;087495;NCCCQO2037N;PARINTER - STINT;90;APLICACOES DIRETAS;3;DESPESAS CORRENTES;3;OUTRAS DESPESAS CORRENTES;;;;;12;RECURSOS DEST.A MANUT.E DES.DO ENSINO;1,941,704.00;;1,941,704.00;;1,941,704.00;0.00;1,941,704.00;1,690,952.00
2015;154003;FUND.COORD.DE APERF.DE PESSOAL NIVEL SUPERIOR;12;EDUCACAO;364;ENSINO SUPERIOR;2032;EDUCACAO SUPERIOR - GRADUACAO, POS-GRADUACAO, ENSINO, PESQUI;0487;CONCESSAO DE BOLSAS DE ESTUDO NO ENSINO SUPERIOR;0003;CONCESSAO DE BOLSA DE ESTUDOS NO EXTERIOR;12364203204870001;087495;NCCCQO2044N;PARINTER - ICRANET;90;APLICACOES DIRETAS;3;DESPESAS CORRENTES;3;OUTRAS DESPESAS CORRENTES;18;AUXILIO FINANCEIRO A ESTUDANTES;339018;AUXILIO FINANCEIRO A ESTUDANTES;00;RECURSOS PRIMARIOS DE LIVRE APLICACAO;684,000.00;;684,000.00;;628,000.00;40,000.00;588,000.00;588,000.00
2015;154003;FUND.COORD.DE APERF.DE PESSOAL NIVEL SUPERIOR;12;EDUCACAO;364;ENSINO SUPERIOR;2032;EDUCACAO SUPERIOR - GRADUACAO, POS-GRADUACAO, ENSINO, PESQUI;0487;CONCESSAO DE BOLSAS DE ESTUDO NO ENSINO SUPERIOR;0003;CONCESSAO DE BOLSA DE ESTUDOS NO EXTERIOR;12364203204870001;087495;NCCCQO2044N;PARINTER - ICRANET;90;APLICACOES DIRETAS;3;DESPESAS CORRENTES;3;OUTRAS DESPESAS CORRENTES;;;;;12;RECURSOS DEST.A MANUT.E DES.DO ENSINO;7,807,000.00;;7,807,000.00;;7,807,000.00;4,181,000.00;3,521,000.00;3,521,000.00
2015;154003;FUND.COORD.DE APERF.DE PESSOAL NIVEL SUPERIOR;12;EDUCACAO;364;ENSINO SUPERIOR;2032;EDUCACAO SUPERIOR - GRADUACAO, POS-GRADUACAO, ENSINO, PESQUI;0487;CONCESSAO DE BOLSAS DE ESTUDO NO ENSINO SUPERIOR;0003;CONCESSAO DE BOLSA DE ESTUDOS NO EXTERIOR;12364203204870001;087495;NCCCQO2047N;PARINTER - TAMU;90;APLICACOES DIRETAS;3;DESPESAS CORRENTES;3;OUTRAS DESPESAS CORRENTES;20;AUXILIO FINANCEIRO A PESQUISADORES;339020;AUXILIO FINANCEIRO A PESQUISADORES;12;RECURSOS DEST.A MANUT.E DES.DO ENSINO;1,780,117.00;;1,780,117.00;;1,802,492.00;81,071.00;1,721,421.00;1,610,015.00
2015;154003;FUND.COORD.DE APERF.DE PESSOAL NIVEL SUPERIOR;12;EDUCACAO;364;ENSINO SUPERIOR;2032;EDUCACAO SUPERIOR - GRADUACAO, POS-GRADUACAO, ENSINO, PESQUI;0487;CONCESSAO DE BOLSAS DE ESTUDO NO ENSINO SUPERIOR;0003;CONCESSAO DE BOLSA DE ESTUDOS NO EXTERIOR;12364203204870001;087495;NCCCUO1997N;BFSUPERIOR - PEC-PG;90;APLICACOES DIRETAS;3;DESPESAS CORRENTES;3;OUTRAS DESPESAS CORRENTES;18;AUXILIO FINANCEIRO A ESTUDANTES;339018;AUXILIO FINANCEIRO A ESTUDANTES;00;RECURSOS PRIMARIOS DE LIVRE APLICACAO;16129400.00;;16129400.00;;15185600.00;1,000,000.00;14185600.00;14185600.00
2015;154003;FUND.COORD.DE APERF.DE PESSOAL NIVEL SUPERIOR;12;EDUCACAO;364;ENSINO SUPERIOR;2032;EDUCACAO SUPERIOR - GRADUACAO, POS-GRADUACAO, ENSINO, PESQUI;0487;CONCESSAO DE BOLSAS DE ESTUDO NO ENSINO SUPERIOR;0003;CONCESSAO DE BOLSA DE ESTUDOS NO EXTERIOR;12364203204870001;087495;NCCCUO1997N;BFSUPERIOR - PEC-PG;90;APLICACOES DIRETAS;3;DESPESAS CORRENTES;3;OUTRAS DESPESAS CORRENTES;;;;;12;RECURSOS DEST.A MANUT.E DES.DO ENSINO;65360045.37;;65360045.37;;65360045.37;3,325,119.09;57457247.28;57457247.28
2015;154003;FUND.COORD.DE APERF.DE PESSOAL NIVEL SUPERIOR;12;EDUCACAO;364;ENSINO SUPERIOR;2032;EDUCACAO SUPERIOR - GRADUACAO, POS-GRADUACAO, ENSINO, PESQUI;0487;CONCESSAO DE BOLSAS DE ESTUDO NO ENSINO SUPERIOR;0003;CONCESSAO DE BOLSA DE ESTUDOS NO EXTERIOR;12364203204870001;087495;NCCCUO2099N;BFSUPERIOR - ESCOLA DE ALTOS ESTUDOS;90;APLICACOES DIRETAS;3;DESPESAS CORRENTES;3;OUTRAS DESPESAS CORRENTES;20;AUXILIO FINANCEIRO A PESQUISADORES;339020;AUXILIO FINANCEIRO A PESQUISADORES;00;RECURSOS PRIMARIOS DE LIVRE APLICACAO;2,216,797.16;;2,216,797.16;;2,431,250.16;219,136.02;2,212,114.14;2,212,114.14
2015;154003;FUND.COORD.DE APERF.DE PESSOAL NIVEL SUPERIOR;12;EDUCACAO;364;ENSINO SUPERIOR;2032;EDUCACAO SUPERIOR - GRADUACAO, POS-GRADUACAO, ENSINO, PESQUI;0487;CONCESSAO DE BOLSAS DE ESTUDO NO ENSINO SUPERIOR;0003;CONCESSAO DE BOLSA DE ESTUDOS NO EXTERIOR;12364203204870001;087495;NCCCUO2099N;BFSUPERIOR - ESCOLA DE ALTOS ESTUDOS;90;APLICACOES DIRETAS;3;DESPESAS CORRENTES;3;OUTRAS DESPESAS CORRENTES;;;;;12;RECURSOS DEST.A MANUT.E DES.DO ENSINO;15060907.65;;15060907.65;;15338120.98;595,483.78;14742637.20;14525611.20
2015;154003;FUND.COORD.DE APERF.DE PESSOAL NIVEL SUPERIOR;12;EDUCACAO;364;ENSINO SUPERIOR;2032;EDUCACAO SUPERIOR - GRADUACAO, POS-GRADUACAO, ENSINO, PESQUI;0487;CONCESSAO DE BOLSAS DE ESTUDO NO ENSINO SUPERIOR;0003;CONCESSAO DE BOLSA DE ESTUDOS NO EXTERIOR;12364203204870001;087495;NCCCUO9998N;BFSUPERIOR - PVE-PROF. VISITANTE ESTRANGEIRO;90;APLICACOES DIRETAS;3;DESPESAS CORRENTES;3;OUTRAS DESPESAS CORRENTES;18;AUXILIO FINANCEIRO A ESTUDANTES;339018;AUXILIO FINANCEIRO A ESTUDANTES;00;RECURSOS PRIMARIOS DE LIVRE APLICACAO;2,556,210.14;;2,556,210.14;;2,451,210.14;300,000.00;2,151,210.14;2,151,210.14
2015;154003;FUND.COORD.DE APERF.DE PESSOAL NIVEL SUPERIOR;12;EDUCACAO;364;ENSINO SUPERIOR;2032;EDUCACAO SUPERIOR - GRADUACAO, POS-GRADUACAO, ENSINO, PESQUI;0487;CONCESSAO DE BOLSAS DE ESTUDO NO ENSINO SUPERIOR;0003;CONCESSAO DE BOLSA DE ESTUDOS NO EXTERIOR;12364203204870001;087495;NCCCUO9998N;BFSUPERIOR - PVE-PROF. VISITANTE ESTRANGEIRO;90;APLICACOES DIRETAS;3;DESPESAS CORRENTES;3;OUTRAS DESPESAS CORRENTES;;;;;12;RECURSOS DEST.A MANUT.E DES.DO ENSINO;15900851.02;;15900851.02;;15900851.02;2,637,060.58;12532389.96;12457766.68
2015;154003;FUND.COORD.DE APERF.DE PESSOAL NIVEL SUPERIOR;12;EDUCACAO;364;ENSINO SUPERIOR;2032;EDUCACAO SUPERIOR - GRADUACAO, POS-GRADUACAO, ENSINO, PESQUI;0487;CONCESSAO DE BOLSAS DE ESTUDO NO ENSINO SUPERIOR;0003;CONCESSAO DE BOLSA DE ESTUDOS NO EXTERIOR;12364203204870001;087495;NCCCVN20JTN;CSF - PAJT-ATRACAO DE JOVENS TALENTOS;90;APLICACOES DIRETAS;3;DESPESAS CORRENTES;3;OUTRAS DESPESAS CORRENTES;18;AUXILIO FINANCEIRO A ESTUDANTES;339018;AUXILIO FINANCEIRO A ESTUDANTES;12;RECURSOS DEST.A MANUT.E DES.DO ENSINO;0.00;;0.00;;0.00;0.00;0.00;0.00
2015;154003;FUND.COORD.DE APERF.DE PESSOAL NIVEL SUPERIOR;12;EDUCACAO;364;ENSINO SUPERIOR;2032;EDUCACAO SUPERIOR - GRADUACAO, POS-GRADUACAO, ENSINO, PESQUI;0487;CONCESSAO DE BOLSAS DE ESTUDO NO ENSINO SUPERIOR;0003;CONCESSAO DE BOLSA DE ESTUDOS NO EXTERIOR;12364203204870001;087495;NSS15G2039N;BFSUPERIOR - MARCA;90;APLICACOES DIRETAS;3;DESPESAS CORRENTES;3;OUTRAS DESPESAS CORRENTES;18;AUXILIO FINANCEIRO A ESTUDANTES;339018;AUXILIO FINANCEIRO A ESTUDANTES;00;RECURSOS PRIMARIOS DE LIVRE APLICACAO;5,135,630.56;;5,135,630.56;;5,135,489.32;213,963.00;4,921,526.32;4,921,526.32
2015;154003;FUND.COORD.DE APERF.DE PESSOAL NIVEL SUPERIOR;12;EDUCACAO;364;ENSINO SUPERIOR;2032;EDUCACAO SUPERIOR - GRADUACAO, POS-GRADUACAO, ENSINO, PESQUI;0487;CONCESSAO DE BOLSAS DE ESTUDO NO ENSINO SUPERIOR;0003;CONCESSAO DE BOLSA DE ESTUDOS NO EXTERIOR;12364203204870001;087495;NSS15G2039N;BFSUPERIOR - MARCA;90;APLICACOES DIRETAS;3;DESPESAS CORRENTES;3;OUTRAS DESPESAS CORRENTES;;;;;12;RECURSOS DEST.A MANUT.E DES.DO ENSINO;1,712,931.04;;1,712,931.04;;1,712,931.04;303,368.16;549,402.88;549,402.88
2015;154003;FUND.COORD.DE APERF.DE PESSOAL NIVEL SUPERIOR;12;EDUCACAO;364;ENSINO SUPERIOR;2032;EDUCACAO SUPERIOR - GRADUACAO, POS-GRADUACAO, ENSINO, PESQUI;0487;CONCESSAO DE BOLSAS DE ESTUDO NO ENSINO SUPERIOR;0003;CONCESSAO DE BOLSA DE ESTUDOS NO EXTERIOR;12364203204870001;087495;PCCCQG2031N;PARINTER - PLI;90;APLICACOES DIRETAS;3;DESPESAS CORRENTES;3;OUTRAS DESPESAS CORRENTES;20;AUXILIO FINANCEIRO A PESQUISADORES;339020;AUXILIO FINANCEIRO A PESQUISADORES;12;RECURSOS DEST.A MANUT.E DES.DO ENSINO;317,044.00;;317,044.00;;317,044.00;0.00;317,044.00;317,044.00
2015;154003;FUND.COORD.DE APERF.DE PESSOAL NIVEL SUPERIOR;12;EDUCACAO;364;ENSINO SUPERIOR;2032;EDUCACAO SUPERIOR - GRADUACAO, POS-GRADUACAO, ENSINO, PESQUI;20GK;FOMENTO AS ACOES DE GRADUACAO, POS-GRADUACAO, ENSINO, PESQUI;0000;FOMENTO AS ACOES DE GRADUACAO, POS-GRADUACAO, ENSINO, PESQUISA E EXTENSAO;12364203220GK0001;087488;'-8;SEM INFORMACAO;30;TRANSFER. A ESTADOS E AO DISTRITO FEDERAL;4;DESPESAS DE CAPITAL;4;INVESTIMENTOS;00;[A DETALHAR];443000;TRANSFERENCIAS A ESTADOS E DISTRITO FEDERAL;12;RECURSOS DEST.A MANUT.E DES.DO ENSINO;237782616.99;;140280212.99;83335097.00;;;;
2015;154003;FUND.COORD.DE APERF.DE PESSOAL NIVEL SUPERIOR;12;EDUCACAO;364;ENSINO SUPERIOR;2032;EDUCACAO SUPERIOR - GRADUACAO, POS-GRADUACAO, ENSINO, PESQUI;20GK;FOMENTO AS ACOES DE GRADUACAO, POS-GRADUACAO, ENSINO, PESQUI;0000;FOMENTO AS ACOES DE GRADUACAO, POS-GRADUACAO, ENSINO, PESQUISA E EXTENSAO;12364203220GK0001;087488;'-8;SEM INFORMACAO;40;TRANSFERENCIAS A MUNICIPIOS;4;DESPESAS DE CAPITAL;4;INVESTIMENTOS;00;[A DETALHAR];444000;TRANSFERENCIAS A MUNICIPIOS;12;RECURSOS DEST.A MANUT.E DES.DO ENSINO;8,662,270.00;;4,662,270.00;3,331,135.00;;;;
2015;154003;FUND.COORD.DE APERF.DE PESSOAL NIVEL SUPERIOR;12;EDUCACAO;364;ENSINO SUPERIOR;2032;EDUCACAO SUPERIOR - GRADUACAO, POS-GRADUACAO, ENSINO, PESQUI;20GK;FOMENTO AS ACOES DE GRADUACAO, POS-GRADUACAO, ENSINO, PESQUI;0000;FOMENTO AS ACOES DE GRADUACAO, POS-GRADUACAO, ENSINO, PESQUISA E EXTENSAO;12364203220GK0001;087488;'-8;SEM INFORMACAO;50;TRANSFERENCIA INSTITUICOES PRIVADAS SEM FINS LUCRATIVOS;3;DESPESAS CORRENTES;3;OUTRAS DESPESAS CORRENTES;00;[A DETALHAR];335000;TRANSFERENCIA INSTITUICOES PRIVADAS SEM FINS LUCRATIVOS;12;RECURSOS DEST.A MANUT.E DES.DO ENSINO;33645176.20;;33645176.20;;;;;
2015;154003;FUND.COORD.DE APERF.DE PESSOAL NIVEL SUPERIOR;12;EDUCACAO;364;ENSINO SUPERIOR;2032;EDUCACAO SUPERIOR - GRADUACAO, POS-GRADUACAO, ENSINO, PESQUI;20GK;FOMENTO AS ACOES DE GRADUACAO, POS-GRADUACAO, ENSINO, PESQUI;0000;FOMENTO AS ACOES DE GRADUACAO, POS-GRADUACAO, ENSINO, PESQUISA E EXTENSAO;12364203220GK0001;087488;'-8;SEM INFORMACAO;50;TRANSFERENCIA INSTITUICOES PRIVADAS SEM FINS LUCRATIVOS;4;DESPESAS DE CAPITAL;4;INVESTIMENTOS;00;[A DETALHAR];445000;TRANSFERENCIA INSTITUOCOES PRIVADAS SEM FINS LUCRATIVOS;12;RECURSOS DEST.A MANUT.E DES.DO ENSINO;81369596.40;;50206200.40;29731524.00;;;;
2015;154003;FUND.COORD.DE APERF.DE PESSOAL NIVEL SUPERIOR;12;EDUCACAO;364;ENSINO SUPERIOR;2032;EDUCACAO SUPERIOR - GRADUACAO, POS-GRADUACAO, ENSINO, PESQUI;20GK;FOMENTO AS ACOES DE GRADUACAO, POS-GRADUACAO, ENSINO, PESQUI;0000;FOMENTO AS ACOES DE GRADUACAO, POS-GRADUACAO, ENSINO, PESQUISA E EXTENSAO;12364203220GK0001;087488;'-8;SEM INFORMACAO;50;TRANSFERENCIA INSTITUICOES PRIVADAS SEM FINS LUCRATIVOS;4;DESPESAS DE CAPITAL;4;INVESTIMENTOS;;;;;50;REC.PROPRIOS PRIMARIOS DE LIVRE APLICACAO;539,520.00;;539,520.00;;;;;
2015;154003;FUND.COORD.DE APERF.DE PESSOAL NIVEL SUPERIOR;12;EDUCACAO;364;ENSINO SUPERIOR;2032;EDUCACAO SUPERIOR - GRADUACAO, POS-GRADUACAO, ENSINO, PESQUI;20GK;FOMENTO AS ACOES DE GRADUACAO, POS-GRADUACAO, ENSINO, PESQUI;0000;FOMENTO AS ACOES DE GRADUACAO, POS-GRADUACAO, ENSINO, PESQUISA E EXTENSAO;12364203220GK0001;087488;'-8;SEM INFORMACAO;90;APLICACOES DIRETAS;3;DESPESAS CORRENTES;3;OUTRAS DESPESAS CORRENTES;00;[A DETALHAR];339000;APLICACOES DIRETAS;12;RECURSOS DEST.A MANUT.E DES.DO ENSINO;250761863.89;;209715331.89;41046532.00;;;;
2015;154003;FUND.COORD.DE APERF.DE PESSOAL NIVEL SUPERIOR;12;EDUCACAO;364;ENSINO SUPERIOR;2032;EDUCACAO SUPERIOR - GRADUACAO, POS-GRADUACAO, ENSINO, PESQUI;20GK;FOMENTO AS ACOES DE GRADUACAO, POS-GRADUACAO, ENSINO, PESQUI;0000;FOMENTO AS ACOES DE GRADUACAO, POS-GRADUACAO, ENSINO, PESQUISA E EXTENSAO;12364203220GK0001;087488;'-8;SEM INFORMACAO;90;APLICACOES DIRETAS;3;DESPESAS CORRENTES;3;OUTRAS DESPESAS CORRENTES;;;;;50;REC.PROPRIOS PRIMARIOS DE LIVRE APLICACAO;-59101251.78;60000000.00;898,748.22;;;;;
2015;154003;FUND.COORD.DE APERF.DE PESSOAL NIVEL SUPERIOR;12;EDUCACAO;364;ENSINO SUPERIOR;2032;EDUCACAO SUPERIOR - GRADUACAO, POS-GRADUACAO, ENSINO, PESQUI;20GK;FOMENTO AS ACOES DE GRADUACAO, POS-GRADUACAO, ENSINO, PESQUI;0000;FOMENTO AS ACOES DE GRADUACAO, POS-GRADUACAO, ENSINO, PESQUISA E EXTENSAO;12364203220GK0001;087488;'-8;SEM INFORMACAO;90;APLICACOES DIRETAS;3;DESPESAS CORRENTES;3;OUTRAS DESPESAS CORRENTES;;;;;80;RECURSOS PROPRIOS FINANCEIROS;13252338.52;;13252338.52;;;;;
2015;154003;FUND.COORD.DE APERF.DE PESSOAL NIVEL SUPERIOR;12;EDUCACAO;364;ENSINO SUPERIOR;2032;EDUCACAO SUPERIOR - GRADUACAO, POS-GRADUACAO, ENSINO, PESQUI;20GK;FOMENTO AS ACOES DE GRADUACAO, POS-GRADUACAO, ENSINO, PESQUI;0000;FOMENTO AS ACOES DE GRADUACAO, POS-GRADUACAO, ENSINO, PESQUISA E EXTENSAO;12364203220GK0001;087488;'-8;SEM INFORMACAO;90;APLICACOES DIRETAS;3;DESPESAS CORRENTES;3;OUTRAS DESPESAS CORRENTES;39;OUTROS SERVICOS DE TERCEIROS PJ - OP.INT.ORC.;339039;OUTROS SERVICOS DE TERCEIROS - PESSOA JURIDICA;12;RECURSOS DEST.A MANUT.E DES.DO ENSINO;0.00;;0.00;;;;;
2015;154003;FUND.COORD.DE APERF.DE PESSOAL NIVEL SUPERIOR;12;EDUCACAO;364;ENSINO SUPERIOR;2032;EDUCACAO SUPERIOR - GRADUACAO, POS-GRADUACAO, ENSINO, PESQUI;20GK;FOMENTO AS ACOES DE GRADUACAO, POS-GRADUACAO, ENSINO, PESQUI;0000;FOMENTO AS ACOES DE GRADUACAO, POS-GRADUACAO, ENSINO, PESQUISA E EXTENSAO;12364203220GK0001;087488;'-8;SEM INFORMACAO;90;APLICACOES DIRETAS;4;DESPESAS DE CAPITAL;4;INVESTIMENTOS;00;[A DETALHAR];449000;APLICACOES DIRETAS;12;RECURSOS DEST.A MANUT.E DES.DO ENSINO;1305135531.9;;729265444.87;444108828.00;;;;
2015;154003;FUND.COORD.DE APERF.DE PESSOAL NIVEL SUPERIOR;12;EDUCACAO;364;ENSINO SUPERIOR;2032;EDUCACAO SUPERIOR - GRADUACAO, POS-GRADUACAO, ENSINO, PESQUI;20GK;FOMENTO AS ACOES DE GRADUACAO, POS-GRADUACAO, ENSINO, PESQUI;0000;FOMENTO AS ACOES DE GRADUACAO, POS-GRADUACAO, ENSINO, PESQUISA E EXTENSAO;12364203220GK0001;087488;'-8;SEM INFORMACAO;90;APLICACOES DIRETAS;4;DESPESAS DE CAPITAL;4;INVESTIMENTOS;;;;;50;REC.PROPRIOS PRIMARIOS DE LIVRE APLICACAO;321284671.27;;209194231.27;99160416.00;;;;
2015;154003;FUND.COORD.DE APERF.DE PESSOAL NIVEL SUPERIOR;12;EDUCACAO;364;ENSINO SUPERIOR;2032;EDUCACAO SUPERIOR - GRADUACAO, POS-GRADUACAO, ENSINO, PESQUI;20GK;FOMENTO AS ACOES DE GRADUACAO, POS-GRADUACAO, ENSINO, PESQUI;0000;FOMENTO AS ACOES DE GRADUACAO, POS-GRADUACAO, ENSINO, PESQUISA E EXTENSAO;12364203220GK0001;087488;'-8;SEM INFORMACAO;90;APLICACOES DIRETAS;4;DESPESAS DE CAPITAL;4;INVESTIMENTOS;;;;;96;DOAC.PESSOAS FISICAS E INSTIT.PUB.E PRIV.NAC.;;;498656655.00;99731331.00;;;;
2015;154003;FUND.COORD.DE APERF.DE PESSOAL NIVEL SUPERIOR;12;EDUCACAO;364;ENSINO SUPERIOR;2032;EDUCACAO SUPERIOR - GRADUACAO, POS-GRADUACAO, ENSINO, PESQUI;20GK;FOMENTO AS ACOES DE GRADUACAO, POS-GRADUACAO, ENSINO, PESQUI;0000;FOMENTO AS ACOES DE GRADUACAO, POS-GRADUACAO, ENSINO, PESQUISA E EXTENSAO;12364203220GK0001;087488;FCCCGO99A1N;PARNACION - CAPES/CNPQ-EDITORACAO;90;APLICACOES DIRETAS;3;DESPESAS CORRENTES;3;OUTRAS DESPESAS CORRENTES;20;AUXILIO FINANCEIRO A PESQUISADORES;339020;AUXILIO FINANCEIRO A PESQUISADORES;12;RECURSOS DEST.A MANUT.E DES.DO ENSINO;18000000.00;;18000000.00;;;;;
2015;154003;FUND.COORD.DE APERF.DE PESSOAL NIVEL SUPERIOR;12;EDUCACAO;364;ENSINO SUPERIOR;2032;EDUCACAO SUPERIOR - GRADUACAO, POS-GRADUACAO, ENSINO, PESQUI;20GK;FOMENTO AS ACOES DE GRADUACAO, POS-GRADUACAO, ENSINO, PESQUI;0000;FOMENTO AS ACOES DE GRADUACAO, POS-GRADUACAO, ENSINO, PESQUISA E EXTENSAO;12364203220GK0001;087488;NCCCQG2033V;PARINTER - BRAGECRIM;90;APLICACOES DIRETAS;3;DESPESAS CORRENTES;3;OUTRAS DESPESAS CORRENTES;20;AUXILIO FINANCEIRO A PESQUISADORES;339020;AUXILIO FINANCEIRO A PESQUISADORES;12;RECURSOS DEST.A MANUT.E DES.DO ENSINO;0.00;;0.00;;;;;
2015;154003;FUND.COORD.DE APERF.DE PESSOAL NIVEL SUPERIOR;12;EDUCACAO;364;ENSINO SUPERIOR;2032;EDUCACAO SUPERIOR - GRADUACAO, POS-GRADUACAO, ENSINO, PESQUI;20GK;FOMENTO AS ACOES DE GRADUACAO, POS-GRADUACAO, ENSINO, PESQUI;0000;FOMENTO AS ACOES DE GRADUACAO, POS-GRADUACAO, ENSINO, PESQUISA E EXTENSAO;12364203220GK0001;087488;NCCCQG2033V;PARINTER - BRAGECRIM;90;APLICACOES DIRETAS;4;DESPESAS DE CAPITAL;4;INVESTIMENTOS;20;AUXILIO FINANCEIRO A PESQUISADORES;449020;AUXILIO FINANCEIRO A PESQUISADORES;12;RECURSOS DEST.A MANUT.E DES.DO ENSINO;1,409,530.00;;1,409,530.00;;1,409,530.00;90,180.00;1,319,350.00;1,048,810.00
2015;154003;FUND.COORD.DE APERF.DE PESSOAL NIVEL SUPERIOR;12;EDUCACAO;364;ENSINO SUPERIOR;2032;EDUCACAO SUPERIOR - GRADUACAO, POS-GRADUACAO, ENSINO, PESQUI;20GK;FOMENTO AS ACOES DE GRADUACAO, POS-GRADUACAO, ENSINO, PESQUI;0000;FOMENTO AS ACOES DE GRADUACAO, POS-GRADUACAO, ENSINO, PESQUISA E EXTENSAO;12364203220GK0001;087488;NCCCQG2033V;PARINTER - BRAGECRIM;90;APLICACOES DIRETAS;4;DESPESAS DE CAPITAL;4;INVESTIMENTOS;;;;;50;REC.PROPRIOS PRIMARIOS DE LIVRE APLICACAO;3,879,919.00;;3,879,919.00;;3,879,919.00;0.00;3,879,919.00;3,879,919.00
2015;154003;FUND.COORD.DE APERF.DE PESSOAL NIVEL SUPERIOR;12;EDUCACAO;364;ENSINO SUPERIOR;2032;EDUCACAO SUPERIOR - GRADUACAO, POS-GRADUACAO, ENSINO, PESQUI;20GK;FOMENTO AS ACOES DE GRADUACAO, POS-GRADUACAO, ENSINO, PESQUI;0000;FOMENTO AS ACOES DE GRADUACAO, POS-GRADUACAO, ENSINO, PESQUISA E EXTENSAO;12364203220GK0001;087488;NCCCQN2041N;PARINTER - PRO-MOBILIDADE INTERNACIONAL;90;APLICACOES DIRETAS;3;DESPESAS CORRENTES;3;OUTRAS DESPESAS CORRENTES;18;AUXILIO FINANCEIRO A ESTUDANTES;339018;AUXILIO FINANCEIRO A ESTUDANTES;12;RECURSOS DEST.A MANUT.E DES.DO ENSINO;1,384,395.00;;1,384,395.00;;1,384,395.00;207,065.00;1,177,330.00;1,177,330.00
2015;154003;FUND.COORD.DE APERF.DE PESSOAL NIVEL SUPERIOR;12;EDUCACAO;364;ENSINO SUPERIOR;2032;EDUCACAO SUPERIOR - GRADUACAO, POS-GRADUACAO, ENSINO, PESQUI;20GK;FOMENTO AS ACOES DE GRADUACAO, POS-GRADUACAO, ENSINO, PESQUI;0000;FOMENTO AS ACOES DE GRADUACAO, POS-GRADUACAO, ENSINO, PESQUISA E EXTENSAO;12364203220GK0001;087488;NCCCUO1997N;BFSUPERIOR - PEC-PG;90;APLICACOES DIRETAS;3;DESPESAS CORRENTES;3;OUTRAS DESPESAS CORRENTES;18;AUXILIO FINANCEIRO A ESTUDANTES;339018;AUXILIO FINANCEIRO A ESTUDANTES;12;RECURSOS DEST.A MANUT.E DES.DO ENSINO;21327761.82;;21327761.82;;15652880.91;832,638.18;14820242.73;14743242.73
2015;154003;FUND.COORD.DE APERF.DE PESSOAL NIVEL SUPERIOR;12;EDUCACAO;364;ENSINO SUPERIOR;2032;EDUCACAO SUPERIOR - GRADUACAO, POS-GRADUACAO, ENSINO, PESQUI;20GK;FOMENTO AS ACOES DE GRADUACAO, POS-GRADUACAO, ENSINO, PESQUI;0000;FOMENTO AS ACOES DE GRADUACAO, POS-GRADUACAO, ENSINO, PESQUISA E EXTENSAO;12364203220GK0001;087488;NCCCUO2099N;BFSUPERIOR - ESCOLA DE ALTOS ESTUDOS;90;APLICACOES DIRETAS;4;DESPESAS DE CAPITAL;4;INVESTIMENTOS;20;AUXILIO FINANCEIRO A PESQUISADORES;449020;AUXILIO FINANCEIRO A PESQUISADORES;12;RECURSOS DEST.A MANUT.E DES.DO ENSINO;323,665.00;;323,665.00;;323,665.00;51,765.00;271,900.00;208,355.00
2015;154003;FUND.COORD.DE APERF.DE PESSOAL NIVEL SUPERIOR;12;EDUCACAO;364;ENSINO SUPERIOR;2032;EDUCACAO SUPERIOR - GRADUACAO, POS-GRADUACAO, ENSINO, PESQUI;20GK;FOMENTO AS ACOES DE GRADUACAO, POS-GRADUACAO, ENSINO, PESQUI;0000;FOMENTO AS ACOES DE GRADUACAO, POS-GRADUACAO, ENSINO, PESQUISA E EXTENSAO;12364203220GK0001;087488;NCCCUO2099N;BFSUPERIOR - ESCOLA DE ALTOS ESTUDOS;90;APLICACOES DIRETAS;4;DESPESAS DE CAPITAL;4;INVESTIMENTOS;;;;;50;REC.PROPRIOS PRIMARIOS DE LIVRE APLICACAO;31,129.00;;31,129.00;;35,576.00;4,447.00;31,129.00;31,129.00
2015;154003;FUND.COORD.DE APERF.DE PESSOAL NIVEL SUPERIOR;12;EDUCACAO;364;ENSINO SUPERIOR;2032;EDUCACAO SUPERIOR - GRADUACAO, POS-GRADUACAO, ENSINO, PESQUI;20GK;FOMENTO AS ACOES DE GRADUACAO, POS-GRADUACAO, ENSINO, PESQUI;0000;FOMENTO AS ACOES DE GRADUACAO, POS-GRADUACAO, ENSINO, PESQUISA E EXTENSAO;12364203220GK0001;087488;NCCCUO9401N;BFSUPERIOR - PRO-EQUIPAMENTOS;30;TRANSFER. A ESTADOS E AO DISTRITO FEDERAL;4;DESPESAS DE CAPITAL;4;INVESTIMENTOS;41;CONTRIBUICOES;443041;CONTRIBUICOES;12;RECURSOS DEST.A MANUT.E DES.DO ENSINO;32262109.01;;32262109.01;;32107109.01;22207873.86;9,899,235.15;
2015;154003;FUND.COORD.DE APERF.DE PESSOAL NIVEL SUPERIOR;12;EDUCACAO;364;ENSINO SUPERIOR;2032;EDUCACAO SUPERIOR - GRADUACAO, POS-GRADUACAO, ENSINO, PESQUI;20GK;FOMENTO AS ACOES DE GRADUACAO, POS-GRADUACAO, ENSINO, PESQUI;0000;FOMENTO AS ACOES DE GRADUACAO, POS-GRADUACAO, ENSINO, PESQUISA E EXTENSAO;12364203220GK0001;087488;NCCCUO9401N;BFSUPERIOR - PRO-EQUIPAMENTOS;40;TRANSFERENCIAS A MUNICIPIOS;4;DESPESAS DE CAPITAL;4;INVESTIMENTOS;41;CONTRIBUICOES;444041;CONTRIBUICOES;12;RECURSOS DEST.A MANUT.E DES.DO ENSINO;1,337,730.00;;1,337,730.00;;1,337,730.00;1,337,730.00;;
2015;154003;FUND.COORD.DE APERF.DE PESSOAL NIVEL SUPERIOR;12;EDUCACAO;364;ENSINO SUPERIOR;2032;EDUCACAO SUPERIOR - GRADUACAO, POS-GRADUACAO, ENSINO, PESQUI;20GK;FOMENTO AS ACOES DE GRADUACAO, POS-GRADUACAO, ENSINO, PESQUI;0000;FOMENTO AS ACOES DE GRADUACAO, POS-GRADUACAO, ENSINO, PESQUISA E EXTENSAO;12364203220GK0001;087488;NCCCUO9401N;BFSUPERIOR - PRO-EQUIPAMENTOS;50;TRANSFERENCIA INSTITUICOES PRIVADAS SEM FINS LUCRATIVOS;3;DESPESAS CORRENTES;3;OUTRAS DESPESAS CORRENTES;41;CONTRIBUICOES;335041;CONTRIBUICOES;12;RECURSOS DEST.A MANUT.E DES.DO ENSINO;6,745,737.24;;6,745,737.24;;;;;
2015;154003;FUND.COORD.DE APERF.DE PESSOAL NIVEL SUPERIOR;12;EDUCACAO;364;ENSINO SUPERIOR;2032;EDUCACAO SUPERIOR - GRADUACAO, POS-GRADUACAO, ENSINO, PESQUI;20GK;FOMENTO AS ACOES DE GRADUACAO, POS-GRADUACAO, ENSINO, PESQUI;0000;FOMENTO AS ACOES DE GRADUACAO, POS-GRADUACAO, ENSINO, PESQUISA E EXTENSAO;12364203220GK0001;087488;NCCCUO9401N;BFSUPERIOR - PRO-EQUIPAMENTOS;50;TRANSFERENCIA INSTITUICOES PRIVADAS SEM FINS LUCRATIVOS;4;DESPESAS DE CAPITAL;4;INVESTIMENTOS;41;CONTRIBUICOES;445041;CONTRIBUICOES;12;RECURSOS DEST.A MANUT.E DES.DO ENSINO;4,329,742.60;;4,329,742.60;;2,863,742.60;2,863,742.60;;
2015;154003;FUND.COORD.DE APERF.DE PESSOAL NIVEL SUPERIOR;12;EDUCACAO;364;ENSINO SUPERIOR;2032;EDUCACAO SUPERIOR - GRADUACAO, POS-GRADUACAO, ENSINO, PESQUI;20GK;FOMENTO AS ACOES DE GRADUACAO, POS-GRADUACAO, ENSINO, PESQUI;0000;FOMENTO AS ACOES DE GRADUACAO, POS-GRADUACAO, ENSINO, PESQUISA E EXTENSAO;12364203220GK0001;087488;NCCCUO9401N;BFSUPERIOR - PRO-EQUIPAMENTOS;50;TRANSFERENCIA INSTITUICOES PRIVADAS SEM FINS LUCRATIVOS;4;DESPESAS DE CAPITAL;4;INVESTIMENTOS;;;;;50;REC.PROPRIOS PRIMARIOS DE LIVRE APLICACAO;330,000.00;;330,000.00;;330,000.00;330,000.00;;
2015;154003;FUND.COORD.DE APERF.DE PESSOAL NIVEL SUPERIOR;12;EDUCACAO;364;ENSINO SUPERIOR;2032;EDUCACAO SUPERIOR - GRADUACAO, POS-GRADUACAO, ENSINO, PESQUI;20GK;FOMENTO AS ACOES DE GRADUACAO, POS-GRADUACAO, ENSINO, PESQUI;0000;FOMENTO AS ACOES DE GRADUACAO, POS-GRADUACAO, ENSINO, PESQUISA E EXTENSAO;12364203220GK0001;087488;NCCCVO20PEN;CSF - PVES-PESQUISADOR VISITANTE ESPECIAL;90;APLICACOES DIRETAS;4;DESPESAS DE CAPITAL;4;INVESTIMENTOS;20;AUXILIO FINANCEIRO A PESQUISADORES;449020;AUXILIO FINANCEIRO A PESQUISADORES;50;REC.PROPRIOS PRIMARIOS DE LIVRE APLICACAO;160,000.00;;160,000.00;;160,000.00;40,000.00;;
2015;154003;FUND.COORD.DE APERF.DE PESSOAL NIVEL SUPERIOR;12;EDUCACAO;364;ENSINO SUPERIOR;2032;EDUCACAO SUPERIOR - GRADUACAO, POS-GRADUACAO, ENSINO, PESQUI;20GK;FOMENTO AS ACOES DE GRADUACAO, POS-GRADUACAO, ENSINO, PESQUI;0000;FOMENTO AS ACOES DE GRADUACAO, POS-GRADUACAO, ENSINO, PESQUISA E EXTENSAO;12364203220GK0001;087488;OCCCGO2002N;PARNACION - CAPES/FAPITEC;90;APLICACOES DIRETAS;3;DESPESAS CORRENTES;3;OUTRAS DESPESAS CORRENTES;20;AUXILIO FINANCEIRO A PESQUISADORES;339020;AUXILIO FINANCEIRO A PESQUISADORES;12;RECURSOS DEST.A MANUT.E DES.DO ENSINO;1,779,592.55;;1,779,592.55;;1,748,112.55;0.00;1,748,112.55;1,748,112.55
2015;154003;FUND.COORD.DE APERF.DE PESSOAL NIVEL SUPERIOR;12;EDUCACAO;364;ENSINO SUPERIOR;2032;EDUCACAO SUPERIOR - GRADUACAO, POS-GRADUACAO, ENSINO, PESQUI;20GK;FOMENTO AS ACOES DE GRADUACAO, POS-GRADUACAO, ENSINO, PESQUI;0000;FOMENTO AS ACOES DE GRADUACAO, POS-GRADUACAO, ENSINO, PESQUISA E EXTENSAO;12364203220GK0001;087488;OCCCGO2006N;PARNACION - CAPES/FAPEMIG;90;APLICACOES DIRETAS;3;DESPESAS CORRENTES;3;OUTRAS DESPESAS CORRENTES;20;AUXILIO FINANCEIRO A PESQUISADORES;339020;AUXILIO FINANCEIRO A PESQUISADORES;12;RECURSOS DEST.A MANUT.E DES.DO ENSINO;3,278,804.70;;3,278,804.70;;3,278,804.70;0.00;3,278,804.70;3,278,804.70
2015;154003;FUND.COORD.DE APERF.DE PESSOAL NIVEL SUPERIOR;12;EDUCACAO;364;ENSINO SUPERIOR;2032;EDUCACAO SUPERIOR - GRADUACAO, POS-GRADUACAO, ENSINO, PESQUI;20GK;FOMENTO AS ACOES DE GRADUACAO, POS-GRADUACAO, ENSINO, PESQUI;0000;FOMENTO AS ACOES DE GRADUACAO, POS-GRADUACAO, ENSINO, PESQUISA E EXTENSAO;12364203220GK0001;087488;OCCCGO2014N;PARNACION - CAPES/FAPERN;90;APLICACOES DIRETAS;3;DESPESAS CORRENTES;3;OUTRAS DESPESAS CORRENTES;20;AUXILIO FINANCEIRO A PESQUISADORES;339020;AUXILIO FINANCEIRO A PESQUISADORES;12;RECURSOS DEST.A MANUT.E DES.DO ENSINO;800,000.00;;800,000.00;;800,000.00;67,500.00;650,000.00;650,000.00
2015;154003;FUND.COORD.DE APERF.DE PESSOAL NIVEL SUPERIOR;12;EDUCACAO;364;ENSINO SUPERIOR;2032;EDUCACAO SUPERIOR - GRADUACAO, POS-GRADUACAO, ENSINO, PESQUI;20GK;FOMENTO AS ACOES DE GRADUACAO, POS-GRADUACAO, ENSINO, PESQUI;0000;FOMENTO AS ACOES DE GRADUACAO, POS-GRADUACAO, ENSINO, PESQUISA E EXTENSAO;12364203220GK0001;087488;OCCCGO2016N;PARNACION - CAPES/FUNCAP;90;APLICACOES DIRETAS;3;DESPESAS CORRENTES;3;OUTRAS DESPESAS CORRENTES;20;AUXILIO FINANCEIRO A PESQUISADORES;339020;AUXILIO FINANCEIRO A PESQUISADORES;12;RECURSOS DEST.A MANUT.E DES.DO ENSINO;5,255,174.95;;5,255,174.95;;5,255,174.95;280,951.00;4,722,004.95;4,722,004.95
2015;154003;FUND.COORD.DE APERF.DE PESSOAL NIVEL SUPERIOR;12;EDUCACAO;364;ENSINO SUPERIOR;2032;EDUCACAO SUPERIOR - GRADUACAO, POS-GRADUACAO, ENSINO, PESQUI;20GK;FOMENTO AS ACOES DE GRADUACAO, POS-GRADUACAO, ENSINO, PESQUI;0000;FOMENTO AS ACOES DE GRADUACAO, POS-GRADUACAO, ENSINO, PESQUISA E EXTENSAO;12364203220GK0001;087488;OCCCGO2019N;PARNACION - CAPES/FAPEG;90;APLICACOES DIRETAS;3;DESPESAS CORRENTES;3;OUTRAS DESPESAS CORRENTES;20;AUXILIO FINANCEIRO A PESQUISADORES;339020;AUXILIO FINANCEIRO A PESQUISADORES;12;RECURSOS DEST.A MANUT.E DES.DO ENSINO;2,198,725.50;;2,198,725.50;;1,792,585.50;78,270.00;1,596,910.50;1,593,110.50
2015;154003;FUND.COORD.DE APERF.DE PESSOAL NIVEL SUPERIOR;12;EDUCACAO;364;ENSINO SUPERIOR;2032;EDUCACAO SUPERIOR - GRADUACAO, POS-GRADUACAO, ENSINO, PESQUI;20GK;FOMENTO AS ACOES DE GRADUACAO, POS-GRADUACAO, ENSINO, PESQUI;0000;FOMENTO AS ACOES DE GRADUACAO, POS-GRADUACAO, ENSINO, PESQUISA E EXTENSAO;12364203220GK0001;087488;OCCCGO2021N;PARNACION - CAPES/FAPESB;90;APLICACOES DIRETAS;3;DESPESAS CORRENTES;3;OUTRAS DESPESAS CORRENTES;20;AUXILIO FINANCEIRO A PESQUISADORES;339020;AUXILIO FINANCEIRO A PESQUISADORES;12;RECURSOS DEST.A MANUT.E DES.DO ENSINO;1,250,061.65;;1,250,061.65;;1,227,891.65;0.00;1,227,891.65;1,227,891.65
2015;154003;FUND.COORD.DE APERF.DE PESSOAL NIVEL SUPERIOR;12;EDUCACAO;364;ENSINO SUPERIOR;2032;EDUCACAO SUPERIOR - GRADUACAO, POS-GRADUACAO, ENSINO, PESQUI;20GK;FOMENTO AS ACOES DE GRADUACAO, POS-GRADUACAO, ENSINO, PESQUI;0000;FOMENTO AS ACOES DE GRADUACAO, POS-GRADUACAO, ENSINO, PESQUISA E EXTENSAO;12364203220GK0001;087488;OCCCGO2026N;PARNACION - CAPES/ITA;90;APLICACOES DIRETAS;3;DESPESAS CORRENTES;3;OUTRAS DESPESAS CORRENTES;20;AUXILIO FINANCEIRO A PESQUISADORES;339020;AUXILIO FINANCEIRO A PESQUISADORES;12;RECURSOS DEST.A MANUT.E DES.DO ENSINO;1,296,000.00;;1,296,000.00;;1,296,000.00;0.00;1,296,000.00;1,296,000.00
2015;154003;FUND.COORD.DE APERF.DE PESSOAL NIVEL SUPERIOR;12;EDUCACAO;364;ENSINO SUPERIOR;2032;EDUCACAO SUPERIOR - GRADUACAO, POS-GRADUACAO, ENSINO, PESQUI;20GK;FOMENTO AS ACOES DE GRADUACAO, POS-GRADUACAO, ENSINO, PESQUI;0000;FOMENTO AS ACOES DE GRADUACAO, POS-GRADUACAO, ENSINO, PESQUISA E EXTENSAO;12364203220GK0001;087488;OCCCGO2036N;PARNACION - CAPES/FAPCO;90;APLICACOES DIRETAS;3;DESPESAS CORRENTES;3;OUTRAS DESPESAS CORRENTES;20;AUXILIO FINANCEIRO A PESQUISADORES;339020;AUXILIO FINANCEIRO A PESQUISADORES;12;RECURSOS DEST.A MANUT.E DES.DO ENSINO;532,000.00;;532,000.00;;532,000.00;0.00;532,000.00;532,000.00
2015;154003;FUND.COORD.DE APERF.DE PESSOAL NIVEL SUPERIOR;12;EDUCACAO;364;ENSINO SUPERIOR;2032;EDUCACAO SUPERIOR - GRADUACAO, POS-GRADUACAO, ENSINO, PESQUI;20GK;FOMENTO AS ACOES DE GRADUACAO, POS-GRADUACAO, ENSINO, PESQUI;0000;FOMENTO AS ACOES DE GRADUACAO, POS-GRADUACAO, ENSINO, PESQUISA E EXTENSAO;12364203220GK0001;087488;OCCCGV2004N;PARNACION - CAPES/FACEPE;90;APLICACOES DIRETAS;3;DESPESAS CORRENTES;3;OUTRAS DESPESAS CORRENTES;20;AUXILIO FINANCEIRO A PESQUISADORES;339020;AUXILIO FINANCEIRO A PESQUISADORES;12;RECURSOS DEST.A MANUT.E DES.DO ENSINO;511,200.00;;511,200.00;;511,200.00;43,200.00;403,200.00;403,200.00
2015;154003;FUND.COORD.DE APERF.DE PESSOAL NIVEL SUPERIOR;12;EDUCACAO;364;ENSINO SUPERIOR;2032;EDUCACAO SUPERIOR - GRADUACAO, POS-GRADUACAO, ENSINO, PESQUI;20GK;FOMENTO AS ACOES DE GRADUACAO, POS-GRADUACAO, ENSINO, PESQUI;0000;FOMENTO AS ACOES DE GRADUACAO, POS-GRADUACAO, ENSINO, PESQUISA E EXTENSAO;12364203220GK0001;087488;OCCCGV2011N;PARNACION - POS DOC SUS (PNPDS;90;APLICACOES DIRETAS;3;DESPESAS CORRENTES;3;OUTRAS DESPESAS CORRENTES;20;AUXILIO FINANCEIRO A PESQUISADORES;339020;AUXILIO FINANCEIRO A PESQUISADORES;12;RECURSOS DEST.A MANUT.E DES.DO ENSINO;3,266,758.80;;3,266,758.80;;3,266,758.80;100,000.00;3,166,758.80;3,066,758.80
2015;154003;FUND.COORD.DE APERF.DE PESSOAL NIVEL SUPERIOR;12;EDUCACAO;364;ENSINO SUPERIOR;2032;EDUCACAO SUPERIOR - GRADUACAO, POS-GRADUACAO, ENSINO, PESQUI;20GK;FOMENTO AS ACOES DE GRADUACAO, POS-GRADUACAO, ENSINO, PESQUI;0000;FOMENTO AS ACOES DE GRADUACAO, POS-GRADUACAO, ENSINO, PESQUISA E EXTENSAO;12364203220GK0001;087488;OCCCUN9902N;BFSUPERIOR - PAEP;90;APLICACOES DIRETAS;3;DESPESAS CORRENTES;3;OUTRAS DESPESAS CORRENTES;20;AUXILIO FINANCEIRO A PESQUISADORES;339020;AUXILIO FINANCEIRO A PESQUISADORES;12;RECURSOS DEST.A MANUT.E DES.DO ENSINO;217597887.71;;217597887.71;;215538813.67;10545037.16;204942776.51;190838676.51
2015;154003;FUND.COORD.DE APERF.DE PESSOAL NIVEL SUPERIOR;12;EDUCACAO;364;ENSINO SUPERIOR;2032;EDUCACAO SUPERIOR - GRADUACAO, POS-GRADUACAO, ENSINO, PESQUI;20GK;FOMENTO AS ACOES DE GRADUACAO, POS-GRADUACAO, ENSINO, PESQUI;0000;FOMENTO AS ACOES DE GRADUACAO, POS-GRADUACAO, ENSINO, PESQUISA E EXTENSAO;12364203220GK0001;087488;OCCCUN9902N;BFSUPERIOR - PAEP;90;APLICACOES DIRETAS;3;DESPESAS CORRENTES;3;OUTRAS DESPESAS CORRENTES;;;;;50;REC.PROPRIOS PRIMARIOS DE LIVRE APLICACAO;25419660.26;;25419660.26;;22183768.47;3,068,900.00;17840805.64;17840805.64
2015;154003;FUND.COORD.DE APERF.DE PESSOAL NIVEL SUPERIOR;12;EDUCACAO;364;ENSINO SUPERIOR;2032;EDUCACAO SUPERIOR - GRADUACAO, POS-GRADUACAO, ENSINO, PESQUI;20GK;FOMENTO AS ACOES DE GRADUACAO, POS-GRADUACAO, ENSINO, PESQUI;0000;FOMENTO AS ACOES DE GRADUACAO, POS-GRADUACAO, ENSINO, PESQUISA E EXTENSAO;12364203220GK0001;087488;OCCCUN9902N;BFSUPERIOR - PAEP;90;APLICACOES DIRETAS;3;DESPESAS CORRENTES;3;OUTRAS DESPESAS CORRENTES;;;;;80;RECURSOS PROPRIOS FINANCEIROS;49711985.16;;49711985.16;;51344470.34;2,046,256.02;49298214.32;49168214.32
2015;154003;FUND.COORD.DE APERF.DE PESSOAL NIVEL SUPERIOR;12;EDUCACAO;364;ENSINO SUPERIOR;2032;EDUCACAO SUPERIOR - GRADUACAO, POS-GRADUACAO, ENSINO, PESQUI;20GK;FOMENTO AS ACOES DE GRADUACAO, POS-GRADUACAO, ENSINO, PESQUI;0000;FOMENTO AS ACOES DE GRADUACAO, POS-GRADUACAO, ENSINO, PESQUISA E EXTENSAO;12364203220GK0001;087488;OCCCUN9902N;BFSUPERIOR - PAEP;90;APLICACOES DIRETAS;3;DESPESAS CORRENTES;3;OUTRAS DESPESAS CORRENTES;92;DESPESAS DE EXERCICIOS ANTERIORES;339092;DESPESAS DE EXERCICIOS ANTERIORES;12;RECURSOS DEST.A MANUT.E DES.DO ENSINO;778,404.50;;778,404.50;;776,005.00;0.00;776,005.00;776,005.00
2015;154003;FUND.COORD.DE APERF.DE PESSOAL NIVEL SUPERIOR;12;EDUCACAO;364;ENSINO SUPERIOR;2032;EDUCACAO SUPERIOR - GRADUACAO, POS-GRADUACAO, ENSINO, PESQUI;20GK;FOMENTO AS ACOES DE GRADUACAO, POS-GRADUACAO, ENSINO, PESQUI;0000;FOMENTO AS ACOES DE GRADUACAO, POS-GRADUACAO, ENSINO, PESQUISA E EXTENSAO;12364203220GK0001;087488;OCCCUO2006N;BFSUPERIOR - TOXINOLOGIA;90;APLICACOES DIRETAS;3;DESPESAS CORRENTES;3;OUTRAS DESPESAS CORRENTES;20;AUXILIO FINANCEIRO A PESQUISADORES;339020;AUXILIO FINANCEIRO A PESQUISADORES;12;RECURSOS DEST.A MANUT.E DES.DO ENSINO;200,000.00;;200,000.00;;200,000.00;0.00;200,000.00;200,000.00
2015;154003;FUND.COORD.DE APERF.DE PESSOAL NIVEL SUPERIOR;12;EDUCACAO;364;ENSINO SUPERIOR;2032;EDUCACAO SUPERIOR - GRADUACAO, POS-GRADUACAO, ENSINO, PESQUI;20GK;FOMENTO AS ACOES DE GRADUACAO, POS-GRADUACAO, ENSINO, PESQUI;0000;FOMENTO AS ACOES DE GRADUACAO, POS-GRADUACAO, ENSINO, PESQUISA E EXTENSAO;12364203220GK0001;087488;OCCCUO2007N;BFSUPERIOR - CIENCIAS DO MAR;90;APLICACOES DIRETAS;3;DESPESAS CORRENTES;3;OUTRAS DESPESAS CORRENTES;20;AUXILIO FINANCEIRO A PESQUISADORES;339020;AUXILIO FINANCEIRO A PESQUISADORES;12;RECURSOS DEST.A MANUT.E DES.DO ENSINO;4,599,768.25;;4,599,768.25;;4,599,768.25;0.00;4,599,768.25;4,599,768.25
2015;154003;FUND.COORD.DE APERF.DE PESSOAL NIVEL SUPERIOR;12;EDUCACAO;364;ENSINO SUPERIOR;2032;EDUCACAO SUPERIOR - GRADUACAO, POS-GRADUACAO, ENSINO, PESQUI;20GK;FOMENTO AS ACOES DE GRADUACAO, POS-GRADUACAO, ENSINO, PESQUI;0000;FOMENTO AS ACOES DE GRADUACAO, POS-GRADUACAO, ENSINO, PESQUISA E EXTENSAO;12364203220GK0001;087488;OCCCUO2007N;BFSUPERIOR - CIENCIAS DO MAR;90;APLICACOES DIRETAS;4;DESPESAS DE CAPITAL;4;INVESTIMENTOS;20;AUXILIO FINANCEIRO A PESQUISADORES;449020;AUXILIO FINANCEIRO A PESQUISADORES;12;RECURSOS DEST.A MANUT.E DES.DO ENSINO;400,000.00;;400,000.00;;400,000.00;240,000.00;160,000.00;
2015;154003;FUND.COORD.DE APERF.DE PESSOAL NIVEL SUPERIOR;12;EDUCACAO;364;ENSINO SUPERIOR;2032;EDUCACAO SUPERIOR - GRADUACAO, POS-GRADUACAO, ENSINO, PESQUI;20GK;FOMENTO AS ACOES DE GRADUACAO, POS-GRADUACAO, ENSINO, PESQUI;0000;FOMENTO AS ACOES DE GRADUACAO, POS-GRADUACAO, ENSINO, PESQUISA E EXTENSAO;12364203220GK0001;087488;OCCCUO2020N;BFSUPERIOR - PARASITOLOGIA BASICA;90;APLICACOES DIRETAS;3;DESPESAS CORRENTES;3;OUTRAS DESPESAS CORRENTES;20;AUXILIO FINANCEIRO A PESQUISADORES;339020;AUXILIO FINANCEIRO A PESQUISADORES;12;RECURSOS DEST.A MANUT.E DES.DO ENSINO;349,996.50;;349,996.50;;349,996.50;0.00;349,996.50;349,996.50
2015;154003;FUND.COORD.DE APERF.DE PESSOAL NIVEL SUPERIOR;12;EDUCACAO;364;ENSINO SUPERIOR;2032;EDUCACAO SUPERIOR - GRADUACAO, POS-GRADUACAO, ENSINO, PESQUI;20GK;FOMENTO AS ACOES DE GRADUACAO, POS-GRADUACAO, ENSINO, PESQUI;0000;FOMENTO AS ACOES DE GRADUACAO, POS-GRADUACAO, ENSINO, PESQUISA E EXTENSAO;12364203220GK0001;087488;OCCCUO2027N;BFSUPERIOR - BIOCOMPUT;90;APLICACOES DIRETAS;3;DESPESAS CORRENTES;3;OUTRAS DESPESAS CORRENTES;20;AUXILIO FINANCEIRO A PESQUISADORES;339020;AUXILIO FINANCEIRO A PESQUISADORES;12;RECURSOS DEST.A MANUT.E DES.DO ENSINO;3,200,000.00;;3,200,000.00;;3,200,000.00;181,250.00;2,746,875.00;2,746,875.00
2015;154003;FUND.COORD.DE APERF.DE PESSOAL NIVEL SUPERIOR;12;EDUCACAO;364;ENSINO SUPERIOR;2032;EDUCACAO SUPERIOR - GRADUACAO, POS-GRADUACAO, ENSINO, PESQUI;20GK;FOMENTO AS ACOES DE GRADUACAO, POS-GRADUACAO, ENSINO, PESQUI;0000;FOMENTO AS ACOES DE GRADUACAO, POS-GRADUACAO, ENSINO, PESQUISA E EXTENSAO;12364203220GK0001;087488;OCCCUO2028N;BFSUPERIOR - IODP;90;APLICACOES DIRETAS;3;DESPESAS CORRENTES;3;OUTRAS DESPESAS CORRENTES;20;AUXILIO FINANCEIRO A PESQUISADORES;339020;AUXILIO FINANCEIRO A PESQUISADORES;12;RECURSOS DEST.A MANUT.E DES.DO ENSINO;91590000.00;;91590000.00;;;;;
2015;154003;FUND.COORD.DE APERF.DE PESSOAL NIVEL SUPERIOR;12;EDUCACAO;364;ENSINO SUPERIOR;2032;EDUCACAO SUPERIOR - GRADUACAO, POS-GRADUACAO, ENSINO, PESQUI;20GK;FOMENTO AS ACOES DE GRADUACAO, POS-GRADUACAO, ENSINO, PESQUI;0000;FOMENTO AS ACOES DE GRADUACAO, POS-GRADUACAO, ENSINO, PESQUISA E EXTENSAO;12364203220GK0001;087488;OCCCUO2029N;BFSUPERIOR - PRO ALERTAS;90;APLICACOES DIRETAS;3;DESPESAS CORRENTES;3;OUTRAS DESPESAS CORRENTES;20;AUXILIO FINANCEIRO A PESQUISADORES;339020;AUXILIO FINANCEIRO A PESQUISADORES;12;RECURSOS DEST.A MANUT.E DES.DO ENSINO;1,126,400.00;;1,126,400.00;;1,126,400.00;66,877.00;986,815.00;986,815.00
2015;154003;FUND.COORD.DE APERF.DE PESSOAL NIVEL SUPERIOR;12;EDUCACAO;364;ENSINO SUPERIOR;2032;EDUCACAO SUPERIOR - GRADUACAO, POS-GRADUACAO, ENSINO, PESQUI;20GK;FOMENTO AS ACOES DE GRADUACAO, POS-GRADUACAO, ENSINO, PESQUI;0000;FOMENTO AS ACOES DE GRADUACAO, POS-GRADUACAO, ENSINO, PESQUISA E EXTENSAO;12364203220GK0001;087488;OCCCUO2036N;BFSUPERIOR - PRO-FORENSES;90;APLICACOES DIRETAS;3;DESPESAS CORRENTES;3;OUTRAS DESPESAS CORRENTES;20;AUXILIO FINANCEIRO A PESQUISADORES;339020;AUXILIO FINANCEIRO A PESQUISADORES;12;RECURSOS DEST.A MANUT.E DES.DO ENSINO;4,855,374.99;;4,855,374.99;;4,643,514.99;24,196.75;4,619,318.24;4,619,318.24
2015;154003;FUND.COORD.DE APERF.DE PESSOAL NIVEL SUPERIOR;12;EDUCACAO;364;ENSINO SUPERIOR;2032;EDUCACAO SUPERIOR - GRADUACAO, POS-GRADUACAO, ENSINO, PESQUI;20GK;FOMENTO AS ACOES DE GRADUACAO, POS-GRADUACAO, ENSINO, PESQUI;0000;FOMENTO AS ACOES DE GRADUACAO, POS-GRADUACAO, ENSINO, PESQUISA E EXTENSAO;12364203220GK0001;087488;OCCCUO2036N;BFSUPERIOR - PRO-FORENSES;90;APLICACOES DIRETAS;4;DESPESAS DE CAPITAL;4;INVESTIMENTOS;20;AUXILIO FINANCEIRO A PESQUISADORES;449020;AUXILIO FINANCEIRO A PESQUISADORES;12;RECURSOS DEST.A MANUT.E DES.DO ENSINO;4,442,012.75;;4,442,012.75;;3,914,836.00;527,176.75;3,387,659.25;2,106,129.00
2015;154003;FUND.COORD.DE APERF.DE PESSOAL NIVEL SUPERIOR;12;EDUCACAO;364;ENSINO SUPERIOR;2032;EDUCACAO SUPERIOR - GRADUACAO, POS-GRADUACAO, ENSINO, PESQUI;20GK;FOMENTO AS ACOES DE GRADUACAO, POS-GRADUACAO, ENSINO, PESQUI;0000;FOMENTO AS ACOES DE GRADUACAO, POS-GRADUACAO, ENSINO, PESQUISA E EXTENSAO;12364203220GK0001;087488;OCCCUO2036N;BFSUPERIOR - PRO-FORENSES;90;APLICACOES DIRETAS;4;DESPESAS DE CAPITAL;4;INVESTIMENTOS;;;;;50;REC.PROPRIOS PRIMARIOS DE LIVRE APLICACAO;2,197,040.00;;2,197,040.00;;2,121,120.00;0.00;2,121,120.00;2,045,200.00
2015;154003;FUND.COORD.DE APERF.DE PESSOAL NIVEL SUPERIOR;12;EDUCACAO;364;ENSINO SUPERIOR;2032;EDUCACAO SUPERIOR - GRADUACAO, POS-GRADUACAO, ENSINO, PESQUI;20GK;FOMENTO AS ACOES DE GRADUACAO, POS-GRADUACAO, ENSINO, PESQUI;0000;FOMENTO AS ACOES DE GRADUACAO, POS-GRADUACAO, ENSINO, PESQUISA E EXTENSAO;12364203220GK0001;087488;OCCCUO9403N;BFSUPERIOR - PROEX;90;APLICACOES DIRETAS;3;DESPESAS CORRENTES;3;OUTRAS DESPESAS CORRENTES;20;AUXILIO FINANCEIRO A PESQUISADORES;339020;AUXILIO FINANCEIRO A PESQUISADORES;12;RECURSOS DEST.A MANUT.E DES.DO ENSINO;0.00;;0.00;;;;;
2015;154003;FUND.COORD.DE APERF.DE PESSOAL NIVEL SUPERIOR;12;EDUCACAO;364;ENSINO SUPERIOR;2032;EDUCACAO SUPERIOR - GRADUACAO, POS-GRADUACAO, ENSINO, PESQUI;20GK;FOMENTO AS ACOES DE GRADUACAO, POS-GRADUACAO, ENSINO, PESQUI;0000;FOMENTO AS ACOES DE GRADUACAO, POS-GRADUACAO, ENSINO, PESQUISA E EXTENSAO;12364203220GK0001;087488;OCCCUO9403N;BFSUPERIOR - PROEX;90;APLICACOES DIRETAS;4;DESPESAS DE CAPITAL;4;INVESTIMENTOS;20;AUXILIO FINANCEIRO A PESQUISADORES;449020;AUXILIO FINANCEIRO A PESQUISADORES;12;RECURSOS DEST.A MANUT.E DES.DO ENSINO;4,207,864.24;;4,207,864.24;;2,405,925.68;804,080.56;1,601,845.12;0.00
2015;154003;FUND.COORD.DE APERF.DE PESSOAL NIVEL SUPERIOR;12;EDUCACAO;364;ENSINO SUPERIOR;2032;EDUCACAO SUPERIOR - GRADUACAO, POS-GRADUACAO, ENSINO, PESQUI;20GK;FOMENTO AS ACOES DE GRADUACAO, POS-GRADUACAO, ENSINO, PESQUI;0000;FOMENTO AS ACOES DE GRADUACAO, POS-GRADUACAO, ENSINO, PESQUISA E EXTENSAO;12364203220GK0001;087488;OCCCUO9403N;BFSUPERIOR - PROEX;90;APLICACOES DIRETAS;4;DESPESAS DE CAPITAL;4;INVESTIMENTOS;;;;;50;REC.PROPRIOS PRIMARIOS DE LIVRE APLICACAO;50.00;;50.00;;45.00;43.00;2.00;
2015;154003;FUND.COORD.DE APERF.DE PESSOAL NIVEL SUPERIOR;12;EDUCACAO;364;ENSINO SUPERIOR;2032;EDUCACAO SUPERIOR - GRADUACAO, POS-GRADUACAO, ENSINO, PESQUI;20GK;FOMENTO AS ACOES DE GRADUACAO, POS-GRADUACAO, ENSINO, PESQUI;0000;FOMENTO AS ACOES DE GRADUACAO, POS-GRADUACAO, ENSINO, PESQUISA E EXTENSAO;12364203220GK0001;087488;VCC80N99GAN;ADMINISTRACAO CAPES -DGES;90;APLICACOES DIRETAS;3;DESPESAS CORRENTES;3;OUTRAS DESPESAS CORRENTES;04;CONTRATACAO POR TEMPO DETERMINADO - PES.CIVIL;339004;CONTRATACAO POR TEMPO DETERMINADO;12;RECURSOS DEST.A MANUT.E DES.DO ENSINO;0.00;;0.00;;0.00;0.00;;
2015;154003;FUND.COORD.DE APERF.DE PESSOAL NIVEL SUPERIOR;12;EDUCACAO;364;ENSINO SUPERIOR;2032;EDUCACAO SUPERIOR - GRADUACAO, POS-GRADUACAO, ENSINO, PESQUI;20GK;FOMENTO AS ACOES DE GRADUACAO, POS-GRADUACAO, ENSINO, PESQUI;0000;FOMENTO AS ACOES DE GRADUACAO, POS-GRADUACAO, ENSINO, PESQUISA E EXTENSAO;12364203220GK0001;087488;VCC80N99GAN;ADMINISTRACAO CAPES -DGES;90;APLICACOES DIRETAS;3;DESPESAS CORRENTES;3;OUTRAS DESPESAS CORRENTES;30;MATERIAL DE CONSUMO;339030;MATERIAL DE CONSUMO;12;RECURSOS DEST.A MANUT.E DES.DO ENSINO;63,000.00;;63,000.00;;63,000.00;12,600.00;50,400.00;50,400.00
2015;154003;FUND.COORD.DE APERF.DE PESSOAL NIVEL SUPERIOR;12;EDUCACAO;364;ENSINO SUPERIOR;2032;EDUCACAO SUPERIOR - GRADUACAO, POS-GRADUACAO, ENSINO, PESQUI;20GK;FOMENTO AS ACOES DE GRADUACAO, POS-GRADUACAO, ENSINO, PESQUI;0000;FOMENTO AS ACOES DE GRADUACAO, POS-GRADUACAO, ENSINO, PESQUISA E EXTENSAO;12364203220GK0001;087488;VCC80N99GAN;ADMINISTRACAO CAPES -DGES;90;APLICACOES DIRETAS;3;DESPESAS CORRENTES;3;OUTRAS DESPESAS CORRENTES;;;;;80;RECURSOS PROPRIOS FINANCEIROS;63,684.80;;63,684.80;;63,684.80;15,921.20;47,763.60;47,763.60
2015;154003;FUND.COORD.DE APERF.DE PESSOAL NIVEL SUPERIOR;12;EDUCACAO;364;ENSINO SUPERIOR;2032;EDUCACAO SUPERIOR - GRADUACAO, POS-GRADUACAO, ENSINO, PESQUI;20GK;FOMENTO AS ACOES DE GRADUACAO, POS-GRADUACAO, ENSINO, PESQUI;0000;FOMENTO AS ACOES DE GRADUACAO, POS-GRADUACAO, ENSINO, PESQUISA E EXTENSAO;12364203220GK0001;087488;VCC80N99GAN;ADMINISTRACAO CAPES -DGES;90;APLICACOES DIRETAS;3;DESPESAS CORRENTES;3;OUTRAS DESPESAS CORRENTES;36;OUTROS SERVICOS DE TERCEIROS - P.FISICA;339036;OUTROS SERVICOS DE TERCEIROS - PESSOA FISICA;12;RECURSOS DEST.A MANUT.E DES.DO ENSINO;0.00;;0.00;;0.00;0.00;;
2015;154003;FUND.COORD.DE APERF.DE PESSOAL NIVEL SUPERIOR;12;EDUCACAO;364;ENSINO SUPERIOR;2032;EDUCACAO SUPERIOR - GRADUACAO, POS-GRADUACAO, ENSINO, PESQUI;20GK;FOMENTO AS ACOES DE GRADUACAO, POS-GRADUACAO, ENSINO, PESQUI;0000;FOMENTO AS ACOES DE GRADUACAO, POS-GRADUACAO, ENSINO, PESQUISA E EXTENSAO;12364203220GK0001;087488;VCC80N99GAN;ADMINISTRACAO CAPES -DGES;90;APLICACOES DIRETAS;3;DESPESAS CORRENTES;3;OUTRAS DESPESAS CORRENTES;37;LOCACAO DE MAO-DE-OBRA;339037;LOCACAO DE MAO-DE-OBRA;12;RECURSOS DEST.A MANUT.E DES.DO ENSINO;24548603.95;;24548603.95;;24132957.95;1,630,467.83;19899476.61;19899476.61
2015;154003;FUND.COORD.DE APERF.DE PESSOAL NIVEL SUPERIOR;12;EDUCACAO;364;ENSINO SUPERIOR;2032;EDUCACAO SUPERIOR - GRADUACAO, POS-GRADUACAO, ENSINO, PESQUI;20GK;FOMENTO AS ACOES DE GRADUACAO, POS-GRADUACAO, ENSINO, PESQUI;0000;FOMENTO AS ACOES DE GRADUACAO, POS-GRADUACAO, ENSINO, PESQUISA E EXTENSAO;12364203220GK0001;087488;VCC80N99GAN;ADMINISTRACAO CAPES -DGES;90;APLICACOES DIRETAS;3;DESPESAS CORRENTES;3;OUTRAS DESPESAS CORRENTES;;;;;50;REC.PROPRIOS PRIMARIOS DE LIVRE APLICACAO;10653491.68;;10653491.68;;10653491.68;2,663,372.92;3,776,774.70;3,776,774.70
2015;154003;FUND.COORD.DE APERF.DE PESSOAL NIVEL SUPERIOR;12;EDUCACAO;364;ENSINO SUPERIOR;2032;EDUCACAO SUPERIOR - GRADUACAO, POS-GRADUACAO, ENSINO, PESQUI;20GK;FOMENTO AS ACOES DE GRADUACAO, POS-GRADUACAO, ENSINO, PESQUI;0000;FOMENTO AS ACOES DE GRADUACAO, POS-GRADUACAO, ENSINO, PESQUISA E EXTENSAO;12364203220GK0001;087488;VCC80N99GAN;ADMINISTRACAO CAPES -DGES;90;APLICACOES DIRETAS;3;DESPESAS CORRENTES;3;OUTRAS DESPESAS CORRENTES;39;OUTROS SERVICOS DE TERCEIROS PJ - OP.INT.ORC.;339039;OUTROS SERVICOS DE TERCEIROS - PESSOA JURIDICA;12;RECURSOS DEST.A MANUT.E DES.DO ENSINO;8,369,512.16;;8,369,512.16;;8,369,512.16;1,104,338.16;4,963,950.95;4,963,950.95
2015;154003;FUND.COORD.DE APERF.DE PESSOAL NIVEL SUPERIOR;12;EDUCACAO;364;ENSINO SUPERIOR;2032;EDUCACAO SUPERIOR - GRADUACAO, POS-GRADUACAO, ENSINO, PESQUI;20GK;FOMENTO AS ACOES DE GRADUACAO, POS-GRADUACAO, ENSINO, PESQUI;0000;FOMENTO AS ACOES DE GRADUACAO, POS-GRADUACAO, ENSINO, PESQUISA E EXTENSAO;12364203220GK0001;087488;VCC80N99GAN;ADMINISTRACAO CAPES -DGES;90;APLICACOES DIRETAS;3;DESPESAS CORRENTES;3;OUTRAS DESPESAS CORRENTES;;;;;50;REC.PROPRIOS PRIMARIOS DE LIVRE APLICACAO;15507341.16;;15507341.16;;15507341.16;3,876,835.29;4,103,415.78;4,103,415.78
2015;154003;FUND.COORD.DE APERF.DE PESSOAL NIVEL SUPERIOR;12;EDUCACAO;364;ENSINO SUPERIOR;2032;EDUCACAO SUPERIOR - GRADUACAO, POS-GRADUACAO, ENSINO, PESQUI;20GK;FOMENTO AS ACOES DE GRADUACAO, POS-GRADUACAO, ENSINO, PESQUI;0000;FOMENTO AS ACOES DE GRADUACAO, POS-GRADUACAO, ENSINO, PESQUISA E EXTENSAO;12364203220GK0001;087488;VCC80N99GAN;ADMINISTRACAO CAPES -DGES;90;APLICACOES DIRETAS;3;DESPESAS CORRENTES;3;OUTRAS DESPESAS CORRENTES;;;;;80;RECURSOS PROPRIOS FINANCEIROS;224,798.32;;224,798.32;;224,798.32;12,400.00;211,048.32;211,048.32
2015;154003;FUND.COORD.DE APERF.DE PESSOAL NIVEL SUPERIOR;12;EDUCACAO;364;ENSINO SUPERIOR;2032;EDUCACAO SUPERIOR - GRADUACAO, POS-GRADUACAO, ENSINO, PESQUI;20GK;FOMENTO AS ACOES DE GRADUACAO, POS-GRADUACAO, ENSINO, PESQUI;0000;FOMENTO AS ACOES DE GRADUACAO, POS-GRADUACAO, ENSINO, PESQUISA E EXTENSAO;12364203220GK0001;087488;VCC80N99GAN;ADMINISTRACAO CAPES -DGES;90;APLICACOES DIRETAS;3;DESPESAS CORRENTES;3;OUTRAS DESPESAS CORRENTES;93;INDENIZACOES E RESTITUICOES;339093;INDENIZACOES E RESTITUICOES;12;RECURSOS DEST.A MANUT.E DES.DO ENSINO;0.00;;0.00;;0.00;0.00;;
2015;154003;FUND.COORD.DE APERF.DE PESSOAL NIVEL SUPERIOR;12;EDUCACAO;364;ENSINO SUPERIOR;2032;EDUCACAO SUPERIOR - GRADUACAO, POS-GRADUACAO, ENSINO, PESQUI;20GK;FOMENTO AS ACOES DE GRADUACAO, POS-GRADUACAO, ENSINO, PESQUI;0000;FOMENTO AS ACOES DE GRADUACAO, POS-GRADUACAO, ENSINO, PESQUISA E EXTENSAO;12364203220GK0001;087488;VCC80N99GAN;ADMINISTRACAO CAPES -DGES;90;APLICACOES DIRETAS;4;DESPESAS DE CAPITAL;4;INVESTIMENTOS;39;OUTROS SERVICOS DE TERCEIROS PJ - OP.INT.ORC.;449039;OUTROS SERVICOS DE TERCEIROS- PESSOA JURIDICA;12;RECURSOS DEST.A MANUT.E DES.DO ENSINO;381,393.72;;381,393.72;;381,393.72;0.00;381,393.72;381,393.72
2015;154003;FUND.COORD.DE APERF.DE PESSOAL NIVEL SUPERIOR;12;EDUCACAO;364;ENSINO SUPERIOR;2032;EDUCACAO SUPERIOR - GRADUACAO, POS-GRADUACAO, ENSINO, PESQUI;20GK;FOMENTO AS ACOES DE GRADUACAO, POS-GRADUACAO, ENSINO, PESQUI;0000;FOMENTO AS ACOES DE GRADUACAO, POS-GRADUACAO, ENSINO, PESQUISA E EXTENSAO;12364203220GK0001;087488;VCC80N99GAN;ADMINISTRACAO CAPES -DGES;90;APLICACOES DIRETAS;4;DESPESAS DE CAPITAL;4;INVESTIMENTOS;;;;;50;REC.PROPRIOS PRIMARIOS DE LIVRE APLICACAO;613,772.88;;613,772.88;;613,772.88;24,116.22;589,656.66;589,656.66
2015;154003;FUND.COORD.DE APERF.DE PESSOAL NIVEL SUPERIOR;12;EDUCACAO;364;ENSINO SUPERIOR;2032;EDUCACAO SUPERIOR - GRADUACAO, POS-GRADUACAO, ENSINO, PESQUI;20GK;FOMENTO AS ACOES DE GRADUACAO, POS-GRADUACAO, ENSINO, PESQUI;0000;FOMENTO AS ACOES DE GRADUACAO, POS-GRADUACAO, ENSINO, PESQUISA E EXTENSAO;12364203220GK0001;087488;VCC80N99GAN;ADMINISTRACAO CAPES -DGES;90;APLICACOES DIRETAS;4;DESPESAS DE CAPITAL;4;INVESTIMENTOS;52;EQUIPAMENTOS E MATERIAL PERMANENTE;449052;EQUIPAMENTOS E MATERIAL PERMANENTE;50;REC.PROPRIOS PRIMARIOS DE LIVRE APLICACAO;80,218.60;;80,218.60;;80,218.60;18,259.80;61,958.80;61,958.80
2015;154003;FUND.COORD.DE APERF.DE PESSOAL NIVEL SUPERIOR;12;EDUCACAO;364;ENSINO SUPERIOR;2032;EDUCACAO SUPERIOR - GRADUACAO, POS-GRADUACAO, ENSINO, PESQUI;20GK;FOMENTO AS ACOES DE GRADUACAO, POS-GRADUACAO, ENSINO, PESQUI;0000;FOMENTO AS ACOES DE GRADUACAO, POS-GRADUACAO, ENSINO, PESQUISA E EXTENSAO;12364203220GK0001;087488;VCC80N99GAN;ADMINISTRACAO CAPES -DGES;90;APLICACOES DIRETAS;4;DESPESAS DE CAPITAL;4;INVESTIMENTOS;92;DESPESAS DE EXERCICIOS ANTERIORES;449092;DESPESAS DE EXERCICIOS ANTERIORES;50;REC.PROPRIOS PRIMARIOS DE LIVRE APLICACAO;72,348.66;;72,348.66;;72,348.66;0.00;72,348.66;72,348.66
2015;154003;FUND.COORD.DE APERF.DE PESSOAL NIVEL SUPERIOR;12;EDUCACAO;364;ENSINO SUPERIOR;2032;EDUCACAO SUPERIOR - GRADUACAO, POS-GRADUACAO, ENSINO, PESQUI;20GK;FOMENTO AS ACOES DE GRADUACAO, POS-GRADUACAO, ENSINO, PESQUI;0000;FOMENTO AS ACOES DE GRADUACAO, POS-GRADUACAO, ENSINO, PESQUISA E EXTENSAO;12364203220GK0001;087488;VCC80N99GAN;ADMINISTRACAO CAPES -DGES;91;APLICACOES DIRETAS - OPERACOES INTERNAS;3;DESPESAS CORRENTES;3;OUTRAS DESPESAS CORRENTES;39;OUTROS SERVICOS DE TERCEIROS PJ - OP.INT.ORC.;339139;OUTROS SERVICOS DE TERCEIROS - PESSOA JURIDICA (INTRA);12;RECURSOS DEST.A MANUT.E DES.DO ENSINO;92,400.00;;92,400.00;;;;;
2015;154003;FUND.COORD.DE APERF.DE PESSOAL NIVEL SUPERIOR;12;EDUCACAO;364;ENSINO SUPERIOR;2032;EDUCACAO SUPERIOR - GRADUACAO, POS-GRADUACAO, ENSINO, PESQUI;20GK;FOMENTO AS ACOES DE GRADUACAO, POS-GRADUACAO, ENSINO, PESQUI;0000;FOMENTO AS ACOES DE GRADUACAO, POS-GRADUACAO, ENSINO, PESQUISA E EXTENSAO;12364203220GK0001;087488;VCC80N99GAN;ADMINISTRACAO CAPES -DGES;91;APLICACOES DIRETAS - OPERACOES INTERNAS;3;DESPESAS CORRENTES;3;OUTRAS DESPESAS CORRENTES;;;;;50;REC.PROPRIOS PRIMARIOS DE LIVRE APLICACAO;300,000.00;;300,000.00;;300,000.00;0.00;;
2015;154003;FUND.COORD.DE APERF.DE PESSOAL NIVEL SUPERIOR;12;EDUCACAO;364;ENSINO SUPERIOR;2032;EDUCACAO SUPERIOR - GRADUACAO, POS-GRADUACAO, ENSINO, PESQUI;20GK;FOMENTO AS ACOES DE GRADUACAO, POS-GRADUACAO, ENSINO, PESQUI;0000;FOMENTO AS ACOES DE GRADUACAO, POS-GRADUACAO, ENSINO, PESQUISA E EXTENSAO;12364203220GK0001;087488;VCC80N99GAN;ADMINISTRACAO CAPES -DGES;91;APLICACOES DIRETAS - OPERACOES INTERNAS;3;DESPESAS CORRENTES;3;OUTRAS DESPESAS CORRENTES;;;;;80;RECURSOS PROPRIOS FINANCEIROS;0.00;;0.00;;;;;
2015;154003;FUND.COORD.DE APERF.DE PESSOAL NIVEL SUPERIOR;12;EDUCACAO;364;ENSINO SUPERIOR;2032;EDUCACAO SUPERIOR - GRADUACAO, POS-GRADUACAO, ENSINO, PESQUI;20GK;FOMENTO AS ACOES DE GRADUACAO, POS-GRADUACAO, ENSINO, PESQUI;0000;FOMENTO AS ACOES DE GRADUACAO, POS-GRADUACAO, ENSINO, PESQUISA E EXTENSAO;12364203220GK0001;087488;VCC80N99GAN;ADMINISTRACAO CAPES -DGES;91;APLICACOES DIRETAS - OPERACOES INTERNAS;3;DESPESAS CORRENTES;3;OUTRAS DESPESAS CORRENTES;47;OBRIGACOES TRIBUTARIAS E CONTRIBUTIVAS;339147;OBRIG.TRIBUT.E CONTRIB-OP.INTRA-ORCAMENTARIAS;12;RECURSOS DEST.A MANUT.E DES.DO ENSINO;0.00;;0.00;;0.00;0.00;;
2015;154003;FUND.COORD.DE APERF.DE PESSOAL NIVEL SUPERIOR;12;EDUCACAO;364;ENSINO SUPERIOR;2032;EDUCACAO SUPERIOR - GRADUACAO, POS-GRADUACAO, ENSINO, PESQUI;20GK;FOMENTO AS ACOES DE GRADUACAO, POS-GRADUACAO, ENSINO, PESQUI;0000;FOMENTO AS ACOES DE GRADUACAO, POS-GRADUACAO, ENSINO, PESQUISA E EXTENSAO;12364203220GK0001;087488;VCC80N99GAN;ADMINISTRACAO CAPES -DGES;91;APLICACOES DIRETAS - OPERACOES INTERNAS;3;DESPESAS CORRENTES;3;OUTRAS DESPESAS CORRENTES;;;;;50;REC.PROPRIOS PRIMARIOS DE LIVRE APLICACAO;0.00;;0.00;;;;;
2015;154003;FUND.COORD.DE APERF.DE PESSOAL NIVEL SUPERIOR;12;EDUCACAO;364;ENSINO SUPERIOR;2032;EDUCACAO SUPERIOR - GRADUACAO, POS-GRADUACAO, ENSINO, PESQUI;20GK;FOMENTO AS ACOES DE GRADUACAO, POS-GRADUACAO, ENSINO, PESQUI;0000;FOMENTO AS ACOES DE GRADUACAO, POS-GRADUACAO, ENSINO, PESQUISA E EXTENSAO;12364203220GK0001;087488;VCC80N99TIN;ADMINISTRACAO CAPES - DTI;90;APLICACOES DIRETAS;3;DESPESAS CORRENTES;3;OUTRAS DESPESAS CORRENTES;20;AUXILIO FINANCEIRO A PESQUISADORES;339020;AUXILIO FINANCEIRO A PESQUISADORES;50;REC.PROPRIOS PRIMARIOS DE LIVRE APLICACAO;0.00;;0.00;;;;;
2015;154003;FUND.COORD.DE APERF.DE PESSOAL NIVEL SUPERIOR;12;EDUCACAO;364;ENSINO SUPERIOR;2032;EDUCACAO SUPERIOR - GRADUACAO, POS-GRADUACAO, ENSINO, PESQUI;20GK;FOMENTO AS ACOES DE GRADUACAO, POS-GRADUACAO, ENSINO, PESQUI;0000;FOMENTO AS ACOES DE GRADUACAO, POS-GRADUACAO, ENSINO, PESQUISA E EXTENSAO;12364203220GK0001;087488;VCC80N99TIN;ADMINISTRACAO CAPES - DTI;90;APLICACOES DIRETAS;3;DESPESAS CORRENTES;3;OUTRAS DESPESAS CORRENTES;39;OUTROS SERVICOS DE TERCEIROS PJ - OP.INT.ORC.;339039;OUTROS SERVICOS DE TERCEIROS - PESSOA JURIDICA;12;RECURSOS DEST.A MANUT.E DES.DO ENSINO;10103053.64;;10103053.64;;10103053.64;210,917.25;5,742,866.87;5,742,866.87
2015;154003;FUND.COORD.DE APERF.DE PESSOAL NIVEL SUPERIOR;12;EDUCACAO;364;ENSINO SUPERIOR;2032;EDUCACAO SUPERIOR - GRADUACAO, POS-GRADUACAO, ENSINO, PESQUI;20GK;FOMENTO AS ACOES DE GRADUACAO, POS-GRADUACAO, ENSINO, PESQUI;0000;FOMENTO AS ACOES DE GRADUACAO, POS-GRADUACAO, ENSINO, PESQUISA E EXTENSAO;12364203220GK0001;087488;VCC80N99TIN;ADMINISTRACAO CAPES - DTI;90;APLICACOES DIRETAS;3;DESPESAS CORRENTES;3;OUTRAS DESPESAS CORRENTES;;;;;50;REC.PROPRIOS PRIMARIOS DE LIVRE APLICACAO;7,220,758.68;;7,220,758.68;;7,220,758.68;0.00;2,772,344.10;2,772,344.10
2015;154003;FUND.COORD.DE APERF.DE PESSOAL NIVEL SUPERIOR;12;EDUCACAO;364;ENSINO SUPERIOR;2032;EDUCACAO SUPERIOR - GRADUACAO, POS-GRADUACAO, ENSINO, PESQUI;20GK;FOMENTO AS ACOES DE GRADUACAO, POS-GRADUACAO, ENSINO, PESQUI;0000;FOMENTO AS ACOES DE GRADUACAO, POS-GRADUACAO, ENSINO, PESQUISA E EXTENSAO;12364203220GK0001;087488;VCC80N99TIN;ADMINISTRACAO CAPES - DTI;90;APLICACOES DIRETAS;3;DESPESAS CORRENTES;3;OUTRAS DESPESAS CORRENTES;;;;;80;RECURSOS PROPRIOS FINANCEIROS;275,040.20;;275,040.20;;275,040.20;0.00;275,040.20;275,040.20
2015;154003;FUND.COORD.DE APERF.DE PESSOAL NIVEL SUPERIOR;12;EDUCACAO;364;ENSINO SUPERIOR;2032;EDUCACAO SUPERIOR - GRADUACAO, POS-GRADUACAO, ENSINO, PESQUI;20GK;FOMENTO AS ACOES DE GRADUACAO, POS-GRADUACAO, ENSINO, PESQUI;0000;FOMENTO AS ACOES DE GRADUACAO, POS-GRADUACAO, ENSINO, PESQUISA E EXTENSAO;12364203220GK0001;087488;VCC80N99TIN;ADMINISTRACAO CAPES - DTI;90;APLICACOES DIRETAS;4;DESPESAS DE CAPITAL;4;INVESTIMENTOS;39;OUTROS SERVICOS DE TERCEIROS PJ - OP.INT.ORC.;449039;OUTROS SERVICOS DE TERCEIROS- PESSOA JURIDICA;12;RECURSOS DEST.A MANUT.E DES.DO ENSINO;784,194.42;;784,194.42;;784,194.42;90,165.30;694,029.12;694,029.12
2015;154003;FUND.COORD.DE APERF.DE PESSOAL NIVEL SUPERIOR;12;EDUCACAO;364;ENSINO SUPERIOR;2032;EDUCACAO SUPERIOR - GRADUACAO, POS-GRADUACAO, ENSINO, PESQUI;20GK;FOMENTO AS ACOES DE GRADUACAO, POS-GRADUACAO, ENSINO, PESQUI;0000;FOMENTO AS ACOES DE GRADUACAO, POS-GRADUACAO, ENSINO, PESQUISA E EXTENSAO;12364203220GK0001;087488;VCC80N99TIN;ADMINISTRACAO CAPES - DTI;90;APLICACOES DIRETAS;4;DESPESAS DE CAPITAL;4;INVESTIMENTOS;;;;;50;REC.PROPRIOS PRIMARIOS DE LIVRE APLICACAO;12546122.59;;12546122.59;;12546122.59;1,685,190.93;10860931.66;10860931.66
2015;154003;FUND.COORD.DE APERF.DE PESSOAL NIVEL SUPERIOR;12;EDUCACAO;364;ENSINO SUPERIOR;2032;EDUCACAO SUPERIOR - GRADUACAO, POS-GRADUACAO, ENSINO, PESQUI;20GK;FOMENTO AS ACOES DE GRADUACAO, POS-GRADUACAO, ENSINO, PESQUI;0000;FOMENTO AS ACOES DE GRADUACAO, POS-GRADUACAO, ENSINO, PESQUISA E EXTENSAO;12364203220GK0001;087488;VCC80N99TIN;ADMINISTRACAO CAPES - DTI;90;APLICACOES DIRETAS;4;DESPESAS DE CAPITAL;4;INVESTIMENTOS;52;EQUIPAMENTOS E MATERIAL PERMANENTE;449052;EQUIPAMENTOS E MATERIAL PERMANENTE;50;REC.PROPRIOS PRIMARIOS DE LIVRE APLICACAO;4,095,000.00;;4,095,000.00;;4,095,000.00;2,340,000.00;;
2015;154003;FUND.COORD.DE APERF.DE PESSOAL NIVEL SUPERIOR;12;EDUCACAO;364;ENSINO SUPERIOR;2032;EDUCACAO SUPERIOR - GRADUACAO, POS-GRADUACAO, ENSINO, PESQUI;20GK;FOMENTO AS ACOES DE GRADUACAO, POS-GRADUACAO, ENSINO, PESQUI;0000;FOMENTO AS ACOES DE GRADUACAO, POS-GRADUACAO, ENSINO, PESQUISA E EXTENSAO;12364203220GK0001;094417;'-8;SEM INFORMACAO;30;TRANSFER. A ESTADOS E AO DISTRITO FEDERAL;4;DESPESAS DE CAPITAL;4;INVESTIMENTOS;00;[A DETALHAR];443000;TRANSFERENCIAS A ESTADOS E DISTRITO FEDERAL;12;RECURSOS DEST.A MANUT.E DES.DO ENSINO;;;42557460.00;42557460.00;;;;
2015;154003;FUND.COORD.DE APERF.DE PESSOAL NIVEL SUPERIOR;12;EDUCACAO;364;ENSINO SUPERIOR;2032;EDUCACAO SUPERIOR - GRADUACAO, POS-GRADUACAO, ENSINO, PESQUI;20GK;FOMENTO AS ACOES DE GRADUACAO, POS-GRADUACAO, ENSINO, PESQUI;0000;FOMENTO AS ACOES DE GRADUACAO, POS-GRADUACAO, ENSINO, PESQUISA E EXTENSAO;12364203220GK0001;094417;'-8;SEM INFORMACAO;50;TRANSFERENCIA INSTITUICOES PRIVADAS SEM FINS LUCRATIVOS;4;DESPESAS DE CAPITAL;4;INVESTIMENTOS;00;[A DETALHAR];445000;TRANSFERENCIA INSTITUOCOES PRIVADAS SEM FINS LUCRATIVOS;12;RECURSOS DEST.A MANUT.E DES.DO ENSINO;;;12984750.00;12984750.00;;;;
2015;154003;FUND.COORD.DE APERF.DE PESSOAL NIVEL SUPERIOR;12;EDUCACAO;364;ENSINO SUPERIOR;2032;EDUCACAO SUPERIOR - GRADUACAO, POS-GRADUACAO, ENSINO, PESQUI;20GK;FOMENTO AS ACOES DE GRADUACAO, POS-GRADUACAO, ENSINO, PESQUI;0000;FOMENTO AS ACOES DE GRADUACAO, POS-GRADUACAO, ENSINO, PESQUISA E EXTENSAO;12364203220GK0001;094417;'-8;SEM INFORMACAO;90;APLICACOES DIRETAS;4;DESPESAS DE CAPITAL;4;INVESTIMENTOS;00;[A DETALHAR];449000;APLICACOES DIRETAS;12;RECURSOS DEST.A MANUT.E DES.DO ENSINO;;;199431770.00;199431770.00;;;;
2015;154003;FUND.COORD.DE APERF.DE PESSOAL NIVEL SUPERIOR;12;EDUCACAO;364;ENSINO SUPERIOR;2032;EDUCACAO SUPERIOR - GRADUACAO, POS-GRADUACAO, ENSINO, PESQUI;20GK;FOMENTO AS ACOES DE GRADUACAO, POS-GRADUACAO, ENSINO, PESQUI;0000;FOMENTO AS ACOES DE GRADUACAO, POS-GRADUACAO, ENSINO, PESQUISA E EXTENSAO;12364203220GK0001;094417;'-8;SEM INFORMACAO;90;APLICACOES DIRETAS;4;DESPESAS DE CAPITAL;4;INVESTIMENTOS;;;;;50;REC.PROPRIOS PRIMARIOS DE LIVRE APLICACAO;;;52398455.00;52398455.00;;;;
2015;154003;FUND.COORD.DE APERF.DE PESSOAL NIVEL SUPERIOR;12;EDUCACAO;364;ENSINO SUPERIOR;2032;EDUCACAO SUPERIOR - GRADUACAO, POS-GRADUACAO, ENSINO, PESQUI;20RN;AVALIACAO DA EDUCACAO SUPERIOR E DA POS-GRADUACAO;0000;AVALIACAO DA EDUCACAO SUPERIOR E DA POS-GRADUACAO;12364203220RN0001;087489;'-8;SEM INFORMACAO;90;APLICACOES DIRETAS;3;DESPESAS CORRENTES;3;OUTRAS DESPESAS CORRENTES;00;[A DETALHAR];339000;APLICACOES DIRETAS;12;RECURSOS DEST.A MANUT.E DES.DO ENSINO;69507884.25;;69507884.25;;;;;
2015;154003;FUND.COORD.DE APERF.DE PESSOAL NIVEL SUPERIOR;12;EDUCACAO;364;ENSINO SUPERIOR;2032;EDUCACAO SUPERIOR - GRADUACAO, POS-GRADUACAO, ENSINO, PESQUI;20RN;AVALIACAO DA EDUCACAO SUPERIOR E DA POS-GRADUACAO;0000;AVALIACAO DA EDUCACAO SUPERIOR E DA POS-GRADUACAO;12364203220RN0001;087489;'-8;SEM INFORMACAO;91;APLICACOES DIRETAS - OPERACOES INTERNAS;3;DESPESAS CORRENTES;3;OUTRAS DESPESAS CORRENTES;00;[A DETALHAR];339100;APLICACOES DIRETAS - OPER.INTRA-ORCAMENTARIAS;12;RECURSOS DEST.A MANUT.E DES.DO ENSINO;150,000.00;;150,000.00;;;;;
2015;154003;FUND.COORD.DE APERF.DE PESSOAL NIVEL SUPERIOR;12;EDUCACAO;364;ENSINO SUPERIOR;2032;EDUCACAO SUPERIOR - GRADUACAO, POS-GRADUACAO, ENSINO, PESQUI;20RN;AVALIACAO DA EDUCACAO SUPERIOR E DA POS-GRADUACAO;0000;AVALIACAO DA EDUCACAO SUPERIOR E DA POS-GRADUACAO;12364203220RN0001;087489;NCCBUN99AAN;AVALIACAO CAPES - AAE;90;APLICACOES DIRETAS;3;DESPESAS CORRENTES;3;OUTRAS DESPESAS CORRENTES;48;OUTROS AUXILIOS FINANCEIROS A PESSOAS FISICAS;339048;OUTROS AUXILIOS FINANCEIROS A PESSOA FISICA;12;RECURSOS DEST.A MANUT.E DES.DO ENSINO;19570534.91;;19570534.91;;19470534.91;1,600,080.72;17426010.40;17426010.40
2015;154003;FUND.COORD.DE APERF.DE PESSOAL NIVEL SUPERIOR;12;EDUCACAO;364;ENSINO SUPERIOR;2032;EDUCACAO SUPERIOR - GRADUACAO, POS-GRADUACAO, ENSINO, PESQUI;20RN;AVALIACAO DA EDUCACAO SUPERIOR E DA POS-GRADUACAO;0000;AVALIACAO DA EDUCACAO SUPERIOR E DA POS-GRADUACAO;12364203220RN0001;087489;NCCBUN99AAN;AVALIACAO CAPES - AAE;90;APLICACOES DIRETAS;3;DESPESAS CORRENTES;3;OUTRAS DESPESAS CORRENTES;92;DESPESAS DE EXERCICIOS ANTERIORES;339092;DESPESAS DE EXERCICIOS ANTERIORES;12;RECURSOS DEST.A MANUT.E DES.DO ENSINO;1,012,750.00;;1,012,750.00;;1,012,750.00;606,800.00;405,950.00;405,950.00
2015;154003;FUND.COORD.DE APERF.DE PESSOAL NIVEL SUPERIOR;12;EDUCACAO;364;ENSINO SUPERIOR;2032;EDUCACAO SUPERIOR - GRADUACAO, POS-GRADUACAO, ENSINO, PESQUI;20RN;AVALIACAO DA EDUCACAO SUPERIOR E DA POS-GRADUACAO;0000;AVALIACAO DA EDUCACAO SUPERIOR E DA POS-GRADUACAO;12364203220RN0001;087489;NCCBUN99AAN;AVALIACAO CAPES - AAE;91;APLICACOES DIRETAS - OPERACOES INTERNAS;3;DESPESAS CORRENTES;3;OUTRAS DESPESAS CORRENTES;47;OBRIGACOES TRIBUTARIAS E CONTRIBUTIVAS;339147;OBRIG.TRIBUT.E CONTRIB-OP.INTRA-ORCAMENTARIAS;12;RECURSOS DEST.A MANUT.E DES.DO ENSINO;1,300,760.00;;1,300,760.00;;1,300,760.00;209,920.00;991,840.00;991,840.00
2015;154003;FUND.COORD.DE APERF.DE PESSOAL NIVEL SUPERIOR;12;EDUCACAO;364;ENSINO SUPERIOR;2032;EDUCACAO SUPERIOR - GRADUACAO, POS-GRADUACAO, ENSINO, PESQUI;20RN;AVALIACAO DA EDUCACAO SUPERIOR E DA POS-GRADUACAO;0000;AVALIACAO DA EDUCACAO SUPERIOR E DA POS-GRADUACAO;12364203220RN0001;087489;NCCBUN99SCN;AVALIACAO CAPES - PASSAGEM E DIARIA;90;APLICACOES DIRETAS;3;DESPESAS CORRENTES;3;OUTRAS DESPESAS CORRENTES;14;DIARIAS - PESSOAL CIVIL;339014;DIARIAS - PESSOAL CIVIL;12;RECURSOS DEST.A MANUT.E DES.DO ENSINO;11669201.02;;11669201.02;;11669201.02;1,619,397.25;10049803.77;10042559.17
2015;154003;FUND.COORD.DE APERF.DE PESSOAL NIVEL SUPERIOR;12;EDUCACAO;364;ENSINO SUPERIOR;2032;EDUCACAO SUPERIOR - GRADUACAO, POS-GRADUACAO, ENSINO, PESQUI;20RN;AVALIACAO DA EDUCACAO SUPERIOR E DA POS-GRADUACAO;0000;AVALIACAO DA EDUCACAO SUPERIOR E DA POS-GRADUACAO;12364203220RN0001;087489;NCCBUN99SCN;AVALIACAO CAPES - PASSAGEM E DIARIA;90;APLICACOES DIRETAS;3;DESPESAS CORRENTES;3;OUTRAS DESPESAS CORRENTES;33;PASSAGENS E DESPESAS COM LOCOMOCAO;339033;PASSAGENS E DESPESAS COM LOCOMOCAO;12;RECURSOS DEST.A MANUT.E DES.DO ENSINO;33558656.11;;33558656.11;;33161478.60;1,202,308.70;31192096.06;30993237.23
2015;154003;FUND.COORD.DE APERF.DE PESSOAL NIVEL SUPERIOR;12;EDUCACAO;364;ENSINO SUPERIOR;2032;EDUCACAO SUPERIOR - GRADUACAO, POS-GRADUACAO, ENSINO, PESQUI;20RN;AVALIACAO DA EDUCACAO SUPERIOR E DA POS-GRADUACAO;0000;AVALIACAO DA EDUCACAO SUPERIOR E DA POS-GRADUACAO;12364203220RN0001;087489;NCCBUN99SCN;AVALIACAO CAPES - PASSAGEM E DIARIA;90;APLICACOES DIRETAS;3;DESPESAS CORRENTES;3;OUTRAS DESPESAS CORRENTES;36;OUTROS SERVICOS DE TERCEIROS - P.FISICA;339036;OUTROS SERVICOS DE TERCEIROS - PESSOA FISICA;12;RECURSOS DEST.A MANUT.E DES.DO ENSINO;3,941,403.70;;3,941,403.70;;3,941,403.70;1,285,288.40;2,656,115.30;2,654,355.90
2015;154003;FUND.COORD.DE APERF.DE PESSOAL NIVEL SUPERIOR;12;EDUCACAO;364;ENSINO SUPERIOR;2032;EDUCACAO SUPERIOR - GRADUACAO, POS-GRADUACAO, ENSINO, PESQUI;20RN;AVALIACAO DA EDUCACAO SUPERIOR E DA POS-GRADUACAO;0000;AVALIACAO DA EDUCACAO SUPERIOR E DA POS-GRADUACAO;12364203220RN0001;087489;NCCBUN99SCN;AVALIACAO CAPES - PASSAGEM E DIARIA;90;APLICACOES DIRETAS;3;DESPESAS CORRENTES;3;OUTRAS DESPESAS CORRENTES;39;OUTROS SERVICOS DE TERCEIROS PJ - OP.INT.ORC.;339039;OUTROS SERVICOS DE TERCEIROS - PESSOA JURIDICA;12;RECURSOS DEST.A MANUT.E DES.DO ENSINO;492,256.39;;492,256.39;;492,256.39;137,605.76;216,714.65;215,050.74
2015;154003;FUND.COORD.DE APERF.DE PESSOAL NIVEL SUPERIOR;12;EDUCACAO;364;ENSINO SUPERIOR;2032;EDUCACAO SUPERIOR - GRADUACAO, POS-GRADUACAO, ENSINO, PESQUI;20RN;AVALIACAO DA EDUCACAO SUPERIOR E DA POS-GRADUACAO;0000;AVALIACAO DA EDUCACAO SUPERIOR E DA POS-GRADUACAO;12364203220RN0001;087489;NCCBUN99SCN;AVALIACAO CAPES - PASSAGEM E DIARIA;90;APLICACOES DIRETAS;3;DESPESAS CORRENTES;3;OUTRAS DESPESAS CORRENTES;92;DESPESAS DE EXERCICIOS ANTERIORES;339092;DESPESAS DE EXERCICIOS ANTERIORES;12;RECURSOS DEST.A MANUT.E DES.DO ENSINO;57,281.49;;57,281.49;;57,281.49;0.00;57,281.49;57,281.49
2015;154003;FUND.COORD.DE APERF.DE PESSOAL NIVEL SUPERIOR;12;EDUCACAO;364;ENSINO SUPERIOR;2032;EDUCACAO SUPERIOR - GRADUACAO, POS-GRADUACAO, ENSINO, PESQUI;20RN;AVALIACAO DA EDUCACAO SUPERIOR E DA POS-GRADUACAO;0000;AVALIACAO DA EDUCACAO SUPERIOR E DA POS-GRADUACAO;12364203220RN0001;087489;NCCBUN99SCN;AVALIACAO CAPES - PASSAGEM E DIARIA;90;APLICACOES DIRETAS;3;DESPESAS CORRENTES;3;OUTRAS DESPESAS CORRENTES;93;INDENIZACOES E RESTITUICOES;339093;INDENIZACOES E RESTITUICOES;12;RECURSOS DEST.A MANUT.E DES.DO ENSINO;14,360.13;;14,360.13;;14,360.13;2,783.22;10,626.66;10,626.66
2015;154003;FUND.COORD.DE APERF.DE PESSOAL NIVEL SUPERIOR;12;EDUCACAO;364;ENSINO SUPERIOR;2032;EDUCACAO SUPERIOR - GRADUACAO, POS-GRADUACAO, ENSINO, PESQUI;20RN;AVALIACAO DA EDUCACAO SUPERIOR E DA POS-GRADUACAO;0000;AVALIACAO DA EDUCACAO SUPERIOR E DA POS-GRADUACAO;12364203220RN0001;087489;VCC80N99TIN;ADMINISTRACAO CAPES - DTI;90;APLICACOES DIRETAS;3;DESPESAS CORRENTES;3;OUTRAS DESPESAS CORRENTES;39;OUTROS SERVICOS DE TERCEIROS PJ - OP.INT.ORC.;339039;OUTROS SERVICOS DE TERCEIROS - PESSOA JURIDICA;12;RECURSOS DEST.A MANUT.E DES.DO ENSINO;12027500.00;;12027500.00;;;;;
2015;154003;FUND.COORD.DE APERF.DE PESSOAL NIVEL SUPERIOR;12;EDUCACAO;364;ENSINO SUPERIOR;2109;PROGRAMA DE GESTAO E MANUTENCAO DO MINISTERIO DA EDUCACAO;20TP;ATIVOS CIVIS DA UNIAO;0000;ATIVOS CIVIS DA UNIAO;12364210920TP0053;087477;'-8;SEM INFORMACAO;90;APLICACOES DIRETAS;3;DESPESAS CORRENTES;1;PESSOAL E ENCARGOS SOCIAIS;00;[A DETALHAR];319000;APLICACOES DIRETAS;00;RECURSOS PRIMARIOS DE LIVRE APLICACAO;175909033.54;3,000,000.00;178909033.54;;;;;
2015;154003;FUND.COORD.DE APERF.DE PESSOAL NIVEL SUPERIOR;12;EDUCACAO;364;ENSINO SUPERIOR;2109;PROGRAMA DE GESTAO E MANUTENCAO DO MINISTERIO DA EDUCACAO;20TP;ATIVOS CIVIS DA UNIAO;0000;ATIVOS CIVIS DA UNIAO;12364210920TP0053;087477;'-8;SEM INFORMACAO;90;APLICACOES DIRETAS;3;DESPESAS CORRENTES;1;PESSOAL E ENCARGOS SOCIAIS;;;;;88;RECURSOS FINANCEIROS DE LIVRE APLICACAO;(8790944.61);23333135.00;14542190.39;;;;;
2015;154003;FUND.COORD.DE APERF.DE PESSOAL NIVEL SUPERIOR;12;EDUCACAO;364;ENSINO SUPERIOR;2109;PROGRAMA DE GESTAO E MANUTENCAO DO MINISTERIO DA EDUCACAO;20TP;ATIVOS CIVIS DA UNIAO;0000;ATIVOS CIVIS DA UNIAO;12364210920TP0053;087477;'-8;SEM INFORMACAO;91;APLICACOES DIRETAS - OPERACOES INTERNAS;3;DESPESAS CORRENTES;1;PESSOAL E ENCARGOS SOCIAIS;00;[A DETALHAR];319100;APLICACOES DIRETAS - OPER.INTRA-ORCAMENTARIAS;00;RECURSOS PRIMARIOS DE LIVRE APLICACAO;9.00;;9.00;;;;;
2015;154003;FUND.COORD.DE APERF.DE PESSOAL NIVEL SUPERIOR;12;EDUCACAO;364;ENSINO SUPERIOR;2109;PROGRAMA DE GESTAO E MANUTENCAO DO MINISTERIO DA EDUCACAO;20TP;ATIVOS CIVIS DA UNIAO;0000;ATIVOS CIVIS DA UNIAO;12364210920TP0053;087477;VCC80N99GAN;ADMINISTRACAO CAPES -DGES;90;APLICACOES DIRETAS;3;DESPESAS CORRENTES;1;PESSOAL E ENCARGOS SOCIAIS;04;CONTRATACAO POR TEMPO DETERMINADO - PES.CIVIL;319004;CONTRATACAO P/TEMPO DETERMINADO;00;RECURSOS PRIMARIOS DE LIVRE APLICACAO;2,437,341.12;;2,437,341.12;;0.00;0.00;0.00;
2015;154003;FUND.COORD.DE APERF.DE PESSOAL NIVEL SUPERIOR;12;EDUCACAO;364;ENSINO SUPERIOR;2109;PROGRAMA DE GESTAO E MANUTENCAO DO MINISTERIO DA EDUCACAO;20TP;ATIVOS CIVIS DA UNIAO;0000;ATIVOS CIVIS DA UNIAO;12364210920TP0053;087477;VCC80N99GAN;ADMINISTRACAO CAPES -DGES;90;APLICACOES DIRETAS;3;DESPESAS CORRENTES;1;PESSOAL E ENCARGOS SOCIAIS;07;CONTRIBUICAO A ENTIDADE FECHADA PREVIDENCIA;319007;CONTRIB. A ENTIDADES FECHADAS DE PREVIDENCIA;00;RECURSOS PRIMARIOS DE LIVRE APLICACAO;1,367,169.60;;1,367,169.60;;1,367,169.60;153,964.37;1,213,205.23;1,213,205.23
2015;154003;FUND.COORD.DE APERF.DE PESSOAL NIVEL SUPERIOR;12;EDUCACAO;364;ENSINO SUPERIOR;2109;PROGRAMA DE GESTAO E MANUTENCAO DO MINISTERIO DA EDUCACAO;20TP;ATIVOS CIVIS DA UNIAO;0000;ATIVOS CIVIS DA UNIAO;12364210920TP0053;087477;VCC80N99GAN;ADMINISTRACAO CAPES -DGES;90;APLICACOES DIRETAS;3;DESPESAS CORRENTES;1;PESSOAL E ENCARGOS SOCIAIS;11;VENCIMENTOS E VANTAGENS FIXAS - PESSOAL CIVIL;319011;VENCIMENTOS E VANTAGENS FIXAS - PESSOAL CIVIL;00;RECURSOS PRIMARIOS DE LIVRE APLICACAO;487236195.42;;487236195.42;;486637353.28;79361706.68;407275646.60;407275646.60
2015;154003;FUND.COORD.DE APERF.DE PESSOAL NIVEL SUPERIOR;12;EDUCACAO;364;ENSINO SUPERIOR;2109;PROGRAMA DE GESTAO E MANUTENCAO DO MINISTERIO DA EDUCACAO;20TP;ATIVOS CIVIS DA UNIAO;0000;ATIVOS CIVIS DA UNIAO;12364210920TP0053;087477;VCC80N99GAN;ADMINISTRACAO CAPES -DGES;90;APLICACOES DIRETAS;3;DESPESAS CORRENTES;1;PESSOAL E ENCARGOS SOCIAIS;;;;;88;RECURSOS FINANCEIROS DE LIVRE APLICACAO;7,833,777.74;;7,833,777.74;;7,833,777.74;1,820,676.50;6,013,101.24;6,013,101.24
2015;154003;FUND.COORD.DE APERF.DE PESSOAL NIVEL SUPERIOR;12;EDUCACAO;364;ENSINO SUPERIOR;2109;PROGRAMA DE GESTAO E MANUTENCAO DO MINISTERIO DA EDUCACAO;20TP;ATIVOS CIVIS DA UNIAO;0000;ATIVOS CIVIS DA UNIAO;12364210920TP0053;087477;VCC80N99GAN;ADMINISTRACAO CAPES -DGES;90;APLICACOES DIRETAS;3;DESPESAS CORRENTES;1;PESSOAL E ENCARGOS SOCIAIS;16;OUTRAS DESPESAS VARIAVEIS - PESSOAL CIVIL;319016;OUTRAS DESPESAS VARIAVEIS - PESSOAL CIVIL;00;RECURSOS PRIMARIOS DE LIVRE APLICACAO;4,456,919.29;;4,456,919.29;;4,456,919.29;1,022,770.08;3,434,149.21;3,434,149.21
2015;154003;FUND.COORD.DE APERF.DE PESSOAL NIVEL SUPERIOR;12;EDUCACAO;364;ENSINO SUPERIOR;2109;PROGRAMA DE GESTAO E MANUTENCAO DO MINISTERIO DA EDUCACAO;20TP;ATIVOS CIVIS DA UNIAO;0000;ATIVOS CIVIS DA UNIAO;12364210920TP0053;087477;VCC80N99GAN;ADMINISTRACAO CAPES -DGES;90;APLICACOES DIRETAS;3;DESPESAS CORRENTES;1;PESSOAL E ENCARGOS SOCIAIS;91;SENTENCAS JUDICIAIS;319091;SENTENCAS JUDICIAIS;00;RECURSOS PRIMARIOS DE LIVRE APLICACAO;557,216.96;;557,216.96;;557,216.96;116,961.36;440,255.60;440,255.60
2015;154003;FUND.COORD.DE APERF.DE PESSOAL NIVEL SUPERIOR;12;EDUCACAO;364;ENSINO SUPERIOR;2109;PROGRAMA DE GESTAO E MANUTENCAO DO MINISTERIO DA EDUCACAO;20TP;ATIVOS CIVIS DA UNIAO;0000;ATIVOS CIVIS DA UNIAO;12364210920TP0053;087477;VCC80N99GAN;ADMINISTRACAO CAPES -DGES;90;APLICACOES DIRETAS;3;DESPESAS CORRENTES;1;PESSOAL E ENCARGOS SOCIAIS;92;DESPESAS DE EXERCICIOS ANTERIORES;319092;DESPESAS DE EXERCICIOS ANTERIORES;00;RECURSOS PRIMARIOS DE LIVRE APLICACAO;16,875.91;;16,875.91;;16,875.91;0.00;16,875.91;16,875.91
2015;154003;FUND.COORD.DE APERF.DE PESSOAL NIVEL SUPERIOR;12;EDUCACAO;364;ENSINO SUPERIOR;2109;PROGRAMA DE GESTAO E MANUTENCAO DO MINISTERIO DA EDUCACAO;20TP;ATIVOS CIVIS DA UNIAO;0000;ATIVOS CIVIS DA UNIAO;12364210920TP0053;087477;VCC80N99GAN;ADMINISTRACAO CAPES -DGES;90;APLICACOES DIRETAS;3;DESPESAS CORRENTES;1;PESSOAL E ENCARGOS SOCIAIS;94;INDENIZACOES E RESTITUICOES TRABALHISTAS;319094;INDENIZACOES E RESTITUICOES TRABALHISTAS;00;RECURSOS PRIMARIOS DE LIVRE APLICACAO;237,561.40;;237,561.40;;237,561.40;0.00;237,561.40;237,561.40
2015;154003;FUND.COORD.DE APERF.DE PESSOAL NIVEL SUPERIOR;12;EDUCACAO;364;ENSINO SUPERIOR;2109;PROGRAMA DE GESTAO E MANUTENCAO DO MINISTERIO DA EDUCACAO;20TP;ATIVOS CIVIS DA UNIAO;0000;ATIVOS CIVIS DA UNIAO;12364210920TP0053;087477;VCC80N99GAN;ADMINISTRACAO CAPES -DGES;90;APLICACOES DIRETAS;3;DESPESAS CORRENTES;1;PESSOAL E ENCARGOS SOCIAIS;96;RESSARCIMENTO DESPESAS PESSOAL REQUISITADO;319096;RESSARCIMENTO DE DESP. DE PESSOAL REQUISITADO;00;RECURSOS PRIMARIOS DE LIVRE APLICACAO;1,395,686.34;;1,395,686.34;;1,395,686.34;0.00;1,395,686.34;1,395,686.34
2015;154003;FUND.COORD.DE APERF.DE PESSOAL NIVEL SUPERIOR;12;EDUCACAO;364;ENSINO SUPERIOR;2109;PROGRAMA DE GESTAO E MANUTENCAO DO MINISTERIO DA EDUCACAO;20TP;ATIVOS CIVIS DA UNIAO;0000;ATIVOS CIVIS DA UNIAO;12364210920TP0053;087477;VCC80N99GAN;ADMINISTRACAO CAPES -DGES;90;APLICACOES DIRETAS;3;DESPESAS CORRENTES;1;PESSOAL E ENCARGOS SOCIAIS;;;;;88;RECURSOS FINANCEIROS DE LIVRE APLICACAO;957,166.87;;957,166.87;;957,166.87;90,000.00;867,166.87;867,166.87
2015;154003;FUND.COORD.DE APERF.DE PESSOAL NIVEL SUPERIOR;12;EDUCACAO;364;ENSINO SUPERIOR;2109;PROGRAMA DE GESTAO E MANUTENCAO DO MINISTERIO DA EDUCACAO;20TP;ATIVOS CIVIS DA UNIAO;0000;ATIVOS CIVIS DA UNIAO;12364210920TP0053;087477;VCC80N99GAN;ADMINISTRACAO CAPES -DGES;91;APLICACOES DIRETAS - OPERACOES INTERNAS;3;DESPESAS CORRENTES;1;PESSOAL E ENCARGOS SOCIAIS;13;OBRIGACOES PATRONAIS;319113;OBRIGACOES PATRONAIS - OP.INTRA-ORCAMENTARIAS;00;RECURSOS PRIMARIOS DE LIVRE APLICACAO;6,744,663.42;;6,744,663.42;;6,744,663.42;1,338,367.85;5,406,295.57;5,406,295.57
2015;154003;FUND.COORD.DE APERF.DE PESSOAL NIVEL SUPERIOR;12;EDUCACAO;368;EDUCACAO BASICA;2030;EDUCACAO BASICA;00O0;CONCESSAO DE BOLSAS DE APOIO A EDUCACAO BASICA;0001;EDUCACAO BASICA PRESENCIAL;12368203000O00001;087492;'-8;SEM INFORMACAO;90;APLICACOES DIRETAS;3;DESPESAS CORRENTES;3;OUTRAS DESPESAS CORRENTES;00;[A DETALHAR];339000;APLICACOES DIRETAS;08;FUNDO SOCIAL-PARC.DEST.EDUCACAO PUBL.E SAUDE;1889572650.7;;1788557658.7;129984012.00;;;;
2015;154003;FUND.COORD.DE APERF.DE PESSOAL NIVEL SUPERIOR;12;EDUCACAO;368;EDUCACAO BASICA;2030;EDUCACAO BASICA;00O0;CONCESSAO DE BOLSAS DE APOIO A EDUCACAO BASICA;0001;EDUCACAO BASICA PRESENCIAL;12368203000O00001;087492;'-8;SEM INFORMACAO;90;APLICACOES DIRETAS;3;DESPESAS CORRENTES;3;OUTRAS DESPESAS CORRENTES;;;;;12;RECURSOS DEST.A MANUT.E DES.DO ENSINO;-373027200.0;75000000.00;1,972,800.00;;;;;
2015;154003;FUND.COORD.DE APERF.DE PESSOAL NIVEL SUPERIOR;12;EDUCACAO;368;EDUCACAO BASICA;2030;EDUCACAO BASICA;00O0;CONCESSAO DE BOLSAS DE APOIO A EDUCACAO BASICA;0001;EDUCACAO BASICA PRESENCIAL;12368203000O00001;087492;FCC67B0601N;OBSERVATORIO DA EDUCACAO;90;APLICACOES DIRETAS;3;DESPESAS CORRENTES;3;OUTRAS DESPESAS CORRENTES;18;AUXILIO FINANCEIRO A ESTUDANTES;339018;AUXILIO FINANCEIRO A ESTUDANTES;08;FUNDO SOCIAL-PARC.DEST.EDUCACAO PUBL.E SAUDE;29014190.00;;29014190.00;;29005565.00;8,625.00;28996940.00;28996940.00
2015;154003;FUND.COORD.DE APERF.DE PESSOAL NIVEL SUPERIOR;12;EDUCACAO;368;EDUCACAO BASICA;2030;EDUCACAO BASICA;00O0;CONCESSAO DE BOLSAS DE APOIO A EDUCACAO BASICA;0001;EDUCACAO BASICA PRESENCIAL;12368203000O00001;087492;FCC67O0601N;OBSERVATORIO DA EDUCACAO;90;APLICACOES DIRETAS;3;DESPESAS CORRENTES;3;OUTRAS DESPESAS CORRENTES;18;AUXILIO FINANCEIRO A ESTUDANTES;339018;AUXILIO FINANCEIRO A ESTUDANTES;08;FUNDO SOCIAL-PARC.DEST.EDUCACAO PUBL.E SAUDE;31629200.00;;31629200.00;;31626200.00;3,000.00;31623200.00;31623200.00
2015;154003;FUND.COORD.DE APERF.DE PESSOAL NIVEL SUPERIOR;12;EDUCACAO;368;EDUCACAO BASICA;2030;EDUCACAO BASICA;00O0;CONCESSAO DE BOLSAS DE APOIO A EDUCACAO BASICA;0001;EDUCACAO BASICA PRESENCIAL;12368203000O00001;087492;FCC69B06EPN;PIBID;90;APLICACOES DIRETAS;3;DESPESAS CORRENTES;3;OUTRAS DESPESAS CORRENTES;18;AUXILIO FINANCEIRO A ESTUDANTES;339018;AUXILIO FINANCEIRO A ESTUDANTES;08;FUNDO SOCIAL-PARC.DEST.EDUCACAO PUBL.E SAUDE;599447085.00;;599447085.00;;599373435.00;81,053.00;599292382.00;599292382.00
2015;154003;FUND.COORD.DE APERF.DE PESSOAL NIVEL SUPERIOR;12;EDUCACAO;368;EDUCACAO BASICA;2030;EDUCACAO BASICA;00O0;CONCESSAO DE BOLSAS DE APOIO A EDUCACAO BASICA;0001;EDUCACAO BASICA PRESENCIAL;12368203000O00001;087492;FCC92G06EPN;PARFOR;90;APLICACOES DIRETAS;3;DESPESAS CORRENTES;3;OUTRAS DESPESAS CORRENTES;18;AUXILIO FINANCEIRO A ESTUDANTES;339018;AUXILIO FINANCEIRO A ESTUDANTES;08;FUNDO SOCIAL-PARC.DEST.EDUCACAO PUBL.E SAUDE;274534000.00;;274534000.00;;274420100.00;0.00;274420100.00;274420100.00
2015;154003;FUND.COORD.DE APERF.DE PESSOAL NIVEL SUPERIOR;12;EDUCACAO;368;EDUCACAO BASICA;2030;EDUCACAO BASICA;00O0;CONCESSAO DE BOLSAS DE APOIO A EDUCACAO BASICA;0001;EDUCACAO BASICA PRESENCIAL;12368203000O00001;087492;FCCCTB0602N;BFBASICA - PROJETOS ESPECAIS;90;APLICACOES DIRETAS;3;DESPESAS CORRENTES;3;OUTRAS DESPESAS CORRENTES;18;AUXILIO FINANCEIRO A ESTUDANTES;339018;AUXILIO FINANCEIRO A ESTUDANTES;08;FUNDO SOCIAL-PARC.DEST.EDUCACAO PUBL.E SAUDE;3,361,180.00;;3,361,180.00;;3,360,380.00;800.00;3,359,580.00;3,359,580.00
2015;154003;FUND.COORD.DE APERF.DE PESSOAL NIVEL SUPERIOR;12;EDUCACAO;368;EDUCACAO BASICA;2030;EDUCACAO BASICA;00O0;CONCESSAO DE BOLSAS DE APOIO A EDUCACAO BASICA;0001;EDUCACAO BASICA PRESENCIAL;12368203000O00001;087492;FCCCTB0603N;BFBASICA - PROJETOS ESPECIAIS/PNOQ;90;APLICACOES DIRETAS;3;DESPESAS CORRENTES;3;OUTRAS DESPESAS CORRENTES;18;AUXILIO FINANCEIRO A ESTUDANTES;339018;AUXILIO FINANCEIRO A ESTUDANTES;08;FUNDO SOCIAL-PARC.DEST.EDUCACAO PUBL.E SAUDE;2,739,310.00;;2,739,310.00;;2,739,310.00;0.00;2,739,310.00;2,739,310.00
2015;154003;FUND.COORD.DE APERF.DE PESSOAL NIVEL SUPERIOR;12;EDUCACAO;368;EDUCACAO BASICA;2030;EDUCACAO BASICA;00O0;CONCESSAO DE BOLSAS DE APOIO A EDUCACAO BASICA;0001;EDUCACAO BASICA PRESENCIAL;12368203000O00001;087492;FCCCTB0605N;BFBASICA - PROJETOS ESPECIAIS/RD;90;APLICACOES DIRETAS;3;DESPESAS CORRENTES;3;OUTRAS DESPESAS CORRENTES;18;AUXILIO FINANCEIRO A ESTUDANTES;339018;AUXILIO FINANCEIRO A ESTUDANTES;08;FUNDO SOCIAL-PARC.DEST.EDUCACAO PUBL.E SAUDE;2,586,850.00;;2,586,850.00;;2,586,850.00;0.00;2,586,850.00;2,586,850.00
2015;154003;FUND.COORD.DE APERF.DE PESSOAL NIVEL SUPERIOR;12;EDUCACAO;368;EDUCACAO BASICA;2030;EDUCACAO BASICA;00O0;CONCESSAO DE BOLSAS DE APOIO A EDUCACAO BASICA;0001;EDUCACAO BASICA PRESENCIAL;12368203000O00001;087492;FCCCTB0614N;BFBASICA - PROJETOS ESPECIAIS - OBMEP;90;APLICACOES DIRETAS;3;DESPESAS CORRENTES;3;OUTRAS DESPESAS CORRENTES;18;AUXILIO FINANCEIRO A ESTUDANTES;339018;AUXILIO FINANCEIRO A ESTUDANTES;08;FUNDO SOCIAL-PARC.DEST.EDUCACAO PUBL.E SAUDE;7,958,330.00;;7,958,330.00;;7,957,930.00;400.00;7,957,530.00;7,957,530.00
2015;154003;FUND.COORD.DE APERF.DE PESSOAL NIVEL SUPERIOR;12;EDUCACAO;368;EDUCACAO BASICA;2030;EDUCACAO BASICA;00O0;CONCESSAO DE BOLSAS DE APOIO A EDUCACAO BASICA;0001;EDUCACAO BASICA PRESENCIAL;12368203000O00001;087492;PCC67B2001N;OBSERVATORIO DA EDUCACAO - BASICA;90;APLICACOES DIRETAS;3;DESPESAS CORRENTES;3;OUTRAS DESPESAS CORRENTES;18;AUXILIO FINANCEIRO A ESTUDANTES;339018;AUXILIO FINANCEIRO A ESTUDANTES;08;FUNDO SOCIAL-PARC.DEST.EDUCACAO PUBL.E SAUDE;77000600.00;;77000600.00;;77000600.00;21270535.00;55730065.00;55730065.00
2015;154003;FUND.COORD.DE APERF.DE PESSOAL NIVEL SUPERIOR;12;EDUCACAO;368;EDUCACAO BASICA;2030;EDUCACAO BASICA;00O0;CONCESSAO DE BOLSAS DE APOIO A EDUCACAO BASICA;0001;EDUCACAO BASICA PRESENCIAL;12368203000O00001;087492;PCC67O2001N;OBSERVATORIO DA EDUCACAO - POS GRADUACAO;90;APLICACOES DIRETAS;3;DESPESAS CORRENTES;3;OUTRAS DESPESAS CORRENTES;18;AUXILIO FINANCEIRO A ESTUDANTES;339018;AUXILIO FINANCEIRO A ESTUDANTES;08;FUNDO SOCIAL-PARC.DEST.EDUCACAO PUBL.E SAUDE;74854613.93;;74854613.93;;74854613.93;19898928.95;54955684.98;54238384.98
2015;154003;FUND.COORD.DE APERF.DE PESSOAL NIVEL SUPERIOR;12;EDUCACAO;368;EDUCACAO BASICA;2030;EDUCACAO BASICA;00O0;CONCESSAO DE BOLSAS DE APOIO A EDUCACAO BASICA;0001;EDUCACAO BASICA PRESENCIAL;12368203000O00001;087492;PCC69B2101N;PIBID - PIBID;90;APLICACOES DIRETAS;3;DESPESAS CORRENTES;3;OUTRAS DESPESAS CORRENTES;18;AUXILIO FINANCEIRO A ESTUDANTES;339018;AUXILIO FINANCEIRO A ESTUDANTES;08;FUNDO SOCIAL-PARC.DEST.EDUCACAO PUBL.E SAUDE;4062756461.6;;4062756461.6;;4019952695.6;644773741.14;3375178954.4;3332853629.4
2015;154003;FUND.COORD.DE APERF.DE PESSOAL NIVEL SUPERIOR;12;EDUCACAO;368;EDUCACAO BASICA;2030;EDUCACAO BASICA;00O0;CONCESSAO DE BOLSAS DE APOIO A EDUCACAO BASICA;0001;EDUCACAO BASICA PRESENCIAL;12368203000O00001;087492;PCC69B2101N;PIBID - PIBID;90;APLICACOES DIRETAS;3;DESPESAS CORRENTES;3;OUTRAS DESPESAS CORRENTES;;;;;12;RECURSOS DEST.A MANUT.E DES.DO ENSINO;373027200.00;;373027200.00;;373027200.00;0.00;373027200.00;373027200.00
2015;154003;FUND.COORD.DE APERF.DE PESSOAL NIVEL SUPERIOR;12;EDUCACAO;368;EDUCACAO BASICA;2030;EDUCACAO BASICA;00O0;CONCESSAO DE BOLSAS DE APOIO A EDUCACAO BASICA;0001;EDUCACAO BASICA PRESENCIAL;12368203000O00001;087492;PCC69B2101N;PIBID - PIBID;90;APLICACOES DIRETAS;3;DESPESAS CORRENTES;3;OUTRAS DESPESAS CORRENTES;20;AUXILIO FINANCEIRO A PESQUISADORES;339020;AUXILIO FINANCEIRO A PESQUISADORES;08;FUNDO SOCIAL-PARC.DEST.EDUCACAO PUBL.E SAUDE;390,633.15;;390,633.15;;;;;
2015;154003;FUND.COORD.DE APERF.DE PESSOAL NIVEL SUPERIOR;12;EDUCACAO;368;EDUCACAO BASICA;2030;EDUCACAO BASICA;00O0;CONCESSAO DE BOLSAS DE APOIO A EDUCACAO BASICA;0001;EDUCACAO BASICA PRESENCIAL;12368203000O00001;087492;PCC92B5801N;PARFOR - PARFOR;90;APLICACOES DIRETAS;3;DESPESAS CORRENTES;3;OUTRAS DESPESAS CORRENTES;18;AUXILIO FINANCEIRO A ESTUDANTES;339018;AUXILIO FINANCEIRO A ESTUDANTES;08;FUNDO SOCIAL-PARC.DEST.EDUCACAO PUBL.E SAUDE;1228027015.0;;1228027015.0;;1228025715.0;426814935.39;801210779.58;792282779.58
2015;154003;FUND.COORD.DE APERF.DE PESSOAL NIVEL SUPERIOR;12;EDUCACAO;368;EDUCACAO BASICA;2030;EDUCACAO BASICA;00O0;CONCESSAO DE BOLSAS DE APOIO A EDUCACAO BASICA;0001;EDUCACAO BASICA PRESENCIAL;12368203000O00001;087492;PCCCTB5802N;BFBASICA - PROJETOS ESPECIAIS;90;APLICACOES DIRETAS;3;DESPESAS CORRENTES;3;OUTRAS DESPESAS CORRENTES;18;AUXILIO FINANCEIRO A ESTUDANTES;339018;AUXILIO FINANCEIRO A ESTUDANTES;08;FUNDO SOCIAL-PARC.DEST.EDUCACAO PUBL.E SAUDE;5,166,050.00;;5,166,050.00;;5,166,050.00;5,000,000.00;166,050.00;166,050.00
2015;154003;FUND.COORD.DE APERF.DE PESSOAL NIVEL SUPERIOR;12;EDUCACAO;368;EDUCACAO BASICA;2030;EDUCACAO BASICA;00O0;CONCESSAO DE BOLSAS DE APOIO A EDUCACAO BASICA;0001;EDUCACAO BASICA PRESENCIAL;12368203000O00001;087492;PCCCTB5803N;BFBASICA - PROJETOS ESPECIAIS PNOQ;90;APLICACOES DIRETAS;3;DESPESAS CORRENTES;3;OUTRAS DESPESAS CORRENTES;18;AUXILIO FINANCEIRO A ESTUDANTES;339018;AUXILIO FINANCEIRO A ESTUDANTES;08;FUNDO SOCIAL-PARC.DEST.EDUCACAO PUBL.E SAUDE;5,000,000.00;;5,000,000.00;;5,000,000.00;5,000,000.00;;
2015;154003;FUND.COORD.DE APERF.DE PESSOAL NIVEL SUPERIOR;12;EDUCACAO;368;EDUCACAO BASICA;2030;EDUCACAO BASICA;00O0;CONCESSAO DE BOLSAS DE APOIO A EDUCACAO BASICA;0001;EDUCACAO BASICA PRESENCIAL;12368203000O00001;087492;PCCCTB5805N;BFBASICA - PROJETOS ESPECIAIS RD;90;APLICACOES DIRETAS;3;DESPESAS CORRENTES;3;OUTRAS DESPESAS CORRENTES;18;AUXILIO FINANCEIRO A ESTUDANTES;339018;AUXILIO FINANCEIRO A ESTUDANTES;08;FUNDO SOCIAL-PARC.DEST.EDUCACAO PUBL.E SAUDE;13790710.00;;13790710.00;;13790710.00;4,766,130.00;9,024,580.00;8,926,895.00
2015;154003;FUND.COORD.DE APERF.DE PESSOAL NIVEL SUPERIOR;12;EDUCACAO;368;EDUCACAO BASICA;2030;EDUCACAO BASICA;00O0;CONCESSAO DE BOLSAS DE APOIO A EDUCACAO BASICA;0001;EDUCACAO BASICA PRESENCIAL;12368203000O00001;087492;PCCCTB5806N;BFBASICA - PROJETOS ESPECIAIS RRC;90;APLICACOES DIRETAS;3;DESPESAS CORRENTES;3;OUTRAS DESPESAS CORRENTES;18;AUXILIO FINANCEIRO A ESTUDANTES;339018;AUXILIO FINANCEIRO A ESTUDANTES;08;FUNDO SOCIAL-PARC.DEST.EDUCACAO PUBL.E SAUDE;5,000,000.00;;5,000,000.00;;5,000,000.00;5,000,000.00;;
2015;154003;FUND.COORD.DE APERF.DE PESSOAL NIVEL SUPERIOR;12;EDUCACAO;368;EDUCACAO BASICA;2030;EDUCACAO BASICA;00O0;CONCESSAO DE BOLSAS DE APOIO A EDUCACAO BASICA;0001;EDUCACAO BASICA PRESENCIAL;12368203000O00001;087492;PCCCTB5809N;BFBASICA - PROJETOS ESPECIAIS OBMEP;90;APLICACOES DIRETAS;3;DESPESAS CORRENTES;3;OUTRAS DESPESAS CORRENTES;18;AUXILIO FINANCEIRO A ESTUDANTES;339018;AUXILIO FINANCEIRO A ESTUDANTES;08;FUNDO SOCIAL-PARC.DEST.EDUCACAO PUBL.E SAUDE;71668892.68;;71668892.68;;71668492.68;21144975.00;50523517.68;49979702.68
2015;154003;FUND.COORD.DE APERF.DE PESSOAL NIVEL SUPERIOR;12;EDUCACAO;368;EDUCACAO BASICA;2030;EDUCACAO BASICA;00O0;CONCESSAO DE BOLSAS DE APOIO A EDUCACAO BASICA;0002;EDUCACAO BASICA A DISTANCIA;12368203000O00001;087494;'-8;SEM INFORMACAO;90;APLICACOES DIRETAS;3;DESPESAS CORRENTES;3;OUTRAS DESPESAS CORRENTES;00;[A DETALHAR];339000;APLICACOES DIRETAS;08;FUNDO SOCIAL-PARC.DEST.EDUCACAO PUBL.E SAUDE;1871844480.0;;1533878940.0;244515787.00;;;;
2015;154003;FUND.COORD.DE APERF.DE PESSOAL NIVEL SUPERIOR;12;EDUCACAO;368;EDUCACAO BASICA;2030;EDUCACAO BASICA;00O0;CONCESSAO DE BOLSAS DE APOIO A EDUCACAO BASICA;0002;EDUCACAO BASICA A DISTANCIA;12368203000O00001;087494;FCC62B06ATN;UAB-PROFLETRAS;90;APLICACOES DIRETAS;3;DESPESAS CORRENTES;3;OUTRAS DESPESAS CORRENTES;18;AUXILIO FINANCEIRO A ESTUDANTES;339018;AUXILIO FINANCEIRO A ESTUDANTES;08;FUNDO SOCIAL-PARC.DEST.EDUCACAO PUBL.E SAUDE;3,402,000.00;;3,402,000.00;;3,402,000.00;0.00;3,402,000.00;3,402,000.00
2015;154003;FUND.COORD.DE APERF.DE PESSOAL NIVEL SUPERIOR;12;EDUCACAO;368;EDUCACAO BASICA;2030;EDUCACAO BASICA;00O0;CONCESSAO DE BOLSAS DE APOIO A EDUCACAO BASICA;0002;EDUCACAO BASICA A DISTANCIA;12368203000O00001;087494;FCC62B06BIN;UAB - UAB-PROFBIO;90;APLICACOES DIRETAS;3;DESPESAS CORRENTES;3;OUTRAS DESPESAS CORRENTES;18;AUXILIO FINANCEIRO A ESTUDANTES;339018;AUXILIO FINANCEIRO A ESTUDANTES;08;FUNDO SOCIAL-PARC.DEST.EDUCACAO PUBL.E SAUDE;483,000.00;;483,000.00;;483,000.00;0.00;483,000.00;483,000.00
2015;154003;FUND.COORD.DE APERF.DE PESSOAL NIVEL SUPERIOR;12;EDUCACAO;368;EDUCACAO BASICA;2030;EDUCACAO BASICA;00O0;CONCESSAO DE BOLSAS DE APOIO A EDUCACAO BASICA;0002;EDUCACAO BASICA A DISTANCIA;12368203000O00001;087494;FCC62B06EDN;UAB - UAB-TRADICIONAL;90;APLICACOES DIRETAS;3;DESPESAS CORRENTES;3;OUTRAS DESPESAS CORRENTES;18;AUXILIO FINANCEIRO A ESTUDANTES;339018;AUXILIO FINANCEIRO A ESTUDANTES;08;FUNDO SOCIAL-PARC.DEST.EDUCACAO PUBL.E SAUDE;776327650.00;;776327650.00;;775182310.00;0.00;775182310.00;775182310.00
2015;154003;FUND.COORD.DE APERF.DE PESSOAL NIVEL SUPERIOR;12;EDUCACAO;368;EDUCACAO BASICA;2030;EDUCACAO BASICA;00O0;CONCESSAO DE BOLSAS DE APOIO A EDUCACAO BASICA;0002;EDUCACAO BASICA A DISTANCIA;12368203000O00001;087494;FCC62B06FIN;UAB - UAB-PROFISICA;90;APLICACOES DIRETAS;3;DESPESAS CORRENTES;3;OUTRAS DESPESAS CORRENTES;18;AUXILIO FINANCEIRO A ESTUDANTES;339018;AUXILIO FINANCEIRO A ESTUDANTES;08;FUNDO SOCIAL-PARC.DEST.EDUCACAO PUBL.E SAUDE;5,250,000.00;;5,250,000.00;;5,250,000.00;0.00;5,250,000.00;5,250,000.00
2015;154003;FUND.COORD.DE APERF.DE PESSOAL NIVEL SUPERIOR;12;EDUCACAO;368;EDUCACAO BASICA;2030;EDUCACAO BASICA;00O0;CONCESSAO DE BOLSAS DE APOIO A EDUCACAO BASICA;0002;EDUCACAO BASICA A DISTANCIA;12368203000O00001;087494;FCC62B06HIN;UAB - UAB-PROFHISTORIA;90;APLICACOES DIRETAS;3;DESPESAS CORRENTES;3;OUTRAS DESPESAS CORRENTES;18;AUXILIO FINANCEIRO A ESTUDANTES;339018;AUXILIO FINANCEIRO A ESTUDANTES;08;FUNDO SOCIAL-PARC.DEST.EDUCACAO PUBL.E SAUDE;2,625,000.00;;2,625,000.00;;2,625,000.00;0.00;2,625,000.00;2,625,000.00
2015;154003;FUND.COORD.DE APERF.DE PESSOAL NIVEL SUPERIOR;12;EDUCACAO;368;EDUCACAO BASICA;2030;EDUCACAO BASICA;00O0;CONCESSAO DE BOLSAS DE APOIO A EDUCACAO BASICA;0002;EDUCACAO BASICA A DISTANCIA;12368203000O00001;087494;FCC62B06LEN;UAB - UAB-PROFLETRAS;90;APLICACOES DIRETAS;3;DESPESAS CORRENTES;3;OUTRAS DESPESAS CORRENTES;18;AUXILIO FINANCEIRO A ESTUDANTES;339018;AUXILIO FINANCEIRO A ESTUDANTES;08;FUNDO SOCIAL-PARC.DEST.EDUCACAO PUBL.E SAUDE;15792000.00;;15792000.00;;15792000.00;0.00;15792000.00;15792000.00
2015;154003;FUND.COORD.DE APERF.DE PESSOAL NIVEL SUPERIOR;12;EDUCACAO;368;EDUCACAO BASICA;2030;EDUCACAO BASICA;00O0;CONCESSAO DE BOLSAS DE APOIO A EDUCACAO BASICA;0002;EDUCACAO BASICA A DISTANCIA;12368203000O00001;087494;FCC62B06MAN;UAB - UAB-PROFMAT;90;APLICACOES DIRETAS;3;DESPESAS CORRENTES;3;OUTRAS DESPESAS CORRENTES;18;AUXILIO FINANCEIRO A ESTUDANTES;339018;AUXILIO FINANCEIRO A ESTUDANTES;08;FUNDO SOCIAL-PARC.DEST.EDUCACAO PUBL.E SAUDE;36141000.00;;36141000.00;;36141000.00;0.00;36141000.00;36141000.00
2015;154003;FUND.COORD.DE APERF.DE PESSOAL NIVEL SUPERIOR;12;EDUCACAO;368;EDUCACAO BASICA;2030;EDUCACAO BASICA;00O0;CONCESSAO DE BOLSAS DE APOIO A EDUCACAO BASICA;0002;EDUCACAO BASICA A DISTANCIA;12368203000O00001;087494;MCC62G22EDN;UAB - UAB TRADICIONAL;90;APLICACOES DIRETAS;3;DESPESAS CORRENTES;3;OUTRAS DESPESAS CORRENTES;18;AUXILIO FINANCEIRO A ESTUDANTES;339018;AUXILIO FINANCEIRO A ESTUDANTES;08;FUNDO SOCIAL-PARC.DEST.EDUCACAO PUBL.E SAUDE;2467407555.0;;2467407555.0;;2467404725.0;332921995.70;2134482729.3;2089688089.3
2015;154003;FUND.COORD.DE APERF.DE PESSOAL NIVEL SUPERIOR;12;EDUCACAO;368;EDUCACAO BASICA;2030;EDUCACAO BASICA;00O0;CONCESSAO DE BOLSAS DE APOIO A EDUCACAO BASICA;0002;EDUCACAO BASICA A DISTANCIA;12368203000O00001;087494;PCC69B2101N;PIBID - PIBID;90;APLICACOES DIRETAS;3;DESPESAS CORRENTES;3;OUTRAS DESPESAS CORRENTES;18;AUXILIO FINANCEIRO A ESTUDANTES;339018;AUXILIO FINANCEIRO A ESTUDANTES;08;FUNDO SOCIAL-PARC.DEST.EDUCACAO PUBL.E SAUDE;4,911,546.00;;4,911,546.00;;4,911,546.00;4,911,546.00;;
2015;154003;FUND.COORD.DE APERF.DE PESSOAL NIVEL SUPERIOR;12;EDUCACAO;368;EDUCACAO BASICA;2030;EDUCACAO BASICA;00O0;CONCESSAO DE BOLSAS DE APOIO A EDUCACAO BASICA;0002;EDUCACAO BASICA A DISTANCIA;12368203000O00001;087494;QCC62T58ATN;UAB - UAB PROFARTES;90;APLICACOES DIRETAS;3;DESPESAS CORRENTES;3;OUTRAS DESPESAS CORRENTES;18;AUXILIO FINANCEIRO A ESTUDANTES;339018;AUXILIO FINANCEIRO A ESTUDANTES;08;FUNDO SOCIAL-PARC.DEST.EDUCACAO PUBL.E SAUDE;116814500.00;;116814500.00;;116558000.00;97893500.00;18664500.00;18424500.00
2015;154003;FUND.COORD.DE APERF.DE PESSOAL NIVEL SUPERIOR;12;EDUCACAO;368;EDUCACAO BASICA;2030;EDUCACAO BASICA;00O0;CONCESSAO DE BOLSAS DE APOIO A EDUCACAO BASICA;0002;EDUCACAO BASICA A DISTANCIA;12368203000O00001;087494;QCC62T58BIN;UAB - UAB PROFBIO;90;APLICACOES DIRETAS;3;DESPESAS CORRENTES;3;OUTRAS DESPESAS CORRENTES;18;AUXILIO FINANCEIRO A ESTUDANTES;339018;AUXILIO FINANCEIRO A ESTUDANTES;08;FUNDO SOCIAL-PARC.DEST.EDUCACAO PUBL.E SAUDE;100931500.00;;100931500.00;;100931500.00;99655000.00;1,276,500.00;1,242,000.00
2015;154003;FUND.COORD.DE APERF.DE PESSOAL NIVEL SUPERIOR;12;EDUCACAO;368;EDUCACAO BASICA;2030;EDUCACAO BASICA;00O0;CONCESSAO DE BOLSAS DE APOIO A EDUCACAO BASICA;0002;EDUCACAO BASICA A DISTANCIA;12368203000O00001;087494;QCC62T58FIN;UAB - UAB PROFISICA;90;APLICACOES DIRETAS;3;DESPESAS CORRENTES;3;OUTRAS DESPESAS CORRENTES;18;AUXILIO FINANCEIRO A ESTUDANTES;339018;AUXILIO FINANCEIRO A ESTUDANTES;08;FUNDO SOCIAL-PARC.DEST.EDUCACAO PUBL.E SAUDE;178910000.00;;178910000.00;;178370000.00;87159500.00;91210500.00;89826000.00
2015;154003;FUND.COORD.DE APERF.DE PESSOAL NIVEL SUPERIOR;12;EDUCACAO;368;EDUCACAO BASICA;2030;EDUCACAO BASICA;00O0;CONCESSAO DE BOLSAS DE APOIO A EDUCACAO BASICA;0002;EDUCACAO BASICA A DISTANCIA;12368203000O00001;087494;QCC62T58HIN;UAB - UAB PROFHISTORIA;90;APLICACOES DIRETAS;3;DESPESAS CORRENTES;3;OUTRAS DESPESAS CORRENTES;18;AUXILIO FINANCEIRO A ESTUDANTES;339018;AUXILIO FINANCEIRO A ESTUDANTES;08;FUNDO SOCIAL-PARC.DEST.EDUCACAO PUBL.E SAUDE;111182000.00;;111182000.00;;110999000.00;98510000.00;12489000.00;12297000.00
2015;154003;FUND.COORD.DE APERF.DE PESSOAL NIVEL SUPERIOR;12;EDUCACAO;368;EDUCACAO BASICA;2030;EDUCACAO BASICA;00O0;CONCESSAO DE BOLSAS DE APOIO A EDUCACAO BASICA;0002;EDUCACAO BASICA A DISTANCIA;12368203000O00001;087494;QCC62T58LEN;UAB - UAB PROFLETRAS;90;APLICACOES DIRETAS;3;DESPESAS CORRENTES;3;OUTRAS DESPESAS CORRENTES;18;AUXILIO FINANCEIRO A ESTUDANTES;339018;AUXILIO FINANCEIRO A ESTUDANTES;08;FUNDO SOCIAL-PARC.DEST.EDUCACAO PUBL.E SAUDE;266471910.00;;266471910.00;;265301910.00;78636030.00;186665880.00;183050880.00
2015;154003;FUND.COORD.DE APERF.DE PESSOAL NIVEL SUPERIOR;12;EDUCACAO;368;EDUCACAO BASICA;2030;EDUCACAO BASICA;00O0;CONCESSAO DE BOLSAS DE APOIO A EDUCACAO BASICA;0002;EDUCACAO BASICA A DISTANCIA;12368203000O00001;087494;QCC62T58MAN;UAB - UAB PROFMAT;90;APLICACOES DIRETAS;3;DESPESAS CORRENTES;3;OUTRAS DESPESAS CORRENTES;18;AUXILIO FINANCEIRO A ESTUDANTES;339018;AUXILIO FINANCEIRO A ESTUDANTES;08;FUNDO SOCIAL-PARC.DEST.EDUCACAO PUBL.E SAUDE;280988500.00;;280988500.00;;275803000.00;75250000.00;200553000.00;195469500.00
2015;154003;FUND.COORD.DE APERF.DE PESSOAL NIVEL SUPERIOR;12;EDUCACAO;368;EDUCACAO BASICA;2030;EDUCACAO BASICA;00O0;CONCESSAO DE BOLSAS DE APOIO A EDUCACAO BASICA;0002;EDUCACAO BASICA A DISTANCIA;12368203000O00001;087494;VCC62N99MZN;UAB - UAB MOCAMBIQUE;90;APLICACOES DIRETAS;3;DESPESAS CORRENTES;3;OUTRAS DESPESAS CORRENTES;18;AUXILIO FINANCEIRO A ESTUDANTES;339018;AUXILIO FINANCEIRO A ESTUDANTES;08;FUNDO SOCIAL-PARC.DEST.EDUCACAO PUBL.E SAUDE;6,116,635.00;;6,116,635.00;;6,078,595.00;4,879,360.00;1,199,235.00;1,186,945.00
2015;154003;FUND.COORD.DE APERF.DE PESSOAL NIVEL SUPERIOR;12;EDUCACAO;368;EDUCACAO BASICA;2030;EDUCACAO BASICA;20RJ;APOIO A CAPACITACAO E FORMACAO INICIAL E CONTINUADA PARA A E;0003;EDUCACAO BASICA PRESENCIAL;12368203020RJ0001;087496;'-8;SEM INFORMACAO;30;TRANSFER. A ESTADOS E AO DISTRITO FEDERAL;3;DESPESAS CORRENTES;3;OUTRAS DESPESAS CORRENTES;00;[A DETALHAR];333000;TRANSFER.  A ESTADOS E AO DISTRITO FEDERAL;08;FUNDO SOCIAL-PARC.DEST.EDUCACAO PUBL.E SAUDE;157341706.89;;101829994.89;65511712.00;;;;
2015;154003;FUND.COORD.DE APERF.DE PESSOAL NIVEL SUPERIOR;12;EDUCACAO;368;EDUCACAO BASICA;2030;EDUCACAO BASICA;20RJ;APOIO A CAPACITACAO E FORMACAO INICIAL E CONTINUADA PARA A E;0003;EDUCACAO BASICA PRESENCIAL;12368203020RJ0001;087496;'-8;SEM INFORMACAO;50;TRANSFERENCIA INSTITUICOES PRIVADAS SEM FINS LUCRATIVOS;3;DESPESAS CORRENTES;3;OUTRAS DESPESAS CORRENTES;00;[A DETALHAR];335000;TRANSFERENCIA INSTITUICOES PRIVADAS SEM FINS LUCRATIVOS;08;FUNDO SOCIAL-PARC.DEST.EDUCACAO PUBL.E SAUDE;12,164.00;;12,164.00;;;;;
2015;154003;FUND.COORD.DE APERF.DE PESSOAL NIVEL SUPERIOR;12;EDUCACAO;368;EDUCACAO BASICA;2030;EDUCACAO BASICA;20RJ;APOIO A CAPACITACAO E FORMACAO INICIAL E CONTINUADA PARA A E;0003;EDUCACAO BASICA PRESENCIAL;12368203020RJ0001;087496;'-8;SEM INFORMACAO;90;APLICACOES DIRETAS;3;DESPESAS CORRENTES;3;OUTRAS DESPESAS CORRENTES;00;[A DETALHAR];339000;APLICACOES DIRETAS;08;FUNDO SOCIAL-PARC.DEST.EDUCACAO PUBL.E SAUDE;371061595.82;;251224511.82;160969120.00;;;;
2015;154003;FUND.COORD.DE APERF.DE PESSOAL NIVEL SUPERIOR;12;EDUCACAO;368;EDUCACAO BASICA;2030;EDUCACAO BASICA;20RJ;APOIO A CAPACITACAO E FORMACAO INICIAL E CONTINUADA PARA A E;0003;EDUCACAO BASICA PRESENCIAL;12368203020RJ0001;087496;'-8;SEM INFORMACAO;90;APLICACOES DIRETAS;3;DESPESAS CORRENTES;3;OUTRAS DESPESAS CORRENTES;;;;;96;DOAC.PESSOAS FISICAS E INSTIT.PUB.E PRIV.NAC.;;;9,283,800.00;1,856,760.00;;;;
2015;154003;FUND.COORD.DE APERF.DE PESSOAL NIVEL SUPERIOR;12;EDUCACAO;368;EDUCACAO BASICA;2030;EDUCACAO BASICA;20RJ;APOIO A CAPACITACAO E FORMACAO INICIAL E CONTINUADA PARA A E;0003;EDUCACAO BASICA PRESENCIAL;12368203020RJ0001;087496;'-8;SEM INFORMACAO;90;APLICACOES DIRETAS;4;DESPESAS DE CAPITAL;4;INVESTIMENTOS;00;[A DETALHAR];449000;APLICACOES DIRETAS;08;FUNDO SOCIAL-PARC.DEST.EDUCACAO PUBL.E SAUDE;157499998.00;;93828870.00;68162202.00;;;;
2015;154003;FUND.COORD.DE APERF.DE PESSOAL NIVEL SUPERIOR;12;EDUCACAO;368;EDUCACAO BASICA;2030;EDUCACAO BASICA;20RJ;APOIO A CAPACITACAO E FORMACAO INICIAL E CONTINUADA PARA A E;0003;EDUCACAO BASICA PRESENCIAL;12368203020RJ0001;087496;'-8;SEM INFORMACAO;90;APLICACOES DIRETAS;4;DESPESAS DE CAPITAL;4;INVESTIMENTOS;;;;;96;DOAC.PESSOAS FISICAS E INSTIT.PUB.E PRIV.NAC.;;;38355640.00;7,671,128.00;;;;
2015;154003;FUND.COORD.DE APERF.DE PESSOAL NIVEL SUPERIOR;12;EDUCACAO;368;EDUCACAO BASICA;2030;EDUCACAO BASICA;20RJ;APOIO A CAPACITACAO E FORMACAO INICIAL E CONTINUADA PARA A E;0003;EDUCACAO BASICA PRESENCIAL;12368203020RJ0001;087496;PCC69B2101N;PIBID - PIBID;90;APLICACOES DIRETAS;3;DESPESAS CORRENTES;3;OUTRAS DESPESAS CORRENTES;14;DIARIAS - PESSOAL CIVIL;339014;DIARIAS - PESSOAL CIVIL;08;FUNDO SOCIAL-PARC.DEST.EDUCACAO PUBL.E SAUDE;570,257.21;;570,257.21;;;;;
2015;154003;FUND.COORD.DE APERF.DE PESSOAL NIVEL SUPERIOR;12;EDUCACAO;368;EDUCACAO BASICA;2030;EDUCACAO BASICA;20RJ;APOIO A CAPACITACAO E FORMACAO INICIAL E CONTINUADA PARA A E;0003;EDUCACAO BASICA PRESENCIAL;12368203020RJ0001;087496;PCC69B2101N;PIBID - PIBID;90;APLICACOES DIRETAS;3;DESPESAS CORRENTES;3;OUTRAS DESPESAS CORRENTES;18;AUXILIO FINANCEIRO A ESTUDANTES;339018;AUXILIO FINANCEIRO A ESTUDANTES;08;FUNDO SOCIAL-PARC.DEST.EDUCACAO PUBL.E SAUDE;481,616.40;;481,616.40;;;;;
2015;154003;FUND.COORD.DE APERF.DE PESSOAL NIVEL SUPERIOR;12;EDUCACAO;368;EDUCACAO BASICA;2030;EDUCACAO BASICA;20RJ;APOIO A CAPACITACAO E FORMACAO INICIAL E CONTINUADA PARA A E;0003;EDUCACAO BASICA PRESENCIAL;12368203020RJ0001;087496;PCC69B2101N;PIBID - PIBID;90;APLICACOES DIRETAS;3;DESPESAS CORRENTES;3;OUTRAS DESPESAS CORRENTES;20;AUXILIO FINANCEIRO A PESQUISADORES;339020;AUXILIO FINANCEIRO A PESQUISADORES;08;FUNDO SOCIAL-PARC.DEST.EDUCACAO PUBL.E SAUDE;127629547.93;;127629547.93;;124907473.53;10798129.51;114109344.02;87186738.53
2015;154003;FUND.COORD.DE APERF.DE PESSOAL NIVEL SUPERIOR;12;EDUCACAO;368;EDUCACAO BASICA;2030;EDUCACAO BASICA;20RJ;APOIO A CAPACITACAO E FORMACAO INICIAL E CONTINUADA PARA A E;0003;EDUCACAO BASICA PRESENCIAL;12368203020RJ0001;087496;PCC69B2101N;PIBID - PIBID;90;APLICACOES DIRETAS;3;DESPESAS CORRENTES;3;OUTRAS DESPESAS CORRENTES;30;MATERIAL DE CONSUMO;339030;MATERIAL DE CONSUMO;08;FUNDO SOCIAL-PARC.DEST.EDUCACAO PUBL.E SAUDE;1,120,451.94;;1,120,451.94;;;;;
2015;154003;FUND.COORD.DE APERF.DE PESSOAL NIVEL SUPERIOR;12;EDUCACAO;368;EDUCACAO BASICA;2030;EDUCACAO BASICA;20RJ;APOIO A CAPACITACAO E FORMACAO INICIAL E CONTINUADA PARA A E;0003;EDUCACAO BASICA PRESENCIAL;12368203020RJ0001;087496;PCC69B2101N;PIBID - PIBID;90;APLICACOES DIRETAS;3;DESPESAS CORRENTES;3;OUTRAS DESPESAS CORRENTES;33;PASSAGENS E DESPESAS COM LOCOMOCAO;339033;PASSAGENS E DESPESAS COM LOCOMOCAO;08;FUNDO SOCIAL-PARC.DEST.EDUCACAO PUBL.E SAUDE;380,398.44;;380,398.44;;;;;
2015;154003;FUND.COORD.DE APERF.DE PESSOAL NIVEL SUPERIOR;12;EDUCACAO;368;EDUCACAO BASICA;2030;EDUCACAO BASICA;20RJ;APOIO A CAPACITACAO E FORMACAO INICIAL E CONTINUADA PARA A E;0003;EDUCACAO BASICA PRESENCIAL;12368203020RJ0001;087496;PCC69B2101N;PIBID - PIBID;90;APLICACOES DIRETAS;3;DESPESAS CORRENTES;3;OUTRAS DESPESAS CORRENTES;36;OUTROS SERVICOS DE TERCEIROS - P.FISICA;339036;OUTROS SERVICOS DE TERCEIROS - PESSOA FISICA;08;FUNDO SOCIAL-PARC.DEST.EDUCACAO PUBL.E SAUDE;244,913.20;;244,913.20;;;;;
2015;154003;FUND.COORD.DE APERF.DE PESSOAL NIVEL SUPERIOR;12;EDUCACAO;368;EDUCACAO BASICA;2030;EDUCACAO BASICA;20RJ;APOIO A CAPACITACAO E FORMACAO INICIAL E CONTINUADA PARA A E;0003;EDUCACAO BASICA PRESENCIAL;12368203020RJ0001;087496;PCC69B2101N;PIBID - PIBID;90;APLICACOES DIRETAS;3;DESPESAS CORRENTES;3;OUTRAS DESPESAS CORRENTES;39;OUTROS SERVICOS DE TERCEIROS PJ - OP.INT.ORC.;339039;OUTROS SERVICOS DE TERCEIROS - PESSOA JURIDICA;08;FUNDO SOCIAL-PARC.DEST.EDUCACAO PUBL.E SAUDE;939,829.60;;939,829.60;;;;;
2015;154003;FUND.COORD.DE APERF.DE PESSOAL NIVEL SUPERIOR;12;EDUCACAO;368;EDUCACAO BASICA;2030;EDUCACAO BASICA;20RJ;APOIO A CAPACITACAO E FORMACAO INICIAL E CONTINUADA PARA A E;0003;EDUCACAO BASICA PRESENCIAL;12368203020RJ0001;087496;PCC92B5801N;PARFOR - PARFOR;30;TRANSFER. A ESTADOS E AO DISTRITO FEDERAL;3;DESPESAS CORRENTES;3;OUTRAS DESPESAS CORRENTES;41;CONTRIBUICOES;333041;CONTRIBUICOES;08;FUNDO SOCIAL-PARC.DEST.EDUCACAO PUBL.E SAUDE;53403839.82;;53403839.82;;53403839.82;18217500.00;34511339.82;29803639.82
2015;154003;FUND.COORD.DE APERF.DE PESSOAL NIVEL SUPERIOR;12;EDUCACAO;368;EDUCACAO BASICA;2030;EDUCACAO BASICA;20RJ;APOIO A CAPACITACAO E FORMACAO INICIAL E CONTINUADA PARA A E;0003;EDUCACAO BASICA PRESENCIAL;12368203020RJ0001;087496;PCC92B5801N;PARFOR - PARFOR;50;TRANSFERENCIA INSTITUICOES PRIVADAS SEM FINS LUCRATIVOS;3;DESPESAS CORRENTES;3;OUTRAS DESPESAS CORRENTES;41;CONTRIBUICOES;335041;CONTRIBUICOES;08;FUNDO SOCIAL-PARC.DEST.EDUCACAO PUBL.E SAUDE;9,370,541.00;;9,370,541.00;;9,367,500.00;4,162,500.00;5,205,000.00;3,600,000.00
2015;154003;FUND.COORD.DE APERF.DE PESSOAL NIVEL SUPERIOR;12;EDUCACAO;368;EDUCACAO BASICA;2030;EDUCACAO BASICA;20RJ;APOIO A CAPACITACAO E FORMACAO INICIAL E CONTINUADA PARA A E;0003;EDUCACAO BASICA PRESENCIAL;12368203020RJ0001;087496;PCC92B5801N;PARFOR - PARFOR;90;APLICACOES DIRETAS;3;DESPESAS CORRENTES;3;OUTRAS DESPESAS CORRENTES;00;[A DETALHAR];339000;APLICACOES DIRETAS;08;FUNDO SOCIAL-PARC.DEST.EDUCACAO PUBL.E SAUDE;14,190.40;;14,190.40;;;;;
2015;154003;FUND.COORD.DE APERF.DE PESSOAL NIVEL SUPERIOR;12;EDUCACAO;368;EDUCACAO BASICA;2030;EDUCACAO BASICA;20RJ;APOIO A CAPACITACAO E FORMACAO INICIAL E CONTINUADA PARA A E;0003;EDUCACAO BASICA PRESENCIAL;12368203020RJ0001;087496;PCC92B5801N;PARFOR - PARFOR;90;APLICACOES DIRETAS;3;DESPESAS CORRENTES;3;OUTRAS DESPESAS CORRENTES;14;DIARIAS - PESSOAL CIVIL;339014;DIARIAS - PESSOAL CIVIL;08;FUNDO SOCIAL-PARC.DEST.EDUCACAO PUBL.E SAUDE;16649998.50;;16649998.50;;;;;
2015;154003;FUND.COORD.DE APERF.DE PESSOAL NIVEL SUPERIOR;12;EDUCACAO;368;EDUCACAO BASICA;2030;EDUCACAO BASICA;20RJ;APOIO A CAPACITACAO E FORMACAO INICIAL E CONTINUADA PARA A E;0003;EDUCACAO BASICA PRESENCIAL;12368203020RJ0001;087496;PCC92B5801N;PARFOR - PARFOR;90;APLICACOES DIRETAS;3;DESPESAS CORRENTES;3;OUTRAS DESPESAS CORRENTES;18;AUXILIO FINANCEIRO A ESTUDANTES;339018;AUXILIO FINANCEIRO A ESTUDANTES;08;FUNDO SOCIAL-PARC.DEST.EDUCACAO PUBL.E SAUDE;9,088,950.00;;9,088,950.00;;;;;
2015;154003;FUND.COORD.DE APERF.DE PESSOAL NIVEL SUPERIOR;12;EDUCACAO;368;EDUCACAO BASICA;2030;EDUCACAO BASICA;20RJ;APOIO A CAPACITACAO E FORMACAO INICIAL E CONTINUADA PARA A E;0003;EDUCACAO BASICA PRESENCIAL;12368203020RJ0001;087496;PCC92B5801N;PARFOR - PARFOR;90;APLICACOES DIRETAS;3;DESPESAS CORRENTES;3;OUTRAS DESPESAS CORRENTES;20;AUXILIO FINANCEIRO A PESQUISADORES;339020;AUXILIO FINANCEIRO A PESQUISADORES;08;FUNDO SOCIAL-PARC.DEST.EDUCACAO PUBL.E SAUDE;943,449.49;;943,449.49;;779,833.60;202,396.00;487,500.00;487,500.00
2015;154003;FUND.COORD.DE APERF.DE PESSOAL NIVEL SUPERIOR;12;EDUCACAO;368;EDUCACAO BASICA;2030;EDUCACAO BASICA;20RJ;APOIO A CAPACITACAO E FORMACAO INICIAL E CONTINUADA PARA A E;0003;EDUCACAO BASICA PRESENCIAL;12368203020RJ0001;087496;PCC92B5801N;PARFOR - PARFOR;90;APLICACOES DIRETAS;3;DESPESAS CORRENTES;3;OUTRAS DESPESAS CORRENTES;30;MATERIAL DE CONSUMO;339030;MATERIAL DE CONSUMO;08;FUNDO SOCIAL-PARC.DEST.EDUCACAO PUBL.E SAUDE;4,521,692.20;;4,521,692.20;;;;;
2015;154003;FUND.COORD.DE APERF.DE PESSOAL NIVEL SUPERIOR;12;EDUCACAO;368;EDUCACAO BASICA;2030;EDUCACAO BASICA;20RJ;APOIO A CAPACITACAO E FORMACAO INICIAL E CONTINUADA PARA A E;0003;EDUCACAO BASICA PRESENCIAL;12368203020RJ0001;087496;PCC92B5801N;PARFOR - PARFOR;90;APLICACOES DIRETAS;3;DESPESAS CORRENTES;3;OUTRAS DESPESAS CORRENTES;33;PASSAGENS E DESPESAS COM LOCOMOCAO;339033;PASSAGENS E DESPESAS COM LOCOMOCAO;08;FUNDO SOCIAL-PARC.DEST.EDUCACAO PUBL.E SAUDE;12299071.00;;12299071.00;;;;;
2015;154003;FUND.COORD.DE APERF.DE PESSOAL NIVEL SUPERIOR;12;EDUCACAO;368;EDUCACAO BASICA;2030;EDUCACAO BASICA;20RJ;APOIO A CAPACITACAO E FORMACAO INICIAL E CONTINUADA PARA A E;0003;EDUCACAO BASICA PRESENCIAL;12368203020RJ0001;087496;PCC92B5801N;PARFOR - PARFOR;90;APLICACOES DIRETAS;3;DESPESAS CORRENTES;3;OUTRAS DESPESAS CORRENTES;36;OUTROS SERVICOS DE TERCEIROS - P.FISICA;339036;OUTROS SERVICOS DE TERCEIROS - PESSOA FISICA;08;FUNDO SOCIAL-PARC.DEST.EDUCACAO PUBL.E SAUDE;17422115.66;;17422115.66;;;;;
2015;154003;FUND.COORD.DE APERF.DE PESSOAL NIVEL SUPERIOR;12;EDUCACAO;368;EDUCACAO BASICA;2030;EDUCACAO BASICA;20RJ;APOIO A CAPACITACAO E FORMACAO INICIAL E CONTINUADA PARA A E;0003;EDUCACAO BASICA PRESENCIAL;12368203020RJ0001;087496;PCC92B5801N;PARFOR - PARFOR;90;APLICACOES DIRETAS;3;DESPESAS CORRENTES;3;OUTRAS DESPESAS CORRENTES;39;OUTROS SERVICOS DE TERCEIROS PJ - OP.INT.ORC.;339039;OUTROS SERVICOS DE TERCEIROS - PESSOA JURIDICA;08;FUNDO SOCIAL-PARC.DEST.EDUCACAO PUBL.E SAUDE;47785823.78;;47785823.78;;;;;
2015;154003;FUND.COORD.DE APERF.DE PESSOAL NIVEL SUPERIOR;12;EDUCACAO;368;EDUCACAO BASICA;2030;EDUCACAO BASICA;20RJ;APOIO A CAPACITACAO E FORMACAO INICIAL E CONTINUADA PARA A E;0003;EDUCACAO BASICA PRESENCIAL;12368203020RJ0001;087496;PCC92B5801N;PARFOR - PARFOR;90;APLICACOES DIRETAS;3;DESPESAS CORRENTES;3;OUTRAS DESPESAS CORRENTES;48;OUTROS AUXILIOS FINANCEIROS A PESSOAS FISICAS;339048;OUTROS AUXILIOS FINANCEIROS A PESSOA FISICA;08;FUNDO SOCIAL-PARC.DEST.EDUCACAO PUBL.E SAUDE;10,499.98;;10,499.98;;;;;
2015;154003;FUND.COORD.DE APERF.DE PESSOAL NIVEL SUPERIOR;12;EDUCACAO;368;EDUCACAO BASICA;2030;EDUCACAO BASICA;20RJ;APOIO A CAPACITACAO E FORMACAO INICIAL E CONTINUADA PARA A E;0003;EDUCACAO BASICA PRESENCIAL;12368203020RJ0001;087496;PCC92B5801N;PARFOR - PARFOR;90;APLICACOES DIRETAS;3;DESPESAS CORRENTES;3;OUTRAS DESPESAS CORRENTES;92;DESPESAS DE EXERCICIOS ANTERIORES;339092;DESPESAS DE EXERCICIOS ANTERIORES;08;FUNDO SOCIAL-PARC.DEST.EDUCACAO PUBL.E SAUDE;529,261.56;;529,261.56;;;;;
2015;154003;FUND.COORD.DE APERF.DE PESSOAL NIVEL SUPERIOR;12;EDUCACAO;368;EDUCACAO BASICA;2030;EDUCACAO BASICA;20RJ;APOIO A CAPACITACAO E FORMACAO INICIAL E CONTINUADA PARA A E;0003;EDUCACAO BASICA PRESENCIAL;12368203020RJ0001;087496;PCC92B5801N;PARFOR - PARFOR;90;APLICACOES DIRETAS;3;DESPESAS CORRENTES;3;OUTRAS DESPESAS CORRENTES;93;INDENIZACOES E RESTITUICOES;339093;INDENIZACOES E RESTITUICOES;08;FUNDO SOCIAL-PARC.DEST.EDUCACAO PUBL.E SAUDE;1,493,151.40;;1,493,151.40;;;;;
2015;154003;FUND.COORD.DE APERF.DE PESSOAL NIVEL SUPERIOR;12;EDUCACAO;368;EDUCACAO BASICA;2030;EDUCACAO BASICA;20RJ;APOIO A CAPACITACAO E FORMACAO INICIAL E CONTINUADA PARA A E;0003;EDUCACAO BASICA PRESENCIAL;12368203020RJ0001;087496;PCC92B5801N;PARFOR - PARFOR;91;APLICACOES DIRETAS - OPERACOES INTERNAS;3;DESPESAS CORRENTES;3;OUTRAS DESPESAS CORRENTES;47;OBRIGACOES TRIBUTARIAS E CONTRIBUTIVAS;339147;OBRIG.TRIBUT.E CONTRIB-OP.INTRA-ORCAMENTARIAS;08;FUNDO SOCIAL-PARC.DEST.EDUCACAO PUBL.E SAUDE;283,614.94;;283,614.94;;;;;
2015;154003;FUND.COORD.DE APERF.DE PESSOAL NIVEL SUPERIOR;12;EDUCACAO;368;EDUCACAO BASICA;2030;EDUCACAO BASICA;20RJ;APOIO A CAPACITACAO E FORMACAO INICIAL E CONTINUADA PARA A E;0003;EDUCACAO BASICA PRESENCIAL;12368203020RJ0001;087496;PCCCTB5801N;BFBASICA - NOVOS TALENTOS;90;APLICACOES DIRETAS;3;DESPESAS CORRENTES;3;OUTRAS DESPESAS CORRENTES;20;AUXILIO FINANCEIRO A PESQUISADORES;339020;AUXILIO FINANCEIRO A PESQUISADORES;08;FUNDO SOCIAL-PARC.DEST.EDUCACAO PUBL.E SAUDE;1,482,721.84;;1,482,721.84;;1,482,721.84;50,409.20;1,432,312.64;1,407,134.64
2015;154003;FUND.COORD.DE APERF.DE PESSOAL NIVEL SUPERIOR;12;EDUCACAO;368;EDUCACAO BASICA;2030;EDUCACAO BASICA;20RJ;APOIO A CAPACITACAO E FORMACAO INICIAL E CONTINUADA PARA A E;0003;EDUCACAO BASICA PRESENCIAL;12368203020RJ0001;087496;PCCCTB5802N;BFBASICA - PROJETOS ESPECIAIS;90;APLICACOES DIRETAS;3;DESPESAS CORRENTES;3;OUTRAS DESPESAS CORRENTES;20;AUXILIO FINANCEIRO A PESQUISADORES;339020;AUXILIO FINANCEIRO A PESQUISADORES;08;FUNDO SOCIAL-PARC.DEST.EDUCACAO PUBL.E SAUDE;21982600.00;;21982600.00;;;;;
2015;154003;FUND.COORD.DE APERF.DE PESSOAL NIVEL SUPERIOR;12;EDUCACAO;368;EDUCACAO BASICA;2030;EDUCACAO BASICA;20RJ;APOIO A CAPACITACAO E FORMACAO INICIAL E CONTINUADA PARA A E;0003;EDUCACAO BASICA PRESENCIAL;12368203020RJ0001;087496;PCCCTB5809N;BFBASICA - PROJETOS ESPECIAIS OBMEP;90;APLICACOES DIRETAS;3;DESPESAS CORRENTES;3;OUTRAS DESPESAS CORRENTES;20;AUXILIO FINANCEIRO A PESQUISADORES;339020;AUXILIO FINANCEIRO A PESQUISADORES;08;FUNDO SOCIAL-PARC.DEST.EDUCACAO PUBL.E SAUDE;5,144,000.00;;5,144,000.00;;3,858,000.00;0.00;3,858,000.00;
2015;154003;FUND.COORD.DE APERF.DE PESSOAL NIVEL SUPERIOR;12;EDUCACAO;368;EDUCACAO BASICA;2030;EDUCACAO BASICA;20RJ;APOIO A CAPACITACAO E FORMACAO INICIAL E CONTINUADA PARA A E;0003;EDUCACAO BASICA PRESENCIAL;12368203020RJ0001;094418;'-8;SEM INFORMACAO;90;APLICACOES DIRETAS;4;DESPESAS DE CAPITAL;4;INVESTIMENTOS;00;[A DETALHAR];449000;APLICACOES DIRETAS;08;FUNDO SOCIAL-PARC.DEST.EDUCACAO PUBL.E SAUDE;;;23333335.00;23333335.00;;;;
2015;154003;FUND.COORD.DE APERF.DE PESSOAL NIVEL SUPERIOR;12;EDUCACAO;368;EDUCACAO BASICA;2030;EDUCACAO BASICA;20RJ;APOIO A CAPACITACAO E FORMACAO INICIAL E CONTINUADA PARA A E;0004;EDUCACAO BASICA A DISTANCIA;12368203020RJ0001;087497;'-8;SEM INFORMACAO;30;TRANSFER. A ESTADOS E AO DISTRITO FEDERAL;3;DESPESAS CORRENTES;3;OUTRAS DESPESAS CORRENTES;00;[A DETALHAR];333000;TRANSFER.  A ESTADOS E AO DISTRITO FEDERAL;08;FUNDO SOCIAL-PARC.DEST.EDUCACAO PUBL.E SAUDE;140129789.97;;90129789.97;30000000.00;;;;
2015;154003;FUND.COORD.DE APERF.DE PESSOAL NIVEL SUPERIOR;12;EDUCACAO;368;EDUCACAO BASICA;2030;EDUCACAO BASICA;20RJ;APOIO A CAPACITACAO E FORMACAO INICIAL E CONTINUADA PARA A E;0004;EDUCACAO BASICA A DISTANCIA;12368203020RJ0001;087497;'-8;SEM INFORMACAO;30;TRANSFER. A ESTADOS E AO DISTRITO FEDERAL;3;DESPESAS CORRENTES;3;OUTRAS DESPESAS CORRENTES;;;;;96;DOAC.PESSOAS FISICAS E INSTIT.PUB.E PRIV.NAC.;;;50000000.00;10000000.00;;;;
2015;154003;FUND.COORD.DE APERF.DE PESSOAL NIVEL SUPERIOR;12;EDUCACAO;368;EDUCACAO BASICA;2030;EDUCACAO BASICA;20RJ;APOIO A CAPACITACAO E FORMACAO INICIAL E CONTINUADA PARA A E;0004;EDUCACAO BASICA A DISTANCIA;12368203020RJ0001;087497;'-8;SEM INFORMACAO;30;TRANSFER. A ESTADOS E AO DISTRITO FEDERAL;3;DESPESAS CORRENTES;3;OUTRAS DESPESAS CORRENTES;41;CONTRIBUICOES;333041;CONTRIBUICOES;08;FUNDO SOCIAL-PARC.DEST.EDUCACAO PUBL.E SAUDE;0.00;;0.00;;;;;
2015;154003;FUND.COORD.DE APERF.DE PESSOAL NIVEL SUPERIOR;12;EDUCACAO;368;EDUCACAO BASICA;2030;EDUCACAO BASICA;20RJ;APOIO A CAPACITACAO E FORMACAO INICIAL E CONTINUADA PARA A E;0004;EDUCACAO BASICA A DISTANCIA;12368203020RJ0001;087497;'-8;SEM INFORMACAO;30;TRANSFER. A ESTADOS E AO DISTRITO FEDERAL;4;DESPESAS DE CAPITAL;4;INVESTIMENTOS;00;[A DETALHAR];443000;TRANSFERENCIAS A ESTADOS E DISTRITO FEDERAL;08;FUNDO SOCIAL-PARC.DEST.EDUCACAO PUBL.E SAUDE;0.00;;0.00;;;;;
2015;154003;FUND.COORD.DE APERF.DE PESSOAL NIVEL SUPERIOR;12;EDUCACAO;368;EDUCACAO BASICA;2030;EDUCACAO BASICA;20RJ;APOIO A CAPACITACAO E FORMACAO INICIAL E CONTINUADA PARA A E;0004;EDUCACAO BASICA A DISTANCIA;12368203020RJ0001;087497;'-8;SEM INFORMACAO;50;TRANSFERENCIA INSTITUICOES PRIVADAS SEM FINS LUCRATIVOS;3;DESPESAS CORRENTES;3;OUTRAS DESPESAS CORRENTES;00;[A DETALHAR];335000;TRANSFERENCIA INSTITUICOES PRIVADAS SEM FINS LUCRATIVOS;08;FUNDO SOCIAL-PARC.DEST.EDUCACAO PUBL.E SAUDE;287499998.00;;162499998.00;100000000.00;;;;
2015;154003;FUND.COORD.DE APERF.DE PESSOAL NIVEL SUPERIOR;12;EDUCACAO;368;EDUCACAO BASICA;2030;EDUCACAO BASICA;20RJ;APOIO A CAPACITACAO E FORMACAO INICIAL E CONTINUADA PARA A E;0004;EDUCACAO BASICA A DISTANCIA;12368203020RJ0001;087497;'-8;SEM INFORMACAO;50;TRANSFERENCIA INSTITUICOES PRIVADAS SEM FINS LUCRATIVOS;3;DESPESAS CORRENTES;3;OUTRAS DESPESAS CORRENTES;;;;;96;DOAC.PESSOAS FISICAS E INSTIT.PUB.E PRIV.NAC.;;;125000000.00;25000000.00;;;;
2015;154003;FUND.COORD.DE APERF.DE PESSOAL NIVEL SUPERIOR;12;EDUCACAO;368;EDUCACAO BASICA;2030;EDUCACAO BASICA;20RJ;APOIO A CAPACITACAO E FORMACAO INICIAL E CONTINUADA PARA A E;0004;EDUCACAO BASICA A DISTANCIA;12368203020RJ0001;087497;'-8;SEM INFORMACAO;90;APLICACOES DIRETAS;3;DESPESAS CORRENTES;3;OUTRAS DESPESAS CORRENTES;00;[A DETALHAR];339000;APLICACOES DIRETAS;08;FUNDO SOCIAL-PARC.DEST.EDUCACAO PUBL.E SAUDE;767479618.87;;445920423.87;249677437.00;;;;
2015;154003;FUND.COORD.DE APERF.DE PESSOAL NIVEL SUPERIOR;12;EDUCACAO;368;EDUCACAO BASICA;2030;EDUCACAO BASICA;20RJ;APOIO A CAPACITACAO E FORMACAO INICIAL E CONTINUADA PARA A E;0004;EDUCACAO BASICA A DISTANCIA;12368203020RJ0001;087497;'-8;SEM INFORMACAO;90;APLICACOES DIRETAS;3;DESPESAS CORRENTES;3;OUTRAS DESPESAS CORRENTES;;;;;96;DOAC.PESSOAS FISICAS E INSTIT.PUB.E PRIV.NAC.;;;321559195.00;64311839.00;;;;
2015;154003;FUND.COORD.DE APERF.DE PESSOAL NIVEL SUPERIOR;12;EDUCACAO;368;EDUCACAO BASICA;2030;EDUCACAO BASICA;20RJ;APOIO A CAPACITACAO E FORMACAO INICIAL E CONTINUADA PARA A E;0004;EDUCACAO BASICA A DISTANCIA;12368203020RJ0001;087497;'-8;SEM INFORMACAO;90;APLICACOES DIRETAS;4;DESPESAS DE CAPITAL;4;INVESTIMENTOS;00;[A DETALHAR];449000;APLICACOES DIRETAS;08;FUNDO SOCIAL-PARC.DEST.EDUCACAO PUBL.E SAUDE;235355083.82;;130179383.82;92475119.00;;;;
2015;154003;FUND.COORD.DE APERF.DE PESSOAL NIVEL SUPERIOR;12;EDUCACAO;368;EDUCACAO BASICA;2030;EDUCACAO BASICA;20RJ;APOIO A CAPACITACAO E FORMACAO INICIAL E CONTINUADA PARA A E;0004;EDUCACAO BASICA A DISTANCIA;12368203020RJ0001;087497;'-8;SEM INFORMACAO;90;APLICACOES DIRETAS;4;DESPESAS DE CAPITAL;4;INVESTIMENTOS;;;;;96;DOAC.PESSOAS FISICAS E INSTIT.PUB.E PRIV.NAC.;;;105175700.00;21035140.00;;;;
2015;154003;FUND.COORD.DE APERF.DE PESSOAL NIVEL SUPERIOR;12;EDUCACAO;368;EDUCACAO BASICA;2030;EDUCACAO BASICA;20RJ;APOIO A CAPACITACAO E FORMACAO INICIAL E CONTINUADA PARA A E;0004;EDUCACAO BASICA A DISTANCIA;12368203020RJ0001;087497;'-8;SEM INFORMACAO;91;APLICACOES DIRETAS - OPERACOES INTERNAS;3;DESPESAS CORRENTES;3;OUTRAS DESPESAS CORRENTES;00;[A DETALHAR];339100;APLICACOES DIRETAS - OPER.INTRA-ORCAMENTARIAS;08;FUNDO SOCIAL-PARC.DEST.EDUCACAO PUBL.E SAUDE;2,989,500.38;;2,989,500.38;;;;;
2015;154003;FUND.COORD.DE APERF.DE PESSOAL NIVEL SUPERIOR;12;EDUCACAO;368;EDUCACAO BASICA;2030;EDUCACAO BASICA;20RJ;APOIO A CAPACITACAO E FORMACAO INICIAL E CONTINUADA PARA A E;0004;EDUCACAO BASICA A DISTANCIA;12368203020RJ0001;087497;MCC62G22EDN;UAB - UAB TRADICIONAL;30;TRANSFER. A ESTADOS E AO DISTRITO FEDERAL;3;DESPESAS CORRENTES;3;OUTRAS DESPESAS CORRENTES;41;CONTRIBUICOES;333041;CONTRIBUICOES;08;FUNDO SOCIAL-PARC.DEST.EDUCACAO PUBL.E SAUDE;135288694.29;;135288694.29;;135045043.62;19334880.13;110456367.77;94406907.16
2015;154003;FUND.COORD.DE APERF.DE PESSOAL NIVEL SUPERIOR;12;EDUCACAO;368;EDUCACAO BASICA;2030;EDUCACAO BASICA;20RJ;APOIO A CAPACITACAO E FORMACAO INICIAL E CONTINUADA PARA A E;0004;EDUCACAO BASICA A DISTANCIA;12368203020RJ0001;087497;MCC62G22EDN;UAB - UAB TRADICIONAL;30;TRANSFER. A ESTADOS E AO DISTRITO FEDERAL;4;DESPESAS DE CAPITAL;4;INVESTIMENTOS;41;CONTRIBUICOES;443041;CONTRIBUICOES;08;FUNDO SOCIAL-PARC.DEST.EDUCACAO PUBL.E SAUDE;1,290,240.18;;1,290,240.18;;1,290,240.18;1,290,240.18;;
2015;154003;FUND.COORD.DE APERF.DE PESSOAL NIVEL SUPERIOR;12;EDUCACAO;368;EDUCACAO BASICA;2030;EDUCACAO BASICA;20RJ;APOIO A CAPACITACAO E FORMACAO INICIAL E CONTINUADA PARA A E;0004;EDUCACAO BASICA A DISTANCIA;12368203020RJ0001;087497;MCC62G22EDN;UAB - UAB TRADICIONAL;90;APLICACOES DIRETAS;3;DESPESAS CORRENTES;3;OUTRAS DESPESAS CORRENTES;00;[A DETALHAR];339000;APLICACOES DIRETAS;08;FUNDO SOCIAL-PARC.DEST.EDUCACAO PUBL.E SAUDE;0.00;;0.00;;;;;
2015;154003;FUND.COORD.DE APERF.DE PESSOAL NIVEL SUPERIOR;12;EDUCACAO;368;EDUCACAO BASICA;2030;EDUCACAO BASICA;20RJ;APOIO A CAPACITACAO E FORMACAO INICIAL E CONTINUADA PARA A E;0004;EDUCACAO BASICA A DISTANCIA;12368203020RJ0001;087497;MCC62G22EDN;UAB - UAB TRADICIONAL;90;APLICACOES DIRETAS;3;DESPESAS CORRENTES;3;OUTRAS DESPESAS CORRENTES;14;DIARIAS - PESSOAL CIVIL;339014;DIARIAS - PESSOAL CIVIL;08;FUNDO SOCIAL-PARC.DEST.EDUCACAO PUBL.E SAUDE;16702065.73;;16702065.73;;;;;
2015;154003;FUND.COORD.DE APERF.DE PESSOAL NIVEL SUPERIOR;12;EDUCACAO;368;EDUCACAO BASICA;2030;EDUCACAO BASICA;20RJ;APOIO A CAPACITACAO E FORMACAO INICIAL E CONTINUADA PARA A E;0004;EDUCACAO BASICA A DISTANCIA;12368203020RJ0001;087497;MCC62G22EDN;UAB - UAB TRADICIONAL;90;APLICACOES DIRETAS;3;DESPESAS CORRENTES;3;OUTRAS DESPESAS CORRENTES;18;AUXILIO FINANCEIRO A ESTUDANTES;339018;AUXILIO FINANCEIRO A ESTUDANTES;08;FUNDO SOCIAL-PARC.DEST.EDUCACAO PUBL.E SAUDE;1,458,333.62;;1,458,333.62;;;;;
2015;154003;FUND.COORD.DE APERF.DE PESSOAL NIVEL SUPERIOR;12;EDUCACAO;368;EDUCACAO BASICA;2030;EDUCACAO BASICA;20RJ;APOIO A CAPACITACAO E FORMACAO INICIAL E CONTINUADA PARA A E;0004;EDUCACAO BASICA A DISTANCIA;12368203020RJ0001;087497;MCC62G22EDN;UAB - UAB TRADICIONAL;90;APLICACOES DIRETAS;3;DESPESAS CORRENTES;3;OUTRAS DESPESAS CORRENTES;20;AUXILIO FINANCEIRO A PESQUISADORES;339020;AUXILIO FINANCEIRO A PESQUISADORES;08;FUNDO SOCIAL-PARC.DEST.EDUCACAO PUBL.E SAUDE;2,542,556.66;;2,542,556.66;;;;;
2015;154003;FUND.COORD.DE APERF.DE PESSOAL NIVEL SUPERIOR;12;EDUCACAO;368;EDUCACAO BASICA;2030;EDUCACAO BASICA;20RJ;APOIO A CAPACITACAO E FORMACAO INICIAL E CONTINUADA PARA A E;0004;EDUCACAO BASICA A DISTANCIA;12368203020RJ0001;087497;MCC62G22EDN;UAB - UAB TRADICIONAL;90;APLICACOES DIRETAS;3;DESPESAS CORRENTES;3;OUTRAS DESPESAS CORRENTES;30;MATERIAL DE CONSUMO;339030;MATERIAL DE CONSUMO;08;FUNDO SOCIAL-PARC.DEST.EDUCACAO PUBL.E SAUDE;2,569,304.66;;2,569,304.66;;;;;
2015;154003;FUND.COORD.DE APERF.DE PESSOAL NIVEL SUPERIOR;12;EDUCACAO;368;EDUCACAO BASICA;2030;EDUCACAO BASICA;20RJ;APOIO A CAPACITACAO E FORMACAO INICIAL E CONTINUADA PARA A E;0004;EDUCACAO BASICA A DISTANCIA;12368203020RJ0001;087497;MCC62G22EDN;UAB - UAB TRADICIONAL;90;APLICACOES DIRETAS;3;DESPESAS CORRENTES;3;OUTRAS DESPESAS CORRENTES;31;PREMIACOES CULTURAIS, ARTISTICAS, CIENTIFICAS;339031;PREMIACOES CULT., ART., CIENT., DESP. E OUTR.;08;FUNDO SOCIAL-PARC.DEST.EDUCACAO PUBL.E SAUDE;0.00;;0.00;;;;;
2015;154003;FUND.COORD.DE APERF.DE PESSOAL NIVEL SUPERIOR;12;EDUCACAO;368;EDUCACAO BASICA;2030;EDUCACAO BASICA;20RJ;APOIO A CAPACITACAO E FORMACAO INICIAL E CONTINUADA PARA A E;0004;EDUCACAO BASICA A DISTANCIA;12368203020RJ0001;087497;MCC62G22EDN;UAB - UAB TRADICIONAL;90;APLICACOES DIRETAS;3;DESPESAS CORRENTES;3;OUTRAS DESPESAS CORRENTES;33;PASSAGENS E DESPESAS COM LOCOMOCAO;339033;PASSAGENS E DESPESAS COM LOCOMOCAO;08;FUNDO SOCIAL-PARC.DEST.EDUCACAO PUBL.E SAUDE;20299057.85;;20299057.85;;;;;
2015;154003;FUND.COORD.DE APERF.DE PESSOAL NIVEL SUPERIOR;12;EDUCACAO;368;EDUCACAO BASICA;2030;EDUCACAO BASICA;20RJ;APOIO A CAPACITACAO E FORMACAO INICIAL E CONTINUADA PARA A E;0004;EDUCACAO BASICA A DISTANCIA;12368203020RJ0001;087497;MCC62G22EDN;UAB - UAB TRADICIONAL;90;APLICACOES DIRETAS;3;DESPESAS CORRENTES;3;OUTRAS DESPESAS CORRENTES;36;OUTROS SERVICOS DE TERCEIROS - P.FISICA;339036;OUTROS SERVICOS DE TERCEIROS - PESSOA FISICA;08;FUNDO SOCIAL-PARC.DEST.EDUCACAO PUBL.E SAUDE;16835065.48;;16835065.48;;;;;
2015;154003;FUND.COORD.DE APERF.DE PESSOAL NIVEL SUPERIOR;12;EDUCACAO;368;EDUCACAO BASICA;2030;EDUCACAO BASICA;20RJ;APOIO A CAPACITACAO E FORMACAO INICIAL E CONTINUADA PARA A E;0004;EDUCACAO BASICA A DISTANCIA;12368203020RJ0001;087497;MCC62G22EDN;UAB - UAB TRADICIONAL;90;APLICACOES DIRETAS;3;DESPESAS CORRENTES;3;OUTRAS DESPESAS CORRENTES;37;LOCACAO DE MAO-DE-OBRA;339037;LOCACAO DE MAO-DE-OBRA;08;FUNDO SOCIAL-PARC.DEST.EDUCACAO PUBL.E SAUDE;10765211.49;;10765211.49;;;;;
2015;154003;FUND.COORD.DE APERF.DE PESSOAL NIVEL SUPERIOR;12;EDUCACAO;368;EDUCACAO BASICA;2030;EDUCACAO BASICA;20RJ;APOIO A CAPACITACAO E FORMACAO INICIAL E CONTINUADA PARA A E;0004;EDUCACAO BASICA A DISTANCIA;12368203020RJ0001;087497;MCC62G22EDN;UAB - UAB TRADICIONAL;90;APLICACOES DIRETAS;3;DESPESAS CORRENTES;3;OUTRAS DESPESAS CORRENTES;39;OUTROS SERVICOS DE TERCEIROS PJ - OP.INT.ORC.;339039;OUTROS SERVICOS DE TERCEIROS - PESSOA JURIDICA;08;FUNDO SOCIAL-PARC.DEST.EDUCACAO PUBL.E SAUDE;80857850.99;;80857850.99;;;;;
2015;154003;FUND.COORD.DE APERF.DE PESSOAL NIVEL SUPERIOR;12;EDUCACAO;368;EDUCACAO BASICA;2030;EDUCACAO BASICA;20RJ;APOIO A CAPACITACAO E FORMACAO INICIAL E CONTINUADA PARA A E;0004;EDUCACAO BASICA A DISTANCIA;12368203020RJ0001;087497;MCC62G22EDN;UAB - UAB TRADICIONAL;90;APLICACOES DIRETAS;3;DESPESAS CORRENTES;3;OUTRAS DESPESAS CORRENTES;47;OBRIGACOES TRIBUTARIAS E CONTRIBUTIVAS;339047;OBRIGACOES TRIBUTARIAS E CONTRIBUTIVAS;08;FUNDO SOCIAL-PARC.DEST.EDUCACAO PUBL.E SAUDE;60,444.45;;60,444.45;;;;;
2015;154003;FUND.COORD.DE APERF.DE PESSOAL NIVEL SUPERIOR;12;EDUCACAO;368;EDUCACAO BASICA;2030;EDUCACAO BASICA;20RJ;APOIO A CAPACITACAO E FORMACAO INICIAL E CONTINUADA PARA A E;0004;EDUCACAO BASICA A DISTANCIA;12368203020RJ0001;087497;MCC62G22EDN;UAB - UAB TRADICIONAL;90;APLICACOES DIRETAS;3;DESPESAS CORRENTES;3;OUTRAS DESPESAS CORRENTES;48;OUTROS AUXILIOS FINANCEIROS A PESSOAS FISICAS;339048;OUTROS AUXILIOS FINANCEIROS A PESSOA FISICA;08;FUNDO SOCIAL-PARC.DEST.EDUCACAO PUBL.E SAUDE;6,831.52;;6,831.52;;;;;
2015;154003;FUND.COORD.DE APERF.DE PESSOAL NIVEL SUPERIOR;12;EDUCACAO;368;EDUCACAO BASICA;2030;EDUCACAO BASICA;20RJ;APOIO A CAPACITACAO E FORMACAO INICIAL E CONTINUADA PARA A E;0004;EDUCACAO BASICA A DISTANCIA;12368203020RJ0001;087497;MCC62G22EDN;UAB - UAB TRADICIONAL;90;APLICACOES DIRETAS;3;DESPESAS CORRENTES;3;OUTRAS DESPESAS CORRENTES;93;INDENIZACOES E RESTITUICOES;339093;INDENIZACOES E RESTITUICOES;08;FUNDO SOCIAL-PARC.DEST.EDUCACAO PUBL.E SAUDE;48,862.70;;48,862.70;;;;;
2015;154003;FUND.COORD.DE APERF.DE PESSOAL NIVEL SUPERIOR;12;EDUCACAO;368;EDUCACAO BASICA;2030;EDUCACAO BASICA;20RJ;APOIO A CAPACITACAO E FORMACAO INICIAL E CONTINUADA PARA A E;0004;EDUCACAO BASICA A DISTANCIA;12368203020RJ0001;087497;MCC62G22EDN;UAB - UAB TRADICIONAL;91;APLICACOES DIRETAS - OPERACOES INTERNAS;3;DESPESAS CORRENTES;3;OUTRAS DESPESAS CORRENTES;47;OBRIGACOES TRIBUTARIAS E CONTRIBUTIVAS;339147;OBRIG.TRIBUT.E CONTRIB-OP.INTRA-ORCAMENTARIAS;08;FUNDO SOCIAL-PARC.DEST.EDUCACAO PUBL.E SAUDE;449,195.34;;449,195.34;;;;;
2015;154003;FUND.COORD.DE APERF.DE PESSOAL NIVEL SUPERIOR;12;EDUCACAO;368;EDUCACAO BASICA;2030;EDUCACAO BASICA;20RJ;APOIO A CAPACITACAO E FORMACAO INICIAL E CONTINUADA PARA A E;0004;EDUCACAO BASICA A DISTANCIA;12368203020RJ0001;094419;'-8;SEM INFORMACAO;90;APLICACOES DIRETAS;4;DESPESAS DE CAPITAL;4;INVESTIMENTOS;00;[A DETALHAR];449000;APLICACOES DIRETAS;08;FUNDO SOCIAL-PARC.DEST.EDUCACAO PUBL.E SAUDE;;;35058565.00;35058565.00;;;;
2015;154003;FUND.COORD.DE APERF.DE PESSOAL NIVEL SUPERIOR;12;EDUCACAO;573;DIFUSAO DO CONHECIMENTO CIENTIFICO E TECNOLOGICO;2032;EDUCACAO SUPERIOR - GRADUACAO, POS-GRADUACAO, ENSINO, PESQUI;2317;ACESSO A INFORMACAO CIENTIFICA E TECNOLOGICA;0000;ACESSO A INFORMACAO CIENTIFICA E TECNOLOGICA;12573203223170001;087490;'-8;SEM INFORMACAO;90;APLICACOES DIRETAS;3;DESPESAS CORRENTES;3;OUTRAS DESPESAS CORRENTES;00;[A DETALHAR];339000;APLICACOES DIRETAS;08;FUNDO SOCIAL-PARC.DEST.EDUCACAO PUBL.E SAUDE;-153000000.0;153000000.00;0.00;;;;;
2015;154003;FUND.COORD.DE APERF.DE PESSOAL NIVEL SUPERIOR;12;EDUCACAO;573;DIFUSAO DO CONHECIMENTO CIENTIFICO E TECNOLOGICO;2032;EDUCACAO SUPERIOR - GRADUACAO, POS-GRADUACAO, ENSINO, PESQUI;2317;ACESSO A INFORMACAO CIENTIFICA E TECNOLOGICA;0000;ACESSO A INFORMACAO CIENTIFICA E TECNOLOGICA;12573203223170001;087490;'-8;SEM INFORMACAO;90;APLICACOES DIRETAS;3;DESPESAS CORRENTES;3;OUTRAS DESPESAS CORRENTES;;;;;12;RECURSOS DEST.A MANUT.E DES.DO ENSINO;133114481.00;36000000.00;169114481.00;;;;;
2015;154003;FUND.COORD.DE APERF.DE PESSOAL NIVEL SUPERIOR;12;EDUCACAO;573;DIFUSAO DO CONHECIMENTO CIENTIFICO E TECNOLOGICO;2032;EDUCACAO SUPERIOR - GRADUACAO, POS-GRADUACAO, ENSINO, PESQUI;2317;ACESSO A INFORMACAO CIENTIFICA E TECNOLOGICA;0000;ACESSO A INFORMACAO CIENTIFICA E TECNOLOGICA;12573203223170001;087490;'-8;SEM INFORMACAO;90;APLICACOES DIRETAS;3;DESPESAS CORRENTES;3;OUTRAS DESPESAS CORRENTES;;;;;50;REC.PROPRIOS PRIMARIOS DE LIVRE APLICACAO;416,666.00;;416,666.00;;;;;
2015;154003;FUND.COORD.DE APERF.DE PESSOAL NIVEL SUPERIOR;12;EDUCACAO;573;DIFUSAO DO CONHECIMENTO CIENTIFICO E TECNOLOGICO;2032;EDUCACAO SUPERIOR - GRADUACAO, POS-GRADUACAO, ENSINO, PESQUI;2317;ACESSO A INFORMACAO CIENTIFICA E TECNOLOGICA;0000;ACESSO A INFORMACAO CIENTIFICA E TECNOLOGICA;12573203223170001;087490;'-8;SEM INFORMACAO;90;APLICACOES DIRETAS;3;DESPESAS CORRENTES;3;OUTRAS DESPESAS CORRENTES;;;;;80;RECURSOS PROPRIOS FINANCEIROS;416,666.00;;416,666.00;;;;;
2015;154003;FUND.COORD.DE APERF.DE PESSOAL NIVEL SUPERIOR;12;EDUCACAO;573;DIFUSAO DO CONHECIMENTO CIENTIFICO E TECNOLOGICO;2032;EDUCACAO SUPERIOR - GRADUACAO, POS-GRADUACAO, ENSINO, PESQUI;2317;ACESSO A INFORMACAO CIENTIFICA E TECNOLOGICA;0000;ACESSO A INFORMACAO CIENTIFICA E TECNOLOGICA;12573203223170001;087490;OCC35O99PPN;PORTAL DE PERIODICOS - PORTAL DE PERIODICOS;90;APLICACOES DIRETAS;3;DESPESAS CORRENTES;3;OUTRAS DESPESAS CORRENTES;39;OUTROS SERVICOS DE TERCEIROS PJ - OP.INT.ORC.;339039;OUTROS SERVICOS DE TERCEIROS - PESSOA JURIDICA;08;FUNDO SOCIAL-PARC.DEST.EDUCACAO PUBL.E SAUDE;153000000.00;;153000000.00;;;;;
2015;154003;FUND.COORD.DE APERF.DE PESSOAL NIVEL SUPERIOR;12;EDUCACAO;573;DIFUSAO DO CONHECIMENTO CIENTIFICO E TECNOLOGICO;2032;EDUCACAO SUPERIOR - GRADUACAO, POS-GRADUACAO, ENSINO, PESQUI;2317;ACESSO A INFORMACAO CIENTIFICA E TECNOLOGICA;0000;ACESSO A INFORMACAO CIENTIFICA E TECNOLOGICA;12573203223170001;087490;OCC35O99PPN;PORTAL DE PERIODICOS - PORTAL DE PERIODICOS;90;APLICACOES DIRETAS;3;DESPESAS CORRENTES;3;OUTRAS DESPESAS CORRENTES;;;;;12;RECURSOS DEST.A MANUT.E DES.DO ENSINO;2200665354.0;;2200665354.0;;;;;
2015;154003;FUND.COORD.DE APERF.DE PESSOAL NIVEL SUPERIOR;12;EDUCACAO;573;DIFUSAO DO CONHECIMENTO CIENTIFICO E TECNOLOGICO;2032;EDUCACAO SUPERIOR - GRADUACAO, POS-GRADUACAO, ENSINO, PESQUI;2317;ACESSO A INFORMACAO CIENTIFICA E TECNOLOGICA;0000;ACESSO A INFORMACAO CIENTIFICA E TECNOLOGICA;12573203223170001;087490;OCC35O99PPN;PORTAL DE PERIODICOS - PORTAL DE PERIODICOS;90;APLICACOES DIRETAS;3;DESPESAS CORRENTES;3;OUTRAS DESPESAS CORRENTES;;;;;50;REC.PROPRIOS PRIMARIOS DE LIVRE APLICACAO;57083330.00;;57083330.00;;;;;
2015;154003;FUND.COORD.DE APERF.DE PESSOAL NIVEL SUPERIOR;12;EDUCACAO;573;DIFUSAO DO CONHECIMENTO CIENTIFICO E TECNOLOGICO;2032;EDUCACAO SUPERIOR - GRADUACAO, POS-GRADUACAO, ENSINO, PESQUI;2317;ACESSO A INFORMACAO CIENTIFICA E TECNOLOGICA;0000;ACESSO A INFORMACAO CIENTIFICA E TECNOLOGICA;12573203223170001;087490;OCC35O99PPN;PORTAL DE PERIODICOS - PORTAL DE PERIODICOS;90;APLICACOES DIRETAS;3;DESPESAS CORRENTES;3;OUTRAS DESPESAS CORRENTES;;;;;80;RECURSOS PROPRIOS FINANCEIROS;57083330.00;;57083330.00;;;;;
2015;154003;FUND.COORD.DE APERF.DE PESSOAL NIVEL SUPERIOR;28;ENCARGOS ESPECIAIS;846;OUTROS ENCARGOS ESPECIAIS;0901;OPERACOES ESPECIAIS: CUMPRIMENTO DE SENTENCAS JUDICIAIS;0005;SENTENCAS JUDICIAIS TRANSITADAS EM JULGADO (PRECATORIOS);0001;PRECATORIOS;28846090100050001;087483;'-8;SEM INFORMACAO;90;APLICACOES DIRETAS;3;DESPESAS CORRENTES;3;OUTRAS DESPESAS CORRENTES;00;[A DETALHAR];339000;APLICACOES DIRETAS;00;RECURSOS PRIMARIOS DE LIVRE APLICACAO;113.00;4.00;117.00;0.00;;;;
2015;154003;FUND.COORD.DE APERF.DE PESSOAL NIVEL SUPERIOR;28;ENCARGOS ESPECIAIS;846;OUTROS ENCARGOS ESPECIAIS;0901;OPERACOES ESPECIAIS: CUMPRIMENTO DE SENTENCAS JUDICIAIS;0005;SENTENCAS JUDICIAIS TRANSITADAS EM JULGADO (PRECATORIOS);0001;PRECATORIOS;28846090100050001;087483;'-8;SEM INFORMACAO;90;APLICACOES DIRETAS;3;DESPESAS CORRENTES;3;OUTRAS DESPESAS CORRENTES;91;SENTENCAS JUDICIAIS;339091;SENTENCAS JUDICIAIS;00;RECURSOS PRIMARIOS DE LIVRE APLICACAO;69.00;;69.00;;;;;
2015;154003;FUND.COORD.DE APERF.DE PESSOAL NIVEL SUPERIOR;28;ENCARGOS ESPECIAIS;846;OUTROS ENCARGOS ESPECIAIS;0901;OPERACOES ESPECIAIS: CUMPRIMENTO DE SENTENCAS JUDICIAIS;0005;SENTENCAS JUDICIAIS TRANSITADAS EM JULGADO (PRECATORIOS);0001;PRECATORIOS;28846090100050001;087483;'-8;SEM INFORMACAO;90;APLICACOES DIRETAS;3;DESPESAS CORRENTES;1;PESSOAL E ENCARGOS SOCIAIS;00;[A DETALHAR];319000;APLICACOES DIRETAS;00;RECURSOS PRIMARIOS DE LIVRE APLICACAO;464,013.00;12,132.00;476,145.00;0.00;;;;
2015;154003;FUND.COORD.DE APERF.DE PESSOAL NIVEL SUPERIOR;28;ENCARGOS ESPECIAIS;846;OUTROS ENCARGOS ESPECIAIS;0901;OPERACOES ESPECIAIS: CUMPRIMENTO DE SENTENCAS JUDICIAIS;0005;SENTENCAS JUDICIAIS TRANSITADAS EM JULGADO (PRECATORIOS);0001;PRECATORIOS;28846090100050001;087483;'-8;SEM INFORMACAO;90;APLICACOES DIRETAS;3;DESPESAS CORRENTES;1;PESSOAL E ENCARGOS SOCIAIS;91;SENTENCAS JUDICIAIS;319091;SENTENCAS JUDICIAIS;00;RECURSOS PRIMARIOS DE LIVRE APLICACAO;276,657.00;;276,657.00;;;;;
2015;154003;FUND.COORD.DE APERF.DE PESSOAL NIVEL SUPERIOR;28;ENCARGOS ESPECIAIS;846;OUTROS ENCARGOS ESPECIAIS;0901;OPERACOES ESPECIAIS: CUMPRIMENTO DE SENTENCAS JUDICIAIS;00G5;CONTRIBUICAO DA UNIAO, DE SUAS AUTARQUIAS E FUNDACOES PARA O;0000;CONTRIBUICAO DA UNIAO, DE SUAS AUTARQUIAS E FUNDACOES PARA O CUSTEIO DO REGIME DE PREVIDENCIA DOS SERVIDORES PUBLICOS FEDERAIS DECORRENTE DO PAGAMENTO DE PRECATORIOS E REQUISICOES DE PEQUENO VALOR;28846090100G50001;087476;'-8;SEM INFORMACAO;91;APLICACOES DIRETAS - OPERACOES INTERNAS;3;DESPESAS CORRENTES;1;PESSOAL E ENCARGOS SOCIAIS;00;[A DETALHAR];319100;APLICACOES DIRETAS - OPER.INTRA-ORCAMENTARIAS;00;RECURSOS PRIMARIOS DE LIVRE APLICACAO;0.00;;0.00;;;;;
2015;154003;FUND.COORD.DE APERF.DE PESSOAL NIVEL SUPERIOR;28;ENCARGOS ESPECIAIS;846;OUTROS ENCARGOS ESPECIAIS;0901;OPERACOES ESPECIAIS: CUMPRIMENTO DE SENTENCAS JUDICIAIS;00G5;CONTRIBUICAO DA UNIAO, DE SUAS AUTARQUIAS E FUNDACOES PARA O;0000;CONTRIBUICAO DA UNIAO, DE SUAS AUTARQUIAS E FUNDACOES PARA O CUSTEIO DO REGIME DE PREVIDENCIA DOS SERVIDORES PUBLICOS FEDERAIS DECORRENTE DO PAGAMENTO DE PRECATORIOS E REQUISICOES DE PEQUENO VALOR;28846090100G50001;087476;'-8;SEM INFORMACAO;91;APLICACOES DIRETAS - OPERACOES INTERNAS;3;DESPESAS CORRENTES;1;PESSOAL E ENCARGOS SOCIAIS;91;SENTENCAS JUDICIAIS;319191;SENTENCAS JUDICIAIS;00;RECURSOS PRIMARIOS DE LIVRE APLICACAO;57,036.00;;57,036.00;;;;;
2015;154003;FUND.COORD.DE APERF.DE PESSOAL NIVEL SUPERIOR;09;PREVIDENCIA SOCIAL;272;PREVIDENCIA DO REGIME ESTATUTARIO;0089;PREVIDENCIA DE INATIVOS E PENSIONISTAS DA UNIAO;0181;APOSENTADORIAS E PENSOES CIVIS DA UNIAO;0000;APOSENTADORIAS E PENSOES CIVIS DA UNIAO;09272008901810053;087478;'-8;SEM INFORMACAO;90;APLICACOES DIRETAS;3;DESPESAS CORRENTES;1;PESSOAL E ENCARGOS SOCIAIS;00;[A DETALHAR];319000;APLICACOES DIRETAS;00;RECURSOS PRIMARIOS DE LIVRE APLICACAO;31407217.84;600,000.00;32007217.84;;;;;
2015;154003;FUND.COORD.DE APERF.DE PESSOAL NIVEL SUPERIOR;09;PREVIDENCIA SOCIAL;272;PREVIDENCIA DO REGIME ESTATUTARIO;0089;PREVIDENCIA DE INATIVOS E PENSIONISTAS DA UNIAO;0181;APOSENTADORIAS E PENSOES CIVIS DA UNIAO;0000;APOSENTADORIAS E PENSOES CIVIS DA UNIAO;09272008901810053;087478;'-8;SEM INFORMACAO;90;APLICACOES DIRETAS;3;DESPESAS CORRENTES;1;PESSOAL E ENCARGOS SOCIAIS;;;;;88;RECURSOS FINANCEIROS DE LIVRE APLICACAO;-11908947.62;21961553.00;10052605.38;;;;;
2015;154003;FUND.COORD.DE APERF.DE PESSOAL NIVEL SUPERIOR;09;PREVIDENCIA SOCIAL;272;PREVIDENCIA DO REGIME ESTATUTARIO;0089;PREVIDENCIA DE INATIVOS E PENSIONISTAS DA UNIAO;0181;APOSENTADORIAS E PENSOES CIVIS DA UNIAO;0000;APOSENTADORIAS E PENSOES CIVIS DA UNIAO;09272008901810053;087478;VCC80N99GAN;ADMINISTRACAO CAPES -DGES;90;APLICACOES DIRETAS;3;DESPESAS CORRENTES;1;PESSOAL E ENCARGOS SOCIAIS;01;APOSENTADORIAS, RESERVA REMUNERADA E REFORMAS;319001;APOSENTADORIAS, RESERVA REMUNERADA E REFORMAS;00;RECURSOS PRIMARIOS DE LIVRE APLICACAO;154276658.68;;154276658.68;;141370706.68;20711092.87;120659613.81;120659613.81
2015;154003;FUND.COORD.DE APERF.DE PESSOAL NIVEL SUPERIOR;09;PREVIDENCIA SOCIAL;272;PREVIDENCIA DO REGIME ESTATUTARIO;0089;PREVIDENCIA DE INATIVOS E PENSIONISTAS DA UNIAO;0181;APOSENTADORIAS E PENSOES CIVIS DA UNIAO;0000;APOSENTADORIAS E PENSOES CIVIS DA UNIAO;09272008901810053;087478;VCC80N99GAN;ADMINISTRACAO CAPES -DGES;90;APLICACOES DIRETAS;3;DESPESAS CORRENTES;1;PESSOAL E ENCARGOS SOCIAIS;;;;;88;RECURSOS FINANCEIROS DE LIVRE APLICACAO;11908947.62;;11908947.62;;11908947.62;1,136,386.60;10772561.02;10772561.02
2015;154003;FUND.COORD.DE APERF.DE PESSOAL NIVEL SUPERIOR;09;PREVIDENCIA SOCIAL;272;PREVIDENCIA DO REGIME ESTATUTARIO;0089;PREVIDENCIA DE INATIVOS E PENSIONISTAS DA UNIAO;0181;APOSENTADORIAS E PENSOES CIVIS DA UNIAO;0000;APOSENTADORIAS E PENSOES CIVIS DA UNIAO;09272008901810053;087478;VCC80N99GAN;ADMINISTRACAO CAPES -DGES;90;APLICACOES DIRETAS;3;DESPESAS CORRENTES;1;PESSOAL E ENCARGOS SOCIAIS;03;PENSOES;319003;PENSOES;00;RECURSOS PRIMARIOS DE LIVRE APLICACAO;15407109.10;;15407109.10;;15407109.10;3,280,023.31;12127085.79;12127085.79
2015;154003;FUND.COORD.DE APERF.DE PESSOAL NIVEL SUPERIOR;09;PREVIDENCIA SOCIAL;272;PREVIDENCIA DO REGIME ESTATUTARIO;0089;PREVIDENCIA DE INATIVOS E PENSIONISTAS DA UNIAO;0181;APOSENTADORIAS E PENSOES CIVIS DA UNIAO;0000;APOSENTADORIAS E PENSOES CIVIS DA UNIAO;09272008901810053;087478;VCC80N99GAN;ADMINISTRACAO CAPES -DGES;90;APLICACOES DIRETAS;3;DESPESAS CORRENTES;1;PESSOAL E ENCARGOS SOCIAIS;91;SENTENCAS JUDICIAIS;319091;SENTENCAS JUDICIAIS;00;RECURSOS PRIMARIOS DE LIVRE APLICACAO;931,926.38;;931,926.38;;856,402.82;196,038.64;660,364.18;660,364.18
2015;154004;FUND.COORD.DE APERF.DE PESSOAL NIVEL SUPERIOR;12;EDUCACAO;364;ENSINO SUPERIOR;2032;EDUCACAO SUPERIOR - GRADUACAO, POS-GRADUACAO, ENSINO, PESQUI;0487;CONCESSAO DE BOLSAS DE ESTUDO NO ENSINO SUPERIOR;0001;CIENCIA SEM FRONTEIRAS;12364203204870001;087491;NCCBUN99SCN;AVALIACAO CAPES - PASSAGEM E DIARIA;90;APLICACOES DIRETAS;3;DESPESAS CORRENTES;3;OUTRAS DESPESAS CORRENTES;93;INDENIZACOES E RESTITUICOES;339093;INDENIZACOES E RESTITUICOES;00;RECURSOS PRIMARIOS DE LIVRE APLICACAO;;;;;16,453.21;0.00;16,453.21;16,453.21
2015;154004;FUND.COORD.DE APERF.DE PESSOAL NIVEL SUPERIOR;12;EDUCACAO;364;ENSINO SUPERIOR;2032;EDUCACAO SUPERIOR - GRADUACAO, POS-GRADUACAO, ENSINO, PESQUI;0487;CONCESSAO DE BOLSAS DE ESTUDO NO ENSINO SUPERIOR;0001;CIENCIA SEM FRONTEIRAS;12364203204870001;087491;NCCBUN99SCN;AVALIACAO CAPES - PASSAGEM E DIARIA;90;APLICACOES DIRETAS;3;DESPESAS CORRENTES;3;OUTRAS DESPESAS CORRENTES;;;;;08;FUNDO SOCIAL-PARC.DEST.EDUCACAO PUBL.E SAUDE;;;;;48,719.85;0.00;48,719.85;48,719.85
2015;154004;FUND.COORD.DE APERF.DE PESSOAL NIVEL SUPERIOR;12;EDUCACAO;364;ENSINO SUPERIOR;2032;EDUCACAO SUPERIOR - GRADUACAO, POS-GRADUACAO, ENSINO, PESQUI;0487;CONCESSAO DE BOLSAS DE ESTUDO NO ENSINO SUPERIOR;0001;CIENCIA SEM FRONTEIRAS;12364203204870001;087491;NCCCVN19ANN;CIENCIA SEM FRONTEIRAS - ANBIMA-CSF;90;APLICACOES DIRETAS;3;DESPESAS CORRENTES;3;OUTRAS DESPESAS CORRENTES;18;AUXILIO FINANCEIRO A ESTUDANTES;339018;AUXILIO FINANCEIRO A ESTUDANTES;96;DOAC.PESSOAS FISICAS E INSTIT.PUB.E PRIV.NAC.;;;;;17628396.79;0.00;17628396.79;17628396.79
2015;154004;FUND.COORD.DE APERF.DE PESSOAL NIVEL SUPERIOR;12;EDUCACAO;364;ENSINO SUPERIOR;2032;EDUCACAO SUPERIOR - GRADUACAO, POS-GRADUACAO, ENSINO, PESQUI;0487;CONCESSAO DE BOLSAS DE ESTUDO NO ENSINO SUPERIOR;0001;CIENCIA SEM FRONTEIRAS;12364203204870001;087491;NCCCVN19BEN;CSF - BEX;90;APLICACOES DIRETAS;3;DESPESAS CORRENTES;3;OUTRAS DESPESAS CORRENTES;18;AUXILIO FINANCEIRO A ESTUDANTES;339018;AUXILIO FINANCEIRO A ESTUDANTES;00;RECURSOS PRIMARIOS DE LIVRE APLICACAO;;;;;5244862501.8;7,133,351.57;5237729150.2;5237729150.2
2015;154004;FUND.COORD.DE APERF.DE PESSOAL NIVEL SUPERIOR;12;EDUCACAO;364;ENSINO SUPERIOR;2032;EDUCACAO SUPERIOR - GRADUACAO, POS-GRADUACAO, ENSINO, PESQUI;0487;CONCESSAO DE BOLSAS DE ESTUDO NO ENSINO SUPERIOR;0001;CIENCIA SEM FRONTEIRAS;12364203204870001;087491;NCCCVN19BEN;CSF - BEX;90;APLICACOES DIRETAS;3;DESPESAS CORRENTES;3;OUTRAS DESPESAS CORRENTES;;;;;08;FUNDO SOCIAL-PARC.DEST.EDUCACAO PUBL.E SAUDE;;;;;658098013.45;28963370.76;629134642.69;629134642.69
2015;154004;FUND.COORD.DE APERF.DE PESSOAL NIVEL SUPERIOR;12;EDUCACAO;364;ENSINO SUPERIOR;2032;EDUCACAO SUPERIOR - GRADUACAO, POS-GRADUACAO, ENSINO, PESQUI;0487;CONCESSAO DE BOLSAS DE ESTUDO NO ENSINO SUPERIOR;0001;CIENCIA SEM FRONTEIRAS;12364203204870001;087491;NCCCVN19BEN;CSF - BEX;90;APLICACOES DIRETAS;3;DESPESAS CORRENTES;3;OUTRAS DESPESAS CORRENTES;;;;;12;RECURSOS DEST.A MANUT.E DES.DO ENSINO;;;;;22162918625;64538293.08;22006982689;21583093210
2015;154004;FUND.COORD.DE APERF.DE PESSOAL NIVEL SUPERIOR;12;EDUCACAO;364;ENSINO SUPERIOR;2032;EDUCACAO SUPERIOR - GRADUACAO, POS-GRADUACAO, ENSINO, PESQUI;0487;CONCESSAO DE BOLSAS DE ESTUDO NO ENSINO SUPERIOR;0001;CIENCIA SEM FRONTEIRAS;12364203204870001;087491;NCCCVN19BRN;CIENCIA SEM FRONTEIRAS - ELETROBRAS-CSF;90;APLICACOES DIRETAS;3;DESPESAS CORRENTES;3;OUTRAS DESPESAS CORRENTES;18;AUXILIO FINANCEIRO A ESTUDANTES;339018;AUXILIO FINANCEIRO A ESTUDANTES;96;DOAC.PESSOAS FISICAS E INSTIT.PUB.E PRIV.NAC.;;;;;45231522.50;0.00;;
2015;154004;FUND.COORD.DE APERF.DE PESSOAL NIVEL SUPERIOR;12;EDUCACAO;364;ENSINO SUPERIOR;2032;EDUCACAO SUPERIOR - GRADUACAO, POS-GRADUACAO, ENSINO, PESQUI;0487;CONCESSAO DE BOLSAS DE ESTUDO NO ENSINO SUPERIOR;0001;CIENCIA SEM FRONTEIRAS;12364203204870001;087491;NCCCVN19BVN;CIENCIA SEM FRONTEIRAS - BOVESPA-CSF;90;APLICACOES DIRETAS;3;DESPESAS CORRENTES;3;OUTRAS DESPESAS CORRENTES;18;AUXILIO FINANCEIRO A ESTUDANTES;339018;AUXILIO FINANCEIRO A ESTUDANTES;96;DOAC.PESSOAS FISICAS E INSTIT.PUB.E PRIV.NAC.;;;;;26044824.07;0.00;26044824.07;26044824.07
2015;154004;FUND.COORD.DE APERF.DE PESSOAL NIVEL SUPERIOR;12;EDUCACAO;364;ENSINO SUPERIOR;2032;EDUCACAO SUPERIOR - GRADUACAO, POS-GRADUACAO, ENSINO, PESQUI;0487;CONCESSAO DE BOLSAS DE ESTUDO NO ENSINO SUPERIOR;0001;CIENCIA SEM FRONTEIRAS;12364203204870001;087491;NCCCVN19CEN;CIENCIA SEM FRONTEIRAS - CETIP-CSF;90;APLICACOES DIRETAS;3;DESPESAS CORRENTES;3;OUTRAS DESPESAS CORRENTES;18;AUXILIO FINANCEIRO A ESTUDANTES;339018;AUXILIO FINANCEIRO A ESTUDANTES;96;DOAC.PESSOAS FISICAS E INSTIT.PUB.E PRIV.NAC.;;;;;13221297.63;0.00;13221297.63;13221297.63
2015;154004;FUND.COORD.DE APERF.DE PESSOAL NIVEL SUPERIOR;12;EDUCACAO;364;ENSINO SUPERIOR;2032;EDUCACAO SUPERIOR - GRADUACAO, POS-GRADUACAO, ENSINO, PESQUI;0487;CONCESSAO DE BOLSAS DE ESTUDO NO ENSINO SUPERIOR;0001;CIENCIA SEM FRONTEIRAS;12364203204870001;087491;NCCCVN19CIN;CIENCIA SEM FRONTEIRAS - CIP-CSF;90;APLICACOES DIRETAS;3;DESPESAS CORRENTES;3;OUTRAS DESPESAS CORRENTES;18;AUXILIO FINANCEIRO A ESTUDANTES;339018;AUXILIO FINANCEIRO A ESTUDANTES;96;DOAC.PESSOAS FISICAS E INSTIT.PUB.E PRIV.NAC.;;;;;8,814,198.32;0.00;8,814,198.32;8,814,198.32
2015;154004;FUND.COORD.DE APERF.DE PESSOAL NIVEL SUPERIOR;12;EDUCACAO;364;ENSINO SUPERIOR;2032;EDUCACAO SUPERIOR - GRADUACAO, POS-GRADUACAO, ENSINO, PESQUI;0487;CONCESSAO DE BOLSAS DE ESTUDO NO ENSINO SUPERIOR;0001;CIENCIA SEM FRONTEIRAS;12364203204870001;087491;NCCCVN19FEN;CIENCIA SEM FRONTEIRAS - FEBRABAN-CSF;90;APLICACOES DIRETAS;3;DESPESAS CORRENTES;3;OUTRAS DESPESAS CORRENTES;18;AUXILIO FINANCEIRO A ESTUDANTES;339018;AUXILIO FINANCEIRO A ESTUDANTES;96;DOAC.PESSOAS FISICAS E INSTIT.PUB.E PRIV.NAC.;;;;;964061254.01;0.00;964061254.01;964061254.01
2015;154004;FUND.COORD.DE APERF.DE PESSOAL NIVEL SUPERIOR;12;EDUCACAO;364;ENSINO SUPERIOR;2032;EDUCACAO SUPERIOR - GRADUACAO, POS-GRADUACAO, ENSINO, PESQUI;0487;CONCESSAO DE BOLSAS DE ESTUDO NO ENSINO SUPERIOR;0001;CIENCIA SEM FRONTEIRAS;12364203204870001;087491;NCCCVN19RDN;CIENCIA SEM FRONTEIRAS - REDECARD-CSF;90;APLICACOES DIRETAS;3;DESPESAS CORRENTES;3;OUTRAS DESPESAS CORRENTES;18;AUXILIO FINANCEIRO A ESTUDANTES;339018;AUXILIO FINANCEIRO A ESTUDANTES;96;DOAC.PESSOAS FISICAS E INSTIT.PUB.E PRIV.NAC.;;;;;12758461.46;0.00;12758461.46;12758461.46
2015;154004;FUND.COORD.DE APERF.DE PESSOAL NIVEL SUPERIOR;12;EDUCACAO;364;ENSINO SUPERIOR;2032;EDUCACAO SUPERIOR - GRADUACAO, POS-GRADUACAO, ENSINO, PESQUI;0487;CONCESSAO DE BOLSAS DE ESTUDO NO ENSINO SUPERIOR;0001;CIENCIA SEM FRONTEIRAS;12364203204870001;087491;NCCCVN19VAN;CIENCIA SEM FRONTEIRAS - VALE-CSF;90;APLICACOES DIRETAS;3;DESPESAS CORRENTES;3;OUTRAS DESPESAS CORRENTES;18;AUXILIO FINANCEIRO A ESTUDANTES;339018;AUXILIO FINANCEIRO A ESTUDANTES;96;DOAC.PESSOAS FISICAS E INSTIT.PUB.E PRIV.NAC.;;;;;76592473.49;0.00;76592473.49;76592473.49
2015;154004;FUND.COORD.DE APERF.DE PESSOAL NIVEL SUPERIOR;12;EDUCACAO;364;ENSINO SUPERIOR;2032;EDUCACAO SUPERIOR - GRADUACAO, POS-GRADUACAO, ENSINO, PESQUI;0487;CONCESSAO DE BOLSAS DE ESTUDO NO ENSINO SUPERIOR;0001;CIENCIA SEM FRONTEIRAS;12364203204870001;087491;NCCCVN99BEN;CSF - BEX;90;APLICACOES DIRETAS;3;DESPESAS CORRENTES;3;OUTRAS DESPESAS CORRENTES;18;AUXILIO FINANCEIRO A ESTUDANTES;339018;AUXILIO FINANCEIRO A ESTUDANTES;12;RECURSOS DEST.A MANUT.E DES.DO ENSINO;;;;;897472021.28;53731816.97;843740204.32;843740204.32
2015;154004;FUND.COORD.DE APERF.DE PESSOAL NIVEL SUPERIOR;12;EDUCACAO;364;ENSINO SUPERIOR;2032;EDUCACAO SUPERIOR - GRADUACAO, POS-GRADUACAO, ENSINO, PESQUI;0487;CONCESSAO DE BOLSAS DE ESTUDO NO ENSINO SUPERIOR;0001;CIENCIA SEM FRONTEIRAS;12364203204870001;087491;NCCCVN99BEN;CSF - BEX;90;APLICACOES DIRETAS;3;DESPESAS CORRENTES;3;OUTRAS DESPESAS CORRENTES;39;OUTROS SERVICOS DE TERCEIROS PJ - OP.INT.ORC.;339039;OUTROS SERVICOS DE TERCEIROS - PESSOA JURIDICA;12;RECURSOS DEST.A MANUT.E DES.DO ENSINO;;;;;80640057.27;16424624.00;63471347.46;62588836.43
2015;154004;FUND.COORD.DE APERF.DE PESSOAL NIVEL SUPERIOR;12;EDUCACAO;364;ENSINO SUPERIOR;2032;EDUCACAO SUPERIOR - GRADUACAO, POS-GRADUACAO, ENSINO, PESQUI;0487;CONCESSAO DE BOLSAS DE ESTUDO NO ENSINO SUPERIOR;0001;CIENCIA SEM FRONTEIRAS;12364203204870001;087491;NCCCVN99BEN;CSF - BEX;90;APLICACOES DIRETAS;3;DESPESAS CORRENTES;3;OUTRAS DESPESAS CORRENTES;92;DESPESAS DE EXERCICIOS ANTERIORES;339092;DESPESAS DE EXERCICIOS ANTERIORES;12;RECURSOS DEST.A MANUT.E DES.DO ENSINO;;;;;228,882.58;0.00;228,882.58;228,882.58
2015;154004;FUND.COORD.DE APERF.DE PESSOAL NIVEL SUPERIOR;12;EDUCACAO;364;ENSINO SUPERIOR;2032;EDUCACAO SUPERIOR - GRADUACAO, POS-GRADUACAO, ENSINO, PESQUI;0487;CONCESSAO DE BOLSAS DE ESTUDO NO ENSINO SUPERIOR;0001;CIENCIA SEM FRONTEIRAS;12364203204870001;087491;OCC35O99PPN;PORTAL DE PERIODICOS - PORTAL DE PERIODICOS;90;APLICACOES DIRETAS;3;DESPESAS CORRENTES;3;OUTRAS DESPESAS CORRENTES;39;OUTROS SERVICOS DE TERCEIROS PJ - OP.INT.ORC.;339039;OUTROS SERVICOS DE TERCEIROS - PESSOA JURIDICA;12;RECURSOS DEST.A MANUT.E DES.DO ENSINO;;;;;331129059.86;-26748807.66;357877867.52;357877867.52
2015;154004;FUND.COORD.DE APERF.DE PESSOAL NIVEL SUPERIOR;12;EDUCACAO;364;ENSINO SUPERIOR;2032;EDUCACAO SUPERIOR - GRADUACAO, POS-GRADUACAO, ENSINO, PESQUI;0487;CONCESSAO DE BOLSAS DE ESTUDO NO ENSINO SUPERIOR;0002;CONCESSAO DE BOLSAS DE ESTUDOS NO PAIS;12364203204870001;087493;NCCCVN19BEN;CSF - BEX;90;APLICACOES DIRETAS;3;DESPESAS CORRENTES;3;OUTRAS DESPESAS CORRENTES;18;AUXILIO FINANCEIRO A ESTUDANTES;339018;AUXILIO FINANCEIRO A ESTUDANTES;12;RECURSOS DEST.A MANUT.E DES.DO ENSINO;;;;;1628653751.9;140353102.42;1488300649.5;1488300649.5
2015;154004;FUND.COORD.DE APERF.DE PESSOAL NIVEL SUPERIOR;12;EDUCACAO;364;ENSINO SUPERIOR;2032;EDUCACAO SUPERIOR - GRADUACAO, POS-GRADUACAO, ENSINO, PESQUI;0487;CONCESSAO DE BOLSAS DE ESTUDO NO ENSINO SUPERIOR;0003;CONCESSAO DE BOLSA DE ESTUDOS NO EXTERIOR;12364203204870001;087495;NCCCPO19BEN;BEX - BEX;90;APLICACOES DIRETAS;3;DESPESAS CORRENTES;3;OUTRAS DESPESAS CORRENTES;18;AUXILIO FINANCEIRO A ESTUDANTES;339018;AUXILIO FINANCEIRO A ESTUDANTES;12;RECURSOS DEST.A MANUT.E DES.DO ENSINO;;;;;545118109.96;15300823.54;529817286.42;503628646.68
2015;154004;FUND.COORD.DE APERF.DE PESSOAL NIVEL SUPERIOR;12;EDUCACAO;364;ENSINO SUPERIOR;2032;EDUCACAO SUPERIOR - GRADUACAO, POS-GRADUACAO, ENSINO, PESQUI;20GK;FOMENTO AS ACOES DE GRADUACAO, POS-GRADUACAO, ENSINO, PESQUI;0000;FOMENTO AS ACOES DE GRADUACAO, POS-GRADUACAO, ENSINO, PESQUISA E EXTENSAO;12364203220GK0001;087488;OCCCUO2028N;BFSUPERIOR - IODP;90;APLICACOES DIRETAS;3;DESPESAS CORRENTES;3;OUTRAS DESPESAS CORRENTES;20;AUXILIO FINANCEIRO A PESQUISADORES;339020;AUXILIO FINANCEIRO A PESQUISADORES;12;RECURSOS DEST.A MANUT.E DES.DO ENSINO;;;;;110156700.00;0.00;110156700.00;110156700.00
2015;154004;FUND.COORD.DE APERF.DE PESSOAL NIVEL SUPERIOR;12;EDUCACAO;573;DIFUSAO DO CONHECIMENTO CIENTIFICO E TECNOLOGICO;2032;EDUCACAO SUPERIOR - GRADUACAO, POS-GRADUACAO, ENSINO, PESQUI;2317;ACESSO A INFORMACAO CIENTIFICA E TECNOLOGICA;0000;ACESSO A INFORMACAO CIENTIFICA E TECNOLOGICA;12573203223170001;087490;OCC35O99PPN;PORTAL DE PERIODICOS - PORTAL DE PERIODICOS;90;APLICACOES DIRETAS;3;DESPESAS CORRENTES;3;OUTRAS DESPESAS CORRENTES;39;OUTROS SERVICOS DE TERCEIROS PJ - OP.INT.ORC.;339039;OUTROS SERVICOS DE TERCEIROS - PESSOA JURIDICA;08;FUNDO SOCIAL-PARC.DEST.EDUCACAO PUBL.E SAUDE;;;;;150377406.87;0.00;150377406.87;150377406.87
2015;154004;FUND.COORD.DE APERF.DE PESSOAL NIVEL SUPERIOR;12;EDUCACAO;573;DIFUSAO DO CONHECIMENTO CIENTIFICO E TECNOLOGICO;2032;EDUCACAO SUPERIOR - GRADUACAO, POS-GRADUACAO, ENSINO, PESQUI;2317;ACESSO A INFORMACAO CIENTIFICA E TECNOLOGICA;0000;ACESSO A INFORMACAO CIENTIFICA E TECNOLOGICA;12573203223170001;087490;OCC35O99PPN;PORTAL DE PERIODICOS - PORTAL DE PERIODICOS;90;APLICACOES DIRETAS;3;DESPESAS CORRENTES;3;OUTRAS DESPESAS CORRENTES;;;;;12;RECURSOS DEST.A MANUT.E DES.DO ENSINO;;;;;2440822682.9;51381122.85;2371938371.7;2371938371.7
2015;154004;FUND.COORD.DE APERF.DE PESSOAL NIVEL SUPERIOR;12;EDUCACAO;573;DIFUSAO DO CONHECIMENTO CIENTIFICO E TECNOLOGICO;2032;EDUCACAO SUPERIOR - GRADUACAO, POS-GRADUACAO, ENSINO, PESQUI;2317;ACESSO A INFORMACAO CIENTIFICA E TECNOLOGICA;0000;ACESSO A INFORMACAO CIENTIFICA E TECNOLOGICA;12573203223170001;087490;OCC35O99PPN;PORTAL DE PERIODICOS - PORTAL DE PERIODICOS;90;APLICACOES DIRETAS;3;DESPESAS CORRENTES;3;OUTRAS DESPESAS CORRENTES;;;;;50;REC.PROPRIOS PRIMARIOS DE LIVRE APLICACAO;;;;;70015672.18;3,928,640.64;66065359.90;66065359.90
2015;154004;FUND.COORD.DE APERF.DE PESSOAL NIVEL SUPERIOR;12;EDUCACAO;573;DIFUSAO DO CONHECIMENTO CIENTIFICO E TECNOLOGICO;2032;EDUCACAO SUPERIOR - GRADUACAO, POS-GRADUACAO, ENSINO, PESQUI;2317;ACESSO A INFORMACAO CIENTIFICA E TECNOLOGICA;0000;ACESSO A INFORMACAO CIENTIFICA E TECNOLOGICA;12573203223170001;087490;OCC35O99PPN;PORTAL DE PERIODICOS - PORTAL DE PERIODICOS;90;APLICACOES DIRETAS;3;DESPESAS CORRENTES;3;OUTRAS DESPESAS CORRENTES;;;;;80;RECURSOS PROPRIOS FINANCEIROS;;;;;70015672.18;4,991,181.54;65024490.64;65024490.64
2015;154032;FUND.UNIV.FED.DE.CIENC.DA SAUDE DE P.ALEGRE;12;EDUCACAO;364;ENSINO SUPERIOR;2032;EDUCACAO SUPERIOR - GRADUACAO, POS-GRADUACAO, ENSINO, PESQUI;0487;CONCESSAO DE BOLSAS DE ESTUDO NO ENSINO SUPERIOR;0002;CONCESSAO DE BOLSAS DE ESTUDOS NO PAIS;12364203204870001;087493;OCCCUO9414N;BF SUPERIOR - PROAP;90;APLICACOES DIRETAS;3;DESPESAS CORRENTES;3;OUTRAS DESPESAS CORRENTES;14;DIARIAS - PESSOAL CIVIL;339014;DIARIAS - PESSOAL CIVIL;12;RECURSOS DEST.A MANUT.E DES.DO ENSINO;;;;;112,977.51;77,889.05;35,088.46;34,466.86
2015;154032;FUND.UNIV.FED.DE.CIENC.DA SAUDE DE P.ALEGRE;12;EDUCACAO;364;ENSINO SUPERIOR;2032;EDUCACAO SUPERIOR - GRADUACAO, POS-GRADUACAO, ENSINO, PESQUI;0487;CONCESSAO DE BOLSAS DE ESTUDO NO ENSINO SUPERIOR;0002;CONCESSAO DE BOLSAS DE ESTUDOS NO PAIS;12364203204870001;087493;OCCCUO9414N;BF SUPERIOR - PROAP;90;APLICACOES DIRETAS;3;DESPESAS CORRENTES;3;OUTRAS DESPESAS CORRENTES;30;MATERIAL DE CONSUMO;339030;MATERIAL DE CONSUMO;12;RECURSOS DEST.A MANUT.E DES.DO ENSINO;;;;;19,360.32;6,245.49;12,544.83;12,458.06
2015;154032;FUND.UNIV.FED.DE.CIENC.DA SAUDE DE P.ALEGRE;12;EDUCACAO;364;ENSINO SUPERIOR;2032;EDUCACAO SUPERIOR - GRADUACAO, POS-GRADUACAO, ENSINO, PESQUI;0487;CONCESSAO DE BOLSAS DE ESTUDO NO ENSINO SUPERIOR;0002;CONCESSAO DE BOLSAS DE ESTUDOS NO PAIS;12364203204870001;087493;OCCCUO9414N;BF SUPERIOR - PROAP;90;APLICACOES DIRETAS;3;DESPESAS CORRENTES;3;OUTRAS DESPESAS CORRENTES;33;PASSAGENS E DESPESAS COM LOCOMOCAO;339033;PASSAGENS E DESPESAS COM LOCOMOCAO;12;RECURSOS DEST.A MANUT.E DES.DO ENSINO;;;;;207,479.88;96,034.34;111,445.54;111,445.54
2015;154032;FUND.UNIV.FED.DE.CIENC.DA SAUDE DE P.ALEGRE;12;EDUCACAO;364;ENSINO SUPERIOR;2032;EDUCACAO SUPERIOR - GRADUACAO, POS-GRADUACAO, ENSINO, PESQUI;0487;CONCESSAO DE BOLSAS DE ESTUDO NO ENSINO SUPERIOR;0002;CONCESSAO DE BOLSAS DE ESTUDOS NO PAIS;12364203204870001;087493;OCCCUO9414N;BF SUPERIOR - PROAP;90;APLICACOES DIRETAS;3;DESPESAS CORRENTES;3;OUTRAS DESPESAS CORRENTES;39;OUTROS SERVICOS DE TERCEIROS PJ - OP.INT.ORC.;339039;OUTROS SERVICOS DE TERCEIROS - PESSOA JURIDICA;12;RECURSOS DEST.A MANUT.E DES.DO ENSINO;;;;;1,250.00;500.00;750.00;750.00
2015;154034;UNIRIO UNIVERSIDADE FEDERAL DO ESTADO RJ;12;EDUCACAO;364;ENSINO SUPERIOR;2032;EDUCACAO SUPERIOR - GRADUACAO, POS-GRADUACAO, ENSINO, PESQUI;0487;CONCESSAO DE BOLSAS DE ESTUDO NO ENSINO SUPERIOR;0002;CONCESSAO DE BOLSAS DE ESTUDOS NO PAIS;12364203204870001;087493;OCCCUO9414N;BF SUPERIOR - PROAP;90;APLICACOES DIRETAS;3;DESPESAS CORRENTES;3;OUTRAS DESPESAS CORRENTES;14;DIARIAS - PESSOAL CIVIL;339014;DIARIAS - PESSOAL CIVIL;12;RECURSOS DEST.A MANUT.E DES.DO ENSINO;;;;;264,693.92;167,842.66;96,851.26;95,262.37
2015;154034;UNIRIO UNIVERSIDADE FEDERAL DO ESTADO RJ;12;EDUCACAO;364;ENSINO SUPERIOR;2032;EDUCACAO SUPERIOR - GRADUACAO, POS-GRADUACAO, ENSINO, PESQUI;0487;CONCESSAO DE BOLSAS DE ESTUDO NO ENSINO SUPERIOR;0002;CONCESSAO DE BOLSAS DE ESTUDOS NO PAIS;12364203204870001;087493;OCCCUO9414N;BF SUPERIOR - PROAP;90;APLICACOES DIRETAS;3;DESPESAS CORRENTES;3;OUTRAS DESPESAS CORRENTES;18;AUXILIO FINANCEIRO A ESTUDANTES;339018;AUXILIO FINANCEIRO A ESTUDANTES;12;RECURSOS DEST.A MANUT.E DES.DO ENSINO;;;;;241,765.42;32,212.93;209,552.49;205,538.82
2015;154034;UNIRIO UNIVERSIDADE FEDERAL DO ESTADO RJ;12;EDUCACAO;364;ENSINO SUPERIOR;2032;EDUCACAO SUPERIOR - GRADUACAO, POS-GRADUACAO, ENSINO, PESQUI;0487;CONCESSAO DE BOLSAS DE ESTUDO NO ENSINO SUPERIOR;0002;CONCESSAO DE BOLSAS DE ESTUDOS NO PAIS;12364203204870001;087493;OCCCUO9414N;BF SUPERIOR - PROAP;90;APLICACOES DIRETAS;3;DESPESAS CORRENTES;3;OUTRAS DESPESAS CORRENTES;33;PASSAGENS E DESPESAS COM LOCOMOCAO;339033;PASSAGENS E DESPESAS COM LOCOMOCAO;12;RECURSOS DEST.A MANUT.E DES.DO ENSINO;;;;;847,990.66;207,631.65;640,359.01;333,172.45
2015;154034;UNIRIO UNIVERSIDADE FEDERAL DO ESTADO RJ;12;EDUCACAO;364;ENSINO SUPERIOR;2032;EDUCACAO SUPERIOR - GRADUACAO, POS-GRADUACAO, ENSINO, PESQUI;0487;CONCESSAO DE BOLSAS DE ESTUDO NO ENSINO SUPERIOR;0002;CONCESSAO DE BOLSAS DE ESTUDOS NO PAIS;12364203204870001;087493;OCCCUO9414N;BF SUPERIOR - PROAP;90;APLICACOES DIRETAS;3;DESPESAS CORRENTES;3;OUTRAS DESPESAS CORRENTES;36;OUTROS SERVICOS DE TERCEIROS - P.FISICA;339036;OUTROS SERVICOS DE TERCEIROS - PESSOA FISICA;12;RECURSOS DEST.A MANUT.E DES.DO ENSINO;;;;;18,922.10;3,328.80;15,593.30;15,593.30
2015;154034;UNIRIO UNIVERSIDADE FEDERAL DO ESTADO RJ;12;EDUCACAO;364;ENSINO SUPERIOR;2032;EDUCACAO SUPERIOR - GRADUACAO, POS-GRADUACAO, ENSINO, PESQUI;0487;CONCESSAO DE BOLSAS DE ESTUDO NO ENSINO SUPERIOR;0002;CONCESSAO DE BOLSAS DE ESTUDOS NO PAIS;12364203204870001;087493;OCCCUO9414N;BF SUPERIOR - PROAP;90;APLICACOES DIRETAS;3;DESPESAS CORRENTES;3;OUTRAS DESPESAS CORRENTES;39;OUTROS SERVICOS DE TERCEIROS PJ - OP.INT.ORC.;339039;OUTROS SERVICOS DE TERCEIROS - PESSOA JURIDICA;12;RECURSOS DEST.A MANUT.E DES.DO ENSINO;;;;;55,230.00;15,780.00;39,450.00;
2015;154034;UNIRIO UNIVERSIDADE FEDERAL DO ESTADO RJ;12;EDUCACAO;368;EDUCACAO BASICA;2030;EDUCACAO BASICA;20RJ;APOIO A CAPACITACAO E FORMACAO INICIAL E CONTINUADA PARA A E;0004;EDUCACAO BASICA A DISTANCIA;12368203020RJ0001;087497;MCC62G22EDN;UAB - UAB TRADICIONAL;90;APLICACOES DIRETAS;3;DESPESAS CORRENTES;3;OUTRAS DESPESAS CORRENTES;14;DIARIAS - PESSOAL CIVIL;339014;DIARIAS - PESSOAL CIVIL;08;FUNDO SOCIAL-PARC.DEST.EDUCACAO PUBL.E SAUDE;;;;;123,924.88;1,437.53;122,487.35;122,487.35
2015;154034;UNIRIO UNIVERSIDADE FEDERAL DO ESTADO RJ;12;EDUCACAO;368;EDUCACAO BASICA;2030;EDUCACAO BASICA;20RJ;APOIO A CAPACITACAO E FORMACAO INICIAL E CONTINUADA PARA A E;0004;EDUCACAO BASICA A DISTANCIA;12368203020RJ0001;087497;MCC62G22EDN;UAB - UAB TRADICIONAL;90;APLICACOES DIRETAS;3;DESPESAS CORRENTES;3;OUTRAS DESPESAS CORRENTES;33;PASSAGENS E DESPESAS COM LOCOMOCAO;339033;PASSAGENS E DESPESAS COM LOCOMOCAO;08;FUNDO SOCIAL-PARC.DEST.EDUCACAO PUBL.E SAUDE;;;;;105,000.00;26,336.03;62,655.91;48,092.98
2015;154039;FUNDACAO UNIVERSIDADE DO AMAZONAS;12;EDUCACAO;364;ENSINO SUPERIOR;2032;EDUCACAO SUPERIOR - GRADUACAO, POS-GRADUACAO, ENSINO, PESQUI;0487;CONCESSAO DE BOLSAS DE ESTUDO NO ENSINO SUPERIOR;0002;CONCESSAO DE BOLSAS DE ESTUDOS NO PAIS;12364203204870001;087493;OCCCUO9414N;BF SUPERIOR - PROAP;90;APLICACOES DIRETAS;3;DESPESAS CORRENTES;3;OUTRAS DESPESAS CORRENTES;14;DIARIAS - PESSOAL CIVIL;339014;DIARIAS - PESSOAL CIVIL;12;RECURSOS DEST.A MANUT.E DES.DO ENSINO;;;;;1,480,365.91;920,834.51;559,531.40;495,990.77
2015;154039;FUNDACAO UNIVERSIDADE DO AMAZONAS;12;EDUCACAO;364;ENSINO SUPERIOR;2032;EDUCACAO SUPERIOR - GRADUACAO, POS-GRADUACAO, ENSINO, PESQUI;0487;CONCESSAO DE BOLSAS DE ESTUDO NO ENSINO SUPERIOR;0002;CONCESSAO DE BOLSAS DE ESTUDOS NO PAIS;12364203204870001;087493;OCCCUO9414N;BF SUPERIOR - PROAP;90;APLICACOES DIRETAS;3;DESPESAS CORRENTES;3;OUTRAS DESPESAS CORRENTES;18;AUXILIO FINANCEIRO A ESTUDANTES;339018;AUXILIO FINANCEIRO A ESTUDANTES;12;RECURSOS DEST.A MANUT.E DES.DO ENSINO;;;;;1,684,017.29;600,220.84;1,083,796.45;910,034.06
2015;154039;FUNDACAO UNIVERSIDADE DO AMAZONAS;12;EDUCACAO;364;ENSINO SUPERIOR;2032;EDUCACAO SUPERIOR - GRADUACAO, POS-GRADUACAO, ENSINO, PESQUI;0487;CONCESSAO DE BOLSAS DE ESTUDO NO ENSINO SUPERIOR;0002;CONCESSAO DE BOLSAS DE ESTUDOS NO PAIS;12364203204870001;087493;OCCCUO9414N;BF SUPERIOR - PROAP;90;APLICACOES DIRETAS;3;DESPESAS CORRENTES;3;OUTRAS DESPESAS CORRENTES;20;AUXILIO FINANCEIRO A PESQUISADORES;339020;AUXILIO FINANCEIRO A PESQUISADORES;12;RECURSOS DEST.A MANUT.E DES.DO ENSINO;;;;;652,153.04;440,000.00;212,153.04;212,153.04
2015;154039;FUNDACAO UNIVERSIDADE DO AMAZONAS;12;EDUCACAO;364;ENSINO SUPERIOR;2032;EDUCACAO SUPERIOR - GRADUACAO, POS-GRADUACAO, ENSINO, PESQUI;0487;CONCESSAO DE BOLSAS DE ESTUDO NO ENSINO SUPERIOR;0002;CONCESSAO DE BOLSAS DE ESTUDOS NO PAIS;12364203204870001;087493;OCCCUO9414N;BF SUPERIOR - PROAP;90;APLICACOES DIRETAS;3;DESPESAS CORRENTES;3;OUTRAS DESPESAS CORRENTES;33;PASSAGENS E DESPESAS COM LOCOMOCAO;339033;PASSAGENS E DESPESAS COM LOCOMOCAO;12;RECURSOS DEST.A MANUT.E DES.DO ENSINO;;;;;2,390,887.75;855,481.90;1,048,059.03;850,052.56
2015;154039;FUNDACAO UNIVERSIDADE DO AMAZONAS;12;EDUCACAO;364;ENSINO SUPERIOR;2032;EDUCACAO SUPERIOR - GRADUACAO, POS-GRADUACAO, ENSINO, PESQUI;0487;CONCESSAO DE BOLSAS DE ESTUDO NO ENSINO SUPERIOR;0002;CONCESSAO DE BOLSAS DE ESTUDOS NO PAIS;12364203204870001;087493;OCCCUO9414N;BF SUPERIOR - PROAP;90;APLICACOES DIRETAS;3;DESPESAS CORRENTES;3;OUTRAS DESPESAS CORRENTES;36;OUTROS SERVICOS DE TERCEIROS - P.FISICA;339036;OUTROS SERVICOS DE TERCEIROS - PESSOA FISICA;12;RECURSOS DEST.A MANUT.E DES.DO ENSINO;;;;;204,405.85;134,709.10;69,696.75;57,306.85
2015;154039;FUNDACAO UNIVERSIDADE DO AMAZONAS;12;EDUCACAO;364;ENSINO SUPERIOR;2032;EDUCACAO SUPERIOR - GRADUACAO, POS-GRADUACAO, ENSINO, PESQUI;0487;CONCESSAO DE BOLSAS DE ESTUDO NO ENSINO SUPERIOR;0002;CONCESSAO DE BOLSAS DE ESTUDOS NO PAIS;12364203204870001;087493;OCCCUO9414N;BF SUPERIOR - PROAP;90;APLICACOES DIRETAS;3;DESPESAS CORRENTES;3;OUTRAS DESPESAS CORRENTES;39;OUTROS SERVICOS DE TERCEIROS PJ - OP.INT.ORC.;339039;OUTROS SERVICOS DE TERCEIROS - PESSOA JURIDICA;12;RECURSOS DEST.A MANUT.E DES.DO ENSINO;;;;;608,200.00;431,736.50;98,216.00;79,352.00
2015;154039;FUNDACAO UNIVERSIDADE DO AMAZONAS;12;EDUCACAO;364;ENSINO SUPERIOR;2032;EDUCACAO SUPERIOR - GRADUACAO, POS-GRADUACAO, ENSINO, PESQUI;0487;CONCESSAO DE BOLSAS DE ESTUDO NO ENSINO SUPERIOR;0002;CONCESSAO DE BOLSAS DE ESTUDOS NO PAIS;12364203204870001;087493;OCCCUO9414N;BF SUPERIOR - PROAP;90;APLICACOES DIRETAS;3;DESPESAS CORRENTES;3;OUTRAS DESPESAS CORRENTES;92;DESPESAS DE EXERCICIOS ANTERIORES;339092;DESPESAS DE EXERCICIOS ANTERIORES;12;RECURSOS DEST.A MANUT.E DES.DO ENSINO;;;;;1,025,642.70;0.00;1,025,642.70;915,175.75
2015;154039;FUNDACAO UNIVERSIDADE DO AMAZONAS;12;EDUCACAO;368;EDUCACAO BASICA;2030;EDUCACAO BASICA;20RJ;APOIO A CAPACITACAO E FORMACAO INICIAL E CONTINUADA PARA A E;0003;EDUCACAO BASICA PRESENCIAL;12368203020RJ0001;087496;PCC92B5801N;PARFOR - PARFOR;90;APLICACOES DIRETAS;3;DESPESAS CORRENTES;3;OUTRAS DESPESAS CORRENTES;14;DIARIAS - PESSOAL CIVIL;339014;DIARIAS - PESSOAL CIVIL;08;FUNDO SOCIAL-PARC.DEST.EDUCACAO PUBL.E SAUDE;;;;;7,105,694.07;1,122,307.32;5,983,386.75;5,928,048.82
2015;154039;FUNDACAO UNIVERSIDADE DO AMAZONAS;12;EDUCACAO;368;EDUCACAO BASICA;2030;EDUCACAO BASICA;20RJ;APOIO A CAPACITACAO E FORMACAO INICIAL E CONTINUADA PARA A E;0003;EDUCACAO BASICA PRESENCIAL;12368203020RJ0001;087496;PCC92B5801N;PARFOR - PARFOR;90;APLICACOES DIRETAS;3;DESPESAS CORRENTES;3;OUTRAS DESPESAS CORRENTES;33;PASSAGENS E DESPESAS COM LOCOMOCAO;339033;PASSAGENS E DESPESAS COM LOCOMOCAO;08;FUNDO SOCIAL-PARC.DEST.EDUCACAO PUBL.E SAUDE;;;;;6,811,174.40;2,957,351.49;3,686,733.02;2,799,987.44
2015;154039;FUNDACAO UNIVERSIDADE DO AMAZONAS;12;EDUCACAO;368;EDUCACAO BASICA;2030;EDUCACAO BASICA;20RJ;APOIO A CAPACITACAO E FORMACAO INICIAL E CONTINUADA PARA A E;0003;EDUCACAO BASICA PRESENCIAL;12368203020RJ0001;087496;PCC92B5801N;PARFOR - PARFOR;90;APLICACOES DIRETAS;3;DESPESAS CORRENTES;3;OUTRAS DESPESAS CORRENTES;36;OUTROS SERVICOS DE TERCEIROS - P.FISICA;339036;OUTROS SERVICOS DE TERCEIROS - PESSOA FISICA;08;FUNDO SOCIAL-PARC.DEST.EDUCACAO PUBL.E SAUDE;;;;;6,996,696.27;618,725.19;6,301,569.84;6,266,154.84
2015;154039;FUNDACAO UNIVERSIDADE DO AMAZONAS;12;EDUCACAO;368;EDUCACAO BASICA;2030;EDUCACAO BASICA;20RJ;APOIO A CAPACITACAO E FORMACAO INICIAL E CONTINUADA PARA A E;0003;EDUCACAO BASICA PRESENCIAL;12368203020RJ0001;087496;PCC92B5801N;PARFOR - PARFOR;90;APLICACOES DIRETAS;3;DESPESAS CORRENTES;3;OUTRAS DESPESAS CORRENTES;39;OUTROS SERVICOS DE TERCEIROS PJ - OP.INT.ORC.;339039;OUTROS SERVICOS DE TERCEIROS - PESSOA JURIDICA;08;FUNDO SOCIAL-PARC.DEST.EDUCACAO PUBL.E SAUDE;;;;;905,900.00;395,512.00;409,694.50;381,105.00
2015;154039;FUNDACAO UNIVERSIDADE DO AMAZONAS;12;EDUCACAO;368;EDUCACAO BASICA;2030;EDUCACAO BASICA;20RJ;APOIO A CAPACITACAO E FORMACAO INICIAL E CONTINUADA PARA A E;0003;EDUCACAO BASICA PRESENCIAL;12368203020RJ0001;087496;PCC92B5801N;PARFOR - PARFOR;90;APLICACOES DIRETAS;3;DESPESAS CORRENTES;3;OUTRAS DESPESAS CORRENTES;92;DESPESAS DE EXERCICIOS ANTERIORES;339092;DESPESAS DE EXERCICIOS ANTERIORES;08;FUNDO SOCIAL-PARC.DEST.EDUCACAO PUBL.E SAUDE;;;;;420,464.16;15,641.50;404,822.66;336,536.44
2015;154039;FUNDACAO UNIVERSIDADE DO AMAZONAS;12;EDUCACAO;368;EDUCACAO BASICA;2030;EDUCACAO BASICA;20RJ;APOIO A CAPACITACAO E FORMACAO INICIAL E CONTINUADA PARA A E;0003;EDUCACAO BASICA PRESENCIAL;12368203020RJ0001;087496;PCC92B5801N;PARFOR - PARFOR;90;APLICACOES DIRETAS;3;DESPESAS CORRENTES;3;OUTRAS DESPESAS CORRENTES;93;INDENIZACOES E RESTITUICOES;339093;INDENIZACOES E RESTITUICOES;08;FUNDO SOCIAL-PARC.DEST.EDUCACAO PUBL.E SAUDE;;;;;1,385,837.75;0.00;1,385,837.75;1,385,837.75
2015;154039;FUNDACAO UNIVERSIDADE DO AMAZONAS;12;EDUCACAO;368;EDUCACAO BASICA;2030;EDUCACAO BASICA;20RJ;APOIO A CAPACITACAO E FORMACAO INICIAL E CONTINUADA PARA A E;0004;EDUCACAO BASICA A DISTANCIA;12368203020RJ0001;087497;MCC62G22EDN;UAB - UAB TRADICIONAL;90;APLICACOES DIRETAS;3;DESPESAS CORRENTES;3;OUTRAS DESPESAS CORRENTES;39;OUTROS SERVICOS DE TERCEIROS PJ - OP.INT.ORC.;339039;OUTROS SERVICOS DE TERCEIROS - PESSOA JURIDICA;08;FUNDO SOCIAL-PARC.DEST.EDUCACAO PUBL.E SAUDE;;;;;445,160.00;178,064.00;;
2015;154040;FUNDACAO UNIVERSIDADE DE BRASILIA - FUB;12;EDUCACAO;364;ENSINO SUPERIOR;2032;EDUCACAO SUPERIOR - GRADUACAO, POS-GRADUACAO, ENSINO, PESQUI;0487;CONCESSAO DE BOLSAS DE ESTUDO NO ENSINO SUPERIOR;0002;CONCESSAO DE BOLSAS DE ESTUDOS NO PAIS;12364203204870001;087493;OCCCUO9414N;BF SUPERIOR - PROAP;90;APLICACOES DIRETAS;3;DESPESAS CORRENTES;3;OUTRAS DESPESAS CORRENTES;14;DIARIAS - PESSOAL CIVIL;339014;DIARIAS - PESSOAL CIVIL;12;RECURSOS DEST.A MANUT.E DES.DO ENSINO;;;;;5,036,199.46;2,680,070.81;2,356,128.65;2,142,505.67
2015;154040;FUNDACAO UNIVERSIDADE DE BRASILIA - FUB;12;EDUCACAO;364;ENSINO SUPERIOR;2032;EDUCACAO SUPERIOR - GRADUACAO, POS-GRADUACAO, ENSINO, PESQUI;0487;CONCESSAO DE BOLSAS DE ESTUDO NO ENSINO SUPERIOR;0002;CONCESSAO DE BOLSAS DE ESTUDOS NO PAIS;12364203204870001;087493;OCCCUO9414N;BF SUPERIOR - PROAP;90;APLICACOES DIRETAS;3;DESPESAS CORRENTES;3;OUTRAS DESPESAS CORRENTES;18;AUXILIO FINANCEIRO A ESTUDANTES;339018;AUXILIO FINANCEIRO A ESTUDANTES;12;RECURSOS DEST.A MANUT.E DES.DO ENSINO;;;;;12252634.39;2,769,263.49;3,940,902.76;2,717,330.11
2015;154040;FUNDACAO UNIVERSIDADE DE BRASILIA - FUB;12;EDUCACAO;364;ENSINO SUPERIOR;2032;EDUCACAO SUPERIOR - GRADUACAO, POS-GRADUACAO, ENSINO, PESQUI;0487;CONCESSAO DE BOLSAS DE ESTUDO NO ENSINO SUPERIOR;0002;CONCESSAO DE BOLSAS DE ESTUDOS NO PAIS;12364203204870001;087493;OCCCUO9414N;BF SUPERIOR - PROAP;90;APLICACOES DIRETAS;3;DESPESAS CORRENTES;3;OUTRAS DESPESAS CORRENTES;20;AUXILIO FINANCEIRO A PESQUISADORES;339020;AUXILIO FINANCEIRO A PESQUISADORES;12;RECURSOS DEST.A MANUT.E DES.DO ENSINO;;;;;242,442.82;88,135.53;154,307.29;129,179.29
2015;154040;FUNDACAO UNIVERSIDADE DE BRASILIA - FUB;12;EDUCACAO;364;ENSINO SUPERIOR;2032;EDUCACAO SUPERIOR - GRADUACAO, POS-GRADUACAO, ENSINO, PESQUI;0487;CONCESSAO DE BOLSAS DE ESTUDO NO ENSINO SUPERIOR;0002;CONCESSAO DE BOLSAS DE ESTUDOS NO PAIS;12364203204870001;087493;OCCCUO9414N;BF SUPERIOR - PROAP;90;APLICACOES DIRETAS;3;DESPESAS CORRENTES;3;OUTRAS DESPESAS CORRENTES;30;MATERIAL DE CONSUMO;339030;MATERIAL DE CONSUMO;12;RECURSOS DEST.A MANUT.E DES.DO ENSINO;;;;;2,866,278.40;946,714.50;1,137,720.79;217,228.53
2015;154040;FUNDACAO UNIVERSIDADE DE BRASILIA - FUB;12;EDUCACAO;364;ENSINO SUPERIOR;2032;EDUCACAO SUPERIOR - GRADUACAO, POS-GRADUACAO, ENSINO, PESQUI;0487;CONCESSAO DE BOLSAS DE ESTUDO NO ENSINO SUPERIOR;0002;CONCESSAO DE BOLSAS DE ESTUDOS NO PAIS;12364203204870001;087493;OCCCUO9414N;BF SUPERIOR - PROAP;90;APLICACOES DIRETAS;3;DESPESAS CORRENTES;3;OUTRAS DESPESAS CORRENTES;33;PASSAGENS E DESPESAS COM LOCOMOCAO;339033;PASSAGENS E DESPESAS COM LOCOMOCAO;12;RECURSOS DEST.A MANUT.E DES.DO ENSINO;;;;;7,671,724.95;4,250,358.20;3,195,936.70;1,797,888.56
2015;154040;FUNDACAO UNIVERSIDADE DE BRASILIA - FUB;12;EDUCACAO;364;ENSINO SUPERIOR;2032;EDUCACAO SUPERIOR - GRADUACAO, POS-GRADUACAO, ENSINO, PESQUI;0487;CONCESSAO DE BOLSAS DE ESTUDO NO ENSINO SUPERIOR;0002;CONCESSAO DE BOLSAS DE ESTUDOS NO PAIS;12364203204870001;087493;OCCCUO9414N;BF SUPERIOR - PROAP;90;APLICACOES DIRETAS;3;DESPESAS CORRENTES;3;OUTRAS DESPESAS CORRENTES;36;OUTROS SERVICOS DE TERCEIROS - P.FISICA;339036;OUTROS SERVICOS DE TERCEIROS - PESSOA FISICA;12;RECURSOS DEST.A MANUT.E DES.DO ENSINO;;;;;1,531,316.20;1,321,479.20;209,837.00;198,318.20
2015;154040;FUNDACAO UNIVERSIDADE DE BRASILIA - FUB;12;EDUCACAO;364;ENSINO SUPERIOR;2032;EDUCACAO SUPERIOR - GRADUACAO, POS-GRADUACAO, ENSINO, PESQUI;0487;CONCESSAO DE BOLSAS DE ESTUDO NO ENSINO SUPERIOR;0002;CONCESSAO DE BOLSAS DE ESTUDOS NO PAIS;12364203204870001;087493;OCCCUO9414N;BF SUPERIOR - PROAP;90;APLICACOES DIRETAS;3;DESPESAS CORRENTES;3;OUTRAS DESPESAS CORRENTES;39;OUTROS SERVICOS DE TERCEIROS PJ - OP.INT.ORC.;339039;OUTROS SERVICOS DE TERCEIROS - PESSOA JURIDICA;12;RECURSOS DEST.A MANUT.E DES.DO ENSINO;;;;;3,690,681.56;1,357,845.50;1,466,467.98;1,247,629.17
2015;154040;FUNDACAO UNIVERSIDADE DE BRASILIA - FUB;12;EDUCACAO;364;ENSINO SUPERIOR;2032;EDUCACAO SUPERIOR - GRADUACAO, POS-GRADUACAO, ENSINO, PESQUI;0487;CONCESSAO DE BOLSAS DE ESTUDO NO ENSINO SUPERIOR;0002;CONCESSAO DE BOLSAS DE ESTUDOS NO PAIS;12364203204870001;087493;OCCCUO9414N;BF SUPERIOR - PROAP;90;APLICACOES DIRETAS;3;DESPESAS CORRENTES;3;OUTRAS DESPESAS CORRENTES;93;INDENIZACOES E RESTITUICOES;339093;INDENIZACOES E RESTITUICOES;12;RECURSOS DEST.A MANUT.E DES.DO ENSINO;;;;;810.00;324.00;;
2015;154040;FUNDACAO UNIVERSIDADE DE BRASILIA - FUB;12;EDUCACAO;368;EDUCACAO BASICA;2030;EDUCACAO BASICA;20RJ;APOIO A CAPACITACAO E FORMACAO INICIAL E CONTINUADA PARA A E;0003;EDUCACAO BASICA PRESENCIAL;12368203020RJ0001;087496;PCC92B5801N;PARFOR - PARFOR;90;APLICACOES DIRETAS;3;DESPESAS CORRENTES;3;OUTRAS DESPESAS CORRENTES;14;DIARIAS - PESSOAL CIVIL;339014;DIARIAS - PESSOAL CIVIL;08;FUNDO SOCIAL-PARC.DEST.EDUCACAO PUBL.E SAUDE;;;;;44,965.50;30,000.00;14,965.50;2,993.10
2015;154040;FUNDACAO UNIVERSIDADE DE BRASILIA - FUB;12;EDUCACAO;368;EDUCACAO BASICA;2030;EDUCACAO BASICA;20RJ;APOIO A CAPACITACAO E FORMACAO INICIAL E CONTINUADA PARA A E;0003;EDUCACAO BASICA PRESENCIAL;12368203020RJ0001;087496;PCC92B5801N;PARFOR - PARFOR;90;APLICACOES DIRETAS;3;DESPESAS CORRENTES;3;OUTRAS DESPESAS CORRENTES;33;PASSAGENS E DESPESAS COM LOCOMOCAO;339033;PASSAGENS E DESPESAS COM LOCOMOCAO;08;FUNDO SOCIAL-PARC.DEST.EDUCACAO PUBL.E SAUDE;;;;;70,177.95;30,000.00;16,353.90;
2015;154040;FUNDACAO UNIVERSIDADE DE BRASILIA - FUB;12;EDUCACAO;368;EDUCACAO BASICA;2030;EDUCACAO BASICA;20RJ;APOIO A CAPACITACAO E FORMACAO INICIAL E CONTINUADA PARA A E;0003;EDUCACAO BASICA PRESENCIAL;12368203020RJ0001;087496;PCC92B5801N;PARFOR - PARFOR;90;APLICACOES DIRETAS;3;DESPESAS CORRENTES;3;OUTRAS DESPESAS CORRENTES;36;OUTROS SERVICOS DE TERCEIROS - P.FISICA;339036;OUTROS SERVICOS DE TERCEIROS - PESSOA FISICA;08;FUNDO SOCIAL-PARC.DEST.EDUCACAO PUBL.E SAUDE;;;;;82,500.00;33,000.00;;
2015;154040;FUNDACAO UNIVERSIDADE DE BRASILIA - FUB;12;EDUCACAO;368;EDUCACAO BASICA;2030;EDUCACAO BASICA;20RJ;APOIO A CAPACITACAO E FORMACAO INICIAL E CONTINUADA PARA A E;0003;EDUCACAO BASICA PRESENCIAL;12368203020RJ0001;087496;PCC92B5801N;PARFOR - PARFOR;91;APLICACOES DIRETAS - OPERACOES INTERNAS;3;DESPESAS CORRENTES;3;OUTRAS DESPESAS CORRENTES;47;OBRIGACOES TRIBUTARIAS E CONTRIBUTIVAS;339147;OBRIG.TRIBUT.E CONTRIB-OP.INTRA-ORCAMENTARIAS;08;FUNDO SOCIAL-PARC.DEST.EDUCACAO PUBL.E SAUDE;;;;;16,500.00;6,600.00;;
2015;154040;FUNDACAO UNIVERSIDADE DE BRASILIA - FUB;12;EDUCACAO;368;EDUCACAO BASICA;2030;EDUCACAO BASICA;20RJ;APOIO A CAPACITACAO E FORMACAO INICIAL E CONTINUADA PARA A E;0004;EDUCACAO BASICA A DISTANCIA;12368203020RJ0001;087497;MCC62G22EDN;UAB - UAB TRADICIONAL;90;APLICACOES DIRETAS;3;DESPESAS CORRENTES;3;OUTRAS DESPESAS CORRENTES;14;DIARIAS - PESSOAL CIVIL;339014;DIARIAS - PESSOAL CIVIL;08;FUNDO SOCIAL-PARC.DEST.EDUCACAO PUBL.E SAUDE;;;;;23,186.62;23,186.62;;
2015;154040;FUNDACAO UNIVERSIDADE DE BRASILIA - FUB;12;EDUCACAO;368;EDUCACAO BASICA;2030;EDUCACAO BASICA;20RJ;APOIO A CAPACITACAO E FORMACAO INICIAL E CONTINUADA PARA A E;0004;EDUCACAO BASICA A DISTANCIA;12368203020RJ0001;087497;MCC62G22EDN;UAB - UAB TRADICIONAL;90;APLICACOES DIRETAS;3;DESPESAS CORRENTES;3;OUTRAS DESPESAS CORRENTES;18;AUXILIO FINANCEIRO A ESTUDANTES;339018;AUXILIO FINANCEIRO A ESTUDANTES;08;FUNDO SOCIAL-PARC.DEST.EDUCACAO PUBL.E SAUDE;;;;;4,637.32;4,637.32;;
2015;154040;FUNDACAO UNIVERSIDADE DE BRASILIA - FUB;12;EDUCACAO;368;EDUCACAO BASICA;2030;EDUCACAO BASICA;20RJ;APOIO A CAPACITACAO E FORMACAO INICIAL E CONTINUADA PARA A E;0004;EDUCACAO BASICA A DISTANCIA;12368203020RJ0001;087497;MCC62G22EDN;UAB - UAB TRADICIONAL;90;APLICACOES DIRETAS;3;DESPESAS CORRENTES;3;OUTRAS DESPESAS CORRENTES;33;PASSAGENS E DESPESAS COM LOCOMOCAO;339033;PASSAGENS E DESPESAS COM LOCOMOCAO;08;FUNDO SOCIAL-PARC.DEST.EDUCACAO PUBL.E SAUDE;;;;;88,109.14;88,109.14;;
2015;154040;FUNDACAO UNIVERSIDADE DE BRASILIA - FUB;12;EDUCACAO;368;EDUCACAO BASICA;2030;EDUCACAO BASICA;20RJ;APOIO A CAPACITACAO E FORMACAO INICIAL E CONTINUADA PARA A E;0004;EDUCACAO BASICA A DISTANCIA;12368203020RJ0001;087497;MCC62G22EDN;UAB - UAB TRADICIONAL;90;APLICACOES DIRETAS;3;DESPESAS CORRENTES;3;OUTRAS DESPESAS CORRENTES;36;OUTROS SERVICOS DE TERCEIROS - P.FISICA;339036;OUTROS SERVICOS DE TERCEIROS - PESSOA FISICA;08;FUNDO SOCIAL-PARC.DEST.EDUCACAO PUBL.E SAUDE;;;;;1,472,349.98;680,527.98;791,822.00;446,456.26
2015;154040;FUNDACAO UNIVERSIDADE DE BRASILIA - FUB;12;EDUCACAO;368;EDUCACAO BASICA;2030;EDUCACAO BASICA;20RJ;APOIO A CAPACITACAO E FORMACAO INICIAL E CONTINUADA PARA A E;0004;EDUCACAO BASICA A DISTANCIA;12368203020RJ0001;087497;MCC62G22EDN;UAB - UAB TRADICIONAL;91;APLICACOES DIRETAS - OPERACOES INTERNAS;3;DESPESAS CORRENTES;3;OUTRAS DESPESAS CORRENTES;47;OBRIGACOES TRIBUTARIAS E CONTRIBUTIVAS;339147;OBRIG.TRIBUT.E CONTRIB-OP.INTRA-ORCAMENTARIAS;08;FUNDO SOCIAL-PARC.DEST.EDUCACAO PUBL.E SAUDE;;;;;285,195.34;126,830.94;158,364.40;137,728.40
2015;154041;FUNDACAO UNIVERSIDADE FEDERAL DO MARANHAO;12;EDUCACAO;364;ENSINO SUPERIOR;2032;EDUCACAO SUPERIOR - GRADUACAO, POS-GRADUACAO, ENSINO, PESQUI;0487;CONCESSAO DE BOLSAS DE ESTUDO NO ENSINO SUPERIOR;0002;CONCESSAO DE BOLSAS DE ESTUDOS NO PAIS;12364203204870001;087493;OCCCUO9414N;BF SUPERIOR - PROAP;90;APLICACOES DIRETAS;3;DESPESAS CORRENTES;3;OUTRAS DESPESAS CORRENTES;14;DIARIAS - PESSOAL CIVIL;339014;DIARIAS - PESSOAL CIVIL;12;RECURSOS DEST.A MANUT.E DES.DO ENSINO;;;;;400,221.99;182,874.69;217,347.30;209,555.75
2015;154041;FUNDACAO UNIVERSIDADE FEDERAL DO MARANHAO;12;EDUCACAO;364;ENSINO SUPERIOR;2032;EDUCACAO SUPERIOR - GRADUACAO, POS-GRADUACAO, ENSINO, PESQUI;0487;CONCESSAO DE BOLSAS DE ESTUDO NO ENSINO SUPERIOR;0002;CONCESSAO DE BOLSAS DE ESTUDOS NO PAIS;12364203204870001;087493;OCCCUO9414N;BF SUPERIOR - PROAP;90;APLICACOES DIRETAS;3;DESPESAS CORRENTES;3;OUTRAS DESPESAS CORRENTES;33;PASSAGENS E DESPESAS COM LOCOMOCAO;339033;PASSAGENS E DESPESAS COM LOCOMOCAO;12;RECURSOS DEST.A MANUT.E DES.DO ENSINO;;;;;829,375.01;376,233.91;276,166.30;163,016.66
2015;154041;FUNDACAO UNIVERSIDADE FEDERAL DO MARANHAO;12;EDUCACAO;364;ENSINO SUPERIOR;2032;EDUCACAO SUPERIOR - GRADUACAO, POS-GRADUACAO, ENSINO, PESQUI;0487;CONCESSAO DE BOLSAS DE ESTUDO NO ENSINO SUPERIOR;0002;CONCESSAO DE BOLSAS DE ESTUDOS NO PAIS;12364203204870001;087493;OCCCUO9414N;BF SUPERIOR - PROAP;90;APLICACOES DIRETAS;3;DESPESAS CORRENTES;3;OUTRAS DESPESAS CORRENTES;36;OUTROS SERVICOS DE TERCEIROS - P.FISICA;339036;OUTROS SERVICOS DE TERCEIROS - PESSOA FISICA;12;RECURSOS DEST.A MANUT.E DES.DO ENSINO;;;;;245,484.14;67,939.14;177,545.00;162,910.60
2015;154041;FUNDACAO UNIVERSIDADE FEDERAL DO MARANHAO;12;EDUCACAO;364;ENSINO SUPERIOR;2032;EDUCACAO SUPERIOR - GRADUACAO, POS-GRADUACAO, ENSINO, PESQUI;0487;CONCESSAO DE BOLSAS DE ESTUDO NO ENSINO SUPERIOR;0002;CONCESSAO DE BOLSAS DE ESTUDOS NO PAIS;12364203204870001;087493;OCCCUO9414N;BF SUPERIOR - PROAP;90;APLICACOES DIRETAS;3;DESPESAS CORRENTES;3;OUTRAS DESPESAS CORRENTES;39;OUTROS SERVICOS DE TERCEIROS PJ - OP.INT.ORC.;339039;OUTROS SERVICOS DE TERCEIROS - PESSOA JURIDICA;12;RECURSOS DEST.A MANUT.E DES.DO ENSINO;;;;;151,431.50;57,898.00;74,774.50;22,837.99
2015;154041;FUNDACAO UNIVERSIDADE FEDERAL DO MARANHAO;12;EDUCACAO;368;EDUCACAO BASICA;2030;EDUCACAO BASICA;20RJ;APOIO A CAPACITACAO E FORMACAO INICIAL E CONTINUADA PARA A E;0003;EDUCACAO BASICA PRESENCIAL;12368203020RJ0001;087496;PCC92B5801N;PARFOR - PARFOR;90;APLICACOES DIRETAS;3;DESPESAS CORRENTES;3;OUTRAS DESPESAS CORRENTES;39;OUTROS SERVICOS DE TERCEIROS PJ - OP.INT.ORC.;339039;OUTROS SERVICOS DE TERCEIROS - PESSOA JURIDICA;08;FUNDO SOCIAL-PARC.DEST.EDUCACAO PUBL.E SAUDE;;;;;6,800,000.00;400,000.00;6,400,000.00;5,200,000.00
2015;154041;FUNDACAO UNIVERSIDADE FEDERAL DO MARANHAO;12;EDUCACAO;368;EDUCACAO BASICA;2030;EDUCACAO BASICA;20RJ;APOIO A CAPACITACAO E FORMACAO INICIAL E CONTINUADA PARA A E;0004;EDUCACAO BASICA A DISTANCIA;12368203020RJ0001;087497;MCC62G22EDN;UAB - UAB TRADICIONAL;90;APLICACOES DIRETAS;3;DESPESAS CORRENTES;3;OUTRAS DESPESAS CORRENTES;39;OUTROS SERVICOS DE TERCEIROS PJ - OP.INT.ORC.;339039;OUTROS SERVICOS DE TERCEIROS - PESSOA JURIDICA;08;FUNDO SOCIAL-PARC.DEST.EDUCACAO PUBL.E SAUDE;;;;;500,000.00;100,000.00;400,000.00;300,000.00
2015;154042;UNIVERSIDADE FEDERAL DO RIO GRANDE - FURG;12;EDUCACAO;364;ENSINO SUPERIOR;2032;EDUCACAO SUPERIOR - GRADUACAO, POS-GRADUACAO, ENSINO, PESQUI;0487;CONCESSAO DE BOLSAS DE ESTUDO NO ENSINO SUPERIOR;0002;CONCESSAO DE BOLSAS DE ESTUDOS NO PAIS;12364203204870001;087493;OCCCUO9414N;BF SUPERIOR - PROAP;90;APLICACOES DIRETAS;3;DESPESAS CORRENTES;3;OUTRAS DESPESAS CORRENTES;14;DIARIAS - PESSOAL CIVIL;339014;DIARIAS - PESSOAL CIVIL;12;RECURSOS DEST.A MANUT.E DES.DO ENSINO;;;;;333,382.04;154,592.17;178,789.87;141,680.99
2015;154042;UNIVERSIDADE FEDERAL DO RIO GRANDE - FURG;12;EDUCACAO;364;ENSINO SUPERIOR;2032;EDUCACAO SUPERIOR - GRADUACAO, POS-GRADUACAO, ENSINO, PESQUI;0487;CONCESSAO DE BOLSAS DE ESTUDO NO ENSINO SUPERIOR;0002;CONCESSAO DE BOLSAS DE ESTUDOS NO PAIS;12364203204870001;087493;OCCCUO9414N;BF SUPERIOR - PROAP;90;APLICACOES DIRETAS;3;DESPESAS CORRENTES;3;OUTRAS DESPESAS CORRENTES;18;AUXILIO FINANCEIRO A ESTUDANTES;339018;AUXILIO FINANCEIRO A ESTUDANTES;12;RECURSOS DEST.A MANUT.E DES.DO ENSINO;;;;;750,258.65;283,158.20;10,231.29;
2015;154042;UNIVERSIDADE FEDERAL DO RIO GRANDE - FURG;12;EDUCACAO;364;ENSINO SUPERIOR;2032;EDUCACAO SUPERIOR - GRADUACAO, POS-GRADUACAO, ENSINO, PESQUI;0487;CONCESSAO DE BOLSAS DE ESTUDO NO ENSINO SUPERIOR;0002;CONCESSAO DE BOLSAS DE ESTUDOS NO PAIS;12364203204870001;087493;OCCCUO9414N;BF SUPERIOR - PROAP;90;APLICACOES DIRETAS;3;DESPESAS CORRENTES;3;OUTRAS DESPESAS CORRENTES;20;AUXILIO FINANCEIRO A PESQUISADORES;339020;AUXILIO FINANCEIRO A PESQUISADORES;12;RECURSOS DEST.A MANUT.E DES.DO ENSINO;;;;;145,000.00;32,875.00;68,250.00;
2015;154042;UNIVERSIDADE FEDERAL DO RIO GRANDE - FURG;12;EDUCACAO;364;ENSINO SUPERIOR;2032;EDUCACAO SUPERIOR - GRADUACAO, POS-GRADUACAO, ENSINO, PESQUI;0487;CONCESSAO DE BOLSAS DE ESTUDO NO ENSINO SUPERIOR;0002;CONCESSAO DE BOLSAS DE ESTUDOS NO PAIS;12364203204870001;087493;OCCCUO9414N;BF SUPERIOR - PROAP;90;APLICACOES DIRETAS;3;DESPESAS CORRENTES;3;OUTRAS DESPESAS CORRENTES;33;PASSAGENS E DESPESAS COM LOCOMOCAO;339033;PASSAGENS E DESPESAS COM LOCOMOCAO;12;RECURSOS DEST.A MANUT.E DES.DO ENSINO;;;;;1,352,024.56;347,880.23;967,073.24;98,668.17
2015;154042;UNIVERSIDADE FEDERAL DO RIO GRANDE - FURG;12;EDUCACAO;364;ENSINO SUPERIOR;2032;EDUCACAO SUPERIOR - GRADUACAO, POS-GRADUACAO, ENSINO, PESQUI;0487;CONCESSAO DE BOLSAS DE ESTUDO NO ENSINO SUPERIOR;0002;CONCESSAO DE BOLSAS DE ESTUDOS NO PAIS;12364203204870001;087493;OCCCUO9414N;BF SUPERIOR - PROAP;90;APLICACOES DIRETAS;3;DESPESAS CORRENTES;3;OUTRAS DESPESAS CORRENTES;36;OUTROS SERVICOS DE TERCEIROS - P.FISICA;339036;OUTROS SERVICOS DE TERCEIROS - PESSOA FISICA;12;RECURSOS DEST.A MANUT.E DES.DO ENSINO;;;;;104,447.22;34,901.50;69,545.72;55,422.22
2015;154042;UNIVERSIDADE FEDERAL DO RIO GRANDE - FURG;12;EDUCACAO;364;ENSINO SUPERIOR;2032;EDUCACAO SUPERIOR - GRADUACAO, POS-GRADUACAO, ENSINO, PESQUI;0487;CONCESSAO DE BOLSAS DE ESTUDO NO ENSINO SUPERIOR;0002;CONCESSAO DE BOLSAS DE ESTUDOS NO PAIS;12364203204870001;087493;OCCCUO9414N;BF SUPERIOR - PROAP;90;APLICACOES DIRETAS;3;DESPESAS CORRENTES;3;OUTRAS DESPESAS CORRENTES;39;OUTROS SERVICOS DE TERCEIROS PJ - OP.INT.ORC.;339039;OUTROS SERVICOS DE TERCEIROS - PESSOA JURIDICA;12;RECURSOS DEST.A MANUT.E DES.DO ENSINO;;;;;25,695.00;13,430.00;6,040.00;
2015;154042;UNIVERSIDADE FEDERAL DO RIO GRANDE - FURG;12;EDUCACAO;364;ENSINO SUPERIOR;2032;EDUCACAO SUPERIOR - GRADUACAO, POS-GRADUACAO, ENSINO, PESQUI;0487;CONCESSAO DE BOLSAS DE ESTUDO NO ENSINO SUPERIOR;0002;CONCESSAO DE BOLSAS DE ESTUDOS NO PAIS;12364203204870001;087493;OCCCUO9414N;BF SUPERIOR - PROAP;91;APLICACOES DIRETAS - OPERACOES INTERNAS;3;DESPESAS CORRENTES;3;OUTRAS DESPESAS CORRENTES;47;OBRIGACOES TRIBUTARIAS E CONTRIBUTIVAS;339147;OBRIG.TRIBUT.E CONTRIB-OP.INTRA-ORCAMENTARIAS;12;RECURSOS DEST.A MANUT.E DES.DO ENSINO;;;;;13,316.98;4,862.83;8,454.15;8,454.15
2015;154042;UNIVERSIDADE FEDERAL DO RIO GRANDE - FURG;12;EDUCACAO;368;EDUCACAO BASICA;2030;EDUCACAO BASICA;20RJ;APOIO A CAPACITACAO E FORMACAO INICIAL E CONTINUADA PARA A E;0004;EDUCACAO BASICA A DISTANCIA;12368203020RJ0001;087497;MCC62G22EDN;UAB - UAB TRADICIONAL;90;APLICACOES DIRETAS;3;DESPESAS CORRENTES;3;OUTRAS DESPESAS CORRENTES;14;DIARIAS - PESSOAL CIVIL;339014;DIARIAS - PESSOAL CIVIL;08;FUNDO SOCIAL-PARC.DEST.EDUCACAO PUBL.E SAUDE;;;;;140,000.00;20,000.00;120,000.00;100,000.00
2015;154042;UNIVERSIDADE FEDERAL DO RIO GRANDE - FURG;12;EDUCACAO;368;EDUCACAO BASICA;2030;EDUCACAO BASICA;20RJ;APOIO A CAPACITACAO E FORMACAO INICIAL E CONTINUADA PARA A E;0004;EDUCACAO BASICA A DISTANCIA;12368203020RJ0001;087497;MCC62G22EDN;UAB - UAB TRADICIONAL;90;APLICACOES DIRETAS;3;DESPESAS CORRENTES;3;OUTRAS DESPESAS CORRENTES;18;AUXILIO FINANCEIRO A ESTUDANTES;339018;AUXILIO FINANCEIRO A ESTUDANTES;08;FUNDO SOCIAL-PARC.DEST.EDUCACAO PUBL.E SAUDE;;;;;700,000.00;100,000.00;600,000.00;500,000.00
2015;154042;UNIVERSIDADE FEDERAL DO RIO GRANDE - FURG;12;EDUCACAO;368;EDUCACAO BASICA;2030;EDUCACAO BASICA;20RJ;APOIO A CAPACITACAO E FORMACAO INICIAL E CONTINUADA PARA A E;0004;EDUCACAO BASICA A DISTANCIA;12368203020RJ0001;087497;MCC62G22EDN;UAB - UAB TRADICIONAL;90;APLICACOES DIRETAS;3;DESPESAS CORRENTES;3;OUTRAS DESPESAS CORRENTES;30;MATERIAL DE CONSUMO;339030;MATERIAL DE CONSUMO;08;FUNDO SOCIAL-PARC.DEST.EDUCACAO PUBL.E SAUDE;;;;;15,646.40;2,235.20;13,411.20;11,176.00
2015;154042;UNIVERSIDADE FEDERAL DO RIO GRANDE - FURG;12;EDUCACAO;368;EDUCACAO BASICA;2030;EDUCACAO BASICA;20RJ;APOIO A CAPACITACAO E FORMACAO INICIAL E CONTINUADA PARA A E;0004;EDUCACAO BASICA A DISTANCIA;12368203020RJ0001;087497;MCC62G22EDN;UAB - UAB TRADICIONAL;90;APLICACOES DIRETAS;3;DESPESAS CORRENTES;3;OUTRAS DESPESAS CORRENTES;33;PASSAGENS E DESPESAS COM LOCOMOCAO;339033;PASSAGENS E DESPESAS COM LOCOMOCAO;08;FUNDO SOCIAL-PARC.DEST.EDUCACAO PUBL.E SAUDE;;;;;350,000.00;50,000.00;300,000.00;250,000.00
2015;154042;UNIVERSIDADE FEDERAL DO RIO GRANDE - FURG;12;EDUCACAO;368;EDUCACAO BASICA;2030;EDUCACAO BASICA;20RJ;APOIO A CAPACITACAO E FORMACAO INICIAL E CONTINUADA PARA A E;0004;EDUCACAO BASICA A DISTANCIA;12368203020RJ0001;087497;MCC62G22EDN;UAB - UAB TRADICIONAL;90;APLICACOES DIRETAS;3;DESPESAS CORRENTES;3;OUTRAS DESPESAS CORRENTES;36;OUTROS SERVICOS DE TERCEIROS - P.FISICA;339036;OUTROS SERVICOS DE TERCEIROS - PESSOA FISICA;08;FUNDO SOCIAL-PARC.DEST.EDUCACAO PUBL.E SAUDE;;;;;105,000.00;15,000.00;90,000.00;75,000.00
2015;154042;UNIVERSIDADE FEDERAL DO RIO GRANDE - FURG;12;EDUCACAO;368;EDUCACAO BASICA;2030;EDUCACAO BASICA;20RJ;APOIO A CAPACITACAO E FORMACAO INICIAL E CONTINUADA PARA A E;0004;EDUCACAO BASICA A DISTANCIA;12368203020RJ0001;087497;MCC62G22EDN;UAB - UAB TRADICIONAL;90;APLICACOES DIRETAS;3;DESPESAS CORRENTES;3;OUTRAS DESPESAS CORRENTES;39;OUTROS SERVICOS DE TERCEIROS PJ - OP.INT.ORC.;339039;OUTROS SERVICOS DE TERCEIROS - PESSOA JURIDICA;08;FUNDO SOCIAL-PARC.DEST.EDUCACAO PUBL.E SAUDE;;;;;290,034.08;41,433.44;248,600.64;207,167.20
2015;154043;FUNDACAO UNIVERSIDADE FEDERAL DE UBERLANDIA;12;EDUCACAO;364;ENSINO SUPERIOR;2032;EDUCACAO SUPERIOR - GRADUACAO, POS-GRADUACAO, ENSINO, PESQUI;0487;CONCESSAO DE BOLSAS DE ESTUDO NO ENSINO SUPERIOR;0002;CONCESSAO DE BOLSAS DE ESTUDOS NO PAIS;12364203204870001;087493;OCCCUO9414N;BF SUPERIOR - PROAP;90;APLICACOES DIRETAS;3;DESPESAS CORRENTES;3;OUTRAS DESPESAS CORRENTES;14;DIARIAS - PESSOAL CIVIL;339014;DIARIAS - PESSOAL CIVIL;12;RECURSOS DEST.A MANUT.E DES.DO ENSINO;;;;;986,751.00;619,290.21;367,460.79;350,009.88
2015;154043;FUNDACAO UNIVERSIDADE FEDERAL DE UBERLANDIA;12;EDUCACAO;364;ENSINO SUPERIOR;2032;EDUCACAO SUPERIOR - GRADUACAO, POS-GRADUACAO, ENSINO, PESQUI;0487;CONCESSAO DE BOLSAS DE ESTUDO NO ENSINO SUPERIOR;0002;CONCESSAO DE BOLSAS DE ESTUDOS NO PAIS;12364203204870001;087493;OCCCUO9414N;BF SUPERIOR - PROAP;90;APLICACOES DIRETAS;3;DESPESAS CORRENTES;3;OUTRAS DESPESAS CORRENTES;30;MATERIAL DE CONSUMO;339030;MATERIAL DE CONSUMO;12;RECURSOS DEST.A MANUT.E DES.DO ENSINO;;;;;120,676.18;12,475.59;5,432.92;120.00
2015;154043;FUNDACAO UNIVERSIDADE FEDERAL DE UBERLANDIA;12;EDUCACAO;364;ENSINO SUPERIOR;2032;EDUCACAO SUPERIOR - GRADUACAO, POS-GRADUACAO, ENSINO, PESQUI;0487;CONCESSAO DE BOLSAS DE ESTUDO NO ENSINO SUPERIOR;0002;CONCESSAO DE BOLSAS DE ESTUDOS NO PAIS;12364203204870001;087493;OCCCUO9414N;BF SUPERIOR - PROAP;90;APLICACOES DIRETAS;3;DESPESAS CORRENTES;3;OUTRAS DESPESAS CORRENTES;33;PASSAGENS E DESPESAS COM LOCOMOCAO;339033;PASSAGENS E DESPESAS COM LOCOMOCAO;12;RECURSOS DEST.A MANUT.E DES.DO ENSINO;;;;;2,273,270.94;835,899.93;658,777.05;219,895.86
2015;154043;FUNDACAO UNIVERSIDADE FEDERAL DE UBERLANDIA;12;EDUCACAO;364;ENSINO SUPERIOR;2032;EDUCACAO SUPERIOR - GRADUACAO, POS-GRADUACAO, ENSINO, PESQUI;0487;CONCESSAO DE BOLSAS DE ESTUDO NO ENSINO SUPERIOR;0002;CONCESSAO DE BOLSAS DE ESTUDOS NO PAIS;12364203204870001;087493;OCCCUO9414N;BF SUPERIOR - PROAP;90;APLICACOES DIRETAS;3;DESPESAS CORRENTES;3;OUTRAS DESPESAS CORRENTES;36;OUTROS SERVICOS DE TERCEIROS - P.FISICA;339036;OUTROS SERVICOS DE TERCEIROS - PESSOA FISICA;12;RECURSOS DEST.A MANUT.E DES.DO ENSINO;;;;;356,136.96;61,489.20;287,897.76;272,906.26
2015;154043;FUNDACAO UNIVERSIDADE FEDERAL DE UBERLANDIA;12;EDUCACAO;364;ENSINO SUPERIOR;2032;EDUCACAO SUPERIOR - GRADUACAO, POS-GRADUACAO, ENSINO, PESQUI;0487;CONCESSAO DE BOLSAS DE ESTUDO NO ENSINO SUPERIOR;0002;CONCESSAO DE BOLSAS DE ESTUDOS NO PAIS;12364203204870001;087493;OCCCUO9414N;BF SUPERIOR - PROAP;90;APLICACOES DIRETAS;3;DESPESAS CORRENTES;3;OUTRAS DESPESAS CORRENTES;39;OUTROS SERVICOS DE TERCEIROS PJ - OP.INT.ORC.;339039;OUTROS SERVICOS DE TERCEIROS - PESSOA JURIDICA;12;RECURSOS DEST.A MANUT.E DES.DO ENSINO;;;;;478,983.00;103,384.74;176,343.15;86,427.20
2015;154043;FUNDACAO UNIVERSIDADE FEDERAL DE UBERLANDIA;12;EDUCACAO;364;ENSINO SUPERIOR;2032;EDUCACAO SUPERIOR - GRADUACAO, POS-GRADUACAO, ENSINO, PESQUI;0487;CONCESSAO DE BOLSAS DE ESTUDO NO ENSINO SUPERIOR;0002;CONCESSAO DE BOLSAS DE ESTUDOS NO PAIS;12364203204870001;087493;OCCCUO9414N;BF SUPERIOR - PROAP;90;APLICACOES DIRETAS;3;DESPESAS CORRENTES;3;OUTRAS DESPESAS CORRENTES;92;DESPESAS DE EXERCICIOS ANTERIORES;339092;DESPESAS DE EXERCICIOS ANTERIORES;12;RECURSOS DEST.A MANUT.E DES.DO ENSINO;;;;;6,328.38;0.00;6,328.38;5,576.04
2015;154043;FUNDACAO UNIVERSIDADE FEDERAL DE UBERLANDIA;12;EDUCACAO;364;ENSINO SUPERIOR;2032;EDUCACAO SUPERIOR - GRADUACAO, POS-GRADUACAO, ENSINO, PESQUI;0487;CONCESSAO DE BOLSAS DE ESTUDO NO ENSINO SUPERIOR;0002;CONCESSAO DE BOLSAS DE ESTUDOS NO PAIS;12364203204870001;087493;OCCCUO9414N;BF SUPERIOR - PROAP;90;APLICACOES DIRETAS;3;DESPESAS CORRENTES;3;OUTRAS DESPESAS CORRENTES;93;INDENIZACOES E RESTITUICOES;339093;INDENIZACOES E RESTITUICOES;12;RECURSOS DEST.A MANUT.E DES.DO ENSINO;;;;;83,581.16;11,979.11;62,306.85;51,532.96
2015;154043;FUNDACAO UNIVERSIDADE FEDERAL DE UBERLANDIA;12;EDUCACAO;368;EDUCACAO BASICA;2030;EDUCACAO BASICA;20RJ;APOIO A CAPACITACAO E FORMACAO INICIAL E CONTINUADA PARA A E;0004;EDUCACAO BASICA A DISTANCIA;12368203020RJ0001;087497;MCC62G22EDN;UAB - UAB TRADICIONAL;90;APLICACOES DIRETAS;3;DESPESAS CORRENTES;3;OUTRAS DESPESAS CORRENTES;33;PASSAGENS E DESPESAS COM LOCOMOCAO;339033;PASSAGENS E DESPESAS COM LOCOMOCAO;08;FUNDO SOCIAL-PARC.DEST.EDUCACAO PUBL.E SAUDE;;;;;454,250.00;181,700.00;;
2015;154043;FUNDACAO UNIVERSIDADE FEDERAL DE UBERLANDIA;12;EDUCACAO;368;EDUCACAO BASICA;2030;EDUCACAO BASICA;20RJ;APOIO A CAPACITACAO E FORMACAO INICIAL E CONTINUADA PARA A E;0004;EDUCACAO BASICA A DISTANCIA;12368203020RJ0001;087497;MCC62G22EDN;UAB - UAB TRADICIONAL;90;APLICACOES DIRETAS;3;DESPESAS CORRENTES;3;OUTRAS DESPESAS CORRENTES;39;OUTROS SERVICOS DE TERCEIROS PJ - OP.INT.ORC.;339039;OUTROS SERVICOS DE TERCEIROS - PESSOA JURIDICA;08;FUNDO SOCIAL-PARC.DEST.EDUCACAO PUBL.E SAUDE;;;;;413,212.10;164,084.84;;
2015;154044;FUNDACAO UNIVERSIDADE FEDERAL DO ACRE;12;EDUCACAO;364;ENSINO SUPERIOR;2032;EDUCACAO SUPERIOR - GRADUACAO, POS-GRADUACAO, ENSINO, PESQUI;0487;CONCESSAO DE BOLSAS DE ESTUDO NO ENSINO SUPERIOR;0002;CONCESSAO DE BOLSAS DE ESTUDOS NO PAIS;12364203204870001;087493;OCCCUO9414N;BF SUPERIOR - PROAP;90;APLICACOES DIRETAS;3;DESPESAS CORRENTES;3;OUTRAS DESPESAS CORRENTES;14;DIARIAS - PESSOAL CIVIL;339014;DIARIAS - PESSOAL CIVIL;12;RECURSOS DEST.A MANUT.E DES.DO ENSINO;;;;;16,179.50;4,444.10;11,735.40;10,496.40
2015;154044;FUNDACAO UNIVERSIDADE FEDERAL DO ACRE;12;EDUCACAO;364;ENSINO SUPERIOR;2032;EDUCACAO SUPERIOR - GRADUACAO, POS-GRADUACAO, ENSINO, PESQUI;0487;CONCESSAO DE BOLSAS DE ESTUDO NO ENSINO SUPERIOR;0002;CONCESSAO DE BOLSAS DE ESTUDOS NO PAIS;12364203204870001;087493;OCCCUO9414N;BF SUPERIOR - PROAP;90;APLICACOES DIRETAS;3;DESPESAS CORRENTES;3;OUTRAS DESPESAS CORRENTES;18;AUXILIO FINANCEIRO A ESTUDANTES;339018;AUXILIO FINANCEIRO A ESTUDANTES;12;RECURSOS DEST.A MANUT.E DES.DO ENSINO;;;;;4,000.00;0.00;4,000.00;2,400.00
2015;154044;FUNDACAO UNIVERSIDADE FEDERAL DO ACRE;12;EDUCACAO;364;ENSINO SUPERIOR;2032;EDUCACAO SUPERIOR - GRADUACAO, POS-GRADUACAO, ENSINO, PESQUI;0487;CONCESSAO DE BOLSAS DE ESTUDO NO ENSINO SUPERIOR;0002;CONCESSAO DE BOLSAS DE ESTUDOS NO PAIS;12364203204870001;087493;OCCCUO9414N;BF SUPERIOR - PROAP;90;APLICACOES DIRETAS;3;DESPESAS CORRENTES;3;OUTRAS DESPESAS CORRENTES;20;AUXILIO FINANCEIRO A PESQUISADORES;339020;AUXILIO FINANCEIRO A PESQUISADORES;12;RECURSOS DEST.A MANUT.E DES.DO ENSINO;;;;;313,922.70;79,999.20;113,924.70;68,354.82
2015;154044;FUNDACAO UNIVERSIDADE FEDERAL DO ACRE;12;EDUCACAO;364;ENSINO SUPERIOR;2032;EDUCACAO SUPERIOR - GRADUACAO, POS-GRADUACAO, ENSINO, PESQUI;0487;CONCESSAO DE BOLSAS DE ESTUDO NO ENSINO SUPERIOR;0002;CONCESSAO DE BOLSAS DE ESTUDOS NO PAIS;12364203204870001;087493;OCCCUO9414N;BF SUPERIOR - PROAP;90;APLICACOES DIRETAS;3;DESPESAS CORRENTES;3;OUTRAS DESPESAS CORRENTES;33;PASSAGENS E DESPESAS COM LOCOMOCAO;339033;PASSAGENS E DESPESAS COM LOCOMOCAO;12;RECURSOS DEST.A MANUT.E DES.DO ENSINO;;;;;195,683.62;144,761.17;50,784.78;38,747.91
2015;154044;FUNDACAO UNIVERSIDADE FEDERAL DO ACRE;12;EDUCACAO;368;EDUCACAO BASICA;2030;EDUCACAO BASICA;20RJ;APOIO A CAPACITACAO E FORMACAO INICIAL E CONTINUADA PARA A E;0003;EDUCACAO BASICA PRESENCIAL;12368203020RJ0001;087496;PCC92B5801N;PARFOR - PARFOR;90;APLICACOES DIRETAS;3;DESPESAS CORRENTES;3;OUTRAS DESPESAS CORRENTES;14;DIARIAS - PESSOAL CIVIL;339014;DIARIAS - PESSOAL CIVIL;08;FUNDO SOCIAL-PARC.DEST.EDUCACAO PUBL.E SAUDE;;;;;1,976,928.74;380,905.99;1,596,022.75;1,426,354.45
2015;154044;FUNDACAO UNIVERSIDADE FEDERAL DO ACRE;12;EDUCACAO;368;EDUCACAO BASICA;2030;EDUCACAO BASICA;20RJ;APOIO A CAPACITACAO E FORMACAO INICIAL E CONTINUADA PARA A E;0003;EDUCACAO BASICA PRESENCIAL;12368203020RJ0001;087496;PCC92B5801N;PARFOR - PARFOR;90;APLICACOES DIRETAS;3;DESPESAS CORRENTES;3;OUTRAS DESPESAS CORRENTES;30;MATERIAL DE CONSUMO;339030;MATERIAL DE CONSUMO;08;FUNDO SOCIAL-PARC.DEST.EDUCACAO PUBL.E SAUDE;;;;;40,000.00;10,000.00;;
2015;154044;FUNDACAO UNIVERSIDADE FEDERAL DO ACRE;12;EDUCACAO;368;EDUCACAO BASICA;2030;EDUCACAO BASICA;20RJ;APOIO A CAPACITACAO E FORMACAO INICIAL E CONTINUADA PARA A E;0003;EDUCACAO BASICA PRESENCIAL;12368203020RJ0001;087496;PCC92B5801N;PARFOR - PARFOR;90;APLICACOES DIRETAS;3;DESPESAS CORRENTES;3;OUTRAS DESPESAS CORRENTES;33;PASSAGENS E DESPESAS COM LOCOMOCAO;339033;PASSAGENS E DESPESAS COM LOCOMOCAO;08;FUNDO SOCIAL-PARC.DEST.EDUCACAO PUBL.E SAUDE;;;;;200,208.28;96,076.85;104,131.43;82,654.18
2015;154044;FUNDACAO UNIVERSIDADE FEDERAL DO ACRE;12;EDUCACAO;368;EDUCACAO BASICA;2030;EDUCACAO BASICA;20RJ;APOIO A CAPACITACAO E FORMACAO INICIAL E CONTINUADA PARA A E;0003;EDUCACAO BASICA PRESENCIAL;12368203020RJ0001;087496;PCC92B5801N;PARFOR - PARFOR;90;APLICACOES DIRETAS;3;DESPESAS CORRENTES;3;OUTRAS DESPESAS CORRENTES;36;OUTROS SERVICOS DE TERCEIROS - P.FISICA;339036;OUTROS SERVICOS DE TERCEIROS - PESSOA FISICA;08;FUNDO SOCIAL-PARC.DEST.EDUCACAO PUBL.E SAUDE;;;;;259,066.70;60,912.70;198,154.00;168,854.00
2015;154044;FUNDACAO UNIVERSIDADE FEDERAL DO ACRE;12;EDUCACAO;368;EDUCACAO BASICA;2030;EDUCACAO BASICA;20RJ;APOIO A CAPACITACAO E FORMACAO INICIAL E CONTINUADA PARA A E;0003;EDUCACAO BASICA PRESENCIAL;12368203020RJ0001;087496;PCC92B5801N;PARFOR - PARFOR;90;APLICACOES DIRETAS;3;DESPESAS CORRENTES;3;OUTRAS DESPESAS CORRENTES;39;OUTROS SERVICOS DE TERCEIROS PJ - OP.INT.ORC.;339039;OUTROS SERVICOS DE TERCEIROS - PESSOA JURIDICA;08;FUNDO SOCIAL-PARC.DEST.EDUCACAO PUBL.E SAUDE;;;;;1,522,364.65;370,241.83;804,133.74;778,096.90
2015;154045;FUNDACAO UNIVERSIDADE FEDERAL DE MATO GROSSO;12;EDUCACAO;364;ENSINO SUPERIOR;2032;EDUCACAO SUPERIOR - GRADUACAO, POS-GRADUACAO, ENSINO, PESQUI;0487;CONCESSAO DE BOLSAS DE ESTUDO NO ENSINO SUPERIOR;0002;CONCESSAO DE BOLSAS DE ESTUDOS NO PAIS;12364203204870001;087493;OCCCUO9414N;BF SUPERIOR - PROAP;90;APLICACOES DIRETAS;3;DESPESAS CORRENTES;3;OUTRAS DESPESAS CORRENTES;14;DIARIAS - PESSOAL CIVIL;339014;DIARIAS - PESSOAL CIVIL;12;RECURSOS DEST.A MANUT.E DES.DO ENSINO;;;;;5,235,555.63;3,291,032.94;1,944,522.69;1,597,796.92
2015;154045;FUNDACAO UNIVERSIDADE FEDERAL DE MATO GROSSO;12;EDUCACAO;364;ENSINO SUPERIOR;2032;EDUCACAO SUPERIOR - GRADUACAO, POS-GRADUACAO, ENSINO, PESQUI;0487;CONCESSAO DE BOLSAS DE ESTUDO NO ENSINO SUPERIOR;0002;CONCESSAO DE BOLSAS DE ESTUDOS NO PAIS;12364203204870001;087493;OCCCUO9414N;BF SUPERIOR - PROAP;90;APLICACOES DIRETAS;3;DESPESAS CORRENTES;3;OUTRAS DESPESAS CORRENTES;18;AUXILIO FINANCEIRO A ESTUDANTES;339018;AUXILIO FINANCEIRO A ESTUDANTES;12;RECURSOS DEST.A MANUT.E DES.DO ENSINO;;;;;1,205,304.41;143,407.00;1,061,897.41;951,124.90
2015;154045;FUNDACAO UNIVERSIDADE FEDERAL DE MATO GROSSO;12;EDUCACAO;364;ENSINO SUPERIOR;2032;EDUCACAO SUPERIOR - GRADUACAO, POS-GRADUACAO, ENSINO, PESQUI;0487;CONCESSAO DE BOLSAS DE ESTUDO NO ENSINO SUPERIOR;0002;CONCESSAO DE BOLSAS DE ESTUDOS NO PAIS;12364203204870001;087493;OCCCUO9414N;BF SUPERIOR - PROAP;90;APLICACOES DIRETAS;3;DESPESAS CORRENTES;3;OUTRAS DESPESAS CORRENTES;30;MATERIAL DE CONSUMO;339030;MATERIAL DE CONSUMO;12;RECURSOS DEST.A MANUT.E DES.DO ENSINO;;;;;696,618.28;183,124.57;52,806.75;34,866.75
2015;154045;FUNDACAO UNIVERSIDADE FEDERAL DE MATO GROSSO;12;EDUCACAO;364;ENSINO SUPERIOR;2032;EDUCACAO SUPERIOR - GRADUACAO, POS-GRADUACAO, ENSINO, PESQUI;0487;CONCESSAO DE BOLSAS DE ESTUDO NO ENSINO SUPERIOR;0002;CONCESSAO DE BOLSAS DE ESTUDOS NO PAIS;12364203204870001;087493;OCCCUO9414N;BF SUPERIOR - PROAP;90;APLICACOES DIRETAS;3;DESPESAS CORRENTES;3;OUTRAS DESPESAS CORRENTES;33;PASSAGENS E DESPESAS COM LOCOMOCAO;339033;PASSAGENS E DESPESAS COM LOCOMOCAO;12;RECURSOS DEST.A MANUT.E DES.DO ENSINO;;;;;3,982,219.43;2,912,262.11;1,069,957.32;832,752.42
2015;154045;FUNDACAO UNIVERSIDADE FEDERAL DE MATO GROSSO;12;EDUCACAO;364;ENSINO SUPERIOR;2032;EDUCACAO SUPERIOR - GRADUACAO, POS-GRADUACAO, ENSINO, PESQUI;0487;CONCESSAO DE BOLSAS DE ESTUDO NO ENSINO SUPERIOR;0002;CONCESSAO DE BOLSAS DE ESTUDOS NO PAIS;12364203204870001;087493;OCCCUO9414N;BF SUPERIOR - PROAP;90;APLICACOES DIRETAS;3;DESPESAS CORRENTES;3;OUTRAS DESPESAS CORRENTES;36;OUTROS SERVICOS DE TERCEIROS - P.FISICA;339036;OUTROS SERVICOS DE TERCEIROS - PESSOA FISICA;12;RECURSOS DEST.A MANUT.E DES.DO ENSINO;;;;;1,295,867.10;755,719.90;540,147.20;466,952.60
2015;154045;FUNDACAO UNIVERSIDADE FEDERAL DE MATO GROSSO;12;EDUCACAO;364;ENSINO SUPERIOR;2032;EDUCACAO SUPERIOR - GRADUACAO, POS-GRADUACAO, ENSINO, PESQUI;0487;CONCESSAO DE BOLSAS DE ESTUDO NO ENSINO SUPERIOR;0002;CONCESSAO DE BOLSAS DE ESTUDOS NO PAIS;12364203204870001;087493;OCCCUO9414N;BF SUPERIOR - PROAP;90;APLICACOES DIRETAS;3;DESPESAS CORRENTES;3;OUTRAS DESPESAS CORRENTES;39;OUTROS SERVICOS DE TERCEIROS PJ - OP.INT.ORC.;339039;OUTROS SERVICOS DE TERCEIROS - PESSOA JURIDICA;12;RECURSOS DEST.A MANUT.E DES.DO ENSINO;;;;;4,048,900.84;1,312,228.87;6,885.00;6,885.00
2015;154046;UNIVERSIDADE FEDERAL DE OURO PRETO;12;EDUCACAO;364;ENSINO SUPERIOR;2032;EDUCACAO SUPERIOR - GRADUACAO, POS-GRADUACAO, ENSINO, PESQUI;0487;CONCESSAO DE BOLSAS DE ESTUDO NO ENSINO SUPERIOR;0002;CONCESSAO DE BOLSAS DE ESTUDOS NO PAIS;12364203204870001;087493;OCCCUO9414N;BF SUPERIOR - PROAP;90;APLICACOES DIRETAS;3;DESPESAS CORRENTES;3;OUTRAS DESPESAS CORRENTES;14;DIARIAS - PESSOAL CIVIL;339014;DIARIAS - PESSOAL CIVIL;12;RECURSOS DEST.A MANUT.E DES.DO ENSINO;;;;;161,520.10;69,195.95;92,324.15;92,324.15
2015;154046;UNIVERSIDADE FEDERAL DE OURO PRETO;12;EDUCACAO;364;ENSINO SUPERIOR;2032;EDUCACAO SUPERIOR - GRADUACAO, POS-GRADUACAO, ENSINO, PESQUI;0487;CONCESSAO DE BOLSAS DE ESTUDO NO ENSINO SUPERIOR;0002;CONCESSAO DE BOLSAS DE ESTUDOS NO PAIS;12364203204870001;087493;OCCCUO9414N;BF SUPERIOR - PROAP;90;APLICACOES DIRETAS;3;DESPESAS CORRENTES;3;OUTRAS DESPESAS CORRENTES;18;AUXILIO FINANCEIRO A ESTUDANTES;339018;AUXILIO FINANCEIRO A ESTUDANTES;12;RECURSOS DEST.A MANUT.E DES.DO ENSINO;;;;;26,695.16;3,967.40;;
2015;154046;UNIVERSIDADE FEDERAL DE OURO PRETO;12;EDUCACAO;364;ENSINO SUPERIOR;2032;EDUCACAO SUPERIOR - GRADUACAO, POS-GRADUACAO, ENSINO, PESQUI;0487;CONCESSAO DE BOLSAS DE ESTUDO NO ENSINO SUPERIOR;0002;CONCESSAO DE BOLSAS DE ESTUDOS NO PAIS;12364203204870001;087493;OCCCUO9414N;BF SUPERIOR - PROAP;90;APLICACOES DIRETAS;3;DESPESAS CORRENTES;3;OUTRAS DESPESAS CORRENTES;30;MATERIAL DE CONSUMO;339030;MATERIAL DE CONSUMO;12;RECURSOS DEST.A MANUT.E DES.DO ENSINO;;;;;388,791.30;94,539.56;221,417.02;116,120.27
2015;154046;UNIVERSIDADE FEDERAL DE OURO PRETO;12;EDUCACAO;364;ENSINO SUPERIOR;2032;EDUCACAO SUPERIOR - GRADUACAO, POS-GRADUACAO, ENSINO, PESQUI;0487;CONCESSAO DE BOLSAS DE ESTUDO NO ENSINO SUPERIOR;0002;CONCESSAO DE BOLSAS DE ESTUDOS NO PAIS;12364203204870001;087493;OCCCUO9414N;BF SUPERIOR - PROAP;90;APLICACOES DIRETAS;3;DESPESAS CORRENTES;3;OUTRAS DESPESAS CORRENTES;33;PASSAGENS E DESPESAS COM LOCOMOCAO;339033;PASSAGENS E DESPESAS COM LOCOMOCAO;12;RECURSOS DEST.A MANUT.E DES.DO ENSINO;;;;;718,396.64;99,542.94;588,853.70;439,666.99
2015;154046;UNIVERSIDADE FEDERAL DE OURO PRETO;12;EDUCACAO;364;ENSINO SUPERIOR;2032;EDUCACAO SUPERIOR - GRADUACAO, POS-GRADUACAO, ENSINO, PESQUI;0487;CONCESSAO DE BOLSAS DE ESTUDO NO ENSINO SUPERIOR;0002;CONCESSAO DE BOLSAS DE ESTUDOS NO PAIS;12364203204870001;087493;OCCCUO9414N;BF SUPERIOR - PROAP;90;APLICACOES DIRETAS;3;DESPESAS CORRENTES;3;OUTRAS DESPESAS CORRENTES;36;OUTROS SERVICOS DE TERCEIROS - P.FISICA;339036;OUTROS SERVICOS DE TERCEIROS - PESSOA FISICA;12;RECURSOS DEST.A MANUT.E DES.DO ENSINO;;;;;4,982.00;0.00;4,982.00;4,982.00
2015;154046;UNIVERSIDADE FEDERAL DE OURO PRETO;12;EDUCACAO;364;ENSINO SUPERIOR;2032;EDUCACAO SUPERIOR - GRADUACAO, POS-GRADUACAO, ENSINO, PESQUI;0487;CONCESSAO DE BOLSAS DE ESTUDO NO ENSINO SUPERIOR;0002;CONCESSAO DE BOLSAS DE ESTUDOS NO PAIS;12364203204870001;087493;OCCCUO9414N;BF SUPERIOR - PROAP;90;APLICACOES DIRETAS;3;DESPESAS CORRENTES;3;OUTRAS DESPESAS CORRENTES;39;OUTROS SERVICOS DE TERCEIROS PJ - OP.INT.ORC.;339039;OUTROS SERVICOS DE TERCEIROS - PESSOA JURIDICA;12;RECURSOS DEST.A MANUT.E DES.DO ENSINO;;;;;373,589.24;44,109.69;297,908.48;221,478.48
2015;154046;UNIVERSIDADE FEDERAL DE OURO PRETO;12;EDUCACAO;368;EDUCACAO BASICA;2030;EDUCACAO BASICA;20RJ;APOIO A CAPACITACAO E FORMACAO INICIAL E CONTINUADA PARA A E;0004;EDUCACAO BASICA A DISTANCIA;12368203020RJ0001;087497;MCC62G22EDN;UAB - UAB TRADICIONAL;90;APLICACOES DIRETAS;3;DESPESAS CORRENTES;3;OUTRAS DESPESAS CORRENTES;14;DIARIAS - PESSOAL CIVIL;339014;DIARIAS - PESSOAL CIVIL;08;FUNDO SOCIAL-PARC.DEST.EDUCACAO PUBL.E SAUDE;;;;;314,612.46;274,862.80;39,749.66;39,660.41
2015;154046;UNIVERSIDADE FEDERAL DE OURO PRETO;12;EDUCACAO;368;EDUCACAO BASICA;2030;EDUCACAO BASICA;20RJ;APOIO A CAPACITACAO E FORMACAO INICIAL E CONTINUADA PARA A E;0004;EDUCACAO BASICA A DISTANCIA;12368203020RJ0001;087497;MCC62G22EDN;UAB - UAB TRADICIONAL;90;APLICACOES DIRETAS;3;DESPESAS CORRENTES;3;OUTRAS DESPESAS CORRENTES;33;PASSAGENS E DESPESAS COM LOCOMOCAO;339033;PASSAGENS E DESPESAS COM LOCOMOCAO;08;FUNDO SOCIAL-PARC.DEST.EDUCACAO PUBL.E SAUDE;;;;;276,138.32;62,138.86;213,999.46;167,174.92
2015;154046;UNIVERSIDADE FEDERAL DE OURO PRETO;12;EDUCACAO;368;EDUCACAO BASICA;2030;EDUCACAO BASICA;20RJ;APOIO A CAPACITACAO E FORMACAO INICIAL E CONTINUADA PARA A E;0004;EDUCACAO BASICA A DISTANCIA;12368203020RJ0001;087497;MCC62G22EDN;UAB - UAB TRADICIONAL;90;APLICACOES DIRETAS;3;DESPESAS CORRENTES;3;OUTRAS DESPESAS CORRENTES;39;OUTROS SERVICOS DE TERCEIROS PJ - OP.INT.ORC.;339039;OUTROS SERVICOS DE TERCEIROS - PESSOA JURIDICA;08;FUNDO SOCIAL-PARC.DEST.EDUCACAO PUBL.E SAUDE;;;;;2,775,999.06;72,915.98;2,664,774.91;2,201,956.25
2015;154047;FUNDACAO UNIVERSIDADE FEDERAL DE PELOTAS;12;EDUCACAO;364;ENSINO SUPERIOR;2032;EDUCACAO SUPERIOR - GRADUACAO, POS-GRADUACAO, ENSINO, PESQUI;0487;CONCESSAO DE BOLSAS DE ESTUDO NO ENSINO SUPERIOR;0002;CONCESSAO DE BOLSAS DE ESTUDOS NO PAIS;12364203204870001;087493;OCCCUO9414N;BF SUPERIOR - PROAP;90;APLICACOES DIRETAS;3;DESPESAS CORRENTES;3;OUTRAS DESPESAS CORRENTES;14;DIARIAS - PESSOAL CIVIL;339014;DIARIAS - PESSOAL CIVIL;12;RECURSOS DEST.A MANUT.E DES.DO ENSINO;;;;;579,959.51;328,597.77;251,361.74;223,641.88
2015;154047;FUNDACAO UNIVERSIDADE FEDERAL DE PELOTAS;12;EDUCACAO;364;ENSINO SUPERIOR;2032;EDUCACAO SUPERIOR - GRADUACAO, POS-GRADUACAO, ENSINO, PESQUI;0487;CONCESSAO DE BOLSAS DE ESTUDO NO ENSINO SUPERIOR;0002;CONCESSAO DE BOLSAS DE ESTUDOS NO PAIS;12364203204870001;087493;OCCCUO9414N;BF SUPERIOR - PROAP;90;APLICACOES DIRETAS;3;DESPESAS CORRENTES;3;OUTRAS DESPESAS CORRENTES;18;AUXILIO FINANCEIRO A ESTUDANTES;339018;AUXILIO FINANCEIRO A ESTUDANTES;12;RECURSOS DEST.A MANUT.E DES.DO ENSINO;;;;;2,914,467.26;1,020,153.65;1,305,705.36;585,071.80
2015;154047;FUNDACAO UNIVERSIDADE FEDERAL DE PELOTAS;12;EDUCACAO;364;ENSINO SUPERIOR;2032;EDUCACAO SUPERIOR - GRADUACAO, POS-GRADUACAO, ENSINO, PESQUI;0487;CONCESSAO DE BOLSAS DE ESTUDO NO ENSINO SUPERIOR;0002;CONCESSAO DE BOLSAS DE ESTUDOS NO PAIS;12364203204870001;087493;OCCCUO9414N;BF SUPERIOR - PROAP;90;APLICACOES DIRETAS;3;DESPESAS CORRENTES;3;OUTRAS DESPESAS CORRENTES;30;MATERIAL DE CONSUMO;339030;MATERIAL DE CONSUMO;12;RECURSOS DEST.A MANUT.E DES.DO ENSINO;;;;;594,153.05;219,957.07;222,163.03;1,379.20
2015;154047;FUNDACAO UNIVERSIDADE FEDERAL DE PELOTAS;12;EDUCACAO;364;ENSINO SUPERIOR;2032;EDUCACAO SUPERIOR - GRADUACAO, POS-GRADUACAO, ENSINO, PESQUI;0487;CONCESSAO DE BOLSAS DE ESTUDO NO ENSINO SUPERIOR;0002;CONCESSAO DE BOLSAS DE ESTUDOS NO PAIS;12364203204870001;087493;OCCCUO9414N;BF SUPERIOR - PROAP;90;APLICACOES DIRETAS;3;DESPESAS CORRENTES;3;OUTRAS DESPESAS CORRENTES;33;PASSAGENS E DESPESAS COM LOCOMOCAO;339033;PASSAGENS E DESPESAS COM LOCOMOCAO;12;RECURSOS DEST.A MANUT.E DES.DO ENSINO;;;;;538,876.69;220,612.59;302,535.07;54,856.34
2015;154047;FUNDACAO UNIVERSIDADE FEDERAL DE PELOTAS;12;EDUCACAO;364;ENSINO SUPERIOR;2032;EDUCACAO SUPERIOR - GRADUACAO, POS-GRADUACAO, ENSINO, PESQUI;0487;CONCESSAO DE BOLSAS DE ESTUDO NO ENSINO SUPERIOR;0002;CONCESSAO DE BOLSAS DE ESTUDOS NO PAIS;12364203204870001;087493;OCCCUO9414N;BF SUPERIOR - PROAP;90;APLICACOES DIRETAS;3;DESPESAS CORRENTES;3;OUTRAS DESPESAS CORRENTES;36;OUTROS SERVICOS DE TERCEIROS - P.FISICA;339036;OUTROS SERVICOS DE TERCEIROS - PESSOA FISICA;12;RECURSOS DEST.A MANUT.E DES.DO ENSINO;;;;;66,378.70;26,172.40;40,206.30;35,803.70
2015;154047;FUNDACAO UNIVERSIDADE FEDERAL DE PELOTAS;12;EDUCACAO;364;ENSINO SUPERIOR;2032;EDUCACAO SUPERIOR - GRADUACAO, POS-GRADUACAO, ENSINO, PESQUI;0487;CONCESSAO DE BOLSAS DE ESTUDO NO ENSINO SUPERIOR;0002;CONCESSAO DE BOLSAS DE ESTUDOS NO PAIS;12364203204870001;087493;OCCCUO9414N;BF SUPERIOR - PROAP;90;APLICACOES DIRETAS;3;DESPESAS CORRENTES;3;OUTRAS DESPESAS CORRENTES;39;OUTROS SERVICOS DE TERCEIROS PJ - OP.INT.ORC.;339039;OUTROS SERVICOS DE TERCEIROS - PESSOA JURIDICA;12;RECURSOS DEST.A MANUT.E DES.DO ENSINO;;;;;2,500.00;1,000.00;;
2015;154048;FUNDACAO UNIVERSIDADE FEDERAL DO PIAUI;12;EDUCACAO;364;ENSINO SUPERIOR;2032;EDUCACAO SUPERIOR - GRADUACAO, POS-GRADUACAO, ENSINO, PESQUI;0487;CONCESSAO DE BOLSAS DE ESTUDO NO ENSINO SUPERIOR;0002;CONCESSAO DE BOLSAS DE ESTUDOS NO PAIS;12364203204870001;087493;OCCCUO9414N;BF SUPERIOR - PROAP;90;APLICACOES DIRETAS;3;DESPESAS CORRENTES;3;OUTRAS DESPESAS CORRENTES;14;DIARIAS - PESSOAL CIVIL;339014;DIARIAS - PESSOAL CIVIL;12;RECURSOS DEST.A MANUT.E DES.DO ENSINO;;;;;2,841,107.14;2,013,988.85;827,118.29;793,270.80
2015;154048;FUNDACAO UNIVERSIDADE FEDERAL DO PIAUI;12;EDUCACAO;364;ENSINO SUPERIOR;2032;EDUCACAO SUPERIOR - GRADUACAO, POS-GRADUACAO, ENSINO, PESQUI;0487;CONCESSAO DE BOLSAS DE ESTUDO NO ENSINO SUPERIOR;0002;CONCESSAO DE BOLSAS DE ESTUDOS NO PAIS;12364203204870001;087493;OCCCUO9414N;BF SUPERIOR - PROAP;90;APLICACOES DIRETAS;3;DESPESAS CORRENTES;3;OUTRAS DESPESAS CORRENTES;18;AUXILIO FINANCEIRO A ESTUDANTES;339018;AUXILIO FINANCEIRO A ESTUDANTES;12;RECURSOS DEST.A MANUT.E DES.DO ENSINO;;;;;1,250,000.00;756,055.00;339,745.00;287,045.00
2015;154048;FUNDACAO UNIVERSIDADE FEDERAL DO PIAUI;12;EDUCACAO;364;ENSINO SUPERIOR;2032;EDUCACAO SUPERIOR - GRADUACAO, POS-GRADUACAO, ENSINO, PESQUI;0487;CONCESSAO DE BOLSAS DE ESTUDO NO ENSINO SUPERIOR;0002;CONCESSAO DE BOLSAS DE ESTUDOS NO PAIS;12364203204870001;087493;OCCCUO9414N;BF SUPERIOR - PROAP;90;APLICACOES DIRETAS;3;DESPESAS CORRENTES;3;OUTRAS DESPESAS CORRENTES;30;MATERIAL DE CONSUMO;339030;MATERIAL DE CONSUMO;12;RECURSOS DEST.A MANUT.E DES.DO ENSINO;;;;;397,316.37;140,421.83;69,575.83;35,667.97
2015;154048;FUNDACAO UNIVERSIDADE FEDERAL DO PIAUI;12;EDUCACAO;364;ENSINO SUPERIOR;2032;EDUCACAO SUPERIOR - GRADUACAO, POS-GRADUACAO, ENSINO, PESQUI;0487;CONCESSAO DE BOLSAS DE ESTUDO NO ENSINO SUPERIOR;0002;CONCESSAO DE BOLSAS DE ESTUDOS NO PAIS;12364203204870001;087493;OCCCUO9414N;BF SUPERIOR - PROAP;90;APLICACOES DIRETAS;3;DESPESAS CORRENTES;3;OUTRAS DESPESAS CORRENTES;33;PASSAGENS E DESPESAS COM LOCOMOCAO;339033;PASSAGENS E DESPESAS COM LOCOMOCAO;12;RECURSOS DEST.A MANUT.E DES.DO ENSINO;;;;;5,427,000.00;2,811,405.44;1,742,228.29;1,495,396.24
2015;154048;FUNDACAO UNIVERSIDADE FEDERAL DO PIAUI;12;EDUCACAO;364;ENSINO SUPERIOR;2032;EDUCACAO SUPERIOR - GRADUACAO, POS-GRADUACAO, ENSINO, PESQUI;0487;CONCESSAO DE BOLSAS DE ESTUDO NO ENSINO SUPERIOR;0002;CONCESSAO DE BOLSAS DE ESTUDOS NO PAIS;12364203204870001;087493;OCCCUO9414N;BF SUPERIOR - PROAP;90;APLICACOES DIRETAS;3;DESPESAS CORRENTES;3;OUTRAS DESPESAS CORRENTES;36;OUTROS SERVICOS DE TERCEIROS - P.FISICA;339036;OUTROS SERVICOS DE TERCEIROS - PESSOA FISICA;12;RECURSOS DEST.A MANUT.E DES.DO ENSINO;;;;;408,921.25;330,060.30;78,860.95;76,058.45
2015;154048;FUNDACAO UNIVERSIDADE FEDERAL DO PIAUI;12;EDUCACAO;364;ENSINO SUPERIOR;2032;EDUCACAO SUPERIOR - GRADUACAO, POS-GRADUACAO, ENSINO, PESQUI;0487;CONCESSAO DE BOLSAS DE ESTUDO NO ENSINO SUPERIOR;0002;CONCESSAO DE BOLSAS DE ESTUDOS NO PAIS;12364203204870001;087493;OCCCUO9414N;BF SUPERIOR - PROAP;90;APLICACOES DIRETAS;3;DESPESAS CORRENTES;3;OUTRAS DESPESAS CORRENTES;39;OUTROS SERVICOS DE TERCEIROS PJ - OP.INT.ORC.;339039;OUTROS SERVICOS DE TERCEIROS - PESSOA JURIDICA;12;RECURSOS DEST.A MANUT.E DES.DO ENSINO;;;;;1,996,688.69;1,120,953.02;311,237.67;286,041.17
2015;154048;FUNDACAO UNIVERSIDADE FEDERAL DO PIAUI;12;EDUCACAO;368;EDUCACAO BASICA;2030;EDUCACAO BASICA;20RJ;APOIO A CAPACITACAO E FORMACAO INICIAL E CONTINUADA PARA A E;0003;EDUCACAO BASICA PRESENCIAL;12368203020RJ0001;087496;PCC92B5801N;PARFOR - PARFOR;90;APLICACOES DIRETAS;3;DESPESAS CORRENTES;3;OUTRAS DESPESAS CORRENTES;39;OUTROS SERVICOS DE TERCEIROS PJ - OP.INT.ORC.;339039;OUTROS SERVICOS DE TERCEIROS - PESSOA JURIDICA;08;FUNDO SOCIAL-PARC.DEST.EDUCACAO PUBL.E SAUDE;;;;;3,900,000.00;780,000.00;3,120,000.00;3,120,000.00
2015;154048;FUNDACAO UNIVERSIDADE FEDERAL DO PIAUI;12;EDUCACAO;368;EDUCACAO BASICA;2030;EDUCACAO BASICA;20RJ;APOIO A CAPACITACAO E FORMACAO INICIAL E CONTINUADA PARA A E;0004;EDUCACAO BASICA A DISTANCIA;12368203020RJ0001;087497;MCC62G22EDN;UAB - UAB TRADICIONAL;90;APLICACOES DIRETAS;3;DESPESAS CORRENTES;3;OUTRAS DESPESAS CORRENTES;39;OUTROS SERVICOS DE TERCEIROS PJ - OP.INT.ORC.;339039;OUTROS SERVICOS DE TERCEIROS - PESSOA JURIDICA;08;FUNDO SOCIAL-PARC.DEST.EDUCACAO PUBL.E SAUDE;;;;;11845949.10;1,077,000.00;10768949.10;9,261,359.28
2015;154049;FUNDACAO UNIVERSIDADE FEDERAL DE SAO CARLOS;12;EDUCACAO;364;ENSINO SUPERIOR;2032;EDUCACAO SUPERIOR - GRADUACAO, POS-GRADUACAO, ENSINO, PESQUI;0487;CONCESSAO DE BOLSAS DE ESTUDO NO ENSINO SUPERIOR;0002;CONCESSAO DE BOLSAS DE ESTUDOS NO PAIS;12364203204870001;087493;OCCCUO9414N;BF SUPERIOR - PROAP;90;APLICACOES DIRETAS;3;DESPESAS CORRENTES;3;OUTRAS DESPESAS CORRENTES;14;DIARIAS - PESSOAL CIVIL;339014;DIARIAS - PESSOAL CIVIL;12;RECURSOS DEST.A MANUT.E DES.DO ENSINO;;;;;2,641,404.90;1,790,823.59;850,581.31;777,278.46
2015;154049;FUNDACAO UNIVERSIDADE FEDERAL DE SAO CARLOS;12;EDUCACAO;364;ENSINO SUPERIOR;2032;EDUCACAO SUPERIOR - GRADUACAO, POS-GRADUACAO, ENSINO, PESQUI;0487;CONCESSAO DE BOLSAS DE ESTUDO NO ENSINO SUPERIOR;0002;CONCESSAO DE BOLSAS DE ESTUDOS NO PAIS;12364203204870001;087493;OCCCUO9414N;BF SUPERIOR - PROAP;90;APLICACOES DIRETAS;3;DESPESAS CORRENTES;3;OUTRAS DESPESAS CORRENTES;18;AUXILIO FINANCEIRO A ESTUDANTES;339018;AUXILIO FINANCEIRO A ESTUDANTES;12;RECURSOS DEST.A MANUT.E DES.DO ENSINO;;;;;4,913,750.00;2,559,257.84;1,830,096.54;1,002,533.85
2015;154049;FUNDACAO UNIVERSIDADE FEDERAL DE SAO CARLOS;12;EDUCACAO;364;ENSINO SUPERIOR;2032;EDUCACAO SUPERIOR - GRADUACAO, POS-GRADUACAO, ENSINO, PESQUI;0487;CONCESSAO DE BOLSAS DE ESTUDO NO ENSINO SUPERIOR;0002;CONCESSAO DE BOLSAS DE ESTUDOS NO PAIS;12364203204870001;087493;OCCCUO9414N;BF SUPERIOR - PROAP;90;APLICACOES DIRETAS;3;DESPESAS CORRENTES;3;OUTRAS DESPESAS CORRENTES;20;AUXILIO FINANCEIRO A PESQUISADORES;339020;AUXILIO FINANCEIRO A PESQUISADORES;12;RECURSOS DEST.A MANUT.E DES.DO ENSINO;;;;;530,000.00;305,772.93;136,415.45;69,132.14
2015;154049;FUNDACAO UNIVERSIDADE FEDERAL DE SAO CARLOS;12;EDUCACAO;364;ENSINO SUPERIOR;2032;EDUCACAO SUPERIOR - GRADUACAO, POS-GRADUACAO, ENSINO, PESQUI;0487;CONCESSAO DE BOLSAS DE ESTUDO NO ENSINO SUPERIOR;0002;CONCESSAO DE BOLSAS DE ESTUDOS NO PAIS;12364203204870001;087493;OCCCUO9414N;BF SUPERIOR - PROAP;90;APLICACOES DIRETAS;3;DESPESAS CORRENTES;3;OUTRAS DESPESAS CORRENTES;30;MATERIAL DE CONSUMO;339030;MATERIAL DE CONSUMO;12;RECURSOS DEST.A MANUT.E DES.DO ENSINO;;;;;29,090.55;12,836.22;6,510.00;
2015;154049;FUNDACAO UNIVERSIDADE FEDERAL DE SAO CARLOS;12;EDUCACAO;364;ENSINO SUPERIOR;2032;EDUCACAO SUPERIOR - GRADUACAO, POS-GRADUACAO, ENSINO, PESQUI;0487;CONCESSAO DE BOLSAS DE ESTUDO NO ENSINO SUPERIOR;0002;CONCESSAO DE BOLSAS DE ESTUDOS NO PAIS;12364203204870001;087493;OCCCUO9414N;BF SUPERIOR - PROAP;90;APLICACOES DIRETAS;3;DESPESAS CORRENTES;3;OUTRAS DESPESAS CORRENTES;33;PASSAGENS E DESPESAS COM LOCOMOCAO;339033;PASSAGENS E DESPESAS COM LOCOMOCAO;12;RECURSOS DEST.A MANUT.E DES.DO ENSINO;;;;;3,117,000.00;1,875,974.56;881,015.12;334,927.62
2015;154049;FUNDACAO UNIVERSIDADE FEDERAL DE SAO CARLOS;12;EDUCACAO;364;ENSINO SUPERIOR;2032;EDUCACAO SUPERIOR - GRADUACAO, POS-GRADUACAO, ENSINO, PESQUI;0487;CONCESSAO DE BOLSAS DE ESTUDO NO ENSINO SUPERIOR;0002;CONCESSAO DE BOLSAS DE ESTUDOS NO PAIS;12364203204870001;087493;OCCCUO9414N;BF SUPERIOR - PROAP;90;APLICACOES DIRETAS;3;DESPESAS CORRENTES;3;OUTRAS DESPESAS CORRENTES;36;OUTROS SERVICOS DE TERCEIROS - P.FISICA;339036;OUTROS SERVICOS DE TERCEIROS - PESSOA FISICA;12;RECURSOS DEST.A MANUT.E DES.DO ENSINO;;;;;1,062,983.60;859,252.10;187,789.50;173,442.50
2015;154049;FUNDACAO UNIVERSIDADE FEDERAL DE SAO CARLOS;12;EDUCACAO;364;ENSINO SUPERIOR;2032;EDUCACAO SUPERIOR - GRADUACAO, POS-GRADUACAO, ENSINO, PESQUI;0487;CONCESSAO DE BOLSAS DE ESTUDO NO ENSINO SUPERIOR;0002;CONCESSAO DE BOLSAS DE ESTUDOS NO PAIS;12364203204870001;087493;OCCCUO9414N;BF SUPERIOR - PROAP;90;APLICACOES DIRETAS;3;DESPESAS CORRENTES;3;OUTRAS DESPESAS CORRENTES;39;OUTROS SERVICOS DE TERCEIROS PJ - OP.INT.ORC.;339039;OUTROS SERVICOS DE TERCEIROS - PESSOA JURIDICA;12;RECURSOS DEST.A MANUT.E DES.DO ENSINO;;;;;2,670,027.92;1,091,443.40;963,811.32;581,937.22
2015;154049;FUNDACAO UNIVERSIDADE FEDERAL DE SAO CARLOS;12;EDUCACAO;364;ENSINO SUPERIOR;2032;EDUCACAO SUPERIOR - GRADUACAO, POS-GRADUACAO, ENSINO, PESQUI;0487;CONCESSAO DE BOLSAS DE ESTUDO NO ENSINO SUPERIOR;0002;CONCESSAO DE BOLSAS DE ESTUDOS NO PAIS;12364203204870001;087493;OCCCUO9414N;BF SUPERIOR - PROAP;91;APLICACOES DIRETAS - OPERACOES INTERNAS;3;DESPESAS CORRENTES;3;OUTRAS DESPESAS CORRENTES;47;OBRIGACOES TRIBUTARIAS E CONTRIBUTIVAS;339147;OBRIG.TRIBUT.E CONTRIB-OP.INTRA-ORCAMENTARIAS;12;RECURSOS DEST.A MANUT.E DES.DO ENSINO;;;;;30,000.00;11,528.00;15,283.60;13,326.00
2015;154049;FUNDACAO UNIVERSIDADE FEDERAL DE SAO CARLOS;12;EDUCACAO;368;EDUCACAO BASICA;2030;EDUCACAO BASICA;20RJ;APOIO A CAPACITACAO E FORMACAO INICIAL E CONTINUADA PARA A E;0004;EDUCACAO BASICA A DISTANCIA;12368203020RJ0001;087497;MCC62G22EDN;UAB - UAB TRADICIONAL;90;APLICACOES DIRETAS;3;DESPESAS CORRENTES;3;OUTRAS DESPESAS CORRENTES;39;OUTROS SERVICOS DE TERCEIROS PJ - OP.INT.ORC.;339039;OUTROS SERVICOS DE TERCEIROS - PESSOA JURIDICA;08;FUNDO SOCIAL-PARC.DEST.EDUCACAO PUBL.E SAUDE;;;;;2,050,000.00;820,000.00;;
2015;154050;FUNDACAO UNIVERSIDADE FEDERAL DE SERGIPE;12;EDUCACAO;364;ENSINO SUPERIOR;2032;EDUCACAO SUPERIOR - GRADUACAO, POS-GRADUACAO, ENSINO, PESQUI;0487;CONCESSAO DE BOLSAS DE ESTUDO NO ENSINO SUPERIOR;0002;CONCESSAO DE BOLSAS DE ESTUDOS NO PAIS;12364203204870001;087493;OCCCUO9414N;BF SUPERIOR - PROAP;90;APLICACOES DIRETAS;3;DESPESAS CORRENTES;3;OUTRAS DESPESAS CORRENTES;14;DIARIAS - PESSOAL CIVIL;339014;DIARIAS - PESSOAL CIVIL;12;RECURSOS DEST.A MANUT.E DES.DO ENSINO;;;;;2,755,545.89;1,951,518.79;804,027.10;597,283.78
2015;154050;FUNDACAO UNIVERSIDADE FEDERAL DE SERGIPE;12;EDUCACAO;364;ENSINO SUPERIOR;2032;EDUCACAO SUPERIOR - GRADUACAO, POS-GRADUACAO, ENSINO, PESQUI;0487;CONCESSAO DE BOLSAS DE ESTUDO NO ENSINO SUPERIOR;0002;CONCESSAO DE BOLSAS DE ESTUDOS NO PAIS;12364203204870001;087493;OCCCUO9414N;BF SUPERIOR - PROAP;90;APLICACOES DIRETAS;3;DESPESAS CORRENTES;3;OUTRAS DESPESAS CORRENTES;18;AUXILIO FINANCEIRO A ESTUDANTES;339018;AUXILIO FINANCEIRO A ESTUDANTES;12;RECURSOS DEST.A MANUT.E DES.DO ENSINO;;;;;3,811,206.56;1,465,189.87;2,346,016.69;1,073,438.81
2015;154050;FUNDACAO UNIVERSIDADE FEDERAL DE SERGIPE;12;EDUCACAO;364;ENSINO SUPERIOR;2032;EDUCACAO SUPERIOR - GRADUACAO, POS-GRADUACAO, ENSINO, PESQUI;0487;CONCESSAO DE BOLSAS DE ESTUDO NO ENSINO SUPERIOR;0002;CONCESSAO DE BOLSAS DE ESTUDOS NO PAIS;12364203204870001;087493;OCCCUO9414N;BF SUPERIOR - PROAP;90;APLICACOES DIRETAS;3;DESPESAS CORRENTES;3;OUTRAS DESPESAS CORRENTES;20;AUXILIO FINANCEIRO A PESQUISADORES;339020;AUXILIO FINANCEIRO A PESQUISADORES;12;RECURSOS DEST.A MANUT.E DES.DO ENSINO;;;;;4,907,029.45;2,065,477.48;2,841,551.97;755,058.53
2015;154050;FUNDACAO UNIVERSIDADE FEDERAL DE SERGIPE;12;EDUCACAO;364;ENSINO SUPERIOR;2032;EDUCACAO SUPERIOR - GRADUACAO, POS-GRADUACAO, ENSINO, PESQUI;0487;CONCESSAO DE BOLSAS DE ESTUDO NO ENSINO SUPERIOR;0002;CONCESSAO DE BOLSAS DE ESTUDOS NO PAIS;12364203204870001;087493;OCCCUO9414N;BF SUPERIOR - PROAP;90;APLICACOES DIRETAS;3;DESPESAS CORRENTES;3;OUTRAS DESPESAS CORRENTES;33;PASSAGENS E DESPESAS COM LOCOMOCAO;339033;PASSAGENS E DESPESAS COM LOCOMOCAO;12;RECURSOS DEST.A MANUT.E DES.DO ENSINO;;;;;4,103,541.45;2,722,175.71;1,206,196.01;965,920.30
2015;154050;FUNDACAO UNIVERSIDADE FEDERAL DE SERGIPE;12;EDUCACAO;364;ENSINO SUPERIOR;2032;EDUCACAO SUPERIOR - GRADUACAO, POS-GRADUACAO, ENSINO, PESQUI;0487;CONCESSAO DE BOLSAS DE ESTUDO NO ENSINO SUPERIOR;0002;CONCESSAO DE BOLSAS DE ESTUDOS NO PAIS;12364203204870001;087493;OCCCUO9414N;BF SUPERIOR - PROAP;90;APLICACOES DIRETAS;3;DESPESAS CORRENTES;3;OUTRAS DESPESAS CORRENTES;36;OUTROS SERVICOS DE TERCEIROS - P.FISICA;339036;OUTROS SERVICOS DE TERCEIROS - PESSOA FISICA;12;RECURSOS DEST.A MANUT.E DES.DO ENSINO;;;;;678,992.90;626,052.90;52,940.00;43,751.80
2015;154050;FUNDACAO UNIVERSIDADE FEDERAL DE SERGIPE;12;EDUCACAO;368;EDUCACAO BASICA;2030;EDUCACAO BASICA;20RJ;APOIO A CAPACITACAO E FORMACAO INICIAL E CONTINUADA PARA A E;0004;EDUCACAO BASICA A DISTANCIA;12368203020RJ0001;087497;MCC62G22EDN;UAB - UAB TRADICIONAL;90;APLICACOES DIRETAS;3;DESPESAS CORRENTES;3;OUTRAS DESPESAS CORRENTES;39;OUTROS SERVICOS DE TERCEIROS PJ - OP.INT.ORC.;339039;OUTROS SERVICOS DE TERCEIROS - PESSOA JURIDICA;08;FUNDO SOCIAL-PARC.DEST.EDUCACAO PUBL.E SAUDE;;;;;1,337,413.28;74,657.79;1,262,755.49;1,163,058.78
2015;154051;UNIVERSIDADE FEDERAL DE VICOSA;12;EDUCACAO;364;ENSINO SUPERIOR;2032;EDUCACAO SUPERIOR - GRADUACAO, POS-GRADUACAO, ENSINO, PESQUI;0487;CONCESSAO DE BOLSAS DE ESTUDO NO ENSINO SUPERIOR;0002;CONCESSAO DE BOLSAS DE ESTUDOS NO PAIS;12364203204870001;087493;OCCCUO9414N;BF SUPERIOR - PROAP;90;APLICACOES DIRETAS;3;DESPESAS CORRENTES;3;OUTRAS DESPESAS CORRENTES;14;DIARIAS - PESSOAL CIVIL;339014;DIARIAS - PESSOAL CIVIL;12;RECURSOS DEST.A MANUT.E DES.DO ENSINO;;;;;1,102,013.35;246,209.85;855,803.50;697,083.44
2015;154051;UNIVERSIDADE FEDERAL DE VICOSA;12;EDUCACAO;364;ENSINO SUPERIOR;2032;EDUCACAO SUPERIOR - GRADUACAO, POS-GRADUACAO, ENSINO, PESQUI;0487;CONCESSAO DE BOLSAS DE ESTUDO NO ENSINO SUPERIOR;0002;CONCESSAO DE BOLSAS DE ESTUDOS NO PAIS;12364203204870001;087493;OCCCUO9414N;BF SUPERIOR - PROAP;90;APLICACOES DIRETAS;3;DESPESAS CORRENTES;3;OUTRAS DESPESAS CORRENTES;18;AUXILIO FINANCEIRO A ESTUDANTES;339018;AUXILIO FINANCEIRO A ESTUDANTES;12;RECURSOS DEST.A MANUT.E DES.DO ENSINO;;;;;726,469.37;155,925.96;570,543.41;101,485.04
2015;154051;UNIVERSIDADE FEDERAL DE VICOSA;12;EDUCACAO;364;ENSINO SUPERIOR;2032;EDUCACAO SUPERIOR - GRADUACAO, POS-GRADUACAO, ENSINO, PESQUI;0487;CONCESSAO DE BOLSAS DE ESTUDO NO ENSINO SUPERIOR;0002;CONCESSAO DE BOLSAS DE ESTUDOS NO PAIS;12364203204870001;087493;OCCCUO9414N;BF SUPERIOR - PROAP;90;APLICACOES DIRETAS;3;DESPESAS CORRENTES;3;OUTRAS DESPESAS CORRENTES;20;AUXILIO FINANCEIRO A PESQUISADORES;339020;AUXILIO FINANCEIRO A PESQUISADORES;12;RECURSOS DEST.A MANUT.E DES.DO ENSINO;;;;;20,500.00;4,100.00;16,400.00;12,300.00
2015;154051;UNIVERSIDADE FEDERAL DE VICOSA;12;EDUCACAO;364;ENSINO SUPERIOR;2032;EDUCACAO SUPERIOR - GRADUACAO, POS-GRADUACAO, ENSINO, PESQUI;0487;CONCESSAO DE BOLSAS DE ESTUDO NO ENSINO SUPERIOR;0002;CONCESSAO DE BOLSAS DE ESTUDOS NO PAIS;12364203204870001;087493;OCCCUO9414N;BF SUPERIOR - PROAP;90;APLICACOES DIRETAS;3;DESPESAS CORRENTES;3;OUTRAS DESPESAS CORRENTES;30;MATERIAL DE CONSUMO;339030;MATERIAL DE CONSUMO;12;RECURSOS DEST.A MANUT.E DES.DO ENSINO;;;;;535,571.05;163,093.19;263,132.57;553.50
2015;154051;UNIVERSIDADE FEDERAL DE VICOSA;12;EDUCACAO;364;ENSINO SUPERIOR;2032;EDUCACAO SUPERIOR - GRADUACAO, POS-GRADUACAO, ENSINO, PESQUI;0487;CONCESSAO DE BOLSAS DE ESTUDO NO ENSINO SUPERIOR;0002;CONCESSAO DE BOLSAS DE ESTUDOS NO PAIS;12364203204870001;087493;OCCCUO9414N;BF SUPERIOR - PROAP;90;APLICACOES DIRETAS;3;DESPESAS CORRENTES;3;OUTRAS DESPESAS CORRENTES;33;PASSAGENS E DESPESAS COM LOCOMOCAO;339033;PASSAGENS E DESPESAS COM LOCOMOCAO;12;RECURSOS DEST.A MANUT.E DES.DO ENSINO;;;;;746,294.19;274,457.06;463,835.56;216,149.18
2015;154051;UNIVERSIDADE FEDERAL DE VICOSA;12;EDUCACAO;364;ENSINO SUPERIOR;2032;EDUCACAO SUPERIOR - GRADUACAO, POS-GRADUACAO, ENSINO, PESQUI;0487;CONCESSAO DE BOLSAS DE ESTUDO NO ENSINO SUPERIOR;0002;CONCESSAO DE BOLSAS DE ESTUDOS NO PAIS;12364203204870001;087493;OCCCUO9414N;BF SUPERIOR - PROAP;90;APLICACOES DIRETAS;3;DESPESAS CORRENTES;3;OUTRAS DESPESAS CORRENTES;36;OUTROS SERVICOS DE TERCEIROS - P.FISICA;339036;OUTROS SERVICOS DE TERCEIROS - PESSOA FISICA;12;RECURSOS DEST.A MANUT.E DES.DO ENSINO;;;;;152,406.92;89,666.32;62,740.60;51,011.40
2015;154051;UNIVERSIDADE FEDERAL DE VICOSA;12;EDUCACAO;364;ENSINO SUPERIOR;2032;EDUCACAO SUPERIOR - GRADUACAO, POS-GRADUACAO, ENSINO, PESQUI;0487;CONCESSAO DE BOLSAS DE ESTUDO NO ENSINO SUPERIOR;0002;CONCESSAO DE BOLSAS DE ESTUDOS NO PAIS;12364203204870001;087493;OCCCUO9414N;BF SUPERIOR - PROAP;90;APLICACOES DIRETAS;3;DESPESAS CORRENTES;3;OUTRAS DESPESAS CORRENTES;39;OUTROS SERVICOS DE TERCEIROS PJ - OP.INT.ORC.;339039;OUTROS SERVICOS DE TERCEIROS - PESSOA JURIDICA;12;RECURSOS DEST.A MANUT.E DES.DO ENSINO;;;;;968,544.45;203,711.67;741,630.57;254,257.68
2015;154054;FUNDACAO UNIVERS.FED. DE MATO GROSSO DO SUL;12;EDUCACAO;364;ENSINO SUPERIOR;2032;EDUCACAO SUPERIOR - GRADUACAO, POS-GRADUACAO, ENSINO, PESQUI;0487;CONCESSAO DE BOLSAS DE ESTUDO NO ENSINO SUPERIOR;0002;CONCESSAO DE BOLSAS DE ESTUDOS NO PAIS;12364203204870001;087493;OCCCUO9414N;BF SUPERIOR - PROAP;90;APLICACOES DIRETAS;3;DESPESAS CORRENTES;3;OUTRAS DESPESAS CORRENTES;14;DIARIAS - PESSOAL CIVIL;339014;DIARIAS - PESSOAL CIVIL;12;RECURSOS DEST.A MANUT.E DES.DO ENSINO;;;;;875,034.42;187,970.02;687,064.40;628,244.78
2015;154054;FUNDACAO UNIVERS.FED. DE MATO GROSSO DO SUL;12;EDUCACAO;364;ENSINO SUPERIOR;2032;EDUCACAO SUPERIOR - GRADUACAO, POS-GRADUACAO, ENSINO, PESQUI;0487;CONCESSAO DE BOLSAS DE ESTUDO NO ENSINO SUPERIOR;0002;CONCESSAO DE BOLSAS DE ESTUDOS NO PAIS;12364203204870001;087493;OCCCUO9414N;BF SUPERIOR - PROAP;90;APLICACOES DIRETAS;3;DESPESAS CORRENTES;3;OUTRAS DESPESAS CORRENTES;18;AUXILIO FINANCEIRO A ESTUDANTES;339018;AUXILIO FINANCEIRO A ESTUDANTES;12;RECURSOS DEST.A MANUT.E DES.DO ENSINO;;;;;96,509.52;11,791.88;84,717.64;67,939.62
2015;154054;FUNDACAO UNIVERS.FED. DE MATO GROSSO DO SUL;12;EDUCACAO;364;ENSINO SUPERIOR;2032;EDUCACAO SUPERIOR - GRADUACAO, POS-GRADUACAO, ENSINO, PESQUI;0487;CONCESSAO DE BOLSAS DE ESTUDO NO ENSINO SUPERIOR;0002;CONCESSAO DE BOLSAS DE ESTUDOS NO PAIS;12364203204870001;087493;OCCCUO9414N;BF SUPERIOR - PROAP;90;APLICACOES DIRETAS;3;DESPESAS CORRENTES;3;OUTRAS DESPESAS CORRENTES;20;AUXILIO FINANCEIRO A PESQUISADORES;339020;AUXILIO FINANCEIRO A PESQUISADORES;12;RECURSOS DEST.A MANUT.E DES.DO ENSINO;;;;;175,708.80;14,880.00;160,828.80;136,453.80
2015;154054;FUNDACAO UNIVERS.FED. DE MATO GROSSO DO SUL;12;EDUCACAO;364;ENSINO SUPERIOR;2032;EDUCACAO SUPERIOR - GRADUACAO, POS-GRADUACAO, ENSINO, PESQUI;0487;CONCESSAO DE BOLSAS DE ESTUDO NO ENSINO SUPERIOR;0002;CONCESSAO DE BOLSAS DE ESTUDOS NO PAIS;12364203204870001;087493;OCCCUO9414N;BF SUPERIOR - PROAP;90;APLICACOES DIRETAS;3;DESPESAS CORRENTES;3;OUTRAS DESPESAS CORRENTES;30;MATERIAL DE CONSUMO;339030;MATERIAL DE CONSUMO;12;RECURSOS DEST.A MANUT.E DES.DO ENSINO;;;;;9,743.12;2,435.78;3,081.57;
2015;154054;FUNDACAO UNIVERS.FED. DE MATO GROSSO DO SUL;12;EDUCACAO;364;ENSINO SUPERIOR;2032;EDUCACAO SUPERIOR - GRADUACAO, POS-GRADUACAO, ENSINO, PESQUI;0487;CONCESSAO DE BOLSAS DE ESTUDO NO ENSINO SUPERIOR;0002;CONCESSAO DE BOLSAS DE ESTUDOS NO PAIS;12364203204870001;087493;OCCCUO9414N;BF SUPERIOR - PROAP;90;APLICACOES DIRETAS;3;DESPESAS CORRENTES;3;OUTRAS DESPESAS CORRENTES;33;PASSAGENS E DESPESAS COM LOCOMOCAO;339033;PASSAGENS E DESPESAS COM LOCOMOCAO;12;RECURSOS DEST.A MANUT.E DES.DO ENSINO;;;;;858,827.59;301,871.28;555,037.36;507,170.43
2015;154054;FUNDACAO UNIVERS.FED. DE MATO GROSSO DO SUL;12;EDUCACAO;364;ENSINO SUPERIOR;2032;EDUCACAO SUPERIOR - GRADUACAO, POS-GRADUACAO, ENSINO, PESQUI;0487;CONCESSAO DE BOLSAS DE ESTUDO NO ENSINO SUPERIOR;0002;CONCESSAO DE BOLSAS DE ESTUDOS NO PAIS;12364203204870001;087493;OCCCUO9414N;BF SUPERIOR - PROAP;90;APLICACOES DIRETAS;3;DESPESAS CORRENTES;3;OUTRAS DESPESAS CORRENTES;36;OUTROS SERVICOS DE TERCEIROS - P.FISICA;339036;OUTROS SERVICOS DE TERCEIROS - PESSOA FISICA;12;RECURSOS DEST.A MANUT.E DES.DO ENSINO;;;;;209,022.50;59,627.80;149,394.70;124,477.10
2015;154054;FUNDACAO UNIVERS.FED. DE MATO GROSSO DO SUL;12;EDUCACAO;364;ENSINO SUPERIOR;2032;EDUCACAO SUPERIOR - GRADUACAO, POS-GRADUACAO, ENSINO, PESQUI;0487;CONCESSAO DE BOLSAS DE ESTUDO NO ENSINO SUPERIOR;0002;CONCESSAO DE BOLSAS DE ESTUDOS NO PAIS;12364203204870001;087493;OCCCUO9414N;BF SUPERIOR - PROAP;90;APLICACOES DIRETAS;3;DESPESAS CORRENTES;3;OUTRAS DESPESAS CORRENTES;93;INDENIZACOES E RESTITUICOES;339093;INDENIZACOES E RESTITUICOES;12;RECURSOS DEST.A MANUT.E DES.DO ENSINO;;;;;69,178.80;2,690.00;66,488.80;49,171.60
2015;154054;FUNDACAO UNIVERS.FED. DE MATO GROSSO DO SUL;12;EDUCACAO;368;EDUCACAO BASICA;2030;EDUCACAO BASICA;20RJ;APOIO A CAPACITACAO E FORMACAO INICIAL E CONTINUADA PARA A E;0004;EDUCACAO BASICA A DISTANCIA;12368203020RJ0001;087497;MCC62G22EDN;UAB - UAB TRADICIONAL;90;APLICACOES DIRETAS;3;DESPESAS CORRENTES;3;OUTRAS DESPESAS CORRENTES;14;DIARIAS - PESSOAL CIVIL;339014;DIARIAS - PESSOAL CIVIL;08;FUNDO SOCIAL-PARC.DEST.EDUCACAO PUBL.E SAUDE;;;;;638,894.21;383,280.56;255,613.65;239,188.60
2015;154054;FUNDACAO UNIVERS.FED. DE MATO GROSSO DO SUL;12;EDUCACAO;368;EDUCACAO BASICA;2030;EDUCACAO BASICA;20RJ;APOIO A CAPACITACAO E FORMACAO INICIAL E CONTINUADA PARA A E;0004;EDUCACAO BASICA A DISTANCIA;12368203020RJ0001;087497;MCC62G22EDN;UAB - UAB TRADICIONAL;90;APLICACOES DIRETAS;3;DESPESAS CORRENTES;3;OUTRAS DESPESAS CORRENTES;30;MATERIAL DE CONSUMO;339030;MATERIAL DE CONSUMO;08;FUNDO SOCIAL-PARC.DEST.EDUCACAO PUBL.E SAUDE;;;;;176,542.00;44,135.50;;
2015;154054;FUNDACAO UNIVERS.FED. DE MATO GROSSO DO SUL;12;EDUCACAO;368;EDUCACAO BASICA;2030;EDUCACAO BASICA;20RJ;APOIO A CAPACITACAO E FORMACAO INICIAL E CONTINUADA PARA A E;0004;EDUCACAO BASICA A DISTANCIA;12368203020RJ0001;087497;MCC62G22EDN;UAB - UAB TRADICIONAL;90;APLICACOES DIRETAS;3;DESPESAS CORRENTES;3;OUTRAS DESPESAS CORRENTES;33;PASSAGENS E DESPESAS COM LOCOMOCAO;339033;PASSAGENS E DESPESAS COM LOCOMOCAO;08;FUNDO SOCIAL-PARC.DEST.EDUCACAO PUBL.E SAUDE;;;;;150,941.65;114,760.96;28,680.69;27,042.35
2015;154054;FUNDACAO UNIVERS.FED. DE MATO GROSSO DO SUL;12;EDUCACAO;368;EDUCACAO BASICA;2030;EDUCACAO BASICA;20RJ;APOIO A CAPACITACAO E FORMACAO INICIAL E CONTINUADA PARA A E;0004;EDUCACAO BASICA A DISTANCIA;12368203020RJ0001;087497;MCC62G22EDN;UAB - UAB TRADICIONAL;90;APLICACOES DIRETAS;3;DESPESAS CORRENTES;3;OUTRAS DESPESAS CORRENTES;36;OUTROS SERVICOS DE TERCEIROS - P.FISICA;339036;OUTROS SERVICOS DE TERCEIROS - PESSOA FISICA;08;FUNDO SOCIAL-PARC.DEST.EDUCACAO PUBL.E SAUDE;;;;;355,660.20;275,601.00;80,059.20;73,497.20
2015;154054;FUNDACAO UNIVERS.FED. DE MATO GROSSO DO SUL;12;EDUCACAO;368;EDUCACAO BASICA;2030;EDUCACAO BASICA;20RJ;APOIO A CAPACITACAO E FORMACAO INICIAL E CONTINUADA PARA A E;0004;EDUCACAO BASICA A DISTANCIA;12368203020RJ0001;087497;MCC62G22EDN;UAB - UAB TRADICIONAL;90;APLICACOES DIRETAS;3;DESPESAS CORRENTES;3;OUTRAS DESPESAS CORRENTES;37;LOCACAO DE MAO-DE-OBRA;339037;LOCACAO DE MAO-DE-OBRA;08;FUNDO SOCIAL-PARC.DEST.EDUCACAO PUBL.E SAUDE;;;;;1,782,170.54;182,835.84;1,544,243.39;1,462,595.67
2015;154054;FUNDACAO UNIVERS.FED. DE MATO GROSSO DO SUL;12;EDUCACAO;368;EDUCACAO BASICA;2030;EDUCACAO BASICA;20RJ;APOIO A CAPACITACAO E FORMACAO INICIAL E CONTINUADA PARA A E;0004;EDUCACAO BASICA A DISTANCIA;12368203020RJ0001;087497;MCC62G22EDN;UAB - UAB TRADICIONAL;90;APLICACOES DIRETAS;3;DESPESAS CORRENTES;3;OUTRAS DESPESAS CORRENTES;39;OUTROS SERVICOS DE TERCEIROS PJ - OP.INT.ORC.;339039;OUTROS SERVICOS DE TERCEIROS - PESSOA JURIDICA;08;FUNDO SOCIAL-PARC.DEST.EDUCACAO PUBL.E SAUDE;;;;;51,256.66;7,322.38;43,934.28;43,934.28
2015;154055;FUNDACAO UNIVERSIDADE FEDERAL DE RONDONIA;12;EDUCACAO;364;ENSINO SUPERIOR;2032;EDUCACAO SUPERIOR - GRADUACAO, POS-GRADUACAO, ENSINO, PESQUI;0487;CONCESSAO DE BOLSAS DE ESTUDO NO ENSINO SUPERIOR;0002;CONCESSAO DE BOLSAS DE ESTUDOS NO PAIS;12364203204870001;087493;OCCCUO9414N;BF SUPERIOR - PROAP;90;APLICACOES DIRETAS;3;DESPESAS CORRENTES;3;OUTRAS DESPESAS CORRENTES;14;DIARIAS - PESSOAL CIVIL;339014;DIARIAS - PESSOAL CIVIL;12;RECURSOS DEST.A MANUT.E DES.DO ENSINO;;;;;533,846.88;165,714.61;277,627.46;231,848.33
2015;154055;FUNDACAO UNIVERSIDADE FEDERAL DE RONDONIA;12;EDUCACAO;364;ENSINO SUPERIOR;2032;EDUCACAO SUPERIOR - GRADUACAO, POS-GRADUACAO, ENSINO, PESQUI;0487;CONCESSAO DE BOLSAS DE ESTUDO NO ENSINO SUPERIOR;0002;CONCESSAO DE BOLSAS DE ESTUDOS NO PAIS;12364203204870001;087493;OCCCUO9414N;BF SUPERIOR - PROAP;90;APLICACOES DIRETAS;3;DESPESAS CORRENTES;3;OUTRAS DESPESAS CORRENTES;30;MATERIAL DE CONSUMO;339030;MATERIAL DE CONSUMO;12;RECURSOS DEST.A MANUT.E DES.DO ENSINO;;;;;31,187.20;7,796.80;;
2015;154055;FUNDACAO UNIVERSIDADE FEDERAL DE RONDONIA;12;EDUCACAO;364;ENSINO SUPERIOR;2032;EDUCACAO SUPERIOR - GRADUACAO, POS-GRADUACAO, ENSINO, PESQUI;0487;CONCESSAO DE BOLSAS DE ESTUDO NO ENSINO SUPERIOR;0002;CONCESSAO DE BOLSAS DE ESTUDOS NO PAIS;12364203204870001;087493;OCCCUO9414N;BF SUPERIOR - PROAP;90;APLICACOES DIRETAS;3;DESPESAS CORRENTES;3;OUTRAS DESPESAS CORRENTES;33;PASSAGENS E DESPESAS COM LOCOMOCAO;339033;PASSAGENS E DESPESAS COM LOCOMOCAO;12;RECURSOS DEST.A MANUT.E DES.DO ENSINO;;;;;835,769.86;444,724.93;;
2015;154055;FUNDACAO UNIVERSIDADE FEDERAL DE RONDONIA;12;EDUCACAO;364;ENSINO SUPERIOR;2032;EDUCACAO SUPERIOR - GRADUACAO, POS-GRADUACAO, ENSINO, PESQUI;0487;CONCESSAO DE BOLSAS DE ESTUDO NO ENSINO SUPERIOR;0002;CONCESSAO DE BOLSAS DE ESTUDOS NO PAIS;12364203204870001;087493;OCCCUO9414N;BF SUPERIOR - PROAP;90;APLICACOES DIRETAS;3;DESPESAS CORRENTES;3;OUTRAS DESPESAS CORRENTES;36;OUTROS SERVICOS DE TERCEIROS - P.FISICA;339036;OUTROS SERVICOS DE TERCEIROS - PESSOA FISICA;12;RECURSOS DEST.A MANUT.E DES.DO ENSINO;;;;;336,313.26;92,260.73;206,119.30;174,547.60
2015;154055;FUNDACAO UNIVERSIDADE FEDERAL DE RONDONIA;12;EDUCACAO;364;ENSINO SUPERIOR;2032;EDUCACAO SUPERIOR - GRADUACAO, POS-GRADUACAO, ENSINO, PESQUI;0487;CONCESSAO DE BOLSAS DE ESTUDO NO ENSINO SUPERIOR;0002;CONCESSAO DE BOLSAS DE ESTUDOS NO PAIS;12364203204870001;087493;OCCCUO9414N;BF SUPERIOR - PROAP;90;APLICACOES DIRETAS;3;DESPESAS CORRENTES;3;OUTRAS DESPESAS CORRENTES;39;OUTROS SERVICOS DE TERCEIROS PJ - OP.INT.ORC.;339039;OUTROS SERVICOS DE TERCEIROS - PESSOA JURIDICA;12;RECURSOS DEST.A MANUT.E DES.DO ENSINO;;;;0.00;14,100.00;5,640.00;;
2015;154055;FUNDACAO UNIVERSIDADE FEDERAL DE RONDONIA;12;EDUCACAO;368;EDUCACAO BASICA;2030;EDUCACAO BASICA;20RJ;APOIO A CAPACITACAO E FORMACAO INICIAL E CONTINUADA PARA A E;0003;EDUCACAO BASICA PRESENCIAL;12368203020RJ0001;087496;PCC92B5801N;PARFOR - PARFOR;90;APLICACOES DIRETAS;3;DESPESAS CORRENTES;3;OUTRAS DESPESAS CORRENTES;14;DIARIAS - PESSOAL CIVIL;339014;DIARIAS - PESSOAL CIVIL;08;FUNDO SOCIAL-PARC.DEST.EDUCACAO PUBL.E SAUDE;;;;;297,406.80;176,455.04;46,149.70;39,866.19
2015;154055;FUNDACAO UNIVERSIDADE FEDERAL DE RONDONIA;12;EDUCACAO;368;EDUCACAO BASICA;2030;EDUCACAO BASICA;20RJ;APOIO A CAPACITACAO E FORMACAO INICIAL E CONTINUADA PARA A E;0003;EDUCACAO BASICA PRESENCIAL;12368203020RJ0001;087496;PCC92B5801N;PARFOR - PARFOR;90;APLICACOES DIRETAS;3;DESPESAS CORRENTES;3;OUTRAS DESPESAS CORRENTES;30;MATERIAL DE CONSUMO;339030;MATERIAL DE CONSUMO;08;FUNDO SOCIAL-PARC.DEST.EDUCACAO PUBL.E SAUDE;;;;;7,459.16;1,864.79;;
2015;154055;FUNDACAO UNIVERSIDADE FEDERAL DE RONDONIA;12;EDUCACAO;368;EDUCACAO BASICA;2030;EDUCACAO BASICA;20RJ;APOIO A CAPACITACAO E FORMACAO INICIAL E CONTINUADA PARA A E;0003;EDUCACAO BASICA PRESENCIAL;12368203020RJ0001;087496;PCC92B5801N;PARFOR - PARFOR;90;APLICACOES DIRETAS;3;DESPESAS CORRENTES;3;OUTRAS DESPESAS CORRENTES;33;PASSAGENS E DESPESAS COM LOCOMOCAO;339033;PASSAGENS E DESPESAS COM LOCOMOCAO;08;FUNDO SOCIAL-PARC.DEST.EDUCACAO PUBL.E SAUDE;;;;;280,989.35;166,395.74;383.10;
2015;154055;FUNDACAO UNIVERSIDADE FEDERAL DE RONDONIA;12;EDUCACAO;368;EDUCACAO BASICA;2030;EDUCACAO BASICA;20RJ;APOIO A CAPACITACAO E FORMACAO INICIAL E CONTINUADA PARA A E;0003;EDUCACAO BASICA PRESENCIAL;12368203020RJ0001;087496;PCC92B5801N;PARFOR - PARFOR;90;APLICACOES DIRETAS;3;DESPESAS CORRENTES;3;OUTRAS DESPESAS CORRENTES;36;OUTROS SERVICOS DE TERCEIROS - P.FISICA;339036;OUTROS SERVICOS DE TERCEIROS - PESSOA FISICA;08;FUNDO SOCIAL-PARC.DEST.EDUCACAO PUBL.E SAUDE;;;;;53,568.00;35,712.00;;
2015;154055;FUNDACAO UNIVERSIDADE FEDERAL DE RONDONIA;12;EDUCACAO;368;EDUCACAO BASICA;2030;EDUCACAO BASICA;20RJ;APOIO A CAPACITACAO E FORMACAO INICIAL E CONTINUADA PARA A E;0003;EDUCACAO BASICA PRESENCIAL;12368203020RJ0001;087496;PCC92B5801N;PARFOR - PARFOR;90;APLICACOES DIRETAS;3;DESPESAS CORRENTES;3;OUTRAS DESPESAS CORRENTES;39;OUTROS SERVICOS DE TERCEIROS PJ - OP.INT.ORC.;339039;OUTROS SERVICOS DE TERCEIROS - PESSOA JURIDICA;08;FUNDO SOCIAL-PARC.DEST.EDUCACAO PUBL.E SAUDE;;;;;35,901.28;22,438.30;;
2015;154055;FUNDACAO UNIVERSIDADE FEDERAL DE RONDONIA;12;EDUCACAO;368;EDUCACAO BASICA;2030;EDUCACAO BASICA;20RJ;APOIO A CAPACITACAO E FORMACAO INICIAL E CONTINUADA PARA A E;0004;EDUCACAO BASICA A DISTANCIA;12368203020RJ0001;087497;MCC62G22EDN;UAB - UAB TRADICIONAL;90;APLICACOES DIRETAS;3;DESPESAS CORRENTES;3;OUTRAS DESPESAS CORRENTES;14;DIARIAS - PESSOAL CIVIL;339014;DIARIAS - PESSOAL CIVIL;08;FUNDO SOCIAL-PARC.DEST.EDUCACAO PUBL.E SAUDE;;;;;288,864.00;95,761.77;125,272.26;113,724.27
2015;154055;FUNDACAO UNIVERSIDADE FEDERAL DE RONDONIA;12;EDUCACAO;368;EDUCACAO BASICA;2030;EDUCACAO BASICA;20RJ;APOIO A CAPACITACAO E FORMACAO INICIAL E CONTINUADA PARA A E;0004;EDUCACAO BASICA A DISTANCIA;12368203020RJ0001;087497;MCC62G22EDN;UAB - UAB TRADICIONAL;90;APLICACOES DIRETAS;3;DESPESAS CORRENTES;3;OUTRAS DESPESAS CORRENTES;30;MATERIAL DE CONSUMO;339030;MATERIAL DE CONSUMO;08;FUNDO SOCIAL-PARC.DEST.EDUCACAO PUBL.E SAUDE;;;;;70,800.00;35,400.00;;
2015;154055;FUNDACAO UNIVERSIDADE FEDERAL DE RONDONIA;12;EDUCACAO;368;EDUCACAO BASICA;2030;EDUCACAO BASICA;20RJ;APOIO A CAPACITACAO E FORMACAO INICIAL E CONTINUADA PARA A E;0004;EDUCACAO BASICA A DISTANCIA;12368203020RJ0001;087497;MCC62G22EDN;UAB - UAB TRADICIONAL;90;APLICACOES DIRETAS;3;DESPESAS CORRENTES;3;OUTRAS DESPESAS CORRENTES;33;PASSAGENS E DESPESAS COM LOCOMOCAO;339033;PASSAGENS E DESPESAS COM LOCOMOCAO;08;FUNDO SOCIAL-PARC.DEST.EDUCACAO PUBL.E SAUDE;;;;;168,800.00;79,400.00;28,993.77;632.91
2015;154055;FUNDACAO UNIVERSIDADE FEDERAL DE RONDONIA;12;EDUCACAO;368;EDUCACAO BASICA;2030;EDUCACAO BASICA;20RJ;APOIO A CAPACITACAO E FORMACAO INICIAL E CONTINUADA PARA A E;0004;EDUCACAO BASICA A DISTANCIA;12368203020RJ0001;087497;MCC62G22EDN;UAB - UAB TRADICIONAL;90;APLICACOES DIRETAS;3;DESPESAS CORRENTES;3;OUTRAS DESPESAS CORRENTES;36;OUTROS SERVICOS DE TERCEIROS - P.FISICA;339036;OUTROS SERVICOS DE TERCEIROS - PESSOA FISICA;08;FUNDO SOCIAL-PARC.DEST.EDUCACAO PUBL.E SAUDE;;;;;108,000.00;53,734.50;796.50;796.50
2015;154069;FUNDACAO UNIVERSIDADE FEDERAL DE S.J.DEL-REI;12;EDUCACAO;364;ENSINO SUPERIOR;2032;EDUCACAO SUPERIOR - GRADUACAO, POS-GRADUACAO, ENSINO, PESQUI;0487;CONCESSAO DE BOLSAS DE ESTUDO NO ENSINO SUPERIOR;0002;CONCESSAO DE BOLSAS DE ESTUDOS NO PAIS;12364203204870001;087493;OCCCUO9414N;BF SUPERIOR - PROAP;90;APLICACOES DIRETAS;3;DESPESAS CORRENTES;3;OUTRAS DESPESAS CORRENTES;14;DIARIAS - PESSOAL CIVIL;339014;DIARIAS - PESSOAL CIVIL;12;RECURSOS DEST.A MANUT.E DES.DO ENSINO;;;;;263,578.41;53,606.74;209,971.67;175,662.88
2015;154069;FUNDACAO UNIVERSIDADE FEDERAL DE S.J.DEL-REI;12;EDUCACAO;364;ENSINO SUPERIOR;2032;EDUCACAO SUPERIOR - GRADUACAO, POS-GRADUACAO, ENSINO, PESQUI;0487;CONCESSAO DE BOLSAS DE ESTUDO NO ENSINO SUPERIOR;0002;CONCESSAO DE BOLSAS DE ESTUDOS NO PAIS;12364203204870001;087493;OCCCUO9414N;BF SUPERIOR - PROAP;90;APLICACOES DIRETAS;3;DESPESAS CORRENTES;3;OUTRAS DESPESAS CORRENTES;18;AUXILIO FINANCEIRO A ESTUDANTES;339018;AUXILIO FINANCEIRO A ESTUDANTES;12;RECURSOS DEST.A MANUT.E DES.DO ENSINO;;;;;74,065.20;0.00;74,065.20;62,981.60
2015;154069;FUNDACAO UNIVERSIDADE FEDERAL DE S.J.DEL-REI;12;EDUCACAO;364;ENSINO SUPERIOR;2032;EDUCACAO SUPERIOR - GRADUACAO, POS-GRADUACAO, ENSINO, PESQUI;0487;CONCESSAO DE BOLSAS DE ESTUDO NO ENSINO SUPERIOR;0002;CONCESSAO DE BOLSAS DE ESTUDOS NO PAIS;12364203204870001;087493;OCCCUO9414N;BF SUPERIOR - PROAP;90;APLICACOES DIRETAS;3;DESPESAS CORRENTES;3;OUTRAS DESPESAS CORRENTES;20;AUXILIO FINANCEIRO A PESQUISADORES;339020;AUXILIO FINANCEIRO A PESQUISADORES;12;RECURSOS DEST.A MANUT.E DES.DO ENSINO;;;;;265,738.70;2,316.00;263,422.70;210,978.28
2015;154069;FUNDACAO UNIVERSIDADE FEDERAL DE S.J.DEL-REI;12;EDUCACAO;364;ENSINO SUPERIOR;2032;EDUCACAO SUPERIOR - GRADUACAO, POS-GRADUACAO, ENSINO, PESQUI;0487;CONCESSAO DE BOLSAS DE ESTUDO NO ENSINO SUPERIOR;0002;CONCESSAO DE BOLSAS DE ESTUDOS NO PAIS;12364203204870001;087493;OCCCUO9414N;BF SUPERIOR - PROAP;90;APLICACOES DIRETAS;3;DESPESAS CORRENTES;3;OUTRAS DESPESAS CORRENTES;30;MATERIAL DE CONSUMO;339030;MATERIAL DE CONSUMO;12;RECURSOS DEST.A MANUT.E DES.DO ENSINO;;;;;483,074.74;122,855.90;157,285.58;110,236.21
2015;154069;FUNDACAO UNIVERSIDADE FEDERAL DE S.J.DEL-REI;12;EDUCACAO;364;ENSINO SUPERIOR;2032;EDUCACAO SUPERIOR - GRADUACAO, POS-GRADUACAO, ENSINO, PESQUI;0487;CONCESSAO DE BOLSAS DE ESTUDO NO ENSINO SUPERIOR;0002;CONCESSAO DE BOLSAS DE ESTUDOS NO PAIS;12364203204870001;087493;OCCCUO9414N;BF SUPERIOR - PROAP;90;APLICACOES DIRETAS;3;DESPESAS CORRENTES;3;OUTRAS DESPESAS CORRENTES;33;PASSAGENS E DESPESAS COM LOCOMOCAO;339033;PASSAGENS E DESPESAS COM LOCOMOCAO;12;RECURSOS DEST.A MANUT.E DES.DO ENSINO;;;;;64,732.92;9,219.08;54,140.98;51,516.86
2015;154069;FUNDACAO UNIVERSIDADE FEDERAL DE S.J.DEL-REI;12;EDUCACAO;364;ENSINO SUPERIOR;2032;EDUCACAO SUPERIOR - GRADUACAO, POS-GRADUACAO, ENSINO, PESQUI;0487;CONCESSAO DE BOLSAS DE ESTUDO NO ENSINO SUPERIOR;0002;CONCESSAO DE BOLSAS DE ESTUDOS NO PAIS;12364203204870001;087493;OCCCUO9414N;BF SUPERIOR - PROAP;90;APLICACOES DIRETAS;3;DESPESAS CORRENTES;3;OUTRAS DESPESAS CORRENTES;36;OUTROS SERVICOS DE TERCEIROS - P.FISICA;339036;OUTROS SERVICOS DE TERCEIROS - PESSOA FISICA;12;RECURSOS DEST.A MANUT.E DES.DO ENSINO;;;;;4,807.20;2,948.70;1,858.50;1,681.50
2015;154069;FUNDACAO UNIVERSIDADE FEDERAL DE S.J.DEL-REI;12;EDUCACAO;364;ENSINO SUPERIOR;2032;EDUCACAO SUPERIOR - GRADUACAO, POS-GRADUACAO, ENSINO, PESQUI;0487;CONCESSAO DE BOLSAS DE ESTUDO NO ENSINO SUPERIOR;0002;CONCESSAO DE BOLSAS DE ESTUDOS NO PAIS;12364203204870001;087493;OCCCUO9414N;BF SUPERIOR - PROAP;90;APLICACOES DIRETAS;3;DESPESAS CORRENTES;3;OUTRAS DESPESAS CORRENTES;39;OUTROS SERVICOS DE TERCEIROS PJ - OP.INT.ORC.;339039;OUTROS SERVICOS DE TERCEIROS - PESSOA JURIDICA;12;RECURSOS DEST.A MANUT.E DES.DO ENSINO;;;;;62,690.88;14,822.72;5,950.00;5,950.00
2015;154069;FUNDACAO UNIVERSIDADE FEDERAL DE S.J.DEL-REI;12;EDUCACAO;364;ENSINO SUPERIOR;2032;EDUCACAO SUPERIOR - GRADUACAO, POS-GRADUACAO, ENSINO, PESQUI;0487;CONCESSAO DE BOLSAS DE ESTUDO NO ENSINO SUPERIOR;0002;CONCESSAO DE BOLSAS DE ESTUDOS NO PAIS;12364203204870001;087493;OCCCUO9414N;BF SUPERIOR - PROAP;90;APLICACOES DIRETAS;3;DESPESAS CORRENTES;3;OUTRAS DESPESAS CORRENTES;93;INDENIZACOES E RESTITUICOES;339093;INDENIZACOES E RESTITUICOES;12;RECURSOS DEST.A MANUT.E DES.DO ENSINO;;;;;15,586.55;2,064.05;13,522.50;9,591.60
2015;154069;FUNDACAO UNIVERSIDADE FEDERAL DE S.J.DEL-REI;12;EDUCACAO;368;EDUCACAO BASICA;2030;EDUCACAO BASICA;20RJ;APOIO A CAPACITACAO E FORMACAO INICIAL E CONTINUADA PARA A E;0004;EDUCACAO BASICA A DISTANCIA;12368203020RJ0001;087497;MCC62G22EDN;UAB - UAB TRADICIONAL;90;APLICACOES DIRETAS;3;DESPESAS CORRENTES;3;OUTRAS DESPESAS CORRENTES;14;DIARIAS - PESSOAL CIVIL;339014;DIARIAS - PESSOAL CIVIL;08;FUNDO SOCIAL-PARC.DEST.EDUCACAO PUBL.E SAUDE;;;;;1,629,256.20;564,458.13;1,064,798.07;920,123.47
2015;154069;FUNDACAO UNIVERSIDADE FEDERAL DE S.J.DEL-REI;12;EDUCACAO;368;EDUCACAO BASICA;2030;EDUCACAO BASICA;20RJ;APOIO A CAPACITACAO E FORMACAO INICIAL E CONTINUADA PARA A E;0004;EDUCACAO BASICA A DISTANCIA;12368203020RJ0001;087497;MCC62G22EDN;UAB - UAB TRADICIONAL;90;APLICACOES DIRETAS;3;DESPESAS CORRENTES;3;OUTRAS DESPESAS CORRENTES;18;AUXILIO FINANCEIRO A ESTUDANTES;339018;AUXILIO FINANCEIRO A ESTUDANTES;08;FUNDO SOCIAL-PARC.DEST.EDUCACAO PUBL.E SAUDE;;;;;59,500.00;23,800.00;9,802.83;9,802.83
2015;154069;FUNDACAO UNIVERSIDADE FEDERAL DE S.J.DEL-REI;12;EDUCACAO;368;EDUCACAO BASICA;2030;EDUCACAO BASICA;20RJ;APOIO A CAPACITACAO E FORMACAO INICIAL E CONTINUADA PARA A E;0004;EDUCACAO BASICA A DISTANCIA;12368203020RJ0001;087497;MCC62G22EDN;UAB - UAB TRADICIONAL;90;APLICACOES DIRETAS;3;DESPESAS CORRENTES;3;OUTRAS DESPESAS CORRENTES;30;MATERIAL DE CONSUMO;339030;MATERIAL DE CONSUMO;08;FUNDO SOCIAL-PARC.DEST.EDUCACAO PUBL.E SAUDE;;;;;14,149.50;3,449.40;8,841.60;6,793.70
2015;154069;FUNDACAO UNIVERSIDADE FEDERAL DE S.J.DEL-REI;12;EDUCACAO;368;EDUCACAO BASICA;2030;EDUCACAO BASICA;20RJ;APOIO A CAPACITACAO E FORMACAO INICIAL E CONTINUADA PARA A E;0004;EDUCACAO BASICA A DISTANCIA;12368203020RJ0001;087497;MCC62G22EDN;UAB - UAB TRADICIONAL;90;APLICACOES DIRETAS;3;DESPESAS CORRENTES;3;OUTRAS DESPESAS CORRENTES;33;PASSAGENS E DESPESAS COM LOCOMOCAO;339033;PASSAGENS E DESPESAS COM LOCOMOCAO;08;FUNDO SOCIAL-PARC.DEST.EDUCACAO PUBL.E SAUDE;;;;;1,748,969.27;712,973.43;1,018,161.23;935,593.10
2015;154069;FUNDACAO UNIVERSIDADE FEDERAL DE S.J.DEL-REI;12;EDUCACAO;368;EDUCACAO BASICA;2030;EDUCACAO BASICA;20RJ;APOIO A CAPACITACAO E FORMACAO INICIAL E CONTINUADA PARA A E;0004;EDUCACAO BASICA A DISTANCIA;12368203020RJ0001;087497;MCC62G22EDN;UAB - UAB TRADICIONAL;90;APLICACOES DIRETAS;3;DESPESAS CORRENTES;3;OUTRAS DESPESAS CORRENTES;36;OUTROS SERVICOS DE TERCEIROS - P.FISICA;339036;OUTROS SERVICOS DE TERCEIROS - PESSOA FISICA;08;FUNDO SOCIAL-PARC.DEST.EDUCACAO PUBL.E SAUDE;;;;;525,789.20;271,461.20;254,328.00;217,988.10
2015;154069;FUNDACAO UNIVERSIDADE FEDERAL DE S.J.DEL-REI;12;EDUCACAO;368;EDUCACAO BASICA;2030;EDUCACAO BASICA;20RJ;APOIO A CAPACITACAO E FORMACAO INICIAL E CONTINUADA PARA A E;0004;EDUCACAO BASICA A DISTANCIA;12368203020RJ0001;087497;MCC62G22EDN;UAB - UAB TRADICIONAL;90;APLICACOES DIRETAS;3;DESPESAS CORRENTES;3;OUTRAS DESPESAS CORRENTES;37;LOCACAO DE MAO-DE-OBRA;339037;LOCACAO DE MAO-DE-OBRA;08;FUNDO SOCIAL-PARC.DEST.EDUCACAO PUBL.E SAUDE;;;;;1,891,915.39;407,974.24;983,433.69;698,433.66
2015;154069;FUNDACAO UNIVERSIDADE FEDERAL DE S.J.DEL-REI;12;EDUCACAO;368;EDUCACAO BASICA;2030;EDUCACAO BASICA;20RJ;APOIO A CAPACITACAO E FORMACAO INICIAL E CONTINUADA PARA A E;0004;EDUCACAO BASICA A DISTANCIA;12368203020RJ0001;087497;MCC62G22EDN;UAB - UAB TRADICIONAL;90;APLICACOES DIRETAS;3;DESPESAS CORRENTES;3;OUTRAS DESPESAS CORRENTES;93;INDENIZACOES E RESTITUICOES;339093;INDENIZACOES E RESTITUICOES;08;FUNDO SOCIAL-PARC.DEST.EDUCACAO PUBL.E SAUDE;;;;;2,909.13;0.00;2,909.13;2,406.54
2015;154080;UNIVERSIDADE FEDERAL DE RORAIMA;12;EDUCACAO;364;ENSINO SUPERIOR;2032;EDUCACAO SUPERIOR - GRADUACAO, POS-GRADUACAO, ENSINO, PESQUI;0487;CONCESSAO DE BOLSAS DE ESTUDO NO ENSINO SUPERIOR;0002;CONCESSAO DE BOLSAS DE ESTUDOS NO PAIS;12364203204870001;087493;OCCCUO9414N;BF SUPERIOR - PROAP;90;APLICACOES DIRETAS;3;DESPESAS CORRENTES;3;OUTRAS DESPESAS CORRENTES;14;DIARIAS - PESSOAL CIVIL;339014;DIARIAS - PESSOAL CIVIL;12;RECURSOS DEST.A MANUT.E DES.DO ENSINO;;;;;400,977.52;277,907.01;123,070.51;117,358.94
2015;154080;UNIVERSIDADE FEDERAL DE RORAIMA;12;EDUCACAO;364;ENSINO SUPERIOR;2032;EDUCACAO SUPERIOR - GRADUACAO, POS-GRADUACAO, ENSINO, PESQUI;0487;CONCESSAO DE BOLSAS DE ESTUDO NO ENSINO SUPERIOR;0002;CONCESSAO DE BOLSAS DE ESTUDOS NO PAIS;12364203204870001;087493;OCCCUO9414N;BF SUPERIOR - PROAP;90;APLICACOES DIRETAS;3;DESPESAS CORRENTES;3;OUTRAS DESPESAS CORRENTES;30;MATERIAL DE CONSUMO;339030;MATERIAL DE CONSUMO;12;RECURSOS DEST.A MANUT.E DES.DO ENSINO;;;;;9,040.00;3,390.00;5,650.00;330.50
2015;154080;UNIVERSIDADE FEDERAL DE RORAIMA;12;EDUCACAO;364;ENSINO SUPERIOR;2032;EDUCACAO SUPERIOR - GRADUACAO, POS-GRADUACAO, ENSINO, PESQUI;0487;CONCESSAO DE BOLSAS DE ESTUDO NO ENSINO SUPERIOR;0002;CONCESSAO DE BOLSAS DE ESTUDOS NO PAIS;12364203204870001;087493;OCCCUO9414N;BF SUPERIOR - PROAP;90;APLICACOES DIRETAS;3;DESPESAS CORRENTES;3;OUTRAS DESPESAS CORRENTES;33;PASSAGENS E DESPESAS COM LOCOMOCAO;339033;PASSAGENS E DESPESAS COM LOCOMOCAO;12;RECURSOS DEST.A MANUT.E DES.DO ENSINO;;;;;706,570.16;581,967.17;124,602.99;119,128.60
2015;154080;UNIVERSIDADE FEDERAL DE RORAIMA;12;EDUCACAO;364;ENSINO SUPERIOR;2032;EDUCACAO SUPERIOR - GRADUACAO, POS-GRADUACAO, ENSINO, PESQUI;0487;CONCESSAO DE BOLSAS DE ESTUDO NO ENSINO SUPERIOR;0002;CONCESSAO DE BOLSAS DE ESTUDOS NO PAIS;12364203204870001;087493;OCCCUO9414N;BF SUPERIOR - PROAP;90;APLICACOES DIRETAS;3;DESPESAS CORRENTES;3;OUTRAS DESPESAS CORRENTES;36;OUTROS SERVICOS DE TERCEIROS - P.FISICA;339036;OUTROS SERVICOS DE TERCEIROS - PESSOA FISICA;12;RECURSOS DEST.A MANUT.E DES.DO ENSINO;;;;;328,409.10;273,819.70;54,589.40;43,112.10
2015;154215;FUNDACAO UNIVERSIDADE FEDERAL DO AMAPA;12;EDUCACAO;364;ENSINO SUPERIOR;2032;EDUCACAO SUPERIOR - GRADUACAO, POS-GRADUACAO, ENSINO, PESQUI;0487;CONCESSAO DE BOLSAS DE ESTUDO NO ENSINO SUPERIOR;0002;CONCESSAO DE BOLSAS DE ESTUDOS NO PAIS;12364203204870001;087493;OCCCUO9414N;BF SUPERIOR - PROAP;90;APLICACOES DIRETAS;3;DESPESAS CORRENTES;3;OUTRAS DESPESAS CORRENTES;14;DIARIAS - PESSOAL CIVIL;339014;DIARIAS - PESSOAL CIVIL;12;RECURSOS DEST.A MANUT.E DES.DO ENSINO;;;;;335,958.45;226,881.65;109,076.80;106,517.35
2015;154215;FUNDACAO UNIVERSIDADE FEDERAL DO AMAPA;12;EDUCACAO;364;ENSINO SUPERIOR;2032;EDUCACAO SUPERIOR - GRADUACAO, POS-GRADUACAO, ENSINO, PESQUI;0487;CONCESSAO DE BOLSAS DE ESTUDO NO ENSINO SUPERIOR;0002;CONCESSAO DE BOLSAS DE ESTUDOS NO PAIS;12364203204870001;087493;OCCCUO9414N;BF SUPERIOR - PROAP;90;APLICACOES DIRETAS;3;DESPESAS CORRENTES;3;OUTRAS DESPESAS CORRENTES;18;AUXILIO FINANCEIRO A ESTUDANTES;339018;AUXILIO FINANCEIRO A ESTUDANTES;12;RECURSOS DEST.A MANUT.E DES.DO ENSINO;;;;;91,630.00;41,065.00;50,565.00;50,065.00
2015;154215;FUNDACAO UNIVERSIDADE FEDERAL DO AMAPA;12;EDUCACAO;364;ENSINO SUPERIOR;2032;EDUCACAO SUPERIOR - GRADUACAO, POS-GRADUACAO, ENSINO, PESQUI;0487;CONCESSAO DE BOLSAS DE ESTUDO NO ENSINO SUPERIOR;0002;CONCESSAO DE BOLSAS DE ESTUDOS NO PAIS;12364203204870001;087493;OCCCUO9414N;BF SUPERIOR - PROAP;90;APLICACOES DIRETAS;3;DESPESAS CORRENTES;3;OUTRAS DESPESAS CORRENTES;20;AUXILIO FINANCEIRO A PESQUISADORES;339020;AUXILIO FINANCEIRO A PESQUISADORES;12;RECURSOS DEST.A MANUT.E DES.DO ENSINO;;;;;587,890.02;199,449.72;388,440.30;330,304.44
2015;154215;FUNDACAO UNIVERSIDADE FEDERAL DO AMAPA;12;EDUCACAO;364;ENSINO SUPERIOR;2032;EDUCACAO SUPERIOR - GRADUACAO, POS-GRADUACAO, ENSINO, PESQUI;0487;CONCESSAO DE BOLSAS DE ESTUDO NO ENSINO SUPERIOR;0002;CONCESSAO DE BOLSAS DE ESTUDOS NO PAIS;12364203204870001;087493;OCCCUO9414N;BF SUPERIOR - PROAP;90;APLICACOES DIRETAS;3;DESPESAS CORRENTES;3;OUTRAS DESPESAS CORRENTES;33;PASSAGENS E DESPESAS COM LOCOMOCAO;339033;PASSAGENS E DESPESAS COM LOCOMOCAO;12;RECURSOS DEST.A MANUT.E DES.DO ENSINO;;;;;568,627.90;419,767.69;116,655.57;101,985.49
2015;154215;FUNDACAO UNIVERSIDADE FEDERAL DO AMAPA;12;EDUCACAO;364;ENSINO SUPERIOR;2032;EDUCACAO SUPERIOR - GRADUACAO, POS-GRADUACAO, ENSINO, PESQUI;0487;CONCESSAO DE BOLSAS DE ESTUDO NO ENSINO SUPERIOR;0002;CONCESSAO DE BOLSAS DE ESTUDOS NO PAIS;12364203204870001;087493;OCCCUO9414N;BF SUPERIOR - PROAP;90;APLICACOES DIRETAS;3;DESPESAS CORRENTES;3;OUTRAS DESPESAS CORRENTES;36;OUTROS SERVICOS DE TERCEIROS - P.FISICA;339036;OUTROS SERVICOS DE TERCEIROS - PESSOA FISICA;12;RECURSOS DEST.A MANUT.E DES.DO ENSINO;;;;;178,820.00;110,692.00;68,128.00;68,128.00
2015;154215;FUNDACAO UNIVERSIDADE FEDERAL DO AMAPA;12;EDUCACAO;368;EDUCACAO BASICA;2030;EDUCACAO BASICA;20RJ;APOIO A CAPACITACAO E FORMACAO INICIAL E CONTINUADA PARA A E;0003;EDUCACAO BASICA PRESENCIAL;12368203020RJ0001;087496;PCC92B5801N;PARFOR - PARFOR;90;APLICACOES DIRETAS;3;DESPESAS CORRENTES;3;OUTRAS DESPESAS CORRENTES;18;AUXILIO FINANCEIRO A ESTUDANTES;339018;AUXILIO FINANCEIRO A ESTUDANTES;08;FUNDO SOCIAL-PARC.DEST.EDUCACAO PUBL.E SAUDE;;;;;350,000.00;161,000.00;67,500.00;67,500.00
2015;154215;FUNDACAO UNIVERSIDADE FEDERAL DO AMAPA;12;EDUCACAO;368;EDUCACAO BASICA;2030;EDUCACAO BASICA;20RJ;APOIO A CAPACITACAO E FORMACAO INICIAL E CONTINUADA PARA A E;0003;EDUCACAO BASICA PRESENCIAL;12368203020RJ0001;087496;PCC92B5801N;PARFOR - PARFOR;90;APLICACOES DIRETAS;3;DESPESAS CORRENTES;3;OUTRAS DESPESAS CORRENTES;36;OUTROS SERVICOS DE TERCEIROS - P.FISICA;339036;OUTROS SERVICOS DE TERCEIROS - PESSOA FISICA;08;FUNDO SOCIAL-PARC.DEST.EDUCACAO PUBL.E SAUDE;;;;;1,102,000.00;401,771.28;352,831.21;352,831.21
2015;154215;FUNDACAO UNIVERSIDADE FEDERAL DO AMAPA;12;EDUCACAO;368;EDUCACAO BASICA;2030;EDUCACAO BASICA;20RJ;APOIO A CAPACITACAO E FORMACAO INICIAL E CONTINUADA PARA A E;0003;EDUCACAO BASICA PRESENCIAL;12368203020RJ0001;087496;PCC92B5801N;PARFOR - PARFOR;90;APLICACOES DIRETAS;3;DESPESAS CORRENTES;3;OUTRAS DESPESAS CORRENTES;39;OUTROS SERVICOS DE TERCEIROS PJ - OP.INT.ORC.;339039;OUTROS SERVICOS DE TERCEIROS - PESSOA JURIDICA;08;FUNDO SOCIAL-PARC.DEST.EDUCACAO PUBL.E SAUDE;;;;;486,400.00;121,600.00;;
2015;154215;FUNDACAO UNIVERSIDADE FEDERAL DO AMAPA;12;EDUCACAO;368;EDUCACAO BASICA;2030;EDUCACAO BASICA;20RJ;APOIO A CAPACITACAO E FORMACAO INICIAL E CONTINUADA PARA A E;0004;EDUCACAO BASICA A DISTANCIA;12368203020RJ0001;087497;MCC62G22EDN;UAB - UAB TRADICIONAL;90;APLICACOES DIRETAS;3;DESPESAS CORRENTES;3;OUTRAS DESPESAS CORRENTES;14;DIARIAS - PESSOAL CIVIL;339014;DIARIAS - PESSOAL CIVIL;08;FUNDO SOCIAL-PARC.DEST.EDUCACAO PUBL.E SAUDE;;;;;279,166.56;100,476.25;178,690.31;178,269.27
2015;154215;FUNDACAO UNIVERSIDADE FEDERAL DO AMAPA;12;EDUCACAO;368;EDUCACAO BASICA;2030;EDUCACAO BASICA;20RJ;APOIO A CAPACITACAO E FORMACAO INICIAL E CONTINUADA PARA A E;0004;EDUCACAO BASICA A DISTANCIA;12368203020RJ0001;087497;MCC62G22EDN;UAB - UAB TRADICIONAL;90;APLICACOES DIRETAS;3;DESPESAS CORRENTES;3;OUTRAS DESPESAS CORRENTES;33;PASSAGENS E DESPESAS COM LOCOMOCAO;339033;PASSAGENS E DESPESAS COM LOCOMOCAO;08;FUNDO SOCIAL-PARC.DEST.EDUCACAO PUBL.E SAUDE;;;;;63,000.00;40,437.41;20,246.86;20,246.86
2015;154215;FUNDACAO UNIVERSIDADE FEDERAL DO AMAPA;12;EDUCACAO;368;EDUCACAO BASICA;2030;EDUCACAO BASICA;20RJ;APOIO A CAPACITACAO E FORMACAO INICIAL E CONTINUADA PARA A E;0004;EDUCACAO BASICA A DISTANCIA;12368203020RJ0001;087497;MCC62G22EDN;UAB - UAB TRADICIONAL;90;APLICACOES DIRETAS;3;DESPESAS CORRENTES;3;OUTRAS DESPESAS CORRENTES;36;OUTROS SERVICOS DE TERCEIROS - P.FISICA;339036;OUTROS SERVICOS DE TERCEIROS - PESSOA FISICA;08;FUNDO SOCIAL-PARC.DEST.EDUCACAO PUBL.E SAUDE;;;;;69,240.00;38,796.00;30,444.00;30,444.00
2015;154358;UTFPR - CAMPUS CURITIBA;12;EDUCACAO;364;ENSINO SUPERIOR;2032;EDUCACAO SUPERIOR - GRADUACAO, POS-GRADUACAO, ENSINO, PESQUI;0487;CONCESSAO DE BOLSAS DE ESTUDO NO ENSINO SUPERIOR;0002;CONCESSAO DE BOLSAS DE ESTUDOS NO PAIS;12364203204870001;087493;OCCCUO9414N;BF SUPERIOR - PROAP;90;APLICACOES DIRETAS;3;DESPESAS CORRENTES;3;OUTRAS DESPESAS CORRENTES;14;DIARIAS - PESSOAL CIVIL;339014;DIARIAS - PESSOAL CIVIL;12;RECURSOS DEST.A MANUT.E DES.DO ENSINO;;;;;58,500.93;17,060.31;41,440.62;41,078.62
2015;154358;UTFPR - CAMPUS CURITIBA;12;EDUCACAO;364;ENSINO SUPERIOR;2032;EDUCACAO SUPERIOR - GRADUACAO, POS-GRADUACAO, ENSINO, PESQUI;0487;CONCESSAO DE BOLSAS DE ESTUDO NO ENSINO SUPERIOR;0002;CONCESSAO DE BOLSAS DE ESTUDOS NO PAIS;12364203204870001;087493;OCCCUO9414N;BF SUPERIOR - PROAP;90;APLICACOES DIRETAS;3;DESPESAS CORRENTES;3;OUTRAS DESPESAS CORRENTES;18;AUXILIO FINANCEIRO A ESTUDANTES;339018;AUXILIO FINANCEIRO A ESTUDANTES;12;RECURSOS DEST.A MANUT.E DES.DO ENSINO;;;;;145,820.00;11,360.00;129,960.00;123,160.00
2015;154358;UTFPR - CAMPUS CURITIBA;12;EDUCACAO;364;ENSINO SUPERIOR;2032;EDUCACAO SUPERIOR - GRADUACAO, POS-GRADUACAO, ENSINO, PESQUI;0487;CONCESSAO DE BOLSAS DE ESTUDO NO ENSINO SUPERIOR;0002;CONCESSAO DE BOLSAS DE ESTUDOS NO PAIS;12364203204870001;087493;OCCCUO9414N;BF SUPERIOR - PROAP;90;APLICACOES DIRETAS;3;DESPESAS CORRENTES;3;OUTRAS DESPESAS CORRENTES;30;MATERIAL DE CONSUMO;339030;MATERIAL DE CONSUMO;12;RECURSOS DEST.A MANUT.E DES.DO ENSINO;;;;;7,535.12;1,199.78;2,736.00;2,052.00
2015;154358;UTFPR - CAMPUS CURITIBA;12;EDUCACAO;364;ENSINO SUPERIOR;2032;EDUCACAO SUPERIOR - GRADUACAO, POS-GRADUACAO, ENSINO, PESQUI;0487;CONCESSAO DE BOLSAS DE ESTUDO NO ENSINO SUPERIOR;0002;CONCESSAO DE BOLSAS DE ESTUDOS NO PAIS;12364203204870001;087493;OCCCUO9414N;BF SUPERIOR - PROAP;90;APLICACOES DIRETAS;3;DESPESAS CORRENTES;3;OUTRAS DESPESAS CORRENTES;33;PASSAGENS E DESPESAS COM LOCOMOCAO;339033;PASSAGENS E DESPESAS COM LOCOMOCAO;12;RECURSOS DEST.A MANUT.E DES.DO ENSINO;;;;;264,522.91;81,105.30;170,558.92;140,497.87
2015;154358;UTFPR - CAMPUS CURITIBA;12;EDUCACAO;364;ENSINO SUPERIOR;2032;EDUCACAO SUPERIOR - GRADUACAO, POS-GRADUACAO, ENSINO, PESQUI;0487;CONCESSAO DE BOLSAS DE ESTUDO NO ENSINO SUPERIOR;0002;CONCESSAO DE BOLSAS DE ESTUDOS NO PAIS;12364203204870001;087493;OCCCUO9414N;BF SUPERIOR - PROAP;90;APLICACOES DIRETAS;3;DESPESAS CORRENTES;3;OUTRAS DESPESAS CORRENTES;36;OUTROS SERVICOS DE TERCEIROS - P.FISICA;339036;OUTROS SERVICOS DE TERCEIROS - PESSOA FISICA;12;RECURSOS DEST.A MANUT.E DES.DO ENSINO;;;;;13,328.67;5,442.47;7,886.20;6,503.20
2015;154358;UTFPR - CAMPUS CURITIBA;12;EDUCACAO;364;ENSINO SUPERIOR;2032;EDUCACAO SUPERIOR - GRADUACAO, POS-GRADUACAO, ENSINO, PESQUI;0487;CONCESSAO DE BOLSAS DE ESTUDO NO ENSINO SUPERIOR;0002;CONCESSAO DE BOLSAS DE ESTUDOS NO PAIS;12364203204870001;087493;OCCCUO9414N;BF SUPERIOR - PROAP;90;APLICACOES DIRETAS;3;DESPESAS CORRENTES;3;OUTRAS DESPESAS CORRENTES;39;OUTROS SERVICOS DE TERCEIROS PJ - OP.INT.ORC.;339039;OUTROS SERVICOS DE TERCEIROS - PESSOA JURIDICA;12;RECURSOS DEST.A MANUT.E DES.DO ENSINO;;;;;128,030.89;5,857.45;119,080.71;112,134.78
2015;154358;UTFPR - CAMPUS CURITIBA;12;EDUCACAO;364;ENSINO SUPERIOR;2032;EDUCACAO SUPERIOR - GRADUACAO, POS-GRADUACAO, ENSINO, PESQUI;0487;CONCESSAO DE BOLSAS DE ESTUDO NO ENSINO SUPERIOR;0002;CONCESSAO DE BOLSAS DE ESTUDOS NO PAIS;12364203204870001;087493;OCCCUO9414N;BF SUPERIOR - PROAP;90;APLICACOES DIRETAS;3;DESPESAS CORRENTES;3;OUTRAS DESPESAS CORRENTES;93;INDENIZACOES E RESTITUICOES;339093;INDENIZACOES E RESTITUICOES;12;RECURSOS DEST.A MANUT.E DES.DO ENSINO;;;;;26,793.56;3,720.12;23,073.44;17,305.08
2015;154358;UTFPR - CAMPUS CURITIBA;12;EDUCACAO;368;EDUCACAO BASICA;2030;EDUCACAO BASICA;20RJ;APOIO A CAPACITACAO E FORMACAO INICIAL E CONTINUADA PARA A E;0004;EDUCACAO BASICA A DISTANCIA;12368203020RJ0001;087497;MCC62G22EDN;UAB - UAB TRADICIONAL;90;APLICACOES DIRETAS;3;DESPESAS CORRENTES;3;OUTRAS DESPESAS CORRENTES;14;DIARIAS - PESSOAL CIVIL;339014;DIARIAS - PESSOAL CIVIL;08;FUNDO SOCIAL-PARC.DEST.EDUCACAO PUBL.E SAUDE;;;;;62,244.40;31,963.15;30,281.25;25,907.70
2015;154358;UTFPR - CAMPUS CURITIBA;12;EDUCACAO;368;EDUCACAO BASICA;2030;EDUCACAO BASICA;20RJ;APOIO A CAPACITACAO E FORMACAO INICIAL E CONTINUADA PARA A E;0004;EDUCACAO BASICA A DISTANCIA;12368203020RJ0001;087497;MCC62G22EDN;UAB - UAB TRADICIONAL;90;APLICACOES DIRETAS;3;DESPESAS CORRENTES;3;OUTRAS DESPESAS CORRENTES;33;PASSAGENS E DESPESAS COM LOCOMOCAO;339033;PASSAGENS E DESPESAS COM LOCOMOCAO;08;FUNDO SOCIAL-PARC.DEST.EDUCACAO PUBL.E SAUDE;;;;;120,000.00;43,400.64;12,368.52;10,358.88
2015;154358;UTFPR - CAMPUS CURITIBA;12;EDUCACAO;368;EDUCACAO BASICA;2030;EDUCACAO BASICA;20RJ;APOIO A CAPACITACAO E FORMACAO INICIAL E CONTINUADA PARA A E;0004;EDUCACAO BASICA A DISTANCIA;12368203020RJ0001;087497;MCC62G22EDN;UAB - UAB TRADICIONAL;90;APLICACOES DIRETAS;3;DESPESAS CORRENTES;3;OUTRAS DESPESAS CORRENTES;36;OUTROS SERVICOS DE TERCEIROS - P.FISICA;339036;OUTROS SERVICOS DE TERCEIROS - PESSOA FISICA;08;FUNDO SOCIAL-PARC.DEST.EDUCACAO PUBL.E SAUDE;;;;;6,062.00;3,672.50;2,389.50;2,389.50
2015;154359;FUNDACAO UNIVERSIDADE FEDERAL DO PAMPA;12;EDUCACAO;364;ENSINO SUPERIOR;2032;EDUCACAO SUPERIOR - GRADUACAO, POS-GRADUACAO, ENSINO, PESQUI;0487;CONCESSAO DE BOLSAS DE ESTUDO NO ENSINO SUPERIOR;0002;CONCESSAO DE BOLSAS DE ESTUDOS NO PAIS;12364203204870001;087493;OCCCUO9414N;BF SUPERIOR - PROAP;90;APLICACOES DIRETAS;3;DESPESAS CORRENTES;3;OUTRAS DESPESAS CORRENTES;14;DIARIAS - PESSOAL CIVIL;339014;DIARIAS - PESSOAL CIVIL;12;RECURSOS DEST.A MANUT.E DES.DO ENSINO;;;;;1,181,977.11;615,522.43;566,454.68;495,123.15
2015;154359;FUNDACAO UNIVERSIDADE FEDERAL DO PAMPA;12;EDUCACAO;364;ENSINO SUPERIOR;2032;EDUCACAO SUPERIOR - GRADUACAO, POS-GRADUACAO, ENSINO, PESQUI;0487;CONCESSAO DE BOLSAS DE ESTUDO NO ENSINO SUPERIOR;0002;CONCESSAO DE BOLSAS DE ESTUDOS NO PAIS;12364203204870001;087493;OCCCUO9414N;BF SUPERIOR - PROAP;90;APLICACOES DIRETAS;3;DESPESAS CORRENTES;3;OUTRAS DESPESAS CORRENTES;18;AUXILIO FINANCEIRO A ESTUDANTES;339018;AUXILIO FINANCEIRO A ESTUDANTES;12;RECURSOS DEST.A MANUT.E DES.DO ENSINO;;;;;459,156.49;279,187.34;179,969.15;166,548.32
2015;154359;FUNDACAO UNIVERSIDADE FEDERAL DO PAMPA;12;EDUCACAO;364;ENSINO SUPERIOR;2032;EDUCACAO SUPERIOR - GRADUACAO, POS-GRADUACAO, ENSINO, PESQUI;0487;CONCESSAO DE BOLSAS DE ESTUDO NO ENSINO SUPERIOR;0002;CONCESSAO DE BOLSAS DE ESTUDOS NO PAIS;12364203204870001;087493;OCCCUO9414N;BF SUPERIOR - PROAP;90;APLICACOES DIRETAS;3;DESPESAS CORRENTES;3;OUTRAS DESPESAS CORRENTES;30;MATERIAL DE CONSUMO;339030;MATERIAL DE CONSUMO;12;RECURSOS DEST.A MANUT.E DES.DO ENSINO;;;;;147,701.29;51,868.06;49,863.27;41,071.15
2015;154359;FUNDACAO UNIVERSIDADE FEDERAL DO PAMPA;12;EDUCACAO;364;ENSINO SUPERIOR;2032;EDUCACAO SUPERIOR - GRADUACAO, POS-GRADUACAO, ENSINO, PESQUI;0487;CONCESSAO DE BOLSAS DE ESTUDO NO ENSINO SUPERIOR;0002;CONCESSAO DE BOLSAS DE ESTUDOS NO PAIS;12364203204870001;087493;OCCCUO9414N;BF SUPERIOR - PROAP;90;APLICACOES DIRETAS;3;DESPESAS CORRENTES;3;OUTRAS DESPESAS CORRENTES;33;PASSAGENS E DESPESAS COM LOCOMOCAO;339033;PASSAGENS E DESPESAS COM LOCOMOCAO;12;RECURSOS DEST.A MANUT.E DES.DO ENSINO;;;;;188,155.22;164,061.31;24,093.91;21,818.13
2015;154359;FUNDACAO UNIVERSIDADE FEDERAL DO PAMPA;12;EDUCACAO;364;ENSINO SUPERIOR;2032;EDUCACAO SUPERIOR - GRADUACAO, POS-GRADUACAO, ENSINO, PESQUI;0487;CONCESSAO DE BOLSAS DE ESTUDO NO ENSINO SUPERIOR;0002;CONCESSAO DE BOLSAS DE ESTUDOS NO PAIS;12364203204870001;087493;OCCCUO9414N;BF SUPERIOR - PROAP;90;APLICACOES DIRETAS;3;DESPESAS CORRENTES;3;OUTRAS DESPESAS CORRENTES;36;OUTROS SERVICOS DE TERCEIROS - P.FISICA;339036;OUTROS SERVICOS DE TERCEIROS - PESSOA FISICA;12;RECURSOS DEST.A MANUT.E DES.DO ENSINO;;;;;105,601.00;78,675.00;26,926.00;22,924.00
2015;154359;FUNDACAO UNIVERSIDADE FEDERAL DO PAMPA;12;EDUCACAO;364;ENSINO SUPERIOR;2032;EDUCACAO SUPERIOR - GRADUACAO, POS-GRADUACAO, ENSINO, PESQUI;0487;CONCESSAO DE BOLSAS DE ESTUDO NO ENSINO SUPERIOR;0002;CONCESSAO DE BOLSAS DE ESTUDOS NO PAIS;12364203204870001;087493;OCCCUO9414N;BF SUPERIOR - PROAP;90;APLICACOES DIRETAS;3;DESPESAS CORRENTES;3;OUTRAS DESPESAS CORRENTES;93;INDENIZACOES E RESTITUICOES;339093;INDENIZACOES E RESTITUICOES;12;RECURSOS DEST.A MANUT.E DES.DO ENSINO;;;;;79,240.31;51,767.22;27,473.09;25,089.94
2015;154419;FUNDACAO UNIVERSIDADE FEDERAL DO TOCANTINS;12;EDUCACAO;364;ENSINO SUPERIOR;2032;EDUCACAO SUPERIOR - GRADUACAO, POS-GRADUACAO, ENSINO, PESQUI;0487;CONCESSAO DE BOLSAS DE ESTUDO NO ENSINO SUPERIOR;0002;CONCESSAO DE BOLSAS DE ESTUDOS NO PAIS;12364203204870001;087493;OCCCUO9414N;BF SUPERIOR - PROAP;90;APLICACOES DIRETAS;3;DESPESAS CORRENTES;3;OUTRAS DESPESAS CORRENTES;14;DIARIAS - PESSOAL CIVIL;339014;DIARIAS - PESSOAL CIVIL;12;RECURSOS DEST.A MANUT.E DES.DO ENSINO;;;;;1,226,534.89;815,235.65;411,299.24;395,598.68
2015;154419;FUNDACAO UNIVERSIDADE FEDERAL DO TOCANTINS;12;EDUCACAO;364;ENSINO SUPERIOR;2032;EDUCACAO SUPERIOR - GRADUACAO, POS-GRADUACAO, ENSINO, PESQUI;0487;CONCESSAO DE BOLSAS DE ESTUDO NO ENSINO SUPERIOR;0002;CONCESSAO DE BOLSAS DE ESTUDOS NO PAIS;12364203204870001;087493;OCCCUO9414N;BF SUPERIOR - PROAP;90;APLICACOES DIRETAS;3;DESPESAS CORRENTES;3;OUTRAS DESPESAS CORRENTES;18;AUXILIO FINANCEIRO A ESTUDANTES;339018;AUXILIO FINANCEIRO A ESTUDANTES;12;RECURSOS DEST.A MANUT.E DES.DO ENSINO;;;;;188,000.00;110,550.00;65,750.00;61,350.00
2015;154419;FUNDACAO UNIVERSIDADE FEDERAL DO TOCANTINS;12;EDUCACAO;364;ENSINO SUPERIOR;2032;EDUCACAO SUPERIOR - GRADUACAO, POS-GRADUACAO, ENSINO, PESQUI;0487;CONCESSAO DE BOLSAS DE ESTUDO NO ENSINO SUPERIOR;0002;CONCESSAO DE BOLSAS DE ESTUDOS NO PAIS;12364203204870001;087493;OCCCUO9414N;BF SUPERIOR - PROAP;90;APLICACOES DIRETAS;3;DESPESAS CORRENTES;3;OUTRAS DESPESAS CORRENTES;20;AUXILIO FINANCEIRO A PESQUISADORES;339020;AUXILIO FINANCEIRO A PESQUISADORES;12;RECURSOS DEST.A MANUT.E DES.DO ENSINO;;;;;130,500.00;87,000.00;;
2015;154419;FUNDACAO UNIVERSIDADE FEDERAL DO TOCANTINS;12;EDUCACAO;364;ENSINO SUPERIOR;2032;EDUCACAO SUPERIOR - GRADUACAO, POS-GRADUACAO, ENSINO, PESQUI;0487;CONCESSAO DE BOLSAS DE ESTUDO NO ENSINO SUPERIOR;0002;CONCESSAO DE BOLSAS DE ESTUDOS NO PAIS;12364203204870001;087493;OCCCUO9414N;BF SUPERIOR - PROAP;90;APLICACOES DIRETAS;3;DESPESAS CORRENTES;3;OUTRAS DESPESAS CORRENTES;33;PASSAGENS E DESPESAS COM LOCOMOCAO;339033;PASSAGENS E DESPESAS COM LOCOMOCAO;12;RECURSOS DEST.A MANUT.E DES.DO ENSINO;;;;;1,957,548.00;884,061.36;636,242.88;525,466.80
2015;154419;FUNDACAO UNIVERSIDADE FEDERAL DO TOCANTINS;12;EDUCACAO;364;ENSINO SUPERIOR;2032;EDUCACAO SUPERIOR - GRADUACAO, POS-GRADUACAO, ENSINO, PESQUI;0487;CONCESSAO DE BOLSAS DE ESTUDO NO ENSINO SUPERIOR;0002;CONCESSAO DE BOLSAS DE ESTUDOS NO PAIS;12364203204870001;087493;OCCCUO9414N;BF SUPERIOR - PROAP;90;APLICACOES DIRETAS;3;DESPESAS CORRENTES;3;OUTRAS DESPESAS CORRENTES;36;OUTROS SERVICOS DE TERCEIROS - P.FISICA;339036;OUTROS SERVICOS DE TERCEIROS - PESSOA FISICA;12;RECURSOS DEST.A MANUT.E DES.DO ENSINO;;;;;79,498.05;52,726.30;26,771.75;26,329.25
2015;154419;FUNDACAO UNIVERSIDADE FEDERAL DO TOCANTINS;12;EDUCACAO;364;ENSINO SUPERIOR;2032;EDUCACAO SUPERIOR - GRADUACAO, POS-GRADUACAO, ENSINO, PESQUI;0487;CONCESSAO DE BOLSAS DE ESTUDO NO ENSINO SUPERIOR;0002;CONCESSAO DE BOLSAS DE ESTUDOS NO PAIS;12364203204870001;087493;OCCCUO9414N;BF SUPERIOR - PROAP;90;APLICACOES DIRETAS;3;DESPESAS CORRENTES;3;OUTRAS DESPESAS CORRENTES;39;OUTROS SERVICOS DE TERCEIROS PJ - OP.INT.ORC.;339039;OUTROS SERVICOS DE TERCEIROS - PESSOA JURIDICA;12;RECURSOS DEST.A MANUT.E DES.DO ENSINO;;;;;22,910.00;0.00;22,910.00;22,910.00
2015;154419;FUNDACAO UNIVERSIDADE FEDERAL DO TOCANTINS;12;EDUCACAO;368;EDUCACAO BASICA;2030;EDUCACAO BASICA;20RJ;APOIO A CAPACITACAO E FORMACAO INICIAL E CONTINUADA PARA A E;0003;EDUCACAO BASICA PRESENCIAL;12368203020RJ0001;087496;PCC92B5801N;PARFOR - PARFOR;90;APLICACOES DIRETAS;3;DESPESAS CORRENTES;3;OUTRAS DESPESAS CORRENTES;14;DIARIAS - PESSOAL CIVIL;339014;DIARIAS - PESSOAL CIVIL;08;FUNDO SOCIAL-PARC.DEST.EDUCACAO PUBL.E SAUDE;;;;;173,251.65;94,070.77;79,180.88;77,268.28
2015;154419;FUNDACAO UNIVERSIDADE FEDERAL DO TOCANTINS;12;EDUCACAO;368;EDUCACAO BASICA;2030;EDUCACAO BASICA;20RJ;APOIO A CAPACITACAO E FORMACAO INICIAL E CONTINUADA PARA A E;0003;EDUCACAO BASICA PRESENCIAL;12368203020RJ0001;087496;PCC92B5801N;PARFOR - PARFOR;90;APLICACOES DIRETAS;3;DESPESAS CORRENTES;3;OUTRAS DESPESAS CORRENTES;18;AUXILIO FINANCEIRO A ESTUDANTES;339018;AUXILIO FINANCEIRO A ESTUDANTES;08;FUNDO SOCIAL-PARC.DEST.EDUCACAO PUBL.E SAUDE;;;;;85,000.00;20,500.00;54,900.00;54,600.00
2015;154419;FUNDACAO UNIVERSIDADE FEDERAL DO TOCANTINS;12;EDUCACAO;368;EDUCACAO BASICA;2030;EDUCACAO BASICA;20RJ;APOIO A CAPACITACAO E FORMACAO INICIAL E CONTINUADA PARA A E;0003;EDUCACAO BASICA PRESENCIAL;12368203020RJ0001;087496;PCC92B5801N;PARFOR - PARFOR;90;APLICACOES DIRETAS;3;DESPESAS CORRENTES;3;OUTRAS DESPESAS CORRENTES;30;MATERIAL DE CONSUMO;339030;MATERIAL DE CONSUMO;08;FUNDO SOCIAL-PARC.DEST.EDUCACAO PUBL.E SAUDE;;;;;11,996.16;0.00;11,996.16;11,996.16
2015;154419;FUNDACAO UNIVERSIDADE FEDERAL DO TOCANTINS;12;EDUCACAO;368;EDUCACAO BASICA;2030;EDUCACAO BASICA;20RJ;APOIO A CAPACITACAO E FORMACAO INICIAL E CONTINUADA PARA A E;0003;EDUCACAO BASICA PRESENCIAL;12368203020RJ0001;087496;PCC92B5801N;PARFOR - PARFOR;90;APLICACOES DIRETAS;3;DESPESAS CORRENTES;3;OUTRAS DESPESAS CORRENTES;33;PASSAGENS E DESPESAS COM LOCOMOCAO;339033;PASSAGENS E DESPESAS COM LOCOMOCAO;08;FUNDO SOCIAL-PARC.DEST.EDUCACAO PUBL.E SAUDE;;;;;185,000.00;95,470.30;35,907.58;16,589.10
2015;154419;FUNDACAO UNIVERSIDADE FEDERAL DO TOCANTINS;12;EDUCACAO;368;EDUCACAO BASICA;2030;EDUCACAO BASICA;20RJ;APOIO A CAPACITACAO E FORMACAO INICIAL E CONTINUADA PARA A E;0003;EDUCACAO BASICA PRESENCIAL;12368203020RJ0001;087496;PCC92B5801N;PARFOR - PARFOR;90;APLICACOES DIRETAS;3;DESPESAS CORRENTES;3;OUTRAS DESPESAS CORRENTES;39;OUTROS SERVICOS DE TERCEIROS PJ - OP.INT.ORC.;339039;OUTROS SERVICOS DE TERCEIROS - PESSOA JURIDICA;08;FUNDO SOCIAL-PARC.DEST.EDUCACAO PUBL.E SAUDE;;;;;67,988.00;16,997.00;16,281.00;
2015;154419;FUNDACAO UNIVERSIDADE FEDERAL DO TOCANTINS;12;EDUCACAO;368;EDUCACAO BASICA;2030;EDUCACAO BASICA;20RJ;APOIO A CAPACITACAO E FORMACAO INICIAL E CONTINUADA PARA A E;0004;EDUCACAO BASICA A DISTANCIA;12368203020RJ0001;087497;MCC62G22EDN;UAB - UAB TRADICIONAL;90;APLICACOES DIRETAS;3;DESPESAS CORRENTES;3;OUTRAS DESPESAS CORRENTES;39;OUTROS SERVICOS DE TERCEIROS PJ - OP.INT.ORC.;339039;OUTROS SERVICOS DE TERCEIROS - PESSOA JURIDICA;08;FUNDO SOCIAL-PARC.DEST.EDUCACAO PUBL.E SAUDE;;;;;566,741.36;141,685.34;125,056.02;
2015;154421;FUND. UNIVERSIDADE FEDERAL VALE SAO FRANCISCO;12;EDUCACAO;364;ENSINO SUPERIOR;2032;EDUCACAO SUPERIOR - GRADUACAO, POS-GRADUACAO, ENSINO, PESQUI;0487;CONCESSAO DE BOLSAS DE ESTUDO NO ENSINO SUPERIOR;0002;CONCESSAO DE BOLSAS DE ESTUDOS NO PAIS;12364203204870001;087493;OCCCUO9414N;BF SUPERIOR - PROAP;90;APLICACOES DIRETAS;3;DESPESAS CORRENTES;3;OUTRAS DESPESAS CORRENTES;14;DIARIAS - PESSOAL CIVIL;339014;DIARIAS - PESSOAL CIVIL;12;RECURSOS DEST.A MANUT.E DES.DO ENSINO;;;;;163,063.53;85,276.99;77,786.54;67,916.38
2015;154421;FUND. UNIVERSIDADE FEDERAL VALE SAO FRANCISCO;12;EDUCACAO;364;ENSINO SUPERIOR;2032;EDUCACAO SUPERIOR - GRADUACAO, POS-GRADUACAO, ENSINO, PESQUI;0487;CONCESSAO DE BOLSAS DE ESTUDO NO ENSINO SUPERIOR;0002;CONCESSAO DE BOLSAS DE ESTUDOS NO PAIS;12364203204870001;087493;OCCCUO9414N;BF SUPERIOR - PROAP;90;APLICACOES DIRETAS;3;DESPESAS CORRENTES;3;OUTRAS DESPESAS CORRENTES;33;PASSAGENS E DESPESAS COM LOCOMOCAO;339033;PASSAGENS E DESPESAS COM LOCOMOCAO;12;RECURSOS DEST.A MANUT.E DES.DO ENSINO;;;;;300,000.00;141,530.50;109,213.31;84,564.81
2015;154421;FUND. UNIVERSIDADE FEDERAL VALE SAO FRANCISCO;12;EDUCACAO;364;ENSINO SUPERIOR;2032;EDUCACAO SUPERIOR - GRADUACAO, POS-GRADUACAO, ENSINO, PESQUI;0487;CONCESSAO DE BOLSAS DE ESTUDO NO ENSINO SUPERIOR;0002;CONCESSAO DE BOLSAS DE ESTUDOS NO PAIS;12364203204870001;087493;OCCCUO9414N;BF SUPERIOR - PROAP;90;APLICACOES DIRETAS;3;DESPESAS CORRENTES;3;OUTRAS DESPESAS CORRENTES;36;OUTROS SERVICOS DE TERCEIROS - P.FISICA;339036;OUTROS SERVICOS DE TERCEIROS - PESSOA FISICA;12;RECURSOS DEST.A MANUT.E DES.DO ENSINO;;;;;24,066.00;12,515.50;11,550.50;9,066.00
2015;154421;FUND. UNIVERSIDADE FEDERAL VALE SAO FRANCISCO;12;EDUCACAO;364;ENSINO SUPERIOR;2032;EDUCACAO SUPERIOR - GRADUACAO, POS-GRADUACAO, ENSINO, PESQUI;0487;CONCESSAO DE BOLSAS DE ESTUDO NO ENSINO SUPERIOR;0002;CONCESSAO DE BOLSAS DE ESTUDOS NO PAIS;12364203204870001;087493;OCCCUO9414N;BF SUPERIOR - PROAP;90;APLICACOES DIRETAS;3;DESPESAS CORRENTES;3;OUTRAS DESPESAS CORRENTES;39;OUTROS SERVICOS DE TERCEIROS PJ - OP.INT.ORC.;339039;OUTROS SERVICOS DE TERCEIROS - PESSOA JURIDICA;12;RECURSOS DEST.A MANUT.E DES.DO ENSINO;;;;;82,423.95;28,449.90;;
2015;154421;FUND. UNIVERSIDADE FEDERAL VALE SAO FRANCISCO;12;EDUCACAO;368;EDUCACAO BASICA;2030;EDUCACAO BASICA;20RJ;APOIO A CAPACITACAO E FORMACAO INICIAL E CONTINUADA PARA A E;0004;EDUCACAO BASICA A DISTANCIA;12368203020RJ0001;087497;MCC62G22EDN;UAB - UAB TRADICIONAL;90;APLICACOES DIRETAS;3;DESPESAS CORRENTES;3;OUTRAS DESPESAS CORRENTES;14;DIARIAS - PESSOAL CIVIL;339014;DIARIAS - PESSOAL CIVIL;08;FUNDO SOCIAL-PARC.DEST.EDUCACAO PUBL.E SAUDE;;;;;44,975.58;26,356.53;18,619.05;18,026.95
2015;154421;FUND. UNIVERSIDADE FEDERAL VALE SAO FRANCISCO;12;EDUCACAO;368;EDUCACAO BASICA;2030;EDUCACAO BASICA;20RJ;APOIO A CAPACITACAO E FORMACAO INICIAL E CONTINUADA PARA A E;0004;EDUCACAO BASICA A DISTANCIA;12368203020RJ0001;087497;MCC62G22EDN;UAB - UAB TRADICIONAL;90;APLICACOES DIRETAS;3;DESPESAS CORRENTES;3;OUTRAS DESPESAS CORRENTES;33;PASSAGENS E DESPESAS COM LOCOMOCAO;339033;PASSAGENS E DESPESAS COM LOCOMOCAO;08;FUNDO SOCIAL-PARC.DEST.EDUCACAO PUBL.E SAUDE;;;;;54,000.00;26,162.00;4,954.00;4,954.00
2015;154421;FUND. UNIVERSIDADE FEDERAL VALE SAO FRANCISCO;12;EDUCACAO;368;EDUCACAO BASICA;2030;EDUCACAO BASICA;20RJ;APOIO A CAPACITACAO E FORMACAO INICIAL E CONTINUADA PARA A E;0004;EDUCACAO BASICA A DISTANCIA;12368203020RJ0001;087497;MCC62G22EDN;UAB - UAB TRADICIONAL;90;APLICACOES DIRETAS;3;DESPESAS CORRENTES;3;OUTRAS DESPESAS CORRENTES;36;OUTROS SERVICOS DE TERCEIROS - P.FISICA;339036;OUTROS SERVICOS DE TERCEIROS - PESSOA FISICA;08;FUNDO SOCIAL-PARC.DEST.EDUCACAO PUBL.E SAUDE;;;;;6,000.00;6,000.00;;
2015;154421;FUND. UNIVERSIDADE FEDERAL VALE SAO FRANCISCO;12;EDUCACAO;368;EDUCACAO BASICA;2030;EDUCACAO BASICA;20RJ;APOIO A CAPACITACAO E FORMACAO INICIAL E CONTINUADA PARA A E;0004;EDUCACAO BASICA A DISTANCIA;12368203020RJ0001;087497;MCC62G22EDN;UAB - UAB TRADICIONAL;90;APLICACOES DIRETAS;3;DESPESAS CORRENTES;3;OUTRAS DESPESAS CORRENTES;39;OUTROS SERVICOS DE TERCEIROS PJ - OP.INT.ORC.;339039;OUTROS SERVICOS DE TERCEIROS - PESSOA JURIDICA;08;FUNDO SOCIAL-PARC.DEST.EDUCACAO PUBL.E SAUDE;;;;;1,514,404.92;262,648.86;1,251,756.06;1,112,471.51
2015;154502;FUNDACAO UNIVERSIDADE FED. DA GRANDE DOURADOS;12;EDUCACAO;364;ENSINO SUPERIOR;2032;EDUCACAO SUPERIOR - GRADUACAO, POS-GRADUACAO, ENSINO, PESQUI;0487;CONCESSAO DE BOLSAS DE ESTUDO NO ENSINO SUPERIOR;0002;CONCESSAO DE BOLSAS DE ESTUDOS NO PAIS;12364203204870001;087493;OCCCUO9414N;BF SUPERIOR - PROAP;90;APLICACOES DIRETAS;3;DESPESAS CORRENTES;3;OUTRAS DESPESAS CORRENTES;14;DIARIAS - PESSOAL CIVIL;339014;DIARIAS - PESSOAL CIVIL;12;RECURSOS DEST.A MANUT.E DES.DO ENSINO;;;;;2,100,189.84;1,195,459.15;904,730.69;852,291.72
2015;154502;FUNDACAO UNIVERSIDADE FED. DA GRANDE DOURADOS;12;EDUCACAO;364;ENSINO SUPERIOR;2032;EDUCACAO SUPERIOR - GRADUACAO, POS-GRADUACAO, ENSINO, PESQUI;0487;CONCESSAO DE BOLSAS DE ESTUDO NO ENSINO SUPERIOR;0002;CONCESSAO DE BOLSAS DE ESTUDOS NO PAIS;12364203204870001;087493;OCCCUO9414N;BF SUPERIOR - PROAP;90;APLICACOES DIRETAS;3;DESPESAS CORRENTES;3;OUTRAS DESPESAS CORRENTES;18;AUXILIO FINANCEIRO A ESTUDANTES;339018;AUXILIO FINANCEIRO A ESTUDANTES;12;RECURSOS DEST.A MANUT.E DES.DO ENSINO;;;;;4,169,620.96;1,935,202.61;706,665.74;183,026.03
2015;154502;FUNDACAO UNIVERSIDADE FED. DA GRANDE DOURADOS;12;EDUCACAO;364;ENSINO SUPERIOR;2032;EDUCACAO SUPERIOR - GRADUACAO, POS-GRADUACAO, ENSINO, PESQUI;0487;CONCESSAO DE BOLSAS DE ESTUDO NO ENSINO SUPERIOR;0002;CONCESSAO DE BOLSAS DE ESTUDOS NO PAIS;12364203204870001;087493;OCCCUO9414N;BF SUPERIOR - PROAP;90;APLICACOES DIRETAS;3;DESPESAS CORRENTES;3;OUTRAS DESPESAS CORRENTES;30;MATERIAL DE CONSUMO;339030;MATERIAL DE CONSUMO;12;RECURSOS DEST.A MANUT.E DES.DO ENSINO;;;;;5,756.40;3,588.03;;
2015;154502;FUNDACAO UNIVERSIDADE FED. DA GRANDE DOURADOS;12;EDUCACAO;364;ENSINO SUPERIOR;2032;EDUCACAO SUPERIOR - GRADUACAO, POS-GRADUACAO, ENSINO, PESQUI;0487;CONCESSAO DE BOLSAS DE ESTUDO NO ENSINO SUPERIOR;0002;CONCESSAO DE BOLSAS DE ESTUDOS NO PAIS;12364203204870001;087493;OCCCUO9414N;BF SUPERIOR - PROAP;90;APLICACOES DIRETAS;3;DESPESAS CORRENTES;3;OUTRAS DESPESAS CORRENTES;33;PASSAGENS E DESPESAS COM LOCOMOCAO;339033;PASSAGENS E DESPESAS COM LOCOMOCAO;12;RECURSOS DEST.A MANUT.E DES.DO ENSINO;;;;;1,456,089.68;955,166.85;487,062.83;401,295.18
2015;154502;FUNDACAO UNIVERSIDADE FED. DA GRANDE DOURADOS;12;EDUCACAO;364;ENSINO SUPERIOR;2032;EDUCACAO SUPERIOR - GRADUACAO, POS-GRADUACAO, ENSINO, PESQUI;0487;CONCESSAO DE BOLSAS DE ESTUDO NO ENSINO SUPERIOR;0002;CONCESSAO DE BOLSAS DE ESTUDOS NO PAIS;12364203204870001;087493;OCCCUO9414N;BF SUPERIOR - PROAP;90;APLICACOES DIRETAS;3;DESPESAS CORRENTES;3;OUTRAS DESPESAS CORRENTES;36;OUTROS SERVICOS DE TERCEIROS - P.FISICA;339036;OUTROS SERVICOS DE TERCEIROS - PESSOA FISICA;12;RECURSOS DEST.A MANUT.E DES.DO ENSINO;;;;;355,281.00;230,774.60;124,506.40;118,574.50
2015;154502;FUNDACAO UNIVERSIDADE FED. DA GRANDE DOURADOS;12;EDUCACAO;364;ENSINO SUPERIOR;2032;EDUCACAO SUPERIOR - GRADUACAO, POS-GRADUACAO, ENSINO, PESQUI;0487;CONCESSAO DE BOLSAS DE ESTUDO NO ENSINO SUPERIOR;0002;CONCESSAO DE BOLSAS DE ESTUDOS NO PAIS;12364203204870001;087493;OCCCUO9414N;BF SUPERIOR - PROAP;90;APLICACOES DIRETAS;3;DESPESAS CORRENTES;3;OUTRAS DESPESAS CORRENTES;39;OUTROS SERVICOS DE TERCEIROS PJ - OP.INT.ORC.;339039;OUTROS SERVICOS DE TERCEIROS - PESSOA JURIDICA;12;RECURSOS DEST.A MANUT.E DES.DO ENSINO;;;;;153.14;95.45;;
2015;154502;FUNDACAO UNIVERSIDADE FED. DA GRANDE DOURADOS;12;EDUCACAO;364;ENSINO SUPERIOR;2032;EDUCACAO SUPERIOR - GRADUACAO, POS-GRADUACAO, ENSINO, PESQUI;0487;CONCESSAO DE BOLSAS DE ESTUDO NO ENSINO SUPERIOR;0002;CONCESSAO DE BOLSAS DE ESTUDOS NO PAIS;12364203204870001;087493;OCCCUO9414N;BF SUPERIOR - PROAP;90;APLICACOES DIRETAS;3;DESPESAS CORRENTES;3;OUTRAS DESPESAS CORRENTES;93;INDENIZACOES E RESTITUICOES;339093;INDENIZACOES E RESTITUICOES;12;RECURSOS DEST.A MANUT.E DES.DO ENSINO;;;;;136,268.24;56,891.39;79,376.85;20,398.22
2015;154503;FUNDACAO UNIVERSIDADE FEDERAL DO ABC;12;EDUCACAO;364;ENSINO SUPERIOR;2032;EDUCACAO SUPERIOR - GRADUACAO, POS-GRADUACAO, ENSINO, PESQUI;0487;CONCESSAO DE BOLSAS DE ESTUDO NO ENSINO SUPERIOR;0002;CONCESSAO DE BOLSAS DE ESTUDOS NO PAIS;12364203204870001;087493;OCCCUO9414N;BF SUPERIOR - PROAP;90;APLICACOES DIRETAS;3;DESPESAS CORRENTES;3;OUTRAS DESPESAS CORRENTES;14;DIARIAS - PESSOAL CIVIL;339014;DIARIAS - PESSOAL CIVIL;12;RECURSOS DEST.A MANUT.E DES.DO ENSINO;;;;0.00;880,000.00;482,053.38;342,060.61;335,942.11
2015;154503;FUNDACAO UNIVERSIDADE FEDERAL DO ABC;12;EDUCACAO;364;ENSINO SUPERIOR;2032;EDUCACAO SUPERIOR - GRADUACAO, POS-GRADUACAO, ENSINO, PESQUI;0487;CONCESSAO DE BOLSAS DE ESTUDO NO ENSINO SUPERIOR;0002;CONCESSAO DE BOLSAS DE ESTUDOS NO PAIS;12364203204870001;087493;OCCCUO9414N;BF SUPERIOR - PROAP;90;APLICACOES DIRETAS;3;DESPESAS CORRENTES;3;OUTRAS DESPESAS CORRENTES;18;AUXILIO FINANCEIRO A ESTUDANTES;339018;AUXILIO FINANCEIRO A ESTUDANTES;12;RECURSOS DEST.A MANUT.E DES.DO ENSINO;;;;0.01;907,771.19;50,966.68;856,804.51;727,501.65
2015;154503;FUNDACAO UNIVERSIDADE FEDERAL DO ABC;12;EDUCACAO;364;ENSINO SUPERIOR;2032;EDUCACAO SUPERIOR - GRADUACAO, POS-GRADUACAO, ENSINO, PESQUI;0487;CONCESSAO DE BOLSAS DE ESTUDO NO ENSINO SUPERIOR;0002;CONCESSAO DE BOLSAS DE ESTUDOS NO PAIS;12364203204870001;087493;OCCCUO9414N;BF SUPERIOR - PROAP;90;APLICACOES DIRETAS;3;DESPESAS CORRENTES;3;OUTRAS DESPESAS CORRENTES;20;AUXILIO FINANCEIRO A PESQUISADORES;339020;AUXILIO FINANCEIRO A PESQUISADORES;12;RECURSOS DEST.A MANUT.E DES.DO ENSINO;;;;0.00;321,437.34;29,803.18;291,634.16;271,034.16
2015;154503;FUNDACAO UNIVERSIDADE FEDERAL DO ABC;12;EDUCACAO;364;ENSINO SUPERIOR;2032;EDUCACAO SUPERIOR - GRADUACAO, POS-GRADUACAO, ENSINO, PESQUI;0487;CONCESSAO DE BOLSAS DE ESTUDO NO ENSINO SUPERIOR;0002;CONCESSAO DE BOLSAS DE ESTUDOS NO PAIS;12364203204870001;087493;OCCCUO9414N;BF SUPERIOR - PROAP;90;APLICACOES DIRETAS;3;DESPESAS CORRENTES;3;OUTRAS DESPESAS CORRENTES;33;PASSAGENS E DESPESAS COM LOCOMOCAO;339033;PASSAGENS E DESPESAS COM LOCOMOCAO;12;RECURSOS DEST.A MANUT.E DES.DO ENSINO;;;;0.00;917,180.25;627,616.07;193,851.85;175,289.95
2015;154503;FUNDACAO UNIVERSIDADE FEDERAL DO ABC;12;EDUCACAO;364;ENSINO SUPERIOR;2032;EDUCACAO SUPERIOR - GRADUACAO, POS-GRADUACAO, ENSINO, PESQUI;0487;CONCESSAO DE BOLSAS DE ESTUDO NO ENSINO SUPERIOR;0002;CONCESSAO DE BOLSAS DE ESTUDOS NO PAIS;12364203204870001;087493;OCCCUO9414N;BF SUPERIOR - PROAP;90;APLICACOES DIRETAS;3;DESPESAS CORRENTES;3;OUTRAS DESPESAS CORRENTES;36;OUTROS SERVICOS DE TERCEIROS - P.FISICA;339036;OUTROS SERVICOS DE TERCEIROS - PESSOA FISICA;12;RECURSOS DEST.A MANUT.E DES.DO ENSINO;;;;0.00;67,000.00;63,292.00;973.50;265.50
2015;154503;FUNDACAO UNIVERSIDADE FEDERAL DO ABC;12;EDUCACAO;368;EDUCACAO BASICA;2030;EDUCACAO BASICA;20RJ;APOIO A CAPACITACAO E FORMACAO INICIAL E CONTINUADA PARA A E;0004;EDUCACAO BASICA A DISTANCIA;12368203020RJ0001;087497;MCC62G22EDN;UAB - UAB TRADICIONAL;90;APLICACOES DIRETAS;3;DESPESAS CORRENTES;3;OUTRAS DESPESAS CORRENTES;39;OUTROS SERVICOS DE TERCEIROS PJ - OP.INT.ORC.;339039;OUTROS SERVICOS DE TERCEIROS - PESSOA JURIDICA;08;FUNDO SOCIAL-PARC.DEST.EDUCACAO PUBL.E SAUDE;;;;54,950.93;219,803.72;54,950.93;;
2015;158092;UNIVERSIDADE FEDERAL DO RECONCAVO DA BAHIA;12;EDUCACAO;364;ENSINO SUPERIOR;2032;EDUCACAO SUPERIOR - GRADUACAO, POS-GRADUACAO, ENSINO, PESQUI;0487;CONCESSAO DE BOLSAS DE ESTUDO NO ENSINO SUPERIOR;0002;CONCESSAO DE BOLSAS DE ESTUDOS NO PAIS;12364203204870001;087493;OCCCUO9414N;BF SUPERIOR - PROAP;90;APLICACOES DIRETAS;3;DESPESAS CORRENTES;3;OUTRAS DESPESAS CORRENTES;14;DIARIAS - PESSOAL CIVIL;339014;DIARIAS - PESSOAL CIVIL;12;RECURSOS DEST.A MANUT.E DES.DO ENSINO;;;;;460,396.05;230,883.12;229,512.93;199,770.85
2015;158092;UNIVERSIDADE FEDERAL DO RECONCAVO DA BAHIA;12;EDUCACAO;364;ENSINO SUPERIOR;2032;EDUCACAO SUPERIOR - GRADUACAO, POS-GRADUACAO, ENSINO, PESQUI;0487;CONCESSAO DE BOLSAS DE ESTUDO NO ENSINO SUPERIOR;0002;CONCESSAO DE BOLSAS DE ESTUDOS NO PAIS;12364203204870001;087493;OCCCUO9414N;BF SUPERIOR - PROAP;90;APLICACOES DIRETAS;3;DESPESAS CORRENTES;3;OUTRAS DESPESAS CORRENTES;18;AUXILIO FINANCEIRO A ESTUDANTES;339018;AUXILIO FINANCEIRO A ESTUDANTES;12;RECURSOS DEST.A MANUT.E DES.DO ENSINO;;;;;463,368.80;0.00;463,368.80;372,698.80
2015;158092;UNIVERSIDADE FEDERAL DO RECONCAVO DA BAHIA;12;EDUCACAO;364;ENSINO SUPERIOR;2032;EDUCACAO SUPERIOR - GRADUACAO, POS-GRADUACAO, ENSINO, PESQUI;0487;CONCESSAO DE BOLSAS DE ESTUDO NO ENSINO SUPERIOR;0002;CONCESSAO DE BOLSAS DE ESTUDOS NO PAIS;12364203204870001;087493;OCCCUO9414N;BF SUPERIOR - PROAP;90;APLICACOES DIRETAS;3;DESPESAS CORRENTES;3;OUTRAS DESPESAS CORRENTES;30;MATERIAL DE CONSUMO;339030;MATERIAL DE CONSUMO;12;RECURSOS DEST.A MANUT.E DES.DO ENSINO;;;;;21,200.00;5,300.00;15,900.00;
2015;158092;UNIVERSIDADE FEDERAL DO RECONCAVO DA BAHIA;12;EDUCACAO;364;ENSINO SUPERIOR;2032;EDUCACAO SUPERIOR - GRADUACAO, POS-GRADUACAO, ENSINO, PESQUI;0487;CONCESSAO DE BOLSAS DE ESTUDO NO ENSINO SUPERIOR;0002;CONCESSAO DE BOLSAS DE ESTUDOS NO PAIS;12364203204870001;087493;OCCCUO9414N;BF SUPERIOR - PROAP;90;APLICACOES DIRETAS;3;DESPESAS CORRENTES;3;OUTRAS DESPESAS CORRENTES;33;PASSAGENS E DESPESAS COM LOCOMOCAO;339033;PASSAGENS E DESPESAS COM LOCOMOCAO;12;RECURSOS DEST.A MANUT.E DES.DO ENSINO;;;;;276,183.80;225,191.36;50,992.44;25,207.68
2015;158092;UNIVERSIDADE FEDERAL DO RECONCAVO DA BAHIA;12;EDUCACAO;364;ENSINO SUPERIOR;2032;EDUCACAO SUPERIOR - GRADUACAO, POS-GRADUACAO, ENSINO, PESQUI;0487;CONCESSAO DE BOLSAS DE ESTUDO NO ENSINO SUPERIOR;0002;CONCESSAO DE BOLSAS DE ESTUDOS NO PAIS;12364203204870001;087493;OCCCUO9414N;BF SUPERIOR - PROAP;90;APLICACOES DIRETAS;3;DESPESAS CORRENTES;3;OUTRAS DESPESAS CORRENTES;36;OUTROS SERVICOS DE TERCEIROS - P.FISICA;339036;OUTROS SERVICOS DE TERCEIROS - PESSOA FISICA;12;RECURSOS DEST.A MANUT.E DES.DO ENSINO;;;;;264,818.10;123,922.20;140,895.90;106,660.50
2015;158092;UNIVERSIDADE FEDERAL DO RECONCAVO DA BAHIA;12;EDUCACAO;364;ENSINO SUPERIOR;2032;EDUCACAO SUPERIOR - GRADUACAO, POS-GRADUACAO, ENSINO, PESQUI;0487;CONCESSAO DE BOLSAS DE ESTUDO NO ENSINO SUPERIOR;0002;CONCESSAO DE BOLSAS DE ESTUDOS NO PAIS;12364203204870001;087493;OCCCUO9414N;BF SUPERIOR - PROAP;90;APLICACOES DIRETAS;3;DESPESAS CORRENTES;3;OUTRAS DESPESAS CORRENTES;93;INDENIZACOES E RESTITUICOES;339093;INDENIZACOES E RESTITUICOES;12;RECURSOS DEST.A MANUT.E DES.DO ENSINO;;;;;41,889.07;0.00;41,889.07;38,729.07
2015;158092;UNIVERSIDADE FEDERAL DO RECONCAVO DA BAHIA;12;EDUCACAO;368;EDUCACAO BASICA;2030;EDUCACAO BASICA;20RJ;APOIO A CAPACITACAO E FORMACAO INICIAL E CONTINUADA PARA A E;0003;EDUCACAO BASICA PRESENCIAL;12368203020RJ0001;087496;PCC92B5801N;PARFOR - PARFOR;90;APLICACOES DIRETAS;3;DESPESAS CORRENTES;3;OUTRAS DESPESAS CORRENTES;14;DIARIAS - PESSOAL CIVIL;339014;DIARIAS - PESSOAL CIVIL;08;FUNDO SOCIAL-PARC.DEST.EDUCACAO PUBL.E SAUDE;;;;;197,701.96;121,526.58;76,175.38;71,333.48
2015;158092;UNIVERSIDADE FEDERAL DO RECONCAVO DA BAHIA;12;EDUCACAO;368;EDUCACAO BASICA;2030;EDUCACAO BASICA;20RJ;APOIO A CAPACITACAO E FORMACAO INICIAL E CONTINUADA PARA A E;0003;EDUCACAO BASICA PRESENCIAL;12368203020RJ0001;087496;PCC92B5801N;PARFOR - PARFOR;90;APLICACOES DIRETAS;3;DESPESAS CORRENTES;3;OUTRAS DESPESAS CORRENTES;33;PASSAGENS E DESPESAS COM LOCOMOCAO;339033;PASSAGENS E DESPESAS COM LOCOMOCAO;08;FUNDO SOCIAL-PARC.DEST.EDUCACAO PUBL.E SAUDE;;;;;81,349.80;64,372.23;16,977.57;16,081.23
2015;158092;UNIVERSIDADE FEDERAL DO RECONCAVO DA BAHIA;12;EDUCACAO;368;EDUCACAO BASICA;2030;EDUCACAO BASICA;20RJ;APOIO A CAPACITACAO E FORMACAO INICIAL E CONTINUADA PARA A E;0003;EDUCACAO BASICA PRESENCIAL;12368203020RJ0001;087496;PCC92B5801N;PARFOR - PARFOR;90;APLICACOES DIRETAS;3;DESPESAS CORRENTES;3;OUTRAS DESPESAS CORRENTES;36;OUTROS SERVICOS DE TERCEIROS - P.FISICA;339036;OUTROS SERVICOS DE TERCEIROS - PESSOA FISICA;08;FUNDO SOCIAL-PARC.DEST.EDUCACAO PUBL.E SAUDE;;;;;168,115.50;49,879.50;118,236.00;102,217.50
2015;158092;UNIVERSIDADE FEDERAL DO RECONCAVO DA BAHIA;12;EDUCACAO;368;EDUCACAO BASICA;2030;EDUCACAO BASICA;20RJ;APOIO A CAPACITACAO E FORMACAO INICIAL E CONTINUADA PARA A E;0003;EDUCACAO BASICA PRESENCIAL;12368203020RJ0001;087496;PCC92B5801N;PARFOR - PARFOR;90;APLICACOES DIRETAS;3;DESPESAS CORRENTES;3;OUTRAS DESPESAS CORRENTES;39;OUTROS SERVICOS DE TERCEIROS PJ - OP.INT.ORC.;339039;OUTROS SERVICOS DE TERCEIROS - PESSOA JURIDICA;08;FUNDO SOCIAL-PARC.DEST.EDUCACAO PUBL.E SAUDE;;;;;309,403.20;77,350.80;232,052.40;193,377.00
2015;158092;UNIVERSIDADE FEDERAL DO RECONCAVO DA BAHIA;12;EDUCACAO;368;EDUCACAO BASICA;2030;EDUCACAO BASICA;20RJ;APOIO A CAPACITACAO E FORMACAO INICIAL E CONTINUADA PARA A E;0004;EDUCACAO BASICA A DISTANCIA;12368203020RJ0001;087497;MCC62G22EDN;UAB - UAB TRADICIONAL;90;APLICACOES DIRETAS;3;DESPESAS CORRENTES;3;OUTRAS DESPESAS CORRENTES;39;OUTROS SERVICOS DE TERCEIROS PJ - OP.INT.ORC.;339039;OUTROS SERVICOS DE TERCEIROS - PESSOA JURIDICA;08;FUNDO SOCIAL-PARC.DEST.EDUCACAO PUBL.E SAUDE;;;;;200,000.00;50,000.00;150,000.00;
2015;158099;INST.FED.DE EDUC.,CIENC.E TEC.DO TRIA.MINEIRO;12;EDUCACAO;368;EDUCACAO BASICA;2030;EDUCACAO BASICA;20RJ;APOIO A CAPACITACAO E FORMACAO INICIAL E CONTINUADA PARA A E;0004;EDUCACAO BASICA A DISTANCIA;12368203020RJ0001;087497;MCC62G22EDN;UAB - UAB TRADICIONAL;90;APLICACOES DIRETAS;3;DESPESAS CORRENTES;3;OUTRAS DESPESAS CORRENTES;14;DIARIAS - PESSOAL CIVIL;339014;DIARIAS - PESSOAL CIVIL;08;FUNDO SOCIAL-PARC.DEST.EDUCACAO PUBL.E SAUDE;;;;;405,077.41;369,434.86;35,642.55;32,852.40
2015;158121;INST.FED.DE EDUC.,CIENC.E TEC.DO NORTE DE MG;12;EDUCACAO;368;EDUCACAO BASICA;2030;EDUCACAO BASICA;20RJ;APOIO A CAPACITACAO E FORMACAO INICIAL E CONTINUADA PARA A E;0004;EDUCACAO BASICA A DISTANCIA;12368203020RJ0001;087497;MCC62G22EDN;UAB - UAB TRADICIONAL;90;APLICACOES DIRETAS;3;DESPESAS CORRENTES;3;OUTRAS DESPESAS CORRENTES;14;DIARIAS - PESSOAL CIVIL;339014;DIARIAS - PESSOAL CIVIL;08;FUNDO SOCIAL-PARC.DEST.EDUCACAO PUBL.E SAUDE;;;;;42,480.00;42,480.00;;
2015;158121;INST.FED.DE EDUC.,CIENC.E TEC.DO NORTE DE MG;12;EDUCACAO;368;EDUCACAO BASICA;2030;EDUCACAO BASICA;20RJ;APOIO A CAPACITACAO E FORMACAO INICIAL E CONTINUADA PARA A E;0004;EDUCACAO BASICA A DISTANCIA;12368203020RJ0001;087497;MCC62G22EDN;UAB - UAB TRADICIONAL;90;APLICACOES DIRETAS;3;DESPESAS CORRENTES;3;OUTRAS DESPESAS CORRENTES;36;OUTROS SERVICOS DE TERCEIROS - P.FISICA;339036;OUTROS SERVICOS DE TERCEIROS - PESSOA FISICA;08;FUNDO SOCIAL-PARC.DEST.EDUCACAO PUBL.E SAUDE;;;;;212,400.00;212,400.00;;
2015;158128;INST.FED.DE EDUC.,CIENC.E TEC.DO MARANHAO;12;EDUCACAO;364;ENSINO SUPERIOR;2032;EDUCACAO SUPERIOR - GRADUACAO, POS-GRADUACAO, ENSINO, PESQUI;0487;CONCESSAO DE BOLSAS DE ESTUDO NO ENSINO SUPERIOR;0002;CONCESSAO DE BOLSAS DE ESTUDOS NO PAIS;12364203204870001;087493;OCCCUO9414N;BF SUPERIOR - PROAP;90;APLICACOES DIRETAS;3;DESPESAS CORRENTES;3;OUTRAS DESPESAS CORRENTES;14;DIARIAS - PESSOAL CIVIL;339014;DIARIAS - PESSOAL CIVIL;12;RECURSOS DEST.A MANUT.E DES.DO ENSINO;;;;;3,000.00;3,000.00;;
2015;158128;INST.FED.DE EDUC.,CIENC.E TEC.DO MARANHAO;12;EDUCACAO;364;ENSINO SUPERIOR;2032;EDUCACAO SUPERIOR - GRADUACAO, POS-GRADUACAO, ENSINO, PESQUI;0487;CONCESSAO DE BOLSAS DE ESTUDO NO ENSINO SUPERIOR;0002;CONCESSAO DE BOLSAS DE ESTUDOS NO PAIS;12364203204870001;087493;OCCCUO9414N;BF SUPERIOR - PROAP;90;APLICACOES DIRETAS;3;DESPESAS CORRENTES;3;OUTRAS DESPESAS CORRENTES;33;PASSAGENS E DESPESAS COM LOCOMOCAO;339033;PASSAGENS E DESPESAS COM LOCOMOCAO;12;RECURSOS DEST.A MANUT.E DES.DO ENSINO;;;;;5,250.00;3,000.00;2,250.00;2,250.00
2015;158128;INST.FED.DE EDUC.,CIENC.E TEC.DO MARANHAO;12;EDUCACAO;368;EDUCACAO BASICA;2030;EDUCACAO BASICA;20RJ;APOIO A CAPACITACAO E FORMACAO INICIAL E CONTINUADA PARA A E;0003;EDUCACAO BASICA PRESENCIAL;12368203020RJ0001;087496;PCC92B5801N;PARFOR - PARFOR;90;APLICACOES DIRETAS;3;DESPESAS CORRENTES;3;OUTRAS DESPESAS CORRENTES;14;DIARIAS - PESSOAL CIVIL;339014;DIARIAS - PESSOAL CIVIL;08;FUNDO SOCIAL-PARC.DEST.EDUCACAO PUBL.E SAUDE;;;;;1,600,933.88;265,988.74;1,334,945.14;1,288,745.52
2015;158128;INST.FED.DE EDUC.,CIENC.E TEC.DO MARANHAO;12;EDUCACAO;368;EDUCACAO BASICA;2030;EDUCACAO BASICA;20RJ;APOIO A CAPACITACAO E FORMACAO INICIAL E CONTINUADA PARA A E;0003;EDUCACAO BASICA PRESENCIAL;12368203020RJ0001;087496;PCC92B5801N;PARFOR - PARFOR;90;APLICACOES DIRETAS;3;DESPESAS CORRENTES;3;OUTRAS DESPESAS CORRENTES;18;AUXILIO FINANCEIRO A ESTUDANTES;339018;AUXILIO FINANCEIRO A ESTUDANTES;08;FUNDO SOCIAL-PARC.DEST.EDUCACAO PUBL.E SAUDE;;;;;1,416,900.00;535,400.00;881,500.00;726,600.00
2015;158128;INST.FED.DE EDUC.,CIENC.E TEC.DO MARANHAO;12;EDUCACAO;368;EDUCACAO BASICA;2030;EDUCACAO BASICA;20RJ;APOIO A CAPACITACAO E FORMACAO INICIAL E CONTINUADA PARA A E;0003;EDUCACAO BASICA PRESENCIAL;12368203020RJ0001;087496;PCC92B5801N;PARFOR - PARFOR;90;APLICACOES DIRETAS;3;DESPESAS CORRENTES;3;OUTRAS DESPESAS CORRENTES;33;PASSAGENS E DESPESAS COM LOCOMOCAO;339033;PASSAGENS E DESPESAS COM LOCOMOCAO;08;FUNDO SOCIAL-PARC.DEST.EDUCACAO PUBL.E SAUDE;;;;;341,203.00;84,330.45;256,872.55;256,872.55
2015;158128;INST.FED.DE EDUC.,CIENC.E TEC.DO MARANHAO;12;EDUCACAO;368;EDUCACAO BASICA;2030;EDUCACAO BASICA;20RJ;APOIO A CAPACITACAO E FORMACAO INICIAL E CONTINUADA PARA A E;0003;EDUCACAO BASICA PRESENCIAL;12368203020RJ0001;087496;PCC92B5801N;PARFOR - PARFOR;90;APLICACOES DIRETAS;3;DESPESAS CORRENTES;3;OUTRAS DESPESAS CORRENTES;36;OUTROS SERVICOS DE TERCEIROS - P.FISICA;339036;OUTROS SERVICOS DE TERCEIROS - PESSOA FISICA;08;FUNDO SOCIAL-PARC.DEST.EDUCACAO PUBL.E SAUDE;;;;;601,497.70;137,949.20;463,548.50;452,296.00
2015;158128;INST.FED.DE EDUC.,CIENC.E TEC.DO MARANHAO;12;EDUCACAO;368;EDUCACAO BASICA;2030;EDUCACAO BASICA;20RJ;APOIO A CAPACITACAO E FORMACAO INICIAL E CONTINUADA PARA A E;0003;EDUCACAO BASICA PRESENCIAL;12368203020RJ0001;087496;PCC92B5801N;PARFOR - PARFOR;90;APLICACOES DIRETAS;3;DESPESAS CORRENTES;3;OUTRAS DESPESAS CORRENTES;39;OUTROS SERVICOS DE TERCEIROS PJ - OP.INT.ORC.;339039;OUTROS SERVICOS DE TERCEIROS - PESSOA JURIDICA;08;FUNDO SOCIAL-PARC.DEST.EDUCACAO PUBL.E SAUDE;;;;;309,975.00;123,990.00;185,985.00;185,985.00
2015;158128;INST.FED.DE EDUC.,CIENC.E TEC.DO MARANHAO;12;EDUCACAO;368;EDUCACAO BASICA;2030;EDUCACAO BASICA;20RJ;APOIO A CAPACITACAO E FORMACAO INICIAL E CONTINUADA PARA A E;0003;EDUCACAO BASICA PRESENCIAL;12368203020RJ0001;087496;PCC92B5801N;PARFOR - PARFOR;90;APLICACOES DIRETAS;3;DESPESAS CORRENTES;3;OUTRAS DESPESAS CORRENTES;93;INDENIZACOES E RESTITUICOES;339093;INDENIZACOES E RESTITUICOES;08;FUNDO SOCIAL-PARC.DEST.EDUCACAO PUBL.E SAUDE;;;;;65,293.65;46,129.09;19,164.56;19,031.79
2015;158128;INST.FED.DE EDUC.,CIENC.E TEC.DO MARANHAO;12;EDUCACAO;368;EDUCACAO BASICA;2030;EDUCACAO BASICA;20RJ;APOIO A CAPACITACAO E FORMACAO INICIAL E CONTINUADA PARA A E;0003;EDUCACAO BASICA PRESENCIAL;12368203020RJ0001;087496;PCC92B5801N;PARFOR - PARFOR;91;APLICACOES DIRETAS - OPERACOES INTERNAS;3;DESPESAS CORRENTES;3;OUTRAS DESPESAS CORRENTES;47;OBRIGACOES TRIBUTARIAS E CONTRIBUTIVAS;339147;OBRIG.TRIBUT.E CONTRIB-OP.INTRA-ORCAMENTARIAS;08;FUNDO SOCIAL-PARC.DEST.EDUCACAO PUBL.E SAUDE;;;;;6,400.00;1,600.00;4,800.00;4,800.00
2015;158128;INST.FED.DE EDUC.,CIENC.E TEC.DO MARANHAO;12;EDUCACAO;368;EDUCACAO BASICA;2030;EDUCACAO BASICA;20RJ;APOIO A CAPACITACAO E FORMACAO INICIAL E CONTINUADA PARA A E;0004;EDUCACAO BASICA A DISTANCIA;12368203020RJ0001;087497;MCC62G22EDN;UAB - UAB TRADICIONAL;90;APLICACOES DIRETAS;3;DESPESAS CORRENTES;3;OUTRAS DESPESAS CORRENTES;14;DIARIAS - PESSOAL CIVIL;339014;DIARIAS - PESSOAL CIVIL;08;FUNDO SOCIAL-PARC.DEST.EDUCACAO PUBL.E SAUDE;;;;;52,600.60;28,200.10;24,400.50;24,400.50
2015;158128;INST.FED.DE EDUC.,CIENC.E TEC.DO MARANHAO;12;EDUCACAO;368;EDUCACAO BASICA;2030;EDUCACAO BASICA;20RJ;APOIO A CAPACITACAO E FORMACAO INICIAL E CONTINUADA PARA A E;0004;EDUCACAO BASICA A DISTANCIA;12368203020RJ0001;087497;MCC62G22EDN;UAB - UAB TRADICIONAL;90;APLICACOES DIRETAS;3;DESPESAS CORRENTES;3;OUTRAS DESPESAS CORRENTES;33;PASSAGENS E DESPESAS COM LOCOMOCAO;339033;PASSAGENS E DESPESAS COM LOCOMOCAO;08;FUNDO SOCIAL-PARC.DEST.EDUCACAO PUBL.E SAUDE;;;;;24,360.00;13,920.00;10,440.00;10,440.00
2015;158128;INST.FED.DE EDUC.,CIENC.E TEC.DO MARANHAO;12;EDUCACAO;368;EDUCACAO BASICA;2030;EDUCACAO BASICA;20RJ;APOIO A CAPACITACAO E FORMACAO INICIAL E CONTINUADA PARA A E;0004;EDUCACAO BASICA A DISTANCIA;12368203020RJ0001;087497;MCC62G22EDN;UAB - UAB TRADICIONAL;90;APLICACOES DIRETAS;3;DESPESAS CORRENTES;3;OUTRAS DESPESAS CORRENTES;36;OUTROS SERVICOS DE TERCEIROS - P.FISICA;339036;OUTROS SERVICOS DE TERCEIROS - PESSOA FISICA;08;FUNDO SOCIAL-PARC.DEST.EDUCACAO PUBL.E SAUDE;;;;;90,857.44;54,838.00;36,019.44;33,856.44
2015;158133;INST.FED.DE EDUC.,CIENC.E TEC.DO CEARA;12;EDUCACAO;368;EDUCACAO BASICA;2030;EDUCACAO BASICA;20RJ;APOIO A CAPACITACAO E FORMACAO INICIAL E CONTINUADA PARA A E;0004;EDUCACAO BASICA A DISTANCIA;12368203020RJ0001;087497;MCC62G22EDN;UAB - UAB TRADICIONAL;90;APLICACOES DIRETAS;3;DESPESAS CORRENTES;3;OUTRAS DESPESAS CORRENTES;14;DIARIAS - PESSOAL CIVIL;339014;DIARIAS - PESSOAL CIVIL;08;FUNDO SOCIAL-PARC.DEST.EDUCACAO PUBL.E SAUDE;;;;;159,626.51;72,499.26;87,127.25;82,709.05
2015;158133;INST.FED.DE EDUC.,CIENC.E TEC.DO CEARA;12;EDUCACAO;368;EDUCACAO BASICA;2030;EDUCACAO BASICA;20RJ;APOIO A CAPACITACAO E FORMACAO INICIAL E CONTINUADA PARA A E;0004;EDUCACAO BASICA A DISTANCIA;12368203020RJ0001;087497;MCC62G22EDN;UAB - UAB TRADICIONAL;90;APLICACOES DIRETAS;3;DESPESAS CORRENTES;3;OUTRAS DESPESAS CORRENTES;18;AUXILIO FINANCEIRO A ESTUDANTES;339018;AUXILIO FINANCEIRO A ESTUDANTES;08;FUNDO SOCIAL-PARC.DEST.EDUCACAO PUBL.E SAUDE;;;;;50,000.00;28,529.63;20,112.54;19,001.85
2015;158133;INST.FED.DE EDUC.,CIENC.E TEC.DO CEARA;12;EDUCACAO;368;EDUCACAO BASICA;2030;EDUCACAO BASICA;20RJ;APOIO A CAPACITACAO E FORMACAO INICIAL E CONTINUADA PARA A E;0004;EDUCACAO BASICA A DISTANCIA;12368203020RJ0001;087497;MCC62G22EDN;UAB - UAB TRADICIONAL;90;APLICACOES DIRETAS;3;DESPESAS CORRENTES;3;OUTRAS DESPESAS CORRENTES;33;PASSAGENS E DESPESAS COM LOCOMOCAO;339033;PASSAGENS E DESPESAS COM LOCOMOCAO;08;FUNDO SOCIAL-PARC.DEST.EDUCACAO PUBL.E SAUDE;;;;;236,946.91;109,696.22;120,197.06;102,974.49
2015;158133;INST.FED.DE EDUC.,CIENC.E TEC.DO CEARA;12;EDUCACAO;368;EDUCACAO BASICA;2030;EDUCACAO BASICA;20RJ;APOIO A CAPACITACAO E FORMACAO INICIAL E CONTINUADA PARA A E;0004;EDUCACAO BASICA A DISTANCIA;12368203020RJ0001;087497;MCC62G22EDN;UAB - UAB TRADICIONAL;90;APLICACOES DIRETAS;3;DESPESAS CORRENTES;3;OUTRAS DESPESAS CORRENTES;36;OUTROS SERVICOS DE TERCEIROS - P.FISICA;339036;OUTROS SERVICOS DE TERCEIROS - PESSOA FISICA;08;FUNDO SOCIAL-PARC.DEST.EDUCACAO PUBL.E SAUDE;;;;;626,743.90;215,667.00;404,523.91;294,212.91
2015;158135;INST.FED.DE EDUC.,CIENC.E TEC.DO PARA;12;EDUCACAO;368;EDUCACAO BASICA;2030;EDUCACAO BASICA;20RJ;APOIO A CAPACITACAO E FORMACAO INICIAL E CONTINUADA PARA A E;0003;EDUCACAO BASICA PRESENCIAL;12368203020RJ0001;087496;PCC92B5801N;PARFOR - PARFOR;90;APLICACOES DIRETAS;3;DESPESAS CORRENTES;3;OUTRAS DESPESAS CORRENTES;14;DIARIAS - PESSOAL CIVIL;339014;DIARIAS - PESSOAL CIVIL;08;FUNDO SOCIAL-PARC.DEST.EDUCACAO PUBL.E SAUDE;;;;;1,274,895.87;632,725.09;642,170.78;574,527.41
2015;158135;INST.FED.DE EDUC.,CIENC.E TEC.DO PARA;12;EDUCACAO;368;EDUCACAO BASICA;2030;EDUCACAO BASICA;20RJ;APOIO A CAPACITACAO E FORMACAO INICIAL E CONTINUADA PARA A E;0003;EDUCACAO BASICA PRESENCIAL;12368203020RJ0001;087496;PCC92B5801N;PARFOR - PARFOR;90;APLICACOES DIRETAS;3;DESPESAS CORRENTES;3;OUTRAS DESPESAS CORRENTES;33;PASSAGENS E DESPESAS COM LOCOMOCAO;339033;PASSAGENS E DESPESAS COM LOCOMOCAO;08;FUNDO SOCIAL-PARC.DEST.EDUCACAO PUBL.E SAUDE;;;;;379,336.00;306,213.47;4,697.90;3,288.53
2015;158135;INST.FED.DE EDUC.,CIENC.E TEC.DO PARA;12;EDUCACAO;368;EDUCACAO BASICA;2030;EDUCACAO BASICA;20RJ;APOIO A CAPACITACAO E FORMACAO INICIAL E CONTINUADA PARA A E;0003;EDUCACAO BASICA PRESENCIAL;12368203020RJ0001;087496;PCC92B5801N;PARFOR - PARFOR;90;APLICACOES DIRETAS;3;DESPESAS CORRENTES;3;OUTRAS DESPESAS CORRENTES;36;OUTROS SERVICOS DE TERCEIROS - P.FISICA;339036;OUTROS SERVICOS DE TERCEIROS - PESSOA FISICA;08;FUNDO SOCIAL-PARC.DEST.EDUCACAO PUBL.E SAUDE;;;;;1,468,618.50;111,155.00;1,357,463.50;1,220,827.00
2015;158135;INST.FED.DE EDUC.,CIENC.E TEC.DO PARA;12;EDUCACAO;368;EDUCACAO BASICA;2030;EDUCACAO BASICA;20RJ;APOIO A CAPACITACAO E FORMACAO INICIAL E CONTINUADA PARA A E;0003;EDUCACAO BASICA PRESENCIAL;12368203020RJ0001;087496;PCC92B5801N;PARFOR - PARFOR;90;APLICACOES DIRETAS;3;DESPESAS CORRENTES;3;OUTRAS DESPESAS CORRENTES;39;OUTROS SERVICOS DE TERCEIROS PJ - OP.INT.ORC.;339039;OUTROS SERVICOS DE TERCEIROS - PESSOA JURIDICA;08;FUNDO SOCIAL-PARC.DEST.EDUCACAO PUBL.E SAUDE;;;;;84,150.00;61,200.00;;
2015;158136;INST.FED.DE EDUC.,CIENC.E TEC.DE PERNAMBUCO;12;EDUCACAO;368;EDUCACAO BASICA;2030;EDUCACAO BASICA;20RJ;APOIO A CAPACITACAO E FORMACAO INICIAL E CONTINUADA PARA A E;0004;EDUCACAO BASICA A DISTANCIA;12368203020RJ0001;087497;MCC62G22EDN;UAB - UAB TRADICIONAL;90;APLICACOES DIRETAS;3;DESPESAS CORRENTES;3;OUTRAS DESPESAS CORRENTES;14;DIARIAS - PESSOAL CIVIL;339014;DIARIAS - PESSOAL CIVIL;08;FUNDO SOCIAL-PARC.DEST.EDUCACAO PUBL.E SAUDE;;;;;481,314.45;30,040.26;451,274.19;433,917.06
2015;158136;INST.FED.DE EDUC.,CIENC.E TEC.DE PERNAMBUCO;12;EDUCACAO;368;EDUCACAO BASICA;2030;EDUCACAO BASICA;20RJ;APOIO A CAPACITACAO E FORMACAO INICIAL E CONTINUADA PARA A E;0004;EDUCACAO BASICA A DISTANCIA;12368203020RJ0001;087497;MCC62G22EDN;UAB - UAB TRADICIONAL;90;APLICACOES DIRETAS;3;DESPESAS CORRENTES;3;OUTRAS DESPESAS CORRENTES;36;OUTROS SERVICOS DE TERCEIROS - P.FISICA;339036;OUTROS SERVICOS DE TERCEIROS - PESSOA FISICA;08;FUNDO SOCIAL-PARC.DEST.EDUCACAO PUBL.E SAUDE;;;;;366,837.40;114,337.60;252,499.80;244,888.80
2015;158138;IFPB - REITORIA;12;EDUCACAO;368;EDUCACAO BASICA;2030;EDUCACAO BASICA;20RJ;APOIO A CAPACITACAO E FORMACAO INICIAL E CONTINUADA PARA A E;0004;EDUCACAO BASICA A DISTANCIA;12368203020RJ0001;087497;MCC62G22EDN;UAB - UAB TRADICIONAL;90;APLICACOES DIRETAS;3;DESPESAS CORRENTES;3;OUTRAS DESPESAS CORRENTES;14;DIARIAS - PESSOAL CIVIL;339014;DIARIAS - PESSOAL CIVIL;08;FUNDO SOCIAL-PARC.DEST.EDUCACAO PUBL.E SAUDE;;;;;2,988.79;2,988.79;;
2015;158138;IFPB - REITORIA;12;EDUCACAO;368;EDUCACAO BASICA;2030;EDUCACAO BASICA;20RJ;APOIO A CAPACITACAO E FORMACAO INICIAL E CONTINUADA PARA A E;0004;EDUCACAO BASICA A DISTANCIA;12368203020RJ0001;087497;MCC62G22EDN;UAB - UAB TRADICIONAL;90;APLICACOES DIRETAS;3;DESPESAS CORRENTES;3;OUTRAS DESPESAS CORRENTES;18;AUXILIO FINANCEIRO A ESTUDANTES;339018;AUXILIO FINANCEIRO A ESTUDANTES;08;FUNDO SOCIAL-PARC.DEST.EDUCACAO PUBL.E SAUDE;;;;;853.94;853.94;;
2015;158138;IFPB - REITORIA;12;EDUCACAO;368;EDUCACAO BASICA;2030;EDUCACAO BASICA;20RJ;APOIO A CAPACITACAO E FORMACAO INICIAL E CONTINUADA PARA A E;0004;EDUCACAO BASICA A DISTANCIA;12368203020RJ0001;087497;MCC62G22EDN;UAB - UAB TRADICIONAL;90;APLICACOES DIRETAS;3;DESPESAS CORRENTES;3;OUTRAS DESPESAS CORRENTES;30;MATERIAL DE CONSUMO;339030;MATERIAL DE CONSUMO;08;FUNDO SOCIAL-PARC.DEST.EDUCACAO PUBL.E SAUDE;;;;;440.00;110.00;;
2015;158138;IFPB - REITORIA;12;EDUCACAO;368;EDUCACAO BASICA;2030;EDUCACAO BASICA;20RJ;APOIO A CAPACITACAO E FORMACAO INICIAL E CONTINUADA PARA A E;0004;EDUCACAO BASICA A DISTANCIA;12368203020RJ0001;087497;MCC62G22EDN;UAB - UAB TRADICIONAL;90;APLICACOES DIRETAS;3;DESPESAS CORRENTES;3;OUTRAS DESPESAS CORRENTES;48;OUTROS AUXILIOS FINANCEIROS A PESSOAS FISICAS;339048;OUTROS AUXILIOS FINANCEIROS A PESSOA FISICA;08;FUNDO SOCIAL-PARC.DEST.EDUCACAO PUBL.E SAUDE;;;;;853.94;853.94;;
2015;158142;INST.FED.DE EDUC.,CIENC.E TEC.DO AMAZONAS;12;EDUCACAO;368;EDUCACAO BASICA;2030;EDUCACAO BASICA;20RJ;APOIO A CAPACITACAO E FORMACAO INICIAL E CONTINUADA PARA A E;0004;EDUCACAO BASICA A DISTANCIA;12368203020RJ0001;087497;MCC62G22EDN;UAB - UAB TRADICIONAL;90;APLICACOES DIRETAS;3;DESPESAS CORRENTES;3;OUTRAS DESPESAS CORRENTES;14;DIARIAS - PESSOAL CIVIL;339014;DIARIAS - PESSOAL CIVIL;08;FUNDO SOCIAL-PARC.DEST.EDUCACAO PUBL.E SAUDE;;;;;146,415.36;110,476.90;35,938.46;35,361.99
2015;158142;INST.FED.DE EDUC.,CIENC.E TEC.DO AMAZONAS;12;EDUCACAO;368;EDUCACAO BASICA;2030;EDUCACAO BASICA;20RJ;APOIO A CAPACITACAO E FORMACAO INICIAL E CONTINUADA PARA A E;0004;EDUCACAO BASICA A DISTANCIA;12368203020RJ0001;087497;MCC62G22EDN;UAB - UAB TRADICIONAL;90;APLICACOES DIRETAS;3;DESPESAS CORRENTES;3;OUTRAS DESPESAS CORRENTES;33;PASSAGENS E DESPESAS COM LOCOMOCAO;339033;PASSAGENS E DESPESAS COM LOCOMOCAO;08;FUNDO SOCIAL-PARC.DEST.EDUCACAO PUBL.E SAUDE;;;;;265,420.23;149,215.18;116,205.05;45,635.60
2015;158142;INST.FED.DE EDUC.,CIENC.E TEC.DO AMAZONAS;12;EDUCACAO;368;EDUCACAO BASICA;2030;EDUCACAO BASICA;20RJ;APOIO A CAPACITACAO E FORMACAO INICIAL E CONTINUADA PARA A E;0004;EDUCACAO BASICA A DISTANCIA;12368203020RJ0001;087497;MCC62G22EDN;UAB - UAB TRADICIONAL;90;APLICACOES DIRETAS;3;DESPESAS CORRENTES;3;OUTRAS DESPESAS CORRENTES;36;OUTROS SERVICOS DE TERCEIROS - P.FISICA;339036;OUTROS SERVICOS DE TERCEIROS - PESSOA FISICA;08;FUNDO SOCIAL-PARC.DEST.EDUCACAO PUBL.E SAUDE;;;;;153,085.20;57,277.40;95,807.80;95,807.80
2015;158144;INST.FED.DE EDUC.,CIENC.E TEC.DO MATO GROSSO;12;EDUCACAO;368;EDUCACAO BASICA;2030;EDUCACAO BASICA;20RJ;APOIO A CAPACITACAO E FORMACAO INICIAL E CONTINUADA PARA A E;0004;EDUCACAO BASICA A DISTANCIA;12368203020RJ0001;087497;MCC62G22EDN;UAB - UAB TRADICIONAL;90;APLICACOES DIRETAS;3;DESPESAS CORRENTES;3;OUTRAS DESPESAS CORRENTES;14;DIARIAS - PESSOAL CIVIL;339014;DIARIAS - PESSOAL CIVIL;08;FUNDO SOCIAL-PARC.DEST.EDUCACAO PUBL.E SAUDE;;;;;3,061,953.92;2,437,049.86;624,904.06;614,492.39
2015;158144;INST.FED.DE EDUC.,CIENC.E TEC.DO MATO GROSSO;12;EDUCACAO;368;EDUCACAO BASICA;2030;EDUCACAO BASICA;20RJ;APOIO A CAPACITACAO E FORMACAO INICIAL E CONTINUADA PARA A E;0004;EDUCACAO BASICA A DISTANCIA;12368203020RJ0001;087497;MCC62G22EDN;UAB - UAB TRADICIONAL;90;APLICACOES DIRETAS;3;DESPESAS CORRENTES;3;OUTRAS DESPESAS CORRENTES;30;MATERIAL DE CONSUMO;339030;MATERIAL DE CONSUMO;08;FUNDO SOCIAL-PARC.DEST.EDUCACAO PUBL.E SAUDE;;;;;161,333.44;40,333.36;25,030.38;
2015;158144;INST.FED.DE EDUC.,CIENC.E TEC.DO MATO GROSSO;12;EDUCACAO;368;EDUCACAO BASICA;2030;EDUCACAO BASICA;20RJ;APOIO A CAPACITACAO E FORMACAO INICIAL E CONTINUADA PARA A E;0004;EDUCACAO BASICA A DISTANCIA;12368203020RJ0001;087497;MCC62G22EDN;UAB - UAB TRADICIONAL;90;APLICACOES DIRETAS;3;DESPESAS CORRENTES;3;OUTRAS DESPESAS CORRENTES;33;PASSAGENS E DESPESAS COM LOCOMOCAO;339033;PASSAGENS E DESPESAS COM LOCOMOCAO;08;FUNDO SOCIAL-PARC.DEST.EDUCACAO PUBL.E SAUDE;;;;;3,725,869.33;1,766,636.37;751,568.41;480,976.21
2015;158144;INST.FED.DE EDUC.,CIENC.E TEC.DO MATO GROSSO;12;EDUCACAO;368;EDUCACAO BASICA;2030;EDUCACAO BASICA;20RJ;APOIO A CAPACITACAO E FORMACAO INICIAL E CONTINUADA PARA A E;0004;EDUCACAO BASICA A DISTANCIA;12368203020RJ0001;087497;MCC62G22EDN;UAB - UAB TRADICIONAL;90;APLICACOES DIRETAS;3;DESPESAS CORRENTES;3;OUTRAS DESPESAS CORRENTES;36;OUTROS SERVICOS DE TERCEIROS - P.FISICA;339036;OUTROS SERVICOS DE TERCEIROS - PESSOA FISICA;08;FUNDO SOCIAL-PARC.DEST.EDUCACAO PUBL.E SAUDE;;;;;2,382,609.30;1,134,552.05;1,243,467.25;1,228,909.35
2015;158144;INST.FED.DE EDUC.,CIENC.E TEC.DO MATO GROSSO;12;EDUCACAO;368;EDUCACAO BASICA;2030;EDUCACAO BASICA;20RJ;APOIO A CAPACITACAO E FORMACAO INICIAL E CONTINUADA PARA A E;0004;EDUCACAO BASICA A DISTANCIA;12368203020RJ0001;087497;MCC62G22EDN;UAB - UAB TRADICIONAL;90;APLICACOES DIRETAS;3;DESPESAS CORRENTES;3;OUTRAS DESPESAS CORRENTES;39;OUTROS SERVICOS DE TERCEIROS PJ - OP.INT.ORC.;339039;OUTROS SERVICOS DE TERCEIROS - PESSOA JURIDICA;08;FUNDO SOCIAL-PARC.DEST.EDUCACAO PUBL.E SAUDE;;;;;386,250.00;67,008.84;89,080.65;21,610.83
2015;158144;INST.FED.DE EDUC.,CIENC.E TEC.DO MATO GROSSO;12;EDUCACAO;368;EDUCACAO BASICA;2030;EDUCACAO BASICA;20RJ;APOIO A CAPACITACAO E FORMACAO INICIAL E CONTINUADA PARA A E;0004;EDUCACAO BASICA A DISTANCIA;12368203020RJ0001;087497;MCC62G22EDN;UAB - UAB TRADICIONAL;90;APLICACOES DIRETAS;3;DESPESAS CORRENTES;3;OUTRAS DESPESAS CORRENTES;93;INDENIZACOES E RESTITUICOES;339093;INDENIZACOES E RESTITUICOES;08;FUNDO SOCIAL-PARC.DEST.EDUCACAO PUBL.E SAUDE;;;;;30,349.75;30,000.00;349.75;349.75
2015;158146;INST.FED.DE EDUC.,CIENC.E TEC.DO PIAUI;12;EDUCACAO;368;EDUCACAO BASICA;2030;EDUCACAO BASICA;20RJ;APOIO A CAPACITACAO E FORMACAO INICIAL E CONTINUADA PARA A E;0003;EDUCACAO BASICA PRESENCIAL;12368203020RJ0001;087496;PCC92B5801N;PARFOR - PARFOR;90;APLICACOES DIRETAS;3;DESPESAS CORRENTES;3;OUTRAS DESPESAS CORRENTES;14;DIARIAS - PESSOAL CIVIL;339014;DIARIAS - PESSOAL CIVIL;08;FUNDO SOCIAL-PARC.DEST.EDUCACAO PUBL.E SAUDE;;;;;217,118.70;193,650.60;23,468.10;23,106.10
2015;158146;INST.FED.DE EDUC.,CIENC.E TEC.DO PIAUI;12;EDUCACAO;368;EDUCACAO BASICA;2030;EDUCACAO BASICA;20RJ;APOIO A CAPACITACAO E FORMACAO INICIAL E CONTINUADA PARA A E;0003;EDUCACAO BASICA PRESENCIAL;12368203020RJ0001;087496;PCC92B5801N;PARFOR - PARFOR;90;APLICACOES DIRETAS;3;DESPESAS CORRENTES;3;OUTRAS DESPESAS CORRENTES;33;PASSAGENS E DESPESAS COM LOCOMOCAO;339033;PASSAGENS E DESPESAS COM LOCOMOCAO;08;FUNDO SOCIAL-PARC.DEST.EDUCACAO PUBL.E SAUDE;;;;;117,600.00;66,224.04;3,903.84;3,903.84
2015;158146;INST.FED.DE EDUC.,CIENC.E TEC.DO PIAUI;12;EDUCACAO;368;EDUCACAO BASICA;2030;EDUCACAO BASICA;20RJ;APOIO A CAPACITACAO E FORMACAO INICIAL E CONTINUADA PARA A E;0003;EDUCACAO BASICA PRESENCIAL;12368203020RJ0001;087496;PCC92B5801N;PARFOR - PARFOR;90;APLICACOES DIRETAS;3;DESPESAS CORRENTES;3;OUTRAS DESPESAS CORRENTES;36;OUTROS SERVICOS DE TERCEIROS - P.FISICA;339036;OUTROS SERVICOS DE TERCEIROS - PESSOA FISICA;08;FUNDO SOCIAL-PARC.DEST.EDUCACAO PUBL.E SAUDE;;;;;123,015.00;123,015.00;;
2015;158147;INST.FED.DE EDUC.,CIENC.E TEC.DE ALAGOAS;12;EDUCACAO;368;EDUCACAO BASICA;2030;EDUCACAO BASICA;20RJ;APOIO A CAPACITACAO E FORMACAO INICIAL E CONTINUADA PARA A E;0004;EDUCACAO BASICA A DISTANCIA;12368203020RJ0001;087497;MCC62G22EDN;UAB - UAB TRADICIONAL;90;APLICACOES DIRETAS;3;DESPESAS CORRENTES;3;OUTRAS DESPESAS CORRENTES;14;DIARIAS - PESSOAL CIVIL;339014;DIARIAS - PESSOAL CIVIL;08;FUNDO SOCIAL-PARC.DEST.EDUCACAO PUBL.E SAUDE;;;;;166,899.33;109,271.50;57,627.83;29,468.40
2015;158147;INST.FED.DE EDUC.,CIENC.E TEC.DE ALAGOAS;12;EDUCACAO;368;EDUCACAO BASICA;2030;EDUCACAO BASICA;20RJ;APOIO A CAPACITACAO E FORMACAO INICIAL E CONTINUADA PARA A E;0004;EDUCACAO BASICA A DISTANCIA;12368203020RJ0001;087497;MCC62G22EDN;UAB - UAB TRADICIONAL;90;APLICACOES DIRETAS;3;DESPESAS CORRENTES;3;OUTRAS DESPESAS CORRENTES;18;AUXILIO FINANCEIRO A ESTUDANTES;339018;AUXILIO FINANCEIRO A ESTUDANTES;08;FUNDO SOCIAL-PARC.DEST.EDUCACAO PUBL.E SAUDE;;;;;40,932.00;8,186.40;32,745.60;32,745.60
2015;158147;INST.FED.DE EDUC.,CIENC.E TEC.DE ALAGOAS;12;EDUCACAO;368;EDUCACAO BASICA;2030;EDUCACAO BASICA;20RJ;APOIO A CAPACITACAO E FORMACAO INICIAL E CONTINUADA PARA A E;0004;EDUCACAO BASICA A DISTANCIA;12368203020RJ0001;087497;MCC62G22EDN;UAB - UAB TRADICIONAL;90;APLICACOES DIRETAS;3;DESPESAS CORRENTES;3;OUTRAS DESPESAS CORRENTES;30;MATERIAL DE CONSUMO;339030;MATERIAL DE CONSUMO;08;FUNDO SOCIAL-PARC.DEST.EDUCACAO PUBL.E SAUDE;;;;;200,000.00;80,000.00;13,855.17;
2015;158147;INST.FED.DE EDUC.,CIENC.E TEC.DE ALAGOAS;12;EDUCACAO;368;EDUCACAO BASICA;2030;EDUCACAO BASICA;20RJ;APOIO A CAPACITACAO E FORMACAO INICIAL E CONTINUADA PARA A E;0004;EDUCACAO BASICA A DISTANCIA;12368203020RJ0001;087497;MCC62G22EDN;UAB - UAB TRADICIONAL;90;APLICACOES DIRETAS;3;DESPESAS CORRENTES;3;OUTRAS DESPESAS CORRENTES;33;PASSAGENS E DESPESAS COM LOCOMOCAO;339033;PASSAGENS E DESPESAS COM LOCOMOCAO;08;FUNDO SOCIAL-PARC.DEST.EDUCACAO PUBL.E SAUDE;;;;;100,000.00;40,000.00;4,160.28;
2015;158147;INST.FED.DE EDUC.,CIENC.E TEC.DE ALAGOAS;12;EDUCACAO;368;EDUCACAO BASICA;2030;EDUCACAO BASICA;20RJ;APOIO A CAPACITACAO E FORMACAO INICIAL E CONTINUADA PARA A E;0004;EDUCACAO BASICA A DISTANCIA;12368203020RJ0001;087497;MCC62G22EDN;UAB - UAB TRADICIONAL;90;APLICACOES DIRETAS;3;DESPESAS CORRENTES;3;OUTRAS DESPESAS CORRENTES;36;OUTROS SERVICOS DE TERCEIROS - P.FISICA;339036;OUTROS SERVICOS DE TERCEIROS - PESSOA FISICA;08;FUNDO SOCIAL-PARC.DEST.EDUCACAO PUBL.E SAUDE;;;;;85,633.20;54,500.00;31,133.20;12,442.00
2015;158147;INST.FED.DE EDUC.,CIENC.E TEC.DE ALAGOAS;12;EDUCACAO;368;EDUCACAO BASICA;2030;EDUCACAO BASICA;20RJ;APOIO A CAPACITACAO E FORMACAO INICIAL E CONTINUADA PARA A E;0004;EDUCACAO BASICA A DISTANCIA;12368203020RJ0001;087497;MCC62G22EDN;UAB - UAB TRADICIONAL;90;APLICACOES DIRETAS;3;DESPESAS CORRENTES;3;OUTRAS DESPESAS CORRENTES;37;LOCACAO DE MAO-DE-OBRA;339037;LOCACAO DE MAO-DE-OBRA;08;FUNDO SOCIAL-PARC.DEST.EDUCACAO PUBL.E SAUDE;;;;;605,000.00;222,880.37;255,401.79;25,492.84
2015;158151;INST.FED.DE EDUC.,CIENC.E TEC.DO ESP.SANTO;12;EDUCACAO;368;EDUCACAO BASICA;2030;EDUCACAO BASICA;20RJ;APOIO A CAPACITACAO E FORMACAO INICIAL E CONTINUADA PARA A E;0004;EDUCACAO BASICA A DISTANCIA;12368203020RJ0001;087497;MCC62G22EDN;UAB - UAB TRADICIONAL;90;APLICACOES DIRETAS;3;DESPESAS CORRENTES;3;OUTRAS DESPESAS CORRENTES;14;DIARIAS - PESSOAL CIVIL;339014;DIARIAS - PESSOAL CIVIL;08;FUNDO SOCIAL-PARC.DEST.EDUCACAO PUBL.E SAUDE;;;;;312,014.43;80,300.84;231,713.59;214,056.10
2015;158151;INST.FED.DE EDUC.,CIENC.E TEC.DO ESP.SANTO;12;EDUCACAO;368;EDUCACAO BASICA;2030;EDUCACAO BASICA;20RJ;APOIO A CAPACITACAO E FORMACAO INICIAL E CONTINUADA PARA A E;0004;EDUCACAO BASICA A DISTANCIA;12368203020RJ0001;087497;MCC62G22EDN;UAB - UAB TRADICIONAL;90;APLICACOES DIRETAS;3;DESPESAS CORRENTES;3;OUTRAS DESPESAS CORRENTES;33;PASSAGENS E DESPESAS COM LOCOMOCAO;339033;PASSAGENS E DESPESAS COM LOCOMOCAO;08;FUNDO SOCIAL-PARC.DEST.EDUCACAO PUBL.E SAUDE;;;;;94,988.30;50,233.07;24,388.11;24,388.11
2015;158151;INST.FED.DE EDUC.,CIENC.E TEC.DO ESP.SANTO;12;EDUCACAO;368;EDUCACAO BASICA;2030;EDUCACAO BASICA;20RJ;APOIO A CAPACITACAO E FORMACAO INICIAL E CONTINUADA PARA A E;0004;EDUCACAO BASICA A DISTANCIA;12368203020RJ0001;087497;MCC62G22EDN;UAB - UAB TRADICIONAL;90;APLICACOES DIRETAS;3;DESPESAS CORRENTES;3;OUTRAS DESPESAS CORRENTES;36;OUTROS SERVICOS DE TERCEIROS - P.FISICA;339036;OUTROS SERVICOS DE TERCEIROS - PESSOA FISICA;08;FUNDO SOCIAL-PARC.DEST.EDUCACAO PUBL.E SAUDE;;;;;291,083.06;105,380.56;185,702.50;172,462.90
2015;158151;INST.FED.DE EDUC.,CIENC.E TEC.DO ESP.SANTO;12;EDUCACAO;368;EDUCACAO BASICA;2030;EDUCACAO BASICA;20RJ;APOIO A CAPACITACAO E FORMACAO INICIAL E CONTINUADA PARA A E;0004;EDUCACAO BASICA A DISTANCIA;12368203020RJ0001;087497;MCC62G22EDN;UAB - UAB TRADICIONAL;90;APLICACOES DIRETAS;3;DESPESAS CORRENTES;3;OUTRAS DESPESAS CORRENTES;39;OUTROS SERVICOS DE TERCEIROS PJ - OP.INT.ORC.;339039;OUTROS SERVICOS DE TERCEIROS - PESSOA JURIDICA;08;FUNDO SOCIAL-PARC.DEST.EDUCACAO PUBL.E SAUDE;;;;;478,450.39;214,746.00;83,128.18;73,265.66
2015;158152;INST.FED.DE EDUC.,CIENC.E TEC.DE RORAIMA;12;EDUCACAO;368;EDUCACAO BASICA;2030;EDUCACAO BASICA;20RJ;APOIO A CAPACITACAO E FORMACAO INICIAL E CONTINUADA PARA A E;0004;EDUCACAO BASICA A DISTANCIA;12368203020RJ0001;087497;MCC62G22EDN;UAB - UAB TRADICIONAL;90;APLICACOES DIRETAS;3;DESPESAS CORRENTES;3;OUTRAS DESPESAS CORRENTES;14;DIARIAS - PESSOAL CIVIL;339014;DIARIAS - PESSOAL CIVIL;08;FUNDO SOCIAL-PARC.DEST.EDUCACAO PUBL.E SAUDE;;;;;183,081.54;122,622.96;60,458.58;53,093.67
2015;158152;INST.FED.DE EDUC.,CIENC.E TEC.DE RORAIMA;12;EDUCACAO;368;EDUCACAO BASICA;2030;EDUCACAO BASICA;20RJ;APOIO A CAPACITACAO E FORMACAO INICIAL E CONTINUADA PARA A E;0004;EDUCACAO BASICA A DISTANCIA;12368203020RJ0001;087497;MCC62G22EDN;UAB - UAB TRADICIONAL;90;APLICACOES DIRETAS;3;DESPESAS CORRENTES;3;OUTRAS DESPESAS CORRENTES;30;MATERIAL DE CONSUMO;339030;MATERIAL DE CONSUMO;08;FUNDO SOCIAL-PARC.DEST.EDUCACAO PUBL.E SAUDE;;;;;128,740.50;73,566.00;;
2015;158152;INST.FED.DE EDUC.,CIENC.E TEC.DE RORAIMA;12;EDUCACAO;368;EDUCACAO BASICA;2030;EDUCACAO BASICA;20RJ;APOIO A CAPACITACAO E FORMACAO INICIAL E CONTINUADA PARA A E;0004;EDUCACAO BASICA A DISTANCIA;12368203020RJ0001;087497;MCC62G22EDN;UAB - UAB TRADICIONAL;90;APLICACOES DIRETAS;3;DESPESAS CORRENTES;3;OUTRAS DESPESAS CORRENTES;33;PASSAGENS E DESPESAS COM LOCOMOCAO;339033;PASSAGENS E DESPESAS COM LOCOMOCAO;08;FUNDO SOCIAL-PARC.DEST.EDUCACAO PUBL.E SAUDE;;;;;467,801.60;267,315.20;;
2015;158152;INST.FED.DE EDUC.,CIENC.E TEC.DE RORAIMA;12;EDUCACAO;368;EDUCACAO BASICA;2030;EDUCACAO BASICA;20RJ;APOIO A CAPACITACAO E FORMACAO INICIAL E CONTINUADA PARA A E;0004;EDUCACAO BASICA A DISTANCIA;12368203020RJ0001;087497;MCC62G22EDN;UAB - UAB TRADICIONAL;90;APLICACOES DIRETAS;3;DESPESAS CORRENTES;3;OUTRAS DESPESAS CORRENTES;36;OUTROS SERVICOS DE TERCEIROS - P.FISICA;339036;OUTROS SERVICOS DE TERCEIROS - PESSOA FISICA;08;FUNDO SOCIAL-PARC.DEST.EDUCACAO PUBL.E SAUDE;;;;;186,363.75;125,911.75;60,452.00;58,151.00
2015;158152;INST.FED.DE EDUC.,CIENC.E TEC.DE RORAIMA;12;EDUCACAO;368;EDUCACAO BASICA;2030;EDUCACAO BASICA;20RJ;APOIO A CAPACITACAO E FORMACAO INICIAL E CONTINUADA PARA A E;0004;EDUCACAO BASICA A DISTANCIA;12368203020RJ0001;087497;MCC62G22EDN;UAB - UAB TRADICIONAL;90;APLICACOES DIRETAS;3;DESPESAS CORRENTES;3;OUTRAS DESPESAS CORRENTES;39;OUTROS SERVICOS DE TERCEIROS PJ - OP.INT.ORC.;339039;OUTROS SERVICOS DE TERCEIROS - PESSOA JURIDICA;08;FUNDO SOCIAL-PARC.DEST.EDUCACAO PUBL.E SAUDE;;;;;79,350.00;31,740.00;;
2015;158154;INSTITUTO FEDERAL DE SAO PAULO;12;EDUCACAO;364;ENSINO SUPERIOR;2032;EDUCACAO SUPERIOR - GRADUACAO, POS-GRADUACAO, ENSINO, PESQUI;0487;CONCESSAO DE BOLSAS DE ESTUDO NO ENSINO SUPERIOR;0002;CONCESSAO DE BOLSAS DE ESTUDOS NO PAIS;12364203204870001;087493;OCCCUO9414N;BF SUPERIOR - PROAP;90;APLICACOES DIRETAS;3;DESPESAS CORRENTES;3;OUTRAS DESPESAS CORRENTES;14;DIARIAS - PESSOAL CIVIL;339014;DIARIAS - PESSOAL CIVIL;12;RECURSOS DEST.A MANUT.E DES.DO ENSINO;;;;;2,875.00;2,875.00;;
2015;158154;INSTITUTO FEDERAL DE SAO PAULO;12;EDUCACAO;364;ENSINO SUPERIOR;2032;EDUCACAO SUPERIOR - GRADUACAO, POS-GRADUACAO, ENSINO, PESQUI;0487;CONCESSAO DE BOLSAS DE ESTUDO NO ENSINO SUPERIOR;0002;CONCESSAO DE BOLSAS DE ESTUDOS NO PAIS;12364203204870001;087493;OCCCUO9414N;BF SUPERIOR - PROAP;90;APLICACOES DIRETAS;3;DESPESAS CORRENTES;3;OUTRAS DESPESAS CORRENTES;18;AUXILIO FINANCEIRO A ESTUDANTES;339018;AUXILIO FINANCEIRO A ESTUDANTES;12;RECURSOS DEST.A MANUT.E DES.DO ENSINO;;;;;3,749.96;1,250.00;2,499.96;2,499.96
2015;158154;INSTITUTO FEDERAL DE SAO PAULO;12;EDUCACAO;364;ENSINO SUPERIOR;2032;EDUCACAO SUPERIOR - GRADUACAO, POS-GRADUACAO, ENSINO, PESQUI;0487;CONCESSAO DE BOLSAS DE ESTUDO NO ENSINO SUPERIOR;0002;CONCESSAO DE BOLSAS DE ESTUDOS NO PAIS;12364203204870001;087493;OCCCUO9414N;BF SUPERIOR - PROAP;90;APLICACOES DIRETAS;3;DESPESAS CORRENTES;3;OUTRAS DESPESAS CORRENTES;20;AUXILIO FINANCEIRO A PESQUISADORES;339020;AUXILIO FINANCEIRO A PESQUISADORES;12;RECURSOS DEST.A MANUT.E DES.DO ENSINO;;;;;5,000.00;1,250.00;3,750.00;3,750.00
2015;158154;INSTITUTO FEDERAL DE SAO PAULO;12;EDUCACAO;364;ENSINO SUPERIOR;2032;EDUCACAO SUPERIOR - GRADUACAO, POS-GRADUACAO, ENSINO, PESQUI;0487;CONCESSAO DE BOLSAS DE ESTUDO NO ENSINO SUPERIOR;0002;CONCESSAO DE BOLSAS DE ESTUDOS NO PAIS;12364203204870001;087493;OCCCUO9414N;BF SUPERIOR - PROAP;90;APLICACOES DIRETAS;3;DESPESAS CORRENTES;3;OUTRAS DESPESAS CORRENTES;33;PASSAGENS E DESPESAS COM LOCOMOCAO;339033;PASSAGENS E DESPESAS COM LOCOMOCAO;12;RECURSOS DEST.A MANUT.E DES.DO ENSINO;;;;;6,000.00;1,500.00;;
2015;158155;INST.FED.DE EDUC.,CIENC.E TEC.DO RN;12;EDUCACAO;364;ENSINO SUPERIOR;2032;EDUCACAO SUPERIOR - GRADUACAO, POS-GRADUACAO, ENSINO, PESQUI;0487;CONCESSAO DE BOLSAS DE ESTUDO NO ENSINO SUPERIOR;0002;CONCESSAO DE BOLSAS DE ESTUDOS NO PAIS;12364203204870001;087493;OCCCUO9414N;BF SUPERIOR - PROAP;90;APLICACOES DIRETAS;3;DESPESAS CORRENTES;3;OUTRAS DESPESAS CORRENTES;18;AUXILIO FINANCEIRO A ESTUDANTES;339018;AUXILIO FINANCEIRO A ESTUDANTES;12;RECURSOS DEST.A MANUT.E DES.DO ENSINO;;;;;3,750.00;0.00;3,750.00;3,750.00
2015;158159;INST.FED. DO AMAPA -CAMPUS MACAPA;12;EDUCACAO;368;EDUCACAO BASICA;2030;EDUCACAO BASICA;20RJ;APOIO A CAPACITACAO E FORMACAO INICIAL E CONTINUADA PARA A E;0003;EDUCACAO BASICA PRESENCIAL;12368203020RJ0001;087496;PCC92B5801N;PARFOR - PARFOR;90;APLICACOES DIRETAS;3;DESPESAS CORRENTES;3;OUTRAS DESPESAS CORRENTES;18;AUXILIO FINANCEIRO A ESTUDANTES;339018;AUXILIO FINANCEIRO A ESTUDANTES;08;FUNDO SOCIAL-PARC.DEST.EDUCACAO PUBL.E SAUDE;;;;13,200.00;172,800.00;2,000.00;166,000.00;100,800.00
2015;158159;INST.FED. DO AMAPA -CAMPUS MACAPA;12;EDUCACAO;368;EDUCACAO BASICA;2030;EDUCACAO BASICA;20RJ;APOIO A CAPACITACAO E FORMACAO INICIAL E CONTINUADA PARA A E;0003;EDUCACAO BASICA PRESENCIAL;12368203020RJ0001;087496;PCC92B5801N;PARFOR - PARFOR;90;APLICACOES DIRETAS;3;DESPESAS CORRENTES;3;OUTRAS DESPESAS CORRENTES;30;MATERIAL DE CONSUMO;339030;MATERIAL DE CONSUMO;08;FUNDO SOCIAL-PARC.DEST.EDUCACAO PUBL.E SAUDE;;;;81,000.00;;;;
2015;158159;INST.FED. DO AMAPA -CAMPUS MACAPA;12;EDUCACAO;368;EDUCACAO BASICA;2030;EDUCACAO BASICA;20RJ;APOIO A CAPACITACAO E FORMACAO INICIAL E CONTINUADA PARA A E;0003;EDUCACAO BASICA PRESENCIAL;12368203020RJ0001;087496;PCC92B5801N;PARFOR - PARFOR;90;APLICACOES DIRETAS;3;DESPESAS CORRENTES;3;OUTRAS DESPESAS CORRENTES;36;OUTROS SERVICOS DE TERCEIROS - P.FISICA;339036;OUTROS SERVICOS DE TERCEIROS - PESSOA FISICA;08;FUNDO SOCIAL-PARC.DEST.EDUCACAO PUBL.E SAUDE;;;;6,000.00;;;;
2015;158195;UNIVERSIDADE FEDERAL DE CAMPINA GRANDE;12;EDUCACAO;364;ENSINO SUPERIOR;2032;EDUCACAO SUPERIOR - GRADUACAO, POS-GRADUACAO, ENSINO, PESQUI;0487;CONCESSAO DE BOLSAS DE ESTUDO NO ENSINO SUPERIOR;0002;CONCESSAO DE BOLSAS DE ESTUDOS NO PAIS;12364203204870001;087493;OCCCUO9414N;BF SUPERIOR - PROAP;90;APLICACOES DIRETAS;3;DESPESAS CORRENTES;3;OUTRAS DESPESAS CORRENTES;14;DIARIAS - PESSOAL CIVIL;339014;DIARIAS - PESSOAL CIVIL;12;RECURSOS DEST.A MANUT.E DES.DO ENSINO;;;;;785,254.15;177,823.65;607,430.50;552,249.13
2015;158195;UNIVERSIDADE FEDERAL DE CAMPINA GRANDE;12;EDUCACAO;364;ENSINO SUPERIOR;2032;EDUCACAO SUPERIOR - GRADUACAO, POS-GRADUACAO, ENSINO, PESQUI;0487;CONCESSAO DE BOLSAS DE ESTUDO NO ENSINO SUPERIOR;0002;CONCESSAO DE BOLSAS DE ESTUDOS NO PAIS;12364203204870001;087493;OCCCUO9414N;BF SUPERIOR - PROAP;90;APLICACOES DIRETAS;3;DESPESAS CORRENTES;3;OUTRAS DESPESAS CORRENTES;18;AUXILIO FINANCEIRO A ESTUDANTES;339018;AUXILIO FINANCEIRO A ESTUDANTES;12;RECURSOS DEST.A MANUT.E DES.DO ENSINO;;;;;1,363,346.05;81,666.65;1,281,679.40;1,066,794.67
2015;158195;UNIVERSIDADE FEDERAL DE CAMPINA GRANDE;12;EDUCACAO;364;ENSINO SUPERIOR;2032;EDUCACAO SUPERIOR - GRADUACAO, POS-GRADUACAO, ENSINO, PESQUI;0487;CONCESSAO DE BOLSAS DE ESTUDO NO ENSINO SUPERIOR;0002;CONCESSAO DE BOLSAS DE ESTUDOS NO PAIS;12364203204870001;087493;OCCCUO9414N;BF SUPERIOR - PROAP;90;APLICACOES DIRETAS;3;DESPESAS CORRENTES;3;OUTRAS DESPESAS CORRENTES;30;MATERIAL DE CONSUMO;339030;MATERIAL DE CONSUMO;12;RECURSOS DEST.A MANUT.E DES.DO ENSINO;;;;;291,399.80;85,299.58;180,453.46;158,362.40
2015;158195;UNIVERSIDADE FEDERAL DE CAMPINA GRANDE;12;EDUCACAO;364;ENSINO SUPERIOR;2032;EDUCACAO SUPERIOR - GRADUACAO, POS-GRADUACAO, ENSINO, PESQUI;0487;CONCESSAO DE BOLSAS DE ESTUDO NO ENSINO SUPERIOR;0002;CONCESSAO DE BOLSAS DE ESTUDOS NO PAIS;12364203204870001;087493;OCCCUO9414N;BF SUPERIOR - PROAP;90;APLICACOES DIRETAS;3;DESPESAS CORRENTES;3;OUTRAS DESPESAS CORRENTES;33;PASSAGENS E DESPESAS COM LOCOMOCAO;339033;PASSAGENS E DESPESAS COM LOCOMOCAO;12;RECURSOS DEST.A MANUT.E DES.DO ENSINO;;;;;1,935,073.54;490,828.02;1,371,659.14;853,814.99
2015;158195;UNIVERSIDADE FEDERAL DE CAMPINA GRANDE;12;EDUCACAO;364;ENSINO SUPERIOR;2032;EDUCACAO SUPERIOR - GRADUACAO, POS-GRADUACAO, ENSINO, PESQUI;0487;CONCESSAO DE BOLSAS DE ESTUDO NO ENSINO SUPERIOR;0002;CONCESSAO DE BOLSAS DE ESTUDOS NO PAIS;12364203204870001;087493;OCCCUO9414N;BF SUPERIOR - PROAP;90;APLICACOES DIRETAS;3;DESPESAS CORRENTES;3;OUTRAS DESPESAS CORRENTES;36;OUTROS SERVICOS DE TERCEIROS - P.FISICA;339036;OUTROS SERVICOS DE TERCEIROS - PESSOA FISICA;12;RECURSOS DEST.A MANUT.E DES.DO ENSINO;;;;;96,629.30;42,774.10;53,855.20;45,896.10
2015;158195;UNIVERSIDADE FEDERAL DE CAMPINA GRANDE;12;EDUCACAO;364;ENSINO SUPERIOR;2032;EDUCACAO SUPERIOR - GRADUACAO, POS-GRADUACAO, ENSINO, PESQUI;0487;CONCESSAO DE BOLSAS DE ESTUDO NO ENSINO SUPERIOR;0002;CONCESSAO DE BOLSAS DE ESTUDOS NO PAIS;12364203204870001;087493;OCCCUO9414N;BF SUPERIOR - PROAP;90;APLICACOES DIRETAS;3;DESPESAS CORRENTES;3;OUTRAS DESPESAS CORRENTES;39;OUTROS SERVICOS DE TERCEIROS PJ - OP.INT.ORC.;339039;OUTROS SERVICOS DE TERCEIROS - PESSOA JURIDICA;12;RECURSOS DEST.A MANUT.E DES.DO ENSINO;;;;;632,596.58;126,160.00;462,156.58;427,871.58
2015;158195;UNIVERSIDADE FEDERAL DE CAMPINA GRANDE;12;EDUCACAO;364;ENSINO SUPERIOR;2032;EDUCACAO SUPERIOR - GRADUACAO, POS-GRADUACAO, ENSINO, PESQUI;0487;CONCESSAO DE BOLSAS DE ESTUDO NO ENSINO SUPERIOR;0002;CONCESSAO DE BOLSAS DE ESTUDOS NO PAIS;12364203204870001;087493;OCCCUO9414N;BF SUPERIOR - PROAP;91;APLICACOES DIRETAS - OPERACOES INTERNAS;3;DESPESAS CORRENTES;3;OUTRAS DESPESAS CORRENTES;39;OUTROS SERVICOS DE TERCEIROS PJ - OP.INT.ORC.;339139;OUTROS SERVICOS DE TERCEIROS - PESSOA JURIDICA (INTRA);12;RECURSOS DEST.A MANUT.E DES.DO ENSINO;;;;;900.00;100.00;800.00;800.00
2015;158195;UNIVERSIDADE FEDERAL DE CAMPINA GRANDE;12;EDUCACAO;368;EDUCACAO BASICA;2030;EDUCACAO BASICA;20RJ;APOIO A CAPACITACAO E FORMACAO INICIAL E CONTINUADA PARA A E;0003;EDUCACAO BASICA PRESENCIAL;12368203020RJ0001;087496;PCC92B5801N;PARFOR - PARFOR;90;APLICACOES DIRETAS;3;DESPESAS CORRENTES;3;OUTRAS DESPESAS CORRENTES;14;DIARIAS - PESSOAL CIVIL;339014;DIARIAS - PESSOAL CIVIL;08;FUNDO SOCIAL-PARC.DEST.EDUCACAO PUBL.E SAUDE;;;;;73,487.45;43,179.15;30,308.30;28,861.50
2015;158195;UNIVERSIDADE FEDERAL DE CAMPINA GRANDE;12;EDUCACAO;368;EDUCACAO BASICA;2030;EDUCACAO BASICA;20RJ;APOIO A CAPACITACAO E FORMACAO INICIAL E CONTINUADA PARA A E;0003;EDUCACAO BASICA PRESENCIAL;12368203020RJ0001;087496;PCC92B5801N;PARFOR - PARFOR;90;APLICACOES DIRETAS;3;DESPESAS CORRENTES;3;OUTRAS DESPESAS CORRENTES;18;AUXILIO FINANCEIRO A ESTUDANTES;339018;AUXILIO FINANCEIRO A ESTUDANTES;08;FUNDO SOCIAL-PARC.DEST.EDUCACAO PUBL.E SAUDE;;;;;462,840.00;154,140.00;308,700.00;258,160.00
2015;158195;UNIVERSIDADE FEDERAL DE CAMPINA GRANDE;12;EDUCACAO;368;EDUCACAO BASICA;2030;EDUCACAO BASICA;20RJ;APOIO A CAPACITACAO E FORMACAO INICIAL E CONTINUADA PARA A E;0003;EDUCACAO BASICA PRESENCIAL;12368203020RJ0001;087496;PCC92B5801N;PARFOR - PARFOR;90;APLICACOES DIRETAS;3;DESPESAS CORRENTES;3;OUTRAS DESPESAS CORRENTES;33;PASSAGENS E DESPESAS COM LOCOMOCAO;339033;PASSAGENS E DESPESAS COM LOCOMOCAO;08;FUNDO SOCIAL-PARC.DEST.EDUCACAO PUBL.E SAUDE;;;;;48,315.62;13,637.03;27,178.59;20,952.24
2015;158195;UNIVERSIDADE FEDERAL DE CAMPINA GRANDE;12;EDUCACAO;368;EDUCACAO BASICA;2030;EDUCACAO BASICA;20RJ;APOIO A CAPACITACAO E FORMACAO INICIAL E CONTINUADA PARA A E;0003;EDUCACAO BASICA PRESENCIAL;12368203020RJ0001;087496;PCC92B5801N;PARFOR - PARFOR;90;APLICACOES DIRETAS;3;DESPESAS CORRENTES;3;OUTRAS DESPESAS CORRENTES;39;OUTROS SERVICOS DE TERCEIROS PJ - OP.INT.ORC.;339039;OUTROS SERVICOS DE TERCEIROS - PESSOA JURIDICA;08;FUNDO SOCIAL-PARC.DEST.EDUCACAO PUBL.E SAUDE;;;;;2,640.00;780.00;1,680.00;1,260.00
2015;158199;CENTRO DE SAUDE E TECNOLOGIA RURAL DA UFCG;12;EDUCACAO;364;ENSINO SUPERIOR;2032;EDUCACAO SUPERIOR - GRADUACAO, POS-GRADUACAO, ENSINO, PESQUI;0487;CONCESSAO DE BOLSAS DE ESTUDO NO ENSINO SUPERIOR;0002;CONCESSAO DE BOLSAS DE ESTUDOS NO PAIS;12364203204870001;087493;OCCCUO9414N;BF SUPERIOR - PROAP;90;APLICACOES DIRETAS;3;DESPESAS CORRENTES;3;OUTRAS DESPESAS CORRENTES;14;DIARIAS - PESSOAL CIVIL;339014;DIARIAS - PESSOAL CIVIL;12;RECURSOS DEST.A MANUT.E DES.DO ENSINO;;;;;357,388.90;318,930.20;38,458.70;24,875.10
2015;158199;CENTRO DE SAUDE E TECNOLOGIA RURAL DA UFCG;12;EDUCACAO;364;ENSINO SUPERIOR;2032;EDUCACAO SUPERIOR - GRADUACAO, POS-GRADUACAO, ENSINO, PESQUI;0487;CONCESSAO DE BOLSAS DE ESTUDO NO ENSINO SUPERIOR;0002;CONCESSAO DE BOLSAS DE ESTUDOS NO PAIS;12364203204870001;087493;OCCCUO9414N;BF SUPERIOR - PROAP;90;APLICACOES DIRETAS;3;DESPESAS CORRENTES;3;OUTRAS DESPESAS CORRENTES;18;AUXILIO FINANCEIRO A ESTUDANTES;339018;AUXILIO FINANCEIRO A ESTUDANTES;12;RECURSOS DEST.A MANUT.E DES.DO ENSINO;;;;;560,265.00;330,829.50;229,435.50;47,400.00
2015;158199;CENTRO DE SAUDE E TECNOLOGIA RURAL DA UFCG;12;EDUCACAO;364;ENSINO SUPERIOR;2032;EDUCACAO SUPERIOR - GRADUACAO, POS-GRADUACAO, ENSINO, PESQUI;0487;CONCESSAO DE BOLSAS DE ESTUDO NO ENSINO SUPERIOR;0002;CONCESSAO DE BOLSAS DE ESTUDOS NO PAIS;12364203204870001;087493;OCCCUO9414N;BF SUPERIOR - PROAP;90;APLICACOES DIRETAS;3;DESPESAS CORRENTES;3;OUTRAS DESPESAS CORRENTES;30;MATERIAL DE CONSUMO;339030;MATERIAL DE CONSUMO;12;RECURSOS DEST.A MANUT.E DES.DO ENSINO;;;;;275,814.00;7,413.00;268,401.00;209,258.81
2015;158199;CENTRO DE SAUDE E TECNOLOGIA RURAL DA UFCG;12;EDUCACAO;364;ENSINO SUPERIOR;2032;EDUCACAO SUPERIOR - GRADUACAO, POS-GRADUACAO, ENSINO, PESQUI;0487;CONCESSAO DE BOLSAS DE ESTUDO NO ENSINO SUPERIOR;0002;CONCESSAO DE BOLSAS DE ESTUDOS NO PAIS;12364203204870001;087493;OCCCUO9414N;BF SUPERIOR - PROAP;90;APLICACOES DIRETAS;3;DESPESAS CORRENTES;3;OUTRAS DESPESAS CORRENTES;33;PASSAGENS E DESPESAS COM LOCOMOCAO;339033;PASSAGENS E DESPESAS COM LOCOMOCAO;12;RECURSOS DEST.A MANUT.E DES.DO ENSINO;;;;;8,378.60;3,175.60;5,203.00;
2015;158199;CENTRO DE SAUDE E TECNOLOGIA RURAL DA UFCG;12;EDUCACAO;364;ENSINO SUPERIOR;2032;EDUCACAO SUPERIOR - GRADUACAO, POS-GRADUACAO, ENSINO, PESQUI;0487;CONCESSAO DE BOLSAS DE ESTUDO NO ENSINO SUPERIOR;0002;CONCESSAO DE BOLSAS DE ESTUDOS NO PAIS;12364203204870001;087493;OCCCUO9414N;BF SUPERIOR - PROAP;90;APLICACOES DIRETAS;3;DESPESAS CORRENTES;3;OUTRAS DESPESAS CORRENTES;36;OUTROS SERVICOS DE TERCEIROS - P.FISICA;339036;OUTROS SERVICOS DE TERCEIROS - PESSOA FISICA;12;RECURSOS DEST.A MANUT.E DES.DO ENSINO;;;;;102,865.50;102,600.00;265.50;
2015;158199;CENTRO DE SAUDE E TECNOLOGIA RURAL DA UFCG;12;EDUCACAO;364;ENSINO SUPERIOR;2032;EDUCACAO SUPERIOR - GRADUACAO, POS-GRADUACAO, ENSINO, PESQUI;0487;CONCESSAO DE BOLSAS DE ESTUDO NO ENSINO SUPERIOR;0002;CONCESSAO DE BOLSAS DE ESTUDOS NO PAIS;12364203204870001;087493;OCCCUO9414N;BF SUPERIOR - PROAP;90;APLICACOES DIRETAS;3;DESPESAS CORRENTES;3;OUTRAS DESPESAS CORRENTES;39;OUTROS SERVICOS DE TERCEIROS PJ - OP.INT.ORC.;339039;OUTROS SERVICOS DE TERCEIROS - PESSOA JURIDICA;12;RECURSOS DEST.A MANUT.E DES.DO ENSINO;;;;;1,290.00;990.00;300.00;
2015;158222;ESCOLA DE COMUNICACAO DA UFRJ;12;EDUCACAO;364;ENSINO SUPERIOR;2032;EDUCACAO SUPERIOR - GRADUACAO, POS-GRADUACAO, ENSINO, PESQUI;0487;CONCESSAO DE BOLSAS DE ESTUDO NO ENSINO SUPERIOR;0002;CONCESSAO DE BOLSAS DE ESTUDOS NO PAIS;12364203204870001;087493;OCCCUO9414N;BF SUPERIOR - PROAP;90;APLICACOES DIRETAS;3;DESPESAS CORRENTES;3;OUTRAS DESPESAS CORRENTES;18;AUXILIO FINANCEIRO A ESTUDANTES;339018;AUXILIO FINANCEIRO A ESTUDANTES;12;RECURSOS DEST.A MANUT.E DES.DO ENSINO;;;;;23,250.00;0.00;23,250.00;
2015;158222;ESCOLA DE COMUNICACAO DA UFRJ;12;EDUCACAO;364;ENSINO SUPERIOR;2032;EDUCACAO SUPERIOR - GRADUACAO, POS-GRADUACAO, ENSINO, PESQUI;0487;CONCESSAO DE BOLSAS DE ESTUDO NO ENSINO SUPERIOR;0002;CONCESSAO DE BOLSAS DE ESTUDOS NO PAIS;12364203204870001;087493;OCCCUO9414N;BF SUPERIOR - PROAP;90;APLICACOES DIRETAS;3;DESPESAS CORRENTES;3;OUTRAS DESPESAS CORRENTES;30;MATERIAL DE CONSUMO;339030;MATERIAL DE CONSUMO;12;RECURSOS DEST.A MANUT.E DES.DO ENSINO;;;;;4,316.00;516.00;3,800.00;
2015;158222;ESCOLA DE COMUNICACAO DA UFRJ;12;EDUCACAO;364;ENSINO SUPERIOR;2032;EDUCACAO SUPERIOR - GRADUACAO, POS-GRADUACAO, ENSINO, PESQUI;0487;CONCESSAO DE BOLSAS DE ESTUDO NO ENSINO SUPERIOR;0002;CONCESSAO DE BOLSAS DE ESTUDOS NO PAIS;12364203204870001;087493;OCCCUO9414N;BF SUPERIOR - PROAP;90;APLICACOES DIRETAS;3;DESPESAS CORRENTES;3;OUTRAS DESPESAS CORRENTES;39;OUTROS SERVICOS DE TERCEIROS PJ - OP.INT.ORC.;339039;OUTROS SERVICOS DE TERCEIROS - PESSOA JURIDICA;12;RECURSOS DEST.A MANUT.E DES.DO ENSINO;;;;;1,700.00;340.00;1,360.00;
2015;158222;ESCOLA DE COMUNICACAO DA UFRJ;12;EDUCACAO;364;ENSINO SUPERIOR;2032;EDUCACAO SUPERIOR - GRADUACAO, POS-GRADUACAO, ENSINO, PESQUI;0487;CONCESSAO DE BOLSAS DE ESTUDO NO ENSINO SUPERIOR;0002;CONCESSAO DE BOLSAS DE ESTUDOS NO PAIS;12364203204870001;087493;OCCCUO9414N;BF SUPERIOR - PROAP;90;APLICACOES DIRETAS;3;DESPESAS CORRENTES;3;OUTRAS DESPESAS CORRENTES;93;INDENIZACOES E RESTITUICOES;339093;INDENIZACOES E RESTITUICOES;12;RECURSOS DEST.A MANUT.E DES.DO ENSINO;;;;;3,450.00;0.00;3,450.00;
2015;158223;FACULDADE DE DIREITO DA UFRJ;12;EDUCACAO;364;ENSINO SUPERIOR;2032;EDUCACAO SUPERIOR - GRADUACAO, POS-GRADUACAO, ENSINO, PESQUI;0487;CONCESSAO DE BOLSAS DE ESTUDO NO ENSINO SUPERIOR;0002;CONCESSAO DE BOLSAS DE ESTUDOS NO PAIS;12364203204870001;087493;OCCCUO9414N;BF SUPERIOR - PROAP;90;APLICACOES DIRETAS;3;DESPESAS CORRENTES;3;OUTRAS DESPESAS CORRENTES;30;MATERIAL DE CONSUMO;339030;MATERIAL DE CONSUMO;12;RECURSOS DEST.A MANUT.E DES.DO ENSINO;;;;;5,800.00;2,320.00;3,480.00;
2015;158223;FACULDADE DE DIREITO DA UFRJ;12;EDUCACAO;364;ENSINO SUPERIOR;2032;EDUCACAO SUPERIOR - GRADUACAO, POS-GRADUACAO, ENSINO, PESQUI;0487;CONCESSAO DE BOLSAS DE ESTUDO NO ENSINO SUPERIOR;0002;CONCESSAO DE BOLSAS DE ESTUDOS NO PAIS;12364203204870001;087493;OCCCUO9414N;BF SUPERIOR - PROAP;90;APLICACOES DIRETAS;3;DESPESAS CORRENTES;3;OUTRAS DESPESAS CORRENTES;39;OUTROS SERVICOS DE TERCEIROS PJ - OP.INT.ORC.;339039;OUTROS SERVICOS DE TERCEIROS - PESSOA JURIDICA;12;RECURSOS DEST.A MANUT.E DES.DO ENSINO;;;;;65,000.00;19,000.00;28,000.00;
2015;158261;INST.FED.DO RS/CAMPUS PORTO ALEGRE;12;EDUCACAO;368;EDUCACAO BASICA;2030;EDUCACAO BASICA;20RJ;APOIO A CAPACITACAO E FORMACAO INICIAL E CONTINUADA PARA A E;0003;EDUCACAO BASICA PRESENCIAL;12368203020RJ0001;087496;PCC92B5801N;PARFOR - PARFOR;90;APLICACOES DIRETAS;3;DESPESAS CORRENTES;3;OUTRAS DESPESAS CORRENTES;18;AUXILIO FINANCEIRO A ESTUDANTES;339018;AUXILIO FINANCEIRO A ESTUDANTES;08;FUNDO SOCIAL-PARC.DEST.EDUCACAO PUBL.E SAUDE;;;;;609,000.00;150,000.00;459,000.00;399,000.00
2015;158261;INST.FED.DO RS/CAMPUS PORTO ALEGRE;12;EDUCACAO;368;EDUCACAO BASICA;2030;EDUCACAO BASICA;20RJ;APOIO A CAPACITACAO E FORMACAO INICIAL E CONTINUADA PARA A E;0003;EDUCACAO BASICA PRESENCIAL;12368203020RJ0001;087496;PCC92B5801N;PARFOR - PARFOR;90;APLICACOES DIRETAS;3;DESPESAS CORRENTES;3;OUTRAS DESPESAS CORRENTES;36;OUTROS SERVICOS DE TERCEIROS - P.FISICA;339036;OUTROS SERVICOS DE TERCEIROS - PESSOA FISICA;08;FUNDO SOCIAL-PARC.DEST.EDUCACAO PUBL.E SAUDE;;;;;254,000.00;98,000.00;156,000.00;136,000.00
2015;158261;INST.FED.DO RS/CAMPUS PORTO ALEGRE;12;EDUCACAO;368;EDUCACAO BASICA;2030;EDUCACAO BASICA;20RJ;APOIO A CAPACITACAO E FORMACAO INICIAL E CONTINUADA PARA A E;0003;EDUCACAO BASICA PRESENCIAL;12368203020RJ0001;087496;PCC92B5801N;PARFOR - PARFOR;90;APLICACOES DIRETAS;3;DESPESAS CORRENTES;3;OUTRAS DESPESAS CORRENTES;39;OUTROS SERVICOS DE TERCEIROS PJ - OP.INT.ORC.;339039;OUTROS SERVICOS DE TERCEIROS - PESSOA JURIDICA;08;FUNDO SOCIAL-PARC.DEST.EDUCACAO PUBL.E SAUDE;;;;;109,462.96;13,682.87;95,780.09;95,780.09
2015;158264;INST.FED.DO RS/CAMPUS BENTO GONCALVES;12;EDUCACAO;368;EDUCACAO BASICA;2030;EDUCACAO BASICA;20RJ;APOIO A CAPACITACAO E FORMACAO INICIAL E CONTINUADA PARA A E;0003;EDUCACAO BASICA PRESENCIAL;12368203020RJ0001;087496;PCC92B5801N;PARFOR - PARFOR;90;APLICACOES DIRETAS;3;DESPESAS CORRENTES;3;OUTRAS DESPESAS CORRENTES;14;DIARIAS - PESSOAL CIVIL;339014;DIARIAS - PESSOAL CIVIL;08;FUNDO SOCIAL-PARC.DEST.EDUCACAO PUBL.E SAUDE;;;;;3,194.80;1,330.00;1,864.80;1,864.80
2015;158264;INST.FED.DO RS/CAMPUS BENTO GONCALVES;12;EDUCACAO;368;EDUCACAO BASICA;2030;EDUCACAO BASICA;20RJ;APOIO A CAPACITACAO E FORMACAO INICIAL E CONTINUADA PARA A E;0003;EDUCACAO BASICA PRESENCIAL;12368203020RJ0001;087496;PCC92B5801N;PARFOR - PARFOR;90;APLICACOES DIRETAS;3;DESPESAS CORRENTES;3;OUTRAS DESPESAS CORRENTES;18;AUXILIO FINANCEIRO A ESTUDANTES;339018;AUXILIO FINANCEIRO A ESTUDANTES;08;FUNDO SOCIAL-PARC.DEST.EDUCACAO PUBL.E SAUDE;;;;;107,000.00;40,000.00;67,000.00;62,000.00
2015;158264;INST.FED.DO RS/CAMPUS BENTO GONCALVES;12;EDUCACAO;368;EDUCACAO BASICA;2030;EDUCACAO BASICA;20RJ;APOIO A CAPACITACAO E FORMACAO INICIAL E CONTINUADA PARA A E;0003;EDUCACAO BASICA PRESENCIAL;12368203020RJ0001;087496;PCC92B5801N;PARFOR - PARFOR;90;APLICACOES DIRETAS;3;DESPESAS CORRENTES;3;OUTRAS DESPESAS CORRENTES;33;PASSAGENS E DESPESAS COM LOCOMOCAO;339033;PASSAGENS E DESPESAS COM LOCOMOCAO;08;FUNDO SOCIAL-PARC.DEST.EDUCACAO PUBL.E SAUDE;;;;;8,110.70;4,763.10;3,347.60;3,347.60
2015;158264;INST.FED.DO RS/CAMPUS BENTO GONCALVES;12;EDUCACAO;368;EDUCACAO BASICA;2030;EDUCACAO BASICA;20RJ;APOIO A CAPACITACAO E FORMACAO INICIAL E CONTINUADA PARA A E;0003;EDUCACAO BASICA PRESENCIAL;12368203020RJ0001;087496;PCC92B5801N;PARFOR - PARFOR;90;APLICACOES DIRETAS;3;DESPESAS CORRENTES;3;OUTRAS DESPESAS CORRENTES;36;OUTROS SERVICOS DE TERCEIROS - P.FISICA;339036;OUTROS SERVICOS DE TERCEIROS - PESSOA FISICA;08;FUNDO SOCIAL-PARC.DEST.EDUCACAO PUBL.E SAUDE;;;;;110,000.00;40,000.00;70,000.00;67,000.00
2015;158264;INST.FED.DO RS/CAMPUS BENTO GONCALVES;12;EDUCACAO;368;EDUCACAO BASICA;2030;EDUCACAO BASICA;20RJ;APOIO A CAPACITACAO E FORMACAO INICIAL E CONTINUADA PARA A E;0003;EDUCACAO BASICA PRESENCIAL;12368203020RJ0001;087496;PCC92B5801N;PARFOR - PARFOR;91;APLICACOES DIRETAS - OPERACOES INTERNAS;3;DESPESAS CORRENTES;3;OUTRAS DESPESAS CORRENTES;47;OBRIGACOES TRIBUTARIAS E CONTRIBUTIVAS;339147;OBRIG.TRIBUT.E CONTRIB-OP.INTRA-ORCAMENTARIAS;08;FUNDO SOCIAL-PARC.DEST.EDUCACAO PUBL.E SAUDE;;;;;22,000.00;8,000.00;13,400.00;13,400.00
2015;158279;IFPB - CAMPUS SOUSA;12;EDUCACAO;368;EDUCACAO BASICA;2030;EDUCACAO BASICA;20RJ;APOIO A CAPACITACAO E FORMACAO INICIAL E CONTINUADA PARA A E;0003;EDUCACAO BASICA PRESENCIAL;12368203020RJ0001;087496;PCC92B5801N;PARFOR - PARFOR;90;APLICACOES DIRETAS;3;DESPESAS CORRENTES;3;OUTRAS DESPESAS CORRENTES;14;DIARIAS - PESSOAL CIVIL;339014;DIARIAS - PESSOAL CIVIL;08;FUNDO SOCIAL-PARC.DEST.EDUCACAO PUBL.E SAUDE;;;;;21,105.00;10,336.75;10,768.25;9,255.50
2015;158279;IFPB - CAMPUS SOUSA;12;EDUCACAO;368;EDUCACAO BASICA;2030;EDUCACAO BASICA;20RJ;APOIO A CAPACITACAO E FORMACAO INICIAL E CONTINUADA PARA A E;0003;EDUCACAO BASICA PRESENCIAL;12368203020RJ0001;087496;PCC92B5801N;PARFOR - PARFOR;90;APLICACOES DIRETAS;3;DESPESAS CORRENTES;3;OUTRAS DESPESAS CORRENTES;18;AUXILIO FINANCEIRO A ESTUDANTES;339018;AUXILIO FINANCEIRO A ESTUDANTES;08;FUNDO SOCIAL-PARC.DEST.EDUCACAO PUBL.E SAUDE;;;;;59,640.00;20,120.00;39,520.00;23,280.00
2015;158286;INST.FED.DO MARANHAO/CAMPUS MONTE CASTELO;12;EDUCACAO;364;ENSINO SUPERIOR;2032;EDUCACAO SUPERIOR - GRADUACAO, POS-GRADUACAO, ENSINO, PESQUI;0487;CONCESSAO DE BOLSAS DE ESTUDO NO ENSINO SUPERIOR;0002;CONCESSAO DE BOLSAS DE ESTUDOS NO PAIS;12364203204870001;087493;OCCCUO9414N;BF SUPERIOR - PROAP;90;APLICACOES DIRETAS;3;DESPESAS CORRENTES;3;OUTRAS DESPESAS CORRENTES;14;DIARIAS - PESSOAL CIVIL;339014;DIARIAS - PESSOAL CIVIL;12;RECURSOS DEST.A MANUT.E DES.DO ENSINO;;;;;13,278.60;2,369.50;10,909.10;10,909.10
2015;158286;INST.FED.DO MARANHAO/CAMPUS MONTE CASTELO;12;EDUCACAO;364;ENSINO SUPERIOR;2032;EDUCACAO SUPERIOR - GRADUACAO, POS-GRADUACAO, ENSINO, PESQUI;0487;CONCESSAO DE BOLSAS DE ESTUDO NO ENSINO SUPERIOR;0002;CONCESSAO DE BOLSAS DE ESTUDOS NO PAIS;12364203204870001;087493;OCCCUO9414N;BF SUPERIOR - PROAP;90;APLICACOES DIRETAS;3;DESPESAS CORRENTES;3;OUTRAS DESPESAS CORRENTES;33;PASSAGENS E DESPESAS COM LOCOMOCAO;339033;PASSAGENS E DESPESAS COM LOCOMOCAO;12;RECURSOS DEST.A MANUT.E DES.DO ENSINO;;;;;22,277.50;11,057.50;0.00;
2015;158299;IF GOIANO - CAMPUS RIO VERDE;12;EDUCACAO;364;ENSINO SUPERIOR;2032;EDUCACAO SUPERIOR - GRADUACAO, POS-GRADUACAO, ENSINO, PESQUI;0487;CONCESSAO DE BOLSAS DE ESTUDO NO ENSINO SUPERIOR;0002;CONCESSAO DE BOLSAS DE ESTUDOS NO PAIS;12364203204870001;087493;OCCCUO9414N;BF SUPERIOR - PROAP;90;APLICACOES DIRETAS;3;DESPESAS CORRENTES;3;OUTRAS DESPESAS CORRENTES;14;DIARIAS - PESSOAL CIVIL;339014;DIARIAS - PESSOAL CIVIL;12;RECURSOS DEST.A MANUT.E DES.DO ENSINO;;;;;47,943.57;23,746.76;24,196.81;14,720.88
2015;158299;IF GOIANO - CAMPUS RIO VERDE;12;EDUCACAO;364;ENSINO SUPERIOR;2032;EDUCACAO SUPERIOR - GRADUACAO, POS-GRADUACAO, ENSINO, PESQUI;0487;CONCESSAO DE BOLSAS DE ESTUDO NO ENSINO SUPERIOR;0002;CONCESSAO DE BOLSAS DE ESTUDOS NO PAIS;12364203204870001;087493;OCCCUO9414N;BF SUPERIOR - PROAP;90;APLICACOES DIRETAS;3;DESPESAS CORRENTES;3;OUTRAS DESPESAS CORRENTES;18;AUXILIO FINANCEIRO A ESTUDANTES;339018;AUXILIO FINANCEIRO A ESTUDANTES;12;RECURSOS DEST.A MANUT.E DES.DO ENSINO;;;;;29,270.32;2,082.42;27,187.90;9,387.90
2015;158299;IF GOIANO - CAMPUS RIO VERDE;12;EDUCACAO;364;ENSINO SUPERIOR;2032;EDUCACAO SUPERIOR - GRADUACAO, POS-GRADUACAO, ENSINO, PESQUI;0487;CONCESSAO DE BOLSAS DE ESTUDO NO ENSINO SUPERIOR;0002;CONCESSAO DE BOLSAS DE ESTUDOS NO PAIS;12364203204870001;087493;OCCCUO9414N;BF SUPERIOR - PROAP;90;APLICACOES DIRETAS;3;DESPESAS CORRENTES;3;OUTRAS DESPESAS CORRENTES;20;AUXILIO FINANCEIRO A PESQUISADORES;339020;AUXILIO FINANCEIRO A PESQUISADORES;12;RECURSOS DEST.A MANUT.E DES.DO ENSINO;;;;;101,868.00;0.00;101,868.00;
2015;158299;IF GOIANO - CAMPUS RIO VERDE;12;EDUCACAO;364;ENSINO SUPERIOR;2032;EDUCACAO SUPERIOR - GRADUACAO, POS-GRADUACAO, ENSINO, PESQUI;0487;CONCESSAO DE BOLSAS DE ESTUDO NO ENSINO SUPERIOR;0002;CONCESSAO DE BOLSAS DE ESTUDOS NO PAIS;12364203204870001;087493;OCCCUO9414N;BF SUPERIOR - PROAP;90;APLICACOES DIRETAS;3;DESPESAS CORRENTES;3;OUTRAS DESPESAS CORRENTES;30;MATERIAL DE CONSUMO;339030;MATERIAL DE CONSUMO;12;RECURSOS DEST.A MANUT.E DES.DO ENSINO;;;;;12,490.00;0.00;12,490.00;9,992.00
2015;158299;IF GOIANO - CAMPUS RIO VERDE;12;EDUCACAO;364;ENSINO SUPERIOR;2032;EDUCACAO SUPERIOR - GRADUACAO, POS-GRADUACAO, ENSINO, PESQUI;0487;CONCESSAO DE BOLSAS DE ESTUDO NO ENSINO SUPERIOR;0002;CONCESSAO DE BOLSAS DE ESTUDOS NO PAIS;12364203204870001;087493;OCCCUO9414N;BF SUPERIOR - PROAP;90;APLICACOES DIRETAS;3;DESPESAS CORRENTES;3;OUTRAS DESPESAS CORRENTES;33;PASSAGENS E DESPESAS COM LOCOMOCAO;339033;PASSAGENS E DESPESAS COM LOCOMOCAO;12;RECURSOS DEST.A MANUT.E DES.DO ENSINO;;;;;12,500.00;5,000.00;;
2015;158299;IF GOIANO - CAMPUS RIO VERDE;12;EDUCACAO;364;ENSINO SUPERIOR;2032;EDUCACAO SUPERIOR - GRADUACAO, POS-GRADUACAO, ENSINO, PESQUI;0487;CONCESSAO DE BOLSAS DE ESTUDO NO ENSINO SUPERIOR;0002;CONCESSAO DE BOLSAS DE ESTUDOS NO PAIS;12364203204870001;087493;OCCCUO9414N;BF SUPERIOR - PROAP;90;APLICACOES DIRETAS;3;DESPESAS CORRENTES;3;OUTRAS DESPESAS CORRENTES;39;OUTROS SERVICOS DE TERCEIROS PJ - OP.INT.ORC.;339039;OUTROS SERVICOS DE TERCEIROS - PESSOA JURIDICA;12;RECURSOS DEST.A MANUT.E DES.DO ENSINO;;;;;35,340.00;9,435.00;;
2015;158301;CENTRO DE CIENCIAS E TECNOLOGIA AGROALIMENTAR;12;EDUCACAO;364;ENSINO SUPERIOR;2032;EDUCACAO SUPERIOR - GRADUACAO, POS-GRADUACAO, ENSINO, PESQUI;0487;CONCESSAO DE BOLSAS DE ESTUDO NO ENSINO SUPERIOR;0002;CONCESSAO DE BOLSAS DE ESTUDOS NO PAIS;12364203204870001;087493;OCCCUO9414N;BF SUPERIOR - PROAP;90;APLICACOES DIRETAS;3;DESPESAS CORRENTES;3;OUTRAS DESPESAS CORRENTES;14;DIARIAS - PESSOAL CIVIL;339014;DIARIAS - PESSOAL CIVIL;12;RECURSOS DEST.A MANUT.E DES.DO ENSINO;;;;;19,996.15;6,796.20;13,199.95;10,996.45
2015;158301;CENTRO DE CIENCIAS E TECNOLOGIA AGROALIMENTAR;12;EDUCACAO;364;ENSINO SUPERIOR;2032;EDUCACAO SUPERIOR - GRADUACAO, POS-GRADUACAO, ENSINO, PESQUI;0487;CONCESSAO DE BOLSAS DE ESTUDO NO ENSINO SUPERIOR;0002;CONCESSAO DE BOLSAS DE ESTUDOS NO PAIS;12364203204870001;087493;OCCCUO9414N;BF SUPERIOR - PROAP;90;APLICACOES DIRETAS;3;DESPESAS CORRENTES;3;OUTRAS DESPESAS CORRENTES;18;AUXILIO FINANCEIRO A ESTUDANTES;339018;AUXILIO FINANCEIRO A ESTUDANTES;12;RECURSOS DEST.A MANUT.E DES.DO ENSINO;;;;;4,208.10;597.30;3,610.80;
2015;158313;CAMPUS FORTALEZA/IFCE;12;EDUCACAO;364;ENSINO SUPERIOR;2032;EDUCACAO SUPERIOR - GRADUACAO, POS-GRADUACAO, ENSINO, PESQUI;0487;CONCESSAO DE BOLSAS DE ESTUDO NO ENSINO SUPERIOR;0002;CONCESSAO DE BOLSAS DE ESTUDOS NO PAIS;12364203204870001;087493;OCCCUO9414N;BF SUPERIOR - PROAP;90;APLICACOES DIRETAS;3;DESPESAS CORRENTES;3;OUTRAS DESPESAS CORRENTES;14;DIARIAS - PESSOAL CIVIL;339014;DIARIAS - PESSOAL CIVIL;12;RECURSOS DEST.A MANUT.E DES.DO ENSINO;;;;;11,080.15;8,717.50;2,362.65;
2015;158313;CAMPUS FORTALEZA/IFCE;12;EDUCACAO;364;ENSINO SUPERIOR;2032;EDUCACAO SUPERIOR - GRADUACAO, POS-GRADUACAO, ENSINO, PESQUI;0487;CONCESSAO DE BOLSAS DE ESTUDO NO ENSINO SUPERIOR;0002;CONCESSAO DE BOLSAS DE ESTUDOS NO PAIS;12364203204870001;087493;OCCCUO9414N;BF SUPERIOR - PROAP;90;APLICACOES DIRETAS;3;DESPESAS CORRENTES;3;OUTRAS DESPESAS CORRENTES;18;AUXILIO FINANCEIRO A ESTUDANTES;339018;AUXILIO FINANCEIRO A ESTUDANTES;12;RECURSOS DEST.A MANUT.E DES.DO ENSINO;;;;;101,564.87;20,600.50;80,964.37;28,914.00
2015;158313;CAMPUS FORTALEZA/IFCE;12;EDUCACAO;364;ENSINO SUPERIOR;2032;EDUCACAO SUPERIOR - GRADUACAO, POS-GRADUACAO, ENSINO, PESQUI;0487;CONCESSAO DE BOLSAS DE ESTUDO NO ENSINO SUPERIOR;0002;CONCESSAO DE BOLSAS DE ESTUDOS NO PAIS;12364203204870001;087493;OCCCUO9414N;BF SUPERIOR - PROAP;90;APLICACOES DIRETAS;3;DESPESAS CORRENTES;3;OUTRAS DESPESAS CORRENTES;30;MATERIAL DE CONSUMO;339030;MATERIAL DE CONSUMO;12;RECURSOS DEST.A MANUT.E DES.DO ENSINO;;;;;6,000.00;2,250.00;;
2015;158313;CAMPUS FORTALEZA/IFCE;12;EDUCACAO;364;ENSINO SUPERIOR;2032;EDUCACAO SUPERIOR - GRADUACAO, POS-GRADUACAO, ENSINO, PESQUI;0487;CONCESSAO DE BOLSAS DE ESTUDO NO ENSINO SUPERIOR;0002;CONCESSAO DE BOLSAS DE ESTUDOS NO PAIS;12364203204870001;087493;OCCCUO9414N;BF SUPERIOR - PROAP;90;APLICACOES DIRETAS;3;DESPESAS CORRENTES;3;OUTRAS DESPESAS CORRENTES;33;PASSAGENS E DESPESAS COM LOCOMOCAO;339033;PASSAGENS E DESPESAS COM LOCOMOCAO;12;RECURSOS DEST.A MANUT.E DES.DO ENSINO;;;;;34,880.91;24,840.00;10,040.91;10,040.91
2015;158313;CAMPUS FORTALEZA/IFCE;12;EDUCACAO;364;ENSINO SUPERIOR;2032;EDUCACAO SUPERIOR - GRADUACAO, POS-GRADUACAO, ENSINO, PESQUI;0487;CONCESSAO DE BOLSAS DE ESTUDO NO ENSINO SUPERIOR;0002;CONCESSAO DE BOLSAS DE ESTUDOS NO PAIS;12364203204870001;087493;OCCCUO9414N;BF SUPERIOR - PROAP;90;APLICACOES DIRETAS;3;DESPESAS CORRENTES;3;OUTRAS DESPESAS CORRENTES;36;OUTROS SERVICOS DE TERCEIROS - P.FISICA;339036;OUTROS SERVICOS DE TERCEIROS - PESSOA FISICA;12;RECURSOS DEST.A MANUT.E DES.DO ENSINO;;;;;4,790.00;1,500.00;1,040.00;1,040.00
2015;158314;CAMPUS LIMOEIRO DO NORTE/IFCE;12;EDUCACAO;364;ENSINO SUPERIOR;2032;EDUCACAO SUPERIOR - GRADUACAO, POS-GRADUACAO, ENSINO, PESQUI;0487;CONCESSAO DE BOLSAS DE ESTUDO NO ENSINO SUPERIOR;0002;CONCESSAO DE BOLSAS DE ESTUDOS NO PAIS;12364203204870001;087493;OCCCUO9414N;BF SUPERIOR - PROAP;90;APLICACOES DIRETAS;3;DESPESAS CORRENTES;3;OUTRAS DESPESAS CORRENTES;14;DIARIAS - PESSOAL CIVIL;339014;DIARIAS - PESSOAL CIVIL;12;RECURSOS DEST.A MANUT.E DES.DO ENSINO;;;;;577.50;577.50;;
2015;158314;CAMPUS LIMOEIRO DO NORTE/IFCE;12;EDUCACAO;364;ENSINO SUPERIOR;2032;EDUCACAO SUPERIOR - GRADUACAO, POS-GRADUACAO, ENSINO, PESQUI;0487;CONCESSAO DE BOLSAS DE ESTUDO NO ENSINO SUPERIOR;0002;CONCESSAO DE BOLSAS DE ESTUDOS NO PAIS;12364203204870001;087493;OCCCUO9414N;BF SUPERIOR - PROAP;90;APLICACOES DIRETAS;3;DESPESAS CORRENTES;3;OUTRAS DESPESAS CORRENTES;18;AUXILIO FINANCEIRO A ESTUDANTES;339018;AUXILIO FINANCEIRO A ESTUDANTES;12;RECURSOS DEST.A MANUT.E DES.DO ENSINO;;;;;19,293.55;0.10;19,293.30;
2015;158314;CAMPUS LIMOEIRO DO NORTE/IFCE;12;EDUCACAO;364;ENSINO SUPERIOR;2032;EDUCACAO SUPERIOR - GRADUACAO, POS-GRADUACAO, ENSINO, PESQUI;0487;CONCESSAO DE BOLSAS DE ESTUDO NO ENSINO SUPERIOR;0002;CONCESSAO DE BOLSAS DE ESTUDOS NO PAIS;12364203204870001;087493;OCCCUO9414N;BF SUPERIOR - PROAP;90;APLICACOES DIRETAS;3;DESPESAS CORRENTES;3;OUTRAS DESPESAS CORRENTES;30;MATERIAL DE CONSUMO;339030;MATERIAL DE CONSUMO;12;RECURSOS DEST.A MANUT.E DES.DO ENSINO;;;;;22,491.40;8,996.56;;
2015;158316;CAMPUS JUAZEIRO DO NORTE/IFCE;12;EDUCACAO;368;EDUCACAO BASICA;2030;EDUCACAO BASICA;20RJ;APOIO A CAPACITACAO E FORMACAO INICIAL E CONTINUADA PARA A E;0004;EDUCACAO BASICA A DISTANCIA;12368203020RJ0001;087497;MCC62G22EDN;UAB - UAB TRADICIONAL;90;APLICACOES DIRETAS;3;DESPESAS CORRENTES;3;OUTRAS DESPESAS CORRENTES;14;DIARIAS - PESSOAL CIVIL;339014;DIARIAS - PESSOAL CIVIL;08;FUNDO SOCIAL-PARC.DEST.EDUCACAO PUBL.E SAUDE;;;;;177,380.20;77,029.36;100,350.84;87,917.37
2015;158316;CAMPUS JUAZEIRO DO NORTE/IFCE;12;EDUCACAO;368;EDUCACAO BASICA;2030;EDUCACAO BASICA;20RJ;APOIO A CAPACITACAO E FORMACAO INICIAL E CONTINUADA PARA A E;0004;EDUCACAO BASICA A DISTANCIA;12368203020RJ0001;087497;MCC62G22EDN;UAB - UAB TRADICIONAL;90;APLICACOES DIRETAS;3;DESPESAS CORRENTES;3;OUTRAS DESPESAS CORRENTES;33;PASSAGENS E DESPESAS COM LOCOMOCAO;339033;PASSAGENS E DESPESAS COM LOCOMOCAO;08;FUNDO SOCIAL-PARC.DEST.EDUCACAO PUBL.E SAUDE;;;;;72,000.00;72,000.00;;
2015;158316;CAMPUS JUAZEIRO DO NORTE/IFCE;12;EDUCACAO;368;EDUCACAO BASICA;2030;EDUCACAO BASICA;20RJ;APOIO A CAPACITACAO E FORMACAO INICIAL E CONTINUADA PARA A E;0004;EDUCACAO BASICA A DISTANCIA;12368203020RJ0001;087497;MCC62G22EDN;UAB - UAB TRADICIONAL;90;APLICACOES DIRETAS;3;DESPESAS CORRENTES;3;OUTRAS DESPESAS CORRENTES;36;OUTROS SERVICOS DE TERCEIROS - P.FISICA;339036;OUTROS SERVICOS DE TERCEIROS - PESSOA FISICA;08;FUNDO SOCIAL-PARC.DEST.EDUCACAO PUBL.E SAUDE;;;;;479,712.50;215,362.50;264,350.00;215,566.50
2015;158319;CAMPUS MARACANAU/IFCE;12;EDUCACAO;364;ENSINO SUPERIOR;2032;EDUCACAO SUPERIOR - GRADUACAO, POS-GRADUACAO, ENSINO, PESQUI;0487;CONCESSAO DE BOLSAS DE ESTUDO NO ENSINO SUPERIOR;0002;CONCESSAO DE BOLSAS DE ESTUDOS NO PAIS;12364203204870001;087493;OCCCUO9414N;BF SUPERIOR - PROAP;90;APLICACOES DIRETAS;3;DESPESAS CORRENTES;3;OUTRAS DESPESAS CORRENTES;18;AUXILIO FINANCEIRO A ESTUDANTES;339018;AUXILIO FINANCEIRO A ESTUDANTES;12;RECURSOS DEST.A MANUT.E DES.DO ENSINO;;;;;6,993.36;1,748.34;900.00;
2015;158319;CAMPUS MARACANAU/IFCE;12;EDUCACAO;364;ENSINO SUPERIOR;2032;EDUCACAO SUPERIOR - GRADUACAO, POS-GRADUACAO, ENSINO, PESQUI;0487;CONCESSAO DE BOLSAS DE ESTUDO NO ENSINO SUPERIOR;0002;CONCESSAO DE BOLSAS DE ESTUDOS NO PAIS;12364203204870001;087493;OCCCUO9414N;BF SUPERIOR - PROAP;90;APLICACOES DIRETAS;3;DESPESAS CORRENTES;3;OUTRAS DESPESAS CORRENTES;33;PASSAGENS E DESPESAS COM LOCOMOCAO;339033;PASSAGENS E DESPESAS COM LOCOMOCAO;12;RECURSOS DEST.A MANUT.E DES.DO ENSINO;;;;;19,000.00;4,750.00;7,965.18;
2015;158350;INST.FED.RORAIMA - CAMPUS BOA VISTA;12;EDUCACAO;368;EDUCACAO BASICA;2030;EDUCACAO BASICA;20RJ;APOIO A CAPACITACAO E FORMACAO INICIAL E CONTINUADA PARA A E;0003;EDUCACAO BASICA PRESENCIAL;12368203020RJ0001;087496;PCC92B5801N;PARFOR - PARFOR;90;APLICACOES DIRETAS;3;DESPESAS CORRENTES;3;OUTRAS DESPESAS CORRENTES;14;DIARIAS - PESSOAL CIVIL;339014;DIARIAS - PESSOAL CIVIL;08;FUNDO SOCIAL-PARC.DEST.EDUCACAO PUBL.E SAUDE;;;;;323,887.53;245,162.69;78,724.84;71,631.18
2015;158350;INST.FED.RORAIMA - CAMPUS BOA VISTA;12;EDUCACAO;368;EDUCACAO BASICA;2030;EDUCACAO BASICA;20RJ;APOIO A CAPACITACAO E FORMACAO INICIAL E CONTINUADA PARA A E;0003;EDUCACAO BASICA PRESENCIAL;12368203020RJ0001;087496;PCC92B5801N;PARFOR - PARFOR;90;APLICACOES DIRETAS;3;DESPESAS CORRENTES;3;OUTRAS DESPESAS CORRENTES;18;AUXILIO FINANCEIRO A ESTUDANTES;339018;AUXILIO FINANCEIRO A ESTUDANTES;08;FUNDO SOCIAL-PARC.DEST.EDUCACAO PUBL.E SAUDE;;;;;129,000.00;27,600.00;99,600.00;80,100.00
2015;158350;INST.FED.RORAIMA - CAMPUS BOA VISTA;12;EDUCACAO;368;EDUCACAO BASICA;2030;EDUCACAO BASICA;20RJ;APOIO A CAPACITACAO E FORMACAO INICIAL E CONTINUADA PARA A E;0003;EDUCACAO BASICA PRESENCIAL;12368203020RJ0001;087496;PCC92B5801N;PARFOR - PARFOR;90;APLICACOES DIRETAS;3;DESPESAS CORRENTES;3;OUTRAS DESPESAS CORRENTES;30;MATERIAL DE CONSUMO;339030;MATERIAL DE CONSUMO;08;FUNDO SOCIAL-PARC.DEST.EDUCACAO PUBL.E SAUDE;;;;;16,513.60;4,128.40;;
2015;158350;INST.FED.RORAIMA - CAMPUS BOA VISTA;12;EDUCACAO;368;EDUCACAO BASICA;2030;EDUCACAO BASICA;20RJ;APOIO A CAPACITACAO E FORMACAO INICIAL E CONTINUADA PARA A E;0003;EDUCACAO BASICA PRESENCIAL;12368203020RJ0001;087496;PCC92B5801N;PARFOR - PARFOR;90;APLICACOES DIRETAS;3;DESPESAS CORRENTES;3;OUTRAS DESPESAS CORRENTES;33;PASSAGENS E DESPESAS COM LOCOMOCAO;339033;PASSAGENS E DESPESAS COM LOCOMOCAO;08;FUNDO SOCIAL-PARC.DEST.EDUCACAO PUBL.E SAUDE;;;;;130,000.00;100,000.00;;
2015;158350;INST.FED.RORAIMA - CAMPUS BOA VISTA;12;EDUCACAO;368;EDUCACAO BASICA;2030;EDUCACAO BASICA;20RJ;APOIO A CAPACITACAO E FORMACAO INICIAL E CONTINUADA PARA A E;0003;EDUCACAO BASICA PRESENCIAL;12368203020RJ0001;087496;PCC92B5801N;PARFOR - PARFOR;90;APLICACOES DIRETAS;3;DESPESAS CORRENTES;3;OUTRAS DESPESAS CORRENTES;36;OUTROS SERVICOS DE TERCEIROS - P.FISICA;339036;OUTROS SERVICOS DE TERCEIROS - PESSOA FISICA;08;FUNDO SOCIAL-PARC.DEST.EDUCACAO PUBL.E SAUDE;;;;;5,000.00;5,000.00;;
2015;158353;INST. FED. PIAUI/CAMPUS TERESINA CENTRAL;12;EDUCACAO;364;ENSINO SUPERIOR;2032;EDUCACAO SUPERIOR - GRADUACAO, POS-GRADUACAO, ENSINO, PESQUI;0487;CONCESSAO DE BOLSAS DE ESTUDO NO ENSINO SUPERIOR;0002;CONCESSAO DE BOLSAS DE ESTUDOS NO PAIS;12364203204870001;087493;OCCCUO9414N;BF SUPERIOR - PROAP;90;APLICACOES DIRETAS;3;DESPESAS CORRENTES;3;OUTRAS DESPESAS CORRENTES;18;AUXILIO FINANCEIRO A ESTUDANTES;339018;AUXILIO FINANCEIRO A ESTUDANTES;12;RECURSOS DEST.A MANUT.E DES.DO ENSINO;;;;;24,000.00;0.00;24,000.00;
2015;158353;INST. FED. PIAUI/CAMPUS TERESINA CENTRAL;12;EDUCACAO;368;EDUCACAO BASICA;2030;EDUCACAO BASICA;20RJ;APOIO A CAPACITACAO E FORMACAO INICIAL E CONTINUADA PARA A E;0003;EDUCACAO BASICA PRESENCIAL;12368203020RJ0001;087496;PCC92B5801N;PARFOR - PARFOR;90;APLICACOES DIRETAS;3;DESPESAS CORRENTES;3;OUTRAS DESPESAS CORRENTES;18;AUXILIO FINANCEIRO A ESTUDANTES;339018;AUXILIO FINANCEIRO A ESTUDANTES;08;FUNDO SOCIAL-PARC.DEST.EDUCACAO PUBL.E SAUDE;;;;;747,460.00;303,700.00;443,760.00;334,350.00
2015;158353;INST. FED. PIAUI/CAMPUS TERESINA CENTRAL;12;EDUCACAO;368;EDUCACAO BASICA;2030;EDUCACAO BASICA;20RJ;APOIO A CAPACITACAO E FORMACAO INICIAL E CONTINUADA PARA A E;0003;EDUCACAO BASICA PRESENCIAL;12368203020RJ0001;087496;PCC92B5801N;PARFOR - PARFOR;90;APLICACOES DIRETAS;3;DESPESAS CORRENTES;3;OUTRAS DESPESAS CORRENTES;30;MATERIAL DE CONSUMO;339030;MATERIAL DE CONSUMO;08;FUNDO SOCIAL-PARC.DEST.EDUCACAO PUBL.E SAUDE;;;;;88,726.00;19,964.00;50,945.00;24,325.00
2015;158353;INST. FED. PIAUI/CAMPUS TERESINA CENTRAL;12;EDUCACAO;368;EDUCACAO BASICA;2030;EDUCACAO BASICA;20RJ;APOIO A CAPACITACAO E FORMACAO INICIAL E CONTINUADA PARA A E;0003;EDUCACAO BASICA PRESENCIAL;12368203020RJ0001;087496;PCC92B5801N;PARFOR - PARFOR;90;APLICACOES DIRETAS;3;DESPESAS CORRENTES;3;OUTRAS DESPESAS CORRENTES;36;OUTROS SERVICOS DE TERCEIROS - P.FISICA;339036;OUTROS SERVICOS DE TERCEIROS - PESSOA FISICA;08;FUNDO SOCIAL-PARC.DEST.EDUCACAO PUBL.E SAUDE;;;;;50,010.80;14,066.00;35,944.80;10,091.20
2015;158353;INST. FED. PIAUI/CAMPUS TERESINA CENTRAL;12;EDUCACAO;368;EDUCACAO BASICA;2030;EDUCACAO BASICA;20RJ;APOIO A CAPACITACAO E FORMACAO INICIAL E CONTINUADA PARA A E;0003;EDUCACAO BASICA PRESENCIAL;12368203020RJ0001;087496;PCC92B5801N;PARFOR - PARFOR;90;APLICACOES DIRETAS;3;DESPESAS CORRENTES;3;OUTRAS DESPESAS CORRENTES;39;OUTROS SERVICOS DE TERCEIROS PJ - OP.INT.ORC.;339039;OUTROS SERVICOS DE TERCEIROS - PESSOA JURIDICA;08;FUNDO SOCIAL-PARC.DEST.EDUCACAO PUBL.E SAUDE;;;;;205,402.00;40,192.00;165,210.00;93,474.00
2015;158353;INST. FED. PIAUI/CAMPUS TERESINA CENTRAL;12;EDUCACAO;368;EDUCACAO BASICA;2030;EDUCACAO BASICA;20RJ;APOIO A CAPACITACAO E FORMACAO INICIAL E CONTINUADA PARA A E;0003;EDUCACAO BASICA PRESENCIAL;12368203020RJ0001;087496;PCC92B5801N;PARFOR - PARFOR;91;APLICACOES DIRETAS - OPERACOES INTERNAS;3;DESPESAS CORRENTES;3;OUTRAS DESPESAS CORRENTES;47;OBRIGACOES TRIBUTARIAS E CONTRIBUTIVAS;339147;OBRIG.TRIBUT.E CONTRIB-OP.INTRA-ORCAMENTARIAS;08;FUNDO SOCIAL-PARC.DEST.EDUCACAO PUBL.E SAUDE;;;;;12,332.16;5,143.20;7,188.96;2,018.24
2015;158354;INST. FED. PIAUI/CAMPUS TERESINA ZONA SUL;12;EDUCACAO;368;EDUCACAO BASICA;2030;EDUCACAO BASICA;20RJ;APOIO A CAPACITACAO E FORMACAO INICIAL E CONTINUADA PARA A E;0003;EDUCACAO BASICA PRESENCIAL;12368203020RJ0001;087496;PCC92B5801N;PARFOR - PARFOR;90;APLICACOES DIRETAS;3;DESPESAS CORRENTES;3;OUTRAS DESPESAS CORRENTES;18;AUXILIO FINANCEIRO A ESTUDANTES;339018;AUXILIO FINANCEIRO A ESTUDANTES;08;FUNDO SOCIAL-PARC.DEST.EDUCACAO PUBL.E SAUDE;;;;;217,200.00;12,000.00;205,200.00;159,600.00
2015;158354;INST. FED. PIAUI/CAMPUS TERESINA ZONA SUL;12;EDUCACAO;368;EDUCACAO BASICA;2030;EDUCACAO BASICA;20RJ;APOIO A CAPACITACAO E FORMACAO INICIAL E CONTINUADA PARA A E;0003;EDUCACAO BASICA PRESENCIAL;12368203020RJ0001;087496;PCC92B5801N;PARFOR - PARFOR;90;APLICACOES DIRETAS;3;DESPESAS CORRENTES;3;OUTRAS DESPESAS CORRENTES;30;MATERIAL DE CONSUMO;339030;MATERIAL DE CONSUMO;08;FUNDO SOCIAL-PARC.DEST.EDUCACAO PUBL.E SAUDE;;;;;61,272.00;17,298.75;26,940.75;23,508.00
2015;158354;INST. FED. PIAUI/CAMPUS TERESINA ZONA SUL;12;EDUCACAO;368;EDUCACAO BASICA;2030;EDUCACAO BASICA;20RJ;APOIO A CAPACITACAO E FORMACAO INICIAL E CONTINUADA PARA A E;0003;EDUCACAO BASICA PRESENCIAL;12368203020RJ0001;087496;PCC92B5801N;PARFOR - PARFOR;90;APLICACOES DIRETAS;3;DESPESAS CORRENTES;3;OUTRAS DESPESAS CORRENTES;36;OUTROS SERVICOS DE TERCEIROS - P.FISICA;339036;OUTROS SERVICOS DE TERCEIROS - PESSOA FISICA;08;FUNDO SOCIAL-PARC.DEST.EDUCACAO PUBL.E SAUDE;;;;;27,995.20;5,194.80;22,800.40;12,875.80
2015;158354;INST. FED. PIAUI/CAMPUS TERESINA ZONA SUL;12;EDUCACAO;368;EDUCACAO BASICA;2030;EDUCACAO BASICA;20RJ;APOIO A CAPACITACAO E FORMACAO INICIAL E CONTINUADA PARA A E;0003;EDUCACAO BASICA PRESENCIAL;12368203020RJ0001;087496;PCC92B5801N;PARFOR - PARFOR;90;APLICACOES DIRETAS;3;DESPESAS CORRENTES;3;OUTRAS DESPESAS CORRENTES;39;OUTROS SERVICOS DE TERCEIROS PJ - OP.INT.ORC.;339039;OUTROS SERVICOS DE TERCEIROS - PESSOA JURIDICA;08;FUNDO SOCIAL-PARC.DEST.EDUCACAO PUBL.E SAUDE;;;;;38,376.00;0.00;38,376.00;33,579.00
2015;158354;INST. FED. PIAUI/CAMPUS TERESINA ZONA SUL;12;EDUCACAO;368;EDUCACAO BASICA;2030;EDUCACAO BASICA;20RJ;APOIO A CAPACITACAO E FORMACAO INICIAL E CONTINUADA PARA A E;0003;EDUCACAO BASICA PRESENCIAL;12368203020RJ0001;087496;PCC92B5801N;PARFOR - PARFOR;91;APLICACOES DIRETAS - OPERACOES INTERNAS;3;DESPESAS CORRENTES;3;OUTRAS DESPESAS CORRENTES;47;OBRIGACOES TRIBUTARIAS E CONTRIBUTIVAS;339147;OBRIG.TRIBUT.E CONTRIB-OP.INTRA-ORCAMENTARIAS;08;FUNDO SOCIAL-PARC.DEST.EDUCACAO PUBL.E SAUDE;;;;;5,599.04;1,038.96;4,560.08;2,575.16
2015;158355;INST. FED. PIAUI/CAMPUS FLORIANO;12;EDUCACAO;368;EDUCACAO BASICA;2030;EDUCACAO BASICA;20RJ;APOIO A CAPACITACAO E FORMACAO INICIAL E CONTINUADA PARA A E;0003;EDUCACAO BASICA PRESENCIAL;12368203020RJ0001;087496;PCC92B5801N;PARFOR - PARFOR;90;APLICACOES DIRETAS;3;DESPESAS CORRENTES;3;OUTRAS DESPESAS CORRENTES;18;AUXILIO FINANCEIRO A ESTUDANTES;339018;AUXILIO FINANCEIRO A ESTUDANTES;08;FUNDO SOCIAL-PARC.DEST.EDUCACAO PUBL.E SAUDE;;;;;40,000.00;0.00;40,000.00;32,000.00
2015;158355;INST. FED. PIAUI/CAMPUS FLORIANO;12;EDUCACAO;368;EDUCACAO BASICA;2030;EDUCACAO BASICA;20RJ;APOIO A CAPACITACAO E FORMACAO INICIAL E CONTINUADA PARA A E;0003;EDUCACAO BASICA PRESENCIAL;12368203020RJ0001;087496;PCC92B5801N;PARFOR - PARFOR;90;APLICACOES DIRETAS;3;DESPESAS CORRENTES;3;OUTRAS DESPESAS CORRENTES;39;OUTROS SERVICOS DE TERCEIROS PJ - OP.INT.ORC.;339039;OUTROS SERVICOS DE TERCEIROS - PESSOA JURIDICA;08;FUNDO SOCIAL-PARC.DEST.EDUCACAO PUBL.E SAUDE;;;;;30,800.00;15,065.92;6,335.20;5,068.16
2015;158356;INST. FED. PIAUI/CAMPUS PICOS;12;EDUCACAO;368;EDUCACAO BASICA;2030;EDUCACAO BASICA;20RJ;APOIO A CAPACITACAO E FORMACAO INICIAL E CONTINUADA PARA A E;0003;EDUCACAO BASICA PRESENCIAL;12368203020RJ0001;087496;PCC92B5801N;PARFOR - PARFOR;90;APLICACOES DIRETAS;3;DESPESAS CORRENTES;3;OUTRAS DESPESAS CORRENTES;18;AUXILIO FINANCEIRO A ESTUDANTES;339018;AUXILIO FINANCEIRO A ESTUDANTES;08;FUNDO SOCIAL-PARC.DEST.EDUCACAO PUBL.E SAUDE;;;;;54,400.00;0.00;54,400.00;47,600.00
2015;158356;INST. FED. PIAUI/CAMPUS PICOS;12;EDUCACAO;368;EDUCACAO BASICA;2030;EDUCACAO BASICA;20RJ;APOIO A CAPACITACAO E FORMACAO INICIAL E CONTINUADA PARA A E;0003;EDUCACAO BASICA PRESENCIAL;12368203020RJ0001;087496;PCC92B5801N;PARFOR - PARFOR;90;APLICACOES DIRETAS;3;DESPESAS CORRENTES;3;OUTRAS DESPESAS CORRENTES;36;OUTROS SERVICOS DE TERCEIROS - P.FISICA;339036;OUTROS SERVICOS DE TERCEIROS - PESSOA FISICA;08;FUNDO SOCIAL-PARC.DEST.EDUCACAO PUBL.E SAUDE;;;;;23,984.00;8.00;23,976.00;19,980.00
2015;158356;INST. FED. PIAUI/CAMPUS PICOS;12;EDUCACAO;368;EDUCACAO BASICA;2030;EDUCACAO BASICA;20RJ;APOIO A CAPACITACAO E FORMACAO INICIAL E CONTINUADA PARA A E;0003;EDUCACAO BASICA PRESENCIAL;12368203020RJ0001;087496;PCC92B5801N;PARFOR - PARFOR;90;APLICACOES DIRETAS;3;DESPESAS CORRENTES;3;OUTRAS DESPESAS CORRENTES;39;OUTROS SERVICOS DE TERCEIROS PJ - OP.INT.ORC.;339039;OUTROS SERVICOS DE TERCEIROS - PESSOA JURIDICA;08;FUNDO SOCIAL-PARC.DEST.EDUCACAO PUBL.E SAUDE;;;;;6,300.00;1,050.00;5,250.00;4,200.00
2015;158356;INST. FED. PIAUI/CAMPUS PICOS;12;EDUCACAO;368;EDUCACAO BASICA;2030;EDUCACAO BASICA;20RJ;APOIO A CAPACITACAO E FORMACAO INICIAL E CONTINUADA PARA A E;0003;EDUCACAO BASICA PRESENCIAL;12368203020RJ0001;087496;PCC92B5801N;PARFOR - PARFOR;91;APLICACOES DIRETAS - OPERACOES INTERNAS;3;DESPESAS CORRENTES;3;OUTRAS DESPESAS CORRENTES;47;OBRIGACOES TRIBUTARIAS E CONTRIBUTIVAS;339147;OBRIG.TRIBUT.E CONTRIB-OP.INTRA-ORCAMENTARIAS;08;FUNDO SOCIAL-PARC.DEST.EDUCACAO PUBL.E SAUDE;;;;;4,796.80;1.60;4,795.20;3,996.00
2015;158357;INST. FED. PIAUI/CAMPUS PARNAIBA;12;EDUCACAO;368;EDUCACAO BASICA;2030;EDUCACAO BASICA;20RJ;APOIO A CAPACITACAO E FORMACAO INICIAL E CONTINUADA PARA A E;0003;EDUCACAO BASICA PRESENCIAL;12368203020RJ0001;087496;PCC92B5801N;PARFOR - PARFOR;90;APLICACOES DIRETAS;3;DESPESAS CORRENTES;3;OUTRAS DESPESAS CORRENTES;18;AUXILIO FINANCEIRO A ESTUDANTES;339018;AUXILIO FINANCEIRO A ESTUDANTES;08;FUNDO SOCIAL-PARC.DEST.EDUCACAO PUBL.E SAUDE;;;;;36,000.00;0.00;36,000.00;28,800.00
2015;158360;INST. FED. PIAUI/CAMPUS PIRIPIRI;12;EDUCACAO;368;EDUCACAO BASICA;2030;EDUCACAO BASICA;20RJ;APOIO A CAPACITACAO E FORMACAO INICIAL E CONTINUADA PARA A E;0003;EDUCACAO BASICA PRESENCIAL;12368203020RJ0001;087496;PCC92B5801N;PARFOR - PARFOR;90;APLICACOES DIRETAS;3;DESPESAS CORRENTES;3;OUTRAS DESPESAS CORRENTES;18;AUXILIO FINANCEIRO A ESTUDANTES;339018;AUXILIO FINANCEIRO A ESTUDANTES;08;FUNDO SOCIAL-PARC.DEST.EDUCACAO PUBL.E SAUDE;;;;;46,800.00;0.00;46,800.00;39,000.00
2015;158369;INST.FED.DO RN/CAMPUS NATAL - CENTRAL;12;EDUCACAO;368;EDUCACAO BASICA;2030;EDUCACAO BASICA;20RJ;APOIO A CAPACITACAO E FORMACAO INICIAL E CONTINUADA PARA A E;0004;EDUCACAO BASICA A DISTANCIA;12368203020RJ0001;087497;MCC62G22EDN;UAB - UAB TRADICIONAL;90;APLICACOES DIRETAS;3;DESPESAS CORRENTES;3;OUTRAS DESPESAS CORRENTES;14;DIARIAS - PESSOAL CIVIL;339014;DIARIAS - PESSOAL CIVIL;08;FUNDO SOCIAL-PARC.DEST.EDUCACAO PUBL.E SAUDE;;;;;99,096.92;72,796.30;26,300.62;24,312.84
2015;158369;INST.FED.DO RN/CAMPUS NATAL - CENTRAL;12;EDUCACAO;368;EDUCACAO BASICA;2030;EDUCACAO BASICA;20RJ;APOIO A CAPACITACAO E FORMACAO INICIAL E CONTINUADA PARA A E;0004;EDUCACAO BASICA A DISTANCIA;12368203020RJ0001;087497;MCC62G22EDN;UAB - UAB TRADICIONAL;90;APLICACOES DIRETAS;3;DESPESAS CORRENTES;3;OUTRAS DESPESAS CORRENTES;36;OUTROS SERVICOS DE TERCEIROS - P.FISICA;339036;OUTROS SERVICOS DE TERCEIROS - PESSOA FISICA;08;FUNDO SOCIAL-PARC.DEST.EDUCACAO PUBL.E SAUDE;;;;;84,083.80;52,955.40;31,128.40;25,948.20
2015;158369;INST.FED.DO RN/CAMPUS NATAL - CENTRAL;12;EDUCACAO;368;EDUCACAO BASICA;2030;EDUCACAO BASICA;20RJ;APOIO A CAPACITACAO E FORMACAO INICIAL E CONTINUADA PARA A E;0004;EDUCACAO BASICA A DISTANCIA;12368203020RJ0001;087497;MCC62G22EDN;UAB - UAB TRADICIONAL;90;APLICACOES DIRETAS;3;DESPESAS CORRENTES;3;OUTRAS DESPESAS CORRENTES;39;OUTROS SERVICOS DE TERCEIROS PJ - OP.INT.ORC.;339039;OUTROS SERVICOS DE TERCEIROS - PESSOA JURIDICA;08;FUNDO SOCIAL-PARC.DEST.EDUCACAO PUBL.E SAUDE;;;;;942,345.00;462,301.20;;
2015;158401;CENTRO DESENV SUSTENTAVEL DO SEMIARIDO-UFCG;12;EDUCACAO;368;EDUCACAO BASICA;2030;EDUCACAO BASICA;20RJ;APOIO A CAPACITACAO E FORMACAO INICIAL E CONTINUADA PARA A E;0003;EDUCACAO BASICA PRESENCIAL;12368203020RJ0001;087496;PCC69B2101N;PIBID - PIBID;90;APLICACOES DIRETAS;3;DESPESAS CORRENTES;3;OUTRAS DESPESAS CORRENTES;14;DIARIAS - PESSOAL CIVIL;339014;DIARIAS - PESSOAL CIVIL;08;FUNDO SOCIAL-PARC.DEST.EDUCACAO PUBL.E SAUDE;;;;;35,885.86;9,372.71;26,513.15;17,661.48
2015;158401;CENTRO DESENV SUSTENTAVEL DO SEMIARIDO-UFCG;12;EDUCACAO;368;EDUCACAO BASICA;2030;EDUCACAO BASICA;20RJ;APOIO A CAPACITACAO E FORMACAO INICIAL E CONTINUADA PARA A E;0003;EDUCACAO BASICA PRESENCIAL;12368203020RJ0001;087496;PCC69B2101N;PIBID - PIBID;90;APLICACOES DIRETAS;3;DESPESAS CORRENTES;3;OUTRAS DESPESAS CORRENTES;18;AUXILIO FINANCEIRO A ESTUDANTES;339018;AUXILIO FINANCEIRO A ESTUDANTES;08;FUNDO SOCIAL-PARC.DEST.EDUCACAO PUBL.E SAUDE;;;;;13,616.40;2,922.20;10,694.20;8,155.40
2015;158401;CENTRO DESENV SUSTENTAVEL DO SEMIARIDO-UFCG;12;EDUCACAO;368;EDUCACAO BASICA;2030;EDUCACAO BASICA;20RJ;APOIO A CAPACITACAO E FORMACAO INICIAL E CONTINUADA PARA A E;0003;EDUCACAO BASICA PRESENCIAL;12368203020RJ0001;087496;PCC69B2101N;PIBID - PIBID;90;APLICACOES DIRETAS;3;DESPESAS CORRENTES;3;OUTRAS DESPESAS CORRENTES;30;MATERIAL DE CONSUMO;339030;MATERIAL DE CONSUMO;08;FUNDO SOCIAL-PARC.DEST.EDUCACAO PUBL.E SAUDE;;;;;36,369.36;9,092.34;20,602.35;
2015;158401;CENTRO DESENV SUSTENTAVEL DO SEMIARIDO-UFCG;12;EDUCACAO;368;EDUCACAO BASICA;2030;EDUCACAO BASICA;20RJ;APOIO A CAPACITACAO E FORMACAO INICIAL E CONTINUADA PARA A E;0003;EDUCACAO BASICA PRESENCIAL;12368203020RJ0001;087496;PCC69B2101N;PIBID - PIBID;90;APLICACOES DIRETAS;3;DESPESAS CORRENTES;3;OUTRAS DESPESAS CORRENTES;33;PASSAGENS E DESPESAS COM LOCOMOCAO;339033;PASSAGENS E DESPESAS COM LOCOMOCAO;08;FUNDO SOCIAL-PARC.DEST.EDUCACAO PUBL.E SAUDE;;;;;37,800.00;15,120.00;22,680.00;
2015;158401;CENTRO DESENV SUSTENTAVEL DO SEMIARIDO-UFCG;12;EDUCACAO;368;EDUCACAO BASICA;2030;EDUCACAO BASICA;20RJ;APOIO A CAPACITACAO E FORMACAO INICIAL E CONTINUADA PARA A E;0003;EDUCACAO BASICA PRESENCIAL;12368203020RJ0001;087496;PCC69B2101N;PIBID - PIBID;90;APLICACOES DIRETAS;3;DESPESAS CORRENTES;3;OUTRAS DESPESAS CORRENTES;36;OUTROS SERVICOS DE TERCEIROS - P.FISICA;339036;OUTROS SERVICOS DE TERCEIROS - PESSOA FISICA;08;FUNDO SOCIAL-PARC.DEST.EDUCACAO PUBL.E SAUDE;;;;;9,150.70;2,371.60;6,779.10;4,000.20
2015;158418;INST.FED. ESPIRITO SANTO/CAMPUS CACHOEIRO;12;EDUCACAO;368;EDUCACAO BASICA;2030;EDUCACAO BASICA;20RJ;APOIO A CAPACITACAO E FORMACAO INICIAL E CONTINUADA PARA A E;0003;EDUCACAO BASICA PRESENCIAL;12368203020RJ0001;087496;PCC92B5801N;PARFOR - PARFOR;90;APLICACOES DIRETAS;3;DESPESAS CORRENTES;3;OUTRAS DESPESAS CORRENTES;14;DIARIAS - PESSOAL CIVIL;339014;DIARIAS - PESSOAL CIVIL;08;FUNDO SOCIAL-PARC.DEST.EDUCACAO PUBL.E SAUDE;;;;;52,761.60;21,840.00;30,921.60;27,939.00
2015;158418;INST.FED. ESPIRITO SANTO/CAMPUS CACHOEIRO;12;EDUCACAO;368;EDUCACAO BASICA;2030;EDUCACAO BASICA;20RJ;APOIO A CAPACITACAO E FORMACAO INICIAL E CONTINUADA PARA A E;0003;EDUCACAO BASICA PRESENCIAL;12368203020RJ0001;087496;PCC92B5801N;PARFOR - PARFOR;90;APLICACOES DIRETAS;3;DESPESAS CORRENTES;3;OUTRAS DESPESAS CORRENTES;18;AUXILIO FINANCEIRO A ESTUDANTES;339018;AUXILIO FINANCEIRO A ESTUDANTES;08;FUNDO SOCIAL-PARC.DEST.EDUCACAO PUBL.E SAUDE;;;;;74,250.00;41,250.00;33,000.00;
2015;158418;INST.FED. ESPIRITO SANTO/CAMPUS CACHOEIRO;12;EDUCACAO;368;EDUCACAO BASICA;2030;EDUCACAO BASICA;20RJ;APOIO A CAPACITACAO E FORMACAO INICIAL E CONTINUADA PARA A E;0003;EDUCACAO BASICA PRESENCIAL;12368203020RJ0001;087496;PCC92B5801N;PARFOR - PARFOR;90;APLICACOES DIRETAS;3;DESPESAS CORRENTES;3;OUTRAS DESPESAS CORRENTES;30;MATERIAL DE CONSUMO;339030;MATERIAL DE CONSUMO;08;FUNDO SOCIAL-PARC.DEST.EDUCACAO PUBL.E SAUDE;;;;;34,390.68;3,690.42;;
2015;158418;INST.FED. ESPIRITO SANTO/CAMPUS CACHOEIRO;12;EDUCACAO;368;EDUCACAO BASICA;2030;EDUCACAO BASICA;20RJ;APOIO A CAPACITACAO E FORMACAO INICIAL E CONTINUADA PARA A E;0003;EDUCACAO BASICA PRESENCIAL;12368203020RJ0001;087496;PCC92B5801N;PARFOR - PARFOR;90;APLICACOES DIRETAS;3;DESPESAS CORRENTES;3;OUTRAS DESPESAS CORRENTES;33;PASSAGENS E DESPESAS COM LOCOMOCAO;339033;PASSAGENS E DESPESAS COM LOCOMOCAO;08;FUNDO SOCIAL-PARC.DEST.EDUCACAO PUBL.E SAUDE;;;;;11,030.50;1,009.00;10,021.50;7,794.50
2015;158418;INST.FED. ESPIRITO SANTO/CAMPUS CACHOEIRO;12;EDUCACAO;368;EDUCACAO BASICA;2030;EDUCACAO BASICA;20RJ;APOIO A CAPACITACAO E FORMACAO INICIAL E CONTINUADA PARA A E;0003;EDUCACAO BASICA PRESENCIAL;12368203020RJ0001;087496;PCC92B5801N;PARFOR - PARFOR;90;APLICACOES DIRETAS;3;DESPESAS CORRENTES;3;OUTRAS DESPESAS CORRENTES;39;OUTROS SERVICOS DE TERCEIROS PJ - OP.INT.ORC.;339039;OUTROS SERVICOS DE TERCEIROS - PESSOA JURIDICA;08;FUNDO SOCIAL-PARC.DEST.EDUCACAO PUBL.E SAUDE;;;;;112.83;44.34;68.49;53.27
2015;158418;INST.FED. ESPIRITO SANTO/CAMPUS CACHOEIRO;12;EDUCACAO;368;EDUCACAO BASICA;2030;EDUCACAO BASICA;20RJ;APOIO A CAPACITACAO E FORMACAO INICIAL E CONTINUADA PARA A E;0003;EDUCACAO BASICA PRESENCIAL;12368203020RJ0001;087496;PCC92B5801N;PARFOR - PARFOR;90;APLICACOES DIRETAS;3;DESPESAS CORRENTES;3;OUTRAS DESPESAS CORRENTES;48;OUTROS AUXILIOS FINANCEIROS A PESSOAS FISICAS;339048;OUTROS AUXILIOS FINANCEIROS A PESSOA FISICA;08;FUNDO SOCIAL-PARC.DEST.EDUCACAO PUBL.E SAUDE;;;;;10,499.98;10,499.98;;
2015;158418;INST.FED. ESPIRITO SANTO/CAMPUS CACHOEIRO;12;EDUCACAO;368;EDUCACAO BASICA;2030;EDUCACAO BASICA;20RJ;APOIO A CAPACITACAO E FORMACAO INICIAL E CONTINUADA PARA A E;0003;EDUCACAO BASICA PRESENCIAL;12368203020RJ0001;087496;PCC92B5801N;PARFOR - PARFOR;90;APLICACOES DIRETAS;3;DESPESAS CORRENTES;3;OUTRAS DESPESAS CORRENTES;93;INDENIZACOES E RESTITUICOES;339093;INDENIZACOES E RESTITUICOES;08;FUNDO SOCIAL-PARC.DEST.EDUCACAO PUBL.E SAUDE;;;;;2,020.00;2,020.00;;
2015;158467;INST.FED.SUL-RIO-GRANDENSE/CAMPUS PELOTAS;12;EDUCACAO;368;EDUCACAO BASICA;2030;EDUCACAO BASICA;20RJ;APOIO A CAPACITACAO E FORMACAO INICIAL E CONTINUADA PARA A E;0004;EDUCACAO BASICA A DISTANCIA;12368203020RJ0001;087497;MCC62G22EDN;UAB - UAB TRADICIONAL;90;APLICACOES DIRETAS;3;DESPESAS CORRENTES;3;OUTRAS DESPESAS CORRENTES;14;DIARIAS - PESSOAL CIVIL;339014;DIARIAS - PESSOAL CIVIL;08;FUNDO SOCIAL-PARC.DEST.EDUCACAO PUBL.E SAUDE;;;;;679,166.21;417,035.71;262,130.50;244,753.79
2015;158467;INST.FED.SUL-RIO-GRANDENSE/CAMPUS PELOTAS;12;EDUCACAO;368;EDUCACAO BASICA;2030;EDUCACAO BASICA;20RJ;APOIO A CAPACITACAO E FORMACAO INICIAL E CONTINUADA PARA A E;0004;EDUCACAO BASICA A DISTANCIA;12368203020RJ0001;087497;MCC62G22EDN;UAB - UAB TRADICIONAL;90;APLICACOES DIRETAS;3;DESPESAS CORRENTES;3;OUTRAS DESPESAS CORRENTES;39;OUTROS SERVICOS DE TERCEIROS PJ - OP.INT.ORC.;339039;OUTROS SERVICOS DE TERCEIROS - PESSOA JURIDICA;08;FUNDO SOCIAL-PARC.DEST.EDUCACAO PUBL.E SAUDE;;;;;583,396.00;200,612.64;382,783.36;288,885.37
2015;158469;IFPB - CAMPUS JOAO PESSOA;12;EDUCACAO;364;ENSINO SUPERIOR;2032;EDUCACAO SUPERIOR - GRADUACAO, POS-GRADUACAO, ENSINO, PESQUI;0487;CONCESSAO DE BOLSAS DE ESTUDO NO ENSINO SUPERIOR;0002;CONCESSAO DE BOLSAS DE ESTUDOS NO PAIS;12364203204870001;087493;OCCCUO9414N;BF SUPERIOR - PROAP;90;APLICACOES DIRETAS;3;DESPESAS CORRENTES;3;OUTRAS DESPESAS CORRENTES;14;DIARIAS - PESSOAL CIVIL;339014;DIARIAS - PESSOAL CIVIL;12;RECURSOS DEST.A MANUT.E DES.DO ENSINO;;;;;11,509.45;5,279.05;6,230.40;5,352.25
2015;158469;IFPB - CAMPUS JOAO PESSOA;12;EDUCACAO;364;ENSINO SUPERIOR;2032;EDUCACAO SUPERIOR - GRADUACAO, POS-GRADUACAO, ENSINO, PESQUI;0487;CONCESSAO DE BOLSAS DE ESTUDO NO ENSINO SUPERIOR;0002;CONCESSAO DE BOLSAS DE ESTUDOS NO PAIS;12364203204870001;087493;OCCCUO9414N;BF SUPERIOR - PROAP;90;APLICACOES DIRETAS;3;DESPESAS CORRENTES;3;OUTRAS DESPESAS CORRENTES;18;AUXILIO FINANCEIRO A ESTUDANTES;339018;AUXILIO FINANCEIRO A ESTUDANTES;12;RECURSOS DEST.A MANUT.E DES.DO ENSINO;;;;;13,600.00;7,600.00;6,000.00;4,800.00
2015;158469;IFPB - CAMPUS JOAO PESSOA;12;EDUCACAO;364;ENSINO SUPERIOR;2032;EDUCACAO SUPERIOR - GRADUACAO, POS-GRADUACAO, ENSINO, PESQUI;0487;CONCESSAO DE BOLSAS DE ESTUDO NO ENSINO SUPERIOR;0002;CONCESSAO DE BOLSAS DE ESTUDOS NO PAIS;12364203204870001;087493;OCCCUO9414N;BF SUPERIOR - PROAP;90;APLICACOES DIRETAS;3;DESPESAS CORRENTES;3;OUTRAS DESPESAS CORRENTES;33;PASSAGENS E DESPESAS COM LOCOMOCAO;339033;PASSAGENS E DESPESAS COM LOCOMOCAO;12;RECURSOS DEST.A MANUT.E DES.DO ENSINO;;;;;13,509.35;8,529.20;4,980.15;3,557.25
2015;158483;CAMPUS NILOPOLIS;12;EDUCACAO;364;ENSINO SUPERIOR;2032;EDUCACAO SUPERIOR - GRADUACAO, POS-GRADUACAO, ENSINO, PESQUI;0487;CONCESSAO DE BOLSAS DE ESTUDO NO ENSINO SUPERIOR;0002;CONCESSAO DE BOLSAS DE ESTUDOS NO PAIS;12364203204870001;087493;OCCCUO9414N;BF SUPERIOR - PROAP;90;APLICACOES DIRETAS;3;DESPESAS CORRENTES;3;OUTRAS DESPESAS CORRENTES;14;DIARIAS - PESSOAL CIVIL;339014;DIARIAS - PESSOAL CIVIL;12;RECURSOS DEST.A MANUT.E DES.DO ENSINO;;;;;11,391.26;5,421.28;5,969.98;
2015;158483;CAMPUS NILOPOLIS;12;EDUCACAO;364;ENSINO SUPERIOR;2032;EDUCACAO SUPERIOR - GRADUACAO, POS-GRADUACAO, ENSINO, PESQUI;0487;CONCESSAO DE BOLSAS DE ESTUDO NO ENSINO SUPERIOR;0002;CONCESSAO DE BOLSAS DE ESTUDOS NO PAIS;12364203204870001;087493;OCCCUO9414N;BF SUPERIOR - PROAP;90;APLICACOES DIRETAS;3;DESPESAS CORRENTES;3;OUTRAS DESPESAS CORRENTES;20;AUXILIO FINANCEIRO A PESQUISADORES;339020;AUXILIO FINANCEIRO A PESQUISADORES;12;RECURSOS DEST.A MANUT.E DES.DO ENSINO;;;;;15,000.00;0.00;15,000.00;
2015;158483;CAMPUS NILOPOLIS;12;EDUCACAO;364;ENSINO SUPERIOR;2032;EDUCACAO SUPERIOR - GRADUACAO, POS-GRADUACAO, ENSINO, PESQUI;0487;CONCESSAO DE BOLSAS DE ESTUDO NO ENSINO SUPERIOR;0002;CONCESSAO DE BOLSAS DE ESTUDOS NO PAIS;12364203204870001;087493;OCCCUO9414N;BF SUPERIOR - PROAP;90;APLICACOES DIRETAS;3;DESPESAS CORRENTES;3;OUTRAS DESPESAS CORRENTES;36;OUTROS SERVICOS DE TERCEIROS - P.FISICA;339036;OUTROS SERVICOS DE TERCEIROS - PESSOA FISICA;12;RECURSOS DEST.A MANUT.E DES.DO ENSINO;;;;;1,500.00;1,500.00;;
2015;158494;INST.FED.MATO GROSSO/CAMPUS BELA VISTA;12;EDUCACAO;364;ENSINO SUPERIOR;2032;EDUCACAO SUPERIOR - GRADUACAO, POS-GRADUACAO, ENSINO, PESQUI;0487;CONCESSAO DE BOLSAS DE ESTUDO NO ENSINO SUPERIOR;0002;CONCESSAO DE BOLSAS DE ESTUDOS NO PAIS;12364203204870001;087493;OCCCUO9414N;BF SUPERIOR - PROAP;90;APLICACOES DIRETAS;3;DESPESAS CORRENTES;3;OUTRAS DESPESAS CORRENTES;30;MATERIAL DE CONSUMO;339030;MATERIAL DE CONSUMO;12;RECURSOS DEST.A MANUT.E DES.DO ENSINO;;;;;31,640.00;7,910.00;23,730.00;12,000.00
2015;158515;UNIVERSIDADE FEDERAL DO OESTE DO PARA;12;EDUCACAO;364;ENSINO SUPERIOR;2032;EDUCACAO SUPERIOR - GRADUACAO, POS-GRADUACAO, ENSINO, PESQUI;0487;CONCESSAO DE BOLSAS DE ESTUDO NO ENSINO SUPERIOR;0002;CONCESSAO DE BOLSAS DE ESTUDOS NO PAIS;12364203204870001;087493;OCCCUO9414N;BF SUPERIOR - PROAP;90;APLICACOES DIRETAS;3;DESPESAS CORRENTES;3;OUTRAS DESPESAS CORRENTES;14;DIARIAS - PESSOAL CIVIL;339014;DIARIAS - PESSOAL CIVIL;12;RECURSOS DEST.A MANUT.E DES.DO ENSINO;;;;;68,436.55;28,519.55;39,917.00;33,544.35
2015;158515;UNIVERSIDADE FEDERAL DO OESTE DO PARA;12;EDUCACAO;364;ENSINO SUPERIOR;2032;EDUCACAO SUPERIOR - GRADUACAO, POS-GRADUACAO, ENSINO, PESQUI;0487;CONCESSAO DE BOLSAS DE ESTUDO NO ENSINO SUPERIOR;0002;CONCESSAO DE BOLSAS DE ESTUDOS NO PAIS;12364203204870001;087493;OCCCUO9414N;BF SUPERIOR - PROAP;90;APLICACOES DIRETAS;3;DESPESAS CORRENTES;3;OUTRAS DESPESAS CORRENTES;18;AUXILIO FINANCEIRO A ESTUDANTES;339018;AUXILIO FINANCEIRO A ESTUDANTES;12;RECURSOS DEST.A MANUT.E DES.DO ENSINO;;;;;16,800.00;4,560.00;12,240.00;10,800.00
2015;158515;UNIVERSIDADE FEDERAL DO OESTE DO PARA;12;EDUCACAO;364;ENSINO SUPERIOR;2032;EDUCACAO SUPERIOR - GRADUACAO, POS-GRADUACAO, ENSINO, PESQUI;0487;CONCESSAO DE BOLSAS DE ESTUDO NO ENSINO SUPERIOR;0002;CONCESSAO DE BOLSAS DE ESTUDOS NO PAIS;12364203204870001;087493;OCCCUO9414N;BF SUPERIOR - PROAP;90;APLICACOES DIRETAS;3;DESPESAS CORRENTES;3;OUTRAS DESPESAS CORRENTES;33;PASSAGENS E DESPESAS COM LOCOMOCAO;339033;PASSAGENS E DESPESAS COM LOCOMOCAO;12;RECURSOS DEST.A MANUT.E DES.DO ENSINO;;;;;88,000.00;22,000.00;;
2015;158515;UNIVERSIDADE FEDERAL DO OESTE DO PARA;12;EDUCACAO;364;ENSINO SUPERIOR;2032;EDUCACAO SUPERIOR - GRADUACAO, POS-GRADUACAO, ENSINO, PESQUI;0487;CONCESSAO DE BOLSAS DE ESTUDO NO ENSINO SUPERIOR;0002;CONCESSAO DE BOLSAS DE ESTUDOS NO PAIS;12364203204870001;087493;OCCCUO9414N;BF SUPERIOR - PROAP;90;APLICACOES DIRETAS;3;DESPESAS CORRENTES;3;OUTRAS DESPESAS CORRENTES;36;OUTROS SERVICOS DE TERCEIROS - P.FISICA;339036;OUTROS SERVICOS DE TERCEIROS - PESSOA FISICA;12;RECURSOS DEST.A MANUT.E DES.DO ENSINO;;;;;54,981.60;4,239.00;50,742.60;40,048.20
2015;158515;UNIVERSIDADE FEDERAL DO OESTE DO PARA;12;EDUCACAO;368;EDUCACAO BASICA;2030;EDUCACAO BASICA;20RJ;APOIO A CAPACITACAO E FORMACAO INICIAL E CONTINUADA PARA A E;0003;EDUCACAO BASICA PRESENCIAL;12368203020RJ0001;087496;PCC92B5801N;PARFOR - PARFOR;90;APLICACOES DIRETAS;3;DESPESAS CORRENTES;3;OUTRAS DESPESAS CORRENTES;14;DIARIAS - PESSOAL CIVIL;339014;DIARIAS - PESSOAL CIVIL;08;FUNDO SOCIAL-PARC.DEST.EDUCACAO PUBL.E SAUDE;;;;;116,074.05;4,108.80;111,965.25;94,887.90
2015;158515;UNIVERSIDADE FEDERAL DO OESTE DO PARA;12;EDUCACAO;368;EDUCACAO BASICA;2030;EDUCACAO BASICA;20RJ;APOIO A CAPACITACAO E FORMACAO INICIAL E CONTINUADA PARA A E;0003;EDUCACAO BASICA PRESENCIAL;12368203020RJ0001;087496;PCC92B5801N;PARFOR - PARFOR;90;APLICACOES DIRETAS;3;DESPESAS CORRENTES;3;OUTRAS DESPESAS CORRENTES;33;PASSAGENS E DESPESAS COM LOCOMOCAO;339033;PASSAGENS E DESPESAS COM LOCOMOCAO;08;FUNDO SOCIAL-PARC.DEST.EDUCACAO PUBL.E SAUDE;;;;;16,412.00;4,103.00;;
2015;158515;UNIVERSIDADE FEDERAL DO OESTE DO PARA;12;EDUCACAO;368;EDUCACAO BASICA;2030;EDUCACAO BASICA;20RJ;APOIO A CAPACITACAO E FORMACAO INICIAL E CONTINUADA PARA A E;0003;EDUCACAO BASICA PRESENCIAL;12368203020RJ0001;087496;PCC92B5801N;PARFOR - PARFOR;90;APLICACOES DIRETAS;3;DESPESAS CORRENTES;3;OUTRAS DESPESAS CORRENTES;36;OUTROS SERVICOS DE TERCEIROS - P.FISICA;339036;OUTROS SERVICOS DE TERCEIROS - PESSOA FISICA;08;FUNDO SOCIAL-PARC.DEST.EDUCACAO PUBL.E SAUDE;;;;;69,060.40;2,361.90;66,698.50;54,932.00
2015;158515;UNIVERSIDADE FEDERAL DO OESTE DO PARA;12;EDUCACAO;368;EDUCACAO BASICA;2030;EDUCACAO BASICA;20RJ;APOIO A CAPACITACAO E FORMACAO INICIAL E CONTINUADA PARA A E;0003;EDUCACAO BASICA PRESENCIAL;12368203020RJ0001;087496;PCC92B5801N;PARFOR - PARFOR;90;APLICACOES DIRETAS;3;DESPESAS CORRENTES;3;OUTRAS DESPESAS CORRENTES;39;OUTROS SERVICOS DE TERCEIROS PJ - OP.INT.ORC.;339039;OUTROS SERVICOS DE TERCEIROS - PESSOA JURIDICA;08;FUNDO SOCIAL-PARC.DEST.EDUCACAO PUBL.E SAUDE;;;;;5,959,253.00;1,489,813.25;;
2015;158515;UNIVERSIDADE FEDERAL DO OESTE DO PARA;12;EDUCACAO;368;EDUCACAO BASICA;2030;EDUCACAO BASICA;20RJ;APOIO A CAPACITACAO E FORMACAO INICIAL E CONTINUADA PARA A E;0003;EDUCACAO BASICA PRESENCIAL;12368203020RJ0001;087496;PCC92B5801N;PARFOR - PARFOR;90;APLICACOES DIRETAS;3;DESPESAS CORRENTES;3;OUTRAS DESPESAS CORRENTES;92;DESPESAS DE EXERCICIOS ANTERIORES;339092;DESPESAS DE EXERCICIOS ANTERIORES;08;FUNDO SOCIAL-PARC.DEST.EDUCACAO PUBL.E SAUDE;;;;;94,387.70;10,164.25;84,223.45;76,228.20
2015;158516;INST.FED.DE EDUC.,CIENC.E TEC.DE STA.CAT/IFSC;12;EDUCACAO;368;EDUCACAO BASICA;2030;EDUCACAO BASICA;20RJ;APOIO A CAPACITACAO E FORMACAO INICIAL E CONTINUADA PARA A E;0004;EDUCACAO BASICA A DISTANCIA;12368203020RJ0001;087497;MCC62G22EDN;UAB - UAB TRADICIONAL;90;APLICACOES DIRETAS;3;DESPESAS CORRENTES;3;OUTRAS DESPESAS CORRENTES;14;DIARIAS - PESSOAL CIVIL;339014;DIARIAS - PESSOAL CIVIL;08;FUNDO SOCIAL-PARC.DEST.EDUCACAO PUBL.E SAUDE;;;;;173,773.92;105,875.35;67,898.57;66,472.92
2015;158516;INST.FED.DE EDUC.,CIENC.E TEC.DE STA.CAT/IFSC;12;EDUCACAO;368;EDUCACAO BASICA;2030;EDUCACAO BASICA;20RJ;APOIO A CAPACITACAO E FORMACAO INICIAL E CONTINUADA PARA A E;0004;EDUCACAO BASICA A DISTANCIA;12368203020RJ0001;087497;MCC62G22EDN;UAB - UAB TRADICIONAL;90;APLICACOES DIRETAS;3;DESPESAS CORRENTES;3;OUTRAS DESPESAS CORRENTES;30;MATERIAL DE CONSUMO;339030;MATERIAL DE CONSUMO;08;FUNDO SOCIAL-PARC.DEST.EDUCACAO PUBL.E SAUDE;;;;;5,732.40;2,106.10;3,626.30;3,626.30
2015;158516;INST.FED.DE EDUC.,CIENC.E TEC.DE STA.CAT/IFSC;12;EDUCACAO;368;EDUCACAO BASICA;2030;EDUCACAO BASICA;20RJ;APOIO A CAPACITACAO E FORMACAO INICIAL E CONTINUADA PARA A E;0004;EDUCACAO BASICA A DISTANCIA;12368203020RJ0001;087497;MCC62G22EDN;UAB - UAB TRADICIONAL;90;APLICACOES DIRETAS;3;DESPESAS CORRENTES;3;OUTRAS DESPESAS CORRENTES;33;PASSAGENS E DESPESAS COM LOCOMOCAO;339033;PASSAGENS E DESPESAS COM LOCOMOCAO;08;FUNDO SOCIAL-PARC.DEST.EDUCACAO PUBL.E SAUDE;;;;;103,196.00;44,230.86;55,214.84;46,587.63
2015;158516;INST.FED.DE EDUC.,CIENC.E TEC.DE STA.CAT/IFSC;12;EDUCACAO;368;EDUCACAO BASICA;2030;EDUCACAO BASICA;20RJ;APOIO A CAPACITACAO E FORMACAO INICIAL E CONTINUADA PARA A E;0004;EDUCACAO BASICA A DISTANCIA;12368203020RJ0001;087497;MCC62G22EDN;UAB - UAB TRADICIONAL;90;APLICACOES DIRETAS;3;DESPESAS CORRENTES;3;OUTRAS DESPESAS CORRENTES;39;OUTROS SERVICOS DE TERCEIROS PJ - OP.INT.ORC.;339039;OUTROS SERVICOS DE TERCEIROS - PESSOA JURIDICA;08;FUNDO SOCIAL-PARC.DEST.EDUCACAO PUBL.E SAUDE;;;;;661,640.36;82,805.18;578,835.12;486,633.32
2015;158517;UNIVERSIDADE FEDERAL DA FRONTEIRA SUL;12;EDUCACAO;364;ENSINO SUPERIOR;2032;EDUCACAO SUPERIOR - GRADUACAO, POS-GRADUACAO, ENSINO, PESQUI;0487;CONCESSAO DE BOLSAS DE ESTUDO NO ENSINO SUPERIOR;0002;CONCESSAO DE BOLSAS DE ESTUDOS NO PAIS;12364203204870001;087493;OCCCUO9414N;BF SUPERIOR - PROAP;90;APLICACOES DIRETAS;3;DESPESAS CORRENTES;3;OUTRAS DESPESAS CORRENTES;14;DIARIAS - PESSOAL CIVIL;339014;DIARIAS - PESSOAL CIVIL;12;RECURSOS DEST.A MANUT.E DES.DO ENSINO;;;;;247,960.88;123,375.69;124,585.19;70,576.42
2015;158517;UNIVERSIDADE FEDERAL DA FRONTEIRA SUL;12;EDUCACAO;364;ENSINO SUPERIOR;2032;EDUCACAO SUPERIOR - GRADUACAO, POS-GRADUACAO, ENSINO, PESQUI;0487;CONCESSAO DE BOLSAS DE ESTUDO NO ENSINO SUPERIOR;0002;CONCESSAO DE BOLSAS DE ESTUDOS NO PAIS;12364203204870001;087493;OCCCUO9414N;BF SUPERIOR - PROAP;90;APLICACOES DIRETAS;3;DESPESAS CORRENTES;3;OUTRAS DESPESAS CORRENTES;18;AUXILIO FINANCEIRO A ESTUDANTES;339018;AUXILIO FINANCEIRO A ESTUDANTES;12;RECURSOS DEST.A MANUT.E DES.DO ENSINO;;;;;183,000.00;113,223.98;57,167.74;47,391.72
2015;158517;UNIVERSIDADE FEDERAL DA FRONTEIRA SUL;12;EDUCACAO;364;ENSINO SUPERIOR;2032;EDUCACAO SUPERIOR - GRADUACAO, POS-GRADUACAO, ENSINO, PESQUI;0487;CONCESSAO DE BOLSAS DE ESTUDO NO ENSINO SUPERIOR;0002;CONCESSAO DE BOLSAS DE ESTUDOS NO PAIS;12364203204870001;087493;OCCCUO9414N;BF SUPERIOR - PROAP;90;APLICACOES DIRETAS;3;DESPESAS CORRENTES;3;OUTRAS DESPESAS CORRENTES;33;PASSAGENS E DESPESAS COM LOCOMOCAO;339033;PASSAGENS E DESPESAS COM LOCOMOCAO;12;RECURSOS DEST.A MANUT.E DES.DO ENSINO;;;;;221,409.77;159,606.62;58,890.93;51,984.10
2015;158517;UNIVERSIDADE FEDERAL DA FRONTEIRA SUL;12;EDUCACAO;364;ENSINO SUPERIOR;2032;EDUCACAO SUPERIOR - GRADUACAO, POS-GRADUACAO, ENSINO, PESQUI;0487;CONCESSAO DE BOLSAS DE ESTUDO NO ENSINO SUPERIOR;0002;CONCESSAO DE BOLSAS DE ESTUDOS NO PAIS;12364203204870001;087493;OCCCUO9414N;BF SUPERIOR - PROAP;90;APLICACOES DIRETAS;3;DESPESAS CORRENTES;3;OUTRAS DESPESAS CORRENTES;36;OUTROS SERVICOS DE TERCEIROS - P.FISICA;339036;OUTROS SERVICOS DE TERCEIROS - PESSOA FISICA;12;RECURSOS DEST.A MANUT.E DES.DO ENSINO;;;;;76,576.00;53,733.00;22,843.00;16,740.50
2015;158517;UNIVERSIDADE FEDERAL DA FRONTEIRA SUL;12;EDUCACAO;368;EDUCACAO BASICA;2030;EDUCACAO BASICA;20RJ;APOIO A CAPACITACAO E FORMACAO INICIAL E CONTINUADA PARA A E;0003;EDUCACAO BASICA PRESENCIAL;12368203020RJ0001;087496;PCC69B2101N;PIBID - PIBID;90;APLICACOES DIRETAS;3;DESPESAS CORRENTES;3;OUTRAS DESPESAS CORRENTES;14;DIARIAS - PESSOAL CIVIL;339014;DIARIAS - PESSOAL CIVIL;08;FUNDO SOCIAL-PARC.DEST.EDUCACAO PUBL.E SAUDE;;;;;180,392.30;179,533.70;858.60;858.60
2015;158517;UNIVERSIDADE FEDERAL DA FRONTEIRA SUL;12;EDUCACAO;368;EDUCACAO BASICA;2030;EDUCACAO BASICA;20RJ;APOIO A CAPACITACAO E FORMACAO INICIAL E CONTINUADA PARA A E;0003;EDUCACAO BASICA PRESENCIAL;12368203020RJ0001;087496;PCC69B2101N;PIBID - PIBID;90;APLICACOES DIRETAS;3;DESPESAS CORRENTES;3;OUTRAS DESPESAS CORRENTES;30;MATERIAL DE CONSUMO;339030;MATERIAL DE CONSUMO;08;FUNDO SOCIAL-PARC.DEST.EDUCACAO PUBL.E SAUDE;;;;;47,960.08;17,310.40;28,825.83;28,268.16
2015;158517;UNIVERSIDADE FEDERAL DA FRONTEIRA SUL;12;EDUCACAO;368;EDUCACAO BASICA;2030;EDUCACAO BASICA;20RJ;APOIO A CAPACITACAO E FORMACAO INICIAL E CONTINUADA PARA A E;0003;EDUCACAO BASICA PRESENCIAL;12368203020RJ0001;087496;PCC69B2101N;PIBID - PIBID;90;APLICACOES DIRETAS;3;DESPESAS CORRENTES;3;OUTRAS DESPESAS CORRENTES;33;PASSAGENS E DESPESAS COM LOCOMOCAO;339033;PASSAGENS E DESPESAS COM LOCOMOCAO;08;FUNDO SOCIAL-PARC.DEST.EDUCACAO PUBL.E SAUDE;;;;;50,000.00;35,000.00;;
2015;158517;UNIVERSIDADE FEDERAL DA FRONTEIRA SUL;12;EDUCACAO;368;EDUCACAO BASICA;2030;EDUCACAO BASICA;20RJ;APOIO A CAPACITACAO E FORMACAO INICIAL E CONTINUADA PARA A E;0003;EDUCACAO BASICA PRESENCIAL;12368203020RJ0001;087496;PCC69B2101N;PIBID - PIBID;90;APLICACOES DIRETAS;3;DESPESAS CORRENTES;3;OUTRAS DESPESAS CORRENTES;36;OUTROS SERVICOS DE TERCEIROS - P.FISICA;339036;OUTROS SERVICOS DE TERCEIROS - PESSOA FISICA;08;FUNDO SOCIAL-PARC.DEST.EDUCACAO PUBL.E SAUDE;;;;;148,695.00;133,119.00;15,576.00;13,009.50
2015;158565;UNIV.DA INTEG.INTERN.DA LUSOF.AFRO-BRASILEIRA;12;EDUCACAO;364;ENSINO SUPERIOR;2032;EDUCACAO SUPERIOR - GRADUACAO, POS-GRADUACAO, ENSINO, PESQUI;0487;CONCESSAO DE BOLSAS DE ESTUDO NO ENSINO SUPERIOR;0002;CONCESSAO DE BOLSAS DE ESTUDOS NO PAIS;12364203204870001;087493;OCCCUO9414N;BF SUPERIOR - PROAP;90;APLICACOES DIRETAS;3;DESPESAS CORRENTES;3;OUTRAS DESPESAS CORRENTES;18;AUXILIO FINANCEIRO A ESTUDANTES;339018;AUXILIO FINANCEIRO A ESTUDANTES;12;RECURSOS DEST.A MANUT.E DES.DO ENSINO;;;;;59,375.00;16,875.00;42,500.00;35,625.00
2015;158565;UNIV.DA INTEG.INTERN.DA LUSOF.AFRO-BRASILEIRA;12;EDUCACAO;368;EDUCACAO BASICA;2030;EDUCACAO BASICA;20RJ;APOIO A CAPACITACAO E FORMACAO INICIAL E CONTINUADA PARA A E;0004;EDUCACAO BASICA A DISTANCIA;12368203020RJ0001;087497;MCC62G22EDN;UAB - UAB TRADICIONAL;90;APLICACOES DIRETAS;3;DESPESAS CORRENTES;3;OUTRAS DESPESAS CORRENTES;14;DIARIAS - PESSOAL CIVIL;339014;DIARIAS - PESSOAL CIVIL;08;FUNDO SOCIAL-PARC.DEST.EDUCACAO PUBL.E SAUDE;;;;;332,592.45;156,034.11;176,558.34;156,926.47
2015;158565;UNIV.DA INTEG.INTERN.DA LUSOF.AFRO-BRASILEIRA;12;EDUCACAO;368;EDUCACAO BASICA;2030;EDUCACAO BASICA;20RJ;APOIO A CAPACITACAO E FORMACAO INICIAL E CONTINUADA PARA A E;0004;EDUCACAO BASICA A DISTANCIA;12368203020RJ0001;087497;MCC62G22EDN;UAB - UAB TRADICIONAL;90;APLICACOES DIRETAS;3;DESPESAS CORRENTES;3;OUTRAS DESPESAS CORRENTES;33;PASSAGENS E DESPESAS COM LOCOMOCAO;339033;PASSAGENS E DESPESAS COM LOCOMOCAO;08;FUNDO SOCIAL-PARC.DEST.EDUCACAO PUBL.E SAUDE;;;;;409,612.00;131,052.70;240,228.18;218,338.03
2015;158565;UNIV.DA INTEG.INTERN.DA LUSOF.AFRO-BRASILEIRA;12;EDUCACAO;368;EDUCACAO BASICA;2030;EDUCACAO BASICA;20RJ;APOIO A CAPACITACAO E FORMACAO INICIAL E CONTINUADA PARA A E;0004;EDUCACAO BASICA A DISTANCIA;12368203020RJ0001;087497;MCC62G22EDN;UAB - UAB TRADICIONAL;90;APLICACOES DIRETAS;3;DESPESAS CORRENTES;3;OUTRAS DESPESAS CORRENTES;36;OUTROS SERVICOS DE TERCEIROS - P.FISICA;339036;OUTROS SERVICOS DE TERCEIROS - PESSOA FISICA;08;FUNDO SOCIAL-PARC.DEST.EDUCACAO PUBL.E SAUDE;;;;;195,470.50;130,423.00;65,047.50;59,826.00
2015;158658;UNIV. FEDERAL DA INTEGRACAO-LATINO-AMERICANA;12;EDUCACAO;364;ENSINO SUPERIOR;2032;EDUCACAO SUPERIOR - GRADUACAO, POS-GRADUACAO, ENSINO, PESQUI;0487;CONCESSAO DE BOLSAS DE ESTUDO NO ENSINO SUPERIOR;0002;CONCESSAO DE BOLSAS DE ESTUDOS NO PAIS;12364203204870001;087493;OCCCUO9414N;BF SUPERIOR - PROAP;90;APLICACOES DIRETAS;3;DESPESAS CORRENTES;3;OUTRAS DESPESAS CORRENTES;14;DIARIAS - PESSOAL CIVIL;339014;DIARIAS - PESSOAL CIVIL;12;RECURSOS DEST.A MANUT.E DES.DO ENSINO;;;;;16,507.36;5,920.00;10,587.36;10,587.36
2015;158658;UNIV. FEDERAL DA INTEGRACAO-LATINO-AMERICANA;12;EDUCACAO;364;ENSINO SUPERIOR;2032;EDUCACAO SUPERIOR - GRADUACAO, POS-GRADUACAO, ENSINO, PESQUI;0487;CONCESSAO DE BOLSAS DE ESTUDO NO ENSINO SUPERIOR;0002;CONCESSAO DE BOLSAS DE ESTUDOS NO PAIS;12364203204870001;087493;OCCCUO9414N;BF SUPERIOR - PROAP;90;APLICACOES DIRETAS;3;DESPESAS CORRENTES;3;OUTRAS DESPESAS CORRENTES;18;AUXILIO FINANCEIRO A ESTUDANTES;339018;AUXILIO FINANCEIRO A ESTUDANTES;12;RECURSOS DEST.A MANUT.E DES.DO ENSINO;;;;;18,000.00;0.00;18,000.00;18,000.00
2015;158658;UNIV. FEDERAL DA INTEGRACAO-LATINO-AMERICANA;12;EDUCACAO;364;ENSINO SUPERIOR;2032;EDUCACAO SUPERIOR - GRADUACAO, POS-GRADUACAO, ENSINO, PESQUI;0487;CONCESSAO DE BOLSAS DE ESTUDO NO ENSINO SUPERIOR;0002;CONCESSAO DE BOLSAS DE ESTUDOS NO PAIS;12364203204870001;087493;OCCCUO9414N;BF SUPERIOR - PROAP;90;APLICACOES DIRETAS;3;DESPESAS CORRENTES;3;OUTRAS DESPESAS CORRENTES;20;AUXILIO FINANCEIRO A PESQUISADORES;339020;AUXILIO FINANCEIRO A PESQUISADORES;12;RECURSOS DEST.A MANUT.E DES.DO ENSINO;;;;;2,320.00;0.00;2,320.00;1,740.00
2015;158658;UNIV. FEDERAL DA INTEGRACAO-LATINO-AMERICANA;12;EDUCACAO;364;ENSINO SUPERIOR;2032;EDUCACAO SUPERIOR - GRADUACAO, POS-GRADUACAO, ENSINO, PESQUI;0487;CONCESSAO DE BOLSAS DE ESTUDO NO ENSINO SUPERIOR;0002;CONCESSAO DE BOLSAS DE ESTUDOS NO PAIS;12364203204870001;087493;OCCCUO9414N;BF SUPERIOR - PROAP;90;APLICACOES DIRETAS;3;DESPESAS CORRENTES;3;OUTRAS DESPESAS CORRENTES;33;PASSAGENS E DESPESAS COM LOCOMOCAO;339033;PASSAGENS E DESPESAS COM LOCOMOCAO;12;RECURSOS DEST.A MANUT.E DES.DO ENSINO;;;;;34,000.00;14,447.86;6,208.56;6,208.56
2015;158717;UNIVERSIDADE FEDERAL DO OESTE DA BAHIA;12;EDUCACAO;364;ENSINO SUPERIOR;2032;EDUCACAO SUPERIOR - GRADUACAO, POS-GRADUACAO, ENSINO, PESQUI;0487;CONCESSAO DE BOLSAS DE ESTUDO NO ENSINO SUPERIOR;0002;CONCESSAO DE BOLSAS DE ESTUDOS NO PAIS;12364203204870001;087493;OCCCUO9414N;BF SUPERIOR - PROAP;90;APLICACOES DIRETAS;3;DESPESAS CORRENTES;3;OUTRAS DESPESAS CORRENTES;14;DIARIAS - PESSOAL CIVIL;339014;DIARIAS - PESSOAL CIVIL;12;RECURSOS DEST.A MANUT.E DES.DO ENSINO;;;;;2,000.00;2,000.00;;
2015;158717;UNIVERSIDADE FEDERAL DO OESTE DA BAHIA;12;EDUCACAO;364;ENSINO SUPERIOR;2032;EDUCACAO SUPERIOR - GRADUACAO, POS-GRADUACAO, ENSINO, PESQUI;0487;CONCESSAO DE BOLSAS DE ESTUDO NO ENSINO SUPERIOR;0002;CONCESSAO DE BOLSAS DE ESTUDOS NO PAIS;12364203204870001;087493;OCCCUO9414N;BF SUPERIOR - PROAP;90;APLICACOES DIRETAS;3;DESPESAS CORRENTES;3;OUTRAS DESPESAS CORRENTES;18;AUXILIO FINANCEIRO A ESTUDANTES;339018;AUXILIO FINANCEIRO A ESTUDANTES;12;RECURSOS DEST.A MANUT.E DES.DO ENSINO;;;;;2,500.00;0.00;2,500.00;2,500.00
2015;158717;UNIVERSIDADE FEDERAL DO OESTE DA BAHIA;12;EDUCACAO;364;ENSINO SUPERIOR;2032;EDUCACAO SUPERIOR - GRADUACAO, POS-GRADUACAO, ENSINO, PESQUI;0487;CONCESSAO DE BOLSAS DE ESTUDO NO ENSINO SUPERIOR;0002;CONCESSAO DE BOLSAS DE ESTUDOS NO PAIS;12364203204870001;087493;OCCCUO9414N;BF SUPERIOR - PROAP;90;APLICACOES DIRETAS;3;DESPESAS CORRENTES;3;OUTRAS DESPESAS CORRENTES;30;MATERIAL DE CONSUMO;339030;MATERIAL DE CONSUMO;12;RECURSOS DEST.A MANUT.E DES.DO ENSINO;;;;;5,949.80;1,487.45;;
2015;158717;UNIVERSIDADE FEDERAL DO OESTE DA BAHIA;12;EDUCACAO;364;ENSINO SUPERIOR;2032;EDUCACAO SUPERIOR - GRADUACAO, POS-GRADUACAO, ENSINO, PESQUI;0487;CONCESSAO DE BOLSAS DE ESTUDO NO ENSINO SUPERIOR;0002;CONCESSAO DE BOLSAS DE ESTUDOS NO PAIS;12364203204870001;087493;OCCCUO9414N;BF SUPERIOR - PROAP;90;APLICACOES DIRETAS;3;DESPESAS CORRENTES;3;OUTRAS DESPESAS CORRENTES;33;PASSAGENS E DESPESAS COM LOCOMOCAO;339033;PASSAGENS E DESPESAS COM LOCOMOCAO;12;RECURSOS DEST.A MANUT.E DES.DO ENSINO;;;;;10,000.00;2,500.00;;
2015;158718;UNIVERSIDADE FEDERAL DO SUL E SUDESTE DO PARA;12;EDUCACAO;364;ENSINO SUPERIOR;2032;EDUCACAO SUPERIOR - GRADUACAO, POS-GRADUACAO, ENSINO, PESQUI;0487;CONCESSAO DE BOLSAS DE ESTUDO NO ENSINO SUPERIOR;0002;CONCESSAO DE BOLSAS DE ESTUDOS NO PAIS;12364203204870001;087493;OCCCUO9414N;BF SUPERIOR - PROAP;90;APLICACOES DIRETAS;3;DESPESAS CORRENTES;3;OUTRAS DESPESAS CORRENTES;14;DIARIAS - PESSOAL CIVIL;339014;DIARIAS - PESSOAL CIVIL;12;RECURSOS DEST.A MANUT.E DES.DO ENSINO;;;;;5,888.00;5,888.00;;
2015;158718;UNIVERSIDADE FEDERAL DO SUL E SUDESTE DO PARA;12;EDUCACAO;364;ENSINO SUPERIOR;2032;EDUCACAO SUPERIOR - GRADUACAO, POS-GRADUACAO, ENSINO, PESQUI;0487;CONCESSAO DE BOLSAS DE ESTUDO NO ENSINO SUPERIOR;0002;CONCESSAO DE BOLSAS DE ESTUDOS NO PAIS;12364203204870001;087493;OCCCUO9414N;BF SUPERIOR - PROAP;90;APLICACOES DIRETAS;3;DESPESAS CORRENTES;3;OUTRAS DESPESAS CORRENTES;18;AUXILIO FINANCEIRO A ESTUDANTES;339018;AUXILIO FINANCEIRO A ESTUDANTES;12;RECURSOS DEST.A MANUT.E DES.DO ENSINO;;;;;3,715.00;1,690.00;2,025.00;1,620.00
2015;158718;UNIVERSIDADE FEDERAL DO SUL E SUDESTE DO PARA;12;EDUCACAO;364;ENSINO SUPERIOR;2032;EDUCACAO SUPERIOR - GRADUACAO, POS-GRADUACAO, ENSINO, PESQUI;0487;CONCESSAO DE BOLSAS DE ESTUDO NO ENSINO SUPERIOR;0002;CONCESSAO DE BOLSAS DE ESTUDOS NO PAIS;12364203204870001;087493;OCCCUO9414N;BF SUPERIOR - PROAP;90;APLICACOES DIRETAS;3;DESPESAS CORRENTES;3;OUTRAS DESPESAS CORRENTES;33;PASSAGENS E DESPESAS COM LOCOMOCAO;339033;PASSAGENS E DESPESAS COM LOCOMOCAO;12;RECURSOS DEST.A MANUT.E DES.DO ENSINO;;;;;23,789.48;15,506.00;8,283.48;8,283.48
2015;158718;UNIVERSIDADE FEDERAL DO SUL E SUDESTE DO PARA;12;EDUCACAO;364;ENSINO SUPERIOR;2032;EDUCACAO SUPERIOR - GRADUACAO, POS-GRADUACAO, ENSINO, PESQUI;0487;CONCESSAO DE BOLSAS DE ESTUDO NO ENSINO SUPERIOR;0002;CONCESSAO DE BOLSAS DE ESTUDOS NO PAIS;12364203204870001;087493;OCCCUO9414N;BF SUPERIOR - PROAP;90;APLICACOES DIRETAS;3;DESPESAS CORRENTES;3;OUTRAS DESPESAS CORRENTES;36;OUTROS SERVICOS DE TERCEIROS - P.FISICA;339036;OUTROS SERVICOS DE TERCEIROS - PESSOA FISICA;12;RECURSOS DEST.A MANUT.E DES.DO ENSINO;;;;;29,348.90;8,467.50;20,881.40;19,812.90
2015;160327;INSTITUTO MILITAR DE ENGENHARIA;12;EDUCACAO;364;ENSINO SUPERIOR;2032;EDUCACAO SUPERIOR - GRADUACAO, POS-GRADUACAO, ENSINO, PESQUI;0487;CONCESSAO DE BOLSAS DE ESTUDO NO ENSINO SUPERIOR;0002;CONCESSAO DE BOLSAS DE ESTUDOS NO PAIS;12364203204870001;087493;OCCCUO9414N;BF SUPERIOR - PROAP;90;APLICACOES DIRETAS;3;DESPESAS CORRENTES;3;OUTRAS DESPESAS CORRENTES;14;DIARIAS - PESSOAL CIVIL;339014;DIARIAS - PESSOAL CIVIL;12;RECURSOS DEST.A MANUT.E DES.DO ENSINO;;;;;25,257.90;2,035.50;23,222.40;5,734.80
2015;160327;INSTITUTO MILITAR DE ENGENHARIA;12;EDUCACAO;364;ENSINO SUPERIOR;2032;EDUCACAO SUPERIOR - GRADUACAO, POS-GRADUACAO, ENSINO, PESQUI;0487;CONCESSAO DE BOLSAS DE ESTUDO NO ENSINO SUPERIOR;0002;CONCESSAO DE BOLSAS DE ESTUDOS NO PAIS;12364203204870001;087493;OCCCUO9414N;BF SUPERIOR - PROAP;90;APLICACOES DIRETAS;3;DESPESAS CORRENTES;3;OUTRAS DESPESAS CORRENTES;15;DIARIAS - PESSOAL MILITAR;339015;DIARIAS - PESSOAL MILITAR;12;RECURSOS DEST.A MANUT.E DES.DO ENSINO;;;;;15,628.85;1,666.25;13,962.60;4,588.50
2015;160327;INSTITUTO MILITAR DE ENGENHARIA;12;EDUCACAO;364;ENSINO SUPERIOR;2032;EDUCACAO SUPERIOR - GRADUACAO, POS-GRADUACAO, ENSINO, PESQUI;0487;CONCESSAO DE BOLSAS DE ESTUDO NO ENSINO SUPERIOR;0002;CONCESSAO DE BOLSAS DE ESTUDOS NO PAIS;12364203204870001;087493;OCCCUO9414N;BF SUPERIOR - PROAP;90;APLICACOES DIRETAS;3;DESPESAS CORRENTES;3;OUTRAS DESPESAS CORRENTES;18;AUXILIO FINANCEIRO A ESTUDANTES;339018;AUXILIO FINANCEIRO A ESTUDANTES;12;RECURSOS DEST.A MANUT.E DES.DO ENSINO;;;;;60,674.80;1,951.95;58,722.85;23,599.74
2015;160327;INSTITUTO MILITAR DE ENGENHARIA;12;EDUCACAO;364;ENSINO SUPERIOR;2032;EDUCACAO SUPERIOR - GRADUACAO, POS-GRADUACAO, ENSINO, PESQUI;0487;CONCESSAO DE BOLSAS DE ESTUDO NO ENSINO SUPERIOR;0002;CONCESSAO DE BOLSAS DE ESTUDOS NO PAIS;12364203204870001;087493;OCCCUO9414N;BF SUPERIOR - PROAP;90;APLICACOES DIRETAS;3;DESPESAS CORRENTES;3;OUTRAS DESPESAS CORRENTES;20;AUXILIO FINANCEIRO A PESQUISADORES;339020;AUXILIO FINANCEIRO A PESQUISADORES;12;RECURSOS DEST.A MANUT.E DES.DO ENSINO;;;;;71,674.35;3,098.63;68,575.72;19,590.51
2015;160327;INSTITUTO MILITAR DE ENGENHARIA;12;EDUCACAO;364;ENSINO SUPERIOR;2032;EDUCACAO SUPERIOR - GRADUACAO, POS-GRADUACAO, ENSINO, PESQUI;0487;CONCESSAO DE BOLSAS DE ESTUDO NO ENSINO SUPERIOR;0002;CONCESSAO DE BOLSAS DE ESTUDOS NO PAIS;12364203204870001;087493;OCCCUO9414N;BF SUPERIOR - PROAP;90;APLICACOES DIRETAS;3;DESPESAS CORRENTES;3;OUTRAS DESPESAS CORRENTES;30;MATERIAL DE CONSUMO;339030;MATERIAL DE CONSUMO;12;RECURSOS DEST.A MANUT.E DES.DO ENSINO;;;;;32,952.00;0.00;;
2015;160327;INSTITUTO MILITAR DE ENGENHARIA;12;EDUCACAO;364;ENSINO SUPERIOR;2032;EDUCACAO SUPERIOR - GRADUACAO, POS-GRADUACAO, ENSINO, PESQUI;0487;CONCESSAO DE BOLSAS DE ESTUDO NO ENSINO SUPERIOR;0002;CONCESSAO DE BOLSAS DE ESTUDOS NO PAIS;12364203204870001;087493;OCCCUO9414N;BF SUPERIOR - PROAP;90;APLICACOES DIRETAS;3;DESPESAS CORRENTES;3;OUTRAS DESPESAS CORRENTES;33;PASSAGENS E DESPESAS COM LOCOMOCAO;339033;PASSAGENS E DESPESAS COM LOCOMOCAO;12;RECURSOS DEST.A MANUT.E DES.DO ENSINO;;;;;157,669.50;62,038.12;4,118.72;3,089.04
2015;170009;ESCOLA DE ADMINISTRACAO FAZENDARIA;12;EDUCACAO;128;FORMACAO DE RECURSOS HUMANOS;2109;PROGRAMA DE GESTAO E MANUTENCAO DO MINISTERIO DA EDUCACAO;4572;CAPACITACAO DE SERVIDORES PUBLICOS FEDERAIS EM PROCESSO DE Q;0000;CAPACITACAO DE SERVIDORES PUBLICOS FEDERAIS EM PROCESSO DE QUALIFICACAO E REQUALIFICACAO;12128210945720053;087487;VCC80N99GAN;ADMINISTRACAO CAPES -DGES;90;APLICACOES DIRETAS;3;DESPESAS CORRENTES;3;OUTRAS DESPESAS CORRENTES;36;OUTROS SERVICOS DE TERCEIROS - P.FISICA;339036;OUTROS SERVICOS DE TERCEIROS - PESSOA FISICA;12;RECURSOS DEST.A MANUT.E DES.DO ENSINO;;;;;75,000.00;30,000.00;36,000.00;36,000.00
2015;240105;INSTIT.NACIONAL DE PESQUISA DA AMAZONIA-INPA;12;EDUCACAO;364;ENSINO SUPERIOR;2032;EDUCACAO SUPERIOR - GRADUACAO, POS-GRADUACAO, ENSINO, PESQUI;0487;CONCESSAO DE BOLSAS DE ESTUDO NO ENSINO SUPERIOR;0002;CONCESSAO DE BOLSAS DE ESTUDOS NO PAIS;12364203204870001;087493;OCCCUO9414N;BF SUPERIOR - PROAP;90;APLICACOES DIRETAS;3;DESPESAS CORRENTES;3;OUTRAS DESPESAS CORRENTES;14;DIARIAS - PESSOAL CIVIL;339014;DIARIAS - PESSOAL CIVIL;12;RECURSOS DEST.A MANUT.E DES.DO ENSINO;;;;;1,523,049.98;1,157,933.97;365,116.01;363,498.56
2015;240105;INSTIT.NACIONAL DE PESQUISA DA AMAZONIA-INPA;12;EDUCACAO;364;ENSINO SUPERIOR;2032;EDUCACAO SUPERIOR - GRADUACAO, POS-GRADUACAO, ENSINO, PESQUI;0487;CONCESSAO DE BOLSAS DE ESTUDO NO ENSINO SUPERIOR;0002;CONCESSAO DE BOLSAS DE ESTUDOS NO PAIS;12364203204870001;087493;OCCCUO9414N;BF SUPERIOR - PROAP;90;APLICACOES DIRETAS;3;DESPESAS CORRENTES;3;OUTRAS DESPESAS CORRENTES;33;PASSAGENS E DESPESAS COM LOCOMOCAO;339033;PASSAGENS E DESPESAS COM LOCOMOCAO;12;RECURSOS DEST.A MANUT.E DES.DO ENSINO;;;;;2,573,312.52;1,698,934.39;293,473.58;266,281.21
2015;240105;INSTIT.NACIONAL DE PESQUISA DA AMAZONIA-INPA;12;EDUCACAO;364;ENSINO SUPERIOR;2032;EDUCACAO SUPERIOR - GRADUACAO, POS-GRADUACAO, ENSINO, PESQUI;0487;CONCESSAO DE BOLSAS DE ESTUDO NO ENSINO SUPERIOR;0002;CONCESSAO DE BOLSAS DE ESTUDOS NO PAIS;12364203204870001;087493;OCCCUO9414N;BF SUPERIOR - PROAP;90;APLICACOES DIRETAS;3;DESPESAS CORRENTES;3;OUTRAS DESPESAS CORRENTES;36;OUTROS SERVICOS DE TERCEIROS - P.FISICA;339036;OUTROS SERVICOS DE TERCEIROS - PESSOA FISICA;12;RECURSOS DEST.A MANUT.E DES.DO ENSINO;;;;;1,132,938.26;762,772.96;370,165.30;370,165.30
2015;240105;INSTIT.NACIONAL DE PESQUISA DA AMAZONIA-INPA;12;EDUCACAO;364;ENSINO SUPERIOR;2032;EDUCACAO SUPERIOR - GRADUACAO, POS-GRADUACAO, ENSINO, PESQUI;0487;CONCESSAO DE BOLSAS DE ESTUDO NO ENSINO SUPERIOR;0002;CONCESSAO DE BOLSAS DE ESTUDOS NO PAIS;12364203204870001;087493;OCCCUO9414N;BF SUPERIOR - PROAP;90;APLICACOES DIRETAS;3;DESPESAS CORRENTES;3;OUTRAS DESPESAS CORRENTES;39;OUTROS SERVICOS DE TERCEIROS PJ - OP.INT.ORC.;339039;OUTROS SERVICOS DE TERCEIROS - PESSOA JURIDICA;12;RECURSOS DEST.A MANUT.E DES.DO ENSINO;;;;7,950.00;55,650.00;0.00;55,650.00;55,650.00
2015;240106;INSTITUTO NACIONAL DE PESQ. ESPECIAIS-INPE;12;EDUCACAO;364;ENSINO SUPERIOR;2032;EDUCACAO SUPERIOR - GRADUACAO, POS-GRADUACAO, ENSINO, PESQUI;0487;CONCESSAO DE BOLSAS DE ESTUDO NO ENSINO SUPERIOR;0002;CONCESSAO DE BOLSAS DE ESTUDOS NO PAIS;12364203204870001;087493;OCCCUO9414N;BF SUPERIOR - PROAP;90;APLICACOES DIRETAS;3;DESPESAS CORRENTES;3;OUTRAS DESPESAS CORRENTES;14;DIARIAS - PESSOAL CIVIL;339014;DIARIAS - PESSOAL CIVIL;12;RECURSOS DEST.A MANUT.E DES.DO ENSINO;;;;;152,460.63;48,252.94;104,207.69;104,207.69
2015;240106;INSTITUTO NACIONAL DE PESQ. ESPECIAIS-INPE;12;EDUCACAO;364;ENSINO SUPERIOR;2032;EDUCACAO SUPERIOR - GRADUACAO, POS-GRADUACAO, ENSINO, PESQUI;0487;CONCESSAO DE BOLSAS DE ESTUDO NO ENSINO SUPERIOR;0002;CONCESSAO DE BOLSAS DE ESTUDOS NO PAIS;12364203204870001;087493;OCCCUO9414N;BF SUPERIOR - PROAP;90;APLICACOES DIRETAS;3;DESPESAS CORRENTES;3;OUTRAS DESPESAS CORRENTES;33;PASSAGENS E DESPESAS COM LOCOMOCAO;339033;PASSAGENS E DESPESAS COM LOCOMOCAO;12;RECURSOS DEST.A MANUT.E DES.DO ENSINO;;;;;21,990.11;19,731.01;2,259.10;2,259.10
2015;240106;INSTITUTO NACIONAL DE PESQ. ESPECIAIS-INPE;12;EDUCACAO;364;ENSINO SUPERIOR;2032;EDUCACAO SUPERIOR - GRADUACAO, POS-GRADUACAO, ENSINO, PESQUI;0487;CONCESSAO DE BOLSAS DE ESTUDO NO ENSINO SUPERIOR;0002;CONCESSAO DE BOLSAS DE ESTUDOS NO PAIS;12364203204870001;087493;OCCCUO9414N;BF SUPERIOR - PROAP;90;APLICACOES DIRETAS;3;DESPESAS CORRENTES;3;OUTRAS DESPESAS CORRENTES;36;OUTROS SERVICOS DE TERCEIROS - P.FISICA;339036;OUTROS SERVICOS DE TERCEIROS - PESSOA FISICA;12;RECURSOS DEST.A MANUT.E DES.DO ENSINO;;;;;26,450.00;17,850.00;8,600.00;8,600.00
2015;240106;INSTITUTO NACIONAL DE PESQ. ESPECIAIS-INPE;12;EDUCACAO;364;ENSINO SUPERIOR;2032;EDUCACAO SUPERIOR - GRADUACAO, POS-GRADUACAO, ENSINO, PESQUI;0487;CONCESSAO DE BOLSAS DE ESTUDO NO ENSINO SUPERIOR;0002;CONCESSAO DE BOLSAS DE ESTUDOS NO PAIS;12364203204870001;087493;OCCCUO9414N;BF SUPERIOR - PROAP;90;APLICACOES DIRETAS;3;DESPESAS CORRENTES;3;OUTRAS DESPESAS CORRENTES;39;OUTROS SERVICOS DE TERCEIROS PJ - OP.INT.ORC.;339039;OUTROS SERVICOS DE TERCEIROS - PESSOA JURIDICA;12;RECURSOS DEST.A MANUT.E DES.DO ENSINO;;;;;27,600.00;6,900.00;20,700.00;20,700.00
2015;240106;INSTITUTO NACIONAL DE PESQ. ESPECIAIS-INPE;12;EDUCACAO;364;ENSINO SUPERIOR;2032;EDUCACAO SUPERIOR - GRADUACAO, POS-GRADUACAO, ENSINO, PESQUI;0487;CONCESSAO DE BOLSAS DE ESTUDO NO ENSINO SUPERIOR;0002;CONCESSAO DE BOLSAS DE ESTUDOS NO PAIS;12364203204870001;087493;OCCCUO9414N;BF SUPERIOR - PROAP;90;APLICACOES DIRETAS;3;DESPESAS CORRENTES;3;OUTRAS DESPESAS CORRENTES;93;INDENIZACOES E RESTITUICOES;339093;INDENIZACOES E RESTITUICOES;12;RECURSOS DEST.A MANUT.E DES.DO ENSINO;;;;9,916.86;496,297.10;70,584.02;425,713.08;323,932.44
2015;240126;OBSERVATORIO NACIONAL;12;EDUCACAO;364;ENSINO SUPERIOR;2032;EDUCACAO SUPERIOR - GRADUACAO, POS-GRADUACAO, ENSINO, PESQUI;0487;CONCESSAO DE BOLSAS DE ESTUDO NO ENSINO SUPERIOR;0002;CONCESSAO DE BOLSAS DE ESTUDOS NO PAIS;12364203204870001;087493;OCCCUO9414N;BF SUPERIOR - PROAP;90;APLICACOES DIRETAS;3;DESPESAS CORRENTES;3;OUTRAS DESPESAS CORRENTES;14;DIARIAS - PESSOAL CIVIL;339014;DIARIAS - PESSOAL CIVIL;12;RECURSOS DEST.A MANUT.E DES.DO ENSINO;;;;;52,677.70;36,377.80;16,299.90;16,299.90
2015;240126;OBSERVATORIO NACIONAL;12;EDUCACAO;364;ENSINO SUPERIOR;2032;EDUCACAO SUPERIOR - GRADUACAO, POS-GRADUACAO, ENSINO, PESQUI;0487;CONCESSAO DE BOLSAS DE ESTUDO NO ENSINO SUPERIOR;0002;CONCESSAO DE BOLSAS DE ESTUDOS NO PAIS;12364203204870001;087493;OCCCUO9414N;BF SUPERIOR - PROAP;90;APLICACOES DIRETAS;3;DESPESAS CORRENTES;3;OUTRAS DESPESAS CORRENTES;18;AUXILIO FINANCEIRO A ESTUDANTES;339018;AUXILIO FINANCEIRO A ESTUDANTES;12;RECURSOS DEST.A MANUT.E DES.DO ENSINO;;;;;378,700.00;24,100.00;354,600.00;354,600.00
2015;240126;OBSERVATORIO NACIONAL;12;EDUCACAO;364;ENSINO SUPERIOR;2032;EDUCACAO SUPERIOR - GRADUACAO, POS-GRADUACAO, ENSINO, PESQUI;0487;CONCESSAO DE BOLSAS DE ESTUDO NO ENSINO SUPERIOR;0002;CONCESSAO DE BOLSAS DE ESTUDOS NO PAIS;12364203204870001;087493;OCCCUO9414N;BF SUPERIOR - PROAP;90;APLICACOES DIRETAS;3;DESPESAS CORRENTES;3;OUTRAS DESPESAS CORRENTES;20;AUXILIO FINANCEIRO A PESQUISADORES;339020;AUXILIO FINANCEIRO A PESQUISADORES;12;RECURSOS DEST.A MANUT.E DES.DO ENSINO;;;;;58,835.75;0.00;58,835.75;58,835.75
2015;240126;OBSERVATORIO NACIONAL;12;EDUCACAO;364;ENSINO SUPERIOR;2032;EDUCACAO SUPERIOR - GRADUACAO, POS-GRADUACAO, ENSINO, PESQUI;0487;CONCESSAO DE BOLSAS DE ESTUDO NO ENSINO SUPERIOR;0002;CONCESSAO DE BOLSAS DE ESTUDOS NO PAIS;12364203204870001;087493;OCCCUO9414N;BF SUPERIOR - PROAP;90;APLICACOES DIRETAS;3;DESPESAS CORRENTES;3;OUTRAS DESPESAS CORRENTES;33;PASSAGENS E DESPESAS COM LOCOMOCAO;339033;PASSAGENS E DESPESAS COM LOCOMOCAO;12;RECURSOS DEST.A MANUT.E DES.DO ENSINO;;;;;155,789.57;95,007.37;60,782.20;60,572.59
2015;240126;OBSERVATORIO NACIONAL;12;EDUCACAO;364;ENSINO SUPERIOR;2032;EDUCACAO SUPERIOR - GRADUACAO, POS-GRADUACAO, ENSINO, PESQUI;0487;CONCESSAO DE BOLSAS DE ESTUDO NO ENSINO SUPERIOR;0002;CONCESSAO DE BOLSAS DE ESTUDOS NO PAIS;12364203204870001;087493;OCCCUO9414N;BF SUPERIOR - PROAP;90;APLICACOES DIRETAS;3;DESPESAS CORRENTES;3;OUTRAS DESPESAS CORRENTES;36;OUTROS SERVICOS DE TERCEIROS - P.FISICA;339036;OUTROS SERVICOS DE TERCEIROS - PESSOA FISICA;12;RECURSOS DEST.A MANUT.E DES.DO ENSINO;;;;;42,354.10;39,327.40;3,026.70;3,026.70
2015;254420;FUNDACAO OSWALDO CRUZ;12;EDUCACAO;364;ENSINO SUPERIOR;2032;EDUCACAO SUPERIOR - GRADUACAO, POS-GRADUACAO, ENSINO, PESQUI;0487;CONCESSAO DE BOLSAS DE ESTUDO NO ENSINO SUPERIOR;0002;CONCESSAO DE BOLSAS DE ESTUDOS NO PAIS;12364203204870001;087493;OCCCUO9414N;BF SUPERIOR - PROAP;90;APLICACOES DIRETAS;3;DESPESAS CORRENTES;3;OUTRAS DESPESAS CORRENTES;14;DIARIAS - PESSOAL CIVIL;339014;DIARIAS - PESSOAL CIVIL;12;RECURSOS DEST.A MANUT.E DES.DO ENSINO;;;;;31,715.35;14,770.73;16,944.62;15,038.00
2015;254420;FUNDACAO OSWALDO CRUZ;12;EDUCACAO;364;ENSINO SUPERIOR;2032;EDUCACAO SUPERIOR - GRADUACAO, POS-GRADUACAO, ENSINO, PESQUI;0487;CONCESSAO DE BOLSAS DE ESTUDO NO ENSINO SUPERIOR;0002;CONCESSAO DE BOLSAS DE ESTUDOS NO PAIS;12364203204870001;087493;OCCCUO9414N;BF SUPERIOR - PROAP;90;APLICACOES DIRETAS;3;DESPESAS CORRENTES;3;OUTRAS DESPESAS CORRENTES;30;MATERIAL DE CONSUMO;339030;MATERIAL DE CONSUMO;12;RECURSOS DEST.A MANUT.E DES.DO ENSINO;;;;;40,997.50;14,537.50;4,638.90;4,638.90
2015;254420;FUNDACAO OSWALDO CRUZ;12;EDUCACAO;364;ENSINO SUPERIOR;2032;EDUCACAO SUPERIOR - GRADUACAO, POS-GRADUACAO, ENSINO, PESQUI;0487;CONCESSAO DE BOLSAS DE ESTUDO NO ENSINO SUPERIOR;0002;CONCESSAO DE BOLSAS DE ESTUDOS NO PAIS;12364203204870001;087493;OCCCUO9414N;BF SUPERIOR - PROAP;90;APLICACOES DIRETAS;3;DESPESAS CORRENTES;3;OUTRAS DESPESAS CORRENTES;33;PASSAGENS E DESPESAS COM LOCOMOCAO;339033;PASSAGENS E DESPESAS COM LOCOMOCAO;12;RECURSOS DEST.A MANUT.E DES.DO ENSINO;;;;;82,250.04;26,337.51;;
2015;254420;FUNDACAO OSWALDO CRUZ;12;EDUCACAO;364;ENSINO SUPERIOR;2032;EDUCACAO SUPERIOR - GRADUACAO, POS-GRADUACAO, ENSINO, PESQUI;0487;CONCESSAO DE BOLSAS DE ESTUDO NO ENSINO SUPERIOR;0002;CONCESSAO DE BOLSAS DE ESTUDOS NO PAIS;12364203204870001;087493;OCCCUO9414N;BF SUPERIOR - PROAP;90;APLICACOES DIRETAS;3;DESPESAS CORRENTES;3;OUTRAS DESPESAS CORRENTES;36;OUTROS SERVICOS DE TERCEIROS - P.FISICA;339036;OUTROS SERVICOS DE TERCEIROS - PESSOA FISICA;12;RECURSOS DEST.A MANUT.E DES.DO ENSINO;;;;;42,520.20;14,131.60;28,388.60;27,974.40
2015;254421;INSTITUTO AGGEU MAGALHAES;12;EDUCACAO;364;ENSINO SUPERIOR;2032;EDUCACAO SUPERIOR - GRADUACAO, POS-GRADUACAO, ENSINO, PESQUI;0487;CONCESSAO DE BOLSAS DE ESTUDO NO ENSINO SUPERIOR;0002;CONCESSAO DE BOLSAS DE ESTUDOS NO PAIS;12364203204870001;087493;OCCCUO9414N;BF SUPERIOR - PROAP;90;APLICACOES DIRETAS;3;DESPESAS CORRENTES;3;OUTRAS DESPESAS CORRENTES;14;DIARIAS - PESSOAL CIVIL;339014;DIARIAS - PESSOAL CIVIL;12;RECURSOS DEST.A MANUT.E DES.DO ENSINO;;;;;37,747.95;9,726.70;28,021.25;19,956.05
2015;254421;INSTITUTO AGGEU MAGALHAES;12;EDUCACAO;364;ENSINO SUPERIOR;2032;EDUCACAO SUPERIOR - GRADUACAO, POS-GRADUACAO, ENSINO, PESQUI;0487;CONCESSAO DE BOLSAS DE ESTUDO NO ENSINO SUPERIOR;0002;CONCESSAO DE BOLSAS DE ESTUDOS NO PAIS;12364203204870001;087493;OCCCUO9414N;BF SUPERIOR - PROAP;90;APLICACOES DIRETAS;3;DESPESAS CORRENTES;3;OUTRAS DESPESAS CORRENTES;30;MATERIAL DE CONSUMO;339030;MATERIAL DE CONSUMO;12;RECURSOS DEST.A MANUT.E DES.DO ENSINO;;;;;48,985.24;476.95;48,508.29;17,240.43
2015;254421;INSTITUTO AGGEU MAGALHAES;12;EDUCACAO;364;ENSINO SUPERIOR;2032;EDUCACAO SUPERIOR - GRADUACAO, POS-GRADUACAO, ENSINO, PESQUI;0487;CONCESSAO DE BOLSAS DE ESTUDO NO ENSINO SUPERIOR;0002;CONCESSAO DE BOLSAS DE ESTUDOS NO PAIS;12364203204870001;087493;OCCCUO9414N;BF SUPERIOR - PROAP;90;APLICACOES DIRETAS;3;DESPESAS CORRENTES;3;OUTRAS DESPESAS CORRENTES;33;PASSAGENS E DESPESAS COM LOCOMOCAO;339033;PASSAGENS E DESPESAS COM LOCOMOCAO;12;RECURSOS DEST.A MANUT.E DES.DO ENSINO;;;;;88,075.00;21,197.66;60,977.84;43,291.04
2015;254421;INSTITUTO AGGEU MAGALHAES;12;EDUCACAO;364;ENSINO SUPERIOR;2032;EDUCACAO SUPERIOR - GRADUACAO, POS-GRADUACAO, ENSINO, PESQUI;0487;CONCESSAO DE BOLSAS DE ESTUDO NO ENSINO SUPERIOR;0002;CONCESSAO DE BOLSAS DE ESTUDOS NO PAIS;12364203204870001;087493;OCCCUO9414N;BF SUPERIOR - PROAP;90;APLICACOES DIRETAS;3;DESPESAS CORRENTES;3;OUTRAS DESPESAS CORRENTES;36;OUTROS SERVICOS DE TERCEIROS - P.FISICA;339036;OUTROS SERVICOS DE TERCEIROS - PESSOA FISICA;12;RECURSOS DEST.A MANUT.E DES.DO ENSINO;;;;;15,010.00;8,124.00;6,886.00;5,634.00
2015;254421;INSTITUTO AGGEU MAGALHAES;12;EDUCACAO;364;ENSINO SUPERIOR;2032;EDUCACAO SUPERIOR - GRADUACAO, POS-GRADUACAO, ENSINO, PESQUI;0487;CONCESSAO DE BOLSAS DE ESTUDO NO ENSINO SUPERIOR;0002;CONCESSAO DE BOLSAS DE ESTUDOS NO PAIS;12364203204870001;087493;OCCCUO9414N;BF SUPERIOR - PROAP;90;APLICACOES DIRETAS;3;DESPESAS CORRENTES;3;OUTRAS DESPESAS CORRENTES;39;OUTROS SERVICOS DE TERCEIROS PJ - OP.INT.ORC.;339039;OUTROS SERVICOS DE TERCEIROS - PESSOA JURIDICA;12;RECURSOS DEST.A MANUT.E DES.DO ENSINO;;;;;57,333.00;13,272.00;41,688.00;32,538.00
2015;254422;INSTITUTO GONCALO MONIZ;12;EDUCACAO;364;ENSINO SUPERIOR;2032;EDUCACAO SUPERIOR - GRADUACAO, POS-GRADUACAO, ENSINO, PESQUI;0487;CONCESSAO DE BOLSAS DE ESTUDO NO ENSINO SUPERIOR;0002;CONCESSAO DE BOLSAS DE ESTUDOS NO PAIS;12364203204870001;087493;OCCCUO9414N;BF SUPERIOR - PROAP;90;APLICACOES DIRETAS;3;DESPESAS CORRENTES;3;OUTRAS DESPESAS CORRENTES;14;DIARIAS - PESSOAL CIVIL;339014;DIARIAS - PESSOAL CIVIL;12;RECURSOS DEST.A MANUT.E DES.DO ENSINO;;;;;13,575.65;4,021.15;9,554.50;7,450.65
2015;254422;INSTITUTO GONCALO MONIZ;12;EDUCACAO;364;ENSINO SUPERIOR;2032;EDUCACAO SUPERIOR - GRADUACAO, POS-GRADUACAO, ENSINO, PESQUI;0487;CONCESSAO DE BOLSAS DE ESTUDO NO ENSINO SUPERIOR;0002;CONCESSAO DE BOLSAS DE ESTUDOS NO PAIS;12364203204870001;087493;OCCCUO9414N;BF SUPERIOR - PROAP;90;APLICACOES DIRETAS;3;DESPESAS CORRENTES;3;OUTRAS DESPESAS CORRENTES;30;MATERIAL DE CONSUMO;339030;MATERIAL DE CONSUMO;12;RECURSOS DEST.A MANUT.E DES.DO ENSINO;;;;;41,175.00;10,293.75;8,053.77;
2015;254422;INSTITUTO GONCALO MONIZ;12;EDUCACAO;364;ENSINO SUPERIOR;2032;EDUCACAO SUPERIOR - GRADUACAO, POS-GRADUACAO, ENSINO, PESQUI;0487;CONCESSAO DE BOLSAS DE ESTUDO NO ENSINO SUPERIOR;0002;CONCESSAO DE BOLSAS DE ESTUDOS NO PAIS;12364203204870001;087493;OCCCUO9414N;BF SUPERIOR - PROAP;90;APLICACOES DIRETAS;3;DESPESAS CORRENTES;3;OUTRAS DESPESAS CORRENTES;33;PASSAGENS E DESPESAS COM LOCOMOCAO;339033;PASSAGENS E DESPESAS COM LOCOMOCAO;12;RECURSOS DEST.A MANUT.E DES.DO ENSINO;;;;;28,657.87;12,100.00;7,314.09;7,314.09
2015;254422;INSTITUTO GONCALO MONIZ;12;EDUCACAO;364;ENSINO SUPERIOR;2032;EDUCACAO SUPERIOR - GRADUACAO, POS-GRADUACAO, ENSINO, PESQUI;0487;CONCESSAO DE BOLSAS DE ESTUDO NO ENSINO SUPERIOR;0002;CONCESSAO DE BOLSAS DE ESTUDOS NO PAIS;12364203204870001;087493;OCCCUO9414N;BF SUPERIOR - PROAP;90;APLICACOES DIRETAS;3;DESPESAS CORRENTES;3;OUTRAS DESPESAS CORRENTES;36;OUTROS SERVICOS DE TERCEIROS - P.FISICA;339036;OUTROS SERVICOS DE TERCEIROS - PESSOA FISICA;12;RECURSOS DEST.A MANUT.E DES.DO ENSINO;;;;;3,625.00;3,625.00;;
2015;254423;INSTITUTO RENNE RACHOU;12;EDUCACAO;364;ENSINO SUPERIOR;2032;EDUCACAO SUPERIOR - GRADUACAO, POS-GRADUACAO, ENSINO, PESQUI;0487;CONCESSAO DE BOLSAS DE ESTUDO NO ENSINO SUPERIOR;0002;CONCESSAO DE BOLSAS DE ESTUDOS NO PAIS;12364203204870001;087493;OCCCUO9414N;BF SUPERIOR - PROAP;90;APLICACOES DIRETAS;3;DESPESAS CORRENTES;3;OUTRAS DESPESAS CORRENTES;14;DIARIAS - PESSOAL CIVIL;339014;DIARIAS - PESSOAL CIVIL;12;RECURSOS DEST.A MANUT.E DES.DO ENSINO;;;;;32,160.12;1,400.06;30,760.06;27,475.62
2015;254423;INSTITUTO RENNE RACHOU;12;EDUCACAO;364;ENSINO SUPERIOR;2032;EDUCACAO SUPERIOR - GRADUACAO, POS-GRADUACAO, ENSINO, PESQUI;0487;CONCESSAO DE BOLSAS DE ESTUDO NO ENSINO SUPERIOR;0002;CONCESSAO DE BOLSAS DE ESTUDOS NO PAIS;12364203204870001;087493;OCCCUO9414N;BF SUPERIOR - PROAP;90;APLICACOES DIRETAS;3;DESPESAS CORRENTES;3;OUTRAS DESPESAS CORRENTES;33;PASSAGENS E DESPESAS COM LOCOMOCAO;339033;PASSAGENS E DESPESAS COM LOCOMOCAO;12;RECURSOS DEST.A MANUT.E DES.DO ENSINO;;;;;48,100.00;15,849.36;19,689.10;11,813.46
2015;254423;INSTITUTO RENNE RACHOU;12;EDUCACAO;364;ENSINO SUPERIOR;2032;EDUCACAO SUPERIOR - GRADUACAO, POS-GRADUACAO, ENSINO, PESQUI;0487;CONCESSAO DE BOLSAS DE ESTUDO NO ENSINO SUPERIOR;0002;CONCESSAO DE BOLSAS DE ESTUDOS NO PAIS;12364203204870001;087493;OCCCUO9414N;BF SUPERIOR - PROAP;90;APLICACOES DIRETAS;3;DESPESAS CORRENTES;3;OUTRAS DESPESAS CORRENTES;36;OUTROS SERVICOS DE TERCEIROS - P.FISICA;339036;OUTROS SERVICOS DE TERCEIROS - PESSOA FISICA;12;RECURSOS DEST.A MANUT.E DES.DO ENSINO;;;;;16,719.40;13,645.40;3,074.00;3,074.00
2015;254447;INST NACIONAL DE SAUDE FERNANDES FIGUEIRA;12;EDUCACAO;364;ENSINO SUPERIOR;2032;EDUCACAO SUPERIOR - GRADUACAO, POS-GRADUACAO, ENSINO, PESQUI;0487;CONCESSAO DE BOLSAS DE ESTUDO NO ENSINO SUPERIOR;0002;CONCESSAO DE BOLSAS DE ESTUDOS NO PAIS;12364203204870001;087493;OCCCUO9414N;BF SUPERIOR - PROAP;90;APLICACOES DIRETAS;3;DESPESAS CORRENTES;3;OUTRAS DESPESAS CORRENTES;14;DIARIAS - PESSOAL CIVIL;339014;DIARIAS - PESSOAL CIVIL;12;RECURSOS DEST.A MANUT.E DES.DO ENSINO;;;;;43,738.70;13,880.00;29,858.70;22,652.90
2015;254447;INST NACIONAL DE SAUDE FERNANDES FIGUEIRA;12;EDUCACAO;364;ENSINO SUPERIOR;2032;EDUCACAO SUPERIOR - GRADUACAO, POS-GRADUACAO, ENSINO, PESQUI;0487;CONCESSAO DE BOLSAS DE ESTUDO NO ENSINO SUPERIOR;0002;CONCESSAO DE BOLSAS DE ESTUDOS NO PAIS;12364203204870001;087493;OCCCUO9414N;BF SUPERIOR - PROAP;90;APLICACOES DIRETAS;3;DESPESAS CORRENTES;3;OUTRAS DESPESAS CORRENTES;30;MATERIAL DE CONSUMO;339030;MATERIAL DE CONSUMO;12;RECURSOS DEST.A MANUT.E DES.DO ENSINO;;;;;87,173.42;20,331.93;29,624.00;106.71
2015;254447;INST NACIONAL DE SAUDE FERNANDES FIGUEIRA;12;EDUCACAO;364;ENSINO SUPERIOR;2032;EDUCACAO SUPERIOR - GRADUACAO, POS-GRADUACAO, ENSINO, PESQUI;0487;CONCESSAO DE BOLSAS DE ESTUDO NO ENSINO SUPERIOR;0002;CONCESSAO DE BOLSAS DE ESTUDOS NO PAIS;12364203204870001;087493;OCCCUO9414N;BF SUPERIOR - PROAP;90;APLICACOES DIRETAS;3;DESPESAS CORRENTES;3;OUTRAS DESPESAS CORRENTES;33;PASSAGENS E DESPESAS COM LOCOMOCAO;339033;PASSAGENS E DESPESAS COM LOCOMOCAO;12;RECURSOS DEST.A MANUT.E DES.DO ENSINO;;;;;35,394.12;25,500.00;9,894.12;9,894.12
2015;254447;INST NACIONAL DE SAUDE FERNANDES FIGUEIRA;12;EDUCACAO;364;ENSINO SUPERIOR;2032;EDUCACAO SUPERIOR - GRADUACAO, POS-GRADUACAO, ENSINO, PESQUI;0487;CONCESSAO DE BOLSAS DE ESTUDO NO ENSINO SUPERIOR;0002;CONCESSAO DE BOLSAS DE ESTUDOS NO PAIS;12364203204870001;087493;OCCCUO9414N;BF SUPERIOR - PROAP;90;APLICACOES DIRETAS;3;DESPESAS CORRENTES;3;OUTRAS DESPESAS CORRENTES;36;OUTROS SERVICOS DE TERCEIROS - P.FISICA;339036;OUTROS SERVICOS DE TERCEIROS - PESSOA FISICA;12;RECURSOS DEST.A MANUT.E DES.DO ENSINO;;;;;12,167.60;4,610.80;7,556.80;5,667.60
2015;254447;INST NACIONAL DE SAUDE FERNANDES FIGUEIRA;12;EDUCACAO;364;ENSINO SUPERIOR;2032;EDUCACAO SUPERIOR - GRADUACAO, POS-GRADUACAO, ENSINO, PESQUI;0487;CONCESSAO DE BOLSAS DE ESTUDO NO ENSINO SUPERIOR;0002;CONCESSAO DE BOLSAS DE ESTUDOS NO PAIS;12364203204870001;087493;OCCCUO9414N;BF SUPERIOR - PROAP;90;APLICACOES DIRETAS;3;DESPESAS CORRENTES;3;OUTRAS DESPESAS CORRENTES;39;OUTROS SERVICOS DE TERCEIROS PJ - OP.INT.ORC.;339039;OUTROS SERVICOS DE TERCEIROS - PESSOA JURIDICA;12;RECURSOS DEST.A MANUT.E DES.DO ENSINO;;;;;21,348.00;8,539.20;;
2015;254448;INSTITUTO NAC. DE CONTROLE E QUALID. EM SAUDE;12;EDUCACAO;364;ENSINO SUPERIOR;2032;EDUCACAO SUPERIOR - GRADUACAO, POS-GRADUACAO, ENSINO, PESQUI;0487;CONCESSAO DE BOLSAS DE ESTUDO NO ENSINO SUPERIOR;0002;CONCESSAO DE BOLSAS DE ESTUDOS NO PAIS;12364203204870001;087493;OCCCUO9414N;BF SUPERIOR - PROAP;90;APLICACOES DIRETAS;3;DESPESAS CORRENTES;3;OUTRAS DESPESAS CORRENTES;30;MATERIAL DE CONSUMO;339030;MATERIAL DE CONSUMO;12;RECURSOS DEST.A MANUT.E DES.DO ENSINO;;;;;122,951.45;49,488.58;(308.00);
2015;254448;INSTITUTO NAC. DE CONTROLE E QUALID. EM SAUDE;12;EDUCACAO;364;ENSINO SUPERIOR;2032;EDUCACAO SUPERIOR - GRADUACAO, POS-GRADUACAO, ENSINO, PESQUI;0487;CONCESSAO DE BOLSAS DE ESTUDO NO ENSINO SUPERIOR;0002;CONCESSAO DE BOLSAS DE ESTUDOS NO PAIS;12364203204870001;087493;OCCCUO9414N;BF SUPERIOR - PROAP;90;APLICACOES DIRETAS;3;DESPESAS CORRENTES;3;OUTRAS DESPESAS CORRENTES;36;OUTROS SERVICOS DE TERCEIROS - P.FISICA;339036;OUTROS SERVICOS DE TERCEIROS - PESSOA FISICA;12;RECURSOS DEST.A MANUT.E DES.DO ENSINO;;;;;4,990.80;2.30;4,988.50;4,988.50
2015;254463;INSTITUTO OSWALDO CRUZ;12;EDUCACAO;364;ENSINO SUPERIOR;2032;EDUCACAO SUPERIOR - GRADUACAO, POS-GRADUACAO, ENSINO, PESQUI;0487;CONCESSAO DE BOLSAS DE ESTUDO NO ENSINO SUPERIOR;0002;CONCESSAO DE BOLSAS DE ESTUDOS NO PAIS;12364203204870001;087493;OCCCUO9414N;BF SUPERIOR - PROAP;90;APLICACOES DIRETAS;3;DESPESAS CORRENTES;3;OUTRAS DESPESAS CORRENTES;14;DIARIAS - PESSOAL CIVIL;339014;DIARIAS - PESSOAL CIVIL;12;RECURSOS DEST.A MANUT.E DES.DO ENSINO;;;;;63,333.00;37,792.90;25,540.10;17,130.50
2015;254463;INSTITUTO OSWALDO CRUZ;12;EDUCACAO;364;ENSINO SUPERIOR;2032;EDUCACAO SUPERIOR - GRADUACAO, POS-GRADUACAO, ENSINO, PESQUI;0487;CONCESSAO DE BOLSAS DE ESTUDO NO ENSINO SUPERIOR;0002;CONCESSAO DE BOLSAS DE ESTUDOS NO PAIS;12364203204870001;087493;OCCCUO9414N;BF SUPERIOR - PROAP;90;APLICACOES DIRETAS;3;DESPESAS CORRENTES;3;OUTRAS DESPESAS CORRENTES;33;PASSAGENS E DESPESAS COM LOCOMOCAO;339033;PASSAGENS E DESPESAS COM LOCOMOCAO;12;RECURSOS DEST.A MANUT.E DES.DO ENSINO;;;;;128,129.40;64,064.70;;
2015;254463;INSTITUTO OSWALDO CRUZ;12;EDUCACAO;364;ENSINO SUPERIOR;2032;EDUCACAO SUPERIOR - GRADUACAO, POS-GRADUACAO, ENSINO, PESQUI;0487;CONCESSAO DE BOLSAS DE ESTUDO NO ENSINO SUPERIOR;0002;CONCESSAO DE BOLSAS DE ESTUDOS NO PAIS;12364203204870001;087493;OCCCUO9414N;BF SUPERIOR - PROAP;90;APLICACOES DIRETAS;3;DESPESAS CORRENTES;3;OUTRAS DESPESAS CORRENTES;36;OUTROS SERVICOS DE TERCEIROS - P.FISICA;339036;OUTROS SERVICOS DE TERCEIROS - PESSOA FISICA;12;RECURSOS DEST.A MANUT.E DES.DO ENSINO;;;;;298,378.50;125,215.60;173,162.90;64,421.80
2015;254488;CASA DE OSWALDO CRUZ;12;EDUCACAO;364;ENSINO SUPERIOR;2032;EDUCACAO SUPERIOR - GRADUACAO, POS-GRADUACAO, ENSINO, PESQUI;0487;CONCESSAO DE BOLSAS DE ESTUDO NO ENSINO SUPERIOR;0002;CONCESSAO DE BOLSAS DE ESTUDOS NO PAIS;12364203204870001;087493;OCCCUO9414N;BF SUPERIOR - PROAP;90;APLICACOES DIRETAS;3;DESPESAS CORRENTES;3;OUTRAS DESPESAS CORRENTES;14;DIARIAS - PESSOAL CIVIL;339014;DIARIAS - PESSOAL CIVIL;12;RECURSOS DEST.A MANUT.E DES.DO ENSINO;;;;;8,635.60;3,700.00;4,935.60;4,935.60
2015;254488;CASA DE OSWALDO CRUZ;12;EDUCACAO;364;ENSINO SUPERIOR;2032;EDUCACAO SUPERIOR - GRADUACAO, POS-GRADUACAO, ENSINO, PESQUI;0487;CONCESSAO DE BOLSAS DE ESTUDO NO ENSINO SUPERIOR;0002;CONCESSAO DE BOLSAS DE ESTUDOS NO PAIS;12364203204870001;087493;OCCCUO9414N;BF SUPERIOR - PROAP;90;APLICACOES DIRETAS;3;DESPESAS CORRENTES;3;OUTRAS DESPESAS CORRENTES;30;MATERIAL DE CONSUMO;339030;MATERIAL DE CONSUMO;12;RECURSOS DEST.A MANUT.E DES.DO ENSINO;;;;;16,415.55;1,702.50;14,713.05;13,528.05
2015;254488;CASA DE OSWALDO CRUZ;12;EDUCACAO;364;ENSINO SUPERIOR;2032;EDUCACAO SUPERIOR - GRADUACAO, POS-GRADUACAO, ENSINO, PESQUI;0487;CONCESSAO DE BOLSAS DE ESTUDO NO ENSINO SUPERIOR;0002;CONCESSAO DE BOLSAS DE ESTUDOS NO PAIS;12364203204870001;087493;OCCCUO9414N;BF SUPERIOR - PROAP;90;APLICACOES DIRETAS;3;DESPESAS CORRENTES;3;OUTRAS DESPESAS CORRENTES;33;PASSAGENS E DESPESAS COM LOCOMOCAO;339033;PASSAGENS E DESPESAS COM LOCOMOCAO;12;RECURSOS DEST.A MANUT.E DES.DO ENSINO;;;;;47,625.00;19,050.00;24,058.20;24,058.20
2015;254488;CASA DE OSWALDO CRUZ;12;EDUCACAO;364;ENSINO SUPERIOR;2032;EDUCACAO SUPERIOR - GRADUACAO, POS-GRADUACAO, ENSINO, PESQUI;0487;CONCESSAO DE BOLSAS DE ESTUDO NO ENSINO SUPERIOR;0002;CONCESSAO DE BOLSAS DE ESTUDOS NO PAIS;12364203204870001;087493;OCCCUO9414N;BF SUPERIOR - PROAP;90;APLICACOES DIRETAS;3;DESPESAS CORRENTES;3;OUTRAS DESPESAS CORRENTES;36;OUTROS SERVICOS DE TERCEIROS - P.FISICA;339036;OUTROS SERVICOS DE TERCEIROS - PESSOA FISICA;12;RECURSOS DEST.A MANUT.E DES.DO ENSINO;;;;;45,751.20;22,111.60;23,639.60;22,801.20
2015;257003;INSTITUTO EVANDRO CHAGAS;12;EDUCACAO;364;ENSINO SUPERIOR;2032;EDUCACAO SUPERIOR - GRADUACAO, POS-GRADUACAO, ENSINO, PESQUI;0487;CONCESSAO DE BOLSAS DE ESTUDO NO ENSINO SUPERIOR;0002;CONCESSAO DE BOLSAS DE ESTUDOS NO PAIS;12364203204870001;087493;OCCCUO9414N;BF SUPERIOR - PROAP;90;APLICACOES DIRETAS;3;DESPESAS CORRENTES;3;OUTRAS DESPESAS CORRENTES;14;DIARIAS - PESSOAL CIVIL;339014;DIARIAS - PESSOAL CIVIL;12;RECURSOS DEST.A MANUT.E DES.DO ENSINO;;;;;0.00;0.00;;
2015;257003;INSTITUTO EVANDRO CHAGAS;12;EDUCACAO;364;ENSINO SUPERIOR;2032;EDUCACAO SUPERIOR - GRADUACAO, POS-GRADUACAO, ENSINO, PESQUI;0487;CONCESSAO DE BOLSAS DE ESTUDO NO ENSINO SUPERIOR;0002;CONCESSAO DE BOLSAS DE ESTUDOS NO PAIS;12364203204870001;087493;OCCCUO9414N;BF SUPERIOR - PROAP;90;APLICACOES DIRETAS;3;DESPESAS CORRENTES;3;OUTRAS DESPESAS CORRENTES;30;MATERIAL DE CONSUMO;339030;MATERIAL DE CONSUMO;12;RECURSOS DEST.A MANUT.E DES.DO ENSINO;;;;;3,384.00;0.00;;
2015;257003;INSTITUTO EVANDRO CHAGAS;12;EDUCACAO;364;ENSINO SUPERIOR;2032;EDUCACAO SUPERIOR - GRADUACAO, POS-GRADUACAO, ENSINO, PESQUI;0487;CONCESSAO DE BOLSAS DE ESTUDO NO ENSINO SUPERIOR;0002;CONCESSAO DE BOLSAS DE ESTUDOS NO PAIS;12364203204870001;087493;OCCCUO9414N;BF SUPERIOR - PROAP;90;APLICACOES DIRETAS;3;DESPESAS CORRENTES;3;OUTRAS DESPESAS CORRENTES;36;OUTROS SERVICOS DE TERCEIROS - P.FISICA;339036;OUTROS SERVICOS DE TERCEIROS - PESSOA FISICA;12;RECURSOS DEST.A MANUT.E DES.DO ENSINO;;;;;64,994.40;10,832.40;54,162.00;54,162.00
2015;364102;CONSELHO NAC DE DESENV CIENT E TECNOLOGICO;12;EDUCACAO;364;ENSINO SUPERIOR;2032;EDUCACAO SUPERIOR - GRADUACAO, POS-GRADUACAO, ENSINO, PESQUI;20GK;FOMENTO AS ACOES DE GRADUACAO, POS-GRADUACAO, ENSINO, PESQUI;0000;FOMENTO AS ACOES DE GRADUACAO, POS-GRADUACAO, ENSINO, PESQUISA E EXTENSAO;12364203220GK0001;087488;FCCCGO99A1N;PARNACION - CAPES/CNPQ-EDITORACAO;90;APLICACOES DIRETAS;3;DESPESAS CORRENTES;3;OUTRAS DESPESAS CORRENTES;20;AUXILIO FINANCEIRO A PESQUISADORES;339020;AUXILIO FINANCEIRO A PESQUISADORES;12;RECURSOS DEST.A MANUT.E DES.DO ENSINO;;;;;18000000.00;0.00;18000000.00;17814528.00
2015;364102;CONSELHO NAC DE DESENV CIENT E TECNOLOGICO;12;EDUCACAO;368;EDUCACAO BASICA;2030;EDUCACAO BASICA;20RJ;APOIO A CAPACITACAO E FORMACAO INICIAL E CONTINUADA PARA A E;0003;EDUCACAO BASICA PRESENCIAL;12368203020RJ0001;087496;PCCCTB5802N;BFBASICA - PROJETOS ESPECIAIS;90;APLICACOES DIRETAS;3;DESPESAS CORRENTES;3;OUTRAS DESPESAS CORRENTES;20;AUXILIO FINANCEIRO A PESQUISADORES;339020;AUXILIO FINANCEIRO A PESQUISADORES;08;FUNDO SOCIAL-PARC.DEST.EDUCACAO PUBL.E SAUDE;;;;;20911000.00;436,477.70;20327762.30;16799682.20
2015;443020;INST. DE PESQUISAS JARDIM BOTANICO DO RJ/JBRJ;12;EDUCACAO;364;ENSINO SUPERIOR;2032;EDUCACAO SUPERIOR - GRADUACAO, POS-GRADUACAO, ENSINO, PESQUI;0487;CONCESSAO DE BOLSAS DE ESTUDO NO ENSINO SUPERIOR;0002;CONCESSAO DE BOLSAS DE ESTUDOS NO PAIS;12364203204870001;087493;OCCCUO9414N;BF SUPERIOR - PROAP;90;APLICACOES DIRETAS;3;DESPESAS CORRENTES;3;OUTRAS DESPESAS CORRENTES;14;DIARIAS - PESSOAL CIVIL;339014;DIARIAS - PESSOAL CIVIL;12;RECURSOS DEST.A MANUT.E DES.DO ENSINO;;;;;125,997.25;122,800.00;3,197.25;3,197.25
2015;443020;INST. DE PESQUISAS JARDIM BOTANICO DO RJ/JBRJ;12;EDUCACAO;364;ENSINO SUPERIOR;2032;EDUCACAO SUPERIOR - GRADUACAO, POS-GRADUACAO, ENSINO, PESQUI;0487;CONCESSAO DE BOLSAS DE ESTUDO NO ENSINO SUPERIOR;0002;CONCESSAO DE BOLSAS DE ESTUDOS NO PAIS;12364203204870001;087493;OCCCUO9414N;BF SUPERIOR - PROAP;90;APLICACOES DIRETAS;3;DESPESAS CORRENTES;3;OUTRAS DESPESAS CORRENTES;30;MATERIAL DE CONSUMO;339030;MATERIAL DE CONSUMO;12;RECURSOS DEST.A MANUT.E DES.DO ENSINO;;;;;38,897.80;2,856.85;6,537.00;6,537.00
2015;443020;INST. DE PESQUISAS JARDIM BOTANICO DO RJ/JBRJ;12;EDUCACAO;364;ENSINO SUPERIOR;2032;EDUCACAO SUPERIOR - GRADUACAO, POS-GRADUACAO, ENSINO, PESQUI;0487;CONCESSAO DE BOLSAS DE ESTUDO NO ENSINO SUPERIOR;0002;CONCESSAO DE BOLSAS DE ESTUDOS NO PAIS;12364203204870001;087493;OCCCUO9414N;BF SUPERIOR - PROAP;90;APLICACOES DIRETAS;3;DESPESAS CORRENTES;3;OUTRAS DESPESAS CORRENTES;33;PASSAGENS E DESPESAS COM LOCOMOCAO;339033;PASSAGENS E DESPESAS COM LOCOMOCAO;12;RECURSOS DEST.A MANUT.E DES.DO ENSINO;;;;;98,550.00;83,100.00;;
2015;443020;INST. DE PESQUISAS JARDIM BOTANICO DO RJ/JBRJ;12;EDUCACAO;364;ENSINO SUPERIOR;2032;EDUCACAO SUPERIOR - GRADUACAO, POS-GRADUACAO, ENSINO, PESQUI;0487;CONCESSAO DE BOLSAS DE ESTUDO NO ENSINO SUPERIOR;0002;CONCESSAO DE BOLSAS DE ESTUDOS NO PAIS;12364203204870001;087493;OCCCUO9414N;BF SUPERIOR - PROAP;90;APLICACOES DIRETAS;3;DESPESAS CORRENTES;3;OUTRAS DESPESAS CORRENTES;36;OUTROS SERVICOS DE TERCEIROS - P.FISICA;339036;OUTROS SERVICOS DE TERCEIROS - PESSOA FISICA;12;RECURSOS DEST.A MANUT.E DES.DO ENSINO;;;;;160,092.25;122,866.75;37,225.50;37,225.50
