AN_ORCAMENTO;CD_UNIDADE_GESTORA;DS_UNIDADE_GESTORA;CD_FUNCAO_ORCAMENTARIA;DS_FUNCAO_ORCAMENTARIA;CD_SUBFUNCAO_ORCAMENTARIA;DS_SUBFUNCAO_ORCAMENTARIA;CD_PROGRAMA_GOVERNO;DS_PROGRAMA_GOVERNO;CD_ACAO;DS_ACAO;CD_PLANO_ORCAMENTARIO;DS_PLANO_ORCAMENTARIO;DS_PROGRAMA_TRABALHO;CD_PTRES;CD_PLANO_INTERNO;DS_PLANO_INTERNO;CD_MODALIDADE_APLICACAO;DS_MODALIDADE_APLICACAO;CD_CATEGORIA_ECONOMICA;DS_CATEGORIA_ECONOMICA;CD_GRUPO_DESPESA;DS_GRUPO_DESPESA;CD_ELEMENTO_DESPESA;DS_ELEMENTO_DESPESA;CD_NATUREZA_DESPESA;DS_NATUREZA_DESPESA;CD_FONTE_RECURSO;DS_FONTE_RECURSO;VL_DOTACAO_INICIAL;VL_DOTACAO_SUPLEMENTAR;VL_DOTACAO_DISPONIVEL;VL_CREDITO_BLOQUEADO;VL_DESPESAS_EMPENHADAS;VL_EM_A_LIQUIDAR;VL_EM_LIQUIDADO;VL_DESPESAS_PAGAS
2019;113203;COMISSAO NACIONAL DE ENERGIA NUCLEAR-IEN;12;EDUCACAO;364;ENSINO SUPERIOR;2080;EDUCACAO DE QUALIDADE PARA TODOS;0487;CONCESSAO DE BOLSAS DE ESTUDO NO ENSINO SUPERIOR;0002;CONCESSAO DE BOLSAS DE ESTUDOS NO PAIS;12364208004870001;108452;OCCCUO9414N;BF SUPERIOR - PROAP;90;APLICACOES DIRETAS;3;DESPESAS CORRENTES;3;OUTRAS DESPESAS CORRENTES;33;PASSAGENS E DESPESAS COM LOCOMOCAO;339033;PASSAGENS E DESPESAS COM LOCOMOCAO;00;RECURSOS PRIMARIOS DE LIVRE APLICACAO;;;;;21,075.00;0.00;21,075.00;21,075.00
2019;113203;COMISSAO NACIONAL DE ENERGIA NUCLEAR-IEN;12;EDUCACAO;364;ENSINO SUPERIOR;2080;EDUCACAO DE QUALIDADE PARA TODOS;0487;CONCESSAO DE BOLSAS DE ESTUDO NO ENSINO SUPERIOR;0002;CONCESSAO DE BOLSAS DE ESTUDOS NO PAIS;12364208004870001;108452;OCCCUO9414N;BF SUPERIOR - PROAP;90;APLICACOES DIRETAS;3;DESPESAS CORRENTES;3;OUTRAS DESPESAS CORRENTES;39;OUTROS SERVICOS DE TERCEIROS PJ - OP.INT.ORC.;339039;OUTROS SERVICOS DE TERCEIROS - PESSOA JURIDICA;00;RECURSOS PRIMARIOS DE LIVRE APLICACAO;;;;;28,260.00;0.00;28,260.00;28,260.00
2019;113204;COMISSAO NACIONAL DE ENERGIA NUCLEAR-IRD;12;EDUCACAO;364;ENSINO SUPERIOR;2080;EDUCACAO DE QUALIDADE PARA TODOS;0487;CONCESSAO DE BOLSAS DE ESTUDO NO ENSINO SUPERIOR;0002;CONCESSAO DE BOLSAS DE ESTUDOS NO PAIS;12364208004870001;108452;OCCCUO9414N;BF SUPERIOR - PROAP;90;APLICACOES DIRETAS;3;DESPESAS CORRENTES;3;OUTRAS DESPESAS CORRENTES;18;AUXILIO FINANCEIRO A ESTUDANTES;339018;AUXILIO FINANCEIRO A ESTUDANTES;00;RECURSOS PRIMARIOS DE LIVRE APLICACAO;;;;;150,305.60;8,000.00;142,305.60;142,305.60
2019;113204;COMISSAO NACIONAL DE ENERGIA NUCLEAR-IRD;12;EDUCACAO;364;ENSINO SUPERIOR;2080;EDUCACAO DE QUALIDADE PARA TODOS;0487;CONCESSAO DE BOLSAS DE ESTUDO NO ENSINO SUPERIOR;0002;CONCESSAO DE BOLSAS DE ESTUDOS NO PAIS;12364208004870001;108452;OCCCUO9414N;BF SUPERIOR - PROAP;90;APLICACOES DIRETAS;3;DESPESAS CORRENTES;3;OUTRAS DESPESAS CORRENTES;20;AUXILIO FINANCEIRO A PESQUISADORES;339020;AUXILIO FINANCEIRO A PESQUISADORES;00;RECURSOS PRIMARIOS DE LIVRE APLICACAO;;;;;31,854.99;5,830.40;26,024.59;26,024.59
2019;113204;COMISSAO NACIONAL DE ENERGIA NUCLEAR-IRD;12;EDUCACAO;364;ENSINO SUPERIOR;2080;EDUCACAO DE QUALIDADE PARA TODOS;0487;CONCESSAO DE BOLSAS DE ESTUDO NO ENSINO SUPERIOR;0002;CONCESSAO DE BOLSAS DE ESTUDOS NO PAIS;12364208004870001;108452;OCCCUO9414N;BF SUPERIOR - PROAP;90;APLICACOES DIRETAS;3;DESPESAS CORRENTES;3;OUTRAS DESPESAS CORRENTES;93;INDENIZACOES E RESTITUICOES;339093;INDENIZACOES E RESTITUICOES;00;RECURSOS PRIMARIOS DE LIVRE APLICACAO;;;;;8,000.00;0.00;8,000.00;8,000.00
2019;113205;COMISSAO NACIONAL DE ENERGIA NUCLEAR-CDTN;12;EDUCACAO;364;ENSINO SUPERIOR;2080;EDUCACAO DE QUALIDADE PARA TODOS;0487;CONCESSAO DE BOLSAS DE ESTUDO NO ENSINO SUPERIOR;0002;CONCESSAO DE BOLSAS DE ESTUDOS NO PAIS;12364208004870001;108452;OCCCUO9414N;BF SUPERIOR - PROAP;90;APLICACOES DIRETAS;3;DESPESAS CORRENTES;3;OUTRAS DESPESAS CORRENTES;14;DIARIAS - PESSOAL CIVIL;339014;DIARIAS - PESSOAL CIVIL;08;FUNDO SOCIAL-PARC.DEST.EDUCACAO PUBL.E SAUDE;;;;;20,782.54;3,466.90;17,315.64;17,315.64
2019;113205;COMISSAO NACIONAL DE ENERGIA NUCLEAR-CDTN;12;EDUCACAO;364;ENSINO SUPERIOR;2080;EDUCACAO DE QUALIDADE PARA TODOS;0487;CONCESSAO DE BOLSAS DE ESTUDO NO ENSINO SUPERIOR;0002;CONCESSAO DE BOLSAS DE ESTUDOS NO PAIS;12364208004870001;108452;OCCCUO9414N;BF SUPERIOR - PROAP;90;APLICACOES DIRETAS;3;DESPESAS CORRENTES;3;OUTRAS DESPESAS CORRENTES;18;AUXILIO FINANCEIRO A ESTUDANTES;339018;AUXILIO FINANCEIRO A ESTUDANTES;08;FUNDO SOCIAL-PARC.DEST.EDUCACAO PUBL.E SAUDE;;;;;367,461.74;10,973.97;296,708.00;296,708.00
2019;113205;COMISSAO NACIONAL DE ENERGIA NUCLEAR-CDTN;12;EDUCACAO;364;ENSINO SUPERIOR;2080;EDUCACAO DE QUALIDADE PARA TODOS;0487;CONCESSAO DE BOLSAS DE ESTUDO NO ENSINO SUPERIOR;0002;CONCESSAO DE BOLSAS DE ESTUDOS NO PAIS;12364208004870001;108452;OCCCUO9414N;BF SUPERIOR - PROAP;90;APLICACOES DIRETAS;3;DESPESAS CORRENTES;3;OUTRAS DESPESAS CORRENTES;30;MATERIAL DE CONSUMO;339030;MATERIAL DE CONSUMO;08;FUNDO SOCIAL-PARC.DEST.EDUCACAO PUBL.E SAUDE;;;;;12,474.00;2,267.00;4,543.00;4,543.00
2019;113205;COMISSAO NACIONAL DE ENERGIA NUCLEAR-CDTN;12;EDUCACAO;364;ENSINO SUPERIOR;2080;EDUCACAO DE QUALIDADE PARA TODOS;0487;CONCESSAO DE BOLSAS DE ESTUDO NO ENSINO SUPERIOR;0002;CONCESSAO DE BOLSAS DE ESTUDOS NO PAIS;12364208004870001;108452;OCCCUO9414N;BF SUPERIOR - PROAP;90;APLICACOES DIRETAS;3;DESPESAS CORRENTES;3;OUTRAS DESPESAS CORRENTES;33;PASSAGENS E DESPESAS COM LOCOMOCAO;339033;PASSAGENS E DESPESAS COM LOCOMOCAO;08;FUNDO SOCIAL-PARC.DEST.EDUCACAO PUBL.E SAUDE;;;;;80,000.00;50,000.00;;
2019;113205;COMISSAO NACIONAL DE ENERGIA NUCLEAR-CDTN;12;EDUCACAO;364;ENSINO SUPERIOR;2080;EDUCACAO DE QUALIDADE PARA TODOS;0487;CONCESSAO DE BOLSAS DE ESTUDO NO ENSINO SUPERIOR;0002;CONCESSAO DE BOLSAS DE ESTUDOS NO PAIS;12364208004870001;108452;OCCCUO9414N;BF SUPERIOR - PROAP;90;APLICACOES DIRETAS;3;DESPESAS CORRENTES;3;OUTRAS DESPESAS CORRENTES;36;OUTROS SERVICOS DE TERCEIROS - P.FISICA;339036;OUTROS SERVICOS DE TERCEIROS - PESSOA FISICA;08;FUNDO SOCIAL-PARC.DEST.EDUCACAO PUBL.E SAUDE;;;;;54,359.60;47,730.80;6,628.80;6,628.80
2019;113205;COMISSAO NACIONAL DE ENERGIA NUCLEAR-CDTN;12;EDUCACAO;364;ENSINO SUPERIOR;2080;EDUCACAO DE QUALIDADE PARA TODOS;0487;CONCESSAO DE BOLSAS DE ESTUDO NO ENSINO SUPERIOR;0002;CONCESSAO DE BOLSAS DE ESTUDOS NO PAIS;12364208004870001;108452;OCCCUO9414N;BF SUPERIOR - PROAP;90;APLICACOES DIRETAS;3;DESPESAS CORRENTES;3;OUTRAS DESPESAS CORRENTES;39;OUTROS SERVICOS DE TERCEIROS PJ - OP.INT.ORC.;339039;OUTROS SERVICOS DE TERCEIROS - PESSOA JURIDICA;08;FUNDO SOCIAL-PARC.DEST.EDUCACAO PUBL.E SAUDE;;;;;34,650.00;13,860.00;20,790.00;8,752.86
2019;114601;FUNDACAO IBGE-ADMINISTRACAO CENTRAL/RJ;12;EDUCACAO;364;ENSINO SUPERIOR;2080;EDUCACAO DE QUALIDADE PARA TODOS;0487;CONCESSAO DE BOLSAS DE ESTUDO NO ENSINO SUPERIOR;0002;CONCESSAO DE BOLSAS DE ESTUDOS NO PAIS;12364208004870001;108452;OCCCUO9414N;BF SUPERIOR - PROAP;90;APLICACOES DIRETAS;3;DESPESAS CORRENTES;3;OUTRAS DESPESAS CORRENTES;14;DIARIAS - PESSOAL CIVIL;339014;DIARIAS - PESSOAL CIVIL;00;RECURSOS PRIMARIOS DE LIVRE APLICACAO;;;;;45,310.44;14,718.81;30,591.63;26,002.86
2019;114601;FUNDACAO IBGE-ADMINISTRACAO CENTRAL/RJ;12;EDUCACAO;364;ENSINO SUPERIOR;2080;EDUCACAO DE QUALIDADE PARA TODOS;0487;CONCESSAO DE BOLSAS DE ESTUDO NO ENSINO SUPERIOR;0002;CONCESSAO DE BOLSAS DE ESTUDOS NO PAIS;12364208004870001;108452;OCCCUO9414N;BF SUPERIOR - PROAP;90;APLICACOES DIRETAS;3;DESPESAS CORRENTES;3;OUTRAS DESPESAS CORRENTES;33;PASSAGENS E DESPESAS COM LOCOMOCAO;339033;PASSAGENS E DESPESAS COM LOCOMOCAO;00;RECURSOS PRIMARIOS DE LIVRE APLICACAO;;;;;54,770.06;17,562.88;37,207.18;32,369.96
2019;114601;FUNDACAO IBGE-ADMINISTRACAO CENTRAL/RJ;12;EDUCACAO;364;ENSINO SUPERIOR;2080;EDUCACAO DE QUALIDADE PARA TODOS;0487;CONCESSAO DE BOLSAS DE ESTUDO NO ENSINO SUPERIOR;0002;CONCESSAO DE BOLSAS DE ESTUDOS NO PAIS;12364208004870001;108452;OCCCUO9414N;BF SUPERIOR - PROAP;90;APLICACOES DIRETAS;3;DESPESAS CORRENTES;3;OUTRAS DESPESAS CORRENTES;36;OUTROS SERVICOS DE TERCEIROS - P.FISICA;339036;OUTROS SERVICOS DE TERCEIROS - PESSOA FISICA;00;RECURSOS PRIMARIOS DE LIVRE APLICACAO;;;;;56,202.00;0.00;56,202.00;50,375.10
2019;114601;FUNDACAO IBGE-ADMINISTRACAO CENTRAL/RJ;12;EDUCACAO;364;ENSINO SUPERIOR;2080;EDUCACAO DE QUALIDADE PARA TODOS;0487;CONCESSAO DE BOLSAS DE ESTUDO NO ENSINO SUPERIOR;0002;CONCESSAO DE BOLSAS DE ESTUDOS NO PAIS;12364208004870001;108452;OCCCUO9414N;BF SUPERIOR - PROAP;90;APLICACOES DIRETAS;3;DESPESAS CORRENTES;3;OUTRAS DESPESAS CORRENTES;93;INDENIZACOES E RESTITUICOES;339093;INDENIZACOES E RESTITUICOES;00;RECURSOS PRIMARIOS DE LIVRE APLICACAO;;;;;21,030.00;1,550.00;19,480.00;19,050.00
2019;114702;FUNDACAO ESCOLA NACIONAL DE ADM. PUBLICA;12;EDUCACAO;128;FORMACAO DE RECURSOS HUMANOS;2109;PROGRAMA DE GESTAO E MANUTENCAO DO MINISTERIO DA EDUCACAO;4572;CAPACITACAO DE SERVIDORES PUBLICOS FEDERAIS EM PROCESSO DE Q;0000;CAPACITACAO DE SERVIDORES PUBLICOS FEDERAIS EM PROCESSO DE QUALIFICACAO E REQUALIFICACAO;12128210945720053;087487;VCC80N99GAN;ADMINISTRACAO CAPES -DGES;90;APLICACOES DIRETAS;3;DESPESAS CORRENTES;3;OUTRAS DESPESAS CORRENTES;36;OUTROS SERVICOS DE TERCEIROS - P.FISICA;339036;OUTROS SERVICOS DE TERCEIROS - PESSOA FISICA;00;RECURSOS PRIMARIOS DE LIVRE APLICACAO;;;;;35,700.00;7,140.00;28,560.00;28,560.00
2019;114702;FUNDACAO ESCOLA NACIONAL DE ADM. PUBLICA;12;EDUCACAO;128;FORMACAO DE RECURSOS HUMANOS;2109;PROGRAMA DE GESTAO E MANUTENCAO DO MINISTERIO DA EDUCACAO;4572;CAPACITACAO DE SERVIDORES PUBLICOS FEDERAIS EM PROCESSO DE Q;0000;CAPACITACAO DE SERVIDORES PUBLICOS FEDERAIS EM PROCESSO DE QUALIFICACAO E REQUALIFICACAO;12128210945720053;087487;VCC80N99GAN;ADMINISTRACAO CAPES -DGES;90;APLICACOES DIRETAS;3;DESPESAS CORRENTES;3;OUTRAS DESPESAS CORRENTES;39;OUTROS SERVICOS DE TERCEIROS PJ - OP.INT.ORC.;339039;OUTROS SERVICOS DE TERCEIROS - PESSOA JURIDICA;00;RECURSOS PRIMARIOS DE LIVRE APLICACAO;;;;;13,896.00;0.00;13,896.00;13,896.00
2019;114702;FUNDACAO ESCOLA NACIONAL DE ADM. PUBLICA;12;EDUCACAO;128;FORMACAO DE RECURSOS HUMANOS;2109;PROGRAMA DE GESTAO E MANUTENCAO DO MINISTERIO DA EDUCACAO;4572;CAPACITACAO DE SERVIDORES PUBLICOS FEDERAIS EM PROCESSO DE Q;0000;CAPACITACAO DE SERVIDORES PUBLICOS FEDERAIS EM PROCESSO DE QUALIFICACAO E REQUALIFICACAO;12128210945720053;087487;VCC80N99GAN;ADMINISTRACAO CAPES -DGES;91;APLICACOES DIRETAS - OPERACOES INTERNAS;3;DESPESAS CORRENTES;3;OUTRAS DESPESAS CORRENTES;47;OBRIGACOES TRIBUTARIAS E CONTRIBUTIVAS;339147;OBRIG.TRIBUT.E CONTRIB-OP.INTRA-ORCAMENTARIAS;00;RECURSOS PRIMARIOS DE LIVRE APLICACAO;;;;;2,142.00;0.00;;
2019;120016;GRUPAMENTO DE APOIO DE S J CAMPOS;12;EDUCACAO;364;ENSINO SUPERIOR;2080;EDUCACAO DE QUALIDADE PARA TODOS;0487;CONCESSAO DE BOLSAS DE ESTUDO NO ENSINO SUPERIOR;0002;CONCESSAO DE BOLSAS DE ESTUDOS NO PAIS;12364208004870001;108452;OCCCUO9414N;BF SUPERIOR - PROAP;90;APLICACOES DIRETAS;3;DESPESAS CORRENTES;3;OUTRAS DESPESAS CORRENTES;14;DIARIAS - PESSOAL CIVIL;339014;DIARIAS - PESSOAL CIVIL;08;FUNDO SOCIAL-PARC.DEST.EDUCACAO PUBL.E SAUDE;;;;;170,964.33;97,135.35;73,828.98;62,933.38
2019;120016;GRUPAMENTO DE APOIO DE S J CAMPOS;12;EDUCACAO;364;ENSINO SUPERIOR;2080;EDUCACAO DE QUALIDADE PARA TODOS;0487;CONCESSAO DE BOLSAS DE ESTUDO NO ENSINO SUPERIOR;0002;CONCESSAO DE BOLSAS DE ESTUDOS NO PAIS;12364208004870001;108452;OCCCUO9414N;BF SUPERIOR - PROAP;90;APLICACOES DIRETAS;3;DESPESAS CORRENTES;3;OUTRAS DESPESAS CORRENTES;33;PASSAGENS E DESPESAS COM LOCOMOCAO;339033;PASSAGENS E DESPESAS COM LOCOMOCAO;08;FUNDO SOCIAL-PARC.DEST.EDUCACAO PUBL.E SAUDE;;;;;577,210.98;257,351.69;91,634.20;81,784.20
2019;120016;GRUPAMENTO DE APOIO DE S J CAMPOS;12;EDUCACAO;364;ENSINO SUPERIOR;2080;EDUCACAO DE QUALIDADE PARA TODOS;0487;CONCESSAO DE BOLSAS DE ESTUDO NO ENSINO SUPERIOR;0002;CONCESSAO DE BOLSAS DE ESTUDOS NO PAIS;12364208004870001;108452;OCCCUO9414N;BF SUPERIOR - PROAP;90;APLICACOES DIRETAS;3;DESPESAS CORRENTES;3;OUTRAS DESPESAS CORRENTES;36;OUTROS SERVICOS DE TERCEIROS - P.FISICA;339036;OUTROS SERVICOS DE TERCEIROS - PESSOA FISICA;08;FUNDO SOCIAL-PARC.DEST.EDUCACAO PUBL.E SAUDE;;;;;66,075.00;26,069.50;3,831.50;3,471.00
2019;120016;GRUPAMENTO DE APOIO DE S J CAMPOS;12;EDUCACAO;364;ENSINO SUPERIOR;2080;EDUCACAO DE QUALIDADE PARA TODOS;0487;CONCESSAO DE BOLSAS DE ESTUDO NO ENSINO SUPERIOR;0002;CONCESSAO DE BOLSAS DE ESTUDOS NO PAIS;12364208004870001;108452;OCCCUO9414N;BF SUPERIOR - PROAP;90;APLICACOES DIRETAS;3;DESPESAS CORRENTES;3;OUTRAS DESPESAS CORRENTES;93;INDENIZACOES E RESTITUICOES;339093;INDENIZACOES E RESTITUICOES;08;FUNDO SOCIAL-PARC.DEST.EDUCACAO PUBL.E SAUDE;;;;;480,378.80;192,151.52;0.00;
2019;150002;SUBSECRETARIA DE ASSUNTOS ADMINISTRATIVOS/MEC;12;EDUCACAO;122;ADMINISTRACAO GERAL;2109;PROGRAMA DE GESTAO E MANUTENCAO DO MINISTERIO DA EDUCACAO;2000;ADMINISTRACAO DA UNIDADE;0002;ORGANIZACAO E INOVACAO INSTITUCIONAL E SERVICOS GERAIS;12122210920000053;136550;VCC80N99GAN;ADMINISTRACAO CAPES -DGES;90;APLICACOES DIRETAS;3;DESPESAS CORRENTES;3;OUTRAS DESPESAS CORRENTES;39;OUTROS SERVICOS DE TERCEIROS PJ - OP.INT.ORC.;339039;OUTROS SERVICOS DE TERCEIROS - PESSOA JURIDICA;00;RECURSOS PRIMARIOS DE LIVRE APLICACAO;;;;;11086348.67;2,576,678.00;8,222,876.01;8,002,673.30
2019;150148;UTFPR - CAMPUS LONDRINA;12;EDUCACAO;364;ENSINO SUPERIOR;2080;EDUCACAO DE QUALIDADE PARA TODOS;0487;CONCESSAO DE BOLSAS DE ESTUDO NO ENSINO SUPERIOR;0002;CONCESSAO DE BOLSAS DE ESTUDOS NO PAIS;12364208004870001;108452;OCCCUO9414N;BF SUPERIOR - PROAP;90;APLICACOES DIRETAS;3;DESPESAS CORRENTES;3;OUTRAS DESPESAS CORRENTES;14;DIARIAS - PESSOAL CIVIL;339014;DIARIAS - PESSOAL CIVIL;00;RECURSOS PRIMARIOS DE LIVRE APLICACAO;;;;;43,350.43;14,679.02;28,671.41;27,634.37
2019;150148;UTFPR - CAMPUS LONDRINA;12;EDUCACAO;364;ENSINO SUPERIOR;2080;EDUCACAO DE QUALIDADE PARA TODOS;0487;CONCESSAO DE BOLSAS DE ESTUDO NO ENSINO SUPERIOR;0002;CONCESSAO DE BOLSAS DE ESTUDOS NO PAIS;12364208004870001;108452;OCCCUO9414N;BF SUPERIOR - PROAP;90;APLICACOES DIRETAS;3;DESPESAS CORRENTES;3;OUTRAS DESPESAS CORRENTES;18;AUXILIO FINANCEIRO A ESTUDANTES;339018;AUXILIO FINANCEIRO A ESTUDANTES;00;RECURSOS PRIMARIOS DE LIVRE APLICACAO;;;;;50,981.30;4,696.38;46,284.92;46,208.42
2019;150148;UTFPR - CAMPUS LONDRINA;12;EDUCACAO;364;ENSINO SUPERIOR;2080;EDUCACAO DE QUALIDADE PARA TODOS;0487;CONCESSAO DE BOLSAS DE ESTUDO NO ENSINO SUPERIOR;0002;CONCESSAO DE BOLSAS DE ESTUDOS NO PAIS;12364208004870001;108452;OCCCUO9414N;BF SUPERIOR - PROAP;90;APLICACOES DIRETAS;3;DESPESAS CORRENTES;3;OUTRAS DESPESAS CORRENTES;93;INDENIZACOES E RESTITUICOES;339093;INDENIZACOES E RESTITUICOES;00;RECURSOS PRIMARIOS DE LIVRE APLICACAO;;;;;13,575.58;0.58;13,575.00;13,575.00
2019;150149;CAMPUS APUCARANA;12;EDUCACAO;364;ENSINO SUPERIOR;2080;EDUCACAO DE QUALIDADE PARA TODOS;0487;CONCESSAO DE BOLSAS DE ESTUDO NO ENSINO SUPERIOR;0002;CONCESSAO DE BOLSAS DE ESTUDOS NO PAIS;12364208004870001;108452;OCCCUO9414N;BF SUPERIOR - PROAP;90;APLICACOES DIRETAS;3;DESPESAS CORRENTES;3;OUTRAS DESPESAS CORRENTES;14;DIARIAS - PESSOAL CIVIL;339014;DIARIAS - PESSOAL CIVIL;00;RECURSOS PRIMARIOS DE LIVRE APLICACAO;;;;;19,974.34;2,649.18;17,325.16;15,946.39
2019;150149;CAMPUS APUCARANA;12;EDUCACAO;364;ENSINO SUPERIOR;2080;EDUCACAO DE QUALIDADE PARA TODOS;0487;CONCESSAO DE BOLSAS DE ESTUDO NO ENSINO SUPERIOR;0002;CONCESSAO DE BOLSAS DE ESTUDOS NO PAIS;12364208004870001;108452;OCCCUO9414N;BF SUPERIOR - PROAP;90;APLICACOES DIRETAS;3;DESPESAS CORRENTES;3;OUTRAS DESPESAS CORRENTES;18;AUXILIO FINANCEIRO A ESTUDANTES;339018;AUXILIO FINANCEIRO A ESTUDANTES;00;RECURSOS PRIMARIOS DE LIVRE APLICACAO;;;;;25,799.61;0.00;25,799.61;24,749.20
2019;150149;CAMPUS APUCARANA;12;EDUCACAO;364;ENSINO SUPERIOR;2080;EDUCACAO DE QUALIDADE PARA TODOS;0487;CONCESSAO DE BOLSAS DE ESTUDO NO ENSINO SUPERIOR;0002;CONCESSAO DE BOLSAS DE ESTUDOS NO PAIS;12364208004870001;108452;OCCCUO9414N;BF SUPERIOR - PROAP;90;APLICACOES DIRETAS;3;DESPESAS CORRENTES;3;OUTRAS DESPESAS CORRENTES;30;MATERIAL DE CONSUMO;339030;MATERIAL DE CONSUMO;00;RECURSOS PRIMARIOS DE LIVRE APLICACAO;;;;;6,656.04;1,109.34;5,546.70;5,546.70
2019;150149;CAMPUS APUCARANA;12;EDUCACAO;364;ENSINO SUPERIOR;2080;EDUCACAO DE QUALIDADE PARA TODOS;0487;CONCESSAO DE BOLSAS DE ESTUDO NO ENSINO SUPERIOR;0002;CONCESSAO DE BOLSAS DE ESTUDOS NO PAIS;12364208004870001;108452;OCCCUO9414N;BF SUPERIOR - PROAP;90;APLICACOES DIRETAS;3;DESPESAS CORRENTES;3;OUTRAS DESPESAS CORRENTES;93;INDENIZACOES E RESTITUICOES;339093;INDENIZACOES E RESTITUICOES;00;RECURSOS PRIMARIOS DE LIVRE APLICACAO;;;;;5,259.84;1,118.79;4,141.05;4,141.05
2019;150150;UTFPR - CAMPUS TOLEDO;12;EDUCACAO;364;ENSINO SUPERIOR;2080;EDUCACAO DE QUALIDADE PARA TODOS;0487;CONCESSAO DE BOLSAS DE ESTUDO NO ENSINO SUPERIOR;0002;CONCESSAO DE BOLSAS DE ESTUDOS NO PAIS;12364208004870001;108452;OCCCUO9414N;BF SUPERIOR - PROAP;90;APLICACOES DIRETAS;3;DESPESAS CORRENTES;3;OUTRAS DESPESAS CORRENTES;14;DIARIAS - PESSOAL CIVIL;339014;DIARIAS - PESSOAL CIVIL;00;RECURSOS PRIMARIOS DE LIVRE APLICACAO;;;;;17,454.43;10,233.67;7,220.76;7,220.76
2019;150150;UTFPR - CAMPUS TOLEDO;12;EDUCACAO;364;ENSINO SUPERIOR;2080;EDUCACAO DE QUALIDADE PARA TODOS;0487;CONCESSAO DE BOLSAS DE ESTUDO NO ENSINO SUPERIOR;0002;CONCESSAO DE BOLSAS DE ESTUDOS NO PAIS;12364208004870001;108452;OCCCUO9414N;BF SUPERIOR - PROAP;90;APLICACOES DIRETAS;3;DESPESAS CORRENTES;3;OUTRAS DESPESAS CORRENTES;18;AUXILIO FINANCEIRO A ESTUDANTES;339018;AUXILIO FINANCEIRO A ESTUDANTES;00;RECURSOS PRIMARIOS DE LIVRE APLICACAO;;;;;1,250.00;0.00;1,250.00;1,250.00
2019;150150;UTFPR - CAMPUS TOLEDO;12;EDUCACAO;364;ENSINO SUPERIOR;2080;EDUCACAO DE QUALIDADE PARA TODOS;0487;CONCESSAO DE BOLSAS DE ESTUDO NO ENSINO SUPERIOR;0002;CONCESSAO DE BOLSAS DE ESTUDOS NO PAIS;12364208004870001;108452;OCCCUO9414N;BF SUPERIOR - PROAP;90;APLICACOES DIRETAS;3;DESPESAS CORRENTES;3;OUTRAS DESPESAS CORRENTES;30;MATERIAL DE CONSUMO;339030;MATERIAL DE CONSUMO;00;RECURSOS PRIMARIOS DE LIVRE APLICACAO;;;;;118,757.83;34,151.76;70,855.60;61,056.21
2019;150150;UTFPR - CAMPUS TOLEDO;12;EDUCACAO;364;ENSINO SUPERIOR;2080;EDUCACAO DE QUALIDADE PARA TODOS;0487;CONCESSAO DE BOLSAS DE ESTUDO NO ENSINO SUPERIOR;0002;CONCESSAO DE BOLSAS DE ESTUDOS NO PAIS;12364208004870001;108452;OCCCUO9414N;BF SUPERIOR - PROAP;90;APLICACOES DIRETAS;3;DESPESAS CORRENTES;3;OUTRAS DESPESAS CORRENTES;33;PASSAGENS E DESPESAS COM LOCOMOCAO;339033;PASSAGENS E DESPESAS COM LOCOMOCAO;00;RECURSOS PRIMARIOS DE LIVRE APLICACAO;;;;;1,989.54;994.77;;
2019;150150;UTFPR - CAMPUS TOLEDO;12;EDUCACAO;368;EDUCACAO BASICA;2080;EDUCACAO DE QUALIDADE PARA TODOS;20RJ;APOIO A CAPACITACAO E FORMACAO INICIAL E CONTINUADA PARA A E;0004;EDUCACAO BASICA A DISTANCIA - SISTEMA UNIVERSIDADE ABERTA DO BRASIL (UAB);12368208020RJ0001;108456;QCC62T58MAN;UAB - UAB PROFMAT;90;APLICACOES DIRETAS;3;DESPESAS CORRENTES;3;OUTRAS DESPESAS CORRENTES;14;DIARIAS - PESSOAL CIVIL;339014;DIARIAS - PESSOAL CIVIL;00;RECURSOS PRIMARIOS DE LIVRE APLICACAO;;;;;5,702.46;2,680.62;3,021.84;3,021.84
2019;150150;UTFPR - CAMPUS TOLEDO;12;EDUCACAO;368;EDUCACAO BASICA;2080;EDUCACAO DE QUALIDADE PARA TODOS;20RJ;APOIO A CAPACITACAO E FORMACAO INICIAL E CONTINUADA PARA A E;0004;EDUCACAO BASICA A DISTANCIA - SISTEMA UNIVERSIDADE ABERTA DO BRASIL (UAB);12368208020RJ0001;108456;QCC62T58MAN;UAB - UAB PROFMAT;90;APLICACOES DIRETAS;3;DESPESAS CORRENTES;3;OUTRAS DESPESAS CORRENTES;18;AUXILIO FINANCEIRO A ESTUDANTES;339018;AUXILIO FINANCEIRO A ESTUDANTES;00;RECURSOS PRIMARIOS DE LIVRE APLICACAO;;;;;3,180.00;0.00;3,180.00;2,650.00
2019;150150;UTFPR - CAMPUS TOLEDO;12;EDUCACAO;368;EDUCACAO BASICA;2080;EDUCACAO DE QUALIDADE PARA TODOS;20RJ;APOIO A CAPACITACAO E FORMACAO INICIAL E CONTINUADA PARA A E;0004;EDUCACAO BASICA A DISTANCIA - SISTEMA UNIVERSIDADE ABERTA DO BRASIL (UAB);12368208020RJ0001;108456;QCC62T58MAN;UAB - UAB PROFMAT;90;APLICACOES DIRETAS;3;DESPESAS CORRENTES;3;OUTRAS DESPESAS CORRENTES;33;PASSAGENS E DESPESAS COM LOCOMOCAO;339033;PASSAGENS E DESPESAS COM LOCOMOCAO;00;RECURSOS PRIMARIOS DE LIVRE APLICACAO;;;;;23,883.40;8,073.40;2,689.14;2,689.14
2019;150151;UTFPR- CAMPUS FRANCISCO BELTRAO;12;EDUCACAO;364;ENSINO SUPERIOR;2080;EDUCACAO DE QUALIDADE PARA TODOS;0487;CONCESSAO DE BOLSAS DE ESTUDO NO ENSINO SUPERIOR;0002;CONCESSAO DE BOLSAS DE ESTUDOS NO PAIS;12364208004870001;108452;OCCCUO9414N;BF SUPERIOR - PROAP;90;APLICACOES DIRETAS;3;DESPESAS CORRENTES;3;OUTRAS DESPESAS CORRENTES;14;DIARIAS - PESSOAL CIVIL;339014;DIARIAS - PESSOAL CIVIL;00;RECURSOS PRIMARIOS DE LIVRE APLICACAO;;;;;16,950.72;1,636.26;15,314.46;13,691.70
2019;150151;UTFPR- CAMPUS FRANCISCO BELTRAO;12;EDUCACAO;364;ENSINO SUPERIOR;2080;EDUCACAO DE QUALIDADE PARA TODOS;0487;CONCESSAO DE BOLSAS DE ESTUDO NO ENSINO SUPERIOR;0002;CONCESSAO DE BOLSAS DE ESTUDOS NO PAIS;12364208004870001;108452;OCCCUO9414N;BF SUPERIOR - PROAP;90;APLICACOES DIRETAS;3;DESPESAS CORRENTES;3;OUTRAS DESPESAS CORRENTES;18;AUXILIO FINANCEIRO A ESTUDANTES;339018;AUXILIO FINANCEIRO A ESTUDANTES;00;RECURSOS PRIMARIOS DE LIVRE APLICACAO;;;;;5,379.00;0.00;5,379.00;4,482.50
2019;150151;UTFPR- CAMPUS FRANCISCO BELTRAO;12;EDUCACAO;364;ENSINO SUPERIOR;2080;EDUCACAO DE QUALIDADE PARA TODOS;0487;CONCESSAO DE BOLSAS DE ESTUDO NO ENSINO SUPERIOR;0002;CONCESSAO DE BOLSAS DE ESTUDOS NO PAIS;12364208004870001;108452;OCCCUO9414N;BF SUPERIOR - PROAP;90;APLICACOES DIRETAS;3;DESPESAS CORRENTES;3;OUTRAS DESPESAS CORRENTES;30;MATERIAL DE CONSUMO;339030;MATERIAL DE CONSUMO;00;RECURSOS PRIMARIOS DE LIVRE APLICACAO;;;;;10,504.20;141.00;10,363.20;9,003.60
2019;150151;UTFPR- CAMPUS FRANCISCO BELTRAO;12;EDUCACAO;364;ENSINO SUPERIOR;2080;EDUCACAO DE QUALIDADE PARA TODOS;0487;CONCESSAO DE BOLSAS DE ESTUDO NO ENSINO SUPERIOR;0002;CONCESSAO DE BOLSAS DE ESTUDOS NO PAIS;12364208004870001;108452;OCCCUO9414N;BF SUPERIOR - PROAP;90;APLICACOES DIRETAS;3;DESPESAS CORRENTES;3;OUTRAS DESPESAS CORRENTES;33;PASSAGENS E DESPESAS COM LOCOMOCAO;339033;PASSAGENS E DESPESAS COM LOCOMOCAO;00;RECURSOS PRIMARIOS DE LIVRE APLICACAO;;;;;1,515.00;606.00;;
2019;150151;UTFPR- CAMPUS FRANCISCO BELTRAO;12;EDUCACAO;364;ENSINO SUPERIOR;2080;EDUCACAO DE QUALIDADE PARA TODOS;0487;CONCESSAO DE BOLSAS DE ESTUDO NO ENSINO SUPERIOR;0002;CONCESSAO DE BOLSAS DE ESTUDOS NO PAIS;12364208004870001;108452;OCCCUO9414N;BF SUPERIOR - PROAP;90;APLICACOES DIRETAS;3;DESPESAS CORRENTES;3;OUTRAS DESPESAS CORRENTES;39;OUTROS SERVICOS DE TERCEIROS PJ - OP.INT.ORC.;339039;OUTROS SERVICOS DE TERCEIROS - PESSOA JURIDICA;00;RECURSOS PRIMARIOS DE LIVRE APLICACAO;;;;;21,328.00;2,666.00;18,662.00;15,996.00
2019;150151;UTFPR- CAMPUS FRANCISCO BELTRAO;12;EDUCACAO;364;ENSINO SUPERIOR;2080;EDUCACAO DE QUALIDADE PARA TODOS;0487;CONCESSAO DE BOLSAS DE ESTUDO NO ENSINO SUPERIOR;0002;CONCESSAO DE BOLSAS DE ESTUDOS NO PAIS;12364208004870001;108452;OCCCUO9414N;BF SUPERIOR - PROAP;90;APLICACOES DIRETAS;3;DESPESAS CORRENTES;3;OUTRAS DESPESAS CORRENTES;93;INDENIZACOES E RESTITUICOES;339093;INDENIZACOES E RESTITUICOES;00;RECURSOS PRIMARIOS DE LIVRE APLICACAO;;;;;9,193.93;0.00;9,193.93;7,910.90
2019;150154;CENTRO DE EDUCACAO E SAUDE DA UFCG;12;EDUCACAO;364;ENSINO SUPERIOR;2080;EDUCACAO DE QUALIDADE PARA TODOS;0487;CONCESSAO DE BOLSAS DE ESTUDO NO ENSINO SUPERIOR;0002;CONCESSAO DE BOLSAS DE ESTUDOS NO PAIS;12364208004870001;108452;OCCCUO9414N;BF SUPERIOR - PROAP;90;APLICACOES DIRETAS;3;DESPESAS CORRENTES;3;OUTRAS DESPESAS CORRENTES;14;DIARIAS - PESSOAL CIVIL;339014;DIARIAS - PESSOAL CIVIL;08;FUNDO SOCIAL-PARC.DEST.EDUCACAO PUBL.E SAUDE;;;;;17,071.92;5,754.00;11,317.92;8,522.28
2019;150154;CENTRO DE EDUCACAO E SAUDE DA UFCG;12;EDUCACAO;364;ENSINO SUPERIOR;2080;EDUCACAO DE QUALIDADE PARA TODOS;0487;CONCESSAO DE BOLSAS DE ESTUDO NO ENSINO SUPERIOR;0002;CONCESSAO DE BOLSAS DE ESTUDOS NO PAIS;12364208004870001;108452;OCCCUO9414N;BF SUPERIOR - PROAP;90;APLICACOES DIRETAS;3;DESPESAS CORRENTES;3;OUTRAS DESPESAS CORRENTES;18;AUXILIO FINANCEIRO A ESTUDANTES;339018;AUXILIO FINANCEIRO A ESTUDANTES;08;FUNDO SOCIAL-PARC.DEST.EDUCACAO PUBL.E SAUDE;;;;;6,949.00;6,949.00;;
2019;152005;INSTITUTO NACIONAL DE EDUCACAO DE SURDOS-RJ;12;EDUCACAO;368;EDUCACAO BASICA;2080;EDUCACAO DE QUALIDADE PARA TODOS;20RJ;APOIO A CAPACITACAO E FORMACAO INICIAL E CONTINUADA PARA A E;0004;EDUCACAO BASICA A DISTANCIA - SISTEMA UNIVERSIDADE ABERTA DO BRASIL (UAB);12368208020RJ0001;108456;MCC62G22EDN;UAB - UAB TRADICIONAL;90;APLICACOES DIRETAS;3;DESPESAS CORRENTES;3;OUTRAS DESPESAS CORRENTES;14;DIARIAS - PESSOAL CIVIL;339014;DIARIAS - PESSOAL CIVIL;00;RECURSOS PRIMARIOS DE LIVRE APLICACAO;;;;;220,182.44;97,180.76;123,001.68;123,001.68
2019;152005;INSTITUTO NACIONAL DE EDUCACAO DE SURDOS-RJ;12;EDUCACAO;368;EDUCACAO BASICA;2080;EDUCACAO DE QUALIDADE PARA TODOS;20RJ;APOIO A CAPACITACAO E FORMACAO INICIAL E CONTINUADA PARA A E;0004;EDUCACAO BASICA A DISTANCIA - SISTEMA UNIVERSIDADE ABERTA DO BRASIL (UAB);12368208020RJ0001;108456;MCC62G22EDN;UAB - UAB TRADICIONAL;90;APLICACOES DIRETAS;3;DESPESAS CORRENTES;3;OUTRAS DESPESAS CORRENTES;33;PASSAGENS E DESPESAS COM LOCOMOCAO;339033;PASSAGENS E DESPESAS COM LOCOMOCAO;00;RECURSOS PRIMARIOS DE LIVRE APLICACAO;;;;;813,852.15;565,611.14;248,241.01;248,241.01
2019;152370;CENTRO DE APOIO A EDUCACAO A DISTANCIA/UFMG;12;EDUCACAO;368;EDUCACAO BASICA;2080;EDUCACAO DE QUALIDADE PARA TODOS;20RJ;APOIO A CAPACITACAO E FORMACAO INICIAL E CONTINUADA PARA A E;0004;EDUCACAO BASICA A DISTANCIA - SISTEMA UNIVERSIDADE ABERTA DO BRASIL (UAB);12368208020RJ0001;108456;MCC62G22EDN;UAB - UAB TRADICIONAL;90;APLICACOES DIRETAS;3;DESPESAS CORRENTES;3;OUTRAS DESPESAS CORRENTES;18;AUXILIO FINANCEIRO A ESTUDANTES;339018;AUXILIO FINANCEIRO A ESTUDANTES;00;RECURSOS PRIMARIOS DE LIVRE APLICACAO;;;;;2,524.44;0.00;2,524.44;2,103.70
2019;152370;CENTRO DE APOIO A EDUCACAO A DISTANCIA/UFMG;12;EDUCACAO;368;EDUCACAO BASICA;2080;EDUCACAO DE QUALIDADE PARA TODOS;20RJ;APOIO A CAPACITACAO E FORMACAO INICIAL E CONTINUADA PARA A E;0004;EDUCACAO BASICA A DISTANCIA - SISTEMA UNIVERSIDADE ABERTA DO BRASIL (UAB);12368208020RJ0001;108456;MCC62G22EDN;UAB - UAB TRADICIONAL;90;APLICACOES DIRETAS;3;DESPESAS CORRENTES;3;OUTRAS DESPESAS CORRENTES;39;OUTROS SERVICOS DE TERCEIROS PJ - OP.INT.ORC.;339039;OUTROS SERVICOS DE TERCEIROS - PESSOA JURIDICA;00;RECURSOS PRIMARIOS DE LIVRE APLICACAO;;;;;6,749,675.66;1,931,080.66;1,621,272.64;1,418,613.56
2019;152737;CAMPUS DE MACAE DA UFRJ;12;EDUCACAO;364;ENSINO SUPERIOR;2080;EDUCACAO DE QUALIDADE PARA TODOS;0487;CONCESSAO DE BOLSAS DE ESTUDO NO ENSINO SUPERIOR;0002;CONCESSAO DE BOLSAS DE ESTUDOS NO PAIS;12364208004870001;108452;OCCCUO9414N;BF SUPERIOR - PROAP;90;APLICACOES DIRETAS;3;DESPESAS CORRENTES;3;OUTRAS DESPESAS CORRENTES;30;MATERIAL DE CONSUMO;339030;MATERIAL DE CONSUMO;08;FUNDO SOCIAL-PARC.DEST.EDUCACAO PUBL.E SAUDE;;;;;62,722.00;24,718.00;38,004.00;38,004.00
2019;153010;CENTRO FED.DE EDUC.TECNOL.CELSO S.DA FONSECA;12;EDUCACAO;364;ENSINO SUPERIOR;2080;EDUCACAO DE QUALIDADE PARA TODOS;0487;CONCESSAO DE BOLSAS DE ESTUDO NO ENSINO SUPERIOR;0002;CONCESSAO DE BOLSAS DE ESTUDOS NO PAIS;12364208004870001;108452;OCCCUO9414N;BF SUPERIOR - PROAP;90;APLICACOES DIRETAS;3;DESPESAS CORRENTES;3;OUTRAS DESPESAS CORRENTES;14;DIARIAS - PESSOAL CIVIL;339014;DIARIAS - PESSOAL CIVIL;08;FUNDO SOCIAL-PARC.DEST.EDUCACAO PUBL.E SAUDE;;;;;179,786.29;98,874.13;80,912.16;80,001.31
2019;153010;CENTRO FED.DE EDUC.TECNOL.CELSO S.DA FONSECA;12;EDUCACAO;364;ENSINO SUPERIOR;2080;EDUCACAO DE QUALIDADE PARA TODOS;0487;CONCESSAO DE BOLSAS DE ESTUDO NO ENSINO SUPERIOR;0002;CONCESSAO DE BOLSAS DE ESTUDOS NO PAIS;12364208004870001;108452;OCCCUO9414N;BF SUPERIOR - PROAP;90;APLICACOES DIRETAS;3;DESPESAS CORRENTES;3;OUTRAS DESPESAS CORRENTES;30;MATERIAL DE CONSUMO;339030;MATERIAL DE CONSUMO;08;FUNDO SOCIAL-PARC.DEST.EDUCACAO PUBL.E SAUDE;;;;5,671.28;4,736.00;1,184.00;3,552.00;3,552.00
2019;153010;CENTRO FED.DE EDUC.TECNOL.CELSO S.DA FONSECA;12;EDUCACAO;364;ENSINO SUPERIOR;2080;EDUCACAO DE QUALIDADE PARA TODOS;0487;CONCESSAO DE BOLSAS DE ESTUDO NO ENSINO SUPERIOR;0002;CONCESSAO DE BOLSAS DE ESTUDOS NO PAIS;12364208004870001;108452;OCCCUO9414N;BF SUPERIOR - PROAP;90;APLICACOES DIRETAS;3;DESPESAS CORRENTES;3;OUTRAS DESPESAS CORRENTES;33;PASSAGENS E DESPESAS COM LOCOMOCAO;339033;PASSAGENS E DESPESAS COM LOCOMOCAO;08;FUNDO SOCIAL-PARC.DEST.EDUCACAO PUBL.E SAUDE;;;;;554,736.66;277,117.50;277,619.16;265,532.95
2019;153010;CENTRO FED.DE EDUC.TECNOL.CELSO S.DA FONSECA;12;EDUCACAO;364;ENSINO SUPERIOR;2080;EDUCACAO DE QUALIDADE PARA TODOS;0487;CONCESSAO DE BOLSAS DE ESTUDO NO ENSINO SUPERIOR;0002;CONCESSAO DE BOLSAS DE ESTUDOS NO PAIS;12364208004870001;108452;OCCCUO9414N;BF SUPERIOR - PROAP;90;APLICACOES DIRETAS;3;DESPESAS CORRENTES;3;OUTRAS DESPESAS CORRENTES;36;OUTROS SERVICOS DE TERCEIROS - P.FISICA;339036;OUTROS SERVICOS DE TERCEIROS - PESSOA FISICA;08;FUNDO SOCIAL-PARC.DEST.EDUCACAO PUBL.E SAUDE;;;;;430,668.35;221,892.85;208,775.50;207,577.20
2019;153010;CENTRO FED.DE EDUC.TECNOL.CELSO S.DA FONSECA;12;EDUCACAO;364;ENSINO SUPERIOR;2080;EDUCACAO DE QUALIDADE PARA TODOS;0487;CONCESSAO DE BOLSAS DE ESTUDO NO ENSINO SUPERIOR;0002;CONCESSAO DE BOLSAS DE ESTUDOS NO PAIS;12364208004870001;108452;OCCCUO9414N;BF SUPERIOR - PROAP;90;APLICACOES DIRETAS;3;DESPESAS CORRENTES;3;OUTRAS DESPESAS CORRENTES;39;OUTROS SERVICOS DE TERCEIROS PJ - OP.INT.ORC.;339039;OUTROS SERVICOS DE TERCEIROS - PESSOA JURIDICA;08;FUNDO SOCIAL-PARC.DEST.EDUCACAO PUBL.E SAUDE;;;;26,440.00;148,118.60;59,213.60;31,080.00;30,280.00
2019;153015;CENTRO FEDERAL DE EDUCACAO TECNOLOGICA DE MG;12;EDUCACAO;364;ENSINO SUPERIOR;2080;EDUCACAO DE QUALIDADE PARA TODOS;0487;CONCESSAO DE BOLSAS DE ESTUDO NO ENSINO SUPERIOR;0002;CONCESSAO DE BOLSAS DE ESTUDOS NO PAIS;12364208004870001;108452;OCCCUO9414N;BF SUPERIOR - PROAP;90;APLICACOES DIRETAS;3;DESPESAS CORRENTES;3;OUTRAS DESPESAS CORRENTES;14;DIARIAS - PESSOAL CIVIL;339014;DIARIAS - PESSOAL CIVIL;00;RECURSOS PRIMARIOS DE LIVRE APLICACAO;;;;;373,293.60;151,180.52;222,113.08;203,307.68
2019;153015;CENTRO FEDERAL DE EDUCACAO TECNOLOGICA DE MG;12;EDUCACAO;364;ENSINO SUPERIOR;2080;EDUCACAO DE QUALIDADE PARA TODOS;0487;CONCESSAO DE BOLSAS DE ESTUDO NO ENSINO SUPERIOR;0002;CONCESSAO DE BOLSAS DE ESTUDOS NO PAIS;12364208004870001;108452;OCCCUO9414N;BF SUPERIOR - PROAP;90;APLICACOES DIRETAS;3;DESPESAS CORRENTES;3;OUTRAS DESPESAS CORRENTES;18;AUXILIO FINANCEIRO A ESTUDANTES;339018;AUXILIO FINANCEIRO A ESTUDANTES;00;RECURSOS PRIMARIOS DE LIVRE APLICACAO;;;;;1,123,358.49;27,807.27;1,095,551.22;963,079.13
2019;153015;CENTRO FEDERAL DE EDUCACAO TECNOLOGICA DE MG;12;EDUCACAO;364;ENSINO SUPERIOR;2080;EDUCACAO DE QUALIDADE PARA TODOS;0487;CONCESSAO DE BOLSAS DE ESTUDO NO ENSINO SUPERIOR;0002;CONCESSAO DE BOLSAS DE ESTUDOS NO PAIS;12364208004870001;108452;OCCCUO9414N;BF SUPERIOR - PROAP;90;APLICACOES DIRETAS;3;DESPESAS CORRENTES;3;OUTRAS DESPESAS CORRENTES;20;AUXILIO FINANCEIRO A PESQUISADORES;339020;AUXILIO FINANCEIRO A PESQUISADORES;00;RECURSOS PRIMARIOS DE LIVRE APLICACAO;;;;;39,433.90;0.00;39,433.90;31,878.00
2019;153015;CENTRO FEDERAL DE EDUCACAO TECNOLOGICA DE MG;12;EDUCACAO;364;ENSINO SUPERIOR;2080;EDUCACAO DE QUALIDADE PARA TODOS;0487;CONCESSAO DE BOLSAS DE ESTUDO NO ENSINO SUPERIOR;0002;CONCESSAO DE BOLSAS DE ESTUDOS NO PAIS;12364208004870001;108452;OCCCUO9414N;BF SUPERIOR - PROAP;90;APLICACOES DIRETAS;3;DESPESAS CORRENTES;3;OUTRAS DESPESAS CORRENTES;30;MATERIAL DE CONSUMO;339030;MATERIAL DE CONSUMO;00;RECURSOS PRIMARIOS DE LIVRE APLICACAO;;;;;77,125.17;15,225.28;57,363.89;53,179.94
2019;153015;CENTRO FEDERAL DE EDUCACAO TECNOLOGICA DE MG;12;EDUCACAO;364;ENSINO SUPERIOR;2080;EDUCACAO DE QUALIDADE PARA TODOS;0487;CONCESSAO DE BOLSAS DE ESTUDO NO ENSINO SUPERIOR;0002;CONCESSAO DE BOLSAS DE ESTUDOS NO PAIS;12364208004870001;108452;OCCCUO9414N;BF SUPERIOR - PROAP;90;APLICACOES DIRETAS;3;DESPESAS CORRENTES;3;OUTRAS DESPESAS CORRENTES;33;PASSAGENS E DESPESAS COM LOCOMOCAO;339033;PASSAGENS E DESPESAS COM LOCOMOCAO;00;RECURSOS PRIMARIOS DE LIVRE APLICACAO;;;;;293,172.45;120,258.53;172,884.94;161,385.93
2019;153015;CENTRO FEDERAL DE EDUCACAO TECNOLOGICA DE MG;12;EDUCACAO;364;ENSINO SUPERIOR;2080;EDUCACAO DE QUALIDADE PARA TODOS;0487;CONCESSAO DE BOLSAS DE ESTUDO NO ENSINO SUPERIOR;0002;CONCESSAO DE BOLSAS DE ESTUDOS NO PAIS;12364208004870001;108452;OCCCUO9414N;BF SUPERIOR - PROAP;90;APLICACOES DIRETAS;3;DESPESAS CORRENTES;3;OUTRAS DESPESAS CORRENTES;36;OUTROS SERVICOS DE TERCEIROS - P.FISICA;339036;OUTROS SERVICOS DE TERCEIROS - PESSOA FISICA;00;RECURSOS PRIMARIOS DE LIVRE APLICACAO;;;;;107,549.00;34,780.90;72,768.10;66,508.10
2019;153015;CENTRO FEDERAL DE EDUCACAO TECNOLOGICA DE MG;12;EDUCACAO;364;ENSINO SUPERIOR;2080;EDUCACAO DE QUALIDADE PARA TODOS;0487;CONCESSAO DE BOLSAS DE ESTUDO NO ENSINO SUPERIOR;0002;CONCESSAO DE BOLSAS DE ESTUDOS NO PAIS;12364208004870001;108452;OCCCUO9414N;BF SUPERIOR - PROAP;90;APLICACOES DIRETAS;3;DESPESAS CORRENTES;3;OUTRAS DESPESAS CORRENTES;39;OUTROS SERVICOS DE TERCEIROS PJ - OP.INT.ORC.;339039;OUTROS SERVICOS DE TERCEIROS - PESSOA JURIDICA;00;RECURSOS PRIMARIOS DE LIVRE APLICACAO;;;;;24,156.24;5,997.06;294.00;294.00
2019;153015;CENTRO FEDERAL DE EDUCACAO TECNOLOGICA DE MG;12;EDUCACAO;364;ENSINO SUPERIOR;2080;EDUCACAO DE QUALIDADE PARA TODOS;0487;CONCESSAO DE BOLSAS DE ESTUDO NO ENSINO SUPERIOR;0002;CONCESSAO DE BOLSAS DE ESTUDOS NO PAIS;12364208004870001;108452;OCCCUO9414N;BF SUPERIOR - PROAP;90;APLICACOES DIRETAS;3;DESPESAS CORRENTES;3;OUTRAS DESPESAS CORRENTES;93;INDENIZACOES E RESTITUICOES;339093;INDENIZACOES E RESTITUICOES;00;RECURSOS PRIMARIOS DE LIVRE APLICACAO;;;;;42,573.82;455.04;42,118.78;38,043.33
2019;153015;CENTRO FEDERAL DE EDUCACAO TECNOLOGICA DE MG;12;EDUCACAO;368;EDUCACAO BASICA;2080;EDUCACAO DE QUALIDADE PARA TODOS;20RJ;APOIO A CAPACITACAO E FORMACAO INICIAL E CONTINUADA PARA A E;0004;EDUCACAO BASICA A DISTANCIA - SISTEMA UNIVERSIDADE ABERTA DO BRASIL (UAB);12368208020RJ0001;108456;QCC62T58MAN;UAB - UAB PROFMAT;90;APLICACOES DIRETAS;3;DESPESAS CORRENTES;3;OUTRAS DESPESAS CORRENTES;14;DIARIAS - PESSOAL CIVIL;339014;DIARIAS - PESSOAL CIVIL;00;RECURSOS PRIMARIOS DE LIVRE APLICACAO;;;;;39,329.66;33,184.22;6,145.44;5,690.56
2019;153015;CENTRO FEDERAL DE EDUCACAO TECNOLOGICA DE MG;12;EDUCACAO;368;EDUCACAO BASICA;2080;EDUCACAO DE QUALIDADE PARA TODOS;20RJ;APOIO A CAPACITACAO E FORMACAO INICIAL E CONTINUADA PARA A E;0004;EDUCACAO BASICA A DISTANCIA - SISTEMA UNIVERSIDADE ABERTA DO BRASIL (UAB);12368208020RJ0001;108456;QCC62T58MAN;UAB - UAB PROFMAT;90;APLICACOES DIRETAS;3;DESPESAS CORRENTES;3;OUTRAS DESPESAS CORRENTES;18;AUXILIO FINANCEIRO A ESTUDANTES;339018;AUXILIO FINANCEIRO A ESTUDANTES;00;RECURSOS PRIMARIOS DE LIVRE APLICACAO;;;;;13,960.92;0.00;13,960.92;10,969.86
2019;153015;CENTRO FEDERAL DE EDUCACAO TECNOLOGICA DE MG;12;EDUCACAO;368;EDUCACAO BASICA;2080;EDUCACAO DE QUALIDADE PARA TODOS;20RJ;APOIO A CAPACITACAO E FORMACAO INICIAL E CONTINUADA PARA A E;0004;EDUCACAO BASICA A DISTANCIA - SISTEMA UNIVERSIDADE ABERTA DO BRASIL (UAB);12368208020RJ0001;108456;QCC62T58MAN;UAB - UAB PROFMAT;90;APLICACOES DIRETAS;3;DESPESAS CORRENTES;3;OUTRAS DESPESAS CORRENTES;33;PASSAGENS E DESPESAS COM LOCOMOCAO;339033;PASSAGENS E DESPESAS COM LOCOMOCAO;00;RECURSOS PRIMARIOS DE LIVRE APLICACAO;;;;;119,878.20;82,107.36;5,758.95;5,758.95
2019;153015;CENTRO FEDERAL DE EDUCACAO TECNOLOGICA DE MG;12;EDUCACAO;368;EDUCACAO BASICA;2080;EDUCACAO DE QUALIDADE PARA TODOS;20RJ;APOIO A CAPACITACAO E FORMACAO INICIAL E CONTINUADA PARA A E;0004;EDUCACAO BASICA A DISTANCIA - SISTEMA UNIVERSIDADE ABERTA DO BRASIL (UAB);12368208020RJ0001;108456;QCC62T58MAN;UAB - UAB PROFMAT;90;APLICACOES DIRETAS;3;DESPESAS CORRENTES;3;OUTRAS DESPESAS CORRENTES;36;OUTROS SERVICOS DE TERCEIROS - P.FISICA;339036;OUTROS SERVICOS DE TERCEIROS - PESSOA FISICA;00;RECURSOS PRIMARIOS DE LIVRE APLICACAO;;;;;16,790.20;16,790.20;;
2019;153015;CENTRO FEDERAL DE EDUCACAO TECNOLOGICA DE MG;12;EDUCACAO;368;EDUCACAO BASICA;2080;EDUCACAO DE QUALIDADE PARA TODOS;20RJ;APOIO A CAPACITACAO E FORMACAO INICIAL E CONTINUADA PARA A E;0004;EDUCACAO BASICA A DISTANCIA - SISTEMA UNIVERSIDADE ABERTA DO BRASIL (UAB);12368208020RJ0001;108456;QCC62T58MAN;UAB - UAB PROFMAT;90;APLICACOES DIRETAS;3;DESPESAS CORRENTES;3;OUTRAS DESPESAS CORRENTES;93;INDENIZACOES E RESTITUICOES;339093;INDENIZACOES E RESTITUICOES;00;RECURSOS PRIMARIOS DE LIVRE APLICACAO;;;;;442.48;110.62;331.86;331.86
2019;153019;UNIVERSIDADE TECNOLOGICA FEDERAL DO PARANA;12;EDUCACAO;364;ENSINO SUPERIOR;2080;EDUCACAO DE QUALIDADE PARA TODOS;0487;CONCESSAO DE BOLSAS DE ESTUDO NO ENSINO SUPERIOR;0002;CONCESSAO DE BOLSAS DE ESTUDOS NO PAIS;12364208004870001;108452;OCCCUO9414N;BF SUPERIOR - PROAP;90;APLICACOES DIRETAS;3;DESPESAS CORRENTES;3;OUTRAS DESPESAS CORRENTES;14;DIARIAS - PESSOAL CIVIL;339014;DIARIAS - PESSOAL CIVIL;00;RECURSOS PRIMARIOS DE LIVRE APLICACAO;;;;;22,146.99;3,735.04;18,411.95;15,041.62
2019;153019;UNIVERSIDADE TECNOLOGICA FEDERAL DO PARANA;12;EDUCACAO;364;ENSINO SUPERIOR;2080;EDUCACAO DE QUALIDADE PARA TODOS;0487;CONCESSAO DE BOLSAS DE ESTUDO NO ENSINO SUPERIOR;0002;CONCESSAO DE BOLSAS DE ESTUDOS NO PAIS;12364208004870001;108452;OCCCUO9414N;BF SUPERIOR - PROAP;90;APLICACOES DIRETAS;3;DESPESAS CORRENTES;3;OUTRAS DESPESAS CORRENTES;18;AUXILIO FINANCEIRO A ESTUDANTES;339018;AUXILIO FINANCEIRO A ESTUDANTES;00;RECURSOS PRIMARIOS DE LIVRE APLICACAO;;;;;26,250.00;1,250.00;25,000.00;20,350.00
2019;153019;UNIVERSIDADE TECNOLOGICA FEDERAL DO PARANA;12;EDUCACAO;364;ENSINO SUPERIOR;2080;EDUCACAO DE QUALIDADE PARA TODOS;0487;CONCESSAO DE BOLSAS DE ESTUDO NO ENSINO SUPERIOR;0002;CONCESSAO DE BOLSAS DE ESTUDOS NO PAIS;12364208004870001;108452;OCCCUO9414N;BF SUPERIOR - PROAP;90;APLICACOES DIRETAS;3;DESPESAS CORRENTES;3;OUTRAS DESPESAS CORRENTES;33;PASSAGENS E DESPESAS COM LOCOMOCAO;339033;PASSAGENS E DESPESAS COM LOCOMOCAO;00;RECURSOS PRIMARIOS DE LIVRE APLICACAO;;;;;22,571.52;10,535.76;;
2019;153019;UNIVERSIDADE TECNOLOGICA FEDERAL DO PARANA;12;EDUCACAO;364;ENSINO SUPERIOR;2080;EDUCACAO DE QUALIDADE PARA TODOS;0487;CONCESSAO DE BOLSAS DE ESTUDO NO ENSINO SUPERIOR;0002;CONCESSAO DE BOLSAS DE ESTUDOS NO PAIS;12364208004870001;108452;OCCCUO9414N;BF SUPERIOR - PROAP;90;APLICACOES DIRETAS;3;DESPESAS CORRENTES;3;OUTRAS DESPESAS CORRENTES;39;OUTROS SERVICOS DE TERCEIROS PJ - OP.INT.ORC.;339039;OUTROS SERVICOS DE TERCEIROS - PESSOA JURIDICA;00;RECURSOS PRIMARIOS DE LIVRE APLICACAO;;;;;197,100.00;74,051.72;38,693.02;38,693.02
2019;153019;UNIVERSIDADE TECNOLOGICA FEDERAL DO PARANA;12;EDUCACAO;364;ENSINO SUPERIOR;2080;EDUCACAO DE QUALIDADE PARA TODOS;0487;CONCESSAO DE BOLSAS DE ESTUDO NO ENSINO SUPERIOR;0002;CONCESSAO DE BOLSAS DE ESTUDOS NO PAIS;12364208004870001;108452;OCCCUO9414N;BF SUPERIOR - PROAP;90;APLICACOES DIRETAS;3;DESPESAS CORRENTES;3;OUTRAS DESPESAS CORRENTES;40;SERVICOS DE TECNOLOGIA DA INFORMACAO E COMUNICACAO - PJ;339040;SERVICOS DE TECNOLOGIA DA INFORMACAO E COMUNICACAO - PJ;00;RECURSOS PRIMARIOS DE LIVRE APLICACAO;;;;;133,832.00;33,458.00;;
2019;153028;UNIVERSIDADE FEDERAL DE ALFENAS;12;EDUCACAO;364;ENSINO SUPERIOR;2080;EDUCACAO DE QUALIDADE PARA TODOS;0487;CONCESSAO DE BOLSAS DE ESTUDO NO ENSINO SUPERIOR;0002;CONCESSAO DE BOLSAS DE ESTUDOS NO PAIS;12364208004870001;108452;OCCCUO9414N;BF SUPERIOR - PROAP;90;APLICACOES DIRETAS;3;DESPESAS CORRENTES;3;OUTRAS DESPESAS CORRENTES;14;DIARIAS - PESSOAL CIVIL;339014;DIARIAS - PESSOAL CIVIL;00;RECURSOS PRIMARIOS DE LIVRE APLICACAO;;;;;694,960.61;319,706.80;375,253.81;360,980.71
2019;153028;UNIVERSIDADE FEDERAL DE ALFENAS;12;EDUCACAO;364;ENSINO SUPERIOR;2080;EDUCACAO DE QUALIDADE PARA TODOS;0487;CONCESSAO DE BOLSAS DE ESTUDO NO ENSINO SUPERIOR;0002;CONCESSAO DE BOLSAS DE ESTUDOS NO PAIS;12364208004870001;108452;OCCCUO9414N;BF SUPERIOR - PROAP;90;APLICACOES DIRETAS;3;DESPESAS CORRENTES;3;OUTRAS DESPESAS CORRENTES;30;MATERIAL DE CONSUMO;339030;MATERIAL DE CONSUMO;00;RECURSOS PRIMARIOS DE LIVRE APLICACAO;;;;;246,751.75;80,670.22;82,412.19;78,764.05
2019;153028;UNIVERSIDADE FEDERAL DE ALFENAS;12;EDUCACAO;364;ENSINO SUPERIOR;2080;EDUCACAO DE QUALIDADE PARA TODOS;0487;CONCESSAO DE BOLSAS DE ESTUDO NO ENSINO SUPERIOR;0002;CONCESSAO DE BOLSAS DE ESTUDOS NO PAIS;12364208004870001;108452;OCCCUO9414N;BF SUPERIOR - PROAP;90;APLICACOES DIRETAS;3;DESPESAS CORRENTES;3;OUTRAS DESPESAS CORRENTES;33;PASSAGENS E DESPESAS COM LOCOMOCAO;339033;PASSAGENS E DESPESAS COM LOCOMOCAO;00;RECURSOS PRIMARIOS DE LIVRE APLICACAO;;;;;223,972.68;94,183.28;129,789.40;122,936.25
2019;153028;UNIVERSIDADE FEDERAL DE ALFENAS;12;EDUCACAO;364;ENSINO SUPERIOR;2080;EDUCACAO DE QUALIDADE PARA TODOS;0487;CONCESSAO DE BOLSAS DE ESTUDO NO ENSINO SUPERIOR;0002;CONCESSAO DE BOLSAS DE ESTUDOS NO PAIS;12364208004870001;108452;OCCCUO9414N;BF SUPERIOR - PROAP;90;APLICACOES DIRETAS;3;DESPESAS CORRENTES;3;OUTRAS DESPESAS CORRENTES;36;OUTROS SERVICOS DE TERCEIROS - P.FISICA;339036;OUTROS SERVICOS DE TERCEIROS - PESSOA FISICA;00;RECURSOS PRIMARIOS DE LIVRE APLICACAO;;;;;87,716.84;46,635.34;41,081.50;38,938.00
2019;153028;UNIVERSIDADE FEDERAL DE ALFENAS;12;EDUCACAO;364;ENSINO SUPERIOR;2080;EDUCACAO DE QUALIDADE PARA TODOS;0487;CONCESSAO DE BOLSAS DE ESTUDO NO ENSINO SUPERIOR;0002;CONCESSAO DE BOLSAS DE ESTUDOS NO PAIS;12364208004870001;108452;OCCCUO9414N;BF SUPERIOR - PROAP;90;APLICACOES DIRETAS;3;DESPESAS CORRENTES;3;OUTRAS DESPESAS CORRENTES;39;OUTROS SERVICOS DE TERCEIROS PJ - OP.INT.ORC.;339039;OUTROS SERVICOS DE TERCEIROS - PESSOA JURIDICA;00;RECURSOS PRIMARIOS DE LIVRE APLICACAO;;;;;6,820.00;2,370.00;3,580.00;3,580.00
2019;153028;UNIVERSIDADE FEDERAL DE ALFENAS;12;EDUCACAO;364;ENSINO SUPERIOR;2080;EDUCACAO DE QUALIDADE PARA TODOS;0487;CONCESSAO DE BOLSAS DE ESTUDO NO ENSINO SUPERIOR;0002;CONCESSAO DE BOLSAS DE ESTUDOS NO PAIS;12364208004870001;108452;OCCCUO9414N;BF SUPERIOR - PROAP;90;APLICACOES DIRETAS;3;DESPESAS CORRENTES;3;OUTRAS DESPESAS CORRENTES;93;INDENIZACOES E RESTITUICOES;339093;INDENIZACOES E RESTITUICOES;00;RECURSOS PRIMARIOS DE LIVRE APLICACAO;;;;;1,087,294.89;611,363.40;475,931.49;464,650.38
2019;153029;UTFPR - CAMPUS MEDIANEIRA;12;EDUCACAO;364;ENSINO SUPERIOR;2080;EDUCACAO DE QUALIDADE PARA TODOS;0487;CONCESSAO DE BOLSAS DE ESTUDO NO ENSINO SUPERIOR;0002;CONCESSAO DE BOLSAS DE ESTUDOS NO PAIS;12364208004870001;108452;OCCCUO9414N;BF SUPERIOR - PROAP;90;APLICACOES DIRETAS;3;DESPESAS CORRENTES;3;OUTRAS DESPESAS CORRENTES;14;DIARIAS - PESSOAL CIVIL;339014;DIARIAS - PESSOAL CIVIL;00;RECURSOS PRIMARIOS DE LIVRE APLICACAO;;;;;34,241.59;11,151.31;23,090.28;22,554.06
2019;153029;UTFPR - CAMPUS MEDIANEIRA;12;EDUCACAO;364;ENSINO SUPERIOR;2080;EDUCACAO DE QUALIDADE PARA TODOS;0487;CONCESSAO DE BOLSAS DE ESTUDO NO ENSINO SUPERIOR;0002;CONCESSAO DE BOLSAS DE ESTUDOS NO PAIS;12364208004870001;108452;OCCCUO9414N;BF SUPERIOR - PROAP;90;APLICACOES DIRETAS;3;DESPESAS CORRENTES;3;OUTRAS DESPESAS CORRENTES;30;MATERIAL DE CONSUMO;339030;MATERIAL DE CONSUMO;00;RECURSOS PRIMARIOS DE LIVRE APLICACAO;;;;;29,562.30;5,642.46;23,919.84;23,649.84
2019;153029;UTFPR - CAMPUS MEDIANEIRA;12;EDUCACAO;364;ENSINO SUPERIOR;2080;EDUCACAO DE QUALIDADE PARA TODOS;0487;CONCESSAO DE BOLSAS DE ESTUDO NO ENSINO SUPERIOR;0002;CONCESSAO DE BOLSAS DE ESTUDOS NO PAIS;12364208004870001;108452;OCCCUO9414N;BF SUPERIOR - PROAP;90;APLICACOES DIRETAS;3;DESPESAS CORRENTES;3;OUTRAS DESPESAS CORRENTES;33;PASSAGENS E DESPESAS COM LOCOMOCAO;339033;PASSAGENS E DESPESAS COM LOCOMOCAO;00;RECURSOS PRIMARIOS DE LIVRE APLICACAO;;;;;19,225.40;6,645.08;4,180.32;4,180.32
2019;153029;UTFPR - CAMPUS MEDIANEIRA;12;EDUCACAO;364;ENSINO SUPERIOR;2080;EDUCACAO DE QUALIDADE PARA TODOS;0487;CONCESSAO DE BOLSAS DE ESTUDO NO ENSINO SUPERIOR;0002;CONCESSAO DE BOLSAS DE ESTUDOS NO PAIS;12364208004870001;108452;OCCCUO9414N;BF SUPERIOR - PROAP;90;APLICACOES DIRETAS;3;DESPESAS CORRENTES;3;OUTRAS DESPESAS CORRENTES;36;OUTROS SERVICOS DE TERCEIROS - P.FISICA;339036;OUTROS SERVICOS DE TERCEIROS - PESSOA FISICA;00;RECURSOS PRIMARIOS DE LIVRE APLICACAO;;;;;5,962.00;354.00;5,608.00;5,608.00
2019;153029;UTFPR - CAMPUS MEDIANEIRA;12;EDUCACAO;364;ENSINO SUPERIOR;2080;EDUCACAO DE QUALIDADE PARA TODOS;0487;CONCESSAO DE BOLSAS DE ESTUDO NO ENSINO SUPERIOR;0002;CONCESSAO DE BOLSAS DE ESTUDOS NO PAIS;12364208004870001;108452;OCCCUO9414N;BF SUPERIOR - PROAP;90;APLICACOES DIRETAS;3;DESPESAS CORRENTES;3;OUTRAS DESPESAS CORRENTES;39;OUTROS SERVICOS DE TERCEIROS PJ - OP.INT.ORC.;339039;OUTROS SERVICOS DE TERCEIROS - PESSOA JURIDICA;00;RECURSOS PRIMARIOS DE LIVRE APLICACAO;;;;;6,502.00;0.00;6,502.00;5,592.00
2019;153029;UTFPR - CAMPUS MEDIANEIRA;12;EDUCACAO;368;EDUCACAO BASICA;2080;EDUCACAO DE QUALIDADE PARA TODOS;20RJ;APOIO A CAPACITACAO E FORMACAO INICIAL E CONTINUADA PARA A E;0004;EDUCACAO BASICA A DISTANCIA - SISTEMA UNIVERSIDADE ABERTA DO BRASIL (UAB);12368208020RJ0001;108456;QCC62T58QUN;UAB - UAB PROFQUIMICA;90;APLICACOES DIRETAS;3;DESPESAS CORRENTES;3;OUTRAS DESPESAS CORRENTES;14;DIARIAS - PESSOAL CIVIL;339014;DIARIAS - PESSOAL CIVIL;00;RECURSOS PRIMARIOS DE LIVRE APLICACAO;;;;;9,983.58;7,504.28;2,479.30;1,983.44
2019;153029;UTFPR - CAMPUS MEDIANEIRA;12;EDUCACAO;368;EDUCACAO BASICA;2080;EDUCACAO DE QUALIDADE PARA TODOS;20RJ;APOIO A CAPACITACAO E FORMACAO INICIAL E CONTINUADA PARA A E;0004;EDUCACAO BASICA A DISTANCIA - SISTEMA UNIVERSIDADE ABERTA DO BRASIL (UAB);12368208020RJ0001;108456;QCC62T58QUN;UAB - UAB PROFQUIMICA;90;APLICACOES DIRETAS;3;DESPESAS CORRENTES;3;OUTRAS DESPESAS CORRENTES;30;MATERIAL DE CONSUMO;339030;MATERIAL DE CONSUMO;00;RECURSOS PRIMARIOS DE LIVRE APLICACAO;;;;;11,235.30;5,617.65;5,617.65;5,617.65
2019;153029;UTFPR - CAMPUS MEDIANEIRA;12;EDUCACAO;368;EDUCACAO BASICA;2080;EDUCACAO DE QUALIDADE PARA TODOS;20RJ;APOIO A CAPACITACAO E FORMACAO INICIAL E CONTINUADA PARA A E;0004;EDUCACAO BASICA A DISTANCIA - SISTEMA UNIVERSIDADE ABERTA DO BRASIL (UAB);12368208020RJ0001;108456;QCC62T58QUN;UAB - UAB PROFQUIMICA;90;APLICACOES DIRETAS;3;DESPESAS CORRENTES;3;OUTRAS DESPESAS CORRENTES;33;PASSAGENS E DESPESAS COM LOCOMOCAO;339033;PASSAGENS E DESPESAS COM LOCOMOCAO;00;RECURSOS PRIMARIOS DE LIVRE APLICACAO;;;;;18,017.25;6,317.20;3,558.80;3,558.80
2019;153030;UNIVERSIDADE FEDERAL DE ITAJUBA;12;EDUCACAO;364;ENSINO SUPERIOR;2080;EDUCACAO DE QUALIDADE PARA TODOS;0487;CONCESSAO DE BOLSAS DE ESTUDO NO ENSINO SUPERIOR;0002;CONCESSAO DE BOLSAS DE ESTUDOS NO PAIS;12364208004870001;108452;OCCCUO9414N;BF SUPERIOR - PROAP;90;APLICACOES DIRETAS;3;DESPESAS CORRENTES;3;OUTRAS DESPESAS CORRENTES;14;DIARIAS - PESSOAL CIVIL;339014;DIARIAS - PESSOAL CIVIL;08;FUNDO SOCIAL-PARC.DEST.EDUCACAO PUBL.E SAUDE;;;;;751,339.77;227,786.46;523,553.31;516,861.61
2019;153030;UNIVERSIDADE FEDERAL DE ITAJUBA;12;EDUCACAO;364;ENSINO SUPERIOR;2080;EDUCACAO DE QUALIDADE PARA TODOS;0487;CONCESSAO DE BOLSAS DE ESTUDO NO ENSINO SUPERIOR;0002;CONCESSAO DE BOLSAS DE ESTUDOS NO PAIS;12364208004870001;108452;OCCCUO9414N;BF SUPERIOR - PROAP;90;APLICACOES DIRETAS;3;DESPESAS CORRENTES;3;OUTRAS DESPESAS CORRENTES;18;AUXILIO FINANCEIRO A ESTUDANTES;339018;AUXILIO FINANCEIRO A ESTUDANTES;08;FUNDO SOCIAL-PARC.DEST.EDUCACAO PUBL.E SAUDE;;;;;1,107,830.83;273,729.07;834,101.76;808,377.70
2019;153030;UNIVERSIDADE FEDERAL DE ITAJUBA;12;EDUCACAO;364;ENSINO SUPERIOR;2080;EDUCACAO DE QUALIDADE PARA TODOS;0487;CONCESSAO DE BOLSAS DE ESTUDO NO ENSINO SUPERIOR;0002;CONCESSAO DE BOLSAS DE ESTUDOS NO PAIS;12364208004870001;108452;OCCCUO9414N;BF SUPERIOR - PROAP;90;APLICACOES DIRETAS;3;DESPESAS CORRENTES;3;OUTRAS DESPESAS CORRENTES;20;AUXILIO FINANCEIRO A PESQUISADORES;339020;AUXILIO FINANCEIRO A PESQUISADORES;08;FUNDO SOCIAL-PARC.DEST.EDUCACAO PUBL.E SAUDE;;;;;186,442.48;69,215.88;117,226.60;107,261.60
2019;153030;UNIVERSIDADE FEDERAL DE ITAJUBA;12;EDUCACAO;364;ENSINO SUPERIOR;2080;EDUCACAO DE QUALIDADE PARA TODOS;0487;CONCESSAO DE BOLSAS DE ESTUDO NO ENSINO SUPERIOR;0002;CONCESSAO DE BOLSAS DE ESTUDOS NO PAIS;12364208004870001;108452;OCCCUO9414N;BF SUPERIOR - PROAP;90;APLICACOES DIRETAS;3;DESPESAS CORRENTES;3;OUTRAS DESPESAS CORRENTES;30;MATERIAL DE CONSUMO;339030;MATERIAL DE CONSUMO;08;FUNDO SOCIAL-PARC.DEST.EDUCACAO PUBL.E SAUDE;;;;;31,359.20;11,479.80;12,109.40;10,026.05
2019;153030;UNIVERSIDADE FEDERAL DE ITAJUBA;12;EDUCACAO;364;ENSINO SUPERIOR;2080;EDUCACAO DE QUALIDADE PARA TODOS;0487;CONCESSAO DE BOLSAS DE ESTUDO NO ENSINO SUPERIOR;0002;CONCESSAO DE BOLSAS DE ESTUDOS NO PAIS;12364208004870001;108452;OCCCUO9414N;BF SUPERIOR - PROAP;90;APLICACOES DIRETAS;3;DESPESAS CORRENTES;3;OUTRAS DESPESAS CORRENTES;33;PASSAGENS E DESPESAS COM LOCOMOCAO;339033;PASSAGENS E DESPESAS COM LOCOMOCAO;08;FUNDO SOCIAL-PARC.DEST.EDUCACAO PUBL.E SAUDE;;;;;777,989.34;336,729.62;423,340.63;409,336.46
2019;153030;UNIVERSIDADE FEDERAL DE ITAJUBA;12;EDUCACAO;364;ENSINO SUPERIOR;2080;EDUCACAO DE QUALIDADE PARA TODOS;0487;CONCESSAO DE BOLSAS DE ESTUDO NO ENSINO SUPERIOR;0002;CONCESSAO DE BOLSAS DE ESTUDOS NO PAIS;12364208004870001;108452;OCCCUO9414N;BF SUPERIOR - PROAP;90;APLICACOES DIRETAS;3;DESPESAS CORRENTES;3;OUTRAS DESPESAS CORRENTES;36;OUTROS SERVICOS DE TERCEIROS - P.FISICA;339036;OUTROS SERVICOS DE TERCEIROS - PESSOA FISICA;08;FUNDO SOCIAL-PARC.DEST.EDUCACAO PUBL.E SAUDE;;;;;32,269.38;27,667.38;4,602.00;4,336.50
2019;153030;UNIVERSIDADE FEDERAL DE ITAJUBA;12;EDUCACAO;364;ENSINO SUPERIOR;2080;EDUCACAO DE QUALIDADE PARA TODOS;0487;CONCESSAO DE BOLSAS DE ESTUDO NO ENSINO SUPERIOR;0002;CONCESSAO DE BOLSAS DE ESTUDOS NO PAIS;12364208004870001;108452;OCCCUO9414N;BF SUPERIOR - PROAP;90;APLICACOES DIRETAS;3;DESPESAS CORRENTES;3;OUTRAS DESPESAS CORRENTES;39;OUTROS SERVICOS DE TERCEIROS PJ - OP.INT.ORC.;339039;OUTROS SERVICOS DE TERCEIROS - PESSOA JURIDICA;08;FUNDO SOCIAL-PARC.DEST.EDUCACAO PUBL.E SAUDE;;;;;418,408.12;63,416.54;332,348.06;304,313.21
2019;153030;UNIVERSIDADE FEDERAL DE ITAJUBA;12;EDUCACAO;364;ENSINO SUPERIOR;2080;EDUCACAO DE QUALIDADE PARA TODOS;0487;CONCESSAO DE BOLSAS DE ESTUDO NO ENSINO SUPERIOR;0002;CONCESSAO DE BOLSAS DE ESTUDOS NO PAIS;12364208004870001;108452;OCCCUO9414N;BF SUPERIOR - PROAP;90;APLICACOES DIRETAS;3;DESPESAS CORRENTES;3;OUTRAS DESPESAS CORRENTES;40;SERVICOS DE TECNOLOGIA DA INFORMACAO E COMUNICACAO - PJ;339040;SERVICOS DE TECNOLOGIA DA INFORMACAO E COMUNICACAO - PJ;08;FUNDO SOCIAL-PARC.DEST.EDUCACAO PUBL.E SAUDE;;;;;38,855.00;2,240.00;36,615.00;32,428.00
2019;153030;UNIVERSIDADE FEDERAL DE ITAJUBA;12;EDUCACAO;364;ENSINO SUPERIOR;2080;EDUCACAO DE QUALIDADE PARA TODOS;0487;CONCESSAO DE BOLSAS DE ESTUDO NO ENSINO SUPERIOR;0002;CONCESSAO DE BOLSAS DE ESTUDOS NO PAIS;12364208004870001;108452;OCCCUO9414N;BF SUPERIOR - PROAP;90;APLICACOES DIRETAS;3;DESPESAS CORRENTES;3;OUTRAS DESPESAS CORRENTES;93;INDENIZACOES E RESTITUICOES;339093;INDENIZACOES E RESTITUICOES;08;FUNDO SOCIAL-PARC.DEST.EDUCACAO PUBL.E SAUDE;;;;;165,892.89;20,791.33;145,101.56;137,545.18
2019;153030;UNIVERSIDADE FEDERAL DE ITAJUBA;12;EDUCACAO;368;EDUCACAO BASICA;2080;EDUCACAO DE QUALIDADE PARA TODOS;20RJ;APOIO A CAPACITACAO E FORMACAO INICIAL E CONTINUADA PARA A E;0004;EDUCACAO BASICA A DISTANCIA - SISTEMA UNIVERSIDADE ABERTA DO BRASIL (UAB);12368208020RJ0001;108456;MCC62G22EDN;UAB - UAB TRADICIONAL;90;APLICACOES DIRETAS;3;DESPESAS CORRENTES;3;OUTRAS DESPESAS CORRENTES;33;PASSAGENS E DESPESAS COM LOCOMOCAO;339033;PASSAGENS E DESPESAS COM LOCOMOCAO;00;RECURSOS PRIMARIOS DE LIVRE APLICACAO;;;;;190,016.58;122,505.24;8,525.22;8,525.22
2019;153030;UNIVERSIDADE FEDERAL DE ITAJUBA;12;EDUCACAO;368;EDUCACAO BASICA;2080;EDUCACAO DE QUALIDADE PARA TODOS;20RJ;APOIO A CAPACITACAO E FORMACAO INICIAL E CONTINUADA PARA A E;0004;EDUCACAO BASICA A DISTANCIA - SISTEMA UNIVERSIDADE ABERTA DO BRASIL (UAB);12368208020RJ0001;108456;MCC62G22EDN;UAB - UAB TRADICIONAL;90;APLICACOES DIRETAS;3;DESPESAS CORRENTES;3;OUTRAS DESPESAS CORRENTES;39;OUTROS SERVICOS DE TERCEIROS PJ - OP.INT.ORC.;339039;OUTROS SERVICOS DE TERCEIROS - PESSOA JURIDICA;00;RECURSOS PRIMARIOS DE LIVRE APLICACAO;;;;;300,000.00;0.00;;
2019;153031;UNIFESP-UNIVERSIDADE FEDERAL DE SAO PAULO;12;EDUCACAO;364;ENSINO SUPERIOR;2080;EDUCACAO DE QUALIDADE PARA TODOS;0487;CONCESSAO DE BOLSAS DE ESTUDO NO ENSINO SUPERIOR;0002;CONCESSAO DE BOLSAS DE ESTUDOS NO PAIS;12364208004870001;108452;OCCCUO9414N;BF SUPERIOR - PROAP;90;APLICACOES DIRETAS;3;DESPESAS CORRENTES;3;OUTRAS DESPESAS CORRENTES;18;AUXILIO FINANCEIRO A ESTUDANTES;339018;AUXILIO FINANCEIRO A ESTUDANTES;00;RECURSOS PRIMARIOS DE LIVRE APLICACAO;;;;;1,326,201.29;78,149.82;1,248,051.47;1,199,640.14
2019;153031;UNIFESP-UNIVERSIDADE FEDERAL DE SAO PAULO;12;EDUCACAO;364;ENSINO SUPERIOR;2080;EDUCACAO DE QUALIDADE PARA TODOS;0487;CONCESSAO DE BOLSAS DE ESTUDO NO ENSINO SUPERIOR;0002;CONCESSAO DE BOLSAS DE ESTUDOS NO PAIS;12364208004870001;108452;OCCCUO9414N;BF SUPERIOR - PROAP;90;APLICACOES DIRETAS;3;DESPESAS CORRENTES;3;OUTRAS DESPESAS CORRENTES;20;AUXILIO FINANCEIRO A PESQUISADORES;339020;AUXILIO FINANCEIRO A PESQUISADORES;00;RECURSOS PRIMARIOS DE LIVRE APLICACAO;;;;;1,892,896.29;195,911.62;1,693,659.56;1,643,960.38
2019;153031;UNIFESP-UNIVERSIDADE FEDERAL DE SAO PAULO;12;EDUCACAO;364;ENSINO SUPERIOR;2080;EDUCACAO DE QUALIDADE PARA TODOS;0487;CONCESSAO DE BOLSAS DE ESTUDO NO ENSINO SUPERIOR;0002;CONCESSAO DE BOLSAS DE ESTUDOS NO PAIS;12364208004870001;108452;OCCCUO9414N;BF SUPERIOR - PROAP;90;APLICACOES DIRETAS;3;DESPESAS CORRENTES;3;OUTRAS DESPESAS CORRENTES;30;MATERIAL DE CONSUMO;339030;MATERIAL DE CONSUMO;00;RECURSOS PRIMARIOS DE LIVRE APLICACAO;;;;;5,534,678.80;1,501,443.34;2,667,540.09;2,498,773.15
2019;153031;UNIFESP-UNIVERSIDADE FEDERAL DE SAO PAULO;12;EDUCACAO;364;ENSINO SUPERIOR;2080;EDUCACAO DE QUALIDADE PARA TODOS;0487;CONCESSAO DE BOLSAS DE ESTUDO NO ENSINO SUPERIOR;0002;CONCESSAO DE BOLSAS DE ESTUDOS NO PAIS;12364208004870001;108452;OCCCUO9414N;BF SUPERIOR - PROAP;90;APLICACOES DIRETAS;3;DESPESAS CORRENTES;3;OUTRAS DESPESAS CORRENTES;33;PASSAGENS E DESPESAS COM LOCOMOCAO;339033;PASSAGENS E DESPESAS COM LOCOMOCAO;00;RECURSOS PRIMARIOS DE LIVRE APLICACAO;;;;;2,552,503.51;1,399,402.05;1,033,315.48;980,507.61
2019;153031;UNIFESP-UNIVERSIDADE FEDERAL DE SAO PAULO;12;EDUCACAO;364;ENSINO SUPERIOR;2080;EDUCACAO DE QUALIDADE PARA TODOS;0487;CONCESSAO DE BOLSAS DE ESTUDO NO ENSINO SUPERIOR;0002;CONCESSAO DE BOLSAS DE ESTUDOS NO PAIS;12364208004870001;108452;OCCCUO9414N;BF SUPERIOR - PROAP;90;APLICACOES DIRETAS;3;DESPESAS CORRENTES;3;OUTRAS DESPESAS CORRENTES;37;LOCACAO DE MAO-DE-OBRA;339037;LOCACAO DE MAO-DE-OBRA;00;RECURSOS PRIMARIOS DE LIVRE APLICACAO;;;;;0.00;0.00;;
2019;153031;UNIFESP-UNIVERSIDADE FEDERAL DE SAO PAULO;12;EDUCACAO;364;ENSINO SUPERIOR;2080;EDUCACAO DE QUALIDADE PARA TODOS;0487;CONCESSAO DE BOLSAS DE ESTUDO NO ENSINO SUPERIOR;0002;CONCESSAO DE BOLSAS DE ESTUDOS NO PAIS;12364208004870001;108452;OCCCUO9414N;BF SUPERIOR - PROAP;90;APLICACOES DIRETAS;3;DESPESAS CORRENTES;3;OUTRAS DESPESAS CORRENTES;39;OUTROS SERVICOS DE TERCEIROS PJ - OP.INT.ORC.;339039;OUTROS SERVICOS DE TERCEIROS - PESSOA JURIDICA;00;RECURSOS PRIMARIOS DE LIVRE APLICACAO;;;;;830,391.38;284,974.45;432,988.63;422,080.83
2019;153031;UNIFESP-UNIVERSIDADE FEDERAL DE SAO PAULO;12;EDUCACAO;368;EDUCACAO BASICA;2080;EDUCACAO DE QUALIDADE PARA TODOS;20RJ;APOIO A CAPACITACAO E FORMACAO INICIAL E CONTINUADA PARA A E;0004;EDUCACAO BASICA A DISTANCIA - SISTEMA UNIVERSIDADE ABERTA DO BRASIL (UAB);12368208020RJ0001;108456;QCC62T58HIN;UAB - UAB PROFHISTORIA;90;APLICACOES DIRETAS;3;DESPESAS CORRENTES;3;OUTRAS DESPESAS CORRENTES;14;DIARIAS - PESSOAL CIVIL;339014;DIARIAS - PESSOAL CIVIL;00;RECURSOS PRIMARIOS DE LIVRE APLICACAO;;;;;60,731.94;29,724.30;31,007.64;31,007.64
2019;153031;UNIFESP-UNIVERSIDADE FEDERAL DE SAO PAULO;12;EDUCACAO;368;EDUCACAO BASICA;2080;EDUCACAO DE QUALIDADE PARA TODOS;20RJ;APOIO A CAPACITACAO E FORMACAO INICIAL E CONTINUADA PARA A E;0004;EDUCACAO BASICA A DISTANCIA - SISTEMA UNIVERSIDADE ABERTA DO BRASIL (UAB);12368208020RJ0001;108456;QCC62T58HIN;UAB - UAB PROFHISTORIA;90;APLICACOES DIRETAS;3;DESPESAS CORRENTES;3;OUTRAS DESPESAS CORRENTES;18;AUXILIO FINANCEIRO A ESTUDANTES;339018;AUXILIO FINANCEIRO A ESTUDANTES;00;RECURSOS PRIMARIOS DE LIVRE APLICACAO;;;;;91,520.00;28,864.00;62,656.00;61,856.00
2019;153031;UNIFESP-UNIVERSIDADE FEDERAL DE SAO PAULO;12;EDUCACAO;368;EDUCACAO BASICA;2080;EDUCACAO DE QUALIDADE PARA TODOS;20RJ;APOIO A CAPACITACAO E FORMACAO INICIAL E CONTINUADA PARA A E;0004;EDUCACAO BASICA A DISTANCIA - SISTEMA UNIVERSIDADE ABERTA DO BRASIL (UAB);12368208020RJ0001;108456;QCC62T58HIN;UAB - UAB PROFHISTORIA;90;APLICACOES DIRETAS;3;DESPESAS CORRENTES;3;OUTRAS DESPESAS CORRENTES;33;PASSAGENS E DESPESAS COM LOCOMOCAO;339033;PASSAGENS E DESPESAS COM LOCOMOCAO;00;RECURSOS PRIMARIOS DE LIVRE APLICACAO;;;;;84,866.50;67,030.00;11,635.44;11,635.44
2019;153031;UNIFESP-UNIVERSIDADE FEDERAL DE SAO PAULO;12;EDUCACAO;368;EDUCACAO BASICA;2080;EDUCACAO DE QUALIDADE PARA TODOS;20RJ;APOIO A CAPACITACAO E FORMACAO INICIAL E CONTINUADA PARA A E;0004;EDUCACAO BASICA A DISTANCIA - SISTEMA UNIVERSIDADE ABERTA DO BRASIL (UAB);12368208020RJ0001;108456;QCC62T58MAN;UAB - UAB PROFMAT;90;APLICACOES DIRETAS;3;DESPESAS CORRENTES;3;OUTRAS DESPESAS CORRENTES;14;DIARIAS - PESSOAL CIVIL;339014;DIARIAS - PESSOAL CIVIL;00;RECURSOS PRIMARIOS DE LIVRE APLICACAO;;;;;5,353.49;4,964.34;389.15;389.15
2019;153031;UNIFESP-UNIVERSIDADE FEDERAL DE SAO PAULO;12;EDUCACAO;368;EDUCACAO BASICA;2080;EDUCACAO DE QUALIDADE PARA TODOS;20RJ;APOIO A CAPACITACAO E FORMACAO INICIAL E CONTINUADA PARA A E;0004;EDUCACAO BASICA A DISTANCIA - SISTEMA UNIVERSIDADE ABERTA DO BRASIL (UAB);12368208020RJ0001;108456;QCC62T58MAN;UAB - UAB PROFMAT;90;APLICACOES DIRETAS;3;DESPESAS CORRENTES;3;OUTRAS DESPESAS CORRENTES;20;AUXILIO FINANCEIRO A PESQUISADORES;339020;AUXILIO FINANCEIRO A PESQUISADORES;00;RECURSOS PRIMARIOS DE LIVRE APLICACAO;;;;;31,360.00;0.00;31,360.00;30,720.00
2019;153031;UNIFESP-UNIVERSIDADE FEDERAL DE SAO PAULO;12;EDUCACAO;368;EDUCACAO BASICA;2080;EDUCACAO DE QUALIDADE PARA TODOS;20RJ;APOIO A CAPACITACAO E FORMACAO INICIAL E CONTINUADA PARA A E;0004;EDUCACAO BASICA A DISTANCIA - SISTEMA UNIVERSIDADE ABERTA DO BRASIL (UAB);12368208020RJ0001;108456;QCC62T58MAN;UAB - UAB PROFMAT;90;APLICACOES DIRETAS;3;DESPESAS CORRENTES;3;OUTRAS DESPESAS CORRENTES;30;MATERIAL DE CONSUMO;339030;MATERIAL DE CONSUMO;00;RECURSOS PRIMARIOS DE LIVRE APLICACAO;;;;;7,734.60;3,093.84;2,845.20;2,845.20
2019;153031;UNIFESP-UNIVERSIDADE FEDERAL DE SAO PAULO;12;EDUCACAO;368;EDUCACAO BASICA;2080;EDUCACAO DE QUALIDADE PARA TODOS;20RJ;APOIO A CAPACITACAO E FORMACAO INICIAL E CONTINUADA PARA A E;0004;EDUCACAO BASICA A DISTANCIA - SISTEMA UNIVERSIDADE ABERTA DO BRASIL (UAB);12368208020RJ0001;108456;QCC62T58MAN;UAB - UAB PROFMAT;90;APLICACOES DIRETAS;3;DESPESAS CORRENTES;3;OUTRAS DESPESAS CORRENTES;33;PASSAGENS E DESPESAS COM LOCOMOCAO;339033;PASSAGENS E DESPESAS COM LOCOMOCAO;00;RECURSOS PRIMARIOS DE LIVRE APLICACAO;;;;;18,100.00;4,889.40;10,186.90;10,186.90
2019;153032;UNIVERSIDADE FEDERAL DE LAVRAS;12;EDUCACAO;364;ENSINO SUPERIOR;2080;EDUCACAO DE QUALIDADE PARA TODOS;0487;CONCESSAO DE BOLSAS DE ESTUDO NO ENSINO SUPERIOR;0002;CONCESSAO DE BOLSAS DE ESTUDOS NO PAIS;12364208004870001;108452;OCCCUO9414N;BF SUPERIOR - PROAP;90;APLICACOES DIRETAS;3;DESPESAS CORRENTES;3;OUTRAS DESPESAS CORRENTES;14;DIARIAS - PESSOAL CIVIL;339014;DIARIAS - PESSOAL CIVIL;00;RECURSOS PRIMARIOS DE LIVRE APLICACAO;;;;;776,414.37;228,725.67;547,688.70;547,688.70
2019;153032;UNIVERSIDADE FEDERAL DE LAVRAS;12;EDUCACAO;364;ENSINO SUPERIOR;2080;EDUCACAO DE QUALIDADE PARA TODOS;0487;CONCESSAO DE BOLSAS DE ESTUDO NO ENSINO SUPERIOR;0002;CONCESSAO DE BOLSAS DE ESTUDOS NO PAIS;12364208004870001;108452;OCCCUO9414N;BF SUPERIOR - PROAP;90;APLICACOES DIRETAS;3;DESPESAS CORRENTES;3;OUTRAS DESPESAS CORRENTES;18;AUXILIO FINANCEIRO A ESTUDANTES;339018;AUXILIO FINANCEIRO A ESTUDANTES;00;RECURSOS PRIMARIOS DE LIVRE APLICACAO;;;;;69,861.20;0.00;69,861.20;55,141.20
2019;153032;UNIVERSIDADE FEDERAL DE LAVRAS;12;EDUCACAO;364;ENSINO SUPERIOR;2080;EDUCACAO DE QUALIDADE PARA TODOS;0487;CONCESSAO DE BOLSAS DE ESTUDO NO ENSINO SUPERIOR;0002;CONCESSAO DE BOLSAS DE ESTUDOS NO PAIS;12364208004870001;108452;OCCCUO9414N;BF SUPERIOR - PROAP;90;APLICACOES DIRETAS;3;DESPESAS CORRENTES;3;OUTRAS DESPESAS CORRENTES;20;AUXILIO FINANCEIRO A PESQUISADORES;339020;AUXILIO FINANCEIRO A PESQUISADORES;00;RECURSOS PRIMARIOS DE LIVRE APLICACAO;;;;;192,947.42;5,038.00;187,909.42;157,538.58
2019;153032;UNIVERSIDADE FEDERAL DE LAVRAS;12;EDUCACAO;364;ENSINO SUPERIOR;2080;EDUCACAO DE QUALIDADE PARA TODOS;0487;CONCESSAO DE BOLSAS DE ESTUDO NO ENSINO SUPERIOR;0002;CONCESSAO DE BOLSAS DE ESTUDOS NO PAIS;12364208004870001;108452;OCCCUO9414N;BF SUPERIOR - PROAP;90;APLICACOES DIRETAS;3;DESPESAS CORRENTES;3;OUTRAS DESPESAS CORRENTES;30;MATERIAL DE CONSUMO;339030;MATERIAL DE CONSUMO;00;RECURSOS PRIMARIOS DE LIVRE APLICACAO;;;;;2,356,235.88;556,197.22;1,394,053.55;1,325,920.10
2019;153032;UNIVERSIDADE FEDERAL DE LAVRAS;12;EDUCACAO;364;ENSINO SUPERIOR;2080;EDUCACAO DE QUALIDADE PARA TODOS;0487;CONCESSAO DE BOLSAS DE ESTUDO NO ENSINO SUPERIOR;0002;CONCESSAO DE BOLSAS DE ESTUDOS NO PAIS;12364208004870001;108452;OCCCUO9414N;BF SUPERIOR - PROAP;90;APLICACOES DIRETAS;3;DESPESAS CORRENTES;3;OUTRAS DESPESAS CORRENTES;33;PASSAGENS E DESPESAS COM LOCOMOCAO;339033;PASSAGENS E DESPESAS COM LOCOMOCAO;00;RECURSOS PRIMARIOS DE LIVRE APLICACAO;;;;;534,993.42;168,691.35;362,484.33;362,484.33
2019;153032;UNIVERSIDADE FEDERAL DE LAVRAS;12;EDUCACAO;364;ENSINO SUPERIOR;2080;EDUCACAO DE QUALIDADE PARA TODOS;0487;CONCESSAO DE BOLSAS DE ESTUDO NO ENSINO SUPERIOR;0002;CONCESSAO DE BOLSAS DE ESTUDOS NO PAIS;12364208004870001;108452;OCCCUO9414N;BF SUPERIOR - PROAP;90;APLICACOES DIRETAS;3;DESPESAS CORRENTES;3;OUTRAS DESPESAS CORRENTES;36;OUTROS SERVICOS DE TERCEIROS - P.FISICA;339036;OUTROS SERVICOS DE TERCEIROS - PESSOA FISICA;00;RECURSOS PRIMARIOS DE LIVRE APLICACAO;;;;;26,018.50;9,734.50;16,284.00;16,284.00
2019;153032;UNIVERSIDADE FEDERAL DE LAVRAS;12;EDUCACAO;364;ENSINO SUPERIOR;2080;EDUCACAO DE QUALIDADE PARA TODOS;0487;CONCESSAO DE BOLSAS DE ESTUDO NO ENSINO SUPERIOR;0002;CONCESSAO DE BOLSAS DE ESTUDOS NO PAIS;12364208004870001;108452;OCCCUO9414N;BF SUPERIOR - PROAP;90;APLICACOES DIRETAS;3;DESPESAS CORRENTES;3;OUTRAS DESPESAS CORRENTES;39;OUTROS SERVICOS DE TERCEIROS PJ - OP.INT.ORC.;339039;OUTROS SERVICOS DE TERCEIROS - PESSOA JURIDICA;00;RECURSOS PRIMARIOS DE LIVRE APLICACAO;;;;;2,578,692.65;1,188,639.92;1,390,052.73;1,387,552.73
2019;153032;UNIVERSIDADE FEDERAL DE LAVRAS;12;EDUCACAO;364;ENSINO SUPERIOR;2080;EDUCACAO DE QUALIDADE PARA TODOS;0487;CONCESSAO DE BOLSAS DE ESTUDO NO ENSINO SUPERIOR;0002;CONCESSAO DE BOLSAS DE ESTUDOS NO PAIS;12364208004870001;108452;OCCCUO9414N;BF SUPERIOR - PROAP;90;APLICACOES DIRETAS;3;DESPESAS CORRENTES;3;OUTRAS DESPESAS CORRENTES;93;INDENIZACOES E RESTITUICOES;339093;INDENIZACOES E RESTITUICOES;00;RECURSOS PRIMARIOS DE LIVRE APLICACAO;;;;;298,229.94;15,676.41;282,553.53;269,436.75
2019;153032;UNIVERSIDADE FEDERAL DE LAVRAS;12;EDUCACAO;368;EDUCACAO BASICA;2080;EDUCACAO DE QUALIDADE PARA TODOS;20RJ;APOIO A CAPACITACAO E FORMACAO INICIAL E CONTINUADA PARA A E;0004;EDUCACAO BASICA A DISTANCIA - SISTEMA UNIVERSIDADE ABERTA DO BRASIL (UAB);12368208020RJ0001;108456;MCC62G22EDN;UAB - UAB TRADICIONAL;90;APLICACOES DIRETAS;3;DESPESAS CORRENTES;3;OUTRAS DESPESAS CORRENTES;14;DIARIAS - PESSOAL CIVIL;339014;DIARIAS - PESSOAL CIVIL;00;RECURSOS PRIMARIOS DE LIVRE APLICACAO;;;;;15,850.65;15,850.65;;
2019;153032;UNIVERSIDADE FEDERAL DE LAVRAS;12;EDUCACAO;368;EDUCACAO BASICA;2080;EDUCACAO DE QUALIDADE PARA TODOS;20RJ;APOIO A CAPACITACAO E FORMACAO INICIAL E CONTINUADA PARA A E;0004;EDUCACAO BASICA A DISTANCIA - SISTEMA UNIVERSIDADE ABERTA DO BRASIL (UAB);12368208020RJ0001;108456;MCC62G22EDN;UAB - UAB TRADICIONAL;90;APLICACOES DIRETAS;3;DESPESAS CORRENTES;3;OUTRAS DESPESAS CORRENTES;33;PASSAGENS E DESPESAS COM LOCOMOCAO;339033;PASSAGENS E DESPESAS COM LOCOMOCAO;00;RECURSOS PRIMARIOS DE LIVRE APLICACAO;;;;;54,503.75;27,687.03;6,476.72;6,476.72
2019;153032;UNIVERSIDADE FEDERAL DE LAVRAS;12;EDUCACAO;368;EDUCACAO BASICA;2080;EDUCACAO DE QUALIDADE PARA TODOS;20RJ;APOIO A CAPACITACAO E FORMACAO INICIAL E CONTINUADA PARA A E;0004;EDUCACAO BASICA A DISTANCIA - SISTEMA UNIVERSIDADE ABERTA DO BRASIL (UAB);12368208020RJ0001;108456;MCC62G22EDN;UAB - UAB TRADICIONAL;90;APLICACOES DIRETAS;3;DESPESAS CORRENTES;3;OUTRAS DESPESAS CORRENTES;36;OUTROS SERVICOS DE TERCEIROS - P.FISICA;339036;OUTROS SERVICOS DE TERCEIROS - PESSOA FISICA;00;RECURSOS PRIMARIOS DE LIVRE APLICACAO;;;;;15,673.65;14,877.15;796.50;796.50
2019;153032;UNIVERSIDADE FEDERAL DE LAVRAS;12;EDUCACAO;368;EDUCACAO BASICA;2080;EDUCACAO DE QUALIDADE PARA TODOS;20RJ;APOIO A CAPACITACAO E FORMACAO INICIAL E CONTINUADA PARA A E;0004;EDUCACAO BASICA A DISTANCIA - SISTEMA UNIVERSIDADE ABERTA DO BRASIL (UAB);12368208020RJ0001;108456;MCC62G22EDN;UAB - UAB TRADICIONAL;90;APLICACOES DIRETAS;3;DESPESAS CORRENTES;3;OUTRAS DESPESAS CORRENTES;37;LOCACAO DE MAO-DE-OBRA;339037;LOCACAO DE MAO-DE-OBRA;00;RECURSOS PRIMARIOS DE LIVRE APLICACAO;;;;;8,933,246.55;583,559.28;8,349,687.27;7,070,393.90
2019;153032;UNIVERSIDADE FEDERAL DE LAVRAS;12;EDUCACAO;368;EDUCACAO BASICA;2080;EDUCACAO DE QUALIDADE PARA TODOS;20RJ;APOIO A CAPACITACAO E FORMACAO INICIAL E CONTINUADA PARA A E;0004;EDUCACAO BASICA A DISTANCIA - SISTEMA UNIVERSIDADE ABERTA DO BRASIL (UAB);12368208020RJ0001;108456;MCC62G22EDN;UAB - UAB TRADICIONAL;90;APLICACOES DIRETAS;3;DESPESAS CORRENTES;3;OUTRAS DESPESAS CORRENTES;39;OUTROS SERVICOS DE TERCEIROS PJ - OP.INT.ORC.;339039;OUTROS SERVICOS DE TERCEIROS - PESSOA JURIDICA;00;RECURSOS PRIMARIOS DE LIVRE APLICACAO;;;;;27,567.00;4,916.72;22,650.28;21,819.00
2019;153032;UNIVERSIDADE FEDERAL DE LAVRAS;12;EDUCACAO;368;EDUCACAO BASICA;2080;EDUCACAO DE QUALIDADE PARA TODOS;20RJ;APOIO A CAPACITACAO E FORMACAO INICIAL E CONTINUADA PARA A E;0004;EDUCACAO BASICA A DISTANCIA - SISTEMA UNIVERSIDADE ABERTA DO BRASIL (UAB);12368208020RJ0001;108456;QCC62T58MAN;UAB - UAB PROFMAT;90;APLICACOES DIRETAS;3;DESPESAS CORRENTES;3;OUTRAS DESPESAS CORRENTES;14;DIARIAS - PESSOAL CIVIL;339014;DIARIAS - PESSOAL CIVIL;00;RECURSOS PRIMARIOS DE LIVRE APLICACAO;;;;;12,461.58;8,778.42;3,683.16;3,069.30
2019;153032;UNIVERSIDADE FEDERAL DE LAVRAS;12;EDUCACAO;368;EDUCACAO BASICA;2080;EDUCACAO DE QUALIDADE PARA TODOS;20RJ;APOIO A CAPACITACAO E FORMACAO INICIAL E CONTINUADA PARA A E;0004;EDUCACAO BASICA A DISTANCIA - SISTEMA UNIVERSIDADE ABERTA DO BRASIL (UAB);12368208020RJ0001;108456;QCC62T58MAN;UAB - UAB PROFMAT;90;APLICACOES DIRETAS;3;DESPESAS CORRENTES;3;OUTRAS DESPESAS CORRENTES;30;MATERIAL DE CONSUMO;339030;MATERIAL DE CONSUMO;00;RECURSOS PRIMARIOS DE LIVRE APLICACAO;;;;;2,210.40;552.60;125.40;125.40
2019;153032;UNIVERSIDADE FEDERAL DE LAVRAS;12;EDUCACAO;368;EDUCACAO BASICA;2080;EDUCACAO DE QUALIDADE PARA TODOS;20RJ;APOIO A CAPACITACAO E FORMACAO INICIAL E CONTINUADA PARA A E;0004;EDUCACAO BASICA A DISTANCIA - SISTEMA UNIVERSIDADE ABERTA DO BRASIL (UAB);12368208020RJ0001;108456;QCC62T58MAN;UAB - UAB PROFMAT;90;APLICACOES DIRETAS;3;DESPESAS CORRENTES;3;OUTRAS DESPESAS CORRENTES;33;PASSAGENS E DESPESAS COM LOCOMOCAO;339033;PASSAGENS E DESPESAS COM LOCOMOCAO;00;RECURSOS PRIMARIOS DE LIVRE APLICACAO;;;;;31,046.43;21,462.48;4,388.70;4,388.70
2019;153033;UNIVERSIDADE FEDERAL RURAL DO SEMI-ARIDO - RN;12;EDUCACAO;364;ENSINO SUPERIOR;2080;EDUCACAO DE QUALIDADE PARA TODOS;0487;CONCESSAO DE BOLSAS DE ESTUDO NO ENSINO SUPERIOR;0002;CONCESSAO DE BOLSAS DE ESTUDOS NO PAIS;12364208004870001;108452;OCCCUO9414N;BF SUPERIOR - PROAP;90;APLICACOES DIRETAS;3;DESPESAS CORRENTES;3;OUTRAS DESPESAS CORRENTES;14;DIARIAS - PESSOAL CIVIL;339014;DIARIAS - PESSOAL CIVIL;00;RECURSOS PRIMARIOS DE LIVRE APLICACAO;;;;;884,023.15;423,959.62;460,063.53;433,235.47
2019;153033;UNIVERSIDADE FEDERAL RURAL DO SEMI-ARIDO - RN;12;EDUCACAO;364;ENSINO SUPERIOR;2080;EDUCACAO DE QUALIDADE PARA TODOS;0487;CONCESSAO DE BOLSAS DE ESTUDO NO ENSINO SUPERIOR;0002;CONCESSAO DE BOLSAS DE ESTUDOS NO PAIS;12364208004870001;108452;OCCCUO9414N;BF SUPERIOR - PROAP;90;APLICACOES DIRETAS;3;DESPESAS CORRENTES;3;OUTRAS DESPESAS CORRENTES;18;AUXILIO FINANCEIRO A ESTUDANTES;339018;AUXILIO FINANCEIRO A ESTUDANTES;00;RECURSOS PRIMARIOS DE LIVRE APLICACAO;;;;;435,515.24;16,941.00;416,024.24;395,222.24
2019;153033;UNIVERSIDADE FEDERAL RURAL DO SEMI-ARIDO - RN;12;EDUCACAO;364;ENSINO SUPERIOR;2080;EDUCACAO DE QUALIDADE PARA TODOS;0487;CONCESSAO DE BOLSAS DE ESTUDO NO ENSINO SUPERIOR;0002;CONCESSAO DE BOLSAS DE ESTUDOS NO PAIS;12364208004870001;108452;OCCCUO9414N;BF SUPERIOR - PROAP;90;APLICACOES DIRETAS;3;DESPESAS CORRENTES;3;OUTRAS DESPESAS CORRENTES;30;MATERIAL DE CONSUMO;339030;MATERIAL DE CONSUMO;00;RECURSOS PRIMARIOS DE LIVRE APLICACAO;;;;;131,707.80;32,926.95;;
2019;153033;UNIVERSIDADE FEDERAL RURAL DO SEMI-ARIDO - RN;12;EDUCACAO;364;ENSINO SUPERIOR;2080;EDUCACAO DE QUALIDADE PARA TODOS;0487;CONCESSAO DE BOLSAS DE ESTUDO NO ENSINO SUPERIOR;0002;CONCESSAO DE BOLSAS DE ESTUDOS NO PAIS;12364208004870001;108452;OCCCUO9414N;BF SUPERIOR - PROAP;90;APLICACOES DIRETAS;3;DESPESAS CORRENTES;3;OUTRAS DESPESAS CORRENTES;33;PASSAGENS E DESPESAS COM LOCOMOCAO;339033;PASSAGENS E DESPESAS COM LOCOMOCAO;00;RECURSOS PRIMARIOS DE LIVRE APLICACAO;;;;;495,434.21;241,644.66;229,972.46;206,365.51
2019;153033;UNIVERSIDADE FEDERAL RURAL DO SEMI-ARIDO - RN;12;EDUCACAO;364;ENSINO SUPERIOR;2080;EDUCACAO DE QUALIDADE PARA TODOS;0487;CONCESSAO DE BOLSAS DE ESTUDO NO ENSINO SUPERIOR;0002;CONCESSAO DE BOLSAS DE ESTUDOS NO PAIS;12364208004870001;108452;OCCCUO9414N;BF SUPERIOR - PROAP;90;APLICACOES DIRETAS;3;DESPESAS CORRENTES;3;OUTRAS DESPESAS CORRENTES;36;OUTROS SERVICOS DE TERCEIROS - P.FISICA;339036;OUTROS SERVICOS DE TERCEIROS - PESSOA FISICA;00;RECURSOS PRIMARIOS DE LIVRE APLICACAO;;;;;61,738.80;37,820.70;23,918.10;23,475.60
2019;153033;UNIVERSIDADE FEDERAL RURAL DO SEMI-ARIDO - RN;12;EDUCACAO;364;ENSINO SUPERIOR;2080;EDUCACAO DE QUALIDADE PARA TODOS;0487;CONCESSAO DE BOLSAS DE ESTUDO NO ENSINO SUPERIOR;0002;CONCESSAO DE BOLSAS DE ESTUDOS NO PAIS;12364208004870001;108452;OCCCUO9414N;BF SUPERIOR - PROAP;90;APLICACOES DIRETAS;3;DESPESAS CORRENTES;3;OUTRAS DESPESAS CORRENTES;39;OUTROS SERVICOS DE TERCEIROS PJ - OP.INT.ORC.;339039;OUTROS SERVICOS DE TERCEIROS - PESSOA JURIDICA;00;RECURSOS PRIMARIOS DE LIVRE APLICACAO;;;;;7,800.00;1,300.00;6,500.00;6,500.00
2019;153033;UNIVERSIDADE FEDERAL RURAL DO SEMI-ARIDO - RN;12;EDUCACAO;368;EDUCACAO BASICA;2080;EDUCACAO DE QUALIDADE PARA TODOS;20RJ;APOIO A CAPACITACAO E FORMACAO INICIAL E CONTINUADA PARA A E;0004;EDUCACAO BASICA A DISTANCIA - SISTEMA UNIVERSIDADE ABERTA DO BRASIL (UAB);12368208020RJ0001;108456;MCC62G22EDN;UAB - UAB TRADICIONAL;50;TRANSFERENCIA INSTITUICOES PRIVADAS SEM FINS LUCRATIVOS;3;DESPESAS CORRENTES;3;OUTRAS DESPESAS CORRENTES;14;DIARIAS - PESSOAL CIVIL;335014;DIARIAS - PESSOAL CIVIL;00;RECURSOS PRIMARIOS DE LIVRE APLICACAO;;;;;79,089.50;39,544.75;39,544.75;39,544.75
2019;153033;UNIVERSIDADE FEDERAL RURAL DO SEMI-ARIDO - RN;12;EDUCACAO;368;EDUCACAO BASICA;2080;EDUCACAO DE QUALIDADE PARA TODOS;20RJ;APOIO A CAPACITACAO E FORMACAO INICIAL E CONTINUADA PARA A E;0004;EDUCACAO BASICA A DISTANCIA - SISTEMA UNIVERSIDADE ABERTA DO BRASIL (UAB);12368208020RJ0001;108456;MCC62G22EDN;UAB - UAB TRADICIONAL;50;TRANSFERENCIA INSTITUICOES PRIVADAS SEM FINS LUCRATIVOS;3;DESPESAS CORRENTES;3;OUTRAS DESPESAS CORRENTES;36;OUTROS SERVICOS DE TERCEIROS - P.FISICA;335036;OUTROS SERVICOS DE TERCEIROS - PESSOA FISICA;00;RECURSOS PRIMARIOS DE LIVRE APLICACAO;;;;;2,140,072.80;740,278.80;1,349,394.00;1,349,394.00
2019;153033;UNIVERSIDADE FEDERAL RURAL DO SEMI-ARIDO - RN;12;EDUCACAO;368;EDUCACAO BASICA;2080;EDUCACAO DE QUALIDADE PARA TODOS;20RJ;APOIO A CAPACITACAO E FORMACAO INICIAL E CONTINUADA PARA A E;0004;EDUCACAO BASICA A DISTANCIA - SISTEMA UNIVERSIDADE ABERTA DO BRASIL (UAB);12368208020RJ0001;108456;QCC62T58MAN;UAB - UAB PROFMAT;90;APLICACOES DIRETAS;3;DESPESAS CORRENTES;3;OUTRAS DESPESAS CORRENTES;14;DIARIAS - PESSOAL CIVIL;339014;DIARIAS - PESSOAL CIVIL;00;RECURSOS PRIMARIOS DE LIVRE APLICACAO;;;;;30,473.73;8,838.88;21,634.85;20,915.73
2019;153033;UNIVERSIDADE FEDERAL RURAL DO SEMI-ARIDO - RN;12;EDUCACAO;368;EDUCACAO BASICA;2080;EDUCACAO DE QUALIDADE PARA TODOS;20RJ;APOIO A CAPACITACAO E FORMACAO INICIAL E CONTINUADA PARA A E;0004;EDUCACAO BASICA A DISTANCIA - SISTEMA UNIVERSIDADE ABERTA DO BRASIL (UAB);12368208020RJ0001;108456;QCC62T58MAN;UAB - UAB PROFMAT;90;APLICACOES DIRETAS;3;DESPESAS CORRENTES;3;OUTRAS DESPESAS CORRENTES;18;AUXILIO FINANCEIRO A ESTUDANTES;339018;AUXILIO FINANCEIRO A ESTUDANTES;00;RECURSOS PRIMARIOS DE LIVRE APLICACAO;;;;;6,000.00;1,500.00;4,500.00;4,500.00
2019;153033;UNIVERSIDADE FEDERAL RURAL DO SEMI-ARIDO - RN;12;EDUCACAO;368;EDUCACAO BASICA;2080;EDUCACAO DE QUALIDADE PARA TODOS;20RJ;APOIO A CAPACITACAO E FORMACAO INICIAL E CONTINUADA PARA A E;0004;EDUCACAO BASICA A DISTANCIA - SISTEMA UNIVERSIDADE ABERTA DO BRASIL (UAB);12368208020RJ0001;108456;QCC62T58MAN;UAB - UAB PROFMAT;90;APLICACOES DIRETAS;3;DESPESAS CORRENTES;3;OUTRAS DESPESAS CORRENTES;30;MATERIAL DE CONSUMO;339030;MATERIAL DE CONSUMO;00;RECURSOS PRIMARIOS DE LIVRE APLICACAO;;;;;2,397.20;599.30;;
2019;153033;UNIVERSIDADE FEDERAL RURAL DO SEMI-ARIDO - RN;12;EDUCACAO;368;EDUCACAO BASICA;2080;EDUCACAO DE QUALIDADE PARA TODOS;20RJ;APOIO A CAPACITACAO E FORMACAO INICIAL E CONTINUADA PARA A E;0004;EDUCACAO BASICA A DISTANCIA - SISTEMA UNIVERSIDADE ABERTA DO BRASIL (UAB);12368208020RJ0001;108456;QCC62T58MAN;UAB - UAB PROFMAT;90;APLICACOES DIRETAS;3;DESPESAS CORRENTES;3;OUTRAS DESPESAS CORRENTES;33;PASSAGENS E DESPESAS COM LOCOMOCAO;339033;PASSAGENS E DESPESAS COM LOCOMOCAO;00;RECURSOS PRIMARIOS DE LIVRE APLICACAO;;;;;34,417.12;4,055.08;26,989.95;22,440.75
2019;153033;UNIVERSIDADE FEDERAL RURAL DO SEMI-ARIDO - RN;12;EDUCACAO;368;EDUCACAO BASICA;2080;EDUCACAO DE QUALIDADE PARA TODOS;20RJ;APOIO A CAPACITACAO E FORMACAO INICIAL E CONTINUADA PARA A E;0004;EDUCACAO BASICA A DISTANCIA - SISTEMA UNIVERSIDADE ABERTA DO BRASIL (UAB);12368208020RJ0001;108456;QCC62T58MAN;UAB - UAB PROFMAT;90;APLICACOES DIRETAS;3;DESPESAS CORRENTES;3;OUTRAS DESPESAS CORRENTES;36;OUTROS SERVICOS DE TERCEIROS - P.FISICA;339036;OUTROS SERVICOS DE TERCEIROS - PESSOA FISICA;00;RECURSOS PRIMARIOS DE LIVRE APLICACAO;;;;;8,784.95;2,477.81;6,307.14;6,307.14
2019;153033;UNIVERSIDADE FEDERAL RURAL DO SEMI-ARIDO - RN;12;EDUCACAO;368;EDUCACAO BASICA;2080;EDUCACAO DE QUALIDADE PARA TODOS;20RJ;APOIO A CAPACITACAO E FORMACAO INICIAL E CONTINUADA PARA A E;0004;EDUCACAO BASICA A DISTANCIA - SISTEMA UNIVERSIDADE ABERTA DO BRASIL (UAB);12368208020RJ0001;108456;QCC62T58MAN;UAB - UAB PROFMAT;90;APLICACOES DIRETAS;3;DESPESAS CORRENTES;3;OUTRAS DESPESAS CORRENTES;39;OUTROS SERVICOS DE TERCEIROS PJ - OP.INT.ORC.;339039;OUTROS SERVICOS DE TERCEIROS - PESSOA JURIDICA;00;RECURSOS PRIMARIOS DE LIVRE APLICACAO;;;;;7,974.40;1,993.60;;
2019;153034;UNIVERSIDADE FEDERAL RURAL DA AMAZONIA;12;EDUCACAO;364;ENSINO SUPERIOR;2080;EDUCACAO DE QUALIDADE PARA TODOS;0487;CONCESSAO DE BOLSAS DE ESTUDO NO ENSINO SUPERIOR;0002;CONCESSAO DE BOLSAS DE ESTUDOS NO PAIS;12364208004870001;108452;OCCCUO9414N;BF SUPERIOR - PROAP;90;APLICACOES DIRETAS;3;DESPESAS CORRENTES;3;OUTRAS DESPESAS CORRENTES;14;DIARIAS - PESSOAL CIVIL;339014;DIARIAS - PESSOAL CIVIL;00;RECURSOS PRIMARIOS DE LIVRE APLICACAO;;;;;581,923.04;284,856.13;297,066.91;295,972.71
2019;153034;UNIVERSIDADE FEDERAL RURAL DA AMAZONIA;12;EDUCACAO;364;ENSINO SUPERIOR;2080;EDUCACAO DE QUALIDADE PARA TODOS;0487;CONCESSAO DE BOLSAS DE ESTUDO NO ENSINO SUPERIOR;0002;CONCESSAO DE BOLSAS DE ESTUDOS NO PAIS;12364208004870001;108452;OCCCUO9414N;BF SUPERIOR - PROAP;90;APLICACOES DIRETAS;3;DESPESAS CORRENTES;3;OUTRAS DESPESAS CORRENTES;18;AUXILIO FINANCEIRO A ESTUDANTES;339018;AUXILIO FINANCEIRO A ESTUDANTES;00;RECURSOS PRIMARIOS DE LIVRE APLICACAO;;;;;457,052.80;145,991.27;308,061.53;285,249.69
2019;153034;UNIVERSIDADE FEDERAL RURAL DA AMAZONIA;12;EDUCACAO;364;ENSINO SUPERIOR;2080;EDUCACAO DE QUALIDADE PARA TODOS;0487;CONCESSAO DE BOLSAS DE ESTUDO NO ENSINO SUPERIOR;0002;CONCESSAO DE BOLSAS DE ESTUDOS NO PAIS;12364208004870001;108452;OCCCUO9414N;BF SUPERIOR - PROAP;90;APLICACOES DIRETAS;3;DESPESAS CORRENTES;3;OUTRAS DESPESAS CORRENTES;33;PASSAGENS E DESPESAS COM LOCOMOCAO;339033;PASSAGENS E DESPESAS COM LOCOMOCAO;00;RECURSOS PRIMARIOS DE LIVRE APLICACAO;;;;;246,399.93;147,733.06;98,666.87;96,278.32
2019;153034;UNIVERSIDADE FEDERAL RURAL DA AMAZONIA;12;EDUCACAO;364;ENSINO SUPERIOR;2080;EDUCACAO DE QUALIDADE PARA TODOS;0487;CONCESSAO DE BOLSAS DE ESTUDO NO ENSINO SUPERIOR;0002;CONCESSAO DE BOLSAS DE ESTUDOS NO PAIS;12364208004870001;108452;OCCCUO9414N;BF SUPERIOR - PROAP;90;APLICACOES DIRETAS;3;DESPESAS CORRENTES;3;OUTRAS DESPESAS CORRENTES;36;OUTROS SERVICOS DE TERCEIROS - P.FISICA;339036;OUTROS SERVICOS DE TERCEIROS - PESSOA FISICA;00;RECURSOS PRIMARIOS DE LIVRE APLICACAO;;;;;124,776.20;70,974.70;53,801.50;51,700.50
2019;153034;UNIVERSIDADE FEDERAL RURAL DA AMAZONIA;12;EDUCACAO;364;ENSINO SUPERIOR;2080;EDUCACAO DE QUALIDADE PARA TODOS;0487;CONCESSAO DE BOLSAS DE ESTUDO NO ENSINO SUPERIOR;0002;CONCESSAO DE BOLSAS DE ESTUDOS NO PAIS;12364208004870001;108452;OCCCUO9414N;BF SUPERIOR - PROAP;90;APLICACOES DIRETAS;3;DESPESAS CORRENTES;3;OUTRAS DESPESAS CORRENTES;39;OUTROS SERVICOS DE TERCEIROS PJ - OP.INT.ORC.;339039;OUTROS SERVICOS DE TERCEIROS - PESSOA JURIDICA;00;RECURSOS PRIMARIOS DE LIVRE APLICACAO;;;;;38,904.00;9,726.00;29,178.00;29,178.00
2019;153034;UNIVERSIDADE FEDERAL RURAL DA AMAZONIA;12;EDUCACAO;368;EDUCACAO BASICA;2080;EDUCACAO DE QUALIDADE PARA TODOS;20RJ;APOIO A CAPACITACAO E FORMACAO INICIAL E CONTINUADA PARA A E;0003;EDUCACAO BASICA PRESENCIAL;12368208020RJ0001;108455;PCC92B5801N;PARFOR - PARFOR;90;APLICACOES DIRETAS;3;DESPESAS CORRENTES;3;OUTRAS DESPESAS CORRENTES;14;DIARIAS - PESSOAL CIVIL;339014;DIARIAS - PESSOAL CIVIL;00;RECURSOS PRIMARIOS DE LIVRE APLICACAO;;;;;179,784.82;43,146.39;136,638.43;124,993.08
2019;153034;UNIVERSIDADE FEDERAL RURAL DA AMAZONIA;12;EDUCACAO;368;EDUCACAO BASICA;2080;EDUCACAO DE QUALIDADE PARA TODOS;20RJ;APOIO A CAPACITACAO E FORMACAO INICIAL E CONTINUADA PARA A E;0003;EDUCACAO BASICA PRESENCIAL;12368208020RJ0001;108455;PCC92B5801N;PARFOR - PARFOR;90;APLICACOES DIRETAS;3;DESPESAS CORRENTES;3;OUTRAS DESPESAS CORRENTES;36;OUTROS SERVICOS DE TERCEIROS - P.FISICA;339036;OUTROS SERVICOS DE TERCEIROS - PESSOA FISICA;00;RECURSOS PRIMARIOS DE LIVRE APLICACAO;;;;;399,761.40;54,785.70;344,975.70;289,029.70
2019;153034;UNIVERSIDADE FEDERAL RURAL DA AMAZONIA;12;EDUCACAO;368;EDUCACAO BASICA;2080;EDUCACAO DE QUALIDADE PARA TODOS;20RJ;APOIO A CAPACITACAO E FORMACAO INICIAL E CONTINUADA PARA A E;0003;EDUCACAO BASICA PRESENCIAL;12368208020RJ0001;108455;PCC92B5801N;PARFOR - PARFOR;90;APLICACOES DIRETAS;3;DESPESAS CORRENTES;3;OUTRAS DESPESAS CORRENTES;39;OUTROS SERVICOS DE TERCEIROS PJ - OP.INT.ORC.;339039;OUTROS SERVICOS DE TERCEIROS - PESSOA JURIDICA;00;RECURSOS PRIMARIOS DE LIVRE APLICACAO;;;;;2,382,501.00;940,001.00;1,337,500.00;1,070,000.00
2019;153035;UNIVERSIDADE FEDERAL DO TRIANGULO MINEIRO;12;EDUCACAO;364;ENSINO SUPERIOR;2080;EDUCACAO DE QUALIDADE PARA TODOS;0487;CONCESSAO DE BOLSAS DE ESTUDO NO ENSINO SUPERIOR;0002;CONCESSAO DE BOLSAS DE ESTUDOS NO PAIS;12364208004870001;108452;OCCCUO9414N;BF SUPERIOR - PROAP;90;APLICACOES DIRETAS;3;DESPESAS CORRENTES;3;OUTRAS DESPESAS CORRENTES;14;DIARIAS - PESSOAL CIVIL;339014;DIARIAS - PESSOAL CIVIL;00;RECURSOS PRIMARIOS DE LIVRE APLICACAO;;;;;204,363.88;37,858.19;166,505.69;150,047.26
2019;153035;UNIVERSIDADE FEDERAL DO TRIANGULO MINEIRO;12;EDUCACAO;364;ENSINO SUPERIOR;2080;EDUCACAO DE QUALIDADE PARA TODOS;0487;CONCESSAO DE BOLSAS DE ESTUDO NO ENSINO SUPERIOR;0002;CONCESSAO DE BOLSAS DE ESTUDOS NO PAIS;12364208004870001;108452;OCCCUO9414N;BF SUPERIOR - PROAP;90;APLICACOES DIRETAS;3;DESPESAS CORRENTES;3;OUTRAS DESPESAS CORRENTES;18;AUXILIO FINANCEIRO A ESTUDANTES;339018;AUXILIO FINANCEIRO A ESTUDANTES;00;RECURSOS PRIMARIOS DE LIVRE APLICACAO;;;;;65,219.50;11,517.00;53,452.00;44,755.50
2019;153035;UNIVERSIDADE FEDERAL DO TRIANGULO MINEIRO;12;EDUCACAO;364;ENSINO SUPERIOR;2080;EDUCACAO DE QUALIDADE PARA TODOS;0487;CONCESSAO DE BOLSAS DE ESTUDO NO ENSINO SUPERIOR;0002;CONCESSAO DE BOLSAS DE ESTUDOS NO PAIS;12364208004870001;108452;OCCCUO9414N;BF SUPERIOR - PROAP;90;APLICACOES DIRETAS;3;DESPESAS CORRENTES;3;OUTRAS DESPESAS CORRENTES;30;MATERIAL DE CONSUMO;339030;MATERIAL DE CONSUMO;00;RECURSOS PRIMARIOS DE LIVRE APLICACAO;;;;;56,256.92;1,807.00;54,449.92;42,117.44
2019;153035;UNIVERSIDADE FEDERAL DO TRIANGULO MINEIRO;12;EDUCACAO;364;ENSINO SUPERIOR;2080;EDUCACAO DE QUALIDADE PARA TODOS;0487;CONCESSAO DE BOLSAS DE ESTUDO NO ENSINO SUPERIOR;0002;CONCESSAO DE BOLSAS DE ESTUDOS NO PAIS;12364208004870001;108452;OCCCUO9414N;BF SUPERIOR - PROAP;90;APLICACOES DIRETAS;3;DESPESAS CORRENTES;3;OUTRAS DESPESAS CORRENTES;33;PASSAGENS E DESPESAS COM LOCOMOCAO;339033;PASSAGENS E DESPESAS COM LOCOMOCAO;00;RECURSOS PRIMARIOS DE LIVRE APLICACAO;;;;;333,070.17;61,268.40;199,206.72;199,206.72
2019;153035;UNIVERSIDADE FEDERAL DO TRIANGULO MINEIRO;12;EDUCACAO;364;ENSINO SUPERIOR;2080;EDUCACAO DE QUALIDADE PARA TODOS;0487;CONCESSAO DE BOLSAS DE ESTUDO NO ENSINO SUPERIOR;0002;CONCESSAO DE BOLSAS DE ESTUDOS NO PAIS;12364208004870001;108452;OCCCUO9414N;BF SUPERIOR - PROAP;90;APLICACOES DIRETAS;3;DESPESAS CORRENTES;3;OUTRAS DESPESAS CORRENTES;36;OUTROS SERVICOS DE TERCEIROS - P.FISICA;339036;OUTROS SERVICOS DE TERCEIROS - PESSOA FISICA;00;RECURSOS PRIMARIOS DE LIVRE APLICACAO;;;;;48,484.16;14,799.66;33,684.50;32,167.00
2019;153035;UNIVERSIDADE FEDERAL DO TRIANGULO MINEIRO;12;EDUCACAO;364;ENSINO SUPERIOR;2080;EDUCACAO DE QUALIDADE PARA TODOS;0487;CONCESSAO DE BOLSAS DE ESTUDO NO ENSINO SUPERIOR;0002;CONCESSAO DE BOLSAS DE ESTUDOS NO PAIS;12364208004870001;108452;OCCCUO9414N;BF SUPERIOR - PROAP;90;APLICACOES DIRETAS;3;DESPESAS CORRENTES;3;OUTRAS DESPESAS CORRENTES;93;INDENIZACOES E RESTITUICOES;339093;INDENIZACOES E RESTITUICOES;00;RECURSOS PRIMARIOS DE LIVRE APLICACAO;;;;;517,275.72;185,337.36;285,807.72;248,386.21
2019;153035;UNIVERSIDADE FEDERAL DO TRIANGULO MINEIRO;12;EDUCACAO;368;EDUCACAO BASICA;2080;EDUCACAO DE QUALIDADE PARA TODOS;20RJ;APOIO A CAPACITACAO E FORMACAO INICIAL E CONTINUADA PARA A E;0004;EDUCACAO BASICA A DISTANCIA - SISTEMA UNIVERSIDADE ABERTA DO BRASIL (UAB);12368208020RJ0001;108456;QCC62T58LEN;UAB - UAB PROFLETRAS;90;APLICACOES DIRETAS;3;DESPESAS CORRENTES;3;OUTRAS DESPESAS CORRENTES;14;DIARIAS - PESSOAL CIVIL;339014;DIARIAS - PESSOAL CIVIL;00;RECURSOS PRIMARIOS DE LIVRE APLICACAO;;;;;75,823.89;54,944.53;20,879.36;19,191.83
2019;153035;UNIVERSIDADE FEDERAL DO TRIANGULO MINEIRO;12;EDUCACAO;368;EDUCACAO BASICA;2080;EDUCACAO DE QUALIDADE PARA TODOS;20RJ;APOIO A CAPACITACAO E FORMACAO INICIAL E CONTINUADA PARA A E;0004;EDUCACAO BASICA A DISTANCIA - SISTEMA UNIVERSIDADE ABERTA DO BRASIL (UAB);12368208020RJ0001;108456;QCC62T58LEN;UAB - UAB PROFLETRAS;90;APLICACOES DIRETAS;3;DESPESAS CORRENTES;3;OUTRAS DESPESAS CORRENTES;18;AUXILIO FINANCEIRO A ESTUDANTES;339018;AUXILIO FINANCEIRO A ESTUDANTES;00;RECURSOS PRIMARIOS DE LIVRE APLICACAO;;;;;28,000.00;7,424.50;10,620.00;9,646.50
2019;153035;UNIVERSIDADE FEDERAL DO TRIANGULO MINEIRO;12;EDUCACAO;368;EDUCACAO BASICA;2080;EDUCACAO DE QUALIDADE PARA TODOS;20RJ;APOIO A CAPACITACAO E FORMACAO INICIAL E CONTINUADA PARA A E;0004;EDUCACAO BASICA A DISTANCIA - SISTEMA UNIVERSIDADE ABERTA DO BRASIL (UAB);12368208020RJ0001;108456;QCC62T58LEN;UAB - UAB PROFLETRAS;90;APLICACOES DIRETAS;3;DESPESAS CORRENTES;3;OUTRAS DESPESAS CORRENTES;30;MATERIAL DE CONSUMO;339030;MATERIAL DE CONSUMO;00;RECURSOS PRIMARIOS DE LIVRE APLICACAO;;;;;480.00;120.00;;
2019;153035;UNIVERSIDADE FEDERAL DO TRIANGULO MINEIRO;12;EDUCACAO;368;EDUCACAO BASICA;2080;EDUCACAO DE QUALIDADE PARA TODOS;20RJ;APOIO A CAPACITACAO E FORMACAO INICIAL E CONTINUADA PARA A E;0004;EDUCACAO BASICA A DISTANCIA - SISTEMA UNIVERSIDADE ABERTA DO BRASIL (UAB);12368208020RJ0001;108456;QCC62T58LEN;UAB - UAB PROFLETRAS;90;APLICACOES DIRETAS;3;DESPESAS CORRENTES;3;OUTRAS DESPESAS CORRENTES;33;PASSAGENS E DESPESAS COM LOCOMOCAO;339033;PASSAGENS E DESPESAS COM LOCOMOCAO;00;RECURSOS PRIMARIOS DE LIVRE APLICACAO;;;;;102,160.00;29,208.72;28,628.20;28,628.20
2019;153035;UNIVERSIDADE FEDERAL DO TRIANGULO MINEIRO;12;EDUCACAO;368;EDUCACAO BASICA;2080;EDUCACAO DE QUALIDADE PARA TODOS;20RJ;APOIO A CAPACITACAO E FORMACAO INICIAL E CONTINUADA PARA A E;0004;EDUCACAO BASICA A DISTANCIA - SISTEMA UNIVERSIDADE ABERTA DO BRASIL (UAB);12368208020RJ0001;108456;QCC62T58LEN;UAB - UAB PROFLETRAS;90;APLICACOES DIRETAS;3;DESPESAS CORRENTES;3;OUTRAS DESPESAS CORRENTES;36;OUTROS SERVICOS DE TERCEIROS - P.FISICA;339036;OUTROS SERVICOS DE TERCEIROS - PESSOA FISICA;00;RECURSOS PRIMARIOS DE LIVRE APLICACAO;;;;;9,186.00;3,876.00;5,310.00;4,248.00
2019;153035;UNIVERSIDADE FEDERAL DO TRIANGULO MINEIRO;12;EDUCACAO;368;EDUCACAO BASICA;2080;EDUCACAO DE QUALIDADE PARA TODOS;20RJ;APOIO A CAPACITACAO E FORMACAO INICIAL E CONTINUADA PARA A E;0004;EDUCACAO BASICA A DISTANCIA - SISTEMA UNIVERSIDADE ABERTA DO BRASIL (UAB);12368208020RJ0001;108456;QCC62T58MAN;UAB - UAB PROFMAT;90;APLICACOES DIRETAS;3;DESPESAS CORRENTES;3;OUTRAS DESPESAS CORRENTES;14;DIARIAS - PESSOAL CIVIL;339014;DIARIAS - PESSOAL CIVIL;00;RECURSOS PRIMARIOS DE LIVRE APLICACAO;;;;;14,622.32;10,600.76;4,021.56;4,021.56
2019;153035;UNIVERSIDADE FEDERAL DO TRIANGULO MINEIRO;12;EDUCACAO;368;EDUCACAO BASICA;2080;EDUCACAO DE QUALIDADE PARA TODOS;20RJ;APOIO A CAPACITACAO E FORMACAO INICIAL E CONTINUADA PARA A E;0004;EDUCACAO BASICA A DISTANCIA - SISTEMA UNIVERSIDADE ABERTA DO BRASIL (UAB);12368208020RJ0001;108456;QCC62T58MAN;UAB - UAB PROFMAT;90;APLICACOES DIRETAS;3;DESPESAS CORRENTES;3;OUTRAS DESPESAS CORRENTES;33;PASSAGENS E DESPESAS COM LOCOMOCAO;339033;PASSAGENS E DESPESAS COM LOCOMOCAO;00;RECURSOS PRIMARIOS DE LIVRE APLICACAO;;;;;89,051.60;37,275.62;4,168.20;4,168.20
2019;153035;UNIVERSIDADE FEDERAL DO TRIANGULO MINEIRO;12;EDUCACAO;368;EDUCACAO BASICA;2080;EDUCACAO DE QUALIDADE PARA TODOS;20RJ;APOIO A CAPACITACAO E FORMACAO INICIAL E CONTINUADA PARA A E;0004;EDUCACAO BASICA A DISTANCIA - SISTEMA UNIVERSIDADE ABERTA DO BRASIL (UAB);12368208020RJ0001;108456;QCC62T58QUN;UAB - UAB PROFQUIMICA;90;APLICACOES DIRETAS;3;DESPESAS CORRENTES;3;OUTRAS DESPESAS CORRENTES;14;DIARIAS - PESSOAL CIVIL;339014;DIARIAS - PESSOAL CIVIL;00;RECURSOS PRIMARIOS DE LIVRE APLICACAO;;;;;7,713.88;1,638.54;6,075.34;5,759.12
2019;153035;UNIVERSIDADE FEDERAL DO TRIANGULO MINEIRO;12;EDUCACAO;368;EDUCACAO BASICA;2080;EDUCACAO DE QUALIDADE PARA TODOS;20RJ;APOIO A CAPACITACAO E FORMACAO INICIAL E CONTINUADA PARA A E;0004;EDUCACAO BASICA A DISTANCIA - SISTEMA UNIVERSIDADE ABERTA DO BRASIL (UAB);12368208020RJ0001;108456;QCC62T58QUN;UAB - UAB PROFQUIMICA;90;APLICACOES DIRETAS;3;DESPESAS CORRENTES;3;OUTRAS DESPESAS CORRENTES;18;AUXILIO FINANCEIRO A ESTUDANTES;339018;AUXILIO FINANCEIRO A ESTUDANTES;00;RECURSOS PRIMARIOS DE LIVRE APLICACAO;;;;;19,632.56;2,552.74;14,405.20;12,396.90
2019;153035;UNIVERSIDADE FEDERAL DO TRIANGULO MINEIRO;12;EDUCACAO;368;EDUCACAO BASICA;2080;EDUCACAO DE QUALIDADE PARA TODOS;20RJ;APOIO A CAPACITACAO E FORMACAO INICIAL E CONTINUADA PARA A E;0004;EDUCACAO BASICA A DISTANCIA - SISTEMA UNIVERSIDADE ABERTA DO BRASIL (UAB);12368208020RJ0001;108456;QCC62T58QUN;UAB - UAB PROFQUIMICA;90;APLICACOES DIRETAS;3;DESPESAS CORRENTES;3;OUTRAS DESPESAS CORRENTES;30;MATERIAL DE CONSUMO;339030;MATERIAL DE CONSUMO;00;RECURSOS PRIMARIOS DE LIVRE APLICACAO;;;;;27,876.28;4,251.79;23,624.49;20,907.21
2019;153035;UNIVERSIDADE FEDERAL DO TRIANGULO MINEIRO;12;EDUCACAO;368;EDUCACAO BASICA;2080;EDUCACAO DE QUALIDADE PARA TODOS;20RJ;APOIO A CAPACITACAO E FORMACAO INICIAL E CONTINUADA PARA A E;0004;EDUCACAO BASICA A DISTANCIA - SISTEMA UNIVERSIDADE ABERTA DO BRASIL (UAB);12368208020RJ0001;108456;QCC62T58QUN;UAB - UAB PROFQUIMICA;90;APLICACOES DIRETAS;3;DESPESAS CORRENTES;3;OUTRAS DESPESAS CORRENTES;33;PASSAGENS E DESPESAS COM LOCOMOCAO;339033;PASSAGENS E DESPESAS COM LOCOMOCAO;00;RECURSOS PRIMARIOS DE LIVRE APLICACAO;;;;;19,957.50;6,661.98;13,295.52;12,771.48
2019;153035;UNIVERSIDADE FEDERAL DO TRIANGULO MINEIRO;12;EDUCACAO;368;EDUCACAO BASICA;2080;EDUCACAO DE QUALIDADE PARA TODOS;20RJ;APOIO A CAPACITACAO E FORMACAO INICIAL E CONTINUADA PARA A E;0004;EDUCACAO BASICA A DISTANCIA - SISTEMA UNIVERSIDADE ABERTA DO BRASIL (UAB);12368208020RJ0001;108456;QCC62T58QUN;UAB - UAB PROFQUIMICA;90;APLICACOES DIRETAS;3;DESPESAS CORRENTES;3;OUTRAS DESPESAS CORRENTES;36;OUTROS SERVICOS DE TERCEIROS - P.FISICA;339036;OUTROS SERVICOS DE TERCEIROS - PESSOA FISICA;00;RECURSOS PRIMARIOS DE LIVRE APLICACAO;;;;;785.30;342.80;442.50;354.00
2019;153036;UNIVERSIDADE FED.VALES JEQUITINHONHA E MUCURI;12;EDUCACAO;364;ENSINO SUPERIOR;2080;EDUCACAO DE QUALIDADE PARA TODOS;0487;CONCESSAO DE BOLSAS DE ESTUDO NO ENSINO SUPERIOR;0002;CONCESSAO DE BOLSAS DE ESTUDOS NO PAIS;12364208004870001;108452;OCCCUO9414N;BF SUPERIOR - PROAP;90;APLICACOES DIRETAS;3;DESPESAS CORRENTES;3;OUTRAS DESPESAS CORRENTES;14;DIARIAS - PESSOAL CIVIL;339014;DIARIAS - PESSOAL CIVIL;00;RECURSOS PRIMARIOS DE LIVRE APLICACAO;;;;;957,226.36;489,069.75;468,156.61;459,793.67
2019;153036;UNIVERSIDADE FED.VALES JEQUITINHONHA E MUCURI;12;EDUCACAO;364;ENSINO SUPERIOR;2080;EDUCACAO DE QUALIDADE PARA TODOS;0487;CONCESSAO DE BOLSAS DE ESTUDO NO ENSINO SUPERIOR;0002;CONCESSAO DE BOLSAS DE ESTUDOS NO PAIS;12364208004870001;108452;OCCCUO9414N;BF SUPERIOR - PROAP;90;APLICACOES DIRETAS;3;DESPESAS CORRENTES;3;OUTRAS DESPESAS CORRENTES;18;AUXILIO FINANCEIRO A ESTUDANTES;339018;AUXILIO FINANCEIRO A ESTUDANTES;00;RECURSOS PRIMARIOS DE LIVRE APLICACAO;;;;;843,814.30;486,146.17;233,643.18;216,891.63
2019;153036;UNIVERSIDADE FED.VALES JEQUITINHONHA E MUCURI;12;EDUCACAO;364;ENSINO SUPERIOR;2080;EDUCACAO DE QUALIDADE PARA TODOS;0487;CONCESSAO DE BOLSAS DE ESTUDO NO ENSINO SUPERIOR;0002;CONCESSAO DE BOLSAS DE ESTUDOS NO PAIS;12364208004870001;108452;OCCCUO9414N;BF SUPERIOR - PROAP;90;APLICACOES DIRETAS;3;DESPESAS CORRENTES;3;OUTRAS DESPESAS CORRENTES;20;AUXILIO FINANCEIRO A PESQUISADORES;339020;AUXILIO FINANCEIRO A PESQUISADORES;00;RECURSOS PRIMARIOS DE LIVRE APLICACAO;;;;;200,500.00;121,290.00;56,590.00;54,990.00
2019;153036;UNIVERSIDADE FED.VALES JEQUITINHONHA E MUCURI;12;EDUCACAO;364;ENSINO SUPERIOR;2080;EDUCACAO DE QUALIDADE PARA TODOS;0487;CONCESSAO DE BOLSAS DE ESTUDO NO ENSINO SUPERIOR;0002;CONCESSAO DE BOLSAS DE ESTUDOS NO PAIS;12364208004870001;108452;OCCCUO9414N;BF SUPERIOR - PROAP;90;APLICACOES DIRETAS;3;DESPESAS CORRENTES;3;OUTRAS DESPESAS CORRENTES;30;MATERIAL DE CONSUMO;339030;MATERIAL DE CONSUMO;00;RECURSOS PRIMARIOS DE LIVRE APLICACAO;;;;;175,154.24;43,788.56;77,061.90;77,061.90
2019;153036;UNIVERSIDADE FED.VALES JEQUITINHONHA E MUCURI;12;EDUCACAO;364;ENSINO SUPERIOR;2080;EDUCACAO DE QUALIDADE PARA TODOS;0487;CONCESSAO DE BOLSAS DE ESTUDO NO ENSINO SUPERIOR;0002;CONCESSAO DE BOLSAS DE ESTUDOS NO PAIS;12364208004870001;108452;OCCCUO9414N;BF SUPERIOR - PROAP;90;APLICACOES DIRETAS;3;DESPESAS CORRENTES;3;OUTRAS DESPESAS CORRENTES;33;PASSAGENS E DESPESAS COM LOCOMOCAO;339033;PASSAGENS E DESPESAS COM LOCOMOCAO;00;RECURSOS PRIMARIOS DE LIVRE APLICACAO;;;;;179,233.29;100,605.29;73,359.94;72,454.88
2019;153036;UNIVERSIDADE FED.VALES JEQUITINHONHA E MUCURI;12;EDUCACAO;364;ENSINO SUPERIOR;2080;EDUCACAO DE QUALIDADE PARA TODOS;0487;CONCESSAO DE BOLSAS DE ESTUDO NO ENSINO SUPERIOR;0002;CONCESSAO DE BOLSAS DE ESTUDOS NO PAIS;12364208004870001;108452;OCCCUO9414N;BF SUPERIOR - PROAP;90;APLICACOES DIRETAS;3;DESPESAS CORRENTES;3;OUTRAS DESPESAS CORRENTES;36;OUTROS SERVICOS DE TERCEIROS - P.FISICA;339036;OUTROS SERVICOS DE TERCEIROS - PESSOA FISICA;00;RECURSOS PRIMARIOS DE LIVRE APLICACAO;;;;;26,401.26;17,682.76;8,718.50;8,276.00
2019;153036;UNIVERSIDADE FED.VALES JEQUITINHONHA E MUCURI;12;EDUCACAO;368;EDUCACAO BASICA;2080;EDUCACAO DE QUALIDADE PARA TODOS;20RJ;APOIO A CAPACITACAO E FORMACAO INICIAL E CONTINUADA PARA A E;0004;EDUCACAO BASICA A DISTANCIA - SISTEMA UNIVERSIDADE ABERTA DO BRASIL (UAB);12368208020RJ0001;108456;MCC62G22EDN;UAB - UAB TRADICIONAL;90;APLICACOES DIRETAS;3;DESPESAS CORRENTES;3;OUTRAS DESPESAS CORRENTES;14;DIARIAS - PESSOAL CIVIL;339014;DIARIAS - PESSOAL CIVIL;00;RECURSOS PRIMARIOS DE LIVRE APLICACAO;;;;;651,326.10;221,386.22;429,939.88;428,076.43
2019;153036;UNIVERSIDADE FED.VALES JEQUITINHONHA E MUCURI;12;EDUCACAO;368;EDUCACAO BASICA;2080;EDUCACAO DE QUALIDADE PARA TODOS;20RJ;APOIO A CAPACITACAO E FORMACAO INICIAL E CONTINUADA PARA A E;0004;EDUCACAO BASICA A DISTANCIA - SISTEMA UNIVERSIDADE ABERTA DO BRASIL (UAB);12368208020RJ0001;108456;MCC62G22EDN;UAB - UAB TRADICIONAL;90;APLICACOES DIRETAS;3;DESPESAS CORRENTES;3;OUTRAS DESPESAS CORRENTES;33;PASSAGENS E DESPESAS COM LOCOMOCAO;339033;PASSAGENS E DESPESAS COM LOCOMOCAO;00;RECURSOS PRIMARIOS DE LIVRE APLICACAO;;;;;46,702.54;23,580.52;23,122.02;23,122.02
2019;153036;UNIVERSIDADE FED.VALES JEQUITINHONHA E MUCURI;12;EDUCACAO;368;EDUCACAO BASICA;2080;EDUCACAO DE QUALIDADE PARA TODOS;20RJ;APOIO A CAPACITACAO E FORMACAO INICIAL E CONTINUADA PARA A E;0004;EDUCACAO BASICA A DISTANCIA - SISTEMA UNIVERSIDADE ABERTA DO BRASIL (UAB);12368208020RJ0001;108456;MCC62G22EDN;UAB - UAB TRADICIONAL;90;APLICACOES DIRETAS;3;DESPESAS CORRENTES;3;OUTRAS DESPESAS CORRENTES;39;OUTROS SERVICOS DE TERCEIROS PJ - OP.INT.ORC.;339039;OUTROS SERVICOS DE TERCEIROS - PESSOA JURIDICA;00;RECURSOS PRIMARIOS DE LIVRE APLICACAO;;;;;1,152,476.26;514,111.80;171,626.80;147,091.16
2019;153037;UNIVERSIDADE FEDERAL DE ALAGOAS;12;EDUCACAO;364;ENSINO SUPERIOR;2080;EDUCACAO DE QUALIDADE PARA TODOS;0487;CONCESSAO DE BOLSAS DE ESTUDO NO ENSINO SUPERIOR;0002;CONCESSAO DE BOLSAS DE ESTUDOS NO PAIS;12364208004870001;108452;OCCCUO9414N;BF SUPERIOR - PROAP;90;APLICACOES DIRETAS;3;DESPESAS CORRENTES;3;OUTRAS DESPESAS CORRENTES;14;DIARIAS - PESSOAL CIVIL;339014;DIARIAS - PESSOAL CIVIL;00;RECURSOS PRIMARIOS DE LIVRE APLICACAO;;;;;2,152,869.33;1,163,422.79;989,446.54;887,660.22
2019;153037;UNIVERSIDADE FEDERAL DE ALAGOAS;12;EDUCACAO;364;ENSINO SUPERIOR;2080;EDUCACAO DE QUALIDADE PARA TODOS;0487;CONCESSAO DE BOLSAS DE ESTUDO NO ENSINO SUPERIOR;0002;CONCESSAO DE BOLSAS DE ESTUDOS NO PAIS;12364208004870001;108452;OCCCUO9414N;BF SUPERIOR - PROAP;90;APLICACOES DIRETAS;3;DESPESAS CORRENTES;3;OUTRAS DESPESAS CORRENTES;18;AUXILIO FINANCEIRO A ESTUDANTES;339018;AUXILIO FINANCEIRO A ESTUDANTES;00;RECURSOS PRIMARIOS DE LIVRE APLICACAO;;;;;2,147,638.98;1,051,905.06;999,585.63;779,957.38
2019;153037;UNIVERSIDADE FEDERAL DE ALAGOAS;12;EDUCACAO;364;ENSINO SUPERIOR;2080;EDUCACAO DE QUALIDADE PARA TODOS;0487;CONCESSAO DE BOLSAS DE ESTUDO NO ENSINO SUPERIOR;0002;CONCESSAO DE BOLSAS DE ESTUDOS NO PAIS;12364208004870001;108452;OCCCUO9414N;BF SUPERIOR - PROAP;90;APLICACOES DIRETAS;3;DESPESAS CORRENTES;3;OUTRAS DESPESAS CORRENTES;20;AUXILIO FINANCEIRO A PESQUISADORES;339020;AUXILIO FINANCEIRO A PESQUISADORES;00;RECURSOS PRIMARIOS DE LIVRE APLICACAO;;;;;384,787.00;193,619.60;154,880.00;129,280.00
2019;153037;UNIVERSIDADE FEDERAL DE ALAGOAS;12;EDUCACAO;364;ENSINO SUPERIOR;2080;EDUCACAO DE QUALIDADE PARA TODOS;0487;CONCESSAO DE BOLSAS DE ESTUDO NO ENSINO SUPERIOR;0002;CONCESSAO DE BOLSAS DE ESTUDOS NO PAIS;12364208004870001;108452;OCCCUO9414N;BF SUPERIOR - PROAP;90;APLICACOES DIRETAS;3;DESPESAS CORRENTES;3;OUTRAS DESPESAS CORRENTES;33;PASSAGENS E DESPESAS COM LOCOMOCAO;339033;PASSAGENS E DESPESAS COM LOCOMOCAO;00;RECURSOS PRIMARIOS DE LIVRE APLICACAO;;;;;1,892,211.95;1,252,226.63;585,014.40;431,360.22
2019;153037;UNIVERSIDADE FEDERAL DE ALAGOAS;12;EDUCACAO;364;ENSINO SUPERIOR;2080;EDUCACAO DE QUALIDADE PARA TODOS;0487;CONCESSAO DE BOLSAS DE ESTUDO NO ENSINO SUPERIOR;0002;CONCESSAO DE BOLSAS DE ESTUDOS NO PAIS;12364208004870001;108452;OCCCUO9414N;BF SUPERIOR - PROAP;90;APLICACOES DIRETAS;3;DESPESAS CORRENTES;3;OUTRAS DESPESAS CORRENTES;36;OUTROS SERVICOS DE TERCEIROS - P.FISICA;339036;OUTROS SERVICOS DE TERCEIROS - PESSOA FISICA;00;RECURSOS PRIMARIOS DE LIVRE APLICACAO;;;;;228,800.14;143,085.94;83,924.70;74,888.20
2019;153037;UNIVERSIDADE FEDERAL DE ALAGOAS;12;EDUCACAO;364;ENSINO SUPERIOR;2080;EDUCACAO DE QUALIDADE PARA TODOS;0487;CONCESSAO DE BOLSAS DE ESTUDO NO ENSINO SUPERIOR;0002;CONCESSAO DE BOLSAS DE ESTUDOS NO PAIS;12364208004870001;108452;OCCCUO9414N;BF SUPERIOR - PROAP;90;APLICACOES DIRETAS;3;DESPESAS CORRENTES;3;OUTRAS DESPESAS CORRENTES;39;OUTROS SERVICOS DE TERCEIROS PJ - OP.INT.ORC.;339039;OUTROS SERVICOS DE TERCEIROS - PESSOA JURIDICA;00;RECURSOS PRIMARIOS DE LIVRE APLICACAO;;;;;121,630.00;93,421.00;3,531.00;
2019;153037;UNIVERSIDADE FEDERAL DE ALAGOAS;12;EDUCACAO;364;ENSINO SUPERIOR;2080;EDUCACAO DE QUALIDADE PARA TODOS;0487;CONCESSAO DE BOLSAS DE ESTUDO NO ENSINO SUPERIOR;0002;CONCESSAO DE BOLSAS DE ESTUDOS NO PAIS;12364208004870001;108452;OCCCUO9414N;BF SUPERIOR - PROAP;90;APLICACOES DIRETAS;3;DESPESAS CORRENTES;3;OUTRAS DESPESAS CORRENTES;93;INDENIZACOES E RESTITUICOES;339093;INDENIZACOES E RESTITUICOES;00;RECURSOS PRIMARIOS DE LIVRE APLICACAO;;;;;200,452.16;92,479.04;56,973.12;52,146.80
2019;153037;UNIVERSIDADE FEDERAL DE ALAGOAS;12;EDUCACAO;368;EDUCACAO BASICA;2080;EDUCACAO DE QUALIDADE PARA TODOS;20RJ;APOIO A CAPACITACAO E FORMACAO INICIAL E CONTINUADA PARA A E;0004;EDUCACAO BASICA A DISTANCIA - SISTEMA UNIVERSIDADE ABERTA DO BRASIL (UAB);12368208020RJ0001;108456;MCC62G22EDN;UAB - UAB TRADICIONAL;90;APLICACOES DIRETAS;3;DESPESAS CORRENTES;3;OUTRAS DESPESAS CORRENTES;14;DIARIAS - PESSOAL CIVIL;339014;DIARIAS - PESSOAL CIVIL;00;RECURSOS PRIMARIOS DE LIVRE APLICACAO;;;;;661,568.04;512,707.41;148,595.13;124,695.17
2019;153037;UNIVERSIDADE FEDERAL DE ALAGOAS;12;EDUCACAO;368;EDUCACAO BASICA;2080;EDUCACAO DE QUALIDADE PARA TODOS;20RJ;APOIO A CAPACITACAO E FORMACAO INICIAL E CONTINUADA PARA A E;0004;EDUCACAO BASICA A DISTANCIA - SISTEMA UNIVERSIDADE ABERTA DO BRASIL (UAB);12368208020RJ0001;108456;MCC62G22EDN;UAB - UAB TRADICIONAL;90;APLICACOES DIRETAS;3;DESPESAS CORRENTES;3;OUTRAS DESPESAS CORRENTES;33;PASSAGENS E DESPESAS COM LOCOMOCAO;339033;PASSAGENS E DESPESAS COM LOCOMOCAO;00;RECURSOS PRIMARIOS DE LIVRE APLICACAO;;;;;364,628.60;297,667.87;66,960.73;24,481.24
2019;153037;UNIVERSIDADE FEDERAL DE ALAGOAS;12;EDUCACAO;368;EDUCACAO BASICA;2080;EDUCACAO DE QUALIDADE PARA TODOS;20RJ;APOIO A CAPACITACAO E FORMACAO INICIAL E CONTINUADA PARA A E;0004;EDUCACAO BASICA A DISTANCIA - SISTEMA UNIVERSIDADE ABERTA DO BRASIL (UAB);12368208020RJ0001;108456;MCC62G22EDN;UAB - UAB TRADICIONAL;90;APLICACOES DIRETAS;3;DESPESAS CORRENTES;3;OUTRAS DESPESAS CORRENTES;36;OUTROS SERVICOS DE TERCEIROS - P.FISICA;339036;OUTROS SERVICOS DE TERCEIROS - PESSOA FISICA;00;RECURSOS PRIMARIOS DE LIVRE APLICACAO;;;;;82,588.40;68,502.00;13,555.40;10,503.30
2019;153037;UNIVERSIDADE FEDERAL DE ALAGOAS;12;EDUCACAO;368;EDUCACAO BASICA;2080;EDUCACAO DE QUALIDADE PARA TODOS;20RJ;APOIO A CAPACITACAO E FORMACAO INICIAL E CONTINUADA PARA A E;0004;EDUCACAO BASICA A DISTANCIA - SISTEMA UNIVERSIDADE ABERTA DO BRASIL (UAB);12368208020RJ0001;108456;MCC62G22EDN;UAB - UAB TRADICIONAL;90;APLICACOES DIRETAS;3;DESPESAS CORRENTES;3;OUTRAS DESPESAS CORRENTES;39;OUTROS SERVICOS DE TERCEIROS PJ - OP.INT.ORC.;339039;OUTROS SERVICOS DE TERCEIROS - PESSOA JURIDICA;00;RECURSOS PRIMARIOS DE LIVRE APLICACAO;;;;;435,411.60;108,852.90;326,558.70;
2019;153037;UNIVERSIDADE FEDERAL DE ALAGOAS;12;EDUCACAO;368;EDUCACAO BASICA;2080;EDUCACAO DE QUALIDADE PARA TODOS;20RJ;APOIO A CAPACITACAO E FORMACAO INICIAL E CONTINUADA PARA A E;0004;EDUCACAO BASICA A DISTANCIA - SISTEMA UNIVERSIDADE ABERTA DO BRASIL (UAB);12368208020RJ0001;108456;QCC62T58LEN;UAB - UAB PROFLETRAS;90;APLICACOES DIRETAS;3;DESPESAS CORRENTES;3;OUTRAS DESPESAS CORRENTES;14;DIARIAS - PESSOAL CIVIL;339014;DIARIAS - PESSOAL CIVIL;00;RECURSOS PRIMARIOS DE LIVRE APLICACAO;;;;;69,283.68;31,120.10;38,163.58;35,933.88
2019;153037;UNIVERSIDADE FEDERAL DE ALAGOAS;12;EDUCACAO;368;EDUCACAO BASICA;2080;EDUCACAO DE QUALIDADE PARA TODOS;20RJ;APOIO A CAPACITACAO E FORMACAO INICIAL E CONTINUADA PARA A E;0004;EDUCACAO BASICA A DISTANCIA - SISTEMA UNIVERSIDADE ABERTA DO BRASIL (UAB);12368208020RJ0001;108456;QCC62T58LEN;UAB - UAB PROFLETRAS;90;APLICACOES DIRETAS;3;DESPESAS CORRENTES;3;OUTRAS DESPESAS CORRENTES;18;AUXILIO FINANCEIRO A ESTUDANTES;339018;AUXILIO FINANCEIRO A ESTUDANTES;00;RECURSOS PRIMARIOS DE LIVRE APLICACAO;;;;;53,450.00;30,275.00;14,280.00;14,280.00
2019;153037;UNIVERSIDADE FEDERAL DE ALAGOAS;12;EDUCACAO;368;EDUCACAO BASICA;2080;EDUCACAO DE QUALIDADE PARA TODOS;20RJ;APOIO A CAPACITACAO E FORMACAO INICIAL E CONTINUADA PARA A E;0004;EDUCACAO BASICA A DISTANCIA - SISTEMA UNIVERSIDADE ABERTA DO BRASIL (UAB);12368208020RJ0001;108456;QCC62T58LEN;UAB - UAB PROFLETRAS;90;APLICACOES DIRETAS;3;DESPESAS CORRENTES;3;OUTRAS DESPESAS CORRENTES;33;PASSAGENS E DESPESAS COM LOCOMOCAO;339033;PASSAGENS E DESPESAS COM LOCOMOCAO;00;RECURSOS PRIMARIOS DE LIVRE APLICACAO;;;;;63,282.64;49,570.66;13,711.98;
2019;153037;UNIVERSIDADE FEDERAL DE ALAGOAS;12;EDUCACAO;368;EDUCACAO BASICA;2080;EDUCACAO DE QUALIDADE PARA TODOS;20RJ;APOIO A CAPACITACAO E FORMACAO INICIAL E CONTINUADA PARA A E;0004;EDUCACAO BASICA A DISTANCIA - SISTEMA UNIVERSIDADE ABERTA DO BRASIL (UAB);12368208020RJ0001;108456;QCC62T58LEN;UAB - UAB PROFLETRAS;90;APLICACOES DIRETAS;3;DESPESAS CORRENTES;3;OUTRAS DESPESAS CORRENTES;36;OUTROS SERVICOS DE TERCEIROS - P.FISICA;339036;OUTROS SERVICOS DE TERCEIROS - PESSOA FISICA;00;RECURSOS PRIMARIOS DE LIVRE APLICACAO;;;;;12,000.00;12,000.00;;
2019;153037;UNIVERSIDADE FEDERAL DE ALAGOAS;12;EDUCACAO;368;EDUCACAO BASICA;2080;EDUCACAO DE QUALIDADE PARA TODOS;20RJ;APOIO A CAPACITACAO E FORMACAO INICIAL E CONTINUADA PARA A E;0004;EDUCACAO BASICA A DISTANCIA - SISTEMA UNIVERSIDADE ABERTA DO BRASIL (UAB);12368208020RJ0001;108456;QCC62T58MAN;UAB - UAB PROFMAT;90;APLICACOES DIRETAS;3;DESPESAS CORRENTES;3;OUTRAS DESPESAS CORRENTES;14;DIARIAS - PESSOAL CIVIL;339014;DIARIAS - PESSOAL CIVIL;00;RECURSOS PRIMARIOS DE LIVRE APLICACAO;;;;;17,667.04;16,250.00;1,417.04;1,417.04
2019;153037;UNIVERSIDADE FEDERAL DE ALAGOAS;12;EDUCACAO;368;EDUCACAO BASICA;2080;EDUCACAO DE QUALIDADE PARA TODOS;20RJ;APOIO A CAPACITACAO E FORMACAO INICIAL E CONTINUADA PARA A E;0004;EDUCACAO BASICA A DISTANCIA - SISTEMA UNIVERSIDADE ABERTA DO BRASIL (UAB);12368208020RJ0001;108456;QCC62T58MAN;UAB - UAB PROFMAT;90;APLICACOES DIRETAS;3;DESPESAS CORRENTES;3;OUTRAS DESPESAS CORRENTES;33;PASSAGENS E DESPESAS COM LOCOMOCAO;339033;PASSAGENS E DESPESAS COM LOCOMOCAO;00;RECURSOS PRIMARIOS DE LIVRE APLICACAO;;;;;16,250.00;16,250.00;;
2019;153037;UNIVERSIDADE FEDERAL DE ALAGOAS;12;EDUCACAO;368;EDUCACAO BASICA;2080;EDUCACAO DE QUALIDADE PARA TODOS;20RJ;APOIO A CAPACITACAO E FORMACAO INICIAL E CONTINUADA PARA A E;0004;EDUCACAO BASICA A DISTANCIA - SISTEMA UNIVERSIDADE ABERTA DO BRASIL (UAB);12368208020RJ0001;108456;QCC62T58QUN;UAB - UAB PROFQUIMICA;90;APLICACOES DIRETAS;3;DESPESAS CORRENTES;3;OUTRAS DESPESAS CORRENTES;14;DIARIAS - PESSOAL CIVIL;339014;DIARIAS - PESSOAL CIVIL;00;RECURSOS PRIMARIOS DE LIVRE APLICACAO;;;;;22,771.28;6,597.90;16,173.38;16,173.38
2019;153037;UNIVERSIDADE FEDERAL DE ALAGOAS;12;EDUCACAO;368;EDUCACAO BASICA;2080;EDUCACAO DE QUALIDADE PARA TODOS;20RJ;APOIO A CAPACITACAO E FORMACAO INICIAL E CONTINUADA PARA A E;0004;EDUCACAO BASICA A DISTANCIA - SISTEMA UNIVERSIDADE ABERTA DO BRASIL (UAB);12368208020RJ0001;108456;QCC62T58QUN;UAB - UAB PROFQUIMICA;90;APLICACOES DIRETAS;3;DESPESAS CORRENTES;3;OUTRAS DESPESAS CORRENTES;18;AUXILIO FINANCEIRO A ESTUDANTES;339018;AUXILIO FINANCEIRO A ESTUDANTES;00;RECURSOS PRIMARIOS DE LIVRE APLICACAO;;;;;26,880.00;6,160.00;20,000.00;16,000.00
2019;153037;UNIVERSIDADE FEDERAL DE ALAGOAS;12;EDUCACAO;368;EDUCACAO BASICA;2080;EDUCACAO DE QUALIDADE PARA TODOS;20RJ;APOIO A CAPACITACAO E FORMACAO INICIAL E CONTINUADA PARA A E;0004;EDUCACAO BASICA A DISTANCIA - SISTEMA UNIVERSIDADE ABERTA DO BRASIL (UAB);12368208020RJ0001;108456;QCC62T58QUN;UAB - UAB PROFQUIMICA;90;APLICACOES DIRETAS;3;DESPESAS CORRENTES;3;OUTRAS DESPESAS CORRENTES;30;MATERIAL DE CONSUMO;339030;MATERIAL DE CONSUMO;00;RECURSOS PRIMARIOS DE LIVRE APLICACAO;;;;;7,748.80;1,937.20;;
2019;153037;UNIVERSIDADE FEDERAL DE ALAGOAS;12;EDUCACAO;368;EDUCACAO BASICA;2080;EDUCACAO DE QUALIDADE PARA TODOS;20RJ;APOIO A CAPACITACAO E FORMACAO INICIAL E CONTINUADA PARA A E;0004;EDUCACAO BASICA A DISTANCIA - SISTEMA UNIVERSIDADE ABERTA DO BRASIL (UAB);12368208020RJ0001;108456;QCC62T58QUN;UAB - UAB PROFQUIMICA;90;APLICACOES DIRETAS;3;DESPESAS CORRENTES;3;OUTRAS DESPESAS CORRENTES;33;PASSAGENS E DESPESAS COM LOCOMOCAO;339033;PASSAGENS E DESPESAS COM LOCOMOCAO;00;RECURSOS PRIMARIOS DE LIVRE APLICACAO;;;;;14,172.76;8,970.43;5,202.33;5,202.33
2019;153038;UNIVERSIDADE FEDERAL DA BAHIA;12;EDUCACAO;364;ENSINO SUPERIOR;2080;EDUCACAO DE QUALIDADE PARA TODOS;0487;CONCESSAO DE BOLSAS DE ESTUDO NO ENSINO SUPERIOR;0002;CONCESSAO DE BOLSAS DE ESTUDOS NO PAIS;12364208004870001;108452;OCCCUO9414N;BF SUPERIOR - PROAP;90;APLICACOES DIRETAS;3;DESPESAS CORRENTES;3;OUTRAS DESPESAS CORRENTES;14;DIARIAS - PESSOAL CIVIL;339014;DIARIAS - PESSOAL CIVIL;00;RECURSOS PRIMARIOS DE LIVRE APLICACAO;;;;;6,664,964.92;3,225,654.82;3,439,310.10;3,412,718.87
2019;153038;UNIVERSIDADE FEDERAL DA BAHIA;12;EDUCACAO;364;ENSINO SUPERIOR;2080;EDUCACAO DE QUALIDADE PARA TODOS;0487;CONCESSAO DE BOLSAS DE ESTUDO NO ENSINO SUPERIOR;0002;CONCESSAO DE BOLSAS DE ESTUDOS NO PAIS;12364208004870001;108452;OCCCUO9414N;BF SUPERIOR - PROAP;90;APLICACOES DIRETAS;3;DESPESAS CORRENTES;3;OUTRAS DESPESAS CORRENTES;18;AUXILIO FINANCEIRO A ESTUDANTES;339018;AUXILIO FINANCEIRO A ESTUDANTES;00;RECURSOS PRIMARIOS DE LIVRE APLICACAO;;;;;8,102,971.73;2,662,485.30;5,440,486.43;4,991,005.27
2019;153038;UNIVERSIDADE FEDERAL DA BAHIA;12;EDUCACAO;364;ENSINO SUPERIOR;2080;EDUCACAO DE QUALIDADE PARA TODOS;0487;CONCESSAO DE BOLSAS DE ESTUDO NO ENSINO SUPERIOR;0002;CONCESSAO DE BOLSAS DE ESTUDOS NO PAIS;12364208004870001;108452;OCCCUO9414N;BF SUPERIOR - PROAP;90;APLICACOES DIRETAS;3;DESPESAS CORRENTES;3;OUTRAS DESPESAS CORRENTES;20;AUXILIO FINANCEIRO A PESQUISADORES;339020;AUXILIO FINANCEIRO A PESQUISADORES;00;RECURSOS PRIMARIOS DE LIVRE APLICACAO;;;;;1,012,659.21;708,887.72;303,771.49;281,171.49
2019;153038;UNIVERSIDADE FEDERAL DA BAHIA;12;EDUCACAO;364;ENSINO SUPERIOR;2080;EDUCACAO DE QUALIDADE PARA TODOS;0487;CONCESSAO DE BOLSAS DE ESTUDO NO ENSINO SUPERIOR;0002;CONCESSAO DE BOLSAS DE ESTUDOS NO PAIS;12364208004870001;108452;OCCCUO9414N;BF SUPERIOR - PROAP;90;APLICACOES DIRETAS;3;DESPESAS CORRENTES;3;OUTRAS DESPESAS CORRENTES;30;MATERIAL DE CONSUMO;339030;MATERIAL DE CONSUMO;00;RECURSOS PRIMARIOS DE LIVRE APLICACAO;;;;;1,667,247.72;377,103.68;274,057.63;271,112.64
2019;153038;UNIVERSIDADE FEDERAL DA BAHIA;12;EDUCACAO;364;ENSINO SUPERIOR;2080;EDUCACAO DE QUALIDADE PARA TODOS;0487;CONCESSAO DE BOLSAS DE ESTUDO NO ENSINO SUPERIOR;0002;CONCESSAO DE BOLSAS DE ESTUDOS NO PAIS;12364208004870001;108452;OCCCUO9414N;BF SUPERIOR - PROAP;90;APLICACOES DIRETAS;3;DESPESAS CORRENTES;3;OUTRAS DESPESAS CORRENTES;33;PASSAGENS E DESPESAS COM LOCOMOCAO;339033;PASSAGENS E DESPESAS COM LOCOMOCAO;00;RECURSOS PRIMARIOS DE LIVRE APLICACAO;;;;;5,980,469.00;2,991,220.71;2,956,805.63;2,895,921.51
2019;153038;UNIVERSIDADE FEDERAL DA BAHIA;12;EDUCACAO;364;ENSINO SUPERIOR;2080;EDUCACAO DE QUALIDADE PARA TODOS;0487;CONCESSAO DE BOLSAS DE ESTUDO NO ENSINO SUPERIOR;0002;CONCESSAO DE BOLSAS DE ESTUDOS NO PAIS;12364208004870001;108452;OCCCUO9414N;BF SUPERIOR - PROAP;90;APLICACOES DIRETAS;3;DESPESAS CORRENTES;3;OUTRAS DESPESAS CORRENTES;36;OUTROS SERVICOS DE TERCEIROS - P.FISICA;339036;OUTROS SERVICOS DE TERCEIROS - PESSOA FISICA;00;RECURSOS PRIMARIOS DE LIVRE APLICACAO;;;;;1,248,064.80;870,711.10;377,353.70;368,841.10
2019;153038;UNIVERSIDADE FEDERAL DA BAHIA;12;EDUCACAO;364;ENSINO SUPERIOR;2080;EDUCACAO DE QUALIDADE PARA TODOS;0487;CONCESSAO DE BOLSAS DE ESTUDO NO ENSINO SUPERIOR;0002;CONCESSAO DE BOLSAS DE ESTUDOS NO PAIS;12364208004870001;108452;OCCCUO9414N;BF SUPERIOR - PROAP;90;APLICACOES DIRETAS;3;DESPESAS CORRENTES;3;OUTRAS DESPESAS CORRENTES;39;OUTROS SERVICOS DE TERCEIROS PJ - OP.INT.ORC.;339039;OUTROS SERVICOS DE TERCEIROS - PESSOA JURIDICA;00;RECURSOS PRIMARIOS DE LIVRE APLICACAO;;;;;1,630,195.70;450,405.37;254,500.00;207,697.40
2019;153038;UNIVERSIDADE FEDERAL DA BAHIA;12;EDUCACAO;364;ENSINO SUPERIOR;2080;EDUCACAO DE QUALIDADE PARA TODOS;0487;CONCESSAO DE BOLSAS DE ESTUDO NO ENSINO SUPERIOR;0002;CONCESSAO DE BOLSAS DE ESTUDOS NO PAIS;12364208004870001;108452;OCCCUO9414N;BF SUPERIOR - PROAP;90;APLICACOES DIRETAS;3;DESPESAS CORRENTES;3;OUTRAS DESPESAS CORRENTES;93;INDENIZACOES E RESTITUICOES;339093;INDENIZACOES E RESTITUICOES;00;RECURSOS PRIMARIOS DE LIVRE APLICACAO;;;;;653,603.01;100,609.12;546,835.10;497,983.63
2019;153038;UNIVERSIDADE FEDERAL DA BAHIA;12;EDUCACAO;368;EDUCACAO BASICA;2080;EDUCACAO DE QUALIDADE PARA TODOS;20RJ;APOIO A CAPACITACAO E FORMACAO INICIAL E CONTINUADA PARA A E;0004;EDUCACAO BASICA A DISTANCIA - SISTEMA UNIVERSIDADE ABERTA DO BRASIL (UAB);12368208020RJ0001;108456;MCC62G22EDN;UAB - UAB TRADICIONAL;90;APLICACOES DIRETAS;3;DESPESAS CORRENTES;3;OUTRAS DESPESAS CORRENTES;39;OUTROS SERVICOS DE TERCEIROS PJ - OP.INT.ORC.;339039;OUTROS SERVICOS DE TERCEIROS - PESSOA JURIDICA;00;RECURSOS PRIMARIOS DE LIVRE APLICACAO;;;;;4,764,956.18;59,128.38;4,705,827.80;3,932,097.42
2019;153038;UNIVERSIDADE FEDERAL DA BAHIA;12;EDUCACAO;368;EDUCACAO BASICA;2080;EDUCACAO DE QUALIDADE PARA TODOS;20RJ;APOIO A CAPACITACAO E FORMACAO INICIAL E CONTINUADA PARA A E;0004;EDUCACAO BASICA A DISTANCIA - SISTEMA UNIVERSIDADE ABERTA DO BRASIL (UAB);12368208020RJ0001;108456;QCC62T58LEN;UAB - UAB PROFLETRAS;90;APLICACOES DIRETAS;3;DESPESAS CORRENTES;3;OUTRAS DESPESAS CORRENTES;14;DIARIAS - PESSOAL CIVIL;339014;DIARIAS - PESSOAL CIVIL;00;RECURSOS PRIMARIOS DE LIVRE APLICACAO;;;;;106,747.17;84,205.12;22,542.05;21,786.93
2019;153038;UNIVERSIDADE FEDERAL DA BAHIA;12;EDUCACAO;368;EDUCACAO BASICA;2080;EDUCACAO DE QUALIDADE PARA TODOS;20RJ;APOIO A CAPACITACAO E FORMACAO INICIAL E CONTINUADA PARA A E;0004;EDUCACAO BASICA A DISTANCIA - SISTEMA UNIVERSIDADE ABERTA DO BRASIL (UAB);12368208020RJ0001;108456;QCC62T58LEN;UAB - UAB PROFLETRAS;90;APLICACOES DIRETAS;3;DESPESAS CORRENTES;3;OUTRAS DESPESAS CORRENTES;18;AUXILIO FINANCEIRO A ESTUDANTES;339018;AUXILIO FINANCEIRO A ESTUDANTES;00;RECURSOS PRIMARIOS DE LIVRE APLICACAO;;;;;24,833.20;24,833.20;;
2019;153038;UNIVERSIDADE FEDERAL DA BAHIA;12;EDUCACAO;368;EDUCACAO BASICA;2080;EDUCACAO DE QUALIDADE PARA TODOS;20RJ;APOIO A CAPACITACAO E FORMACAO INICIAL E CONTINUADA PARA A E;0004;EDUCACAO BASICA A DISTANCIA - SISTEMA UNIVERSIDADE ABERTA DO BRASIL (UAB);12368208020RJ0001;108456;QCC62T58LEN;UAB - UAB PROFLETRAS;90;APLICACOES DIRETAS;3;DESPESAS CORRENTES;3;OUTRAS DESPESAS CORRENTES;30;MATERIAL DE CONSUMO;339030;MATERIAL DE CONSUMO;00;RECURSOS PRIMARIOS DE LIVRE APLICACAO;;;;;152,101.86;22,234.50;91,930.50;66,703.50
2019;153038;UNIVERSIDADE FEDERAL DA BAHIA;12;EDUCACAO;368;EDUCACAO BASICA;2080;EDUCACAO DE QUALIDADE PARA TODOS;20RJ;APOIO A CAPACITACAO E FORMACAO INICIAL E CONTINUADA PARA A E;0004;EDUCACAO BASICA A DISTANCIA - SISTEMA UNIVERSIDADE ABERTA DO BRASIL (UAB);12368208020RJ0001;108456;QCC62T58LEN;UAB - UAB PROFLETRAS;90;APLICACOES DIRETAS;3;DESPESAS CORRENTES;3;OUTRAS DESPESAS CORRENTES;33;PASSAGENS E DESPESAS COM LOCOMOCAO;339033;PASSAGENS E DESPESAS COM LOCOMOCAO;00;RECURSOS PRIMARIOS DE LIVRE APLICACAO;;;;;75,125.54;59,465.36;15,660.18;15,660.18
2019;153038;UNIVERSIDADE FEDERAL DA BAHIA;12;EDUCACAO;368;EDUCACAO BASICA;2080;EDUCACAO DE QUALIDADE PARA TODOS;20RJ;APOIO A CAPACITACAO E FORMACAO INICIAL E CONTINUADA PARA A E;0004;EDUCACAO BASICA A DISTANCIA - SISTEMA UNIVERSIDADE ABERTA DO BRASIL (UAB);12368208020RJ0001;108456;QCC62T58LEN;UAB - UAB PROFLETRAS;90;APLICACOES DIRETAS;3;DESPESAS CORRENTES;3;OUTRAS DESPESAS CORRENTES;39;OUTROS SERVICOS DE TERCEIROS PJ - OP.INT.ORC.;339039;OUTROS SERVICOS DE TERCEIROS - PESSOA JURIDICA;00;RECURSOS PRIMARIOS DE LIVRE APLICACAO;;;;;79,999.92;9,999.99;69,999.93;69,999.93
2019;153038;UNIVERSIDADE FEDERAL DA BAHIA;12;EDUCACAO;368;EDUCACAO BASICA;2080;EDUCACAO DE QUALIDADE PARA TODOS;20RJ;APOIO A CAPACITACAO E FORMACAO INICIAL E CONTINUADA PARA A E;0004;EDUCACAO BASICA A DISTANCIA - SISTEMA UNIVERSIDADE ABERTA DO BRASIL (UAB);12368208020RJ0001;108456;QCC62T58MAN;UAB - UAB PROFMAT;90;APLICACOES DIRETAS;3;DESPESAS CORRENTES;3;OUTRAS DESPESAS CORRENTES;14;DIARIAS - PESSOAL CIVIL;339014;DIARIAS - PESSOAL CIVIL;00;RECURSOS PRIMARIOS DE LIVRE APLICACAO;;;;;97,384.08;78,761.30;18,622.78;18,622.78
2019;153038;UNIVERSIDADE FEDERAL DA BAHIA;12;EDUCACAO;368;EDUCACAO BASICA;2080;EDUCACAO DE QUALIDADE PARA TODOS;20RJ;APOIO A CAPACITACAO E FORMACAO INICIAL E CONTINUADA PARA A E;0004;EDUCACAO BASICA A DISTANCIA - SISTEMA UNIVERSIDADE ABERTA DO BRASIL (UAB);12368208020RJ0001;108456;QCC62T58MAN;UAB - UAB PROFMAT;90;APLICACOES DIRETAS;3;DESPESAS CORRENTES;3;OUTRAS DESPESAS CORRENTES;33;PASSAGENS E DESPESAS COM LOCOMOCAO;339033;PASSAGENS E DESPESAS COM LOCOMOCAO;00;RECURSOS PRIMARIOS DE LIVRE APLICACAO;;;;;64,227.66;44,045.42;20,182.24;20,182.24
2019;153045;UNIVERSIDADE FEDERAL DO CEARA;12;EDUCACAO;364;ENSINO SUPERIOR;2080;EDUCACAO DE QUALIDADE PARA TODOS;0487;CONCESSAO DE BOLSAS DE ESTUDO NO ENSINO SUPERIOR;0002;CONCESSAO DE BOLSAS DE ESTUDOS NO PAIS;12364208004870001;108452;OCCCUO9414N;BF SUPERIOR - PROAP;90;APLICACOES DIRETAS;3;DESPESAS CORRENTES;3;OUTRAS DESPESAS CORRENTES;14;DIARIAS - PESSOAL CIVIL;339014;DIARIAS - PESSOAL CIVIL;00;RECURSOS PRIMARIOS DE LIVRE APLICACAO;;;;;3,657,453.34;1,496,106.39;2,161,346.95;1,982,743.38
2019;153045;UNIVERSIDADE FEDERAL DO CEARA;12;EDUCACAO;364;ENSINO SUPERIOR;2080;EDUCACAO DE QUALIDADE PARA TODOS;0487;CONCESSAO DE BOLSAS DE ESTUDO NO ENSINO SUPERIOR;0002;CONCESSAO DE BOLSAS DE ESTUDOS NO PAIS;12364208004870001;108452;OCCCUO9414N;BF SUPERIOR - PROAP;90;APLICACOES DIRETAS;3;DESPESAS CORRENTES;3;OUTRAS DESPESAS CORRENTES;18;AUXILIO FINANCEIRO A ESTUDANTES;339018;AUXILIO FINANCEIRO A ESTUDANTES;00;RECURSOS PRIMARIOS DE LIVRE APLICACAO;;;;;9,226,388.24;3,466,558.46;5,725,299.78;5,375,233.06
2019;153045;UNIVERSIDADE FEDERAL DO CEARA;12;EDUCACAO;364;ENSINO SUPERIOR;2080;EDUCACAO DE QUALIDADE PARA TODOS;0487;CONCESSAO DE BOLSAS DE ESTUDO NO ENSINO SUPERIOR;0002;CONCESSAO DE BOLSAS DE ESTUDOS NO PAIS;12364208004870001;108452;OCCCUO9414N;BF SUPERIOR - PROAP;90;APLICACOES DIRETAS;3;DESPESAS CORRENTES;3;OUTRAS DESPESAS CORRENTES;20;AUXILIO FINANCEIRO A PESQUISADORES;339020;AUXILIO FINANCEIRO A PESQUISADORES;00;RECURSOS PRIMARIOS DE LIVRE APLICACAO;;;;;2,512,495.98;883,862.58;1,628,633.40;1,530,963.40
2019;153045;UNIVERSIDADE FEDERAL DO CEARA;12;EDUCACAO;364;ENSINO SUPERIOR;2080;EDUCACAO DE QUALIDADE PARA TODOS;0487;CONCESSAO DE BOLSAS DE ESTUDO NO ENSINO SUPERIOR;0002;CONCESSAO DE BOLSAS DE ESTUDOS NO PAIS;12364208004870001;108452;OCCCUO9414N;BF SUPERIOR - PROAP;90;APLICACOES DIRETAS;3;DESPESAS CORRENTES;3;OUTRAS DESPESAS CORRENTES;30;MATERIAL DE CONSUMO;339030;MATERIAL DE CONSUMO;00;RECURSOS PRIMARIOS DE LIVRE APLICACAO;;;;;299,790.00;84,310.50;142,422.00;106,816.50
2019;153045;UNIVERSIDADE FEDERAL DO CEARA;12;EDUCACAO;364;ENSINO SUPERIOR;2080;EDUCACAO DE QUALIDADE PARA TODOS;0487;CONCESSAO DE BOLSAS DE ESTUDO NO ENSINO SUPERIOR;0002;CONCESSAO DE BOLSAS DE ESTUDOS NO PAIS;12364208004870001;108452;OCCCUO9414N;BF SUPERIOR - PROAP;90;APLICACOES DIRETAS;3;DESPESAS CORRENTES;3;OUTRAS DESPESAS CORRENTES;33;PASSAGENS E DESPESAS COM LOCOMOCAO;339033;PASSAGENS E DESPESAS COM LOCOMOCAO;00;RECURSOS PRIMARIOS DE LIVRE APLICACAO;;;;;4,058,335.96;1,532,147.38;2,524,344.33;2,434,951.51
2019;153045;UNIVERSIDADE FEDERAL DO CEARA;12;EDUCACAO;364;ENSINO SUPERIOR;2080;EDUCACAO DE QUALIDADE PARA TODOS;0487;CONCESSAO DE BOLSAS DE ESTUDO NO ENSINO SUPERIOR;0002;CONCESSAO DE BOLSAS DE ESTUDOS NO PAIS;12364208004870001;108452;OCCCUO9414N;BF SUPERIOR - PROAP;90;APLICACOES DIRETAS;3;DESPESAS CORRENTES;3;OUTRAS DESPESAS CORRENTES;36;OUTROS SERVICOS DE TERCEIROS - P.FISICA;339036;OUTROS SERVICOS DE TERCEIROS - PESSOA FISICA;00;RECURSOS PRIMARIOS DE LIVRE APLICACAO;;;;;89,578.80;15,384.30;74,194.50;63,971.40
2019;153045;UNIVERSIDADE FEDERAL DO CEARA;12;EDUCACAO;364;ENSINO SUPERIOR;2080;EDUCACAO DE QUALIDADE PARA TODOS;0487;CONCESSAO DE BOLSAS DE ESTUDO NO ENSINO SUPERIOR;0002;CONCESSAO DE BOLSAS DE ESTUDOS NO PAIS;12364208004870001;108452;OCCCUO9414N;BF SUPERIOR - PROAP;90;APLICACOES DIRETAS;3;DESPESAS CORRENTES;3;OUTRAS DESPESAS CORRENTES;39;OUTROS SERVICOS DE TERCEIROS PJ - OP.INT.ORC.;339039;OUTROS SERVICOS DE TERCEIROS - PESSOA JURIDICA;00;RECURSOS PRIMARIOS DE LIVRE APLICACAO;;;;;1,511,152.58;835,820.02;503,197.87;489,472.33
2019;153045;UNIVERSIDADE FEDERAL DO CEARA;12;EDUCACAO;368;EDUCACAO BASICA;2080;EDUCACAO DE QUALIDADE PARA TODOS;20RJ;APOIO A CAPACITACAO E FORMACAO INICIAL E CONTINUADA PARA A E;0003;EDUCACAO BASICA PRESENCIAL;12368208020RJ0001;108455;PCC92B5801N;PARFOR - PARFOR;90;APLICACOES DIRETAS;3;DESPESAS CORRENTES;3;OUTRAS DESPESAS CORRENTES;30;MATERIAL DE CONSUMO;339030;MATERIAL DE CONSUMO;00;RECURSOS PRIMARIOS DE LIVRE APLICACAO;;;;;35,151.60;8,787.90;;
2019;153045;UNIVERSIDADE FEDERAL DO CEARA;12;EDUCACAO;368;EDUCACAO BASICA;2080;EDUCACAO DE QUALIDADE PARA TODOS;20RJ;APOIO A CAPACITACAO E FORMACAO INICIAL E CONTINUADA PARA A E;0003;EDUCACAO BASICA PRESENCIAL;12368208020RJ0001;108455;PCC92B5801N;PARFOR - PARFOR;90;APLICACOES DIRETAS;3;DESPESAS CORRENTES;3;OUTRAS DESPESAS CORRENTES;33;PASSAGENS E DESPESAS COM LOCOMOCAO;339033;PASSAGENS E DESPESAS COM LOCOMOCAO;00;RECURSOS PRIMARIOS DE LIVRE APLICACAO;;;;;39,710.48;9,927.62;27,668.52;27,668.52
2019;153045;UNIVERSIDADE FEDERAL DO CEARA;12;EDUCACAO;368;EDUCACAO BASICA;2080;EDUCACAO DE QUALIDADE PARA TODOS;20RJ;APOIO A CAPACITACAO E FORMACAO INICIAL E CONTINUADA PARA A E;0003;EDUCACAO BASICA PRESENCIAL;12368208020RJ0001;108455;PCC92B5801N;PARFOR - PARFOR;90;APLICACOES DIRETAS;3;DESPESAS CORRENTES;3;OUTRAS DESPESAS CORRENTES;39;OUTROS SERVICOS DE TERCEIROS PJ - OP.INT.ORC.;339039;OUTROS SERVICOS DE TERCEIROS - PESSOA JURIDICA;00;RECURSOS PRIMARIOS DE LIVRE APLICACAO;;;;;4,078,564.00;1,146,592.74;1,913,703.37;1,866,500.92
2019;153045;UNIVERSIDADE FEDERAL DO CEARA;12;EDUCACAO;368;EDUCACAO BASICA;2080;EDUCACAO DE QUALIDADE PARA TODOS;20RJ;APOIO A CAPACITACAO E FORMACAO INICIAL E CONTINUADA PARA A E;0004;EDUCACAO BASICA A DISTANCIA - SISTEMA UNIVERSIDADE ABERTA DO BRASIL (UAB);12368208020RJ0001;108456;QCC62T58LEN;UAB - UAB PROFLETRAS;90;APLICACOES DIRETAS;3;DESPESAS CORRENTES;3;OUTRAS DESPESAS CORRENTES;14;DIARIAS - PESSOAL CIVIL;339014;DIARIAS - PESSOAL CIVIL;00;RECURSOS PRIMARIOS DE LIVRE APLICACAO;;;;;65,416.02;61,427.00;3,989.02;3,989.02
2019;153045;UNIVERSIDADE FEDERAL DO CEARA;12;EDUCACAO;368;EDUCACAO BASICA;2080;EDUCACAO DE QUALIDADE PARA TODOS;20RJ;APOIO A CAPACITACAO E FORMACAO INICIAL E CONTINUADA PARA A E;0004;EDUCACAO BASICA A DISTANCIA - SISTEMA UNIVERSIDADE ABERTA DO BRASIL (UAB);12368208020RJ0001;108456;QCC62T58LEN;UAB - UAB PROFLETRAS;90;APLICACOES DIRETAS;3;DESPESAS CORRENTES;3;OUTRAS DESPESAS CORRENTES;30;MATERIAL DE CONSUMO;339030;MATERIAL DE CONSUMO;00;RECURSOS PRIMARIOS DE LIVRE APLICACAO;;;;;2,259.68;564.92;1,450.92;1,450.92
2019;153045;UNIVERSIDADE FEDERAL DO CEARA;12;EDUCACAO;368;EDUCACAO BASICA;2080;EDUCACAO DE QUALIDADE PARA TODOS;20RJ;APOIO A CAPACITACAO E FORMACAO INICIAL E CONTINUADA PARA A E;0004;EDUCACAO BASICA A DISTANCIA - SISTEMA UNIVERSIDADE ABERTA DO BRASIL (UAB);12368208020RJ0001;108456;QCC62T58LEN;UAB - UAB PROFLETRAS;90;APLICACOES DIRETAS;3;DESPESAS CORRENTES;3;OUTRAS DESPESAS CORRENTES;33;PASSAGENS E DESPESAS COM LOCOMOCAO;339033;PASSAGENS E DESPESAS COM LOCOMOCAO;00;RECURSOS PRIMARIOS DE LIVRE APLICACAO;;;;;146,682.76;89,359.07;8,977.46;8,977.46
2019;153045;UNIVERSIDADE FEDERAL DO CEARA;12;EDUCACAO;368;EDUCACAO BASICA;2080;EDUCACAO DE QUALIDADE PARA TODOS;20RJ;APOIO A CAPACITACAO E FORMACAO INICIAL E CONTINUADA PARA A E;0004;EDUCACAO BASICA A DISTANCIA - SISTEMA UNIVERSIDADE ABERTA DO BRASIL (UAB);12368208020RJ0001;108456;QCC62T58LEN;UAB - UAB PROFLETRAS;90;APLICACOES DIRETAS;3;DESPESAS CORRENTES;3;OUTRAS DESPESAS CORRENTES;39;OUTROS SERVICOS DE TERCEIROS PJ - OP.INT.ORC.;339039;OUTROS SERVICOS DE TERCEIROS - PESSOA JURIDICA;00;RECURSOS PRIMARIOS DE LIVRE APLICACAO;;;;;32,000.00;8,000.00;;
2019;153045;UNIVERSIDADE FEDERAL DO CEARA;12;EDUCACAO;368;EDUCACAO BASICA;2080;EDUCACAO DE QUALIDADE PARA TODOS;20RJ;APOIO A CAPACITACAO E FORMACAO INICIAL E CONTINUADA PARA A E;0004;EDUCACAO BASICA A DISTANCIA - SISTEMA UNIVERSIDADE ABERTA DO BRASIL (UAB);12368208020RJ0001;108456;QCC62T58SON;UAB - PROFSOCIOLOGIA;90;APLICACOES DIRETAS;3;DESPESAS CORRENTES;3;OUTRAS DESPESAS CORRENTES;39;OUTROS SERVICOS DE TERCEIROS PJ - OP.INT.ORC.;339039;OUTROS SERVICOS DE TERCEIROS - PESSOA JURIDICA;00;RECURSOS PRIMARIOS DE LIVRE APLICACAO;;;;;2,267,264.00;1,226,289.46;471,152.89;435,122.11
2019;153046;UNIVERSIDADE FEDERAL DO ESPIRITO SANTO;12;EDUCACAO;364;ENSINO SUPERIOR;2080;EDUCACAO DE QUALIDADE PARA TODOS;0487;CONCESSAO DE BOLSAS DE ESTUDO NO ENSINO SUPERIOR;0002;CONCESSAO DE BOLSAS DE ESTUDOS NO PAIS;12364208004870001;108452;OCCCUO9414N;BF SUPERIOR - PROAP;90;APLICACOES DIRETAS;3;DESPESAS CORRENTES;3;OUTRAS DESPESAS CORRENTES;14;DIARIAS - PESSOAL CIVIL;339014;DIARIAS - PESSOAL CIVIL;00;RECURSOS PRIMARIOS DE LIVRE APLICACAO;;;;;3,671,135.33;1,435,290.31;2,235,845.02;2,181,149.59
2019;153046;UNIVERSIDADE FEDERAL DO ESPIRITO SANTO;12;EDUCACAO;364;ENSINO SUPERIOR;2080;EDUCACAO DE QUALIDADE PARA TODOS;0487;CONCESSAO DE BOLSAS DE ESTUDO NO ENSINO SUPERIOR;0002;CONCESSAO DE BOLSAS DE ESTUDOS NO PAIS;12364208004870001;108452;OCCCUO9414N;BF SUPERIOR - PROAP;90;APLICACOES DIRETAS;3;DESPESAS CORRENTES;3;OUTRAS DESPESAS CORRENTES;18;AUXILIO FINANCEIRO A ESTUDANTES;339018;AUXILIO FINANCEIRO A ESTUDANTES;00;RECURSOS PRIMARIOS DE LIVRE APLICACAO;;;;;4,344,000.00;1,401,892.55;2,942,107.45;2,729,919.62
2019;153046;UNIVERSIDADE FEDERAL DO ESPIRITO SANTO;12;EDUCACAO;364;ENSINO SUPERIOR;2080;EDUCACAO DE QUALIDADE PARA TODOS;0487;CONCESSAO DE BOLSAS DE ESTUDO NO ENSINO SUPERIOR;0002;CONCESSAO DE BOLSAS DE ESTUDOS NO PAIS;12364208004870001;108452;OCCCUO9414N;BF SUPERIOR - PROAP;90;APLICACOES DIRETAS;3;DESPESAS CORRENTES;3;OUTRAS DESPESAS CORRENTES;20;AUXILIO FINANCEIRO A PESQUISADORES;339020;AUXILIO FINANCEIRO A PESQUISADORES;00;RECURSOS PRIMARIOS DE LIVRE APLICACAO;;;;;2,113,733.42;1,366,306.43;747,426.99;687,361.86
2019;153046;UNIVERSIDADE FEDERAL DO ESPIRITO SANTO;12;EDUCACAO;364;ENSINO SUPERIOR;2080;EDUCACAO DE QUALIDADE PARA TODOS;0487;CONCESSAO DE BOLSAS DE ESTUDO NO ENSINO SUPERIOR;0002;CONCESSAO DE BOLSAS DE ESTUDOS NO PAIS;12364208004870001;108452;OCCCUO9414N;BF SUPERIOR - PROAP;90;APLICACOES DIRETAS;3;DESPESAS CORRENTES;3;OUTRAS DESPESAS CORRENTES;30;MATERIAL DE CONSUMO;339030;MATERIAL DE CONSUMO;00;RECURSOS PRIMARIOS DE LIVRE APLICACAO;;;;;166,982.36;58,341.29;44,407.29;43,851.29
2019;153046;UNIVERSIDADE FEDERAL DO ESPIRITO SANTO;12;EDUCACAO;364;ENSINO SUPERIOR;2080;EDUCACAO DE QUALIDADE PARA TODOS;0487;CONCESSAO DE BOLSAS DE ESTUDO NO ENSINO SUPERIOR;0002;CONCESSAO DE BOLSAS DE ESTUDOS NO PAIS;12364208004870001;108452;OCCCUO9414N;BF SUPERIOR - PROAP;90;APLICACOES DIRETAS;3;DESPESAS CORRENTES;3;OUTRAS DESPESAS CORRENTES;33;PASSAGENS E DESPESAS COM LOCOMOCAO;339033;PASSAGENS E DESPESAS COM LOCOMOCAO;00;RECURSOS PRIMARIOS DE LIVRE APLICACAO;;;;;4,034,484.14;2,085,654.34;1,948,829.80;1,918,584.13
2019;153046;UNIVERSIDADE FEDERAL DO ESPIRITO SANTO;12;EDUCACAO;364;ENSINO SUPERIOR;2080;EDUCACAO DE QUALIDADE PARA TODOS;0487;CONCESSAO DE BOLSAS DE ESTUDO NO ENSINO SUPERIOR;0002;CONCESSAO DE BOLSAS DE ESTUDOS NO PAIS;12364208004870001;108452;OCCCUO9414N;BF SUPERIOR - PROAP;90;APLICACOES DIRETAS;3;DESPESAS CORRENTES;3;OUTRAS DESPESAS CORRENTES;36;OUTROS SERVICOS DE TERCEIROS - P.FISICA;339036;OUTROS SERVICOS DE TERCEIROS - PESSOA FISICA;00;RECURSOS PRIMARIOS DE LIVRE APLICACAO;;;;;443,210.50;196,660.50;240,973.00;235,242.80
2019;153046;UNIVERSIDADE FEDERAL DO ESPIRITO SANTO;12;EDUCACAO;364;ENSINO SUPERIOR;2080;EDUCACAO DE QUALIDADE PARA TODOS;0487;CONCESSAO DE BOLSAS DE ESTUDO NO ENSINO SUPERIOR;0002;CONCESSAO DE BOLSAS DE ESTUDOS NO PAIS;12364208004870001;108452;OCCCUO9414N;BF SUPERIOR - PROAP;90;APLICACOES DIRETAS;3;DESPESAS CORRENTES;3;OUTRAS DESPESAS CORRENTES;39;OUTROS SERVICOS DE TERCEIROS PJ - OP.INT.ORC.;339039;OUTROS SERVICOS DE TERCEIROS - PESSOA JURIDICA;00;RECURSOS PRIMARIOS DE LIVRE APLICACAO;;;;;836,260.00;268,552.95;94,328.20;88,586.15
2019;153046;UNIVERSIDADE FEDERAL DO ESPIRITO SANTO;12;EDUCACAO;364;ENSINO SUPERIOR;2080;EDUCACAO DE QUALIDADE PARA TODOS;0487;CONCESSAO DE BOLSAS DE ESTUDO NO ENSINO SUPERIOR;0002;CONCESSAO DE BOLSAS DE ESTUDOS NO PAIS;12364208004870001;108452;OCCCUO9414N;BF SUPERIOR - PROAP;91;APLICACOES DIRETAS - OPERACOES INTERNAS;3;DESPESAS CORRENTES;3;OUTRAS DESPESAS CORRENTES;47;OBRIGACOES TRIBUTARIAS E CONTRIBUTIVAS;339147;OBRIG.TRIBUT.E CONTRIB-OP.INTRA-ORCAMENTARIAS;00;RECURSOS PRIMARIOS DE LIVRE APLICACAO;;;;;3,603.60;1,773.20;715.00;715.00
2019;153046;UNIVERSIDADE FEDERAL DO ESPIRITO SANTO;12;EDUCACAO;368;EDUCACAO BASICA;2080;EDUCACAO DE QUALIDADE PARA TODOS;20RJ;APOIO A CAPACITACAO E FORMACAO INICIAL E CONTINUADA PARA A E;0004;EDUCACAO BASICA A DISTANCIA - SISTEMA UNIVERSIDADE ABERTA DO BRASIL (UAB);12368208020RJ0001;108456;MCC62G22EDN;UAB - UAB TRADICIONAL;90;APLICACOES DIRETAS;3;DESPESAS CORRENTES;3;OUTRAS DESPESAS CORRENTES;39;OUTROS SERVICOS DE TERCEIROS PJ - OP.INT.ORC.;339039;OUTROS SERVICOS DE TERCEIROS - PESSOA JURIDICA;00;RECURSOS PRIMARIOS DE LIVRE APLICACAO;;;;;1,927,825.80;20,000.00;1,907,825.80;1,625,737.62
2019;153050;UFES - COORDENACAO DE ADM. SUL ESPIRITO SANTO;12;EDUCACAO;364;ENSINO SUPERIOR;2080;EDUCACAO DE QUALIDADE PARA TODOS;0487;CONCESSAO DE BOLSAS DE ESTUDO NO ENSINO SUPERIOR;0002;CONCESSAO DE BOLSAS DE ESTUDOS NO PAIS;12364208004870001;108452;OCCCUO9414N;BF SUPERIOR - PROAP;90;APLICACOES DIRETAS;3;DESPESAS CORRENTES;3;OUTRAS DESPESAS CORRENTES;39;OUTROS SERVICOS DE TERCEIROS PJ - OP.INT.ORC.;339039;OUTROS SERVICOS DE TERCEIROS - PESSOA JURIDICA;00;RECURSOS PRIMARIOS DE LIVRE APLICACAO;;;;;10,200.00;0.00;10,200.00;10,200.00
2019;153052;UNIVERSIDADE FEDERAL DE GOIAS;12;EDUCACAO;364;ENSINO SUPERIOR;2080;EDUCACAO DE QUALIDADE PARA TODOS;0487;CONCESSAO DE BOLSAS DE ESTUDO NO ENSINO SUPERIOR;0002;CONCESSAO DE BOLSAS DE ESTUDOS NO PAIS;12364208004870001;108452;OCCCUO9414N;BF SUPERIOR - PROAP;90;APLICACOES DIRETAS;3;DESPESAS CORRENTES;3;OUTRAS DESPESAS CORRENTES;14;DIARIAS - PESSOAL CIVIL;339014;DIARIAS - PESSOAL CIVIL;00;RECURSOS PRIMARIOS DE LIVRE APLICACAO;;;;;3,928,616.46;1,723,915.50;2,204,700.96;2,133,202.05
2019;153052;UNIVERSIDADE FEDERAL DE GOIAS;12;EDUCACAO;364;ENSINO SUPERIOR;2080;EDUCACAO DE QUALIDADE PARA TODOS;0487;CONCESSAO DE BOLSAS DE ESTUDO NO ENSINO SUPERIOR;0002;CONCESSAO DE BOLSAS DE ESTUDOS NO PAIS;12364208004870001;108452;OCCCUO9414N;BF SUPERIOR - PROAP;90;APLICACOES DIRETAS;3;DESPESAS CORRENTES;3;OUTRAS DESPESAS CORRENTES;18;AUXILIO FINANCEIRO A ESTUDANTES;339018;AUXILIO FINANCEIRO A ESTUDANTES;00;RECURSOS PRIMARIOS DE LIVRE APLICACAO;;;;;2,265,405.88;462,147.12;1,801,578.76;1,730,060.43
2019;153052;UNIVERSIDADE FEDERAL DE GOIAS;12;EDUCACAO;364;ENSINO SUPERIOR;2080;EDUCACAO DE QUALIDADE PARA TODOS;0487;CONCESSAO DE BOLSAS DE ESTUDO NO ENSINO SUPERIOR;0002;CONCESSAO DE BOLSAS DE ESTUDOS NO PAIS;12364208004870001;108452;OCCCUO9414N;BF SUPERIOR - PROAP;90;APLICACOES DIRETAS;3;DESPESAS CORRENTES;3;OUTRAS DESPESAS CORRENTES;20;AUXILIO FINANCEIRO A PESQUISADORES;339020;AUXILIO FINANCEIRO A PESQUISADORES;00;RECURSOS PRIMARIOS DE LIVRE APLICACAO;;;;;1,726,253.69;806,877.97;919,230.52;869,667.54
2019;153052;UNIVERSIDADE FEDERAL DE GOIAS;12;EDUCACAO;364;ENSINO SUPERIOR;2080;EDUCACAO DE QUALIDADE PARA TODOS;0487;CONCESSAO DE BOLSAS DE ESTUDO NO ENSINO SUPERIOR;0002;CONCESSAO DE BOLSAS DE ESTUDOS NO PAIS;12364208004870001;108452;OCCCUO9414N;BF SUPERIOR - PROAP;90;APLICACOES DIRETAS;3;DESPESAS CORRENTES;3;OUTRAS DESPESAS CORRENTES;30;MATERIAL DE CONSUMO;339030;MATERIAL DE CONSUMO;00;RECURSOS PRIMARIOS DE LIVRE APLICACAO;;;;;2,308,720.14;517,482.70;577,398.71;346,243.21
2019;153052;UNIVERSIDADE FEDERAL DE GOIAS;12;EDUCACAO;364;ENSINO SUPERIOR;2080;EDUCACAO DE QUALIDADE PARA TODOS;0487;CONCESSAO DE BOLSAS DE ESTUDO NO ENSINO SUPERIOR;0002;CONCESSAO DE BOLSAS DE ESTUDOS NO PAIS;12364208004870001;108452;OCCCUO9414N;BF SUPERIOR - PROAP;90;APLICACOES DIRETAS;3;DESPESAS CORRENTES;3;OUTRAS DESPESAS CORRENTES;33;PASSAGENS E DESPESAS COM LOCOMOCAO;339033;PASSAGENS E DESPESAS COM LOCOMOCAO;00;RECURSOS PRIMARIOS DE LIVRE APLICACAO;;;;;4,622,413.47;2,322,128.97;2,300,284.50;2,116,877.76
2019;153052;UNIVERSIDADE FEDERAL DE GOIAS;12;EDUCACAO;364;ENSINO SUPERIOR;2080;EDUCACAO DE QUALIDADE PARA TODOS;0487;CONCESSAO DE BOLSAS DE ESTUDO NO ENSINO SUPERIOR;0002;CONCESSAO DE BOLSAS DE ESTUDOS NO PAIS;12364208004870001;108452;OCCCUO9414N;BF SUPERIOR - PROAP;90;APLICACOES DIRETAS;3;DESPESAS CORRENTES;3;OUTRAS DESPESAS CORRENTES;36;OUTROS SERVICOS DE TERCEIROS - P.FISICA;339036;OUTROS SERVICOS DE TERCEIROS - PESSOA FISICA;00;RECURSOS PRIMARIOS DE LIVRE APLICACAO;;;;;744,530.09;473,739.44;270,790.65;261,087.80
2019;153052;UNIVERSIDADE FEDERAL DE GOIAS;12;EDUCACAO;364;ENSINO SUPERIOR;2080;EDUCACAO DE QUALIDADE PARA TODOS;0487;CONCESSAO DE BOLSAS DE ESTUDO NO ENSINO SUPERIOR;0002;CONCESSAO DE BOLSAS DE ESTUDOS NO PAIS;12364208004870001;108452;OCCCUO9414N;BF SUPERIOR - PROAP;90;APLICACOES DIRETAS;3;DESPESAS CORRENTES;3;OUTRAS DESPESAS CORRENTES;39;OUTROS SERVICOS DE TERCEIROS PJ - OP.INT.ORC.;339039;OUTROS SERVICOS DE TERCEIROS - PESSOA JURIDICA;00;RECURSOS PRIMARIOS DE LIVRE APLICACAO;;;;;1,228,340.68;264,739.59;482,898.43;73,243.16
2019;153052;UNIVERSIDADE FEDERAL DE GOIAS;12;EDUCACAO;364;ENSINO SUPERIOR;2080;EDUCACAO DE QUALIDADE PARA TODOS;0487;CONCESSAO DE BOLSAS DE ESTUDO NO ENSINO SUPERIOR;0002;CONCESSAO DE BOLSAS DE ESTUDOS NO PAIS;12364208004870001;108452;OCCCUO9414N;BF SUPERIOR - PROAP;90;APLICACOES DIRETAS;3;DESPESAS CORRENTES;3;OUTRAS DESPESAS CORRENTES;40;SERVICOS DE TECNOLOGIA DA INFORMACAO E COMUNICACAO - PJ;339040;SERVICOS DE TECNOLOGIA DA INFORMACAO E COMUNICACAO - PJ;00;RECURSOS PRIMARIOS DE LIVRE APLICACAO;;;;;103,734.24;25,933.56;;
2019;153052;UNIVERSIDADE FEDERAL DE GOIAS;12;EDUCACAO;364;ENSINO SUPERIOR;2080;EDUCACAO DE QUALIDADE PARA TODOS;0487;CONCESSAO DE BOLSAS DE ESTUDO NO ENSINO SUPERIOR;0002;CONCESSAO DE BOLSAS DE ESTUDOS NO PAIS;12364208004870001;108452;OCCCUO9414N;BF SUPERIOR - PROAP;90;APLICACOES DIRETAS;3;DESPESAS CORRENTES;3;OUTRAS DESPESAS CORRENTES;93;INDENIZACOES E RESTITUICOES;339093;INDENIZACOES E RESTITUICOES;00;RECURSOS PRIMARIOS DE LIVRE APLICACAO;;;;;1,098,542.70;55,574.21;1,038,918.49;951,063.10
2019;153052;UNIVERSIDADE FEDERAL DE GOIAS;12;EDUCACAO;368;EDUCACAO BASICA;2080;EDUCACAO DE QUALIDADE PARA TODOS;20RJ;APOIO A CAPACITACAO E FORMACAO INICIAL E CONTINUADA PARA A E;0004;EDUCACAO BASICA A DISTANCIA - SISTEMA UNIVERSIDADE ABERTA DO BRASIL (UAB);12368208020RJ0001;108456;MCC62G22EDN;UAB - UAB TRADICIONAL;90;APLICACOES DIRETAS;3;DESPESAS CORRENTES;3;OUTRAS DESPESAS CORRENTES;14;DIARIAS - PESSOAL CIVIL;339014;DIARIAS - PESSOAL CIVIL;00;RECURSOS PRIMARIOS DE LIVRE APLICACAO;;;;;212,866.68;114,377.53;98,489.15;94,427.37
2019;153052;UNIVERSIDADE FEDERAL DE GOIAS;12;EDUCACAO;368;EDUCACAO BASICA;2080;EDUCACAO DE QUALIDADE PARA TODOS;20RJ;APOIO A CAPACITACAO E FORMACAO INICIAL E CONTINUADA PARA A E;0004;EDUCACAO BASICA A DISTANCIA - SISTEMA UNIVERSIDADE ABERTA DO BRASIL (UAB);12368208020RJ0001;108456;MCC62G22EDN;UAB - UAB TRADICIONAL;90;APLICACOES DIRETAS;3;DESPESAS CORRENTES;3;OUTRAS DESPESAS CORRENTES;30;MATERIAL DE CONSUMO;339030;MATERIAL DE CONSUMO;00;RECURSOS PRIMARIOS DE LIVRE APLICACAO;;;;;124,262.92;44,190.84;67,973.32;25,529.76
2019;153052;UNIVERSIDADE FEDERAL DE GOIAS;12;EDUCACAO;368;EDUCACAO BASICA;2080;EDUCACAO DE QUALIDADE PARA TODOS;20RJ;APOIO A CAPACITACAO E FORMACAO INICIAL E CONTINUADA PARA A E;0004;EDUCACAO BASICA A DISTANCIA - SISTEMA UNIVERSIDADE ABERTA DO BRASIL (UAB);12368208020RJ0001;108456;MCC62G22EDN;UAB - UAB TRADICIONAL;90;APLICACOES DIRETAS;3;DESPESAS CORRENTES;3;OUTRAS DESPESAS CORRENTES;36;OUTROS SERVICOS DE TERCEIROS - P.FISICA;339036;OUTROS SERVICOS DE TERCEIROS - PESSOA FISICA;00;RECURSOS PRIMARIOS DE LIVRE APLICACAO;;;;;313,467.00;210,187.50;103,279.50;96,907.50
2019;153052;UNIVERSIDADE FEDERAL DE GOIAS;12;EDUCACAO;368;EDUCACAO BASICA;2080;EDUCACAO DE QUALIDADE PARA TODOS;20RJ;APOIO A CAPACITACAO E FORMACAO INICIAL E CONTINUADA PARA A E;0004;EDUCACAO BASICA A DISTANCIA - SISTEMA UNIVERSIDADE ABERTA DO BRASIL (UAB);12368208020RJ0001;108456;MCC62G22EDN;UAB - UAB TRADICIONAL;90;APLICACOES DIRETAS;3;DESPESAS CORRENTES;3;OUTRAS DESPESAS CORRENTES;39;OUTROS SERVICOS DE TERCEIROS PJ - OP.INT.ORC.;339039;OUTROS SERVICOS DE TERCEIROS - PESSOA JURIDICA;00;RECURSOS PRIMARIOS DE LIVRE APLICACAO;;;;;697,729.75;79,747.75;605,982.00;530,234.25
2019;153052;UNIVERSIDADE FEDERAL DE GOIAS;12;EDUCACAO;368;EDUCACAO BASICA;2080;EDUCACAO DE QUALIDADE PARA TODOS;20RJ;APOIO A CAPACITACAO E FORMACAO INICIAL E CONTINUADA PARA A E;0004;EDUCACAO BASICA A DISTANCIA - SISTEMA UNIVERSIDADE ABERTA DO BRASIL (UAB);12368208020RJ0001;108456;MCC62G22EDN;UAB - UAB TRADICIONAL;90;APLICACOES DIRETAS;4;DESPESAS DE CAPITAL;4;INVESTIMENTOS;52;EQUIPAMENTOS E MATERIAL PERMANENTE;449052;EQUIPAMENTOS E MATERIAL PERMANENTE;00;RECURSOS PRIMARIOS DE LIVRE APLICACAO;;;;;679,210.50;164,722.50;21,409.50;21,409.50
2019;153052;UNIVERSIDADE FEDERAL DE GOIAS;12;EDUCACAO;368;EDUCACAO BASICA;2080;EDUCACAO DE QUALIDADE PARA TODOS;20RJ;APOIO A CAPACITACAO E FORMACAO INICIAL E CONTINUADA PARA A E;0004;EDUCACAO BASICA A DISTANCIA - SISTEMA UNIVERSIDADE ABERTA DO BRASIL (UAB);12368208020RJ0001;108456;QCC62T58MAN;UAB - UAB PROFMAT;90;APLICACOES DIRETAS;3;DESPESAS CORRENTES;3;OUTRAS DESPESAS CORRENTES;14;DIARIAS - PESSOAL CIVIL;339014;DIARIAS - PESSOAL CIVIL;00;RECURSOS PRIMARIOS DE LIVRE APLICACAO;;;;;34,904.38;29,176.38;5,728.00;4,898.36
2019;153052;UNIVERSIDADE FEDERAL DE GOIAS;12;EDUCACAO;368;EDUCACAO BASICA;2080;EDUCACAO DE QUALIDADE PARA TODOS;20RJ;APOIO A CAPACITACAO E FORMACAO INICIAL E CONTINUADA PARA A E;0004;EDUCACAO BASICA A DISTANCIA - SISTEMA UNIVERSIDADE ABERTA DO BRASIL (UAB);12368208020RJ0001;108456;QCC62T58MAN;UAB - UAB PROFMAT;90;APLICACOES DIRETAS;3;DESPESAS CORRENTES;3;OUTRAS DESPESAS CORRENTES;30;MATERIAL DE CONSUMO;339030;MATERIAL DE CONSUMO;00;RECURSOS PRIMARIOS DE LIVRE APLICACAO;;;;;75,403.20;7,214.30;46,526.50;4,482.30
2019;153052;UNIVERSIDADE FEDERAL DE GOIAS;12;EDUCACAO;368;EDUCACAO BASICA;2080;EDUCACAO DE QUALIDADE PARA TODOS;20RJ;APOIO A CAPACITACAO E FORMACAO INICIAL E CONTINUADA PARA A E;0004;EDUCACAO BASICA A DISTANCIA - SISTEMA UNIVERSIDADE ABERTA DO BRASIL (UAB);12368208020RJ0001;108456;QCC62T58MAN;UAB - UAB PROFMAT;90;APLICACOES DIRETAS;3;DESPESAS CORRENTES;3;OUTRAS DESPESAS CORRENTES;36;OUTROS SERVICOS DE TERCEIROS - P.FISICA;339036;OUTROS SERVICOS DE TERCEIROS - PESSOA FISICA;00;RECURSOS PRIMARIOS DE LIVRE APLICACAO;;;;;14,152.80;14,152.80;;
2019;153061;UNIVERSIDADE FEDERAL DE JUIZ DE FORA;12;EDUCACAO;364;ENSINO SUPERIOR;2080;EDUCACAO DE QUALIDADE PARA TODOS;0487;CONCESSAO DE BOLSAS DE ESTUDO NO ENSINO SUPERIOR;0002;CONCESSAO DE BOLSAS DE ESTUDOS NO PAIS;12364208004870001;108452;OCCCUO9414N;BF SUPERIOR - PROAP;90;APLICACOES DIRETAS;3;DESPESAS CORRENTES;3;OUTRAS DESPESAS CORRENTES;14;DIARIAS - PESSOAL CIVIL;339014;DIARIAS - PESSOAL CIVIL;00;RECURSOS PRIMARIOS DE LIVRE APLICACAO;;;;;3,254,455.51;1,059,683.99;2,194,771.52;2,137,597.01
2019;153061;UNIVERSIDADE FEDERAL DE JUIZ DE FORA;12;EDUCACAO;364;ENSINO SUPERIOR;2080;EDUCACAO DE QUALIDADE PARA TODOS;0487;CONCESSAO DE BOLSAS DE ESTUDO NO ENSINO SUPERIOR;0002;CONCESSAO DE BOLSAS DE ESTUDOS NO PAIS;12364208004870001;108452;OCCCUO9414N;BF SUPERIOR - PROAP;90;APLICACOES DIRETAS;3;DESPESAS CORRENTES;3;OUTRAS DESPESAS CORRENTES;18;AUXILIO FINANCEIRO A ESTUDANTES;339018;AUXILIO FINANCEIRO A ESTUDANTES;00;RECURSOS PRIMARIOS DE LIVRE APLICACAO;;;;;753,185.26;273,283.08;241,600.54;241,600.54
2019;153061;UNIVERSIDADE FEDERAL DE JUIZ DE FORA;12;EDUCACAO;364;ENSINO SUPERIOR;2080;EDUCACAO DE QUALIDADE PARA TODOS;0487;CONCESSAO DE BOLSAS DE ESTUDO NO ENSINO SUPERIOR;0002;CONCESSAO DE BOLSAS DE ESTUDOS NO PAIS;12364208004870001;108452;OCCCUO9414N;BF SUPERIOR - PROAP;90;APLICACOES DIRETAS;3;DESPESAS CORRENTES;3;OUTRAS DESPESAS CORRENTES;30;MATERIAL DE CONSUMO;339030;MATERIAL DE CONSUMO;00;RECURSOS PRIMARIOS DE LIVRE APLICACAO;;;;;508,285.77;282,480.28;41,390.36;39,960.56
2019;153061;UNIVERSIDADE FEDERAL DE JUIZ DE FORA;12;EDUCACAO;364;ENSINO SUPERIOR;2080;EDUCACAO DE QUALIDADE PARA TODOS;0487;CONCESSAO DE BOLSAS DE ESTUDO NO ENSINO SUPERIOR;0002;CONCESSAO DE BOLSAS DE ESTUDOS NO PAIS;12364208004870001;108452;OCCCUO9414N;BF SUPERIOR - PROAP;90;APLICACOES DIRETAS;3;DESPESAS CORRENTES;3;OUTRAS DESPESAS CORRENTES;33;PASSAGENS E DESPESAS COM LOCOMOCAO;339033;PASSAGENS E DESPESAS COM LOCOMOCAO;00;RECURSOS PRIMARIOS DE LIVRE APLICACAO;;;;;3,074,274.87;581,436.85;1,777,478.81;1,733,684.68
2019;153061;UNIVERSIDADE FEDERAL DE JUIZ DE FORA;12;EDUCACAO;364;ENSINO SUPERIOR;2080;EDUCACAO DE QUALIDADE PARA TODOS;0487;CONCESSAO DE BOLSAS DE ESTUDO NO ENSINO SUPERIOR;0002;CONCESSAO DE BOLSAS DE ESTUDOS NO PAIS;12364208004870001;108452;OCCCUO9414N;BF SUPERIOR - PROAP;90;APLICACOES DIRETAS;3;DESPESAS CORRENTES;3;OUTRAS DESPESAS CORRENTES;36;OUTROS SERVICOS DE TERCEIROS - P.FISICA;339036;OUTROS SERVICOS DE TERCEIROS - PESSOA FISICA;00;RECURSOS PRIMARIOS DE LIVRE APLICACAO;;;;;389,625.33;195,641.73;193,983.60;191,935.10
2019;153061;UNIVERSIDADE FEDERAL DE JUIZ DE FORA;12;EDUCACAO;364;ENSINO SUPERIOR;2080;EDUCACAO DE QUALIDADE PARA TODOS;0487;CONCESSAO DE BOLSAS DE ESTUDO NO ENSINO SUPERIOR;0002;CONCESSAO DE BOLSAS DE ESTUDOS NO PAIS;12364208004870001;108452;OCCCUO9414N;BF SUPERIOR - PROAP;90;APLICACOES DIRETAS;3;DESPESAS CORRENTES;3;OUTRAS DESPESAS CORRENTES;39;OUTROS SERVICOS DE TERCEIROS PJ - OP.INT.ORC.;339039;OUTROS SERVICOS DE TERCEIROS - PESSOA JURIDICA;00;RECURSOS PRIMARIOS DE LIVRE APLICACAO;;;;;242,608.40;76,079.24;138,984.36;136,184.36
2019;153061;UNIVERSIDADE FEDERAL DE JUIZ DE FORA;12;EDUCACAO;364;ENSINO SUPERIOR;2080;EDUCACAO DE QUALIDADE PARA TODOS;0487;CONCESSAO DE BOLSAS DE ESTUDO NO ENSINO SUPERIOR;0002;CONCESSAO DE BOLSAS DE ESTUDOS NO PAIS;12364208004870001;108452;OCCCUO9414N;BF SUPERIOR - PROAP;90;APLICACOES DIRETAS;3;DESPESAS CORRENTES;3;OUTRAS DESPESAS CORRENTES;93;INDENIZACOES E RESTITUICOES;339093;INDENIZACOES E RESTITUICOES;00;RECURSOS PRIMARIOS DE LIVRE APLICACAO;;;;;416,556.80;73,568.15;307,220.46;301,052.01
2019;153061;UNIVERSIDADE FEDERAL DE JUIZ DE FORA;12;EDUCACAO;368;EDUCACAO BASICA;2080;EDUCACAO DE QUALIDADE PARA TODOS;20RJ;APOIO A CAPACITACAO E FORMACAO INICIAL E CONTINUADA PARA A E;0004;EDUCACAO BASICA A DISTANCIA - SISTEMA UNIVERSIDADE ABERTA DO BRASIL (UAB);12368208020RJ0001;108456;MCC62G22EDN;UAB - UAB TRADICIONAL;90;APLICACOES DIRETAS;3;DESPESAS CORRENTES;3;OUTRAS DESPESAS CORRENTES;36;OUTROS SERVICOS DE TERCEIROS - P.FISICA;339036;OUTROS SERVICOS DE TERCEIROS - PESSOA FISICA;00;RECURSOS PRIMARIOS DE LIVRE APLICACAO;;;;;64,000.00;16,000.00;;
2019;153061;UNIVERSIDADE FEDERAL DE JUIZ DE FORA;12;EDUCACAO;368;EDUCACAO BASICA;2080;EDUCACAO DE QUALIDADE PARA TODOS;20RJ;APOIO A CAPACITACAO E FORMACAO INICIAL E CONTINUADA PARA A E;0004;EDUCACAO BASICA A DISTANCIA - SISTEMA UNIVERSIDADE ABERTA DO BRASIL (UAB);12368208020RJ0001;108456;MCC62G22EDN;UAB - UAB TRADICIONAL;90;APLICACOES DIRETAS;3;DESPESAS CORRENTES;3;OUTRAS DESPESAS CORRENTES;37;LOCACAO DE MAO-DE-OBRA;339037;LOCACAO DE MAO-DE-OBRA;00;RECURSOS PRIMARIOS DE LIVRE APLICACAO;;;;;1,923,200.00;480,800.00;;
2019;153061;UNIVERSIDADE FEDERAL DE JUIZ DE FORA;12;EDUCACAO;368;EDUCACAO BASICA;2080;EDUCACAO DE QUALIDADE PARA TODOS;20RJ;APOIO A CAPACITACAO E FORMACAO INICIAL E CONTINUADA PARA A E;0004;EDUCACAO BASICA A DISTANCIA - SISTEMA UNIVERSIDADE ABERTA DO BRASIL (UAB);12368208020RJ0001;108456;MCC62G22EDN;UAB - UAB TRADICIONAL;91;APLICACOES DIRETAS - OPERACOES INTERNAS;3;DESPESAS CORRENTES;3;OUTRAS DESPESAS CORRENTES;47;OBRIGACOES TRIBUTARIAS E CONTRIBUTIVAS;339147;OBRIG.TRIBUT.E CONTRIB-OP.INTRA-ORCAMENTARIAS;00;RECURSOS PRIMARIOS DE LIVRE APLICACAO;;;;;12,800.00;3,200.00;;
2019;153061;UNIVERSIDADE FEDERAL DE JUIZ DE FORA;12;EDUCACAO;368;EDUCACAO BASICA;2080;EDUCACAO DE QUALIDADE PARA TODOS;20RJ;APOIO A CAPACITACAO E FORMACAO INICIAL E CONTINUADA PARA A E;0004;EDUCACAO BASICA A DISTANCIA - SISTEMA UNIVERSIDADE ABERTA DO BRASIL (UAB);12368208020RJ0001;108456;QCC62T58MAN;UAB - UAB PROFMAT;90;APLICACOES DIRETAS;3;DESPESAS CORRENTES;3;OUTRAS DESPESAS CORRENTES;14;DIARIAS - PESSOAL CIVIL;339014;DIARIAS - PESSOAL CIVIL;00;RECURSOS PRIMARIOS DE LIVRE APLICACAO;;;;;13,426.03;6,845.25;6,580.78;6,170.30
2019;153061;UNIVERSIDADE FEDERAL DE JUIZ DE FORA;12;EDUCACAO;368;EDUCACAO BASICA;2080;EDUCACAO DE QUALIDADE PARA TODOS;20RJ;APOIO A CAPACITACAO E FORMACAO INICIAL E CONTINUADA PARA A E;0004;EDUCACAO BASICA A DISTANCIA - SISTEMA UNIVERSIDADE ABERTA DO BRASIL (UAB);12368208020RJ0001;108456;QCC62T58MAN;UAB - UAB PROFMAT;90;APLICACOES DIRETAS;3;DESPESAS CORRENTES;3;OUTRAS DESPESAS CORRENTES;18;AUXILIO FINANCEIRO A ESTUDANTES;339018;AUXILIO FINANCEIRO A ESTUDANTES;00;RECURSOS PRIMARIOS DE LIVRE APLICACAO;;;;;7,200.00;5,400.00;;
2019;153061;UNIVERSIDADE FEDERAL DE JUIZ DE FORA;12;EDUCACAO;368;EDUCACAO BASICA;2080;EDUCACAO DE QUALIDADE PARA TODOS;20RJ;APOIO A CAPACITACAO E FORMACAO INICIAL E CONTINUADA PARA A E;0004;EDUCACAO BASICA A DISTANCIA - SISTEMA UNIVERSIDADE ABERTA DO BRASIL (UAB);12368208020RJ0001;108456;QCC62T58MAN;UAB - UAB PROFMAT;90;APLICACOES DIRETAS;3;DESPESAS CORRENTES;3;OUTRAS DESPESAS CORRENTES;30;MATERIAL DE CONSUMO;339030;MATERIAL DE CONSUMO;00;RECURSOS PRIMARIOS DE LIVRE APLICACAO;;;;;2,774.80;500.00;2,274.80;2,274.80
2019;153061;UNIVERSIDADE FEDERAL DE JUIZ DE FORA;12;EDUCACAO;368;EDUCACAO BASICA;2080;EDUCACAO DE QUALIDADE PARA TODOS;20RJ;APOIO A CAPACITACAO E FORMACAO INICIAL E CONTINUADA PARA A E;0004;EDUCACAO BASICA A DISTANCIA - SISTEMA UNIVERSIDADE ABERTA DO BRASIL (UAB);12368208020RJ0001;108456;QCC62T58MAN;UAB - UAB PROFMAT;90;APLICACOES DIRETAS;3;DESPESAS CORRENTES;3;OUTRAS DESPESAS CORRENTES;33;PASSAGENS E DESPESAS COM LOCOMOCAO;339033;PASSAGENS E DESPESAS COM LOCOMOCAO;00;RECURSOS PRIMARIOS DE LIVRE APLICACAO;;;;;4,821.85;4,407.85;414.00;414.00
2019;153061;UNIVERSIDADE FEDERAL DE JUIZ DE FORA;12;EDUCACAO;368;EDUCACAO BASICA;2080;EDUCACAO DE QUALIDADE PARA TODOS;20RJ;APOIO A CAPACITACAO E FORMACAO INICIAL E CONTINUADA PARA A E;0004;EDUCACAO BASICA A DISTANCIA - SISTEMA UNIVERSIDADE ABERTA DO BRASIL (UAB);12368208020RJ0001;108456;QCC62T58MAN;UAB - UAB PROFMAT;90;APLICACOES DIRETAS;3;DESPESAS CORRENTES;3;OUTRAS DESPESAS CORRENTES;93;INDENIZACOES E RESTITUICOES;339093;INDENIZACOES E RESTITUICOES;00;RECURSOS PRIMARIOS DE LIVRE APLICACAO;;;;;14,349.05;9,092.40;1,439.60;1,439.60
2019;153063;UNIVERSIDADE FEDERAL DO PARA;12;EDUCACAO;364;ENSINO SUPERIOR;2080;EDUCACAO DE QUALIDADE PARA TODOS;0487;CONCESSAO DE BOLSAS DE ESTUDO NO ENSINO SUPERIOR;0002;CONCESSAO DE BOLSAS DE ESTUDOS NO PAIS;12364208004870001;108452;OCCCUO9414N;BF SUPERIOR - PROAP;50;TRANSFERENCIA INSTITUICOES PRIVADAS SEM FINS LUCRATIVOS;3;DESPESAS CORRENTES;3;OUTRAS DESPESAS CORRENTES;41;CONTRIBUICOES;335041;CONTRIBUICOES;00;RECURSOS PRIMARIOS DE LIVRE APLICACAO;;;;;141,946.40;21,584.40;116,762.00;116,762.00
2019;153063;UNIVERSIDADE FEDERAL DO PARA;12;EDUCACAO;364;ENSINO SUPERIOR;2080;EDUCACAO DE QUALIDADE PARA TODOS;0487;CONCESSAO DE BOLSAS DE ESTUDO NO ENSINO SUPERIOR;0002;CONCESSAO DE BOLSAS DE ESTUDOS NO PAIS;12364208004870001;108452;OCCCUO9414N;BF SUPERIOR - PROAP;90;APLICACOES DIRETAS;3;DESPESAS CORRENTES;3;OUTRAS DESPESAS CORRENTES;14;DIARIAS - PESSOAL CIVIL;339014;DIARIAS - PESSOAL CIVIL;00;RECURSOS PRIMARIOS DE LIVRE APLICACAO;;;;;4,372,223.10;1,955,512.05;2,416,711.05;2,249,022.87
2019;153063;UNIVERSIDADE FEDERAL DO PARA;12;EDUCACAO;364;ENSINO SUPERIOR;2080;EDUCACAO DE QUALIDADE PARA TODOS;0487;CONCESSAO DE BOLSAS DE ESTUDO NO ENSINO SUPERIOR;0002;CONCESSAO DE BOLSAS DE ESTUDOS NO PAIS;12364208004870001;108452;OCCCUO9414N;BF SUPERIOR - PROAP;90;APLICACOES DIRETAS;3;DESPESAS CORRENTES;3;OUTRAS DESPESAS CORRENTES;18;AUXILIO FINANCEIRO A ESTUDANTES;339018;AUXILIO FINANCEIRO A ESTUDANTES;00;RECURSOS PRIMARIOS DE LIVRE APLICACAO;;;;;3,767,108.22;1,708,128.94;2,058,979.28;1,941,529.28
2019;153063;UNIVERSIDADE FEDERAL DO PARA;12;EDUCACAO;364;ENSINO SUPERIOR;2080;EDUCACAO DE QUALIDADE PARA TODOS;0487;CONCESSAO DE BOLSAS DE ESTUDO NO ENSINO SUPERIOR;0002;CONCESSAO DE BOLSAS DE ESTUDOS NO PAIS;12364208004870001;108452;OCCCUO9414N;BF SUPERIOR - PROAP;90;APLICACOES DIRETAS;3;DESPESAS CORRENTES;3;OUTRAS DESPESAS CORRENTES;20;AUXILIO FINANCEIRO A PESQUISADORES;339020;AUXILIO FINANCEIRO A PESQUISADORES;00;RECURSOS PRIMARIOS DE LIVRE APLICACAO;;;;;466,917.80;200,904.80;266,013.00;260,163.00
2019;153063;UNIVERSIDADE FEDERAL DO PARA;12;EDUCACAO;364;ENSINO SUPERIOR;2080;EDUCACAO DE QUALIDADE PARA TODOS;0487;CONCESSAO DE BOLSAS DE ESTUDO NO ENSINO SUPERIOR;0002;CONCESSAO DE BOLSAS DE ESTUDOS NO PAIS;12364208004870001;108452;OCCCUO9414N;BF SUPERIOR - PROAP;90;APLICACOES DIRETAS;3;DESPESAS CORRENTES;3;OUTRAS DESPESAS CORRENTES;30;MATERIAL DE CONSUMO;339030;MATERIAL DE CONSUMO;00;RECURSOS PRIMARIOS DE LIVRE APLICACAO;;;;;1,298,129.60;435,594.15;665,499.23;608,456.35
2019;153063;UNIVERSIDADE FEDERAL DO PARA;12;EDUCACAO;364;ENSINO SUPERIOR;2080;EDUCACAO DE QUALIDADE PARA TODOS;0487;CONCESSAO DE BOLSAS DE ESTUDO NO ENSINO SUPERIOR;0002;CONCESSAO DE BOLSAS DE ESTUDOS NO PAIS;12364208004870001;108452;OCCCUO9414N;BF SUPERIOR - PROAP;90;APLICACOES DIRETAS;3;DESPESAS CORRENTES;3;OUTRAS DESPESAS CORRENTES;33;PASSAGENS E DESPESAS COM LOCOMOCAO;339033;PASSAGENS E DESPESAS COM LOCOMOCAO;00;RECURSOS PRIMARIOS DE LIVRE APLICACAO;;;;;6,815,106.93;2,683,069.60;3,598,716.68;3,452,790.12
2019;153063;UNIVERSIDADE FEDERAL DO PARA;12;EDUCACAO;364;ENSINO SUPERIOR;2080;EDUCACAO DE QUALIDADE PARA TODOS;0487;CONCESSAO DE BOLSAS DE ESTUDO NO ENSINO SUPERIOR;0002;CONCESSAO DE BOLSAS DE ESTUDOS NO PAIS;12364208004870001;108452;OCCCUO9414N;BF SUPERIOR - PROAP;90;APLICACOES DIRETAS;3;DESPESAS CORRENTES;3;OUTRAS DESPESAS CORRENTES;36;OUTROS SERVICOS DE TERCEIROS - P.FISICA;339036;OUTROS SERVICOS DE TERCEIROS - PESSOA FISICA;00;RECURSOS PRIMARIOS DE LIVRE APLICACAO;;;;;547,789.90;333,630.68;214,159.22;184,172.22
2019;153063;UNIVERSIDADE FEDERAL DO PARA;12;EDUCACAO;364;ENSINO SUPERIOR;2080;EDUCACAO DE QUALIDADE PARA TODOS;0487;CONCESSAO DE BOLSAS DE ESTUDO NO ENSINO SUPERIOR;0002;CONCESSAO DE BOLSAS DE ESTUDOS NO PAIS;12364208004870001;108452;OCCCUO9414N;BF SUPERIOR - PROAP;90;APLICACOES DIRETAS;3;DESPESAS CORRENTES;3;OUTRAS DESPESAS CORRENTES;39;OUTROS SERVICOS DE TERCEIROS PJ - OP.INT.ORC.;339039;OUTROS SERVICOS DE TERCEIROS - PESSOA JURIDICA;00;RECURSOS PRIMARIOS DE LIVRE APLICACAO;;;;;7,368,727.37;2,273,341.73;4,681,868.22;4,299,399.30
2019;153063;UNIVERSIDADE FEDERAL DO PARA;12;EDUCACAO;364;ENSINO SUPERIOR;2080;EDUCACAO DE QUALIDADE PARA TODOS;0487;CONCESSAO DE BOLSAS DE ESTUDO NO ENSINO SUPERIOR;0002;CONCESSAO DE BOLSAS DE ESTUDOS NO PAIS;12364208004870001;108452;OCCCUO9414N;BF SUPERIOR - PROAP;90;APLICACOES DIRETAS;3;DESPESAS CORRENTES;3;OUTRAS DESPESAS CORRENTES;93;INDENIZACOES E RESTITUICOES;339093;INDENIZACOES E RESTITUICOES;00;RECURSOS PRIMARIOS DE LIVRE APLICACAO;;;;;14,853.21;10,523.40;4,329.81;4,329.81
2019;153063;UNIVERSIDADE FEDERAL DO PARA;12;EDUCACAO;364;ENSINO SUPERIOR;2080;EDUCACAO DE QUALIDADE PARA TODOS;0487;CONCESSAO DE BOLSAS DE ESTUDO NO ENSINO SUPERIOR;0002;CONCESSAO DE BOLSAS DE ESTUDOS NO PAIS;12364208004870001;108452;OCCCUO9414N;BF SUPERIOR - PROAP;91;APLICACOES DIRETAS - OPERACOES INTERNAS;3;DESPESAS CORRENTES;3;OUTRAS DESPESAS CORRENTES;39;OUTROS SERVICOS DE TERCEIROS PJ - OP.INT.ORC.;339139;OUTROS SERVICOS DE TERCEIROS - PESSOA JURIDICA (INTRA);00;RECURSOS PRIMARIOS DE LIVRE APLICACAO;;;;;27,000.00;18,000.00;0.00;
2019;153063;UNIVERSIDADE FEDERAL DO PARA;12;EDUCACAO;368;EDUCACAO BASICA;2080;EDUCACAO DE QUALIDADE PARA TODOS;20RJ;APOIO A CAPACITACAO E FORMACAO INICIAL E CONTINUADA PARA A E;0003;EDUCACAO BASICA PRESENCIAL;12368208020RJ0001;108455;PCC92B5801N;PARFOR - PARFOR;90;APLICACOES DIRETAS;3;DESPESAS CORRENTES;3;OUTRAS DESPESAS CORRENTES;39;OUTROS SERVICOS DE TERCEIROS PJ - OP.INT.ORC.;339039;OUTROS SERVICOS DE TERCEIROS - PESSOA JURIDICA;00;RECURSOS PRIMARIOS DE LIVRE APLICACAO;;;;;25815000.00;0.00;25815000.00;23550000.00
2019;153063;UNIVERSIDADE FEDERAL DO PARA;12;EDUCACAO;368;EDUCACAO BASICA;2080;EDUCACAO DE QUALIDADE PARA TODOS;20RJ;APOIO A CAPACITACAO E FORMACAO INICIAL E CONTINUADA PARA A E;0004;EDUCACAO BASICA A DISTANCIA - SISTEMA UNIVERSIDADE ABERTA DO BRASIL (UAB);12368208020RJ0001;108456;MCC62G22EDN;UAB - UAB TRADICIONAL;90;APLICACOES DIRETAS;3;DESPESAS CORRENTES;3;OUTRAS DESPESAS CORRENTES;39;OUTROS SERVICOS DE TERCEIROS PJ - OP.INT.ORC.;339039;OUTROS SERVICOS DE TERCEIROS - PESSOA JURIDICA;00;RECURSOS PRIMARIOS DE LIVRE APLICACAO;;;;;6,524,099.23;488,043.53;6,036,055.70;5,892,751.90
2019;153063;UNIVERSIDADE FEDERAL DO PARA;12;EDUCACAO;368;EDUCACAO BASICA;2080;EDUCACAO DE QUALIDADE PARA TODOS;20RJ;APOIO A CAPACITACAO E FORMACAO INICIAL E CONTINUADA PARA A E;0004;EDUCACAO BASICA A DISTANCIA - SISTEMA UNIVERSIDADE ABERTA DO BRASIL (UAB);12368208020RJ0001;108456;MCC62G22EDN;UAB - UAB TRADICIONAL;90;APLICACOES DIRETAS;4;DESPESAS DE CAPITAL;4;INVESTIMENTOS;52;EQUIPAMENTOS E MATERIAL PERMANENTE;449052;EQUIPAMENTOS E MATERIAL PERMANENTE;00;RECURSOS PRIMARIOS DE LIVRE APLICACAO;;;;;159,876.00;39,969.00;;
2019;153063;UNIVERSIDADE FEDERAL DO PARA;12;EDUCACAO;368;EDUCACAO BASICA;2080;EDUCACAO DE QUALIDADE PARA TODOS;20RJ;APOIO A CAPACITACAO E FORMACAO INICIAL E CONTINUADA PARA A E;0004;EDUCACAO BASICA A DISTANCIA - SISTEMA UNIVERSIDADE ABERTA DO BRASIL (UAB);12368208020RJ0001;108456;QCC62T58HIN;UAB - UAB PROFHISTORIA;90;APLICACOES DIRETAS;3;DESPESAS CORRENTES;3;OUTRAS DESPESAS CORRENTES;14;DIARIAS - PESSOAL CIVIL;339014;DIARIAS - PESSOAL CIVIL;00;RECURSOS PRIMARIOS DE LIVRE APLICACAO;;;;;37,489.11;16,153.20;21,335.91;18,851.39
2019;153063;UNIVERSIDADE FEDERAL DO PARA;12;EDUCACAO;368;EDUCACAO BASICA;2080;EDUCACAO DE QUALIDADE PARA TODOS;20RJ;APOIO A CAPACITACAO E FORMACAO INICIAL E CONTINUADA PARA A E;0004;EDUCACAO BASICA A DISTANCIA - SISTEMA UNIVERSIDADE ABERTA DO BRASIL (UAB);12368208020RJ0001;108456;QCC62T58HIN;UAB - UAB PROFHISTORIA;90;APLICACOES DIRETAS;3;DESPESAS CORRENTES;3;OUTRAS DESPESAS CORRENTES;18;AUXILIO FINANCEIRO A ESTUDANTES;339018;AUXILIO FINANCEIRO A ESTUDANTES;00;RECURSOS PRIMARIOS DE LIVRE APLICACAO;;;;;75,200.00;28,940.00;44,520.00;44,520.00
2019;153063;UNIVERSIDADE FEDERAL DO PARA;12;EDUCACAO;368;EDUCACAO BASICA;2080;EDUCACAO DE QUALIDADE PARA TODOS;20RJ;APOIO A CAPACITACAO E FORMACAO INICIAL E CONTINUADA PARA A E;0004;EDUCACAO BASICA A DISTANCIA - SISTEMA UNIVERSIDADE ABERTA DO BRASIL (UAB);12368208020RJ0001;108456;QCC62T58HIN;UAB - UAB PROFHISTORIA;90;APLICACOES DIRETAS;3;DESPESAS CORRENTES;3;OUTRAS DESPESAS CORRENTES;30;MATERIAL DE CONSUMO;339030;MATERIAL DE CONSUMO;00;RECURSOS PRIMARIOS DE LIVRE APLICACAO;;;;;22,233.24;5,347.71;;
2019;153063;UNIVERSIDADE FEDERAL DO PARA;12;EDUCACAO;368;EDUCACAO BASICA;2080;EDUCACAO DE QUALIDADE PARA TODOS;20RJ;APOIO A CAPACITACAO E FORMACAO INICIAL E CONTINUADA PARA A E;0004;EDUCACAO BASICA A DISTANCIA - SISTEMA UNIVERSIDADE ABERTA DO BRASIL (UAB);12368208020RJ0001;108456;QCC62T58HIN;UAB - UAB PROFHISTORIA;90;APLICACOES DIRETAS;3;DESPESAS CORRENTES;3;OUTRAS DESPESAS CORRENTES;32;MATERIAL, BEM OU SERVICO PARA DIST.GRATUITA;339032;MATERIAL, BEM OU SERVICO P/ DISTRIB. GRATUITA;00;RECURSOS PRIMARIOS DE LIVRE APLICACAO;;;;;24,472.00;6,118.00;;
2019;153063;UNIVERSIDADE FEDERAL DO PARA;12;EDUCACAO;368;EDUCACAO BASICA;2080;EDUCACAO DE QUALIDADE PARA TODOS;20RJ;APOIO A CAPACITACAO E FORMACAO INICIAL E CONTINUADA PARA A E;0004;EDUCACAO BASICA A DISTANCIA - SISTEMA UNIVERSIDADE ABERTA DO BRASIL (UAB);12368208020RJ0001;108456;QCC62T58HIN;UAB - UAB PROFHISTORIA;90;APLICACOES DIRETAS;3;DESPESAS CORRENTES;3;OUTRAS DESPESAS CORRENTES;33;PASSAGENS E DESPESAS COM LOCOMOCAO;339033;PASSAGENS E DESPESAS COM LOCOMOCAO;00;RECURSOS PRIMARIOS DE LIVRE APLICACAO;;;;;86,393.65;55,346.29;6,064.32;6,064.32
2019;153063;UNIVERSIDADE FEDERAL DO PARA;12;EDUCACAO;368;EDUCACAO BASICA;2080;EDUCACAO DE QUALIDADE PARA TODOS;20RJ;APOIO A CAPACITACAO E FORMACAO INICIAL E CONTINUADA PARA A E;0004;EDUCACAO BASICA A DISTANCIA - SISTEMA UNIVERSIDADE ABERTA DO BRASIL (UAB);12368208020RJ0001;108456;QCC62T58HIN;UAB - UAB PROFHISTORIA;90;APLICACOES DIRETAS;3;DESPESAS CORRENTES;3;OUTRAS DESPESAS CORRENTES;39;OUTROS SERVICOS DE TERCEIROS PJ - OP.INT.ORC.;339039;OUTROS SERVICOS DE TERCEIROS - PESSOA JURIDICA;00;RECURSOS PRIMARIOS DE LIVRE APLICACAO;;;;;0.00;0.00;;
2019;153063;UNIVERSIDADE FEDERAL DO PARA;12;EDUCACAO;368;EDUCACAO BASICA;2080;EDUCACAO DE QUALIDADE PARA TODOS;20RJ;APOIO A CAPACITACAO E FORMACAO INICIAL E CONTINUADA PARA A E;0004;EDUCACAO BASICA A DISTANCIA - SISTEMA UNIVERSIDADE ABERTA DO BRASIL (UAB);12368208020RJ0001;108456;QCC62T58LEN;UAB - UAB PROFLETRAS;90;APLICACOES DIRETAS;3;DESPESAS CORRENTES;3;OUTRAS DESPESAS CORRENTES;14;DIARIAS - PESSOAL CIVIL;339014;DIARIAS - PESSOAL CIVIL;00;RECURSOS PRIMARIOS DE LIVRE APLICACAO;;;;;55,482.24;40,438.14;15,044.10;14,489.24
2019;153063;UNIVERSIDADE FEDERAL DO PARA;12;EDUCACAO;368;EDUCACAO BASICA;2080;EDUCACAO DE QUALIDADE PARA TODOS;20RJ;APOIO A CAPACITACAO E FORMACAO INICIAL E CONTINUADA PARA A E;0004;EDUCACAO BASICA A DISTANCIA - SISTEMA UNIVERSIDADE ABERTA DO BRASIL (UAB);12368208020RJ0001;108456;QCC62T58LEN;UAB - UAB PROFLETRAS;90;APLICACOES DIRETAS;3;DESPESAS CORRENTES;3;OUTRAS DESPESAS CORRENTES;18;AUXILIO FINANCEIRO A ESTUDANTES;339018;AUXILIO FINANCEIRO A ESTUDANTES;00;RECURSOS PRIMARIOS DE LIVRE APLICACAO;;;;;14,400.00;9,600.00;;
2019;153063;UNIVERSIDADE FEDERAL DO PARA;12;EDUCACAO;368;EDUCACAO BASICA;2080;EDUCACAO DE QUALIDADE PARA TODOS;20RJ;APOIO A CAPACITACAO E FORMACAO INICIAL E CONTINUADA PARA A E;0004;EDUCACAO BASICA A DISTANCIA - SISTEMA UNIVERSIDADE ABERTA DO BRASIL (UAB);12368208020RJ0001;108456;QCC62T58LEN;UAB - UAB PROFLETRAS;90;APLICACOES DIRETAS;3;DESPESAS CORRENTES;3;OUTRAS DESPESAS CORRENTES;30;MATERIAL DE CONSUMO;339030;MATERIAL DE CONSUMO;00;RECURSOS PRIMARIOS DE LIVRE APLICACAO;;;;;4,838.48;1,209.62;;
2019;153063;UNIVERSIDADE FEDERAL DO PARA;12;EDUCACAO;368;EDUCACAO BASICA;2080;EDUCACAO DE QUALIDADE PARA TODOS;20RJ;APOIO A CAPACITACAO E FORMACAO INICIAL E CONTINUADA PARA A E;0004;EDUCACAO BASICA A DISTANCIA - SISTEMA UNIVERSIDADE ABERTA DO BRASIL (UAB);12368208020RJ0001;108456;QCC62T58LEN;UAB - UAB PROFLETRAS;90;APLICACOES DIRETAS;3;DESPESAS CORRENTES;3;OUTRAS DESPESAS CORRENTES;33;PASSAGENS E DESPESAS COM LOCOMOCAO;339033;PASSAGENS E DESPESAS COM LOCOMOCAO;00;RECURSOS PRIMARIOS DE LIVRE APLICACAO;;;;;255,319.28;123,487.70;68,631.84;60,489.43
2019;153063;UNIVERSIDADE FEDERAL DO PARA;12;EDUCACAO;368;EDUCACAO BASICA;2080;EDUCACAO DE QUALIDADE PARA TODOS;20RJ;APOIO A CAPACITACAO E FORMACAO INICIAL E CONTINUADA PARA A E;0004;EDUCACAO BASICA A DISTANCIA - SISTEMA UNIVERSIDADE ABERTA DO BRASIL (UAB);12368208020RJ0001;108456;QCC62T58MAN;UAB - UAB PROFMAT;90;APLICACOES DIRETAS;3;DESPESAS CORRENTES;3;OUTRAS DESPESAS CORRENTES;14;DIARIAS - PESSOAL CIVIL;339014;DIARIAS - PESSOAL CIVIL;00;RECURSOS PRIMARIOS DE LIVRE APLICACAO;;;;;14,404.20;9,595.80;4,808.40;4,808.40
2019;153063;UNIVERSIDADE FEDERAL DO PARA;12;EDUCACAO;368;EDUCACAO BASICA;2080;EDUCACAO DE QUALIDADE PARA TODOS;20RJ;APOIO A CAPACITACAO E FORMACAO INICIAL E CONTINUADA PARA A E;0004;EDUCACAO BASICA A DISTANCIA - SISTEMA UNIVERSIDADE ABERTA DO BRASIL (UAB);12368208020RJ0001;108456;QCC62T58MAN;UAB - UAB PROFMAT;90;APLICACOES DIRETAS;3;DESPESAS CORRENTES;3;OUTRAS DESPESAS CORRENTES;30;MATERIAL DE CONSUMO;339030;MATERIAL DE CONSUMO;00;RECURSOS PRIMARIOS DE LIVRE APLICACAO;;;;;19,377.60;4,844.40;;
2019;153063;UNIVERSIDADE FEDERAL DO PARA;12;EDUCACAO;368;EDUCACAO BASICA;2080;EDUCACAO DE QUALIDADE PARA TODOS;20RJ;APOIO A CAPACITACAO E FORMACAO INICIAL E CONTINUADA PARA A E;0004;EDUCACAO BASICA A DISTANCIA - SISTEMA UNIVERSIDADE ABERTA DO BRASIL (UAB);12368208020RJ0001;108456;QCC62T58MAN;UAB - UAB PROFMAT;90;APLICACOES DIRETAS;3;DESPESAS CORRENTES;3;OUTRAS DESPESAS CORRENTES;33;PASSAGENS E DESPESAS COM LOCOMOCAO;339033;PASSAGENS E DESPESAS COM LOCOMOCAO;00;RECURSOS PRIMARIOS DE LIVRE APLICACAO;;;;;71,000.60;29,771.48;14,055.66;11,713.05
2019;153065;UNIVERSIDADE FEDERAL DA PARAIBA;12;EDUCACAO;364;ENSINO SUPERIOR;2080;EDUCACAO DE QUALIDADE PARA TODOS;0487;CONCESSAO DE BOLSAS DE ESTUDO NO ENSINO SUPERIOR;0002;CONCESSAO DE BOLSAS DE ESTUDOS NO PAIS;12364208004870001;108452;OCCCUO9414N;BF SUPERIOR - PROAP;90;APLICACOES DIRETAS;3;DESPESAS CORRENTES;3;OUTRAS DESPESAS CORRENTES;14;DIARIAS - PESSOAL CIVIL;339014;DIARIAS - PESSOAL CIVIL;08;FUNDO SOCIAL-PARC.DEST.EDUCACAO PUBL.E SAUDE;;;;;2,945,834.46;1,431,056.02;1,514,778.44;1,487,230.05
2019;153065;UNIVERSIDADE FEDERAL DA PARAIBA;12;EDUCACAO;364;ENSINO SUPERIOR;2080;EDUCACAO DE QUALIDADE PARA TODOS;0487;CONCESSAO DE BOLSAS DE ESTUDO NO ENSINO SUPERIOR;0002;CONCESSAO DE BOLSAS DE ESTUDOS NO PAIS;12364208004870001;108452;OCCCUO9414N;BF SUPERIOR - PROAP;90;APLICACOES DIRETAS;3;DESPESAS CORRENTES;3;OUTRAS DESPESAS CORRENTES;18;AUXILIO FINANCEIRO A ESTUDANTES;339018;AUXILIO FINANCEIRO A ESTUDANTES;08;FUNDO SOCIAL-PARC.DEST.EDUCACAO PUBL.E SAUDE;;;;;1,554,253.75;57,023.23;1,486,605.36;1,455,201.19
2019;153065;UNIVERSIDADE FEDERAL DA PARAIBA;12;EDUCACAO;364;ENSINO SUPERIOR;2080;EDUCACAO DE QUALIDADE PARA TODOS;0487;CONCESSAO DE BOLSAS DE ESTUDO NO ENSINO SUPERIOR;0002;CONCESSAO DE BOLSAS DE ESTUDOS NO PAIS;12364208004870001;108452;OCCCUO9414N;BF SUPERIOR - PROAP;90;APLICACOES DIRETAS;3;DESPESAS CORRENTES;3;OUTRAS DESPESAS CORRENTES;20;AUXILIO FINANCEIRO A PESQUISADORES;339020;AUXILIO FINANCEIRO A PESQUISADORES;08;FUNDO SOCIAL-PARC.DEST.EDUCACAO PUBL.E SAUDE;;;;;111,067.80;880.00;110,187.80;103,503.80
2019;153065;UNIVERSIDADE FEDERAL DA PARAIBA;12;EDUCACAO;364;ENSINO SUPERIOR;2080;EDUCACAO DE QUALIDADE PARA TODOS;0487;CONCESSAO DE BOLSAS DE ESTUDO NO ENSINO SUPERIOR;0002;CONCESSAO DE BOLSAS DE ESTUDOS NO PAIS;12364208004870001;108452;OCCCUO9414N;BF SUPERIOR - PROAP;90;APLICACOES DIRETAS;3;DESPESAS CORRENTES;3;OUTRAS DESPESAS CORRENTES;30;MATERIAL DE CONSUMO;339030;MATERIAL DE CONSUMO;08;FUNDO SOCIAL-PARC.DEST.EDUCACAO PUBL.E SAUDE;;;;;156,341.03;52,376.03;78,561.42;72,649.14
2019;153065;UNIVERSIDADE FEDERAL DA PARAIBA;12;EDUCACAO;364;ENSINO SUPERIOR;2080;EDUCACAO DE QUALIDADE PARA TODOS;0487;CONCESSAO DE BOLSAS DE ESTUDO NO ENSINO SUPERIOR;0002;CONCESSAO DE BOLSAS DE ESTUDOS NO PAIS;12364208004870001;108452;OCCCUO9414N;BF SUPERIOR - PROAP;90;APLICACOES DIRETAS;3;DESPESAS CORRENTES;3;OUTRAS DESPESAS CORRENTES;33;PASSAGENS E DESPESAS COM LOCOMOCAO;339033;PASSAGENS E DESPESAS COM LOCOMOCAO;08;FUNDO SOCIAL-PARC.DEST.EDUCACAO PUBL.E SAUDE;;;;;3,937,362.04;1,727,116.81;1,884,143.28;1,847,265.66
2019;153065;UNIVERSIDADE FEDERAL DA PARAIBA;12;EDUCACAO;364;ENSINO SUPERIOR;2080;EDUCACAO DE QUALIDADE PARA TODOS;0487;CONCESSAO DE BOLSAS DE ESTUDO NO ENSINO SUPERIOR;0002;CONCESSAO DE BOLSAS DE ESTUDOS NO PAIS;12364208004870001;108452;OCCCUO9414N;BF SUPERIOR - PROAP;90;APLICACOES DIRETAS;3;DESPESAS CORRENTES;3;OUTRAS DESPESAS CORRENTES;36;OUTROS SERVICOS DE TERCEIROS - P.FISICA;339036;OUTROS SERVICOS DE TERCEIROS - PESSOA FISICA;08;FUNDO SOCIAL-PARC.DEST.EDUCACAO PUBL.E SAUDE;;;;;38,670.46;26,573.36;12,097.10;12,097.10
2019;153065;UNIVERSIDADE FEDERAL DA PARAIBA;12;EDUCACAO;364;ENSINO SUPERIOR;2080;EDUCACAO DE QUALIDADE PARA TODOS;0487;CONCESSAO DE BOLSAS DE ESTUDO NO ENSINO SUPERIOR;0002;CONCESSAO DE BOLSAS DE ESTUDOS NO PAIS;12364208004870001;108452;OCCCUO9414N;BF SUPERIOR - PROAP;90;APLICACOES DIRETAS;3;DESPESAS CORRENTES;3;OUTRAS DESPESAS CORRENTES;39;OUTROS SERVICOS DE TERCEIROS PJ - OP.INT.ORC.;339039;OUTROS SERVICOS DE TERCEIROS - PESSOA JURIDICA;08;FUNDO SOCIAL-PARC.DEST.EDUCACAO PUBL.E SAUDE;;;;;1,214,399.10;437,793.38;408,496.78;375,832.99
2019;153065;UNIVERSIDADE FEDERAL DA PARAIBA;12;EDUCACAO;364;ENSINO SUPERIOR;2080;EDUCACAO DE QUALIDADE PARA TODOS;0487;CONCESSAO DE BOLSAS DE ESTUDO NO ENSINO SUPERIOR;0002;CONCESSAO DE BOLSAS DE ESTUDOS NO PAIS;12364208004870001;108452;OCCCUO9414N;BF SUPERIOR - PROAP;90;APLICACOES DIRETAS;3;DESPESAS CORRENTES;3;OUTRAS DESPESAS CORRENTES;40;SERVICOS DE TECNOLOGIA DA INFORMACAO E COMUNICACAO - PJ;339040;SERVICOS DE TECNOLOGIA DA INFORMACAO E COMUNICACAO - PJ;08;FUNDO SOCIAL-PARC.DEST.EDUCACAO PUBL.E SAUDE;;;;;377,382.08;94,345.52;;
2019;153065;UNIVERSIDADE FEDERAL DA PARAIBA;12;EDUCACAO;368;EDUCACAO BASICA;2080;EDUCACAO DE QUALIDADE PARA TODOS;20RJ;APOIO A CAPACITACAO E FORMACAO INICIAL E CONTINUADA PARA A E;0004;EDUCACAO BASICA A DISTANCIA - SISTEMA UNIVERSIDADE ABERTA DO BRASIL (UAB);12368208020RJ0001;108456;MCC62G22EDN;UAB - UAB TRADICIONAL;90;APLICACOES DIRETAS;3;DESPESAS CORRENTES;3;OUTRAS DESPESAS CORRENTES;14;DIARIAS - PESSOAL CIVIL;339014;DIARIAS - PESSOAL CIVIL;00;RECURSOS PRIMARIOS DE LIVRE APLICACAO;;;;;627,342.58;609,388.80;17,953.78;17,709.10
2019;153065;UNIVERSIDADE FEDERAL DA PARAIBA;12;EDUCACAO;368;EDUCACAO BASICA;2080;EDUCACAO DE QUALIDADE PARA TODOS;20RJ;APOIO A CAPACITACAO E FORMACAO INICIAL E CONTINUADA PARA A E;0004;EDUCACAO BASICA A DISTANCIA - SISTEMA UNIVERSIDADE ABERTA DO BRASIL (UAB);12368208020RJ0001;108456;MCC62G22EDN;UAB - UAB TRADICIONAL;90;APLICACOES DIRETAS;3;DESPESAS CORRENTES;3;OUTRAS DESPESAS CORRENTES;30;MATERIAL DE CONSUMO;339030;MATERIAL DE CONSUMO;00;RECURSOS PRIMARIOS DE LIVRE APLICACAO;;;;;72,687.26;19,871.84;23,307.27;21,775.27
2019;153065;UNIVERSIDADE FEDERAL DA PARAIBA;12;EDUCACAO;368;EDUCACAO BASICA;2080;EDUCACAO DE QUALIDADE PARA TODOS;20RJ;APOIO A CAPACITACAO E FORMACAO INICIAL E CONTINUADA PARA A E;0004;EDUCACAO BASICA A DISTANCIA - SISTEMA UNIVERSIDADE ABERTA DO BRASIL (UAB);12368208020RJ0001;108456;MCC62G22EDN;UAB - UAB TRADICIONAL;90;APLICACOES DIRETAS;3;DESPESAS CORRENTES;3;OUTRAS DESPESAS CORRENTES;33;PASSAGENS E DESPESAS COM LOCOMOCAO;339033;PASSAGENS E DESPESAS COM LOCOMOCAO;00;RECURSOS PRIMARIOS DE LIVRE APLICACAO;;;;;784,212.00;537,344.76;19,652.31;17,283.83
2019;153065;UNIVERSIDADE FEDERAL DA PARAIBA;12;EDUCACAO;368;EDUCACAO BASICA;2080;EDUCACAO DE QUALIDADE PARA TODOS;20RJ;APOIO A CAPACITACAO E FORMACAO INICIAL E CONTINUADA PARA A E;0004;EDUCACAO BASICA A DISTANCIA - SISTEMA UNIVERSIDADE ABERTA DO BRASIL (UAB);12368208020RJ0001;108456;MCC62G22EDN;UAB - UAB TRADICIONAL;90;APLICACOES DIRETAS;3;DESPESAS CORRENTES;3;OUTRAS DESPESAS CORRENTES;36;OUTROS SERVICOS DE TERCEIROS - P.FISICA;339036;OUTROS SERVICOS DE TERCEIROS - PESSOA FISICA;00;RECURSOS PRIMARIOS DE LIVRE APLICACAO;;;;;487,490.80;458,102.80;29,388.00;28,857.00
2019;153065;UNIVERSIDADE FEDERAL DA PARAIBA;12;EDUCACAO;368;EDUCACAO BASICA;2080;EDUCACAO DE QUALIDADE PARA TODOS;20RJ;APOIO A CAPACITACAO E FORMACAO INICIAL E CONTINUADA PARA A E;0004;EDUCACAO BASICA A DISTANCIA - SISTEMA UNIVERSIDADE ABERTA DO BRASIL (UAB);12368208020RJ0001;108456;QCC62T58LEN;UAB - UAB PROFLETRAS;90;APLICACOES DIRETAS;3;DESPESAS CORRENTES;3;OUTRAS DESPESAS CORRENTES;14;DIARIAS - PESSOAL CIVIL;339014;DIARIAS - PESSOAL CIVIL;00;RECURSOS PRIMARIOS DE LIVRE APLICACAO;;;;;91,550.61;59,700.52;31,850.09;30,819.38
2019;153065;UNIVERSIDADE FEDERAL DA PARAIBA;12;EDUCACAO;368;EDUCACAO BASICA;2080;EDUCACAO DE QUALIDADE PARA TODOS;20RJ;APOIO A CAPACITACAO E FORMACAO INICIAL E CONTINUADA PARA A E;0004;EDUCACAO BASICA A DISTANCIA - SISTEMA UNIVERSIDADE ABERTA DO BRASIL (UAB);12368208020RJ0001;108456;QCC62T58LEN;UAB - UAB PROFLETRAS;90;APLICACOES DIRETAS;3;DESPESAS CORRENTES;3;OUTRAS DESPESAS CORRENTES;18;AUXILIO FINANCEIRO A ESTUDANTES;339018;AUXILIO FINANCEIRO A ESTUDANTES;00;RECURSOS PRIMARIOS DE LIVRE APLICACAO;;;;;64,000.00;28,480.00;28,800.00;23,040.00
2019;153065;UNIVERSIDADE FEDERAL DA PARAIBA;12;EDUCACAO;368;EDUCACAO BASICA;2080;EDUCACAO DE QUALIDADE PARA TODOS;20RJ;APOIO A CAPACITACAO E FORMACAO INICIAL E CONTINUADA PARA A E;0004;EDUCACAO BASICA A DISTANCIA - SISTEMA UNIVERSIDADE ABERTA DO BRASIL (UAB);12368208020RJ0001;108456;QCC62T58LEN;UAB - UAB PROFLETRAS;90;APLICACOES DIRETAS;3;DESPESAS CORRENTES;3;OUTRAS DESPESAS CORRENTES;20;AUXILIO FINANCEIRO A PESQUISADORES;339020;AUXILIO FINANCEIRO A PESQUISADORES;00;RECURSOS PRIMARIOS DE LIVRE APLICACAO;;;;;8,000.00;5,000.00;;
2019;153065;UNIVERSIDADE FEDERAL DA PARAIBA;12;EDUCACAO;368;EDUCACAO BASICA;2080;EDUCACAO DE QUALIDADE PARA TODOS;20RJ;APOIO A CAPACITACAO E FORMACAO INICIAL E CONTINUADA PARA A E;0004;EDUCACAO BASICA A DISTANCIA - SISTEMA UNIVERSIDADE ABERTA DO BRASIL (UAB);12368208020RJ0001;108456;QCC62T58LEN;UAB - UAB PROFLETRAS;90;APLICACOES DIRETAS;3;DESPESAS CORRENTES;3;OUTRAS DESPESAS CORRENTES;30;MATERIAL DE CONSUMO;339030;MATERIAL DE CONSUMO;00;RECURSOS PRIMARIOS DE LIVRE APLICACAO;;;;;9,998.80;3,213.76;6,785.04;6,539.28
2019;153065;UNIVERSIDADE FEDERAL DA PARAIBA;12;EDUCACAO;368;EDUCACAO BASICA;2080;EDUCACAO DE QUALIDADE PARA TODOS;20RJ;APOIO A CAPACITACAO E FORMACAO INICIAL E CONTINUADA PARA A E;0004;EDUCACAO BASICA A DISTANCIA - SISTEMA UNIVERSIDADE ABERTA DO BRASIL (UAB);12368208020RJ0001;108456;QCC62T58LEN;UAB - UAB PROFLETRAS;90;APLICACOES DIRETAS;3;DESPESAS CORRENTES;3;OUTRAS DESPESAS CORRENTES;33;PASSAGENS E DESPESAS COM LOCOMOCAO;339033;PASSAGENS E DESPESAS COM LOCOMOCAO;00;RECURSOS PRIMARIOS DE LIVRE APLICACAO;;;;;160,000.00;98,489.54;10,994.42;10,994.42
2019;153065;UNIVERSIDADE FEDERAL DA PARAIBA;12;EDUCACAO;368;EDUCACAO BASICA;2080;EDUCACAO DE QUALIDADE PARA TODOS;20RJ;APOIO A CAPACITACAO E FORMACAO INICIAL E CONTINUADA PARA A E;0004;EDUCACAO BASICA A DISTANCIA - SISTEMA UNIVERSIDADE ABERTA DO BRASIL (UAB);12368208020RJ0001;108456;QCC62T58LEN;UAB - UAB PROFLETRAS;90;APLICACOES DIRETAS;3;DESPESAS CORRENTES;3;OUTRAS DESPESAS CORRENTES;36;OUTROS SERVICOS DE TERCEIROS - P.FISICA;339036;OUTROS SERVICOS DE TERCEIROS - PESSOA FISICA;00;RECURSOS PRIMARIOS DE LIVRE APLICACAO;;;;;39,032.00;24,395.00;;
2019;153065;UNIVERSIDADE FEDERAL DA PARAIBA;12;EDUCACAO;368;EDUCACAO BASICA;2080;EDUCACAO DE QUALIDADE PARA TODOS;20RJ;APOIO A CAPACITACAO E FORMACAO INICIAL E CONTINUADA PARA A E;0004;EDUCACAO BASICA A DISTANCIA - SISTEMA UNIVERSIDADE ABERTA DO BRASIL (UAB);12368208020RJ0001;108456;QCC62T58LEN;UAB - UAB PROFLETRAS;90;APLICACOES DIRETAS;3;DESPESAS CORRENTES;3;OUTRAS DESPESAS CORRENTES;39;OUTROS SERVICOS DE TERCEIROS PJ - OP.INT.ORC.;339039;OUTROS SERVICOS DE TERCEIROS - PESSOA JURIDICA;00;RECURSOS PRIMARIOS DE LIVRE APLICACAO;;;;;95,928.00;59,964.00;;
2019;153066;SUPERINTENDENCIA DE ORCAMENTO E FINANCAS/UFPB;12;EDUCACAO;364;ENSINO SUPERIOR;2080;EDUCACAO DE QUALIDADE PARA TODOS;0487;CONCESSAO DE BOLSAS DE ESTUDO NO ENSINO SUPERIOR;0002;CONCESSAO DE BOLSAS DE ESTUDOS NO PAIS;12364208004870001;108452;OCCCUO9414N;BF SUPERIOR - PROAP;90;APLICACOES DIRETAS;3;DESPESAS CORRENTES;3;OUTRAS DESPESAS CORRENTES;30;MATERIAL DE CONSUMO;339030;MATERIAL DE CONSUMO;08;FUNDO SOCIAL-PARC.DEST.EDUCACAO PUBL.E SAUDE;;;;;7,078.00;2,619.34;1,393.32;928.88
2019;153066;SUPERINTENDENCIA DE ORCAMENTO E FINANCAS/UFPB;12;EDUCACAO;368;EDUCACAO BASICA;2080;EDUCACAO DE QUALIDADE PARA TODOS;20RJ;APOIO A CAPACITACAO E FORMACAO INICIAL E CONTINUADA PARA A E;0004;EDUCACAO BASICA A DISTANCIA - SISTEMA UNIVERSIDADE ABERTA DO BRASIL (UAB);12368208020RJ0001;108456;MCC62G22EDN;UAB - UAB TRADICIONAL;90;APLICACOES DIRETAS;3;DESPESAS CORRENTES;3;OUTRAS DESPESAS CORRENTES;30;MATERIAL DE CONSUMO;339030;MATERIAL DE CONSUMO;00;RECURSOS PRIMARIOS DE LIVRE APLICACAO;;;;;38,500.00;19,828.62;6,881.83;3,583.29
2019;153068;CENTRO DE CIENC.EXATAS E DA NATUREZA DA UFPB;12;EDUCACAO;364;ENSINO SUPERIOR;2080;EDUCACAO DE QUALIDADE PARA TODOS;0487;CONCESSAO DE BOLSAS DE ESTUDO NO ENSINO SUPERIOR;0002;CONCESSAO DE BOLSAS DE ESTUDOS NO PAIS;12364208004870001;108452;OCCCUO9414N;BF SUPERIOR - PROAP;90;APLICACOES DIRETAS;3;DESPESAS CORRENTES;3;OUTRAS DESPESAS CORRENTES;14;DIARIAS - PESSOAL CIVIL;339014;DIARIAS - PESSOAL CIVIL;08;FUNDO SOCIAL-PARC.DEST.EDUCACAO PUBL.E SAUDE;;;;;968,601.57;344,349.77;624,251.80;572,666.72
2019;153068;CENTRO DE CIENC.EXATAS E DA NATUREZA DA UFPB;12;EDUCACAO;364;ENSINO SUPERIOR;2080;EDUCACAO DE QUALIDADE PARA TODOS;0487;CONCESSAO DE BOLSAS DE ESTUDO NO ENSINO SUPERIOR;0002;CONCESSAO DE BOLSAS DE ESTUDOS NO PAIS;12364208004870001;108452;OCCCUO9414N;BF SUPERIOR - PROAP;90;APLICACOES DIRETAS;3;DESPESAS CORRENTES;3;OUTRAS DESPESAS CORRENTES;18;AUXILIO FINANCEIRO A ESTUDANTES;339018;AUXILIO FINANCEIRO A ESTUDANTES;08;FUNDO SOCIAL-PARC.DEST.EDUCACAO PUBL.E SAUDE;;;;;568,889.00;265,441.18;303,447.82;278,522.88
2019;153068;CENTRO DE CIENC.EXATAS E DA NATUREZA DA UFPB;12;EDUCACAO;364;ENSINO SUPERIOR;2080;EDUCACAO DE QUALIDADE PARA TODOS;0487;CONCESSAO DE BOLSAS DE ESTUDO NO ENSINO SUPERIOR;0002;CONCESSAO DE BOLSAS DE ESTUDOS NO PAIS;12364208004870001;108452;OCCCUO9414N;BF SUPERIOR - PROAP;90;APLICACOES DIRETAS;3;DESPESAS CORRENTES;3;OUTRAS DESPESAS CORRENTES;20;AUXILIO FINANCEIRO A PESQUISADORES;339020;AUXILIO FINANCEIRO A PESQUISADORES;08;FUNDO SOCIAL-PARC.DEST.EDUCACAO PUBL.E SAUDE;;;;;205,115.25;93,942.93;111,172.32;94,602.32
2019;153068;CENTRO DE CIENC.EXATAS E DA NATUREZA DA UFPB;12;EDUCACAO;364;ENSINO SUPERIOR;2080;EDUCACAO DE QUALIDADE PARA TODOS;0487;CONCESSAO DE BOLSAS DE ESTUDO NO ENSINO SUPERIOR;0002;CONCESSAO DE BOLSAS DE ESTUDOS NO PAIS;12364208004870001;108452;OCCCUO9414N;BF SUPERIOR - PROAP;90;APLICACOES DIRETAS;3;DESPESAS CORRENTES;3;OUTRAS DESPESAS CORRENTES;30;MATERIAL DE CONSUMO;339030;MATERIAL DE CONSUMO;08;FUNDO SOCIAL-PARC.DEST.EDUCACAO PUBL.E SAUDE;;;;;162,002.54;57,985.10;75,286.44;75,286.44
2019;153068;CENTRO DE CIENC.EXATAS E DA NATUREZA DA UFPB;12;EDUCACAO;364;ENSINO SUPERIOR;2080;EDUCACAO DE QUALIDADE PARA TODOS;0487;CONCESSAO DE BOLSAS DE ESTUDO NO ENSINO SUPERIOR;0002;CONCESSAO DE BOLSAS DE ESTUDOS NO PAIS;12364208004870001;108452;OCCCUO9414N;BF SUPERIOR - PROAP;90;APLICACOES DIRETAS;3;DESPESAS CORRENTES;3;OUTRAS DESPESAS CORRENTES;33;PASSAGENS E DESPESAS COM LOCOMOCAO;339033;PASSAGENS E DESPESAS COM LOCOMOCAO;08;FUNDO SOCIAL-PARC.DEST.EDUCACAO PUBL.E SAUDE;;;;;914,256.94;485,451.80;428,805.14;428,805.14
2019;153068;CENTRO DE CIENC.EXATAS E DA NATUREZA DA UFPB;12;EDUCACAO;364;ENSINO SUPERIOR;2080;EDUCACAO DE QUALIDADE PARA TODOS;0487;CONCESSAO DE BOLSAS DE ESTUDO NO ENSINO SUPERIOR;0002;CONCESSAO DE BOLSAS DE ESTUDOS NO PAIS;12364208004870001;108452;OCCCUO9414N;BF SUPERIOR - PROAP;90;APLICACOES DIRETAS;3;DESPESAS CORRENTES;3;OUTRAS DESPESAS CORRENTES;36;OUTROS SERVICOS DE TERCEIROS - P.FISICA;339036;OUTROS SERVICOS DE TERCEIROS - PESSOA FISICA;08;FUNDO SOCIAL-PARC.DEST.EDUCACAO PUBL.E SAUDE;;;;;48,164.40;29,048.40;19,116.00;17,080.50
2019;153068;CENTRO DE CIENC.EXATAS E DA NATUREZA DA UFPB;12;EDUCACAO;364;ENSINO SUPERIOR;2080;EDUCACAO DE QUALIDADE PARA TODOS;0487;CONCESSAO DE BOLSAS DE ESTUDO NO ENSINO SUPERIOR;0002;CONCESSAO DE BOLSAS DE ESTUDOS NO PAIS;12364208004870001;108452;OCCCUO9414N;BF SUPERIOR - PROAP;90;APLICACOES DIRETAS;3;DESPESAS CORRENTES;3;OUTRAS DESPESAS CORRENTES;39;OUTROS SERVICOS DE TERCEIROS PJ - OP.INT.ORC.;339039;OUTROS SERVICOS DE TERCEIROS - PESSOA JURIDICA;08;FUNDO SOCIAL-PARC.DEST.EDUCACAO PUBL.E SAUDE;;;;;590,618.72;250,665.92;62,334.00;62,334.00
2019;153068;CENTRO DE CIENC.EXATAS E DA NATUREZA DA UFPB;12;EDUCACAO;368;EDUCACAO BASICA;2080;EDUCACAO DE QUALIDADE PARA TODOS;20RJ;APOIO A CAPACITACAO E FORMACAO INICIAL E CONTINUADA PARA A E;0004;EDUCACAO BASICA A DISTANCIA - SISTEMA UNIVERSIDADE ABERTA DO BRASIL (UAB);12368208020RJ0001;108456;QCC62T58MAN;UAB - UAB PROFMAT;90;APLICACOES DIRETAS;3;DESPESAS CORRENTES;3;OUTRAS DESPESAS CORRENTES;14;DIARIAS - PESSOAL CIVIL;339014;DIARIAS - PESSOAL CIVIL;00;RECURSOS PRIMARIOS DE LIVRE APLICACAO;;;;;55,569.24;25,689.11;29,880.13;29,880.13
2019;153068;CENTRO DE CIENC.EXATAS E DA NATUREZA DA UFPB;12;EDUCACAO;368;EDUCACAO BASICA;2080;EDUCACAO DE QUALIDADE PARA TODOS;20RJ;APOIO A CAPACITACAO E FORMACAO INICIAL E CONTINUADA PARA A E;0004;EDUCACAO BASICA A DISTANCIA - SISTEMA UNIVERSIDADE ABERTA DO BRASIL (UAB);12368208020RJ0001;108456;QCC62T58MAN;UAB - UAB PROFMAT;90;APLICACOES DIRETAS;3;DESPESAS CORRENTES;3;OUTRAS DESPESAS CORRENTES;30;MATERIAL DE CONSUMO;339030;MATERIAL DE CONSUMO;00;RECURSOS PRIMARIOS DE LIVRE APLICACAO;;;;;10,299.80;2,574.95;;
2019;153068;CENTRO DE CIENC.EXATAS E DA NATUREZA DA UFPB;12;EDUCACAO;368;EDUCACAO BASICA;2080;EDUCACAO DE QUALIDADE PARA TODOS;20RJ;APOIO A CAPACITACAO E FORMACAO INICIAL E CONTINUADA PARA A E;0004;EDUCACAO BASICA A DISTANCIA - SISTEMA UNIVERSIDADE ABERTA DO BRASIL (UAB);12368208020RJ0001;108456;QCC62T58MAN;UAB - UAB PROFMAT;90;APLICACOES DIRETAS;3;DESPESAS CORRENTES;3;OUTRAS DESPESAS CORRENTES;33;PASSAGENS E DESPESAS COM LOCOMOCAO;339033;PASSAGENS E DESPESAS COM LOCOMOCAO;00;RECURSOS PRIMARIOS DE LIVRE APLICACAO;;;;;77,156.37;44,166.65;32,989.72;32,989.72
2019;153073;CENTRO DE CIENCIAS AGRARIAS DA UFPB;12;EDUCACAO;364;ENSINO SUPERIOR;2080;EDUCACAO DE QUALIDADE PARA TODOS;0487;CONCESSAO DE BOLSAS DE ESTUDO NO ENSINO SUPERIOR;0002;CONCESSAO DE BOLSAS DE ESTUDOS NO PAIS;12364208004870001;108452;OCCCUO9414N;BF SUPERIOR - PROAP;90;APLICACOES DIRETAS;3;DESPESAS CORRENTES;3;OUTRAS DESPESAS CORRENTES;14;DIARIAS - PESSOAL CIVIL;339014;DIARIAS - PESSOAL CIVIL;08;FUNDO SOCIAL-PARC.DEST.EDUCACAO PUBL.E SAUDE;;;;;258,147.67;88,332.65;169,815.02;155,384.69
2019;153073;CENTRO DE CIENCIAS AGRARIAS DA UFPB;12;EDUCACAO;364;ENSINO SUPERIOR;2080;EDUCACAO DE QUALIDADE PARA TODOS;0487;CONCESSAO DE BOLSAS DE ESTUDO NO ENSINO SUPERIOR;0002;CONCESSAO DE BOLSAS DE ESTUDOS NO PAIS;12364208004870001;108452;OCCCUO9414N;BF SUPERIOR - PROAP;90;APLICACOES DIRETAS;3;DESPESAS CORRENTES;3;OUTRAS DESPESAS CORRENTES;18;AUXILIO FINANCEIRO A ESTUDANTES;339018;AUXILIO FINANCEIRO A ESTUDANTES;08;FUNDO SOCIAL-PARC.DEST.EDUCACAO PUBL.E SAUDE;;;;;512,457.64;230,380.95;282,076.69;275,213.48
2019;153073;CENTRO DE CIENCIAS AGRARIAS DA UFPB;12;EDUCACAO;364;ENSINO SUPERIOR;2080;EDUCACAO DE QUALIDADE PARA TODOS;0487;CONCESSAO DE BOLSAS DE ESTUDO NO ENSINO SUPERIOR;0002;CONCESSAO DE BOLSAS DE ESTUDOS NO PAIS;12364208004870001;108452;OCCCUO9414N;BF SUPERIOR - PROAP;90;APLICACOES DIRETAS;3;DESPESAS CORRENTES;3;OUTRAS DESPESAS CORRENTES;20;AUXILIO FINANCEIRO A PESQUISADORES;339020;AUXILIO FINANCEIRO A PESQUISADORES;08;FUNDO SOCIAL-PARC.DEST.EDUCACAO PUBL.E SAUDE;;;;;298,673.76;114,893.88;183,779.88;170,555.88
2019;153073;CENTRO DE CIENCIAS AGRARIAS DA UFPB;12;EDUCACAO;364;ENSINO SUPERIOR;2080;EDUCACAO DE QUALIDADE PARA TODOS;0487;CONCESSAO DE BOLSAS DE ESTUDO NO ENSINO SUPERIOR;0002;CONCESSAO DE BOLSAS DE ESTUDOS NO PAIS;12364208004870001;108452;OCCCUO9414N;BF SUPERIOR - PROAP;90;APLICACOES DIRETAS;3;DESPESAS CORRENTES;3;OUTRAS DESPESAS CORRENTES;30;MATERIAL DE CONSUMO;339030;MATERIAL DE CONSUMO;08;FUNDO SOCIAL-PARC.DEST.EDUCACAO PUBL.E SAUDE;;;;;9,902.81;2,803.35;5,411.06;4,977.56
2019;153073;CENTRO DE CIENCIAS AGRARIAS DA UFPB;12;EDUCACAO;364;ENSINO SUPERIOR;2080;EDUCACAO DE QUALIDADE PARA TODOS;0487;CONCESSAO DE BOLSAS DE ESTUDO NO ENSINO SUPERIOR;0002;CONCESSAO DE BOLSAS DE ESTUDOS NO PAIS;12364208004870001;108452;OCCCUO9414N;BF SUPERIOR - PROAP;90;APLICACOES DIRETAS;3;DESPESAS CORRENTES;3;OUTRAS DESPESAS CORRENTES;33;PASSAGENS E DESPESAS COM LOCOMOCAO;339033;PASSAGENS E DESPESAS COM LOCOMOCAO;08;FUNDO SOCIAL-PARC.DEST.EDUCACAO PUBL.E SAUDE;;;;;84,214.65;22,054.89;60,707.19;60,707.19
2019;153073;CENTRO DE CIENCIAS AGRARIAS DA UFPB;12;EDUCACAO;364;ENSINO SUPERIOR;2080;EDUCACAO DE QUALIDADE PARA TODOS;0487;CONCESSAO DE BOLSAS DE ESTUDO NO ENSINO SUPERIOR;0002;CONCESSAO DE BOLSAS DE ESTUDOS NO PAIS;12364208004870001;108452;OCCCUO9414N;BF SUPERIOR - PROAP;90;APLICACOES DIRETAS;3;DESPESAS CORRENTES;3;OUTRAS DESPESAS CORRENTES;36;OUTROS SERVICOS DE TERCEIROS - P.FISICA;339036;OUTROS SERVICOS DE TERCEIROS - PESSOA FISICA;08;FUNDO SOCIAL-PARC.DEST.EDUCACAO PUBL.E SAUDE;;;;;10,189.50;7,003.50;3,186.00;3,186.00
2019;153074;CENTRO DE CIENC.HUMA. SOC. E AGRARIAS DA UFPB;12;EDUCACAO;364;ENSINO SUPERIOR;2080;EDUCACAO DE QUALIDADE PARA TODOS;0487;CONCESSAO DE BOLSAS DE ESTUDO NO ENSINO SUPERIOR;0002;CONCESSAO DE BOLSAS DE ESTUDOS NO PAIS;12364208004870001;108452;OCCCUO9414N;BF SUPERIOR - PROAP;90;APLICACOES DIRETAS;3;DESPESAS CORRENTES;3;OUTRAS DESPESAS CORRENTES;14;DIARIAS - PESSOAL CIVIL;339014;DIARIAS - PESSOAL CIVIL;08;FUNDO SOCIAL-PARC.DEST.EDUCACAO PUBL.E SAUDE;;;;;20,043.90;12,603.82;7,440.08;7,013.18
2019;153074;CENTRO DE CIENC.HUMA. SOC. E AGRARIAS DA UFPB;12;EDUCACAO;364;ENSINO SUPERIOR;2080;EDUCACAO DE QUALIDADE PARA TODOS;0487;CONCESSAO DE BOLSAS DE ESTUDO NO ENSINO SUPERIOR;0002;CONCESSAO DE BOLSAS DE ESTUDOS NO PAIS;12364208004870001;108452;OCCCUO9414N;BF SUPERIOR - PROAP;90;APLICACOES DIRETAS;3;DESPESAS CORRENTES;3;OUTRAS DESPESAS CORRENTES;18;AUXILIO FINANCEIRO A ESTUDANTES;339018;AUXILIO FINANCEIRO A ESTUDANTES;08;FUNDO SOCIAL-PARC.DEST.EDUCACAO PUBL.E SAUDE;;;;;66,249.90;29,916.70;36,333.20;34,333.20
2019;153074;CENTRO DE CIENC.HUMA. SOC. E AGRARIAS DA UFPB;12;EDUCACAO;364;ENSINO SUPERIOR;2080;EDUCACAO DE QUALIDADE PARA TODOS;0487;CONCESSAO DE BOLSAS DE ESTUDO NO ENSINO SUPERIOR;0002;CONCESSAO DE BOLSAS DE ESTUDOS NO PAIS;12364208004870001;108452;OCCCUO9414N;BF SUPERIOR - PROAP;90;APLICACOES DIRETAS;3;DESPESAS CORRENTES;3;OUTRAS DESPESAS CORRENTES;20;AUXILIO FINANCEIRO A PESQUISADORES;339020;AUXILIO FINANCEIRO A PESQUISADORES;08;FUNDO SOCIAL-PARC.DEST.EDUCACAO PUBL.E SAUDE;;;;;12,000.00;7,500.00;4,500.00;4,500.00
2019;153074;CENTRO DE CIENC.HUMA. SOC. E AGRARIAS DA UFPB;12;EDUCACAO;364;ENSINO SUPERIOR;2080;EDUCACAO DE QUALIDADE PARA TODOS;0487;CONCESSAO DE BOLSAS DE ESTUDO NO ENSINO SUPERIOR;0002;CONCESSAO DE BOLSAS DE ESTUDOS NO PAIS;12364208004870001;108452;OCCCUO9414N;BF SUPERIOR - PROAP;90;APLICACOES DIRETAS;3;DESPESAS CORRENTES;3;OUTRAS DESPESAS CORRENTES;33;PASSAGENS E DESPESAS COM LOCOMOCAO;339033;PASSAGENS E DESPESAS COM LOCOMOCAO;08;FUNDO SOCIAL-PARC.DEST.EDUCACAO PUBL.E SAUDE;;;;;18,411.23;8,118.36;10,292.87;10,292.87
2019;153074;CENTRO DE CIENC.HUMA. SOC. E AGRARIAS DA UFPB;12;EDUCACAO;368;EDUCACAO BASICA;2080;EDUCACAO DE QUALIDADE PARA TODOS;20RJ;APOIO A CAPACITACAO E FORMACAO INICIAL E CONTINUADA PARA A E;0004;EDUCACAO BASICA A DISTANCIA - SISTEMA UNIVERSIDADE ABERTA DO BRASIL (UAB);12368208020RJ0001;108456;MCC62G22EDN;UAB - UAB TRADICIONAL;90;APLICACOES DIRETAS;3;DESPESAS CORRENTES;3;OUTRAS DESPESAS CORRENTES;14;DIARIAS - PESSOAL CIVIL;339014;DIARIAS - PESSOAL CIVIL;00;RECURSOS PRIMARIOS DE LIVRE APLICACAO;;;;;44,311.40;28,795.52;15,515.88;15,076.84
2019;153074;CENTRO DE CIENC.HUMA. SOC. E AGRARIAS DA UFPB;12;EDUCACAO;368;EDUCACAO BASICA;2080;EDUCACAO DE QUALIDADE PARA TODOS;20RJ;APOIO A CAPACITACAO E FORMACAO INICIAL E CONTINUADA PARA A E;0004;EDUCACAO BASICA A DISTANCIA - SISTEMA UNIVERSIDADE ABERTA DO BRASIL (UAB);12368208020RJ0001;108456;MCC62G22EDN;UAB - UAB TRADICIONAL;90;APLICACOES DIRETAS;3;DESPESAS CORRENTES;3;OUTRAS DESPESAS CORRENTES;36;OUTROS SERVICOS DE TERCEIROS - P.FISICA;339036;OUTROS SERVICOS DE TERCEIROS - PESSOA FISICA;00;RECURSOS PRIMARIOS DE LIVRE APLICACAO;;;;;47,923.00;28,690.00;19,233.00;19,233.00
2019;153079;UNIVERSIDADE FEDERAL DO PARANA;12;EDUCACAO;364;ENSINO SUPERIOR;2080;EDUCACAO DE QUALIDADE PARA TODOS;0487;CONCESSAO DE BOLSAS DE ESTUDO NO ENSINO SUPERIOR;0002;CONCESSAO DE BOLSAS DE ESTUDOS NO PAIS;12364208004870001;108452;OCCCUO9414N;BF SUPERIOR - PROAP;50;TRANSFERENCIA INSTITUICOES PRIVADAS SEM FINS LUCRATIVOS;3;DESPESAS CORRENTES;3;OUTRAS DESPESAS CORRENTES;41;CONTRIBUICOES;335041;CONTRIBUICOES;00;RECURSOS PRIMARIOS DE LIVRE APLICACAO;;;;;224,914.47;42,991.36;181,923.11;161,651.60
2019;153079;UNIVERSIDADE FEDERAL DO PARANA;12;EDUCACAO;364;ENSINO SUPERIOR;2080;EDUCACAO DE QUALIDADE PARA TODOS;0487;CONCESSAO DE BOLSAS DE ESTUDO NO ENSINO SUPERIOR;0002;CONCESSAO DE BOLSAS DE ESTUDOS NO PAIS;12364208004870001;108452;OCCCUO9414N;BF SUPERIOR - PROAP;90;APLICACOES DIRETAS;3;DESPESAS CORRENTES;3;OUTRAS DESPESAS CORRENTES;14;DIARIAS - PESSOAL CIVIL;339014;DIARIAS - PESSOAL CIVIL;00;RECURSOS PRIMARIOS DE LIVRE APLICACAO;;;;;4,383,716.84;2,179,912.21;2,203,804.63;1,905,968.64
2019;153079;UNIVERSIDADE FEDERAL DO PARANA;12;EDUCACAO;364;ENSINO SUPERIOR;2080;EDUCACAO DE QUALIDADE PARA TODOS;0487;CONCESSAO DE BOLSAS DE ESTUDO NO ENSINO SUPERIOR;0002;CONCESSAO DE BOLSAS DE ESTUDOS NO PAIS;12364208004870001;108452;OCCCUO9414N;BF SUPERIOR - PROAP;90;APLICACOES DIRETAS;3;DESPESAS CORRENTES;3;OUTRAS DESPESAS CORRENTES;18;AUXILIO FINANCEIRO A ESTUDANTES;339018;AUXILIO FINANCEIRO A ESTUDANTES;00;RECURSOS PRIMARIOS DE LIVRE APLICACAO;;;;;5,963,885.65;1,563,513.95;4,400,371.70;3,841,593.64
2019;153079;UNIVERSIDADE FEDERAL DO PARANA;12;EDUCACAO;364;ENSINO SUPERIOR;2080;EDUCACAO DE QUALIDADE PARA TODOS;0487;CONCESSAO DE BOLSAS DE ESTUDO NO ENSINO SUPERIOR;0002;CONCESSAO DE BOLSAS DE ESTUDOS NO PAIS;12364208004870001;108452;OCCCUO9414N;BF SUPERIOR - PROAP;90;APLICACOES DIRETAS;3;DESPESAS CORRENTES;3;OUTRAS DESPESAS CORRENTES;30;MATERIAL DE CONSUMO;339030;MATERIAL DE CONSUMO;00;RECURSOS PRIMARIOS DE LIVRE APLICACAO;;;;;3,795,390.37;1,167,592.74;1,978,800.94;1,720,963.84
2019;153079;UNIVERSIDADE FEDERAL DO PARANA;12;EDUCACAO;364;ENSINO SUPERIOR;2080;EDUCACAO DE QUALIDADE PARA TODOS;0487;CONCESSAO DE BOLSAS DE ESTUDO NO ENSINO SUPERIOR;0002;CONCESSAO DE BOLSAS DE ESTUDOS NO PAIS;12364208004870001;108452;OCCCUO9414N;BF SUPERIOR - PROAP;90;APLICACOES DIRETAS;3;DESPESAS CORRENTES;3;OUTRAS DESPESAS CORRENTES;33;PASSAGENS E DESPESAS COM LOCOMOCAO;339033;PASSAGENS E DESPESAS COM LOCOMOCAO;00;RECURSOS PRIMARIOS DE LIVRE APLICACAO;;;;;3,989,703.00;2,025,677.18;1,902,950.23;1,706,328.60
2019;153079;UNIVERSIDADE FEDERAL DO PARANA;12;EDUCACAO;364;ENSINO SUPERIOR;2080;EDUCACAO DE QUALIDADE PARA TODOS;0487;CONCESSAO DE BOLSAS DE ESTUDO NO ENSINO SUPERIOR;0002;CONCESSAO DE BOLSAS DE ESTUDOS NO PAIS;12364208004870001;108452;OCCCUO9414N;BF SUPERIOR - PROAP;90;APLICACOES DIRETAS;3;DESPESAS CORRENTES;3;OUTRAS DESPESAS CORRENTES;36;OUTROS SERVICOS DE TERCEIROS - P.FISICA;339036;OUTROS SERVICOS DE TERCEIROS - PESSOA FISICA;00;RECURSOS PRIMARIOS DE LIVRE APLICACAO;;;;;677,234.48;224,428.88;452,805.60;398,706.10
2019;153079;UNIVERSIDADE FEDERAL DO PARANA;12;EDUCACAO;364;ENSINO SUPERIOR;2080;EDUCACAO DE QUALIDADE PARA TODOS;0487;CONCESSAO DE BOLSAS DE ESTUDO NO ENSINO SUPERIOR;0002;CONCESSAO DE BOLSAS DE ESTUDOS NO PAIS;12364208004870001;108452;OCCCUO9414N;BF SUPERIOR - PROAP;90;APLICACOES DIRETAS;3;DESPESAS CORRENTES;3;OUTRAS DESPESAS CORRENTES;39;OUTROS SERVICOS DE TERCEIROS PJ - OP.INT.ORC.;339039;OUTROS SERVICOS DE TERCEIROS - PESSOA JURIDICA;00;RECURSOS PRIMARIOS DE LIVRE APLICACAO;;;;;1,041,917.43;198,588.11;594,356.08;463,624.75
2019;153079;UNIVERSIDADE FEDERAL DO PARANA;12;EDUCACAO;364;ENSINO SUPERIOR;2080;EDUCACAO DE QUALIDADE PARA TODOS;0487;CONCESSAO DE BOLSAS DE ESTUDO NO ENSINO SUPERIOR;0002;CONCESSAO DE BOLSAS DE ESTUDOS NO PAIS;12364208004870001;108452;OCCCUO9414N;BF SUPERIOR - PROAP;90;APLICACOES DIRETAS;3;DESPESAS CORRENTES;3;OUTRAS DESPESAS CORRENTES;40;SERVICOS DE TECNOLOGIA DA INFORMACAO E COMUNICACAO - PJ;339040;SERVICOS DE TECNOLOGIA DA INFORMACAO E COMUNICACAO - PJ;00;RECURSOS PRIMARIOS DE LIVRE APLICACAO;;;;;40,516.86;6,752.81;33,764.05;27,011.24
2019;153079;UNIVERSIDADE FEDERAL DO PARANA;12;EDUCACAO;364;ENSINO SUPERIOR;2080;EDUCACAO DE QUALIDADE PARA TODOS;0487;CONCESSAO DE BOLSAS DE ESTUDO NO ENSINO SUPERIOR;0002;CONCESSAO DE BOLSAS DE ESTUDOS NO PAIS;12364208004870001;108452;OCCCUO9414N;BF SUPERIOR - PROAP;90;APLICACOES DIRETAS;3;DESPESAS CORRENTES;3;OUTRAS DESPESAS CORRENTES;92;DESPESAS DE EXERCICIOS ANTERIORES;339092;DESPESAS DE EXERCICIOS ANTERIORES;00;RECURSOS PRIMARIOS DE LIVRE APLICACAO;;;;;49,570.49;7,518.10;42,052.39;35,627.31
2019;153079;UNIVERSIDADE FEDERAL DO PARANA;12;EDUCACAO;364;ENSINO SUPERIOR;2080;EDUCACAO DE QUALIDADE PARA TODOS;0487;CONCESSAO DE BOLSAS DE ESTUDO NO ENSINO SUPERIOR;0002;CONCESSAO DE BOLSAS DE ESTUDOS NO PAIS;12364208004870001;108452;OCCCUO9414N;BF SUPERIOR - PROAP;90;APLICACOES DIRETAS;3;DESPESAS CORRENTES;3;OUTRAS DESPESAS CORRENTES;93;INDENIZACOES E RESTITUICOES;339093;INDENIZACOES E RESTITUICOES;00;RECURSOS PRIMARIOS DE LIVRE APLICACAO;;;;;2,912.20;582.44;2,329.76;2,329.76
2019;153079;UNIVERSIDADE FEDERAL DO PARANA;12;EDUCACAO;368;EDUCACAO BASICA;2080;EDUCACAO DE QUALIDADE PARA TODOS;20RJ;APOIO A CAPACITACAO E FORMACAO INICIAL E CONTINUADA PARA A E;0003;EDUCACAO BASICA PRESENCIAL;12368208020RJ0001;108455;PCC92B5801N;PARFOR - PARFOR;90;APLICACOES DIRETAS;3;DESPESAS CORRENTES;3;OUTRAS DESPESAS CORRENTES;14;DIARIAS - PESSOAL CIVIL;339014;DIARIAS - PESSOAL CIVIL;00;RECURSOS PRIMARIOS DE LIVRE APLICACAO;;;;;237,985.94;204,736.54;33,249.40;30,507.04
2019;153079;UNIVERSIDADE FEDERAL DO PARANA;12;EDUCACAO;368;EDUCACAO BASICA;2080;EDUCACAO DE QUALIDADE PARA TODOS;20RJ;APOIO A CAPACITACAO E FORMACAO INICIAL E CONTINUADA PARA A E;0003;EDUCACAO BASICA PRESENCIAL;12368208020RJ0001;108455;PCC92B5801N;PARFOR - PARFOR;90;APLICACOES DIRETAS;3;DESPESAS CORRENTES;3;OUTRAS DESPESAS CORRENTES;30;MATERIAL DE CONSUMO;339030;MATERIAL DE CONSUMO;00;RECURSOS PRIMARIOS DE LIVRE APLICACAO;;;;;168,342.55;47,334.17;75,949.10;61,661.35
2019;153079;UNIVERSIDADE FEDERAL DO PARANA;12;EDUCACAO;368;EDUCACAO BASICA;2080;EDUCACAO DE QUALIDADE PARA TODOS;20RJ;APOIO A CAPACITACAO E FORMACAO INICIAL E CONTINUADA PARA A E;0003;EDUCACAO BASICA PRESENCIAL;12368208020RJ0001;108455;PCC92B5801N;PARFOR - PARFOR;90;APLICACOES DIRETAS;3;DESPESAS CORRENTES;3;OUTRAS DESPESAS CORRENTES;33;PASSAGENS E DESPESAS COM LOCOMOCAO;339033;PASSAGENS E DESPESAS COM LOCOMOCAO;00;RECURSOS PRIMARIOS DE LIVRE APLICACAO;;;;;217,000.00;132,811.69;43,254.21;42,797.68
2019;153079;UNIVERSIDADE FEDERAL DO PARANA;12;EDUCACAO;368;EDUCACAO BASICA;2080;EDUCACAO DE QUALIDADE PARA TODOS;20RJ;APOIO A CAPACITACAO E FORMACAO INICIAL E CONTINUADA PARA A E;0003;EDUCACAO BASICA PRESENCIAL;12368208020RJ0001;108455;PCC92B5801N;PARFOR - PARFOR;90;APLICACOES DIRETAS;3;DESPESAS CORRENTES;3;OUTRAS DESPESAS CORRENTES;36;OUTROS SERVICOS DE TERCEIROS - P.FISICA;339036;OUTROS SERVICOS DE TERCEIROS - PESSOA FISICA;00;RECURSOS PRIMARIOS DE LIVRE APLICACAO;;;;;125,244.63;45,385.77;79,858.86;69,812.16
2019;153079;UNIVERSIDADE FEDERAL DO PARANA;12;EDUCACAO;368;EDUCACAO BASICA;2080;EDUCACAO DE QUALIDADE PARA TODOS;20RJ;APOIO A CAPACITACAO E FORMACAO INICIAL E CONTINUADA PARA A E;0003;EDUCACAO BASICA PRESENCIAL;12368208020RJ0001;108455;PCC92B5801N;PARFOR - PARFOR;90;APLICACOES DIRETAS;3;DESPESAS CORRENTES;3;OUTRAS DESPESAS CORRENTES;39;OUTROS SERVICOS DE TERCEIROS PJ - OP.INT.ORC.;339039;OUTROS SERVICOS DE TERCEIROS - PESSOA JURIDICA;00;RECURSOS PRIMARIOS DE LIVRE APLICACAO;;;;;31,680.00;5,280.00;26,400.00;26,400.00
2019;153079;UNIVERSIDADE FEDERAL DO PARANA;12;EDUCACAO;368;EDUCACAO BASICA;2080;EDUCACAO DE QUALIDADE PARA TODOS;20RJ;APOIO A CAPACITACAO E FORMACAO INICIAL E CONTINUADA PARA A E;0004;EDUCACAO BASICA A DISTANCIA - SISTEMA UNIVERSIDADE ABERTA DO BRASIL (UAB);12368208020RJ0001;108456;MCC62G22EDN;UAB - UAB TRADICIONAL;90;APLICACOES DIRETAS;3;DESPESAS CORRENTES;3;OUTRAS DESPESAS CORRENTES;39;OUTROS SERVICOS DE TERCEIROS PJ - OP.INT.ORC.;339039;OUTROS SERVICOS DE TERCEIROS - PESSOA JURIDICA;00;RECURSOS PRIMARIOS DE LIVRE APLICACAO;;;;;1,866,298.65;746,519.46;1,119,779.19;1,119,779.19
2019;153079;UNIVERSIDADE FEDERAL DO PARANA;12;EDUCACAO;368;EDUCACAO BASICA;2080;EDUCACAO DE QUALIDADE PARA TODOS;20RJ;APOIO A CAPACITACAO E FORMACAO INICIAL E CONTINUADA PARA A E;0004;EDUCACAO BASICA A DISTANCIA - SISTEMA UNIVERSIDADE ABERTA DO BRASIL (UAB);12368208020RJ0001;108456;QCC62T58FLN;UAB - UAB PROFILOSOFIA;90;APLICACOES DIRETAS;3;DESPESAS CORRENTES;3;OUTRAS DESPESAS CORRENTES;39;OUTROS SERVICOS DE TERCEIROS PJ - OP.INT.ORC.;339039;OUTROS SERVICOS DE TERCEIROS - PESSOA JURIDICA;00;RECURSOS PRIMARIOS DE LIVRE APLICACAO;;;;;1,500,000.00;718,400.00;781,600.00;594,800.00
2019;153079;UNIVERSIDADE FEDERAL DO PARANA;12;EDUCACAO;368;EDUCACAO BASICA;2080;EDUCACAO DE QUALIDADE PARA TODOS;20RJ;APOIO A CAPACITACAO E FORMACAO INICIAL E CONTINUADA PARA A E;0004;EDUCACAO BASICA A DISTANCIA - SISTEMA UNIVERSIDADE ABERTA DO BRASIL (UAB);12368208020RJ0001;108456;QCC62T58HIN;UAB - UAB PROFHISTORIA;90;APLICACOES DIRETAS;3;DESPESAS CORRENTES;3;OUTRAS DESPESAS CORRENTES;14;DIARIAS - PESSOAL CIVIL;339014;DIARIAS - PESSOAL CIVIL;00;RECURSOS PRIMARIOS DE LIVRE APLICACAO;;;;;18,871.62;9,709.46;9,162.16;8,569.12
2019;153079;UNIVERSIDADE FEDERAL DO PARANA;12;EDUCACAO;368;EDUCACAO BASICA;2080;EDUCACAO DE QUALIDADE PARA TODOS;20RJ;APOIO A CAPACITACAO E FORMACAO INICIAL E CONTINUADA PARA A E;0004;EDUCACAO BASICA A DISTANCIA - SISTEMA UNIVERSIDADE ABERTA DO BRASIL (UAB);12368208020RJ0001;108456;QCC62T58HIN;UAB - UAB PROFHISTORIA;90;APLICACOES DIRETAS;3;DESPESAS CORRENTES;3;OUTRAS DESPESAS CORRENTES;18;AUXILIO FINANCEIRO A ESTUDANTES;339018;AUXILIO FINANCEIRO A ESTUDANTES;00;RECURSOS PRIMARIOS DE LIVRE APLICACAO;;;;;12,000.00;1,500.00;10,500.00;10,500.00
2019;153079;UNIVERSIDADE FEDERAL DO PARANA;12;EDUCACAO;368;EDUCACAO BASICA;2080;EDUCACAO DE QUALIDADE PARA TODOS;20RJ;APOIO A CAPACITACAO E FORMACAO INICIAL E CONTINUADA PARA A E;0004;EDUCACAO BASICA A DISTANCIA - SISTEMA UNIVERSIDADE ABERTA DO BRASIL (UAB);12368208020RJ0001;108456;QCC62T58HIN;UAB - UAB PROFHISTORIA;90;APLICACOES DIRETAS;3;DESPESAS CORRENTES;3;OUTRAS DESPESAS CORRENTES;33;PASSAGENS E DESPESAS COM LOCOMOCAO;339033;PASSAGENS E DESPESAS COM LOCOMOCAO;00;RECURSOS PRIMARIOS DE LIVRE APLICACAO;;;;;90,000.00;36,000.00;6,319.56;6,319.56
2019;153079;UNIVERSIDADE FEDERAL DO PARANA;12;EDUCACAO;368;EDUCACAO BASICA;2080;EDUCACAO DE QUALIDADE PARA TODOS;20RJ;APOIO A CAPACITACAO E FORMACAO INICIAL E CONTINUADA PARA A E;0004;EDUCACAO BASICA A DISTANCIA - SISTEMA UNIVERSIDADE ABERTA DO BRASIL (UAB);12368208020RJ0001;108456;QCC62T58QUN;UAB - UAB PROFQUIMICA;90;APLICACOES DIRETAS;3;DESPESAS CORRENTES;3;OUTRAS DESPESAS CORRENTES;14;DIARIAS - PESSOAL CIVIL;339014;DIARIAS - PESSOAL CIVIL;00;RECURSOS PRIMARIOS DE LIVRE APLICACAO;;;;;19,002.45;11,533.44;7,469.01;7,469.01
2019;153079;UNIVERSIDADE FEDERAL DO PARANA;12;EDUCACAO;368;EDUCACAO BASICA;2080;EDUCACAO DE QUALIDADE PARA TODOS;20RJ;APOIO A CAPACITACAO E FORMACAO INICIAL E CONTINUADA PARA A E;0004;EDUCACAO BASICA A DISTANCIA - SISTEMA UNIVERSIDADE ABERTA DO BRASIL (UAB);12368208020RJ0001;108456;QCC62T58QUN;UAB - UAB PROFQUIMICA;90;APLICACOES DIRETAS;3;DESPESAS CORRENTES;3;OUTRAS DESPESAS CORRENTES;18;AUXILIO FINANCEIRO A ESTUDANTES;339018;AUXILIO FINANCEIRO A ESTUDANTES;00;RECURSOS PRIMARIOS DE LIVRE APLICACAO;;;;;12,800.00;0.00;12,800.00;12,800.00
2019;153079;UNIVERSIDADE FEDERAL DO PARANA;12;EDUCACAO;368;EDUCACAO BASICA;2080;EDUCACAO DE QUALIDADE PARA TODOS;20RJ;APOIO A CAPACITACAO E FORMACAO INICIAL E CONTINUADA PARA A E;0004;EDUCACAO BASICA A DISTANCIA - SISTEMA UNIVERSIDADE ABERTA DO BRASIL (UAB);12368208020RJ0001;108456;QCC62T58QUN;UAB - UAB PROFQUIMICA;90;APLICACOES DIRETAS;3;DESPESAS CORRENTES;3;OUTRAS DESPESAS CORRENTES;33;PASSAGENS E DESPESAS COM LOCOMOCAO;339033;PASSAGENS E DESPESAS COM LOCOMOCAO;00;RECURSOS PRIMARIOS DE LIVRE APLICACAO;;;;;40,079.28;32,240.12;7,839.16;7,839.16
2019;153080;UNIVERSIDADE FEDERAL DE PERNAMBUCO;12;EDUCACAO;368;EDUCACAO BASICA;2080;EDUCACAO DE QUALIDADE PARA TODOS;20RJ;APOIO A CAPACITACAO E FORMACAO INICIAL E CONTINUADA PARA A E;0004;EDUCACAO BASICA A DISTANCIA - SISTEMA UNIVERSIDADE ABERTA DO BRASIL (UAB);12368208020RJ0001;108456;QCC62T58HIN;UAB - UAB PROFHISTORIA;90;APLICACOES DIRETAS;3;DESPESAS CORRENTES;3;OUTRAS DESPESAS CORRENTES;14;DIARIAS - PESSOAL CIVIL;339014;DIARIAS - PESSOAL CIVIL;00;RECURSOS PRIMARIOS DE LIVRE APLICACAO;;;;;38,126.88;21,333.96;16,792.92;16,792.92
2019;153080;UNIVERSIDADE FEDERAL DE PERNAMBUCO;12;EDUCACAO;368;EDUCACAO BASICA;2080;EDUCACAO DE QUALIDADE PARA TODOS;20RJ;APOIO A CAPACITACAO E FORMACAO INICIAL E CONTINUADA PARA A E;0004;EDUCACAO BASICA A DISTANCIA - SISTEMA UNIVERSIDADE ABERTA DO BRASIL (UAB);12368208020RJ0001;108456;QCC62T58HIN;UAB - UAB PROFHISTORIA;90;APLICACOES DIRETAS;3;DESPESAS CORRENTES;3;OUTRAS DESPESAS CORRENTES;33;PASSAGENS E DESPESAS COM LOCOMOCAO;339033;PASSAGENS E DESPESAS COM LOCOMOCAO;00;RECURSOS PRIMARIOS DE LIVRE APLICACAO;;;;;67,560.04;27,684.32;33,793.22;29,684.58
2019;153080;UNIVERSIDADE FEDERAL DE PERNAMBUCO;12;EDUCACAO;368;EDUCACAO BASICA;2080;EDUCACAO DE QUALIDADE PARA TODOS;20RJ;APOIO A CAPACITACAO E FORMACAO INICIAL E CONTINUADA PARA A E;0004;EDUCACAO BASICA A DISTANCIA - SISTEMA UNIVERSIDADE ABERTA DO BRASIL (UAB);12368208020RJ0001;108456;QCC62T58HIN;UAB - UAB PROFHISTORIA;90;APLICACOES DIRETAS;3;DESPESAS CORRENTES;3;OUTRAS DESPESAS CORRENTES;36;OUTROS SERVICOS DE TERCEIROS - P.FISICA;339036;OUTROS SERVICOS DE TERCEIROS - PESSOA FISICA;00;RECURSOS PRIMARIOS DE LIVRE APLICACAO;;;;;2,690.40;2,690.40;;
2019;153080;UNIVERSIDADE FEDERAL DE PERNAMBUCO;12;EDUCACAO;368;EDUCACAO BASICA;2080;EDUCACAO DE QUALIDADE PARA TODOS;20RJ;APOIO A CAPACITACAO E FORMACAO INICIAL E CONTINUADA PARA A E;0004;EDUCACAO BASICA A DISTANCIA - SISTEMA UNIVERSIDADE ABERTA DO BRASIL (UAB);12368208020RJ0001;108456;QCC62T58LEN;UAB - UAB PROFLETRAS;90;APLICACOES DIRETAS;3;DESPESAS CORRENTES;3;OUTRAS DESPESAS CORRENTES;14;DIARIAS - PESSOAL CIVIL;339014;DIARIAS - PESSOAL CIVIL;00;RECURSOS PRIMARIOS DE LIVRE APLICACAO;;;;;44,876.56;31,714.00;13,162.56;12,461.14
2019;153080;UNIVERSIDADE FEDERAL DE PERNAMBUCO;12;EDUCACAO;368;EDUCACAO BASICA;2080;EDUCACAO DE QUALIDADE PARA TODOS;20RJ;APOIO A CAPACITACAO E FORMACAO INICIAL E CONTINUADA PARA A E;0004;EDUCACAO BASICA A DISTANCIA - SISTEMA UNIVERSIDADE ABERTA DO BRASIL (UAB);12368208020RJ0001;108456;QCC62T58LEN;UAB - UAB PROFLETRAS;90;APLICACOES DIRETAS;3;DESPESAS CORRENTES;3;OUTRAS DESPESAS CORRENTES;33;PASSAGENS E DESPESAS COM LOCOMOCAO;339033;PASSAGENS E DESPESAS COM LOCOMOCAO;00;RECURSOS PRIMARIOS DE LIVRE APLICACAO;;;;;140,900.61;102,353.32;38,547.29;38,547.29
2019;153084;DIRET.CENTRO DE FILOSOFIA E C.HUMANAS - UFPE;12;EDUCACAO;368;EDUCACAO BASICA;2080;EDUCACAO DE QUALIDADE PARA TODOS;20RJ;APOIO A CAPACITACAO E FORMACAO INICIAL E CONTINUADA PARA A E;0004;EDUCACAO BASICA A DISTANCIA - SISTEMA UNIVERSIDADE ABERTA DO BRASIL (UAB);12368208020RJ0001;108456;QCC62T58HIN;UAB - UAB PROFHISTORIA;90;APLICACOES DIRETAS;3;DESPESAS CORRENTES;3;OUTRAS DESPESAS CORRENTES;18;AUXILIO FINANCEIRO A ESTUDANTES;339018;AUXILIO FINANCEIRO A ESTUDANTES;00;RECURSOS PRIMARIOS DE LIVRE APLICACAO;;;;;60,000.00;22,500.00;21,000.00;12,000.00
2019;153096;PRO-REITORIA DE GRADUACAO;12;EDUCACAO;368;EDUCACAO BASICA;2080;EDUCACAO DE QUALIDADE PARA TODOS;20RJ;APOIO A CAPACITACAO E FORMACAO INICIAL E CONTINUADA PARA A E;0004;EDUCACAO BASICA A DISTANCIA - SISTEMA UNIVERSIDADE ABERTA DO BRASIL (UAB);12368208020RJ0001;108456;MCC62G22EDN;UAB - UAB TRADICIONAL;90;APLICACOES DIRETAS;3;DESPESAS CORRENTES;3;OUTRAS DESPESAS CORRENTES;39;OUTROS SERVICOS DE TERCEIROS PJ - OP.INT.ORC.;339039;OUTROS SERVICOS DE TERCEIROS - PESSOA JURIDICA;00;RECURSOS PRIMARIOS DE LIVRE APLICACAO;;;;;800,000.00;200,000.00;;
2019;153098;PRO-REITORIA DE POS-GRADUACAO.;12;EDUCACAO;364;ENSINO SUPERIOR;2080;EDUCACAO DE QUALIDADE PARA TODOS;0487;CONCESSAO DE BOLSAS DE ESTUDO NO ENSINO SUPERIOR;0002;CONCESSAO DE BOLSAS DE ESTUDOS NO PAIS;12364208004870001;108452;OCCCUO9414N;BF SUPERIOR - PROAP;90;APLICACOES DIRETAS;3;DESPESAS CORRENTES;3;OUTRAS DESPESAS CORRENTES;14;DIARIAS - PESSOAL CIVIL;339014;DIARIAS - PESSOAL CIVIL;00;RECURSOS PRIMARIOS DE LIVRE APLICACAO;;;;;4,343,286.33;2,557,677.66;1,785,608.67;1,706,692.04
2019;153098;PRO-REITORIA DE POS-GRADUACAO.;12;EDUCACAO;364;ENSINO SUPERIOR;2080;EDUCACAO DE QUALIDADE PARA TODOS;0487;CONCESSAO DE BOLSAS DE ESTUDO NO ENSINO SUPERIOR;0002;CONCESSAO DE BOLSAS DE ESTUDOS NO PAIS;12364208004870001;108452;OCCCUO9414N;BF SUPERIOR - PROAP;90;APLICACOES DIRETAS;3;DESPESAS CORRENTES;3;OUTRAS DESPESAS CORRENTES;18;AUXILIO FINANCEIRO A ESTUDANTES;339018;AUXILIO FINANCEIRO A ESTUDANTES;00;RECURSOS PRIMARIOS DE LIVRE APLICACAO;;;;;4,551,214.80;2,110,260.06;2,438,098.47;2,193,166.58
2019;153098;PRO-REITORIA DE POS-GRADUACAO.;12;EDUCACAO;364;ENSINO SUPERIOR;2080;EDUCACAO DE QUALIDADE PARA TODOS;0487;CONCESSAO DE BOLSAS DE ESTUDO NO ENSINO SUPERIOR;0002;CONCESSAO DE BOLSAS DE ESTUDOS NO PAIS;12364208004870001;108452;OCCCUO9414N;BF SUPERIOR - PROAP;90;APLICACOES DIRETAS;3;DESPESAS CORRENTES;3;OUTRAS DESPESAS CORRENTES;20;AUXILIO FINANCEIRO A PESQUISADORES;339020;AUXILIO FINANCEIRO A PESQUISADORES;00;RECURSOS PRIMARIOS DE LIVRE APLICACAO;;;;;1,378,000.00;628,400.00;633,860.00;590,280.00
2019;153098;PRO-REITORIA DE POS-GRADUACAO.;12;EDUCACAO;364;ENSINO SUPERIOR;2080;EDUCACAO DE QUALIDADE PARA TODOS;0487;CONCESSAO DE BOLSAS DE ESTUDO NO ENSINO SUPERIOR;0002;CONCESSAO DE BOLSAS DE ESTUDOS NO PAIS;12364208004870001;108452;OCCCUO9414N;BF SUPERIOR - PROAP;90;APLICACOES DIRETAS;3;DESPESAS CORRENTES;3;OUTRAS DESPESAS CORRENTES;30;MATERIAL DE CONSUMO;339030;MATERIAL DE CONSUMO;00;RECURSOS PRIMARIOS DE LIVRE APLICACAO;;;;;6,197,564.25;852,198.97;4,644,397.43;3,504,094.92
2019;153098;PRO-REITORIA DE POS-GRADUACAO.;12;EDUCACAO;364;ENSINO SUPERIOR;2080;EDUCACAO DE QUALIDADE PARA TODOS;0487;CONCESSAO DE BOLSAS DE ESTUDO NO ENSINO SUPERIOR;0002;CONCESSAO DE BOLSAS DE ESTUDOS NO PAIS;12364208004870001;108452;OCCCUO9414N;BF SUPERIOR - PROAP;90;APLICACOES DIRETAS;3;DESPESAS CORRENTES;3;OUTRAS DESPESAS CORRENTES;33;PASSAGENS E DESPESAS COM LOCOMOCAO;339033;PASSAGENS E DESPESAS COM LOCOMOCAO;00;RECURSOS PRIMARIOS DE LIVRE APLICACAO;;;;;8,681,425.76;4,659,967.29;2,570,472.11;2,258,085.10
2019;153098;PRO-REITORIA DE POS-GRADUACAO.;12;EDUCACAO;364;ENSINO SUPERIOR;2080;EDUCACAO DE QUALIDADE PARA TODOS;0487;CONCESSAO DE BOLSAS DE ESTUDO NO ENSINO SUPERIOR;0002;CONCESSAO DE BOLSAS DE ESTUDOS NO PAIS;12364208004870001;108452;OCCCUO9414N;BF SUPERIOR - PROAP;90;APLICACOES DIRETAS;3;DESPESAS CORRENTES;3;OUTRAS DESPESAS CORRENTES;36;OUTROS SERVICOS DE TERCEIROS - P.FISICA;339036;OUTROS SERVICOS DE TERCEIROS - PESSOA FISICA;00;RECURSOS PRIMARIOS DE LIVRE APLICACAO;;;;;1,098,461.31;830,922.81;267,538.50;236,886.50
2019;153098;PRO-REITORIA DE POS-GRADUACAO.;12;EDUCACAO;364;ENSINO SUPERIOR;2080;EDUCACAO DE QUALIDADE PARA TODOS;0487;CONCESSAO DE BOLSAS DE ESTUDO NO ENSINO SUPERIOR;0002;CONCESSAO DE BOLSAS DE ESTUDOS NO PAIS;12364208004870001;108452;OCCCUO9414N;BF SUPERIOR - PROAP;90;APLICACOES DIRETAS;3;DESPESAS CORRENTES;3;OUTRAS DESPESAS CORRENTES;39;OUTROS SERVICOS DE TERCEIROS PJ - OP.INT.ORC.;339039;OUTROS SERVICOS DE TERCEIROS - PESSOA JURIDICA;00;RECURSOS PRIMARIOS DE LIVRE APLICACAO;;;;;719,398.14;196,488.00;372,020.70;334,070.00
2019;153098;PRO-REITORIA DE POS-GRADUACAO.;12;EDUCACAO;364;ENSINO SUPERIOR;2080;EDUCACAO DE QUALIDADE PARA TODOS;0487;CONCESSAO DE BOLSAS DE ESTUDO NO ENSINO SUPERIOR;0002;CONCESSAO DE BOLSAS DE ESTUDOS NO PAIS;12364208004870001;108452;OCCCUO9414N;BF SUPERIOR - PROAP;90;APLICACOES DIRETAS;3;DESPESAS CORRENTES;3;OUTRAS DESPESAS CORRENTES;93;INDENIZACOES E RESTITUICOES;339093;INDENIZACOES E RESTITUICOES;00;RECURSOS PRIMARIOS DE LIVRE APLICACAO;;;;;531,664.92;169,383.72;299,092.29;280,461.60
2019;153103;UNIVERSIDADE FEDERAL DO RIO GRANDE DO NORTE;12;EDUCACAO;364;ENSINO SUPERIOR;2080;EDUCACAO DE QUALIDADE PARA TODOS;0487;CONCESSAO DE BOLSAS DE ESTUDO NO ENSINO SUPERIOR;0002;CONCESSAO DE BOLSAS DE ESTUDOS NO PAIS;12364208004870001;108452;OCCCUO9414N;BF SUPERIOR - PROAP;90;APLICACOES DIRETAS;3;DESPESAS CORRENTES;3;OUTRAS DESPESAS CORRENTES;14;DIARIAS - PESSOAL CIVIL;339014;DIARIAS - PESSOAL CIVIL;00;RECURSOS PRIMARIOS DE LIVRE APLICACAO;;;;;4,333,316.46;1,917,155.50;2,416,160.96;2,275,353.49
2019;153103;UNIVERSIDADE FEDERAL DO RIO GRANDE DO NORTE;12;EDUCACAO;364;ENSINO SUPERIOR;2080;EDUCACAO DE QUALIDADE PARA TODOS;0487;CONCESSAO DE BOLSAS DE ESTUDO NO ENSINO SUPERIOR;0002;CONCESSAO DE BOLSAS DE ESTUDOS NO PAIS;12364208004870001;108452;OCCCUO9414N;BF SUPERIOR - PROAP;90;APLICACOES DIRETAS;3;DESPESAS CORRENTES;3;OUTRAS DESPESAS CORRENTES;18;AUXILIO FINANCEIRO A ESTUDANTES;339018;AUXILIO FINANCEIRO A ESTUDANTES;00;RECURSOS PRIMARIOS DE LIVRE APLICACAO;;;;;4,602,138.70;1,672,849.20;2,926,176.46;2,762,909.96
2019;153103;UNIVERSIDADE FEDERAL DO RIO GRANDE DO NORTE;12;EDUCACAO;364;ENSINO SUPERIOR;2080;EDUCACAO DE QUALIDADE PARA TODOS;0487;CONCESSAO DE BOLSAS DE ESTUDO NO ENSINO SUPERIOR;0002;CONCESSAO DE BOLSAS DE ESTUDOS NO PAIS;12364208004870001;108452;OCCCUO9414N;BF SUPERIOR - PROAP;90;APLICACOES DIRETAS;3;DESPESAS CORRENTES;3;OUTRAS DESPESAS CORRENTES;20;AUXILIO FINANCEIRO A PESQUISADORES;339020;AUXILIO FINANCEIRO A PESQUISADORES;00;RECURSOS PRIMARIOS DE LIVRE APLICACAO;;;;;191,853.20;5,000.00;186,853.20;176,684.30
2019;153103;UNIVERSIDADE FEDERAL DO RIO GRANDE DO NORTE;12;EDUCACAO;364;ENSINO SUPERIOR;2080;EDUCACAO DE QUALIDADE PARA TODOS;0487;CONCESSAO DE BOLSAS DE ESTUDO NO ENSINO SUPERIOR;0002;CONCESSAO DE BOLSAS DE ESTUDOS NO PAIS;12364208004870001;108452;OCCCUO9414N;BF SUPERIOR - PROAP;90;APLICACOES DIRETAS;3;DESPESAS CORRENTES;3;OUTRAS DESPESAS CORRENTES;30;MATERIAL DE CONSUMO;339030;MATERIAL DE CONSUMO;00;RECURSOS PRIMARIOS DE LIVRE APLICACAO;;;;;419,285.45;96,079.64;239,903.70;223,002.13
2019;153103;UNIVERSIDADE FEDERAL DO RIO GRANDE DO NORTE;12;EDUCACAO;364;ENSINO SUPERIOR;2080;EDUCACAO DE QUALIDADE PARA TODOS;0487;CONCESSAO DE BOLSAS DE ESTUDO NO ENSINO SUPERIOR;0002;CONCESSAO DE BOLSAS DE ESTUDOS NO PAIS;12364208004870001;108452;OCCCUO9414N;BF SUPERIOR - PROAP;90;APLICACOES DIRETAS;3;DESPESAS CORRENTES;3;OUTRAS DESPESAS CORRENTES;33;PASSAGENS E DESPESAS COM LOCOMOCAO;339033;PASSAGENS E DESPESAS COM LOCOMOCAO;00;RECURSOS PRIMARIOS DE LIVRE APLICACAO;;;;;7,366,718.50;3,792,065.48;3,398,740.28;2,933,474.26
2019;153103;UNIVERSIDADE FEDERAL DO RIO GRANDE DO NORTE;12;EDUCACAO;364;ENSINO SUPERIOR;2080;EDUCACAO DE QUALIDADE PARA TODOS;0487;CONCESSAO DE BOLSAS DE ESTUDO NO ENSINO SUPERIOR;0002;CONCESSAO DE BOLSAS DE ESTUDOS NO PAIS;12364208004870001;108452;OCCCUO9414N;BF SUPERIOR - PROAP;90;APLICACOES DIRETAS;3;DESPESAS CORRENTES;3;OUTRAS DESPESAS CORRENTES;39;OUTROS SERVICOS DE TERCEIROS PJ - OP.INT.ORC.;339039;OUTROS SERVICOS DE TERCEIROS - PESSOA JURIDICA;00;RECURSOS PRIMARIOS DE LIVRE APLICACAO;;;;;5,465,436.29;1,745,979.55;3,698,112.04;3,450,381.47
2019;153103;UNIVERSIDADE FEDERAL DO RIO GRANDE DO NORTE;12;EDUCACAO;364;ENSINO SUPERIOR;2080;EDUCACAO DE QUALIDADE PARA TODOS;0487;CONCESSAO DE BOLSAS DE ESTUDO NO ENSINO SUPERIOR;0002;CONCESSAO DE BOLSAS DE ESTUDOS NO PAIS;12364208004870001;108452;OCCCUO9414N;BF SUPERIOR - PROAP;90;APLICACOES DIRETAS;3;DESPESAS CORRENTES;3;OUTRAS DESPESAS CORRENTES;93;INDENIZACOES E RESTITUICOES;339093;INDENIZACOES E RESTITUICOES;00;RECURSOS PRIMARIOS DE LIVRE APLICACAO;;;;;1,170,260.80;48,217.17;1,120,591.63;1,078,048.65
2019;153103;UNIVERSIDADE FEDERAL DO RIO GRANDE DO NORTE;12;EDUCACAO;368;EDUCACAO BASICA;2080;EDUCACAO DE QUALIDADE PARA TODOS;20RJ;APOIO A CAPACITACAO E FORMACAO INICIAL E CONTINUADA PARA A E;0004;EDUCACAO BASICA A DISTANCIA - SISTEMA UNIVERSIDADE ABERTA DO BRASIL (UAB);12368208020RJ0001;108456;MCC62G22EDN;UAB - UAB TRADICIONAL;90;APLICACOES DIRETAS;3;DESPESAS CORRENTES;3;OUTRAS DESPESAS CORRENTES;39;OUTROS SERVICOS DE TERCEIROS PJ - OP.INT.ORC.;339039;OUTROS SERVICOS DE TERCEIROS - PESSOA JURIDICA;00;RECURSOS PRIMARIOS DE LIVRE APLICACAO;;;;;3,807,543.72;16,277.48;3,791,266.24;3,641,266.24
2019;153103;UNIVERSIDADE FEDERAL DO RIO GRANDE DO NORTE;12;EDUCACAO;368;EDUCACAO BASICA;2080;EDUCACAO DE QUALIDADE PARA TODOS;20RJ;APOIO A CAPACITACAO E FORMACAO INICIAL E CONTINUADA PARA A E;0004;EDUCACAO BASICA A DISTANCIA - SISTEMA UNIVERSIDADE ABERTA DO BRASIL (UAB);12368208020RJ0001;108456;QCC62T58HIN;UAB - UAB PROFHISTORIA;90;APLICACOES DIRETAS;3;DESPESAS CORRENTES;3;OUTRAS DESPESAS CORRENTES;14;DIARIAS - PESSOAL CIVIL;339014;DIARIAS - PESSOAL CIVIL;00;RECURSOS PRIMARIOS DE LIVRE APLICACAO;;;;;20,886.40;2,819.50;18,066.90;16,872.40
2019;153103;UNIVERSIDADE FEDERAL DO RIO GRANDE DO NORTE;12;EDUCACAO;368;EDUCACAO BASICA;2080;EDUCACAO DE QUALIDADE PARA TODOS;20RJ;APOIO A CAPACITACAO E FORMACAO INICIAL E CONTINUADA PARA A E;0004;EDUCACAO BASICA A DISTANCIA - SISTEMA UNIVERSIDADE ABERTA DO BRASIL (UAB);12368208020RJ0001;108456;QCC62T58HIN;UAB - UAB PROFHISTORIA;90;APLICACOES DIRETAS;3;DESPESAS CORRENTES;3;OUTRAS DESPESAS CORRENTES;18;AUXILIO FINANCEIRO A ESTUDANTES;339018;AUXILIO FINANCEIRO A ESTUDANTES;00;RECURSOS PRIMARIOS DE LIVRE APLICACAO;;;;;27,810.00;2,320.00;22,940.00;18,910.00
2019;153103;UNIVERSIDADE FEDERAL DO RIO GRANDE DO NORTE;12;EDUCACAO;368;EDUCACAO BASICA;2080;EDUCACAO DE QUALIDADE PARA TODOS;20RJ;APOIO A CAPACITACAO E FORMACAO INICIAL E CONTINUADA PARA A E;0004;EDUCACAO BASICA A DISTANCIA - SISTEMA UNIVERSIDADE ABERTA DO BRASIL (UAB);12368208020RJ0001;108456;QCC62T58HIN;UAB - UAB PROFHISTORIA;90;APLICACOES DIRETAS;3;DESPESAS CORRENTES;3;OUTRAS DESPESAS CORRENTES;33;PASSAGENS E DESPESAS COM LOCOMOCAO;339033;PASSAGENS E DESPESAS COM LOCOMOCAO;00;RECURSOS PRIMARIOS DE LIVRE APLICACAO;;;;;139,874.08;51,519.00;71,789.11;68,233.97
2019;153103;UNIVERSIDADE FEDERAL DO RIO GRANDE DO NORTE;12;EDUCACAO;368;EDUCACAO BASICA;2080;EDUCACAO DE QUALIDADE PARA TODOS;20RJ;APOIO A CAPACITACAO E FORMACAO INICIAL E CONTINUADA PARA A E;0004;EDUCACAO BASICA A DISTANCIA - SISTEMA UNIVERSIDADE ABERTA DO BRASIL (UAB);12368208020RJ0001;108456;QCC62T58HIN;UAB - UAB PROFHISTORIA;90;APLICACOES DIRETAS;3;DESPESAS CORRENTES;3;OUTRAS DESPESAS CORRENTES;39;OUTROS SERVICOS DE TERCEIROS PJ - OP.INT.ORC.;339039;OUTROS SERVICOS DE TERCEIROS - PESSOA JURIDICA;00;RECURSOS PRIMARIOS DE LIVRE APLICACAO;;;;;6,414.25;1,085.75;2,071.25;1,657.00
2019;153103;UNIVERSIDADE FEDERAL DO RIO GRANDE DO NORTE;12;EDUCACAO;368;EDUCACAO BASICA;2080;EDUCACAO DE QUALIDADE PARA TODOS;20RJ;APOIO A CAPACITACAO E FORMACAO INICIAL E CONTINUADA PARA A E;0004;EDUCACAO BASICA A DISTANCIA - SISTEMA UNIVERSIDADE ABERTA DO BRASIL (UAB);12368208020RJ0001;108456;QCC62T58LEN;UAB - UAB PROFLETRAS;90;APLICACOES DIRETAS;3;DESPESAS CORRENTES;3;OUTRAS DESPESAS CORRENTES;14;DIARIAS - PESSOAL CIVIL;339014;DIARIAS - PESSOAL CIVIL;00;RECURSOS PRIMARIOS DE LIVRE APLICACAO;;;;;7,530.86;4,135.56;3,395.30;3,395.30
2019;153103;UNIVERSIDADE FEDERAL DO RIO GRANDE DO NORTE;12;EDUCACAO;368;EDUCACAO BASICA;2080;EDUCACAO DE QUALIDADE PARA TODOS;20RJ;APOIO A CAPACITACAO E FORMACAO INICIAL E CONTINUADA PARA A E;0004;EDUCACAO BASICA A DISTANCIA - SISTEMA UNIVERSIDADE ABERTA DO BRASIL (UAB);12368208020RJ0001;108456;QCC62T58LEN;UAB - UAB PROFLETRAS;90;APLICACOES DIRETAS;3;DESPESAS CORRENTES;3;OUTRAS DESPESAS CORRENTES;33;PASSAGENS E DESPESAS COM LOCOMOCAO;339033;PASSAGENS E DESPESAS COM LOCOMOCAO;00;RECURSOS PRIMARIOS DE LIVRE APLICACAO;;;;;53,980.00;6,130.00;3,795.30;3,795.30
2019;153103;UNIVERSIDADE FEDERAL DO RIO GRANDE DO NORTE;12;EDUCACAO;368;EDUCACAO BASICA;2080;EDUCACAO DE QUALIDADE PARA TODOS;20RJ;APOIO A CAPACITACAO E FORMACAO INICIAL E CONTINUADA PARA A E;0004;EDUCACAO BASICA A DISTANCIA - SISTEMA UNIVERSIDADE ABERTA DO BRASIL (UAB);12368208020RJ0001;108456;QCC62T58LEN;UAB - UAB PROFLETRAS;90;APLICACOES DIRETAS;3;DESPESAS CORRENTES;3;OUTRAS DESPESAS CORRENTES;39;OUTROS SERVICOS DE TERCEIROS PJ - OP.INT.ORC.;339039;OUTROS SERVICOS DE TERCEIROS - PESSOA JURIDICA;00;RECURSOS PRIMARIOS DE LIVRE APLICACAO;;;;;805,045.15;40,409.20;709,158.90;568,354.47
2019;153103;UNIVERSIDADE FEDERAL DO RIO GRANDE DO NORTE;12;EDUCACAO;368;EDUCACAO BASICA;2080;EDUCACAO DE QUALIDADE PARA TODOS;20RJ;APOIO A CAPACITACAO E FORMACAO INICIAL E CONTINUADA PARA A E;0004;EDUCACAO BASICA A DISTANCIA - SISTEMA UNIVERSIDADE ABERTA DO BRASIL (UAB);12368208020RJ0001;108456;QCC62T58QUN;UAB - UAB PROFQUIMICA;90;APLICACOES DIRETAS;3;DESPESAS CORRENTES;3;OUTRAS DESPESAS CORRENTES;14;DIARIAS - PESSOAL CIVIL;339014;DIARIAS - PESSOAL CIVIL;00;RECURSOS PRIMARIOS DE LIVRE APLICACAO;;;;;16,168.38;5,476.90;10,691.48;10,612.00
2019;153103;UNIVERSIDADE FEDERAL DO RIO GRANDE DO NORTE;12;EDUCACAO;368;EDUCACAO BASICA;2080;EDUCACAO DE QUALIDADE PARA TODOS;20RJ;APOIO A CAPACITACAO E FORMACAO INICIAL E CONTINUADA PARA A E;0004;EDUCACAO BASICA A DISTANCIA - SISTEMA UNIVERSIDADE ABERTA DO BRASIL (UAB);12368208020RJ0001;108456;QCC62T58QUN;UAB - UAB PROFQUIMICA;90;APLICACOES DIRETAS;3;DESPESAS CORRENTES;3;OUTRAS DESPESAS CORRENTES;33;PASSAGENS E DESPESAS COM LOCOMOCAO;339033;PASSAGENS E DESPESAS COM LOCOMOCAO;00;RECURSOS PRIMARIOS DE LIVRE APLICACAO;;;;;48,933.23;16,674.77;23,583.69;23,583.69
2019;153103;UNIVERSIDADE FEDERAL DO RIO GRANDE DO NORTE;12;EDUCACAO;368;EDUCACAO BASICA;2080;EDUCACAO DE QUALIDADE PARA TODOS;20RJ;APOIO A CAPACITACAO E FORMACAO INICIAL E CONTINUADA PARA A E;0004;EDUCACAO BASICA A DISTANCIA - SISTEMA UNIVERSIDADE ABERTA DO BRASIL (UAB);12368208020RJ0001;108456;QCC62T58QUN;UAB - UAB PROFQUIMICA;90;APLICACOES DIRETAS;3;DESPESAS CORRENTES;3;OUTRAS DESPESAS CORRENTES;36;OUTROS SERVICOS DE TERCEIROS - P.FISICA;339036;OUTROS SERVICOS DE TERCEIROS - PESSOA FISICA;00;RECURSOS PRIMARIOS DE LIVRE APLICACAO;;;;;1,203.60;200.60;1,003.00;1,003.00
2019;153114;UNIVERSIDADE FEDERAL DO RIO GRANDE DO SUL;12;EDUCACAO;364;ENSINO SUPERIOR;2080;EDUCACAO DE QUALIDADE PARA TODOS;0487;CONCESSAO DE BOLSAS DE ESTUDO NO ENSINO SUPERIOR;0002;CONCESSAO DE BOLSAS DE ESTUDOS NO PAIS;12364208004870001;108452;OCCCUO9414N;BF SUPERIOR - PROAP;90;APLICACOES DIRETAS;3;DESPESAS CORRENTES;3;OUTRAS DESPESAS CORRENTES;14;DIARIAS - PESSOAL CIVIL;339014;DIARIAS - PESSOAL CIVIL;00;RECURSOS PRIMARIOS DE LIVRE APLICACAO;;;;;2,688,140.11;1,126,622.61;1,561,517.50;1,428,992.48
2019;153114;UNIVERSIDADE FEDERAL DO RIO GRANDE DO SUL;12;EDUCACAO;364;ENSINO SUPERIOR;2080;EDUCACAO DE QUALIDADE PARA TODOS;0487;CONCESSAO DE BOLSAS DE ESTUDO NO ENSINO SUPERIOR;0002;CONCESSAO DE BOLSAS DE ESTUDOS NO PAIS;12364208004870001;108452;OCCCUO9414N;BF SUPERIOR - PROAP;90;APLICACOES DIRETAS;3;DESPESAS CORRENTES;3;OUTRAS DESPESAS CORRENTES;18;AUXILIO FINANCEIRO A ESTUDANTES;339018;AUXILIO FINANCEIRO A ESTUDANTES;00;RECURSOS PRIMARIOS DE LIVRE APLICACAO;;;;;6,096,279.79;2,456,461.95;3,636,830.44;3,506,276.42
2019;153114;UNIVERSIDADE FEDERAL DO RIO GRANDE DO SUL;12;EDUCACAO;364;ENSINO SUPERIOR;2080;EDUCACAO DE QUALIDADE PARA TODOS;0487;CONCESSAO DE BOLSAS DE ESTUDO NO ENSINO SUPERIOR;0002;CONCESSAO DE BOLSAS DE ESTUDOS NO PAIS;12364208004870001;108452;OCCCUO9414N;BF SUPERIOR - PROAP;90;APLICACOES DIRETAS;3;DESPESAS CORRENTES;3;OUTRAS DESPESAS CORRENTES;20;AUXILIO FINANCEIRO A PESQUISADORES;339020;AUXILIO FINANCEIRO A PESQUISADORES;00;RECURSOS PRIMARIOS DE LIVRE APLICACAO;;;;;1,516,676.98;583,663.34;933,013.64;911,008.12
2019;153114;UNIVERSIDADE FEDERAL DO RIO GRANDE DO SUL;12;EDUCACAO;364;ENSINO SUPERIOR;2080;EDUCACAO DE QUALIDADE PARA TODOS;0487;CONCESSAO DE BOLSAS DE ESTUDO NO ENSINO SUPERIOR;0002;CONCESSAO DE BOLSAS DE ESTUDOS NO PAIS;12364208004870001;108452;OCCCUO9414N;BF SUPERIOR - PROAP;90;APLICACOES DIRETAS;3;DESPESAS CORRENTES;3;OUTRAS DESPESAS CORRENTES;30;MATERIAL DE CONSUMO;339030;MATERIAL DE CONSUMO;00;RECURSOS PRIMARIOS DE LIVRE APLICACAO;;;;;2,276,397.06;714,304.91;1,222,685.44;1,200,579.94
2019;153114;UNIVERSIDADE FEDERAL DO RIO GRANDE DO SUL;12;EDUCACAO;364;ENSINO SUPERIOR;2080;EDUCACAO DE QUALIDADE PARA TODOS;0487;CONCESSAO DE BOLSAS DE ESTUDO NO ENSINO SUPERIOR;0002;CONCESSAO DE BOLSAS DE ESTUDOS NO PAIS;12364208004870001;108452;OCCCUO9414N;BF SUPERIOR - PROAP;90;APLICACOES DIRETAS;3;DESPESAS CORRENTES;3;OUTRAS DESPESAS CORRENTES;33;PASSAGENS E DESPESAS COM LOCOMOCAO;339033;PASSAGENS E DESPESAS COM LOCOMOCAO;00;RECURSOS PRIMARIOS DE LIVRE APLICACAO;;;;;3,378,492.88;1,251,330.76;2,127,162.12;2,095,798.93
2019;153114;UNIVERSIDADE FEDERAL DO RIO GRANDE DO SUL;12;EDUCACAO;364;ENSINO SUPERIOR;2080;EDUCACAO DE QUALIDADE PARA TODOS;0487;CONCESSAO DE BOLSAS DE ESTUDO NO ENSINO SUPERIOR;0002;CONCESSAO DE BOLSAS DE ESTUDOS NO PAIS;12364208004870001;108452;OCCCUO9414N;BF SUPERIOR - PROAP;90;APLICACOES DIRETAS;3;DESPESAS CORRENTES;3;OUTRAS DESPESAS CORRENTES;36;OUTROS SERVICOS DE TERCEIROS - P.FISICA;339036;OUTROS SERVICOS DE TERCEIROS - PESSOA FISICA;00;RECURSOS PRIMARIOS DE LIVRE APLICACAO;;;;;271,612.70;150,189.60;121,423.10;105,295.20
2019;153114;UNIVERSIDADE FEDERAL DO RIO GRANDE DO SUL;12;EDUCACAO;364;ENSINO SUPERIOR;2080;EDUCACAO DE QUALIDADE PARA TODOS;0487;CONCESSAO DE BOLSAS DE ESTUDO NO ENSINO SUPERIOR;0002;CONCESSAO DE BOLSAS DE ESTUDOS NO PAIS;12364208004870001;108452;OCCCUO9414N;BF SUPERIOR - PROAP;90;APLICACOES DIRETAS;3;DESPESAS CORRENTES;3;OUTRAS DESPESAS CORRENTES;39;OUTROS SERVICOS DE TERCEIROS PJ - OP.INT.ORC.;339039;OUTROS SERVICOS DE TERCEIROS - PESSOA JURIDICA;00;RECURSOS PRIMARIOS DE LIVRE APLICACAO;;;;;1,495,976.22;567,813.94;813,495.89;803,525.14
2019;153114;UNIVERSIDADE FEDERAL DO RIO GRANDE DO SUL;12;EDUCACAO;364;ENSINO SUPERIOR;2080;EDUCACAO DE QUALIDADE PARA TODOS;0487;CONCESSAO DE BOLSAS DE ESTUDO NO ENSINO SUPERIOR;0002;CONCESSAO DE BOLSAS DE ESTUDOS NO PAIS;12364208004870001;108452;OCCCUO9414N;BF SUPERIOR - PROAP;90;APLICACOES DIRETAS;3;DESPESAS CORRENTES;3;OUTRAS DESPESAS CORRENTES;40;SERVICOS DE TECNOLOGIA DA INFORMACAO E COMUNICACAO - PJ;339040;SERVICOS DE TECNOLOGIA DA INFORMACAO E COMUNICACAO - PJ;00;RECURSOS PRIMARIOS DE LIVRE APLICACAO;;;;;54,098.12;23,950.00;30,148.12;13,048.12
2019;153114;UNIVERSIDADE FEDERAL DO RIO GRANDE DO SUL;12;EDUCACAO;364;ENSINO SUPERIOR;2080;EDUCACAO DE QUALIDADE PARA TODOS;0487;CONCESSAO DE BOLSAS DE ESTUDO NO ENSINO SUPERIOR;0002;CONCESSAO DE BOLSAS DE ESTUDOS NO PAIS;12364208004870001;108452;OCCCUO9414N;BF SUPERIOR - PROAP;90;APLICACOES DIRETAS;3;DESPESAS CORRENTES;3;OUTRAS DESPESAS CORRENTES;93;INDENIZACOES E RESTITUICOES;339093;INDENIZACOES E RESTITUICOES;00;RECURSOS PRIMARIOS DE LIVRE APLICACAO;;;;;23,535.95;0.00;23,535.95;23,535.95
2019;153114;UNIVERSIDADE FEDERAL DO RIO GRANDE DO SUL;12;EDUCACAO;368;EDUCACAO BASICA;2080;EDUCACAO DE QUALIDADE PARA TODOS;20RJ;APOIO A CAPACITACAO E FORMACAO INICIAL E CONTINUADA PARA A E;0004;EDUCACAO BASICA A DISTANCIA - SISTEMA UNIVERSIDADE ABERTA DO BRASIL (UAB);12368208020RJ0001;108456;MCC62G22EDN;UAB - UAB TRADICIONAL;90;APLICACOES DIRETAS;3;DESPESAS CORRENTES;3;OUTRAS DESPESAS CORRENTES;39;OUTROS SERVICOS DE TERCEIROS PJ - OP.INT.ORC.;339039;OUTROS SERVICOS DE TERCEIROS - PESSOA JURIDICA;00;RECURSOS PRIMARIOS DE LIVRE APLICACAO;;;;;4,113,040.00;10,000.00;4,103,040.00;4,103,040.00
2019;153114;UNIVERSIDADE FEDERAL DO RIO GRANDE DO SUL;12;EDUCACAO;368;EDUCACAO BASICA;2080;EDUCACAO DE QUALIDADE PARA TODOS;20RJ;APOIO A CAPACITACAO E FORMACAO INICIAL E CONTINUADA PARA A E;0004;EDUCACAO BASICA A DISTANCIA - SISTEMA UNIVERSIDADE ABERTA DO BRASIL (UAB);12368208020RJ0001;108456;QCC62T58HIN;UAB - UAB PROFHISTORIA;90;APLICACOES DIRETAS;3;DESPESAS CORRENTES;3;OUTRAS DESPESAS CORRENTES;14;DIARIAS - PESSOAL CIVIL;339014;DIARIAS - PESSOAL CIVIL;00;RECURSOS PRIMARIOS DE LIVRE APLICACAO;;;;;29,715.24;12,234.18;17,481.06;16,701.74
2019;153114;UNIVERSIDADE FEDERAL DO RIO GRANDE DO SUL;12;EDUCACAO;368;EDUCACAO BASICA;2080;EDUCACAO DE QUALIDADE PARA TODOS;20RJ;APOIO A CAPACITACAO E FORMACAO INICIAL E CONTINUADA PARA A E;0004;EDUCACAO BASICA A DISTANCIA - SISTEMA UNIVERSIDADE ABERTA DO BRASIL (UAB);12368208020RJ0001;108456;QCC62T58HIN;UAB - UAB PROFHISTORIA;90;APLICACOES DIRETAS;3;DESPESAS CORRENTES;3;OUTRAS DESPESAS CORRENTES;18;AUXILIO FINANCEIRO A ESTUDANTES;339018;AUXILIO FINANCEIRO A ESTUDANTES;00;RECURSOS PRIMARIOS DE LIVRE APLICACAO;;;;;78,288.56;18,642.84;59,645.72;54,166.84
2019;153114;UNIVERSIDADE FEDERAL DO RIO GRANDE DO SUL;12;EDUCACAO;368;EDUCACAO BASICA;2080;EDUCACAO DE QUALIDADE PARA TODOS;20RJ;APOIO A CAPACITACAO E FORMACAO INICIAL E CONTINUADA PARA A E;0004;EDUCACAO BASICA A DISTANCIA - SISTEMA UNIVERSIDADE ABERTA DO BRASIL (UAB);12368208020RJ0001;108456;QCC62T58HIN;UAB - UAB PROFHISTORIA;90;APLICACOES DIRETAS;3;DESPESAS CORRENTES;3;OUTRAS DESPESAS CORRENTES;33;PASSAGENS E DESPESAS COM LOCOMOCAO;339033;PASSAGENS E DESPESAS COM LOCOMOCAO;00;RECURSOS PRIMARIOS DE LIVRE APLICACAO;;;;;42,169.44;17,059.85;25,109.59;24,112.79
2019;153114;UNIVERSIDADE FEDERAL DO RIO GRANDE DO SUL;12;EDUCACAO;368;EDUCACAO BASICA;2080;EDUCACAO DE QUALIDADE PARA TODOS;20RJ;APOIO A CAPACITACAO E FORMACAO INICIAL E CONTINUADA PARA A E;0004;EDUCACAO BASICA A DISTANCIA - SISTEMA UNIVERSIDADE ABERTA DO BRASIL (UAB);12368208020RJ0001;108456;QCC62T58QUN;UAB - UAB PROFQUIMICA;90;APLICACOES DIRETAS;3;DESPESAS CORRENTES;3;OUTRAS DESPESAS CORRENTES;14;DIARIAS - PESSOAL CIVIL;339014;DIARIAS - PESSOAL CIVIL;00;RECURSOS PRIMARIOS DE LIVRE APLICACAO;;;;;47,132.16;32,217.92;14,914.24;13,949.84
2019;153114;UNIVERSIDADE FEDERAL DO RIO GRANDE DO SUL;12;EDUCACAO;368;EDUCACAO BASICA;2080;EDUCACAO DE QUALIDADE PARA TODOS;20RJ;APOIO A CAPACITACAO E FORMACAO INICIAL E CONTINUADA PARA A E;0004;EDUCACAO BASICA A DISTANCIA - SISTEMA UNIVERSIDADE ABERTA DO BRASIL (UAB);12368208020RJ0001;108456;QCC62T58QUN;UAB - UAB PROFQUIMICA;90;APLICACOES DIRETAS;3;DESPESAS CORRENTES;3;OUTRAS DESPESAS CORRENTES;18;AUXILIO FINANCEIRO A ESTUDANTES;339018;AUXILIO FINANCEIRO A ESTUDANTES;00;RECURSOS PRIMARIOS DE LIVRE APLICACAO;;;;;46,120.00;31,820.00;14,300.00;14,300.00
2019;153114;UNIVERSIDADE FEDERAL DO RIO GRANDE DO SUL;12;EDUCACAO;368;EDUCACAO BASICA;2080;EDUCACAO DE QUALIDADE PARA TODOS;20RJ;APOIO A CAPACITACAO E FORMACAO INICIAL E CONTINUADA PARA A E;0004;EDUCACAO BASICA A DISTANCIA - SISTEMA UNIVERSIDADE ABERTA DO BRASIL (UAB);12368208020RJ0001;108456;QCC62T58QUN;UAB - UAB PROFQUIMICA;90;APLICACOES DIRETAS;3;DESPESAS CORRENTES;3;OUTRAS DESPESAS CORRENTES;30;MATERIAL DE CONSUMO;339030;MATERIAL DE CONSUMO;00;RECURSOS PRIMARIOS DE LIVRE APLICACAO;;;;;10,648.20;2,662.05;1,851.84;1,139.70
2019;153114;UNIVERSIDADE FEDERAL DO RIO GRANDE DO SUL;12;EDUCACAO;368;EDUCACAO BASICA;2080;EDUCACAO DE QUALIDADE PARA TODOS;20RJ;APOIO A CAPACITACAO E FORMACAO INICIAL E CONTINUADA PARA A E;0004;EDUCACAO BASICA A DISTANCIA - SISTEMA UNIVERSIDADE ABERTA DO BRASIL (UAB);12368208020RJ0001;108456;QCC62T58QUN;UAB - UAB PROFQUIMICA;90;APLICACOES DIRETAS;3;DESPESAS CORRENTES;3;OUTRAS DESPESAS CORRENTES;33;PASSAGENS E DESPESAS COM LOCOMOCAO;339033;PASSAGENS E DESPESAS COM LOCOMOCAO;00;RECURSOS PRIMARIOS DE LIVRE APLICACAO;;;;;63,840.96;51,344.28;12,496.68;10,711.44
2019;153115;UNIVERSIDADE FEDERAL DO RIO DE JANEIRO;12;EDUCACAO;364;ENSINO SUPERIOR;2080;EDUCACAO DE QUALIDADE PARA TODOS;0487;CONCESSAO DE BOLSAS DE ESTUDO NO ENSINO SUPERIOR;0002;CONCESSAO DE BOLSAS DE ESTUDOS NO PAIS;12364208004870001;108452;OCCCUO9414N;BF SUPERIOR - PROAP;90;APLICACOES DIRETAS;3;DESPESAS CORRENTES;3;OUTRAS DESPESAS CORRENTES;14;DIARIAS - PESSOAL CIVIL;339014;DIARIAS - PESSOAL CIVIL;08;FUNDO SOCIAL-PARC.DEST.EDUCACAO PUBL.E SAUDE;;;;;1,035,561.41;340,917.08;694,644.33;684,069.69
2019;153115;UNIVERSIDADE FEDERAL DO RIO DE JANEIRO;12;EDUCACAO;364;ENSINO SUPERIOR;2080;EDUCACAO DE QUALIDADE PARA TODOS;0487;CONCESSAO DE BOLSAS DE ESTUDO NO ENSINO SUPERIOR;0002;CONCESSAO DE BOLSAS DE ESTUDOS NO PAIS;12364208004870001;108452;OCCCUO9414N;BF SUPERIOR - PROAP;90;APLICACOES DIRETAS;3;DESPESAS CORRENTES;3;OUTRAS DESPESAS CORRENTES;30;MATERIAL DE CONSUMO;339030;MATERIAL DE CONSUMO;08;FUNDO SOCIAL-PARC.DEST.EDUCACAO PUBL.E SAUDE;;;;;1,060,206.40;265,051.60;23,309.82;23,309.82
2019;153115;UNIVERSIDADE FEDERAL DO RIO DE JANEIRO;12;EDUCACAO;364;ENSINO SUPERIOR;2080;EDUCACAO DE QUALIDADE PARA TODOS;0487;CONCESSAO DE BOLSAS DE ESTUDO NO ENSINO SUPERIOR;0002;CONCESSAO DE BOLSAS DE ESTUDOS NO PAIS;12364208004870001;108452;OCCCUO9414N;BF SUPERIOR - PROAP;90;APLICACOES DIRETAS;3;DESPESAS CORRENTES;3;OUTRAS DESPESAS CORRENTES;33;PASSAGENS E DESPESAS COM LOCOMOCAO;339033;PASSAGENS E DESPESAS COM LOCOMOCAO;08;FUNDO SOCIAL-PARC.DEST.EDUCACAO PUBL.E SAUDE;;;;;2,348,249.06;655,009.13;1,454,111.61;1,267,742.58
2019;153115;UNIVERSIDADE FEDERAL DO RIO DE JANEIRO;12;EDUCACAO;364;ENSINO SUPERIOR;2080;EDUCACAO DE QUALIDADE PARA TODOS;0487;CONCESSAO DE BOLSAS DE ESTUDO NO ENSINO SUPERIOR;0002;CONCESSAO DE BOLSAS DE ESTUDOS NO PAIS;12364208004870001;108452;OCCCUO9414N;BF SUPERIOR - PROAP;90;APLICACOES DIRETAS;3;DESPESAS CORRENTES;3;OUTRAS DESPESAS CORRENTES;36;OUTROS SERVICOS DE TERCEIROS - P.FISICA;339036;OUTROS SERVICOS DE TERCEIROS - PESSOA FISICA;08;FUNDO SOCIAL-PARC.DEST.EDUCACAO PUBL.E SAUDE;;;;;185,662.49;51,896.39;133,766.10;128,582.90
2019;153115;UNIVERSIDADE FEDERAL DO RIO DE JANEIRO;12;EDUCACAO;368;EDUCACAO BASICA;2080;EDUCACAO DE QUALIDADE PARA TODOS;20RJ;APOIO A CAPACITACAO E FORMACAO INICIAL E CONTINUADA PARA A E;0004;EDUCACAO BASICA A DISTANCIA - SISTEMA UNIVERSIDADE ABERTA DO BRASIL (UAB);12368208020RJ0001;108456;QCC62T58HIN;UAB - UAB PROFHISTORIA;90;APLICACOES DIRETAS;3;DESPESAS CORRENTES;3;OUTRAS DESPESAS CORRENTES;14;DIARIAS - PESSOAL CIVIL;339014;DIARIAS - PESSOAL CIVIL;00;RECURSOS PRIMARIOS DE LIVRE APLICACAO;;;;;25,014.36;8,498.28;16,516.08;15,923.04
2019;153115;UNIVERSIDADE FEDERAL DO RIO DE JANEIRO;12;EDUCACAO;368;EDUCACAO BASICA;2080;EDUCACAO DE QUALIDADE PARA TODOS;20RJ;APOIO A CAPACITACAO E FORMACAO INICIAL E CONTINUADA PARA A E;0004;EDUCACAO BASICA A DISTANCIA - SISTEMA UNIVERSIDADE ABERTA DO BRASIL (UAB);12368208020RJ0001;108456;QCC62T58HIN;UAB - UAB PROFHISTORIA;90;APLICACOES DIRETAS;3;DESPESAS CORRENTES;3;OUTRAS DESPESAS CORRENTES;33;PASSAGENS E DESPESAS COM LOCOMOCAO;339033;PASSAGENS E DESPESAS COM LOCOMOCAO;00;RECURSOS PRIMARIOS DE LIVRE APLICACAO;;;;;54,597.64;30,364.12;20,599.74;20,599.74
2019;153115;UNIVERSIDADE FEDERAL DO RIO DE JANEIRO;12;EDUCACAO;368;EDUCACAO BASICA;2080;EDUCACAO DE QUALIDADE PARA TODOS;20RJ;APOIO A CAPACITACAO E FORMACAO INICIAL E CONTINUADA PARA A E;0004;EDUCACAO BASICA A DISTANCIA - SISTEMA UNIVERSIDADE ABERTA DO BRASIL (UAB);12368208020RJ0001;108456;QCC62T58LEN;UAB - UAB PROFLETRAS;90;APLICACOES DIRETAS;3;DESPESAS CORRENTES;3;OUTRAS DESPESAS CORRENTES;14;DIARIAS - PESSOAL CIVIL;339014;DIARIAS - PESSOAL CIVIL;00;RECURSOS PRIMARIOS DE LIVRE APLICACAO;;;;;68,709.35;63,374.28;5,335.07;5,335.07
2019;153115;UNIVERSIDADE FEDERAL DO RIO DE JANEIRO;12;EDUCACAO;368;EDUCACAO BASICA;2080;EDUCACAO DE QUALIDADE PARA TODOS;20RJ;APOIO A CAPACITACAO E FORMACAO INICIAL E CONTINUADA PARA A E;0004;EDUCACAO BASICA A DISTANCIA - SISTEMA UNIVERSIDADE ABERTA DO BRASIL (UAB);12368208020RJ0001;108456;QCC62T58LEN;UAB - UAB PROFLETRAS;90;APLICACOES DIRETAS;3;DESPESAS CORRENTES;3;OUTRAS DESPESAS CORRENTES;33;PASSAGENS E DESPESAS COM LOCOMOCAO;339033;PASSAGENS E DESPESAS COM LOCOMOCAO;00;RECURSOS PRIMARIOS DE LIVRE APLICACAO;;;;;144,997.00;90,642.80;23,698.97;21,527.53
2019;153115;UNIVERSIDADE FEDERAL DO RIO DE JANEIRO;12;EDUCACAO;368;EDUCACAO BASICA;2080;EDUCACAO DE QUALIDADE PARA TODOS;20RJ;APOIO A CAPACITACAO E FORMACAO INICIAL E CONTINUADA PARA A E;0004;EDUCACAO BASICA A DISTANCIA - SISTEMA UNIVERSIDADE ABERTA DO BRASIL (UAB);12368208020RJ0001;108456;QCC62T58MAN;UAB - UAB PROFMAT;90;APLICACOES DIRETAS;3;DESPESAS CORRENTES;3;OUTRAS DESPESAS CORRENTES;14;DIARIAS - PESSOAL CIVIL;339014;DIARIAS - PESSOAL CIVIL;00;RECURSOS PRIMARIOS DE LIVRE APLICACAO;;;;;7,747.76;2,744.54;5,003.22;4,247.76
2019;153115;UNIVERSIDADE FEDERAL DO RIO DE JANEIRO;12;EDUCACAO;368;EDUCACAO BASICA;2080;EDUCACAO DE QUALIDADE PARA TODOS;20RJ;APOIO A CAPACITACAO E FORMACAO INICIAL E CONTINUADA PARA A E;0004;EDUCACAO BASICA A DISTANCIA - SISTEMA UNIVERSIDADE ABERTA DO BRASIL (UAB);12368208020RJ0001;108456;QCC62T58MAN;UAB - UAB PROFMAT;90;APLICACOES DIRETAS;3;DESPESAS CORRENTES;3;OUTRAS DESPESAS CORRENTES;33;PASSAGENS E DESPESAS COM LOCOMOCAO;339033;PASSAGENS E DESPESAS COM LOCOMOCAO;00;RECURSOS PRIMARIOS DE LIVRE APLICACAO;;;;;12,000.00;3,000.00;3,808.92;
2019;153117;SUPERINT.GERAL DE ENS.P/GRAD.E PESQ. DA UFRJ;12;EDUCACAO;364;ENSINO SUPERIOR;2080;EDUCACAO DE QUALIDADE PARA TODOS;0487;CONCESSAO DE BOLSAS DE ESTUDO NO ENSINO SUPERIOR;0002;CONCESSAO DE BOLSAS DE ESTUDOS NO PAIS;12364208004870001;108452;OCCCUO9414N;BF SUPERIOR - PROAP;90;APLICACOES DIRETAS;3;DESPESAS CORRENTES;3;OUTRAS DESPESAS CORRENTES;30;MATERIAL DE CONSUMO;339030;MATERIAL DE CONSUMO;08;FUNDO SOCIAL-PARC.DEST.EDUCACAO PUBL.E SAUDE;;;;;135,711.50;2,502.50;129,628.50;109,474.50
2019;153117;SUPERINT.GERAL DE ENS.P/GRAD.E PESQ. DA UFRJ;12;EDUCACAO;364;ENSINO SUPERIOR;2080;EDUCACAO DE QUALIDADE PARA TODOS;0487;CONCESSAO DE BOLSAS DE ESTUDO NO ENSINO SUPERIOR;0002;CONCESSAO DE BOLSAS DE ESTUDOS NO PAIS;12364208004870001;108452;OCCCUO9414N;BF SUPERIOR - PROAP;90;APLICACOES DIRETAS;3;DESPESAS CORRENTES;3;OUTRAS DESPESAS CORRENTES;36;OUTROS SERVICOS DE TERCEIROS - P.FISICA;339036;OUTROS SERVICOS DE TERCEIROS - PESSOA FISICA;08;FUNDO SOCIAL-PARC.DEST.EDUCACAO PUBL.E SAUDE;;;;;60,750.00;1,500.00;59,250.00;49,500.00
2019;153117;SUPERINT.GERAL DE ENS.P/GRAD.E PESQ. DA UFRJ;12;EDUCACAO;364;ENSINO SUPERIOR;2080;EDUCACAO DE QUALIDADE PARA TODOS;0487;CONCESSAO DE BOLSAS DE ESTUDO NO ENSINO SUPERIOR;0002;CONCESSAO DE BOLSAS DE ESTUDOS NO PAIS;12364208004870001;108452;OCCCUO9414N;BF SUPERIOR - PROAP;90;APLICACOES DIRETAS;3;DESPESAS CORRENTES;3;OUTRAS DESPESAS CORRENTES;39;OUTROS SERVICOS DE TERCEIROS PJ - OP.INT.ORC.;339039;OUTROS SERVICOS DE TERCEIROS - PESSOA JURIDICA;08;FUNDO SOCIAL-PARC.DEST.EDUCACAO PUBL.E SAUDE;;;;;308,600.00;17,150.00;240,000.00;192,000.00
2019;153117;SUPERINT.GERAL DE ENS.P/GRAD.E PESQ. DA UFRJ;12;EDUCACAO;364;ENSINO SUPERIOR;2080;EDUCACAO DE QUALIDADE PARA TODOS;0487;CONCESSAO DE BOLSAS DE ESTUDO NO ENSINO SUPERIOR;0002;CONCESSAO DE BOLSAS DE ESTUDOS NO PAIS;12364208004870001;108452;OCCCUO9414N;BF SUPERIOR - PROAP;90;APLICACOES DIRETAS;3;DESPESAS CORRENTES;3;OUTRAS DESPESAS CORRENTES;40;SERVICOS DE TECNOLOGIA DA INFORMACAO E COMUNICACAO - PJ;339040;SERVICOS DE TECNOLOGIA DA INFORMACAO E COMUNICACAO - PJ;08;FUNDO SOCIAL-PARC.DEST.EDUCACAO PUBL.E SAUDE;;;;;6,300.00;0.00;6,300.00;4,200.00
2019;153120;CENTRO CIENC MATEMAT E DA NATUREZA DA UFRJ;12;EDUCACAO;364;ENSINO SUPERIOR;2080;EDUCACAO DE QUALIDADE PARA TODOS;0487;CONCESSAO DE BOLSAS DE ESTUDO NO ENSINO SUPERIOR;0002;CONCESSAO DE BOLSAS DE ESTUDOS NO PAIS;12364208004870001;108452;OCCCUO9414N;BF SUPERIOR - PROAP;90;APLICACOES DIRETAS;3;DESPESAS CORRENTES;3;OUTRAS DESPESAS CORRENTES;30;MATERIAL DE CONSUMO;339030;MATERIAL DE CONSUMO;08;FUNDO SOCIAL-PARC.DEST.EDUCACAO PUBL.E SAUDE;;;;;77,452.80;0.00;77,452.80;59,387.92
2019;153120;CENTRO CIENC MATEMAT E DA NATUREZA DA UFRJ;12;EDUCACAO;364;ENSINO SUPERIOR;2080;EDUCACAO DE QUALIDADE PARA TODOS;0487;CONCESSAO DE BOLSAS DE ESTUDO NO ENSINO SUPERIOR;0002;CONCESSAO DE BOLSAS DE ESTUDOS NO PAIS;12364208004870001;108452;OCCCUO9414N;BF SUPERIOR - PROAP;90;APLICACOES DIRETAS;3;DESPESAS CORRENTES;3;OUTRAS DESPESAS CORRENTES;39;OUTROS SERVICOS DE TERCEIROS PJ - OP.INT.ORC.;339039;OUTROS SERVICOS DE TERCEIROS - PESSOA JURIDICA;08;FUNDO SOCIAL-PARC.DEST.EDUCACAO PUBL.E SAUDE;;;;;19,288.00;4,822.00;14,466.00;14,466.00
2019;153120;CENTRO CIENC MATEMAT E DA NATUREZA DA UFRJ;12;EDUCACAO;364;ENSINO SUPERIOR;2080;EDUCACAO DE QUALIDADE PARA TODOS;0487;CONCESSAO DE BOLSAS DE ESTUDO NO ENSINO SUPERIOR;0002;CONCESSAO DE BOLSAS DE ESTUDOS NO PAIS;12364208004870001;108452;OCCCUO9414N;BF SUPERIOR - PROAP;90;APLICACOES DIRETAS;3;DESPESAS CORRENTES;3;OUTRAS DESPESAS CORRENTES;40;SERVICOS DE TECNOLOGIA DA INFORMACAO E COMUNICACAO - PJ;339040;SERVICOS DE TECNOLOGIA DA INFORMACAO E COMUNICACAO - PJ;08;FUNDO SOCIAL-PARC.DEST.EDUCACAO PUBL.E SAUDE;;;;;82,868.36;0.00;82,868.36;62,151.27
2019;153121;INSTITUTO DE MATEMATICA DA UFRJ;12;EDUCACAO;364;ENSINO SUPERIOR;2080;EDUCACAO DE QUALIDADE PARA TODOS;0487;CONCESSAO DE BOLSAS DE ESTUDO NO ENSINO SUPERIOR;0002;CONCESSAO DE BOLSAS DE ESTUDOS NO PAIS;12364208004870001;108452;OCCCUO9414N;BF SUPERIOR - PROAP;90;APLICACOES DIRETAS;3;DESPESAS CORRENTES;3;OUTRAS DESPESAS CORRENTES;18;AUXILIO FINANCEIRO A ESTUDANTES;339018;AUXILIO FINANCEIRO A ESTUDANTES;08;FUNDO SOCIAL-PARC.DEST.EDUCACAO PUBL.E SAUDE;;;;;118,935.25;0.00;118,935.25;97,327.80
2019;153121;INSTITUTO DE MATEMATICA DA UFRJ;12;EDUCACAO;364;ENSINO SUPERIOR;2080;EDUCACAO DE QUALIDADE PARA TODOS;0487;CONCESSAO DE BOLSAS DE ESTUDO NO ENSINO SUPERIOR;0002;CONCESSAO DE BOLSAS DE ESTUDOS NO PAIS;12364208004870001;108452;OCCCUO9414N;BF SUPERIOR - PROAP;90;APLICACOES DIRETAS;3;DESPESAS CORRENTES;3;OUTRAS DESPESAS CORRENTES;30;MATERIAL DE CONSUMO;339030;MATERIAL DE CONSUMO;08;FUNDO SOCIAL-PARC.DEST.EDUCACAO PUBL.E SAUDE;;;;;205,123.76;0.00;205,123.76;160,592.18
2019;153121;INSTITUTO DE MATEMATICA DA UFRJ;12;EDUCACAO;364;ENSINO SUPERIOR;2080;EDUCACAO DE QUALIDADE PARA TODOS;0487;CONCESSAO DE BOLSAS DE ESTUDO NO ENSINO SUPERIOR;0002;CONCESSAO DE BOLSAS DE ESTUDOS NO PAIS;12364208004870001;108452;OCCCUO9414N;BF SUPERIOR - PROAP;90;APLICACOES DIRETAS;3;DESPESAS CORRENTES;3;OUTRAS DESPESAS CORRENTES;39;OUTROS SERVICOS DE TERCEIROS PJ - OP.INT.ORC.;339039;OUTROS SERVICOS DE TERCEIROS - PESSOA JURIDICA;08;FUNDO SOCIAL-PARC.DEST.EDUCACAO PUBL.E SAUDE;;;;;218,993.45;0.00;218,993.45;172,311.13
2019;153121;INSTITUTO DE MATEMATICA DA UFRJ;12;EDUCACAO;364;ENSINO SUPERIOR;2080;EDUCACAO DE QUALIDADE PARA TODOS;0487;CONCESSAO DE BOLSAS DE ESTUDO NO ENSINO SUPERIOR;0002;CONCESSAO DE BOLSAS DE ESTUDOS NO PAIS;12364208004870001;108452;OCCCUO9414N;BF SUPERIOR - PROAP;90;APLICACOES DIRETAS;3;DESPESAS CORRENTES;3;OUTRAS DESPESAS CORRENTES;93;INDENIZACOES E RESTITUICOES;339093;INDENIZACOES E RESTITUICOES;08;FUNDO SOCIAL-PARC.DEST.EDUCACAO PUBL.E SAUDE;;;;;115,435.92;0.00;115,435.92;97,586.43
2019;153122;INSTITUTO DE QUIMICA DA UFRJ;12;EDUCACAO;364;ENSINO SUPERIOR;2080;EDUCACAO DE QUALIDADE PARA TODOS;0487;CONCESSAO DE BOLSAS DE ESTUDO NO ENSINO SUPERIOR;0002;CONCESSAO DE BOLSAS DE ESTUDOS NO PAIS;12364208004870001;108452;OCCCUO9414N;BF SUPERIOR - PROAP;90;APLICACOES DIRETAS;3;DESPESAS CORRENTES;3;OUTRAS DESPESAS CORRENTES;18;AUXILIO FINANCEIRO A ESTUDANTES;339018;AUXILIO FINANCEIRO A ESTUDANTES;08;FUNDO SOCIAL-PARC.DEST.EDUCACAO PUBL.E SAUDE;;;;;49,073.46;4,043.00;45,030.46;37,462.05
2019;153122;INSTITUTO DE QUIMICA DA UFRJ;12;EDUCACAO;364;ENSINO SUPERIOR;2080;EDUCACAO DE QUALIDADE PARA TODOS;0487;CONCESSAO DE BOLSAS DE ESTUDO NO ENSINO SUPERIOR;0002;CONCESSAO DE BOLSAS DE ESTUDOS NO PAIS;12364208004870001;108452;OCCCUO9414N;BF SUPERIOR - PROAP;90;APLICACOES DIRETAS;3;DESPESAS CORRENTES;3;OUTRAS DESPESAS CORRENTES;30;MATERIAL DE CONSUMO;339030;MATERIAL DE CONSUMO;08;FUNDO SOCIAL-PARC.DEST.EDUCACAO PUBL.E SAUDE;;;;;239,494.32;62,715.78;171,003.54;137,629.14
2019;153122;INSTITUTO DE QUIMICA DA UFRJ;12;EDUCACAO;364;ENSINO SUPERIOR;2080;EDUCACAO DE QUALIDADE PARA TODOS;0487;CONCESSAO DE BOLSAS DE ESTUDO NO ENSINO SUPERIOR;0002;CONCESSAO DE BOLSAS DE ESTUDOS NO PAIS;12364208004870001;108452;OCCCUO9414N;BF SUPERIOR - PROAP;90;APLICACOES DIRETAS;3;DESPESAS CORRENTES;3;OUTRAS DESPESAS CORRENTES;33;PASSAGENS E DESPESAS COM LOCOMOCAO;339033;PASSAGENS E DESPESAS COM LOCOMOCAO;08;FUNDO SOCIAL-PARC.DEST.EDUCACAO PUBL.E SAUDE;;;;;0.00;0.00;;
2019;153122;INSTITUTO DE QUIMICA DA UFRJ;12;EDUCACAO;364;ENSINO SUPERIOR;2080;EDUCACAO DE QUALIDADE PARA TODOS;0487;CONCESSAO DE BOLSAS DE ESTUDO NO ENSINO SUPERIOR;0002;CONCESSAO DE BOLSAS DE ESTUDOS NO PAIS;12364208004870001;108452;OCCCUO9414N;BF SUPERIOR - PROAP;90;APLICACOES DIRETAS;3;DESPESAS CORRENTES;3;OUTRAS DESPESAS CORRENTES;39;OUTROS SERVICOS DE TERCEIROS PJ - OP.INT.ORC.;339039;OUTROS SERVICOS DE TERCEIROS - PESSOA JURIDICA;08;FUNDO SOCIAL-PARC.DEST.EDUCACAO PUBL.E SAUDE;;;;;142,735.39;10,473.56;132,261.83;110,754.35
2019;153123;INSTITUTO DE FISICA DA UFRJ;12;EDUCACAO;364;ENSINO SUPERIOR;2080;EDUCACAO DE QUALIDADE PARA TODOS;0487;CONCESSAO DE BOLSAS DE ESTUDO NO ENSINO SUPERIOR;0002;CONCESSAO DE BOLSAS DE ESTUDOS NO PAIS;12364208004870001;108452;OCCCUO9414N;BF SUPERIOR - PROAP;90;APLICACOES DIRETAS;3;DESPESAS CORRENTES;3;OUTRAS DESPESAS CORRENTES;30;MATERIAL DE CONSUMO;339030;MATERIAL DE CONSUMO;08;FUNDO SOCIAL-PARC.DEST.EDUCACAO PUBL.E SAUDE;;;;;28,556.00;0.00;28,556.00;21,556.00
2019;153124;INSTITUTO DE GEOCIENCIAS DA UFRJ;12;EDUCACAO;364;ENSINO SUPERIOR;2080;EDUCACAO DE QUALIDADE PARA TODOS;0487;CONCESSAO DE BOLSAS DE ESTUDO NO ENSINO SUPERIOR;0002;CONCESSAO DE BOLSAS DE ESTUDOS NO PAIS;12364208004870001;108452;OCCCUO9414N;BF SUPERIOR - PROAP;90;APLICACOES DIRETAS;3;DESPESAS CORRENTES;3;OUTRAS DESPESAS CORRENTES;18;AUXILIO FINANCEIRO A ESTUDANTES;339018;AUXILIO FINANCEIRO A ESTUDANTES;08;FUNDO SOCIAL-PARC.DEST.EDUCACAO PUBL.E SAUDE;;;;;145,500.00;0.00;145,500.00;116,000.00
2019;153124;INSTITUTO DE GEOCIENCIAS DA UFRJ;12;EDUCACAO;364;ENSINO SUPERIOR;2080;EDUCACAO DE QUALIDADE PARA TODOS;0487;CONCESSAO DE BOLSAS DE ESTUDO NO ENSINO SUPERIOR;0002;CONCESSAO DE BOLSAS DE ESTUDOS NO PAIS;12364208004870001;108452;OCCCUO9414N;BF SUPERIOR - PROAP;90;APLICACOES DIRETAS;3;DESPESAS CORRENTES;3;OUTRAS DESPESAS CORRENTES;30;MATERIAL DE CONSUMO;339030;MATERIAL DE CONSUMO;08;FUNDO SOCIAL-PARC.DEST.EDUCACAO PUBL.E SAUDE;;;;;19,592.00;0.00;19,592.00;14,694.00
2019;153124;INSTITUTO DE GEOCIENCIAS DA UFRJ;12;EDUCACAO;364;ENSINO SUPERIOR;2080;EDUCACAO DE QUALIDADE PARA TODOS;0487;CONCESSAO DE BOLSAS DE ESTUDO NO ENSINO SUPERIOR;0002;CONCESSAO DE BOLSAS DE ESTUDOS NO PAIS;12364208004870001;108452;OCCCUO9414N;BF SUPERIOR - PROAP;90;APLICACOES DIRETAS;3;DESPESAS CORRENTES;3;OUTRAS DESPESAS CORRENTES;39;OUTROS SERVICOS DE TERCEIROS PJ - OP.INT.ORC.;339039;OUTROS SERVICOS DE TERCEIROS - PESSOA JURIDICA;08;FUNDO SOCIAL-PARC.DEST.EDUCACAO PUBL.E SAUDE;;;;;266,977.92;56,777.48;158,900.44;105,935.67
2019;153124;INSTITUTO DE GEOCIENCIAS DA UFRJ;12;EDUCACAO;364;ENSINO SUPERIOR;2080;EDUCACAO DE QUALIDADE PARA TODOS;0487;CONCESSAO DE BOLSAS DE ESTUDO NO ENSINO SUPERIOR;0002;CONCESSAO DE BOLSAS DE ESTUDOS NO PAIS;12364208004870001;108452;OCCCUO9414N;BF SUPERIOR - PROAP;90;APLICACOES DIRETAS;3;DESPESAS CORRENTES;3;OUTRAS DESPESAS CORRENTES;40;SERVICOS DE TECNOLOGIA DA INFORMACAO E COMUNICACAO - PJ;339040;SERVICOS DE TECNOLOGIA DA INFORMACAO E COMUNICACAO - PJ;08;FUNDO SOCIAL-PARC.DEST.EDUCACAO PUBL.E SAUDE;;;;;17,200.00;4,300.00;12,900.00;12,900.00
2019;153126;OBSERVATORIO DO VALONGO DA UFRJ;12;EDUCACAO;364;ENSINO SUPERIOR;2080;EDUCACAO DE QUALIDADE PARA TODOS;0487;CONCESSAO DE BOLSAS DE ESTUDO NO ENSINO SUPERIOR;0002;CONCESSAO DE BOLSAS DE ESTUDOS NO PAIS;12364208004870001;108452;OCCCUO9414N;BF SUPERIOR - PROAP;90;APLICACOES DIRETAS;3;DESPESAS CORRENTES;3;OUTRAS DESPESAS CORRENTES;18;AUXILIO FINANCEIRO A ESTUDANTES;339018;AUXILIO FINANCEIRO A ESTUDANTES;08;FUNDO SOCIAL-PARC.DEST.EDUCACAO PUBL.E SAUDE;;;;;99,244.00;4,900.00;94,344.00;83,876.00
2019;153126;OBSERVATORIO DO VALONGO DA UFRJ;12;EDUCACAO;364;ENSINO SUPERIOR;2080;EDUCACAO DE QUALIDADE PARA TODOS;0487;CONCESSAO DE BOLSAS DE ESTUDO NO ENSINO SUPERIOR;0002;CONCESSAO DE BOLSAS DE ESTUDOS NO PAIS;12364208004870001;108452;OCCCUO9414N;BF SUPERIOR - PROAP;90;APLICACOES DIRETAS;3;DESPESAS CORRENTES;3;OUTRAS DESPESAS CORRENTES;93;INDENIZACOES E RESTITUICOES;339093;INDENIZACOES E RESTITUICOES;08;FUNDO SOCIAL-PARC.DEST.EDUCACAO PUBL.E SAUDE;;;;;16,800.00;0.00;16,800.00;14,700.00
2019;153128;DECANATO DO CENT DE FILOSOF. E C HUM. DA UFRJ;12;EDUCACAO;364;ENSINO SUPERIOR;2080;EDUCACAO DE QUALIDADE PARA TODOS;0487;CONCESSAO DE BOLSAS DE ESTUDO NO ENSINO SUPERIOR;0002;CONCESSAO DE BOLSAS DE ESTUDOS NO PAIS;12364208004870001;108452;OCCCUO9414N;BF SUPERIOR - PROAP;90;APLICACOES DIRETAS;3;DESPESAS CORRENTES;3;OUTRAS DESPESAS CORRENTES;18;AUXILIO FINANCEIRO A ESTUDANTES;339018;AUXILIO FINANCEIRO A ESTUDANTES;08;FUNDO SOCIAL-PARC.DEST.EDUCACAO PUBL.E SAUDE;;;;;23,100.00;0.00;23,100.00;16,800.00
2019;153128;DECANATO DO CENT DE FILOSOF. E C HUM. DA UFRJ;12;EDUCACAO;364;ENSINO SUPERIOR;2080;EDUCACAO DE QUALIDADE PARA TODOS;0487;CONCESSAO DE BOLSAS DE ESTUDO NO ENSINO SUPERIOR;0002;CONCESSAO DE BOLSAS DE ESTUDOS NO PAIS;12364208004870001;108452;OCCCUO9414N;BF SUPERIOR - PROAP;90;APLICACOES DIRETAS;3;DESPESAS CORRENTES;3;OUTRAS DESPESAS CORRENTES;39;OUTROS SERVICOS DE TERCEIROS PJ - OP.INT.ORC.;339039;OUTROS SERVICOS DE TERCEIROS - PESSOA JURIDICA;08;FUNDO SOCIAL-PARC.DEST.EDUCACAO PUBL.E SAUDE;;;;;81,711.98;23,188.04;;
2019;153128;DECANATO DO CENT DE FILOSOF. E C HUM. DA UFRJ;12;EDUCACAO;368;EDUCACAO BASICA;2080;EDUCACAO DE QUALIDADE PARA TODOS;20RJ;APOIO A CAPACITACAO E FORMACAO INICIAL E CONTINUADA PARA A E;0004;EDUCACAO BASICA A DISTANCIA - SISTEMA UNIVERSIDADE ABERTA DO BRASIL (UAB);12368208020RJ0001;108456;QCC62T58HIN;UAB - UAB PROFHISTORIA;90;APLICACOES DIRETAS;3;DESPESAS CORRENTES;3;OUTRAS DESPESAS CORRENTES;18;AUXILIO FINANCEIRO A ESTUDANTES;339018;AUXILIO FINANCEIRO A ESTUDANTES;00;RECURSOS PRIMARIOS DE LIVRE APLICACAO;;;;;25,440.00;0.00;25,440.00;21,120.00
2019;153128;DECANATO DO CENT DE FILOSOF. E C HUM. DA UFRJ;12;EDUCACAO;368;EDUCACAO BASICA;2080;EDUCACAO DE QUALIDADE PARA TODOS;20RJ;APOIO A CAPACITACAO E FORMACAO INICIAL E CONTINUADA PARA A E;0004;EDUCACAO BASICA A DISTANCIA - SISTEMA UNIVERSIDADE ABERTA DO BRASIL (UAB);12368208020RJ0001;108456;QCC62T58HIN;UAB - UAB PROFHISTORIA;90;APLICACOES DIRETAS;3;DESPESAS CORRENTES;3;OUTRAS DESPESAS CORRENTES;30;MATERIAL DE CONSUMO;339030;MATERIAL DE CONSUMO;00;RECURSOS PRIMARIOS DE LIVRE APLICACAO;;;;;14,649.20;0.00;14,649.20;11,719.36
2019;153129;INSTITUTO DE FILOSOF/CIENCIAS SOCIAIS DA UFRJ;12;EDUCACAO;364;ENSINO SUPERIOR;2080;EDUCACAO DE QUALIDADE PARA TODOS;0487;CONCESSAO DE BOLSAS DE ESTUDO NO ENSINO SUPERIOR;0002;CONCESSAO DE BOLSAS DE ESTUDOS NO PAIS;12364208004870001;108452;OCCCUO9414N;BF SUPERIOR - PROAP;50;TRANSFERENCIA INSTITUICOES PRIVADAS SEM FINS LUCRATIVOS;3;DESPESAS CORRENTES;3;OUTRAS DESPESAS CORRENTES;41;CONTRIBUICOES;335041;CONTRIBUICOES;08;FUNDO SOCIAL-PARC.DEST.EDUCACAO PUBL.E SAUDE;;;;;15,000.00;0.00;15,000.00;12,000.00
2019;153129;INSTITUTO DE FILOSOF/CIENCIAS SOCIAIS DA UFRJ;12;EDUCACAO;364;ENSINO SUPERIOR;2080;EDUCACAO DE QUALIDADE PARA TODOS;0487;CONCESSAO DE BOLSAS DE ESTUDO NO ENSINO SUPERIOR;0002;CONCESSAO DE BOLSAS DE ESTUDOS NO PAIS;12364208004870001;108452;OCCCUO9414N;BF SUPERIOR - PROAP;90;APLICACOES DIRETAS;3;DESPESAS CORRENTES;3;OUTRAS DESPESAS CORRENTES;18;AUXILIO FINANCEIRO A ESTUDANTES;339018;AUXILIO FINANCEIRO A ESTUDANTES;08;FUNDO SOCIAL-PARC.DEST.EDUCACAO PUBL.E SAUDE;;;;;58,200.00;0.00;58,200.00;42,800.00
2019;153129;INSTITUTO DE FILOSOF/CIENCIAS SOCIAIS DA UFRJ;12;EDUCACAO;364;ENSINO SUPERIOR;2080;EDUCACAO DE QUALIDADE PARA TODOS;0487;CONCESSAO DE BOLSAS DE ESTUDO NO ENSINO SUPERIOR;0002;CONCESSAO DE BOLSAS DE ESTUDOS NO PAIS;12364208004870001;108452;OCCCUO9414N;BF SUPERIOR - PROAP;90;APLICACOES DIRETAS;3;DESPESAS CORRENTES;3;OUTRAS DESPESAS CORRENTES;39;OUTROS SERVICOS DE TERCEIROS PJ - OP.INT.ORC.;339039;OUTROS SERVICOS DE TERCEIROS - PESSOA JURIDICA;08;FUNDO SOCIAL-PARC.DEST.EDUCACAO PUBL.E SAUDE;;;;;3,000.00;3,000.00;0.00;
2019;153130;INSTITUTO DE PSICOLOGIA DA UFRJ;12;EDUCACAO;364;ENSINO SUPERIOR;2080;EDUCACAO DE QUALIDADE PARA TODOS;0487;CONCESSAO DE BOLSAS DE ESTUDO NO ENSINO SUPERIOR;0002;CONCESSAO DE BOLSAS DE ESTUDOS NO PAIS;12364208004870001;108452;OCCCUO9414N;BF SUPERIOR - PROAP;50;TRANSFERENCIA INSTITUICOES PRIVADAS SEM FINS LUCRATIVOS;3;DESPESAS CORRENTES;3;OUTRAS DESPESAS CORRENTES;41;CONTRIBUICOES;335041;CONTRIBUICOES;08;FUNDO SOCIAL-PARC.DEST.EDUCACAO PUBL.E SAUDE;;;;;66,417.60;17,500.80;48,916.80;32,830.40
2019;153130;INSTITUTO DE PSICOLOGIA DA UFRJ;12;EDUCACAO;364;ENSINO SUPERIOR;2080;EDUCACAO DE QUALIDADE PARA TODOS;0487;CONCESSAO DE BOLSAS DE ESTUDO NO ENSINO SUPERIOR;0002;CONCESSAO DE BOLSAS DE ESTUDOS NO PAIS;12364208004870001;108452;OCCCUO9414N;BF SUPERIOR - PROAP;90;APLICACOES DIRETAS;3;DESPESAS CORRENTES;3;OUTRAS DESPESAS CORRENTES;18;AUXILIO FINANCEIRO A ESTUDANTES;339018;AUXILIO FINANCEIRO A ESTUDANTES;08;FUNDO SOCIAL-PARC.DEST.EDUCACAO PUBL.E SAUDE;;;;;3,000.00;0.00;3,000.00;1,500.00
2019;153130;INSTITUTO DE PSICOLOGIA DA UFRJ;12;EDUCACAO;364;ENSINO SUPERIOR;2080;EDUCACAO DE QUALIDADE PARA TODOS;0487;CONCESSAO DE BOLSAS DE ESTUDO NO ENSINO SUPERIOR;0002;CONCESSAO DE BOLSAS DE ESTUDOS NO PAIS;12364208004870001;108452;OCCCUO9414N;BF SUPERIOR - PROAP;90;APLICACOES DIRETAS;3;DESPESAS CORRENTES;3;OUTRAS DESPESAS CORRENTES;30;MATERIAL DE CONSUMO;339030;MATERIAL DE CONSUMO;08;FUNDO SOCIAL-PARC.DEST.EDUCACAO PUBL.E SAUDE;;;;;150,597.94;0.00;150,597.94;127,022.34
2019;153130;INSTITUTO DE PSICOLOGIA DA UFRJ;12;EDUCACAO;364;ENSINO SUPERIOR;2080;EDUCACAO DE QUALIDADE PARA TODOS;0487;CONCESSAO DE BOLSAS DE ESTUDO NO ENSINO SUPERIOR;0002;CONCESSAO DE BOLSAS DE ESTUDOS NO PAIS;12364208004870001;108452;OCCCUO9414N;BF SUPERIOR - PROAP;90;APLICACOES DIRETAS;3;DESPESAS CORRENTES;3;OUTRAS DESPESAS CORRENTES;39;OUTROS SERVICOS DE TERCEIROS PJ - OP.INT.ORC.;339039;OUTROS SERVICOS DE TERCEIROS - PESSOA JURIDICA;08;FUNDO SOCIAL-PARC.DEST.EDUCACAO PUBL.E SAUDE;;;;;344,080.82;33,992.84;310,087.98;239,540.27
2019;153133;FACULDADE DE ADMINIST E CIENCIAS CONTABEIS;12;EDUCACAO;364;ENSINO SUPERIOR;2080;EDUCACAO DE QUALIDADE PARA TODOS;0487;CONCESSAO DE BOLSAS DE ESTUDO NO ENSINO SUPERIOR;0002;CONCESSAO DE BOLSAS DE ESTUDOS NO PAIS;12364208004870001;108452;OCCCUO9414N;BF SUPERIOR - PROAP;90;APLICACOES DIRETAS;3;DESPESAS CORRENTES;3;OUTRAS DESPESAS CORRENTES;39;OUTROS SERVICOS DE TERCEIROS PJ - OP.INT.ORC.;339039;OUTROS SERVICOS DE TERCEIROS - PESSOA JURIDICA;08;FUNDO SOCIAL-PARC.DEST.EDUCACAO PUBL.E SAUDE;;;;;70,288.00;17,572.00;;
2019;153133;FACULDADE DE ADMINIST E CIENCIAS CONTABEIS;12;EDUCACAO;364;ENSINO SUPERIOR;2080;EDUCACAO DE QUALIDADE PARA TODOS;0487;CONCESSAO DE BOLSAS DE ESTUDO NO ENSINO SUPERIOR;0002;CONCESSAO DE BOLSAS DE ESTUDOS NO PAIS;12364208004870001;108452;OCCCUO9414N;BF SUPERIOR - PROAP;90;APLICACOES DIRETAS;3;DESPESAS CORRENTES;3;OUTRAS DESPESAS CORRENTES;93;INDENIZACOES E RESTITUICOES;339093;INDENIZACOES E RESTITUICOES;08;FUNDO SOCIAL-PARC.DEST.EDUCACAO PUBL.E SAUDE;;;;;57,727.10;2,000.00;53,642.10;41,852.66
2019;153135;INSTITUTO DE ECONOMIA INDUSTRIAL DA UFRJ;12;EDUCACAO;364;ENSINO SUPERIOR;2080;EDUCACAO DE QUALIDADE PARA TODOS;0487;CONCESSAO DE BOLSAS DE ESTUDO NO ENSINO SUPERIOR;0002;CONCESSAO DE BOLSAS DE ESTUDOS NO PAIS;12364208004870001;108452;OCCCUO9414N;BF SUPERIOR - PROAP;90;APLICACOES DIRETAS;3;DESPESAS CORRENTES;3;OUTRAS DESPESAS CORRENTES;18;AUXILIO FINANCEIRO A ESTUDANTES;339018;AUXILIO FINANCEIRO A ESTUDANTES;08;FUNDO SOCIAL-PARC.DEST.EDUCACAO PUBL.E SAUDE;;;;;187,900.00;20,000.00;167,900.00;128,800.00
2019;153135;INSTITUTO DE ECONOMIA INDUSTRIAL DA UFRJ;12;EDUCACAO;364;ENSINO SUPERIOR;2080;EDUCACAO DE QUALIDADE PARA TODOS;0487;CONCESSAO DE BOLSAS DE ESTUDO NO ENSINO SUPERIOR;0002;CONCESSAO DE BOLSAS DE ESTUDOS NO PAIS;12364208004870001;108452;OCCCUO9414N;BF SUPERIOR - PROAP;90;APLICACOES DIRETAS;3;DESPESAS CORRENTES;3;OUTRAS DESPESAS CORRENTES;39;OUTROS SERVICOS DE TERCEIROS PJ - OP.INT.ORC.;339039;OUTROS SERVICOS DE TERCEIROS - PESSOA JURIDICA;08;FUNDO SOCIAL-PARC.DEST.EDUCACAO PUBL.E SAUDE;;;;;51,330.00;24,420.00;26,910.00;17,190.00
2019;153137;DECANATO DO CENTRO DE CIENC.DA SAUDE DA UFRJ;12;EDUCACAO;364;ENSINO SUPERIOR;2080;EDUCACAO DE QUALIDADE PARA TODOS;0487;CONCESSAO DE BOLSAS DE ESTUDO NO ENSINO SUPERIOR;0002;CONCESSAO DE BOLSAS DE ESTUDOS NO PAIS;12364208004870001;108452;OCCCUO9414N;BF SUPERIOR - PROAP;90;APLICACOES DIRETAS;3;DESPESAS CORRENTES;3;OUTRAS DESPESAS CORRENTES;18;AUXILIO FINANCEIRO A ESTUDANTES;339018;AUXILIO FINANCEIRO A ESTUDANTES;08;FUNDO SOCIAL-PARC.DEST.EDUCACAO PUBL.E SAUDE;;;;;230,960.00;5,760.00;225,200.00;154,240.00
2019;153137;DECANATO DO CENTRO DE CIENC.DA SAUDE DA UFRJ;12;EDUCACAO;364;ENSINO SUPERIOR;2080;EDUCACAO DE QUALIDADE PARA TODOS;0487;CONCESSAO DE BOLSAS DE ESTUDO NO ENSINO SUPERIOR;0002;CONCESSAO DE BOLSAS DE ESTUDOS NO PAIS;12364208004870001;108452;OCCCUO9414N;BF SUPERIOR - PROAP;90;APLICACOES DIRETAS;3;DESPESAS CORRENTES;3;OUTRAS DESPESAS CORRENTES;30;MATERIAL DE CONSUMO;339030;MATERIAL DE CONSUMO;08;FUNDO SOCIAL-PARC.DEST.EDUCACAO PUBL.E SAUDE;;;;;86,534.42;23,989.39;60,643.72;57,042.48
2019;153137;DECANATO DO CENTRO DE CIENC.DA SAUDE DA UFRJ;12;EDUCACAO;364;ENSINO SUPERIOR;2080;EDUCACAO DE QUALIDADE PARA TODOS;0487;CONCESSAO DE BOLSAS DE ESTUDO NO ENSINO SUPERIOR;0002;CONCESSAO DE BOLSAS DE ESTUDOS NO PAIS;12364208004870001;108452;OCCCUO9414N;BF SUPERIOR - PROAP;90;APLICACOES DIRETAS;3;DESPESAS CORRENTES;3;OUTRAS DESPESAS CORRENTES;39;OUTROS SERVICOS DE TERCEIROS PJ - OP.INT.ORC.;339039;OUTROS SERVICOS DE TERCEIROS - PESSOA JURIDICA;08;FUNDO SOCIAL-PARC.DEST.EDUCACAO PUBL.E SAUDE;;;;;268,284.00;42,680.00;97,564.00;94,513.00
2019;153137;DECANATO DO CENTRO DE CIENC.DA SAUDE DA UFRJ;12;EDUCACAO;364;ENSINO SUPERIOR;2080;EDUCACAO DE QUALIDADE PARA TODOS;0487;CONCESSAO DE BOLSAS DE ESTUDO NO ENSINO SUPERIOR;0002;CONCESSAO DE BOLSAS DE ESTUDOS NO PAIS;12364208004870001;108452;OCCCUO9414N;BF SUPERIOR - PROAP;90;APLICACOES DIRETAS;3;DESPESAS CORRENTES;3;OUTRAS DESPESAS CORRENTES;40;SERVICOS DE TECNOLOGIA DA INFORMACAO E COMUNICACAO - PJ;339040;SERVICOS DE TECNOLOGIA DA INFORMACAO E COMUNICACAO - PJ;08;FUNDO SOCIAL-PARC.DEST.EDUCACAO PUBL.E SAUDE;;;;;63,600.00;0.00;63,600.00;55,650.00
2019;153138;FACULDADE DE MEDICINA DA UFRJ;12;EDUCACAO;364;ENSINO SUPERIOR;2080;EDUCACAO DE QUALIDADE PARA TODOS;0487;CONCESSAO DE BOLSAS DE ESTUDO NO ENSINO SUPERIOR;0002;CONCESSAO DE BOLSAS DE ESTUDOS NO PAIS;12364208004870001;108452;OCCCUO9414N;BF SUPERIOR - PROAP;90;APLICACOES DIRETAS;3;DESPESAS CORRENTES;3;OUTRAS DESPESAS CORRENTES;30;MATERIAL DE CONSUMO;339030;MATERIAL DE CONSUMO;08;FUNDO SOCIAL-PARC.DEST.EDUCACAO PUBL.E SAUDE;;;;;406,063.75;55,527.15;318,376.00;264,364.05
2019;153138;FACULDADE DE MEDICINA DA UFRJ;12;EDUCACAO;364;ENSINO SUPERIOR;2080;EDUCACAO DE QUALIDADE PARA TODOS;0487;CONCESSAO DE BOLSAS DE ESTUDO NO ENSINO SUPERIOR;0002;CONCESSAO DE BOLSAS DE ESTUDOS NO PAIS;12364208004870001;108452;OCCCUO9414N;BF SUPERIOR - PROAP;90;APLICACOES DIRETAS;3;DESPESAS CORRENTES;3;OUTRAS DESPESAS CORRENTES;39;OUTROS SERVICOS DE TERCEIROS PJ - OP.INT.ORC.;339039;OUTROS SERVICOS DE TERCEIROS - PESSOA JURIDICA;08;FUNDO SOCIAL-PARC.DEST.EDUCACAO PUBL.E SAUDE;;;;;510,017.37;45,245.85;423,168.57;345,655.19
2019;153139;FACULDADE DE ODONTOLOGIA DA UFRJ;12;EDUCACAO;364;ENSINO SUPERIOR;2080;EDUCACAO DE QUALIDADE PARA TODOS;0487;CONCESSAO DE BOLSAS DE ESTUDO NO ENSINO SUPERIOR;0002;CONCESSAO DE BOLSAS DE ESTUDOS NO PAIS;12364208004870001;108452;OCCCUO9414N;BF SUPERIOR - PROAP;90;APLICACOES DIRETAS;3;DESPESAS CORRENTES;3;OUTRAS DESPESAS CORRENTES;30;MATERIAL DE CONSUMO;339030;MATERIAL DE CONSUMO;08;FUNDO SOCIAL-PARC.DEST.EDUCACAO PUBL.E SAUDE;;;;;28,512.80;2,858.80;25,654.00;12,808.20
2019;153139;FACULDADE DE ODONTOLOGIA DA UFRJ;12;EDUCACAO;364;ENSINO SUPERIOR;2080;EDUCACAO DE QUALIDADE PARA TODOS;0487;CONCESSAO DE BOLSAS DE ESTUDO NO ENSINO SUPERIOR;0002;CONCESSAO DE BOLSAS DE ESTUDOS NO PAIS;12364208004870001;108452;OCCCUO9414N;BF SUPERIOR - PROAP;90;APLICACOES DIRETAS;3;DESPESAS CORRENTES;3;OUTRAS DESPESAS CORRENTES;39;OUTROS SERVICOS DE TERCEIROS PJ - OP.INT.ORC.;339039;OUTROS SERVICOS DE TERCEIROS - PESSOA JURIDICA;08;FUNDO SOCIAL-PARC.DEST.EDUCACAO PUBL.E SAUDE;;;;;261,598.96;54,919.74;206,679.22;93,261.00
2019;153140;FACULDADE DE FARMACIA DA UFRJ;12;EDUCACAO;364;ENSINO SUPERIOR;2080;EDUCACAO DE QUALIDADE PARA TODOS;0487;CONCESSAO DE BOLSAS DE ESTUDO NO ENSINO SUPERIOR;0002;CONCESSAO DE BOLSAS DE ESTUDOS NO PAIS;12364208004870001;108452;OCCCUO9414N;BF SUPERIOR - PROAP;90;APLICACOES DIRETAS;3;DESPESAS CORRENTES;3;OUTRAS DESPESAS CORRENTES;30;MATERIAL DE CONSUMO;339030;MATERIAL DE CONSUMO;08;FUNDO SOCIAL-PARC.DEST.EDUCACAO PUBL.E SAUDE;;;;;60,267.00;9,943.00;50,324.00;47,324.00
2019;153140;FACULDADE DE FARMACIA DA UFRJ;12;EDUCACAO;364;ENSINO SUPERIOR;2080;EDUCACAO DE QUALIDADE PARA TODOS;0487;CONCESSAO DE BOLSAS DE ESTUDO NO ENSINO SUPERIOR;0002;CONCESSAO DE BOLSAS DE ESTUDOS NO PAIS;12364208004870001;108452;OCCCUO9414N;BF SUPERIOR - PROAP;90;APLICACOES DIRETAS;3;DESPESAS CORRENTES;3;OUTRAS DESPESAS CORRENTES;39;OUTROS SERVICOS DE TERCEIROS PJ - OP.INT.ORC.;339039;OUTROS SERVICOS DE TERCEIROS - PESSOA JURIDICA;08;FUNDO SOCIAL-PARC.DEST.EDUCACAO PUBL.E SAUDE;;;;;233,005.98;34,861.22;198,144.76;161,898.54
2019;153140;FACULDADE DE FARMACIA DA UFRJ;12;EDUCACAO;364;ENSINO SUPERIOR;2080;EDUCACAO DE QUALIDADE PARA TODOS;0487;CONCESSAO DE BOLSAS DE ESTUDO NO ENSINO SUPERIOR;0002;CONCESSAO DE BOLSAS DE ESTUDOS NO PAIS;12364208004870001;108452;OCCCUO9414N;BF SUPERIOR - PROAP;90;APLICACOES DIRETAS;3;DESPESAS CORRENTES;3;OUTRAS DESPESAS CORRENTES;40;SERVICOS DE TECNOLOGIA DA INFORMACAO E COMUNICACAO - PJ;339040;SERVICOS DE TECNOLOGIA DA INFORMACAO E COMUNICACAO - PJ;08;FUNDO SOCIAL-PARC.DEST.EDUCACAO PUBL.E SAUDE;;;;;81,900.00;0.00;81,900.00;72,800.00
2019;153142;INSTITUTO DE CIENCIAS BIOMEDICAS DA UFRJ;12;EDUCACAO;364;ENSINO SUPERIOR;2080;EDUCACAO DE QUALIDADE PARA TODOS;0487;CONCESSAO DE BOLSAS DE ESTUDO NO ENSINO SUPERIOR;0002;CONCESSAO DE BOLSAS DE ESTUDOS NO PAIS;12364208004870001;108452;OCCCUO9414N;BF SUPERIOR - PROAP;90;APLICACOES DIRETAS;3;DESPESAS CORRENTES;3;OUTRAS DESPESAS CORRENTES;30;MATERIAL DE CONSUMO;339030;MATERIAL DE CONSUMO;08;FUNDO SOCIAL-PARC.DEST.EDUCACAO PUBL.E SAUDE;;;;;53,411.96;22,185.49;1,990.00;1,492.50
2019;153142;INSTITUTO DE CIENCIAS BIOMEDICAS DA UFRJ;12;EDUCACAO;364;ENSINO SUPERIOR;2080;EDUCACAO DE QUALIDADE PARA TODOS;0487;CONCESSAO DE BOLSAS DE ESTUDO NO ENSINO SUPERIOR;0002;CONCESSAO DE BOLSAS DE ESTUDOS NO PAIS;12364208004870001;108452;OCCCUO9414N;BF SUPERIOR - PROAP;90;APLICACOES DIRETAS;3;DESPESAS CORRENTES;3;OUTRAS DESPESAS CORRENTES;39;OUTROS SERVICOS DE TERCEIROS PJ - OP.INT.ORC.;339039;OUTROS SERVICOS DE TERCEIROS - PESSOA JURIDICA;08;FUNDO SOCIAL-PARC.DEST.EDUCACAO PUBL.E SAUDE;;;;;80,680.00;11,340.00;58,000.00;43,500.00
2019;153144;INSTITUTO DE NUTRICAO JOSUE DE CASTRO;12;EDUCACAO;364;ENSINO SUPERIOR;2080;EDUCACAO DE QUALIDADE PARA TODOS;0487;CONCESSAO DE BOLSAS DE ESTUDO NO ENSINO SUPERIOR;0002;CONCESSAO DE BOLSAS DE ESTUDOS NO PAIS;12364208004870001;108452;OCCCUO9414N;BF SUPERIOR - PROAP;90;APLICACOES DIRETAS;3;DESPESAS CORRENTES;3;OUTRAS DESPESAS CORRENTES;39;OUTROS SERVICOS DE TERCEIROS PJ - OP.INT.ORC.;339039;OUTROS SERVICOS DE TERCEIROS - PESSOA JURIDICA;08;FUNDO SOCIAL-PARC.DEST.EDUCACAO PUBL.E SAUDE;;;;;17,520.00;0.00;17,520.00;13,140.00
2019;153145;INSTITUTO DE BIOFISICA DA UFRJ;12;EDUCACAO;364;ENSINO SUPERIOR;2080;EDUCACAO DE QUALIDADE PARA TODOS;0487;CONCESSAO DE BOLSAS DE ESTUDO NO ENSINO SUPERIOR;0002;CONCESSAO DE BOLSAS DE ESTUDOS NO PAIS;12364208004870001;108452;OCCCUO9414N;BF SUPERIOR - PROAP;90;APLICACOES DIRETAS;3;DESPESAS CORRENTES;3;OUTRAS DESPESAS CORRENTES;30;MATERIAL DE CONSUMO;339030;MATERIAL DE CONSUMO;08;FUNDO SOCIAL-PARC.DEST.EDUCACAO PUBL.E SAUDE;;;;;6,904.00;1,418.00;1,232.00;924.00
2019;153146;INSTIT.PESQ.DE PROD.NATURAIS WALTER MORS;12;EDUCACAO;364;ENSINO SUPERIOR;2080;EDUCACAO DE QUALIDADE PARA TODOS;0487;CONCESSAO DE BOLSAS DE ESTUDO NO ENSINO SUPERIOR;0002;CONCESSAO DE BOLSAS DE ESTUDOS NO PAIS;12364208004870001;108452;OCCCUO9414N;BF SUPERIOR - PROAP;90;APLICACOES DIRETAS;3;DESPESAS CORRENTES;3;OUTRAS DESPESAS CORRENTES;30;MATERIAL DE CONSUMO;339030;MATERIAL DE CONSUMO;08;FUNDO SOCIAL-PARC.DEST.EDUCACAO PUBL.E SAUDE;;;;;233,544.81;53,351.71;177,358.43;101,596.48
2019;153146;INSTIT.PESQ.DE PROD.NATURAIS WALTER MORS;12;EDUCACAO;364;ENSINO SUPERIOR;2080;EDUCACAO DE QUALIDADE PARA TODOS;0487;CONCESSAO DE BOLSAS DE ESTUDO NO ENSINO SUPERIOR;0002;CONCESSAO DE BOLSAS DE ESTUDOS NO PAIS;12364208004870001;108452;OCCCUO9414N;BF SUPERIOR - PROAP;90;APLICACOES DIRETAS;3;DESPESAS CORRENTES;3;OUTRAS DESPESAS CORRENTES;39;OUTROS SERVICOS DE TERCEIROS PJ - OP.INT.ORC.;339039;OUTROS SERVICOS DE TERCEIROS - PESSOA JURIDICA;08;FUNDO SOCIAL-PARC.DEST.EDUCACAO PUBL.E SAUDE;;;;;18,022.41;0.00;18,022.41;15,447.78
2019;153149;INSTITUTO DE PSIQUIATRIA DA UFRJ;12;EDUCACAO;364;ENSINO SUPERIOR;2080;EDUCACAO DE QUALIDADE PARA TODOS;0487;CONCESSAO DE BOLSAS DE ESTUDO NO ENSINO SUPERIOR;0002;CONCESSAO DE BOLSAS DE ESTUDOS NO PAIS;12364208004870001;108452;OCCCUO9414N;BF SUPERIOR - PROAP;90;APLICACOES DIRETAS;3;DESPESAS CORRENTES;3;OUTRAS DESPESAS CORRENTES;30;MATERIAL DE CONSUMO;339030;MATERIAL DE CONSUMO;08;FUNDO SOCIAL-PARC.DEST.EDUCACAO PUBL.E SAUDE;;;;;99,970.51;14,598.35;85,372.16;74,570.23
2019;153149;INSTITUTO DE PSIQUIATRIA DA UFRJ;12;EDUCACAO;364;ENSINO SUPERIOR;2080;EDUCACAO DE QUALIDADE PARA TODOS;0487;CONCESSAO DE BOLSAS DE ESTUDO NO ENSINO SUPERIOR;0002;CONCESSAO DE BOLSAS DE ESTUDOS NO PAIS;12364208004870001;108452;OCCCUO9414N;BF SUPERIOR - PROAP;90;APLICACOES DIRETAS;3;DESPESAS CORRENTES;3;OUTRAS DESPESAS CORRENTES;36;OUTROS SERVICOS DE TERCEIROS - P.FISICA;339036;OUTROS SERVICOS DE TERCEIROS - PESSOA FISICA;08;FUNDO SOCIAL-PARC.DEST.EDUCACAO PUBL.E SAUDE;;;;;27,701.00;5,540.20;22,160.80;17,182.40
2019;153149;INSTITUTO DE PSIQUIATRIA DA UFRJ;12;EDUCACAO;364;ENSINO SUPERIOR;2080;EDUCACAO DE QUALIDADE PARA TODOS;0487;CONCESSAO DE BOLSAS DE ESTUDO NO ENSINO SUPERIOR;0002;CONCESSAO DE BOLSAS DE ESTUDOS NO PAIS;12364208004870001;108452;OCCCUO9414N;BF SUPERIOR - PROAP;90;APLICACOES DIRETAS;3;DESPESAS CORRENTES;3;OUTRAS DESPESAS CORRENTES;39;OUTROS SERVICOS DE TERCEIROS PJ - OP.INT.ORC.;339039;OUTROS SERVICOS DE TERCEIROS - PESSOA JURIDICA;08;FUNDO SOCIAL-PARC.DEST.EDUCACAO PUBL.E SAUDE;;;;;75,764.28;29,680.32;28,350.00;28,350.00
2019;153149;INSTITUTO DE PSIQUIATRIA DA UFRJ;12;EDUCACAO;364;ENSINO SUPERIOR;2080;EDUCACAO DE QUALIDADE PARA TODOS;0487;CONCESSAO DE BOLSAS DE ESTUDO NO ENSINO SUPERIOR;0002;CONCESSAO DE BOLSAS DE ESTUDOS NO PAIS;12364208004870001;108452;OCCCUO9414N;BF SUPERIOR - PROAP;91;APLICACOES DIRETAS - OPERACOES INTERNAS;3;DESPESAS CORRENTES;3;OUTRAS DESPESAS CORRENTES;47;OBRIGACOES TRIBUTARIAS E CONTRIBUTIVAS;339147;OBRIG.TRIBUT.E CONTRIB-OP.INTRA-ORCAMENTARIAS;08;FUNDO SOCIAL-PARC.DEST.EDUCACAO PUBL.E SAUDE;;;;;5,544.80;1,109.84;4,434.96;3,440.24
2019;153150;INSTITUTO PUERIC. PED MAT. GESTEIRA DA UFRJ;12;EDUCACAO;364;ENSINO SUPERIOR;2080;EDUCACAO DE QUALIDADE PARA TODOS;0487;CONCESSAO DE BOLSAS DE ESTUDO NO ENSINO SUPERIOR;0002;CONCESSAO DE BOLSAS DE ESTUDOS NO PAIS;12364208004870001;108452;OCCCUO9414N;BF SUPERIOR - PROAP;90;APLICACOES DIRETAS;3;DESPESAS CORRENTES;3;OUTRAS DESPESAS CORRENTES;30;MATERIAL DE CONSUMO;339030;MATERIAL DE CONSUMO;08;FUNDO SOCIAL-PARC.DEST.EDUCACAO PUBL.E SAUDE;;;;;3,173.24;793.31;;
2019;153153;ESCOLA DE EDUCACAO FISICA E DESPORTES DA UFRJ;12;EDUCACAO;364;ENSINO SUPERIOR;2080;EDUCACAO DE QUALIDADE PARA TODOS;0487;CONCESSAO DE BOLSAS DE ESTUDO NO ENSINO SUPERIOR;0002;CONCESSAO DE BOLSAS DE ESTUDOS NO PAIS;12364208004870001;108452;OCCCUO9414N;BF SUPERIOR - PROAP;90;APLICACOES DIRETAS;3;DESPESAS CORRENTES;3;OUTRAS DESPESAS CORRENTES;18;AUXILIO FINANCEIRO A ESTUDANTES;339018;AUXILIO FINANCEIRO A ESTUDANTES;08;FUNDO SOCIAL-PARC.DEST.EDUCACAO PUBL.E SAUDE;;;;;6,200.00;0.00;6,200.00;6,200.00
2019;153153;ESCOLA DE EDUCACAO FISICA E DESPORTES DA UFRJ;12;EDUCACAO;364;ENSINO SUPERIOR;2080;EDUCACAO DE QUALIDADE PARA TODOS;0487;CONCESSAO DE BOLSAS DE ESTUDO NO ENSINO SUPERIOR;0002;CONCESSAO DE BOLSAS DE ESTUDOS NO PAIS;12364208004870001;108452;OCCCUO9414N;BF SUPERIOR - PROAP;90;APLICACOES DIRETAS;3;DESPESAS CORRENTES;3;OUTRAS DESPESAS CORRENTES;30;MATERIAL DE CONSUMO;339030;MATERIAL DE CONSUMO;08;FUNDO SOCIAL-PARC.DEST.EDUCACAO PUBL.E SAUDE;;;;;135,483.18;6,946.90;128,536.28;107,501.58
2019;153153;ESCOLA DE EDUCACAO FISICA E DESPORTES DA UFRJ;12;EDUCACAO;364;ENSINO SUPERIOR;2080;EDUCACAO DE QUALIDADE PARA TODOS;0487;CONCESSAO DE BOLSAS DE ESTUDO NO ENSINO SUPERIOR;0002;CONCESSAO DE BOLSAS DE ESTUDOS NO PAIS;12364208004870001;108452;OCCCUO9414N;BF SUPERIOR - PROAP;90;APLICACOES DIRETAS;3;DESPESAS CORRENTES;3;OUTRAS DESPESAS CORRENTES;39;OUTROS SERVICOS DE TERCEIROS PJ - OP.INT.ORC.;339039;OUTROS SERVICOS DE TERCEIROS - PESSOA JURIDICA;08;FUNDO SOCIAL-PARC.DEST.EDUCACAO PUBL.E SAUDE;;;;;80,918.75;8,890.95;72,027.80;56,312.85
2019;153154;INSTITUTO DE BIOLOGIA DA UFRJ;12;EDUCACAO;364;ENSINO SUPERIOR;2080;EDUCACAO DE QUALIDADE PARA TODOS;0487;CONCESSAO DE BOLSAS DE ESTUDO NO ENSINO SUPERIOR;0002;CONCESSAO DE BOLSAS DE ESTUDOS NO PAIS;12364208004870001;108452;OCCCUO9414N;BF SUPERIOR - PROAP;90;APLICACOES DIRETAS;3;DESPESAS CORRENTES;3;OUTRAS DESPESAS CORRENTES;18;AUXILIO FINANCEIRO A ESTUDANTES;339018;AUXILIO FINANCEIRO A ESTUDANTES;08;FUNDO SOCIAL-PARC.DEST.EDUCACAO PUBL.E SAUDE;;;;;251,255.00;1,085.00;250,170.00;219,605.00
2019;153154;INSTITUTO DE BIOLOGIA DA UFRJ;12;EDUCACAO;364;ENSINO SUPERIOR;2080;EDUCACAO DE QUALIDADE PARA TODOS;0487;CONCESSAO DE BOLSAS DE ESTUDO NO ENSINO SUPERIOR;0002;CONCESSAO DE BOLSAS DE ESTUDOS NO PAIS;12364208004870001;108452;OCCCUO9414N;BF SUPERIOR - PROAP;90;APLICACOES DIRETAS;3;DESPESAS CORRENTES;3;OUTRAS DESPESAS CORRENTES;30;MATERIAL DE CONSUMO;339030;MATERIAL DE CONSUMO;08;FUNDO SOCIAL-PARC.DEST.EDUCACAO PUBL.E SAUDE;;;;;204,812.92;37,255.53;135,890.11;72,901.23
2019;153154;INSTITUTO DE BIOLOGIA DA UFRJ;12;EDUCACAO;364;ENSINO SUPERIOR;2080;EDUCACAO DE QUALIDADE PARA TODOS;0487;CONCESSAO DE BOLSAS DE ESTUDO NO ENSINO SUPERIOR;0002;CONCESSAO DE BOLSAS DE ESTUDOS NO PAIS;12364208004870001;108452;OCCCUO9414N;BF SUPERIOR - PROAP;90;APLICACOES DIRETAS;3;DESPESAS CORRENTES;3;OUTRAS DESPESAS CORRENTES;33;PASSAGENS E DESPESAS COM LOCOMOCAO;339033;PASSAGENS E DESPESAS COM LOCOMOCAO;08;FUNDO SOCIAL-PARC.DEST.EDUCACAO PUBL.E SAUDE;;;;;7,517.74;7,517.74;;
2019;153154;INSTITUTO DE BIOLOGIA DA UFRJ;12;EDUCACAO;364;ENSINO SUPERIOR;2080;EDUCACAO DE QUALIDADE PARA TODOS;0487;CONCESSAO DE BOLSAS DE ESTUDO NO ENSINO SUPERIOR;0002;CONCESSAO DE BOLSAS DE ESTUDOS NO PAIS;12364208004870001;108452;OCCCUO9414N;BF SUPERIOR - PROAP;90;APLICACOES DIRETAS;3;DESPESAS CORRENTES;3;OUTRAS DESPESAS CORRENTES;39;OUTROS SERVICOS DE TERCEIROS PJ - OP.INT.ORC.;339039;OUTROS SERVICOS DE TERCEIROS - PESSOA JURIDICA;08;FUNDO SOCIAL-PARC.DEST.EDUCACAO PUBL.E SAUDE;;;;;46,044.08;11,511.02;24,450.00;24,450.00
2019;153154;INSTITUTO DE BIOLOGIA DA UFRJ;12;EDUCACAO;364;ENSINO SUPERIOR;2080;EDUCACAO DE QUALIDADE PARA TODOS;0487;CONCESSAO DE BOLSAS DE ESTUDO NO ENSINO SUPERIOR;0002;CONCESSAO DE BOLSAS DE ESTUDOS NO PAIS;12364208004870001;108452;OCCCUO9414N;BF SUPERIOR - PROAP;90;APLICACOES DIRETAS;3;DESPESAS CORRENTES;3;OUTRAS DESPESAS CORRENTES;93;INDENIZACOES E RESTITUICOES;339093;INDENIZACOES E RESTITUICOES;08;FUNDO SOCIAL-PARC.DEST.EDUCACAO PUBL.E SAUDE;;;;;22,553.22;0.00;22,553.22;
2019;153155;MATERNIDADE ESCOLA DA UFRJ;12;EDUCACAO;364;ENSINO SUPERIOR;2080;EDUCACAO DE QUALIDADE PARA TODOS;0487;CONCESSAO DE BOLSAS DE ESTUDO NO ENSINO SUPERIOR;0002;CONCESSAO DE BOLSAS DE ESTUDOS NO PAIS;12364208004870001;108452;OCCCUO9414N;BF SUPERIOR - PROAP;90;APLICACOES DIRETAS;3;DESPESAS CORRENTES;3;OUTRAS DESPESAS CORRENTES;30;MATERIAL DE CONSUMO;339030;MATERIAL DE CONSUMO;08;FUNDO SOCIAL-PARC.DEST.EDUCACAO PUBL.E SAUDE;;;;;19,661.84;1,055.46;15,440.00;11,580.00
2019;153158;ESCOLA POLITECNICA DA UFRJ;12;EDUCACAO;364;ENSINO SUPERIOR;2080;EDUCACAO DE QUALIDADE PARA TODOS;0487;CONCESSAO DE BOLSAS DE ESTUDO NO ENSINO SUPERIOR;0002;CONCESSAO DE BOLSAS DE ESTUDOS NO PAIS;12364208004870001;108452;OCCCUO9414N;BF SUPERIOR - PROAP;90;APLICACOES DIRETAS;3;DESPESAS CORRENTES;3;OUTRAS DESPESAS CORRENTES;30;MATERIAL DE CONSUMO;339030;MATERIAL DE CONSUMO;08;FUNDO SOCIAL-PARC.DEST.EDUCACAO PUBL.E SAUDE;;;;;4,035.00;1,614.00;;
2019;153158;ESCOLA POLITECNICA DA UFRJ;12;EDUCACAO;364;ENSINO SUPERIOR;2080;EDUCACAO DE QUALIDADE PARA TODOS;0487;CONCESSAO DE BOLSAS DE ESTUDO NO ENSINO SUPERIOR;0002;CONCESSAO DE BOLSAS DE ESTUDOS NO PAIS;12364208004870001;108452;OCCCUO9414N;BF SUPERIOR - PROAP;90;APLICACOES DIRETAS;3;DESPESAS CORRENTES;3;OUTRAS DESPESAS CORRENTES;40;SERVICOS DE TECNOLOGIA DA INFORMACAO E COMUNICACAO - PJ;339040;SERVICOS DE TECNOLOGIA DA INFORMACAO E COMUNICACAO - PJ;08;FUNDO SOCIAL-PARC.DEST.EDUCACAO PUBL.E SAUDE;;;;;51,760.00;15,250.00;21,510.00;16,260.00
2019;153159;ESCOLA DE QUIMICA DA UFRJ;12;EDUCACAO;364;ENSINO SUPERIOR;2080;EDUCACAO DE QUALIDADE PARA TODOS;0487;CONCESSAO DE BOLSAS DE ESTUDO NO ENSINO SUPERIOR;0002;CONCESSAO DE BOLSAS DE ESTUDOS NO PAIS;12364208004870001;108452;OCCCUO9414N;BF SUPERIOR - PROAP;90;APLICACOES DIRETAS;3;DESPESAS CORRENTES;3;OUTRAS DESPESAS CORRENTES;30;MATERIAL DE CONSUMO;339030;MATERIAL DE CONSUMO;08;FUNDO SOCIAL-PARC.DEST.EDUCACAO PUBL.E SAUDE;;;;;19,927.20;4,981.80;14,945.40;14,945.40
2019;153160;COORD DOS PROG DE POS-GRAD EM ENGEN DA UFRJ;12;EDUCACAO;364;ENSINO SUPERIOR;2080;EDUCACAO DE QUALIDADE PARA TODOS;0487;CONCESSAO DE BOLSAS DE ESTUDO NO ENSINO SUPERIOR;0002;CONCESSAO DE BOLSAS DE ESTUDOS NO PAIS;12364208004870001;108452;OCCCUO9414N;BF SUPERIOR - PROAP;90;APLICACOES DIRETAS;3;DESPESAS CORRENTES;3;OUTRAS DESPESAS CORRENTES;18;AUXILIO FINANCEIRO A ESTUDANTES;339018;AUXILIO FINANCEIRO A ESTUDANTES;08;FUNDO SOCIAL-PARC.DEST.EDUCACAO PUBL.E SAUDE;;;;;75,000.00;15,000.00;60,000.00;9,000.00
2019;153160;COORD DOS PROG DE POS-GRAD EM ENGEN DA UFRJ;12;EDUCACAO;364;ENSINO SUPERIOR;2080;EDUCACAO DE QUALIDADE PARA TODOS;0487;CONCESSAO DE BOLSAS DE ESTUDO NO ENSINO SUPERIOR;0002;CONCESSAO DE BOLSAS DE ESTUDOS NO PAIS;12364208004870001;108452;OCCCUO9414N;BF SUPERIOR - PROAP;90;APLICACOES DIRETAS;3;DESPESAS CORRENTES;3;OUTRAS DESPESAS CORRENTES;30;MATERIAL DE CONSUMO;339030;MATERIAL DE CONSUMO;08;FUNDO SOCIAL-PARC.DEST.EDUCACAO PUBL.E SAUDE;;;;;759,920.02;163,428.60;248,836.42;42,311.66
2019;153160;COORD DOS PROG DE POS-GRAD EM ENGEN DA UFRJ;12;EDUCACAO;364;ENSINO SUPERIOR;2080;EDUCACAO DE QUALIDADE PARA TODOS;0487;CONCESSAO DE BOLSAS DE ESTUDO NO ENSINO SUPERIOR;0002;CONCESSAO DE BOLSAS DE ESTUDOS NO PAIS;12364208004870001;108452;OCCCUO9414N;BF SUPERIOR - PROAP;90;APLICACOES DIRETAS;3;DESPESAS CORRENTES;3;OUTRAS DESPESAS CORRENTES;39;OUTROS SERVICOS DE TERCEIROS PJ - OP.INT.ORC.;339039;OUTROS SERVICOS DE TERCEIROS - PESSOA JURIDICA;08;FUNDO SOCIAL-PARC.DEST.EDUCACAO PUBL.E SAUDE;;;;;532,008.38;131,848.60;239,334.04;106,285.36
2019;153160;COORD DOS PROG DE POS-GRAD EM ENGEN DA UFRJ;12;EDUCACAO;364;ENSINO SUPERIOR;2080;EDUCACAO DE QUALIDADE PARA TODOS;0487;CONCESSAO DE BOLSAS DE ESTUDO NO ENSINO SUPERIOR;0002;CONCESSAO DE BOLSAS DE ESTUDOS NO PAIS;12364208004870001;108452;OCCCUO9414N;BF SUPERIOR - PROAP;90;APLICACOES DIRETAS;3;DESPESAS CORRENTES;3;OUTRAS DESPESAS CORRENTES;40;SERVICOS DE TECNOLOGIA DA INFORMACAO E COMUNICACAO - PJ;339040;SERVICOS DE TECNOLOGIA DA INFORMACAO E COMUNICACAO - PJ;08;FUNDO SOCIAL-PARC.DEST.EDUCACAO PUBL.E SAUDE;;;;;56,000.00;7,000.00;49,000.00;42,000.00
2019;153162;MUSEU NACIONAL DA UFRJ;12;EDUCACAO;364;ENSINO SUPERIOR;2080;EDUCACAO DE QUALIDADE PARA TODOS;0487;CONCESSAO DE BOLSAS DE ESTUDO NO ENSINO SUPERIOR;0002;CONCESSAO DE BOLSAS DE ESTUDOS NO PAIS;12364208004870001;108452;OCCCUO9414N;BF SUPERIOR - PROAP;90;APLICACOES DIRETAS;3;DESPESAS CORRENTES;3;OUTRAS DESPESAS CORRENTES;18;AUXILIO FINANCEIRO A ESTUDANTES;339018;AUXILIO FINANCEIRO A ESTUDANTES;08;FUNDO SOCIAL-PARC.DEST.EDUCACAO PUBL.E SAUDE;;;;;259,930.00;0.00;259,930.00;234,690.00
2019;153162;MUSEU NACIONAL DA UFRJ;12;EDUCACAO;364;ENSINO SUPERIOR;2080;EDUCACAO DE QUALIDADE PARA TODOS;0487;CONCESSAO DE BOLSAS DE ESTUDO NO ENSINO SUPERIOR;0002;CONCESSAO DE BOLSAS DE ESTUDOS NO PAIS;12364208004870001;108452;OCCCUO9414N;BF SUPERIOR - PROAP;90;APLICACOES DIRETAS;3;DESPESAS CORRENTES;3;OUTRAS DESPESAS CORRENTES;30;MATERIAL DE CONSUMO;339030;MATERIAL DE CONSUMO;08;FUNDO SOCIAL-PARC.DEST.EDUCACAO PUBL.E SAUDE;;;;;2,943.36;0.00;2,943.36;2,575.44
2019;153163;UNIVERSIDADE FEDERAL DE SANTA CATARINA;12;EDUCACAO;364;ENSINO SUPERIOR;2080;EDUCACAO DE QUALIDADE PARA TODOS;0487;CONCESSAO DE BOLSAS DE ESTUDO NO ENSINO SUPERIOR;0002;CONCESSAO DE BOLSAS DE ESTUDOS NO PAIS;12364208004870001;108452;OCCCUO9414N;BF SUPERIOR - PROAP;90;APLICACOES DIRETAS;3;DESPESAS CORRENTES;3;OUTRAS DESPESAS CORRENTES;14;DIARIAS - PESSOAL CIVIL;339014;DIARIAS - PESSOAL CIVIL;00;RECURSOS PRIMARIOS DE LIVRE APLICACAO;;;;;4,188,828.86;1,625,579.75;2,563,249.11;2,537,168.04
2019;153163;UNIVERSIDADE FEDERAL DE SANTA CATARINA;12;EDUCACAO;364;ENSINO SUPERIOR;2080;EDUCACAO DE QUALIDADE PARA TODOS;0487;CONCESSAO DE BOLSAS DE ESTUDO NO ENSINO SUPERIOR;0002;CONCESSAO DE BOLSAS DE ESTUDOS NO PAIS;12364208004870001;108452;OCCCUO9414N;BF SUPERIOR - PROAP;90;APLICACOES DIRETAS;3;DESPESAS CORRENTES;3;OUTRAS DESPESAS CORRENTES;18;AUXILIO FINANCEIRO A ESTUDANTES;339018;AUXILIO FINANCEIRO A ESTUDANTES;00;RECURSOS PRIMARIOS DE LIVRE APLICACAO;;;;;5,772,896.02;2,793,274.82;1,941,458.60;1,713,993.33
2019;153163;UNIVERSIDADE FEDERAL DE SANTA CATARINA;12;EDUCACAO;364;ENSINO SUPERIOR;2080;EDUCACAO DE QUALIDADE PARA TODOS;0487;CONCESSAO DE BOLSAS DE ESTUDO NO ENSINO SUPERIOR;0002;CONCESSAO DE BOLSAS DE ESTUDOS NO PAIS;12364208004870001;108452;OCCCUO9414N;BF SUPERIOR - PROAP;90;APLICACOES DIRETAS;3;DESPESAS CORRENTES;3;OUTRAS DESPESAS CORRENTES;30;MATERIAL DE CONSUMO;339030;MATERIAL DE CONSUMO;00;RECURSOS PRIMARIOS DE LIVRE APLICACAO;;;;;1,807,664.81;484,462.16;725,966.31;671,999.30
2019;153163;UNIVERSIDADE FEDERAL DE SANTA CATARINA;12;EDUCACAO;364;ENSINO SUPERIOR;2080;EDUCACAO DE QUALIDADE PARA TODOS;0487;CONCESSAO DE BOLSAS DE ESTUDO NO ENSINO SUPERIOR;0002;CONCESSAO DE BOLSAS DE ESTUDOS NO PAIS;12364208004870001;108452;OCCCUO9414N;BF SUPERIOR - PROAP;90;APLICACOES DIRETAS;3;DESPESAS CORRENTES;3;OUTRAS DESPESAS CORRENTES;33;PASSAGENS E DESPESAS COM LOCOMOCAO;339033;PASSAGENS E DESPESAS COM LOCOMOCAO;00;RECURSOS PRIMARIOS DE LIVRE APLICACAO;;;;;5,452,507.21;3,575,783.91;1,595,888.89;1,446,202.94
2019;153163;UNIVERSIDADE FEDERAL DE SANTA CATARINA;12;EDUCACAO;364;ENSINO SUPERIOR;2080;EDUCACAO DE QUALIDADE PARA TODOS;0487;CONCESSAO DE BOLSAS DE ESTUDO NO ENSINO SUPERIOR;0002;CONCESSAO DE BOLSAS DE ESTUDOS NO PAIS;12364208004870001;108452;OCCCUO9414N;BF SUPERIOR - PROAP;90;APLICACOES DIRETAS;3;DESPESAS CORRENTES;3;OUTRAS DESPESAS CORRENTES;36;OUTROS SERVICOS DE TERCEIROS - P.FISICA;339036;OUTROS SERVICOS DE TERCEIROS - PESSOA FISICA;00;RECURSOS PRIMARIOS DE LIVRE APLICACAO;;;;;866,659.15;515,075.00;332,405.15;330,003.25
2019;153163;UNIVERSIDADE FEDERAL DE SANTA CATARINA;12;EDUCACAO;364;ENSINO SUPERIOR;2080;EDUCACAO DE QUALIDADE PARA TODOS;0487;CONCESSAO DE BOLSAS DE ESTUDO NO ENSINO SUPERIOR;0002;CONCESSAO DE BOLSAS DE ESTUDOS NO PAIS;12364208004870001;108452;OCCCUO9414N;BF SUPERIOR - PROAP;90;APLICACOES DIRETAS;3;DESPESAS CORRENTES;3;OUTRAS DESPESAS CORRENTES;39;OUTROS SERVICOS DE TERCEIROS PJ - OP.INT.ORC.;339039;OUTROS SERVICOS DE TERCEIROS - PESSOA JURIDICA;00;RECURSOS PRIMARIOS DE LIVRE APLICACAO;;;;;1,286,152.85;234,602.36;654,509.37;616,243.37
2019;153163;UNIVERSIDADE FEDERAL DE SANTA CATARINA;12;EDUCACAO;364;ENSINO SUPERIOR;2080;EDUCACAO DE QUALIDADE PARA TODOS;0487;CONCESSAO DE BOLSAS DE ESTUDO NO ENSINO SUPERIOR;0002;CONCESSAO DE BOLSAS DE ESTUDOS NO PAIS;12364208004870001;108452;OCCCUO9414N;BF SUPERIOR - PROAP;90;APLICACOES DIRETAS;3;DESPESAS CORRENTES;3;OUTRAS DESPESAS CORRENTES;40;SERVICOS DE TECNOLOGIA DA INFORMACAO E COMUNICACAO - PJ;339040;SERVICOS DE TECNOLOGIA DA INFORMACAO E COMUNICACAO - PJ;00;RECURSOS PRIMARIOS DE LIVRE APLICACAO;;;;;143,859.96;32,190.72;38,538.99;34,611.87
2019;153163;UNIVERSIDADE FEDERAL DE SANTA CATARINA;12;EDUCACAO;364;ENSINO SUPERIOR;2080;EDUCACAO DE QUALIDADE PARA TODOS;0487;CONCESSAO DE BOLSAS DE ESTUDO NO ENSINO SUPERIOR;0002;CONCESSAO DE BOLSAS DE ESTUDOS NO PAIS;12364208004870001;108452;OCCCUO9414N;BF SUPERIOR - PROAP;90;APLICACOES DIRETAS;3;DESPESAS CORRENTES;3;OUTRAS DESPESAS CORRENTES;93;INDENIZACOES E RESTITUICOES;339093;INDENIZACOES E RESTITUICOES;00;RECURSOS PRIMARIOS DE LIVRE APLICACAO;;;;;630,000.00;249,464.56;296,731.40;271,866.82
2019;153163;UNIVERSIDADE FEDERAL DE SANTA CATARINA;12;EDUCACAO;368;EDUCACAO BASICA;2080;EDUCACAO DE QUALIDADE PARA TODOS;20RJ;APOIO A CAPACITACAO E FORMACAO INICIAL E CONTINUADA PARA A E;0004;EDUCACAO BASICA A DISTANCIA - SISTEMA UNIVERSIDADE ABERTA DO BRASIL (UAB);12368208020RJ0001;108456;MCC62G22EDN;UAB - UAB TRADICIONAL;90;APLICACOES DIRETAS;3;DESPESAS CORRENTES;3;OUTRAS DESPESAS CORRENTES;14;DIARIAS - PESSOAL CIVIL;339014;DIARIAS - PESSOAL CIVIL;00;RECURSOS PRIMARIOS DE LIVRE APLICACAO;;;;;5,981.46;3,126.18;2,855.28;2,141.46
2019;153163;UNIVERSIDADE FEDERAL DE SANTA CATARINA;12;EDUCACAO;368;EDUCACAO BASICA;2080;EDUCACAO DE QUALIDADE PARA TODOS;20RJ;APOIO A CAPACITACAO E FORMACAO INICIAL E CONTINUADA PARA A E;0004;EDUCACAO BASICA A DISTANCIA - SISTEMA UNIVERSIDADE ABERTA DO BRASIL (UAB);12368208020RJ0001;108456;MCC62G22EDN;UAB - UAB TRADICIONAL;90;APLICACOES DIRETAS;3;DESPESAS CORRENTES;3;OUTRAS DESPESAS CORRENTES;33;PASSAGENS E DESPESAS COM LOCOMOCAO;339033;PASSAGENS E DESPESAS COM LOCOMOCAO;00;RECURSOS PRIMARIOS DE LIVRE APLICACAO;;;;;12,962.64;3,358.24;9,604.40;5,762.64
2019;153163;UNIVERSIDADE FEDERAL DE SANTA CATARINA;12;EDUCACAO;368;EDUCACAO BASICA;2080;EDUCACAO DE QUALIDADE PARA TODOS;20RJ;APOIO A CAPACITACAO E FORMACAO INICIAL E CONTINUADA PARA A E;0004;EDUCACAO BASICA A DISTANCIA - SISTEMA UNIVERSIDADE ABERTA DO BRASIL (UAB);12368208020RJ0001;108456;QCC62T58HIN;UAB - UAB PROFHISTORIA;90;APLICACOES DIRETAS;3;DESPESAS CORRENTES;3;OUTRAS DESPESAS CORRENTES;14;DIARIAS - PESSOAL CIVIL;339014;DIARIAS - PESSOAL CIVIL;00;RECURSOS PRIMARIOS DE LIVRE APLICACAO;;;;;63,631.50;11,979.62;51,651.88;50,855.12
2019;153163;UNIVERSIDADE FEDERAL DE SANTA CATARINA;12;EDUCACAO;368;EDUCACAO BASICA;2080;EDUCACAO DE QUALIDADE PARA TODOS;20RJ;APOIO A CAPACITACAO E FORMACAO INICIAL E CONTINUADA PARA A E;0004;EDUCACAO BASICA A DISTANCIA - SISTEMA UNIVERSIDADE ABERTA DO BRASIL (UAB);12368208020RJ0001;108456;QCC62T58HIN;UAB - UAB PROFHISTORIA;90;APLICACOES DIRETAS;3;DESPESAS CORRENTES;3;OUTRAS DESPESAS CORRENTES;18;AUXILIO FINANCEIRO A ESTUDANTES;339018;AUXILIO FINANCEIRO A ESTUDANTES;00;RECURSOS PRIMARIOS DE LIVRE APLICACAO;;;;;98,999.97;36,162.41;62,837.56;52,037.56
2019;153163;UNIVERSIDADE FEDERAL DE SANTA CATARINA;12;EDUCACAO;368;EDUCACAO BASICA;2080;EDUCACAO DE QUALIDADE PARA TODOS;20RJ;APOIO A CAPACITACAO E FORMACAO INICIAL E CONTINUADA PARA A E;0004;EDUCACAO BASICA A DISTANCIA - SISTEMA UNIVERSIDADE ABERTA DO BRASIL (UAB);12368208020RJ0001;108456;QCC62T58HIN;UAB - UAB PROFHISTORIA;90;APLICACOES DIRETAS;3;DESPESAS CORRENTES;3;OUTRAS DESPESAS CORRENTES;33;PASSAGENS E DESPESAS COM LOCOMOCAO;339033;PASSAGENS E DESPESAS COM LOCOMOCAO;00;RECURSOS PRIMARIOS DE LIVRE APLICACAO;;;;;77,742.30;33,304.22;26,189.17;21,952.01
2019;153163;UNIVERSIDADE FEDERAL DE SANTA CATARINA;12;EDUCACAO;368;EDUCACAO BASICA;2080;EDUCACAO DE QUALIDADE PARA TODOS;20RJ;APOIO A CAPACITACAO E FORMACAO INICIAL E CONTINUADA PARA A E;0004;EDUCACAO BASICA A DISTANCIA - SISTEMA UNIVERSIDADE ABERTA DO BRASIL (UAB);12368208020RJ0001;108456;QCC62T58HIN;UAB - UAB PROFHISTORIA;90;APLICACOES DIRETAS;3;DESPESAS CORRENTES;3;OUTRAS DESPESAS CORRENTES;36;OUTROS SERVICOS DE TERCEIROS - P.FISICA;339036;OUTROS SERVICOS DE TERCEIROS - PESSOA FISICA;00;RECURSOS PRIMARIOS DE LIVRE APLICACAO;;;;;18,333.32;4,583.33;;
2019;153163;UNIVERSIDADE FEDERAL DE SANTA CATARINA;12;EDUCACAO;368;EDUCACAO BASICA;2080;EDUCACAO DE QUALIDADE PARA TODOS;20RJ;APOIO A CAPACITACAO E FORMACAO INICIAL E CONTINUADA PARA A E;0004;EDUCACAO BASICA A DISTANCIA - SISTEMA UNIVERSIDADE ABERTA DO BRASIL (UAB);12368208020RJ0001;108456;QCC62T58LEN;UAB - UAB PROFLETRAS;90;APLICACOES DIRETAS;3;DESPESAS CORRENTES;3;OUTRAS DESPESAS CORRENTES;14;DIARIAS - PESSOAL CIVIL;339014;DIARIAS - PESSOAL CIVIL;00;RECURSOS PRIMARIOS DE LIVRE APLICACAO;;;;;49,363.96;20,280.40;29,083.56;28,520.02
2019;153163;UNIVERSIDADE FEDERAL DE SANTA CATARINA;12;EDUCACAO;368;EDUCACAO BASICA;2080;EDUCACAO DE QUALIDADE PARA TODOS;20RJ;APOIO A CAPACITACAO E FORMACAO INICIAL E CONTINUADA PARA A E;0004;EDUCACAO BASICA A DISTANCIA - SISTEMA UNIVERSIDADE ABERTA DO BRASIL (UAB);12368208020RJ0001;108456;QCC62T58LEN;UAB - UAB PROFLETRAS;90;APLICACOES DIRETAS;3;DESPESAS CORRENTES;3;OUTRAS DESPESAS CORRENTES;33;PASSAGENS E DESPESAS COM LOCOMOCAO;339033;PASSAGENS E DESPESAS COM LOCOMOCAO;00;RECURSOS PRIMARIOS DE LIVRE APLICACAO;;;;;158,083.92;111,656.53;46,427.39;42,083.87
2019;153163;UNIVERSIDADE FEDERAL DE SANTA CATARINA;12;EDUCACAO;368;EDUCACAO BASICA;2080;EDUCACAO DE QUALIDADE PARA TODOS;20RJ;APOIO A CAPACITACAO E FORMACAO INICIAL E CONTINUADA PARA A E;0004;EDUCACAO BASICA A DISTANCIA - SISTEMA UNIVERSIDADE ABERTA DO BRASIL (UAB);12368208020RJ0001;108456;QCC62T58LEN;UAB - UAB PROFLETRAS;90;APLICACOES DIRETAS;3;DESPESAS CORRENTES;3;OUTRAS DESPESAS CORRENTES;36;OUTROS SERVICOS DE TERCEIROS - P.FISICA;339036;OUTROS SERVICOS DE TERCEIROS - PESSOA FISICA;00;RECURSOS PRIMARIOS DE LIVRE APLICACAO;;;;;11,652.15;6,565.85;5,086.30;5,086.30
2019;153163;UNIVERSIDADE FEDERAL DE SANTA CATARINA;12;EDUCACAO;368;EDUCACAO BASICA;2080;EDUCACAO DE QUALIDADE PARA TODOS;20RJ;APOIO A CAPACITACAO E FORMACAO INICIAL E CONTINUADA PARA A E;0004;EDUCACAO BASICA A DISTANCIA - SISTEMA UNIVERSIDADE ABERTA DO BRASIL (UAB);12368208020RJ0001;108456;QCC62T58LEN;UAB - UAB PROFLETRAS;90;APLICACOES DIRETAS;3;DESPESAS CORRENTES;3;OUTRAS DESPESAS CORRENTES;39;OUTROS SERVICOS DE TERCEIROS PJ - OP.INT.ORC.;339039;OUTROS SERVICOS DE TERCEIROS - PESSOA JURIDICA;00;RECURSOS PRIMARIOS DE LIVRE APLICACAO;;;;;965.20;965.20;;
2019;153163;UNIVERSIDADE FEDERAL DE SANTA CATARINA;12;EDUCACAO;368;EDUCACAO BASICA;2080;EDUCACAO DE QUALIDADE PARA TODOS;20RJ;APOIO A CAPACITACAO E FORMACAO INICIAL E CONTINUADA PARA A E;0004;EDUCACAO BASICA A DISTANCIA - SISTEMA UNIVERSIDADE ABERTA DO BRASIL (UAB);12368208020RJ0001;108456;QCC62T58MAN;UAB - UAB PROFMAT;90;APLICACOES DIRETAS;3;DESPESAS CORRENTES;3;OUTRAS DESPESAS CORRENTES;14;DIARIAS - PESSOAL CIVIL;339014;DIARIAS - PESSOAL CIVIL;00;RECURSOS PRIMARIOS DE LIVRE APLICACAO;;;;;5,042.84;3,925.16;1,117.68;931.40
2019;153163;UNIVERSIDADE FEDERAL DE SANTA CATARINA;12;EDUCACAO;368;EDUCACAO BASICA;2080;EDUCACAO DE QUALIDADE PARA TODOS;20RJ;APOIO A CAPACITACAO E FORMACAO INICIAL E CONTINUADA PARA A E;0004;EDUCACAO BASICA A DISTANCIA - SISTEMA UNIVERSIDADE ABERTA DO BRASIL (UAB);12368208020RJ0001;108456;QCC62T58MAN;UAB - UAB PROFMAT;90;APLICACOES DIRETAS;3;DESPESAS CORRENTES;3;OUTRAS DESPESAS CORRENTES;33;PASSAGENS E DESPESAS COM LOCOMOCAO;339033;PASSAGENS E DESPESAS COM LOCOMOCAO;00;RECURSOS PRIMARIOS DE LIVRE APLICACAO;;;;;19,543.12;15,137.92;4,405.20;4,405.20
2019;153164;UNIVERSIDADE FEDERAL DE SANTA MARIA;12;EDUCACAO;364;ENSINO SUPERIOR;2080;EDUCACAO DE QUALIDADE PARA TODOS;0487;CONCESSAO DE BOLSAS DE ESTUDO NO ENSINO SUPERIOR;0002;CONCESSAO DE BOLSAS DE ESTUDOS NO PAIS;12364208004870001;108452;OCCCUO9414N;BF SUPERIOR - PROAP;90;APLICACOES DIRETAS;3;DESPESAS CORRENTES;3;OUTRAS DESPESAS CORRENTES;14;DIARIAS - PESSOAL CIVIL;339014;DIARIAS - PESSOAL CIVIL;00;RECURSOS PRIMARIOS DE LIVRE APLICACAO;;;;;3,057,874.90;819,661.40;2,238,213.50;2,164,914.56
2019;153164;UNIVERSIDADE FEDERAL DE SANTA MARIA;12;EDUCACAO;364;ENSINO SUPERIOR;2080;EDUCACAO DE QUALIDADE PARA TODOS;0487;CONCESSAO DE BOLSAS DE ESTUDO NO ENSINO SUPERIOR;0002;CONCESSAO DE BOLSAS DE ESTUDOS NO PAIS;12364208004870001;108452;OCCCUO9414N;BF SUPERIOR - PROAP;90;APLICACOES DIRETAS;3;DESPESAS CORRENTES;3;OUTRAS DESPESAS CORRENTES;18;AUXILIO FINANCEIRO A ESTUDANTES;339018;AUXILIO FINANCEIRO A ESTUDANTES;00;RECURSOS PRIMARIOS DE LIVRE APLICACAO;;;;;9,920.00;320.00;9,600.00;9,600.00
2019;153164;UNIVERSIDADE FEDERAL DE SANTA MARIA;12;EDUCACAO;364;ENSINO SUPERIOR;2080;EDUCACAO DE QUALIDADE PARA TODOS;0487;CONCESSAO DE BOLSAS DE ESTUDO NO ENSINO SUPERIOR;0002;CONCESSAO DE BOLSAS DE ESTUDOS NO PAIS;12364208004870001;108452;OCCCUO9414N;BF SUPERIOR - PROAP;90;APLICACOES DIRETAS;3;DESPESAS CORRENTES;3;OUTRAS DESPESAS CORRENTES;20;AUXILIO FINANCEIRO A PESQUISADORES;339020;AUXILIO FINANCEIRO A PESQUISADORES;00;RECURSOS PRIMARIOS DE LIVRE APLICACAO;;;;;12,800.00;0.00;12,800.00;11,200.00
2019;153164;UNIVERSIDADE FEDERAL DE SANTA MARIA;12;EDUCACAO;364;ENSINO SUPERIOR;2080;EDUCACAO DE QUALIDADE PARA TODOS;0487;CONCESSAO DE BOLSAS DE ESTUDO NO ENSINO SUPERIOR;0002;CONCESSAO DE BOLSAS DE ESTUDOS NO PAIS;12364208004870001;108452;OCCCUO9414N;BF SUPERIOR - PROAP;90;APLICACOES DIRETAS;3;DESPESAS CORRENTES;3;OUTRAS DESPESAS CORRENTES;30;MATERIAL DE CONSUMO;339030;MATERIAL DE CONSUMO;00;RECURSOS PRIMARIOS DE LIVRE APLICACAO;;;;;2,734,240.26;783,817.31;1,618,964.17;1,478,379.19
2019;153164;UNIVERSIDADE FEDERAL DE SANTA MARIA;12;EDUCACAO;364;ENSINO SUPERIOR;2080;EDUCACAO DE QUALIDADE PARA TODOS;0487;CONCESSAO DE BOLSAS DE ESTUDO NO ENSINO SUPERIOR;0002;CONCESSAO DE BOLSAS DE ESTUDOS NO PAIS;12364208004870001;108452;OCCCUO9414N;BF SUPERIOR - PROAP;90;APLICACOES DIRETAS;3;DESPESAS CORRENTES;3;OUTRAS DESPESAS CORRENTES;33;PASSAGENS E DESPESAS COM LOCOMOCAO;339033;PASSAGENS E DESPESAS COM LOCOMOCAO;00;RECURSOS PRIMARIOS DE LIVRE APLICACAO;;;;;3,114,949.27;1,095,372.21;1,765,095.37;1,587,367.68
2019;153164;UNIVERSIDADE FEDERAL DE SANTA MARIA;12;EDUCACAO;364;ENSINO SUPERIOR;2080;EDUCACAO DE QUALIDADE PARA TODOS;0487;CONCESSAO DE BOLSAS DE ESTUDO NO ENSINO SUPERIOR;0002;CONCESSAO DE BOLSAS DE ESTUDOS NO PAIS;12364208004870001;108452;OCCCUO9414N;BF SUPERIOR - PROAP;90;APLICACOES DIRETAS;3;DESPESAS CORRENTES;3;OUTRAS DESPESAS CORRENTES;36;OUTROS SERVICOS DE TERCEIROS - P.FISICA;339036;OUTROS SERVICOS DE TERCEIROS - PESSOA FISICA;00;RECURSOS PRIMARIOS DE LIVRE APLICACAO;;;;;2,562,983.98;918,994.43;1,643,989.55;1,568,709.57
2019;153164;UNIVERSIDADE FEDERAL DE SANTA MARIA;12;EDUCACAO;364;ENSINO SUPERIOR;2080;EDUCACAO DE QUALIDADE PARA TODOS;0487;CONCESSAO DE BOLSAS DE ESTUDO NO ENSINO SUPERIOR;0002;CONCESSAO DE BOLSAS DE ESTUDOS NO PAIS;12364208004870001;108452;OCCCUO9414N;BF SUPERIOR - PROAP;90;APLICACOES DIRETAS;3;DESPESAS CORRENTES;3;OUTRAS DESPESAS CORRENTES;39;OUTROS SERVICOS DE TERCEIROS PJ - OP.INT.ORC.;339039;OUTROS SERVICOS DE TERCEIROS - PESSOA JURIDICA;00;RECURSOS PRIMARIOS DE LIVRE APLICACAO;;;;;1,449,217.01;422,911.37;831,276.36;773,429.37
2019;153164;UNIVERSIDADE FEDERAL DE SANTA MARIA;12;EDUCACAO;368;EDUCACAO BASICA;2080;EDUCACAO DE QUALIDADE PARA TODOS;20RJ;APOIO A CAPACITACAO E FORMACAO INICIAL E CONTINUADA PARA A E;0004;EDUCACAO BASICA A DISTANCIA - SISTEMA UNIVERSIDADE ABERTA DO BRASIL (UAB);12368208020RJ0001;108456;QCC62T58HIN;UAB - UAB PROFHISTORIA;90;APLICACOES DIRETAS;3;DESPESAS CORRENTES;3;OUTRAS DESPESAS CORRENTES;14;DIARIAS - PESSOAL CIVIL;339014;DIARIAS - PESSOAL CIVIL;00;RECURSOS PRIMARIOS DE LIVRE APLICACAO;;;;;51,830.58;21,412.18;30,418.40;29,238.48
2019;153164;UNIVERSIDADE FEDERAL DE SANTA MARIA;12;EDUCACAO;368;EDUCACAO BASICA;2080;EDUCACAO DE QUALIDADE PARA TODOS;20RJ;APOIO A CAPACITACAO E FORMACAO INICIAL E CONTINUADA PARA A E;0004;EDUCACAO BASICA A DISTANCIA - SISTEMA UNIVERSIDADE ABERTA DO BRASIL (UAB);12368208020RJ0001;108456;QCC62T58HIN;UAB - UAB PROFHISTORIA;90;APLICACOES DIRETAS;3;DESPESAS CORRENTES;3;OUTRAS DESPESAS CORRENTES;18;AUXILIO FINANCEIRO A ESTUDANTES;339018;AUXILIO FINANCEIRO A ESTUDANTES;00;RECURSOS PRIMARIOS DE LIVRE APLICACAO;;;;;36,000.00;12,400.00;14,000.00;11,200.00
2019;153164;UNIVERSIDADE FEDERAL DE SANTA MARIA;12;EDUCACAO;368;EDUCACAO BASICA;2080;EDUCACAO DE QUALIDADE PARA TODOS;20RJ;APOIO A CAPACITACAO E FORMACAO INICIAL E CONTINUADA PARA A E;0004;EDUCACAO BASICA A DISTANCIA - SISTEMA UNIVERSIDADE ABERTA DO BRASIL (UAB);12368208020RJ0001;108456;QCC62T58HIN;UAB - UAB PROFHISTORIA;90;APLICACOES DIRETAS;3;DESPESAS CORRENTES;3;OUTRAS DESPESAS CORRENTES;33;PASSAGENS E DESPESAS COM LOCOMOCAO;339033;PASSAGENS E DESPESAS COM LOCOMOCAO;00;RECURSOS PRIMARIOS DE LIVRE APLICACAO;;;;;161,921.86;58,815.98;89,314.79;88,019.41
2019;153164;UNIVERSIDADE FEDERAL DE SANTA MARIA;12;EDUCACAO;368;EDUCACAO BASICA;2080;EDUCACAO DE QUALIDADE PARA TODOS;20RJ;APOIO A CAPACITACAO E FORMACAO INICIAL E CONTINUADA PARA A E;0004;EDUCACAO BASICA A DISTANCIA - SISTEMA UNIVERSIDADE ABERTA DO BRASIL (UAB);12368208020RJ0001;108456;QCC62T58HIN;UAB - UAB PROFHISTORIA;90;APLICACOES DIRETAS;3;DESPESAS CORRENTES;3;OUTRAS DESPESAS CORRENTES;39;OUTROS SERVICOS DE TERCEIROS PJ - OP.INT.ORC.;339039;OUTROS SERVICOS DE TERCEIROS - PESSOA JURIDICA;00;RECURSOS PRIMARIOS DE LIVRE APLICACAO;;;;;19,960.40;4,990.10;;
2019;153165;UNIVERSIDADE FEDERAL RURAL DE PERNAMBUCO;12;EDUCACAO;364;ENSINO SUPERIOR;2080;EDUCACAO DE QUALIDADE PARA TODOS;0487;CONCESSAO DE BOLSAS DE ESTUDO NO ENSINO SUPERIOR;0002;CONCESSAO DE BOLSAS DE ESTUDOS NO PAIS;12364208004870001;108452;OCCCUO9414N;BF SUPERIOR - PROAP;90;APLICACOES DIRETAS;3;DESPESAS CORRENTES;3;OUTRAS DESPESAS CORRENTES;14;DIARIAS - PESSOAL CIVIL;339014;DIARIAS - PESSOAL CIVIL;00;RECURSOS PRIMARIOS DE LIVRE APLICACAO;;;;;705,382.95;203,965.72;501,417.23;488,584.04
2019;153165;UNIVERSIDADE FEDERAL RURAL DE PERNAMBUCO;12;EDUCACAO;364;ENSINO SUPERIOR;2080;EDUCACAO DE QUALIDADE PARA TODOS;0487;CONCESSAO DE BOLSAS DE ESTUDO NO ENSINO SUPERIOR;0002;CONCESSAO DE BOLSAS DE ESTUDOS NO PAIS;12364208004870001;108452;OCCCUO9414N;BF SUPERIOR - PROAP;90;APLICACOES DIRETAS;3;DESPESAS CORRENTES;3;OUTRAS DESPESAS CORRENTES;18;AUXILIO FINANCEIRO A ESTUDANTES;339018;AUXILIO FINANCEIRO A ESTUDANTES;00;RECURSOS PRIMARIOS DE LIVRE APLICACAO;;;;;1,628,460.86;40,421.98;1,588,038.88;1,505,089.55
2019;153165;UNIVERSIDADE FEDERAL RURAL DE PERNAMBUCO;12;EDUCACAO;364;ENSINO SUPERIOR;2080;EDUCACAO DE QUALIDADE PARA TODOS;0487;CONCESSAO DE BOLSAS DE ESTUDO NO ENSINO SUPERIOR;0002;CONCESSAO DE BOLSAS DE ESTUDOS NO PAIS;12364208004870001;108452;OCCCUO9414N;BF SUPERIOR - PROAP;90;APLICACOES DIRETAS;3;DESPESAS CORRENTES;3;OUTRAS DESPESAS CORRENTES;20;AUXILIO FINANCEIRO A PESQUISADORES;339020;AUXILIO FINANCEIRO A PESQUISADORES;00;RECURSOS PRIMARIOS DE LIVRE APLICACAO;;;;;2,813,211.71;42,371.50;2,770,840.21;2,611,182.84
2019;153165;UNIVERSIDADE FEDERAL RURAL DE PERNAMBUCO;12;EDUCACAO;364;ENSINO SUPERIOR;2080;EDUCACAO DE QUALIDADE PARA TODOS;0487;CONCESSAO DE BOLSAS DE ESTUDO NO ENSINO SUPERIOR;0002;CONCESSAO DE BOLSAS DE ESTUDOS NO PAIS;12364208004870001;108452;OCCCUO9414N;BF SUPERIOR - PROAP;90;APLICACOES DIRETAS;3;DESPESAS CORRENTES;3;OUTRAS DESPESAS CORRENTES;30;MATERIAL DE CONSUMO;339030;MATERIAL DE CONSUMO;00;RECURSOS PRIMARIOS DE LIVRE APLICACAO;;;;;319,311.50;50,454.50;268,857.00;218,402.00
2019;153165;UNIVERSIDADE FEDERAL RURAL DE PERNAMBUCO;12;EDUCACAO;364;ENSINO SUPERIOR;2080;EDUCACAO DE QUALIDADE PARA TODOS;0487;CONCESSAO DE BOLSAS DE ESTUDO NO ENSINO SUPERIOR;0002;CONCESSAO DE BOLSAS DE ESTUDOS NO PAIS;12364208004870001;108452;OCCCUO9414N;BF SUPERIOR - PROAP;90;APLICACOES DIRETAS;3;DESPESAS CORRENTES;3;OUTRAS DESPESAS CORRENTES;33;PASSAGENS E DESPESAS COM LOCOMOCAO;339033;PASSAGENS E DESPESAS COM LOCOMOCAO;00;RECURSOS PRIMARIOS DE LIVRE APLICACAO;;;;;959,210.40;246,678.03;712,532.37;678,316.19
2019;153165;UNIVERSIDADE FEDERAL RURAL DE PERNAMBUCO;12;EDUCACAO;364;ENSINO SUPERIOR;2080;EDUCACAO DE QUALIDADE PARA TODOS;0487;CONCESSAO DE BOLSAS DE ESTUDO NO ENSINO SUPERIOR;0002;CONCESSAO DE BOLSAS DE ESTUDOS NO PAIS;12364208004870001;108452;OCCCUO9414N;BF SUPERIOR - PROAP;90;APLICACOES DIRETAS;3;DESPESAS CORRENTES;3;OUTRAS DESPESAS CORRENTES;36;OUTROS SERVICOS DE TERCEIROS - P.FISICA;339036;OUTROS SERVICOS DE TERCEIROS - PESSOA FISICA;00;RECURSOS PRIMARIOS DE LIVRE APLICACAO;;;;;52,539.20;19,517.10;33,022.10;31,894.00
2019;153165;UNIVERSIDADE FEDERAL RURAL DE PERNAMBUCO;12;EDUCACAO;364;ENSINO SUPERIOR;2080;EDUCACAO DE QUALIDADE PARA TODOS;0487;CONCESSAO DE BOLSAS DE ESTUDO NO ENSINO SUPERIOR;0002;CONCESSAO DE BOLSAS DE ESTUDOS NO PAIS;12364208004870001;108452;OCCCUO9414N;BF SUPERIOR - PROAP;90;APLICACOES DIRETAS;3;DESPESAS CORRENTES;3;OUTRAS DESPESAS CORRENTES;39;OUTROS SERVICOS DE TERCEIROS PJ - OP.INT.ORC.;339039;OUTROS SERVICOS DE TERCEIROS - PESSOA JURIDICA;00;RECURSOS PRIMARIOS DE LIVRE APLICACAO;;;;;74,097.45;6,540.00;67,557.45;67,557.45
2019;153165;UNIVERSIDADE FEDERAL RURAL DE PERNAMBUCO;12;EDUCACAO;364;ENSINO SUPERIOR;2080;EDUCACAO DE QUALIDADE PARA TODOS;0487;CONCESSAO DE BOLSAS DE ESTUDO NO ENSINO SUPERIOR;0002;CONCESSAO DE BOLSAS DE ESTUDOS NO PAIS;12364208004870001;108452;OCCCUO9414N;BF SUPERIOR - PROAP;90;APLICACOES DIRETAS;3;DESPESAS CORRENTES;3;OUTRAS DESPESAS CORRENTES;93;INDENIZACOES E RESTITUICOES;339093;INDENIZACOES E RESTITUICOES;00;RECURSOS PRIMARIOS DE LIVRE APLICACAO;;;;;165,167.04;11,546.40;153,620.64;142,566.13
2019;153165;UNIVERSIDADE FEDERAL RURAL DE PERNAMBUCO;12;EDUCACAO;368;EDUCACAO BASICA;2080;EDUCACAO DE QUALIDADE PARA TODOS;20RJ;APOIO A CAPACITACAO E FORMACAO INICIAL E CONTINUADA PARA A E;0004;EDUCACAO BASICA A DISTANCIA - SISTEMA UNIVERSIDADE ABERTA DO BRASIL (UAB);12368208020RJ0001;108456;MCC62G22EDN;UAB - UAB TRADICIONAL;90;APLICACOES DIRETAS;3;DESPESAS CORRENTES;3;OUTRAS DESPESAS CORRENTES;14;DIARIAS - PESSOAL CIVIL;339014;DIARIAS - PESSOAL CIVIL;00;RECURSOS PRIMARIOS DE LIVRE APLICACAO;;;;;548,420.86;139,707.52;408,713.34;399,438.95
2019;153165;UNIVERSIDADE FEDERAL RURAL DE PERNAMBUCO;12;EDUCACAO;368;EDUCACAO BASICA;2080;EDUCACAO DE QUALIDADE PARA TODOS;20RJ;APOIO A CAPACITACAO E FORMACAO INICIAL E CONTINUADA PARA A E;0004;EDUCACAO BASICA A DISTANCIA - SISTEMA UNIVERSIDADE ABERTA DO BRASIL (UAB);12368208020RJ0001;108456;MCC62G22EDN;UAB - UAB TRADICIONAL;90;APLICACOES DIRETAS;3;DESPESAS CORRENTES;3;OUTRAS DESPESAS CORRENTES;33;PASSAGENS E DESPESAS COM LOCOMOCAO;339033;PASSAGENS E DESPESAS COM LOCOMOCAO;00;RECURSOS PRIMARIOS DE LIVRE APLICACAO;;;;;1,708,800.00;465,175.45;1,218,030.29;1,122,218.46
2019;153165;UNIVERSIDADE FEDERAL RURAL DE PERNAMBUCO;12;EDUCACAO;368;EDUCACAO BASICA;2080;EDUCACAO DE QUALIDADE PARA TODOS;20RJ;APOIO A CAPACITACAO E FORMACAO INICIAL E CONTINUADA PARA A E;0004;EDUCACAO BASICA A DISTANCIA - SISTEMA UNIVERSIDADE ABERTA DO BRASIL (UAB);12368208020RJ0001;108456;MCC62G22EDN;UAB - UAB TRADICIONAL;90;APLICACOES DIRETAS;3;DESPESAS CORRENTES;3;OUTRAS DESPESAS CORRENTES;36;OUTROS SERVICOS DE TERCEIROS - P.FISICA;339036;OUTROS SERVICOS DE TERCEIROS - PESSOA FISICA;00;RECURSOS PRIMARIOS DE LIVRE APLICACAO;;;;;1,520,427.10;448,170.30;1,041,222.40;1,022,955.40
2019;153165;UNIVERSIDADE FEDERAL RURAL DE PERNAMBUCO;12;EDUCACAO;368;EDUCACAO BASICA;2080;EDUCACAO DE QUALIDADE PARA TODOS;20RJ;APOIO A CAPACITACAO E FORMACAO INICIAL E CONTINUADA PARA A E;0004;EDUCACAO BASICA A DISTANCIA - SISTEMA UNIVERSIDADE ABERTA DO BRASIL (UAB);12368208020RJ0001;108456;MCC62G22EDN;UAB - UAB TRADICIONAL;90;APLICACOES DIRETAS;3;DESPESAS CORRENTES;3;OUTRAS DESPESAS CORRENTES;39;OUTROS SERVICOS DE TERCEIROS PJ - OP.INT.ORC.;339039;OUTROS SERVICOS DE TERCEIROS - PESSOA JURIDICA;00;RECURSOS PRIMARIOS DE LIVRE APLICACAO;;;;;2,777,529.79;511,055.64;1,786,389.67;1,373,447.86
2019;153165;UNIVERSIDADE FEDERAL RURAL DE PERNAMBUCO;12;EDUCACAO;368;EDUCACAO BASICA;2080;EDUCACAO DE QUALIDADE PARA TODOS;20RJ;APOIO A CAPACITACAO E FORMACAO INICIAL E CONTINUADA PARA A E;0004;EDUCACAO BASICA A DISTANCIA - SISTEMA UNIVERSIDADE ABERTA DO BRASIL (UAB);12368208020RJ0001;108456;MCC62G22EDN;UAB - UAB TRADICIONAL;90;APLICACOES DIRETAS;3;DESPESAS CORRENTES;3;OUTRAS DESPESAS CORRENTES;40;SERVICOS DE TECNOLOGIA DA INFORMACAO E COMUNICACAO - PJ;339040;SERVICOS DE TECNOLOGIA DA INFORMACAO E COMUNICACAO - PJ;00;RECURSOS PRIMARIOS DE LIVRE APLICACAO;;;;;555,382.23;288,905.91;78,145.20;66,981.60
2019;153165;UNIVERSIDADE FEDERAL RURAL DE PERNAMBUCO;12;EDUCACAO;368;EDUCACAO BASICA;2080;EDUCACAO DE QUALIDADE PARA TODOS;20RJ;APOIO A CAPACITACAO E FORMACAO INICIAL E CONTINUADA PARA A E;0004;EDUCACAO BASICA A DISTANCIA - SISTEMA UNIVERSIDADE ABERTA DO BRASIL (UAB);12368208020RJ0001;108456;QCC62T58LEN;UAB - UAB PROFLETRAS;90;APLICACOES DIRETAS;3;DESPESAS CORRENTES;3;OUTRAS DESPESAS CORRENTES;14;DIARIAS - PESSOAL CIVIL;339014;DIARIAS - PESSOAL CIVIL;00;RECURSOS PRIMARIOS DE LIVRE APLICACAO;;;;;34,435.62;30,632.28;3,803.34;3,803.34
2019;153165;UNIVERSIDADE FEDERAL RURAL DE PERNAMBUCO;12;EDUCACAO;368;EDUCACAO BASICA;2080;EDUCACAO DE QUALIDADE PARA TODOS;20RJ;APOIO A CAPACITACAO E FORMACAO INICIAL E CONTINUADA PARA A E;0004;EDUCACAO BASICA A DISTANCIA - SISTEMA UNIVERSIDADE ABERTA DO BRASIL (UAB);12368208020RJ0001;108456;QCC62T58LEN;UAB - UAB PROFLETRAS;90;APLICACOES DIRETAS;3;DESPESAS CORRENTES;3;OUTRAS DESPESAS CORRENTES;18;AUXILIO FINANCEIRO A ESTUDANTES;339018;AUXILIO FINANCEIRO A ESTUDANTES;00;RECURSOS PRIMARIOS DE LIVRE APLICACAO;;;;;18,000.00;9,000.00;;
2019;153165;UNIVERSIDADE FEDERAL RURAL DE PERNAMBUCO;12;EDUCACAO;368;EDUCACAO BASICA;2080;EDUCACAO DE QUALIDADE PARA TODOS;20RJ;APOIO A CAPACITACAO E FORMACAO INICIAL E CONTINUADA PARA A E;0004;EDUCACAO BASICA A DISTANCIA - SISTEMA UNIVERSIDADE ABERTA DO BRASIL (UAB);12368208020RJ0001;108456;QCC62T58LEN;UAB - UAB PROFLETRAS;90;APLICACOES DIRETAS;3;DESPESAS CORRENTES;3;OUTRAS DESPESAS CORRENTES;33;PASSAGENS E DESPESAS COM LOCOMOCAO;339033;PASSAGENS E DESPESAS COM LOCOMOCAO;00;RECURSOS PRIMARIOS DE LIVRE APLICACAO;;;;;105,600.00;51,238.58;6,245.68;6,245.68
2019;153165;UNIVERSIDADE FEDERAL RURAL DE PERNAMBUCO;12;EDUCACAO;368;EDUCACAO BASICA;2080;EDUCACAO DE QUALIDADE PARA TODOS;20RJ;APOIO A CAPACITACAO E FORMACAO INICIAL E CONTINUADA PARA A E;0004;EDUCACAO BASICA A DISTANCIA - SISTEMA UNIVERSIDADE ABERTA DO BRASIL (UAB);12368208020RJ0001;108456;QCC62T58MAN;UAB - UAB PROFMAT;90;APLICACOES DIRETAS;3;DESPESAS CORRENTES;3;OUTRAS DESPESAS CORRENTES;14;DIARIAS - PESSOAL CIVIL;339014;DIARIAS - PESSOAL CIVIL;00;RECURSOS PRIMARIOS DE LIVRE APLICACAO;;;;;117,843.65;86,378.13;31,465.52;30,861.91
2019;153165;UNIVERSIDADE FEDERAL RURAL DE PERNAMBUCO;12;EDUCACAO;368;EDUCACAO BASICA;2080;EDUCACAO DE QUALIDADE PARA TODOS;20RJ;APOIO A CAPACITACAO E FORMACAO INICIAL E CONTINUADA PARA A E;0004;EDUCACAO BASICA A DISTANCIA - SISTEMA UNIVERSIDADE ABERTA DO BRASIL (UAB);12368208020RJ0001;108456;QCC62T58MAN;UAB - UAB PROFMAT;90;APLICACOES DIRETAS;3;DESPESAS CORRENTES;3;OUTRAS DESPESAS CORRENTES;18;AUXILIO FINANCEIRO A ESTUDANTES;339018;AUXILIO FINANCEIRO A ESTUDANTES;00;RECURSOS PRIMARIOS DE LIVRE APLICACAO;;;;;24,312.00;17,192.00;7,120.00;7,120.00
2019;153165;UNIVERSIDADE FEDERAL RURAL DE PERNAMBUCO;12;EDUCACAO;368;EDUCACAO BASICA;2080;EDUCACAO DE QUALIDADE PARA TODOS;20RJ;APOIO A CAPACITACAO E FORMACAO INICIAL E CONTINUADA PARA A E;0004;EDUCACAO BASICA A DISTANCIA - SISTEMA UNIVERSIDADE ABERTA DO BRASIL (UAB);12368208020RJ0001;108456;QCC62T58MAN;UAB - UAB PROFMAT;90;APLICACOES DIRETAS;3;DESPESAS CORRENTES;3;OUTRAS DESPESAS CORRENTES;30;MATERIAL DE CONSUMO;339030;MATERIAL DE CONSUMO;00;RECURSOS PRIMARIOS DE LIVRE APLICACAO;;;;;34,785.93;6,450.00;19,350.00;19,350.00
2019;153165;UNIVERSIDADE FEDERAL RURAL DE PERNAMBUCO;12;EDUCACAO;368;EDUCACAO BASICA;2080;EDUCACAO DE QUALIDADE PARA TODOS;20RJ;APOIO A CAPACITACAO E FORMACAO INICIAL E CONTINUADA PARA A E;0004;EDUCACAO BASICA A DISTANCIA - SISTEMA UNIVERSIDADE ABERTA DO BRASIL (UAB);12368208020RJ0001;108456;QCC62T58MAN;UAB - UAB PROFMAT;90;APLICACOES DIRETAS;3;DESPESAS CORRENTES;3;OUTRAS DESPESAS CORRENTES;33;PASSAGENS E DESPESAS COM LOCOMOCAO;339033;PASSAGENS E DESPESAS COM LOCOMOCAO;00;RECURSOS PRIMARIOS DE LIVRE APLICACAO;;;;;188,560.00;123,107.85;54,765.10;54,765.10
2019;153165;UNIVERSIDADE FEDERAL RURAL DE PERNAMBUCO;12;EDUCACAO;368;EDUCACAO BASICA;2080;EDUCACAO DE QUALIDADE PARA TODOS;20RJ;APOIO A CAPACITACAO E FORMACAO INICIAL E CONTINUADA PARA A E;0004;EDUCACAO BASICA A DISTANCIA - SISTEMA UNIVERSIDADE ABERTA DO BRASIL (UAB);12368208020RJ0001;108456;QCC62T58QUN;UAB - UAB PROFQUIMICA;90;APLICACOES DIRETAS;3;DESPESAS CORRENTES;3;OUTRAS DESPESAS CORRENTES;14;DIARIAS - PESSOAL CIVIL;339014;DIARIAS - PESSOAL CIVIL;00;RECURSOS PRIMARIOS DE LIVRE APLICACAO;;;;;25,436.79;8,512.62;16,924.17;15,035.72
2019;153165;UNIVERSIDADE FEDERAL RURAL DE PERNAMBUCO;12;EDUCACAO;368;EDUCACAO BASICA;2080;EDUCACAO DE QUALIDADE PARA TODOS;20RJ;APOIO A CAPACITACAO E FORMACAO INICIAL E CONTINUADA PARA A E;0004;EDUCACAO BASICA A DISTANCIA - SISTEMA UNIVERSIDADE ABERTA DO BRASIL (UAB);12368208020RJ0001;108456;QCC62T58QUN;UAB - UAB PROFQUIMICA;90;APLICACOES DIRETAS;3;DESPESAS CORRENTES;3;OUTRAS DESPESAS CORRENTES;18;AUXILIO FINANCEIRO A ESTUDANTES;339018;AUXILIO FINANCEIRO A ESTUDANTES;00;RECURSOS PRIMARIOS DE LIVRE APLICACAO;;;;;2,880.00;0.00;2,880.00;2,880.00
2019;153165;UNIVERSIDADE FEDERAL RURAL DE PERNAMBUCO;12;EDUCACAO;368;EDUCACAO BASICA;2080;EDUCACAO DE QUALIDADE PARA TODOS;20RJ;APOIO A CAPACITACAO E FORMACAO INICIAL E CONTINUADA PARA A E;0004;EDUCACAO BASICA A DISTANCIA - SISTEMA UNIVERSIDADE ABERTA DO BRASIL (UAB);12368208020RJ0001;108456;QCC62T58QUN;UAB - UAB PROFQUIMICA;90;APLICACOES DIRETAS;3;DESPESAS CORRENTES;3;OUTRAS DESPESAS CORRENTES;33;PASSAGENS E DESPESAS COM LOCOMOCAO;339033;PASSAGENS E DESPESAS COM LOCOMOCAO;00;RECURSOS PRIMARIOS DE LIVRE APLICACAO;;;;;19,540.00;9,400.00;9,706.20;9,706.20
2019;153165;UNIVERSIDADE FEDERAL RURAL DE PERNAMBUCO;12;EDUCACAO;368;EDUCACAO BASICA;2080;EDUCACAO DE QUALIDADE PARA TODOS;20RJ;APOIO A CAPACITACAO E FORMACAO INICIAL E CONTINUADA PARA A E;0004;EDUCACAO BASICA A DISTANCIA - SISTEMA UNIVERSIDADE ABERTA DO BRASIL (UAB);12368208020RJ0001;108456;QCC62T58QUN;UAB - UAB PROFQUIMICA;90;APLICACOES DIRETAS;3;DESPESAS CORRENTES;3;OUTRAS DESPESAS CORRENTES;36;OUTROS SERVICOS DE TERCEIROS - P.FISICA;339036;OUTROS SERVICOS DE TERCEIROS - PESSOA FISICA;00;RECURSOS PRIMARIOS DE LIVRE APLICACAO;;;;;12,286.00;8,143.00;;
2019;153165;UNIVERSIDADE FEDERAL RURAL DE PERNAMBUCO;12;EDUCACAO;368;EDUCACAO BASICA;2080;EDUCACAO DE QUALIDADE PARA TODOS;20RJ;APOIO A CAPACITACAO E FORMACAO INICIAL E CONTINUADA PARA A E;0004;EDUCACAO BASICA A DISTANCIA - SISTEMA UNIVERSIDADE ABERTA DO BRASIL (UAB);12368208020RJ0001;108456;QCC62T58QUN;UAB - UAB PROFQUIMICA;90;APLICACOES DIRETAS;3;DESPESAS CORRENTES;3;OUTRAS DESPESAS CORRENTES;39;OUTROS SERVICOS DE TERCEIROS PJ - OP.INT.ORC.;339039;OUTROS SERVICOS DE TERCEIROS - PESSOA JURIDICA;00;RECURSOS PRIMARIOS DE LIVRE APLICACAO;;;;;14,997.50;2,999.50;11,998.00;11,998.00
2019;153166;UNIVERSIDADE FEDERAL RURAL DO RIO DE JANEIRO;12;EDUCACAO;364;ENSINO SUPERIOR;2080;EDUCACAO DE QUALIDADE PARA TODOS;0487;CONCESSAO DE BOLSAS DE ESTUDO NO ENSINO SUPERIOR;0002;CONCESSAO DE BOLSAS DE ESTUDOS NO PAIS;12364208004870001;108452;OCCCUO9414N;BF SUPERIOR - PROAP;90;APLICACOES DIRETAS;3;DESPESAS CORRENTES;3;OUTRAS DESPESAS CORRENTES;14;DIARIAS - PESSOAL CIVIL;339014;DIARIAS - PESSOAL CIVIL;08;FUNDO SOCIAL-PARC.DEST.EDUCACAO PUBL.E SAUDE;;;;;1,431,487.30;1,153,578.20;277,909.10;267,353.92
2019;153166;UNIVERSIDADE FEDERAL RURAL DO RIO DE JANEIRO;12;EDUCACAO;364;ENSINO SUPERIOR;2080;EDUCACAO DE QUALIDADE PARA TODOS;0487;CONCESSAO DE BOLSAS DE ESTUDO NO ENSINO SUPERIOR;0002;CONCESSAO DE BOLSAS DE ESTUDOS NO PAIS;12364208004870001;108452;OCCCUO9414N;BF SUPERIOR - PROAP;90;APLICACOES DIRETAS;3;DESPESAS CORRENTES;3;OUTRAS DESPESAS CORRENTES;18;AUXILIO FINANCEIRO A ESTUDANTES;339018;AUXILIO FINANCEIRO A ESTUDANTES;08;FUNDO SOCIAL-PARC.DEST.EDUCACAO PUBL.E SAUDE;;;;;2,518,254.61;912,366.69;1,163,993.20;913,379.00
2019;153166;UNIVERSIDADE FEDERAL RURAL DO RIO DE JANEIRO;12;EDUCACAO;364;ENSINO SUPERIOR;2080;EDUCACAO DE QUALIDADE PARA TODOS;0487;CONCESSAO DE BOLSAS DE ESTUDO NO ENSINO SUPERIOR;0002;CONCESSAO DE BOLSAS DE ESTUDOS NO PAIS;12364208004870001;108452;OCCCUO9414N;BF SUPERIOR - PROAP;90;APLICACOES DIRETAS;3;DESPESAS CORRENTES;3;OUTRAS DESPESAS CORRENTES;30;MATERIAL DE CONSUMO;339030;MATERIAL DE CONSUMO;08;FUNDO SOCIAL-PARC.DEST.EDUCACAO PUBL.E SAUDE;;;;;9,753.60;2,438.40;;
2019;153166;UNIVERSIDADE FEDERAL RURAL DO RIO DE JANEIRO;12;EDUCACAO;364;ENSINO SUPERIOR;2080;EDUCACAO DE QUALIDADE PARA TODOS;0487;CONCESSAO DE BOLSAS DE ESTUDO NO ENSINO SUPERIOR;0002;CONCESSAO DE BOLSAS DE ESTUDOS NO PAIS;12364208004870001;108452;OCCCUO9414N;BF SUPERIOR - PROAP;90;APLICACOES DIRETAS;3;DESPESAS CORRENTES;3;OUTRAS DESPESAS CORRENTES;33;PASSAGENS E DESPESAS COM LOCOMOCAO;339033;PASSAGENS E DESPESAS COM LOCOMOCAO;08;FUNDO SOCIAL-PARC.DEST.EDUCACAO PUBL.E SAUDE;;;;;1,316,152.25;465,566.39;15,543.51;15,543.51
2019;153166;UNIVERSIDADE FEDERAL RURAL DO RIO DE JANEIRO;12;EDUCACAO;364;ENSINO SUPERIOR;2080;EDUCACAO DE QUALIDADE PARA TODOS;0487;CONCESSAO DE BOLSAS DE ESTUDO NO ENSINO SUPERIOR;0002;CONCESSAO DE BOLSAS DE ESTUDOS NO PAIS;12364208004870001;108452;OCCCUO9414N;BF SUPERIOR - PROAP;90;APLICACOES DIRETAS;3;DESPESAS CORRENTES;3;OUTRAS DESPESAS CORRENTES;36;OUTROS SERVICOS DE TERCEIROS - P.FISICA;339036;OUTROS SERVICOS DE TERCEIROS - PESSOA FISICA;08;FUNDO SOCIAL-PARC.DEST.EDUCACAO PUBL.E SAUDE;;;;;203,127.70;145,050.50;58,077.20;54,452.20
2019;153166;UNIVERSIDADE FEDERAL RURAL DO RIO DE JANEIRO;12;EDUCACAO;364;ENSINO SUPERIOR;2080;EDUCACAO DE QUALIDADE PARA TODOS;0487;CONCESSAO DE BOLSAS DE ESTUDO NO ENSINO SUPERIOR;0002;CONCESSAO DE BOLSAS DE ESTUDOS NO PAIS;12364208004870001;108452;OCCCUO9414N;BF SUPERIOR - PROAP;90;APLICACOES DIRETAS;3;DESPESAS CORRENTES;3;OUTRAS DESPESAS CORRENTES;39;OUTROS SERVICOS DE TERCEIROS PJ - OP.INT.ORC.;339039;OUTROS SERVICOS DE TERCEIROS - PESSOA JURIDICA;08;FUNDO SOCIAL-PARC.DEST.EDUCACAO PUBL.E SAUDE;;;;;324,684.50;95,762.72;21,090.00;16,872.00
2019;153166;UNIVERSIDADE FEDERAL RURAL DO RIO DE JANEIRO;12;EDUCACAO;368;EDUCACAO BASICA;2080;EDUCACAO DE QUALIDADE PARA TODOS;20RJ;APOIO A CAPACITACAO E FORMACAO INICIAL E CONTINUADA PARA A E;0003;EDUCACAO BASICA PRESENCIAL;12368208020RJ0001;108455;PCC92B5801N;PARFOR - PARFOR;90;APLICACOES DIRETAS;3;DESPESAS CORRENTES;3;OUTRAS DESPESAS CORRENTES;14;DIARIAS - PESSOAL CIVIL;339014;DIARIAS - PESSOAL CIVIL;00;RECURSOS PRIMARIOS DE LIVRE APLICACAO;;;;;74,346.89;25,153.04;49,193.85;46,713.15
2019;153166;UNIVERSIDADE FEDERAL RURAL DO RIO DE JANEIRO;12;EDUCACAO;368;EDUCACAO BASICA;2080;EDUCACAO DE QUALIDADE PARA TODOS;20RJ;APOIO A CAPACITACAO E FORMACAO INICIAL E CONTINUADA PARA A E;0003;EDUCACAO BASICA PRESENCIAL;12368208020RJ0001;108455;PCC92B5801N;PARFOR - PARFOR;90;APLICACOES DIRETAS;3;DESPESAS CORRENTES;3;OUTRAS DESPESAS CORRENTES;30;MATERIAL DE CONSUMO;339030;MATERIAL DE CONSUMO;00;RECURSOS PRIMARIOS DE LIVRE APLICACAO;;;;;5,996.00;1,499.00;;
2019;153166;UNIVERSIDADE FEDERAL RURAL DO RIO DE JANEIRO;12;EDUCACAO;368;EDUCACAO BASICA;2080;EDUCACAO DE QUALIDADE PARA TODOS;20RJ;APOIO A CAPACITACAO E FORMACAO INICIAL E CONTINUADA PARA A E;0003;EDUCACAO BASICA PRESENCIAL;12368208020RJ0001;108455;PCC92B5801N;PARFOR - PARFOR;90;APLICACOES DIRETAS;3;DESPESAS CORRENTES;3;OUTRAS DESPESAS CORRENTES;33;PASSAGENS E DESPESAS COM LOCOMOCAO;339033;PASSAGENS E DESPESAS COM LOCOMOCAO;00;RECURSOS PRIMARIOS DE LIVRE APLICACAO;;;;;57,780.00;0.00;57,780.00;46,224.00
2019;153166;UNIVERSIDADE FEDERAL RURAL DO RIO DE JANEIRO;12;EDUCACAO;368;EDUCACAO BASICA;2080;EDUCACAO DE QUALIDADE PARA TODOS;20RJ;APOIO A CAPACITACAO E FORMACAO INICIAL E CONTINUADA PARA A E;0003;EDUCACAO BASICA PRESENCIAL;12368208020RJ0001;108455;PCC92B5801N;PARFOR - PARFOR;90;APLICACOES DIRETAS;3;DESPESAS CORRENTES;3;OUTRAS DESPESAS CORRENTES;39;OUTROS SERVICOS DE TERCEIROS PJ - OP.INT.ORC.;339039;OUTROS SERVICOS DE TERCEIROS - PESSOA JURIDICA;00;RECURSOS PRIMARIOS DE LIVRE APLICACAO;;;;;164,361.60;41,090.40;86,643.00;
2019;153166;UNIVERSIDADE FEDERAL RURAL DO RIO DE JANEIRO;12;EDUCACAO;368;EDUCACAO BASICA;2080;EDUCACAO DE QUALIDADE PARA TODOS;20RJ;APOIO A CAPACITACAO E FORMACAO INICIAL E CONTINUADA PARA A E;0004;EDUCACAO BASICA A DISTANCIA - SISTEMA UNIVERSIDADE ABERTA DO BRASIL (UAB);12368208020RJ0001;108456;QCC62T58HIN;UAB - UAB PROFHISTORIA;90;APLICACOES DIRETAS;3;DESPESAS CORRENTES;3;OUTRAS DESPESAS CORRENTES;14;DIARIAS - PESSOAL CIVIL;339014;DIARIAS - PESSOAL CIVIL;00;RECURSOS PRIMARIOS DE LIVRE APLICACAO;;;;;4,313.19;2,149.47;2,163.72;2,163.72
2019;153166;UNIVERSIDADE FEDERAL RURAL DO RIO DE JANEIRO;12;EDUCACAO;368;EDUCACAO BASICA;2080;EDUCACAO DE QUALIDADE PARA TODOS;20RJ;APOIO A CAPACITACAO E FORMACAO INICIAL E CONTINUADA PARA A E;0004;EDUCACAO BASICA A DISTANCIA - SISTEMA UNIVERSIDADE ABERTA DO BRASIL (UAB);12368208020RJ0001;108456;QCC62T58HIN;UAB - UAB PROFHISTORIA;90;APLICACOES DIRETAS;3;DESPESAS CORRENTES;3;OUTRAS DESPESAS CORRENTES;18;AUXILIO FINANCEIRO A ESTUDANTES;339018;AUXILIO FINANCEIRO A ESTUDANTES;00;RECURSOS PRIMARIOS DE LIVRE APLICACAO;;;;;42,000.00;6,000.00;36,000.00;30,000.00
2019;153166;UNIVERSIDADE FEDERAL RURAL DO RIO DE JANEIRO;12;EDUCACAO;368;EDUCACAO BASICA;2080;EDUCACAO DE QUALIDADE PARA TODOS;20RJ;APOIO A CAPACITACAO E FORMACAO INICIAL E CONTINUADA PARA A E;0004;EDUCACAO BASICA A DISTANCIA - SISTEMA UNIVERSIDADE ABERTA DO BRASIL (UAB);12368208020RJ0001;108456;QCC62T58HIN;UAB - UAB PROFHISTORIA;90;APLICACOES DIRETAS;3;DESPESAS CORRENTES;3;OUTRAS DESPESAS CORRENTES;30;MATERIAL DE CONSUMO;339030;MATERIAL DE CONSUMO;00;RECURSOS PRIMARIOS DE LIVRE APLICACAO;;;;;3,861.76;965.44;;
2019;153166;UNIVERSIDADE FEDERAL RURAL DO RIO DE JANEIRO;12;EDUCACAO;368;EDUCACAO BASICA;2080;EDUCACAO DE QUALIDADE PARA TODOS;20RJ;APOIO A CAPACITACAO E FORMACAO INICIAL E CONTINUADA PARA A E;0004;EDUCACAO BASICA A DISTANCIA - SISTEMA UNIVERSIDADE ABERTA DO BRASIL (UAB);12368208020RJ0001;108456;QCC62T58HIN;UAB - UAB PROFHISTORIA;90;APLICACOES DIRETAS;3;DESPESAS CORRENTES;3;OUTRAS DESPESAS CORRENTES;33;PASSAGENS E DESPESAS COM LOCOMOCAO;339033;PASSAGENS E DESPESAS COM LOCOMOCAO;00;RECURSOS PRIMARIOS DE LIVRE APLICACAO;;;;;7,000.00;2,000.00;5,000.00;4,000.00
2019;153166;UNIVERSIDADE FEDERAL RURAL DO RIO DE JANEIRO;12;EDUCACAO;368;EDUCACAO BASICA;2080;EDUCACAO DE QUALIDADE PARA TODOS;20RJ;APOIO A CAPACITACAO E FORMACAO INICIAL E CONTINUADA PARA A E;0004;EDUCACAO BASICA A DISTANCIA - SISTEMA UNIVERSIDADE ABERTA DO BRASIL (UAB);12368208020RJ0001;108456;QCC62T58MAN;UAB - UAB PROFMAT;90;APLICACOES DIRETAS;3;DESPESAS CORRENTES;3;OUTRAS DESPESAS CORRENTES;14;DIARIAS - PESSOAL CIVIL;339014;DIARIAS - PESSOAL CIVIL;00;RECURSOS PRIMARIOS DE LIVRE APLICACAO;;;;;8,213.58;5,144.28;3,069.30;2,455.44
2019;153166;UNIVERSIDADE FEDERAL RURAL DO RIO DE JANEIRO;12;EDUCACAO;368;EDUCACAO BASICA;2080;EDUCACAO DE QUALIDADE PARA TODOS;20RJ;APOIO A CAPACITACAO E FORMACAO INICIAL E CONTINUADA PARA A E;0004;EDUCACAO BASICA A DISTANCIA - SISTEMA UNIVERSIDADE ABERTA DO BRASIL (UAB);12368208020RJ0001;108456;QCC62T58MAN;UAB - UAB PROFMAT;90;APLICACOES DIRETAS;3;DESPESAS CORRENTES;3;OUTRAS DESPESAS CORRENTES;18;AUXILIO FINANCEIRO A ESTUDANTES;339018;AUXILIO FINANCEIRO A ESTUDANTES;00;RECURSOS PRIMARIOS DE LIVRE APLICACAO;;;;;10,450.00;6,113.20;3,717.00;2,973.60
2019;153166;UNIVERSIDADE FEDERAL RURAL DO RIO DE JANEIRO;12;EDUCACAO;368;EDUCACAO BASICA;2080;EDUCACAO DE QUALIDADE PARA TODOS;20RJ;APOIO A CAPACITACAO E FORMACAO INICIAL E CONTINUADA PARA A E;0004;EDUCACAO BASICA A DISTANCIA - SISTEMA UNIVERSIDADE ABERTA DO BRASIL (UAB);12368208020RJ0001;108456;QCC62T58MAN;UAB - UAB PROFMAT;90;APLICACOES DIRETAS;3;DESPESAS CORRENTES;3;OUTRAS DESPESAS CORRENTES;30;MATERIAL DE CONSUMO;339030;MATERIAL DE CONSUMO;00;RECURSOS PRIMARIOS DE LIVRE APLICACAO;;;;;21,906.80;13,922.30;7,948.80;
2019;153166;UNIVERSIDADE FEDERAL RURAL DO RIO DE JANEIRO;12;EDUCACAO;368;EDUCACAO BASICA;2080;EDUCACAO DE QUALIDADE PARA TODOS;20RJ;APOIO A CAPACITACAO E FORMACAO INICIAL E CONTINUADA PARA A E;0004;EDUCACAO BASICA A DISTANCIA - SISTEMA UNIVERSIDADE ABERTA DO BRASIL (UAB);12368208020RJ0001;108456;QCC62T58MAN;UAB - UAB PROFMAT;90;APLICACOES DIRETAS;3;DESPESAS CORRENTES;3;OUTRAS DESPESAS CORRENTES;33;PASSAGENS E DESPESAS COM LOCOMOCAO;339033;PASSAGENS E DESPESAS COM LOCOMOCAO;00;RECURSOS PRIMARIOS DE LIVRE APLICACAO;;;;;52,635.00;28,710.00;23,925.00;19,140.00
2019;153166;UNIVERSIDADE FEDERAL RURAL DO RIO DE JANEIRO;12;EDUCACAO;368;EDUCACAO BASICA;2080;EDUCACAO DE QUALIDADE PARA TODOS;20RJ;APOIO A CAPACITACAO E FORMACAO INICIAL E CONTINUADA PARA A E;0004;EDUCACAO BASICA A DISTANCIA - SISTEMA UNIVERSIDADE ABERTA DO BRASIL (UAB);12368208020RJ0001;108456;QCC62T58MAN;UAB - UAB PROFMAT;90;APLICACOES DIRETAS;3;DESPESAS CORRENTES;3;OUTRAS DESPESAS CORRENTES;39;OUTROS SERVICOS DE TERCEIROS PJ - OP.INT.ORC.;339039;OUTROS SERVICOS DE TERCEIROS - PESSOA JURIDICA;00;RECURSOS PRIMARIOS DE LIVRE APLICACAO;;;;;3,884.00;971.00;2,913.00;
2019;153166;UNIVERSIDADE FEDERAL RURAL DO RIO DE JANEIRO;12;EDUCACAO;368;EDUCACAO BASICA;2080;EDUCACAO DE QUALIDADE PARA TODOS;20RJ;APOIO A CAPACITACAO E FORMACAO INICIAL E CONTINUADA PARA A E;0004;EDUCACAO BASICA A DISTANCIA - SISTEMA UNIVERSIDADE ABERTA DO BRASIL (UAB);12368208020RJ0001;108456;QCC62T58QUN;UAB - UAB PROFQUIMICA;90;APLICACOES DIRETAS;3;DESPESAS CORRENTES;3;OUTRAS DESPESAS CORRENTES;14;DIARIAS - PESSOAL CIVIL;339014;DIARIAS - PESSOAL CIVIL;00;RECURSOS PRIMARIOS DE LIVRE APLICACAO;;;;;4,805.04;3,118.32;1,686.72;1,686.72
2019;153166;UNIVERSIDADE FEDERAL RURAL DO RIO DE JANEIRO;12;EDUCACAO;368;EDUCACAO BASICA;2080;EDUCACAO DE QUALIDADE PARA TODOS;20RJ;APOIO A CAPACITACAO E FORMACAO INICIAL E CONTINUADA PARA A E;0004;EDUCACAO BASICA A DISTANCIA - SISTEMA UNIVERSIDADE ABERTA DO BRASIL (UAB);12368208020RJ0001;108456;QCC62T58QUN;UAB - UAB PROFQUIMICA;90;APLICACOES DIRETAS;3;DESPESAS CORRENTES;3;OUTRAS DESPESAS CORRENTES;30;MATERIAL DE CONSUMO;339030;MATERIAL DE CONSUMO;00;RECURSOS PRIMARIOS DE LIVRE APLICACAO;;;;;6,596.76;1,649.19;;
2019;153166;UNIVERSIDADE FEDERAL RURAL DO RIO DE JANEIRO;12;EDUCACAO;368;EDUCACAO BASICA;2080;EDUCACAO DE QUALIDADE PARA TODOS;20RJ;APOIO A CAPACITACAO E FORMACAO INICIAL E CONTINUADA PARA A E;0004;EDUCACAO BASICA A DISTANCIA - SISTEMA UNIVERSIDADE ABERTA DO BRASIL (UAB);12368208020RJ0001;108456;QCC62T58QUN;UAB - UAB PROFQUIMICA;90;APLICACOES DIRETAS;3;DESPESAS CORRENTES;3;OUTRAS DESPESAS CORRENTES;36;OUTROS SERVICOS DE TERCEIROS - P.FISICA;339036;OUTROS SERVICOS DE TERCEIROS - PESSOA FISICA;00;RECURSOS PRIMARIOS DE LIVRE APLICACAO;;;;;3,540.00;3,540.00;;
2019;153166;UNIVERSIDADE FEDERAL RURAL DO RIO DE JANEIRO;12;EDUCACAO;368;EDUCACAO BASICA;2080;EDUCACAO DE QUALIDADE PARA TODOS;20RJ;APOIO A CAPACITACAO E FORMACAO INICIAL E CONTINUADA PARA A E;0004;EDUCACAO BASICA A DISTANCIA - SISTEMA UNIVERSIDADE ABERTA DO BRASIL (UAB);12368208020RJ0001;108456;QCC62T58QUN;UAB - UAB PROFQUIMICA;90;APLICACOES DIRETAS;3;DESPESAS CORRENTES;3;OUTRAS DESPESAS CORRENTES;39;OUTROS SERVICOS DE TERCEIROS PJ - OP.INT.ORC.;339039;OUTROS SERVICOS DE TERCEIROS - PESSOA JURIDICA;00;RECURSOS PRIMARIOS DE LIVRE APLICACAO;;;;;10,192.00;2,548.00;7,644.00;
2019;153167;COLEGIO PEDRO II;12;EDUCACAO;368;EDUCACAO BASICA;2080;EDUCACAO DE QUALIDADE PARA TODOS;20RJ;APOIO A CAPACITACAO E FORMACAO INICIAL E CONTINUADA PARA A E;0004;EDUCACAO BASICA A DISTANCIA - SISTEMA UNIVERSIDADE ABERTA DO BRASIL (UAB);12368208020RJ0001;108456;QCC62T58MAN;UAB - UAB PROFMAT;90;APLICACOES DIRETAS;3;DESPESAS CORRENTES;3;OUTRAS DESPESAS CORRENTES;14;DIARIAS - PESSOAL CIVIL;339014;DIARIAS - PESSOAL CIVIL;00;RECURSOS PRIMARIOS DE LIVRE APLICACAO;;;;;29,790.44;1,510.92;28,279.52;26,255.50
2019;153167;COLEGIO PEDRO II;12;EDUCACAO;368;EDUCACAO BASICA;2080;EDUCACAO DE QUALIDADE PARA TODOS;20RJ;APOIO A CAPACITACAO E FORMACAO INICIAL E CONTINUADA PARA A E;0004;EDUCACAO BASICA A DISTANCIA - SISTEMA UNIVERSIDADE ABERTA DO BRASIL (UAB);12368208020RJ0001;108456;QCC62T58MAN;UAB - UAB PROFMAT;90;APLICACOES DIRETAS;3;DESPESAS CORRENTES;3;OUTRAS DESPESAS CORRENTES;18;AUXILIO FINANCEIRO A ESTUDANTES;339018;AUXILIO FINANCEIRO A ESTUDANTES;00;RECURSOS PRIMARIOS DE LIVRE APLICACAO;;;;;84,492.48;17,471.14;21,747.92;14,900.00
2019;153167;COLEGIO PEDRO II;12;EDUCACAO;368;EDUCACAO BASICA;2080;EDUCACAO DE QUALIDADE PARA TODOS;20RJ;APOIO A CAPACITACAO E FORMACAO INICIAL E CONTINUADA PARA A E;0004;EDUCACAO BASICA A DISTANCIA - SISTEMA UNIVERSIDADE ABERTA DO BRASIL (UAB);12368208020RJ0001;108456;QCC62T58MAN;UAB - UAB PROFMAT;90;APLICACOES DIRETAS;3;DESPESAS CORRENTES;3;OUTRAS DESPESAS CORRENTES;33;PASSAGENS E DESPESAS COM LOCOMOCAO;339033;PASSAGENS E DESPESAS COM LOCOMOCAO;00;RECURSOS PRIMARIOS DE LIVRE APLICACAO;;;;;21,341.46;4,333.14;17,008.32;17,008.32
2019;153176;UTFPR - CAMPUS CORNELIO PROCOPIO;12;EDUCACAO;364;ENSINO SUPERIOR;2080;EDUCACAO DE QUALIDADE PARA TODOS;0487;CONCESSAO DE BOLSAS DE ESTUDO NO ENSINO SUPERIOR;0002;CONCESSAO DE BOLSAS DE ESTUDOS NO PAIS;12364208004870001;108452;OCCCUO9414N;BF SUPERIOR - PROAP;90;APLICACOES DIRETAS;3;DESPESAS CORRENTES;3;OUTRAS DESPESAS CORRENTES;14;DIARIAS - PESSOAL CIVIL;339014;DIARIAS - PESSOAL CIVIL;00;RECURSOS PRIMARIOS DE LIVRE APLICACAO;;;;;70,176.34;13,007.94;57,168.40;48,088.31
2019;153176;UTFPR - CAMPUS CORNELIO PROCOPIO;12;EDUCACAO;364;ENSINO SUPERIOR;2080;EDUCACAO DE QUALIDADE PARA TODOS;0487;CONCESSAO DE BOLSAS DE ESTUDO NO ENSINO SUPERIOR;0002;CONCESSAO DE BOLSAS DE ESTUDOS NO PAIS;12364208004870001;108452;OCCCUO9414N;BF SUPERIOR - PROAP;90;APLICACOES DIRETAS;3;DESPESAS CORRENTES;3;OUTRAS DESPESAS CORRENTES;18;AUXILIO FINANCEIRO A ESTUDANTES;339018;AUXILIO FINANCEIRO A ESTUDANTES;00;RECURSOS PRIMARIOS DE LIVRE APLICACAO;;;;;45,469.67;503.71;44,965.96;43,867.60
2019;153176;UTFPR - CAMPUS CORNELIO PROCOPIO;12;EDUCACAO;364;ENSINO SUPERIOR;2080;EDUCACAO DE QUALIDADE PARA TODOS;0487;CONCESSAO DE BOLSAS DE ESTUDO NO ENSINO SUPERIOR;0002;CONCESSAO DE BOLSAS DE ESTUDOS NO PAIS;12364208004870001;108452;OCCCUO9414N;BF SUPERIOR - PROAP;90;APLICACOES DIRETAS;3;DESPESAS CORRENTES;3;OUTRAS DESPESAS CORRENTES;20;AUXILIO FINANCEIRO A PESQUISADORES;339020;AUXILIO FINANCEIRO A PESQUISADORES;00;RECURSOS PRIMARIOS DE LIVRE APLICACAO;;;;;2,450.00;0.00;2,450.00;2,100.00
2019;153176;UTFPR - CAMPUS CORNELIO PROCOPIO;12;EDUCACAO;364;ENSINO SUPERIOR;2080;EDUCACAO DE QUALIDADE PARA TODOS;0487;CONCESSAO DE BOLSAS DE ESTUDO NO ENSINO SUPERIOR;0002;CONCESSAO DE BOLSAS DE ESTUDOS NO PAIS;12364208004870001;108452;OCCCUO9414N;BF SUPERIOR - PROAP;90;APLICACOES DIRETAS;3;DESPESAS CORRENTES;3;OUTRAS DESPESAS CORRENTES;33;PASSAGENS E DESPESAS COM LOCOMOCAO;339033;PASSAGENS E DESPESAS COM LOCOMOCAO;00;RECURSOS PRIMARIOS DE LIVRE APLICACAO;;;;;22,501.70;9,000.68;;
2019;153176;UTFPR - CAMPUS CORNELIO PROCOPIO;12;EDUCACAO;364;ENSINO SUPERIOR;2080;EDUCACAO DE QUALIDADE PARA TODOS;0487;CONCESSAO DE BOLSAS DE ESTUDO NO ENSINO SUPERIOR;0002;CONCESSAO DE BOLSAS DE ESTUDOS NO PAIS;12364208004870001;108452;OCCCUO9414N;BF SUPERIOR - PROAP;90;APLICACOES DIRETAS;3;DESPESAS CORRENTES;3;OUTRAS DESPESAS CORRENTES;93;INDENIZACOES E RESTITUICOES;339093;INDENIZACOES E RESTITUICOES;00;RECURSOS PRIMARIOS DE LIVRE APLICACAO;;;;;3,495.05;1,501.65;1,993.40;1,993.40
2019;153176;UTFPR - CAMPUS CORNELIO PROCOPIO;12;EDUCACAO;368;EDUCACAO BASICA;2080;EDUCACAO DE QUALIDADE PARA TODOS;20RJ;APOIO A CAPACITACAO E FORMACAO INICIAL E CONTINUADA PARA A E;0004;EDUCACAO BASICA A DISTANCIA - SISTEMA UNIVERSIDADE ABERTA DO BRASIL (UAB);12368208020RJ0001;108456;QCC62T58MAN;UAB - UAB PROFMAT;90;APLICACOES DIRETAS;3;DESPESAS CORRENTES;3;OUTRAS DESPESAS CORRENTES;14;DIARIAS - PESSOAL CIVIL;339014;DIARIAS - PESSOAL CIVIL;00;RECURSOS PRIMARIOS DE LIVRE APLICACAO;;;;;9,591.18;509.34;9,081.84;8,404.26
2019;153177;UTFPR - CAMPUS PATO BRANCO;12;EDUCACAO;364;ENSINO SUPERIOR;2080;EDUCACAO DE QUALIDADE PARA TODOS;0487;CONCESSAO DE BOLSAS DE ESTUDO NO ENSINO SUPERIOR;0002;CONCESSAO DE BOLSAS DE ESTUDOS NO PAIS;12364208004870001;108452;OCCCUO9414N;BF SUPERIOR - PROAP;90;APLICACOES DIRETAS;3;DESPESAS CORRENTES;3;OUTRAS DESPESAS CORRENTES;14;DIARIAS - PESSOAL CIVIL;339014;DIARIAS - PESSOAL CIVIL;00;RECURSOS PRIMARIOS DE LIVRE APLICACAO;;;;;277,004.65;85,946.16;191,058.49;170,991.77
2019;153177;UTFPR - CAMPUS PATO BRANCO;12;EDUCACAO;364;ENSINO SUPERIOR;2080;EDUCACAO DE QUALIDADE PARA TODOS;0487;CONCESSAO DE BOLSAS DE ESTUDO NO ENSINO SUPERIOR;0002;CONCESSAO DE BOLSAS DE ESTUDOS NO PAIS;12364208004870001;108452;OCCCUO9414N;BF SUPERIOR - PROAP;90;APLICACOES DIRETAS;3;DESPESAS CORRENTES;3;OUTRAS DESPESAS CORRENTES;18;AUXILIO FINANCEIRO A ESTUDANTES;339018;AUXILIO FINANCEIRO A ESTUDANTES;00;RECURSOS PRIMARIOS DE LIVRE APLICACAO;;;;;281,321.81;4,023.69;277,298.12;265,164.95
2019;153177;UTFPR - CAMPUS PATO BRANCO;12;EDUCACAO;364;ENSINO SUPERIOR;2080;EDUCACAO DE QUALIDADE PARA TODOS;0487;CONCESSAO DE BOLSAS DE ESTUDO NO ENSINO SUPERIOR;0002;CONCESSAO DE BOLSAS DE ESTUDOS NO PAIS;12364208004870001;108452;OCCCUO9414N;BF SUPERIOR - PROAP;90;APLICACOES DIRETAS;3;DESPESAS CORRENTES;3;OUTRAS DESPESAS CORRENTES;30;MATERIAL DE CONSUMO;339030;MATERIAL DE CONSUMO;00;RECURSOS PRIMARIOS DE LIVRE APLICACAO;;;;;120,994.41;35,388.69;61,895.76;55,399.33
2019;153177;UTFPR - CAMPUS PATO BRANCO;12;EDUCACAO;364;ENSINO SUPERIOR;2080;EDUCACAO DE QUALIDADE PARA TODOS;0487;CONCESSAO DE BOLSAS DE ESTUDO NO ENSINO SUPERIOR;0002;CONCESSAO DE BOLSAS DE ESTUDOS NO PAIS;12364208004870001;108452;OCCCUO9414N;BF SUPERIOR - PROAP;90;APLICACOES DIRETAS;3;DESPESAS CORRENTES;3;OUTRAS DESPESAS CORRENTES;33;PASSAGENS E DESPESAS COM LOCOMOCAO;339033;PASSAGENS E DESPESAS COM LOCOMOCAO;00;RECURSOS PRIMARIOS DE LIVRE APLICACAO;;;;;117,501.08;42,899.83;55,477.15;55,078.47
2019;153177;UTFPR - CAMPUS PATO BRANCO;12;EDUCACAO;364;ENSINO SUPERIOR;2080;EDUCACAO DE QUALIDADE PARA TODOS;0487;CONCESSAO DE BOLSAS DE ESTUDO NO ENSINO SUPERIOR;0002;CONCESSAO DE BOLSAS DE ESTUDOS NO PAIS;12364208004870001;108452;OCCCUO9414N;BF SUPERIOR - PROAP;90;APLICACOES DIRETAS;3;DESPESAS CORRENTES;3;OUTRAS DESPESAS CORRENTES;36;OUTROS SERVICOS DE TERCEIROS - P.FISICA;339036;OUTROS SERVICOS DE TERCEIROS - PESSOA FISICA;00;RECURSOS PRIMARIOS DE LIVRE APLICACAO;;;;;50,525.65;26,224.65;24,301.00;22,613.00
2019;153177;UTFPR - CAMPUS PATO BRANCO;12;EDUCACAO;364;ENSINO SUPERIOR;2080;EDUCACAO DE QUALIDADE PARA TODOS;0487;CONCESSAO DE BOLSAS DE ESTUDO NO ENSINO SUPERIOR;0002;CONCESSAO DE BOLSAS DE ESTUDOS NO PAIS;12364208004870001;108452;OCCCUO9414N;BF SUPERIOR - PROAP;90;APLICACOES DIRETAS;3;DESPESAS CORRENTES;3;OUTRAS DESPESAS CORRENTES;39;OUTROS SERVICOS DE TERCEIROS PJ - OP.INT.ORC.;339039;OUTROS SERVICOS DE TERCEIROS - PESSOA JURIDICA;00;RECURSOS PRIMARIOS DE LIVRE APLICACAO;;;;;9,298.70;3,324.35;5,974.35;5,974.35
2019;153177;UTFPR - CAMPUS PATO BRANCO;12;EDUCACAO;364;ENSINO SUPERIOR;2080;EDUCACAO DE QUALIDADE PARA TODOS;0487;CONCESSAO DE BOLSAS DE ESTUDO NO ENSINO SUPERIOR;0002;CONCESSAO DE BOLSAS DE ESTUDOS NO PAIS;12364208004870001;108452;OCCCUO9414N;BF SUPERIOR - PROAP;90;APLICACOES DIRETAS;3;DESPESAS CORRENTES;3;OUTRAS DESPESAS CORRENTES;93;INDENIZACOES E RESTITUICOES;339093;INDENIZACOES E RESTITUICOES;00;RECURSOS PRIMARIOS DE LIVRE APLICACAO;;;;;8,325.25;0.00;8,325.25;7,965.25
2019;153178;UTFPR - CAMPUS PONTA GROSSA;12;EDUCACAO;364;ENSINO SUPERIOR;2080;EDUCACAO DE QUALIDADE PARA TODOS;0487;CONCESSAO DE BOLSAS DE ESTUDO NO ENSINO SUPERIOR;0002;CONCESSAO DE BOLSAS DE ESTUDOS NO PAIS;12364208004870001;108452;OCCCUO9414N;BF SUPERIOR - PROAP;90;APLICACOES DIRETAS;3;DESPESAS CORRENTES;3;OUTRAS DESPESAS CORRENTES;14;DIARIAS - PESSOAL CIVIL;339014;DIARIAS - PESSOAL CIVIL;00;RECURSOS PRIMARIOS DE LIVRE APLICACAO;;;;;156,129.71;48,140.09;107,989.62;91,871.55
2019;153178;UTFPR - CAMPUS PONTA GROSSA;12;EDUCACAO;364;ENSINO SUPERIOR;2080;EDUCACAO DE QUALIDADE PARA TODOS;0487;CONCESSAO DE BOLSAS DE ESTUDO NO ENSINO SUPERIOR;0002;CONCESSAO DE BOLSAS DE ESTUDOS NO PAIS;12364208004870001;108452;OCCCUO9414N;BF SUPERIOR - PROAP;90;APLICACOES DIRETAS;3;DESPESAS CORRENTES;3;OUTRAS DESPESAS CORRENTES;18;AUXILIO FINANCEIRO A ESTUDANTES;339018;AUXILIO FINANCEIRO A ESTUDANTES;00;RECURSOS PRIMARIOS DE LIVRE APLICACAO;;;;;300,024.53;0.00;300,024.53;275,088.46
2019;153178;UTFPR - CAMPUS PONTA GROSSA;12;EDUCACAO;364;ENSINO SUPERIOR;2080;EDUCACAO DE QUALIDADE PARA TODOS;0487;CONCESSAO DE BOLSAS DE ESTUDO NO ENSINO SUPERIOR;0002;CONCESSAO DE BOLSAS DE ESTUDOS NO PAIS;12364208004870001;108452;OCCCUO9414N;BF SUPERIOR - PROAP;90;APLICACOES DIRETAS;3;DESPESAS CORRENTES;3;OUTRAS DESPESAS CORRENTES;30;MATERIAL DE CONSUMO;339030;MATERIAL DE CONSUMO;00;RECURSOS PRIMARIOS DE LIVRE APLICACAO;;;;;164,834.20;64,490.68;5,772.00;5,772.00
2019;153178;UTFPR - CAMPUS PONTA GROSSA;12;EDUCACAO;364;ENSINO SUPERIOR;2080;EDUCACAO DE QUALIDADE PARA TODOS;0487;CONCESSAO DE BOLSAS DE ESTUDO NO ENSINO SUPERIOR;0002;CONCESSAO DE BOLSAS DE ESTUDOS NO PAIS;12364208004870001;108452;OCCCUO9414N;BF SUPERIOR - PROAP;90;APLICACOES DIRETAS;3;DESPESAS CORRENTES;3;OUTRAS DESPESAS CORRENTES;33;PASSAGENS E DESPESAS COM LOCOMOCAO;339033;PASSAGENS E DESPESAS COM LOCOMOCAO;00;RECURSOS PRIMARIOS DE LIVRE APLICACAO;;;;;47,180.00;47,180.00;;
2019;153178;UTFPR - CAMPUS PONTA GROSSA;12;EDUCACAO;364;ENSINO SUPERIOR;2080;EDUCACAO DE QUALIDADE PARA TODOS;0487;CONCESSAO DE BOLSAS DE ESTUDO NO ENSINO SUPERIOR;0002;CONCESSAO DE BOLSAS DE ESTUDOS NO PAIS;12364208004870001;108452;OCCCUO9414N;BF SUPERIOR - PROAP;90;APLICACOES DIRETAS;3;DESPESAS CORRENTES;3;OUTRAS DESPESAS CORRENTES;36;OUTROS SERVICOS DE TERCEIROS - P.FISICA;339036;OUTROS SERVICOS DE TERCEIROS - PESSOA FISICA;00;RECURSOS PRIMARIOS DE LIVRE APLICACAO;;;;;77,719.50;28,059.20;49,660.30;44,940.30
2019;153178;UTFPR - CAMPUS PONTA GROSSA;12;EDUCACAO;364;ENSINO SUPERIOR;2080;EDUCACAO DE QUALIDADE PARA TODOS;0487;CONCESSAO DE BOLSAS DE ESTUDO NO ENSINO SUPERIOR;0002;CONCESSAO DE BOLSAS DE ESTUDOS NO PAIS;12364208004870001;108452;OCCCUO9414N;BF SUPERIOR - PROAP;90;APLICACOES DIRETAS;3;DESPESAS CORRENTES;3;OUTRAS DESPESAS CORRENTES;39;OUTROS SERVICOS DE TERCEIROS PJ - OP.INT.ORC.;339039;OUTROS SERVICOS DE TERCEIROS - PESSOA JURIDICA;00;RECURSOS PRIMARIOS DE LIVRE APLICACAO;;;;;7,280.00;0.00;7,280.00;7,280.00
2019;153178;UTFPR - CAMPUS PONTA GROSSA;12;EDUCACAO;364;ENSINO SUPERIOR;2080;EDUCACAO DE QUALIDADE PARA TODOS;0487;CONCESSAO DE BOLSAS DE ESTUDO NO ENSINO SUPERIOR;0002;CONCESSAO DE BOLSAS DE ESTUDOS NO PAIS;12364208004870001;108452;OCCCUO9414N;BF SUPERIOR - PROAP;90;APLICACOES DIRETAS;3;DESPESAS CORRENTES;3;OUTRAS DESPESAS CORRENTES;93;INDENIZACOES E RESTITUICOES;339093;INDENIZACOES E RESTITUICOES;00;RECURSOS PRIMARIOS DE LIVRE APLICACAO;;;;;63,349.85;0.00;63,349.85;58,400.47
2019;153248;PRO-REIT.DE PESQ.E POS-GRAD. E INOVACAO;12;EDUCACAO;364;ENSINO SUPERIOR;2080;EDUCACAO DE QUALIDADE PARA TODOS;0487;CONCESSAO DE BOLSAS DE ESTUDO NO ENSINO SUPERIOR;0002;CONCESSAO DE BOLSAS DE ESTUDOS NO PAIS;12364208004870001;108452;OCCCUO9414N;BF SUPERIOR - PROAP;90;APLICACOES DIRETAS;3;DESPESAS CORRENTES;3;OUTRAS DESPESAS CORRENTES;14;DIARIAS - PESSOAL CIVIL;339014;DIARIAS - PESSOAL CIVIL;08;FUNDO SOCIAL-PARC.DEST.EDUCACAO PUBL.E SAUDE;;;;;4,060,260.76;2,138,903.09;1,921,357.67;1,754,645.27
2019;153248;PRO-REIT.DE PESQ.E POS-GRAD. E INOVACAO;12;EDUCACAO;364;ENSINO SUPERIOR;2080;EDUCACAO DE QUALIDADE PARA TODOS;0487;CONCESSAO DE BOLSAS DE ESTUDO NO ENSINO SUPERIOR;0002;CONCESSAO DE BOLSAS DE ESTUDOS NO PAIS;12364208004870001;108452;OCCCUO9414N;BF SUPERIOR - PROAP;90;APLICACOES DIRETAS;3;DESPESAS CORRENTES;3;OUTRAS DESPESAS CORRENTES;18;AUXILIO FINANCEIRO A ESTUDANTES;339018;AUXILIO FINANCEIRO A ESTUDANTES;08;FUNDO SOCIAL-PARC.DEST.EDUCACAO PUBL.E SAUDE;;;;;3,454,212.49;1,018,743.61;2,396,530.86;2,248,144.58
2019;153248;PRO-REIT.DE PESQ.E POS-GRAD. E INOVACAO;12;EDUCACAO;364;ENSINO SUPERIOR;2080;EDUCACAO DE QUALIDADE PARA TODOS;0487;CONCESSAO DE BOLSAS DE ESTUDO NO ENSINO SUPERIOR;0002;CONCESSAO DE BOLSAS DE ESTUDOS NO PAIS;12364208004870001;108452;OCCCUO9414N;BF SUPERIOR - PROAP;90;APLICACOES DIRETAS;3;DESPESAS CORRENTES;3;OUTRAS DESPESAS CORRENTES;20;AUXILIO FINANCEIRO A PESQUISADORES;339020;AUXILIO FINANCEIRO A PESQUISADORES;08;FUNDO SOCIAL-PARC.DEST.EDUCACAO PUBL.E SAUDE;;;;;1,353,400.00;492,823.57;807,426.03;777,610.70
2019;153248;PRO-REIT.DE PESQ.E POS-GRAD. E INOVACAO;12;EDUCACAO;364;ENSINO SUPERIOR;2080;EDUCACAO DE QUALIDADE PARA TODOS;0487;CONCESSAO DE BOLSAS DE ESTUDO NO ENSINO SUPERIOR;0002;CONCESSAO DE BOLSAS DE ESTUDOS NO PAIS;12364208004870001;108452;OCCCUO9414N;BF SUPERIOR - PROAP;90;APLICACOES DIRETAS;3;DESPESAS CORRENTES;3;OUTRAS DESPESAS CORRENTES;30;MATERIAL DE CONSUMO;339030;MATERIAL DE CONSUMO;08;FUNDO SOCIAL-PARC.DEST.EDUCACAO PUBL.E SAUDE;;;;;2,338,472.93;828,250.41;352,604.69;332,395.91
2019;153248;PRO-REIT.DE PESQ.E POS-GRAD. E INOVACAO;12;EDUCACAO;364;ENSINO SUPERIOR;2080;EDUCACAO DE QUALIDADE PARA TODOS;0487;CONCESSAO DE BOLSAS DE ESTUDO NO ENSINO SUPERIOR;0002;CONCESSAO DE BOLSAS DE ESTUDOS NO PAIS;12364208004870001;108452;OCCCUO9414N;BF SUPERIOR - PROAP;90;APLICACOES DIRETAS;3;DESPESAS CORRENTES;3;OUTRAS DESPESAS CORRENTES;33;PASSAGENS E DESPESAS COM LOCOMOCAO;339033;PASSAGENS E DESPESAS COM LOCOMOCAO;08;FUNDO SOCIAL-PARC.DEST.EDUCACAO PUBL.E SAUDE;;;;;4,611,217.31;2,412,268.03;1,288,352.77;1,287,394.28
2019;153248;PRO-REIT.DE PESQ.E POS-GRAD. E INOVACAO;12;EDUCACAO;364;ENSINO SUPERIOR;2080;EDUCACAO DE QUALIDADE PARA TODOS;0487;CONCESSAO DE BOLSAS DE ESTUDO NO ENSINO SUPERIOR;0002;CONCESSAO DE BOLSAS DE ESTUDOS NO PAIS;12364208004870001;108452;OCCCUO9414N;BF SUPERIOR - PROAP;90;APLICACOES DIRETAS;3;DESPESAS CORRENTES;3;OUTRAS DESPESAS CORRENTES;36;OUTROS SERVICOS DE TERCEIROS - P.FISICA;339036;OUTROS SERVICOS DE TERCEIROS - PESSOA FISICA;08;FUNDO SOCIAL-PARC.DEST.EDUCACAO PUBL.E SAUDE;;;;;167,184.49;70,590.54;96,593.95;86,951.62
2019;153248;PRO-REIT.DE PESQ.E POS-GRAD. E INOVACAO;12;EDUCACAO;364;ENSINO SUPERIOR;2080;EDUCACAO DE QUALIDADE PARA TODOS;0487;CONCESSAO DE BOLSAS DE ESTUDO NO ENSINO SUPERIOR;0002;CONCESSAO DE BOLSAS DE ESTUDOS NO PAIS;12364208004870001;108452;OCCCUO9414N;BF SUPERIOR - PROAP;90;APLICACOES DIRETAS;3;DESPESAS CORRENTES;3;OUTRAS DESPESAS CORRENTES;39;OUTROS SERVICOS DE TERCEIROS PJ - OP.INT.ORC.;339039;OUTROS SERVICOS DE TERCEIROS - PESSOA JURIDICA;08;FUNDO SOCIAL-PARC.DEST.EDUCACAO PUBL.E SAUDE;;;;;1,585,020.40;391,655.01;553,357.03;531,459.43
2019;153248;PRO-REIT.DE PESQ.E POS-GRAD. E INOVACAO;12;EDUCACAO;368;EDUCACAO BASICA;2080;EDUCACAO DE QUALIDADE PARA TODOS;20RJ;APOIO A CAPACITACAO E FORMACAO INICIAL E CONTINUADA PARA A E;0004;EDUCACAO BASICA A DISTANCIA - SISTEMA UNIVERSIDADE ABERTA DO BRASIL (UAB);12368208020RJ0001;108456;QCC62T58HIN;UAB - UAB PROFHISTORIA;90;APLICACOES DIRETAS;3;DESPESAS CORRENTES;3;OUTRAS DESPESAS CORRENTES;14;DIARIAS - PESSOAL CIVIL;339014;DIARIAS - PESSOAL CIVIL;00;RECURSOS PRIMARIOS DE LIVRE APLICACAO;;;;;8,779.36;7,822.78;956.58;956.58
2019;153248;PRO-REIT.DE PESQ.E POS-GRAD. E INOVACAO;12;EDUCACAO;368;EDUCACAO BASICA;2080;EDUCACAO DE QUALIDADE PARA TODOS;20RJ;APOIO A CAPACITACAO E FORMACAO INICIAL E CONTINUADA PARA A E;0004;EDUCACAO BASICA A DISTANCIA - SISTEMA UNIVERSIDADE ABERTA DO BRASIL (UAB);12368208020RJ0001;108456;QCC62T58HIN;UAB - UAB PROFHISTORIA;90;APLICACOES DIRETAS;3;DESPESAS CORRENTES;3;OUTRAS DESPESAS CORRENTES;18;AUXILIO FINANCEIRO A ESTUDANTES;339018;AUXILIO FINANCEIRO A ESTUDANTES;00;RECURSOS PRIMARIOS DE LIVRE APLICACAO;;;;;11,197.60;0.00;11,197.60;11,197.60
2019;153248;PRO-REIT.DE PESQ.E POS-GRAD. E INOVACAO;12;EDUCACAO;368;EDUCACAO BASICA;2080;EDUCACAO DE QUALIDADE PARA TODOS;20RJ;APOIO A CAPACITACAO E FORMACAO INICIAL E CONTINUADA PARA A E;0004;EDUCACAO BASICA A DISTANCIA - SISTEMA UNIVERSIDADE ABERTA DO BRASIL (UAB);12368208020RJ0001;108456;QCC62T58HIN;UAB - UAB PROFHISTORIA;90;APLICACOES DIRETAS;3;DESPESAS CORRENTES;3;OUTRAS DESPESAS CORRENTES;33;PASSAGENS E DESPESAS COM LOCOMOCAO;339033;PASSAGENS E DESPESAS COM LOCOMOCAO;00;RECURSOS PRIMARIOS DE LIVRE APLICACAO;;;;;32,137.07;13,438.82;9,881.79;9,881.79
2019;153248;PRO-REIT.DE PESQ.E POS-GRAD. E INOVACAO;12;EDUCACAO;368;EDUCACAO BASICA;2080;EDUCACAO DE QUALIDADE PARA TODOS;20RJ;APOIO A CAPACITACAO E FORMACAO INICIAL E CONTINUADA PARA A E;0004;EDUCACAO BASICA A DISTANCIA - SISTEMA UNIVERSIDADE ABERTA DO BRASIL (UAB);12368208020RJ0001;108456;QCC62T58QUN;UAB - UAB PROFQUIMICA;90;APLICACOES DIRETAS;3;DESPESAS CORRENTES;3;OUTRAS DESPESAS CORRENTES;14;DIARIAS - PESSOAL CIVIL;339014;DIARIAS - PESSOAL CIVIL;00;RECURSOS PRIMARIOS DE LIVRE APLICACAO;;;;;11,193.60;8,070.00;3,123.60;2,342.70
2019;153248;PRO-REIT.DE PESQ.E POS-GRAD. E INOVACAO;12;EDUCACAO;368;EDUCACAO BASICA;2080;EDUCACAO DE QUALIDADE PARA TODOS;20RJ;APOIO A CAPACITACAO E FORMACAO INICIAL E CONTINUADA PARA A E;0004;EDUCACAO BASICA A DISTANCIA - SISTEMA UNIVERSIDADE ABERTA DO BRASIL (UAB);12368208020RJ0001;108456;QCC62T58QUN;UAB - UAB PROFQUIMICA;90;APLICACOES DIRETAS;3;DESPESAS CORRENTES;3;OUTRAS DESPESAS CORRENTES;30;MATERIAL DE CONSUMO;339030;MATERIAL DE CONSUMO;00;RECURSOS PRIMARIOS DE LIVRE APLICACAO;;;;;24,108.32;7,311.83;;
2019;153248;PRO-REIT.DE PESQ.E POS-GRAD. E INOVACAO;12;EDUCACAO;368;EDUCACAO BASICA;2080;EDUCACAO DE QUALIDADE PARA TODOS;20RJ;APOIO A CAPACITACAO E FORMACAO INICIAL E CONTINUADA PARA A E;0004;EDUCACAO BASICA A DISTANCIA - SISTEMA UNIVERSIDADE ABERTA DO BRASIL (UAB);12368208020RJ0001;108456;QCC62T58QUN;UAB - UAB PROFQUIMICA;90;APLICACOES DIRETAS;3;DESPESAS CORRENTES;3;OUTRAS DESPESAS CORRENTES;39;OUTROS SERVICOS DE TERCEIROS PJ - OP.INT.ORC.;339039;OUTROS SERVICOS DE TERCEIROS - PESSOA JURIDICA;00;RECURSOS PRIMARIOS DE LIVRE APLICACAO;;;;;4,750.00;1,900.00;;
2019;153251;UTFPR - CAMPUS CAMPO MOURAO;12;EDUCACAO;364;ENSINO SUPERIOR;2080;EDUCACAO DE QUALIDADE PARA TODOS;0487;CONCESSAO DE BOLSAS DE ESTUDO NO ENSINO SUPERIOR;0002;CONCESSAO DE BOLSAS DE ESTUDOS NO PAIS;12364208004870001;108452;OCCCUO9414N;BF SUPERIOR - PROAP;90;APLICACOES DIRETAS;3;DESPESAS CORRENTES;3;OUTRAS DESPESAS CORRENTES;14;DIARIAS - PESSOAL CIVIL;339014;DIARIAS - PESSOAL CIVIL;00;RECURSOS PRIMARIOS DE LIVRE APLICACAO;;;;;14,584.78;3,644.08;10,940.70;9,365.90
2019;153251;UTFPR - CAMPUS CAMPO MOURAO;12;EDUCACAO;364;ENSINO SUPERIOR;2080;EDUCACAO DE QUALIDADE PARA TODOS;0487;CONCESSAO DE BOLSAS DE ESTUDO NO ENSINO SUPERIOR;0002;CONCESSAO DE BOLSAS DE ESTUDOS NO PAIS;12364208004870001;108452;OCCCUO9414N;BF SUPERIOR - PROAP;90;APLICACOES DIRETAS;3;DESPESAS CORRENTES;3;OUTRAS DESPESAS CORRENTES;30;MATERIAL DE CONSUMO;339030;MATERIAL DE CONSUMO;00;RECURSOS PRIMARIOS DE LIVRE APLICACAO;;;;;9,454.45;3,781.78;;
2019;153251;UTFPR - CAMPUS CAMPO MOURAO;12;EDUCACAO;364;ENSINO SUPERIOR;2080;EDUCACAO DE QUALIDADE PARA TODOS;0487;CONCESSAO DE BOLSAS DE ESTUDO NO ENSINO SUPERIOR;0002;CONCESSAO DE BOLSAS DE ESTUDOS NO PAIS;12364208004870001;108452;OCCCUO9414N;BF SUPERIOR - PROAP;90;APLICACOES DIRETAS;3;DESPESAS CORRENTES;3;OUTRAS DESPESAS CORRENTES;93;INDENIZACOES E RESTITUICOES;339093;INDENIZACOES E RESTITUICOES;00;RECURSOS PRIMARIOS DE LIVRE APLICACAO;;;;;24,651.22;0.00;24,651.22;22,451.22
2019;153254;ADMINISTRACAO GERAL/UFMG;12;EDUCACAO;364;ENSINO SUPERIOR;2080;EDUCACAO DE QUALIDADE PARA TODOS;0487;CONCESSAO DE BOLSAS DE ESTUDO NO ENSINO SUPERIOR;0002;CONCESSAO DE BOLSAS DE ESTUDOS NO PAIS;12364208004870001;108452;OCCCUO9414N;BF SUPERIOR - PROAP;90;APLICACOES DIRETAS;3;DESPESAS CORRENTES;3;OUTRAS DESPESAS CORRENTES;33;PASSAGENS E DESPESAS COM LOCOMOCAO;339033;PASSAGENS E DESPESAS COM LOCOMOCAO;00;RECURSOS PRIMARIOS DE LIVRE APLICACAO;;;;;2,271,275.72;426,041.20;1,327,766.02;1,164,810.15
2019;153254;ADMINISTRACAO GERAL/UFMG;12;EDUCACAO;364;ENSINO SUPERIOR;2080;EDUCACAO DE QUALIDADE PARA TODOS;0487;CONCESSAO DE BOLSAS DE ESTUDO NO ENSINO SUPERIOR;0002;CONCESSAO DE BOLSAS DE ESTUDOS NO PAIS;12364208004870001;108452;OCCCUO9414N;BF SUPERIOR - PROAP;90;APLICACOES DIRETAS;3;DESPESAS CORRENTES;3;OUTRAS DESPESAS CORRENTES;39;OUTROS SERVICOS DE TERCEIROS PJ - OP.INT.ORC.;339039;OUTROS SERVICOS DE TERCEIROS - PESSOA JURIDICA;00;RECURSOS PRIMARIOS DE LIVRE APLICACAO;;;;;19,511.21;8,559.56;3,085.32;2,846.41
2019;153274;PRO-REITORIA DE POS-GRADUACAO/UFMG;12;EDUCACAO;364;ENSINO SUPERIOR;2080;EDUCACAO DE QUALIDADE PARA TODOS;0487;CONCESSAO DE BOLSAS DE ESTUDO NO ENSINO SUPERIOR;0002;CONCESSAO DE BOLSAS DE ESTUDOS NO PAIS;12364208004870001;108452;OCCCUO9414N;BF SUPERIOR - PROAP;90;APLICACOES DIRETAS;3;DESPESAS CORRENTES;3;OUTRAS DESPESAS CORRENTES;14;DIARIAS - PESSOAL CIVIL;339014;DIARIAS - PESSOAL CIVIL;00;RECURSOS PRIMARIOS DE LIVRE APLICACAO;;;;;1,485,055.89;281,018.54;1,204,037.35;1,104,327.06
2019;153274;PRO-REITORIA DE POS-GRADUACAO/UFMG;12;EDUCACAO;364;ENSINO SUPERIOR;2080;EDUCACAO DE QUALIDADE PARA TODOS;0487;CONCESSAO DE BOLSAS DE ESTUDO NO ENSINO SUPERIOR;0002;CONCESSAO DE BOLSAS DE ESTUDOS NO PAIS;12364208004870001;108452;OCCCUO9414N;BF SUPERIOR - PROAP;90;APLICACOES DIRETAS;3;DESPESAS CORRENTES;3;OUTRAS DESPESAS CORRENTES;18;AUXILIO FINANCEIRO A ESTUDANTES;339018;AUXILIO FINANCEIRO A ESTUDANTES;00;RECURSOS PRIMARIOS DE LIVRE APLICACAO;;;;;426,000.00;67,000.00;359,000.00;337,000.00
2019;153274;PRO-REITORIA DE POS-GRADUACAO/UFMG;12;EDUCACAO;364;ENSINO SUPERIOR;2080;EDUCACAO DE QUALIDADE PARA TODOS;0487;CONCESSAO DE BOLSAS DE ESTUDO NO ENSINO SUPERIOR;0002;CONCESSAO DE BOLSAS DE ESTUDOS NO PAIS;12364208004870001;108452;OCCCUO9414N;BF SUPERIOR - PROAP;90;APLICACOES DIRETAS;3;DESPESAS CORRENTES;3;OUTRAS DESPESAS CORRENTES;33;PASSAGENS E DESPESAS COM LOCOMOCAO;339033;PASSAGENS E DESPESAS COM LOCOMOCAO;00;RECURSOS PRIMARIOS DE LIVRE APLICACAO;;;;;907,627.15;283,813.59;605,695.60;588,695.36
2019;153274;PRO-REITORIA DE POS-GRADUACAO/UFMG;12;EDUCACAO;364;ENSINO SUPERIOR;2080;EDUCACAO DE QUALIDADE PARA TODOS;0487;CONCESSAO DE BOLSAS DE ESTUDO NO ENSINO SUPERIOR;0002;CONCESSAO DE BOLSAS DE ESTUDOS NO PAIS;12364208004870001;108452;OCCCUO9414N;BF SUPERIOR - PROAP;90;APLICACOES DIRETAS;3;DESPESAS CORRENTES;3;OUTRAS DESPESAS CORRENTES;36;OUTROS SERVICOS DE TERCEIROS - P.FISICA;339036;OUTROS SERVICOS DE TERCEIROS - PESSOA FISICA;00;RECURSOS PRIMARIOS DE LIVRE APLICACAO;;;;;345,528.50;105,026.20;240,502.30;213,464.00
2019;153274;PRO-REITORIA DE POS-GRADUACAO/UFMG;12;EDUCACAO;364;ENSINO SUPERIOR;2080;EDUCACAO DE QUALIDADE PARA TODOS;0487;CONCESSAO DE BOLSAS DE ESTUDO NO ENSINO SUPERIOR;0002;CONCESSAO DE BOLSAS DE ESTUDOS NO PAIS;12364208004870001;108452;OCCCUO9414N;BF SUPERIOR - PROAP;90;APLICACOES DIRETAS;3;DESPESAS CORRENTES;3;OUTRAS DESPESAS CORRENTES;39;OUTROS SERVICOS DE TERCEIROS PJ - OP.INT.ORC.;339039;OUTROS SERVICOS DE TERCEIROS - PESSOA JURIDICA;00;RECURSOS PRIMARIOS DE LIVRE APLICACAO;;;;;12,000.00;3,000.00;9,000.00;9,000.00
2019;153275;ESCOLA DE ARQUITETURA/UFMG;12;EDUCACAO;364;ENSINO SUPERIOR;2080;EDUCACAO DE QUALIDADE PARA TODOS;0487;CONCESSAO DE BOLSAS DE ESTUDO NO ENSINO SUPERIOR;0002;CONCESSAO DE BOLSAS DE ESTUDOS NO PAIS;12364208004870001;108452;OCCCUO9414N;BF SUPERIOR - PROAP;90;APLICACOES DIRETAS;3;DESPESAS CORRENTES;3;OUTRAS DESPESAS CORRENTES;14;DIARIAS - PESSOAL CIVIL;339014;DIARIAS - PESSOAL CIVIL;00;RECURSOS PRIMARIOS DE LIVRE APLICACAO;;;;;11,130.22;3,359.74;7,770.48;7,770.48
2019;153275;ESCOLA DE ARQUITETURA/UFMG;12;EDUCACAO;364;ENSINO SUPERIOR;2080;EDUCACAO DE QUALIDADE PARA TODOS;0487;CONCESSAO DE BOLSAS DE ESTUDO NO ENSINO SUPERIOR;0002;CONCESSAO DE BOLSAS DE ESTUDOS NO PAIS;12364208004870001;108452;OCCCUO9414N;BF SUPERIOR - PROAP;90;APLICACOES DIRETAS;3;DESPESAS CORRENTES;3;OUTRAS DESPESAS CORRENTES;18;AUXILIO FINANCEIRO A ESTUDANTES;339018;AUXILIO FINANCEIRO A ESTUDANTES;00;RECURSOS PRIMARIOS DE LIVRE APLICACAO;;;;;83,864.77;26,512.07;57,352.70;55,732.70
2019;153275;ESCOLA DE ARQUITETURA/UFMG;12;EDUCACAO;364;ENSINO SUPERIOR;2080;EDUCACAO DE QUALIDADE PARA TODOS;0487;CONCESSAO DE BOLSAS DE ESTUDO NO ENSINO SUPERIOR;0002;CONCESSAO DE BOLSAS DE ESTUDOS NO PAIS;12364208004870001;108452;OCCCUO9414N;BF SUPERIOR - PROAP;90;APLICACOES DIRETAS;3;DESPESAS CORRENTES;3;OUTRAS DESPESAS CORRENTES;39;OUTROS SERVICOS DE TERCEIROS PJ - OP.INT.ORC.;339039;OUTROS SERVICOS DE TERCEIROS - PESSOA JURIDICA;00;RECURSOS PRIMARIOS DE LIVRE APLICACAO;;;;;12,000.00;6,060.00;;
2019;153275;ESCOLA DE ARQUITETURA/UFMG;12;EDUCACAO;364;ENSINO SUPERIOR;2080;EDUCACAO DE QUALIDADE PARA TODOS;0487;CONCESSAO DE BOLSAS DE ESTUDO NO ENSINO SUPERIOR;0002;CONCESSAO DE BOLSAS DE ESTUDOS NO PAIS;12364208004870001;108452;OCCCUO9414N;BF SUPERIOR - PROAP;90;APLICACOES DIRETAS;3;DESPESAS CORRENTES;3;OUTRAS DESPESAS CORRENTES;93;INDENIZACOES E RESTITUICOES;339093;INDENIZACOES E RESTITUICOES;00;RECURSOS PRIMARIOS DE LIVRE APLICACAO;;;;;13,362.95;0.00;13,362.95;10,690.36
2019;153277;ESCOLA DE CIENCIA DA INFORMACAO/UFMG;12;EDUCACAO;364;ENSINO SUPERIOR;2080;EDUCACAO DE QUALIDADE PARA TODOS;0487;CONCESSAO DE BOLSAS DE ESTUDO NO ENSINO SUPERIOR;0002;CONCESSAO DE BOLSAS DE ESTUDOS NO PAIS;12364208004870001;108452;OCCCUO9414N;BF SUPERIOR - PROAP;90;APLICACOES DIRETAS;3;DESPESAS CORRENTES;3;OUTRAS DESPESAS CORRENTES;18;AUXILIO FINANCEIRO A ESTUDANTES;339018;AUXILIO FINANCEIRO A ESTUDANTES;00;RECURSOS PRIMARIOS DE LIVRE APLICACAO;;;;;246,523.72;35,111.72;211,412.00;206,959.60
2019;153277;ESCOLA DE CIENCIA DA INFORMACAO/UFMG;12;EDUCACAO;364;ENSINO SUPERIOR;2080;EDUCACAO DE QUALIDADE PARA TODOS;0487;CONCESSAO DE BOLSAS DE ESTUDO NO ENSINO SUPERIOR;0002;CONCESSAO DE BOLSAS DE ESTUDOS NO PAIS;12364208004870001;108452;OCCCUO9414N;BF SUPERIOR - PROAP;90;APLICACOES DIRETAS;3;DESPESAS CORRENTES;3;OUTRAS DESPESAS CORRENTES;36;OUTROS SERVICOS DE TERCEIROS - P.FISICA;339036;OUTROS SERVICOS DE TERCEIROS - PESSOA FISICA;00;RECURSOS PRIMARIOS DE LIVRE APLICACAO;;;;;35,034.00;892.80;34,141.20;31,891.20
2019;153277;ESCOLA DE CIENCIA DA INFORMACAO/UFMG;12;EDUCACAO;364;ENSINO SUPERIOR;2080;EDUCACAO DE QUALIDADE PARA TODOS;0487;CONCESSAO DE BOLSAS DE ESTUDO NO ENSINO SUPERIOR;0002;CONCESSAO DE BOLSAS DE ESTUDOS NO PAIS;12364208004870001;108452;OCCCUO9414N;BF SUPERIOR - PROAP;90;APLICACOES DIRETAS;3;DESPESAS CORRENTES;3;OUTRAS DESPESAS CORRENTES;39;OUTROS SERVICOS DE TERCEIROS PJ - OP.INT.ORC.;339039;OUTROS SERVICOS DE TERCEIROS - PESSOA JURIDICA;00;RECURSOS PRIMARIOS DE LIVRE APLICACAO;;;;;65,772.30;18,494.16;40,828.14;36,890.14
2019;153277;ESCOLA DE CIENCIA DA INFORMACAO/UFMG;12;EDUCACAO;364;ENSINO SUPERIOR;2080;EDUCACAO DE QUALIDADE PARA TODOS;0487;CONCESSAO DE BOLSAS DE ESTUDO NO ENSINO SUPERIOR;0002;CONCESSAO DE BOLSAS DE ESTUDOS NO PAIS;12364208004870001;108452;OCCCUO9414N;BF SUPERIOR - PROAP;91;APLICACOES DIRETAS - OPERACOES INTERNAS;3;DESPESAS CORRENTES;3;OUTRAS DESPESAS CORRENTES;47;OBRIGACOES TRIBUTARIAS E CONTRIBUTIVAS;339147;OBRIG.TRIBUT.E CONTRIB-OP.INTRA-ORCAMENTARIAS;00;RECURSOS PRIMARIOS DE LIVRE APLICACAO;;;;;960.00;0.00;960.00;960.00
2019;153278;ESCOLA EDUCACAO FISICA FISIOT.TERAP.OCUP/UFMG;12;EDUCACAO;364;ENSINO SUPERIOR;2080;EDUCACAO DE QUALIDADE PARA TODOS;0487;CONCESSAO DE BOLSAS DE ESTUDO NO ENSINO SUPERIOR;0002;CONCESSAO DE BOLSAS DE ESTUDOS NO PAIS;12364208004870001;108452;OCCCUO9414N;BF SUPERIOR - PROAP;90;APLICACOES DIRETAS;3;DESPESAS CORRENTES;3;OUTRAS DESPESAS CORRENTES;14;DIARIAS - PESSOAL CIVIL;339014;DIARIAS - PESSOAL CIVIL;00;RECURSOS PRIMARIOS DE LIVRE APLICACAO;;;;;49,957.85;1,503.74;48,454.11;46,755.67
2019;153278;ESCOLA EDUCACAO FISICA FISIOT.TERAP.OCUP/UFMG;12;EDUCACAO;364;ENSINO SUPERIOR;2080;EDUCACAO DE QUALIDADE PARA TODOS;0487;CONCESSAO DE BOLSAS DE ESTUDO NO ENSINO SUPERIOR;0002;CONCESSAO DE BOLSAS DE ESTUDOS NO PAIS;12364208004870001;108452;OCCCUO9414N;BF SUPERIOR - PROAP;90;APLICACOES DIRETAS;3;DESPESAS CORRENTES;3;OUTRAS DESPESAS CORRENTES;18;AUXILIO FINANCEIRO A ESTUDANTES;339018;AUXILIO FINANCEIRO A ESTUDANTES;00;RECURSOS PRIMARIOS DE LIVRE APLICACAO;;;;;290,624.93;5,466.84;285,158.09;273,236.09
2019;153278;ESCOLA EDUCACAO FISICA FISIOT.TERAP.OCUP/UFMG;12;EDUCACAO;364;ENSINO SUPERIOR;2080;EDUCACAO DE QUALIDADE PARA TODOS;0487;CONCESSAO DE BOLSAS DE ESTUDO NO ENSINO SUPERIOR;0002;CONCESSAO DE BOLSAS DE ESTUDOS NO PAIS;12364208004870001;108452;OCCCUO9414N;BF SUPERIOR - PROAP;90;APLICACOES DIRETAS;3;DESPESAS CORRENTES;3;OUTRAS DESPESAS CORRENTES;30;MATERIAL DE CONSUMO;339030;MATERIAL DE CONSUMO;00;RECURSOS PRIMARIOS DE LIVRE APLICACAO;;;;;14,693.92;3,673.48;10,707.60;10,707.60
2019;153278;ESCOLA EDUCACAO FISICA FISIOT.TERAP.OCUP/UFMG;12;EDUCACAO;364;ENSINO SUPERIOR;2080;EDUCACAO DE QUALIDADE PARA TODOS;0487;CONCESSAO DE BOLSAS DE ESTUDO NO ENSINO SUPERIOR;0002;CONCESSAO DE BOLSAS DE ESTUDOS NO PAIS;12364208004870001;108452;OCCCUO9414N;BF SUPERIOR - PROAP;90;APLICACOES DIRETAS;3;DESPESAS CORRENTES;3;OUTRAS DESPESAS CORRENTES;33;PASSAGENS E DESPESAS COM LOCOMOCAO;339033;PASSAGENS E DESPESAS COM LOCOMOCAO;00;RECURSOS PRIMARIOS DE LIVRE APLICACAO;;;;;14,460.21;4,940.13;9,520.08;9,520.08
2019;153278;ESCOLA EDUCACAO FISICA FISIOT.TERAP.OCUP/UFMG;12;EDUCACAO;364;ENSINO SUPERIOR;2080;EDUCACAO DE QUALIDADE PARA TODOS;0487;CONCESSAO DE BOLSAS DE ESTUDO NO ENSINO SUPERIOR;0002;CONCESSAO DE BOLSAS DE ESTUDOS NO PAIS;12364208004870001;108452;OCCCUO9414N;BF SUPERIOR - PROAP;90;APLICACOES DIRETAS;3;DESPESAS CORRENTES;3;OUTRAS DESPESAS CORRENTES;36;OUTROS SERVICOS DE TERCEIROS - P.FISICA;339036;OUTROS SERVICOS DE TERCEIROS - PESSOA FISICA;00;RECURSOS PRIMARIOS DE LIVRE APLICACAO;;;;;26,672.00;2,314.00;24,358.00;22,480.00
2019;153279;ESCOLA DE ENFERMAGEM/UFMG;12;EDUCACAO;364;ENSINO SUPERIOR;2080;EDUCACAO DE QUALIDADE PARA TODOS;0487;CONCESSAO DE BOLSAS DE ESTUDO NO ENSINO SUPERIOR;0002;CONCESSAO DE BOLSAS DE ESTUDOS NO PAIS;12364208004870001;108452;OCCCUO9414N;BF SUPERIOR - PROAP;90;APLICACOES DIRETAS;3;DESPESAS CORRENTES;3;OUTRAS DESPESAS CORRENTES;18;AUXILIO FINANCEIRO A ESTUDANTES;339018;AUXILIO FINANCEIRO A ESTUDANTES;00;RECURSOS PRIMARIOS DE LIVRE APLICACAO;;;;;220,483.60;76,139.30;144,344.30;137,589.43
2019;153279;ESCOLA DE ENFERMAGEM/UFMG;12;EDUCACAO;364;ENSINO SUPERIOR;2080;EDUCACAO DE QUALIDADE PARA TODOS;0487;CONCESSAO DE BOLSAS DE ESTUDO NO ENSINO SUPERIOR;0002;CONCESSAO DE BOLSAS DE ESTUDOS NO PAIS;12364208004870001;108452;OCCCUO9414N;BF SUPERIOR - PROAP;90;APLICACOES DIRETAS;3;DESPESAS CORRENTES;3;OUTRAS DESPESAS CORRENTES;30;MATERIAL DE CONSUMO;339030;MATERIAL DE CONSUMO;00;RECURSOS PRIMARIOS DE LIVRE APLICACAO;;;;;61,415.83;19,822.91;32,168.87;32,104.97
2019;153279;ESCOLA DE ENFERMAGEM/UFMG;12;EDUCACAO;364;ENSINO SUPERIOR;2080;EDUCACAO DE QUALIDADE PARA TODOS;0487;CONCESSAO DE BOLSAS DE ESTUDO NO ENSINO SUPERIOR;0002;CONCESSAO DE BOLSAS DE ESTUDOS NO PAIS;12364208004870001;108452;OCCCUO9414N;BF SUPERIOR - PROAP;90;APLICACOES DIRETAS;3;DESPESAS CORRENTES;3;OUTRAS DESPESAS CORRENTES;39;OUTROS SERVICOS DE TERCEIROS PJ - OP.INT.ORC.;339039;OUTROS SERVICOS DE TERCEIROS - PESSOA JURIDICA;00;RECURSOS PRIMARIOS DE LIVRE APLICACAO;;;;;111,765.05;22,487.45;81,049.71;69,585.95
2019;153279;ESCOLA DE ENFERMAGEM/UFMG;12;EDUCACAO;364;ENSINO SUPERIOR;2080;EDUCACAO DE QUALIDADE PARA TODOS;0487;CONCESSAO DE BOLSAS DE ESTUDO NO ENSINO SUPERIOR;0002;CONCESSAO DE BOLSAS DE ESTUDOS NO PAIS;12364208004870001;108452;OCCCUO9414N;BF SUPERIOR - PROAP;90;APLICACOES DIRETAS;3;DESPESAS CORRENTES;3;OUTRAS DESPESAS CORRENTES;40;SERVICOS DE TECNOLOGIA DA INFORMACAO E COMUNICACAO - PJ;339040;SERVICOS DE TECNOLOGIA DA INFORMACAO E COMUNICACAO - PJ;00;RECURSOS PRIMARIOS DE LIVRE APLICACAO;;;;;42,820.00;10,705.00;32,115.00;32,115.00
2019;153280;ESCOLA DE ENGENHARIA/UFMG;12;EDUCACAO;364;ENSINO SUPERIOR;2080;EDUCACAO DE QUALIDADE PARA TODOS;0487;CONCESSAO DE BOLSAS DE ESTUDO NO ENSINO SUPERIOR;0002;CONCESSAO DE BOLSAS DE ESTUDOS NO PAIS;12364208004870001;108452;OCCCUO9414N;BF SUPERIOR - PROAP;90;APLICACOES DIRETAS;3;DESPESAS CORRENTES;3;OUTRAS DESPESAS CORRENTES;14;DIARIAS - PESSOAL CIVIL;339014;DIARIAS - PESSOAL CIVIL;00;RECURSOS PRIMARIOS DE LIVRE APLICACAO;;;;;188,390.83;34,705.43;153,685.40;153,504.94
2019;153280;ESCOLA DE ENGENHARIA/UFMG;12;EDUCACAO;364;ENSINO SUPERIOR;2080;EDUCACAO DE QUALIDADE PARA TODOS;0487;CONCESSAO DE BOLSAS DE ESTUDO NO ENSINO SUPERIOR;0002;CONCESSAO DE BOLSAS DE ESTUDOS NO PAIS;12364208004870001;108452;OCCCUO9414N;BF SUPERIOR - PROAP;90;APLICACOES DIRETAS;3;DESPESAS CORRENTES;3;OUTRAS DESPESAS CORRENTES;18;AUXILIO FINANCEIRO A ESTUDANTES;339018;AUXILIO FINANCEIRO A ESTUDANTES;00;RECURSOS PRIMARIOS DE LIVRE APLICACAO;;;;;1,523,236.30;11,200.00;1,512,036.30;1,363,002.04
2019;153280;ESCOLA DE ENGENHARIA/UFMG;12;EDUCACAO;364;ENSINO SUPERIOR;2080;EDUCACAO DE QUALIDADE PARA TODOS;0487;CONCESSAO DE BOLSAS DE ESTUDO NO ENSINO SUPERIOR;0002;CONCESSAO DE BOLSAS DE ESTUDOS NO PAIS;12364208004870001;108452;OCCCUO9414N;BF SUPERIOR - PROAP;90;APLICACOES DIRETAS;3;DESPESAS CORRENTES;3;OUTRAS DESPESAS CORRENTES;30;MATERIAL DE CONSUMO;339030;MATERIAL DE CONSUMO;00;RECURSOS PRIMARIOS DE LIVRE APLICACAO;;;;;518,335.47;48,823.47;468,236.70;467,477.70
2019;153280;ESCOLA DE ENGENHARIA/UFMG;12;EDUCACAO;364;ENSINO SUPERIOR;2080;EDUCACAO DE QUALIDADE PARA TODOS;0487;CONCESSAO DE BOLSAS DE ESTUDO NO ENSINO SUPERIOR;0002;CONCESSAO DE BOLSAS DE ESTUDOS NO PAIS;12364208004870001;108452;OCCCUO9414N;BF SUPERIOR - PROAP;90;APLICACOES DIRETAS;3;DESPESAS CORRENTES;3;OUTRAS DESPESAS CORRENTES;33;PASSAGENS E DESPESAS COM LOCOMOCAO;339033;PASSAGENS E DESPESAS COM LOCOMOCAO;00;RECURSOS PRIMARIOS DE LIVRE APLICACAO;;;;;9,231.88;8,568.12;663.76;663.76
2019;153280;ESCOLA DE ENGENHARIA/UFMG;12;EDUCACAO;364;ENSINO SUPERIOR;2080;EDUCACAO DE QUALIDADE PARA TODOS;0487;CONCESSAO DE BOLSAS DE ESTUDO NO ENSINO SUPERIOR;0002;CONCESSAO DE BOLSAS DE ESTUDOS NO PAIS;12364208004870001;108452;OCCCUO9414N;BF SUPERIOR - PROAP;90;APLICACOES DIRETAS;3;DESPESAS CORRENTES;3;OUTRAS DESPESAS CORRENTES;36;OUTROS SERVICOS DE TERCEIROS - P.FISICA;339036;OUTROS SERVICOS DE TERCEIROS - PESSOA FISICA;00;RECURSOS PRIMARIOS DE LIVRE APLICACAO;;;;;20,721.20;924.00;19,797.20;19,193.60
2019;153280;ESCOLA DE ENGENHARIA/UFMG;12;EDUCACAO;364;ENSINO SUPERIOR;2080;EDUCACAO DE QUALIDADE PARA TODOS;0487;CONCESSAO DE BOLSAS DE ESTUDO NO ENSINO SUPERIOR;0002;CONCESSAO DE BOLSAS DE ESTUDOS NO PAIS;12364208004870001;108452;OCCCUO9414N;BF SUPERIOR - PROAP;90;APLICACOES DIRETAS;3;DESPESAS CORRENTES;3;OUTRAS DESPESAS CORRENTES;39;OUTROS SERVICOS DE TERCEIROS PJ - OP.INT.ORC.;339039;OUTROS SERVICOS DE TERCEIROS - PESSOA JURIDICA;00;RECURSOS PRIMARIOS DE LIVRE APLICACAO;;;;;17,341.90;4,643.90;12,698.00;12,698.00
2019;153281;ESCOLA DE MUSICA/UFMG;12;EDUCACAO;364;ENSINO SUPERIOR;2080;EDUCACAO DE QUALIDADE PARA TODOS;0487;CONCESSAO DE BOLSAS DE ESTUDO NO ENSINO SUPERIOR;0002;CONCESSAO DE BOLSAS DE ESTUDOS NO PAIS;12364208004870001;108452;OCCCUO9414N;BF SUPERIOR - PROAP;90;APLICACOES DIRETAS;3;DESPESAS CORRENTES;3;OUTRAS DESPESAS CORRENTES;18;AUXILIO FINANCEIRO A ESTUDANTES;339018;AUXILIO FINANCEIRO A ESTUDANTES;00;RECURSOS PRIMARIOS DE LIVRE APLICACAO;;;;;169,634.06;6,499.09;163,134.97;161,434.97
2019;153281;ESCOLA DE MUSICA/UFMG;12;EDUCACAO;364;ENSINO SUPERIOR;2080;EDUCACAO DE QUALIDADE PARA TODOS;0487;CONCESSAO DE BOLSAS DE ESTUDO NO ENSINO SUPERIOR;0002;CONCESSAO DE BOLSAS DE ESTUDOS NO PAIS;12364208004870001;108452;OCCCUO9414N;BF SUPERIOR - PROAP;90;APLICACOES DIRETAS;3;DESPESAS CORRENTES;3;OUTRAS DESPESAS CORRENTES;39;OUTROS SERVICOS DE TERCEIROS PJ - OP.INT.ORC.;339039;OUTROS SERVICOS DE TERCEIROS - PESSOA JURIDICA;00;RECURSOS PRIMARIOS DE LIVRE APLICACAO;;;;;10,895.00;2,179.00;8,716.00;7,416.00
2019;153282;ESCOLA DE VETERINARIA/UFMG;12;EDUCACAO;364;ENSINO SUPERIOR;2080;EDUCACAO DE QUALIDADE PARA TODOS;0487;CONCESSAO DE BOLSAS DE ESTUDO NO ENSINO SUPERIOR;0002;CONCESSAO DE BOLSAS DE ESTUDOS NO PAIS;12364208004870001;108452;OCCCUO9414N;BF SUPERIOR - PROAP;90;APLICACOES DIRETAS;3;DESPESAS CORRENTES;3;OUTRAS DESPESAS CORRENTES;18;AUXILIO FINANCEIRO A ESTUDANTES;339018;AUXILIO FINANCEIRO A ESTUDANTES;00;RECURSOS PRIMARIOS DE LIVRE APLICACAO;;;;;139,850.30;0.00;139,850.30;138,699.80
2019;153282;ESCOLA DE VETERINARIA/UFMG;12;EDUCACAO;364;ENSINO SUPERIOR;2080;EDUCACAO DE QUALIDADE PARA TODOS;0487;CONCESSAO DE BOLSAS DE ESTUDO NO ENSINO SUPERIOR;0002;CONCESSAO DE BOLSAS DE ESTUDOS NO PAIS;12364208004870001;108452;OCCCUO9414N;BF SUPERIOR - PROAP;90;APLICACOES DIRETAS;3;DESPESAS CORRENTES;3;OUTRAS DESPESAS CORRENTES;30;MATERIAL DE CONSUMO;339030;MATERIAL DE CONSUMO;00;RECURSOS PRIMARIOS DE LIVRE APLICACAO;;;;;291,065.89;70,290.75;203,699.14;193,518.73
2019;153282;ESCOLA DE VETERINARIA/UFMG;12;EDUCACAO;364;ENSINO SUPERIOR;2080;EDUCACAO DE QUALIDADE PARA TODOS;0487;CONCESSAO DE BOLSAS DE ESTUDO NO ENSINO SUPERIOR;0002;CONCESSAO DE BOLSAS DE ESTUDOS NO PAIS;12364208004870001;108452;OCCCUO9414N;BF SUPERIOR - PROAP;90;APLICACOES DIRETAS;3;DESPESAS CORRENTES;3;OUTRAS DESPESAS CORRENTES;39;OUTROS SERVICOS DE TERCEIROS PJ - OP.INT.ORC.;339039;OUTROS SERVICOS DE TERCEIROS - PESSOA JURIDICA;00;RECURSOS PRIMARIOS DE LIVRE APLICACAO;;;;;67,704.80;7,655.00;60,049.80;51,936.80
2019;153283;FACULDADE DE CIENCIAS ECONOMICAS/UFMG;12;EDUCACAO;364;ENSINO SUPERIOR;2080;EDUCACAO DE QUALIDADE PARA TODOS;0487;CONCESSAO DE BOLSAS DE ESTUDO NO ENSINO SUPERIOR;0002;CONCESSAO DE BOLSAS DE ESTUDOS NO PAIS;12364208004870001;108452;OCCCUO9414N;BF SUPERIOR - PROAP;90;APLICACOES DIRETAS;3;DESPESAS CORRENTES;3;OUTRAS DESPESAS CORRENTES;14;DIARIAS - PESSOAL CIVIL;339014;DIARIAS - PESSOAL CIVIL;00;RECURSOS PRIMARIOS DE LIVRE APLICACAO;;;;;85,944.42;38,982.47;46,961.95;45,346.30
2019;153283;FACULDADE DE CIENCIAS ECONOMICAS/UFMG;12;EDUCACAO;364;ENSINO SUPERIOR;2080;EDUCACAO DE QUALIDADE PARA TODOS;0487;CONCESSAO DE BOLSAS DE ESTUDO NO ENSINO SUPERIOR;0002;CONCESSAO DE BOLSAS DE ESTUDOS NO PAIS;12364208004870001;108452;OCCCUO9414N;BF SUPERIOR - PROAP;90;APLICACOES DIRETAS;3;DESPESAS CORRENTES;3;OUTRAS DESPESAS CORRENTES;18;AUXILIO FINANCEIRO A ESTUDANTES;339018;AUXILIO FINANCEIRO A ESTUDANTES;00;RECURSOS PRIMARIOS DE LIVRE APLICACAO;;;;;328,210.00;30,420.00;297,790.00;284,340.00
2019;153283;FACULDADE DE CIENCIAS ECONOMICAS/UFMG;12;EDUCACAO;364;ENSINO SUPERIOR;2080;EDUCACAO DE QUALIDADE PARA TODOS;0487;CONCESSAO DE BOLSAS DE ESTUDO NO ENSINO SUPERIOR;0002;CONCESSAO DE BOLSAS DE ESTUDOS NO PAIS;12364208004870001;108452;OCCCUO9414N;BF SUPERIOR - PROAP;90;APLICACOES DIRETAS;3;DESPESAS CORRENTES;3;OUTRAS DESPESAS CORRENTES;30;MATERIAL DE CONSUMO;339030;MATERIAL DE CONSUMO;00;RECURSOS PRIMARIOS DE LIVRE APLICACAO;;;;;30,123.34;2,767.14;27,309.10;27,109.10
2019;153283;FACULDADE DE CIENCIAS ECONOMICAS/UFMG;12;EDUCACAO;364;ENSINO SUPERIOR;2080;EDUCACAO DE QUALIDADE PARA TODOS;0487;CONCESSAO DE BOLSAS DE ESTUDO NO ENSINO SUPERIOR;0002;CONCESSAO DE BOLSAS DE ESTUDOS NO PAIS;12364208004870001;108452;OCCCUO9414N;BF SUPERIOR - PROAP;90;APLICACOES DIRETAS;3;DESPESAS CORRENTES;3;OUTRAS DESPESAS CORRENTES;36;OUTROS SERVICOS DE TERCEIROS - P.FISICA;339036;OUTROS SERVICOS DE TERCEIROS - PESSOA FISICA;00;RECURSOS PRIMARIOS DE LIVRE APLICACAO;;;;;2,419.20;407.20;2,012.00;1,207.20
2019;153286;FACULDADE DE FARMACIA/UFMG;12;EDUCACAO;364;ENSINO SUPERIOR;2080;EDUCACAO DE QUALIDADE PARA TODOS;0487;CONCESSAO DE BOLSAS DE ESTUDO NO ENSINO SUPERIOR;0002;CONCESSAO DE BOLSAS DE ESTUDOS NO PAIS;12364208004870001;108452;OCCCUO9414N;BF SUPERIOR - PROAP;90;APLICACOES DIRETAS;3;DESPESAS CORRENTES;3;OUTRAS DESPESAS CORRENTES;18;AUXILIO FINANCEIRO A ESTUDANTES;339018;AUXILIO FINANCEIRO A ESTUDANTES;00;RECURSOS PRIMARIOS DE LIVRE APLICACAO;;;;;273,748.00;0.00;273,748.00;266,198.00
2019;153286;FACULDADE DE FARMACIA/UFMG;12;EDUCACAO;364;ENSINO SUPERIOR;2080;EDUCACAO DE QUALIDADE PARA TODOS;0487;CONCESSAO DE BOLSAS DE ESTUDO NO ENSINO SUPERIOR;0002;CONCESSAO DE BOLSAS DE ESTUDOS NO PAIS;12364208004870001;108452;OCCCUO9414N;BF SUPERIOR - PROAP;90;APLICACOES DIRETAS;3;DESPESAS CORRENTES;3;OUTRAS DESPESAS CORRENTES;30;MATERIAL DE CONSUMO;339030;MATERIAL DE CONSUMO;00;RECURSOS PRIMARIOS DE LIVRE APLICACAO;;;;;410,292.18;104,120.12;267,533.02;251,232.27
2019;153286;FACULDADE DE FARMACIA/UFMG;12;EDUCACAO;364;ENSINO SUPERIOR;2080;EDUCACAO DE QUALIDADE PARA TODOS;0487;CONCESSAO DE BOLSAS DE ESTUDO NO ENSINO SUPERIOR;0002;CONCESSAO DE BOLSAS DE ESTUDOS NO PAIS;12364208004870001;108452;OCCCUO9414N;BF SUPERIOR - PROAP;90;APLICACOES DIRETAS;3;DESPESAS CORRENTES;3;OUTRAS DESPESAS CORRENTES;39;OUTROS SERVICOS DE TERCEIROS PJ - OP.INT.ORC.;339039;OUTROS SERVICOS DE TERCEIROS - PESSOA JURIDICA;00;RECURSOS PRIMARIOS DE LIVRE APLICACAO;;;;;101,517.38;12,277.00;89,240.38;84,882.88
2019;153287;FACULDADE DE FILOSOFIA E CIENC. HUMANAS/UFMG;12;EDUCACAO;364;ENSINO SUPERIOR;2080;EDUCACAO DE QUALIDADE PARA TODOS;0487;CONCESSAO DE BOLSAS DE ESTUDO NO ENSINO SUPERIOR;0002;CONCESSAO DE BOLSAS DE ESTUDOS NO PAIS;12364208004870001;108452;OCCCUO9414N;BF SUPERIOR - PROAP;90;APLICACOES DIRETAS;3;DESPESAS CORRENTES;3;OUTRAS DESPESAS CORRENTES;14;DIARIAS - PESSOAL CIVIL;339014;DIARIAS - PESSOAL CIVIL;00;RECURSOS PRIMARIOS DE LIVRE APLICACAO;;;;;29,911.63;5,890.95;24,020.68;22,104.88
2019;153287;FACULDADE DE FILOSOFIA E CIENC. HUMANAS/UFMG;12;EDUCACAO;364;ENSINO SUPERIOR;2080;EDUCACAO DE QUALIDADE PARA TODOS;0487;CONCESSAO DE BOLSAS DE ESTUDO NO ENSINO SUPERIOR;0002;CONCESSAO DE BOLSAS DE ESTUDOS NO PAIS;12364208004870001;108452;OCCCUO9414N;BF SUPERIOR - PROAP;90;APLICACOES DIRETAS;3;DESPESAS CORRENTES;3;OUTRAS DESPESAS CORRENTES;18;AUXILIO FINANCEIRO A ESTUDANTES;339018;AUXILIO FINANCEIRO A ESTUDANTES;00;RECURSOS PRIMARIOS DE LIVRE APLICACAO;;;;;559,749.52;500.00;559,249.52;528,049.52
2019;153287;FACULDADE DE FILOSOFIA E CIENC. HUMANAS/UFMG;12;EDUCACAO;364;ENSINO SUPERIOR;2080;EDUCACAO DE QUALIDADE PARA TODOS;0487;CONCESSAO DE BOLSAS DE ESTUDO NO ENSINO SUPERIOR;0002;CONCESSAO DE BOLSAS DE ESTUDOS NO PAIS;12364208004870001;108452;OCCCUO9414N;BF SUPERIOR - PROAP;90;APLICACOES DIRETAS;3;DESPESAS CORRENTES;3;OUTRAS DESPESAS CORRENTES;36;OUTROS SERVICOS DE TERCEIROS - P.FISICA;339036;OUTROS SERVICOS DE TERCEIROS - PESSOA FISICA;00;RECURSOS PRIMARIOS DE LIVRE APLICACAO;;;;;6,752.00;0.00;6,752.00;5,064.00
2019;153289;FACULDADE DE MEDICINA/UFMG;12;EDUCACAO;364;ENSINO SUPERIOR;2080;EDUCACAO DE QUALIDADE PARA TODOS;0487;CONCESSAO DE BOLSAS DE ESTUDO NO ENSINO SUPERIOR;0002;CONCESSAO DE BOLSAS DE ESTUDOS NO PAIS;12364208004870001;108452;OCCCUO9414N;BF SUPERIOR - PROAP;90;APLICACOES DIRETAS;3;DESPESAS CORRENTES;3;OUTRAS DESPESAS CORRENTES;14;DIARIAS - PESSOAL CIVIL;339014;DIARIAS - PESSOAL CIVIL;00;RECURSOS PRIMARIOS DE LIVRE APLICACAO;;;;;160,921.76;90,937.32;69,984.44;68,159.28
2019;153289;FACULDADE DE MEDICINA/UFMG;12;EDUCACAO;364;ENSINO SUPERIOR;2080;EDUCACAO DE QUALIDADE PARA TODOS;0487;CONCESSAO DE BOLSAS DE ESTUDO NO ENSINO SUPERIOR;0002;CONCESSAO DE BOLSAS DE ESTUDOS NO PAIS;12364208004870001;108452;OCCCUO9414N;BF SUPERIOR - PROAP;90;APLICACOES DIRETAS;3;DESPESAS CORRENTES;3;OUTRAS DESPESAS CORRENTES;18;AUXILIO FINANCEIRO A ESTUDANTES;339018;AUXILIO FINANCEIRO A ESTUDANTES;00;RECURSOS PRIMARIOS DE LIVRE APLICACAO;;;;;112,000.00;0.00;112,000.00;112,000.00
2019;153289;FACULDADE DE MEDICINA/UFMG;12;EDUCACAO;364;ENSINO SUPERIOR;2080;EDUCACAO DE QUALIDADE PARA TODOS;0487;CONCESSAO DE BOLSAS DE ESTUDO NO ENSINO SUPERIOR;0002;CONCESSAO DE BOLSAS DE ESTUDOS NO PAIS;12364208004870001;108452;OCCCUO9414N;BF SUPERIOR - PROAP;90;APLICACOES DIRETAS;3;DESPESAS CORRENTES;3;OUTRAS DESPESAS CORRENTES;30;MATERIAL DE CONSUMO;339030;MATERIAL DE CONSUMO;00;RECURSOS PRIMARIOS DE LIVRE APLICACAO;;;;;366,076.29;123,166.27;239,130.62;227,927.90
2019;153289;FACULDADE DE MEDICINA/UFMG;12;EDUCACAO;364;ENSINO SUPERIOR;2080;EDUCACAO DE QUALIDADE PARA TODOS;0487;CONCESSAO DE BOLSAS DE ESTUDO NO ENSINO SUPERIOR;0002;CONCESSAO DE BOLSAS DE ESTUDOS NO PAIS;12364208004870001;108452;OCCCUO9414N;BF SUPERIOR - PROAP;90;APLICACOES DIRETAS;3;DESPESAS CORRENTES;3;OUTRAS DESPESAS CORRENTES;33;PASSAGENS E DESPESAS COM LOCOMOCAO;339033;PASSAGENS E DESPESAS COM LOCOMOCAO;00;RECURSOS PRIMARIOS DE LIVRE APLICACAO;;;;;103,887.58;34,715.07;69,172.51;69,172.51
2019;153289;FACULDADE DE MEDICINA/UFMG;12;EDUCACAO;364;ENSINO SUPERIOR;2080;EDUCACAO DE QUALIDADE PARA TODOS;0487;CONCESSAO DE BOLSAS DE ESTUDO NO ENSINO SUPERIOR;0002;CONCESSAO DE BOLSAS DE ESTUDOS NO PAIS;12364208004870001;108452;OCCCUO9414N;BF SUPERIOR - PROAP;90;APLICACOES DIRETAS;3;DESPESAS CORRENTES;3;OUTRAS DESPESAS CORRENTES;36;OUTROS SERVICOS DE TERCEIROS - P.FISICA;339036;OUTROS SERVICOS DE TERCEIROS - PESSOA FISICA;00;RECURSOS PRIMARIOS DE LIVRE APLICACAO;;;;;16,082.20;5,200.00;10,882.20;10,468.60
2019;153289;FACULDADE DE MEDICINA/UFMG;12;EDUCACAO;364;ENSINO SUPERIOR;2080;EDUCACAO DE QUALIDADE PARA TODOS;0487;CONCESSAO DE BOLSAS DE ESTUDO NO ENSINO SUPERIOR;0002;CONCESSAO DE BOLSAS DE ESTUDOS NO PAIS;12364208004870001;108452;OCCCUO9414N;BF SUPERIOR - PROAP;90;APLICACOES DIRETAS;3;DESPESAS CORRENTES;3;OUTRAS DESPESAS CORRENTES;39;OUTROS SERVICOS DE TERCEIROS PJ - OP.INT.ORC.;339039;OUTROS SERVICOS DE TERCEIROS - PESSOA JURIDICA;00;RECURSOS PRIMARIOS DE LIVRE APLICACAO;;;;;46,985.85;15,504.90;14,051.40;14,051.40
2019;153291;INSTITUTO DE CIENCIAS BIOLOGICAS/UFMG;12;EDUCACAO;364;ENSINO SUPERIOR;2080;EDUCACAO DE QUALIDADE PARA TODOS;0487;CONCESSAO DE BOLSAS DE ESTUDO NO ENSINO SUPERIOR;0002;CONCESSAO DE BOLSAS DE ESTUDOS NO PAIS;12364208004870001;108452;OCCCUO9414N;BF SUPERIOR - PROAP;90;APLICACOES DIRETAS;3;DESPESAS CORRENTES;3;OUTRAS DESPESAS CORRENTES;14;DIARIAS - PESSOAL CIVIL;339014;DIARIAS - PESSOAL CIVIL;00;RECURSOS PRIMARIOS DE LIVRE APLICACAO;;;;;7,127.44;1,406.76;5,720.68;5,720.68
2019;153291;INSTITUTO DE CIENCIAS BIOLOGICAS/UFMG;12;EDUCACAO;364;ENSINO SUPERIOR;2080;EDUCACAO DE QUALIDADE PARA TODOS;0487;CONCESSAO DE BOLSAS DE ESTUDO NO ENSINO SUPERIOR;0002;CONCESSAO DE BOLSAS DE ESTUDOS NO PAIS;12364208004870001;108452;OCCCUO9414N;BF SUPERIOR - PROAP;90;APLICACOES DIRETAS;3;DESPESAS CORRENTES;3;OUTRAS DESPESAS CORRENTES;18;AUXILIO FINANCEIRO A ESTUDANTES;339018;AUXILIO FINANCEIRO A ESTUDANTES;00;RECURSOS PRIMARIOS DE LIVRE APLICACAO;;;;;444,136.39;51,759.50;392,376.89;376,408.20
2019;153291;INSTITUTO DE CIENCIAS BIOLOGICAS/UFMG;12;EDUCACAO;364;ENSINO SUPERIOR;2080;EDUCACAO DE QUALIDADE PARA TODOS;0487;CONCESSAO DE BOLSAS DE ESTUDO NO ENSINO SUPERIOR;0002;CONCESSAO DE BOLSAS DE ESTUDOS NO PAIS;12364208004870001;108452;OCCCUO9414N;BF SUPERIOR - PROAP;90;APLICACOES DIRETAS;3;DESPESAS CORRENTES;3;OUTRAS DESPESAS CORRENTES;30;MATERIAL DE CONSUMO;339030;MATERIAL DE CONSUMO;00;RECURSOS PRIMARIOS DE LIVRE APLICACAO;;;;;125,851.00;48,812.00;49,760.00;49,760.00
2019;153291;INSTITUTO DE CIENCIAS BIOLOGICAS/UFMG;12;EDUCACAO;364;ENSINO SUPERIOR;2080;EDUCACAO DE QUALIDADE PARA TODOS;0487;CONCESSAO DE BOLSAS DE ESTUDO NO ENSINO SUPERIOR;0002;CONCESSAO DE BOLSAS DE ESTUDOS NO PAIS;12364208004870001;108452;OCCCUO9414N;BF SUPERIOR - PROAP;90;APLICACOES DIRETAS;3;DESPESAS CORRENTES;3;OUTRAS DESPESAS CORRENTES;39;OUTROS SERVICOS DE TERCEIROS PJ - OP.INT.ORC.;339039;OUTROS SERVICOS DE TERCEIROS - PESSOA JURIDICA;00;RECURSOS PRIMARIOS DE LIVRE APLICACAO;;;;;30,100.00;4,300.00;25,800.00;25,800.00
2019;153291;INSTITUTO DE CIENCIAS BIOLOGICAS/UFMG;12;EDUCACAO;368;EDUCACAO BASICA;2080;EDUCACAO DE QUALIDADE PARA TODOS;20RJ;APOIO A CAPACITACAO E FORMACAO INICIAL E CONTINUADA PARA A E;0004;EDUCACAO BASICA A DISTANCIA - SISTEMA UNIVERSIDADE ABERTA DO BRASIL (UAB);12368208020RJ0001;108456;QCC62T58BIN;UAB - UAB PROFBIO;90;APLICACOES DIRETAS;3;DESPESAS CORRENTES;3;OUTRAS DESPESAS CORRENTES;39;OUTROS SERVICOS DE TERCEIROS PJ - OP.INT.ORC.;339039;OUTROS SERVICOS DE TERCEIROS - PESSOA JURIDICA;00;RECURSOS PRIMARIOS DE LIVRE APLICACAO;;;;;1,920,247.44;480,061.86;1,440,185.58;1,440,185.58
2019;153292;INSTITUTO DE CIENCIAS EXATAS/UFMG;12;EDUCACAO;364;ENSINO SUPERIOR;2080;EDUCACAO DE QUALIDADE PARA TODOS;0487;CONCESSAO DE BOLSAS DE ESTUDO NO ENSINO SUPERIOR;0002;CONCESSAO DE BOLSAS DE ESTUDOS NO PAIS;12364208004870001;108452;OCCCUO9414N;BF SUPERIOR - PROAP;90;APLICACOES DIRETAS;3;DESPESAS CORRENTES;3;OUTRAS DESPESAS CORRENTES;14;DIARIAS - PESSOAL CIVIL;339014;DIARIAS - PESSOAL CIVIL;00;RECURSOS PRIMARIOS DE LIVRE APLICACAO;;;;;91,805.01;14,252.60;77,552.41;63,980.77
2019;153292;INSTITUTO DE CIENCIAS EXATAS/UFMG;12;EDUCACAO;364;ENSINO SUPERIOR;2080;EDUCACAO DE QUALIDADE PARA TODOS;0487;CONCESSAO DE BOLSAS DE ESTUDO NO ENSINO SUPERIOR;0002;CONCESSAO DE BOLSAS DE ESTUDOS NO PAIS;12364208004870001;108452;OCCCUO9414N;BF SUPERIOR - PROAP;90;APLICACOES DIRETAS;3;DESPESAS CORRENTES;3;OUTRAS DESPESAS CORRENTES;18;AUXILIO FINANCEIRO A ESTUDANTES;339018;AUXILIO FINANCEIRO A ESTUDANTES;00;RECURSOS PRIMARIOS DE LIVRE APLICACAO;;;;;167,151.67;0.00;167,151.67;160,551.67
2019;153292;INSTITUTO DE CIENCIAS EXATAS/UFMG;12;EDUCACAO;364;ENSINO SUPERIOR;2080;EDUCACAO DE QUALIDADE PARA TODOS;0487;CONCESSAO DE BOLSAS DE ESTUDO NO ENSINO SUPERIOR;0002;CONCESSAO DE BOLSAS DE ESTUDOS NO PAIS;12364208004870001;108452;OCCCUO9414N;BF SUPERIOR - PROAP;90;APLICACOES DIRETAS;3;DESPESAS CORRENTES;3;OUTRAS DESPESAS CORRENTES;30;MATERIAL DE CONSUMO;339030;MATERIAL DE CONSUMO;00;RECURSOS PRIMARIOS DE LIVRE APLICACAO;;;;;24,942.00;5,943.02;18,998.98;18,769.08
2019;153292;INSTITUTO DE CIENCIAS EXATAS/UFMG;12;EDUCACAO;364;ENSINO SUPERIOR;2080;EDUCACAO DE QUALIDADE PARA TODOS;0487;CONCESSAO DE BOLSAS DE ESTUDO NO ENSINO SUPERIOR;0002;CONCESSAO DE BOLSAS DE ESTUDOS NO PAIS;12364208004870001;108452;OCCCUO9414N;BF SUPERIOR - PROAP;90;APLICACOES DIRETAS;3;DESPESAS CORRENTES;3;OUTRAS DESPESAS CORRENTES;33;PASSAGENS E DESPESAS COM LOCOMOCAO;339033;PASSAGENS E DESPESAS COM LOCOMOCAO;00;RECURSOS PRIMARIOS DE LIVRE APLICACAO;;;;;6,937.85;2,237.29;4,700.56;4,700.56
2019;153292;INSTITUTO DE CIENCIAS EXATAS/UFMG;12;EDUCACAO;364;ENSINO SUPERIOR;2080;EDUCACAO DE QUALIDADE PARA TODOS;0487;CONCESSAO DE BOLSAS DE ESTUDO NO ENSINO SUPERIOR;0002;CONCESSAO DE BOLSAS DE ESTUDOS NO PAIS;12364208004870001;108452;OCCCUO9414N;BF SUPERIOR - PROAP;90;APLICACOES DIRETAS;3;DESPESAS CORRENTES;3;OUTRAS DESPESAS CORRENTES;36;OUTROS SERVICOS DE TERCEIROS - P.FISICA;339036;OUTROS SERVICOS DE TERCEIROS - PESSOA FISICA;00;RECURSOS PRIMARIOS DE LIVRE APLICACAO;;;;;10,966.00;0.00;10,966.00;10,563.60
2019;153292;INSTITUTO DE CIENCIAS EXATAS/UFMG;12;EDUCACAO;364;ENSINO SUPERIOR;2080;EDUCACAO DE QUALIDADE PARA TODOS;0487;CONCESSAO DE BOLSAS DE ESTUDO NO ENSINO SUPERIOR;0002;CONCESSAO DE BOLSAS DE ESTUDOS NO PAIS;12364208004870001;108452;OCCCUO9414N;BF SUPERIOR - PROAP;90;APLICACOES DIRETAS;3;DESPESAS CORRENTES;3;OUTRAS DESPESAS CORRENTES;39;OUTROS SERVICOS DE TERCEIROS PJ - OP.INT.ORC.;339039;OUTROS SERVICOS DE TERCEIROS - PESSOA JURIDICA;00;RECURSOS PRIMARIOS DE LIVRE APLICACAO;;;;;1,193.45;723.93;469.52;469.52
2019;153293;INSTITUTO DE GEO-CIENCIAS/UFMG;12;EDUCACAO;364;ENSINO SUPERIOR;2080;EDUCACAO DE QUALIDADE PARA TODOS;0487;CONCESSAO DE BOLSAS DE ESTUDO NO ENSINO SUPERIOR;0002;CONCESSAO DE BOLSAS DE ESTUDOS NO PAIS;12364208004870001;108452;OCCCUO9414N;BF SUPERIOR - PROAP;90;APLICACOES DIRETAS;3;DESPESAS CORRENTES;3;OUTRAS DESPESAS CORRENTES;18;AUXILIO FINANCEIRO A ESTUDANTES;339018;AUXILIO FINANCEIRO A ESTUDANTES;00;RECURSOS PRIMARIOS DE LIVRE APLICACAO;;;;;198,572.85;16.00;198,556.85;187,236.46
2019;153293;INSTITUTO DE GEO-CIENCIAS/UFMG;12;EDUCACAO;364;ENSINO SUPERIOR;2080;EDUCACAO DE QUALIDADE PARA TODOS;0487;CONCESSAO DE BOLSAS DE ESTUDO NO ENSINO SUPERIOR;0002;CONCESSAO DE BOLSAS DE ESTUDOS NO PAIS;12364208004870001;108452;OCCCUO9414N;BF SUPERIOR - PROAP;90;APLICACOES DIRETAS;3;DESPESAS CORRENTES;3;OUTRAS DESPESAS CORRENTES;30;MATERIAL DE CONSUMO;339030;MATERIAL DE CONSUMO;00;RECURSOS PRIMARIOS DE LIVRE APLICACAO;;;;;11,849.07;732.75;11,116.32;11,116.32
2019;153293;INSTITUTO DE GEO-CIENCIAS/UFMG;12;EDUCACAO;364;ENSINO SUPERIOR;2080;EDUCACAO DE QUALIDADE PARA TODOS;0487;CONCESSAO DE BOLSAS DE ESTUDO NO ENSINO SUPERIOR;0002;CONCESSAO DE BOLSAS DE ESTUDOS NO PAIS;12364208004870001;108452;OCCCUO9414N;BF SUPERIOR - PROAP;90;APLICACOES DIRETAS;3;DESPESAS CORRENTES;3;OUTRAS DESPESAS CORRENTES;39;OUTROS SERVICOS DE TERCEIROS PJ - OP.INT.ORC.;339039;OUTROS SERVICOS DE TERCEIROS - PESSOA JURIDICA;00;RECURSOS PRIMARIOS DE LIVRE APLICACAO;;;;;6,754.00;5,977.60;336.90;336.90
2019;153296;INSTITUTO DE CIENCIAS AGRARIAS/UFMG;12;EDUCACAO;364;ENSINO SUPERIOR;2080;EDUCACAO DE QUALIDADE PARA TODOS;0487;CONCESSAO DE BOLSAS DE ESTUDO NO ENSINO SUPERIOR;0002;CONCESSAO DE BOLSAS DE ESTUDOS NO PAIS;12364208004870001;108452;OCCCUO9414N;BF SUPERIOR - PROAP;90;APLICACOES DIRETAS;3;DESPESAS CORRENTES;3;OUTRAS DESPESAS CORRENTES;14;DIARIAS - PESSOAL CIVIL;339014;DIARIAS - PESSOAL CIVIL;00;RECURSOS PRIMARIOS DE LIVRE APLICACAO;;;;;110,240.63;33,256.73;76,983.90;70,888.52
2019;153296;INSTITUTO DE CIENCIAS AGRARIAS/UFMG;12;EDUCACAO;364;ENSINO SUPERIOR;2080;EDUCACAO DE QUALIDADE PARA TODOS;0487;CONCESSAO DE BOLSAS DE ESTUDO NO ENSINO SUPERIOR;0002;CONCESSAO DE BOLSAS DE ESTUDOS NO PAIS;12364208004870001;108452;OCCCUO9414N;BF SUPERIOR - PROAP;90;APLICACOES DIRETAS;3;DESPESAS CORRENTES;3;OUTRAS DESPESAS CORRENTES;18;AUXILIO FINANCEIRO A ESTUDANTES;339018;AUXILIO FINANCEIRO A ESTUDANTES;00;RECURSOS PRIMARIOS DE LIVRE APLICACAO;;;;;324,453.09;31,493.38;292,959.71;284,340.51
2019;153296;INSTITUTO DE CIENCIAS AGRARIAS/UFMG;12;EDUCACAO;364;ENSINO SUPERIOR;2080;EDUCACAO DE QUALIDADE PARA TODOS;0487;CONCESSAO DE BOLSAS DE ESTUDO NO ENSINO SUPERIOR;0002;CONCESSAO DE BOLSAS DE ESTUDOS NO PAIS;12364208004870001;108452;OCCCUO9414N;BF SUPERIOR - PROAP;90;APLICACOES DIRETAS;3;DESPESAS CORRENTES;3;OUTRAS DESPESAS CORRENTES;30;MATERIAL DE CONSUMO;339030;MATERIAL DE CONSUMO;00;RECURSOS PRIMARIOS DE LIVRE APLICACAO;;;;;942,884.88;229,803.32;309,946.36;308,026.46
2019;153296;INSTITUTO DE CIENCIAS AGRARIAS/UFMG;12;EDUCACAO;364;ENSINO SUPERIOR;2080;EDUCACAO DE QUALIDADE PARA TODOS;0487;CONCESSAO DE BOLSAS DE ESTUDO NO ENSINO SUPERIOR;0002;CONCESSAO DE BOLSAS DE ESTUDOS NO PAIS;12364208004870001;108452;OCCCUO9414N;BF SUPERIOR - PROAP;90;APLICACOES DIRETAS;3;DESPESAS CORRENTES;3;OUTRAS DESPESAS CORRENTES;33;PASSAGENS E DESPESAS COM LOCOMOCAO;339033;PASSAGENS E DESPESAS COM LOCOMOCAO;00;RECURSOS PRIMARIOS DE LIVRE APLICACAO;;;;;3,739.17;926.73;2,812.44;2,812.44
2019;153296;INSTITUTO DE CIENCIAS AGRARIAS/UFMG;12;EDUCACAO;364;ENSINO SUPERIOR;2080;EDUCACAO DE QUALIDADE PARA TODOS;0487;CONCESSAO DE BOLSAS DE ESTUDO NO ENSINO SUPERIOR;0002;CONCESSAO DE BOLSAS DE ESTUDOS NO PAIS;12364208004870001;108452;OCCCUO9414N;BF SUPERIOR - PROAP;90;APLICACOES DIRETAS;3;DESPESAS CORRENTES;3;OUTRAS DESPESAS CORRENTES;39;OUTROS SERVICOS DE TERCEIROS PJ - OP.INT.ORC.;339039;OUTROS SERVICOS DE TERCEIROS - PESSOA JURIDICA;00;RECURSOS PRIMARIOS DE LIVRE APLICACAO;;;;;4,300.00;1,720.00;;
2019;153343;ESCOLA DE BELAS ARTES;12;EDUCACAO;364;ENSINO SUPERIOR;2080;EDUCACAO DE QUALIDADE PARA TODOS;0487;CONCESSAO DE BOLSAS DE ESTUDO NO ENSINO SUPERIOR;0002;CONCESSAO DE BOLSAS DE ESTUDOS NO PAIS;12364208004870001;108452;OCCCUO9414N;BF SUPERIOR - PROAP;90;APLICACOES DIRETAS;3;DESPESAS CORRENTES;3;OUTRAS DESPESAS CORRENTES;39;OUTROS SERVICOS DE TERCEIROS PJ - OP.INT.ORC.;339039;OUTROS SERVICOS DE TERCEIROS - PESSOA JURIDICA;08;FUNDO SOCIAL-PARC.DEST.EDUCACAO PUBL.E SAUDE;;;;;20,400.00;5,100.00;15,300.00;15,300.00
2019;153355;DIRETORIA DO CENTRO DE INFORMATICA - UFPE;12;EDUCACAO;368;EDUCACAO BASICA;2080;EDUCACAO DE QUALIDADE PARA TODOS;20RJ;APOIO A CAPACITACAO E FORMACAO INICIAL E CONTINUADA PARA A E;0004;EDUCACAO BASICA A DISTANCIA - SISTEMA UNIVERSIDADE ABERTA DO BRASIL (UAB);12368208020RJ0001;108456;MCC62G22EDN;UAB - UAB TRADICIONAL;90;APLICACOES DIRETAS;3;DESPESAS CORRENTES;3;OUTRAS DESPESAS CORRENTES;39;OUTROS SERVICOS DE TERCEIROS PJ - OP.INT.ORC.;339039;OUTROS SERVICOS DE TERCEIROS - PESSOA JURIDICA;00;RECURSOS PRIMARIOS DE LIVRE APLICACAO;;;;;1,230,298.80;311,947.80;;
2019;153490;FACULDADE DE LETRAS - UFRJ;12;EDUCACAO;364;ENSINO SUPERIOR;2080;EDUCACAO DE QUALIDADE PARA TODOS;0487;CONCESSAO DE BOLSAS DE ESTUDO NO ENSINO SUPERIOR;0002;CONCESSAO DE BOLSAS DE ESTUDOS NO PAIS;12364208004870001;108452;OCCCUO9414N;BF SUPERIOR - PROAP;90;APLICACOES DIRETAS;3;DESPESAS CORRENTES;3;OUTRAS DESPESAS CORRENTES;18;AUXILIO FINANCEIRO A ESTUDANTES;339018;AUXILIO FINANCEIRO A ESTUDANTES;08;FUNDO SOCIAL-PARC.DEST.EDUCACAO PUBL.E SAUDE;;;;;216,141.00;8,832.00;207,309.00;176,252.00
2019;153490;FACULDADE DE LETRAS - UFRJ;12;EDUCACAO;364;ENSINO SUPERIOR;2080;EDUCACAO DE QUALIDADE PARA TODOS;0487;CONCESSAO DE BOLSAS DE ESTUDO NO ENSINO SUPERIOR;0002;CONCESSAO DE BOLSAS DE ESTUDOS NO PAIS;12364208004870001;108452;OCCCUO9414N;BF SUPERIOR - PROAP;90;APLICACOES DIRETAS;3;DESPESAS CORRENTES;3;OUTRAS DESPESAS CORRENTES;30;MATERIAL DE CONSUMO;339030;MATERIAL DE CONSUMO;08;FUNDO SOCIAL-PARC.DEST.EDUCACAO PUBL.E SAUDE;;;;;61,159.60;15,289.90;45,869.70;45,869.70
2019;153490;FACULDADE DE LETRAS - UFRJ;12;EDUCACAO;364;ENSINO SUPERIOR;2080;EDUCACAO DE QUALIDADE PARA TODOS;0487;CONCESSAO DE BOLSAS DE ESTUDO NO ENSINO SUPERIOR;0002;CONCESSAO DE BOLSAS DE ESTUDOS NO PAIS;12364208004870001;108452;OCCCUO9414N;BF SUPERIOR - PROAP;90;APLICACOES DIRETAS;3;DESPESAS CORRENTES;3;OUTRAS DESPESAS CORRENTES;39;OUTROS SERVICOS DE TERCEIROS PJ - OP.INT.ORC.;339039;OUTROS SERVICOS DE TERCEIROS - PESSOA JURIDICA;08;FUNDO SOCIAL-PARC.DEST.EDUCACAO PUBL.E SAUDE;;;;;149,020.00;46,830.00;65,320.00;56,000.00
2019;153490;FACULDADE DE LETRAS - UFRJ;12;EDUCACAO;364;ENSINO SUPERIOR;2080;EDUCACAO DE QUALIDADE PARA TODOS;0487;CONCESSAO DE BOLSAS DE ESTUDO NO ENSINO SUPERIOR;0002;CONCESSAO DE BOLSAS DE ESTUDOS NO PAIS;12364208004870001;108452;OCCCUO9414N;BF SUPERIOR - PROAP;90;APLICACOES DIRETAS;3;DESPESAS CORRENTES;3;OUTRAS DESPESAS CORRENTES;40;SERVICOS DE TECNOLOGIA DA INFORMACAO E COMUNICACAO - PJ;339040;SERVICOS DE TECNOLOGIA DA INFORMACAO E COMUNICACAO - PJ;08;FUNDO SOCIAL-PARC.DEST.EDUCACAO PUBL.E SAUDE;;;;;53,920.00;13,480.00;40,440.00;25,440.00
2019;153490;FACULDADE DE LETRAS - UFRJ;12;EDUCACAO;368;EDUCACAO BASICA;2080;EDUCACAO DE QUALIDADE PARA TODOS;20RJ;APOIO A CAPACITACAO E FORMACAO INICIAL E CONTINUADA PARA A E;0004;EDUCACAO BASICA A DISTANCIA - SISTEMA UNIVERSIDADE ABERTA DO BRASIL (UAB);12368208020RJ0001;108456;QCC62T58LEN;UAB - UAB PROFLETRAS;90;APLICACOES DIRETAS;3;DESPESAS CORRENTES;3;OUTRAS DESPESAS CORRENTES;18;AUXILIO FINANCEIRO A ESTUDANTES;339018;AUXILIO FINANCEIRO A ESTUDANTES;00;RECURSOS PRIMARIOS DE LIVRE APLICACAO;;;;;16,960.00;0.00;16,960.00;14,520.00
2019;153490;FACULDADE DE LETRAS - UFRJ;12;EDUCACAO;368;EDUCACAO BASICA;2080;EDUCACAO DE QUALIDADE PARA TODOS;20RJ;APOIO A CAPACITACAO E FORMACAO INICIAL E CONTINUADA PARA A E;0004;EDUCACAO BASICA A DISTANCIA - SISTEMA UNIVERSIDADE ABERTA DO BRASIL (UAB);12368208020RJ0001;108456;QCC62T58LEN;UAB - UAB PROFLETRAS;90;APLICACOES DIRETAS;3;DESPESAS CORRENTES;3;OUTRAS DESPESAS CORRENTES;39;OUTROS SERVICOS DE TERCEIROS PJ - OP.INT.ORC.;339039;OUTROS SERVICOS DE TERCEIROS - PESSOA JURIDICA;00;RECURSOS PRIMARIOS DE LIVRE APLICACAO;;;;;20,400.00;5,100.00;;
2019;153490;FACULDADE DE LETRAS - UFRJ;12;EDUCACAO;368;EDUCACAO BASICA;2080;EDUCACAO DE QUALIDADE PARA TODOS;20RJ;APOIO A CAPACITACAO E FORMACAO INICIAL E CONTINUADA PARA A E;0004;EDUCACAO BASICA A DISTANCIA - SISTEMA UNIVERSIDADE ABERTA DO BRASIL (UAB);12368208020RJ0001;108456;QCC62T58LEN;UAB - UAB PROFLETRAS;90;APLICACOES DIRETAS;3;DESPESAS CORRENTES;3;OUTRAS DESPESAS CORRENTES;40;SERVICOS DE TECNOLOGIA DA INFORMACAO E COMUNICACAO - PJ;339040;SERVICOS DE TECNOLOGIA DA INFORMACAO E COMUNICACAO - PJ;00;RECURSOS PRIMARIOS DE LIVRE APLICACAO;;;;;10,560.00;2,640.00;;
2019;153491;ESCOLA DE MUSICA - UFRJ;12;EDUCACAO;364;ENSINO SUPERIOR;2080;EDUCACAO DE QUALIDADE PARA TODOS;0487;CONCESSAO DE BOLSAS DE ESTUDO NO ENSINO SUPERIOR;0002;CONCESSAO DE BOLSAS DE ESTUDOS NO PAIS;12364208004870001;108452;OCCCUO9414N;BF SUPERIOR - PROAP;90;APLICACOES DIRETAS;3;DESPESAS CORRENTES;3;OUTRAS DESPESAS CORRENTES;30;MATERIAL DE CONSUMO;339030;MATERIAL DE CONSUMO;08;FUNDO SOCIAL-PARC.DEST.EDUCACAO PUBL.E SAUDE;;;;;43,329.64;4,206.16;28,695.00;23,394.00
2019;153491;ESCOLA DE MUSICA - UFRJ;12;EDUCACAO;364;ENSINO SUPERIOR;2080;EDUCACAO DE QUALIDADE PARA TODOS;0487;CONCESSAO DE BOLSAS DE ESTUDO NO ENSINO SUPERIOR;0002;CONCESSAO DE BOLSAS DE ESTUDOS NO PAIS;12364208004870001;108452;OCCCUO9414N;BF SUPERIOR - PROAP;90;APLICACOES DIRETAS;3;DESPESAS CORRENTES;3;OUTRAS DESPESAS CORRENTES;39;OUTROS SERVICOS DE TERCEIROS PJ - OP.INT.ORC.;339039;OUTROS SERVICOS DE TERCEIROS - PESSOA JURIDICA;08;FUNDO SOCIAL-PARC.DEST.EDUCACAO PUBL.E SAUDE;;;;;75,076.72;11,471.00;61,805.72;57,054.26
2019;153492;FACULDADE DE ARQUITETURA E URBANISMO - UFRJ;12;EDUCACAO;364;ENSINO SUPERIOR;2080;EDUCACAO DE QUALIDADE PARA TODOS;0487;CONCESSAO DE BOLSAS DE ESTUDO NO ENSINO SUPERIOR;0002;CONCESSAO DE BOLSAS DE ESTUDOS NO PAIS;12364208004870001;108452;OCCCUO9414N;BF SUPERIOR - PROAP;90;APLICACOES DIRETAS;3;DESPESAS CORRENTES;3;OUTRAS DESPESAS CORRENTES;30;MATERIAL DE CONSUMO;339030;MATERIAL DE CONSUMO;08;FUNDO SOCIAL-PARC.DEST.EDUCACAO PUBL.E SAUDE;;;;;110,293.55;25,635.52;81,756.28;61,317.21
2019;153492;FACULDADE DE ARQUITETURA E URBANISMO - UFRJ;12;EDUCACAO;364;ENSINO SUPERIOR;2080;EDUCACAO DE QUALIDADE PARA TODOS;0487;CONCESSAO DE BOLSAS DE ESTUDO NO ENSINO SUPERIOR;0002;CONCESSAO DE BOLSAS DE ESTUDOS NO PAIS;12364208004870001;108452;OCCCUO9414N;BF SUPERIOR - PROAP;90;APLICACOES DIRETAS;3;DESPESAS CORRENTES;3;OUTRAS DESPESAS CORRENTES;39;OUTROS SERVICOS DE TERCEIROS PJ - OP.INT.ORC.;339039;OUTROS SERVICOS DE TERCEIROS - PESSOA JURIDICA;08;FUNDO SOCIAL-PARC.DEST.EDUCACAO PUBL.E SAUDE;;;;;21,890.00;3,498.00;18,392.00;13,794.00
2019;153515;INSTITUTO DE ESTUDOS EM SAUDE COLETIVA;12;EDUCACAO;364;ENSINO SUPERIOR;2080;EDUCACAO DE QUALIDADE PARA TODOS;0487;CONCESSAO DE BOLSAS DE ESTUDO NO ENSINO SUPERIOR;0002;CONCESSAO DE BOLSAS DE ESTUDOS NO PAIS;12364208004870001;108452;OCCCUO9414N;BF SUPERIOR - PROAP;90;APLICACOES DIRETAS;3;DESPESAS CORRENTES;3;OUTRAS DESPESAS CORRENTES;18;AUXILIO FINANCEIRO A ESTUDANTES;339018;AUXILIO FINANCEIRO A ESTUDANTES;08;FUNDO SOCIAL-PARC.DEST.EDUCACAO PUBL.E SAUDE;;;;;219,888.68;11,918.70;207,969.98;172,538.72
2019;153515;INSTITUTO DE ESTUDOS EM SAUDE COLETIVA;12;EDUCACAO;364;ENSINO SUPERIOR;2080;EDUCACAO DE QUALIDADE PARA TODOS;0487;CONCESSAO DE BOLSAS DE ESTUDO NO ENSINO SUPERIOR;0002;CONCESSAO DE BOLSAS DE ESTUDOS NO PAIS;12364208004870001;108452;OCCCUO9414N;BF SUPERIOR - PROAP;90;APLICACOES DIRETAS;3;DESPESAS CORRENTES;3;OUTRAS DESPESAS CORRENTES;30;MATERIAL DE CONSUMO;339030;MATERIAL DE CONSUMO;08;FUNDO SOCIAL-PARC.DEST.EDUCACAO PUBL.E SAUDE;;;;;122,151.60;24,728.50;97,423.10;80,578.20
2019;153515;INSTITUTO DE ESTUDOS EM SAUDE COLETIVA;12;EDUCACAO;364;ENSINO SUPERIOR;2080;EDUCACAO DE QUALIDADE PARA TODOS;0487;CONCESSAO DE BOLSAS DE ESTUDO NO ENSINO SUPERIOR;0002;CONCESSAO DE BOLSAS DE ESTUDOS NO PAIS;12364208004870001;108452;OCCCUO9414N;BF SUPERIOR - PROAP;90;APLICACOES DIRETAS;3;DESPESAS CORRENTES;3;OUTRAS DESPESAS CORRENTES;39;OUTROS SERVICOS DE TERCEIROS PJ - OP.INT.ORC.;339039;OUTROS SERVICOS DE TERCEIROS - PESSOA JURIDICA;08;FUNDO SOCIAL-PARC.DEST.EDUCACAO PUBL.E SAUDE;;;;;47,900.00;19,400.00;;
2019;153515;INSTITUTO DE ESTUDOS EM SAUDE COLETIVA;12;EDUCACAO;364;ENSINO SUPERIOR;2080;EDUCACAO DE QUALIDADE PARA TODOS;0487;CONCESSAO DE BOLSAS DE ESTUDO NO ENSINO SUPERIOR;0002;CONCESSAO DE BOLSAS DE ESTUDOS NO PAIS;12364208004870001;108452;OCCCUO9414N;BF SUPERIOR - PROAP;90;APLICACOES DIRETAS;3;DESPESAS CORRENTES;3;OUTRAS DESPESAS CORRENTES;93;INDENIZACOES E RESTITUICOES;339093;INDENIZACOES E RESTITUICOES;08;FUNDO SOCIAL-PARC.DEST.EDUCACAO PUBL.E SAUDE;;;;;61,267.31;2,543.91;58,723.40;49,087.48
2019;153991;UTFPR - CAMPUS DOIS VIZINHOS;12;EDUCACAO;364;ENSINO SUPERIOR;2080;EDUCACAO DE QUALIDADE PARA TODOS;0487;CONCESSAO DE BOLSAS DE ESTUDO NO ENSINO SUPERIOR;0002;CONCESSAO DE BOLSAS DE ESTUDOS NO PAIS;12364208004870001;108452;OCCCUO9414N;BF SUPERIOR - PROAP;90;APLICACOES DIRETAS;3;DESPESAS CORRENTES;3;OUTRAS DESPESAS CORRENTES;14;DIARIAS - PESSOAL CIVIL;339014;DIARIAS - PESSOAL CIVIL;00;RECURSOS PRIMARIOS DE LIVRE APLICACAO;;;;;17,226.70;4,724.13;12,502.57;12,434.89
2019;153991;UTFPR - CAMPUS DOIS VIZINHOS;12;EDUCACAO;364;ENSINO SUPERIOR;2080;EDUCACAO DE QUALIDADE PARA TODOS;0487;CONCESSAO DE BOLSAS DE ESTUDO NO ENSINO SUPERIOR;0002;CONCESSAO DE BOLSAS DE ESTUDOS NO PAIS;12364208004870001;108452;OCCCUO9414N;BF SUPERIOR - PROAP;90;APLICACOES DIRETAS;3;DESPESAS CORRENTES;3;OUTRAS DESPESAS CORRENTES;18;AUXILIO FINANCEIRO A ESTUDANTES;339018;AUXILIO FINANCEIRO A ESTUDANTES;00;RECURSOS PRIMARIOS DE LIVRE APLICACAO;;;;;233,739.92;10.23;233,729.69;201,031.43
2019;153991;UTFPR - CAMPUS DOIS VIZINHOS;12;EDUCACAO;364;ENSINO SUPERIOR;2080;EDUCACAO DE QUALIDADE PARA TODOS;0487;CONCESSAO DE BOLSAS DE ESTUDO NO ENSINO SUPERIOR;0002;CONCESSAO DE BOLSAS DE ESTUDOS NO PAIS;12364208004870001;108452;OCCCUO9414N;BF SUPERIOR - PROAP;90;APLICACOES DIRETAS;3;DESPESAS CORRENTES;3;OUTRAS DESPESAS CORRENTES;33;PASSAGENS E DESPESAS COM LOCOMOCAO;339033;PASSAGENS E DESPESAS COM LOCOMOCAO;00;RECURSOS PRIMARIOS DE LIVRE APLICACAO;;;;;4,956.72;981.78;3,974.94;3,808.50
2019;154003;FUND.COORD.DE APERF.DE PESSOAL NIVEL SUPERIOR;12;EDUCACAO;122;ADMINISTRACAO GERAL;2109;PROGRAMA DE GESTAO E MANUTENCAO DO MINISTERIO DA EDUCACAO;2000;ADMINISTRACAO DA UNIDADE;0001;ADMINISTRACAO DA TECNOLOGIA DA INFORMACAO E DE COMUNICACAO;12122210920000053;136549;'-8;SEM INFORMACAO;90;APLICACOES DIRETAS;3;DESPESAS CORRENTES;3;OUTRAS DESPESAS CORRENTES;00;[A DETALHAR];339000;APLICACOES DIRETAS;00;RECURSOS PRIMARIOS DE LIVRE APLICACAO;36943694.87;;62158811.87;5,500,000.00;;;;
2019;154003;FUND.COORD.DE APERF.DE PESSOAL NIVEL SUPERIOR;12;EDUCACAO;122;ADMINISTRACAO GERAL;2109;PROGRAMA DE GESTAO E MANUTENCAO DO MINISTERIO DA EDUCACAO;2000;ADMINISTRACAO DA UNIDADE;0001;ADMINISTRACAO DA TECNOLOGIA DA INFORMACAO E DE COMUNICACAO;12122210920000053;136549;'-8;SEM INFORMACAO;90;APLICACOES DIRETAS;4;DESPESAS DE CAPITAL;4;INVESTIMENTOS;00;[A DETALHAR];449000;APLICACOES DIRETAS;00;RECURSOS PRIMARIOS DE LIVRE APLICACAO;149212314.65;;132997197.65;55905039.00;;;;
2019;154003;FUND.COORD.DE APERF.DE PESSOAL NIVEL SUPERIOR;12;EDUCACAO;122;ADMINISTRACAO GERAL;2109;PROGRAMA DE GESTAO E MANUTENCAO DO MINISTERIO DA EDUCACAO;2000;ADMINISTRACAO DA UNIDADE;0001;ADMINISTRACAO DA TECNOLOGIA DA INFORMACAO E DE COMUNICACAO;12122210920000053;136549;VCC80N99GAN;ADMINISTRACAO CAPES -DGES;90;APLICACOES DIRETAS;3;DESPESAS CORRENTES;3;OUTRAS DESPESAS CORRENTES;40;SERVICOS DE TECNOLOGIA DA INFORMACAO E COMUNICACAO - PJ;339040;SERVICOS DE TECNOLOGIA DA INFORMACAO E COMUNICACAO - PJ;00;RECURSOS PRIMARIOS DE LIVRE APLICACAO;0.00;;0.00;;;;;
2019;154003;FUND.COORD.DE APERF.DE PESSOAL NIVEL SUPERIOR;12;EDUCACAO;122;ADMINISTRACAO GERAL;2109;PROGRAMA DE GESTAO E MANUTENCAO DO MINISTERIO DA EDUCACAO;2000;ADMINISTRACAO DA UNIDADE;0001;ADMINISTRACAO DA TECNOLOGIA DA INFORMACAO E DE COMUNICACAO;12122210920000053;136549;VCC80N99GAN;ADMINISTRACAO CAPES -DGES;90;APLICACOES DIRETAS;4;DESPESAS DE CAPITAL;4;INVESTIMENTOS;40;SERVICOS DE TECNOLOGIA DA INFORMACAO E COMUNICACAO - PJ;449040;SERVICOS DE TECNOLOGIA DA INFORMACAO E COMUNICACAO - PJ;00;RECURSOS PRIMARIOS DE LIVRE APLICACAO;0.00;;0.00;;;;;
2019;154003;FUND.COORD.DE APERF.DE PESSOAL NIVEL SUPERIOR;12;EDUCACAO;122;ADMINISTRACAO GERAL;2109;PROGRAMA DE GESTAO E MANUTENCAO DO MINISTERIO DA EDUCACAO;2000;ADMINISTRACAO DA UNIDADE;0001;ADMINISTRACAO DA TECNOLOGIA DA INFORMACAO E DE COMUNICACAO;12122210920000053;136549;VCC80N99TIN;ADMINISTRACAO CAPES - DTI;90;APLICACOES DIRETAS;3;DESPESAS CORRENTES;3;OUTRAS DESPESAS CORRENTES;30;MATERIAL DE CONSUMO;339030;MATERIAL DE CONSUMO;00;RECURSOS PRIMARIOS DE LIVRE APLICACAO;312,000.00;;312,000.00;;312,000.00;0.00;312,000.00;312,000.00
2019;154003;FUND.COORD.DE APERF.DE PESSOAL NIVEL SUPERIOR;12;EDUCACAO;122;ADMINISTRACAO GERAL;2109;PROGRAMA DE GESTAO E MANUTENCAO DO MINISTERIO DA EDUCACAO;2000;ADMINISTRACAO DA UNIDADE;0001;ADMINISTRACAO DA TECNOLOGIA DA INFORMACAO E DE COMUNICACAO;12122210920000053;136549;VCC80N99TIN;ADMINISTRACAO CAPES - DTI;90;APLICACOES DIRETAS;3;DESPESAS CORRENTES;3;OUTRAS DESPESAS CORRENTES;35;SERVICOS DE CONSULTORIA;339035;SERVICOS DE CONSULTORIA;00;RECURSOS PRIMARIOS DE LIVRE APLICACAO;58788406.04;;58788406.04;;58089000.77;29226685.22;20875494.72;20875494.72
2019;154003;FUND.COORD.DE APERF.DE PESSOAL NIVEL SUPERIOR;12;EDUCACAO;122;ADMINISTRACAO GERAL;2109;PROGRAMA DE GESTAO E MANUTENCAO DO MINISTERIO DA EDUCACAO;2000;ADMINISTRACAO DA UNIDADE;0001;ADMINISTRACAO DA TECNOLOGIA DA INFORMACAO E DE COMUNICACAO;12122210920000053;136549;VCC80N99TIN;ADMINISTRACAO CAPES - DTI;90;APLICACOES DIRETAS;3;DESPESAS CORRENTES;3;OUTRAS DESPESAS CORRENTES;39;OUTROS SERVICOS DE TERCEIROS PJ - OP.INT.ORC.;339039;OUTROS SERVICOS DE TERCEIROS - PESSOA JURIDICA;00;RECURSOS PRIMARIOS DE LIVRE APLICACAO;6,374,042.58;;6,374,042.58;;6,374,042.58;2,137,452.47;3,655,386.19;3,655,386.19
2019;154003;FUND.COORD.DE APERF.DE PESSOAL NIVEL SUPERIOR;12;EDUCACAO;122;ADMINISTRACAO GERAL;2109;PROGRAMA DE GESTAO E MANUTENCAO DO MINISTERIO DA EDUCACAO;2000;ADMINISTRACAO DA UNIDADE;0001;ADMINISTRACAO DA TECNOLOGIA DA INFORMACAO E DE COMUNICACAO;12122210920000053;136549;VCC80N99TIN;ADMINISTRACAO CAPES - DTI;90;APLICACOES DIRETAS;3;DESPESAS CORRENTES;3;OUTRAS DESPESAS CORRENTES;40;SERVICOS DE TECNOLOGIA DA INFORMACAO E COMUNICACAO - PJ;339040;SERVICOS DE TECNOLOGIA DA INFORMACAO E COMUNICACAO - PJ;00;RECURSOS PRIMARIOS DE LIVRE APLICACAO;232088153.98;;232088153.98;;223893150.61;87369342.73;113860679.85;112158862.96
2019;154003;FUND.COORD.DE APERF.DE PESSOAL NIVEL SUPERIOR;12;EDUCACAO;122;ADMINISTRACAO GERAL;2109;PROGRAMA DE GESTAO E MANUTENCAO DO MINISTERIO DA EDUCACAO;2000;ADMINISTRACAO DA UNIDADE;0001;ADMINISTRACAO DA TECNOLOGIA DA INFORMACAO E DE COMUNICACAO;12122210920000053;136549;VCC80N99TIN;ADMINISTRACAO CAPES - DTI;90;APLICACOES DIRETAS;3;DESPESAS CORRENTES;3;OUTRAS DESPESAS CORRENTES;92;DESPESAS DE EXERCICIOS ANTERIORES;339092;DESPESAS DE EXERCICIOS ANTERIORES;00;RECURSOS PRIMARIOS DE LIVRE APLICACAO;275,702.53;;275,702.53;;265,484.34;0.00;265,484.34;265,484.34
2019;154003;FUND.COORD.DE APERF.DE PESSOAL NIVEL SUPERIOR;12;EDUCACAO;122;ADMINISTRACAO GERAL;2109;PROGRAMA DE GESTAO E MANUTENCAO DO MINISTERIO DA EDUCACAO;2000;ADMINISTRACAO DA UNIDADE;0001;ADMINISTRACAO DA TECNOLOGIA DA INFORMACAO E DE COMUNICACAO;12122210920000053;136549;VCC80N99TIN;ADMINISTRACAO CAPES - DTI;90;APLICACOES DIRETAS;4;DESPESAS DE CAPITAL;4;INVESTIMENTOS;40;SERVICOS DE TECNOLOGIA DA INFORMACAO E COMUNICACAO - PJ;449040;SERVICOS DE TECNOLOGIA DA INFORMACAO E COMUNICACAO - PJ;00;RECURSOS PRIMARIOS DE LIVRE APLICACAO;41620288.71;;41620288.71;;41474288.71;24303533.11;13799633.13;13799633.13
2019;154003;FUND.COORD.DE APERF.DE PESSOAL NIVEL SUPERIOR;12;EDUCACAO;122;ADMINISTRACAO GERAL;2109;PROGRAMA DE GESTAO E MANUTENCAO DO MINISTERIO DA EDUCACAO;2000;ADMINISTRACAO DA UNIDADE;0001;ADMINISTRACAO DA TECNOLOGIA DA INFORMACAO E DE COMUNICACAO;12122210920000053;136549;VCC80N99TIN;ADMINISTRACAO CAPES - DTI;90;APLICACOES DIRETAS;4;DESPESAS DE CAPITAL;4;INVESTIMENTOS;52;EQUIPAMENTOS E MATERIAL PERMANENTE;449052;EQUIPAMENTOS E MATERIAL PERMANENTE;00;RECURSOS PRIMARIOS DE LIVRE APLICACAO;34385396.64;;34385396.64;;34385396.64;11662299.28;1,097.36;1,097.36
2019;154003;FUND.COORD.DE APERF.DE PESSOAL NIVEL SUPERIOR;12;EDUCACAO;122;ADMINISTRACAO GERAL;2109;PROGRAMA DE GESTAO E MANUTENCAO DO MINISTERIO DA EDUCACAO;2000;ADMINISTRACAO DA UNIDADE;0002;ORGANIZACAO E INOVACAO INSTITUCIONAL E SERVICOS GERAIS;12122210920000053;136550;'-8;SEM INFORMACAO;90;APLICACOES DIRETAS;3;DESPESAS CORRENTES;3;OUTRAS DESPESAS CORRENTES;00;[A DETALHAR];339000;APLICACOES DIRETAS;00;RECURSOS PRIMARIOS DE LIVRE APLICACAO;403288604.86;;372888604.86;102400000.00;;;;
2019;154003;FUND.COORD.DE APERF.DE PESSOAL NIVEL SUPERIOR;12;EDUCACAO;122;ADMINISTRACAO GERAL;2109;PROGRAMA DE GESTAO E MANUTENCAO DO MINISTERIO DA EDUCACAO;2000;ADMINISTRACAO DA UNIDADE;0002;ORGANIZACAO E INOVACAO INSTITUCIONAL E SERVICOS GERAIS;12122210920000053;136550;'-8;SEM INFORMACAO;90;APLICACOES DIRETAS;3;DESPESAS CORRENTES;3;OUTRAS DESPESAS CORRENTES;;;;;80;RECURSOS PROPRIOS FINANCEIROS;128222057.29;;128222057.29;19069115.00;;;;
2019;154003;FUND.COORD.DE APERF.DE PESSOAL NIVEL SUPERIOR;12;EDUCACAO;122;ADMINISTRACAO GERAL;2109;PROGRAMA DE GESTAO E MANUTENCAO DO MINISTERIO DA EDUCACAO;2000;ADMINISTRACAO DA UNIDADE;0002;ORGANIZACAO E INOVACAO INSTITUCIONAL E SERVICOS GERAIS;12122210920000053;136550;'-8;SEM INFORMACAO;90;APLICACOES DIRETAS;4;DESPESAS DE CAPITAL;4;INVESTIMENTOS;00;[A DETALHAR];449000;APLICACOES DIRETAS;00;RECURSOS PRIMARIOS DE LIVRE APLICACAO;2,438,244.56;400,000.00;2,838,244.56;;;;;
2019;154003;FUND.COORD.DE APERF.DE PESSOAL NIVEL SUPERIOR;12;EDUCACAO;122;ADMINISTRACAO GERAL;2109;PROGRAMA DE GESTAO E MANUTENCAO DO MINISTERIO DA EDUCACAO;2000;ADMINISTRACAO DA UNIDADE;0002;ORGANIZACAO E INOVACAO INSTITUCIONAL E SERVICOS GERAIS;12122210920000053;136550;'-8;SEM INFORMACAO;91;APLICACOES DIRETAS - OPERACOES INTERNAS;3;DESPESAS CORRENTES;3;OUTRAS DESPESAS CORRENTES;00;[A DETALHAR];339100;APLICACOES DIRETAS - OPER.INTRA-ORCAMENTARIAS;00;RECURSOS PRIMARIOS DE LIVRE APLICACAO;4,884,785.20;;4,884,785.20;;;;;
2019;154003;FUND.COORD.DE APERF.DE PESSOAL NIVEL SUPERIOR;12;EDUCACAO;122;ADMINISTRACAO GERAL;2109;PROGRAMA DE GESTAO E MANUTENCAO DO MINISTERIO DA EDUCACAO;2000;ADMINISTRACAO DA UNIDADE;0002;ORGANIZACAO E INOVACAO INSTITUCIONAL E SERVICOS GERAIS;12122210920000053;136550;NCCBUN99SCN;AVALIACAO CAPES - PASSAGEM E DIARIA;90;APLICACOES DIRETAS;3;DESPESAS CORRENTES;3;OUTRAS DESPESAS CORRENTES;33;PASSAGENS E DESPESAS COM LOCOMOCAO;339033;PASSAGENS E DESPESAS COM LOCOMOCAO;80;RECURSOS PROPRIOS FINANCEIROS;2,845,749.12;;2,845,749.12;;2,845,749.12;0.00;2,142,647.01;2,142,647.01
2019;154003;FUND.COORD.DE APERF.DE PESSOAL NIVEL SUPERIOR;12;EDUCACAO;122;ADMINISTRACAO GERAL;2109;PROGRAMA DE GESTAO E MANUTENCAO DO MINISTERIO DA EDUCACAO;2000;ADMINISTRACAO DA UNIDADE;0002;ORGANIZACAO E INOVACAO INSTITUCIONAL E SERVICOS GERAIS;12122210920000053;136550;VCC80N99GAN;ADMINISTRACAO CAPES -DGES;90;APLICACOES DIRETAS;3;DESPESAS CORRENTES;3;OUTRAS DESPESAS CORRENTES;08;OUTROS BENEF.ASSIST. DO SERVIDOR E DO MILITAR;339008;OUTROS BENEF.ASSIST. DO SERVIDOR E DO MILITAR;00;RECURSOS PRIMARIOS DE LIVRE APLICACAO;2,476.63;;2,476.63;;1,977.75;0.00;1,977.75;0.00
2019;154003;FUND.COORD.DE APERF.DE PESSOAL NIVEL SUPERIOR;12;EDUCACAO;122;ADMINISTRACAO GERAL;2109;PROGRAMA DE GESTAO E MANUTENCAO DO MINISTERIO DA EDUCACAO;2000;ADMINISTRACAO DA UNIDADE;0002;ORGANIZACAO E INOVACAO INSTITUCIONAL E SERVICOS GERAIS;12122210920000053;136550;VCC80N99GAN;ADMINISTRACAO CAPES -DGES;90;APLICACOES DIRETAS;3;DESPESAS CORRENTES;3;OUTRAS DESPESAS CORRENTES;18;AUXILIO FINANCEIRO A ESTUDANTES;339018;AUXILIO FINANCEIRO A ESTUDANTES;00;RECURSOS PRIMARIOS DE LIVRE APLICACAO;0.00;;0.00;;;;;
2019;154003;FUND.COORD.DE APERF.DE PESSOAL NIVEL SUPERIOR;12;EDUCACAO;122;ADMINISTRACAO GERAL;2109;PROGRAMA DE GESTAO E MANUTENCAO DO MINISTERIO DA EDUCACAO;2000;ADMINISTRACAO DA UNIDADE;0002;ORGANIZACAO E INOVACAO INSTITUCIONAL E SERVICOS GERAIS;12122210920000053;136550;VCC80N99GAN;ADMINISTRACAO CAPES -DGES;90;APLICACOES DIRETAS;3;DESPESAS CORRENTES;3;OUTRAS DESPESAS CORRENTES;30;MATERIAL DE CONSUMO;339030;MATERIAL DE CONSUMO;00;RECURSOS PRIMARIOS DE LIVRE APLICACAO;1,959,447.10;;1,959,447.10;;1,890,378.30;750,452.58;996,629.97;996,629.97
2019;154003;FUND.COORD.DE APERF.DE PESSOAL NIVEL SUPERIOR;12;EDUCACAO;122;ADMINISTRACAO GERAL;2109;PROGRAMA DE GESTAO E MANUTENCAO DO MINISTERIO DA EDUCACAO;2000;ADMINISTRACAO DA UNIDADE;0002;ORGANIZACAO E INOVACAO INSTITUCIONAL E SERVICOS GERAIS;12122210920000053;136550;VCC80N99GAN;ADMINISTRACAO CAPES -DGES;90;APLICACOES DIRETAS;3;DESPESAS CORRENTES;3;OUTRAS DESPESAS CORRENTES;;;;;80;RECURSOS PROPRIOS FINANCEIROS;423,300.00;;423,300.00;;423,300.00;90,537.24;191,291.04;191,291.04
2019;154003;FUND.COORD.DE APERF.DE PESSOAL NIVEL SUPERIOR;12;EDUCACAO;122;ADMINISTRACAO GERAL;2109;PROGRAMA DE GESTAO E MANUTENCAO DO MINISTERIO DA EDUCACAO;2000;ADMINISTRACAO DA UNIDADE;0002;ORGANIZACAO E INOVACAO INSTITUCIONAL E SERVICOS GERAIS;12122210920000053;136550;VCC80N99GAN;ADMINISTRACAO CAPES -DGES;90;APLICACOES DIRETAS;3;DESPESAS CORRENTES;3;OUTRAS DESPESAS CORRENTES;35;SERVICOS DE CONSULTORIA;339035;SERVICOS DE CONSULTORIA;00;RECURSOS PRIMARIOS DE LIVRE APLICACAO;1,165,770.00;;1,165,770.00;;1,165,770.00;569,235.00;470,640.00;470,640.00
2019;154003;FUND.COORD.DE APERF.DE PESSOAL NIVEL SUPERIOR;12;EDUCACAO;122;ADMINISTRACAO GERAL;2109;PROGRAMA DE GESTAO E MANUTENCAO DO MINISTERIO DA EDUCACAO;2000;ADMINISTRACAO DA UNIDADE;0002;ORGANIZACAO E INOVACAO INSTITUCIONAL E SERVICOS GERAIS;12122210920000053;136550;VCC80N99GAN;ADMINISTRACAO CAPES -DGES;90;APLICACOES DIRETAS;3;DESPESAS CORRENTES;3;OUTRAS DESPESAS CORRENTES;36;OUTROS SERVICOS DE TERCEIROS - P.FISICA;339036;OUTROS SERVICOS DE TERCEIROS - PESSOA FISICA;00;RECURSOS PRIMARIOS DE LIVRE APLICACAO;6,995,050.03;;6,995,050.03;;6,995,050.03;2,771,555.89;4,223,494.14;3,638,817.87
2019;154003;FUND.COORD.DE APERF.DE PESSOAL NIVEL SUPERIOR;12;EDUCACAO;122;ADMINISTRACAO GERAL;2109;PROGRAMA DE GESTAO E MANUTENCAO DO MINISTERIO DA EDUCACAO;2000;ADMINISTRACAO DA UNIDADE;0002;ORGANIZACAO E INOVACAO INSTITUCIONAL E SERVICOS GERAIS;12122210920000053;136550;VCC80N99GAN;ADMINISTRACAO CAPES -DGES;90;APLICACOES DIRETAS;3;DESPESAS CORRENTES;3;OUTRAS DESPESAS CORRENTES;;;;;80;RECURSOS PROPRIOS FINANCEIROS;100,000.00;;100,000.00;;100,000.00;100,000.00;;
2019;154003;FUND.COORD.DE APERF.DE PESSOAL NIVEL SUPERIOR;12;EDUCACAO;122;ADMINISTRACAO GERAL;2109;PROGRAMA DE GESTAO E MANUTENCAO DO MINISTERIO DA EDUCACAO;2000;ADMINISTRACAO DA UNIDADE;0002;ORGANIZACAO E INOVACAO INSTITUCIONAL E SERVICOS GERAIS;12122210920000053;136550;VCC80N99GAN;ADMINISTRACAO CAPES -DGES;90;APLICACOES DIRETAS;3;DESPESAS CORRENTES;3;OUTRAS DESPESAS CORRENTES;37;LOCACAO DE MAO-DE-OBRA;339037;LOCACAO DE MAO-DE-OBRA;00;RECURSOS PRIMARIOS DE LIVRE APLICACAO;234411019.33;;234411019.33;;234377293.89;24726284.37;192976540.68;192976540.68
2019;154003;FUND.COORD.DE APERF.DE PESSOAL NIVEL SUPERIOR;12;EDUCACAO;122;ADMINISTRACAO GERAL;2109;PROGRAMA DE GESTAO E MANUTENCAO DO MINISTERIO DA EDUCACAO;2000;ADMINISTRACAO DA UNIDADE;0002;ORGANIZACAO E INOVACAO INSTITUCIONAL E SERVICOS GERAIS;12122210920000053;136550;VCC80N99GAN;ADMINISTRACAO CAPES -DGES;90;APLICACOES DIRETAS;3;DESPESAS CORRENTES;3;OUTRAS DESPESAS CORRENTES;;;;;80;RECURSOS PROPRIOS FINANCEIROS;36967593.53;;36967593.53;;36967593.53;564,976.00;26766126.88;26766126.88
2019;154003;FUND.COORD.DE APERF.DE PESSOAL NIVEL SUPERIOR;12;EDUCACAO;122;ADMINISTRACAO GERAL;2109;PROGRAMA DE GESTAO E MANUTENCAO DO MINISTERIO DA EDUCACAO;2000;ADMINISTRACAO DA UNIDADE;0002;ORGANIZACAO E INOVACAO INSTITUCIONAL E SERVICOS GERAIS;12122210920000053;136550;VCC80N99GAN;ADMINISTRACAO CAPES -DGES;90;APLICACOES DIRETAS;3;DESPESAS CORRENTES;3;OUTRAS DESPESAS CORRENTES;39;OUTROS SERVICOS DE TERCEIROS PJ - OP.INT.ORC.;339039;OUTROS SERVICOS DE TERCEIROS - PESSOA JURIDICA;00;RECURSOS PRIMARIOS DE LIVRE APLICACAO;273590729.46;;273590729.46;;260076133.03;94727585.79;144809145.61;144623173.57
2019;154003;FUND.COORD.DE APERF.DE PESSOAL NIVEL SUPERIOR;12;EDUCACAO;122;ADMINISTRACAO GERAL;2109;PROGRAMA DE GESTAO E MANUTENCAO DO MINISTERIO DA EDUCACAO;2000;ADMINISTRACAO DA UNIDADE;0002;ORGANIZACAO E INOVACAO INSTITUCIONAL E SERVICOS GERAIS;12122210920000053;136550;VCC80N99GAN;ADMINISTRACAO CAPES -DGES;90;APLICACOES DIRETAS;3;DESPESAS CORRENTES;3;OUTRAS DESPESAS CORRENTES;;;;;80;RECURSOS PROPRIOS FINANCEIROS;8,457,413.66;;8,457,413.66;;8,371,261.26;466,595.36;6,487,006.96;6,487,006.96
2019;154003;FUND.COORD.DE APERF.DE PESSOAL NIVEL SUPERIOR;12;EDUCACAO;122;ADMINISTRACAO GERAL;2109;PROGRAMA DE GESTAO E MANUTENCAO DO MINISTERIO DA EDUCACAO;2000;ADMINISTRACAO DA UNIDADE;0002;ORGANIZACAO E INOVACAO INSTITUCIONAL E SERVICOS GERAIS;12122210920000053;136550;VCC80N99GAN;ADMINISTRACAO CAPES -DGES;90;APLICACOES DIRETAS;3;DESPESAS CORRENTES;3;OUTRAS DESPESAS CORRENTES;40;SERVICOS DE TECNOLOGIA DA INFORMACAO E COMUNICACAO - PJ;339040;SERVICOS DE TECNOLOGIA DA INFORMACAO E COMUNICACAO - PJ;00;RECURSOS PRIMARIOS DE LIVRE APLICACAO;1,292,348.16;;1,292,348.16;;1,292,348.16;857,643.72;198,589.50;198,589.50
2019;154003;FUND.COORD.DE APERF.DE PESSOAL NIVEL SUPERIOR;12;EDUCACAO;122;ADMINISTRACAO GERAL;2109;PROGRAMA DE GESTAO E MANUTENCAO DO MINISTERIO DA EDUCACAO;2000;ADMINISTRACAO DA UNIDADE;0002;ORGANIZACAO E INOVACAO INSTITUCIONAL E SERVICOS GERAIS;12122210920000053;136550;VCC80N99GAN;ADMINISTRACAO CAPES -DGES;90;APLICACOES DIRETAS;3;DESPESAS CORRENTES;3;OUTRAS DESPESAS CORRENTES;47;OBRIGACOES TRIBUTARIAS E CONTRIBUTIVAS;339047;OBRIGACOES TRIBUTARIAS E CONTRIBUTIVAS;00;RECURSOS PRIMARIOS DE LIVRE APLICACAO;4,401,135.97;;4,401,135.97;;4,401,135.97;435,058.57;3,963,560.43;3,963,560.43
2019;154003;FUND.COORD.DE APERF.DE PESSOAL NIVEL SUPERIOR;12;EDUCACAO;122;ADMINISTRACAO GERAL;2109;PROGRAMA DE GESTAO E MANUTENCAO DO MINISTERIO DA EDUCACAO;2000;ADMINISTRACAO DA UNIDADE;0002;ORGANIZACAO E INOVACAO INSTITUCIONAL E SERVICOS GERAIS;12122210920000053;136550;VCC80N99GAN;ADMINISTRACAO CAPES -DGES;90;APLICACOES DIRETAS;3;DESPESAS CORRENTES;3;OUTRAS DESPESAS CORRENTES;;;;;80;RECURSOS PROPRIOS FINANCEIROS;6,000.00;;6,000.00;;6,000.00;750.20;2,999.20;2,999.20
2019;154003;FUND.COORD.DE APERF.DE PESSOAL NIVEL SUPERIOR;12;EDUCACAO;122;ADMINISTRACAO GERAL;2109;PROGRAMA DE GESTAO E MANUTENCAO DO MINISTERIO DA EDUCACAO;2000;ADMINISTRACAO DA UNIDADE;0002;ORGANIZACAO E INOVACAO INSTITUCIONAL E SERVICOS GERAIS;12122210920000053;136550;VCC80N99GAN;ADMINISTRACAO CAPES -DGES;90;APLICACOES DIRETAS;3;DESPESAS CORRENTES;3;OUTRAS DESPESAS CORRENTES;93;INDENIZACOES E RESTITUICOES;339093;INDENIZACOES E RESTITUICOES;00;RECURSOS PRIMARIOS DE LIVRE APLICACAO;1,758,525.15;;1,758,525.15;;1,758,525.15;163,205.72;1,577,454.28;1,560,509.38
2019;154003;FUND.COORD.DE APERF.DE PESSOAL NIVEL SUPERIOR;12;EDUCACAO;122;ADMINISTRACAO GERAL;2109;PROGRAMA DE GESTAO E MANUTENCAO DO MINISTERIO DA EDUCACAO;2000;ADMINISTRACAO DA UNIDADE;0002;ORGANIZACAO E INOVACAO INSTITUCIONAL E SERVICOS GERAIS;12122210920000053;136550;VCC80N99GAN;ADMINISTRACAO CAPES -DGES;90;APLICACOES DIRETAS;3;DESPESAS CORRENTES;3;OUTRAS DESPESAS CORRENTES;;;;;80;RECURSOS PROPRIOS FINANCEIROS;20,000.00;;20,000.00;;20,000.00;5,000.00;;
2019;154003;FUND.COORD.DE APERF.DE PESSOAL NIVEL SUPERIOR;12;EDUCACAO;122;ADMINISTRACAO GERAL;2109;PROGRAMA DE GESTAO E MANUTENCAO DO MINISTERIO DA EDUCACAO;2000;ADMINISTRACAO DA UNIDADE;0002;ORGANIZACAO E INOVACAO INSTITUCIONAL E SERVICOS GERAIS;12122210920000053;136550;VCC80N99GAN;ADMINISTRACAO CAPES -DGES;90;APLICACOES DIRETAS;4;DESPESAS DE CAPITAL;4;INVESTIMENTOS;40;SERVICOS DE TECNOLOGIA DA INFORMACAO E COMUNICACAO - PJ;449040;SERVICOS DE TECNOLOGIA DA INFORMACAO E COMUNICACAO - PJ;00;RECURSOS PRIMARIOS DE LIVRE APLICACAO;7,695.00;;7,695.00;;7,695.00;1,282.50;6,412.50;6,412.50
2019;154003;FUND.COORD.DE APERF.DE PESSOAL NIVEL SUPERIOR;12;EDUCACAO;122;ADMINISTRACAO GERAL;2109;PROGRAMA DE GESTAO E MANUTENCAO DO MINISTERIO DA EDUCACAO;2000;ADMINISTRACAO DA UNIDADE;0002;ORGANIZACAO E INOVACAO INSTITUCIONAL E SERVICOS GERAIS;12122210920000053;136550;VCC80N99GAN;ADMINISTRACAO CAPES -DGES;90;APLICACOES DIRETAS;4;DESPESAS DE CAPITAL;4;INVESTIMENTOS;52;EQUIPAMENTOS E MATERIAL PERMANENTE;449052;EQUIPAMENTOS E MATERIAL PERMANENTE;00;RECURSOS PRIMARIOS DE LIVRE APLICACAO;4,554,060.44;;4,554,060.44;;4,554,060.44;1,473,909.60;3,060,237.80;3,060,237.80
2019;154003;FUND.COORD.DE APERF.DE PESSOAL NIVEL SUPERIOR;12;EDUCACAO;122;ADMINISTRACAO GERAL;2109;PROGRAMA DE GESTAO E MANUTENCAO DO MINISTERIO DA EDUCACAO;2000;ADMINISTRACAO DA UNIDADE;0002;ORGANIZACAO E INOVACAO INSTITUCIONAL E SERVICOS GERAIS;12122210920000053;136550;VCC80N99GAN;ADMINISTRACAO CAPES -DGES;91;APLICACOES DIRETAS - OPERACOES INTERNAS;3;DESPESAS CORRENTES;3;OUTRAS DESPESAS CORRENTES;39;OUTROS SERVICOS DE TERCEIROS PJ - OP.INT.ORC.;339139;OUTROS SERVICOS DE TERCEIROS - PESSOA JURIDICA (INTRA);00;RECURSOS PRIMARIOS DE LIVRE APLICACAO;2,950,000.00;;2,950,000.00;;2,950,000.00;1,762,653.44;883,739.36;883,739.36
2019;154003;FUND.COORD.DE APERF.DE PESSOAL NIVEL SUPERIOR;12;EDUCACAO;122;ADMINISTRACAO GERAL;2109;PROGRAMA DE GESTAO E MANUTENCAO DO MINISTERIO DA EDUCACAO;2000;ADMINISTRACAO DA UNIDADE;0002;ORGANIZACAO E INOVACAO INSTITUCIONAL E SERVICOS GERAIS;12122210920000053;136550;VCC80N99GAN;ADMINISTRACAO CAPES -DGES;91;APLICACOES DIRETAS - OPERACOES INTERNAS;3;DESPESAS CORRENTES;3;OUTRAS DESPESAS CORRENTES;;;;;80;RECURSOS PROPRIOS FINANCEIROS;649,078.40;;649,078.40;;649,078.40;143,469.84;75,199.04;75,199.04
2019;154003;FUND.COORD.DE APERF.DE PESSOAL NIVEL SUPERIOR;12;EDUCACAO;122;ADMINISTRACAO GERAL;2109;PROGRAMA DE GESTAO E MANUTENCAO DO MINISTERIO DA EDUCACAO;2000;ADMINISTRACAO DA UNIDADE;0002;ORGANIZACAO E INOVACAO INSTITUCIONAL E SERVICOS GERAIS;12122210920000053;136550;VCC80N99GAN;ADMINISTRACAO CAPES -DGES;91;APLICACOES DIRETAS - OPERACOES INTERNAS;3;DESPESAS CORRENTES;3;OUTRAS DESPESAS CORRENTES;47;OBRIGACOES TRIBUTARIAS E CONTRIBUTIVAS;339147;OBRIG.TRIBUT.E CONTRIB-OP.INTRA-ORCAMENTARIAS;00;RECURSOS PRIMARIOS DE LIVRE APLICACAO;8,297,435.55;;8,297,435.55;;8,297,435.55;3,492,921.02;4,804,514.53;4,804,514.53
2019;154003;FUND.COORD.DE APERF.DE PESSOAL NIVEL SUPERIOR;12;EDUCACAO;122;ADMINISTRACAO GERAL;2109;PROGRAMA DE GESTAO E MANUTENCAO DO MINISTERIO DA EDUCACAO;2000;ADMINISTRACAO DA UNIDADE;0002;ORGANIZACAO E INOVACAO INSTITUCIONAL E SERVICOS GERAIS;12122210920000053;136550;VCC80N99GAN;ADMINISTRACAO CAPES -DGES;91;APLICACOES DIRETAS - OPERACOES INTERNAS;3;DESPESAS CORRENTES;3;OUTRAS DESPESAS CORRENTES;92;DESPESAS DE EXERCICIOS ANTERIORES;339192;DESPESAS DE EXERCICIOS ANTERIORES;00;RECURSOS PRIMARIOS DE LIVRE APLICACAO;2,672.56;;2,672.56;;2,672.56;0.00;2,672.56;2,672.56
2019;154003;FUND.COORD.DE APERF.DE PESSOAL NIVEL SUPERIOR;12;EDUCACAO;122;ADMINISTRACAO GERAL;2109;PROGRAMA DE GESTAO E MANUTENCAO DO MINISTERIO DA EDUCACAO;216H;AJUDA DE CUSTO PARA MORADIA OU AUXILIO-MORADIA A AGENTES PUB;0000;AJUDA DE CUSTO PARA MORADIA OU AUXILIO-MORADIA A AGENTES PUBLICOS;121222109216H0001;138286;'-8;SEM INFORMACAO;90;APLICACOES DIRETAS;3;DESPESAS CORRENTES;3;OUTRAS DESPESAS CORRENTES;00;[A DETALHAR];339000;APLICACOES DIRETAS;00;RECURSOS PRIMARIOS DE LIVRE APLICACAO;81,244.47;;81,244.47;;;;;
2019;154003;FUND.COORD.DE APERF.DE PESSOAL NIVEL SUPERIOR;12;EDUCACAO;122;ADMINISTRACAO GERAL;2109;PROGRAMA DE GESTAO E MANUTENCAO DO MINISTERIO DA EDUCACAO;216H;AJUDA DE CUSTO PARA MORADIA OU AUXILIO-MORADIA A AGENTES PUB;0000;AJUDA DE CUSTO PARA MORADIA OU AUXILIO-MORADIA A AGENTES PUBLICOS;121222109216H0001;138286;VCC80N99GAN;ADMINISTRACAO CAPES -DGES;90;APLICACOES DIRETAS;3;DESPESAS CORRENTES;3;OUTRAS DESPESAS CORRENTES;93;INDENIZACOES E RESTITUICOES;339093;INDENIZACOES E RESTITUICOES;00;RECURSOS PRIMARIOS DE LIVRE APLICACAO;2,438,755.53;;2,438,755.53;;2,438,755.53;1,130,607.03;1,308,148.50;1,136,075.87
2019;154003;FUND.COORD.DE APERF.DE PESSOAL NIVEL SUPERIOR;12;EDUCACAO;128;FORMACAO DE RECURSOS HUMANOS;2109;PROGRAMA DE GESTAO E MANUTENCAO DO MINISTERIO DA EDUCACAO;4572;CAPACITACAO DE SERVIDORES PUBLICOS FEDERAIS EM PROCESSO DE Q;0000;CAPACITACAO DE SERVIDORES PUBLICOS FEDERAIS EM PROCESSO DE QUALIFICACAO E REQUALIFICACAO;12128210945720053;087487;'-8;SEM INFORMACAO;90;APLICACOES DIRETAS;3;DESPESAS CORRENTES;3;OUTRAS DESPESAS CORRENTES;00;[A DETALHAR];339000;APLICACOES DIRETAS;00;RECURSOS PRIMARIOS DE LIVRE APLICACAO;10158818.80;;9,303,818.80;2,280,000.00;;;;
2019;154003;FUND.COORD.DE APERF.DE PESSOAL NIVEL SUPERIOR;12;EDUCACAO;128;FORMACAO DE RECURSOS HUMANOS;2109;PROGRAMA DE GESTAO E MANUTENCAO DO MINISTERIO DA EDUCACAO;4572;CAPACITACAO DE SERVIDORES PUBLICOS FEDERAIS EM PROCESSO DE Q;0000;CAPACITACAO DE SERVIDORES PUBLICOS FEDERAIS EM PROCESSO DE QUALIFICACAO E REQUALIFICACAO;12128210945720053;087487;VCC80N99GAN;ADMINISTRACAO CAPES -DGES;90;APLICACOES DIRETAS;3;DESPESAS CORRENTES;3;OUTRAS DESPESAS CORRENTES;18;AUXILIO FINANCEIRO A ESTUDANTES;339018;AUXILIO FINANCEIRO A ESTUDANTES;00;RECURSOS PRIMARIOS DE LIVRE APLICACAO;154,000.00;;154,000.00;;151,800.00;46,200.00;99,000.00;99,000.00
2019;154003;FUND.COORD.DE APERF.DE PESSOAL NIVEL SUPERIOR;12;EDUCACAO;128;FORMACAO DE RECURSOS HUMANOS;2109;PROGRAMA DE GESTAO E MANUTENCAO DO MINISTERIO DA EDUCACAO;4572;CAPACITACAO DE SERVIDORES PUBLICOS FEDERAIS EM PROCESSO DE Q;0000;CAPACITACAO DE SERVIDORES PUBLICOS FEDERAIS EM PROCESSO DE QUALIFICACAO E REQUALIFICACAO;12128210945720053;087487;VCC80N99GAN;ADMINISTRACAO CAPES -DGES;90;APLICACOES DIRETAS;3;DESPESAS CORRENTES;3;OUTRAS DESPESAS CORRENTES;36;OUTROS SERVICOS DE TERCEIROS - P.FISICA;339036;OUTROS SERVICOS DE TERCEIROS - PESSOA FISICA;00;RECURSOS PRIMARIOS DE LIVRE APLICACAO;75,317.75;;75,317.75;;25,337.75;5,067.55;20,270.20;20,270.20
2019;154003;FUND.COORD.DE APERF.DE PESSOAL NIVEL SUPERIOR;12;EDUCACAO;128;FORMACAO DE RECURSOS HUMANOS;2109;PROGRAMA DE GESTAO E MANUTENCAO DO MINISTERIO DA EDUCACAO;4572;CAPACITACAO DE SERVIDORES PUBLICOS FEDERAIS EM PROCESSO DE Q;0000;CAPACITACAO DE SERVIDORES PUBLICOS FEDERAIS EM PROCESSO DE QUALIFICACAO E REQUALIFICACAO;12128210945720053;087487;VCC80N99GAN;ADMINISTRACAO CAPES -DGES;90;APLICACOES DIRETAS;3;DESPESAS CORRENTES;3;OUTRAS DESPESAS CORRENTES;39;OUTROS SERVICOS DE TERCEIROS PJ - OP.INT.ORC.;339039;OUTROS SERVICOS DE TERCEIROS - PESSOA JURIDICA;00;RECURSOS PRIMARIOS DE LIVRE APLICACAO;1,798,986.60;;1,798,986.60;;1,755,462.60;424,338.20;1,278,060.40;1,278,060.40
2019;154003;FUND.COORD.DE APERF.DE PESSOAL NIVEL SUPERIOR;12;EDUCACAO;128;FORMACAO DE RECURSOS HUMANOS;2109;PROGRAMA DE GESTAO E MANUTENCAO DO MINISTERIO DA EDUCACAO;4572;CAPACITACAO DE SERVIDORES PUBLICOS FEDERAIS EM PROCESSO DE Q;0000;CAPACITACAO DE SERVIDORES PUBLICOS FEDERAIS EM PROCESSO DE QUALIFICACAO E REQUALIFICACAO;12128210945720053;087487;VCC80N99GAN;ADMINISTRACAO CAPES -DGES;90;APLICACOES DIRETAS;3;DESPESAS CORRENTES;3;OUTRAS DESPESAS CORRENTES;92;DESPESAS DE EXERCICIOS ANTERIORES;339092;DESPESAS DE EXERCICIOS ANTERIORES;00;RECURSOS PRIMARIOS DE LIVRE APLICACAO;5,199.74;;5,199.74;;5,199.74;0.00;5,199.74;5,199.74
2019;154003;FUND.COORD.DE APERF.DE PESSOAL NIVEL SUPERIOR;12;EDUCACAO;128;FORMACAO DE RECURSOS HUMANOS;2109;PROGRAMA DE GESTAO E MANUTENCAO DO MINISTERIO DA EDUCACAO;4572;CAPACITACAO DE SERVIDORES PUBLICOS FEDERAIS EM PROCESSO DE Q;0000;CAPACITACAO DE SERVIDORES PUBLICOS FEDERAIS EM PROCESSO DE QUALIFICACAO E REQUALIFICACAO;12128210945720053;087487;VCC80N99GAN;ADMINISTRACAO CAPES -DGES;90;APLICACOES DIRETAS;3;DESPESAS CORRENTES;3;OUTRAS DESPESAS CORRENTES;93;INDENIZACOES E RESTITUICOES;339093;INDENIZACOES E RESTITUICOES;00;RECURSOS PRIMARIOS DE LIVRE APLICACAO;7,749,823.11;;7,749,823.11;;7,746,413.11;1,963,374.16;4,951,487.64;4,940,507.74
2019;154003;FUND.COORD.DE APERF.DE PESSOAL NIVEL SUPERIOR;12;EDUCACAO;128;FORMACAO DE RECURSOS HUMANOS;2109;PROGRAMA DE GESTAO E MANUTENCAO DO MINISTERIO DA EDUCACAO;4572;CAPACITACAO DE SERVIDORES PUBLICOS FEDERAIS EM PROCESSO DE Q;0000;CAPACITACAO DE SERVIDORES PUBLICOS FEDERAIS EM PROCESSO DE QUALIFICACAO E REQUALIFICACAO;12128210945720053;087487;VCC80N99GAN;ADMINISTRACAO CAPES -DGES;91;APLICACOES DIRETAS - OPERACOES INTERNAS;3;DESPESAS CORRENTES;3;OUTRAS DESPESAS CORRENTES;47;OBRIGACOES TRIBUTARIAS E CONTRIBUTIVAS;339147;OBRIG.TRIBUT.E CONTRIB-OP.INTRA-ORCAMENTARIAS;00;RECURSOS PRIMARIOS DE LIVRE APLICACAO;7,854.00;;7,854.00;;;;;
2019;154003;FUND.COORD.DE APERF.DE PESSOAL NIVEL SUPERIOR;12;EDUCACAO;301;ATENCAO BASICA;2109;PROGRAMA DE GESTAO E MANUTENCAO DO MINISTERIO DA EDUCACAO;2004;ASSISTENCIA MEDICA E ODONTOLOGICA AOS SERVIDORES CIVIS, EMPR;0001;ASSISTENCIA MEDICA E ODONTOLOGICA DE CIVIS - COMPLEMENTACAO DA UNIAO;12301210920040053;087484;'-8;SEM INFORMACAO;90;APLICACOES DIRETAS;3;DESPESAS CORRENTES;3;OUTRAS DESPESAS CORRENTES;00;[A DETALHAR];339000;APLICACOES DIRETAS;00;RECURSOS PRIMARIOS DE LIVRE APLICACAO;358,428.42;;358,428.42;;;;;
2019;154003;FUND.COORD.DE APERF.DE PESSOAL NIVEL SUPERIOR;12;EDUCACAO;301;ATENCAO BASICA;2109;PROGRAMA DE GESTAO E MANUTENCAO DO MINISTERIO DA EDUCACAO;2004;ASSISTENCIA MEDICA E ODONTOLOGICA AOS SERVIDORES CIVIS, EMPR;0001;ASSISTENCIA MEDICA E ODONTOLOGICA DE CIVIS - COMPLEMENTACAO DA UNIAO;12301210920040053;087484;VCC80N99GAN;ADMINISTRACAO CAPES -DGES;90;APLICACOES DIRETAS;3;DESPESAS CORRENTES;3;OUTRAS DESPESAS CORRENTES;92;DESPESAS DE EXERCICIOS ANTERIORES;339092;DESPESAS DE EXERCICIOS ANTERIORES;00;RECURSOS PRIMARIOS DE LIVRE APLICACAO;565.65;;565.65;;565.65;0.00;565.65;565.65
2019;154003;FUND.COORD.DE APERF.DE PESSOAL NIVEL SUPERIOR;12;EDUCACAO;301;ATENCAO BASICA;2109;PROGRAMA DE GESTAO E MANUTENCAO DO MINISTERIO DA EDUCACAO;2004;ASSISTENCIA MEDICA E ODONTOLOGICA AOS SERVIDORES CIVIS, EMPR;0001;ASSISTENCIA MEDICA E ODONTOLOGICA DE CIVIS - COMPLEMENTACAO DA UNIAO;12301210920040053;087484;VCC80N99GAN;ADMINISTRACAO CAPES -DGES;90;APLICACOES DIRETAS;3;DESPESAS CORRENTES;3;OUTRAS DESPESAS CORRENTES;93;INDENIZACOES E RESTITUICOES;339093;INDENIZACOES E RESTITUICOES;00;RECURSOS PRIMARIOS DE LIVRE APLICACAO;13362573.93;;13362573.93;;13362573.93;6,313,740.04;7,048,833.89;6,335,098.20
2019;154003;FUND.COORD.DE APERF.DE PESSOAL NIVEL SUPERIOR;12;EDUCACAO;331;PROTECAO E BENEFICIOS AO TRABALHADOR;2109;PROGRAMA DE GESTAO E MANUTENCAO DO MINISTERIO DA EDUCACAO;212B;BENEFICIOS OBRIGATORIOS AOS SERVIDORES CIVIS, EMPREGADOS, MI;0001;ASSISTENCIA PRE-ESCOLAR AOS DEPENDENTES DE SERVIDORES CIVIS E DE EMPREGADOS;123312109212B0053;138282;'-8;SEM INFORMACAO;90;APLICACOES DIRETAS;3;DESPESAS CORRENTES;3;OUTRAS DESPESAS CORRENTES;00;[A DETALHAR];339000;APLICACOES DIRETAS;00;RECURSOS PRIMARIOS DE LIVRE APLICACAO;(276,094.05);658,132.00;382,037.95;;;;;
2019;154003;FUND.COORD.DE APERF.DE PESSOAL NIVEL SUPERIOR;12;EDUCACAO;331;PROTECAO E BENEFICIOS AO TRABALHADOR;2109;PROGRAMA DE GESTAO E MANUTENCAO DO MINISTERIO DA EDUCACAO;212B;BENEFICIOS OBRIGATORIOS AOS SERVIDORES CIVIS, EMPREGADOS, MI;0001;ASSISTENCIA PRE-ESCOLAR AOS DEPENDENTES DE SERVIDORES CIVIS E DE EMPREGADOS;123312109212B0053;138282;VCC80N99GAN;ADMINISTRACAO CAPES -DGES;90;APLICACOES DIRETAS;3;DESPESAS CORRENTES;3;OUTRAS DESPESAS CORRENTES;04;CONTRATACAO POR TEMPO DETERMINADO - PES.CIVIL;339004;CONTRATACAO POR TEMPO DETERMINADO;00;RECURSOS PRIMARIOS DE LIVRE APLICACAO;197,232.60;;197,232.60;;197,232.60;75,316.80;121,915.80;105,448.50
2019;154003;FUND.COORD.DE APERF.DE PESSOAL NIVEL SUPERIOR;12;EDUCACAO;331;PROTECAO E BENEFICIOS AO TRABALHADOR;2109;PROGRAMA DE GESTAO E MANUTENCAO DO MINISTERIO DA EDUCACAO;212B;BENEFICIOS OBRIGATORIOS AOS SERVIDORES CIVIS, EMPREGADOS, MI;0001;ASSISTENCIA PRE-ESCOLAR AOS DEPENDENTES DE SERVIDORES CIVIS E DE EMPREGADOS;123312109212B0053;138282;VCC80N99GAN;ADMINISTRACAO CAPES -DGES;90;APLICACOES DIRETAS;3;DESPESAS CORRENTES;3;OUTRAS DESPESAS CORRENTES;08;OUTROS BENEF.ASSIST. DO SERVIDOR E DO MILITAR;339008;OUTROS BENEF.ASSIST. DO SERVIDOR E DO MILITAR;00;RECURSOS PRIMARIOS DE LIVRE APLICACAO;5,438,367.05;;5,438,367.05;;5,438,367.05;2,054,570.02;3,383,797.03;2,922,286.93
2019;154003;FUND.COORD.DE APERF.DE PESSOAL NIVEL SUPERIOR;12;EDUCACAO;331;PROTECAO E BENEFICIOS AO TRABALHADOR;2109;PROGRAMA DE GESTAO E MANUTENCAO DO MINISTERIO DA EDUCACAO;212B;BENEFICIOS OBRIGATORIOS AOS SERVIDORES CIVIS, EMPREGADOS, MI;0001;ASSISTENCIA PRE-ESCOLAR AOS DEPENDENTES DE SERVIDORES CIVIS E DE EMPREGADOS;123312109212B0053;138282;VCC80N99GAN;ADMINISTRACAO CAPES -DGES;90;APLICACOES DIRETAS;3;DESPESAS CORRENTES;3;OUTRAS DESPESAS CORRENTES;92;DESPESAS DE EXERCICIOS ANTERIORES;339092;DESPESAS DE EXERCICIOS ANTERIORES;00;RECURSOS PRIMARIOS DE LIVRE APLICACAO;5,574.40;;5,574.40;;5,574.40;0.00;5,574.40;4,180.80
2019;154003;FUND.COORD.DE APERF.DE PESSOAL NIVEL SUPERIOR;12;EDUCACAO;331;PROTECAO E BENEFICIOS AO TRABALHADOR;2109;PROGRAMA DE GESTAO E MANUTENCAO DO MINISTERIO DA EDUCACAO;212B;BENEFICIOS OBRIGATORIOS AOS SERVIDORES CIVIS, EMPREGADOS, MI;0003;AUXILIO-TRANSPORTE DE CIVIS;123312109212B0053;138283;'-8;SEM INFORMACAO;90;APLICACOES DIRETAS;3;DESPESAS CORRENTES;3;OUTRAS DESPESAS CORRENTES;00;[A DETALHAR];339000;APLICACOES DIRETAS;00;RECURSOS PRIMARIOS DE LIVRE APLICACAO;19,258.31;174.00;19,432.31;;;;;
2019;154003;FUND.COORD.DE APERF.DE PESSOAL NIVEL SUPERIOR;12;EDUCACAO;331;PROTECAO E BENEFICIOS AO TRABALHADOR;2109;PROGRAMA DE GESTAO E MANUTENCAO DO MINISTERIO DA EDUCACAO;212B;BENEFICIOS OBRIGATORIOS AOS SERVIDORES CIVIS, EMPREGADOS, MI;0003;AUXILIO-TRANSPORTE DE CIVIS;123312109212B0053;138283;VCC80N99GAN;ADMINISTRACAO CAPES -DGES;90;APLICACOES DIRETAS;3;DESPESAS CORRENTES;3;OUTRAS DESPESAS CORRENTES;49;AUXILIO-TRANSPORTE;339049;AUXILIO-TRANSPORTE;00;RECURSOS PRIMARIOS DE LIVRE APLICACAO;610,447.69;;610,447.69;;610,447.69;286,891.41;323,556.28;277,910.67
2019;154003;FUND.COORD.DE APERF.DE PESSOAL NIVEL SUPERIOR;12;EDUCACAO;331;PROTECAO E BENEFICIOS AO TRABALHADOR;2109;PROGRAMA DE GESTAO E MANUTENCAO DO MINISTERIO DA EDUCACAO;212B;BENEFICIOS OBRIGATORIOS AOS SERVIDORES CIVIS, EMPREGADOS, MI;0005;AUXILIO-ALIMENTACAO DE CIVIS;123312109212B0053;138284;'-8;SEM INFORMACAO;90;APLICACOES DIRETAS;3;DESPESAS CORRENTES;3;OUTRAS DESPESAS CORRENTES;00;[A DETALHAR];339000;APLICACOES DIRETAS;00;RECURSOS PRIMARIOS DE LIVRE APLICACAO;518,917.56;;358,917.56;50,000.00;;;;
2019;154003;FUND.COORD.DE APERF.DE PESSOAL NIVEL SUPERIOR;12;EDUCACAO;331;PROTECAO E BENEFICIOS AO TRABALHADOR;2109;PROGRAMA DE GESTAO E MANUTENCAO DO MINISTERIO DA EDUCACAO;212B;BENEFICIOS OBRIGATORIOS AOS SERVIDORES CIVIS, EMPREGADOS, MI;0005;AUXILIO-ALIMENTACAO DE CIVIS;123312109212B0053;138284;VCC80N99GAN;ADMINISTRACAO CAPES -DGES;90;APLICACOES DIRETAS;3;DESPESAS CORRENTES;3;OUTRAS DESPESAS CORRENTES;04;CONTRATACAO POR TEMPO DETERMINADO - PES.CIVIL;339004;CONTRATACAO POR TEMPO DETERMINADO;00;RECURSOS PRIMARIOS DE LIVRE APLICACAO;1,225,886.54;;1,225,886.54;;1,225,886.54;776,088.92;449,797.62;389,591.44
2019;154003;FUND.COORD.DE APERF.DE PESSOAL NIVEL SUPERIOR;12;EDUCACAO;331;PROTECAO E BENEFICIOS AO TRABALHADOR;2109;PROGRAMA DE GESTAO E MANUTENCAO DO MINISTERIO DA EDUCACAO;212B;BENEFICIOS OBRIGATORIOS AOS SERVIDORES CIVIS, EMPREGADOS, MI;0005;AUXILIO-ALIMENTACAO DE CIVIS;123312109212B0053;138284;VCC80N99GAN;ADMINISTRACAO CAPES -DGES;90;APLICACOES DIRETAS;3;DESPESAS CORRENTES;3;OUTRAS DESPESAS CORRENTES;46;AUXILIO-ALIMENTACAO;339046;AUXILIO-ALIMENTACAO;00;RECURSOS PRIMARIOS DE LIVRE APLICACAO;27906355.90;;27906355.90;;27906355.90;11458129.67;16448226.23;14209200.93
2019;154003;FUND.COORD.DE APERF.DE PESSOAL NIVEL SUPERIOR;12;EDUCACAO;331;PROTECAO E BENEFICIOS AO TRABALHADOR;2109;PROGRAMA DE GESTAO E MANUTENCAO DO MINISTERIO DA EDUCACAO;212B;BENEFICIOS OBRIGATORIOS AOS SERVIDORES CIVIS, EMPREGADOS, MI;0009;AUXILIO-FUNERAL E NATALIDADE DE CIVIS;123312109212B0053;138285;'-8;SEM INFORMACAO;90;APLICACOES DIRETAS;3;DESPESAS CORRENTES;3;OUTRAS DESPESAS CORRENTES;00;[A DETALHAR];339000;APLICACOES DIRETAS;00;RECURSOS PRIMARIOS DE LIVRE APLICACAO;(123,635.29);96,234.00;132,598.71;;;;;
2019;154003;FUND.COORD.DE APERF.DE PESSOAL NIVEL SUPERIOR;12;EDUCACAO;331;PROTECAO E BENEFICIOS AO TRABALHADOR;2109;PROGRAMA DE GESTAO E MANUTENCAO DO MINISTERIO DA EDUCACAO;212B;BENEFICIOS OBRIGATORIOS AOS SERVIDORES CIVIS, EMPREGADOS, MI;0009;AUXILIO-FUNERAL E NATALIDADE DE CIVIS;123312109212B0053;138285;VCC80N99GAN;ADMINISTRACAO CAPES -DGES;90;APLICACOES DIRETAS;3;DESPESAS CORRENTES;3;OUTRAS DESPESAS CORRENTES;08;OUTROS BENEF.ASSIST. DO SERVIDOR E DO MILITAR;339008;OUTROS BENEF.ASSIST. DO SERVIDOR E DO MILITAR;00;RECURSOS PRIMARIOS DE LIVRE APLICACAO;458,795.29;;458,795.29;;458,795.29;41,222.94;417,572.35;405,705.85
2019;154003;FUND.COORD.DE APERF.DE PESSOAL NIVEL SUPERIOR;12;EDUCACAO;364;ENSINO SUPERIOR;2080;EDUCACAO DE QUALIDADE PARA TODOS;0487;CONCESSAO DE BOLSAS DE ESTUDO NO ENSINO SUPERIOR;0000;CONCESSAO DE BOLSAS DE ESTUDO NO ENSINO SUPERIOR - DESPESAS DIVERSAS;12364208004870001;130199;'-8;SEM INFORMACAO;90;APLICACOES DIRETAS;3;DESPESAS CORRENTES;3;OUTRAS DESPESAS CORRENTES;00;[A DETALHAR];339000;APLICACOES DIRETAS;00;RECURSOS PRIMARIOS DE LIVRE APLICACAO;2380000000.0;;0.00;0.00;;;;
2019;154003;FUND.COORD.DE APERF.DE PESSOAL NIVEL SUPERIOR;12;EDUCACAO;364;ENSINO SUPERIOR;2080;EDUCACAO DE QUALIDADE PARA TODOS;0487;CONCESSAO DE BOLSAS DE ESTUDO NO ENSINO SUPERIOR;0001;CIENCIA SEM FRONTEIRAS;12364208004870001;108450;'-8;SEM INFORMACAO;90;APLICACOES DIRETAS;3;DESPESAS CORRENTES;3;OUTRAS DESPESAS CORRENTES;00;[A DETALHAR];339000;APLICACOES DIRETAS;00;RECURSOS PRIMARIOS DE LIVRE APLICACAO;65276986.79;;65276986.79;0.00;;;;
2019;154003;FUND.COORD.DE APERF.DE PESSOAL NIVEL SUPERIOR;12;EDUCACAO;364;ENSINO SUPERIOR;2080;EDUCACAO DE QUALIDADE PARA TODOS;0487;CONCESSAO DE BOLSAS DE ESTUDO NO ENSINO SUPERIOR;0001;CIENCIA SEM FRONTEIRAS;12364208004870001;108450;NCCCVN19BEN;CSF - BEX;90;APLICACOES DIRETAS;3;DESPESAS CORRENTES;3;OUTRAS DESPESAS CORRENTES;18;AUXILIO FINANCEIRO A ESTUDANTES;339018;AUXILIO FINANCEIRO A ESTUDANTES;00;RECURSOS PRIMARIOS DE LIVRE APLICACAO;33391545.21;;33391545.21;;805,508.34;170,032.88;226,380.55;226,380.55
2019;154003;FUND.COORD.DE APERF.DE PESSOAL NIVEL SUPERIOR;12;EDUCACAO;364;ENSINO SUPERIOR;2080;EDUCACAO DE QUALIDADE PARA TODOS;0487;CONCESSAO DE BOLSAS DE ESTUDO NO ENSINO SUPERIOR;0001;CIENCIA SEM FRONTEIRAS;12364208004870001;108450;NCCCVO20PEN;CSF - PVES-PESQUISADOR VISITANTE ESPECIAL;90;APLICACOES DIRETAS;3;DESPESAS CORRENTES;3;OUTRAS DESPESAS CORRENTES;18;AUXILIO FINANCEIRO A ESTUDANTES;339018;AUXILIO FINANCEIRO A ESTUDANTES;00;RECURSOS PRIMARIOS DE LIVRE APLICACAO;64,200.00;;64,200.00;;64,200.00;15,000.00;49,200.00;49,200.00
2019;154003;FUND.COORD.DE APERF.DE PESSOAL NIVEL SUPERIOR;12;EDUCACAO;364;ENSINO SUPERIOR;2080;EDUCACAO DE QUALIDADE PARA TODOS;0487;CONCESSAO DE BOLSAS DE ESTUDO NO ENSINO SUPERIOR;0002;CONCESSAO DE BOLSAS DE ESTUDOS NO PAIS;12364208004870001;108452;'-8;SEM INFORMACAO;30;TRANSFER. A ESTADOS E AO DISTRITO FEDERAL;3;DESPESAS CORRENTES;3;OUTRAS DESPESAS CORRENTES;00;[A DETALHAR];333000;TRANSFER.  A ESTADOS E AO DISTRITO FEDERAL;00;RECURSOS PRIMARIOS DE LIVRE APLICACAO;22379137.93;;22379137.93;;;;;
2019;154003;FUND.COORD.DE APERF.DE PESSOAL NIVEL SUPERIOR;12;EDUCACAO;364;ENSINO SUPERIOR;2080;EDUCACAO DE QUALIDADE PARA TODOS;0487;CONCESSAO DE BOLSAS DE ESTUDO NO ENSINO SUPERIOR;0002;CONCESSAO DE BOLSAS DE ESTUDOS NO PAIS;12364208004870001;108452;'-8;SEM INFORMACAO;50;TRANSFERENCIA INSTITUICOES PRIVADAS SEM FINS LUCRATIVOS;3;DESPESAS CORRENTES;3;OUTRAS DESPESAS CORRENTES;00;[A DETALHAR];335000;TRANSFERENCIA INSTITUICOES PRIVADAS SEM FINS LUCRATIVOS;00;RECURSOS PRIMARIOS DE LIVRE APLICACAO;65900261.00;;65900261.00;;;;;
2019;154003;FUND.COORD.DE APERF.DE PESSOAL NIVEL SUPERIOR;12;EDUCACAO;364;ENSINO SUPERIOR;2080;EDUCACAO DE QUALIDADE PARA TODOS;0487;CONCESSAO DE BOLSAS DE ESTUDO NO ENSINO SUPERIOR;0002;CONCESSAO DE BOLSAS DE ESTUDOS NO PAIS;12364208004870001;108452;'-8;SEM INFORMACAO;90;APLICACOES DIRETAS;3;DESPESAS CORRENTES;3;OUTRAS DESPESAS CORRENTES;00;[A DETALHAR];339000;APLICACOES DIRETAS;00;RECURSOS PRIMARIOS DE LIVRE APLICACAO;-660831159.8;210000000.00;434368840.25;;;;;
2019;154003;FUND.COORD.DE APERF.DE PESSOAL NIVEL SUPERIOR;12;EDUCACAO;364;ENSINO SUPERIOR;2080;EDUCACAO DE QUALIDADE PARA TODOS;0487;CONCESSAO DE BOLSAS DE ESTUDO NO ENSINO SUPERIOR;0002;CONCESSAO DE BOLSAS DE ESTUDOS NO PAIS;12364208004870001;108452;'-8;SEM INFORMACAO;90;APLICACOES DIRETAS;3;DESPESAS CORRENTES;3;OUTRAS DESPESAS CORRENTES;;;;;08;FUNDO SOCIAL-PARC.DEST.EDUCACAO PUBL.E SAUDE;9526384938.1;;9526384938.1;2147413016.0;;;;
2019;154003;FUND.COORD.DE APERF.DE PESSOAL NIVEL SUPERIOR;12;EDUCACAO;364;ENSINO SUPERIOR;2080;EDUCACAO DE QUALIDADE PARA TODOS;0487;CONCESSAO DE BOLSAS DE ESTUDO NO ENSINO SUPERIOR;0002;CONCESSAO DE BOLSAS DE ESTUDOS NO PAIS;12364208004870001;108452;'-8;SEM INFORMACAO;90;APLICACOES DIRETAS;3;DESPESAS CORRENTES;3;OUTRAS DESPESAS CORRENTES;14;DIARIAS - PESSOAL CIVIL;339014;DIARIAS - PESSOAL CIVIL;00;RECURSOS PRIMARIOS DE LIVRE APLICACAO;0.00;;0.00;;;;;
2019;154003;FUND.COORD.DE APERF.DE PESSOAL NIVEL SUPERIOR;12;EDUCACAO;364;ENSINO SUPERIOR;2080;EDUCACAO DE QUALIDADE PARA TODOS;0487;CONCESSAO DE BOLSAS DE ESTUDO NO ENSINO SUPERIOR;0002;CONCESSAO DE BOLSAS DE ESTUDOS NO PAIS;12364208004870001;108452;'-8;SEM INFORMACAO;90;APLICACOES DIRETAS;3;DESPESAS CORRENTES;3;OUTRAS DESPESAS CORRENTES;;;;;08;FUNDO SOCIAL-PARC.DEST.EDUCACAO PUBL.E SAUDE;0.00;;0.00;;;;;
2019;154003;FUND.COORD.DE APERF.DE PESSOAL NIVEL SUPERIOR;12;EDUCACAO;364;ENSINO SUPERIOR;2080;EDUCACAO DE QUALIDADE PARA TODOS;0487;CONCESSAO DE BOLSAS DE ESTUDO NO ENSINO SUPERIOR;0002;CONCESSAO DE BOLSAS DE ESTUDOS NO PAIS;12364208004870001;108452;'-8;SEM INFORMACAO;90;APLICACOES DIRETAS;3;DESPESAS CORRENTES;3;OUTRAS DESPESAS CORRENTES;18;AUXILIO FINANCEIRO A ESTUDANTES;339018;AUXILIO FINANCEIRO A ESTUDANTES;00;RECURSOS PRIMARIOS DE LIVRE APLICACAO;0.00;;0.00;;;;;
2019;154003;FUND.COORD.DE APERF.DE PESSOAL NIVEL SUPERIOR;12;EDUCACAO;364;ENSINO SUPERIOR;2080;EDUCACAO DE QUALIDADE PARA TODOS;0487;CONCESSAO DE BOLSAS DE ESTUDO NO ENSINO SUPERIOR;0002;CONCESSAO DE BOLSAS DE ESTUDOS NO PAIS;12364208004870001;108452;'-8;SEM INFORMACAO;90;APLICACOES DIRETAS;3;DESPESAS CORRENTES;3;OUTRAS DESPESAS CORRENTES;;;;;08;FUNDO SOCIAL-PARC.DEST.EDUCACAO PUBL.E SAUDE;0.00;;0.00;;;;;
2019;154003;FUND.COORD.DE APERF.DE PESSOAL NIVEL SUPERIOR;12;EDUCACAO;364;ENSINO SUPERIOR;2080;EDUCACAO DE QUALIDADE PARA TODOS;0487;CONCESSAO DE BOLSAS DE ESTUDO NO ENSINO SUPERIOR;0002;CONCESSAO DE BOLSAS DE ESTUDOS NO PAIS;12364208004870001;108452;'-8;SEM INFORMACAO;90;APLICACOES DIRETAS;3;DESPESAS CORRENTES;3;OUTRAS DESPESAS CORRENTES;20;AUXILIO FINANCEIRO A PESQUISADORES;339020;AUXILIO FINANCEIRO A PESQUISADORES;00;RECURSOS PRIMARIOS DE LIVRE APLICACAO;0.00;;0.00;;;;;
2019;154003;FUND.COORD.DE APERF.DE PESSOAL NIVEL SUPERIOR;12;EDUCACAO;364;ENSINO SUPERIOR;2080;EDUCACAO DE QUALIDADE PARA TODOS;0487;CONCESSAO DE BOLSAS DE ESTUDO NO ENSINO SUPERIOR;0002;CONCESSAO DE BOLSAS DE ESTUDOS NO PAIS;12364208004870001;108452;'-8;SEM INFORMACAO;90;APLICACOES DIRETAS;3;DESPESAS CORRENTES;3;OUTRAS DESPESAS CORRENTES;30;MATERIAL DE CONSUMO;339030;MATERIAL DE CONSUMO;00;RECURSOS PRIMARIOS DE LIVRE APLICACAO;0.00;;0.00;;;;;
2019;154003;FUND.COORD.DE APERF.DE PESSOAL NIVEL SUPERIOR;12;EDUCACAO;364;ENSINO SUPERIOR;2080;EDUCACAO DE QUALIDADE PARA TODOS;0487;CONCESSAO DE BOLSAS DE ESTUDO NO ENSINO SUPERIOR;0002;CONCESSAO DE BOLSAS DE ESTUDOS NO PAIS;12364208004870001;108452;'-8;SEM INFORMACAO;90;APLICACOES DIRETAS;3;DESPESAS CORRENTES;3;OUTRAS DESPESAS CORRENTES;;;;;08;FUNDO SOCIAL-PARC.DEST.EDUCACAO PUBL.E SAUDE;0.00;;0.00;;;;;
2019;154003;FUND.COORD.DE APERF.DE PESSOAL NIVEL SUPERIOR;12;EDUCACAO;364;ENSINO SUPERIOR;2080;EDUCACAO DE QUALIDADE PARA TODOS;0487;CONCESSAO DE BOLSAS DE ESTUDO NO ENSINO SUPERIOR;0002;CONCESSAO DE BOLSAS DE ESTUDOS NO PAIS;12364208004870001;108452;'-8;SEM INFORMACAO;90;APLICACOES DIRETAS;3;DESPESAS CORRENTES;3;OUTRAS DESPESAS CORRENTES;33;PASSAGENS E DESPESAS COM LOCOMOCAO;339033;PASSAGENS E DESPESAS COM LOCOMOCAO;00;RECURSOS PRIMARIOS DE LIVRE APLICACAO;0.00;;0.00;;;;;
2019;154003;FUND.COORD.DE APERF.DE PESSOAL NIVEL SUPERIOR;12;EDUCACAO;364;ENSINO SUPERIOR;2080;EDUCACAO DE QUALIDADE PARA TODOS;0487;CONCESSAO DE BOLSAS DE ESTUDO NO ENSINO SUPERIOR;0002;CONCESSAO DE BOLSAS DE ESTUDOS NO PAIS;12364208004870001;108452;'-8;SEM INFORMACAO;90;APLICACOES DIRETAS;3;DESPESAS CORRENTES;3;OUTRAS DESPESAS CORRENTES;;;;;08;FUNDO SOCIAL-PARC.DEST.EDUCACAO PUBL.E SAUDE;0.00;;0.00;;;;;
2019;154003;FUND.COORD.DE APERF.DE PESSOAL NIVEL SUPERIOR;12;EDUCACAO;364;ENSINO SUPERIOR;2080;EDUCACAO DE QUALIDADE PARA TODOS;0487;CONCESSAO DE BOLSAS DE ESTUDO NO ENSINO SUPERIOR;0002;CONCESSAO DE BOLSAS DE ESTUDOS NO PAIS;12364208004870001;108452;'-8;SEM INFORMACAO;90;APLICACOES DIRETAS;3;DESPESAS CORRENTES;3;OUTRAS DESPESAS CORRENTES;36;OUTROS SERVICOS DE TERCEIROS - P.FISICA;339036;OUTROS SERVICOS DE TERCEIROS - PESSOA FISICA;00;RECURSOS PRIMARIOS DE LIVRE APLICACAO;0.00;;0.00;;;;;
2019;154003;FUND.COORD.DE APERF.DE PESSOAL NIVEL SUPERIOR;12;EDUCACAO;364;ENSINO SUPERIOR;2080;EDUCACAO DE QUALIDADE PARA TODOS;0487;CONCESSAO DE BOLSAS DE ESTUDO NO ENSINO SUPERIOR;0002;CONCESSAO DE BOLSAS DE ESTUDOS NO PAIS;12364208004870001;108452;'-8;SEM INFORMACAO;90;APLICACOES DIRETAS;3;DESPESAS CORRENTES;3;OUTRAS DESPESAS CORRENTES;39;OUTROS SERVICOS DE TERCEIROS PJ - OP.INT.ORC.;339039;OUTROS SERVICOS DE TERCEIROS - PESSOA JURIDICA;00;RECURSOS PRIMARIOS DE LIVRE APLICACAO;0.00;;0.00;;;;;
2019;154003;FUND.COORD.DE APERF.DE PESSOAL NIVEL SUPERIOR;12;EDUCACAO;364;ENSINO SUPERIOR;2080;EDUCACAO DE QUALIDADE PARA TODOS;0487;CONCESSAO DE BOLSAS DE ESTUDO NO ENSINO SUPERIOR;0002;CONCESSAO DE BOLSAS DE ESTUDOS NO PAIS;12364208004870001;108452;'-8;SEM INFORMACAO;90;APLICACOES DIRETAS;3;DESPESAS CORRENTES;3;OUTRAS DESPESAS CORRENTES;;;;;08;FUNDO SOCIAL-PARC.DEST.EDUCACAO PUBL.E SAUDE;0.00;;0.00;;;;;
2019;154003;FUND.COORD.DE APERF.DE PESSOAL NIVEL SUPERIOR;12;EDUCACAO;364;ENSINO SUPERIOR;2080;EDUCACAO DE QUALIDADE PARA TODOS;0487;CONCESSAO DE BOLSAS DE ESTUDO NO ENSINO SUPERIOR;0002;CONCESSAO DE BOLSAS DE ESTUDOS NO PAIS;12364208004870001;108452;'-8;SEM INFORMACAO;90;APLICACOES DIRETAS;3;DESPESAS CORRENTES;3;OUTRAS DESPESAS CORRENTES;93;INDENIZACOES E RESTITUICOES;339093;INDENIZACOES E RESTITUICOES;00;RECURSOS PRIMARIOS DE LIVRE APLICACAO;0.00;;0.00;;;;;
2019;154003;FUND.COORD.DE APERF.DE PESSOAL NIVEL SUPERIOR;12;EDUCACAO;364;ENSINO SUPERIOR;2080;EDUCACAO DE QUALIDADE PARA TODOS;0487;CONCESSAO DE BOLSAS DE ESTUDO NO ENSINO SUPERIOR;0002;CONCESSAO DE BOLSAS DE ESTUDOS NO PAIS;12364208004870001;108452;'-8;SEM INFORMACAO;91;APLICACOES DIRETAS - OPERACOES INTERNAS;3;DESPESAS CORRENTES;3;OUTRAS DESPESAS CORRENTES;00;[A DETALHAR];339100;APLICACOES DIRETAS - OPER.INTRA-ORCAMENTARIAS;00;RECURSOS PRIMARIOS DE LIVRE APLICACAO;221,913.00;;221,913.00;;;;;
2019;154003;FUND.COORD.DE APERF.DE PESSOAL NIVEL SUPERIOR;12;EDUCACAO;364;ENSINO SUPERIOR;2080;EDUCACAO DE QUALIDADE PARA TODOS;0487;CONCESSAO DE BOLSAS DE ESTUDO NO ENSINO SUPERIOR;0002;CONCESSAO DE BOLSAS DE ESTUDOS NO PAIS;12364208004870001;108452;NCCCUU1916N;BFSUPERIOR - PRODOUTORAL;90;APLICACOES DIRETAS;3;DESPESAS CORRENTES;3;OUTRAS DESPESAS CORRENTES;18;AUXILIO FINANCEIRO A ESTUDANTES;339018;AUXILIO FINANCEIRO A ESTUDANTES;08;FUNDO SOCIAL-PARC.DEST.EDUCACAO PUBL.E SAUDE;61288976.94;;61288976.94;;59938976.94;1,471,855.62;58253521.32;55318976.94
2019;154003;FUND.COORD.DE APERF.DE PESSOAL NIVEL SUPERIOR;12;EDUCACAO;364;ENSINO SUPERIOR;2080;EDUCACAO DE QUALIDADE PARA TODOS;0487;CONCESSAO DE BOLSAS DE ESTUDO NO ENSINO SUPERIOR;0002;CONCESSAO DE BOLSAS DE ESTUDOS NO PAIS;12364208004870001;108452;NCCCUU1918N;BFSUPERIOR - DINTER;90;APLICACOES DIRETAS;3;DESPESAS CORRENTES;3;OUTRAS DESPESAS CORRENTES;18;AUXILIO FINANCEIRO A ESTUDANTES;339018;AUXILIO FINANCEIRO A ESTUDANTES;08;FUNDO SOCIAL-PARC.DEST.EDUCACAO PUBL.E SAUDE;38993400.00;;38993400.00;;38393400.00;1,834,600.00;36179000.00;34777600.00
2019;154003;FUND.COORD.DE APERF.DE PESSOAL NIVEL SUPERIOR;12;EDUCACAO;364;ENSINO SUPERIOR;2080;EDUCACAO DE QUALIDADE PARA TODOS;0487;CONCESSAO DE BOLSAS DE ESTUDO NO ENSINO SUPERIOR;0002;CONCESSAO DE BOLSAS DE ESTUDOS NO PAIS;12364208004870001;108452;NCCCUU2018N;BFSUPERIOR - DINTER;90;APLICACOES DIRETAS;3;DESPESAS CORRENTES;3;OUTRAS DESPESAS CORRENTES;20;AUXILIO FINANCEIRO A PESQUISADORES;339020;AUXILIO FINANCEIRO A PESQUISADORES;00;RECURSOS PRIMARIOS DE LIVRE APLICACAO;1,228,872.00;;1,228,872.00;;1,228,872.00;449,280.00;299,520.00;299,520.00
2019;154003;FUND.COORD.DE APERF.DE PESSOAL NIVEL SUPERIOR;12;EDUCACAO;364;ENSINO SUPERIOR;2080;EDUCACAO DE QUALIDADE PARA TODOS;0487;CONCESSAO DE BOLSAS DE ESTUDO NO ENSINO SUPERIOR;0002;CONCESSAO DE BOLSAS DE ESTUDOS NO PAIS;12364208004870001;108452;OCCCGG1943N;PARNACION - PELD;90;APLICACOES DIRETAS;3;DESPESAS CORRENTES;3;OUTRAS DESPESAS CORRENTES;18;AUXILIO FINANCEIRO A ESTUDANTES;339018;AUXILIO FINANCEIRO A ESTUDANTES;08;FUNDO SOCIAL-PARC.DEST.EDUCACAO PUBL.E SAUDE;323,000.00;;323,000.00;;323,000.00;72,000.00;239,600.00;217,600.00
2019;154003;FUND.COORD.DE APERF.DE PESSOAL NIVEL SUPERIOR;12;EDUCACAO;364;ENSINO SUPERIOR;2080;EDUCACAO DE QUALIDADE PARA TODOS;0487;CONCESSAO DE BOLSAS DE ESTUDO NO ENSINO SUPERIOR;0002;CONCESSAO DE BOLSAS DE ESTUDOS NO PAIS;12364208004870001;108452;OCCCGN1944N;PARNACION - CAPES/USP;90;APLICACOES DIRETAS;3;DESPESAS CORRENTES;3;OUTRAS DESPESAS CORRENTES;18;AUXILIO FINANCEIRO A ESTUDANTES;339018;AUXILIO FINANCEIRO A ESTUDANTES;08;FUNDO SOCIAL-PARC.DEST.EDUCACAO PUBL.E SAUDE;11595467.62;;11595467.62;;11295467.62;498,459.00;10734171.46;10395765.50
2019;154003;FUND.COORD.DE APERF.DE PESSOAL NIVEL SUPERIOR;12;EDUCACAO;364;ENSINO SUPERIOR;2080;EDUCACAO DE QUALIDADE PARA TODOS;0487;CONCESSAO DE BOLSAS DE ESTUDO NO ENSINO SUPERIOR;0002;CONCESSAO DE BOLSAS DE ESTUDOS NO PAIS;12364208004870001;108452;OCCCGN2038N;PARNACION - CAPES/IMPA-PFPG;90;APLICACOES DIRETAS;3;DESPESAS CORRENTES;3;OUTRAS DESPESAS CORRENTES;18;AUXILIO FINANCEIRO A ESTUDANTES;339018;AUXILIO FINANCEIRO A ESTUDANTES;08;FUNDO SOCIAL-PARC.DEST.EDUCACAO PUBL.E SAUDE;1,142,704.56;;1,142,704.56;;1,072,704.56;43,378.32;972,326.24;936,704.56
2019;154003;FUND.COORD.DE APERF.DE PESSOAL NIVEL SUPERIOR;12;EDUCACAO;364;ENSINO SUPERIOR;2080;EDUCACAO DE QUALIDADE PARA TODOS;0487;CONCESSAO DE BOLSAS DE ESTUDO NO ENSINO SUPERIOR;0002;CONCESSAO DE BOLSAS DE ESTUDOS NO PAIS;12364208004870001;108452;OCCCGO1901N;PARNACION - CAPES/FAPEAM;90;APLICACOES DIRETAS;3;DESPESAS CORRENTES;3;OUTRAS DESPESAS CORRENTES;18;AUXILIO FINANCEIRO A ESTUDANTES;339018;AUXILIO FINANCEIRO A ESTUDANTES;08;FUNDO SOCIAL-PARC.DEST.EDUCACAO PUBL.E SAUDE;10120400.00;;10120400.00;;9,920,400.00;305,600.00;9,614,800.00;9,237,100.00
2019;154003;FUND.COORD.DE APERF.DE PESSOAL NIVEL SUPERIOR;12;EDUCACAO;364;ENSINO SUPERIOR;2080;EDUCACAO DE QUALIDADE PARA TODOS;0487;CONCESSAO DE BOLSAS DE ESTUDO NO ENSINO SUPERIOR;0002;CONCESSAO DE BOLSAS DE ESTUDOS NO PAIS;12364208004870001;108452;OCCCGO1902N;PARNACION - CAPES/FAPITEC;90;APLICACOES DIRETAS;3;DESPESAS CORRENTES;3;OUTRAS DESPESAS CORRENTES;18;AUXILIO FINANCEIRO A ESTUDANTES;339018;AUXILIO FINANCEIRO A ESTUDANTES;08;FUNDO SOCIAL-PARC.DEST.EDUCACAO PUBL.E SAUDE;28233160.00;;28233160.00;;27533160.00;1,094,220.00;26168340.00;25138060.00
2019;154003;FUND.COORD.DE APERF.DE PESSOAL NIVEL SUPERIOR;12;EDUCACAO;364;ENSINO SUPERIOR;2080;EDUCACAO DE QUALIDADE PARA TODOS;0487;CONCESSAO DE BOLSAS DE ESTUDO NO ENSINO SUPERIOR;0002;CONCESSAO DE BOLSAS DE ESTUDOS NO PAIS;12364208004870001;108452;OCCCGO1903N;PARNACION - CAPES/FAPEAL;90;APLICACOES DIRETAS;3;DESPESAS CORRENTES;3;OUTRAS DESPESAS CORRENTES;18;AUXILIO FINANCEIRO A ESTUDANTES;339018;AUXILIO FINANCEIRO A ESTUDANTES;08;FUNDO SOCIAL-PARC.DEST.EDUCACAO PUBL.E SAUDE;33843600.00;;33843600.00;;32993600.00;1,053,900.00;31823600.00;30574400.00
2019;154003;FUND.COORD.DE APERF.DE PESSOAL NIVEL SUPERIOR;12;EDUCACAO;364;ENSINO SUPERIOR;2080;EDUCACAO DE QUALIDADE PARA TODOS;0487;CONCESSAO DE BOLSAS DE ESTUDO NO ENSINO SUPERIOR;0002;CONCESSAO DE BOLSAS DE ESTUDOS NO PAIS;12364208004870001;108452;OCCCGO1905N;PARNACION - CAPES/FAPERGS;90;APLICACOES DIRETAS;3;DESPESAS CORRENTES;3;OUTRAS DESPESAS CORRENTES;18;AUXILIO FINANCEIRO A ESTUDANTES;339018;AUXILIO FINANCEIRO A ESTUDANTES;08;FUNDO SOCIAL-PARC.DEST.EDUCACAO PUBL.E SAUDE;60447805.00;;60447805.00;;59147805.00;1,917,500.00;56911405.00;54531705.00
2019;154003;FUND.COORD.DE APERF.DE PESSOAL NIVEL SUPERIOR;12;EDUCACAO;364;ENSINO SUPERIOR;2080;EDUCACAO DE QUALIDADE PARA TODOS;0487;CONCESSAO DE BOLSAS DE ESTUDO NO ENSINO SUPERIOR;0002;CONCESSAO DE BOLSAS DE ESTUDOS NO PAIS;12364208004870001;108452;OCCCGO1907N;PARNACION - CAPES/EMBRAPA;90;APLICACOES DIRETAS;3;DESPESAS CORRENTES;3;OUTRAS DESPESAS CORRENTES;18;AUXILIO FINANCEIRO A ESTUDANTES;339018;AUXILIO FINANCEIRO A ESTUDANTES;08;FUNDO SOCIAL-PARC.DEST.EDUCACAO PUBL.E SAUDE;8,377,900.00;;8,377,900.00;;7,877,900.00;192,100.00;7,642,600.00;7,377,100.00
2019;154003;FUND.COORD.DE APERF.DE PESSOAL NIVEL SUPERIOR;12;EDUCACAO;364;ENSINO SUPERIOR;2080;EDUCACAO DE QUALIDADE PARA TODOS;0487;CONCESSAO DE BOLSAS DE ESTUDO NO ENSINO SUPERIOR;0002;CONCESSAO DE BOLSAS DE ESTUDOS NO PAIS;12364208004870001;108452;OCCCGO1908N;PARNACION - PRO-DEFESA;90;APLICACOES DIRETAS;3;DESPESAS CORRENTES;3;OUTRAS DESPESAS CORRENTES;18;AUXILIO FINANCEIRO A ESTUDANTES;339018;AUXILIO FINANCEIRO A ESTUDANTES;08;FUNDO SOCIAL-PARC.DEST.EDUCACAO PUBL.E SAUDE;3,601,010.00;;3,601,010.00;;3,601,010.00;370,500.00;3,207,710.00;3,120,000.00
2019;154003;FUND.COORD.DE APERF.DE PESSOAL NIVEL SUPERIOR;12;EDUCACAO;364;ENSINO SUPERIOR;2080;EDUCACAO DE QUALIDADE PARA TODOS;0487;CONCESSAO DE BOLSAS DE ESTUDO NO ENSINO SUPERIOR;0002;CONCESSAO DE BOLSAS DE ESTUDOS NO PAIS;12364208004870001;108452;OCCCGO1913N;PARNACION - CAPES/INMETRO;90;APLICACOES DIRETAS;3;DESPESAS CORRENTES;3;OUTRAS DESPESAS CORRENTES;18;AUXILIO FINANCEIRO A ESTUDANTES;339018;AUXILIO FINANCEIRO A ESTUDANTES;08;FUNDO SOCIAL-PARC.DEST.EDUCACAO PUBL.E SAUDE;418,704.62;;418,704.62;;363,704.62;7,894.58;355,810.04;338,704.62
2019;154003;FUND.COORD.DE APERF.DE PESSOAL NIVEL SUPERIOR;12;EDUCACAO;364;ENSINO SUPERIOR;2080;EDUCACAO DE QUALIDADE PARA TODOS;0487;CONCESSAO DE BOLSAS DE ESTUDO NO ENSINO SUPERIOR;0002;CONCESSAO DE BOLSAS DE ESTUDOS NO PAIS;12364208004870001;108452;OCCCGO1914N;PARNACION - CAPES/FAPERN;90;APLICACOES DIRETAS;3;DESPESAS CORRENTES;3;OUTRAS DESPESAS CORRENTES;18;AUXILIO FINANCEIRO A ESTUDANTES;339018;AUXILIO FINANCEIRO A ESTUDANTES;08;FUNDO SOCIAL-PARC.DEST.EDUCACAO PUBL.E SAUDE;3,232,960.00;;3,232,960.00;;3,137,960.00;112,480.00;2,969,080.00;2,862,760.00
2019;154003;FUND.COORD.DE APERF.DE PESSOAL NIVEL SUPERIOR;12;EDUCACAO;364;ENSINO SUPERIOR;2080;EDUCACAO DE QUALIDADE PARA TODOS;0487;CONCESSAO DE BOLSAS DE ESTUDO NO ENSINO SUPERIOR;0002;CONCESSAO DE BOLSAS DE ESTUDOS NO PAIS;12364208004870001;108452;OCCCGO1915N;PARNACION - CAPES/MI;90;APLICACOES DIRETAS;3;DESPESAS CORRENTES;3;OUTRAS DESPESAS CORRENTES;18;AUXILIO FINANCEIRO A ESTUDANTES;339018;AUXILIO FINANCEIRO A ESTUDANTES;08;FUNDO SOCIAL-PARC.DEST.EDUCACAO PUBL.E SAUDE;30,000.00;;30,000.00;;30,000.00;30,000.00;;
2019;154003;FUND.COORD.DE APERF.DE PESSOAL NIVEL SUPERIOR;12;EDUCACAO;364;ENSINO SUPERIOR;2080;EDUCACAO DE QUALIDADE PARA TODOS;0487;CONCESSAO DE BOLSAS DE ESTUDO NO ENSINO SUPERIOR;0002;CONCESSAO DE BOLSAS DE ESTUDOS NO PAIS;12364208004870001;108452;OCCCGO1916N;PARNACION - CAPES/FUNCAP;90;APLICACOES DIRETAS;3;DESPESAS CORRENTES;3;OUTRAS DESPESAS CORRENTES;18;AUXILIO FINANCEIRO A ESTUDANTES;339018;AUXILIO FINANCEIRO A ESTUDANTES;00;RECURSOS PRIMARIOS DE LIVRE APLICACAO;8,905.42;;8,905.42;;;;;
2019;154003;FUND.COORD.DE APERF.DE PESSOAL NIVEL SUPERIOR;12;EDUCACAO;364;ENSINO SUPERIOR;2080;EDUCACAO DE QUALIDADE PARA TODOS;0487;CONCESSAO DE BOLSAS DE ESTUDO NO ENSINO SUPERIOR;0002;CONCESSAO DE BOLSAS DE ESTUDOS NO PAIS;12364208004870001;108452;OCCCGO1916N;PARNACION - CAPES/FUNCAP;90;APLICACOES DIRETAS;3;DESPESAS CORRENTES;3;OUTRAS DESPESAS CORRENTES;;;;;08;FUNDO SOCIAL-PARC.DEST.EDUCACAO PUBL.E SAUDE;34653626.57;;34653626.57;;33853626.57;1,195,099.93;32482810.10;31225307.77
2019;154003;FUND.COORD.DE APERF.DE PESSOAL NIVEL SUPERIOR;12;EDUCACAO;364;ENSINO SUPERIOR;2080;EDUCACAO DE QUALIDADE PARA TODOS;0487;CONCESSAO DE BOLSAS DE ESTUDO NO ENSINO SUPERIOR;0002;CONCESSAO DE BOLSAS DE ESTUDOS NO PAIS;12364208004870001;108452;OCCCGO1917N;PARNACION - CAPES/FAPEPI;90;APLICACOES DIRETAS;3;DESPESAS CORRENTES;3;OUTRAS DESPESAS CORRENTES;18;AUXILIO FINANCEIRO A ESTUDANTES;339018;AUXILIO FINANCEIRO A ESTUDANTES;08;FUNDO SOCIAL-PARC.DEST.EDUCACAO PUBL.E SAUDE;25697450.00;;25697450.00;;25097450.00;873,450.00;24206600.00;23197850.00
2019;154003;FUND.COORD.DE APERF.DE PESSOAL NIVEL SUPERIOR;12;EDUCACAO;364;ENSINO SUPERIOR;2080;EDUCACAO DE QUALIDADE PARA TODOS;0487;CONCESSAO DE BOLSAS DE ESTUDO NO ENSINO SUPERIOR;0002;CONCESSAO DE BOLSAS DE ESTUDOS NO PAIS;12364208004870001;108452;OCCCGO1918N;PARNACION - CAPES/FAPEMAT;90;APLICACOES DIRETAS;3;DESPESAS CORRENTES;3;OUTRAS DESPESAS CORRENTES;18;AUXILIO FINANCEIRO A ESTUDANTES;339018;AUXILIO FINANCEIRO A ESTUDANTES;08;FUNDO SOCIAL-PARC.DEST.EDUCACAO PUBL.E SAUDE;35013700.00;;35013700.00;;34063700.00;1,069,000.00;32960800.00;31624300.00
2019;154003;FUND.COORD.DE APERF.DE PESSOAL NIVEL SUPERIOR;12;EDUCACAO;364;ENSINO SUPERIOR;2080;EDUCACAO DE QUALIDADE PARA TODOS;0487;CONCESSAO DE BOLSAS DE ESTUDO NO ENSINO SUPERIOR;0002;CONCESSAO DE BOLSAS DE ESTUDOS NO PAIS;12364208004870001;108452;OCCCGO1919N;PARNACION - CAPES/FAPEG;90;APLICACOES DIRETAS;3;DESPESAS CORRENTES;3;OUTRAS DESPESAS CORRENTES;18;AUXILIO FINANCEIRO A ESTUDANTES;339018;AUXILIO FINANCEIRO A ESTUDANTES;08;FUNDO SOCIAL-PARC.DEST.EDUCACAO PUBL.E SAUDE;55091500.00;;55091500.00;;53891500.00;1,673,500.00;51829200.00;49650400.00
2019;154003;FUND.COORD.DE APERF.DE PESSOAL NIVEL SUPERIOR;12;EDUCACAO;364;ENSINO SUPERIOR;2080;EDUCACAO DE QUALIDADE PARA TODOS;0487;CONCESSAO DE BOLSAS DE ESTUDO NO ENSINO SUPERIOR;0002;CONCESSAO DE BOLSAS DE ESTUDOS NO PAIS;12364208004870001;108452;OCCCGO1920N;PARNACION - CAPES/FUNDACAO ARAUCARIA;90;APLICACOES DIRETAS;3;DESPESAS CORRENTES;3;OUTRAS DESPESAS CORRENTES;18;AUXILIO FINANCEIRO A ESTUDANTES;339018;AUXILIO FINANCEIRO A ESTUDANTES;08;FUNDO SOCIAL-PARC.DEST.EDUCACAO PUBL.E SAUDE;85369900.00;;85369900.00;;83669900.00;2,872,500.00;80614400.00;77117200.00
2019;154003;FUND.COORD.DE APERF.DE PESSOAL NIVEL SUPERIOR;12;EDUCACAO;364;ENSINO SUPERIOR;2080;EDUCACAO DE QUALIDADE PARA TODOS;0487;CONCESSAO DE BOLSAS DE ESTUDO NO ENSINO SUPERIOR;0002;CONCESSAO DE BOLSAS DE ESTUDOS NO PAIS;12364208004870001;108452;OCCCGO1922N;PARNACION - CAPES/ELETRONUCLEAR;90;APLICACOES DIRETAS;3;DESPESAS CORRENTES;3;OUTRAS DESPESAS CORRENTES;18;AUXILIO FINANCEIRO A ESTUDANTES;339018;AUXILIO FINANCEIRO A ESTUDANTES;08;FUNDO SOCIAL-PARC.DEST.EDUCACAO PUBL.E SAUDE;1,007,200.00;;1,007,200.00;;907,200.00;37,400.00;861,400.00;832,800.00
2019;154003;FUND.COORD.DE APERF.DE PESSOAL NIVEL SUPERIOR;12;EDUCACAO;364;ENSINO SUPERIOR;2080;EDUCACAO DE QUALIDADE PARA TODOS;0487;CONCESSAO DE BOLSAS DE ESTUDO NO ENSINO SUPERIOR;0002;CONCESSAO DE BOLSAS DE ESTUDOS NO PAIS;12364208004870001;108452;OCCCGO1923N;PARNACION - CAPES/FAPESP;30;TRANSFER. A ESTADOS E AO DISTRITO FEDERAL;3;DESPESAS CORRENTES;3;OUTRAS DESPESAS CORRENTES;41;CONTRIBUICOES;333041;CONTRIBUICOES;00;RECURSOS PRIMARIOS DE LIVRE APLICACAO;9,000,000.00;;9,000,000.00;;9,000,000.00;0.00;0.00;
2019;154003;FUND.COORD.DE APERF.DE PESSOAL NIVEL SUPERIOR;12;EDUCACAO;364;ENSINO SUPERIOR;2080;EDUCACAO DE QUALIDADE PARA TODOS;0487;CONCESSAO DE BOLSAS DE ESTUDO NO ENSINO SUPERIOR;0002;CONCESSAO DE BOLSAS DE ESTUDOS NO PAIS;12364208004870001;108452;OCCCGO1924N;PARNACION - CAPES/FAPESC;90;APLICACOES DIRETAS;3;DESPESAS CORRENTES;3;OUTRAS DESPESAS CORRENTES;18;AUXILIO FINANCEIRO A ESTUDANTES;339018;AUXILIO FINANCEIRO A ESTUDANTES;08;FUNDO SOCIAL-PARC.DEST.EDUCACAO PUBL.E SAUDE;47120600.00;;47120600.00;;46120600.00;1,476,500.00;44439800.00;42601600.00
2019;154003;FUND.COORD.DE APERF.DE PESSOAL NIVEL SUPERIOR;12;EDUCACAO;364;ENSINO SUPERIOR;2080;EDUCACAO DE QUALIDADE PARA TODOS;0487;CONCESSAO DE BOLSAS DE ESTUDO NO ENSINO SUPERIOR;0002;CONCESSAO DE BOLSAS DE ESTUDOS NO PAIS;12364208004870001;108452;OCCCGO1925N;PARNACION - CAPES/CNPEM;90;APLICACOES DIRETAS;3;DESPESAS CORRENTES;3;OUTRAS DESPESAS CORRENTES;18;AUXILIO FINANCEIRO A ESTUDANTES;339018;AUXILIO FINANCEIRO A ESTUDANTES;08;FUNDO SOCIAL-PARC.DEST.EDUCACAO PUBL.E SAUDE;4,738,337.12;;4,738,337.12;;4,588,337.12;274,100.00;4,314,237.12;4,243,337.12
2019;154003;FUND.COORD.DE APERF.DE PESSOAL NIVEL SUPERIOR;12;EDUCACAO;364;ENSINO SUPERIOR;2080;EDUCACAO DE QUALIDADE PARA TODOS;0487;CONCESSAO DE BOLSAS DE ESTUDO NO ENSINO SUPERIOR;0002;CONCESSAO DE BOLSAS DE ESTUDOS NO PAIS;12364208004870001;108452;OCCCGO1930N;PARNACION - CAPES/FAPES;90;APLICACOES DIRETAS;3;DESPESAS CORRENTES;3;OUTRAS DESPESAS CORRENTES;18;AUXILIO FINANCEIRO A ESTUDANTES;339018;AUXILIO FINANCEIRO A ESTUDANTES;08;FUNDO SOCIAL-PARC.DEST.EDUCACAO PUBL.E SAUDE;37925400.00;;37925400.00;;37125400.00;1,219,400.00;35836400.00;34339300.00
2019;154003;FUND.COORD.DE APERF.DE PESSOAL NIVEL SUPERIOR;12;EDUCACAO;364;ENSINO SUPERIOR;2080;EDUCACAO DE QUALIDADE PARA TODOS;0487;CONCESSAO DE BOLSAS DE ESTUDO NO ENSINO SUPERIOR;0002;CONCESSAO DE BOLSAS DE ESTUDOS NO PAIS;12364208004870001;108452;OCCCGO1931N;PARNACION - CAPES/PGPTA;90;APLICACOES DIRETAS;3;DESPESAS CORRENTES;3;OUTRAS DESPESAS CORRENTES;18;AUXILIO FINANCEIRO A ESTUDANTES;339018;AUXILIO FINANCEIRO A ESTUDANTES;08;FUNDO SOCIAL-PARC.DEST.EDUCACAO PUBL.E SAUDE;8,687,400.00;;8,687,400.00;;8,377,400.00;352,800.00;7,874,300.00;7,572,500.00
2019;154003;FUND.COORD.DE APERF.DE PESSOAL NIVEL SUPERIOR;12;EDUCACAO;364;ENSINO SUPERIOR;2080;EDUCACAO DE QUALIDADE PARA TODOS;0487;CONCESSAO DE BOLSAS DE ESTUDO NO ENSINO SUPERIOR;0002;CONCESSAO DE BOLSAS DE ESTUDOS NO PAIS;12364208004870001;108452;OCCCGO1932N;PARNACION - CAPES/FAPEMA;90;APLICACOES DIRETAS;3;DESPESAS CORRENTES;3;OUTRAS DESPESAS CORRENTES;18;AUXILIO FINANCEIRO A ESTUDANTES;339018;AUXILIO FINANCEIRO A ESTUDANTES;08;FUNDO SOCIAL-PARC.DEST.EDUCACAO PUBL.E SAUDE;7,158,375.88;;7,158,375.88;;7,008,375.88;370,489.16;6,491,486.72;6,254,875.88
2019;154003;FUND.COORD.DE APERF.DE PESSOAL NIVEL SUPERIOR;12;EDUCACAO;364;ENSINO SUPERIOR;2080;EDUCACAO DE QUALIDADE PARA TODOS;0487;CONCESSAO DE BOLSAS DE ESTUDO NO ENSINO SUPERIOR;0002;CONCESSAO DE BOLSAS DE ESTUDOS NO PAIS;12364208004870001;108452;OCCCGO1933N;PARNACION - FAPERO;90;APLICACOES DIRETAS;3;DESPESAS CORRENTES;3;OUTRAS DESPESAS CORRENTES;18;AUXILIO FINANCEIRO A ESTUDANTES;339018;AUXILIO FINANCEIRO A ESTUDANTES;08;FUNDO SOCIAL-PARC.DEST.EDUCACAO PUBL.E SAUDE;12607616.80;;12607616.80;;12207616.80;318,300.00;11861416.80;11401411.38
2019;154003;FUND.COORD.DE APERF.DE PESSOAL NIVEL SUPERIOR;12;EDUCACAO;364;ENSINO SUPERIOR;2080;EDUCACAO DE QUALIDADE PARA TODOS;0487;CONCESSAO DE BOLSAS DE ESTUDO NO ENSINO SUPERIOR;0002;CONCESSAO DE BOLSAS DE ESTUDOS NO PAIS;12364208004870001;108452;OCCCGO1935N;PARNACION - FAPESPA;90;APLICACOES DIRETAS;3;DESPESAS CORRENTES;3;OUTRAS DESPESAS CORRENTES;18;AUXILIO FINANCEIRO A ESTUDANTES;339018;AUXILIO FINANCEIRO A ESTUDANTES;08;FUNDO SOCIAL-PARC.DEST.EDUCACAO PUBL.E SAUDE;5,297,900.00;;5,297,900.00;;5,097,900.00;207,700.00;4,866,800.00;4,703,700.00
2019;154003;FUND.COORD.DE APERF.DE PESSOAL NIVEL SUPERIOR;12;EDUCACAO;364;ENSINO SUPERIOR;2080;EDUCACAO DE QUALIDADE PARA TODOS;0487;CONCESSAO DE BOLSAS DE ESTUDO NO ENSINO SUPERIOR;0002;CONCESSAO DE BOLSAS DE ESTUDOS NO PAIS;12364208004870001;108452;OCCCGO1937N;PARNACION - CAPES/ITV;90;APLICACOES DIRETAS;3;DESPESAS CORRENTES;3;OUTRAS DESPESAS CORRENTES;18;AUXILIO FINANCEIRO A ESTUDANTES;339018;AUXILIO FINANCEIRO A ESTUDANTES;08;FUNDO SOCIAL-PARC.DEST.EDUCACAO PUBL.E SAUDE;3,951,480.00;;3,951,480.00;;3,851,480.00;414,300.00;3,193,760.00;3,017,460.00
2019;154003;FUND.COORD.DE APERF.DE PESSOAL NIVEL SUPERIOR;12;EDUCACAO;364;ENSINO SUPERIOR;2080;EDUCACAO DE QUALIDADE PARA TODOS;0487;CONCESSAO DE BOLSAS DE ESTUDO NO ENSINO SUPERIOR;0002;CONCESSAO DE BOLSAS DE ESTUDOS NO PAIS;12364208004870001;108452;OCCCGO1939N;PARNACION - CAPES/ANA-DPB;90;APLICACOES DIRETAS;3;DESPESAS CORRENTES;3;OUTRAS DESPESAS CORRENTES;18;AUXILIO FINANCEIRO A ESTUDANTES;339018;AUXILIO FINANCEIRO A ESTUDANTES;08;FUNDO SOCIAL-PARC.DEST.EDUCACAO PUBL.E SAUDE;61,000.00;;61,000.00;;61,000.00;50,000.00;11,000.00;11,000.00
2019;154003;FUND.COORD.DE APERF.DE PESSOAL NIVEL SUPERIOR;12;EDUCACAO;364;ENSINO SUPERIOR;2080;EDUCACAO DE QUALIDADE PARA TODOS;0487;CONCESSAO DE BOLSAS DE ESTUDO NO ENSINO SUPERIOR;0002;CONCESSAO DE BOLSAS DE ESTUDOS NO PAIS;12364208004870001;108452;OCCCGO1940N;PARNACION - CAPES/FAPEAP;90;APLICACOES DIRETAS;3;DESPESAS CORRENTES;3;OUTRAS DESPESAS CORRENTES;18;AUXILIO FINANCEIRO A ESTUDANTES;339018;AUXILIO FINANCEIRO A ESTUDANTES;08;FUNDO SOCIAL-PARC.DEST.EDUCACAO PUBL.E SAUDE;6,493,160.00;;6,493,160.00;;6,293,160.00;197,300.00;6,088,660.00;5,850,220.00
2019;154003;FUND.COORD.DE APERF.DE PESSOAL NIVEL SUPERIOR;12;EDUCACAO;364;ENSINO SUPERIOR;2080;EDUCACAO DE QUALIDADE PARA TODOS;0487;CONCESSAO DE BOLSAS DE ESTUDO NO ENSINO SUPERIOR;0002;CONCESSAO DE BOLSAS DE ESTUDOS NO PAIS;12364208004870001;108452;OCCCGO1941N;PARNACION - COMBATE AO ZIKA;90;APLICACOES DIRETAS;3;DESPESAS CORRENTES;3;OUTRAS DESPESAS CORRENTES;18;AUXILIO FINANCEIRO A ESTUDANTES;339018;AUXILIO FINANCEIRO A ESTUDANTES;08;FUNDO SOCIAL-PARC.DEST.EDUCACAO PUBL.E SAUDE;23243700.00;;23243700.00;;22743700.00;873,500.00;21767000.00;20856700.00
2019;154003;FUND.COORD.DE APERF.DE PESSOAL NIVEL SUPERIOR;12;EDUCACAO;364;ENSINO SUPERIOR;2080;EDUCACAO DE QUALIDADE PARA TODOS;0487;CONCESSAO DE BOLSAS DE ESTUDO NO ENSINO SUPERIOR;0002;CONCESSAO DE BOLSAS DE ESTUDOS NO PAIS;12364208004870001;108452;OCCCGO1942N;PARNACION - CAPES/FAPEMIG - RIO DOCE;90;APLICACOES DIRETAS;3;DESPESAS CORRENTES;3;OUTRAS DESPESAS CORRENTES;18;AUXILIO FINANCEIRO A ESTUDANTES;339018;AUXILIO FINANCEIRO A ESTUDANTES;08;FUNDO SOCIAL-PARC.DEST.EDUCACAO PUBL.E SAUDE;851,500.00;;851,500.00;;801,500.00;128,500.00;662,500.00;653,900.00
2019;154003;FUND.COORD.DE APERF.DE PESSOAL NIVEL SUPERIOR;12;EDUCACAO;364;ENSINO SUPERIOR;2080;EDUCACAO DE QUALIDADE PARA TODOS;0487;CONCESSAO DE BOLSAS DE ESTUDO NO ENSINO SUPERIOR;0002;CONCESSAO DE BOLSAS DE ESTUDOS NO PAIS;12364208004870001;108452;OCCCGO1943N;PARNACION - PELD;90;APLICACOES DIRETAS;3;DESPESAS CORRENTES;3;OUTRAS DESPESAS CORRENTES;18;AUXILIO FINANCEIRO A ESTUDANTES;339018;AUXILIO FINANCEIRO A ESTUDANTES;08;FUNDO SOCIAL-PARC.DEST.EDUCACAO PUBL.E SAUDE;18665880.00;;18665880.00;;18165880.00;642,640.00;17481540.00;16766480.00
2019;154003;FUND.COORD.DE APERF.DE PESSOAL NIVEL SUPERIOR;12;EDUCACAO;364;ENSINO SUPERIOR;2080;EDUCACAO DE QUALIDADE PARA TODOS;0487;CONCESSAO DE BOLSAS DE ESTUDO NO ENSINO SUPERIOR;0002;CONCESSAO DE BOLSAS DE ESTUDOS NO PAIS;12364208004870001;108452;OCCCGO1945N;PARNACION - CAPES/FAPESQ;90;APLICACOES DIRETAS;3;DESPESAS CORRENTES;3;OUTRAS DESPESAS CORRENTES;18;AUXILIO FINANCEIRO A ESTUDANTES;339018;AUXILIO FINANCEIRO A ESTUDANTES;08;FUNDO SOCIAL-PARC.DEST.EDUCACAO PUBL.E SAUDE;46694500.00;;46694500.00;;45594500.00;1,388,700.00;44000600.00;42188600.00
2019;154003;FUND.COORD.DE APERF.DE PESSOAL NIVEL SUPERIOR;12;EDUCACAO;364;ENSINO SUPERIOR;2080;EDUCACAO DE QUALIDADE PARA TODOS;0487;CONCESSAO DE BOLSAS DE ESTUDO NO ENSINO SUPERIOR;0002;CONCESSAO DE BOLSAS DE ESTUDOS NO PAIS;12364208004870001;108452;OCCCGO1946N;PARNACION - CAPES/PARCERIAS - RIO DOCE;90;APLICACOES DIRETAS;3;DESPESAS CORRENTES;3;OUTRAS DESPESAS CORRENTES;18;AUXILIO FINANCEIRO A ESTUDANTES;339018;AUXILIO FINANCEIRO A ESTUDANTES;08;FUNDO SOCIAL-PARC.DEST.EDUCACAO PUBL.E SAUDE;5,658,000.00;;5,658,000.00;;5,458,000.00;235,600.00;5,164,500.00;4,974,900.00
2019;154003;FUND.COORD.DE APERF.DE PESSOAL NIVEL SUPERIOR;12;EDUCACAO;364;ENSINO SUPERIOR;2080;EDUCACAO DE QUALIDADE PARA TODOS;0487;CONCESSAO DE BOLSAS DE ESTUDO NO ENSINO SUPERIOR;0002;CONCESSAO DE BOLSAS DE ESTUDOS NO PAIS;12364208004870001;108452;OCCCGO1948N;PARNACION - CAPES/SECADI;90;APLICACOES DIRETAS;3;DESPESAS CORRENTES;3;OUTRAS DESPESAS CORRENTES;18;AUXILIO FINANCEIRO A ESTUDANTES;339018;AUXILIO FINANCEIRO A ESTUDANTES;08;FUNDO SOCIAL-PARC.DEST.EDUCACAO PUBL.E SAUDE;4,088,960.00;;4,088,960.00;;3,988,960.00;178,680.00;3,764,080.00;3,609,660.00
2019;154003;FUND.COORD.DE APERF.DE PESSOAL NIVEL SUPERIOR;12;EDUCACAO;364;ENSINO SUPERIOR;2080;EDUCACAO DE QUALIDADE PARA TODOS;0487;CONCESSAO DE BOLSAS DE ESTUDO NO ENSINO SUPERIOR;0002;CONCESSAO DE BOLSAS DE ESTUDOS NO PAIS;12364208004870001;108452;OCCCGO1949N;PARNACION - CAPES/INPA;90;APLICACOES DIRETAS;3;DESPESAS CORRENTES;3;OUTRAS DESPESAS CORRENTES;18;AUXILIO FINANCEIRO A ESTUDANTES;339018;AUXILIO FINANCEIRO A ESTUDANTES;08;FUNDO SOCIAL-PARC.DEST.EDUCACAO PUBL.E SAUDE;8,278,959.62;;8,278,959.62;;8,078,959.62;344,000.00;7,688,759.62;7,447,159.62
2019;154003;FUND.COORD.DE APERF.DE PESSOAL NIVEL SUPERIOR;12;EDUCACAO;364;ENSINO SUPERIOR;2080;EDUCACAO DE QUALIDADE PARA TODOS;0487;CONCESSAO DE BOLSAS DE ESTUDO NO ENSINO SUPERIOR;0002;CONCESSAO DE BOLSAS DE ESTUDOS NO PAIS;12364208004870001;108452;OCCCGO1950N;PARNACION - CAPES/INPE;90;APLICACOES DIRETAS;3;DESPESAS CORRENTES;3;OUTRAS DESPESAS CORRENTES;18;AUXILIO FINANCEIRO A ESTUDANTES;339018;AUXILIO FINANCEIRO A ESTUDANTES;08;FUNDO SOCIAL-PARC.DEST.EDUCACAO PUBL.E SAUDE;1,110,216.76;;1,110,216.76;;1,010,216.76;77,936.84;920,374.78;887,280.16
2019;154003;FUND.COORD.DE APERF.DE PESSOAL NIVEL SUPERIOR;12;EDUCACAO;364;ENSINO SUPERIOR;2080;EDUCACAO DE QUALIDADE PARA TODOS;0487;CONCESSAO DE BOLSAS DE ESTUDO NO ENSINO SUPERIOR;0002;CONCESSAO DE BOLSAS DE ESTUDOS NO PAIS;12364208004870001;108452;OCCCGO1952N;PARNACION - PROANTAR;90;APLICACOES DIRETAS;3;DESPESAS CORRENTES;3;OUTRAS DESPESAS CORRENTES;18;AUXILIO FINANCEIRO A ESTUDANTES;339018;AUXILIO FINANCEIRO A ESTUDANTES;08;FUNDO SOCIAL-PARC.DEST.EDUCACAO PUBL.E SAUDE;3,886,300.00;;3,886,300.00;;3,871,900.00;310,000.00;3,414,000.00;3,303,100.00
2019;154003;FUND.COORD.DE APERF.DE PESSOAL NIVEL SUPERIOR;12;EDUCACAO;364;ENSINO SUPERIOR;2080;EDUCACAO DE QUALIDADE PARA TODOS;0487;CONCESSAO DE BOLSAS DE ESTUDO NO ENSINO SUPERIOR;0002;CONCESSAO DE BOLSAS DE ESTUDOS NO PAIS;12364208004870001;108452;OCCCGO1953N;PARNACION - PDPG - CAPES/CONFAP;90;APLICACOES DIRETAS;3;DESPESAS CORRENTES;3;OUTRAS DESPESAS CORRENTES;18;AUXILIO FINANCEIRO A ESTUDANTES;339018;AUXILIO FINANCEIRO A ESTUDANTES;00;RECURSOS PRIMARIOS DE LIVRE APLICACAO;60000000.00;;60000000.00;;60000000.00;0.00;;
2019;154003;FUND.COORD.DE APERF.DE PESSOAL NIVEL SUPERIOR;12;EDUCACAO;364;ENSINO SUPERIOR;2080;EDUCACAO DE QUALIDADE PARA TODOS;0487;CONCESSAO DE BOLSAS DE ESTUDO NO ENSINO SUPERIOR;0002;CONCESSAO DE BOLSAS DE ESTUDOS NO PAIS;12364208004870001;108452;OCCCGO19A6N;PARNACION - PROTAX;90;APLICACOES DIRETAS;3;DESPESAS CORRENTES;3;OUTRAS DESPESAS CORRENTES;18;AUXILIO FINANCEIRO A ESTUDANTES;339018;AUXILIO FINANCEIRO A ESTUDANTES;08;FUNDO SOCIAL-PARC.DEST.EDUCACAO PUBL.E SAUDE;7,447,100.00;;7,447,100.00;;7,197,100.00;264,100.00;6,901,200.00;6,634,900.00
2019;154003;FUND.COORD.DE APERF.DE PESSOAL NIVEL SUPERIOR;12;EDUCACAO;364;ENSINO SUPERIOR;2080;EDUCACAO DE QUALIDADE PARA TODOS;0487;CONCESSAO DE BOLSAS DE ESTUDO NO ENSINO SUPERIOR;0002;CONCESSAO DE BOLSAS DE ESTUDOS NO PAIS;12364208004870001;108452;OCCCGO19A8N;PARNACION - CAPES/CNPQ - INCT;90;APLICACOES DIRETAS;3;DESPESAS CORRENTES;3;OUTRAS DESPESAS CORRENTES;18;AUXILIO FINANCEIRO A ESTUDANTES;339018;AUXILIO FINANCEIRO A ESTUDANTES;08;FUNDO SOCIAL-PARC.DEST.EDUCACAO PUBL.E SAUDE;184,514.42;;184,514.42;;0.00;0.00;0.00;0.00
2019;154003;FUND.COORD.DE APERF.DE PESSOAL NIVEL SUPERIOR;12;EDUCACAO;364;ENSINO SUPERIOR;2080;EDUCACAO DE QUALIDADE PARA TODOS;0487;CONCESSAO DE BOLSAS DE ESTUDO NO ENSINO SUPERIOR;0002;CONCESSAO DE BOLSAS DE ESTUDOS NO PAIS;12364208004870001;108452;OCCCGO2026N;PARNACION - CAPES/ITA;90;APLICACOES DIRETAS;3;DESPESAS CORRENTES;3;OUTRAS DESPESAS CORRENTES;18;AUXILIO FINANCEIRO A ESTUDANTES;339018;AUXILIO FINANCEIRO A ESTUDANTES;08;FUNDO SOCIAL-PARC.DEST.EDUCACAO PUBL.E SAUDE;2,725,418.16;;2,725,418.16;;2,575,418.16;163,121.68;2,412,296.48;2,345,418.16
2019;154003;FUND.COORD.DE APERF.DE PESSOAL NIVEL SUPERIOR;12;EDUCACAO;364;ENSINO SUPERIOR;2080;EDUCACAO DE QUALIDADE PARA TODOS;0487;CONCESSAO DE BOLSAS DE ESTUDO NO ENSINO SUPERIOR;0002;CONCESSAO DE BOLSAS DE ESTUDOS NO PAIS;12364208004870001;108452;OCCCGO2041N;PARNACION - COMBATE AO ZICA;90;APLICACOES DIRETAS;3;DESPESAS CORRENTES;3;OUTRAS DESPESAS CORRENTES;20;AUXILIO FINANCEIRO A PESQUISADORES;339020;AUXILIO FINANCEIRO A PESQUISADORES;00;RECURSOS PRIMARIOS DE LIVRE APLICACAO;72,584.00;;72,584.00;;54,438.00;54,438.00;;
2019;154003;FUND.COORD.DE APERF.DE PESSOAL NIVEL SUPERIOR;12;EDUCACAO;364;ENSINO SUPERIOR;2080;EDUCACAO DE QUALIDADE PARA TODOS;0487;CONCESSAO DE BOLSAS DE ESTUDO NO ENSINO SUPERIOR;0002;CONCESSAO DE BOLSAS DE ESTUDOS NO PAIS;12364208004870001;108452;OCCCGO20A9N;PARNACION-CAPES/CNPQ TALENTOS PARA INOVACAO;90;APLICACOES DIRETAS;3;DESPESAS CORRENTES;3;OUTRAS DESPESAS CORRENTES;18;AUXILIO FINANCEIRO A ESTUDANTES;339018;AUXILIO FINANCEIRO A ESTUDANTES;08;FUNDO SOCIAL-PARC.DEST.EDUCACAO PUBL.E SAUDE;12864900.00;;12864900.00;;12564900.00;497,800.00;11425700.00;10973500.00
2019;154003;FUND.COORD.DE APERF.DE PESSOAL NIVEL SUPERIOR;12;EDUCACAO;364;ENSINO SUPERIOR;2080;EDUCACAO DE QUALIDADE PARA TODOS;0487;CONCESSAO DE BOLSAS DE ESTUDO NO ENSINO SUPERIOR;0002;CONCESSAO DE BOLSAS DE ESTUDOS NO PAIS;12364208004870001;108452;OCCCGO20B2N;PARNACION - FIOCRUZ CDTS;90;APLICACOES DIRETAS;3;DESPESAS CORRENTES;3;OUTRAS DESPESAS CORRENTES;18;AUXILIO FINANCEIRO A ESTUDANTES;339018;AUXILIO FINANCEIRO A ESTUDANTES;08;FUNDO SOCIAL-PARC.DEST.EDUCACAO PUBL.E SAUDE;5,310,800.00;;5,310,800.00;;5,160,800.00;211,400.00;4,941,600.00;4,745,600.00
2019;154003;FUND.COORD.DE APERF.DE PESSOAL NIVEL SUPERIOR;12;EDUCACAO;364;ENSINO SUPERIOR;2080;EDUCACAO DE QUALIDADE PARA TODOS;0487;CONCESSAO DE BOLSAS DE ESTUDO NO ENSINO SUPERIOR;0002;CONCESSAO DE BOLSAS DE ESTUDOS NO PAIS;12364208004870001;108452;OCCCGV2004N;PARNACION - CAPES/FACEPE;90;APLICACOES DIRETAS;3;DESPESAS CORRENTES;3;OUTRAS DESPESAS CORRENTES;18;AUXILIO FINANCEIRO A ESTUDANTES;339018;AUXILIO FINANCEIRO A ESTUDANTES;08;FUNDO SOCIAL-PARC.DEST.EDUCACAO PUBL.E SAUDE;31625401.30;;31625401.30;;30925401.30;1,204,288.74;29585797.56;28382992.14
2019;154003;FUND.COORD.DE APERF.DE PESSOAL NIVEL SUPERIOR;12;EDUCACAO;364;ENSINO SUPERIOR;2080;EDUCACAO DE QUALIDADE PARA TODOS;0487;CONCESSAO DE BOLSAS DE ESTUDO NO ENSINO SUPERIOR;0002;CONCESSAO DE BOLSAS DE ESTUDOS NO PAIS;12364208004870001;108452;OCCCGV2010N;PARNACION - CAPES/FAPERJ;90;APLICACOES DIRETAS;3;DESPESAS CORRENTES;3;OUTRAS DESPESAS CORRENTES;18;AUXILIO FINANCEIRO A ESTUDANTES;339018;AUXILIO FINANCEIRO A ESTUDANTES;08;FUNDO SOCIAL-PARC.DEST.EDUCACAO PUBL.E SAUDE;31326500.00;;31326500.00;;30426500.00;871,100.00;29384700.00;28220300.00
2019;154003;FUND.COORD.DE APERF.DE PESSOAL NIVEL SUPERIOR;12;EDUCACAO;364;ENSINO SUPERIOR;2080;EDUCACAO DE QUALIDADE PARA TODOS;0487;CONCESSAO DE BOLSAS DE ESTUDO NO ENSINO SUPERIOR;0002;CONCESSAO DE BOLSAS DE ESTUDOS NO PAIS;12364208004870001;108452;OCCCGV2034N;PARNACION - HCPA/HCPA;90;APLICACOES DIRETAS;3;DESPESAS CORRENTES;3;OUTRAS DESPESAS CORRENTES;18;AUXILIO FINANCEIRO A ESTUDANTES;339018;AUXILIO FINANCEIRO A ESTUDANTES;08;FUNDO SOCIAL-PARC.DEST.EDUCACAO PUBL.E SAUDE;588,400.00;;588,400.00;;528,400.00;7,700.00;520,700.00;504,300.00
2019;154003;FUND.COORD.DE APERF.DE PESSOAL NIVEL SUPERIOR;12;EDUCACAO;364;ENSINO SUPERIOR;2080;EDUCACAO DE QUALIDADE PARA TODOS;0487;CONCESSAO DE BOLSAS DE ESTUDO NO ENSINO SUPERIOR;0002;CONCESSAO DE BOLSAS DE ESTUDOS NO PAIS;12364208004870001;108452;OCCCQO1951N;PARINTER - CAPES/CWRU;90;APLICACOES DIRETAS;3;DESPESAS CORRENTES;3;OUTRAS DESPESAS CORRENTES;18;AUXILIO FINANCEIRO A ESTUDANTES;339018;AUXILIO FINANCEIRO A ESTUDANTES;08;FUNDO SOCIAL-PARC.DEST.EDUCACAO PUBL.E SAUDE;472,200.00;;472,200.00;;472,200.00;70,800.00;369,600.00;369,600.00
2019;154003;FUND.COORD.DE APERF.DE PESSOAL NIVEL SUPERIOR;12;EDUCACAO;364;ENSINO SUPERIOR;2080;EDUCACAO DE QUALIDADE PARA TODOS;0487;CONCESSAO DE BOLSAS DE ESTUDO NO ENSINO SUPERIOR;0002;CONCESSAO DE BOLSAS DE ESTUDOS NO PAIS;12364208004870001;108452;OCCCUG1907N;BFSUPERIOR - CIENCIAS DO MAR;90;APLICACOES DIRETAS;3;DESPESAS CORRENTES;3;OUTRAS DESPESAS CORRENTES;18;AUXILIO FINANCEIRO A ESTUDANTES;339018;AUXILIO FINANCEIRO A ESTUDANTES;08;FUNDO SOCIAL-PARC.DEST.EDUCACAO PUBL.E SAUDE;9,974,646.88;;9,974,646.88;;9,674,646.88;215,494.58;9,405,152.30;9,068,141.46
2019;154003;FUND.COORD.DE APERF.DE PESSOAL NIVEL SUPERIOR;12;EDUCACAO;364;ENSINO SUPERIOR;2080;EDUCACAO DE QUALIDADE PARA TODOS;0487;CONCESSAO DE BOLSAS DE ESTUDO NO ENSINO SUPERIOR;0002;CONCESSAO DE BOLSAS DE ESTUDOS NO PAIS;12364208004870001;108452;OCCCUG1910N;BFSUPERIOR - PROCAD;90;APLICACOES DIRETAS;3;DESPESAS CORRENTES;3;OUTRAS DESPESAS CORRENTES;18;AUXILIO FINANCEIRO A ESTUDANTES;339018;AUXILIO FINANCEIRO A ESTUDANTES;08;FUNDO SOCIAL-PARC.DEST.EDUCACAO PUBL.E SAUDE;11063600.00;;11063600.00;;10703600.00;311,643.00;10255028.00;9,874,228.00
2019;154003;FUND.COORD.DE APERF.DE PESSOAL NIVEL SUPERIOR;12;EDUCACAO;364;ENSINO SUPERIOR;2080;EDUCACAO DE QUALIDADE PARA TODOS;0487;CONCESSAO DE BOLSAS DE ESTUDO NO ENSINO SUPERIOR;0002;CONCESSAO DE BOLSAS DE ESTUDOS NO PAIS;12364208004870001;108452;OCCCUG1927N;BFSUPERIOR - BIOCOMPUT;90;APLICACOES DIRETAS;3;DESPESAS CORRENTES;3;OUTRAS DESPESAS CORRENTES;18;AUXILIO FINANCEIRO A ESTUDANTES;339018;AUXILIO FINANCEIRO A ESTUDANTES;08;FUNDO SOCIAL-PARC.DEST.EDUCACAO PUBL.E SAUDE;1,744,400.00;;1,744,400.00;;1,644,400.00;152,600.00;1,484,000.00;1,429,200.00
2019;154003;FUND.COORD.DE APERF.DE PESSOAL NIVEL SUPERIOR;12;EDUCACAO;364;ENSINO SUPERIOR;2080;EDUCACAO DE QUALIDADE PARA TODOS;0487;CONCESSAO DE BOLSAS DE ESTUDO NO ENSINO SUPERIOR;0002;CONCESSAO DE BOLSAS DE ESTUDOS NO PAIS;12364208004870001;108452;OCCCUG1931N;BFSUPERIOR - PRO-AMAZONIA;90;APLICACOES DIRETAS;3;DESPESAS CORRENTES;3;OUTRAS DESPESAS CORRENTES;18;AUXILIO FINANCEIRO A ESTUDANTES;339018;AUXILIO FINANCEIRO A ESTUDANTES;08;FUNDO SOCIAL-PARC.DEST.EDUCACAO PUBL.E SAUDE;10,000.00;;10,000.00;;10,000.00;10,000.00;;
2019;154003;FUND.COORD.DE APERF.DE PESSOAL NIVEL SUPERIOR;12;EDUCACAO;364;ENSINO SUPERIOR;2080;EDUCACAO DE QUALIDADE PARA TODOS;0487;CONCESSAO DE BOLSAS DE ESTUDO NO ENSINO SUPERIOR;0002;CONCESSAO DE BOLSAS DE ESTUDOS NO PAIS;12364208004870001;108452;OCCCUG1938N;BFSUPERIOR - BIOGRAFIAS;90;APLICACOES DIRETAS;3;DESPESAS CORRENTES;3;OUTRAS DESPESAS CORRENTES;18;AUXILIO FINANCEIRO A ESTUDANTES;339018;AUXILIO FINANCEIRO A ESTUDANTES;08;FUNDO SOCIAL-PARC.DEST.EDUCACAO PUBL.E SAUDE;207,200.00;;207,200.00;;187,200.00;29,000.00;155,200.00;150,800.00
2019;154003;FUND.COORD.DE APERF.DE PESSOAL NIVEL SUPERIOR;12;EDUCACAO;364;ENSINO SUPERIOR;2080;EDUCACAO DE QUALIDADE PARA TODOS;0487;CONCESSAO DE BOLSAS DE ESTUDO NO ENSINO SUPERIOR;0002;CONCESSAO DE BOLSAS DE ESTUDOS NO PAIS;12364208004870001;108452;OCCCUG1939N;BFSUPERIOR - CONFLITOS SOCIAIS;90;APLICACOES DIRETAS;3;DESPESAS CORRENTES;3;OUTRAS DESPESAS CORRENTES;18;AUXILIO FINANCEIRO A ESTUDANTES;339018;AUXILIO FINANCEIRO A ESTUDANTES;08;FUNDO SOCIAL-PARC.DEST.EDUCACAO PUBL.E SAUDE;502,000.00;;502,000.00;;442,000.00;30,000.00;406,000.00;390,400.00
2019;154003;FUND.COORD.DE APERF.DE PESSOAL NIVEL SUPERIOR;12;EDUCACAO;364;ENSINO SUPERIOR;2080;EDUCACAO DE QUALIDADE PARA TODOS;0487;CONCESSAO DE BOLSAS DE ESTUDO NO ENSINO SUPERIOR;0002;CONCESSAO DE BOLSAS DE ESTUDOS NO PAIS;12364208004870001;108452;OCCCUG1942N;BFSUPERIOR - PROCAD/AMAZONIA;90;APLICACOES DIRETAS;3;DESPESAS CORRENTES;3;OUTRAS DESPESAS CORRENTES;18;AUXILIO FINANCEIRO A ESTUDANTES;339018;AUXILIO FINANCEIRO A ESTUDANTES;08;FUNDO SOCIAL-PARC.DEST.EDUCACAO PUBL.E SAUDE;581,779.21;;581,779.21;;571,779.21;60,500.00;510,400.00;501,600.00
2019;154003;FUND.COORD.DE APERF.DE PESSOAL NIVEL SUPERIOR;12;EDUCACAO;364;ENSINO SUPERIOR;2080;EDUCACAO DE QUALIDADE PARA TODOS;0487;CONCESSAO DE BOLSAS DE ESTUDO NO ENSINO SUPERIOR;0002;CONCESSAO DE BOLSAS DE ESTUDOS NO PAIS;12364208004870001;108452;OCCCUN2025N;BFSUPERIOR - PVNS;90;APLICACOES DIRETAS;3;DESPESAS CORRENTES;3;OUTRAS DESPESAS CORRENTES;18;AUXILIO FINANCEIRO A ESTUDANTES;339018;AUXILIO FINANCEIRO A ESTUDANTES;08;FUNDO SOCIAL-PARC.DEST.EDUCACAO PUBL.E SAUDE;25504037.05;;25504037.05;;25004037.05;1,112,483.31;23883042.14;23108363.05
2019;154003;FUND.COORD.DE APERF.DE PESSOAL NIVEL SUPERIOR;12;EDUCACAO;364;ENSINO SUPERIOR;2080;EDUCACAO DE QUALIDADE PARA TODOS;0487;CONCESSAO DE BOLSAS DE ESTUDO NO ENSINO SUPERIOR;0002;CONCESSAO DE BOLSAS DE ESTUDOS NO PAIS;12364208004870001;108452;OCCCUO1903N;BFSUPERIOR - PROEX;90;APLICACOES DIRETAS;3;DESPESAS CORRENTES;3;OUTRAS DESPESAS CORRENTES;18;AUXILIO FINANCEIRO A ESTUDANTES;339018;AUXILIO FINANCEIRO A ESTUDANTES;08;FUNDO SOCIAL-PARC.DEST.EDUCACAO PUBL.E SAUDE;3689215785.0;;3689215785.0;;3615215785.0;162174645.00;3450541540.0;3348904140.0
2019;154003;FUND.COORD.DE APERF.DE PESSOAL NIVEL SUPERIOR;12;EDUCACAO;364;ENSINO SUPERIOR;2080;EDUCACAO DE QUALIDADE PARA TODOS;0487;CONCESSAO DE BOLSAS DE ESTUDO NO ENSINO SUPERIOR;0002;CONCESSAO DE BOLSAS DE ESTUDOS NO PAIS;12364208004870001;108452;OCCCUO1904N;BFSUPERIOR - DEMANDA SOCIAL;90;APLICACOES DIRETAS;3;DESPESAS CORRENTES;3;OUTRAS DESPESAS CORRENTES;18;AUXILIO FINANCEIRO A ESTUDANTES;339018;AUXILIO FINANCEIRO A ESTUDANTES;00;RECURSOS PRIMARIOS DE LIVRE APLICACAO;846981293.05;;846981293.05;;846981293.05;92748773.88;627706178.44;538879338.44
2019;154003;FUND.COORD.DE APERF.DE PESSOAL NIVEL SUPERIOR;12;EDUCACAO;364;ENSINO SUPERIOR;2080;EDUCACAO DE QUALIDADE PARA TODOS;0487;CONCESSAO DE BOLSAS DE ESTUDO NO ENSINO SUPERIOR;0002;CONCESSAO DE BOLSAS DE ESTUDOS NO PAIS;12364208004870001;108452;OCCCUO1904N;BFSUPERIOR - DEMANDA SOCIAL;90;APLICACOES DIRETAS;3;DESPESAS CORRENTES;3;OUTRAS DESPESAS CORRENTES;;;;;08;FUNDO SOCIAL-PARC.DEST.EDUCACAO PUBL.E SAUDE;8277050439.3;;8277050439.3;;8097050439.3;197722707.75;7892882886.2;7637139008.4
2019;154003;FUND.COORD.DE APERF.DE PESSOAL NIVEL SUPERIOR;12;EDUCACAO;364;ENSINO SUPERIOR;2080;EDUCACAO DE QUALIDADE PARA TODOS;0487;CONCESSAO DE BOLSAS DE ESTUDO NO ENSINO SUPERIOR;0002;CONCESSAO DE BOLSAS DE ESTUDOS NO PAIS;12364208004870001;108452;OCCCUO1904N;BFSUPERIOR - DEMANDA SOCIAL;90;APLICACOES DIRETAS;3;DESPESAS CORRENTES;3;OUTRAS DESPESAS CORRENTES;20;AUXILIO FINANCEIRO A PESQUISADORES;339020;AUXILIO FINANCEIRO A PESQUISADORES;00;RECURSOS PRIMARIOS DE LIVRE APLICACAO;0.00;;0.00;;;;;
2019;154003;FUND.COORD.DE APERF.DE PESSOAL NIVEL SUPERIOR;12;EDUCACAO;364;ENSINO SUPERIOR;2080;EDUCACAO DE QUALIDADE PARA TODOS;0487;CONCESSAO DE BOLSAS DE ESTUDO NO ENSINO SUPERIOR;0002;CONCESSAO DE BOLSAS DE ESTUDOS NO PAIS;12364208004870001;108452;OCCCUO1906N;BFSUPERIOR - TOXINOLOGIA;90;APLICACOES DIRETAS;3;DESPESAS CORRENTES;3;OUTRAS DESPESAS CORRENTES;18;AUXILIO FINANCEIRO A ESTUDANTES;339018;AUXILIO FINANCEIRO A ESTUDANTES;08;FUNDO SOCIAL-PARC.DEST.EDUCACAO PUBL.E SAUDE;330,800.00;;330,800.00;;310,800.00;36,200.00;266,200.00;255,200.00
2019;154003;FUND.COORD.DE APERF.DE PESSOAL NIVEL SUPERIOR;12;EDUCACAO;364;ENSINO SUPERIOR;2080;EDUCACAO DE QUALIDADE PARA TODOS;0487;CONCESSAO DE BOLSAS DE ESTUDO NO ENSINO SUPERIOR;0002;CONCESSAO DE BOLSAS DE ESTUDOS NO PAIS;12364208004870001;108452;OCCCUO1907N;BFSUPERIOR - CIENCIAS DO MAR;90;APLICACOES DIRETAS;3;DESPESAS CORRENTES;3;OUTRAS DESPESAS CORRENTES;18;AUXILIO FINANCEIRO A ESTUDANTES;339018;AUXILIO FINANCEIRO A ESTUDANTES;08;FUNDO SOCIAL-PARC.DEST.EDUCACAO PUBL.E SAUDE;5,561,700.00;;5,561,700.00;;5,361,700.00;108,000.00;5,253,700.00;5,085,600.00
2019;154003;FUND.COORD.DE APERF.DE PESSOAL NIVEL SUPERIOR;12;EDUCACAO;364;ENSINO SUPERIOR;2080;EDUCACAO DE QUALIDADE PARA TODOS;0487;CONCESSAO DE BOLSAS DE ESTUDO NO ENSINO SUPERIOR;0002;CONCESSAO DE BOLSAS DE ESTUDOS NO PAIS;12364208004870001;108452;OCCCUO1910N;BFSUPERIOR - PROCAD;90;APLICACOES DIRETAS;3;DESPESAS CORRENTES;3;OUTRAS DESPESAS CORRENTES;18;AUXILIO FINANCEIRO A ESTUDANTES;339018;AUXILIO FINANCEIRO A ESTUDANTES;08;FUNDO SOCIAL-PARC.DEST.EDUCACAO PUBL.E SAUDE;16290371.25;;16290371.25;;15870371.25;692,163.75;14814007.50;14293571.25
2019;154003;FUND.COORD.DE APERF.DE PESSOAL NIVEL SUPERIOR;12;EDUCACAO;364;ENSINO SUPERIOR;2080;EDUCACAO DE QUALIDADE PARA TODOS;0487;CONCESSAO DE BOLSAS DE ESTUDO NO ENSINO SUPERIOR;0002;CONCESSAO DE BOLSAS DE ESTUDOS NO PAIS;12364208004870001;108452;OCCCUO1913N;BFSUPERIOR - PREMIO;90;APLICACOES DIRETAS;3;DESPESAS CORRENTES;3;OUTRAS DESPESAS CORRENTES;18;AUXILIO FINANCEIRO A ESTUDANTES;339018;AUXILIO FINANCEIRO A ESTUDANTES;00;RECURSOS PRIMARIOS DE LIVRE APLICACAO;900,000.00;;900,000.00;;900,000.00;0.00;;
2019;154003;FUND.COORD.DE APERF.DE PESSOAL NIVEL SUPERIOR;12;EDUCACAO;364;ENSINO SUPERIOR;2080;EDUCACAO DE QUALIDADE PARA TODOS;0487;CONCESSAO DE BOLSAS DE ESTUDO NO ENSINO SUPERIOR;0002;CONCESSAO DE BOLSAS DE ESTUDOS NO PAIS;12364208004870001;108452;OCCCUO1913N;BFSUPERIOR - PREMIO;90;APLICACOES DIRETAS;3;DESPESAS CORRENTES;3;OUTRAS DESPESAS CORRENTES;;;;;08;FUNDO SOCIAL-PARC.DEST.EDUCACAO PUBL.E SAUDE;36787370.30;;36787370.30;;36327370.30;5,702,184.54;15507285.76;14929370.30
2019;154003;FUND.COORD.DE APERF.DE PESSOAL NIVEL SUPERIOR;12;EDUCACAO;364;ENSINO SUPERIOR;2080;EDUCACAO DE QUALIDADE PARA TODOS;0487;CONCESSAO DE BOLSAS DE ESTUDO NO ENSINO SUPERIOR;0002;CONCESSAO DE BOLSAS DE ESTUDOS NO PAIS;12364208004870001;108452;OCCCUO1915N;BFSUPERIOR - PROSUP;90;APLICACOES DIRETAS;3;DESPESAS CORRENTES;3;OUTRAS DESPESAS CORRENTES;18;AUXILIO FINANCEIRO A ESTUDANTES;339018;AUXILIO FINANCEIRO A ESTUDANTES;00;RECURSOS PRIMARIOS DE LIVRE APLICACAO;27652000.00;;27652000.00;;27652000.00;3,499,500.00;23716900.00;20303400.00
2019;154003;FUND.COORD.DE APERF.DE PESSOAL NIVEL SUPERIOR;12;EDUCACAO;364;ENSINO SUPERIOR;2080;EDUCACAO DE QUALIDADE PARA TODOS;0487;CONCESSAO DE BOLSAS DE ESTUDO NO ENSINO SUPERIOR;0002;CONCESSAO DE BOLSAS DE ESTUDOS NO PAIS;12364208004870001;108452;OCCCUO1915N;BFSUPERIOR - PROSUP;90;APLICACOES DIRETAS;3;DESPESAS CORRENTES;3;OUTRAS DESPESAS CORRENTES;;;;;08;FUNDO SOCIAL-PARC.DEST.EDUCACAO PUBL.E SAUDE;313777900.00;;313777900.00;;305277900.00;12401300.00;292551400.00;286554800.00
2019;154003;FUND.COORD.DE APERF.DE PESSOAL NIVEL SUPERIOR;12;EDUCACAO;364;ENSINO SUPERIOR;2080;EDUCACAO DE QUALIDADE PARA TODOS;0487;CONCESSAO DE BOLSAS DE ESTUDO NO ENSINO SUPERIOR;0002;CONCESSAO DE BOLSAS DE ESTUDOS NO PAIS;12364208004870001;108452;OCCCUO1920N;BFSUPERIOR - PARASITOLOGIA BASICA;90;APLICACOES DIRETAS;3;DESPESAS CORRENTES;3;OUTRAS DESPESAS CORRENTES;18;AUXILIO FINANCEIRO A ESTUDANTES;339018;AUXILIO FINANCEIRO A ESTUDANTES;08;FUNDO SOCIAL-PARC.DEST.EDUCACAO PUBL.E SAUDE;137,400.00;;137,400.00;;107,400.00;12,800.00;94,600.00;92,400.00
2019;154003;FUND.COORD.DE APERF.DE PESSOAL NIVEL SUPERIOR;12;EDUCACAO;364;ENSINO SUPERIOR;2080;EDUCACAO DE QUALIDADE PARA TODOS;0487;CONCESSAO DE BOLSAS DE ESTUDO NO ENSINO SUPERIOR;0002;CONCESSAO DE BOLSAS DE ESTUDOS NO PAIS;12364208004870001;108452;OCCCUO1927N;BFSUPERIOR - BIOCOMPUT;90;APLICACOES DIRETAS;3;DESPESAS CORRENTES;3;OUTRAS DESPESAS CORRENTES;18;AUXILIO FINANCEIRO A ESTUDANTES;339018;AUXILIO FINANCEIRO A ESTUDANTES;08;FUNDO SOCIAL-PARC.DEST.EDUCACAO PUBL.E SAUDE;28829578.09;;28829578.09;;28368478.09;1,280,717.07;26931461.02;25961178.09
2019;154003;FUND.COORD.DE APERF.DE PESSOAL NIVEL SUPERIOR;12;EDUCACAO;364;ENSINO SUPERIOR;2080;EDUCACAO DE QUALIDADE PARA TODOS;0487;CONCESSAO DE BOLSAS DE ESTUDO NO ENSINO SUPERIOR;0002;CONCESSAO DE BOLSAS DE ESTUDOS NO PAIS;12364208004870001;108452;OCCCUO1928N;BFSUPERIOR - IODP;90;APLICACOES DIRETAS;3;DESPESAS CORRENTES;3;OUTRAS DESPESAS CORRENTES;18;AUXILIO FINANCEIRO A ESTUDANTES;339018;AUXILIO FINANCEIRO A ESTUDANTES;08;FUNDO SOCIAL-PARC.DEST.EDUCACAO PUBL.E SAUDE;5,575,895.12;;5,575,895.12;;5,375,895.12;181,894.18;5,169,402.14;4,984,496.72
2019;154003;FUND.COORD.DE APERF.DE PESSOAL NIVEL SUPERIOR;12;EDUCACAO;364;ENSINO SUPERIOR;2080;EDUCACAO DE QUALIDADE PARA TODOS;0487;CONCESSAO DE BOLSAS DE ESTUDO NO ENSINO SUPERIOR;0002;CONCESSAO DE BOLSAS DE ESTUDOS NO PAIS;12364208004870001;108452;OCCCUO1929N;BFSUPERIOR - PRO-ALERTAS;90;APLICACOES DIRETAS;3;DESPESAS CORRENTES;3;OUTRAS DESPESAS CORRENTES;18;AUXILIO FINANCEIRO A ESTUDANTES;339018;AUXILIO FINANCEIRO A ESTUDANTES;08;FUNDO SOCIAL-PARC.DEST.EDUCACAO PUBL.E SAUDE;4,403,500.00;;4,403,500.00;;4,193,500.00;195,300.00;3,985,900.00;3,825,300.00
2019;154003;FUND.COORD.DE APERF.DE PESSOAL NIVEL SUPERIOR;12;EDUCACAO;364;ENSINO SUPERIOR;2080;EDUCACAO DE QUALIDADE PARA TODOS;0487;CONCESSAO DE BOLSAS DE ESTUDO NO ENSINO SUPERIOR;0002;CONCESSAO DE BOLSAS DE ESTUDOS NO PAIS;12364208004870001;108452;OCCCUO1931N;BFSUPERIOR - PRO-AMAZONIA;90;APLICACOES DIRETAS;3;DESPESAS CORRENTES;3;OUTRAS DESPESAS CORRENTES;18;AUXILIO FINANCEIRO A ESTUDANTES;339018;AUXILIO FINANCEIRO A ESTUDANTES;08;FUNDO SOCIAL-PARC.DEST.EDUCACAO PUBL.E SAUDE;100,000.00;;100,000.00;;100,000.00;100,000.00;;
2019;154003;FUND.COORD.DE APERF.DE PESSOAL NIVEL SUPERIOR;12;EDUCACAO;364;ENSINO SUPERIOR;2080;EDUCACAO DE QUALIDADE PARA TODOS;0487;CONCESSAO DE BOLSAS DE ESTUDO NO ENSINO SUPERIOR;0002;CONCESSAO DE BOLSAS DE ESTUDOS NO PAIS;12364208004870001;108452;OCCCUO1932N;BFSUPERIOR - PGPSE;90;APLICACOES DIRETAS;3;DESPESAS CORRENTES;3;OUTRAS DESPESAS CORRENTES;18;AUXILIO FINANCEIRO A ESTUDANTES;339018;AUXILIO FINANCEIRO A ESTUDANTES;08;FUNDO SOCIAL-PARC.DEST.EDUCACAO PUBL.E SAUDE;7,954,060.00;;7,954,060.00;;7,744,060.00;421,980.00;7,194,880.00;6,911,060.00
2019;154003;FUND.COORD.DE APERF.DE PESSOAL NIVEL SUPERIOR;12;EDUCACAO;364;ENSINO SUPERIOR;2080;EDUCACAO DE QUALIDADE PARA TODOS;0487;CONCESSAO DE BOLSAS DE ESTUDO NO ENSINO SUPERIOR;0002;CONCESSAO DE BOLSAS DE ESTUDOS NO PAIS;12364208004870001;108452;OCCCUO1936N;BFSUPERIOR - PRO-FORENSES;90;APLICACOES DIRETAS;3;DESPESAS CORRENTES;3;OUTRAS DESPESAS CORRENTES;18;AUXILIO FINANCEIRO A ESTUDANTES;339018;AUXILIO FINANCEIRO A ESTUDANTES;08;FUNDO SOCIAL-PARC.DEST.EDUCACAO PUBL.E SAUDE;10006100.00;;10006100.00;;9,756,100.00;480,000.00;9,188,200.00;8,913,500.00
2019;154003;FUND.COORD.DE APERF.DE PESSOAL NIVEL SUPERIOR;12;EDUCACAO;364;ENSINO SUPERIOR;2080;EDUCACAO DE QUALIDADE PARA TODOS;0487;CONCESSAO DE BOLSAS DE ESTUDO NO ENSINO SUPERIOR;0002;CONCESSAO DE BOLSAS DE ESTUDOS NO PAIS;12364208004870001;108452;OCCCUO1938N;BFSUPERIOR - BIOGRAFIAS;90;APLICACOES DIRETAS;3;DESPESAS CORRENTES;3;OUTRAS DESPESAS CORRENTES;18;AUXILIO FINANCEIRO A ESTUDANTES;339018;AUXILIO FINANCEIRO A ESTUDANTES;08;FUNDO SOCIAL-PARC.DEST.EDUCACAO PUBL.E SAUDE;2,316,620.00;;2,316,620.00;;2,216,620.00;81,360.00;2,096,260.00;2,028,120.00
2019;154003;FUND.COORD.DE APERF.DE PESSOAL NIVEL SUPERIOR;12;EDUCACAO;364;ENSINO SUPERIOR;2080;EDUCACAO DE QUALIDADE PARA TODOS;0487;CONCESSAO DE BOLSAS DE ESTUDO NO ENSINO SUPERIOR;0002;CONCESSAO DE BOLSAS DE ESTUDOS NO PAIS;12364208004870001;108452;OCCCUO1939N;BFSUPERIOR - CONFLITOS SOCIAIS;90;APLICACOES DIRETAS;3;DESPESAS CORRENTES;3;OUTRAS DESPESAS CORRENTES;18;AUXILIO FINANCEIRO A ESTUDANTES;339018;AUXILIO FINANCEIRO A ESTUDANTES;08;FUNDO SOCIAL-PARC.DEST.EDUCACAO PUBL.E SAUDE;1,252,900.00;;1,252,900.00;;1,152,900.00;80,200.00;1,038,200.00;1,002,400.00
2019;154003;FUND.COORD.DE APERF.DE PESSOAL NIVEL SUPERIOR;12;EDUCACAO;364;ENSINO SUPERIOR;2080;EDUCACAO DE QUALIDADE PARA TODOS;0487;CONCESSAO DE BOLSAS DE ESTUDO NO ENSINO SUPERIOR;0002;CONCESSAO DE BOLSAS DE ESTUDOS NO PAIS;12364208004870001;108452;OCCCUO1940N;BFSUPERIOR - MODELAGEM;90;APLICACOES DIRETAS;3;DESPESAS CORRENTES;3;OUTRAS DESPESAS CORRENTES;18;AUXILIO FINANCEIRO A ESTUDANTES;339018;AUXILIO FINANCEIRO A ESTUDANTES;08;FUNDO SOCIAL-PARC.DEST.EDUCACAO PUBL.E SAUDE;8,084,500.00;;8,084,500.00;;7,884,500.00;323,200.00;7,497,400.00;7,178,600.00
2019;154003;FUND.COORD.DE APERF.DE PESSOAL NIVEL SUPERIOR;12;EDUCACAO;364;ENSINO SUPERIOR;2080;EDUCACAO DE QUALIDADE PARA TODOS;0487;CONCESSAO DE BOLSAS DE ESTUDO NO ENSINO SUPERIOR;0002;CONCESSAO DE BOLSAS DE ESTUDOS NO PAIS;12364208004870001;108452;OCCCUO1941N;BFSUPERIOR - PROSUC;90;APLICACOES DIRETAS;3;DESPESAS CORRENTES;3;OUTRAS DESPESAS CORRENTES;18;AUXILIO FINANCEIRO A ESTUDANTES;339018;AUXILIO FINANCEIRO A ESTUDANTES;08;FUNDO SOCIAL-PARC.DEST.EDUCACAO PUBL.E SAUDE;1223335600.0;;1223335600.0;;1198335600.0;52152200.00;1144724200.0;1108334300.0
2019;154003;FUND.COORD.DE APERF.DE PESSOAL NIVEL SUPERIOR;12;EDUCACAO;364;ENSINO SUPERIOR;2080;EDUCACAO DE QUALIDADE PARA TODOS;0487;CONCESSAO DE BOLSAS DE ESTUDO NO ENSINO SUPERIOR;0002;CONCESSAO DE BOLSAS DE ESTUDOS NO PAIS;12364208004870001;108452;OCCCUO1942N;BFSUPERIOR - PROCAD/AMAZONIA;90;APLICACOES DIRETAS;3;DESPESAS CORRENTES;3;OUTRAS DESPESAS CORRENTES;18;AUXILIO FINANCEIRO A ESTUDANTES;339018;AUXILIO FINANCEIRO A ESTUDANTES;08;FUNDO SOCIAL-PARC.DEST.EDUCACAO PUBL.E SAUDE;25827800.00;;25827800.00;;25576800.00;1,768,500.00;23579100.00;23166300.00
2019;154003;FUND.COORD.DE APERF.DE PESSOAL NIVEL SUPERIOR;12;EDUCACAO;364;ENSINO SUPERIOR;2080;EDUCACAO DE QUALIDADE PARA TODOS;0487;CONCESSAO DE BOLSAS DE ESTUDO NO ENSINO SUPERIOR;0002;CONCESSAO DE BOLSAS DE ESTUDOS NO PAIS;12364208004870001;108452;OCCCUO1944N;BFSUPERIOR - ENTRE MARES;90;APLICACOES DIRETAS;3;DESPESAS CORRENTES;3;OUTRAS DESPESAS CORRENTES;18;AUXILIO FINANCEIRO A ESTUDANTES;339018;AUXILIO FINANCEIRO A ESTUDANTES;00;RECURSOS PRIMARIOS DE LIVRE APLICACAO;675,000.00;;675,000.00;;675,000.00;0.00;;
2019;154003;FUND.COORD.DE APERF.DE PESSOAL NIVEL SUPERIOR;12;EDUCACAO;364;ENSINO SUPERIOR;2080;EDUCACAO DE QUALIDADE PARA TODOS;0487;CONCESSAO DE BOLSAS DE ESTUDO NO ENSINO SUPERIOR;0002;CONCESSAO DE BOLSAS DE ESTUDOS NO PAIS;12364208004870001;108452;OCCCUO1945N;BFSUPERIOR - AMAZONIA LEGAL;90;APLICACOES DIRETAS;3;DESPESAS CORRENTES;3;OUTRAS DESPESAS CORRENTES;18;AUXILIO FINANCEIRO A ESTUDANTES;339018;AUXILIO FINANCEIRO A ESTUDANTES;00;RECURSOS PRIMARIOS DE LIVRE APLICACAO;19800000.00;;19800000.00;;19800000.00;0.00;;
2019;154003;FUND.COORD.DE APERF.DE PESSOAL NIVEL SUPERIOR;12;EDUCACAO;364;ENSINO SUPERIOR;2080;EDUCACAO DE QUALIDADE PARA TODOS;0487;CONCESSAO DE BOLSAS DE ESTUDO NO ENSINO SUPERIOR;0002;CONCESSAO DE BOLSAS DE ESTUDOS NO PAIS;12364208004870001;108452;OCCCUO1946N;BFSUPERIOR - CDR;90;APLICACOES DIRETAS;3;DESPESAS CORRENTES;3;OUTRAS DESPESAS CORRENTES;18;AUXILIO FINANCEIRO A ESTUDANTES;339018;AUXILIO FINANCEIRO A ESTUDANTES;00;RECURSOS PRIMARIOS DE LIVRE APLICACAO;675,000.00;;675,000.00;;675,000.00;0.00;;
2019;154003;FUND.COORD.DE APERF.DE PESSOAL NIVEL SUPERIOR;12;EDUCACAO;364;ENSINO SUPERIOR;2080;EDUCACAO DE QUALIDADE PARA TODOS;0487;CONCESSAO DE BOLSAS DE ESTUDO NO ENSINO SUPERIOR;0002;CONCESSAO DE BOLSAS DE ESTUDOS NO PAIS;12364208004870001;108452;OCCCUO2013N;BFSUPERIOR - PREMIO;90;APLICACOES DIRETAS;3;DESPESAS CORRENTES;3;OUTRAS DESPESAS CORRENTES;20;AUXILIO FINANCEIRO A PESQUISADORES;339020;AUXILIO FINANCEIRO A PESQUISADORES;00;RECURSOS PRIMARIOS DE LIVRE APLICACAO;1,681,328.20;;1,681,328.20;;528,000.00;0.00;528,000.00;528,000.00
2019;154003;FUND.COORD.DE APERF.DE PESSOAL NIVEL SUPERIOR;12;EDUCACAO;364;ENSINO SUPERIOR;2080;EDUCACAO DE QUALIDADE PARA TODOS;0487;CONCESSAO DE BOLSAS DE ESTUDO NO ENSINO SUPERIOR;0002;CONCESSAO DE BOLSAS DE ESTUDOS NO PAIS;12364208004870001;108452;OCCCUO2042N;BFSUPERIOR - PROCAD/AMAZONIA;90;APLICACOES DIRETAS;3;DESPESAS CORRENTES;3;OUTRAS DESPESAS CORRENTES;20;AUXILIO FINANCEIRO A PESQUISADORES;339020;AUXILIO FINANCEIRO A PESQUISADORES;00;RECURSOS PRIMARIOS DE LIVRE APLICACAO;419,988.00;;419,988.00;;379,992.00;79,992.00;0.00;0.00
2019;154003;FUND.COORD.DE APERF.DE PESSOAL NIVEL SUPERIOR;12;EDUCACAO;364;ENSINO SUPERIOR;2080;EDUCACAO DE QUALIDADE PARA TODOS;0487;CONCESSAO DE BOLSAS DE ESTUDO NO ENSINO SUPERIOR;0002;CONCESSAO DE BOLSAS DE ESTUDOS NO PAIS;12364208004870001;108452;OCCCUO9403N;BFSUPERIOR - PROEX;90;APLICACOES DIRETAS;3;DESPESAS CORRENTES;3;OUTRAS DESPESAS CORRENTES;20;AUXILIO FINANCEIRO A PESQUISADORES;339020;AUXILIO FINANCEIRO A PESQUISADORES;00;RECURSOS PRIMARIOS DE LIVRE APLICACAO;543782372.11;;543782372.11;;539312398.16;11175026.05;526634124.97;510376829.76
2019;154003;FUND.COORD.DE APERF.DE PESSOAL NIVEL SUPERIOR;12;EDUCACAO;364;ENSINO SUPERIOR;2080;EDUCACAO DE QUALIDADE PARA TODOS;0487;CONCESSAO DE BOLSAS DE ESTUDO NO ENSINO SUPERIOR;0002;CONCESSAO DE BOLSAS DE ESTUDOS NO PAIS;12364208004870001;108452;OCCCUO9403N;BFSUPERIOR - PROEX;90;APLICACOES DIRETAS;3;DESPESAS CORRENTES;3;OUTRAS DESPESAS CORRENTES;;;;;08;FUNDO SOCIAL-PARC.DEST.EDUCACAO PUBL.E SAUDE;7,843,095.71;;7,843,095.71;;8,494,001.85;894,095.33;7,599,906.52;7,599,906.52
2019;154003;FUND.COORD.DE APERF.DE PESSOAL NIVEL SUPERIOR;12;EDUCACAO;364;ENSINO SUPERIOR;2080;EDUCACAO DE QUALIDADE PARA TODOS;0487;CONCESSAO DE BOLSAS DE ESTUDO NO ENSINO SUPERIOR;0002;CONCESSAO DE BOLSAS DE ESTUDOS NO PAIS;12364208004870001;108452;OCCCUO9414N;BF SUPERIOR - PROAP;30;TRANSFER. A ESTADOS E AO DISTRITO FEDERAL;3;DESPESAS CORRENTES;3;OUTRAS DESPESAS CORRENTES;41;CONTRIBUICOES;333041;CONTRIBUICOES;00;RECURSOS PRIMARIOS DE LIVRE APLICACAO;329766182.98;;329766182.98;;311703278.39;84793212.02;216823304.13;209899693.29
2019;154003;FUND.COORD.DE APERF.DE PESSOAL NIVEL SUPERIOR;12;EDUCACAO;364;ENSINO SUPERIOR;2080;EDUCACAO DE QUALIDADE PARA TODOS;0487;CONCESSAO DE BOLSAS DE ESTUDO NO ENSINO SUPERIOR;0002;CONCESSAO DE BOLSAS DE ESTUDOS NO PAIS;12364208004870001;108452;OCCCUO9414N;BF SUPERIOR - PROAP;50;TRANSFERENCIA INSTITUICOES PRIVADAS SEM FINS LUCRATIVOS;3;DESPESAS CORRENTES;3;OUTRAS DESPESAS CORRENTES;39;OUTROS SERVICOS DE TERCEIROS PJ - OP.INT.ORC.;335039;OUTROS SERVICOS DE TERCEIROS-PESSOA JURIDICA;00;RECURSOS PRIMARIOS DE LIVRE APLICACAO;9,000.00;;9,000.00;;;;;
2019;154003;FUND.COORD.DE APERF.DE PESSOAL NIVEL SUPERIOR;12;EDUCACAO;364;ENSINO SUPERIOR;2080;EDUCACAO DE QUALIDADE PARA TODOS;0487;CONCESSAO DE BOLSAS DE ESTUDO NO ENSINO SUPERIOR;0002;CONCESSAO DE BOLSAS DE ESTUDOS NO PAIS;12364208004870001;108452;OCCCUO9414N;BF SUPERIOR - PROAP;50;TRANSFERENCIA INSTITUICOES PRIVADAS SEM FINS LUCRATIVOS;3;DESPESAS CORRENTES;3;OUTRAS DESPESAS CORRENTES;41;CONTRIBUICOES;335041;CONTRIBUICOES;00;RECURSOS PRIMARIOS DE LIVRE APLICACAO;504,777.74;;504,777.74;;;;;
2019;154003;FUND.COORD.DE APERF.DE PESSOAL NIVEL SUPERIOR;12;EDUCACAO;364;ENSINO SUPERIOR;2080;EDUCACAO DE QUALIDADE PARA TODOS;0487;CONCESSAO DE BOLSAS DE ESTUDO NO ENSINO SUPERIOR;0002;CONCESSAO DE BOLSAS DE ESTUDOS NO PAIS;12364208004870001;108452;OCCCUO9414N;BF SUPERIOR - PROAP;50;TRANSFERENCIA INSTITUICOES PRIVADAS SEM FINS LUCRATIVOS;3;DESPESAS CORRENTES;3;OUTRAS DESPESAS CORRENTES;;;;;08;FUNDO SOCIAL-PARC.DEST.EDUCACAO PUBL.E SAUDE;156,337.60;;156,337.60;;;;;
2019;154003;FUND.COORD.DE APERF.DE PESSOAL NIVEL SUPERIOR;12;EDUCACAO;364;ENSINO SUPERIOR;2080;EDUCACAO DE QUALIDADE PARA TODOS;0487;CONCESSAO DE BOLSAS DE ESTUDO NO ENSINO SUPERIOR;0002;CONCESSAO DE BOLSAS DE ESTUDOS NO PAIS;12364208004870001;108452;OCCCUO9414N;BF SUPERIOR - PROAP;90;APLICACOES DIRETAS;3;DESPESAS CORRENTES;3;OUTRAS DESPESAS CORRENTES;00;[A DETALHAR];339000;APLICACOES DIRETAS;00;RECURSOS PRIMARIOS DE LIVRE APLICACAO;899,067.75;;899,067.75;;;;;
2019;154003;FUND.COORD.DE APERF.DE PESSOAL NIVEL SUPERIOR;12;EDUCACAO;364;ENSINO SUPERIOR;2080;EDUCACAO DE QUALIDADE PARA TODOS;0487;CONCESSAO DE BOLSAS DE ESTUDO NO ENSINO SUPERIOR;0002;CONCESSAO DE BOLSAS DE ESTUDOS NO PAIS;12364208004870001;108452;OCCCUO9414N;BF SUPERIOR - PROAP;90;APLICACOES DIRETAS;3;DESPESAS CORRENTES;3;OUTRAS DESPESAS CORRENTES;;;;;08;FUNDO SOCIAL-PARC.DEST.EDUCACAO PUBL.E SAUDE;5,773.79;;5,773.79;;;;;
2019;154003;FUND.COORD.DE APERF.DE PESSOAL NIVEL SUPERIOR;12;EDUCACAO;364;ENSINO SUPERIOR;2080;EDUCACAO DE QUALIDADE PARA TODOS;0487;CONCESSAO DE BOLSAS DE ESTUDO NO ENSINO SUPERIOR;0002;CONCESSAO DE BOLSAS DE ESTUDOS NO PAIS;12364208004870001;108452;OCCCUO9414N;BF SUPERIOR - PROAP;90;APLICACOES DIRETAS;3;DESPESAS CORRENTES;3;OUTRAS DESPESAS CORRENTES;14;DIARIAS - PESSOAL CIVIL;339014;DIARIAS - PESSOAL CIVIL;00;RECURSOS PRIMARIOS DE LIVRE APLICACAO;91079059.59;;91079059.59;;;;;
2019;154003;FUND.COORD.DE APERF.DE PESSOAL NIVEL SUPERIOR;12;EDUCACAO;364;ENSINO SUPERIOR;2080;EDUCACAO DE QUALIDADE PARA TODOS;0487;CONCESSAO DE BOLSAS DE ESTUDO NO ENSINO SUPERIOR;0002;CONCESSAO DE BOLSAS DE ESTUDOS NO PAIS;12364208004870001;108452;OCCCUO9414N;BF SUPERIOR - PROAP;90;APLICACOES DIRETAS;3;DESPESAS CORRENTES;3;OUTRAS DESPESAS CORRENTES;;;;;08;FUNDO SOCIAL-PARC.DEST.EDUCACAO PUBL.E SAUDE;30791438.34;;30791438.34;;;;;
2019;154003;FUND.COORD.DE APERF.DE PESSOAL NIVEL SUPERIOR;12;EDUCACAO;364;ENSINO SUPERIOR;2080;EDUCACAO DE QUALIDADE PARA TODOS;0487;CONCESSAO DE BOLSAS DE ESTUDO NO ENSINO SUPERIOR;0002;CONCESSAO DE BOLSAS DE ESTUDOS NO PAIS;12364208004870001;108452;OCCCUO9414N;BF SUPERIOR - PROAP;90;APLICACOES DIRETAS;3;DESPESAS CORRENTES;3;OUTRAS DESPESAS CORRENTES;15;DIARIAS - PESSOAL MILITAR;339015;DIARIAS - PESSOAL MILITAR;00;RECURSOS PRIMARIOS DE LIVRE APLICACAO;8,889.60;;8,889.60;;;;;
2019;154003;FUND.COORD.DE APERF.DE PESSOAL NIVEL SUPERIOR;12;EDUCACAO;364;ENSINO SUPERIOR;2080;EDUCACAO DE QUALIDADE PARA TODOS;0487;CONCESSAO DE BOLSAS DE ESTUDO NO ENSINO SUPERIOR;0002;CONCESSAO DE BOLSAS DE ESTUDOS NO PAIS;12364208004870001;108452;OCCCUO9414N;BF SUPERIOR - PROAP;90;APLICACOES DIRETAS;3;DESPESAS CORRENTES;3;OUTRAS DESPESAS CORRENTES;;;;;08;FUNDO SOCIAL-PARC.DEST.EDUCACAO PUBL.E SAUDE;1,122,858.55;;1,122,858.55;;;;;
2019;154003;FUND.COORD.DE APERF.DE PESSOAL NIVEL SUPERIOR;12;EDUCACAO;364;ENSINO SUPERIOR;2080;EDUCACAO DE QUALIDADE PARA TODOS;0487;CONCESSAO DE BOLSAS DE ESTUDO NO ENSINO SUPERIOR;0002;CONCESSAO DE BOLSAS DE ESTUDOS NO PAIS;12364208004870001;108452;OCCCUO9414N;BF SUPERIOR - PROAP;90;APLICACOES DIRETAS;3;DESPESAS CORRENTES;3;OUTRAS DESPESAS CORRENTES;18;AUXILIO FINANCEIRO A ESTUDANTES;339018;AUXILIO FINANCEIRO A ESTUDANTES;00;RECURSOS PRIMARIOS DE LIVRE APLICACAO;112749901.10;;112749901.10;;;;;
2019;154003;FUND.COORD.DE APERF.DE PESSOAL NIVEL SUPERIOR;12;EDUCACAO;364;ENSINO SUPERIOR;2080;EDUCACAO DE QUALIDADE PARA TODOS;0487;CONCESSAO DE BOLSAS DE ESTUDO NO ENSINO SUPERIOR;0002;CONCESSAO DE BOLSAS DE ESTUDOS NO PAIS;12364208004870001;108452;OCCCUO9414N;BF SUPERIOR - PROAP;90;APLICACOES DIRETAS;3;DESPESAS CORRENTES;3;OUTRAS DESPESAS CORRENTES;;;;;08;FUNDO SOCIAL-PARC.DEST.EDUCACAO PUBL.E SAUDE;33288562.19;;33288562.19;;;;;
2019;154003;FUND.COORD.DE APERF.DE PESSOAL NIVEL SUPERIOR;12;EDUCACAO;364;ENSINO SUPERIOR;2080;EDUCACAO DE QUALIDADE PARA TODOS;0487;CONCESSAO DE BOLSAS DE ESTUDO NO ENSINO SUPERIOR;0002;CONCESSAO DE BOLSAS DE ESTUDOS NO PAIS;12364208004870001;108452;OCCCUO9414N;BF SUPERIOR - PROAP;90;APLICACOES DIRETAS;3;DESPESAS CORRENTES;3;OUTRAS DESPESAS CORRENTES;20;AUXILIO FINANCEIRO A PESQUISADORES;339020;AUXILIO FINANCEIRO A PESQUISADORES;00;RECURSOS PRIMARIOS DE LIVRE APLICACAO;69283099.19;;69283099.19;;31747300.04;2,576,325.00;29001415.79;28841208.71
2019;154003;FUND.COORD.DE APERF.DE PESSOAL NIVEL SUPERIOR;12;EDUCACAO;364;ENSINO SUPERIOR;2080;EDUCACAO DE QUALIDADE PARA TODOS;0487;CONCESSAO DE BOLSAS DE ESTUDO NO ENSINO SUPERIOR;0002;CONCESSAO DE BOLSAS DE ESTUDOS NO PAIS;12364208004870001;108452;OCCCUO9414N;BF SUPERIOR - PROAP;90;APLICACOES DIRETAS;3;DESPESAS CORRENTES;3;OUTRAS DESPESAS CORRENTES;;;;;08;FUNDO SOCIAL-PARC.DEST.EDUCACAO PUBL.E SAUDE;9,694,051.81;;9,694,051.81;;182,346.04;45,586.51;136,759.53;136,759.53
2019;154003;FUND.COORD.DE APERF.DE PESSOAL NIVEL SUPERIOR;12;EDUCACAO;364;ENSINO SUPERIOR;2080;EDUCACAO DE QUALIDADE PARA TODOS;0487;CONCESSAO DE BOLSAS DE ESTUDO NO ENSINO SUPERIOR;0002;CONCESSAO DE BOLSAS DE ESTUDOS NO PAIS;12364208004870001;108452;OCCCUO9414N;BF SUPERIOR - PROAP;90;APLICACOES DIRETAS;3;DESPESAS CORRENTES;3;OUTRAS DESPESAS CORRENTES;30;MATERIAL DE CONSUMO;339030;MATERIAL DE CONSUMO;00;RECURSOS PRIMARIOS DE LIVRE APLICACAO;73041381.03;;73041381.03;;;;;
2019;154003;FUND.COORD.DE APERF.DE PESSOAL NIVEL SUPERIOR;12;EDUCACAO;364;ENSINO SUPERIOR;2080;EDUCACAO DE QUALIDADE PARA TODOS;0487;CONCESSAO DE BOLSAS DE ESTUDO NO ENSINO SUPERIOR;0002;CONCESSAO DE BOLSAS DE ESTUDOS NO PAIS;12364208004870001;108452;OCCCUO9414N;BF SUPERIOR - PROAP;90;APLICACOES DIRETAS;3;DESPESAS CORRENTES;3;OUTRAS DESPESAS CORRENTES;;;;;08;FUNDO SOCIAL-PARC.DEST.EDUCACAO PUBL.E SAUDE;24576879.67;;24576879.67;;;;;
2019;154003;FUND.COORD.DE APERF.DE PESSOAL NIVEL SUPERIOR;12;EDUCACAO;364;ENSINO SUPERIOR;2080;EDUCACAO DE QUALIDADE PARA TODOS;0487;CONCESSAO DE BOLSAS DE ESTUDO NO ENSINO SUPERIOR;0002;CONCESSAO DE BOLSAS DE ESTUDOS NO PAIS;12364208004870001;108452;OCCCUO9414N;BF SUPERIOR - PROAP;90;APLICACOES DIRETAS;3;DESPESAS CORRENTES;3;OUTRAS DESPESAS CORRENTES;33;PASSAGENS E DESPESAS COM LOCOMOCAO;339033;PASSAGENS E DESPESAS COM LOCOMOCAO;00;RECURSOS PRIMARIOS DE LIVRE APLICACAO;106387987.83;;106387987.83;;;;;
2019;154003;FUND.COORD.DE APERF.DE PESSOAL NIVEL SUPERIOR;12;EDUCACAO;364;ENSINO SUPERIOR;2080;EDUCACAO DE QUALIDADE PARA TODOS;0487;CONCESSAO DE BOLSAS DE ESTUDO NO ENSINO SUPERIOR;0002;CONCESSAO DE BOLSAS DE ESTUDOS NO PAIS;12364208004870001;108452;OCCCUO9414N;BF SUPERIOR - PROAP;90;APLICACOES DIRETAS;3;DESPESAS CORRENTES;3;OUTRAS DESPESAS CORRENTES;;;;;08;FUNDO SOCIAL-PARC.DEST.EDUCACAO PUBL.E SAUDE;41124878.89;;41124878.89;;;;;
2019;154003;FUND.COORD.DE APERF.DE PESSOAL NIVEL SUPERIOR;12;EDUCACAO;364;ENSINO SUPERIOR;2080;EDUCACAO DE QUALIDADE PARA TODOS;0487;CONCESSAO DE BOLSAS DE ESTUDO NO ENSINO SUPERIOR;0002;CONCESSAO DE BOLSAS DE ESTUDOS NO PAIS;12364208004870001;108452;OCCCUO9414N;BF SUPERIOR - PROAP;90;APLICACOES DIRETAS;3;DESPESAS CORRENTES;3;OUTRAS DESPESAS CORRENTES;36;OUTROS SERVICOS DE TERCEIROS - P.FISICA;339036;OUTROS SERVICOS DE TERCEIROS - PESSOA FISICA;00;RECURSOS PRIMARIOS DE LIVRE APLICACAO;17729037.02;;17729037.02;;;;;
2019;154003;FUND.COORD.DE APERF.DE PESSOAL NIVEL SUPERIOR;12;EDUCACAO;364;ENSINO SUPERIOR;2080;EDUCACAO DE QUALIDADE PARA TODOS;0487;CONCESSAO DE BOLSAS DE ESTUDO NO ENSINO SUPERIOR;0002;CONCESSAO DE BOLSAS DE ESTUDOS NO PAIS;12364208004870001;108452;OCCCUO9414N;BF SUPERIOR - PROAP;90;APLICACOES DIRETAS;3;DESPESAS CORRENTES;3;OUTRAS DESPESAS CORRENTES;;;;;08;FUNDO SOCIAL-PARC.DEST.EDUCACAO PUBL.E SAUDE;7,912,306.76;;7,912,306.76;;;;;
2019;154003;FUND.COORD.DE APERF.DE PESSOAL NIVEL SUPERIOR;12;EDUCACAO;364;ENSINO SUPERIOR;2080;EDUCACAO DE QUALIDADE PARA TODOS;0487;CONCESSAO DE BOLSAS DE ESTUDO NO ENSINO SUPERIOR;0002;CONCESSAO DE BOLSAS DE ESTUDOS NO PAIS;12364208004870001;108452;OCCCUO9414N;BF SUPERIOR - PROAP;90;APLICACOES DIRETAS;3;DESPESAS CORRENTES;3;OUTRAS DESPESAS CORRENTES;37;LOCACAO DE MAO-DE-OBRA;339037;LOCACAO DE MAO-DE-OBRA;00;RECURSOS PRIMARIOS DE LIVRE APLICACAO;0.00;;0.00;;;;;
2019;154003;FUND.COORD.DE APERF.DE PESSOAL NIVEL SUPERIOR;12;EDUCACAO;364;ENSINO SUPERIOR;2080;EDUCACAO DE QUALIDADE PARA TODOS;0487;CONCESSAO DE BOLSAS DE ESTUDO NO ENSINO SUPERIOR;0002;CONCESSAO DE BOLSAS DE ESTUDOS NO PAIS;12364208004870001;108452;OCCCUO9414N;BF SUPERIOR - PROAP;90;APLICACOES DIRETAS;3;DESPESAS CORRENTES;3;OUTRAS DESPESAS CORRENTES;;;;;08;FUNDO SOCIAL-PARC.DEST.EDUCACAO PUBL.E SAUDE;2,000,000.00;;2,000,000.00;;;;;
2019;154003;FUND.COORD.DE APERF.DE PESSOAL NIVEL SUPERIOR;12;EDUCACAO;364;ENSINO SUPERIOR;2080;EDUCACAO DE QUALIDADE PARA TODOS;0487;CONCESSAO DE BOLSAS DE ESTUDO NO ENSINO SUPERIOR;0002;CONCESSAO DE BOLSAS DE ESTUDOS NO PAIS;12364208004870001;108452;OCCCUO9414N;BF SUPERIOR - PROAP;90;APLICACOES DIRETAS;3;DESPESAS CORRENTES;3;OUTRAS DESPESAS CORRENTES;39;OUTROS SERVICOS DE TERCEIROS PJ - OP.INT.ORC.;339039;OUTROS SERVICOS DE TERCEIROS - PESSOA JURIDICA;00;RECURSOS PRIMARIOS DE LIVRE APLICACAO;57824607.27;;57824607.27;;;;;
2019;154003;FUND.COORD.DE APERF.DE PESSOAL NIVEL SUPERIOR;12;EDUCACAO;364;ENSINO SUPERIOR;2080;EDUCACAO DE QUALIDADE PARA TODOS;0487;CONCESSAO DE BOLSAS DE ESTUDO NO ENSINO SUPERIOR;0002;CONCESSAO DE BOLSAS DE ESTUDOS NO PAIS;12364208004870001;108452;OCCCUO9414N;BF SUPERIOR - PROAP;90;APLICACOES DIRETAS;3;DESPESAS CORRENTES;3;OUTRAS DESPESAS CORRENTES;;;;;08;FUNDO SOCIAL-PARC.DEST.EDUCACAO PUBL.E SAUDE;27555406.35;;27555406.35;;;;;
2019;154003;FUND.COORD.DE APERF.DE PESSOAL NIVEL SUPERIOR;12;EDUCACAO;364;ENSINO SUPERIOR;2080;EDUCACAO DE QUALIDADE PARA TODOS;0487;CONCESSAO DE BOLSAS DE ESTUDO NO ENSINO SUPERIOR;0002;CONCESSAO DE BOLSAS DE ESTUDOS NO PAIS;12364208004870001;108452;OCCCUO9414N;BF SUPERIOR - PROAP;90;APLICACOES DIRETAS;3;DESPESAS CORRENTES;3;OUTRAS DESPESAS CORRENTES;40;SERVICOS DE TECNOLOGIA DA INFORMACAO E COMUNICACAO - PJ;339040;SERVICOS DE TECNOLOGIA DA INFORMACAO E COMUNICACAO - PJ;00;RECURSOS PRIMARIOS DE LIVRE APLICACAO;1,125,831.98;;1,125,831.98;;;;;
2019;154003;FUND.COORD.DE APERF.DE PESSOAL NIVEL SUPERIOR;12;EDUCACAO;364;ENSINO SUPERIOR;2080;EDUCACAO DE QUALIDADE PARA TODOS;0487;CONCESSAO DE BOLSAS DE ESTUDO NO ENSINO SUPERIOR;0002;CONCESSAO DE BOLSAS DE ESTUDOS NO PAIS;12364208004870001;108452;OCCCUO9414N;BF SUPERIOR - PROAP;90;APLICACOES DIRETAS;3;DESPESAS CORRENTES;3;OUTRAS DESPESAS CORRENTES;;;;;08;FUNDO SOCIAL-PARC.DEST.EDUCACAO PUBL.E SAUDE;3,516,476.55;;3,516,476.55;;;;;
2019;154003;FUND.COORD.DE APERF.DE PESSOAL NIVEL SUPERIOR;12;EDUCACAO;364;ENSINO SUPERIOR;2080;EDUCACAO DE QUALIDADE PARA TODOS;0487;CONCESSAO DE BOLSAS DE ESTUDO NO ENSINO SUPERIOR;0002;CONCESSAO DE BOLSAS DE ESTUDOS NO PAIS;12364208004870001;108452;OCCCUO9414N;BF SUPERIOR - PROAP;90;APLICACOES DIRETAS;3;DESPESAS CORRENTES;3;OUTRAS DESPESAS CORRENTES;47;OBRIGACOES TRIBUTARIAS E CONTRIBUTIVAS;339047;OBRIGACOES TRIBUTARIAS E CONTRIBUTIVAS;00;RECURSOS PRIMARIOS DE LIVRE APLICACAO;38,650.58;;38,650.58;;;;;
2019;154003;FUND.COORD.DE APERF.DE PESSOAL NIVEL SUPERIOR;12;EDUCACAO;364;ENSINO SUPERIOR;2080;EDUCACAO DE QUALIDADE PARA TODOS;0487;CONCESSAO DE BOLSAS DE ESTUDO NO ENSINO SUPERIOR;0002;CONCESSAO DE BOLSAS DE ESTUDOS NO PAIS;12364208004870001;108452;OCCCUO9414N;BF SUPERIOR - PROAP;90;APLICACOES DIRETAS;3;DESPESAS CORRENTES;3;OUTRAS DESPESAS CORRENTES;;;;;08;FUNDO SOCIAL-PARC.DEST.EDUCACAO PUBL.E SAUDE;2,010,000.00;;2,010,000.00;;;;;
2019;154003;FUND.COORD.DE APERF.DE PESSOAL NIVEL SUPERIOR;12;EDUCACAO;364;ENSINO SUPERIOR;2080;EDUCACAO DE QUALIDADE PARA TODOS;0487;CONCESSAO DE BOLSAS DE ESTUDO NO ENSINO SUPERIOR;0002;CONCESSAO DE BOLSAS DE ESTUDOS NO PAIS;12364208004870001;108452;OCCCUO9414N;BF SUPERIOR - PROAP;90;APLICACOES DIRETAS;3;DESPESAS CORRENTES;3;OUTRAS DESPESAS CORRENTES;48;OUTROS AUXILIOS FINANCEIROS A PESSOAS FISICAS;339048;OUTROS AUXILIOS FINANCEIROS A PESSOA FISICA;00;RECURSOS PRIMARIOS DE LIVRE APLICACAO;10,000.00;;10,000.00;;;;;
2019;154003;FUND.COORD.DE APERF.DE PESSOAL NIVEL SUPERIOR;12;EDUCACAO;364;ENSINO SUPERIOR;2080;EDUCACAO DE QUALIDADE PARA TODOS;0487;CONCESSAO DE BOLSAS DE ESTUDO NO ENSINO SUPERIOR;0002;CONCESSAO DE BOLSAS DE ESTUDOS NO PAIS;12364208004870001;108452;OCCCUO9414N;BF SUPERIOR - PROAP;90;APLICACOES DIRETAS;3;DESPESAS CORRENTES;3;OUTRAS DESPESAS CORRENTES;;;;;08;FUNDO SOCIAL-PARC.DEST.EDUCACAO PUBL.E SAUDE;2,000,000.00;;2,000,000.00;;;;;
2019;154003;FUND.COORD.DE APERF.DE PESSOAL NIVEL SUPERIOR;12;EDUCACAO;364;ENSINO SUPERIOR;2080;EDUCACAO DE QUALIDADE PARA TODOS;0487;CONCESSAO DE BOLSAS DE ESTUDO NO ENSINO SUPERIOR;0002;CONCESSAO DE BOLSAS DE ESTUDOS NO PAIS;12364208004870001;108452;OCCCUO9414N;BF SUPERIOR - PROAP;90;APLICACOES DIRETAS;3;DESPESAS CORRENTES;3;OUTRAS DESPESAS CORRENTES;92;DESPESAS DE EXERCICIOS ANTERIORES;339092;DESPESAS DE EXERCICIOS ANTERIORES;00;RECURSOS PRIMARIOS DE LIVRE APLICACAO;56,155.39;;56,155.39;;;;;
2019;154003;FUND.COORD.DE APERF.DE PESSOAL NIVEL SUPERIOR;12;EDUCACAO;364;ENSINO SUPERIOR;2080;EDUCACAO DE QUALIDADE PARA TODOS;0487;CONCESSAO DE BOLSAS DE ESTUDO NO ENSINO SUPERIOR;0002;CONCESSAO DE BOLSAS DE ESTUDOS NO PAIS;12364208004870001;108452;OCCCUO9414N;BF SUPERIOR - PROAP;90;APLICACOES DIRETAS;3;DESPESAS CORRENTES;3;OUTRAS DESPESAS CORRENTES;93;INDENIZACOES E RESTITUICOES;339093;INDENIZACOES E RESTITUICOES;00;RECURSOS PRIMARIOS DE LIVRE APLICACAO;16714154.55;;16714154.55;;;;;
2019;154003;FUND.COORD.DE APERF.DE PESSOAL NIVEL SUPERIOR;12;EDUCACAO;364;ENSINO SUPERIOR;2080;EDUCACAO DE QUALIDADE PARA TODOS;0487;CONCESSAO DE BOLSAS DE ESTUDO NO ENSINO SUPERIOR;0002;CONCESSAO DE BOLSAS DE ESTUDOS NO PAIS;12364208004870001;108452;OCCCUO9414N;BF SUPERIOR - PROAP;90;APLICACOES DIRETAS;3;DESPESAS CORRENTES;3;OUTRAS DESPESAS CORRENTES;;;;;08;FUNDO SOCIAL-PARC.DEST.EDUCACAO PUBL.E SAUDE;4,808,687.27;;4,808,687.27;;;;;
2019;154003;FUND.COORD.DE APERF.DE PESSOAL NIVEL SUPERIOR;12;EDUCACAO;364;ENSINO SUPERIOR;2080;EDUCACAO DE QUALIDADE PARA TODOS;0487;CONCESSAO DE BOLSAS DE ESTUDO NO ENSINO SUPERIOR;0002;CONCESSAO DE BOLSAS DE ESTUDOS NO PAIS;12364208004870001;108452;OCCCUO9414N;BF SUPERIOR - PROAP;91;APLICACOES DIRETAS - OPERACOES INTERNAS;3;DESPESAS CORRENTES;3;OUTRAS DESPESAS CORRENTES;39;OUTROS SERVICOS DE TERCEIROS PJ - OP.INT.ORC.;339139;OUTROS SERVICOS DE TERCEIROS - PESSOA JURIDICA (INTRA);00;RECURSOS PRIMARIOS DE LIVRE APLICACAO;51,745.00;;51,745.00;;;;;
2019;154003;FUND.COORD.DE APERF.DE PESSOAL NIVEL SUPERIOR;12;EDUCACAO;364;ENSINO SUPERIOR;2080;EDUCACAO DE QUALIDADE PARA TODOS;0487;CONCESSAO DE BOLSAS DE ESTUDO NO ENSINO SUPERIOR;0002;CONCESSAO DE BOLSAS DE ESTUDOS NO PAIS;12364208004870001;108452;OCCCUO9414N;BF SUPERIOR - PROAP;91;APLICACOES DIRETAS - OPERACOES INTERNAS;3;DESPESAS CORRENTES;3;OUTRAS DESPESAS CORRENTES;;;;;08;FUNDO SOCIAL-PARC.DEST.EDUCACAO PUBL.E SAUDE;800.00;;800.00;;;;;
2019;154003;FUND.COORD.DE APERF.DE PESSOAL NIVEL SUPERIOR;12;EDUCACAO;364;ENSINO SUPERIOR;2080;EDUCACAO DE QUALIDADE PARA TODOS;0487;CONCESSAO DE BOLSAS DE ESTUDO NO ENSINO SUPERIOR;0002;CONCESSAO DE BOLSAS DE ESTUDOS NO PAIS;12364208004870001;108452;OCCCUO9414N;BF SUPERIOR - PROAP;91;APLICACOES DIRETAS - OPERACOES INTERNAS;3;DESPESAS CORRENTES;3;OUTRAS DESPESAS CORRENTES;47;OBRIGACOES TRIBUTARIAS E CONTRIBUTIVAS;339147;OBRIG.TRIBUT.E CONTRIB-OP.INTRA-ORCAMENTARIAS;00;RECURSOS PRIMARIOS DE LIVRE APLICACAO;99,928.44;;99,928.44;;;;;
2019;154003;FUND.COORD.DE APERF.DE PESSOAL NIVEL SUPERIOR;12;EDUCACAO;364;ENSINO SUPERIOR;2080;EDUCACAO DE QUALIDADE PARA TODOS;0487;CONCESSAO DE BOLSAS DE ESTUDO NO ENSINO SUPERIOR;0002;CONCESSAO DE BOLSAS DE ESTUDOS NO PAIS;12364208004870001;108452;OCCCUO9414N;BF SUPERIOR - PROAP;91;APLICACOES DIRETAS - OPERACOES INTERNAS;3;DESPESAS CORRENTES;3;OUTRAS DESPESAS CORRENTES;;;;;08;FUNDO SOCIAL-PARC.DEST.EDUCACAO PUBL.E SAUDE;2,046,402.80;;2,046,402.80;;;;;
2019;154003;FUND.COORD.DE APERF.DE PESSOAL NIVEL SUPERIOR;12;EDUCACAO;364;ENSINO SUPERIOR;2080;EDUCACAO DE QUALIDADE PARA TODOS;0487;CONCESSAO DE BOLSAS DE ESTUDO NO ENSINO SUPERIOR;0002;CONCESSAO DE BOLSAS DE ESTUDOS NO PAIS;12364208004870001;108452;OCCCUU1921N;BFSUPERIOR - PBE-DPM;90;APLICACOES DIRETAS;3;DESPESAS CORRENTES;3;OUTRAS DESPESAS CORRENTES;18;AUXILIO FINANCEIRO A ESTUDANTES;339018;AUXILIO FINANCEIRO A ESTUDANTES;08;FUNDO SOCIAL-PARC.DEST.EDUCACAO PUBL.E SAUDE;10796160.00;;10796160.00;;10496160.00;343,280.00;10137880.00;9,736,760.00
2019;154003;FUND.COORD.DE APERF.DE PESSOAL NIVEL SUPERIOR;12;EDUCACAO;364;ENSINO SUPERIOR;2080;EDUCACAO DE QUALIDADE PARA TODOS;0487;CONCESSAO DE BOLSAS DE ESTUDO NO ENSINO SUPERIOR;0002;CONCESSAO DE BOLSAS DE ESTUDOS NO PAIS;12364208004870001;108452;OCCCUV2019N;BFSUPERIOR - PNPD;90;APLICACOES DIRETAS;3;DESPESAS CORRENTES;3;OUTRAS DESPESAS CORRENTES;18;AUXILIO FINANCEIRO A ESTUDANTES;339018;AUXILIO FINANCEIRO A ESTUDANTES;00;RECURSOS PRIMARIOS DE LIVRE APLICACAO;144106800.00;;144106800.00;;144106800.00;36026700.00;102960900.00;102960900.00
2019;154003;FUND.COORD.DE APERF.DE PESSOAL NIVEL SUPERIOR;12;EDUCACAO;364;ENSINO SUPERIOR;2080;EDUCACAO DE QUALIDADE PARA TODOS;0487;CONCESSAO DE BOLSAS DE ESTUDO NO ENSINO SUPERIOR;0002;CONCESSAO DE BOLSAS DE ESTUDOS NO PAIS;12364208004870001;108452;OCCCUV2019N;BFSUPERIOR - PNPD;90;APLICACOES DIRETAS;3;DESPESAS CORRENTES;3;OUTRAS DESPESAS CORRENTES;;;;;08;FUNDO SOCIAL-PARC.DEST.EDUCACAO PUBL.E SAUDE;1701028500.0;;1701028500.0;;1662028500.0;39828800.00;1622052100.0;1566519100.0
2019;154003;FUND.COORD.DE APERF.DE PESSOAL NIVEL SUPERIOR;12;EDUCACAO;364;ENSINO SUPERIOR;2080;EDUCACAO DE QUALIDADE PARA TODOS;0487;CONCESSAO DE BOLSAS DE ESTUDO NO ENSINO SUPERIOR;0002;CONCESSAO DE BOLSAS DE ESTUDOS NO PAIS;12364208004870001;108452;OSS33N1901N;IDIOMAS SEM FRONTEIRAS - ISF;90;APLICACOES DIRETAS;3;DESPESAS CORRENTES;3;OUTRAS DESPESAS CORRENTES;18;AUXILIO FINANCEIRO A ESTUDANTES;339018;AUXILIO FINANCEIRO A ESTUDANTES;08;FUNDO SOCIAL-PARC.DEST.EDUCACAO PUBL.E SAUDE;39692300.00;;39692300.00;;38992300.00;559,800.00;38432500.00;37122800.00
2019;154003;FUND.COORD.DE APERF.DE PESSOAL NIVEL SUPERIOR;12;EDUCACAO;364;ENSINO SUPERIOR;2080;EDUCACAO DE QUALIDADE PARA TODOS;0487;CONCESSAO DE BOLSAS DE ESTUDO NO ENSINO SUPERIOR;0003;CONCESSAO DE BOLSA DE ESTUDOS NO EXTERIOR;12364208004870001;108454;'-8;SEM INFORMACAO;80;TRANSFERENCIAS AO EXTERIOR;3;DESPESAS CORRENTES;3;OUTRAS DESPESAS CORRENTES;00;[A DETALHAR];338000;TRANSFERENCIAS AO EXTERIOR;00;RECURSOS PRIMARIOS DE LIVRE APLICACAO;0.00;;0.00;;;;;
2019;154003;FUND.COORD.DE APERF.DE PESSOAL NIVEL SUPERIOR;12;EDUCACAO;364;ENSINO SUPERIOR;2080;EDUCACAO DE QUALIDADE PARA TODOS;0487;CONCESSAO DE BOLSAS DE ESTUDO NO ENSINO SUPERIOR;0003;CONCESSAO DE BOLSA DE ESTUDOS NO EXTERIOR;12364208004870001;108454;'-8;SEM INFORMACAO;90;APLICACOES DIRETAS;3;DESPESAS CORRENTES;3;OUTRAS DESPESAS CORRENTES;00;[A DETALHAR];339000;APLICACOES DIRETAS;00;RECURSOS PRIMARIOS DE LIVRE APLICACAO;4546590020.8;206355000.00;3867745020.8;613802089.00;;;;
2019;154003;FUND.COORD.DE APERF.DE PESSOAL NIVEL SUPERIOR;12;EDUCACAO;364;ENSINO SUPERIOR;2080;EDUCACAO DE QUALIDADE PARA TODOS;0487;CONCESSAO DE BOLSAS DE ESTUDO NO ENSINO SUPERIOR;0003;CONCESSAO DE BOLSA DE ESTUDOS NO EXTERIOR;12364208004870001;108454;NCCCPN99BEN;BEX - BEX;90;APLICACOES DIRETAS;3;DESPESAS CORRENTES;3;OUTRAS DESPESAS CORRENTES;18;AUXILIO FINANCEIRO A ESTUDANTES;339018;AUXILIO FINANCEIRO A ESTUDANTES;00;RECURSOS PRIMARIOS DE LIVRE APLICACAO;0.00;;0.00;;;;;
2019;154003;FUND.COORD.DE APERF.DE PESSOAL NIVEL SUPERIOR;12;EDUCACAO;364;ENSINO SUPERIOR;2080;EDUCACAO DE QUALIDADE PARA TODOS;0487;CONCESSAO DE BOLSAS DE ESTUDO NO ENSINO SUPERIOR;0003;CONCESSAO DE BOLSA DE ESTUDOS NO EXTERIOR;12364208004870001;108454;NCCCPN99BEN;BEX - BEX;90;APLICACOES DIRETAS;3;DESPESAS CORRENTES;3;OUTRAS DESPESAS CORRENTES;39;OUTROS SERVICOS DE TERCEIROS PJ - OP.INT.ORC.;339039;OUTROS SERVICOS DE TERCEIROS - PESSOA JURIDICA;00;RECURSOS PRIMARIOS DE LIVRE APLICACAO;19459800.03;;19459800.03;;22,300.03;5,350.00;16,950.00;16,950.00
2019;154003;FUND.COORD.DE APERF.DE PESSOAL NIVEL SUPERIOR;12;EDUCACAO;364;ENSINO SUPERIOR;2080;EDUCACAO DE QUALIDADE PARA TODOS;0487;CONCESSAO DE BOLSAS DE ESTUDO NO ENSINO SUPERIOR;0003;CONCESSAO DE BOLSA DE ESTUDOS NO EXTERIOR;12364208004870001;108454;NCCCPN99BEN;BEX - BEX;90;APLICACOES DIRETAS;3;DESPESAS CORRENTES;3;OUTRAS DESPESAS CORRENTES;40;SERVICOS DE TECNOLOGIA DA INFORMACAO E COMUNICACAO - PJ;339040;SERVICOS DE TECNOLOGIA DA INFORMACAO E COMUNICACAO - PJ;00;RECURSOS PRIMARIOS DE LIVRE APLICACAO;114747424.93;;114747424.93;;114747424.93;73574140.30;21262895.97;21262895.97
2019;154003;FUND.COORD.DE APERF.DE PESSOAL NIVEL SUPERIOR;12;EDUCACAO;364;ENSINO SUPERIOR;2080;EDUCACAO DE QUALIDADE PARA TODOS;0487;CONCESSAO DE BOLSAS DE ESTUDO NO ENSINO SUPERIOR;0003;CONCESSAO DE BOLSA DE ESTUDOS NO EXTERIOR;12364208004870001;108454;NCCCPO19BEN;BEX - BEX;80;TRANSFERENCIAS AO EXTERIOR;3;DESPESAS CORRENTES;3;OUTRAS DESPESAS CORRENTES;39;OUTROS SERVICOS DE TERCEIROS PJ - OP.INT.ORC.;338039;OUTROS SERVICOS DE TERCEIROS-PESSOA JURIDICA;00;RECURSOS PRIMARIOS DE LIVRE APLICACAO;12468465.94;;12468465.94;;12468465.94;2,671,814.13;9,796,651.81;9,796,651.81
2019;154003;FUND.COORD.DE APERF.DE PESSOAL NIVEL SUPERIOR;12;EDUCACAO;364;ENSINO SUPERIOR;2080;EDUCACAO DE QUALIDADE PARA TODOS;0487;CONCESSAO DE BOLSAS DE ESTUDO NO ENSINO SUPERIOR;0003;CONCESSAO DE BOLSA DE ESTUDOS NO EXTERIOR;12364208004870001;108454;NCCCPO19BEN;BEX - BEX;90;APLICACOES DIRETAS;3;DESPESAS CORRENTES;3;OUTRAS DESPESAS CORRENTES;18;AUXILIO FINANCEIRO A ESTUDANTES;339018;AUXILIO FINANCEIRO A ESTUDANTES;00;RECURSOS PRIMARIOS DE LIVRE APLICACAO;1380576005.7;;1380576005.7;;731207909.70;29359704.64;701450723.90;701255910.88
2019;154003;FUND.COORD.DE APERF.DE PESSOAL NIVEL SUPERIOR;12;EDUCACAO;364;ENSINO SUPERIOR;2080;EDUCACAO DE QUALIDADE PARA TODOS;0487;CONCESSAO DE BOLSAS DE ESTUDO NO ENSINO SUPERIOR;0003;CONCESSAO DE BOLSA DE ESTUDOS NO EXTERIOR;12364208004870001;108454;NCCCPO19EXN;BEX - DIARIA/PASSAGEM BEX/AEX;90;APLICACOES DIRETAS;3;DESPESAS CORRENTES;3;OUTRAS DESPESAS CORRENTES;33;PASSAGENS E DESPESAS COM LOCOMOCAO;339033;PASSAGENS E DESPESAS COM LOCOMOCAO;00;RECURSOS PRIMARIOS DE LIVRE APLICACAO;172339114.05;;172339114.05;;172339114.05;20198062.62;152141051.43;150696120.83
2019;154003;FUND.COORD.DE APERF.DE PESSOAL NIVEL SUPERIOR;12;EDUCACAO;364;ENSINO SUPERIOR;2080;EDUCACAO DE QUALIDADE PARA TODOS;0487;CONCESSAO DE BOLSAS DE ESTUDO NO ENSINO SUPERIOR;0003;CONCESSAO DE BOLSA DE ESTUDOS NO EXTERIOR;12364208004870001;108454;NCCCPO19EXN;BEX - DIARIA/PASSAGEM BEX/AEX;90;APLICACOES DIRETAS;3;DESPESAS CORRENTES;3;OUTRAS DESPESAS CORRENTES;39;OUTROS SERVICOS DE TERCEIROS PJ - OP.INT.ORC.;339039;OUTROS SERVICOS DE TERCEIROS - PESSOA JURIDICA;00;RECURSOS PRIMARIOS DE LIVRE APLICACAO;14349186.50;;14349186.50;;14349186.50;11138376.79;215,838.22;213,973.90
2019;154003;FUND.COORD.DE APERF.DE PESSOAL NIVEL SUPERIOR;12;EDUCACAO;364;ENSINO SUPERIOR;2080;EDUCACAO DE QUALIDADE PARA TODOS;0487;CONCESSAO DE BOLSAS DE ESTUDO NO ENSINO SUPERIOR;0003;CONCESSAO DE BOLSA DE ESTUDOS NO EXTERIOR;12364208004870001;108454;NCCCPO19EXN;BEX - DIARIA/PASSAGEM BEX/AEX;90;APLICACOES DIRETAS;3;DESPESAS CORRENTES;3;OUTRAS DESPESAS CORRENTES;92;DESPESAS DE EXERCICIOS ANTERIORES;339092;DESPESAS DE EXERCICIOS ANTERIORES;00;RECURSOS PRIMARIOS DE LIVRE APLICACAO;276,286.01;;276,286.01;;276,286.01;0.00;276,286.01;276,286.01
2019;154003;FUND.COORD.DE APERF.DE PESSOAL NIVEL SUPERIOR;12;EDUCACAO;364;ENSINO SUPERIOR;2080;EDUCACAO DE QUALIDADE PARA TODOS;0487;CONCESSAO DE BOLSAS DE ESTUDO NO ENSINO SUPERIOR;0003;CONCESSAO DE BOLSA DE ESTUDOS NO EXTERIOR;12364208004870001;108454;NCCCPO19EXN;BEX - DIARIA/PASSAGEM BEX/AEX;90;APLICACOES DIRETAS;3;DESPESAS CORRENTES;3;OUTRAS DESPESAS CORRENTES;93;INDENIZACOES E RESTITUICOES;339093;INDENIZACOES E RESTITUICOES;00;RECURSOS PRIMARIOS DE LIVRE APLICACAO;300,000.00;;300,000.00;;300,000.00;0.00;;
2019;154003;FUND.COORD.DE APERF.DE PESSOAL NIVEL SUPERIOR;12;EDUCACAO;364;ENSINO SUPERIOR;2080;EDUCACAO DE QUALIDADE PARA TODOS;0487;CONCESSAO DE BOLSAS DE ESTUDO NO ENSINO SUPERIOR;0003;CONCESSAO DE BOLSA DE ESTUDOS NO EXTERIOR;12364208004870001;108454;NCCCPO99AEN;BEX - AEX;90;APLICACOES DIRETAS;3;DESPESAS CORRENTES;3;OUTRAS DESPESAS CORRENTES;18;AUXILIO FINANCEIRO A ESTUDANTES;339018;AUXILIO FINANCEIRO A ESTUDANTES;00;RECURSOS PRIMARIOS DE LIVRE APLICACAO;11788230.68;;11788230.68;;11788230.68;367,250.29;11420980.39;11420980.39
2019;154003;FUND.COORD.DE APERF.DE PESSOAL NIVEL SUPERIOR;12;EDUCACAO;364;ENSINO SUPERIOR;2080;EDUCACAO DE QUALIDADE PARA TODOS;0487;CONCESSAO DE BOLSAS DE ESTUDO NO ENSINO SUPERIOR;0003;CONCESSAO DE BOLSA DE ESTUDOS NO EXTERIOR;12364208004870001;108454;NCCCQG2001N;PARINTER - BRAFAGRI;90;APLICACOES DIRETAS;3;DESPESAS CORRENTES;3;OUTRAS DESPESAS CORRENTES;20;AUXILIO FINANCEIRO A PESQUISADORES;339020;AUXILIO FINANCEIRO A PESQUISADORES;00;RECURSOS PRIMARIOS DE LIVRE APLICACAO;1,517,696.00;;1,517,696.00;;1,517,696.00;0.00;1,517,696.00;1,517,696.00
2019;154003;FUND.COORD.DE APERF.DE PESSOAL NIVEL SUPERIOR;12;EDUCACAO;364;ENSINO SUPERIOR;2080;EDUCACAO DE QUALIDADE PARA TODOS;0487;CONCESSAO DE BOLSAS DE ESTUDO NO ENSINO SUPERIOR;0003;CONCESSAO DE BOLSA DE ESTUDOS NO EXTERIOR;12364208004870001;108454;NCCCQG2002N;PARINTER - BRAFITEC;90;APLICACOES DIRETAS;3;DESPESAS CORRENTES;3;OUTRAS DESPESAS CORRENTES;20;AUXILIO FINANCEIRO A PESQUISADORES;339020;AUXILIO FINANCEIRO A PESQUISADORES;00;RECURSOS PRIMARIOS DE LIVRE APLICACAO;10692000.00;;10692000.00;;9,979,200.00;950,400.00;9,028,800.00;9,028,800.00
2019;154003;FUND.COORD.DE APERF.DE PESSOAL NIVEL SUPERIOR;12;EDUCACAO;364;ENSINO SUPERIOR;2080;EDUCACAO DE QUALIDADE PARA TODOS;0487;CONCESSAO DE BOLSAS DE ESTUDO NO ENSINO SUPERIOR;0003;CONCESSAO DE BOLSA DE ESTUDOS NO EXTERIOR;12364208004870001;108454;NCCCQG2033V;PARINTER - BRAGECRIM;90;APLICACOES DIRETAS;3;DESPESAS CORRENTES;3;OUTRAS DESPESAS CORRENTES;18;AUXILIO FINANCEIRO A ESTUDANTES;339018;AUXILIO FINANCEIRO A ESTUDANTES;00;RECURSOS PRIMARIOS DE LIVRE APLICACAO;10,000.00;;10,000.00;;10,000.00;10,000.00;;
2019;154003;FUND.COORD.DE APERF.DE PESSOAL NIVEL SUPERIOR;12;EDUCACAO;364;ENSINO SUPERIOR;2080;EDUCACAO DE QUALIDADE PARA TODOS;0487;CONCESSAO DE BOLSAS DE ESTUDO NO ENSINO SUPERIOR;0003;CONCESSAO DE BOLSA DE ESTUDOS NO EXTERIOR;12364208004870001;108454;NCCCQG2033V;PARINTER - BRAGECRIM;90;APLICACOES DIRETAS;3;DESPESAS CORRENTES;3;OUTRAS DESPESAS CORRENTES;20;AUXILIO FINANCEIRO A PESQUISADORES;339020;AUXILIO FINANCEIRO A PESQUISADORES;00;RECURSOS PRIMARIOS DE LIVRE APLICACAO;243,594.00;;243,594.00;;243,594.00;1,980.00;241,614.00;241,614.00
2019;154003;FUND.COORD.DE APERF.DE PESSOAL NIVEL SUPERIOR;12;EDUCACAO;364;ENSINO SUPERIOR;2080;EDUCACAO DE QUALIDADE PARA TODOS;0487;CONCESSAO DE BOLSAS DE ESTUDO NO ENSINO SUPERIOR;0003;CONCESSAO DE BOLSA DE ESTUDOS NO EXTERIOR;12364208004870001;108454;NCCCQG9923N;PARINTER - PRO-HAITI;90;APLICACOES DIRETAS;3;DESPESAS CORRENTES;3;OUTRAS DESPESAS CORRENTES;18;AUXILIO FINANCEIRO A ESTUDANTES;339018;AUXILIO FINANCEIRO A ESTUDANTES;00;RECURSOS PRIMARIOS DE LIVRE APLICACAO;20,000.00;;20,000.00;;20,000.00;20,000.00;;
2019;154003;FUND.COORD.DE APERF.DE PESSOAL NIVEL SUPERIOR;12;EDUCACAO;364;ENSINO SUPERIOR;2080;EDUCACAO DE QUALIDADE PARA TODOS;0487;CONCESSAO DE BOLSAS DE ESTUDO NO ENSINO SUPERIOR;0003;CONCESSAO DE BOLSA DE ESTUDOS NO EXTERIOR;12364208004870001;108454;NCCCQN9953N;PARINTER - ABDIAS NASCIMENTO;90;APLICACOES DIRETAS;3;DESPESAS CORRENTES;3;OUTRAS DESPESAS CORRENTES;20;AUXILIO FINANCEIRO A PESQUISADORES;339020;AUXILIO FINANCEIRO A PESQUISADORES;00;RECURSOS PRIMARIOS DE LIVRE APLICACAO;3,475,534.00;;3,475,534.00;;3,459,069.00;542,273.00;2,916,796.00;2,899,474.00
2019;154003;FUND.COORD.DE APERF.DE PESSOAL NIVEL SUPERIOR;12;EDUCACAO;364;ENSINO SUPERIOR;2080;EDUCACAO DE QUALIDADE PARA TODOS;0487;CONCESSAO DE BOLSAS DE ESTUDO NO ENSINO SUPERIOR;0003;CONCESSAO DE BOLSA DE ESTUDOS NO EXTERIOR;12364208004870001;108454;NCCCQO2005N;PARINTER - COFECUB;90;APLICACOES DIRETAS;3;DESPESAS CORRENTES;3;OUTRAS DESPESAS CORRENTES;20;AUXILIO FINANCEIRO A PESQUISADORES;339020;AUXILIO FINANCEIRO A PESQUISADORES;00;RECURSOS PRIMARIOS DE LIVRE APLICACAO;14185600.00;;14185600.00;;14185600.00;246,400.00;13939200.00;13939200.00
2019;154003;FUND.COORD.DE APERF.DE PESSOAL NIVEL SUPERIOR;12;EDUCACAO;364;ENSINO SUPERIOR;2080;EDUCACAO DE QUALIDADE PARA TODOS;0487;CONCESSAO DE BOLSAS DE ESTUDO NO ENSINO SUPERIOR;0003;CONCESSAO DE BOLSA DE ESTUDOS NO EXTERIOR;12364208004870001;108454;NCCCQO2008N;PARINTER - FCT;90;APLICACOES DIRETAS;3;DESPESAS CORRENTES;3;OUTRAS DESPESAS CORRENTES;20;AUXILIO FINANCEIRO A PESQUISADORES;339020;AUXILIO FINANCEIRO A PESQUISADORES;00;RECURSOS PRIMARIOS DE LIVRE APLICACAO;5,305,000.00;;5,305,000.00;;5,305,000.00;530,500.00;4,774,500.00;4,774,500.00
2019;154003;FUND.COORD.DE APERF.DE PESSOAL NIVEL SUPERIOR;12;EDUCACAO;364;ENSINO SUPERIOR;2080;EDUCACAO DE QUALIDADE PARA TODOS;0487;CONCESSAO DE BOLSAS DE ESTUDO NO ENSINO SUPERIOR;0003;CONCESSAO DE BOLSA DE ESTUDOS NO EXTERIOR;12364208004870001;108454;NCCCQO2010N;PARINTER - MATH AMSUD;90;APLICACOES DIRETAS;3;DESPESAS CORRENTES;3;OUTRAS DESPESAS CORRENTES;20;AUXILIO FINANCEIRO A PESQUISADORES;339020;AUXILIO FINANCEIRO A PESQUISADORES;00;RECURSOS PRIMARIOS DE LIVRE APLICACAO;1,950,000.00;;1,950,000.00;;1,950,000.00;180,000.00;1,770,000.00;1,770,000.00
2019;154003;FUND.COORD.DE APERF.DE PESSOAL NIVEL SUPERIOR;12;EDUCACAO;364;ENSINO SUPERIOR;2080;EDUCACAO DE QUALIDADE PARA TODOS;0487;CONCESSAO DE BOLSAS DE ESTUDO NO ENSINO SUPERIOR;0003;CONCESSAO DE BOLSA DE ESTUDOS NO EXTERIOR;12364208004870001;108454;NCCCQO2011N;PARINTER - MES-CUBA;90;APLICACOES DIRETAS;3;DESPESAS CORRENTES;3;OUTRAS DESPESAS CORRENTES;18;AUXILIO FINANCEIRO A ESTUDANTES;339018;AUXILIO FINANCEIRO A ESTUDANTES;00;RECURSOS PRIMARIOS DE LIVRE APLICACAO;30,000.00;;30,000.00;;30,000.00;30,000.00;;
2019;154003;FUND.COORD.DE APERF.DE PESSOAL NIVEL SUPERIOR;12;EDUCACAO;364;ENSINO SUPERIOR;2080;EDUCACAO DE QUALIDADE PARA TODOS;0487;CONCESSAO DE BOLSAS DE ESTUDO NO ENSINO SUPERIOR;0003;CONCESSAO DE BOLSA DE ESTUDOS NO EXTERIOR;12364208004870001;108454;NCCCQO2014N;PARINTER - PROBRAL;90;APLICACOES DIRETAS;3;DESPESAS CORRENTES;3;OUTRAS DESPESAS CORRENTES;20;AUXILIO FINANCEIRO A PESQUISADORES;339020;AUXILIO FINANCEIRO A PESQUISADORES;00;RECURSOS PRIMARIOS DE LIVRE APLICACAO;17485000.00;;17485000.00;;17485000.00;1,110,000.00;16375000.00;16375000.00
2019;154003;FUND.COORD.DE APERF.DE PESSOAL NIVEL SUPERIOR;12;EDUCACAO;364;ENSINO SUPERIOR;2080;EDUCACAO DE QUALIDADE PARA TODOS;0487;CONCESSAO DE BOLSAS DE ESTUDO NO ENSINO SUPERIOR;0003;CONCESSAO DE BOLSA DE ESTUDOS NO EXTERIOR;12364208004870001;108454;NCCCQO2016N;PARINTER - STIC AMSUD;90;APLICACOES DIRETAS;3;DESPESAS CORRENTES;3;OUTRAS DESPESAS CORRENTES;20;AUXILIO FINANCEIRO A PESQUISADORES;339020;AUXILIO FINANCEIRO A PESQUISADORES;00;RECURSOS PRIMARIOS DE LIVRE APLICACAO;1,950,000.00;;1,950,000.00;;1,950,000.00;270,000.00;1,680,000.00;1,680,000.00
2019;154003;FUND.COORD.DE APERF.DE PESSOAL NIVEL SUPERIOR;12;EDUCACAO;364;ENSINO SUPERIOR;2080;EDUCACAO DE QUALIDADE PARA TODOS;0487;CONCESSAO DE BOLSAS DE ESTUDO NO ENSINO SUPERIOR;0003;CONCESSAO DE BOLSA DE ESTUDOS NO EXTERIOR;12364208004870001;108454;NCCCQO2030N;PARINTER - IGC;90;APLICACOES DIRETAS;3;DESPESAS CORRENTES;3;OUTRAS DESPESAS CORRENTES;18;AUXILIO FINANCEIRO A ESTUDANTES;339018;AUXILIO FINANCEIRO A ESTUDANTES;00;RECURSOS PRIMARIOS DE LIVRE APLICACAO;89,200.00;;89,200.00;;89,200.00;10,000.00;79,200.00;79,200.00
2019;154003;FUND.COORD.DE APERF.DE PESSOAL NIVEL SUPERIOR;12;EDUCACAO;364;ENSINO SUPERIOR;2080;EDUCACAO DE QUALIDADE PARA TODOS;0487;CONCESSAO DE BOLSAS DE ESTUDO NO ENSINO SUPERIOR;0003;CONCESSAO DE BOLSA DE ESTUDOS NO EXTERIOR;12364208004870001;108454;NCCCQO2034N;PARINTER - JSPS;90;APLICACOES DIRETAS;3;DESPESAS CORRENTES;3;OUTRAS DESPESAS CORRENTES;20;AUXILIO FINANCEIRO A PESQUISADORES;339020;AUXILIO FINANCEIRO A PESQUISADORES;00;RECURSOS PRIMARIOS DE LIVRE APLICACAO;229,790.00;;229,790.00;;229,790.00;45,958.00;183,832.00;183,832.00
2019;154003;FUND.COORD.DE APERF.DE PESSOAL NIVEL SUPERIOR;12;EDUCACAO;364;ENSINO SUPERIOR;2080;EDUCACAO DE QUALIDADE PARA TODOS;0487;CONCESSAO DE BOLSAS DE ESTUDO NO ENSINO SUPERIOR;0003;CONCESSAO DE BOLSA DE ESTUDOS NO EXTERIOR;12364208004870001;108454;NCCCQO2037N;PARINTER - STINT;90;APLICACOES DIRETAS;3;DESPESAS CORRENTES;3;OUTRAS DESPESAS CORRENTES;20;AUXILIO FINANCEIRO A PESQUISADORES;339020;AUXILIO FINANCEIRO A PESQUISADORES;00;RECURSOS PRIMARIOS DE LIVRE APLICACAO;2,155,028.00;;2,155,028.00;;2,155,028.00;248,649.00;1,906,379.00;1,906,379.00
2019;154003;FUND.COORD.DE APERF.DE PESSOAL NIVEL SUPERIOR;12;EDUCACAO;364;ENSINO SUPERIOR;2080;EDUCACAO DE QUALIDADE PARA TODOS;0487;CONCESSAO DE BOLSAS DE ESTUDO NO ENSINO SUPERIOR;0003;CONCESSAO DE BOLSA DE ESTUDOS NO EXTERIOR;12364208004870001;108454;NCCCQO9454N;PARINTER - PIPC;90;APLICACOES DIRETAS;3;DESPESAS CORRENTES;3;OUTRAS DESPESAS CORRENTES;20;AUXILIO FINANCEIRO A PESQUISADORES;339020;AUXILIO FINANCEIRO A PESQUISADORES;00;RECURSOS PRIMARIOS DE LIVRE APLICACAO;511,382.00;;511,382.00;;511,382.00;51,626.00;309,756.00;309,756.00
2019;154003;FUND.COORD.DE APERF.DE PESSOAL NIVEL SUPERIOR;12;EDUCACAO;364;ENSINO SUPERIOR;2080;EDUCACAO DE QUALIDADE PARA TODOS;0487;CONCESSAO DE BOLSAS DE ESTUDO NO ENSINO SUPERIOR;0003;CONCESSAO DE BOLSA DE ESTUDOS NO EXTERIOR;12364208004870001;108454;NCCCQO9949N;PARINTER - BRAGFOST;90;APLICACOES DIRETAS;3;DESPESAS CORRENTES;3;OUTRAS DESPESAS CORRENTES;20;AUXILIO FINANCEIRO A PESQUISADORES;339020;AUXILIO FINANCEIRO A PESQUISADORES;00;RECURSOS PRIMARIOS DE LIVRE APLICACAO;1,248,770.00;;1,248,770.00;;1,248,770.00;0.00;1,248,770.00;1,248,770.00
2019;154003;FUND.COORD.DE APERF.DE PESSOAL NIVEL SUPERIOR;12;EDUCACAO;364;ENSINO SUPERIOR;2080;EDUCACAO DE QUALIDADE PARA TODOS;0487;CONCESSAO DE BOLSAS DE ESTUDO NO ENSINO SUPERIOR;0003;CONCESSAO DE BOLSA DE ESTUDOS NO EXTERIOR;12364208004870001;108454;NCCCQU2051N;PARINTER - CAPES/CWRU;90;APLICACOES DIRETAS;3;DESPESAS CORRENTES;3;OUTRAS DESPESAS CORRENTES;20;AUXILIO FINANCEIRO A PESQUISADORES;339020;AUXILIO FINANCEIRO A PESQUISADORES;00;RECURSOS PRIMARIOS DE LIVRE APLICACAO;252,876.00;;252,876.00;;252,876.00;106,008.00;146,868.00;146,868.00
2019;154003;FUND.COORD.DE APERF.DE PESSOAL NIVEL SUPERIOR;12;EDUCACAO;364;ENSINO SUPERIOR;2080;EDUCACAO DE QUALIDADE PARA TODOS;0487;CONCESSAO DE BOLSAS DE ESTUDO NO ENSINO SUPERIOR;0003;CONCESSAO DE BOLSA DE ESTUDOS NO EXTERIOR;12364208004870001;108454;NCCCUO1994N;BFSUPERIOR - CAPES/PRINT;90;APLICACOES DIRETAS;3;DESPESAS CORRENTES;3;OUTRAS DESPESAS CORRENTES;18;AUXILIO FINANCEIRO A ESTUDANTES;339018;AUXILIO FINANCEIRO A ESTUDANTES;00;RECURSOS PRIMARIOS DE LIVRE APLICACAO;20372129.01;;20372129.01;;20363600.00;3,431,000.00;16663200.00;16481000.00
2019;154003;FUND.COORD.DE APERF.DE PESSOAL NIVEL SUPERIOR;12;EDUCACAO;364;ENSINO SUPERIOR;2080;EDUCACAO DE QUALIDADE PARA TODOS;0487;CONCESSAO DE BOLSAS DE ESTUDO NO ENSINO SUPERIOR;0003;CONCESSAO DE BOLSA DE ESTUDOS NO EXTERIOR;12364208004870001;108454;NCCCUO1997N;BFSUPERIOR - PEC-PG;90;APLICACOES DIRETAS;3;DESPESAS CORRENTES;3;OUTRAS DESPESAS CORRENTES;18;AUXILIO FINANCEIRO A ESTUDANTES;339018;AUXILIO FINANCEIRO A ESTUDANTES;00;RECURSOS PRIMARIOS DE LIVRE APLICACAO;26478132.00;;26478132.00;;26478132.00;2,522,783.00;22540600.00;22534000.00
2019;154003;FUND.COORD.DE APERF.DE PESSOAL NIVEL SUPERIOR;12;EDUCACAO;364;ENSINO SUPERIOR;2080;EDUCACAO DE QUALIDADE PARA TODOS;0487;CONCESSAO DE BOLSAS DE ESTUDO NO ENSINO SUPERIOR;0003;CONCESSAO DE BOLSA DE ESTUDOS NO EXTERIOR;12364208004870001;108454;NCCCUO1998N;BFSUPERIOR - PDES;90;APLICACOES DIRETAS;3;DESPESAS CORRENTES;3;OUTRAS DESPESAS CORRENTES;18;AUXILIO FINANCEIRO A ESTUDANTES;339018;AUXILIO FINANCEIRO A ESTUDANTES;00;RECURSOS PRIMARIOS DE LIVRE APLICACAO;2,570,912.83;;2,570,912.83;;2,477,001.83;249,848.39;2,000,653.44;1,967,853.44
2019;154003;FUND.COORD.DE APERF.DE PESSOAL NIVEL SUPERIOR;12;EDUCACAO;364;ENSINO SUPERIOR;2080;EDUCACAO DE QUALIDADE PARA TODOS;0487;CONCESSAO DE BOLSAS DE ESTUDO NO ENSINO SUPERIOR;0003;CONCESSAO DE BOLSA DE ESTUDOS NO EXTERIOR;12364208004870001;108454;NCCCUO2092N;BFSUPERIOR - ACORDO CAPES/ABC;90;APLICACOES DIRETAS;3;DESPESAS CORRENTES;3;OUTRAS DESPESAS CORRENTES;20;AUXILIO FINANCEIRO A PESQUISADORES;339020;AUXILIO FINANCEIRO A PESQUISADORES;00;RECURSOS PRIMARIOS DE LIVRE APLICACAO;4,500,000.00;;4,500,000.00;;4,500,000.00;0.00;;
2019;154003;FUND.COORD.DE APERF.DE PESSOAL NIVEL SUPERIOR;12;EDUCACAO;364;ENSINO SUPERIOR;2080;EDUCACAO DE QUALIDADE PARA TODOS;0487;CONCESSAO DE BOLSAS DE ESTUDO NO ENSINO SUPERIOR;0003;CONCESSAO DE BOLSA DE ESTUDOS NO EXTERIOR;12364208004870001;108454;NCCCUO2094N;BFSUPERIOR - CAPES/PRINT;90;APLICACOES DIRETAS;3;DESPESAS CORRENTES;3;OUTRAS DESPESAS CORRENTES;20;AUXILIO FINANCEIRO A PESQUISADORES;339020;AUXILIO FINANCEIRO A PESQUISADORES;00;RECURSOS PRIMARIOS DE LIVRE APLICACAO;421987121.96;;421987121.96;;421313420.93;21560767.83;396379513.10;387717004.10
2019;154003;FUND.COORD.DE APERF.DE PESSOAL NIVEL SUPERIOR;12;EDUCACAO;364;ENSINO SUPERIOR;2080;EDUCACAO DE QUALIDADE PARA TODOS;0487;CONCESSAO DE BOLSAS DE ESTUDO NO ENSINO SUPERIOR;0003;CONCESSAO DE BOLSA DE ESTUDOS NO EXTERIOR;12364208004870001;108454;NCCCUO9998N;BFSUPERIOR - PVE-PROF. VISITANTE ESTRANGEIRO;90;APLICACOES DIRETAS;3;DESPESAS CORRENTES;3;OUTRAS DESPESAS CORRENTES;18;AUXILIO FINANCEIRO A ESTUDANTES;339018;AUXILIO FINANCEIRO A ESTUDANTES;00;RECURSOS PRIMARIOS DE LIVRE APLICACAO;110,000.00;;110,000.00;;110,000.00;110,000.00;;
2019;154003;FUND.COORD.DE APERF.DE PESSOAL NIVEL SUPERIOR;12;EDUCACAO;364;ENSINO SUPERIOR;2080;EDUCACAO DE QUALIDADE PARA TODOS;0487;CONCESSAO DE BOLSAS DE ESTUDO NO ENSINO SUPERIOR;0003;CONCESSAO DE BOLSA DE ESTUDOS NO EXTERIOR;12364208004870001;108454;NSS15G2039N;BFSUPERIOR - MARCA;90;APLICACOES DIRETAS;3;DESPESAS CORRENTES;3;OUTRAS DESPESAS CORRENTES;20;AUXILIO FINANCEIRO A PESQUISADORES;339020;AUXILIO FINANCEIRO A PESQUISADORES;00;RECURSOS PRIMARIOS DE LIVRE APLICACAO;1,126,536.60;;1,126,536.60;;1,126,048.80;56,000.00;1,070,048.80;1,070,048.80
2019;154003;FUND.COORD.DE APERF.DE PESSOAL NIVEL SUPERIOR;12;EDUCACAO;364;ENSINO SUPERIOR;2080;EDUCACAO DE QUALIDADE PARA TODOS;0487;CONCESSAO DE BOLSAS DE ESTUDO NO ENSINO SUPERIOR;0003;CONCESSAO DE BOLSA DE ESTUDOS NO EXTERIOR;12364208004870001;108454;OCCCUO2028N;BFSUPERIOR - IODP;90;APLICACOES DIRETAS;3;DESPESAS CORRENTES;3;OUTRAS DESPESAS CORRENTES;20;AUXILIO FINANCEIRO A PESQUISADORES;339020;AUXILIO FINANCEIRO A PESQUISADORES;00;RECURSOS PRIMARIOS DE LIVRE APLICACAO;95,187.00;;95,187.00;;95,187.00;0.00;;
2019;154003;FUND.COORD.DE APERF.DE PESSOAL NIVEL SUPERIOR;12;EDUCACAO;364;ENSINO SUPERIOR;2080;EDUCACAO DE QUALIDADE PARA TODOS;0487;CONCESSAO DE BOLSAS DE ESTUDO NO ENSINO SUPERIOR;0004;CONCESSAO DE BOLSAS DE ESTUDOS PARA INSTITUTOS NACIONAIS DE CIENCIA E TECNOLOGIA - INCT;12364208004870001;137039;'-8;SEM INFORMACAO;90;APLICACOES DIRETAS;3;DESPESAS CORRENTES;3;OUTRAS DESPESAS CORRENTES;00;[A DETALHAR];339000;APLICACOES DIRETAS;00;RECURSOS PRIMARIOS DE LIVRE APLICACAO;177647869.86;;177647869.86;;;;;
2019;154003;FUND.COORD.DE APERF.DE PESSOAL NIVEL SUPERIOR;12;EDUCACAO;364;ENSINO SUPERIOR;2080;EDUCACAO DE QUALIDADE PARA TODOS;0487;CONCESSAO DE BOLSAS DE ESTUDO NO ENSINO SUPERIOR;0004;CONCESSAO DE BOLSAS DE ESTUDOS PARA INSTITUTOS NACIONAIS DE CIENCIA E TECNOLOGIA - INCT;12364208004870001;137039;OCCCGO19A8N;PARNACION - CAPES/CNPQ - INCT;90;APLICACOES DIRETAS;3;DESPESAS CORRENTES;3;OUTRAS DESPESAS CORRENTES;18;AUXILIO FINANCEIRO A ESTUDANTES;339018;AUXILIO FINANCEIRO A ESTUDANTES;00;RECURSOS PRIMARIOS DE LIVRE APLICACAO;102352130.14;;102352130.14;;102216924.76;4,046,052.20;69652205.30;66127199.84
2019;154003;FUND.COORD.DE APERF.DE PESSOAL NIVEL SUPERIOR;12;EDUCACAO;364;ENSINO SUPERIOR;2080;EDUCACAO DE QUALIDADE PARA TODOS;0487;CONCESSAO DE BOLSAS DE ESTUDO NO ENSINO SUPERIOR;EREL;EMENDA DE RELATOR;12364208004870001;159469;'-8;SEM INFORMACAO;90;APLICACOES DIRETAS;3;DESPESAS CORRENTES;3;OUTRAS DESPESAS CORRENTES;00;[A DETALHAR];339000;APLICACOES DIRETAS;00;RECURSOS PRIMARIOS DE LIVRE APLICACAO;-15510651.00;;1478120434.0;1472950217.0;;;;
2019;154003;FUND.COORD.DE APERF.DE PESSOAL NIVEL SUPERIOR;12;EDUCACAO;364;ENSINO SUPERIOR;2080;EDUCACAO DE QUALIDADE PARA TODOS;0487;CONCESSAO DE BOLSAS DE ESTUDO NO ENSINO SUPERIOR;EREL;EMENDA DE RELATOR;12364208004870001;159469;NCCCPO19BEN;BEX - BEX;90;APLICACOES DIRETAS;3;DESPESAS CORRENTES;3;OUTRAS DESPESAS CORRENTES;18;AUXILIO FINANCEIRO A ESTUDANTES;339018;AUXILIO FINANCEIRO A ESTUDANTES;00;RECURSOS PRIMARIOS DE LIVRE APLICACAO;2,301,905.64;;2,301,905.64;;2,301,905.64;0.00;2,301,905.64;2,301,905.64
2019;154003;FUND.COORD.DE APERF.DE PESSOAL NIVEL SUPERIOR;12;EDUCACAO;364;ENSINO SUPERIOR;2080;EDUCACAO DE QUALIDADE PARA TODOS;0487;CONCESSAO DE BOLSAS DE ESTUDO NO ENSINO SUPERIOR;EREL;EMENDA DE RELATOR;12364208004870001;159469;NCCCPO19EXN;BEX - DIARIA/PASSAGEM BEX/AEX;90;APLICACOES DIRETAS;3;DESPESAS CORRENTES;3;OUTRAS DESPESAS CORRENTES;33;PASSAGENS E DESPESAS COM LOCOMOCAO;339033;PASSAGENS E DESPESAS COM LOCOMOCAO;00;RECURSOS PRIMARIOS DE LIVRE APLICACAO;13208745.36;;13208745.36;;13208745.36;0.00;6,035,943.87;6,035,943.87
2019;154003;FUND.COORD.DE APERF.DE PESSOAL NIVEL SUPERIOR;12;EDUCACAO;364;ENSINO SUPERIOR;2080;EDUCACAO DE QUALIDADE PARA TODOS;20GK;FOMENTO AS ACOES DE GRADUACAO, POS-GRADUACAO, ENSINO, PESQUI;0000;FOMENTO AS ACOES DE GRADUACAO, POS-GRADUACAO, ENSINO, PESQUISA E EXTENSAO;12364208020GK0001;108447;'-8;SEM INFORMACAO;50;TRANSFERENCIA INSTITUICOES PRIVADAS SEM FINS LUCRATIVOS;3;DESPESAS CORRENTES;3;OUTRAS DESPESAS CORRENTES;00;[A DETALHAR];335000;TRANSFERENCIA INSTITUICOES PRIVADAS SEM FINS LUCRATIVOS;00;RECURSOS PRIMARIOS DE LIVRE APLICACAO;10802460.00;;10802460.00;;;;;
2019;154003;FUND.COORD.DE APERF.DE PESSOAL NIVEL SUPERIOR;12;EDUCACAO;364;ENSINO SUPERIOR;2080;EDUCACAO DE QUALIDADE PARA TODOS;20GK;FOMENTO AS ACOES DE GRADUACAO, POS-GRADUACAO, ENSINO, PESQUI;0000;FOMENTO AS ACOES DE GRADUACAO, POS-GRADUACAO, ENSINO, PESQUISA E EXTENSAO;12364208020GK0001;108447;'-8;SEM INFORMACAO;90;APLICACOES DIRETAS;3;DESPESAS CORRENTES;3;OUTRAS DESPESAS CORRENTES;00;[A DETALHAR];339000;APLICACOES DIRETAS;00;RECURSOS PRIMARIOS DE LIVRE APLICACAO;461933050.03;9,673,551.00;391606601.03;22000000.00;;;;
2019;154003;FUND.COORD.DE APERF.DE PESSOAL NIVEL SUPERIOR;12;EDUCACAO;364;ENSINO SUPERIOR;2080;EDUCACAO DE QUALIDADE PARA TODOS;20GK;FOMENTO AS ACOES DE GRADUACAO, POS-GRADUACAO, ENSINO, PESQUI;0000;FOMENTO AS ACOES DE GRADUACAO, POS-GRADUACAO, ENSINO, PESQUISA E EXTENSAO;12364208020GK0001;108447;'-8;SEM INFORMACAO;90;APLICACOES DIRETAS;4;DESPESAS DE CAPITAL;4;INVESTIMENTOS;00;[A DETALHAR];449000;APLICACOES DIRETAS;00;RECURSOS PRIMARIOS DE LIVRE APLICACAO;44136018.00;;34462467.00;0.00;;;;
2019;154003;FUND.COORD.DE APERF.DE PESSOAL NIVEL SUPERIOR;12;EDUCACAO;364;ENSINO SUPERIOR;2080;EDUCACAO DE QUALIDADE PARA TODOS;20GK;FOMENTO AS ACOES DE GRADUACAO, POS-GRADUACAO, ENSINO, PESQUI;0000;FOMENTO AS ACOES DE GRADUACAO, POS-GRADUACAO, ENSINO, PESQUISA E EXTENSAO;12364208020GK0001;108447;NCCCUU2018N;BFSUPERIOR - DINTER;90;APLICACOES DIRETAS;3;DESPESAS CORRENTES;3;OUTRAS DESPESAS CORRENTES;20;AUXILIO FINANCEIRO A PESQUISADORES;339020;AUXILIO FINANCEIRO A PESQUISADORES;00;RECURSOS PRIMARIOS DE LIVRE APLICACAO;3,624,158.90;;3,624,158.90;;3,615,141.40;956,729.50;2,464,098.30;2,464,098.30
2019;154003;FUND.COORD.DE APERF.DE PESSOAL NIVEL SUPERIOR;12;EDUCACAO;364;ENSINO SUPERIOR;2080;EDUCACAO DE QUALIDADE PARA TODOS;20GK;FOMENTO AS ACOES DE GRADUACAO, POS-GRADUACAO, ENSINO, PESQUI;0000;FOMENTO AS ACOES DE GRADUACAO, POS-GRADUACAO, ENSINO, PESQUISA E EXTENSAO;12364208020GK0001;108447;OCCCGO2041N;PARNACION - COMBATE AO ZICA;90;APLICACOES DIRETAS;3;DESPESAS CORRENTES;3;OUTRAS DESPESAS CORRENTES;20;AUXILIO FINANCEIRO A PESQUISADORES;339020;AUXILIO FINANCEIRO A PESQUISADORES;00;RECURSOS PRIMARIOS DE LIVRE APLICACAO;199,606.00;;199,606.00;;199,606.00;145,168.00;;
2019;154003;FUND.COORD.DE APERF.DE PESSOAL NIVEL SUPERIOR;12;EDUCACAO;364;ENSINO SUPERIOR;2080;EDUCACAO DE QUALIDADE PARA TODOS;20GK;FOMENTO AS ACOES DE GRADUACAO, POS-GRADUACAO, ENSINO, PESQUI;0000;FOMENTO AS ACOES DE GRADUACAO, POS-GRADUACAO, ENSINO, PESQUISA E EXTENSAO;12364208020GK0001;108447;OCCCGO2046N;PARNACION - CAPES/PARCERIAS - RIO DOCE;90;APLICACOES DIRETAS;3;DESPESAS CORRENTES;3;OUTRAS DESPESAS CORRENTES;20;AUXILIO FINANCEIRO A PESQUISADORES;339020;AUXILIO FINANCEIRO A PESQUISADORES;00;RECURSOS PRIMARIOS DE LIVRE APLICACAO;2,226,968.00;;2,226,968.00;;2,226,968.00;556,742.00;;
2019;154003;FUND.COORD.DE APERF.DE PESSOAL NIVEL SUPERIOR;12;EDUCACAO;364;ENSINO SUPERIOR;2080;EDUCACAO DE QUALIDADE PARA TODOS;20GK;FOMENTO AS ACOES DE GRADUACAO, POS-GRADUACAO, ENSINO, PESQUI;0000;FOMENTO AS ACOES DE GRADUACAO, POS-GRADUACAO, ENSINO, PESQUISA E EXTENSAO;12364208020GK0001;108447;OCCCGO2050N;PARNACION - CAPES/INPE;90;APLICACOES DIRETAS;3;DESPESAS CORRENTES;3;OUTRAS DESPESAS CORRENTES;20;AUXILIO FINANCEIRO A PESQUISADORES;339020;AUXILIO FINANCEIRO A PESQUISADORES;00;RECURSOS PRIMARIOS DE LIVRE APLICACAO;144,000.00;;144,000.00;;144,000.00;36,000.00;;
2019;154003;FUND.COORD.DE APERF.DE PESSOAL NIVEL SUPERIOR;12;EDUCACAO;364;ENSINO SUPERIOR;2080;EDUCACAO DE QUALIDADE PARA TODOS;20GK;FOMENTO AS ACOES DE GRADUACAO, POS-GRADUACAO, ENSINO, PESQUI;0000;FOMENTO AS ACOES DE GRADUACAO, POS-GRADUACAO, ENSINO, PESQUISA E EXTENSAO;12364208020GK0001;108447;OCCCGV2004N;PARNACION - CAPES/FACEPE;90;APLICACOES DIRETAS;3;DESPESAS CORRENTES;3;OUTRAS DESPESAS CORRENTES;20;AUXILIO FINANCEIRO A PESQUISADORES;339020;AUXILIO FINANCEIRO A PESQUISADORES;00;RECURSOS PRIMARIOS DE LIVRE APLICACAO;2,880,000.00;;2,880,000.00;;2,880,000.00;720,000.00;2,160,000.00;2,160,000.00
2019;154003;FUND.COORD.DE APERF.DE PESSOAL NIVEL SUPERIOR;12;EDUCACAO;364;ENSINO SUPERIOR;2080;EDUCACAO DE QUALIDADE PARA TODOS;20GK;FOMENTO AS ACOES DE GRADUACAO, POS-GRADUACAO, ENSINO, PESQUI;0000;FOMENTO AS ACOES DE GRADUACAO, POS-GRADUACAO, ENSINO, PESQUISA E EXTENSAO;12364208020GK0001;108447;OCCCUN9902N;BFSUPERIOR - PAEP;90;APLICACOES DIRETAS;3;DESPESAS CORRENTES;3;OUTRAS DESPESAS CORRENTES;18;AUXILIO FINANCEIRO A ESTUDANTES;339018;AUXILIO FINANCEIRO A ESTUDANTES;00;RECURSOS PRIMARIOS DE LIVRE APLICACAO;35,000.00;;35,000.00;;;;;
2019;154003;FUND.COORD.DE APERF.DE PESSOAL NIVEL SUPERIOR;12;EDUCACAO;364;ENSINO SUPERIOR;2080;EDUCACAO DE QUALIDADE PARA TODOS;20GK;FOMENTO AS ACOES DE GRADUACAO, POS-GRADUACAO, ENSINO, PESQUI;0000;FOMENTO AS ACOES DE GRADUACAO, POS-GRADUACAO, ENSINO, PESQUISA E EXTENSAO;12364208020GK0001;108447;OCCCUN9902N;BFSUPERIOR - PAEP;90;APLICACOES DIRETAS;3;DESPESAS CORRENTES;3;OUTRAS DESPESAS CORRENTES;20;AUXILIO FINANCEIRO A PESQUISADORES;339020;AUXILIO FINANCEIRO A PESQUISADORES;00;RECURSOS PRIMARIOS DE LIVRE APLICACAO;353052595.72;;353052595.72;;352669585.07;11215904.34;341369291.48;340052914.48
2019;154003;FUND.COORD.DE APERF.DE PESSOAL NIVEL SUPERIOR;12;EDUCACAO;364;ENSINO SUPERIOR;2080;EDUCACAO DE QUALIDADE PARA TODOS;20GK;FOMENTO AS ACOES DE GRADUACAO, POS-GRADUACAO, ENSINO, PESQUI;0000;FOMENTO AS ACOES DE GRADUACAO, POS-GRADUACAO, ENSINO, PESQUISA E EXTENSAO;12364208020GK0001;108447;OCCCUO2013N;BFSUPERIOR - PREMIO;90;APLICACOES DIRETAS;3;DESPESAS CORRENTES;3;OUTRAS DESPESAS CORRENTES;20;AUXILIO FINANCEIRO A PESQUISADORES;339020;AUXILIO FINANCEIRO A PESQUISADORES;00;RECURSOS PRIMARIOS DE LIVRE APLICACAO;10066955.13;;10066955.13;;9,982,001.33;347,201.00;9,633,720.33;9,633,720.33
2019;154003;FUND.COORD.DE APERF.DE PESSOAL NIVEL SUPERIOR;12;EDUCACAO;364;ENSINO SUPERIOR;2080;EDUCACAO DE QUALIDADE PARA TODOS;20GK;FOMENTO AS ACOES DE GRADUACAO, POS-GRADUACAO, ENSINO, PESQUI;0000;FOMENTO AS ACOES DE GRADUACAO, POS-GRADUACAO, ENSINO, PESQUISA E EXTENSAO;12364208020GK0001;108447;OCCCUO2026N;BFSUPERIOR - PROJETOS ESPECIAIS;80;TRANSFERENCIAS AO EXTERIOR;3;DESPESAS CORRENTES;3;OUTRAS DESPESAS CORRENTES;39;OUTROS SERVICOS DE TERCEIROS PJ - OP.INT.ORC.;338039;OUTROS SERVICOS DE TERCEIROS-PESSOA JURIDICA;00;RECURSOS PRIMARIOS DE LIVRE APLICACAO;2,250,000.00;;2,250,000.00;;2,250,000.00;0.00;;
2019;154003;FUND.COORD.DE APERF.DE PESSOAL NIVEL SUPERIOR;12;EDUCACAO;364;ENSINO SUPERIOR;2080;EDUCACAO DE QUALIDADE PARA TODOS;20GK;FOMENTO AS ACOES DE GRADUACAO, POS-GRADUACAO, ENSINO, PESQUI;0000;FOMENTO AS ACOES DE GRADUACAO, POS-GRADUACAO, ENSINO, PESQUISA E EXTENSAO;12364208020GK0001;108447;OCCCUO2040N;BFSUPERIOR - MODELAGEM;90;APLICACOES DIRETAS;3;DESPESAS CORRENTES;3;OUTRAS DESPESAS CORRENTES;20;AUXILIO FINANCEIRO A PESQUISADORES;339020;AUXILIO FINANCEIRO A PESQUISADORES;00;RECURSOS PRIMARIOS DE LIVRE APLICACAO;3,291,988.00;;3,291,988.00;;3,291,988.00;822,997.00;;
2019;154003;FUND.COORD.DE APERF.DE PESSOAL NIVEL SUPERIOR;12;EDUCACAO;364;ENSINO SUPERIOR;2080;EDUCACAO DE QUALIDADE PARA TODOS;20GK;FOMENTO AS ACOES DE GRADUACAO, POS-GRADUACAO, ENSINO, PESQUI;0000;FOMENTO AS ACOES DE GRADUACAO, POS-GRADUACAO, ENSINO, PESQUISA E EXTENSAO;12364208020GK0001;108447;OCCCUO2042N;BFSUPERIOR - PROCAD/AMAZONIA;90;APLICACOES DIRETAS;3;DESPESAS CORRENTES;3;OUTRAS DESPESAS CORRENTES;20;AUXILIO FINANCEIRO A PESQUISADORES;339020;AUXILIO FINANCEIRO A PESQUISADORES;00;RECURSOS PRIMARIOS DE LIVRE APLICACAO;12400699.00;;12400699.00;;12400699.00;1,006,759.00;3,160,233.00;3,160,233.00
2019;154003;FUND.COORD.DE APERF.DE PESSOAL NIVEL SUPERIOR;12;EDUCACAO;364;ENSINO SUPERIOR;2080;EDUCACAO DE QUALIDADE PARA TODOS;20GK;FOMENTO AS ACOES DE GRADUACAO, POS-GRADUACAO, ENSINO, PESQUI;0000;FOMENTO AS ACOES DE GRADUACAO, POS-GRADUACAO, ENSINO, PESQUISA E EXTENSAO;12364208020GK0001;108447;OCCCUO2043N;BF-SUPERIOR - PROCAD/DEFESA;90;APLICACOES DIRETAS;3;DESPESAS CORRENTES;3;OUTRAS DESPESAS CORRENTES;20;AUXILIO FINANCEIRO A PESQUISADORES;339020;AUXILIO FINANCEIRO A PESQUISADORES;00;RECURSOS PRIMARIOS DE LIVRE APLICACAO;1,800,000.00;;1,800,000.00;;1,800,000.00;0.00;;
2019;154003;FUND.COORD.DE APERF.DE PESSOAL NIVEL SUPERIOR;12;EDUCACAO;364;ENSINO SUPERIOR;2080;EDUCACAO DE QUALIDADE PARA TODOS;20GK;FOMENTO AS ACOES DE GRADUACAO, POS-GRADUACAO, ENSINO, PESQUI;0000;FOMENTO AS ACOES DE GRADUACAO, POS-GRADUACAO, ENSINO, PESQUISA E EXTENSAO;12364208020GK0001;108447;OCCCUO9403N;BFSUPERIOR - PROEX;90;APLICACOES DIRETAS;3;DESPESAS CORRENTES;3;OUTRAS DESPESAS CORRENTES;20;AUXILIO FINANCEIRO A PESQUISADORES;339020;AUXILIO FINANCEIRO A PESQUISADORES;00;RECURSOS PRIMARIOS DE LIVRE APLICACAO;46158308.46;;46158308.46;;38538371.79;705,056.87;37815151.18;36674933.00
2019;154003;FUND.COORD.DE APERF.DE PESSOAL NIVEL SUPERIOR;12;EDUCACAO;364;ENSINO SUPERIOR;2080;EDUCACAO DE QUALIDADE PARA TODOS;20GK;FOMENTO AS ACOES DE GRADUACAO, POS-GRADUACAO, ENSINO, PESQUI;0000;FOMENTO AS ACOES DE GRADUACAO, POS-GRADUACAO, ENSINO, PESQUISA E EXTENSAO;12364208020GK0001;108447;OCCCUO9403N;BFSUPERIOR - PROEX;90;APLICACOES DIRETAS;4;DESPESAS DE CAPITAL;4;INVESTIMENTOS;20;AUXILIO FINANCEIRO A PESQUISADORES;449020;AUXILIO FINANCEIRO A PESQUISADORES;00;RECURSOS PRIMARIOS DE LIVRE APLICACAO;1,007,220.00;;1,007,220.00;;16.00;16.00;;
2019;154003;FUND.COORD.DE APERF.DE PESSOAL NIVEL SUPERIOR;12;EDUCACAO;364;ENSINO SUPERIOR;2080;EDUCACAO DE QUALIDADE PARA TODOS;20GK;FOMENTO AS ACOES DE GRADUACAO, POS-GRADUACAO, ENSINO, PESQUI;0000;FOMENTO AS ACOES DE GRADUACAO, POS-GRADUACAO, ENSINO, PESQUISA E EXTENSAO;12364208020GK0001;108447;VCC80N99GAN;ADMINISTRACAO CAPES -DGES;90;APLICACOES DIRETAS;3;DESPESAS CORRENTES;3;OUTRAS DESPESAS CORRENTES;39;OUTROS SERVICOS DE TERCEIROS PJ - OP.INT.ORC.;339039;OUTROS SERVICOS DE TERCEIROS - PESSOA JURIDICA;00;RECURSOS PRIMARIOS DE LIVRE APLICACAO;257,654.76;;257,654.76;;;;;
2019;154003;FUND.COORD.DE APERF.DE PESSOAL NIVEL SUPERIOR;12;EDUCACAO;364;ENSINO SUPERIOR;2080;EDUCACAO DE QUALIDADE PARA TODOS;20RN;AVALIACAO DA EDUCACAO SUPERIOR E DA POS-GRADUACAO;0000;AVALIACAO DA EDUCACAO SUPERIOR E DA POS-GRADUACAO;12364208020RN0001;108448;'-8;SEM INFORMACAO;90;APLICACOES DIRETAS;3;DESPESAS CORRENTES;3;OUTRAS DESPESAS CORRENTES;00;[A DETALHAR];339000;APLICACOES DIRETAS;00;RECURSOS PRIMARIOS DE LIVRE APLICACAO;120131223.17;;115631223.17;27164000.00;;;;
2019;154003;FUND.COORD.DE APERF.DE PESSOAL NIVEL SUPERIOR;12;EDUCACAO;364;ENSINO SUPERIOR;2080;EDUCACAO DE QUALIDADE PARA TODOS;20RN;AVALIACAO DA EDUCACAO SUPERIOR E DA POS-GRADUACAO;0000;AVALIACAO DA EDUCACAO SUPERIOR E DA POS-GRADUACAO;12364208020RN0001;108448;NCCBUN99AAN;AVALIACAO CAPES - AAE;90;APLICACOES DIRETAS;3;DESPESAS CORRENTES;3;OUTRAS DESPESAS CORRENTES;48;OUTROS AUXILIOS FINANCEIROS A PESSOAS FISICAS;339048;OUTROS AUXILIOS FINANCEIROS A PESSOA FISICA;00;RECURSOS PRIMARIOS DE LIVRE APLICACAO;4,625,678.78;;4,625,678.78;;4,625,678.78;806,194.11;2,647,654.25;2,593,594.74
2019;154003;FUND.COORD.DE APERF.DE PESSOAL NIVEL SUPERIOR;12;EDUCACAO;364;ENSINO SUPERIOR;2080;EDUCACAO DE QUALIDADE PARA TODOS;20RN;AVALIACAO DA EDUCACAO SUPERIOR E DA POS-GRADUACAO;0000;AVALIACAO DA EDUCACAO SUPERIOR E DA POS-GRADUACAO;12364208020RN0001;108448;NCCBUN99AAN;AVALIACAO CAPES - AAE;91;APLICACOES DIRETAS - OPERACOES INTERNAS;3;DESPESAS CORRENTES;3;OUTRAS DESPESAS CORRENTES;47;OBRIGACOES TRIBUTARIAS E CONTRIBUTIVAS;339147;OBRIG.TRIBUT.E CONTRIB-OP.INTRA-ORCAMENTARIAS;00;RECURSOS PRIMARIOS DE LIVRE APLICACAO;150,000.00;;150,000.00;;150,000.00;56,960.00;33,520.00;33,520.00
2019;154003;FUND.COORD.DE APERF.DE PESSOAL NIVEL SUPERIOR;12;EDUCACAO;364;ENSINO SUPERIOR;2080;EDUCACAO DE QUALIDADE PARA TODOS;20RN;AVALIACAO DA EDUCACAO SUPERIOR E DA POS-GRADUACAO;0000;AVALIACAO DA EDUCACAO SUPERIOR E DA POS-GRADUACAO;12364208020RN0001;108448;NCCBUN99SCN;AVALIACAO CAPES - PASSAGEM E DIARIA;90;APLICACOES DIRETAS;3;DESPESAS CORRENTES;3;OUTRAS DESPESAS CORRENTES;14;DIARIAS - PESSOAL CIVIL;339014;DIARIAS - PESSOAL CIVIL;00;RECURSOS PRIMARIOS DE LIVRE APLICACAO;14669991.51;;14669991.51;;14669991.51;2,672,735.60;11997255.91;11987636.89
2019;154003;FUND.COORD.DE APERF.DE PESSOAL NIVEL SUPERIOR;12;EDUCACAO;364;ENSINO SUPERIOR;2080;EDUCACAO DE QUALIDADE PARA TODOS;20RN;AVALIACAO DA EDUCACAO SUPERIOR E DA POS-GRADUACAO;0000;AVALIACAO DA EDUCACAO SUPERIOR E DA POS-GRADUACAO;12364208020RN0001;108448;NCCBUN99SCN;AVALIACAO CAPES - PASSAGEM E DIARIA;90;APLICACOES DIRETAS;3;DESPESAS CORRENTES;3;OUTRAS DESPESAS CORRENTES;15;DIARIAS - PESSOAL MILITAR;339015;DIARIAS - PESSOAL MILITAR;00;RECURSOS PRIMARIOS DE LIVRE APLICACAO;53,407.35;;53,407.35;;53,407.35;11,757.55;41,649.80;41,649.80
2019;154003;FUND.COORD.DE APERF.DE PESSOAL NIVEL SUPERIOR;12;EDUCACAO;364;ENSINO SUPERIOR;2080;EDUCACAO DE QUALIDADE PARA TODOS;20RN;AVALIACAO DA EDUCACAO SUPERIOR E DA POS-GRADUACAO;0000;AVALIACAO DA EDUCACAO SUPERIOR E DA POS-GRADUACAO;12364208020RN0001;108448;NCCBUN99SCN;AVALIACAO CAPES - PASSAGEM E DIARIA;90;APLICACOES DIRETAS;3;DESPESAS CORRENTES;3;OUTRAS DESPESAS CORRENTES;33;PASSAGENS E DESPESAS COM LOCOMOCAO;339033;PASSAGENS E DESPESAS COM LOCOMOCAO;00;RECURSOS PRIMARIOS DE LIVRE APLICACAO;38184898.18;;38184898.18;;38175898.18;1,997,104.80;35368793.38;35368793.38
2019;154003;FUND.COORD.DE APERF.DE PESSOAL NIVEL SUPERIOR;12;EDUCACAO;364;ENSINO SUPERIOR;2080;EDUCACAO DE QUALIDADE PARA TODOS;20RN;AVALIACAO DA EDUCACAO SUPERIOR E DA POS-GRADUACAO;0000;AVALIACAO DA EDUCACAO SUPERIOR E DA POS-GRADUACAO;12364208020RN0001;108448;NCCBUN99SCN;AVALIACAO CAPES - PASSAGEM E DIARIA;90;APLICACOES DIRETAS;3;DESPESAS CORRENTES;3;OUTRAS DESPESAS CORRENTES;36;OUTROS SERVICOS DE TERCEIROS - P.FISICA;339036;OUTROS SERVICOS DE TERCEIROS - PESSOA FISICA;00;RECURSOS PRIMARIOS DE LIVRE APLICACAO;5,539,631.95;;5,539,631.95;;5,539,631.95;1,770,793.60;3,768,217.05;3,764,042.75
2019;154003;FUND.COORD.DE APERF.DE PESSOAL NIVEL SUPERIOR;12;EDUCACAO;364;ENSINO SUPERIOR;2080;EDUCACAO DE QUALIDADE PARA TODOS;20RN;AVALIACAO DA EDUCACAO SUPERIOR E DA POS-GRADUACAO;0000;AVALIACAO DA EDUCACAO SUPERIOR E DA POS-GRADUACAO;12364208020RN0001;108448;NCCBUN99SCN;AVALIACAO CAPES - PASSAGEM E DIARIA;90;APLICACOES DIRETAS;3;DESPESAS CORRENTES;3;OUTRAS DESPESAS CORRENTES;39;OUTROS SERVICOS DE TERCEIROS PJ - OP.INT.ORC.;339039;OUTROS SERVICOS DE TERCEIROS - PESSOA JURIDICA;00;RECURSOS PRIMARIOS DE LIVRE APLICACAO;118,339.05;;118,339.05;;118,339.05;41,738.55;42,103.05;42,103.05
2019;154003;FUND.COORD.DE APERF.DE PESSOAL NIVEL SUPERIOR;12;EDUCACAO;364;ENSINO SUPERIOR;2080;EDUCACAO DE QUALIDADE PARA TODOS;20RN;AVALIACAO DA EDUCACAO SUPERIOR E DA POS-GRADUACAO;0000;AVALIACAO DA EDUCACAO SUPERIOR E DA POS-GRADUACAO;12364208020RN0001;108448;NCCBUN99SCN;AVALIACAO CAPES - PASSAGEM E DIARIA;90;APLICACOES DIRETAS;3;DESPESAS CORRENTES;3;OUTRAS DESPESAS CORRENTES;93;INDENIZACOES E RESTITUICOES;339093;INDENIZACOES E RESTITUICOES;00;RECURSOS PRIMARIOS DE LIVRE APLICACAO;99,968.07;;99,968.07;;99,262.57;368.55;83,894.02;83,377.24
2019;154003;FUND.COORD.DE APERF.DE PESSOAL NIVEL SUPERIOR;12;EDUCACAO;364;ENSINO SUPERIOR;2080;EDUCACAO DE QUALIDADE PARA TODOS;20RN;AVALIACAO DA EDUCACAO SUPERIOR E DA POS-GRADUACAO;0000;AVALIACAO DA EDUCACAO SUPERIOR E DA POS-GRADUACAO;12364208020RN0001;108448;NCCBUO99PAN;AVALIACAO CAPES - PRO-AREA;90;APLICACOES DIRETAS;3;DESPESAS CORRENTES;3;OUTRAS DESPESAS CORRENTES;20;AUXILIO FINANCEIRO A PESQUISADORES;339020;AUXILIO FINANCEIRO A PESQUISADORES;00;RECURSOS PRIMARIOS DE LIVRE APLICACAO;836,000.00;;836,000.00;;836,000.00;182,000.00;540,000.00;540,000.00
2019;154003;FUND.COORD.DE APERF.DE PESSOAL NIVEL SUPERIOR;12;EDUCACAO;364;ENSINO SUPERIOR;2080;EDUCACAO DE QUALIDADE PARA TODOS;20RN;AVALIACAO DA EDUCACAO SUPERIOR E DA POS-GRADUACAO;0000;AVALIACAO DA EDUCACAO SUPERIOR E DA POS-GRADUACAO;12364208020RN0001;108448;VCC80N99GAN;ADMINISTRACAO CAPES -DGES;90;APLICACOES DIRETAS;3;DESPESAS CORRENTES;3;OUTRAS DESPESAS CORRENTES;93;INDENIZACOES E RESTITUICOES;339093;INDENIZACOES E RESTITUICOES;00;RECURSOS PRIMARIOS DE LIVRE APLICACAO;0.00;;0.00;;;;;
2019;154003;FUND.COORD.DE APERF.DE PESSOAL NIVEL SUPERIOR;12;EDUCACAO;364;ENSINO SUPERIOR;2080;EDUCACAO DE QUALIDADE PARA TODOS;20RN;AVALIACAO DA EDUCACAO SUPERIOR E DA POS-GRADUACAO;0000;AVALIACAO DA EDUCACAO SUPERIOR E DA POS-GRADUACAO;12364208020RN0001;108448;VCC80N99TIN;ADMINISTRACAO CAPES - DTI;90;APLICACOES DIRETAS;3;DESPESAS CORRENTES;3;OUTRAS DESPESAS CORRENTES;40;SERVICOS DE TECNOLOGIA DA INFORMACAO E COMUNICACAO - PJ;339040;SERVICOS DE TECNOLOGIA DA INFORMACAO E COMUNICACAO - PJ;00;RECURSOS PRIMARIOS DE LIVRE APLICACAO;37527107.94;;37527107.94;;37527107.94;18763553.97;;
2019;154003;FUND.COORD.DE APERF.DE PESSOAL NIVEL SUPERIOR;12;EDUCACAO;364;ENSINO SUPERIOR;2109;PROGRAMA DE GESTAO E MANUTENCAO DO MINISTERIO DA EDUCACAO;20TP;ATIVOS CIVIS DA UNIAO;0000;ATIVOS CIVIS DA UNIAO;12364210920TP0053;087477;'-8;SEM INFORMACAO;90;APLICACOES DIRETAS;3;DESPESAS CORRENTES;1;PESSOAL E ENCARGOS SOCIAIS;00;[A DETALHAR];319000;APLICACOES DIRETAS;00;RECURSOS PRIMARIOS DE LIVRE APLICACAO;2,845,570.33;;2,845,570.33;;;;;
2019;154003;FUND.COORD.DE APERF.DE PESSOAL NIVEL SUPERIOR;12;EDUCACAO;364;ENSINO SUPERIOR;2109;PROGRAMA DE GESTAO E MANUTENCAO DO MINISTERIO DA EDUCACAO;20TP;ATIVOS CIVIS DA UNIAO;0000;ATIVOS CIVIS DA UNIAO;12364210920TP0053;087477;VCC80N99GAN;ADMINISTRACAO CAPES -DGES;90;APLICACOES DIRETAS;3;DESPESAS CORRENTES;1;PESSOAL E ENCARGOS SOCIAIS;04;CONTRATACAO POR TEMPO DETERMINADO - PES.CIVIL;319004;CONTRATACAO P/TEMPO DETERMINADO;00;RECURSOS PRIMARIOS DE LIVRE APLICACAO;12996075.54;;12996075.54;;12996075.54;4,384,096.96;8,611,978.58;7,423,780.67
2019;154003;FUND.COORD.DE APERF.DE PESSOAL NIVEL SUPERIOR;12;EDUCACAO;364;ENSINO SUPERIOR;2109;PROGRAMA DE GESTAO E MANUTENCAO DO MINISTERIO DA EDUCACAO;20TP;ATIVOS CIVIS DA UNIAO;0000;ATIVOS CIVIS DA UNIAO;12364210920TP0053;087477;VCC80N99GAN;ADMINISTRACAO CAPES -DGES;90;APLICACOES DIRETAS;3;DESPESAS CORRENTES;1;PESSOAL E ENCARGOS SOCIAIS;07;CONTRIBUICAO A ENTIDADE FECHADA PREVIDENCIA;319007;CONTRIB. A ENTIDADES FECHADAS DE PREVIDENCIA;00;RECURSOS PRIMARIOS DE LIVRE APLICACAO;6,353,905.11;;6,353,905.11;;6,353,905.11;1,502,012.14;4,851,892.97;4,126,582.45
2019;154003;FUND.COORD.DE APERF.DE PESSOAL NIVEL SUPERIOR;12;EDUCACAO;364;ENSINO SUPERIOR;2109;PROGRAMA DE GESTAO E MANUTENCAO DO MINISTERIO DA EDUCACAO;20TP;ATIVOS CIVIS DA UNIAO;0000;ATIVOS CIVIS DA UNIAO;12364210920TP0053;087477;VCC80N99GAN;ADMINISTRACAO CAPES -DGES;90;APLICACOES DIRETAS;3;DESPESAS CORRENTES;1;PESSOAL E ENCARGOS SOCIAIS;11;VENCIMENTOS E VANTAGENS FIXAS - PESSOAL CIVIL;319011;VENCIMENTOS E VANTAGENS FIXAS - PESSOAL CIVIL;00;RECURSOS PRIMARIOS DE LIVRE APLICACAO;774152982.89;;774152982.89;;774152981.89;320045357.82;454107624.07;410433097.47
2019;154003;FUND.COORD.DE APERF.DE PESSOAL NIVEL SUPERIOR;12;EDUCACAO;364;ENSINO SUPERIOR;2109;PROGRAMA DE GESTAO E MANUTENCAO DO MINISTERIO DA EDUCACAO;20TP;ATIVOS CIVIS DA UNIAO;0000;ATIVOS CIVIS DA UNIAO;12364210920TP0053;087477;VCC80N99GAN;ADMINISTRACAO CAPES -DGES;90;APLICACOES DIRETAS;3;DESPESAS CORRENTES;1;PESSOAL E ENCARGOS SOCIAIS;16;OUTRAS DESPESAS VARIAVEIS - PESSOAL CIVIL;319016;OUTRAS DESPESAS VARIAVEIS - PESSOAL CIVIL;00;RECURSOS PRIMARIOS DE LIVRE APLICACAO;5,782,495.34;;5,782,495.34;;5,782,495.34;1,892,177.64;3,890,317.70;3,403,306.69
2019;154003;FUND.COORD.DE APERF.DE PESSOAL NIVEL SUPERIOR;12;EDUCACAO;364;ENSINO SUPERIOR;2109;PROGRAMA DE GESTAO E MANUTENCAO DO MINISTERIO DA EDUCACAO;20TP;ATIVOS CIVIS DA UNIAO;0000;ATIVOS CIVIS DA UNIAO;12364210920TP0053;087477;VCC80N99GAN;ADMINISTRACAO CAPES -DGES;90;APLICACOES DIRETAS;3;DESPESAS CORRENTES;1;PESSOAL E ENCARGOS SOCIAIS;91;SENTENCAS JUDICIAIS;319091;SENTENCAS JUDICIAIS;00;RECURSOS PRIMARIOS DE LIVRE APLICACAO;599,453.67;;599,453.67;;599,453.67;103,188.35;496,265.32;424,402.91
2019;154003;FUND.COORD.DE APERF.DE PESSOAL NIVEL SUPERIOR;12;EDUCACAO;364;ENSINO SUPERIOR;2109;PROGRAMA DE GESTAO E MANUTENCAO DO MINISTERIO DA EDUCACAO;20TP;ATIVOS CIVIS DA UNIAO;0000;ATIVOS CIVIS DA UNIAO;12364210920TP0053;087477;VCC80N99GAN;ADMINISTRACAO CAPES -DGES;90;APLICACOES DIRETAS;3;DESPESAS CORRENTES;1;PESSOAL E ENCARGOS SOCIAIS;92;DESPESAS DE EXERCICIOS ANTERIORES;319092;DESPESAS DE EXERCICIOS ANTERIORES;00;RECURSOS PRIMARIOS DE LIVRE APLICACAO;811,140.58;;811,140.58;;552,535.96;14,162.08;538,373.88;481,534.61
2019;154003;FUND.COORD.DE APERF.DE PESSOAL NIVEL SUPERIOR;12;EDUCACAO;364;ENSINO SUPERIOR;2109;PROGRAMA DE GESTAO E MANUTENCAO DO MINISTERIO DA EDUCACAO;20TP;ATIVOS CIVIS DA UNIAO;0000;ATIVOS CIVIS DA UNIAO;12364210920TP0053;087477;VCC80N99GAN;ADMINISTRACAO CAPES -DGES;90;APLICACOES DIRETAS;3;DESPESAS CORRENTES;1;PESSOAL E ENCARGOS SOCIAIS;94;INDENIZACOES E RESTITUICOES TRABALHISTAS;319094;INDENIZACOES E RESTITUICOES TRABALHISTAS;00;RECURSOS PRIMARIOS DE LIVRE APLICACAO;766,450.93;;766,450.93;;766,450.93;416,852.93;349,598.00;321,859.09
2019;154003;FUND.COORD.DE APERF.DE PESSOAL NIVEL SUPERIOR;12;EDUCACAO;364;ENSINO SUPERIOR;2109;PROGRAMA DE GESTAO E MANUTENCAO DO MINISTERIO DA EDUCACAO;20TP;ATIVOS CIVIS DA UNIAO;0000;ATIVOS CIVIS DA UNIAO;12364210920TP0053;087477;VCC80N99GAN;ADMINISTRACAO CAPES -DGES;91;APLICACOES DIRETAS - OPERACOES INTERNAS;3;DESPESAS CORRENTES;1;PESSOAL E ENCARGOS SOCIAIS;13;OBRIGACOES PATRONAIS;319113;OBRIGACOES PATRONAIS - OP.INTRA-ORCAMENTARIAS;00;RECURSOS PRIMARIOS DE LIVRE APLICACAO;6,799,117.61;;6,799,117.61;;6,799,117.61;4,219,590.88;2,579,526.73;2,579,526.73
2019;154003;FUND.COORD.DE APERF.DE PESSOAL NIVEL SUPERIOR;12;EDUCACAO;368;EDUCACAO BASICA;2080;EDUCACAO DE QUALIDADE PARA TODOS;00O0;CONCESSAO DE BOLSAS DE APOIO A EDUCACAO BASICA;0000;CONCESSAO DE BOLSAS DE APOIO A EDUCACAO BASICA - DESPESAS DIVERSAS;12368208000O00001;130200;'-8;SEM INFORMACAO;90;APLICACOES DIRETAS;3;DESPESAS CORRENTES;3;OUTRAS DESPESAS CORRENTES;00;[A DETALHAR];339000;APLICACOES DIRETAS;00;RECURSOS PRIMARIOS DE LIVRE APLICACAO;1093000000.0;27000000.00;0.00;0.00;;;;
2019;154003;FUND.COORD.DE APERF.DE PESSOAL NIVEL SUPERIOR;12;EDUCACAO;368;EDUCACAO BASICA;2080;EDUCACAO DE QUALIDADE PARA TODOS;00O0;CONCESSAO DE BOLSAS DE APOIO A EDUCACAO BASICA;0000;CONCESSAO DE BOLSAS DE APOIO A EDUCACAO BASICA - DESPESAS DIVERSAS;12368208000O00001;130200;PCC69B1902N;PIBID-RESIDENCIA PEDAGOGICA;90;APLICACOES DIRETAS;3;DESPESAS CORRENTES;3;OUTRAS DESPESAS CORRENTES;18;AUXILIO FINANCEIRO A ESTUDANTES;339018;AUXILIO FINANCEIRO A ESTUDANTES;00;RECURSOS PRIMARIOS DE LIVRE APLICACAO;27000000.00;;27000000.00;;27000000.00;0.00;;
2019;154003;FUND.COORD.DE APERF.DE PESSOAL NIVEL SUPERIOR;12;EDUCACAO;368;EDUCACAO BASICA;2080;EDUCACAO DE QUALIDADE PARA TODOS;00O0;CONCESSAO DE BOLSAS DE APOIO A EDUCACAO BASICA;0001;EDUCACAO BASICA PRESENCIAL;12368208000O00001;108451;'-8;SEM INFORMACAO;90;APLICACOES DIRETAS;3;DESPESAS CORRENTES;3;OUTRAS DESPESAS CORRENTES;00;[A DETALHAR];339000;APLICACOES DIRETAS;08;FUNDO SOCIAL-PARC.DEST.EDUCACAO PUBL.E SAUDE;4093246379.2;;3458756235.2;738669113.00;;;;
2019;154003;FUND.COORD.DE APERF.DE PESSOAL NIVEL SUPERIOR;12;EDUCACAO;368;EDUCACAO BASICA;2080;EDUCACAO DE QUALIDADE PARA TODOS;00O0;CONCESSAO DE BOLSAS DE APOIO A EDUCACAO BASICA;0001;EDUCACAO BASICA PRESENCIAL;12368208000O00001;108451;'-8;SEM INFORMACAO;90;APLICACOES DIRETAS;3;DESPESAS CORRENTES;3;OUTRAS DESPESAS CORRENTES;;;;;86;REC.VINC.A APLIC.EM POLITICAS PUB.ESPECIFICAS;-39000000.00;39000000.00;0.00;;;;;
2019;154003;FUND.COORD.DE APERF.DE PESSOAL NIVEL SUPERIOR;12;EDUCACAO;368;EDUCACAO BASICA;2080;EDUCACAO DE QUALIDADE PARA TODOS;00O0;CONCESSAO DE BOLSAS DE APOIO A EDUCACAO BASICA;0001;EDUCACAO BASICA PRESENCIAL;12368208000O00001;108451;NCCCPO19BEN;BEX - BEX;90;APLICACOES DIRETAS;3;DESPESAS CORRENTES;3;OUTRAS DESPESAS CORRENTES;18;AUXILIO FINANCEIRO A ESTUDANTES;339018;AUXILIO FINANCEIRO A ESTUDANTES;08;FUNDO SOCIAL-PARC.DEST.EDUCACAO PUBL.E SAUDE;801,875.79;;801,875.79;;;;;
2019;154003;FUND.COORD.DE APERF.DE PESSOAL NIVEL SUPERIOR;12;EDUCACAO;368;EDUCACAO BASICA;2080;EDUCACAO DE QUALIDADE PARA TODOS;00O0;CONCESSAO DE BOLSAS DE APOIO A EDUCACAO BASICA;0001;EDUCACAO BASICA PRESENCIAL;12368208000O00001;108451;PCC69B1902N;PIBID-RESIDENCIA PEDAGOGICA;90;APLICACOES DIRETAS;3;DESPESAS CORRENTES;3;OUTRAS DESPESAS CORRENTES;18;AUXILIO FINANCEIRO A ESTUDANTES;339018;AUXILIO FINANCEIRO A ESTUDANTES;08;FUNDO SOCIAL-PARC.DEST.EDUCACAO PUBL.E SAUDE;1890840135.0;;1890840135.0;;1850840135.0;94053290.00;1748920590.0;1709714870.0
2019;154003;FUND.COORD.DE APERF.DE PESSOAL NIVEL SUPERIOR;12;EDUCACAO;368;EDUCACAO BASICA;2080;EDUCACAO DE QUALIDADE PARA TODOS;00O0;CONCESSAO DE BOLSAS DE APOIO A EDUCACAO BASICA;0001;EDUCACAO BASICA PRESENCIAL;12368208000O00001;108451;PCC69B2101N;PIBID - PIBID;90;APLICACOES DIRETAS;3;DESPESAS CORRENTES;3;OUTRAS DESPESAS CORRENTES;18;AUXILIO FINANCEIRO A ESTUDANTES;339018;AUXILIO FINANCEIRO A ESTUDANTES;08;FUNDO SOCIAL-PARC.DEST.EDUCACAO PUBL.E SAUDE;2371330440.0;;2371330440.0;;2321330440.0;113947435.00;2199765446.7;2148136571.7
2019;154003;FUND.COORD.DE APERF.DE PESSOAL NIVEL SUPERIOR;12;EDUCACAO;368;EDUCACAO BASICA;2080;EDUCACAO DE QUALIDADE PARA TODOS;00O0;CONCESSAO DE BOLSAS DE APOIO A EDUCACAO BASICA;0001;EDUCACAO BASICA PRESENCIAL;12368208000O00001;108451;PCC69B2101N;PIBID - PIBID;90;APLICACOES DIRETAS;3;DESPESAS CORRENTES;3;OUTRAS DESPESAS CORRENTES;;;;;86;REC.VINC.A APLIC.EM POLITICAS PUB.ESPECIFICAS;29400000.00;;29400000.00;;29400000.00;0.00;;
2019;154003;FUND.COORD.DE APERF.DE PESSOAL NIVEL SUPERIOR;12;EDUCACAO;368;EDUCACAO BASICA;2080;EDUCACAO DE QUALIDADE PARA TODOS;00O0;CONCESSAO DE BOLSAS DE APOIO A EDUCACAO BASICA;0001;EDUCACAO BASICA PRESENCIAL;12368208000O00001;108451;PCC92B5801N;PARFOR - PARFOR;90;APLICACOES DIRETAS;3;DESPESAS CORRENTES;3;OUTRAS DESPESAS CORRENTES;18;AUXILIO FINANCEIRO A ESTUDANTES;339018;AUXILIO FINANCEIRO A ESTUDANTES;08;FUNDO SOCIAL-PARC.DEST.EDUCACAO PUBL.E SAUDE;325825170.10;;325825170.10;;318325170.10;20803180.04;286226120.00;277377520.00
2019;154003;FUND.COORD.DE APERF.DE PESSOAL NIVEL SUPERIOR;12;EDUCACAO;368;EDUCACAO BASICA;2080;EDUCACAO DE QUALIDADE PARA TODOS;00O0;CONCESSAO DE BOLSAS DE APOIO A EDUCACAO BASICA;0001;EDUCACAO BASICA PRESENCIAL;12368208000O00001;108451;PCC92B5801N;PARFOR - PARFOR;90;APLICACOES DIRETAS;3;DESPESAS CORRENTES;3;OUTRAS DESPESAS CORRENTES;;;;;86;REC.VINC.A APLIC.EM POLITICAS PUB.ESPECIFICAS;9,600,000.00;;9,600,000.00;;9,600,000.00;0.00;;
2019;154003;FUND.COORD.DE APERF.DE PESSOAL NIVEL SUPERIOR;12;EDUCACAO;368;EDUCACAO BASICA;2080;EDUCACAO DE QUALIDADE PARA TODOS;00O0;CONCESSAO DE BOLSAS DE APOIO A EDUCACAO BASICA;0002;EDUCACAO BASICA A DISTANCIA;12368208000O00001;108453;'-8;SEM INFORMACAO;90;APLICACOES DIRETAS;3;DESPESAS CORRENTES;3;OUTRAS DESPESAS CORRENTES;00;[A DETALHAR];339000;APLICACOES DIRETAS;00;RECURSOS PRIMARIOS DE LIVRE APLICACAO;292201698.04;161900000.00;454101698.04;147699993.00;;;;
2019;154003;FUND.COORD.DE APERF.DE PESSOAL NIVEL SUPERIOR;12;EDUCACAO;368;EDUCACAO BASICA;2080;EDUCACAO DE QUALIDADE PARA TODOS;00O0;CONCESSAO DE BOLSAS DE APOIO A EDUCACAO BASICA;0002;EDUCACAO BASICA A DISTANCIA;12368208000O00001;108453;'-8;SEM INFORMACAO;90;APLICACOES DIRETAS;3;DESPESAS CORRENTES;3;OUTRAS DESPESAS CORRENTES;;;;;08;FUNDO SOCIAL-PARC.DEST.EDUCACAO PUBL.E SAUDE;-479667110.5;;154823033.48;;;;;
2019;154003;FUND.COORD.DE APERF.DE PESSOAL NIVEL SUPERIOR;12;EDUCACAO;368;EDUCACAO BASICA;2080;EDUCACAO DE QUALIDADE PARA TODOS;00O0;CONCESSAO DE BOLSAS DE APOIO A EDUCACAO BASICA;0002;EDUCACAO BASICA A DISTANCIA;12368208000O00001;108453;MCC62G22EDN;UAB - UAB TRADICIONAL;90;APLICACOES DIRETAS;3;DESPESAS CORRENTES;3;OUTRAS DESPESAS CORRENTES;18;AUXILIO FINANCEIRO A ESTUDANTES;339018;AUXILIO FINANCEIRO A ESTUDANTES;00;RECURSOS PRIMARIOS DE LIVRE APLICACAO;937800371.96;;937800371.96;;903800371.96;15379643.14;873239528.82;821902563.20
2019;154003;FUND.COORD.DE APERF.DE PESSOAL NIVEL SUPERIOR;12;EDUCACAO;368;EDUCACAO BASICA;2080;EDUCACAO DE QUALIDADE PARA TODOS;00O0;CONCESSAO DE BOLSAS DE APOIO A EDUCACAO BASICA;0002;EDUCACAO BASICA A DISTANCIA;12368208000O00001;108453;MCC62G22EDN;UAB - UAB TRADICIONAL;90;APLICACOES DIRETAS;3;DESPESAS CORRENTES;3;OUTRAS DESPESAS CORRENTES;;;;;08;FUNDO SOCIAL-PARC.DEST.EDUCACAO PUBL.E SAUDE;407509610.52;;407509610.52;;407509610.52;38060830.22;344855409.04;344319684.04
2019;154003;FUND.COORD.DE APERF.DE PESSOAL NIVEL SUPERIOR;12;EDUCACAO;368;EDUCACAO BASICA;2080;EDUCACAO DE QUALIDADE PARA TODOS;00O0;CONCESSAO DE BOLSAS DE APOIO A EDUCACAO BASICA;0002;EDUCACAO BASICA A DISTANCIA;12368208000O00001;108453;QCC62T58ATN;UAB - UAB PROFARTES;90;APLICACOES DIRETAS;3;DESPESAS CORRENTES;3;OUTRAS DESPESAS CORRENTES;18;AUXILIO FINANCEIRO A ESTUDANTES;339018;AUXILIO FINANCEIRO A ESTUDANTES;00;RECURSOS PRIMARIOS DE LIVRE APLICACAO;5,764,600.00;;5,764,600.00;;5,674,600.00;130,300.00;5,533,800.00;5,265,600.00
2019;154003;FUND.COORD.DE APERF.DE PESSOAL NIVEL SUPERIOR;12;EDUCACAO;368;EDUCACAO BASICA;2080;EDUCACAO DE QUALIDADE PARA TODOS;00O0;CONCESSAO DE BOLSAS DE APOIO A EDUCACAO BASICA;0002;EDUCACAO BASICA A DISTANCIA;12368208000O00001;108453;QCC62T58ATN;UAB - UAB PROFARTES;90;APLICACOES DIRETAS;3;DESPESAS CORRENTES;3;OUTRAS DESPESAS CORRENTES;;;;;08;FUNDO SOCIAL-PARC.DEST.EDUCACAO PUBL.E SAUDE;800,000.00;;800,000.00;;800,000.00;108,500.00;640,500.00;549,000.00
2019;154003;FUND.COORD.DE APERF.DE PESSOAL NIVEL SUPERIOR;12;EDUCACAO;368;EDUCACAO BASICA;2080;EDUCACAO DE QUALIDADE PARA TODOS;00O0;CONCESSAO DE BOLSAS DE APOIO A EDUCACAO BASICA;0002;EDUCACAO BASICA A DISTANCIA;12368208000O00001;108453;QCC62T58BIN;UAB - UAB PROFBIO;90;APLICACOES DIRETAS;3;DESPESAS CORRENTES;3;OUTRAS DESPESAS CORRENTES;18;AUXILIO FINANCEIRO A ESTUDANTES;339018;AUXILIO FINANCEIRO A ESTUDANTES;00;RECURSOS PRIMARIOS DE LIVRE APLICACAO;34194100.00;;34194100.00;;33265100.00;935,300.00;32316300.00;31599600.00
2019;154003;FUND.COORD.DE APERF.DE PESSOAL NIVEL SUPERIOR;12;EDUCACAO;368;EDUCACAO BASICA;2080;EDUCACAO DE QUALIDADE PARA TODOS;00O0;CONCESSAO DE BOLSAS DE APOIO A EDUCACAO BASICA;0002;EDUCACAO BASICA A DISTANCIA;12368208000O00001;108453;QCC62T58BIN;UAB - UAB PROFBIO;90;APLICACOES DIRETAS;3;DESPESAS CORRENTES;3;OUTRAS DESPESAS CORRENTES;;;;;08;FUNDO SOCIAL-PARC.DEST.EDUCACAO PUBL.E SAUDE;2,000,000.00;;2,000,000.00;;2,000,000.00;281,000.00;1,515,000.00;1,296,000.00
2019;154003;FUND.COORD.DE APERF.DE PESSOAL NIVEL SUPERIOR;12;EDUCACAO;368;EDUCACAO BASICA;2080;EDUCACAO DE QUALIDADE PARA TODOS;00O0;CONCESSAO DE BOLSAS DE APOIO A EDUCACAO BASICA;0002;EDUCACAO BASICA A DISTANCIA;12368208000O00001;108453;QCC62T58EFN;UAB-PROF EDUCACAO FISICA;90;APLICACOES DIRETAS;3;DESPESAS CORRENTES;3;OUTRAS DESPESAS CORRENTES;18;AUXILIO FINANCEIRO A ESTUDANTES;339018;AUXILIO FINANCEIRO A ESTUDANTES;00;RECURSOS PRIMARIOS DE LIVRE APLICACAO;3,680,130.00;;3,680,130.00;;3,680,130.00;354,000.00;3,326,130.00;3,164,130.00
2019;154003;FUND.COORD.DE APERF.DE PESSOAL NIVEL SUPERIOR;12;EDUCACAO;368;EDUCACAO BASICA;2080;EDUCACAO DE QUALIDADE PARA TODOS;00O0;CONCESSAO DE BOLSAS DE APOIO A EDUCACAO BASICA;0002;EDUCACAO BASICA A DISTANCIA;12368208000O00001;108453;QCC62T58EFN;UAB-PROF EDUCACAO FISICA;90;APLICACOES DIRETAS;3;DESPESAS CORRENTES;3;OUTRAS DESPESAS CORRENTES;;;;;08;FUNDO SOCIAL-PARC.DEST.EDUCACAO PUBL.E SAUDE;800,000.00;;800,000.00;;800,000.00;119,000.00;567,000.00;486,000.00
2019;154003;FUND.COORD.DE APERF.DE PESSOAL NIVEL SUPERIOR;12;EDUCACAO;368;EDUCACAO BASICA;2080;EDUCACAO DE QUALIDADE PARA TODOS;00O0;CONCESSAO DE BOLSAS DE APOIO A EDUCACAO BASICA;0002;EDUCACAO BASICA A DISTANCIA;12368208000O00001;108453;QCC62T58FIN;UAB - UAB PROFISICA;90;APLICACOES DIRETAS;3;DESPESAS CORRENTES;3;OUTRAS DESPESAS CORRENTES;18;AUXILIO FINANCEIRO A ESTUDANTES;339018;AUXILIO FINANCEIRO A ESTUDANTES;00;RECURSOS PRIMARIOS DE LIVRE APLICACAO;47026300.00;;47026300.00;;45878800.00;1,072,400.00;44036900.00;42890800.00
2019;154003;FUND.COORD.DE APERF.DE PESSOAL NIVEL SUPERIOR;12;EDUCACAO;368;EDUCACAO BASICA;2080;EDUCACAO DE QUALIDADE PARA TODOS;00O0;CONCESSAO DE BOLSAS DE APOIO A EDUCACAO BASICA;0002;EDUCACAO BASICA A DISTANCIA;12368208000O00001;108453;QCC62T58FIN;UAB - UAB PROFISICA;90;APLICACOES DIRETAS;3;DESPESAS CORRENTES;3;OUTRAS DESPESAS CORRENTES;;;;;08;FUNDO SOCIAL-PARC.DEST.EDUCACAO PUBL.E SAUDE;17492000.00;;17492000.00;;17492000.00;1,823,000.00;14761500.00;13450500.00
2019;154003;FUND.COORD.DE APERF.DE PESSOAL NIVEL SUPERIOR;12;EDUCACAO;368;EDUCACAO BASICA;2080;EDUCACAO DE QUALIDADE PARA TODOS;00O0;CONCESSAO DE BOLSAS DE APOIO A EDUCACAO BASICA;0002;EDUCACAO BASICA A DISTANCIA;12368208000O00001;108453;QCC62T58FLN;UAB - UAB PROFILOSOFIA;90;APLICACOES DIRETAS;3;DESPESAS CORRENTES;3;OUTRAS DESPESAS CORRENTES;18;AUXILIO FINANCEIRO A ESTUDANTES;339018;AUXILIO FINANCEIRO A ESTUDANTES;00;RECURSOS PRIMARIOS DE LIVRE APLICACAO;15824700.00;;15824700.00;;15462700.00;440,100.00;14998600.00;14529200.00
2019;154003;FUND.COORD.DE APERF.DE PESSOAL NIVEL SUPERIOR;12;EDUCACAO;368;EDUCACAO BASICA;2080;EDUCACAO DE QUALIDADE PARA TODOS;00O0;CONCESSAO DE BOLSAS DE APOIO A EDUCACAO BASICA;0002;EDUCACAO BASICA A DISTANCIA;12368208000O00001;108453;QCC62T58FLN;UAB - UAB PROFILOSOFIA;90;APLICACOES DIRETAS;3;DESPESAS CORRENTES;3;OUTRAS DESPESAS CORRENTES;;;;;08;FUNDO SOCIAL-PARC.DEST.EDUCACAO PUBL.E SAUDE;1,400,000.00;;1,400,000.00;;1,400,000.00;189,500.00;1,123,500.00;963,000.00
2019;154003;FUND.COORD.DE APERF.DE PESSOAL NIVEL SUPERIOR;12;EDUCACAO;368;EDUCACAO BASICA;2080;EDUCACAO DE QUALIDADE PARA TODOS;00O0;CONCESSAO DE BOLSAS DE APOIO A EDUCACAO BASICA;0002;EDUCACAO BASICA A DISTANCIA;12368208000O00001;108453;QCC62T58HIN;UAB - UAB PROFHISTORIA;90;APLICACOES DIRETAS;3;DESPESAS CORRENTES;3;OUTRAS DESPESAS CORRENTES;18;AUXILIO FINANCEIRO A ESTUDANTES;339018;AUXILIO FINANCEIRO A ESTUDANTES;00;RECURSOS PRIMARIOS DE LIVRE APLICACAO;30782200.00;;30782200.00;;30314700.00;976,100.00;29325100.00;29118200.00
2019;154003;FUND.COORD.DE APERF.DE PESSOAL NIVEL SUPERIOR;12;EDUCACAO;368;EDUCACAO BASICA;2080;EDUCACAO DE QUALIDADE PARA TODOS;00O0;CONCESSAO DE BOLSAS DE APOIO A EDUCACAO BASICA;0002;EDUCACAO BASICA A DISTANCIA;12368208000O00001;108453;QCC62T58HIN;UAB - UAB PROFHISTORIA;90;APLICACOES DIRETAS;3;DESPESAS CORRENTES;3;OUTRAS DESPESAS CORRENTES;;;;;08;FUNDO SOCIAL-PARC.DEST.EDUCACAO PUBL.E SAUDE;11186000.00;;11186000.00;;11186000.00;1,032,500.00;9,997,500.00;9,045,000.00
2019;154003;FUND.COORD.DE APERF.DE PESSOAL NIVEL SUPERIOR;12;EDUCACAO;368;EDUCACAO BASICA;2080;EDUCACAO DE QUALIDADE PARA TODOS;00O0;CONCESSAO DE BOLSAS DE APOIO A EDUCACAO BASICA;0002;EDUCACAO BASICA A DISTANCIA;12368208000O00001;108453;QCC62T58LEN;UAB - UAB PROFLETRAS;90;APLICACOES DIRETAS;3;DESPESAS CORRENTES;3;OUTRAS DESPESAS CORRENTES;18;AUXILIO FINANCEIRO A ESTUDANTES;339018;AUXILIO FINANCEIRO A ESTUDANTES;00;RECURSOS PRIMARIOS DE LIVRE APLICACAO;46835000.00;;46835000.00;;45289500.00;325,000.00;44922500.00;43382500.00
2019;154003;FUND.COORD.DE APERF.DE PESSOAL NIVEL SUPERIOR;12;EDUCACAO;368;EDUCACAO BASICA;2080;EDUCACAO DE QUALIDADE PARA TODOS;00O0;CONCESSAO DE BOLSAS DE APOIO A EDUCACAO BASICA;0002;EDUCACAO BASICA A DISTANCIA;12368208000O00001;108453;QCC62T58LEN;UAB - UAB PROFLETRAS;90;APLICACOES DIRETAS;3;DESPESAS CORRENTES;3;OUTRAS DESPESAS CORRENTES;;;;;08;FUNDO SOCIAL-PARC.DEST.EDUCACAO PUBL.E SAUDE;23099500.00;;23099500.00;;23099500.00;1,834,000.00;19929000.00;18513000.00
2019;154003;FUND.COORD.DE APERF.DE PESSOAL NIVEL SUPERIOR;12;EDUCACAO;368;EDUCACAO BASICA;2080;EDUCACAO DE QUALIDADE PARA TODOS;00O0;CONCESSAO DE BOLSAS DE APOIO A EDUCACAO BASICA;0002;EDUCACAO BASICA A DISTANCIA;12368208000O00001;108453;QCC62T58MAN;UAB - UAB PROFMAT;90;APLICACOES DIRETAS;3;DESPESAS CORRENTES;3;OUTRAS DESPESAS CORRENTES;18;AUXILIO FINANCEIRO A ESTUDANTES;339018;AUXILIO FINANCEIRO A ESTUDANTES;00;RECURSOS PRIMARIOS DE LIVRE APLICACAO;54593100.00;;54593100.00;;53338600.00;792,800.00;52500800.00;51501100.00
2019;154003;FUND.COORD.DE APERF.DE PESSOAL NIVEL SUPERIOR;12;EDUCACAO;368;EDUCACAO BASICA;2080;EDUCACAO DE QUALIDADE PARA TODOS;00O0;CONCESSAO DE BOLSAS DE APOIO A EDUCACAO BASICA;0002;EDUCACAO BASICA A DISTANCIA;12368208000O00001;108453;QCC62T58MAN;UAB - UAB PROFMAT;90;APLICACOES DIRETAS;3;DESPESAS CORRENTES;3;OUTRAS DESPESAS CORRENTES;;;;;08;FUNDO SOCIAL-PARC.DEST.EDUCACAO PUBL.E SAUDE;13380000.00;;13380000.00;;13380000.00;1,749,000.00;11265000.00;10251000.00
2019;154003;FUND.COORD.DE APERF.DE PESSOAL NIVEL SUPERIOR;12;EDUCACAO;368;EDUCACAO BASICA;2080;EDUCACAO DE QUALIDADE PARA TODOS;00O0;CONCESSAO DE BOLSAS DE APOIO A EDUCACAO BASICA;0002;EDUCACAO BASICA A DISTANCIA;12368208000O00001;108453;QCC62T58QUN;UAB - UAB PROFQUIMICA;90;APLICACOES DIRETAS;3;DESPESAS CORRENTES;3;OUTRAS DESPESAS CORRENTES;18;AUXILIO FINANCEIRO A ESTUDANTES;339018;AUXILIO FINANCEIRO A ESTUDANTES;00;RECURSOS PRIMARIOS DE LIVRE APLICACAO;16655700.00;;16655700.00;;16254700.00;381,600.00;15813100.00;15232700.00
2019;154003;FUND.COORD.DE APERF.DE PESSOAL NIVEL SUPERIOR;12;EDUCACAO;368;EDUCACAO BASICA;2080;EDUCACAO DE QUALIDADE PARA TODOS;00O0;CONCESSAO DE BOLSAS DE APOIO A EDUCACAO BASICA;0002;EDUCACAO BASICA A DISTANCIA;12368208000O00001;108453;QCC62T58QUN;UAB - UAB PROFQUIMICA;90;APLICACOES DIRETAS;3;DESPESAS CORRENTES;3;OUTRAS DESPESAS CORRENTES;;;;;08;FUNDO SOCIAL-PARC.DEST.EDUCACAO PUBL.E SAUDE;1,000,000.00;;1,000,000.00;;1,000,000.00;143,500.00;741,000.00;634,500.00
2019;154003;FUND.COORD.DE APERF.DE PESSOAL NIVEL SUPERIOR;12;EDUCACAO;368;EDUCACAO BASICA;2080;EDUCACAO DE QUALIDADE PARA TODOS;00O0;CONCESSAO DE BOLSAS DE APOIO A EDUCACAO BASICA;0002;EDUCACAO BASICA A DISTANCIA;12368208000O00001;108453;QCC62T58SON;UAB - PROFSOCIOLOGIA;90;APLICACOES DIRETAS;3;DESPESAS CORRENTES;3;OUTRAS DESPESAS CORRENTES;18;AUXILIO FINANCEIRO A ESTUDANTES;339018;AUXILIO FINANCEIRO A ESTUDANTES;00;RECURSOS PRIMARIOS DE LIVRE APLICACAO;7,042,100.00;;7,042,100.00;;6,862,600.00;404,500.00;6,453,600.00;6,264,600.00
2019;154003;FUND.COORD.DE APERF.DE PESSOAL NIVEL SUPERIOR;12;EDUCACAO;368;EDUCACAO BASICA;2080;EDUCACAO DE QUALIDADE PARA TODOS;00O0;CONCESSAO DE BOLSAS DE APOIO A EDUCACAO BASICA;0002;EDUCACAO BASICA A DISTANCIA;12368208000O00001;108453;QCC62T58SON;UAB - PROFSOCIOLOGIA;90;APLICACOES DIRETAS;3;DESPESAS CORRENTES;3;OUTRAS DESPESAS CORRENTES;;;;;08;FUNDO SOCIAL-PARC.DEST.EDUCACAO PUBL.E SAUDE;1,000,000.00;;1,000,000.00;;1,000,000.00;137,500.00;783,000.00;670,500.00
2019;154003;FUND.COORD.DE APERF.DE PESSOAL NIVEL SUPERIOR;12;EDUCACAO;368;EDUCACAO BASICA;2080;EDUCACAO DE QUALIDADE PARA TODOS;00O0;CONCESSAO DE BOLSAS DE APOIO A EDUCACAO BASICA;EREL;EMENDA DE RELATOR;12368208000O00001;159470;'-8;SEM INFORMACAO;90;APLICACOES DIRETAS;3;DESPESAS CORRENTES;3;OUTRAS DESPESAS CORRENTES;00;[A DETALHAR];339000;APLICACOES DIRETAS;00;RECURSOS PRIMARIOS DE LIVRE APLICACAO;(7299129.00);;695586086.00;693153043.00;;;;
2019;154003;FUND.COORD.DE APERF.DE PESSOAL NIVEL SUPERIOR;12;EDUCACAO;368;EDUCACAO BASICA;2080;EDUCACAO DE QUALIDADE PARA TODOS;00O0;CONCESSAO DE BOLSAS DE APOIO A EDUCACAO BASICA;EREL;EMENDA DE RELATOR;12368208000O00001;159470;MCC62G22EDN;UAB - UAB TRADICIONAL;90;APLICACOES DIRETAS;3;DESPESAS CORRENTES;3;OUTRAS DESPESAS CORRENTES;18;AUXILIO FINANCEIRO A ESTUDANTES;339018;AUXILIO FINANCEIRO A ESTUDANTES;00;RECURSOS PRIMARIOS DE LIVRE APLICACAO;7,299,129.00;;7,299,129.00;;7,299,129.00;0.00;;
2019;154003;FUND.COORD.DE APERF.DE PESSOAL NIVEL SUPERIOR;12;EDUCACAO;368;EDUCACAO BASICA;2080;EDUCACAO DE QUALIDADE PARA TODOS;20RJ;APOIO A CAPACITACAO E FORMACAO INICIAL E CONTINUADA PARA A E;0003;EDUCACAO BASICA PRESENCIAL;12368208020RJ0001;108455;'-8;SEM INFORMACAO;30;TRANSFER. A ESTADOS E AO DISTRITO FEDERAL;3;DESPESAS CORRENTES;3;OUTRAS DESPESAS CORRENTES;00;[A DETALHAR];333000;TRANSFER.  A ESTADOS E AO DISTRITO FEDERAL;00;RECURSOS PRIMARIOS DE LIVRE APLICACAO;44737899.90;;23737899.90;3,000,000.00;;;;
2019;154003;FUND.COORD.DE APERF.DE PESSOAL NIVEL SUPERIOR;12;EDUCACAO;368;EDUCACAO BASICA;2080;EDUCACAO DE QUALIDADE PARA TODOS;20RJ;APOIO A CAPACITACAO E FORMACAO INICIAL E CONTINUADA PARA A E;0003;EDUCACAO BASICA PRESENCIAL;12368208020RJ0001;108455;'-8;SEM INFORMACAO;40;TRANSFERENCIAS A MUNICIPIOS;3;DESPESAS CORRENTES;3;OUTRAS DESPESAS CORRENTES;00;[A DETALHAR];334000;TRANSFERENCIAS A MUNICIPIOS;00;RECURSOS PRIMARIOS DE LIVRE APLICACAO;186,600.00;;186,600.00;;;;;
2019;154003;FUND.COORD.DE APERF.DE PESSOAL NIVEL SUPERIOR;12;EDUCACAO;368;EDUCACAO BASICA;2080;EDUCACAO DE QUALIDADE PARA TODOS;20RJ;APOIO A CAPACITACAO E FORMACAO INICIAL E CONTINUADA PARA A E;0003;EDUCACAO BASICA PRESENCIAL;12368208020RJ0001;108455;'-8;SEM INFORMACAO;50;TRANSFERENCIA INSTITUICOES PRIVADAS SEM FINS LUCRATIVOS;3;DESPESAS CORRENTES;3;OUTRAS DESPESAS CORRENTES;00;[A DETALHAR];335000;TRANSFERENCIA INSTITUICOES PRIVADAS SEM FINS LUCRATIVOS;00;RECURSOS PRIMARIOS DE LIVRE APLICACAO;857,320.00;;857,320.00;;;;;
2019;154003;FUND.COORD.DE APERF.DE PESSOAL NIVEL SUPERIOR;12;EDUCACAO;368;EDUCACAO BASICA;2080;EDUCACAO DE QUALIDADE PARA TODOS;20RJ;APOIO A CAPACITACAO E FORMACAO INICIAL E CONTINUADA PARA A E;0003;EDUCACAO BASICA PRESENCIAL;12368208020RJ0001;108455;'-8;SEM INFORMACAO;90;APLICACOES DIRETAS;3;DESPESAS CORRENTES;3;OUTRAS DESPESAS CORRENTES;00;[A DETALHAR];339000;APLICACOES DIRETAS;00;RECURSOS PRIMARIOS DE LIVRE APLICACAO;104477530.66;;71497214.66;4,000,000.00;;;;
2019;154003;FUND.COORD.DE APERF.DE PESSOAL NIVEL SUPERIOR;12;EDUCACAO;368;EDUCACAO BASICA;2080;EDUCACAO DE QUALIDADE PARA TODOS;20RJ;APOIO A CAPACITACAO E FORMACAO INICIAL E CONTINUADA PARA A E;0003;EDUCACAO BASICA PRESENCIAL;12368208020RJ0001;108455;'-8;SEM INFORMACAO;91;APLICACOES DIRETAS - OPERACOES INTERNAS;3;DESPESAS CORRENTES;3;OUTRAS DESPESAS CORRENTES;00;[A DETALHAR];339100;APLICACOES DIRETAS - OPER.INTRA-ORCAMENTARIAS;00;RECURSOS PRIMARIOS DE LIVRE APLICACAO;69,594.00;;69,594.00;;;;;
2019;154003;FUND.COORD.DE APERF.DE PESSOAL NIVEL SUPERIOR;12;EDUCACAO;368;EDUCACAO BASICA;2080;EDUCACAO DE QUALIDADE PARA TODOS;20RJ;APOIO A CAPACITACAO E FORMACAO INICIAL E CONTINUADA PARA A E;0003;EDUCACAO BASICA PRESENCIAL;12368208020RJ0001;108455;PCC69B2003N;PROF LICENCIATURA;90;APLICACOES DIRETAS;3;DESPESAS CORRENTES;3;OUTRAS DESPESAS CORRENTES;20;AUXILIO FINANCEIRO A PESQUISADORES;339020;AUXILIO FINANCEIRO A PESQUISADORES;00;RECURSOS PRIMARIOS DE LIVRE APLICACAO;238,182.00;;238,182.00;;238,182.00;0.00;238,182.00;238,182.00
2019;154003;FUND.COORD.DE APERF.DE PESSOAL NIVEL SUPERIOR;12;EDUCACAO;368;EDUCACAO BASICA;2080;EDUCACAO DE QUALIDADE PARA TODOS;20RJ;APOIO A CAPACITACAO E FORMACAO INICIAL E CONTINUADA PARA A E;0003;EDUCACAO BASICA PRESENCIAL;12368208020RJ0001;108455;PCC92B5801N;PARFOR - PARFOR;30;TRANSFER. A ESTADOS E AO DISTRITO FEDERAL;3;DESPESAS CORRENTES;3;OUTRAS DESPESAS CORRENTES;41;CONTRIBUICOES;333041;CONTRIBUICOES;00;RECURSOS PRIMARIOS DE LIVRE APLICACAO;16312100.10;;16312100.10;;16271500.10;1,299,942.90;14971557.20;14098835.75
2019;154003;FUND.COORD.DE APERF.DE PESSOAL NIVEL SUPERIOR;12;EDUCACAO;368;EDUCACAO BASICA;2080;EDUCACAO DE QUALIDADE PARA TODOS;20RJ;APOIO A CAPACITACAO E FORMACAO INICIAL E CONTINUADA PARA A E;0003;EDUCACAO BASICA PRESENCIAL;12368208020RJ0001;108455;PCC92B5801N;PARFOR - PARFOR;40;TRANSFERENCIAS A MUNICIPIOS;3;DESPESAS CORRENTES;3;OUTRAS DESPESAS CORRENTES;41;CONTRIBUICOES;334041;CONTRIBUICOES;00;RECURSOS PRIMARIOS DE LIVRE APLICACAO;653,400.00;;653,400.00;;653,400.00;653,400.00;;
2019;154003;FUND.COORD.DE APERF.DE PESSOAL NIVEL SUPERIOR;12;EDUCACAO;368;EDUCACAO BASICA;2080;EDUCACAO DE QUALIDADE PARA TODOS;20RJ;APOIO A CAPACITACAO E FORMACAO INICIAL E CONTINUADA PARA A E;0003;EDUCACAO BASICA PRESENCIAL;12368208020RJ0001;108455;PCC92B5801N;PARFOR - PARFOR;50;TRANSFERENCIA INSTITUICOES PRIVADAS SEM FINS LUCRATIVOS;3;DESPESAS CORRENTES;3;OUTRAS DESPESAS CORRENTES;41;CONTRIBUICOES;335041;CONTRIBUICOES;00;RECURSOS PRIMARIOS DE LIVRE APLICACAO;4,200,000.00;;4,200,000.00;;4,200,000.00;360,000.00;3,840,000.00;3,840,000.00
2019;154003;FUND.COORD.DE APERF.DE PESSOAL NIVEL SUPERIOR;12;EDUCACAO;368;EDUCACAO BASICA;2080;EDUCACAO DE QUALIDADE PARA TODOS;20RJ;APOIO A CAPACITACAO E FORMACAO INICIAL E CONTINUADA PARA A E;0003;EDUCACAO BASICA PRESENCIAL;12368208020RJ0001;108455;PCC92B5801N;PARFOR - PARFOR;90;APLICACOES DIRETAS;3;DESPESAS CORRENTES;3;OUTRAS DESPESAS CORRENTES;00;[A DETALHAR];339000;APLICACOES DIRETAS;00;RECURSOS PRIMARIOS DE LIVRE APLICACAO;0.00;;0.00;;;;;
2019;154003;FUND.COORD.DE APERF.DE PESSOAL NIVEL SUPERIOR;12;EDUCACAO;368;EDUCACAO BASICA;2080;EDUCACAO DE QUALIDADE PARA TODOS;20RJ;APOIO A CAPACITACAO E FORMACAO INICIAL E CONTINUADA PARA A E;0003;EDUCACAO BASICA PRESENCIAL;12368208020RJ0001;108455;PCC92B5801N;PARFOR - PARFOR;90;APLICACOES DIRETAS;3;DESPESAS CORRENTES;3;OUTRAS DESPESAS CORRENTES;14;DIARIAS - PESSOAL CIVIL;339014;DIARIAS - PESSOAL CIVIL;00;RECURSOS PRIMARIOS DE LIVRE APLICACAO;8,271,855.71;;8,271,855.71;;;;;
2019;154003;FUND.COORD.DE APERF.DE PESSOAL NIVEL SUPERIOR;12;EDUCACAO;368;EDUCACAO BASICA;2080;EDUCACAO DE QUALIDADE PARA TODOS;20RJ;APOIO A CAPACITACAO E FORMACAO INICIAL E CONTINUADA PARA A E;0003;EDUCACAO BASICA PRESENCIAL;12368208020RJ0001;108455;PCC92B5801N;PARFOR - PARFOR;90;APLICACOES DIRETAS;3;DESPESAS CORRENTES;3;OUTRAS DESPESAS CORRENTES;18;AUXILIO FINANCEIRO A ESTUDANTES;339018;AUXILIO FINANCEIRO A ESTUDANTES;00;RECURSOS PRIMARIOS DE LIVRE APLICACAO;60,000.00;;60,000.00;;;;;
2019;154003;FUND.COORD.DE APERF.DE PESSOAL NIVEL SUPERIOR;12;EDUCACAO;368;EDUCACAO BASICA;2080;EDUCACAO DE QUALIDADE PARA TODOS;20RJ;APOIO A CAPACITACAO E FORMACAO INICIAL E CONTINUADA PARA A E;0003;EDUCACAO BASICA PRESENCIAL;12368208020RJ0001;108455;PCC92B5801N;PARFOR - PARFOR;90;APLICACOES DIRETAS;3;DESPESAS CORRENTES;3;OUTRAS DESPESAS CORRENTES;30;MATERIAL DE CONSUMO;339030;MATERIAL DE CONSUMO;00;RECURSOS PRIMARIOS DE LIVRE APLICACAO;4,373,229.88;;4,373,229.88;;;;;
2019;154003;FUND.COORD.DE APERF.DE PESSOAL NIVEL SUPERIOR;12;EDUCACAO;368;EDUCACAO BASICA;2080;EDUCACAO DE QUALIDADE PARA TODOS;20RJ;APOIO A CAPACITACAO E FORMACAO INICIAL E CONTINUADA PARA A E;0003;EDUCACAO BASICA PRESENCIAL;12368208020RJ0001;108455;PCC92B5801N;PARFOR - PARFOR;90;APLICACOES DIRETAS;3;DESPESAS CORRENTES;3;OUTRAS DESPESAS CORRENTES;33;PASSAGENS E DESPESAS COM LOCOMOCAO;339033;PASSAGENS E DESPESAS COM LOCOMOCAO;00;RECURSOS PRIMARIOS DE LIVRE APLICACAO;5,266,605.25;;5,266,605.25;;;;;
2019;154003;FUND.COORD.DE APERF.DE PESSOAL NIVEL SUPERIOR;12;EDUCACAO;368;EDUCACAO BASICA;2080;EDUCACAO DE QUALIDADE PARA TODOS;20RJ;APOIO A CAPACITACAO E FORMACAO INICIAL E CONTINUADA PARA A E;0003;EDUCACAO BASICA PRESENCIAL;12368208020RJ0001;108455;PCC92B5801N;PARFOR - PARFOR;90;APLICACOES DIRETAS;3;DESPESAS CORRENTES;3;OUTRAS DESPESAS CORRENTES;36;OUTROS SERVICOS DE TERCEIROS - P.FISICA;339036;OUTROS SERVICOS DE TERCEIROS - PESSOA FISICA;00;RECURSOS PRIMARIOS DE LIVRE APLICACAO;2,594,290.22;;2,594,290.22;;;;;
2019;154003;FUND.COORD.DE APERF.DE PESSOAL NIVEL SUPERIOR;12;EDUCACAO;368;EDUCACAO BASICA;2080;EDUCACAO DE QUALIDADE PARA TODOS;20RJ;APOIO A CAPACITACAO E FORMACAO INICIAL E CONTINUADA PARA A E;0003;EDUCACAO BASICA PRESENCIAL;12368208020RJ0001;108455;PCC92B5801N;PARFOR - PARFOR;90;APLICACOES DIRETAS;3;DESPESAS CORRENTES;3;OUTRAS DESPESAS CORRENTES;39;OUTROS SERVICOS DE TERCEIROS PJ - OP.INT.ORC.;339039;OUTROS SERVICOS DE TERCEIROS - PESSOA JURIDICA;00;RECURSOS PRIMARIOS DE LIVRE APLICACAO;73033424.40;;73033424.40;;;;;
2019;154003;FUND.COORD.DE APERF.DE PESSOAL NIVEL SUPERIOR;12;EDUCACAO;368;EDUCACAO BASICA;2080;EDUCACAO DE QUALIDADE PARA TODOS;20RJ;APOIO A CAPACITACAO E FORMACAO INICIAL E CONTINUADA PARA A E;0003;EDUCACAO BASICA PRESENCIAL;12368208020RJ0001;108455;PCC92B5801N;PARFOR - PARFOR;90;APLICACOES DIRETAS;3;DESPESAS CORRENTES;3;OUTRAS DESPESAS CORRENTES;47;OBRIGACOES TRIBUTARIAS E CONTRIBUTIVAS;339047;OBRIGACOES TRIBUTARIAS E CONTRIBUTIVAS;00;RECURSOS PRIMARIOS DE LIVRE APLICACAO;79,248.42;;79,248.42;;;;;
2019;154003;FUND.COORD.DE APERF.DE PESSOAL NIVEL SUPERIOR;12;EDUCACAO;368;EDUCACAO BASICA;2080;EDUCACAO DE QUALIDADE PARA TODOS;20RJ;APOIO A CAPACITACAO E FORMACAO INICIAL E CONTINUADA PARA A E;0003;EDUCACAO BASICA PRESENCIAL;12368208020RJ0001;108455;PCC92B5801N;PARFOR - PARFOR;90;APLICACOES DIRETAS;3;DESPESAS CORRENTES;3;OUTRAS DESPESAS CORRENTES;48;OUTROS AUXILIOS FINANCEIROS A PESSOAS FISICAS;339048;OUTROS AUXILIOS FINANCEIROS A PESSOA FISICA;00;RECURSOS PRIMARIOS DE LIVRE APLICACAO;330,193.50;;330,193.50;;;;;
2019;154003;FUND.COORD.DE APERF.DE PESSOAL NIVEL SUPERIOR;12;EDUCACAO;368;EDUCACAO BASICA;2080;EDUCACAO DE QUALIDADE PARA TODOS;20RJ;APOIO A CAPACITACAO E FORMACAO INICIAL E CONTINUADA PARA A E;0003;EDUCACAO BASICA PRESENCIAL;12368208020RJ0001;108455;PCC92B5801N;PARFOR - PARFOR;90;APLICACOES DIRETAS;3;DESPESAS CORRENTES;3;OUTRAS DESPESAS CORRENTES;92;DESPESAS DE EXERCICIOS ANTERIORES;339092;DESPESAS DE EXERCICIOS ANTERIORES;00;RECURSOS PRIMARIOS DE LIVRE APLICACAO;3,928.00;;3,928.00;;;;;
2019;154003;FUND.COORD.DE APERF.DE PESSOAL NIVEL SUPERIOR;12;EDUCACAO;368;EDUCACAO BASICA;2080;EDUCACAO DE QUALIDADE PARA TODOS;20RJ;APOIO A CAPACITACAO E FORMACAO INICIAL E CONTINUADA PARA A E;0003;EDUCACAO BASICA PRESENCIAL;12368208020RJ0001;108455;PCC92B5801N;PARFOR - PARFOR;90;APLICACOES DIRETAS;3;DESPESAS CORRENTES;3;OUTRAS DESPESAS CORRENTES;93;INDENIZACOES E RESTITUICOES;339093;INDENIZACOES E RESTITUICOES;00;RECURSOS PRIMARIOS DE LIVRE APLICACAO;235,597.96;;235,597.96;;;;;
2019;154003;FUND.COORD.DE APERF.DE PESSOAL NIVEL SUPERIOR;12;EDUCACAO;368;EDUCACAO BASICA;2080;EDUCACAO DE QUALIDADE PARA TODOS;20RJ;APOIO A CAPACITACAO E FORMACAO INICIAL E CONTINUADA PARA A E;0003;EDUCACAO BASICA PRESENCIAL;12368208020RJ0001;108455;PCC92B5801N;PARFOR - PARFOR;91;APLICACOES DIRETAS - OPERACOES INTERNAS;3;DESPESAS CORRENTES;3;OUTRAS DESPESAS CORRENTES;47;OBRIGACOES TRIBUTARIAS E CONTRIBUTIVAS;339147;OBRIG.TRIBUT.E CONTRIB-OP.INTRA-ORCAMENTARIAS;00;RECURSOS PRIMARIOS DE LIVRE APLICACAO;19,000.00;;19,000.00;;;;;
2019;154003;FUND.COORD.DE APERF.DE PESSOAL NIVEL SUPERIOR;12;EDUCACAO;368;EDUCACAO BASICA;2080;EDUCACAO DE QUALIDADE PARA TODOS;20RJ;APOIO A CAPACITACAO E FORMACAO INICIAL E CONTINUADA PARA A E;0004;EDUCACAO BASICA A DISTANCIA - SISTEMA UNIVERSIDADE ABERTA DO BRASIL (UAB);12368208020RJ0001;108456;'-8;SEM INFORMACAO;30;TRANSFER. A ESTADOS E AO DISTRITO FEDERAL;3;DESPESAS CORRENTES;3;OUTRAS DESPESAS CORRENTES;00;[A DETALHAR];333000;TRANSFER.  A ESTADOS E AO DISTRITO FEDERAL;00;RECURSOS PRIMARIOS DE LIVRE APLICACAO;207797361.34;;122484987.34;12187482.00;;;;
2019;154003;FUND.COORD.DE APERF.DE PESSOAL NIVEL SUPERIOR;12;EDUCACAO;368;EDUCACAO BASICA;2080;EDUCACAO DE QUALIDADE PARA TODOS;20RJ;APOIO A CAPACITACAO E FORMACAO INICIAL E CONTINUADA PARA A E;0004;EDUCACAO BASICA A DISTANCIA - SISTEMA UNIVERSIDADE ABERTA DO BRASIL (UAB);12368208020RJ0001;108456;'-8;SEM INFORMACAO;30;TRANSFER. A ESTADOS E AO DISTRITO FEDERAL;4;DESPESAS DE CAPITAL;4;INVESTIMENTOS;00;[A DETALHAR];443000;TRANSFERENCIAS A ESTADOS E DISTRITO FEDERAL;00;RECURSOS PRIMARIOS DE LIVRE APLICACAO;965,000.00;;965,000.00;;;;;
2019;154003;FUND.COORD.DE APERF.DE PESSOAL NIVEL SUPERIOR;12;EDUCACAO;368;EDUCACAO BASICA;2080;EDUCACAO DE QUALIDADE PARA TODOS;20RJ;APOIO A CAPACITACAO E FORMACAO INICIAL E CONTINUADA PARA A E;0004;EDUCACAO BASICA A DISTANCIA - SISTEMA UNIVERSIDADE ABERTA DO BRASIL (UAB);12368208020RJ0001;108456;'-8;SEM INFORMACAO;50;TRANSFERENCIA INSTITUICOES PRIVADAS SEM FINS LUCRATIVOS;3;DESPESAS CORRENTES;3;OUTRAS DESPESAS CORRENTES;00;[A DETALHAR];335000;TRANSFERENCIA INSTITUICOES PRIVADAS SEM FINS LUCRATIVOS;00;RECURSOS PRIMARIOS DE LIVRE APLICACAO;11469559.70;;11469559.70;;;;;
2019;154003;FUND.COORD.DE APERF.DE PESSOAL NIVEL SUPERIOR;12;EDUCACAO;368;EDUCACAO BASICA;2080;EDUCACAO DE QUALIDADE PARA TODOS;20RJ;APOIO A CAPACITACAO E FORMACAO INICIAL E CONTINUADA PARA A E;0004;EDUCACAO BASICA A DISTANCIA - SISTEMA UNIVERSIDADE ABERTA DO BRASIL (UAB);12368208020RJ0001;108456;'-8;SEM INFORMACAO;90;APLICACOES DIRETAS;3;DESPESAS CORRENTES;3;OUTRAS DESPESAS CORRENTES;00;[A DETALHAR];339000;APLICACOES DIRETAS;00;RECURSOS PRIMARIOS DE LIVRE APLICACAO;140187965.53;;145168281.53;8,400,000.00;;;;
2019;154003;FUND.COORD.DE APERF.DE PESSOAL NIVEL SUPERIOR;12;EDUCACAO;368;EDUCACAO BASICA;2080;EDUCACAO DE QUALIDADE PARA TODOS;20RJ;APOIO A CAPACITACAO E FORMACAO INICIAL E CONTINUADA PARA A E;0004;EDUCACAO BASICA A DISTANCIA - SISTEMA UNIVERSIDADE ABERTA DO BRASIL (UAB);12368208020RJ0001;108456;'-8;SEM INFORMACAO;90;APLICACOES DIRETAS;3;DESPESAS CORRENTES;3;OUTRAS DESPESAS CORRENTES;14;DIARIAS - PESSOAL CIVIL;339014;DIARIAS - PESSOAL CIVIL;00;RECURSOS PRIMARIOS DE LIVRE APLICACAO;0.00;;0.00;;;;;
2019;154003;FUND.COORD.DE APERF.DE PESSOAL NIVEL SUPERIOR;12;EDUCACAO;368;EDUCACAO BASICA;2080;EDUCACAO DE QUALIDADE PARA TODOS;20RJ;APOIO A CAPACITACAO E FORMACAO INICIAL E CONTINUADA PARA A E;0004;EDUCACAO BASICA A DISTANCIA - SISTEMA UNIVERSIDADE ABERTA DO BRASIL (UAB);12368208020RJ0001;108456;'-8;SEM INFORMACAO;90;APLICACOES DIRETAS;3;DESPESAS CORRENTES;3;OUTRAS DESPESAS CORRENTES;30;MATERIAL DE CONSUMO;339030;MATERIAL DE CONSUMO;00;RECURSOS PRIMARIOS DE LIVRE APLICACAO;0.00;;0.00;;;;;
2019;154003;FUND.COORD.DE APERF.DE PESSOAL NIVEL SUPERIOR;12;EDUCACAO;368;EDUCACAO BASICA;2080;EDUCACAO DE QUALIDADE PARA TODOS;20RJ;APOIO A CAPACITACAO E FORMACAO INICIAL E CONTINUADA PARA A E;0004;EDUCACAO BASICA A DISTANCIA - SISTEMA UNIVERSIDADE ABERTA DO BRASIL (UAB);12368208020RJ0001;108456;'-8;SEM INFORMACAO;90;APLICACOES DIRETAS;3;DESPESAS CORRENTES;3;OUTRAS DESPESAS CORRENTES;33;PASSAGENS E DESPESAS COM LOCOMOCAO;339033;PASSAGENS E DESPESAS COM LOCOMOCAO;00;RECURSOS PRIMARIOS DE LIVRE APLICACAO;0.00;;0.00;;;;;
2019;154003;FUND.COORD.DE APERF.DE PESSOAL NIVEL SUPERIOR;12;EDUCACAO;368;EDUCACAO BASICA;2080;EDUCACAO DE QUALIDADE PARA TODOS;20RJ;APOIO A CAPACITACAO E FORMACAO INICIAL E CONTINUADA PARA A E;0004;EDUCACAO BASICA A DISTANCIA - SISTEMA UNIVERSIDADE ABERTA DO BRASIL (UAB);12368208020RJ0001;108456;'-8;SEM INFORMACAO;90;APLICACOES DIRETAS;3;DESPESAS CORRENTES;3;OUTRAS DESPESAS CORRENTES;36;OUTROS SERVICOS DE TERCEIROS - P.FISICA;339036;OUTROS SERVICOS DE TERCEIROS - PESSOA FISICA;00;RECURSOS PRIMARIOS DE LIVRE APLICACAO;0.00;;0.00;;;;;
2019;154003;FUND.COORD.DE APERF.DE PESSOAL NIVEL SUPERIOR;12;EDUCACAO;368;EDUCACAO BASICA;2080;EDUCACAO DE QUALIDADE PARA TODOS;20RJ;APOIO A CAPACITACAO E FORMACAO INICIAL E CONTINUADA PARA A E;0004;EDUCACAO BASICA A DISTANCIA - SISTEMA UNIVERSIDADE ABERTA DO BRASIL (UAB);12368208020RJ0001;108456;'-8;SEM INFORMACAO;90;APLICACOES DIRETAS;4;DESPESAS DE CAPITAL;4;INVESTIMENTOS;00;[A DETALHAR];449000;APLICACOES DIRETAS;00;RECURSOS PRIMARIOS DE LIVRE APLICACAO;8,681,364.52;;5,093,738.52;512,518.00;;;;
2019;154003;FUND.COORD.DE APERF.DE PESSOAL NIVEL SUPERIOR;12;EDUCACAO;368;EDUCACAO BASICA;2080;EDUCACAO DE QUALIDADE PARA TODOS;20RJ;APOIO A CAPACITACAO E FORMACAO INICIAL E CONTINUADA PARA A E;0004;EDUCACAO BASICA A DISTANCIA - SISTEMA UNIVERSIDADE ABERTA DO BRASIL (UAB);12368208020RJ0001;108456;MCC62G22EDN;UAB - UAB TRADICIONAL;30;TRANSFER. A ESTADOS E AO DISTRITO FEDERAL;3;DESPESAS CORRENTES;3;OUTRAS DESPESAS CORRENTES;41;CONTRIBUICOES;333041;CONTRIBUICOES;00;RECURSOS PRIMARIOS DE LIVRE APLICACAO;65169318.34;;65169318.34;;64869318.34;3,538,435.54;60599450.01;60599450.01
2019;154003;FUND.COORD.DE APERF.DE PESSOAL NIVEL SUPERIOR;12;EDUCACAO;368;EDUCACAO BASICA;2080;EDUCACAO DE QUALIDADE PARA TODOS;20RJ;APOIO A CAPACITACAO E FORMACAO INICIAL E CONTINUADA PARA A E;0004;EDUCACAO BASICA A DISTANCIA - SISTEMA UNIVERSIDADE ABERTA DO BRASIL (UAB);12368208020RJ0001;108456;MCC62G22EDN;UAB - UAB TRADICIONAL;50;TRANSFERENCIA INSTITUICOES PRIVADAS SEM FINS LUCRATIVOS;3;DESPESAS CORRENTES;3;OUTRAS DESPESAS CORRENTES;14;DIARIAS - PESSOAL CIVIL;335014;DIARIAS - PESSOAL CIVIL;00;RECURSOS PRIMARIOS DE LIVRE APLICACAO;79,089.50;;79,089.50;;;;;
2019;154003;FUND.COORD.DE APERF.DE PESSOAL NIVEL SUPERIOR;12;EDUCACAO;368;EDUCACAO BASICA;2080;EDUCACAO DE QUALIDADE PARA TODOS;20RJ;APOIO A CAPACITACAO E FORMACAO INICIAL E CONTINUADA PARA A E;0004;EDUCACAO BASICA A DISTANCIA - SISTEMA UNIVERSIDADE ABERTA DO BRASIL (UAB);12368208020RJ0001;108456;MCC62G22EDN;UAB - UAB TRADICIONAL;50;TRANSFERENCIA INSTITUICOES PRIVADAS SEM FINS LUCRATIVOS;3;DESPESAS CORRENTES;3;OUTRAS DESPESAS CORRENTES;36;OUTROS SERVICOS DE TERCEIROS - P.FISICA;335036;OUTROS SERVICOS DE TERCEIROS - PESSOA FISICA;00;RECURSOS PRIMARIOS DE LIVRE APLICACAO;2,140,072.80;;2,140,072.80;;;;;
2019;154003;FUND.COORD.DE APERF.DE PESSOAL NIVEL SUPERIOR;12;EDUCACAO;368;EDUCACAO BASICA;2080;EDUCACAO DE QUALIDADE PARA TODOS;20RJ;APOIO A CAPACITACAO E FORMACAO INICIAL E CONTINUADA PARA A E;0004;EDUCACAO BASICA A DISTANCIA - SISTEMA UNIVERSIDADE ABERTA DO BRASIL (UAB);12368208020RJ0001;108456;MCC62G22EDN;UAB - UAB TRADICIONAL;90;APLICACOES DIRETAS;3;DESPESAS CORRENTES;3;OUTRAS DESPESAS CORRENTES;00;[A DETALHAR];339000;APLICACOES DIRETAS;00;RECURSOS PRIMARIOS DE LIVRE APLICACAO;0.00;;0.00;;;;;
2019;154003;FUND.COORD.DE APERF.DE PESSOAL NIVEL SUPERIOR;12;EDUCACAO;368;EDUCACAO BASICA;2080;EDUCACAO DE QUALIDADE PARA TODOS;20RJ;APOIO A CAPACITACAO E FORMACAO INICIAL E CONTINUADA PARA A E;0004;EDUCACAO BASICA A DISTANCIA - SISTEMA UNIVERSIDADE ABERTA DO BRASIL (UAB);12368208020RJ0001;108456;MCC62G22EDN;UAB - UAB TRADICIONAL;90;APLICACOES DIRETAS;3;DESPESAS CORRENTES;3;OUTRAS DESPESAS CORRENTES;14;DIARIAS - PESSOAL CIVIL;339014;DIARIAS - PESSOAL CIVIL;00;RECURSOS PRIMARIOS DE LIVRE APLICACAO;14417351.14;;14417351.14;;;;;
2019;154003;FUND.COORD.DE APERF.DE PESSOAL NIVEL SUPERIOR;12;EDUCACAO;368;EDUCACAO BASICA;2080;EDUCACAO DE QUALIDADE PARA TODOS;20RJ;APOIO A CAPACITACAO E FORMACAO INICIAL E CONTINUADA PARA A E;0004;EDUCACAO BASICA A DISTANCIA - SISTEMA UNIVERSIDADE ABERTA DO BRASIL (UAB);12368208020RJ0001;108456;MCC62G22EDN;UAB - UAB TRADICIONAL;90;APLICACOES DIRETAS;3;DESPESAS CORRENTES;3;OUTRAS DESPESAS CORRENTES;18;AUXILIO FINANCEIRO A ESTUDANTES;339018;AUXILIO FINANCEIRO A ESTUDANTES;00;RECURSOS PRIMARIOS DE LIVRE APLICACAO;2,994,230.93;;2,994,230.93;;;;;
2019;154003;FUND.COORD.DE APERF.DE PESSOAL NIVEL SUPERIOR;12;EDUCACAO;368;EDUCACAO BASICA;2080;EDUCACAO DE QUALIDADE PARA TODOS;20RJ;APOIO A CAPACITACAO E FORMACAO INICIAL E CONTINUADA PARA A E;0004;EDUCACAO BASICA A DISTANCIA - SISTEMA UNIVERSIDADE ABERTA DO BRASIL (UAB);12368208020RJ0001;108456;MCC62G22EDN;UAB - UAB TRADICIONAL;90;APLICACOES DIRETAS;3;DESPESAS CORRENTES;3;OUTRAS DESPESAS CORRENTES;20;AUXILIO FINANCEIRO A PESQUISADORES;339020;AUXILIO FINANCEIRO A PESQUISADORES;00;RECURSOS PRIMARIOS DE LIVRE APLICACAO;1,500,000.00;;1,500,000.00;;;;;
2019;154003;FUND.COORD.DE APERF.DE PESSOAL NIVEL SUPERIOR;12;EDUCACAO;368;EDUCACAO BASICA;2080;EDUCACAO DE QUALIDADE PARA TODOS;20RJ;APOIO A CAPACITACAO E FORMACAO INICIAL E CONTINUADA PARA A E;0004;EDUCACAO BASICA A DISTANCIA - SISTEMA UNIVERSIDADE ABERTA DO BRASIL (UAB);12368208020RJ0001;108456;MCC62G22EDN;UAB - UAB TRADICIONAL;90;APLICACOES DIRETAS;3;DESPESAS CORRENTES;3;OUTRAS DESPESAS CORRENTES;30;MATERIAL DE CONSUMO;339030;MATERIAL DE CONSUMO;00;RECURSOS PRIMARIOS DE LIVRE APLICACAO;6,411,206.48;;6,411,206.48;;;;;
2019;154003;FUND.COORD.DE APERF.DE PESSOAL NIVEL SUPERIOR;12;EDUCACAO;368;EDUCACAO BASICA;2080;EDUCACAO DE QUALIDADE PARA TODOS;20RJ;APOIO A CAPACITACAO E FORMACAO INICIAL E CONTINUADA PARA A E;0004;EDUCACAO BASICA A DISTANCIA - SISTEMA UNIVERSIDADE ABERTA DO BRASIL (UAB);12368208020RJ0001;108456;MCC62G22EDN;UAB - UAB TRADICIONAL;90;APLICACOES DIRETAS;3;DESPESAS CORRENTES;3;OUTRAS DESPESAS CORRENTES;33;PASSAGENS E DESPESAS COM LOCOMOCAO;339033;PASSAGENS E DESPESAS COM LOCOMOCAO;00;RECURSOS PRIMARIOS DE LIVRE APLICACAO;10486219.55;;10486219.55;;;;;
2019;154003;FUND.COORD.DE APERF.DE PESSOAL NIVEL SUPERIOR;12;EDUCACAO;368;EDUCACAO BASICA;2080;EDUCACAO DE QUALIDADE PARA TODOS;20RJ;APOIO A CAPACITACAO E FORMACAO INICIAL E CONTINUADA PARA A E;0004;EDUCACAO BASICA A DISTANCIA - SISTEMA UNIVERSIDADE ABERTA DO BRASIL (UAB);12368208020RJ0001;108456;MCC62G22EDN;UAB - UAB TRADICIONAL;90;APLICACOES DIRETAS;3;DESPESAS CORRENTES;3;OUTRAS DESPESAS CORRENTES;36;OUTROS SERVICOS DE TERCEIROS - P.FISICA;339036;OUTROS SERVICOS DE TERCEIROS - PESSOA FISICA;00;RECURSOS PRIMARIOS DE LIVRE APLICACAO;12971885.42;;12971885.42;;;;;
2019;154003;FUND.COORD.DE APERF.DE PESSOAL NIVEL SUPERIOR;12;EDUCACAO;368;EDUCACAO BASICA;2080;EDUCACAO DE QUALIDADE PARA TODOS;20RJ;APOIO A CAPACITACAO E FORMACAO INICIAL E CONTINUADA PARA A E;0004;EDUCACAO BASICA A DISTANCIA - SISTEMA UNIVERSIDADE ABERTA DO BRASIL (UAB);12368208020RJ0001;108456;MCC62G22EDN;UAB - UAB TRADICIONAL;90;APLICACOES DIRETAS;3;DESPESAS CORRENTES;3;OUTRAS DESPESAS CORRENTES;37;LOCACAO DE MAO-DE-OBRA;339037;LOCACAO DE MAO-DE-OBRA;00;RECURSOS PRIMARIOS DE LIVRE APLICACAO;30371453.74;;30371453.74;;;;;
2019;154003;FUND.COORD.DE APERF.DE PESSOAL NIVEL SUPERIOR;12;EDUCACAO;368;EDUCACAO BASICA;2080;EDUCACAO DE QUALIDADE PARA TODOS;20RJ;APOIO A CAPACITACAO E FORMACAO INICIAL E CONTINUADA PARA A E;0004;EDUCACAO BASICA A DISTANCIA - SISTEMA UNIVERSIDADE ABERTA DO BRASIL (UAB);12368208020RJ0001;108456;MCC62G22EDN;UAB - UAB TRADICIONAL;90;APLICACOES DIRETAS;3;DESPESAS CORRENTES;3;OUTRAS DESPESAS CORRENTES;39;OUTROS SERVICOS DE TERCEIROS PJ - OP.INT.ORC.;339039;OUTROS SERVICOS DE TERCEIROS - PESSOA JURIDICA;00;RECURSOS PRIMARIOS DE LIVRE APLICACAO;110465724.12;;110465724.12;;;;;
2019;154003;FUND.COORD.DE APERF.DE PESSOAL NIVEL SUPERIOR;12;EDUCACAO;368;EDUCACAO BASICA;2080;EDUCACAO DE QUALIDADE PARA TODOS;20RJ;APOIO A CAPACITACAO E FORMACAO INICIAL E CONTINUADA PARA A E;0004;EDUCACAO BASICA A DISTANCIA - SISTEMA UNIVERSIDADE ABERTA DO BRASIL (UAB);12368208020RJ0001;108456;MCC62G22EDN;UAB - UAB TRADICIONAL;90;APLICACOES DIRETAS;3;DESPESAS CORRENTES;3;OUTRAS DESPESAS CORRENTES;40;SERVICOS DE TECNOLOGIA DA INFORMACAO E COMUNICACAO - PJ;339040;SERVICOS DE TECNOLOGIA DA INFORMACAO E COMUNICACAO - PJ;00;RECURSOS PRIMARIOS DE LIVRE APLICACAO;1,985,785.43;;1,985,785.43;;;;;
2019;154003;FUND.COORD.DE APERF.DE PESSOAL NIVEL SUPERIOR;12;EDUCACAO;368;EDUCACAO BASICA;2080;EDUCACAO DE QUALIDADE PARA TODOS;20RJ;APOIO A CAPACITACAO E FORMACAO INICIAL E CONTINUADA PARA A E;0004;EDUCACAO BASICA A DISTANCIA - SISTEMA UNIVERSIDADE ABERTA DO BRASIL (UAB);12368208020RJ0001;108456;MCC62G22EDN;UAB - UAB TRADICIONAL;90;APLICACOES DIRETAS;3;DESPESAS CORRENTES;3;OUTRAS DESPESAS CORRENTES;47;OBRIGACOES TRIBUTARIAS E CONTRIBUTIVAS;339047;OBRIGACOES TRIBUTARIAS E CONTRIBUTIVAS;00;RECURSOS PRIMARIOS DE LIVRE APLICACAO;1,820,273.92;;1,820,273.92;;;;;
2019;154003;FUND.COORD.DE APERF.DE PESSOAL NIVEL SUPERIOR;12;EDUCACAO;368;EDUCACAO BASICA;2080;EDUCACAO DE QUALIDADE PARA TODOS;20RJ;APOIO A CAPACITACAO E FORMACAO INICIAL E CONTINUADA PARA A E;0004;EDUCACAO BASICA A DISTANCIA - SISTEMA UNIVERSIDADE ABERTA DO BRASIL (UAB);12368208020RJ0001;108456;MCC62G22EDN;UAB - UAB TRADICIONAL;90;APLICACOES DIRETAS;3;DESPESAS CORRENTES;3;OUTRAS DESPESAS CORRENTES;92;DESPESAS DE EXERCICIOS ANTERIORES;339092;DESPESAS DE EXERCICIOS ANTERIORES;00;RECURSOS PRIMARIOS DE LIVRE APLICACAO;17,611.02;;17,611.02;;;;;
2019;154003;FUND.COORD.DE APERF.DE PESSOAL NIVEL SUPERIOR;12;EDUCACAO;368;EDUCACAO BASICA;2080;EDUCACAO DE QUALIDADE PARA TODOS;20RJ;APOIO A CAPACITACAO E FORMACAO INICIAL E CONTINUADA PARA A E;0004;EDUCACAO BASICA A DISTANCIA - SISTEMA UNIVERSIDADE ABERTA DO BRASIL (UAB);12368208020RJ0001;108456;MCC62G22EDN;UAB - UAB TRADICIONAL;90;APLICACOES DIRETAS;3;DESPESAS CORRENTES;3;OUTRAS DESPESAS CORRENTES;93;INDENIZACOES E RESTITUICOES;339093;INDENIZACOES E RESTITUICOES;00;RECURSOS PRIMARIOS DE LIVRE APLICACAO;302,906.46;;302,906.46;;;;;
2019;154003;FUND.COORD.DE APERF.DE PESSOAL NIVEL SUPERIOR;12;EDUCACAO;368;EDUCACAO BASICA;2080;EDUCACAO DE QUALIDADE PARA TODOS;20RJ;APOIO A CAPACITACAO E FORMACAO INICIAL E CONTINUADA PARA A E;0004;EDUCACAO BASICA A DISTANCIA - SISTEMA UNIVERSIDADE ABERTA DO BRASIL (UAB);12368208020RJ0001;108456;MCC62G22EDN;UAB - UAB TRADICIONAL;90;APLICACOES DIRETAS;4;DESPESAS DE CAPITAL;4;INVESTIMENTOS;52;EQUIPAMENTOS E MATERIAL PERMANENTE;449052;EQUIPAMENTOS E MATERIAL PERMANENTE;00;RECURSOS PRIMARIOS DE LIVRE APLICACAO;1,553,635.48;;1,553,635.48;;;;;
2019;154003;FUND.COORD.DE APERF.DE PESSOAL NIVEL SUPERIOR;12;EDUCACAO;368;EDUCACAO BASICA;2080;EDUCACAO DE QUALIDADE PARA TODOS;20RJ;APOIO A CAPACITACAO E FORMACAO INICIAL E CONTINUADA PARA A E;0004;EDUCACAO BASICA A DISTANCIA - SISTEMA UNIVERSIDADE ABERTA DO BRASIL (UAB);12368208020RJ0001;108456;MCC62G22EDN;UAB - UAB TRADICIONAL;90;APLICACOES DIRETAS;4;DESPESAS DE CAPITAL;4;INVESTIMENTOS;92;DESPESAS DE EXERCICIOS ANTERIORES;449092;DESPESAS DE EXERCICIOS ANTERIORES;00;RECURSOS PRIMARIOS DE LIVRE APLICACAO;0.00;;0.00;;;;;
2019;154003;FUND.COORD.DE APERF.DE PESSOAL NIVEL SUPERIOR;12;EDUCACAO;368;EDUCACAO BASICA;2080;EDUCACAO DE QUALIDADE PARA TODOS;20RJ;APOIO A CAPACITACAO E FORMACAO INICIAL E CONTINUADA PARA A E;0004;EDUCACAO BASICA A DISTANCIA - SISTEMA UNIVERSIDADE ABERTA DO BRASIL (UAB);12368208020RJ0001;108456;MCC62G22EDN;UAB - UAB TRADICIONAL;91;APLICACOES DIRETAS - OPERACOES INTERNAS;3;DESPESAS CORRENTES;3;OUTRAS DESPESAS CORRENTES;47;OBRIGACOES TRIBUTARIAS E CONTRIBUTIVAS;339147;OBRIG.TRIBUT.E CONTRIB-OP.INTRA-ORCAMENTARIAS;00;RECURSOS PRIMARIOS DE LIVRE APLICACAO;16,000.00;;16,000.00;;;;;
2019;154003;FUND.COORD.DE APERF.DE PESSOAL NIVEL SUPERIOR;12;EDUCACAO;368;EDUCACAO BASICA;2080;EDUCACAO DE QUALIDADE PARA TODOS;20RJ;APOIO A CAPACITACAO E FORMACAO INICIAL E CONTINUADA PARA A E;0004;EDUCACAO BASICA A DISTANCIA - SISTEMA UNIVERSIDADE ABERTA DO BRASIL (UAB);12368208020RJ0001;108456;QCC62T58BIN;UAB - UAB PROFBIO;90;APLICACOES DIRETAS;3;DESPESAS CORRENTES;3;OUTRAS DESPESAS CORRENTES;39;OUTROS SERVICOS DE TERCEIROS PJ - OP.INT.ORC.;339039;OUTROS SERVICOS DE TERCEIROS - PESSOA JURIDICA;00;RECURSOS PRIMARIOS DE LIVRE APLICACAO;2,400,309.30;;2,400,309.30;;;;;
2019;154003;FUND.COORD.DE APERF.DE PESSOAL NIVEL SUPERIOR;12;EDUCACAO;368;EDUCACAO BASICA;2080;EDUCACAO DE QUALIDADE PARA TODOS;20RJ;APOIO A CAPACITACAO E FORMACAO INICIAL E CONTINUADA PARA A E;0004;EDUCACAO BASICA A DISTANCIA - SISTEMA UNIVERSIDADE ABERTA DO BRASIL (UAB);12368208020RJ0001;108456;QCC62T58EFN;UAB-PROF EDUCACAO FISICA;30;TRANSFER. A ESTADOS E AO DISTRITO FEDERAL;3;DESPESAS CORRENTES;3;OUTRAS DESPESAS CORRENTES;41;CONTRIBUICOES;333041;CONTRIBUICOES;00;RECURSOS PRIMARIOS DE LIVRE APLICACAO;4,369,850.80;;4,369,850.80;;4,369,850.80;0.00;4,369,850.80;4,369,850.80
2019;154003;FUND.COORD.DE APERF.DE PESSOAL NIVEL SUPERIOR;12;EDUCACAO;368;EDUCACAO BASICA;2080;EDUCACAO DE QUALIDADE PARA TODOS;20RJ;APOIO A CAPACITACAO E FORMACAO INICIAL E CONTINUADA PARA A E;0004;EDUCACAO BASICA A DISTANCIA - SISTEMA UNIVERSIDADE ABERTA DO BRASIL (UAB);12368208020RJ0001;108456;QCC62T58FIN;UAB - UAB PROFISICA;50;TRANSFERENCIA INSTITUICOES PRIVADAS SEM FINS LUCRATIVOS;3;DESPESAS CORRENTES;3;OUTRAS DESPESAS CORRENTES;41;CONTRIBUICOES;335041;CONTRIBUICOES;00;RECURSOS PRIMARIOS DE LIVRE APLICACAO;9,195,288.20;;9,195,288.20;;9,195,288.20;0.00;9,195,288.20;9,195,288.20
2019;154003;FUND.COORD.DE APERF.DE PESSOAL NIVEL SUPERIOR;12;EDUCACAO;368;EDUCACAO BASICA;2080;EDUCACAO DE QUALIDADE PARA TODOS;20RJ;APOIO A CAPACITACAO E FORMACAO INICIAL E CONTINUADA PARA A E;0004;EDUCACAO BASICA A DISTANCIA - SISTEMA UNIVERSIDADE ABERTA DO BRASIL (UAB);12368208020RJ0001;108456;QCC62T58FLN;UAB - UAB PROFILOSOFIA;90;APLICACOES DIRETAS;3;DESPESAS CORRENTES;3;OUTRAS DESPESAS CORRENTES;39;OUTROS SERVICOS DE TERCEIROS PJ - OP.INT.ORC.;339039;OUTROS SERVICOS DE TERCEIROS - PESSOA JURIDICA;00;RECURSOS PRIMARIOS DE LIVRE APLICACAO;1,500,000.00;;1,500,000.00;;;;;
2019;154003;FUND.COORD.DE APERF.DE PESSOAL NIVEL SUPERIOR;12;EDUCACAO;368;EDUCACAO BASICA;2080;EDUCACAO DE QUALIDADE PARA TODOS;20RJ;APOIO A CAPACITACAO E FORMACAO INICIAL E CONTINUADA PARA A E;0004;EDUCACAO BASICA A DISTANCIA - SISTEMA UNIVERSIDADE ABERTA DO BRASIL (UAB);12368208020RJ0001;108456;QCC62T58HIN;UAB - UAB PROFHISTORIA;30;TRANSFER. A ESTADOS E AO DISTRITO FEDERAL;3;DESPESAS CORRENTES;3;OUTRAS DESPESAS CORRENTES;41;CONTRIBUICOES;333041;CONTRIBUICOES;00;RECURSOS PRIMARIOS DE LIVRE APLICACAO;1,437,815.90;;1,437,815.90;;1,437,815.90;0.00;1,437,815.90;1,437,815.90
2019;154003;FUND.COORD.DE APERF.DE PESSOAL NIVEL SUPERIOR;12;EDUCACAO;368;EDUCACAO BASICA;2080;EDUCACAO DE QUALIDADE PARA TODOS;20RJ;APOIO A CAPACITACAO E FORMACAO INICIAL E CONTINUADA PARA A E;0004;EDUCACAO BASICA A DISTANCIA - SISTEMA UNIVERSIDADE ABERTA DO BRASIL (UAB);12368208020RJ0001;108456;QCC62T58HIN;UAB - UAB PROFHISTORIA;50;TRANSFERENCIA INSTITUICOES PRIVADAS SEM FINS LUCRATIVOS;3;DESPESAS CORRENTES;3;OUTRAS DESPESAS CORRENTES;41;CONTRIBUICOES;335041;CONTRIBUICOES;00;RECURSOS PRIMARIOS DE LIVRE APLICACAO;162,569.00;;162,569.00;;162,569.00;118,232.00;;
2019;154003;FUND.COORD.DE APERF.DE PESSOAL NIVEL SUPERIOR;12;EDUCACAO;368;EDUCACAO BASICA;2080;EDUCACAO DE QUALIDADE PARA TODOS;20RJ;APOIO A CAPACITACAO E FORMACAO INICIAL E CONTINUADA PARA A E;0004;EDUCACAO BASICA A DISTANCIA - SISTEMA UNIVERSIDADE ABERTA DO BRASIL (UAB);12368208020RJ0001;108456;QCC62T58HIN;UAB - UAB PROFHISTORIA;90;APLICACOES DIRETAS;3;DESPESAS CORRENTES;3;OUTRAS DESPESAS CORRENTES;00;[A DETALHAR];339000;APLICACOES DIRETAS;00;RECURSOS PRIMARIOS DE LIVRE APLICACAO;0.00;;0.00;;;;;
2019;154003;FUND.COORD.DE APERF.DE PESSOAL NIVEL SUPERIOR;12;EDUCACAO;368;EDUCACAO BASICA;2080;EDUCACAO DE QUALIDADE PARA TODOS;20RJ;APOIO A CAPACITACAO E FORMACAO INICIAL E CONTINUADA PARA A E;0004;EDUCACAO BASICA A DISTANCIA - SISTEMA UNIVERSIDADE ABERTA DO BRASIL (UAB);12368208020RJ0001;108456;QCC62T58HIN;UAB - UAB PROFHISTORIA;90;APLICACOES DIRETAS;3;DESPESAS CORRENTES;3;OUTRAS DESPESAS CORRENTES;14;DIARIAS - PESSOAL CIVIL;339014;DIARIAS - PESSOAL CIVIL;00;RECURSOS PRIMARIOS DE LIVRE APLICACAO;1,255,827.77;;1,255,827.77;;;;;
2019;154003;FUND.COORD.DE APERF.DE PESSOAL NIVEL SUPERIOR;12;EDUCACAO;368;EDUCACAO BASICA;2080;EDUCACAO DE QUALIDADE PARA TODOS;20RJ;APOIO A CAPACITACAO E FORMACAO INICIAL E CONTINUADA PARA A E;0004;EDUCACAO BASICA A DISTANCIA - SISTEMA UNIVERSIDADE ABERTA DO BRASIL (UAB);12368208020RJ0001;108456;QCC62T58HIN;UAB - UAB PROFHISTORIA;90;APLICACOES DIRETAS;3;DESPESAS CORRENTES;3;OUTRAS DESPESAS CORRENTES;18;AUXILIO FINANCEIRO A ESTUDANTES;339018;AUXILIO FINANCEIRO A ESTUDANTES;00;RECURSOS PRIMARIOS DE LIVRE APLICACAO;1,490,358.19;;1,490,358.19;;;;;
2019;154003;FUND.COORD.DE APERF.DE PESSOAL NIVEL SUPERIOR;12;EDUCACAO;368;EDUCACAO BASICA;2080;EDUCACAO DE QUALIDADE PARA TODOS;20RJ;APOIO A CAPACITACAO E FORMACAO INICIAL E CONTINUADA PARA A E;0004;EDUCACAO BASICA A DISTANCIA - SISTEMA UNIVERSIDADE ABERTA DO BRASIL (UAB);12368208020RJ0001;108456;QCC62T58HIN;UAB - UAB PROFHISTORIA;90;APLICACOES DIRETAS;3;DESPESAS CORRENTES;3;OUTRAS DESPESAS CORRENTES;20;AUXILIO FINANCEIRO A PESQUISADORES;339020;AUXILIO FINANCEIRO A PESQUISADORES;00;RECURSOS PRIMARIOS DE LIVRE APLICACAO;1,280,472.00;;1,280,472.00;;780,472.00;0.00;780,472.00;780,472.00
2019;154003;FUND.COORD.DE APERF.DE PESSOAL NIVEL SUPERIOR;12;EDUCACAO;368;EDUCACAO BASICA;2080;EDUCACAO DE QUALIDADE PARA TODOS;20RJ;APOIO A CAPACITACAO E FORMACAO INICIAL E CONTINUADA PARA A E;0004;EDUCACAO BASICA A DISTANCIA - SISTEMA UNIVERSIDADE ABERTA DO BRASIL (UAB);12368208020RJ0001;108456;QCC62T58HIN;UAB - UAB PROFHISTORIA;90;APLICACOES DIRETAS;3;DESPESAS CORRENTES;3;OUTRAS DESPESAS CORRENTES;30;MATERIAL DE CONSUMO;339030;MATERIAL DE CONSUMO;00;RECURSOS PRIMARIOS DE LIVRE APLICACAO;640,806.84;;640,806.84;;;;;
2019;154003;FUND.COORD.DE APERF.DE PESSOAL NIVEL SUPERIOR;12;EDUCACAO;368;EDUCACAO BASICA;2080;EDUCACAO DE QUALIDADE PARA TODOS;20RJ;APOIO A CAPACITACAO E FORMACAO INICIAL E CONTINUADA PARA A E;0004;EDUCACAO BASICA A DISTANCIA - SISTEMA UNIVERSIDADE ABERTA DO BRASIL (UAB);12368208020RJ0001;108456;QCC62T58HIN;UAB - UAB PROFHISTORIA;90;APLICACOES DIRETAS;3;DESPESAS CORRENTES;3;OUTRAS DESPESAS CORRENTES;32;MATERIAL, BEM OU SERVICO PARA DIST.GRATUITA;339032;MATERIAL, BEM OU SERVICO P/ DISTRIB. GRATUITA;00;RECURSOS PRIMARIOS DE LIVRE APLICACAO;24,472.00;;24,472.00;;;;;
2019;154003;FUND.COORD.DE APERF.DE PESSOAL NIVEL SUPERIOR;12;EDUCACAO;368;EDUCACAO BASICA;2080;EDUCACAO DE QUALIDADE PARA TODOS;20RJ;APOIO A CAPACITACAO E FORMACAO INICIAL E CONTINUADA PARA A E;0004;EDUCACAO BASICA A DISTANCIA - SISTEMA UNIVERSIDADE ABERTA DO BRASIL (UAB);12368208020RJ0001;108456;QCC62T58HIN;UAB - UAB PROFHISTORIA;90;APLICACOES DIRETAS;3;DESPESAS CORRENTES;3;OUTRAS DESPESAS CORRENTES;33;PASSAGENS E DESPESAS COM LOCOMOCAO;339033;PASSAGENS E DESPESAS COM LOCOMOCAO;00;RECURSOS PRIMARIOS DE LIVRE APLICACAO;2,254,073.55;;2,254,073.55;;;;;
2019;154003;FUND.COORD.DE APERF.DE PESSOAL NIVEL SUPERIOR;12;EDUCACAO;368;EDUCACAO BASICA;2080;EDUCACAO DE QUALIDADE PARA TODOS;20RJ;APOIO A CAPACITACAO E FORMACAO INICIAL E CONTINUADA PARA A E;0004;EDUCACAO BASICA A DISTANCIA - SISTEMA UNIVERSIDADE ABERTA DO BRASIL (UAB);12368208020RJ0001;108456;QCC62T58HIN;UAB - UAB PROFHISTORIA;90;APLICACOES DIRETAS;3;DESPESAS CORRENTES;3;OUTRAS DESPESAS CORRENTES;36;OUTROS SERVICOS DE TERCEIROS - P.FISICA;339036;OUTROS SERVICOS DE TERCEIROS - PESSOA FISICA;00;RECURSOS PRIMARIOS DE LIVRE APLICACAO;595,453.11;;595,453.11;;;;;
2019;154003;FUND.COORD.DE APERF.DE PESSOAL NIVEL SUPERIOR;12;EDUCACAO;368;EDUCACAO BASICA;2080;EDUCACAO DE QUALIDADE PARA TODOS;20RJ;APOIO A CAPACITACAO E FORMACAO INICIAL E CONTINUADA PARA A E;0004;EDUCACAO BASICA A DISTANCIA - SISTEMA UNIVERSIDADE ABERTA DO BRASIL (UAB);12368208020RJ0001;108456;QCC62T58HIN;UAB - UAB PROFHISTORIA;90;APLICACOES DIRETAS;3;DESPESAS CORRENTES;3;OUTRAS DESPESAS CORRENTES;39;OUTROS SERVICOS DE TERCEIROS PJ - OP.INT.ORC.;339039;OUTROS SERVICOS DE TERCEIROS - PESSOA JURIDICA;00;RECURSOS PRIMARIOS DE LIVRE APLICACAO;1,086,628.00;;1,086,628.00;;;;;
2019;154003;FUND.COORD.DE APERF.DE PESSOAL NIVEL SUPERIOR;12;EDUCACAO;368;EDUCACAO BASICA;2080;EDUCACAO DE QUALIDADE PARA TODOS;20RJ;APOIO A CAPACITACAO E FORMACAO INICIAL E CONTINUADA PARA A E;0004;EDUCACAO BASICA A DISTANCIA - SISTEMA UNIVERSIDADE ABERTA DO BRASIL (UAB);12368208020RJ0001;108456;QCC62T58HIN;UAB - UAB PROFHISTORIA;90;APLICACOES DIRETAS;3;DESPESAS CORRENTES;3;OUTRAS DESPESAS CORRENTES;47;OBRIGACOES TRIBUTARIAS E CONTRIBUTIVAS;339047;OBRIGACOES TRIBUTARIAS E CONTRIBUTIVAS;00;RECURSOS PRIMARIOS DE LIVRE APLICACAO;500,000.00;;500,000.00;;;;;
2019;154003;FUND.COORD.DE APERF.DE PESSOAL NIVEL SUPERIOR;12;EDUCACAO;368;EDUCACAO BASICA;2080;EDUCACAO DE QUALIDADE PARA TODOS;20RJ;APOIO A CAPACITACAO E FORMACAO INICIAL E CONTINUADA PARA A E;0004;EDUCACAO BASICA A DISTANCIA - SISTEMA UNIVERSIDADE ABERTA DO BRASIL (UAB);12368208020RJ0001;108456;QCC62T58HIN;UAB - UAB PROFHISTORIA;90;APLICACOES DIRETAS;3;DESPESAS CORRENTES;3;OUTRAS DESPESAS CORRENTES;93;INDENIZACOES E RESTITUICOES;339093;INDENIZACOES E RESTITUICOES;00;RECURSOS PRIMARIOS DE LIVRE APLICACAO;1,500.00;;1,500.00;;;;;
2019;154003;FUND.COORD.DE APERF.DE PESSOAL NIVEL SUPERIOR;12;EDUCACAO;368;EDUCACAO BASICA;2080;EDUCACAO DE QUALIDADE PARA TODOS;20RJ;APOIO A CAPACITACAO E FORMACAO INICIAL E CONTINUADA PARA A E;0004;EDUCACAO BASICA A DISTANCIA - SISTEMA UNIVERSIDADE ABERTA DO BRASIL (UAB);12368208020RJ0001;108456;QCC62T58HIN;UAB - UAB PROFHISTORIA;91;APLICACOES DIRETAS - OPERACOES INTERNAS;3;DESPESAS CORRENTES;3;OUTRAS DESPESAS CORRENTES;47;OBRIGACOES TRIBUTARIAS E CONTRIBUTIVAS;339147;OBRIG.TRIBUT.E CONTRIB-OP.INTRA-ORCAMENTARIAS;00;RECURSOS PRIMARIOS DE LIVRE APLICACAO;1,800.00;;1,800.00;;;;;
2019;154003;FUND.COORD.DE APERF.DE PESSOAL NIVEL SUPERIOR;12;EDUCACAO;368;EDUCACAO BASICA;2080;EDUCACAO DE QUALIDADE PARA TODOS;20RJ;APOIO A CAPACITACAO E FORMACAO INICIAL E CONTINUADA PARA A E;0004;EDUCACAO BASICA A DISTANCIA - SISTEMA UNIVERSIDADE ABERTA DO BRASIL (UAB);12368208020RJ0001;108456;QCC62T58LEN;UAB - UAB PROFLETRAS;30;TRANSFER. A ESTADOS E AO DISTRITO FEDERAL;3;DESPESAS CORRENTES;3;OUTRAS DESPESAS CORRENTES;41;CONTRIBUICOES;333041;CONTRIBUICOES;00;RECURSOS PRIMARIOS DE LIVRE APLICACAO;843,788.00;;843,788.00;;843,788.00;308,617.50;350,000.00;350,000.00
2019;154003;FUND.COORD.DE APERF.DE PESSOAL NIVEL SUPERIOR;12;EDUCACAO;368;EDUCACAO BASICA;2080;EDUCACAO DE QUALIDADE PARA TODOS;20RJ;APOIO A CAPACITACAO E FORMACAO INICIAL E CONTINUADA PARA A E;0004;EDUCACAO BASICA A DISTANCIA - SISTEMA UNIVERSIDADE ABERTA DO BRASIL (UAB);12368208020RJ0001;108456;QCC62T58LEN;UAB - UAB PROFLETRAS;90;APLICACOES DIRETAS;3;DESPESAS CORRENTES;3;OUTRAS DESPESAS CORRENTES;00;[A DETALHAR];339000;APLICACOES DIRETAS;00;RECURSOS PRIMARIOS DE LIVRE APLICACAO;0.00;;0.00;;;;;
2019;154003;FUND.COORD.DE APERF.DE PESSOAL NIVEL SUPERIOR;12;EDUCACAO;368;EDUCACAO BASICA;2080;EDUCACAO DE QUALIDADE PARA TODOS;20RJ;APOIO A CAPACITACAO E FORMACAO INICIAL E CONTINUADA PARA A E;0004;EDUCACAO BASICA A DISTANCIA - SISTEMA UNIVERSIDADE ABERTA DO BRASIL (UAB);12368208020RJ0001;108456;QCC62T58LEN;UAB - UAB PROFLETRAS;90;APLICACOES DIRETAS;3;DESPESAS CORRENTES;3;OUTRAS DESPESAS CORRENTES;14;DIARIAS - PESSOAL CIVIL;339014;DIARIAS - PESSOAL CIVIL;00;RECURSOS PRIMARIOS DE LIVRE APLICACAO;1,911,034.47;;1,911,034.47;;;;;
2019;154003;FUND.COORD.DE APERF.DE PESSOAL NIVEL SUPERIOR;12;EDUCACAO;368;EDUCACAO BASICA;2080;EDUCACAO DE QUALIDADE PARA TODOS;20RJ;APOIO A CAPACITACAO E FORMACAO INICIAL E CONTINUADA PARA A E;0004;EDUCACAO BASICA A DISTANCIA - SISTEMA UNIVERSIDADE ABERTA DO BRASIL (UAB);12368208020RJ0001;108456;QCC62T58LEN;UAB - UAB PROFLETRAS;90;APLICACOES DIRETAS;3;DESPESAS CORRENTES;3;OUTRAS DESPESAS CORRENTES;18;AUXILIO FINANCEIRO A ESTUDANTES;339018;AUXILIO FINANCEIRO A ESTUDANTES;00;RECURSOS PRIMARIOS DE LIVRE APLICACAO;1,084,391.20;;1,084,391.20;;;;;
2019;154003;FUND.COORD.DE APERF.DE PESSOAL NIVEL SUPERIOR;12;EDUCACAO;368;EDUCACAO BASICA;2080;EDUCACAO DE QUALIDADE PARA TODOS;20RJ;APOIO A CAPACITACAO E FORMACAO INICIAL E CONTINUADA PARA A E;0004;EDUCACAO BASICA A DISTANCIA - SISTEMA UNIVERSIDADE ABERTA DO BRASIL (UAB);12368208020RJ0001;108456;QCC62T58LEN;UAB - UAB PROFLETRAS;90;APLICACOES DIRETAS;3;DESPESAS CORRENTES;3;OUTRAS DESPESAS CORRENTES;20;AUXILIO FINANCEIRO A PESQUISADORES;339020;AUXILIO FINANCEIRO A PESQUISADORES;00;RECURSOS PRIMARIOS DE LIVRE APLICACAO;700,788.80;;700,788.80;;;;;
2019;154003;FUND.COORD.DE APERF.DE PESSOAL NIVEL SUPERIOR;12;EDUCACAO;368;EDUCACAO BASICA;2080;EDUCACAO DE QUALIDADE PARA TODOS;20RJ;APOIO A CAPACITACAO E FORMACAO INICIAL E CONTINUADA PARA A E;0004;EDUCACAO BASICA A DISTANCIA - SISTEMA UNIVERSIDADE ABERTA DO BRASIL (UAB);12368208020RJ0001;108456;QCC62T58LEN;UAB - UAB PROFLETRAS;90;APLICACOES DIRETAS;3;DESPESAS CORRENTES;3;OUTRAS DESPESAS CORRENTES;30;MATERIAL DE CONSUMO;339030;MATERIAL DE CONSUMO;00;RECURSOS PRIMARIOS DE LIVRE APLICACAO;921,876.27;;921,876.27;;;;;
2019;154003;FUND.COORD.DE APERF.DE PESSOAL NIVEL SUPERIOR;12;EDUCACAO;368;EDUCACAO BASICA;2080;EDUCACAO DE QUALIDADE PARA TODOS;20RJ;APOIO A CAPACITACAO E FORMACAO INICIAL E CONTINUADA PARA A E;0004;EDUCACAO BASICA A DISTANCIA - SISTEMA UNIVERSIDADE ABERTA DO BRASIL (UAB);12368208020RJ0001;108456;QCC62T58LEN;UAB - UAB PROFLETRAS;90;APLICACOES DIRETAS;3;DESPESAS CORRENTES;3;OUTRAS DESPESAS CORRENTES;33;PASSAGENS E DESPESAS COM LOCOMOCAO;339033;PASSAGENS E DESPESAS COM LOCOMOCAO;00;RECURSOS PRIMARIOS DE LIVRE APLICACAO;3,640,730.00;;3,640,730.00;;;;;
2019;154003;FUND.COORD.DE APERF.DE PESSOAL NIVEL SUPERIOR;12;EDUCACAO;368;EDUCACAO BASICA;2080;EDUCACAO DE QUALIDADE PARA TODOS;20RJ;APOIO A CAPACITACAO E FORMACAO INICIAL E CONTINUADA PARA A E;0004;EDUCACAO BASICA A DISTANCIA - SISTEMA UNIVERSIDADE ABERTA DO BRASIL (UAB);12368208020RJ0001;108456;QCC62T58LEN;UAB - UAB PROFLETRAS;90;APLICACOES DIRETAS;3;DESPESAS CORRENTES;3;OUTRAS DESPESAS CORRENTES;36;OUTROS SERVICOS DE TERCEIROS - P.FISICA;339036;OUTROS SERVICOS DE TERCEIROS - PESSOA FISICA;00;RECURSOS PRIMARIOS DE LIVRE APLICACAO;673,467.45;;673,467.45;;;;;
2019;154003;FUND.COORD.DE APERF.DE PESSOAL NIVEL SUPERIOR;12;EDUCACAO;368;EDUCACAO BASICA;2080;EDUCACAO DE QUALIDADE PARA TODOS;20RJ;APOIO A CAPACITACAO E FORMACAO INICIAL E CONTINUADA PARA A E;0004;EDUCACAO BASICA A DISTANCIA - SISTEMA UNIVERSIDADE ABERTA DO BRASIL (UAB);12368208020RJ0001;108456;QCC62T58LEN;UAB - UAB PROFLETRAS;90;APLICACOES DIRETAS;3;DESPESAS CORRENTES;3;OUTRAS DESPESAS CORRENTES;37;LOCACAO DE MAO-DE-OBRA;339037;LOCACAO DE MAO-DE-OBRA;00;RECURSOS PRIMARIOS DE LIVRE APLICACAO;500,000.00;;500,000.00;;;;;
2019;154003;FUND.COORD.DE APERF.DE PESSOAL NIVEL SUPERIOR;12;EDUCACAO;368;EDUCACAO BASICA;2080;EDUCACAO DE QUALIDADE PARA TODOS;20RJ;APOIO A CAPACITACAO E FORMACAO INICIAL E CONTINUADA PARA A E;0004;EDUCACAO BASICA A DISTANCIA - SISTEMA UNIVERSIDADE ABERTA DO BRASIL (UAB);12368208020RJ0001;108456;QCC62T58LEN;UAB - UAB PROFLETRAS;90;APLICACOES DIRETAS;3;DESPESAS CORRENTES;3;OUTRAS DESPESAS CORRENTES;39;OUTROS SERVICOS DE TERCEIROS PJ - OP.INT.ORC.;339039;OUTROS SERVICOS DE TERCEIROS - PESSOA JURIDICA;00;RECURSOS PRIMARIOS DE LIVRE APLICACAO;2,840,832.89;;2,840,832.89;;;;;
2019;154003;FUND.COORD.DE APERF.DE PESSOAL NIVEL SUPERIOR;12;EDUCACAO;368;EDUCACAO BASICA;2080;EDUCACAO DE QUALIDADE PARA TODOS;20RJ;APOIO A CAPACITACAO E FORMACAO INICIAL E CONTINUADA PARA A E;0004;EDUCACAO BASICA A DISTANCIA - SISTEMA UNIVERSIDADE ABERTA DO BRASIL (UAB);12368208020RJ0001;108456;QCC62T58LEN;UAB - UAB PROFLETRAS;90;APLICACOES DIRETAS;3;DESPESAS CORRENTES;3;OUTRAS DESPESAS CORRENTES;40;SERVICOS DE TECNOLOGIA DA INFORMACAO E COMUNICACAO - PJ;339040;SERVICOS DE TECNOLOGIA DA INFORMACAO E COMUNICACAO - PJ;00;RECURSOS PRIMARIOS DE LIVRE APLICACAO;10,560.00;;10,560.00;;;;;
2019;154003;FUND.COORD.DE APERF.DE PESSOAL NIVEL SUPERIOR;12;EDUCACAO;368;EDUCACAO BASICA;2080;EDUCACAO DE QUALIDADE PARA TODOS;20RJ;APOIO A CAPACITACAO E FORMACAO INICIAL E CONTINUADA PARA A E;0004;EDUCACAO BASICA A DISTANCIA - SISTEMA UNIVERSIDADE ABERTA DO BRASIL (UAB);12368208020RJ0001;108456;QCC62T58LEN;UAB - UAB PROFLETRAS;90;APLICACOES DIRETAS;3;DESPESAS CORRENTES;3;OUTRAS DESPESAS CORRENTES;47;OBRIGACOES TRIBUTARIAS E CONTRIBUTIVAS;339047;OBRIGACOES TRIBUTARIAS E CONTRIBUTIVAS;00;RECURSOS PRIMARIOS DE LIVRE APLICACAO;500,000.00;;500,000.00;;;;;
2019;154003;FUND.COORD.DE APERF.DE PESSOAL NIVEL SUPERIOR;12;EDUCACAO;368;EDUCACAO BASICA;2080;EDUCACAO DE QUALIDADE PARA TODOS;20RJ;APOIO A CAPACITACAO E FORMACAO INICIAL E CONTINUADA PARA A E;0004;EDUCACAO BASICA A DISTANCIA - SISTEMA UNIVERSIDADE ABERTA DO BRASIL (UAB);12368208020RJ0001;108456;QCC62T58MAN;UAB - UAB PROFMAT;30;TRANSFER. A ESTADOS E AO DISTRITO FEDERAL;3;DESPESAS CORRENTES;3;OUTRAS DESPESAS CORRENTES;41;CONTRIBUICOES;333041;CONTRIBUICOES;00;RECURSOS PRIMARIOS DE LIVRE APLICACAO;811,440.00;;811,440.00;;811,440.00;50,680.00;684,740.00;684,740.00
2019;154003;FUND.COORD.DE APERF.DE PESSOAL NIVEL SUPERIOR;12;EDUCACAO;368;EDUCACAO BASICA;2080;EDUCACAO DE QUALIDADE PARA TODOS;20RJ;APOIO A CAPACITACAO E FORMACAO INICIAL E CONTINUADA PARA A E;0004;EDUCACAO BASICA A DISTANCIA - SISTEMA UNIVERSIDADE ABERTA DO BRASIL (UAB);12368208020RJ0001;108456;QCC62T58MAN;UAB - UAB PROFMAT;90;APLICACOES DIRETAS;3;DESPESAS CORRENTES;3;OUTRAS DESPESAS CORRENTES;00;[A DETALHAR];339000;APLICACOES DIRETAS;00;RECURSOS PRIMARIOS DE LIVRE APLICACAO;0.00;;0.00;;;;;
2019;154003;FUND.COORD.DE APERF.DE PESSOAL NIVEL SUPERIOR;12;EDUCACAO;368;EDUCACAO BASICA;2080;EDUCACAO DE QUALIDADE PARA TODOS;20RJ;APOIO A CAPACITACAO E FORMACAO INICIAL E CONTINUADA PARA A E;0004;EDUCACAO BASICA A DISTANCIA - SISTEMA UNIVERSIDADE ABERTA DO BRASIL (UAB);12368208020RJ0001;108456;QCC62T58MAN;UAB - UAB PROFMAT;90;APLICACOES DIRETAS;3;DESPESAS CORRENTES;3;OUTRAS DESPESAS CORRENTES;14;DIARIAS - PESSOAL CIVIL;339014;DIARIAS - PESSOAL CIVIL;00;RECURSOS PRIMARIOS DE LIVRE APLICACAO;2,759,834.13;;2,759,834.13;;;;;
2019;154003;FUND.COORD.DE APERF.DE PESSOAL NIVEL SUPERIOR;12;EDUCACAO;368;EDUCACAO BASICA;2080;EDUCACAO DE QUALIDADE PARA TODOS;20RJ;APOIO A CAPACITACAO E FORMACAO INICIAL E CONTINUADA PARA A E;0004;EDUCACAO BASICA A DISTANCIA - SISTEMA UNIVERSIDADE ABERTA DO BRASIL (UAB);12368208020RJ0001;108456;QCC62T58MAN;UAB - UAB PROFMAT;90;APLICACOES DIRETAS;3;DESPESAS CORRENTES;3;OUTRAS DESPESAS CORRENTES;18;AUXILIO FINANCEIRO A ESTUDANTES;339018;AUXILIO FINANCEIRO A ESTUDANTES;00;RECURSOS PRIMARIOS DE LIVRE APLICACAO;1,626,787.84;;1,626,787.84;;;;;
2019;154003;FUND.COORD.DE APERF.DE PESSOAL NIVEL SUPERIOR;12;EDUCACAO;368;EDUCACAO BASICA;2080;EDUCACAO DE QUALIDADE PARA TODOS;20RJ;APOIO A CAPACITACAO E FORMACAO INICIAL E CONTINUADA PARA A E;0004;EDUCACAO BASICA A DISTANCIA - SISTEMA UNIVERSIDADE ABERTA DO BRASIL (UAB);12368208020RJ0001;108456;QCC62T58MAN;UAB - UAB PROFMAT;90;APLICACOES DIRETAS;3;DESPESAS CORRENTES;3;OUTRAS DESPESAS CORRENTES;20;AUXILIO FINANCEIRO A PESQUISADORES;339020;AUXILIO FINANCEIRO A PESQUISADORES;00;RECURSOS PRIMARIOS DE LIVRE APLICACAO;1,076,800.00;;1,076,800.00;;;;;
2019;154003;FUND.COORD.DE APERF.DE PESSOAL NIVEL SUPERIOR;12;EDUCACAO;368;EDUCACAO BASICA;2080;EDUCACAO DE QUALIDADE PARA TODOS;20RJ;APOIO A CAPACITACAO E FORMACAO INICIAL E CONTINUADA PARA A E;0004;EDUCACAO BASICA A DISTANCIA - SISTEMA UNIVERSIDADE ABERTA DO BRASIL (UAB);12368208020RJ0001;108456;QCC62T58MAN;UAB - UAB PROFMAT;90;APLICACOES DIRETAS;3;DESPESAS CORRENTES;3;OUTRAS DESPESAS CORRENTES;30;MATERIAL DE CONSUMO;339030;MATERIAL DE CONSUMO;00;RECURSOS PRIMARIOS DE LIVRE APLICACAO;1,851,244.43;;1,851,244.43;;;;;
2019;154003;FUND.COORD.DE APERF.DE PESSOAL NIVEL SUPERIOR;12;EDUCACAO;368;EDUCACAO BASICA;2080;EDUCACAO DE QUALIDADE PARA TODOS;20RJ;APOIO A CAPACITACAO E FORMACAO INICIAL E CONTINUADA PARA A E;0004;EDUCACAO BASICA A DISTANCIA - SISTEMA UNIVERSIDADE ABERTA DO BRASIL (UAB);12368208020RJ0001;108456;QCC62T58MAN;UAB - UAB PROFMAT;90;APLICACOES DIRETAS;3;DESPESAS CORRENTES;3;OUTRAS DESPESAS CORRENTES;33;PASSAGENS E DESPESAS COM LOCOMOCAO;339033;PASSAGENS E DESPESAS COM LOCOMOCAO;00;RECURSOS PRIMARIOS DE LIVRE APLICACAO;4,358,034.01;;4,358,034.01;;;;;
2019;154003;FUND.COORD.DE APERF.DE PESSOAL NIVEL SUPERIOR;12;EDUCACAO;368;EDUCACAO BASICA;2080;EDUCACAO DE QUALIDADE PARA TODOS;20RJ;APOIO A CAPACITACAO E FORMACAO INICIAL E CONTINUADA PARA A E;0004;EDUCACAO BASICA A DISTANCIA - SISTEMA UNIVERSIDADE ABERTA DO BRASIL (UAB);12368208020RJ0001;108456;QCC62T58MAN;UAB - UAB PROFMAT;90;APLICACOES DIRETAS;3;DESPESAS CORRENTES;3;OUTRAS DESPESAS CORRENTES;36;OUTROS SERVICOS DE TERCEIROS - P.FISICA;339036;OUTROS SERVICOS DE TERCEIROS - PESSOA FISICA;00;RECURSOS PRIMARIOS DE LIVRE APLICACAO;1,229,210.75;;1,229,210.75;;;;;
2019;154003;FUND.COORD.DE APERF.DE PESSOAL NIVEL SUPERIOR;12;EDUCACAO;368;EDUCACAO BASICA;2080;EDUCACAO DE QUALIDADE PARA TODOS;20RJ;APOIO A CAPACITACAO E FORMACAO INICIAL E CONTINUADA PARA A E;0004;EDUCACAO BASICA A DISTANCIA - SISTEMA UNIVERSIDADE ABERTA DO BRASIL (UAB);12368208020RJ0001;108456;QCC62T58MAN;UAB - UAB PROFMAT;90;APLICACOES DIRETAS;3;DESPESAS CORRENTES;3;OUTRAS DESPESAS CORRENTES;37;LOCACAO DE MAO-DE-OBRA;339037;LOCACAO DE MAO-DE-OBRA;00;RECURSOS PRIMARIOS DE LIVRE APLICACAO;500,000.00;;500,000.00;;;;;
2019;154003;FUND.COORD.DE APERF.DE PESSOAL NIVEL SUPERIOR;12;EDUCACAO;368;EDUCACAO BASICA;2080;EDUCACAO DE QUALIDADE PARA TODOS;20RJ;APOIO A CAPACITACAO E FORMACAO INICIAL E CONTINUADA PARA A E;0004;EDUCACAO BASICA A DISTANCIA - SISTEMA UNIVERSIDADE ABERTA DO BRASIL (UAB);12368208020RJ0001;108456;QCC62T58MAN;UAB - UAB PROFMAT;90;APLICACOES DIRETAS;3;DESPESAS CORRENTES;3;OUTRAS DESPESAS CORRENTES;39;OUTROS SERVICOS DE TERCEIROS PJ - OP.INT.ORC.;339039;OUTROS SERVICOS DE TERCEIROS - PESSOA JURIDICA;00;RECURSOS PRIMARIOS DE LIVRE APLICACAO;1,742,719.60;;1,742,719.60;;;;;
2019;154003;FUND.COORD.DE APERF.DE PESSOAL NIVEL SUPERIOR;12;EDUCACAO;368;EDUCACAO BASICA;2080;EDUCACAO DE QUALIDADE PARA TODOS;20RJ;APOIO A CAPACITACAO E FORMACAO INICIAL E CONTINUADA PARA A E;0004;EDUCACAO BASICA A DISTANCIA - SISTEMA UNIVERSIDADE ABERTA DO BRASIL (UAB);12368208020RJ0001;108456;QCC62T58MAN;UAB - UAB PROFMAT;90;APLICACOES DIRETAS;3;DESPESAS CORRENTES;3;OUTRAS DESPESAS CORRENTES;40;SERVICOS DE TECNOLOGIA DA INFORMACAO E COMUNICACAO - PJ;339040;SERVICOS DE TECNOLOGIA DA INFORMACAO E COMUNICACAO - PJ;00;RECURSOS PRIMARIOS DE LIVRE APLICACAO;9,600.00;;9,600.00;;;;;
2019;154003;FUND.COORD.DE APERF.DE PESSOAL NIVEL SUPERIOR;12;EDUCACAO;368;EDUCACAO BASICA;2080;EDUCACAO DE QUALIDADE PARA TODOS;20RJ;APOIO A CAPACITACAO E FORMACAO INICIAL E CONTINUADA PARA A E;0004;EDUCACAO BASICA A DISTANCIA - SISTEMA UNIVERSIDADE ABERTA DO BRASIL (UAB);12368208020RJ0001;108456;QCC62T58MAN;UAB - UAB PROFMAT;90;APLICACOES DIRETAS;3;DESPESAS CORRENTES;3;OUTRAS DESPESAS CORRENTES;47;OBRIGACOES TRIBUTARIAS E CONTRIBUTIVAS;339047;OBRIGACOES TRIBUTARIAS E CONTRIBUTIVAS;00;RECURSOS PRIMARIOS DE LIVRE APLICACAO;1,000,000.00;;1,000,000.00;;;;;
2019;154003;FUND.COORD.DE APERF.DE PESSOAL NIVEL SUPERIOR;12;EDUCACAO;368;EDUCACAO BASICA;2080;EDUCACAO DE QUALIDADE PARA TODOS;20RJ;APOIO A CAPACITACAO E FORMACAO INICIAL E CONTINUADA PARA A E;0004;EDUCACAO BASICA A DISTANCIA - SISTEMA UNIVERSIDADE ABERTA DO BRASIL (UAB);12368208020RJ0001;108456;QCC62T58MAN;UAB - UAB PROFMAT;90;APLICACOES DIRETAS;3;DESPESAS CORRENTES;3;OUTRAS DESPESAS CORRENTES;93;INDENIZACOES E RESTITUICOES;339093;INDENIZACOES E RESTITUICOES;00;RECURSOS PRIMARIOS DE LIVRE APLICACAO;95,084.07;;95,084.07;;;;;
2019;154003;FUND.COORD.DE APERF.DE PESSOAL NIVEL SUPERIOR;12;EDUCACAO;368;EDUCACAO BASICA;2080;EDUCACAO DE QUALIDADE PARA TODOS;20RJ;APOIO A CAPACITACAO E FORMACAO INICIAL E CONTINUADA PARA A E;0004;EDUCACAO BASICA A DISTANCIA - SISTEMA UNIVERSIDADE ABERTA DO BRASIL (UAB);12368208020RJ0001;108456;QCC62T58MAN;UAB - UAB PROFMAT;91;APLICACOES DIRETAS - OPERACOES INTERNAS;3;DESPESAS CORRENTES;3;OUTRAS DESPESAS CORRENTES;47;OBRIGACOES TRIBUTARIAS E CONTRIBUTIVAS;339147;OBRIG.TRIBUT.E CONTRIB-OP.INTRA-ORCAMENTARIAS;00;RECURSOS PRIMARIOS DE LIVRE APLICACAO;2,250.00;;2,250.00;;;;;
2019;154003;FUND.COORD.DE APERF.DE PESSOAL NIVEL SUPERIOR;12;EDUCACAO;368;EDUCACAO BASICA;2080;EDUCACAO DE QUALIDADE PARA TODOS;20RJ;APOIO A CAPACITACAO E FORMACAO INICIAL E CONTINUADA PARA A E;0004;EDUCACAO BASICA A DISTANCIA - SISTEMA UNIVERSIDADE ABERTA DO BRASIL (UAB);12368208020RJ0001;108456;QCC62T58QUN;UAB - UAB PROFQUIMICA;30;TRANSFER. A ESTADOS E AO DISTRITO FEDERAL;3;DESPESAS CORRENTES;3;OUTRAS DESPESAS CORRENTES;41;CONTRIBUICOES;333041;CONTRIBUICOES;00;RECURSOS PRIMARIOS DE LIVRE APLICACAO;951,833.65;;951,833.65;;951,833.65;25,846.10;887,218.40;887,218.40
2019;154003;FUND.COORD.DE APERF.DE PESSOAL NIVEL SUPERIOR;12;EDUCACAO;368;EDUCACAO BASICA;2080;EDUCACAO DE QUALIDADE PARA TODOS;20RJ;APOIO A CAPACITACAO E FORMACAO INICIAL E CONTINUADA PARA A E;0004;EDUCACAO BASICA A DISTANCIA - SISTEMA UNIVERSIDADE ABERTA DO BRASIL (UAB);12368208020RJ0001;108456;QCC62T58QUN;UAB - UAB PROFQUIMICA;90;APLICACOES DIRETAS;3;DESPESAS CORRENTES;3;OUTRAS DESPESAS CORRENTES;00;[A DETALHAR];339000;APLICACOES DIRETAS;00;RECURSOS PRIMARIOS DE LIVRE APLICACAO;2,242.00;;2,242.00;;;;;
2019;154003;FUND.COORD.DE APERF.DE PESSOAL NIVEL SUPERIOR;12;EDUCACAO;368;EDUCACAO BASICA;2080;EDUCACAO DE QUALIDADE PARA TODOS;20RJ;APOIO A CAPACITACAO E FORMACAO INICIAL E CONTINUADA PARA A E;0004;EDUCACAO BASICA A DISTANCIA - SISTEMA UNIVERSIDADE ABERTA DO BRASIL (UAB);12368208020RJ0001;108456;QCC62T58QUN;UAB - UAB PROFQUIMICA;90;APLICACOES DIRETAS;3;DESPESAS CORRENTES;3;OUTRAS DESPESAS CORRENTES;14;DIARIAS - PESSOAL CIVIL;339014;DIARIAS - PESSOAL CIVIL;00;RECURSOS PRIMARIOS DE LIVRE APLICACAO;833,656.25;;833,656.25;;;;;
2019;154003;FUND.COORD.DE APERF.DE PESSOAL NIVEL SUPERIOR;12;EDUCACAO;368;EDUCACAO BASICA;2080;EDUCACAO DE QUALIDADE PARA TODOS;20RJ;APOIO A CAPACITACAO E FORMACAO INICIAL E CONTINUADA PARA A E;0004;EDUCACAO BASICA A DISTANCIA - SISTEMA UNIVERSIDADE ABERTA DO BRASIL (UAB);12368208020RJ0001;108456;QCC62T58QUN;UAB - UAB PROFQUIMICA;90;APLICACOES DIRETAS;3;DESPESAS CORRENTES;3;OUTRAS DESPESAS CORRENTES;18;AUXILIO FINANCEIRO A ESTUDANTES;339018;AUXILIO FINANCEIRO A ESTUDANTES;00;RECURSOS PRIMARIOS DE LIVRE APLICACAO;710,743.76;;710,743.76;;;;;
2019;154003;FUND.COORD.DE APERF.DE PESSOAL NIVEL SUPERIOR;12;EDUCACAO;368;EDUCACAO BASICA;2080;EDUCACAO DE QUALIDADE PARA TODOS;20RJ;APOIO A CAPACITACAO E FORMACAO INICIAL E CONTINUADA PARA A E;0004;EDUCACAO BASICA A DISTANCIA - SISTEMA UNIVERSIDADE ABERTA DO BRASIL (UAB);12368208020RJ0001;108456;QCC62T58QUN;UAB - UAB PROFQUIMICA;90;APLICACOES DIRETAS;3;DESPESAS CORRENTES;3;OUTRAS DESPESAS CORRENTES;20;AUXILIO FINANCEIRO A PESQUISADORES;339020;AUXILIO FINANCEIRO A PESQUISADORES;00;RECURSOS PRIMARIOS DE LIVRE APLICACAO;504,500.00;;504,500.00;;;;;
2019;154003;FUND.COORD.DE APERF.DE PESSOAL NIVEL SUPERIOR;12;EDUCACAO;368;EDUCACAO BASICA;2080;EDUCACAO DE QUALIDADE PARA TODOS;20RJ;APOIO A CAPACITACAO E FORMACAO INICIAL E CONTINUADA PARA A E;0004;EDUCACAO BASICA A DISTANCIA - SISTEMA UNIVERSIDADE ABERTA DO BRASIL (UAB);12368208020RJ0001;108456;QCC62T58QUN;UAB - UAB PROFQUIMICA;90;APLICACOES DIRETAS;3;DESPESAS CORRENTES;3;OUTRAS DESPESAS CORRENTES;30;MATERIAL DE CONSUMO;339030;MATERIAL DE CONSUMO;00;RECURSOS PRIMARIOS DE LIVRE APLICACAO;946,040.39;;946,040.39;;;;;
2019;154003;FUND.COORD.DE APERF.DE PESSOAL NIVEL SUPERIOR;12;EDUCACAO;368;EDUCACAO BASICA;2080;EDUCACAO DE QUALIDADE PARA TODOS;20RJ;APOIO A CAPACITACAO E FORMACAO INICIAL E CONTINUADA PARA A E;0004;EDUCACAO BASICA A DISTANCIA - SISTEMA UNIVERSIDADE ABERTA DO BRASIL (UAB);12368208020RJ0001;108456;QCC62T58QUN;UAB - UAB PROFQUIMICA;90;APLICACOES DIRETAS;3;DESPESAS CORRENTES;3;OUTRAS DESPESAS CORRENTES;33;PASSAGENS E DESPESAS COM LOCOMOCAO;339033;PASSAGENS E DESPESAS COM LOCOMOCAO;00;RECURSOS PRIMARIOS DE LIVRE APLICACAO;1,033,718.02;;1,033,718.02;;;;;
2019;154003;FUND.COORD.DE APERF.DE PESSOAL NIVEL SUPERIOR;12;EDUCACAO;368;EDUCACAO BASICA;2080;EDUCACAO DE QUALIDADE PARA TODOS;20RJ;APOIO A CAPACITACAO E FORMACAO INICIAL E CONTINUADA PARA A E;0004;EDUCACAO BASICA A DISTANCIA - SISTEMA UNIVERSIDADE ABERTA DO BRASIL (UAB);12368208020RJ0001;108456;QCC62T58QUN;UAB - UAB PROFQUIMICA;90;APLICACOES DIRETAS;3;DESPESAS CORRENTES;3;OUTRAS DESPESAS CORRENTES;36;OUTROS SERVICOS DE TERCEIROS - P.FISICA;339036;OUTROS SERVICOS DE TERCEIROS - PESSOA FISICA;00;RECURSOS PRIMARIOS DE LIVRE APLICACAO;626,330.80;;626,330.80;;;;;
2019;154003;FUND.COORD.DE APERF.DE PESSOAL NIVEL SUPERIOR;12;EDUCACAO;368;EDUCACAO BASICA;2080;EDUCACAO DE QUALIDADE PARA TODOS;20RJ;APOIO A CAPACITACAO E FORMACAO INICIAL E CONTINUADA PARA A E;0004;EDUCACAO BASICA A DISTANCIA - SISTEMA UNIVERSIDADE ABERTA DO BRASIL (UAB);12368208020RJ0001;108456;QCC62T58QUN;UAB - UAB PROFQUIMICA;90;APLICACOES DIRETAS;3;DESPESAS CORRENTES;3;OUTRAS DESPESAS CORRENTES;39;OUTROS SERVICOS DE TERCEIROS PJ - OP.INT.ORC.;339039;OUTROS SERVICOS DE TERCEIROS - PESSOA JURIDICA;00;RECURSOS PRIMARIOS DE LIVRE APLICACAO;648,549.14;;648,549.14;;;;;
2019;154003;FUND.COORD.DE APERF.DE PESSOAL NIVEL SUPERIOR;12;EDUCACAO;368;EDUCACAO BASICA;2080;EDUCACAO DE QUALIDADE PARA TODOS;20RJ;APOIO A CAPACITACAO E FORMACAO INICIAL E CONTINUADA PARA A E;0004;EDUCACAO BASICA A DISTANCIA - SISTEMA UNIVERSIDADE ABERTA DO BRASIL (UAB);12368208020RJ0001;108456;QCC62T58QUN;UAB - UAB PROFQUIMICA;90;APLICACOES DIRETAS;3;DESPESAS CORRENTES;3;OUTRAS DESPESAS CORRENTES;47;OBRIGACOES TRIBUTARIAS E CONTRIBUTIVAS;339047;OBRIGACOES TRIBUTARIAS E CONTRIBUTIVAS;00;RECURSOS PRIMARIOS DE LIVRE APLICACAO;500,000.00;;500,000.00;;;;;
2019;154003;FUND.COORD.DE APERF.DE PESSOAL NIVEL SUPERIOR;12;EDUCACAO;368;EDUCACAO BASICA;2080;EDUCACAO DE QUALIDADE PARA TODOS;20RJ;APOIO A CAPACITACAO E FORMACAO INICIAL E CONTINUADA PARA A E;0004;EDUCACAO BASICA A DISTANCIA - SISTEMA UNIVERSIDADE ABERTA DO BRASIL (UAB);12368208020RJ0001;108456;QCC62T58SON;UAB - PROFSOCIOLOGIA;90;APLICACOES DIRETAS;3;DESPESAS CORRENTES;3;OUTRAS DESPESAS CORRENTES;39;OUTROS SERVICOS DE TERCEIROS PJ - OP.INT.ORC.;339039;OUTROS SERVICOS DE TERCEIROS - PESSOA JURIDICA;00;RECURSOS PRIMARIOS DE LIVRE APLICACAO;2,550,672.00;;2,550,672.00;;;;;
2019;154003;FUND.COORD.DE APERF.DE PESSOAL NIVEL SUPERIOR;12;EDUCACAO;573;DIFUSAO DO CONHECIMENTO CIENTIFICO E TECNOLOGICO;2080;EDUCACAO DE QUALIDADE PARA TODOS;2317;ACESSO A INFORMACAO CIENTIFICA E TECNOLOGICA;0000;ACESSO A INFORMACAO CIENTIFICA E TECNOLOGICA;12573208023170001;108449;'-8;SEM INFORMACAO;90;APLICACOES DIRETAS;3;DESPESAS CORRENTES;3;OUTRAS DESPESAS CORRENTES;00;[A DETALHAR];339000;APLICACOES DIRETAS;00;RECURSOS PRIMARIOS DE LIVRE APLICACAO;1659132897.5;120000000.00;1779132897.5;20000000.00;;;;
2019;154003;FUND.COORD.DE APERF.DE PESSOAL NIVEL SUPERIOR;12;EDUCACAO;573;DIFUSAO DO CONHECIMENTO CIENTIFICO E TECNOLOGICO;2080;EDUCACAO DE QUALIDADE PARA TODOS;2317;ACESSO A INFORMACAO CIENTIFICA E TECNOLOGICA;0000;ACESSO A INFORMACAO CIENTIFICA E TECNOLOGICA;12573208023170001;108449;'-8;SEM INFORMACAO;90;APLICACOES DIRETAS;3;DESPESAS CORRENTES;3;OUTRAS DESPESAS CORRENTES;;;;;50;REC.PROPRIOS PRIMARIOS DE LIVRE APLICACAO;248382348.00;;248382348.00;0.00;;;;
2019;154003;FUND.COORD.DE APERF.DE PESSOAL NIVEL SUPERIOR;12;EDUCACAO;573;DIFUSAO DO CONHECIMENTO CIENTIFICO E TECNOLOGICO;2080;EDUCACAO DE QUALIDADE PARA TODOS;2317;ACESSO A INFORMACAO CIENTIFICA E TECNOLOGICA;0000;ACESSO A INFORMACAO CIENTIFICA E TECNOLOGICA;12573208023170001;108449;'-8;SEM INFORMACAO;90;APLICACOES DIRETAS;3;DESPESAS CORRENTES;3;OUTRAS DESPESAS CORRENTES;39;OUTROS SERVICOS DE TERCEIROS PJ - OP.INT.ORC.;339039;OUTROS SERVICOS DE TERCEIROS - PESSOA JURIDICA;00;RECURSOS PRIMARIOS DE LIVRE APLICACAO;0.00;;0.00;;;;;
2019;154003;FUND.COORD.DE APERF.DE PESSOAL NIVEL SUPERIOR;12;EDUCACAO;573;DIFUSAO DO CONHECIMENTO CIENTIFICO E TECNOLOGICO;2080;EDUCACAO DE QUALIDADE PARA TODOS;2317;ACESSO A INFORMACAO CIENTIFICA E TECNOLOGICA;0000;ACESSO A INFORMACAO CIENTIFICA E TECNOLOGICA;12573208023170001;108449;OCC35O99PPN;PORTAL DE PERIODICOS - PORTAL DE PERIODICOS;90;APLICACOES DIRETAS;3;DESPESAS CORRENTES;3;OUTRAS DESPESAS CORRENTES;39;OUTROS SERVICOS DE TERCEIROS PJ - OP.INT.ORC.;339039;OUTROS SERVICOS DE TERCEIROS - PESSOA JURIDICA;00;RECURSOS PRIMARIOS DE LIVRE APLICACAO;3159867102.6;;3159867102.6;;51600784.59;4,608,926.51;46991858.08;46991858.08
2019;154003;FUND.COORD.DE APERF.DE PESSOAL NIVEL SUPERIOR;12;EDUCACAO;573;DIFUSAO DO CONHECIMENTO CIENTIFICO E TECNOLOGICO;2080;EDUCACAO DE QUALIDADE PARA TODOS;2317;ACESSO A INFORMACAO CIENTIFICA E TECNOLOGICA;0000;ACESSO A INFORMACAO CIENTIFICA E TECNOLOGICA;12573208023170001;108449;OCC35O99PPN;PORTAL DE PERIODICOS - PORTAL DE PERIODICOS;90;APLICACOES DIRETAS;3;DESPESAS CORRENTES;3;OUTRAS DESPESAS CORRENTES;;;;;50;REC.PROPRIOS PRIMARIOS DE LIVRE APLICACAO;331176464.00;;331176464.00;;;;;
2019;154003;FUND.COORD.DE APERF.DE PESSOAL NIVEL SUPERIOR;12;EDUCACAO;573;DIFUSAO DO CONHECIMENTO CIENTIFICO E TECNOLOGICO;2080;EDUCACAO DE QUALIDADE PARA TODOS;2317;ACESSO A INFORMACAO CIENTIFICA E TECNOLOGICA;0000;ACESSO A INFORMACAO CIENTIFICA E TECNOLOGICA;12573208023170001;108449;OCC35O99PPN;PORTAL DE PERIODICOS - PORTAL DE PERIODICOS;90;APLICACOES DIRETAS;3;DESPESAS CORRENTES;3;OUTRAS DESPESAS CORRENTES;40;SERVICOS DE TECNOLOGIA DA INFORMACAO E COMUNICACAO - PJ;339040;SERVICOS DE TECNOLOGIA DA INFORMACAO E COMUNICACAO - PJ;00;RECURSOS PRIMARIOS DE LIVRE APLICACAO;81000000.00;;81000000.00;;81000000.00;41656322.19;28402766.58;28402766.58
2019;154003;FUND.COORD.DE APERF.DE PESSOAL NIVEL SUPERIOR;12;EDUCACAO;846;OUTROS ENCARGOS ESPECIAIS;2109;PROGRAMA DE GESTAO E MANUTENCAO DO MINISTERIO DA EDUCACAO;09HB;CONTRIBUICAO DA UNIAO, DE SUAS AUTARQUIAS E FUNDACOES PARA O;0000;CONTRIBUICAO DA UNIAO, DE SUAS AUTARQUIAS E FUNDACOES PARA O CUSTEIO DO REGIME DE PREVIDENCIA DOS SERVIDORES PUBLICOS FEDERAIS;12846210909HB0053;128044;'-8;SEM INFORMACAO;91;APLICACOES DIRETAS - OPERACOES INTERNAS;3;DESPESAS CORRENTES;1;PESSOAL E ENCARGOS SOCIAIS;00;[A DETALHAR];319100;APLICACOES DIRETAS - OPER.INTRA-ORCAMENTARIAS;00;RECURSOS PRIMARIOS DE LIVRE APLICACAO;2,497,087.02;;2,497,087.02;;;;;
2019;154003;FUND.COORD.DE APERF.DE PESSOAL NIVEL SUPERIOR;12;EDUCACAO;846;OUTROS ENCARGOS ESPECIAIS;2109;PROGRAMA DE GESTAO E MANUTENCAO DO MINISTERIO DA EDUCACAO;09HB;CONTRIBUICAO DA UNIAO, DE SUAS AUTARQUIAS E FUNDACOES PARA O;0000;CONTRIBUICAO DA UNIAO, DE SUAS AUTARQUIAS E FUNDACOES PARA O CUSTEIO DO REGIME DE PREVIDENCIA DOS SERVIDORES PUBLICOS FEDERAIS;12846210909HB0053;128044;VCC80N99GAN;ADMINISTRACAO CAPES -DGES;91;APLICACOES DIRETAS - OPERACOES INTERNAS;3;DESPESAS CORRENTES;1;PESSOAL E ENCARGOS SOCIAIS;13;OBRIGACOES PATRONAIS;319113;OBRIGACOES PATRONAIS - OP.INTRA-ORCAMENTARIAS;00;RECURSOS PRIMARIOS DE LIVRE APLICACAO;162940912.98;;162940912.98;;162940912.98;72992572.82;89948340.16;89948340.16
2019;154003;FUND.COORD.DE APERF.DE PESSOAL NIVEL SUPERIOR;09;PREVIDENCIA SOCIAL;272;PREVIDENCIA DO REGIME ESTATUTARIO;0089;PREVIDENCIA DE INATIVOS E PENSIONISTAS DA UNIAO;0181;APOSENTADORIAS E PENSOES CIVIS DA UNIAO;0000;APOSENTADORIAS E PENSOES CIVIS DA UNIAO;09272008901810053;087478;'-8;SEM INFORMACAO;90;APLICACOES DIRETAS;3;DESPESAS CORRENTES;1;PESSOAL E ENCARGOS SOCIAIS;00;[A DETALHAR];319000;APLICACOES DIRETAS;00;RECURSOS PRIMARIOS DE LIVRE APLICACAO;18327082.84;2,386,359.00;20713441.84;;;;;
2019;154003;FUND.COORD.DE APERF.DE PESSOAL NIVEL SUPERIOR;09;PREVIDENCIA SOCIAL;272;PREVIDENCIA DO REGIME ESTATUTARIO;0089;PREVIDENCIA DE INATIVOS E PENSIONISTAS DA UNIAO;0181;APOSENTADORIAS E PENSOES CIVIS DA UNIAO;0000;APOSENTADORIAS E PENSOES CIVIS DA UNIAO;09272008901810053;087478;'-8;SEM INFORMACAO;90;APLICACOES DIRETAS;3;DESPESAS CORRENTES;1;PESSOAL E ENCARGOS SOCIAIS;;;;;56;CONTRIB.DO SERV.PARA O PLANO SEG.SOC.SERV.PUB;42756999.39;;42756999.39;;;;;
2019;154003;FUND.COORD.DE APERF.DE PESSOAL NIVEL SUPERIOR;09;PREVIDENCIA SOCIAL;272;PREVIDENCIA DO REGIME ESTATUTARIO;0089;PREVIDENCIA DE INATIVOS E PENSIONISTAS DA UNIAO;0181;APOSENTADORIAS E PENSOES CIVIS DA UNIAO;0000;APOSENTADORIAS E PENSOES CIVIS DA UNIAO;09272008901810053;087478;'-8;SEM INFORMACAO;90;APLICACOES DIRETAS;3;DESPESAS CORRENTES;1;PESSOAL E ENCARGOS SOCIAIS;;;;;69;CONTR.PATRONAL PARA O PLANO SEG.SOC.SERV.PUB.;23,179.98;;23,179.98;;;;;
2019;154003;FUND.COORD.DE APERF.DE PESSOAL NIVEL SUPERIOR;09;PREVIDENCIA SOCIAL;272;PREVIDENCIA DO REGIME ESTATUTARIO;0089;PREVIDENCIA DE INATIVOS E PENSIONISTAS DA UNIAO;0181;APOSENTADORIAS E PENSOES CIVIS DA UNIAO;0000;APOSENTADORIAS E PENSOES CIVIS DA UNIAO;09272008901810053;087478;VCC80N99GAN;ADMINISTRACAO CAPES -DGES;90;APLICACOES DIRETAS;3;DESPESAS CORRENTES;1;PESSOAL E ENCARGOS SOCIAIS;01;APOSENTADORIAS, RESERVA REMUNERADA E REFORMAS;319001;APOSENTADORIAS, RESERVA REMUNERADA E REFORMAS;00;RECURSOS PRIMARIOS DE LIVRE APLICACAO;13124620.59;;13124620.59;;13124620.59;3,648,491.46;9,476,129.13;3,857,125.23
2019;154003;FUND.COORD.DE APERF.DE PESSOAL NIVEL SUPERIOR;09;PREVIDENCIA SOCIAL;272;PREVIDENCIA DO REGIME ESTATUTARIO;0089;PREVIDENCIA DE INATIVOS E PENSIONISTAS DA UNIAO;0181;APOSENTADORIAS E PENSOES CIVIS DA UNIAO;0000;APOSENTADORIAS E PENSOES CIVIS DA UNIAO;09272008901810053;087478;VCC80N99GAN;ADMINISTRACAO CAPES -DGES;90;APLICACOES DIRETAS;3;DESPESAS CORRENTES;1;PESSOAL E ENCARGOS SOCIAIS;;;;;56;CONTRIB.DO SERV.PARA O PLANO SEG.SOC.SERV.PUB;48481037.85;;48481037.85;;48481037.85;9,505,347.29;38975690.56;32494652.71
2019;154003;FUND.COORD.DE APERF.DE PESSOAL NIVEL SUPERIOR;09;PREVIDENCIA SOCIAL;272;PREVIDENCIA DO REGIME ESTATUTARIO;0089;PREVIDENCIA DE INATIVOS E PENSIONISTAS DA UNIAO;0181;APOSENTADORIAS E PENSOES CIVIS DA UNIAO;0000;APOSENTADORIAS E PENSOES CIVIS DA UNIAO;09272008901810053;087478;VCC80N99GAN;ADMINISTRACAO CAPES -DGES;90;APLICACOES DIRETAS;3;DESPESAS CORRENTES;1;PESSOAL E ENCARGOS SOCIAIS;;;;;69;CONTR.PATRONAL PARA O PLANO SEG.SOC.SERV.PUB.;169482310.02;;169482310.02;;169482310.02;42760252.25;126722057.77;114622249.43
2019;154003;FUND.COORD.DE APERF.DE PESSOAL NIVEL SUPERIOR;09;PREVIDENCIA SOCIAL;272;PREVIDENCIA DO REGIME ESTATUTARIO;0089;PREVIDENCIA DE INATIVOS E PENSIONISTAS DA UNIAO;0181;APOSENTADORIAS E PENSOES CIVIS DA UNIAO;0000;APOSENTADORIAS E PENSOES CIVIS DA UNIAO;09272008901810053;087478;VCC80N99GAN;ADMINISTRACAO CAPES -DGES;90;APLICACOES DIRETAS;3;DESPESAS CORRENTES;1;PESSOAL E ENCARGOS SOCIAIS;03;PENSOES;319003;PENSOES;00;RECURSOS PRIMARIOS DE LIVRE APLICACAO;90,632.57;;90,632.57;;90,632.57;58,487.12;32,145.45;21,939.03
2019;154003;FUND.COORD.DE APERF.DE PESSOAL NIVEL SUPERIOR;09;PREVIDENCIA SOCIAL;272;PREVIDENCIA DO REGIME ESTATUTARIO;0089;PREVIDENCIA DE INATIVOS E PENSIONISTAS DA UNIAO;0181;APOSENTADORIAS E PENSOES CIVIS DA UNIAO;0000;APOSENTADORIAS E PENSOES CIVIS DA UNIAO;09272008901810053;087478;VCC80N99GAN;ADMINISTRACAO CAPES -DGES;90;APLICACOES DIRETAS;3;DESPESAS CORRENTES;1;PESSOAL E ENCARGOS SOCIAIS;;;;;56;CONTRIB.DO SERV.PARA O PLANO SEG.SOC.SERV.PUB;20424425.22;;20424425.22;;20424425.22;7,556,992.54;12867432.68;11046488.27
2019;154003;FUND.COORD.DE APERF.DE PESSOAL NIVEL SUPERIOR;09;PREVIDENCIA SOCIAL;272;PREVIDENCIA DO REGIME ESTATUTARIO;0089;PREVIDENCIA DE INATIVOS E PENSIONISTAS DA UNIAO;0181;APOSENTADORIAS E PENSOES CIVIS DA UNIAO;0000;APOSENTADORIAS E PENSOES CIVIS DA UNIAO;09272008901810053;087478;VCC80N99GAN;ADMINISTRACAO CAPES -DGES;90;APLICACOES DIRETAS;3;DESPESAS CORRENTES;1;PESSOAL E ENCARGOS SOCIAIS;91;SENTENCAS JUDICIAIS;319091;SENTENCAS JUDICIAIS;56;CONTRIB.DO SERV.PARA O PLANO SEG.SOC.SERV.PUB;1,239,711.54;;1,239,711.54;;1,239,711.54;463,981.74;775,729.80;673,383.99
2019;154004;FUND.COORD.DE APERF.DE PESSOAL NIVEL SUPERIOR;12;EDUCACAO;364;ENSINO SUPERIOR;2080;EDUCACAO DE QUALIDADE PARA TODOS;0487;CONCESSAO DE BOLSAS DE ESTUDO NO ENSINO SUPERIOR;0001;CIENCIA SEM FRONTEIRAS;12364208004870001;108450;NCCCVN19BEN;CSF - BEX;90;APLICACOES DIRETAS;3;DESPESAS CORRENTES;3;OUTRAS DESPESAS CORRENTES;18;AUXILIO FINANCEIRO A ESTUDANTES;339018;AUXILIO FINANCEIRO A ESTUDANTES;00;RECURSOS PRIMARIOS DE LIVRE APLICACAO;;;;;31209874.27;823,703.05;30386171.23;30274451.59
2019;154004;FUND.COORD.DE APERF.DE PESSOAL NIVEL SUPERIOR;12;EDUCACAO;364;ENSINO SUPERIOR;2080;EDUCACAO DE QUALIDADE PARA TODOS;0487;CONCESSAO DE BOLSAS DE ESTUDO NO ENSINO SUPERIOR;0003;CONCESSAO DE BOLSA DE ESTUDOS NO EXTERIOR;12364208004870001;108454;NCCCPN99BEN;BEX - BEX;90;APLICACOES DIRETAS;3;DESPESAS CORRENTES;3;OUTRAS DESPESAS CORRENTES;39;OUTROS SERVICOS DE TERCEIROS PJ - OP.INT.ORC.;339039;OUTROS SERVICOS DE TERCEIROS - PESSOA JURIDICA;00;RECURSOS PRIMARIOS DE LIVRE APLICACAO;;;;;18110100.00;11612026.71;1,987,542.84;1,987,542.84
2019;154004;FUND.COORD.DE APERF.DE PESSOAL NIVEL SUPERIOR;12;EDUCACAO;364;ENSINO SUPERIOR;2080;EDUCACAO DE QUALIDADE PARA TODOS;0487;CONCESSAO DE BOLSAS DE ESTUDO NO ENSINO SUPERIOR;0003;CONCESSAO DE BOLSA DE ESTUDOS NO EXTERIOR;12364208004870001;108454;NCCCPO19BEN;BEX - BEX;90;APLICACOES DIRETAS;3;DESPESAS CORRENTES;3;OUTRAS DESPESAS CORRENTES;18;AUXILIO FINANCEIRO A ESTUDANTES;339018;AUXILIO FINANCEIRO A ESTUDANTES;00;RECURSOS PRIMARIOS DE LIVRE APLICACAO;;;;;662765685.02;137996682.14;364418650.81;364135593.69
2019;154004;FUND.COORD.DE APERF.DE PESSOAL NIVEL SUPERIOR;12;EDUCACAO;364;ENSINO SUPERIOR;2080;EDUCACAO DE QUALIDADE PARA TODOS;20GK;FOMENTO AS ACOES DE GRADUACAO, POS-GRADUACAO, ENSINO, PESQUI;0000;FOMENTO AS ACOES DE GRADUACAO, POS-GRADUACAO, ENSINO, PESQUISA E EXTENSAO;12364208020GK0001;108447;VCC80N99GAN;ADMINISTRACAO CAPES -DGES;90;APLICACOES DIRETAS;3;DESPESAS CORRENTES;3;OUTRAS DESPESAS CORRENTES;39;OUTROS SERVICOS DE TERCEIROS PJ - OP.INT.ORC.;339039;OUTROS SERVICOS DE TERCEIROS - PESSOA JURIDICA;00;RECURSOS PRIMARIOS DE LIVRE APLICACAO;;;;;251,703.59;0.00;251,703.59;251,703.59
2019;154004;FUND.COORD.DE APERF.DE PESSOAL NIVEL SUPERIOR;12;EDUCACAO;368;EDUCACAO BASICA;2080;EDUCACAO DE QUALIDADE PARA TODOS;00O0;CONCESSAO DE BOLSAS DE APOIO A EDUCACAO BASICA;0001;EDUCACAO BASICA PRESENCIAL;12368208000O00001;108451;NCCCPO19BEN;BEX - BEX;90;APLICACOES DIRETAS;3;DESPESAS CORRENTES;3;OUTRAS DESPESAS CORRENTES;18;AUXILIO FINANCEIRO A ESTUDANTES;339018;AUXILIO FINANCEIRO A ESTUDANTES;08;FUNDO SOCIAL-PARC.DEST.EDUCACAO PUBL.E SAUDE;;;;;783,354.41;0.00;;
2019;154004;FUND.COORD.DE APERF.DE PESSOAL NIVEL SUPERIOR;12;EDUCACAO;573;DIFUSAO DO CONHECIMENTO CIENTIFICO E TECNOLOGICO;2080;EDUCACAO DE QUALIDADE PARA TODOS;2317;ACESSO A INFORMACAO CIENTIFICA E TECNOLOGICA;0000;ACESSO A INFORMACAO CIENTIFICA E TECNOLOGICA;12573208023170001;108449;OCC35O99PPN;PORTAL DE PERIODICOS - PORTAL DE PERIODICOS;90;APLICACOES DIRETAS;3;DESPESAS CORRENTES;3;OUTRAS DESPESAS CORRENTES;39;OUTROS SERVICOS DE TERCEIROS PJ - OP.INT.ORC.;339039;OUTROS SERVICOS DE TERCEIROS - PESSOA JURIDICA;00;RECURSOS PRIMARIOS DE LIVRE APLICACAO;;;;;3065547182.0;31235115.45;2795838988.9;2795838988.9
2019;154004;FUND.COORD.DE APERF.DE PESSOAL NIVEL SUPERIOR;12;EDUCACAO;573;DIFUSAO DO CONHECIMENTO CIENTIFICO E TECNOLOGICO;2080;EDUCACAO DE QUALIDADE PARA TODOS;2317;ACESSO A INFORMACAO CIENTIFICA E TECNOLOGICA;0000;ACESSO A INFORMACAO CIENTIFICA E TECNOLOGICA;12573208023170001;108449;OCC35O99PPN;PORTAL DE PERIODICOS - PORTAL DE PERIODICOS;90;APLICACOES DIRETAS;3;DESPESAS CORRENTES;3;OUTRAS DESPESAS CORRENTES;;;;;50;REC.PROPRIOS PRIMARIOS DE LIVRE APLICACAO;;;;;308113299.75;12130754.63;295982545.12;295982545.12
2019;154032;FUND.UNIV.FED.DE.CIENC.DA SAUDE DE P.ALEGRE;12;EDUCACAO;364;ENSINO SUPERIOR;2080;EDUCACAO DE QUALIDADE PARA TODOS;0487;CONCESSAO DE BOLSAS DE ESTUDO NO ENSINO SUPERIOR;0002;CONCESSAO DE BOLSAS DE ESTUDOS NO PAIS;12364208004870001;108452;OCCCUO9414N;BF SUPERIOR - PROAP;90;APLICACOES DIRETAS;3;DESPESAS CORRENTES;3;OUTRAS DESPESAS CORRENTES;14;DIARIAS - PESSOAL CIVIL;339014;DIARIAS - PESSOAL CIVIL;08;FUNDO SOCIAL-PARC.DEST.EDUCACAO PUBL.E SAUDE;;;;;506,586.36;145,990.42;360,595.94;322,436.37
2019;154032;FUND.UNIV.FED.DE.CIENC.DA SAUDE DE P.ALEGRE;12;EDUCACAO;364;ENSINO SUPERIOR;2080;EDUCACAO DE QUALIDADE PARA TODOS;0487;CONCESSAO DE BOLSAS DE ESTUDO NO ENSINO SUPERIOR;0002;CONCESSAO DE BOLSAS DE ESTUDOS NO PAIS;12364208004870001;108452;OCCCUO9414N;BF SUPERIOR - PROAP;90;APLICACOES DIRETAS;3;DESPESAS CORRENTES;3;OUTRAS DESPESAS CORRENTES;30;MATERIAL DE CONSUMO;339030;MATERIAL DE CONSUMO;08;FUNDO SOCIAL-PARC.DEST.EDUCACAO PUBL.E SAUDE;;;;;1,146,889.69;430,742.54;423,947.00;422,357.32
2019;154032;FUND.UNIV.FED.DE.CIENC.DA SAUDE DE P.ALEGRE;12;EDUCACAO;364;ENSINO SUPERIOR;2080;EDUCACAO DE QUALIDADE PARA TODOS;0487;CONCESSAO DE BOLSAS DE ESTUDO NO ENSINO SUPERIOR;0002;CONCESSAO DE BOLSAS DE ESTUDOS NO PAIS;12364208004870001;108452;OCCCUO9414N;BF SUPERIOR - PROAP;90;APLICACOES DIRETAS;3;DESPESAS CORRENTES;3;OUTRAS DESPESAS CORRENTES;33;PASSAGENS E DESPESAS COM LOCOMOCAO;339033;PASSAGENS E DESPESAS COM LOCOMOCAO;08;FUNDO SOCIAL-PARC.DEST.EDUCACAO PUBL.E SAUDE;;;;;386,280.00;157,764.53;196,945.99;176,981.73
2019;154032;FUND.UNIV.FED.DE.CIENC.DA SAUDE DE P.ALEGRE;12;EDUCACAO;364;ENSINO SUPERIOR;2080;EDUCACAO DE QUALIDADE PARA TODOS;0487;CONCESSAO DE BOLSAS DE ESTUDO NO ENSINO SUPERIOR;0002;CONCESSAO DE BOLSAS DE ESTUDOS NO PAIS;12364208004870001;108452;OCCCUO9414N;BF SUPERIOR - PROAP;90;APLICACOES DIRETAS;3;DESPESAS CORRENTES;3;OUTRAS DESPESAS CORRENTES;36;OUTROS SERVICOS DE TERCEIROS - P.FISICA;339036;OUTROS SERVICOS DE TERCEIROS - PESSOA FISICA;08;FUNDO SOCIAL-PARC.DEST.EDUCACAO PUBL.E SAUDE;;;;;7,878.00;2,870.00;5,008.00;4,382.00
2019;154032;FUND.UNIV.FED.DE.CIENC.DA SAUDE DE P.ALEGRE;12;EDUCACAO;364;ENSINO SUPERIOR;2080;EDUCACAO DE QUALIDADE PARA TODOS;0487;CONCESSAO DE BOLSAS DE ESTUDO NO ENSINO SUPERIOR;0002;CONCESSAO DE BOLSAS DE ESTUDOS NO PAIS;12364208004870001;108452;OCCCUO9414N;BF SUPERIOR - PROAP;90;APLICACOES DIRETAS;3;DESPESAS CORRENTES;3;OUTRAS DESPESAS CORRENTES;93;INDENIZACOES E RESTITUICOES;339093;INDENIZACOES E RESTITUICOES;08;FUNDO SOCIAL-PARC.DEST.EDUCACAO PUBL.E SAUDE;;;;;51,057.77;0.00;51,057.77;46,501.20
2019;154034;UNIRIO UNIVERSIDADE FEDERAL DO ESTADO RJ;12;EDUCACAO;364;ENSINO SUPERIOR;2080;EDUCACAO DE QUALIDADE PARA TODOS;0487;CONCESSAO DE BOLSAS DE ESTUDO NO ENSINO SUPERIOR;0002;CONCESSAO DE BOLSAS DE ESTUDOS NO PAIS;12364208004870001;108452;OCCCUO9414N;BF SUPERIOR - PROAP;90;APLICACOES DIRETAS;3;DESPESAS CORRENTES;3;OUTRAS DESPESAS CORRENTES;14;DIARIAS - PESSOAL CIVIL;339014;DIARIAS - PESSOAL CIVIL;00;RECURSOS PRIMARIOS DE LIVRE APLICACAO;;;;;1,519,556.42;838,424.65;681,131.77;648,118.44
2019;154034;UNIRIO UNIVERSIDADE FEDERAL DO ESTADO RJ;12;EDUCACAO;364;ENSINO SUPERIOR;2080;EDUCACAO DE QUALIDADE PARA TODOS;0487;CONCESSAO DE BOLSAS DE ESTUDO NO ENSINO SUPERIOR;0002;CONCESSAO DE BOLSAS DE ESTUDOS NO PAIS;12364208004870001;108452;OCCCUO9414N;BF SUPERIOR - PROAP;90;APLICACOES DIRETAS;3;DESPESAS CORRENTES;3;OUTRAS DESPESAS CORRENTES;18;AUXILIO FINANCEIRO A ESTUDANTES;339018;AUXILIO FINANCEIRO A ESTUDANTES;00;RECURSOS PRIMARIOS DE LIVRE APLICACAO;;;;;1,136,685.51;456,381.61;680,303.90;536,803.60
2019;154034;UNIRIO UNIVERSIDADE FEDERAL DO ESTADO RJ;12;EDUCACAO;364;ENSINO SUPERIOR;2080;EDUCACAO DE QUALIDADE PARA TODOS;0487;CONCESSAO DE BOLSAS DE ESTUDO NO ENSINO SUPERIOR;0002;CONCESSAO DE BOLSAS DE ESTUDOS NO PAIS;12364208004870001;108452;OCCCUO9414N;BF SUPERIOR - PROAP;90;APLICACOES DIRETAS;3;DESPESAS CORRENTES;3;OUTRAS DESPESAS CORRENTES;20;AUXILIO FINANCEIRO A PESQUISADORES;339020;AUXILIO FINANCEIRO A PESQUISADORES;00;RECURSOS PRIMARIOS DE LIVRE APLICACAO;;;;;49,140.00;34,140.00;15,000.00;12,000.00
2019;154034;UNIRIO UNIVERSIDADE FEDERAL DO ESTADO RJ;12;EDUCACAO;364;ENSINO SUPERIOR;2080;EDUCACAO DE QUALIDADE PARA TODOS;0487;CONCESSAO DE BOLSAS DE ESTUDO NO ENSINO SUPERIOR;0002;CONCESSAO DE BOLSAS DE ESTUDOS NO PAIS;12364208004870001;108452;OCCCUO9414N;BF SUPERIOR - PROAP;90;APLICACOES DIRETAS;3;DESPESAS CORRENTES;3;OUTRAS DESPESAS CORRENTES;30;MATERIAL DE CONSUMO;339030;MATERIAL DE CONSUMO;00;RECURSOS PRIMARIOS DE LIVRE APLICACAO;;;;;330,418.42;92,027.26;155,244.36;120,639.44
2019;154034;UNIRIO UNIVERSIDADE FEDERAL DO ESTADO RJ;12;EDUCACAO;364;ENSINO SUPERIOR;2080;EDUCACAO DE QUALIDADE PARA TODOS;0487;CONCESSAO DE BOLSAS DE ESTUDO NO ENSINO SUPERIOR;0002;CONCESSAO DE BOLSAS DE ESTUDOS NO PAIS;12364208004870001;108452;OCCCUO9414N;BF SUPERIOR - PROAP;90;APLICACOES DIRETAS;3;DESPESAS CORRENTES;3;OUTRAS DESPESAS CORRENTES;33;PASSAGENS E DESPESAS COM LOCOMOCAO;339033;PASSAGENS E DESPESAS COM LOCOMOCAO;00;RECURSOS PRIMARIOS DE LIVRE APLICACAO;;;;;2,114,945.16;676,838.69;1,371,398.26;1,190,679.34
2019;154034;UNIRIO UNIVERSIDADE FEDERAL DO ESTADO RJ;12;EDUCACAO;364;ENSINO SUPERIOR;2080;EDUCACAO DE QUALIDADE PARA TODOS;0487;CONCESSAO DE BOLSAS DE ESTUDO NO ENSINO SUPERIOR;0002;CONCESSAO DE BOLSAS DE ESTUDOS NO PAIS;12364208004870001;108452;OCCCUO9414N;BF SUPERIOR - PROAP;90;APLICACOES DIRETAS;3;DESPESAS CORRENTES;3;OUTRAS DESPESAS CORRENTES;36;OUTROS SERVICOS DE TERCEIROS - P.FISICA;339036;OUTROS SERVICOS DE TERCEIROS - PESSOA FISICA;00;RECURSOS PRIMARIOS DE LIVRE APLICACAO;;;;;124,900.54;63,097.94;61,802.60;59,221.90
2019;154034;UNIRIO UNIVERSIDADE FEDERAL DO ESTADO RJ;12;EDUCACAO;364;ENSINO SUPERIOR;2080;EDUCACAO DE QUALIDADE PARA TODOS;0487;CONCESSAO DE BOLSAS DE ESTUDO NO ENSINO SUPERIOR;0002;CONCESSAO DE BOLSAS DE ESTUDOS NO PAIS;12364208004870001;108452;OCCCUO9414N;BF SUPERIOR - PROAP;90;APLICACOES DIRETAS;3;DESPESAS CORRENTES;3;OUTRAS DESPESAS CORRENTES;39;OUTROS SERVICOS DE TERCEIROS PJ - OP.INT.ORC.;339039;OUTROS SERVICOS DE TERCEIROS - PESSOA JURIDICA;00;RECURSOS PRIMARIOS DE LIVRE APLICACAO;;;;;599,349.37;151,971.32;375,651.53;335,625.49
2019;154034;UNIRIO UNIVERSIDADE FEDERAL DO ESTADO RJ;12;EDUCACAO;368;EDUCACAO BASICA;2080;EDUCACAO DE QUALIDADE PARA TODOS;20RJ;APOIO A CAPACITACAO E FORMACAO INICIAL E CONTINUADA PARA A E;0004;EDUCACAO BASICA A DISTANCIA - SISTEMA UNIVERSIDADE ABERTA DO BRASIL (UAB);12368208020RJ0001;108456;QCC62T58HIN;UAB - UAB PROFHISTORIA;90;APLICACOES DIRETAS;3;DESPESAS CORRENTES;3;OUTRAS DESPESAS CORRENTES;14;DIARIAS - PESSOAL CIVIL;339014;DIARIAS - PESSOAL CIVIL;00;RECURSOS PRIMARIOS DE LIVRE APLICACAO;;;;;42,105.24;19,464.60;22,640.64;19,118.48
2019;154034;UNIRIO UNIVERSIDADE FEDERAL DO ESTADO RJ;12;EDUCACAO;368;EDUCACAO BASICA;2080;EDUCACAO DE QUALIDADE PARA TODOS;20RJ;APOIO A CAPACITACAO E FORMACAO INICIAL E CONTINUADA PARA A E;0004;EDUCACAO BASICA A DISTANCIA - SISTEMA UNIVERSIDADE ABERTA DO BRASIL (UAB);12368208020RJ0001;108456;QCC62T58HIN;UAB - UAB PROFHISTORIA;90;APLICACOES DIRETAS;3;DESPESAS CORRENTES;3;OUTRAS DESPESAS CORRENTES;18;AUXILIO FINANCEIRO A ESTUDANTES;339018;AUXILIO FINANCEIRO A ESTUDANTES;00;RECURSOS PRIMARIOS DE LIVRE APLICACAO;;;;;29,398.70;9,911.00;19,487.70;18,266.40
2019;154034;UNIRIO UNIVERSIDADE FEDERAL DO ESTADO RJ;12;EDUCACAO;368;EDUCACAO BASICA;2080;EDUCACAO DE QUALIDADE PARA TODOS;20RJ;APOIO A CAPACITACAO E FORMACAO INICIAL E CONTINUADA PARA A E;0004;EDUCACAO BASICA A DISTANCIA - SISTEMA UNIVERSIDADE ABERTA DO BRASIL (UAB);12368208020RJ0001;108456;QCC62T58HIN;UAB - UAB PROFHISTORIA;90;APLICACOES DIRETAS;3;DESPESAS CORRENTES;3;OUTRAS DESPESAS CORRENTES;33;PASSAGENS E DESPESAS COM LOCOMOCAO;339033;PASSAGENS E DESPESAS COM LOCOMOCAO;00;RECURSOS PRIMARIOS DE LIVRE APLICACAO;;;;;80,549.37;41,438.10;39,111.27;32,533.48
2019;154039;FUNDACAO UNIVERSIDADE DO AMAZONAS;12;EDUCACAO;364;ENSINO SUPERIOR;2080;EDUCACAO DE QUALIDADE PARA TODOS;0487;CONCESSAO DE BOLSAS DE ESTUDO NO ENSINO SUPERIOR;0002;CONCESSAO DE BOLSAS DE ESTUDOS NO PAIS;12364208004870001;108452;OCCCUO9414N;BF SUPERIOR - PROAP;90;APLICACOES DIRETAS;3;DESPESAS CORRENTES;3;OUTRAS DESPESAS CORRENTES;14;DIARIAS - PESSOAL CIVIL;339014;DIARIAS - PESSOAL CIVIL;08;FUNDO SOCIAL-PARC.DEST.EDUCACAO PUBL.E SAUDE;;;;;1,078,307.54;360,061.40;718,246.14;613,268.68
2019;154039;FUNDACAO UNIVERSIDADE DO AMAZONAS;12;EDUCACAO;364;ENSINO SUPERIOR;2080;EDUCACAO DE QUALIDADE PARA TODOS;0487;CONCESSAO DE BOLSAS DE ESTUDO NO ENSINO SUPERIOR;0002;CONCESSAO DE BOLSAS DE ESTUDOS NO PAIS;12364208004870001;108452;OCCCUO9414N;BF SUPERIOR - PROAP;90;APLICACOES DIRETAS;3;DESPESAS CORRENTES;3;OUTRAS DESPESAS CORRENTES;18;AUXILIO FINANCEIRO A ESTUDANTES;339018;AUXILIO FINANCEIRO A ESTUDANTES;08;FUNDO SOCIAL-PARC.DEST.EDUCACAO PUBL.E SAUDE;;;;;581,975.30;69,125.07;512,850.23;438,162.55
2019;154039;FUNDACAO UNIVERSIDADE DO AMAZONAS;12;EDUCACAO;364;ENSINO SUPERIOR;2080;EDUCACAO DE QUALIDADE PARA TODOS;0487;CONCESSAO DE BOLSAS DE ESTUDO NO ENSINO SUPERIOR;0002;CONCESSAO DE BOLSAS DE ESTUDOS NO PAIS;12364208004870001;108452;OCCCUO9414N;BF SUPERIOR - PROAP;90;APLICACOES DIRETAS;3;DESPESAS CORRENTES;3;OUTRAS DESPESAS CORRENTES;20;AUXILIO FINANCEIRO A PESQUISADORES;339020;AUXILIO FINANCEIRO A PESQUISADORES;08;FUNDO SOCIAL-PARC.DEST.EDUCACAO PUBL.E SAUDE;;;;;956,500.00;0.00;956,500.00;765,200.00
2019;154039;FUNDACAO UNIVERSIDADE DO AMAZONAS;12;EDUCACAO;364;ENSINO SUPERIOR;2080;EDUCACAO DE QUALIDADE PARA TODOS;0487;CONCESSAO DE BOLSAS DE ESTUDO NO ENSINO SUPERIOR;0002;CONCESSAO DE BOLSAS DE ESTUDOS NO PAIS;12364208004870001;108452;OCCCUO9414N;BF SUPERIOR - PROAP;90;APLICACOES DIRETAS;3;DESPESAS CORRENTES;3;OUTRAS DESPESAS CORRENTES;33;PASSAGENS E DESPESAS COM LOCOMOCAO;339033;PASSAGENS E DESPESAS COM LOCOMOCAO;08;FUNDO SOCIAL-PARC.DEST.EDUCACAO PUBL.E SAUDE;;;;;2,069,999.31;771,301.20;1,009,523.61;958,357.00
2019;154039;FUNDACAO UNIVERSIDADE DO AMAZONAS;12;EDUCACAO;364;ENSINO SUPERIOR;2080;EDUCACAO DE QUALIDADE PARA TODOS;0487;CONCESSAO DE BOLSAS DE ESTUDO NO ENSINO SUPERIOR;0002;CONCESSAO DE BOLSAS DE ESTUDOS NO PAIS;12364208004870001;108452;OCCCUO9414N;BF SUPERIOR - PROAP;90;APLICACOES DIRETAS;3;DESPESAS CORRENTES;3;OUTRAS DESPESAS CORRENTES;36;OUTROS SERVICOS DE TERCEIROS - P.FISICA;339036;OUTROS SERVICOS DE TERCEIROS - PESSOA FISICA;08;FUNDO SOCIAL-PARC.DEST.EDUCACAO PUBL.E SAUDE;;;;;270,000.00;95,821.80;117,355.20;96,309.80
2019;154039;FUNDACAO UNIVERSIDADE DO AMAZONAS;12;EDUCACAO;364;ENSINO SUPERIOR;2080;EDUCACAO DE QUALIDADE PARA TODOS;0487;CONCESSAO DE BOLSAS DE ESTUDO NO ENSINO SUPERIOR;0002;CONCESSAO DE BOLSAS DE ESTUDOS NO PAIS;12364208004870001;108452;OCCCUO9414N;BF SUPERIOR - PROAP;90;APLICACOES DIRETAS;3;DESPESAS CORRENTES;3;OUTRAS DESPESAS CORRENTES;39;OUTROS SERVICOS DE TERCEIROS PJ - OP.INT.ORC.;339039;OUTROS SERVICOS DE TERCEIROS - PESSOA JURIDICA;08;FUNDO SOCIAL-PARC.DEST.EDUCACAO PUBL.E SAUDE;;;;;237,643.51;82,886.35;65,448.18;59,333.18
2019;154039;FUNDACAO UNIVERSIDADE DO AMAZONAS;12;EDUCACAO;368;EDUCACAO BASICA;2080;EDUCACAO DE QUALIDADE PARA TODOS;20RJ;APOIO A CAPACITACAO E FORMACAO INICIAL E CONTINUADA PARA A E;0003;EDUCACAO BASICA PRESENCIAL;12368208020RJ0001;108455;PCC92B5801N;PARFOR - PARFOR;90;APLICACOES DIRETAS;3;DESPESAS CORRENTES;3;OUTRAS DESPESAS CORRENTES;14;DIARIAS - PESSOAL CIVIL;339014;DIARIAS - PESSOAL CIVIL;00;RECURSOS PRIMARIOS DE LIVRE APLICACAO;;;;;1,910,448.26;541,994.77;1,368,453.49;1,184,640.26
2019;154039;FUNDACAO UNIVERSIDADE DO AMAZONAS;12;EDUCACAO;368;EDUCACAO BASICA;2080;EDUCACAO DE QUALIDADE PARA TODOS;20RJ;APOIO A CAPACITACAO E FORMACAO INICIAL E CONTINUADA PARA A E;0003;EDUCACAO BASICA PRESENCIAL;12368208020RJ0001;108455;PCC92B5801N;PARFOR - PARFOR;90;APLICACOES DIRETAS;3;DESPESAS CORRENTES;3;OUTRAS DESPESAS CORRENTES;33;PASSAGENS E DESPESAS COM LOCOMOCAO;339033;PASSAGENS E DESPESAS COM LOCOMOCAO;00;RECURSOS PRIMARIOS DE LIVRE APLICACAO;;;;;2,838,896.00;902,695.51;46,085.47;46,085.47
2019;154039;FUNDACAO UNIVERSIDADE DO AMAZONAS;12;EDUCACAO;368;EDUCACAO BASICA;2080;EDUCACAO DE QUALIDADE PARA TODOS;20RJ;APOIO A CAPACITACAO E FORMACAO INICIAL E CONTINUADA PARA A E;0003;EDUCACAO BASICA PRESENCIAL;12368208020RJ0001;108455;PCC92B5801N;PARFOR - PARFOR;90;APLICACOES DIRETAS;3;DESPESAS CORRENTES;3;OUTRAS DESPESAS CORRENTES;36;OUTROS SERVICOS DE TERCEIROS - P.FISICA;339036;OUTROS SERVICOS DE TERCEIROS - PESSOA FISICA;00;RECURSOS PRIMARIOS DE LIVRE APLICACAO;;;;;69,755.50;15,397.00;54,358.50;44,800.50
2019;154039;FUNDACAO UNIVERSIDADE DO AMAZONAS;12;EDUCACAO;368;EDUCACAO BASICA;2080;EDUCACAO DE QUALIDADE PARA TODOS;20RJ;APOIO A CAPACITACAO E FORMACAO INICIAL E CONTINUADA PARA A E;0003;EDUCACAO BASICA PRESENCIAL;12368208020RJ0001;108455;PCC92B5801N;PARFOR - PARFOR;90;APLICACOES DIRETAS;3;DESPESAS CORRENTES;3;OUTRAS DESPESAS CORRENTES;39;OUTROS SERVICOS DE TERCEIROS PJ - OP.INT.ORC.;339039;OUTROS SERVICOS DE TERCEIROS - PESSOA JURIDICA;00;RECURSOS PRIMARIOS DE LIVRE APLICACAO;;;;;925,820.00;231,455.00;210,244.83;210,244.83
2019;154039;FUNDACAO UNIVERSIDADE DO AMAZONAS;12;EDUCACAO;368;EDUCACAO BASICA;2080;EDUCACAO DE QUALIDADE PARA TODOS;20RJ;APOIO A CAPACITACAO E FORMACAO INICIAL E CONTINUADA PARA A E;0004;EDUCACAO BASICA A DISTANCIA - SISTEMA UNIVERSIDADE ABERTA DO BRASIL (UAB);12368208020RJ0001;108456;MCC62G22EDN;UAB - UAB TRADICIONAL;90;APLICACOES DIRETAS;3;DESPESAS CORRENTES;3;OUTRAS DESPESAS CORRENTES;14;DIARIAS - PESSOAL CIVIL;339014;DIARIAS - PESSOAL CIVIL;00;RECURSOS PRIMARIOS DE LIVRE APLICACAO;;;;;558,502.13;200,456.60;358,045.53;330,977.37
2019;154039;FUNDACAO UNIVERSIDADE DO AMAZONAS;12;EDUCACAO;368;EDUCACAO BASICA;2080;EDUCACAO DE QUALIDADE PARA TODOS;20RJ;APOIO A CAPACITACAO E FORMACAO INICIAL E CONTINUADA PARA A E;0004;EDUCACAO BASICA A DISTANCIA - SISTEMA UNIVERSIDADE ABERTA DO BRASIL (UAB);12368208020RJ0001;108456;MCC62G22EDN;UAB - UAB TRADICIONAL;90;APLICACOES DIRETAS;3;DESPESAS CORRENTES;3;OUTRAS DESPESAS CORRENTES;36;OUTROS SERVICOS DE TERCEIROS - P.FISICA;339036;OUTROS SERVICOS DE TERCEIROS - PESSOA FISICA;00;RECURSOS PRIMARIOS DE LIVRE APLICACAO;;;;;116,000.00;53,426.80;16,127.80;15,862.30
2019;154039;FUNDACAO UNIVERSIDADE DO AMAZONAS;12;EDUCACAO;368;EDUCACAO BASICA;2080;EDUCACAO DE QUALIDADE PARA TODOS;20RJ;APOIO A CAPACITACAO E FORMACAO INICIAL E CONTINUADA PARA A E;0004;EDUCACAO BASICA A DISTANCIA - SISTEMA UNIVERSIDADE ABERTA DO BRASIL (UAB);12368208020RJ0001;108456;MCC62G22EDN;UAB - UAB TRADICIONAL;90;APLICACOES DIRETAS;3;DESPESAS CORRENTES;3;OUTRAS DESPESAS CORRENTES;39;OUTROS SERVICOS DE TERCEIROS PJ - OP.INT.ORC.;339039;OUTROS SERVICOS DE TERCEIROS - PESSOA JURIDICA;00;RECURSOS PRIMARIOS DE LIVRE APLICACAO;;;;;277,395.52;69,348.88;;
2019;154040;FUNDACAO UNIVERSIDADE DE BRASILIA - FUB;12;EDUCACAO;364;ENSINO SUPERIOR;2080;EDUCACAO DE QUALIDADE PARA TODOS;0487;CONCESSAO DE BOLSAS DE ESTUDO NO ENSINO SUPERIOR;0002;CONCESSAO DE BOLSAS DE ESTUDOS NO PAIS;12364208004870001;108452;OCCCUO9414N;BF SUPERIOR - PROAP;50;TRANSFERENCIA INSTITUICOES PRIVADAS SEM FINS LUCRATIVOS;3;DESPESAS CORRENTES;3;OUTRAS DESPESAS CORRENTES;41;CONTRIBUICOES;335041;CONTRIBUICOES;08;FUNDO SOCIAL-PARC.DEST.EDUCACAO PUBL.E SAUDE;;;;;29,000.00;9,000.00;20,000.00;16,000.00
2019;154040;FUNDACAO UNIVERSIDADE DE BRASILIA - FUB;12;EDUCACAO;364;ENSINO SUPERIOR;2080;EDUCACAO DE QUALIDADE PARA TODOS;0487;CONCESSAO DE BOLSAS DE ESTUDO NO ENSINO SUPERIOR;0002;CONCESSAO DE BOLSAS DE ESTUDOS NO PAIS;12364208004870001;108452;OCCCUO9414N;BF SUPERIOR - PROAP;90;APLICACOES DIRETAS;3;DESPESAS CORRENTES;3;OUTRAS DESPESAS CORRENTES;14;DIARIAS - PESSOAL CIVIL;339014;DIARIAS - PESSOAL CIVIL;08;FUNDO SOCIAL-PARC.DEST.EDUCACAO PUBL.E SAUDE;;;;;4,002,917.39;2,373,158.28;1,629,759.11;1,436,557.04
2019;154040;FUNDACAO UNIVERSIDADE DE BRASILIA - FUB;12;EDUCACAO;364;ENSINO SUPERIOR;2080;EDUCACAO DE QUALIDADE PARA TODOS;0487;CONCESSAO DE BOLSAS DE ESTUDO NO ENSINO SUPERIOR;0002;CONCESSAO DE BOLSAS DE ESTUDOS NO PAIS;12364208004870001;108452;OCCCUO9414N;BF SUPERIOR - PROAP;90;APLICACOES DIRETAS;3;DESPESAS CORRENTES;3;OUTRAS DESPESAS CORRENTES;18;AUXILIO FINANCEIRO A ESTUDANTES;339018;AUXILIO FINANCEIRO A ESTUDANTES;08;FUNDO SOCIAL-PARC.DEST.EDUCACAO PUBL.E SAUDE;;;;;11984530.58;5,119,685.22;3,799,192.34;3,563,822.87
2019;154040;FUNDACAO UNIVERSIDADE DE BRASILIA - FUB;12;EDUCACAO;364;ENSINO SUPERIOR;2080;EDUCACAO DE QUALIDADE PARA TODOS;0487;CONCESSAO DE BOLSAS DE ESTUDO NO ENSINO SUPERIOR;0002;CONCESSAO DE BOLSAS DE ESTUDOS NO PAIS;12364208004870001;108452;OCCCUO9414N;BF SUPERIOR - PROAP;90;APLICACOES DIRETAS;3;DESPESAS CORRENTES;3;OUTRAS DESPESAS CORRENTES;20;AUXILIO FINANCEIRO A PESQUISADORES;339020;AUXILIO FINANCEIRO A PESQUISADORES;08;FUNDO SOCIAL-PARC.DEST.EDUCACAO PUBL.E SAUDE;;;;;874,559.98;481,813.42;392,746.56;346,332.56
2019;154040;FUNDACAO UNIVERSIDADE DE BRASILIA - FUB;12;EDUCACAO;364;ENSINO SUPERIOR;2080;EDUCACAO DE QUALIDADE PARA TODOS;0487;CONCESSAO DE BOLSAS DE ESTUDO NO ENSINO SUPERIOR;0002;CONCESSAO DE BOLSAS DE ESTUDOS NO PAIS;12364208004870001;108452;OCCCUO9414N;BF SUPERIOR - PROAP;90;APLICACOES DIRETAS;3;DESPESAS CORRENTES;3;OUTRAS DESPESAS CORRENTES;30;MATERIAL DE CONSUMO;339030;MATERIAL DE CONSUMO;08;FUNDO SOCIAL-PARC.DEST.EDUCACAO PUBL.E SAUDE;;;;;1,347,308.23;452,597.54;604,724.00;551,617.14
2019;154040;FUNDACAO UNIVERSIDADE DE BRASILIA - FUB;12;EDUCACAO;364;ENSINO SUPERIOR;2080;EDUCACAO DE QUALIDADE PARA TODOS;0487;CONCESSAO DE BOLSAS DE ESTUDO NO ENSINO SUPERIOR;0002;CONCESSAO DE BOLSAS DE ESTUDOS NO PAIS;12364208004870001;108452;OCCCUO9414N;BF SUPERIOR - PROAP;90;APLICACOES DIRETAS;3;DESPESAS CORRENTES;3;OUTRAS DESPESAS CORRENTES;33;PASSAGENS E DESPESAS COM LOCOMOCAO;339033;PASSAGENS E DESPESAS COM LOCOMOCAO;08;FUNDO SOCIAL-PARC.DEST.EDUCACAO PUBL.E SAUDE;;;;;5,607,252.58;2,924,570.70;2,672,812.84;2,354,410.61
2019;154040;FUNDACAO UNIVERSIDADE DE BRASILIA - FUB;12;EDUCACAO;364;ENSINO SUPERIOR;2080;EDUCACAO DE QUALIDADE PARA TODOS;0487;CONCESSAO DE BOLSAS DE ESTUDO NO ENSINO SUPERIOR;0002;CONCESSAO DE BOLSAS DE ESTUDOS NO PAIS;12364208004870001;108452;OCCCUO9414N;BF SUPERIOR - PROAP;90;APLICACOES DIRETAS;3;DESPESAS CORRENTES;3;OUTRAS DESPESAS CORRENTES;36;OUTROS SERVICOS DE TERCEIROS - P.FISICA;339036;OUTROS SERVICOS DE TERCEIROS - PESSOA FISICA;08;FUNDO SOCIAL-PARC.DEST.EDUCACAO PUBL.E SAUDE;;;;;515,426.41;248,719.61;266,706.80;253,484.70
2019;154040;FUNDACAO UNIVERSIDADE DE BRASILIA - FUB;12;EDUCACAO;364;ENSINO SUPERIOR;2080;EDUCACAO DE QUALIDADE PARA TODOS;0487;CONCESSAO DE BOLSAS DE ESTUDO NO ENSINO SUPERIOR;0002;CONCESSAO DE BOLSAS DE ESTUDOS NO PAIS;12364208004870001;108452;OCCCUO9414N;BF SUPERIOR - PROAP;90;APLICACOES DIRETAS;3;DESPESAS CORRENTES;3;OUTRAS DESPESAS CORRENTES;39;OUTROS SERVICOS DE TERCEIROS PJ - OP.INT.ORC.;339039;OUTROS SERVICOS DE TERCEIROS - PESSOA JURIDICA;08;FUNDO SOCIAL-PARC.DEST.EDUCACAO PUBL.E SAUDE;;;;;2,398,599.70;616,622.80;1,424,513.55;1,381,251.41
2019;154040;FUNDACAO UNIVERSIDADE DE BRASILIA - FUB;12;EDUCACAO;364;ENSINO SUPERIOR;2080;EDUCACAO DE QUALIDADE PARA TODOS;0487;CONCESSAO DE BOLSAS DE ESTUDO NO ENSINO SUPERIOR;0002;CONCESSAO DE BOLSAS DE ESTUDOS NO PAIS;12364208004870001;108452;OCCCUO9414N;BF SUPERIOR - PROAP;90;APLICACOES DIRETAS;3;DESPESAS CORRENTES;3;OUTRAS DESPESAS CORRENTES;40;SERVICOS DE TECNOLOGIA DA INFORMACAO E COMUNICACAO - PJ;339040;SERVICOS DE TECNOLOGIA DA INFORMACAO E COMUNICACAO - PJ;08;FUNDO SOCIAL-PARC.DEST.EDUCACAO PUBL.E SAUDE;;;;;144,500.00;63,560.00;77,640.00;68,250.00
2019;154040;FUNDACAO UNIVERSIDADE DE BRASILIA - FUB;12;EDUCACAO;364;ENSINO SUPERIOR;2080;EDUCACAO DE QUALIDADE PARA TODOS;0487;CONCESSAO DE BOLSAS DE ESTUDO NO ENSINO SUPERIOR;0002;CONCESSAO DE BOLSAS DE ESTUDOS NO PAIS;12364208004870001;108452;OCCCUO9414N;BF SUPERIOR - PROAP;90;APLICACOES DIRETAS;3;DESPESAS CORRENTES;3;OUTRAS DESPESAS CORRENTES;93;INDENIZACOES E RESTITUICOES;339093;INDENIZACOES E RESTITUICOES;08;FUNDO SOCIAL-PARC.DEST.EDUCACAO PUBL.E SAUDE;;;;;1,582.24;0.00;1,582.24;1,409.19
2019;154040;FUNDACAO UNIVERSIDADE DE BRASILIA - FUB;12;EDUCACAO;364;ENSINO SUPERIOR;2080;EDUCACAO DE QUALIDADE PARA TODOS;0487;CONCESSAO DE BOLSAS DE ESTUDO NO ENSINO SUPERIOR;0002;CONCESSAO DE BOLSAS DE ESTUDOS NO PAIS;12364208004870001;108452;OCCCUO9414N;BF SUPERIOR - PROAP;91;APLICACOES DIRETAS - OPERACOES INTERNAS;3;DESPESAS CORRENTES;3;OUTRAS DESPESAS CORRENTES;39;OUTROS SERVICOS DE TERCEIROS PJ - OP.INT.ORC.;339139;OUTROS SERVICOS DE TERCEIROS - PESSOA JURIDICA (INTRA);08;FUNDO SOCIAL-PARC.DEST.EDUCACAO PUBL.E SAUDE;;;;;800.00;800.00;;
2019;154040;FUNDACAO UNIVERSIDADE DE BRASILIA - FUB;12;EDUCACAO;364;ENSINO SUPERIOR;2080;EDUCACAO DE QUALIDADE PARA TODOS;0487;CONCESSAO DE BOLSAS DE ESTUDO NO ENSINO SUPERIOR;0002;CONCESSAO DE BOLSAS DE ESTUDOS NO PAIS;12364208004870001;108452;OCCCUO9414N;BF SUPERIOR - PROAP;91;APLICACOES DIRETAS - OPERACOES INTERNAS;3;DESPESAS CORRENTES;3;OUTRAS DESPESAS CORRENTES;47;OBRIGACOES TRIBUTARIAS E CONTRIBUTIVAS;339147;OBRIG.TRIBUT.E CONTRIB-OP.INTRA-ORCAMENTARIAS;08;FUNDO SOCIAL-PARC.DEST.EDUCACAO PUBL.E SAUDE;;;;;1,072.50;429.00;643.50;643.50
2019;154040;FUNDACAO UNIVERSIDADE DE BRASILIA - FUB;12;EDUCACAO;368;EDUCACAO BASICA;2080;EDUCACAO DE QUALIDADE PARA TODOS;20RJ;APOIO A CAPACITACAO E FORMACAO INICIAL E CONTINUADA PARA A E;0004;EDUCACAO BASICA A DISTANCIA - SISTEMA UNIVERSIDADE ABERTA DO BRASIL (UAB);12368208020RJ0001;108456;MCC62G22EDN;UAB - UAB TRADICIONAL;90;APLICACOES DIRETAS;3;DESPESAS CORRENTES;3;OUTRAS DESPESAS CORRENTES;14;DIARIAS - PESSOAL CIVIL;339014;DIARIAS - PESSOAL CIVIL;00;RECURSOS PRIMARIOS DE LIVRE APLICACAO;;;;;159,727.75;19,538.08;140,189.67;136,140.02
2019;154040;FUNDACAO UNIVERSIDADE DE BRASILIA - FUB;12;EDUCACAO;368;EDUCACAO BASICA;2080;EDUCACAO DE QUALIDADE PARA TODOS;20RJ;APOIO A CAPACITACAO E FORMACAO INICIAL E CONTINUADA PARA A E;0004;EDUCACAO BASICA A DISTANCIA - SISTEMA UNIVERSIDADE ABERTA DO BRASIL (UAB);12368208020RJ0001;108456;MCC62G22EDN;UAB - UAB TRADICIONAL;90;APLICACOES DIRETAS;3;DESPESAS CORRENTES;3;OUTRAS DESPESAS CORRENTES;33;PASSAGENS E DESPESAS COM LOCOMOCAO;339033;PASSAGENS E DESPESAS COM LOCOMOCAO;00;RECURSOS PRIMARIOS DE LIVRE APLICACAO;;;;;704,237.48;180,253.91;520,382.10;509,295.52
2019;154040;FUNDACAO UNIVERSIDADE DE BRASILIA - FUB;12;EDUCACAO;368;EDUCACAO BASICA;2080;EDUCACAO DE QUALIDADE PARA TODOS;20RJ;APOIO A CAPACITACAO E FORMACAO INICIAL E CONTINUADA PARA A E;0004;EDUCACAO BASICA A DISTANCIA - SISTEMA UNIVERSIDADE ABERTA DO BRASIL (UAB);12368208020RJ0001;108456;MCC62G22EDN;UAB - UAB TRADICIONAL;90;APLICACOES DIRETAS;3;DESPESAS CORRENTES;3;OUTRAS DESPESAS CORRENTES;36;OUTROS SERVICOS DE TERCEIROS - P.FISICA;339036;OUTROS SERVICOS DE TERCEIROS - PESSOA FISICA;00;RECURSOS PRIMARIOS DE LIVRE APLICACAO;;;;;408,919.50;149,697.00;259,222.50;247,607.00
2019;154040;FUNDACAO UNIVERSIDADE DE BRASILIA - FUB;12;EDUCACAO;368;EDUCACAO BASICA;2080;EDUCACAO DE QUALIDADE PARA TODOS;20RJ;APOIO A CAPACITACAO E FORMACAO INICIAL E CONTINUADA PARA A E;0004;EDUCACAO BASICA A DISTANCIA - SISTEMA UNIVERSIDADE ABERTA DO BRASIL (UAB);12368208020RJ0001;108456;MCC62G22EDN;UAB - UAB TRADICIONAL;90;APLICACOES DIRETAS;3;DESPESAS CORRENTES;3;OUTRAS DESPESAS CORRENTES;39;OUTROS SERVICOS DE TERCEIROS PJ - OP.INT.ORC.;339039;OUTROS SERVICOS DE TERCEIROS - PESSOA JURIDICA;00;RECURSOS PRIMARIOS DE LIVRE APLICACAO;;;;;8,204,826.22;2,576,705.42;3,147,775.52;3,147,775.52
2019;154040;FUNDACAO UNIVERSIDADE DE BRASILIA - FUB;12;EDUCACAO;368;EDUCACAO BASICA;2080;EDUCACAO DE QUALIDADE PARA TODOS;20RJ;APOIO A CAPACITACAO E FORMACAO INICIAL E CONTINUADA PARA A E;0004;EDUCACAO BASICA A DISTANCIA - SISTEMA UNIVERSIDADE ABERTA DO BRASIL (UAB);12368208020RJ0001;108456;MCC62G22EDN;UAB - UAB TRADICIONAL;90;APLICACOES DIRETAS;3;DESPESAS CORRENTES;3;OUTRAS DESPESAS CORRENTES;93;INDENIZACOES E RESTITUICOES;339093;INDENIZACOES E RESTITUICOES;00;RECURSOS PRIMARIOS DE LIVRE APLICACAO;;;;;32,844.10;11,568.43;20,328.18;18,725.87
2019;154040;FUNDACAO UNIVERSIDADE DE BRASILIA - FUB;12;EDUCACAO;368;EDUCACAO BASICA;2080;EDUCACAO DE QUALIDADE PARA TODOS;20RJ;APOIO A CAPACITACAO E FORMACAO INICIAL E CONTINUADA PARA A E;0004;EDUCACAO BASICA A DISTANCIA - SISTEMA UNIVERSIDADE ABERTA DO BRASIL (UAB);12368208020RJ0001;108456;MCC62G22EDN;UAB - UAB TRADICIONAL;90;APLICACOES DIRETAS;4;DESPESAS DE CAPITAL;4;INVESTIMENTOS;52;EQUIPAMENTOS E MATERIAL PERMANENTE;449052;EQUIPAMENTOS E MATERIAL PERMANENTE;00;RECURSOS PRIMARIOS DE LIVRE APLICACAO;;;;;97,650.00;0.00;;
2019;154041;FUNDACAO UNIVERSIDADE FEDERAL DO MARANHAO;12;EDUCACAO;364;ENSINO SUPERIOR;2080;EDUCACAO DE QUALIDADE PARA TODOS;0487;CONCESSAO DE BOLSAS DE ESTUDO NO ENSINO SUPERIOR;0002;CONCESSAO DE BOLSAS DE ESTUDOS NO PAIS;12364208004870001;108452;OCCCUO9414N;BF SUPERIOR - PROAP;90;APLICACOES DIRETAS;3;DESPESAS CORRENTES;3;OUTRAS DESPESAS CORRENTES;14;DIARIAS - PESSOAL CIVIL;339014;DIARIAS - PESSOAL CIVIL;08;FUNDO SOCIAL-PARC.DEST.EDUCACAO PUBL.E SAUDE;;;;;774,032.74;401,026.48;373,006.26;334,118.79
2019;154041;FUNDACAO UNIVERSIDADE FEDERAL DO MARANHAO;12;EDUCACAO;364;ENSINO SUPERIOR;2080;EDUCACAO DE QUALIDADE PARA TODOS;0487;CONCESSAO DE BOLSAS DE ESTUDO NO ENSINO SUPERIOR;0002;CONCESSAO DE BOLSAS DE ESTUDOS NO PAIS;12364208004870001;108452;OCCCUO9414N;BF SUPERIOR - PROAP;90;APLICACOES DIRETAS;3;DESPESAS CORRENTES;3;OUTRAS DESPESAS CORRENTES;30;MATERIAL DE CONSUMO;339030;MATERIAL DE CONSUMO;08;FUNDO SOCIAL-PARC.DEST.EDUCACAO PUBL.E SAUDE;;;;;52,121.85;19,248.74;32,873.11;32,073.11
2019;154041;FUNDACAO UNIVERSIDADE FEDERAL DO MARANHAO;12;EDUCACAO;364;ENSINO SUPERIOR;2080;EDUCACAO DE QUALIDADE PARA TODOS;0487;CONCESSAO DE BOLSAS DE ESTUDO NO ENSINO SUPERIOR;0002;CONCESSAO DE BOLSAS DE ESTUDOS NO PAIS;12364208004870001;108452;OCCCUO9414N;BF SUPERIOR - PROAP;90;APLICACOES DIRETAS;3;DESPESAS CORRENTES;3;OUTRAS DESPESAS CORRENTES;33;PASSAGENS E DESPESAS COM LOCOMOCAO;339033;PASSAGENS E DESPESAS COM LOCOMOCAO;08;FUNDO SOCIAL-PARC.DEST.EDUCACAO PUBL.E SAUDE;;;;;2,301,153.73;1,089,407.60;731,291.72;665,554.99
2019;154041;FUNDACAO UNIVERSIDADE FEDERAL DO MARANHAO;12;EDUCACAO;364;ENSINO SUPERIOR;2080;EDUCACAO DE QUALIDADE PARA TODOS;0487;CONCESSAO DE BOLSAS DE ESTUDO NO ENSINO SUPERIOR;0002;CONCESSAO DE BOLSAS DE ESTUDOS NO PAIS;12364208004870001;108452;OCCCUO9414N;BF SUPERIOR - PROAP;90;APLICACOES DIRETAS;3;DESPESAS CORRENTES;3;OUTRAS DESPESAS CORRENTES;36;OUTROS SERVICOS DE TERCEIROS - P.FISICA;339036;OUTROS SERVICOS DE TERCEIROS - PESSOA FISICA;08;FUNDO SOCIAL-PARC.DEST.EDUCACAO PUBL.E SAUDE;;;;;462,296.48;159,185.60;303,110.88;287,036.78
2019;154041;FUNDACAO UNIVERSIDADE FEDERAL DO MARANHAO;12;EDUCACAO;364;ENSINO SUPERIOR;2080;EDUCACAO DE QUALIDADE PARA TODOS;0487;CONCESSAO DE BOLSAS DE ESTUDO NO ENSINO SUPERIOR;0002;CONCESSAO DE BOLSAS DE ESTUDOS NO PAIS;12364208004870001;108452;OCCCUO9414N;BF SUPERIOR - PROAP;90;APLICACOES DIRETAS;3;DESPESAS CORRENTES;3;OUTRAS DESPESAS CORRENTES;39;OUTROS SERVICOS DE TERCEIROS PJ - OP.INT.ORC.;339039;OUTROS SERVICOS DE TERCEIROS - PESSOA JURIDICA;08;FUNDO SOCIAL-PARC.DEST.EDUCACAO PUBL.E SAUDE;;;;;604,966.64;331,988.90;93,047.10;76,787.20
2019;154041;FUNDACAO UNIVERSIDADE FEDERAL DO MARANHAO;12;EDUCACAO;364;ENSINO SUPERIOR;2080;EDUCACAO DE QUALIDADE PARA TODOS;0487;CONCESSAO DE BOLSAS DE ESTUDO NO ENSINO SUPERIOR;0002;CONCESSAO DE BOLSAS DE ESTUDOS NO PAIS;12364208004870001;108452;OCCCUO9414N;BF SUPERIOR - PROAP;90;APLICACOES DIRETAS;3;DESPESAS CORRENTES;3;OUTRAS DESPESAS CORRENTES;93;INDENIZACOES E RESTITUICOES;339093;INDENIZACOES E RESTITUICOES;08;FUNDO SOCIAL-PARC.DEST.EDUCACAO PUBL.E SAUDE;;;;;49,095.11;0.00;49,095.11;46,757.16
2019;154041;FUNDACAO UNIVERSIDADE FEDERAL DO MARANHAO;12;EDUCACAO;368;EDUCACAO BASICA;2080;EDUCACAO DE QUALIDADE PARA TODOS;20RJ;APOIO A CAPACITACAO E FORMACAO INICIAL E CONTINUADA PARA A E;0003;EDUCACAO BASICA PRESENCIAL;12368208020RJ0001;108455;PCC92B5801N;PARFOR - PARFOR;90;APLICACOES DIRETAS;3;DESPESAS CORRENTES;3;OUTRAS DESPESAS CORRENTES;39;OUTROS SERVICOS DE TERCEIROS PJ - OP.INT.ORC.;339039;OUTROS SERVICOS DE TERCEIROS - PESSOA JURIDICA;00;RECURSOS PRIMARIOS DE LIVRE APLICACAO;;;;;12600000.00;0.00;12600000.00;12090000.00
2019;154041;FUNDACAO UNIVERSIDADE FEDERAL DO MARANHAO;12;EDUCACAO;368;EDUCACAO BASICA;2080;EDUCACAO DE QUALIDADE PARA TODOS;20RJ;APOIO A CAPACITACAO E FORMACAO INICIAL E CONTINUADA PARA A E;0004;EDUCACAO BASICA A DISTANCIA - SISTEMA UNIVERSIDADE ABERTA DO BRASIL (UAB);12368208020RJ0001;108456;MCC62G22EDN;UAB - UAB TRADICIONAL;90;APLICACOES DIRETAS;3;DESPESAS CORRENTES;3;OUTRAS DESPESAS CORRENTES;39;OUTROS SERVICOS DE TERCEIROS PJ - OP.INT.ORC.;339039;OUTROS SERVICOS DE TERCEIROS - PESSOA JURIDICA;00;RECURSOS PRIMARIOS DE LIVRE APLICACAO;;;;;8,110,762.30;84,930.00;7,771,042.30;7,113,938.07
2019;154042;UNIVERSIDADE FEDERAL DO RIO GRANDE - FURG;12;EDUCACAO;364;ENSINO SUPERIOR;2080;EDUCACAO DE QUALIDADE PARA TODOS;0487;CONCESSAO DE BOLSAS DE ESTUDO NO ENSINO SUPERIOR;0002;CONCESSAO DE BOLSAS DE ESTUDOS NO PAIS;12364208004870001;108452;OCCCUO9414N;BF SUPERIOR - PROAP;90;APLICACOES DIRETAS;3;DESPESAS CORRENTES;3;OUTRAS DESPESAS CORRENTES;14;DIARIAS - PESSOAL CIVIL;339014;DIARIAS - PESSOAL CIVIL;00;RECURSOS PRIMARIOS DE LIVRE APLICACAO;;;;;808,956.33;303,336.52;505,619.81;436,970.69
2019;154042;UNIVERSIDADE FEDERAL DO RIO GRANDE - FURG;12;EDUCACAO;364;ENSINO SUPERIOR;2080;EDUCACAO DE QUALIDADE PARA TODOS;0487;CONCESSAO DE BOLSAS DE ESTUDO NO ENSINO SUPERIOR;0002;CONCESSAO DE BOLSAS DE ESTUDOS NO PAIS;12364208004870001;108452;OCCCUO9414N;BF SUPERIOR - PROAP;90;APLICACOES DIRETAS;3;DESPESAS CORRENTES;3;OUTRAS DESPESAS CORRENTES;18;AUXILIO FINANCEIRO A ESTUDANTES;339018;AUXILIO FINANCEIRO A ESTUDANTES;00;RECURSOS PRIMARIOS DE LIVRE APLICACAO;;;;;1,541,569.16;486,992.90;511,762.05;499,094.30
2019;154042;UNIVERSIDADE FEDERAL DO RIO GRANDE - FURG;12;EDUCACAO;364;ENSINO SUPERIOR;2080;EDUCACAO DE QUALIDADE PARA TODOS;0487;CONCESSAO DE BOLSAS DE ESTUDO NO ENSINO SUPERIOR;0002;CONCESSAO DE BOLSAS DE ESTUDOS NO PAIS;12364208004870001;108452;OCCCUO9414N;BF SUPERIOR - PROAP;90;APLICACOES DIRETAS;3;DESPESAS CORRENTES;3;OUTRAS DESPESAS CORRENTES;20;AUXILIO FINANCEIRO A PESQUISADORES;339020;AUXILIO FINANCEIRO A PESQUISADORES;00;RECURSOS PRIMARIOS DE LIVRE APLICACAO;;;;;338,600.00;126,949.54;127,039.84;126,589.38
2019;154042;UNIVERSIDADE FEDERAL DO RIO GRANDE - FURG;12;EDUCACAO;364;ENSINO SUPERIOR;2080;EDUCACAO DE QUALIDADE PARA TODOS;0487;CONCESSAO DE BOLSAS DE ESTUDO NO ENSINO SUPERIOR;0002;CONCESSAO DE BOLSAS DE ESTUDOS NO PAIS;12364208004870001;108452;OCCCUO9414N;BF SUPERIOR - PROAP;90;APLICACOES DIRETAS;3;DESPESAS CORRENTES;3;OUTRAS DESPESAS CORRENTES;30;MATERIAL DE CONSUMO;339030;MATERIAL DE CONSUMO;00;RECURSOS PRIMARIOS DE LIVRE APLICACAO;;;;;437,052.31;132,146.30;248,210.39;235,777.49
2019;154042;UNIVERSIDADE FEDERAL DO RIO GRANDE - FURG;12;EDUCACAO;364;ENSINO SUPERIOR;2080;EDUCACAO DE QUALIDADE PARA TODOS;0487;CONCESSAO DE BOLSAS DE ESTUDO NO ENSINO SUPERIOR;0002;CONCESSAO DE BOLSAS DE ESTUDOS NO PAIS;12364208004870001;108452;OCCCUO9414N;BF SUPERIOR - PROAP;90;APLICACOES DIRETAS;3;DESPESAS CORRENTES;3;OUTRAS DESPESAS CORRENTES;33;PASSAGENS E DESPESAS COM LOCOMOCAO;339033;PASSAGENS E DESPESAS COM LOCOMOCAO;00;RECURSOS PRIMARIOS DE LIVRE APLICACAO;;;;;658,941.47;274,411.02;384,530.45;358,387.75
2019;154042;UNIVERSIDADE FEDERAL DO RIO GRANDE - FURG;12;EDUCACAO;364;ENSINO SUPERIOR;2080;EDUCACAO DE QUALIDADE PARA TODOS;0487;CONCESSAO DE BOLSAS DE ESTUDO NO ENSINO SUPERIOR;0002;CONCESSAO DE BOLSAS DE ESTUDOS NO PAIS;12364208004870001;108452;OCCCUO9414N;BF SUPERIOR - PROAP;90;APLICACOES DIRETAS;3;DESPESAS CORRENTES;3;OUTRAS DESPESAS CORRENTES;36;OUTROS SERVICOS DE TERCEIROS - P.FISICA;339036;OUTROS SERVICOS DE TERCEIROS - PESSOA FISICA;00;RECURSOS PRIMARIOS DE LIVRE APLICACAO;;;;;85,363.20;48,822.70;31,938.50;31,418.00
2019;154042;UNIVERSIDADE FEDERAL DO RIO GRANDE - FURG;12;EDUCACAO;364;ENSINO SUPERIOR;2080;EDUCACAO DE QUALIDADE PARA TODOS;0487;CONCESSAO DE BOLSAS DE ESTUDO NO ENSINO SUPERIOR;0002;CONCESSAO DE BOLSAS DE ESTUDOS NO PAIS;12364208004870001;108452;OCCCUO9414N;BF SUPERIOR - PROAP;90;APLICACOES DIRETAS;3;DESPESAS CORRENTES;3;OUTRAS DESPESAS CORRENTES;39;OUTROS SERVICOS DE TERCEIROS PJ - OP.INT.ORC.;339039;OUTROS SERVICOS DE TERCEIROS - PESSOA JURIDICA;00;RECURSOS PRIMARIOS DE LIVRE APLICACAO;;;;;426,273.81;60,399.89;333,455.56;294,642.72
2019;154042;UNIVERSIDADE FEDERAL DO RIO GRANDE - FURG;12;EDUCACAO;364;ENSINO SUPERIOR;2080;EDUCACAO DE QUALIDADE PARA TODOS;0487;CONCESSAO DE BOLSAS DE ESTUDO NO ENSINO SUPERIOR;0002;CONCESSAO DE BOLSAS DE ESTUDOS NO PAIS;12364208004870001;108452;OCCCUO9414N;BF SUPERIOR - PROAP;91;APLICACOES DIRETAS - OPERACOES INTERNAS;3;DESPESAS CORRENTES;3;OUTRAS DESPESAS CORRENTES;47;OBRIGACOES TRIBUTARIAS E CONTRIBUTIVAS;339147;OBRIG.TRIBUT.E CONTRIB-OP.INTRA-ORCAMENTARIAS;00;RECURSOS PRIMARIOS DE LIVRE APLICACAO;;;;;1,483.20;338.80;224.00;192.00
2019;154042;UNIVERSIDADE FEDERAL DO RIO GRANDE - FURG;12;EDUCACAO;368;EDUCACAO BASICA;2080;EDUCACAO DE QUALIDADE PARA TODOS;20RJ;APOIO A CAPACITACAO E FORMACAO INICIAL E CONTINUADA PARA A E;0004;EDUCACAO BASICA A DISTANCIA - SISTEMA UNIVERSIDADE ABERTA DO BRASIL (UAB);12368208020RJ0001;108456;MCC62G22EDN;UAB - UAB TRADICIONAL;90;APLICACOES DIRETAS;3;DESPESAS CORRENTES;3;OUTRAS DESPESAS CORRENTES;14;DIARIAS - PESSOAL CIVIL;339014;DIARIAS - PESSOAL CIVIL;00;RECURSOS PRIMARIOS DE LIVRE APLICACAO;;;;;222,400.00;36,480.00;185,920.00;175,920.00
2019;154042;UNIVERSIDADE FEDERAL DO RIO GRANDE - FURG;12;EDUCACAO;368;EDUCACAO BASICA;2080;EDUCACAO DE QUALIDADE PARA TODOS;20RJ;APOIO A CAPACITACAO E FORMACAO INICIAL E CONTINUADA PARA A E;0004;EDUCACAO BASICA A DISTANCIA - SISTEMA UNIVERSIDADE ABERTA DO BRASIL (UAB);12368208020RJ0001;108456;MCC62G22EDN;UAB - UAB TRADICIONAL;90;APLICACOES DIRETAS;3;DESPESAS CORRENTES;3;OUTRAS DESPESAS CORRENTES;30;MATERIAL DE CONSUMO;339030;MATERIAL DE CONSUMO;00;RECURSOS PRIMARIOS DE LIVRE APLICACAO;;;;;33,600.00;0.00;33,600.00;25,200.00
2019;154042;UNIVERSIDADE FEDERAL DO RIO GRANDE - FURG;12;EDUCACAO;368;EDUCACAO BASICA;2080;EDUCACAO DE QUALIDADE PARA TODOS;20RJ;APOIO A CAPACITACAO E FORMACAO INICIAL E CONTINUADA PARA A E;0004;EDUCACAO BASICA A DISTANCIA - SISTEMA UNIVERSIDADE ABERTA DO BRASIL (UAB);12368208020RJ0001;108456;MCC62G22EDN;UAB - UAB TRADICIONAL;90;APLICACOES DIRETAS;3;DESPESAS CORRENTES;3;OUTRAS DESPESAS CORRENTES;33;PASSAGENS E DESPESAS COM LOCOMOCAO;339033;PASSAGENS E DESPESAS COM LOCOMOCAO;00;RECURSOS PRIMARIOS DE LIVRE APLICACAO;;;;;190,000.00;38,000.00;152,000.00;152,000.00
2019;154042;UNIVERSIDADE FEDERAL DO RIO GRANDE - FURG;12;EDUCACAO;368;EDUCACAO BASICA;2080;EDUCACAO DE QUALIDADE PARA TODOS;20RJ;APOIO A CAPACITACAO E FORMACAO INICIAL E CONTINUADA PARA A E;0004;EDUCACAO BASICA A DISTANCIA - SISTEMA UNIVERSIDADE ABERTA DO BRASIL (UAB);12368208020RJ0001;108456;MCC62G22EDN;UAB - UAB TRADICIONAL;90;APLICACOES DIRETAS;3;DESPESAS CORRENTES;3;OUTRAS DESPESAS CORRENTES;36;OUTROS SERVICOS DE TERCEIROS - P.FISICA;339036;OUTROS SERVICOS DE TERCEIROS - PESSOA FISICA;00;RECURSOS PRIMARIOS DE LIVRE APLICACAO;;;;;175,000.00;35,000.00;140,000.00;140,000.00
2019;154042;UNIVERSIDADE FEDERAL DO RIO GRANDE - FURG;12;EDUCACAO;368;EDUCACAO BASICA;2080;EDUCACAO DE QUALIDADE PARA TODOS;20RJ;APOIO A CAPACITACAO E FORMACAO INICIAL E CONTINUADA PARA A E;0004;EDUCACAO BASICA A DISTANCIA - SISTEMA UNIVERSIDADE ABERTA DO BRASIL (UAB);12368208020RJ0001;108456;MCC62G22EDN;UAB - UAB TRADICIONAL;90;APLICACOES DIRETAS;3;DESPESAS CORRENTES;3;OUTRAS DESPESAS CORRENTES;39;OUTROS SERVICOS DE TERCEIROS PJ - OP.INT.ORC.;339039;OUTROS SERVICOS DE TERCEIROS - PESSOA JURIDICA;00;RECURSOS PRIMARIOS DE LIVRE APLICACAO;;;;;6,400.00;0.00;6,400.00;4,800.00
2019;154043;FUNDACAO UNIVERSIDADE FEDERAL DE UBERLANDIA;12;EDUCACAO;364;ENSINO SUPERIOR;2080;EDUCACAO DE QUALIDADE PARA TODOS;0487;CONCESSAO DE BOLSAS DE ESTUDO NO ENSINO SUPERIOR;0002;CONCESSAO DE BOLSAS DE ESTUDOS NO PAIS;12364208004870001;108452;OCCCUO9414N;BF SUPERIOR - PROAP;90;APLICACOES DIRETAS;3;DESPESAS CORRENTES;3;OUTRAS DESPESAS CORRENTES;14;DIARIAS - PESSOAL CIVIL;339014;DIARIAS - PESSOAL CIVIL;00;RECURSOS PRIMARIOS DE LIVRE APLICACAO;;;;;3,561,259.85;1,234,705.95;2,326,553.90;2,312,580.79
2019;154043;FUNDACAO UNIVERSIDADE FEDERAL DE UBERLANDIA;12;EDUCACAO;364;ENSINO SUPERIOR;2080;EDUCACAO DE QUALIDADE PARA TODOS;0487;CONCESSAO DE BOLSAS DE ESTUDO NO ENSINO SUPERIOR;0002;CONCESSAO DE BOLSAS DE ESTUDOS NO PAIS;12364208004870001;108452;OCCCUO9414N;BF SUPERIOR - PROAP;90;APLICACOES DIRETAS;3;DESPESAS CORRENTES;3;OUTRAS DESPESAS CORRENTES;18;AUXILIO FINANCEIRO A ESTUDANTES;339018;AUXILIO FINANCEIRO A ESTUDANTES;00;RECURSOS PRIMARIOS DE LIVRE APLICACAO;;;;;2,000,000.00;959,069.33;846,962.19;834,162.19
2019;154043;FUNDACAO UNIVERSIDADE FEDERAL DE UBERLANDIA;12;EDUCACAO;364;ENSINO SUPERIOR;2080;EDUCACAO DE QUALIDADE PARA TODOS;0487;CONCESSAO DE BOLSAS DE ESTUDO NO ENSINO SUPERIOR;0002;CONCESSAO DE BOLSAS DE ESTUDOS NO PAIS;12364208004870001;108452;OCCCUO9414N;BF SUPERIOR - PROAP;90;APLICACOES DIRETAS;3;DESPESAS CORRENTES;3;OUTRAS DESPESAS CORRENTES;30;MATERIAL DE CONSUMO;339030;MATERIAL DE CONSUMO;00;RECURSOS PRIMARIOS DE LIVRE APLICACAO;;;;;1,010,934.72;333,209.24;300,339.70;238,906.06
2019;154043;FUNDACAO UNIVERSIDADE FEDERAL DE UBERLANDIA;12;EDUCACAO;364;ENSINO SUPERIOR;2080;EDUCACAO DE QUALIDADE PARA TODOS;0487;CONCESSAO DE BOLSAS DE ESTUDO NO ENSINO SUPERIOR;0002;CONCESSAO DE BOLSAS DE ESTUDOS NO PAIS;12364208004870001;108452;OCCCUO9414N;BF SUPERIOR - PROAP;90;APLICACOES DIRETAS;3;DESPESAS CORRENTES;3;OUTRAS DESPESAS CORRENTES;33;PASSAGENS E DESPESAS COM LOCOMOCAO;339033;PASSAGENS E DESPESAS COM LOCOMOCAO;00;RECURSOS PRIMARIOS DE LIVRE APLICACAO;;;;;3,020,904.87;1,363,883.42;1,367,855.50;1,268,250.20
2019;154043;FUNDACAO UNIVERSIDADE FEDERAL DE UBERLANDIA;12;EDUCACAO;364;ENSINO SUPERIOR;2080;EDUCACAO DE QUALIDADE PARA TODOS;0487;CONCESSAO DE BOLSAS DE ESTUDO NO ENSINO SUPERIOR;0002;CONCESSAO DE BOLSAS DE ESTUDOS NO PAIS;12364208004870001;108452;OCCCUO9414N;BF SUPERIOR - PROAP;90;APLICACOES DIRETAS;3;DESPESAS CORRENTES;3;OUTRAS DESPESAS CORRENTES;36;OUTROS SERVICOS DE TERCEIROS - P.FISICA;339036;OUTROS SERVICOS DE TERCEIROS - PESSOA FISICA;00;RECURSOS PRIMARIOS DE LIVRE APLICACAO;;;;;387,776.00;212,888.00;174,888.00;174,508.00
2019;154043;FUNDACAO UNIVERSIDADE FEDERAL DE UBERLANDIA;12;EDUCACAO;364;ENSINO SUPERIOR;2080;EDUCACAO DE QUALIDADE PARA TODOS;0487;CONCESSAO DE BOLSAS DE ESTUDO NO ENSINO SUPERIOR;0002;CONCESSAO DE BOLSAS DE ESTUDOS NO PAIS;12364208004870001;108452;OCCCUO9414N;BF SUPERIOR - PROAP;90;APLICACOES DIRETAS;3;DESPESAS CORRENTES;3;OUTRAS DESPESAS CORRENTES;39;OUTROS SERVICOS DE TERCEIROS PJ - OP.INT.ORC.;339039;OUTROS SERVICOS DE TERCEIROS - PESSOA JURIDICA;00;RECURSOS PRIMARIOS DE LIVRE APLICACAO;;;;;1,104,059.05;304,805.61;757,518.43;707,358.84
2019;154043;FUNDACAO UNIVERSIDADE FEDERAL DE UBERLANDIA;12;EDUCACAO;364;ENSINO SUPERIOR;2080;EDUCACAO DE QUALIDADE PARA TODOS;0487;CONCESSAO DE BOLSAS DE ESTUDO NO ENSINO SUPERIOR;0002;CONCESSAO DE BOLSAS DE ESTUDOS NO PAIS;12364208004870001;108452;OCCCUO9414N;BF SUPERIOR - PROAP;90;APLICACOES DIRETAS;3;DESPESAS CORRENTES;3;OUTRAS DESPESAS CORRENTES;93;INDENIZACOES E RESTITUICOES;339093;INDENIZACOES E RESTITUICOES;00;RECURSOS PRIMARIOS DE LIVRE APLICACAO;;;;;2,599,303.63;475,908.51;2,034,937.42;1,855,215.08
2019;154043;FUNDACAO UNIVERSIDADE FEDERAL DE UBERLANDIA;12;EDUCACAO;364;ENSINO SUPERIOR;2080;EDUCACAO DE QUALIDADE PARA TODOS;0487;CONCESSAO DE BOLSAS DE ESTUDO NO ENSINO SUPERIOR;0002;CONCESSAO DE BOLSAS DE ESTUDOS NO PAIS;12364208004870001;108452;OCCCUO9414N;BF SUPERIOR - PROAP;91;APLICACOES DIRETAS - OPERACOES INTERNAS;3;DESPESAS CORRENTES;3;OUTRAS DESPESAS CORRENTES;39;OUTROS SERVICOS DE TERCEIROS PJ - OP.INT.ORC.;339139;OUTROS SERVICOS DE TERCEIROS - PESSOA JURIDICA (INTRA);00;RECURSOS PRIMARIOS DE LIVRE APLICACAO;;;;;3,480.00;960.00;1,080.00;1,080.00
2019;154043;FUNDACAO UNIVERSIDADE FEDERAL DE UBERLANDIA;12;EDUCACAO;368;EDUCACAO BASICA;2080;EDUCACAO DE QUALIDADE PARA TODOS;20RJ;APOIO A CAPACITACAO E FORMACAO INICIAL E CONTINUADA PARA A E;0004;EDUCACAO BASICA A DISTANCIA - SISTEMA UNIVERSIDADE ABERTA DO BRASIL (UAB);12368208020RJ0001;108456;MCC62G22EDN;UAB - UAB TRADICIONAL;90;APLICACOES DIRETAS;3;DESPESAS CORRENTES;3;OUTRAS DESPESAS CORRENTES;14;DIARIAS - PESSOAL CIVIL;339014;DIARIAS - PESSOAL CIVIL;00;RECURSOS PRIMARIOS DE LIVRE APLICACAO;;;;;41,630.44;27,848.52;13,781.92;13,781.92
2019;154043;FUNDACAO UNIVERSIDADE FEDERAL DE UBERLANDIA;12;EDUCACAO;368;EDUCACAO BASICA;2080;EDUCACAO DE QUALIDADE PARA TODOS;20RJ;APOIO A CAPACITACAO E FORMACAO INICIAL E CONTINUADA PARA A E;0004;EDUCACAO BASICA A DISTANCIA - SISTEMA UNIVERSIDADE ABERTA DO BRASIL (UAB);12368208020RJ0001;108456;MCC62G22EDN;UAB - UAB TRADICIONAL;90;APLICACOES DIRETAS;3;DESPESAS CORRENTES;3;OUTRAS DESPESAS CORRENTES;33;PASSAGENS E DESPESAS COM LOCOMOCAO;339033;PASSAGENS E DESPESAS COM LOCOMOCAO;00;RECURSOS PRIMARIOS DE LIVRE APLICACAO;;;;;305,203.04;110,000.00;;
2019;154043;FUNDACAO UNIVERSIDADE FEDERAL DE UBERLANDIA;12;EDUCACAO;368;EDUCACAO BASICA;2080;EDUCACAO DE QUALIDADE PARA TODOS;20RJ;APOIO A CAPACITACAO E FORMACAO INICIAL E CONTINUADA PARA A E;0004;EDUCACAO BASICA A DISTANCIA - SISTEMA UNIVERSIDADE ABERTA DO BRASIL (UAB);12368208020RJ0001;108456;MCC62G22EDN;UAB - UAB TRADICIONAL;90;APLICACOES DIRETAS;3;DESPESAS CORRENTES;3;OUTRAS DESPESAS CORRENTES;36;OUTROS SERVICOS DE TERCEIROS - P.FISICA;339036;OUTROS SERVICOS DE TERCEIROS - PESSOA FISICA;00;RECURSOS PRIMARIOS DE LIVRE APLICACAO;;;;;1,382,455.72;855,613.93;;
2019;154043;FUNDACAO UNIVERSIDADE FEDERAL DE UBERLANDIA;12;EDUCACAO;368;EDUCACAO BASICA;2080;EDUCACAO DE QUALIDADE PARA TODOS;20RJ;APOIO A CAPACITACAO E FORMACAO INICIAL E CONTINUADA PARA A E;0004;EDUCACAO BASICA A DISTANCIA - SISTEMA UNIVERSIDADE ABERTA DO BRASIL (UAB);12368208020RJ0001;108456;QCC62T58LEN;UAB - UAB PROFLETRAS;90;APLICACOES DIRETAS;3;DESPESAS CORRENTES;3;OUTRAS DESPESAS CORRENTES;14;DIARIAS - PESSOAL CIVIL;339014;DIARIAS - PESSOAL CIVIL;00;RECURSOS PRIMARIOS DE LIVRE APLICACAO;;;;;57,414.92;29,432.82;27,982.10;27,982.10
2019;154043;FUNDACAO UNIVERSIDADE FEDERAL DE UBERLANDIA;12;EDUCACAO;368;EDUCACAO BASICA;2080;EDUCACAO DE QUALIDADE PARA TODOS;20RJ;APOIO A CAPACITACAO E FORMACAO INICIAL E CONTINUADA PARA A E;0004;EDUCACAO BASICA A DISTANCIA - SISTEMA UNIVERSIDADE ABERTA DO BRASIL (UAB);12368208020RJ0001;108456;QCC62T58LEN;UAB - UAB PROFLETRAS;90;APLICACOES DIRETAS;3;DESPESAS CORRENTES;3;OUTRAS DESPESAS CORRENTES;18;AUXILIO FINANCEIRO A ESTUDANTES;339018;AUXILIO FINANCEIRO A ESTUDANTES;00;RECURSOS PRIMARIOS DE LIVRE APLICACAO;;;;;65,936.00;35,450.00;8,640.00;7,680.00
2019;154043;FUNDACAO UNIVERSIDADE FEDERAL DE UBERLANDIA;12;EDUCACAO;368;EDUCACAO BASICA;2080;EDUCACAO DE QUALIDADE PARA TODOS;20RJ;APOIO A CAPACITACAO E FORMACAO INICIAL E CONTINUADA PARA A E;0004;EDUCACAO BASICA A DISTANCIA - SISTEMA UNIVERSIDADE ABERTA DO BRASIL (UAB);12368208020RJ0001;108456;QCC62T58LEN;UAB - UAB PROFLETRAS;90;APLICACOES DIRETAS;3;DESPESAS CORRENTES;3;OUTRAS DESPESAS CORRENTES;33;PASSAGENS E DESPESAS COM LOCOMOCAO;339033;PASSAGENS E DESPESAS COM LOCOMOCAO;00;RECURSOS PRIMARIOS DE LIVRE APLICACAO;;;;;304,123.31;180,680.99;40,960.71;37,084.43
2019;154043;FUNDACAO UNIVERSIDADE FEDERAL DE UBERLANDIA;12;EDUCACAO;368;EDUCACAO BASICA;2080;EDUCACAO DE QUALIDADE PARA TODOS;20RJ;APOIO A CAPACITACAO E FORMACAO INICIAL E CONTINUADA PARA A E;0004;EDUCACAO BASICA A DISTANCIA - SISTEMA UNIVERSIDADE ABERTA DO BRASIL (UAB);12368208020RJ0001;108456;QCC62T58MAN;UAB - UAB PROFMAT;90;APLICACOES DIRETAS;3;DESPESAS CORRENTES;3;OUTRAS DESPESAS CORRENTES;14;DIARIAS - PESSOAL CIVIL;339014;DIARIAS - PESSOAL CIVIL;00;RECURSOS PRIMARIOS DE LIVRE APLICACAO;;;;;6,455.44;2,772.28;3,683.16;3,069.30
2019;154043;FUNDACAO UNIVERSIDADE FEDERAL DE UBERLANDIA;12;EDUCACAO;368;EDUCACAO BASICA;2080;EDUCACAO DE QUALIDADE PARA TODOS;20RJ;APOIO A CAPACITACAO E FORMACAO INICIAL E CONTINUADA PARA A E;0004;EDUCACAO BASICA A DISTANCIA - SISTEMA UNIVERSIDADE ABERTA DO BRASIL (UAB);12368208020RJ0001;108456;QCC62T58MAN;UAB - UAB PROFMAT;90;APLICACOES DIRETAS;3;DESPESAS CORRENTES;3;OUTRAS DESPESAS CORRENTES;33;PASSAGENS E DESPESAS COM LOCOMOCAO;339033;PASSAGENS E DESPESAS COM LOCOMOCAO;00;RECURSOS PRIMARIOS DE LIVRE APLICACAO;;;;;128,904.56;54,726.14;;
2019;154044;FUNDACAO UNIVERSIDADE FEDERAL DO ACRE;12;EDUCACAO;364;ENSINO SUPERIOR;2080;EDUCACAO DE QUALIDADE PARA TODOS;0487;CONCESSAO DE BOLSAS DE ESTUDO NO ENSINO SUPERIOR;0002;CONCESSAO DE BOLSAS DE ESTUDOS NO PAIS;12364208004870001;108452;OCCCUO9414N;BF SUPERIOR - PROAP;90;APLICACOES DIRETAS;3;DESPESAS CORRENTES;3;OUTRAS DESPESAS CORRENTES;14;DIARIAS - PESSOAL CIVIL;339014;DIARIAS - PESSOAL CIVIL;08;FUNDO SOCIAL-PARC.DEST.EDUCACAO PUBL.E SAUDE;;;;;216,896.73;95,277.62;121,619.11;113,145.48
2019;154044;FUNDACAO UNIVERSIDADE FEDERAL DO ACRE;12;EDUCACAO;364;ENSINO SUPERIOR;2080;EDUCACAO DE QUALIDADE PARA TODOS;0487;CONCESSAO DE BOLSAS DE ESTUDO NO ENSINO SUPERIOR;0002;CONCESSAO DE BOLSAS DE ESTUDOS NO PAIS;12364208004870001;108452;OCCCUO9414N;BF SUPERIOR - PROAP;90;APLICACOES DIRETAS;3;DESPESAS CORRENTES;3;OUTRAS DESPESAS CORRENTES;18;AUXILIO FINANCEIRO A ESTUDANTES;339018;AUXILIO FINANCEIRO A ESTUDANTES;08;FUNDO SOCIAL-PARC.DEST.EDUCACAO PUBL.E SAUDE;;;;;126,274.00;108,274.00;18,000.00;18,000.00
2019;154044;FUNDACAO UNIVERSIDADE FEDERAL DO ACRE;12;EDUCACAO;364;ENSINO SUPERIOR;2080;EDUCACAO DE QUALIDADE PARA TODOS;0487;CONCESSAO DE BOLSAS DE ESTUDO NO ENSINO SUPERIOR;0002;CONCESSAO DE BOLSAS DE ESTUDOS NO PAIS;12364208004870001;108452;OCCCUO9414N;BF SUPERIOR - PROAP;90;APLICACOES DIRETAS;3;DESPESAS CORRENTES;3;OUTRAS DESPESAS CORRENTES;20;AUXILIO FINANCEIRO A PESQUISADORES;339020;AUXILIO FINANCEIRO A PESQUISADORES;08;FUNDO SOCIAL-PARC.DEST.EDUCACAO PUBL.E SAUDE;;;;;1,075,117.75;396,771.60;557,831.50;551,328.12
2019;154044;FUNDACAO UNIVERSIDADE FEDERAL DO ACRE;12;EDUCACAO;364;ENSINO SUPERIOR;2080;EDUCACAO DE QUALIDADE PARA TODOS;0487;CONCESSAO DE BOLSAS DE ESTUDO NO ENSINO SUPERIOR;0002;CONCESSAO DE BOLSAS DE ESTUDOS NO PAIS;12364208004870001;108452;OCCCUO9414N;BF SUPERIOR - PROAP;90;APLICACOES DIRETAS;3;DESPESAS CORRENTES;3;OUTRAS DESPESAS CORRENTES;33;PASSAGENS E DESPESAS COM LOCOMOCAO;339033;PASSAGENS E DESPESAS COM LOCOMOCAO;08;FUNDO SOCIAL-PARC.DEST.EDUCACAO PUBL.E SAUDE;;;;;269,396.83;136,535.68;132,861.15;122,368.47
2019;154044;FUNDACAO UNIVERSIDADE FEDERAL DO ACRE;12;EDUCACAO;364;ENSINO SUPERIOR;2080;EDUCACAO DE QUALIDADE PARA TODOS;0487;CONCESSAO DE BOLSAS DE ESTUDO NO ENSINO SUPERIOR;0002;CONCESSAO DE BOLSAS DE ESTUDOS NO PAIS;12364208004870001;108452;OCCCUO9414N;BF SUPERIOR - PROAP;90;APLICACOES DIRETAS;3;DESPESAS CORRENTES;3;OUTRAS DESPESAS CORRENTES;39;OUTROS SERVICOS DE TERCEIROS PJ - OP.INT.ORC.;339039;OUTROS SERVICOS DE TERCEIROS - PESSOA JURIDICA;08;FUNDO SOCIAL-PARC.DEST.EDUCACAO PUBL.E SAUDE;;;;;43,640.00;27,640.00;16,000.00;12,000.00
2019;154044;FUNDACAO UNIVERSIDADE FEDERAL DO ACRE;12;EDUCACAO;368;EDUCACAO BASICA;2080;EDUCACAO DE QUALIDADE PARA TODOS;20RJ;APOIO A CAPACITACAO E FORMACAO INICIAL E CONTINUADA PARA A E;0003;EDUCACAO BASICA PRESENCIAL;12368208020RJ0001;108455;PCC92B5801N;PARFOR - PARFOR;90;APLICACOES DIRETAS;3;DESPESAS CORRENTES;3;OUTRAS DESPESAS CORRENTES;14;DIARIAS - PESSOAL CIVIL;339014;DIARIAS - PESSOAL CIVIL;00;RECURSOS PRIMARIOS DE LIVRE APLICACAO;;;;;556,138.59;162,451.63;393,686.96;386,548.32
2019;154044;FUNDACAO UNIVERSIDADE FEDERAL DO ACRE;12;EDUCACAO;368;EDUCACAO BASICA;2080;EDUCACAO DE QUALIDADE PARA TODOS;20RJ;APOIO A CAPACITACAO E FORMACAO INICIAL E CONTINUADA PARA A E;0003;EDUCACAO BASICA PRESENCIAL;12368208020RJ0001;108455;PCC92B5801N;PARFOR - PARFOR;90;APLICACOES DIRETAS;3;DESPESAS CORRENTES;3;OUTRAS DESPESAS CORRENTES;30;MATERIAL DE CONSUMO;339030;MATERIAL DE CONSUMO;00;RECURSOS PRIMARIOS DE LIVRE APLICACAO;;;;;538,801.24;179,339.13;313,160.17;305,298.26
2019;154044;FUNDACAO UNIVERSIDADE FEDERAL DO ACRE;12;EDUCACAO;368;EDUCACAO BASICA;2080;EDUCACAO DE QUALIDADE PARA TODOS;20RJ;APOIO A CAPACITACAO E FORMACAO INICIAL E CONTINUADA PARA A E;0003;EDUCACAO BASICA PRESENCIAL;12368208020RJ0001;108455;PCC92B5801N;PARFOR - PARFOR;90;APLICACOES DIRETAS;3;DESPESAS CORRENTES;3;OUTRAS DESPESAS CORRENTES;33;PASSAGENS E DESPESAS COM LOCOMOCAO;339033;PASSAGENS E DESPESAS COM LOCOMOCAO;00;RECURSOS PRIMARIOS DE LIVRE APLICACAO;;;;;72,316.40;8,516.13;63,800.27;63,800.27
2019;154044;FUNDACAO UNIVERSIDADE FEDERAL DO ACRE;12;EDUCACAO;368;EDUCACAO BASICA;2080;EDUCACAO DE QUALIDADE PARA TODOS;20RJ;APOIO A CAPACITACAO E FORMACAO INICIAL E CONTINUADA PARA A E;0003;EDUCACAO BASICA PRESENCIAL;12368208020RJ0001;108455;PCC92B5801N;PARFOR - PARFOR;90;APLICACOES DIRETAS;3;DESPESAS CORRENTES;3;OUTRAS DESPESAS CORRENTES;39;OUTROS SERVICOS DE TERCEIROS PJ - OP.INT.ORC.;339039;OUTROS SERVICOS DE TERCEIROS - PESSOA JURIDICA;00;RECURSOS PRIMARIOS DE LIVRE APLICACAO;;;;;1,604,392.24;355,434.85;1,232,558.82;225,606.23
2019;154044;FUNDACAO UNIVERSIDADE FEDERAL DO ACRE;12;EDUCACAO;368;EDUCACAO BASICA;2080;EDUCACAO DE QUALIDADE PARA TODOS;20RJ;APOIO A CAPACITACAO E FORMACAO INICIAL E CONTINUADA PARA A E;0004;EDUCACAO BASICA A DISTANCIA - SISTEMA UNIVERSIDADE ABERTA DO BRASIL (UAB);12368208020RJ0001;108456;MCC62G22EDN;UAB - UAB TRADICIONAL;90;APLICACOES DIRETAS;3;DESPESAS CORRENTES;3;OUTRAS DESPESAS CORRENTES;14;DIARIAS - PESSOAL CIVIL;339014;DIARIAS - PESSOAL CIVIL;00;RECURSOS PRIMARIOS DE LIVRE APLICACAO;;;;;279,392.94;91,138.42;188,254.52;183,016.84
2019;154044;FUNDACAO UNIVERSIDADE FEDERAL DO ACRE;12;EDUCACAO;368;EDUCACAO BASICA;2080;EDUCACAO DE QUALIDADE PARA TODOS;20RJ;APOIO A CAPACITACAO E FORMACAO INICIAL E CONTINUADA PARA A E;0004;EDUCACAO BASICA A DISTANCIA - SISTEMA UNIVERSIDADE ABERTA DO BRASIL (UAB);12368208020RJ0001;108456;MCC62G22EDN;UAB - UAB TRADICIONAL;90;APLICACOES DIRETAS;3;DESPESAS CORRENTES;3;OUTRAS DESPESAS CORRENTES;39;OUTROS SERVICOS DE TERCEIROS PJ - OP.INT.ORC.;339039;OUTROS SERVICOS DE TERCEIROS - PESSOA JURIDICA;00;RECURSOS PRIMARIOS DE LIVRE APLICACAO;;;;;14,128.32;8,830.20;;
2019;154045;FUNDACAO UNIVERSIDADE FEDERAL DE MATO GROSSO;12;EDUCACAO;364;ENSINO SUPERIOR;2080;EDUCACAO DE QUALIDADE PARA TODOS;0487;CONCESSAO DE BOLSAS DE ESTUDO NO ENSINO SUPERIOR;0002;CONCESSAO DE BOLSAS DE ESTUDOS NO PAIS;12364208004870001;108452;OCCCUO9414N;BF SUPERIOR - PROAP;90;APLICACOES DIRETAS;3;DESPESAS CORRENTES;3;OUTRAS DESPESAS CORRENTES;14;DIARIAS - PESSOAL CIVIL;339014;DIARIAS - PESSOAL CIVIL;00;RECURSOS PRIMARIOS DE LIVRE APLICACAO;;;;;3,907,623.07;1,477,049.81;2,430,573.26;2,250,877.98
2019;154045;FUNDACAO UNIVERSIDADE FEDERAL DE MATO GROSSO;12;EDUCACAO;364;ENSINO SUPERIOR;2080;EDUCACAO DE QUALIDADE PARA TODOS;0487;CONCESSAO DE BOLSAS DE ESTUDO NO ENSINO SUPERIOR;0002;CONCESSAO DE BOLSAS DE ESTUDOS NO PAIS;12364208004870001;108452;OCCCUO9414N;BF SUPERIOR - PROAP;90;APLICACOES DIRETAS;3;DESPESAS CORRENTES;3;OUTRAS DESPESAS CORRENTES;18;AUXILIO FINANCEIRO A ESTUDANTES;339018;AUXILIO FINANCEIRO A ESTUDANTES;00;RECURSOS PRIMARIOS DE LIVRE APLICACAO;;;;;2,202,226.37;844,337.06;1,357,889.31;1,194,660.39
2019;154045;FUNDACAO UNIVERSIDADE FEDERAL DE MATO GROSSO;12;EDUCACAO;364;ENSINO SUPERIOR;2080;EDUCACAO DE QUALIDADE PARA TODOS;0487;CONCESSAO DE BOLSAS DE ESTUDO NO ENSINO SUPERIOR;0002;CONCESSAO DE BOLSAS DE ESTUDOS NO PAIS;12364208004870001;108452;OCCCUO9414N;BF SUPERIOR - PROAP;90;APLICACOES DIRETAS;3;DESPESAS CORRENTES;3;OUTRAS DESPESAS CORRENTES;20;AUXILIO FINANCEIRO A PESQUISADORES;339020;AUXILIO FINANCEIRO A PESQUISADORES;00;RECURSOS PRIMARIOS DE LIVRE APLICACAO;;;;;1,502,455.64;848,000.50;654,455.14;589,116.34
2019;154045;FUNDACAO UNIVERSIDADE FEDERAL DE MATO GROSSO;12;EDUCACAO;364;ENSINO SUPERIOR;2080;EDUCACAO DE QUALIDADE PARA TODOS;0487;CONCESSAO DE BOLSAS DE ESTUDO NO ENSINO SUPERIOR;0002;CONCESSAO DE BOLSAS DE ESTUDOS NO PAIS;12364208004870001;108452;OCCCUO9414N;BF SUPERIOR - PROAP;90;APLICACOES DIRETAS;3;DESPESAS CORRENTES;3;OUTRAS DESPESAS CORRENTES;30;MATERIAL DE CONSUMO;339030;MATERIAL DE CONSUMO;00;RECURSOS PRIMARIOS DE LIVRE APLICACAO;;;;;1,548.60;387.15;567.00;567.00
2019;154045;FUNDACAO UNIVERSIDADE FEDERAL DE MATO GROSSO;12;EDUCACAO;364;ENSINO SUPERIOR;2080;EDUCACAO DE QUALIDADE PARA TODOS;0487;CONCESSAO DE BOLSAS DE ESTUDO NO ENSINO SUPERIOR;0002;CONCESSAO DE BOLSAS DE ESTUDOS NO PAIS;12364208004870001;108452;OCCCUO9414N;BF SUPERIOR - PROAP;90;APLICACOES DIRETAS;3;DESPESAS CORRENTES;3;OUTRAS DESPESAS CORRENTES;33;PASSAGENS E DESPESAS COM LOCOMOCAO;339033;PASSAGENS E DESPESAS COM LOCOMOCAO;00;RECURSOS PRIMARIOS DE LIVRE APLICACAO;;;;;2,347,133.35;968,581.92;1,124,832.31;962,127.60
2019;154045;FUNDACAO UNIVERSIDADE FEDERAL DE MATO GROSSO;12;EDUCACAO;364;ENSINO SUPERIOR;2080;EDUCACAO DE QUALIDADE PARA TODOS;0487;CONCESSAO DE BOLSAS DE ESTUDO NO ENSINO SUPERIOR;0002;CONCESSAO DE BOLSAS DE ESTUDOS NO PAIS;12364208004870001;108452;OCCCUO9414N;BF SUPERIOR - PROAP;90;APLICACOES DIRETAS;3;DESPESAS CORRENTES;3;OUTRAS DESPESAS CORRENTES;36;OUTROS SERVICOS DE TERCEIROS - P.FISICA;339036;OUTROS SERVICOS DE TERCEIROS - PESSOA FISICA;00;RECURSOS PRIMARIOS DE LIVRE APLICACAO;;;;;242,697.20;141,903.40;100,793.80;96,139.70
2019;154045;FUNDACAO UNIVERSIDADE FEDERAL DE MATO GROSSO;12;EDUCACAO;364;ENSINO SUPERIOR;2080;EDUCACAO DE QUALIDADE PARA TODOS;0487;CONCESSAO DE BOLSAS DE ESTUDO NO ENSINO SUPERIOR;0002;CONCESSAO DE BOLSAS DE ESTUDOS NO PAIS;12364208004870001;108452;OCCCUO9414N;BF SUPERIOR - PROAP;90;APLICACOES DIRETAS;3;DESPESAS CORRENTES;3;OUTRAS DESPESAS CORRENTES;39;OUTROS SERVICOS DE TERCEIROS PJ - OP.INT.ORC.;339039;OUTROS SERVICOS DE TERCEIROS - PESSOA JURIDICA;00;RECURSOS PRIMARIOS DE LIVRE APLICACAO;;;;;37,500.00;7,500.00;30,000.00;30,000.00
2019;154045;FUNDACAO UNIVERSIDADE FEDERAL DE MATO GROSSO;12;EDUCACAO;364;ENSINO SUPERIOR;2080;EDUCACAO DE QUALIDADE PARA TODOS;0487;CONCESSAO DE BOLSAS DE ESTUDO NO ENSINO SUPERIOR;0002;CONCESSAO DE BOLSAS DE ESTUDOS NO PAIS;12364208004870001;108452;OCCCUO9414N;BF SUPERIOR - PROAP;90;APLICACOES DIRETAS;3;DESPESAS CORRENTES;3;OUTRAS DESPESAS CORRENTES;47;OBRIGACOES TRIBUTARIAS E CONTRIBUTIVAS;339047;OBRIGACOES TRIBUTARIAS E CONTRIBUTIVAS;00;RECURSOS PRIMARIOS DE LIVRE APLICACAO;;;;;2,720.00;0.00;2,720.00;2,720.00
2019;154045;FUNDACAO UNIVERSIDADE FEDERAL DE MATO GROSSO;12;EDUCACAO;368;EDUCACAO BASICA;2080;EDUCACAO DE QUALIDADE PARA TODOS;20RJ;APOIO A CAPACITACAO E FORMACAO INICIAL E CONTINUADA PARA A E;0004;EDUCACAO BASICA A DISTANCIA - SISTEMA UNIVERSIDADE ABERTA DO BRASIL (UAB);12368208020RJ0001;108456;MCC62G22EDN;UAB - UAB TRADICIONAL;90;APLICACOES DIRETAS;3;DESPESAS CORRENTES;3;OUTRAS DESPESAS CORRENTES;14;DIARIAS - PESSOAL CIVIL;339014;DIARIAS - PESSOAL CIVIL;00;RECURSOS PRIMARIOS DE LIVRE APLICACAO;;;;;123,000.00;0.00;123,000.00;73,800.00
2019;154045;FUNDACAO UNIVERSIDADE FEDERAL DE MATO GROSSO;12;EDUCACAO;368;EDUCACAO BASICA;2080;EDUCACAO DE QUALIDADE PARA TODOS;20RJ;APOIO A CAPACITACAO E FORMACAO INICIAL E CONTINUADA PARA A E;0004;EDUCACAO BASICA A DISTANCIA - SISTEMA UNIVERSIDADE ABERTA DO BRASIL (UAB);12368208020RJ0001;108456;MCC62G22EDN;UAB - UAB TRADICIONAL;90;APLICACOES DIRETAS;3;DESPESAS CORRENTES;3;OUTRAS DESPESAS CORRENTES;36;OUTROS SERVICOS DE TERCEIROS - P.FISICA;339036;OUTROS SERVICOS DE TERCEIROS - PESSOA FISICA;00;RECURSOS PRIMARIOS DE LIVRE APLICACAO;;;;;1,332,000.00;0.00;1,332,000.00;799,200.00
2019;154045;FUNDACAO UNIVERSIDADE FEDERAL DE MATO GROSSO;12;EDUCACAO;368;EDUCACAO BASICA;2080;EDUCACAO DE QUALIDADE PARA TODOS;20RJ;APOIO A CAPACITACAO E FORMACAO INICIAL E CONTINUADA PARA A E;0004;EDUCACAO BASICA A DISTANCIA - SISTEMA UNIVERSIDADE ABERTA DO BRASIL (UAB);12368208020RJ0001;108456;MCC62G22EDN;UAB - UAB TRADICIONAL;90;APLICACOES DIRETAS;3;DESPESAS CORRENTES;3;OUTRAS DESPESAS CORRENTES;39;OUTROS SERVICOS DE TERCEIROS PJ - OP.INT.ORC.;339039;OUTROS SERVICOS DE TERCEIROS - PESSOA JURIDICA;00;RECURSOS PRIMARIOS DE LIVRE APLICACAO;;;;;2,224,390.00;43,478.00;2,180,912.00;2,125,085.75
2019;154045;FUNDACAO UNIVERSIDADE FEDERAL DE MATO GROSSO;12;EDUCACAO;368;EDUCACAO BASICA;2080;EDUCACAO DE QUALIDADE PARA TODOS;20RJ;APOIO A CAPACITACAO E FORMACAO INICIAL E CONTINUADA PARA A E;0004;EDUCACAO BASICA A DISTANCIA - SISTEMA UNIVERSIDADE ABERTA DO BRASIL (UAB);12368208020RJ0001;108456;QCC62T58HIN;UAB - UAB PROFHISTORIA;90;APLICACOES DIRETAS;3;DESPESAS CORRENTES;3;OUTRAS DESPESAS CORRENTES;39;OUTROS SERVICOS DE TERCEIROS PJ - OP.INT.ORC.;339039;OUTROS SERVICOS DE TERCEIROS - PESSOA JURIDICA;00;RECURSOS PRIMARIOS DE LIVRE APLICACAO;;;;;354,760.00;50,680.00;304,080.00;304,080.00
2019;154046;UNIVERSIDADE FEDERAL DE OURO PRETO;12;EDUCACAO;364;ENSINO SUPERIOR;2080;EDUCACAO DE QUALIDADE PARA TODOS;0487;CONCESSAO DE BOLSAS DE ESTUDO NO ENSINO SUPERIOR;0002;CONCESSAO DE BOLSAS DE ESTUDOS NO PAIS;12364208004870001;108452;OCCCUO9414N;BF SUPERIOR - PROAP;90;APLICACOES DIRETAS;3;DESPESAS CORRENTES;3;OUTRAS DESPESAS CORRENTES;14;DIARIAS - PESSOAL CIVIL;339014;DIARIAS - PESSOAL CIVIL;00;RECURSOS PRIMARIOS DE LIVRE APLICACAO;;;;;672,042.05;111,340.44;560,701.61;529,747.04
2019;154046;UNIVERSIDADE FEDERAL DE OURO PRETO;12;EDUCACAO;364;ENSINO SUPERIOR;2080;EDUCACAO DE QUALIDADE PARA TODOS;0487;CONCESSAO DE BOLSAS DE ESTUDO NO ENSINO SUPERIOR;0002;CONCESSAO DE BOLSAS DE ESTUDOS NO PAIS;12364208004870001;108452;OCCCUO9414N;BF SUPERIOR - PROAP;90;APLICACOES DIRETAS;3;DESPESAS CORRENTES;3;OUTRAS DESPESAS CORRENTES;18;AUXILIO FINANCEIRO A ESTUDANTES;339018;AUXILIO FINANCEIRO A ESTUDANTES;00;RECURSOS PRIMARIOS DE LIVRE APLICACAO;;;;;335,791.36;58,221.36;143,465.50;143,465.50
2019;154046;UNIVERSIDADE FEDERAL DE OURO PRETO;12;EDUCACAO;364;ENSINO SUPERIOR;2080;EDUCACAO DE QUALIDADE PARA TODOS;0487;CONCESSAO DE BOLSAS DE ESTUDO NO ENSINO SUPERIOR;0002;CONCESSAO DE BOLSAS DE ESTUDOS NO PAIS;12364208004870001;108452;OCCCUO9414N;BF SUPERIOR - PROAP;90;APLICACOES DIRETAS;3;DESPESAS CORRENTES;3;OUTRAS DESPESAS CORRENTES;30;MATERIAL DE CONSUMO;339030;MATERIAL DE CONSUMO;00;RECURSOS PRIMARIOS DE LIVRE APLICACAO;;;;;930,647.87;114,965.72;442,586.58;390,966.19
2019;154046;UNIVERSIDADE FEDERAL DE OURO PRETO;12;EDUCACAO;364;ENSINO SUPERIOR;2080;EDUCACAO DE QUALIDADE PARA TODOS;0487;CONCESSAO DE BOLSAS DE ESTUDO NO ENSINO SUPERIOR;0002;CONCESSAO DE BOLSAS DE ESTUDOS NO PAIS;12364208004870001;108452;OCCCUO9414N;BF SUPERIOR - PROAP;90;APLICACOES DIRETAS;3;DESPESAS CORRENTES;3;OUTRAS DESPESAS CORRENTES;33;PASSAGENS E DESPESAS COM LOCOMOCAO;339033;PASSAGENS E DESPESAS COM LOCOMOCAO;00;RECURSOS PRIMARIOS DE LIVRE APLICACAO;;;;;223,973.96;55,993.49;1,233.39;1,233.39
2019;154046;UNIVERSIDADE FEDERAL DE OURO PRETO;12;EDUCACAO;364;ENSINO SUPERIOR;2080;EDUCACAO DE QUALIDADE PARA TODOS;0487;CONCESSAO DE BOLSAS DE ESTUDO NO ENSINO SUPERIOR;0002;CONCESSAO DE BOLSAS DE ESTUDOS NO PAIS;12364208004870001;108452;OCCCUO9414N;BF SUPERIOR - PROAP;90;APLICACOES DIRETAS;3;DESPESAS CORRENTES;3;OUTRAS DESPESAS CORRENTES;36;OUTROS SERVICOS DE TERCEIROS - P.FISICA;339036;OUTROS SERVICOS DE TERCEIROS - PESSOA FISICA;00;RECURSOS PRIMARIOS DE LIVRE APLICACAO;;;;;219,835.90;69,309.75;150,526.15;145,357.60
2019;154046;UNIVERSIDADE FEDERAL DE OURO PRETO;12;EDUCACAO;364;ENSINO SUPERIOR;2080;EDUCACAO DE QUALIDADE PARA TODOS;0487;CONCESSAO DE BOLSAS DE ESTUDO NO ENSINO SUPERIOR;0002;CONCESSAO DE BOLSAS DE ESTUDOS NO PAIS;12364208004870001;108452;OCCCUO9414N;BF SUPERIOR - PROAP;90;APLICACOES DIRETAS;3;DESPESAS CORRENTES;3;OUTRAS DESPESAS CORRENTES;39;OUTROS SERVICOS DE TERCEIROS PJ - OP.INT.ORC.;339039;OUTROS SERVICOS DE TERCEIROS - PESSOA JURIDICA;00;RECURSOS PRIMARIOS DE LIVRE APLICACAO;;;;;445,877.67;94,915.84;45,060.23;29,900.05
2019;154046;UNIVERSIDADE FEDERAL DE OURO PRETO;12;EDUCACAO;364;ENSINO SUPERIOR;2080;EDUCACAO DE QUALIDADE PARA TODOS;0487;CONCESSAO DE BOLSAS DE ESTUDO NO ENSINO SUPERIOR;0002;CONCESSAO DE BOLSAS DE ESTUDOS NO PAIS;12364208004870001;108452;OCCCUO9414N;BF SUPERIOR - PROAP;90;APLICACOES DIRETAS;3;DESPESAS CORRENTES;3;OUTRAS DESPESAS CORRENTES;40;SERVICOS DE TECNOLOGIA DA INFORMACAO E COMUNICACAO - PJ;339040;SERVICOS DE TECNOLOGIA DA INFORMACAO E COMUNICACAO - PJ;00;RECURSOS PRIMARIOS DE LIVRE APLICACAO;;;;;218,080.00;54,520.00;;
2019;154046;UNIVERSIDADE FEDERAL DE OURO PRETO;12;EDUCACAO;364;ENSINO SUPERIOR;2080;EDUCACAO DE QUALIDADE PARA TODOS;0487;CONCESSAO DE BOLSAS DE ESTUDO NO ENSINO SUPERIOR;0002;CONCESSAO DE BOLSAS DE ESTUDOS NO PAIS;12364208004870001;108452;OCCCUO9414N;BF SUPERIOR - PROAP;90;APLICACOES DIRETAS;3;DESPESAS CORRENTES;3;OUTRAS DESPESAS CORRENTES;93;INDENIZACOES E RESTITUICOES;339093;INDENIZACOES E RESTITUICOES;00;RECURSOS PRIMARIOS DE LIVRE APLICACAO;;;;;469,641.78;139,919.89;182,718.11;182,718.11
2019;154046;UNIVERSIDADE FEDERAL DE OURO PRETO;12;EDUCACAO;368;EDUCACAO BASICA;2080;EDUCACAO DE QUALIDADE PARA TODOS;20RJ;APOIO A CAPACITACAO E FORMACAO INICIAL E CONTINUADA PARA A E;0004;EDUCACAO BASICA A DISTANCIA - SISTEMA UNIVERSIDADE ABERTA DO BRASIL (UAB);12368208020RJ0001;108456;MCC62G22EDN;UAB - UAB TRADICIONAL;90;APLICACOES DIRETAS;3;DESPESAS CORRENTES;3;OUTRAS DESPESAS CORRENTES;39;OUTROS SERVICOS DE TERCEIROS PJ - OP.INT.ORC.;339039;OUTROS SERVICOS DE TERCEIROS - PESSOA JURIDICA;00;RECURSOS PRIMARIOS DE LIVRE APLICACAO;;;;;1,634,554.04;0.00;1,634,554.04;1,401,046.32
2019;154046;UNIVERSIDADE FEDERAL DE OURO PRETO;12;EDUCACAO;368;EDUCACAO BASICA;2080;EDUCACAO DE QUALIDADE PARA TODOS;20RJ;APOIO A CAPACITACAO E FORMACAO INICIAL E CONTINUADA PARA A E;0004;EDUCACAO BASICA A DISTANCIA - SISTEMA UNIVERSIDADE ABERTA DO BRASIL (UAB);12368208020RJ0001;108456;QCC62T58MAN;UAB - UAB PROFMAT;90;APLICACOES DIRETAS;3;DESPESAS CORRENTES;3;OUTRAS DESPESAS CORRENTES;14;DIARIAS - PESSOAL CIVIL;339014;DIARIAS - PESSOAL CIVIL;00;RECURSOS PRIMARIOS DE LIVRE APLICACAO;;;;;2,771.32;1,299.22;1,472.10;1,271.87
2019;154046;UNIVERSIDADE FEDERAL DE OURO PRETO;12;EDUCACAO;368;EDUCACAO BASICA;2080;EDUCACAO DE QUALIDADE PARA TODOS;20RJ;APOIO A CAPACITACAO E FORMACAO INICIAL E CONTINUADA PARA A E;0004;EDUCACAO BASICA A DISTANCIA - SISTEMA UNIVERSIDADE ABERTA DO BRASIL (UAB);12368208020RJ0001;108456;QCC62T58MAN;UAB - UAB PROFMAT;90;APLICACOES DIRETAS;3;DESPESAS CORRENTES;3;OUTRAS DESPESAS CORRENTES;30;MATERIAL DE CONSUMO;339030;MATERIAL DE CONSUMO;00;RECURSOS PRIMARIOS DE LIVRE APLICACAO;;;;;29,372.40;0.00;25,703.10;18,360.00
2019;154046;UNIVERSIDADE FEDERAL DE OURO PRETO;12;EDUCACAO;368;EDUCACAO BASICA;2080;EDUCACAO DE QUALIDADE PARA TODOS;20RJ;APOIO A CAPACITACAO E FORMACAO INICIAL E CONTINUADA PARA A E;0004;EDUCACAO BASICA A DISTANCIA - SISTEMA UNIVERSIDADE ABERTA DO BRASIL (UAB);12368208020RJ0001;108456;QCC62T58MAN;UAB - UAB PROFMAT;90;APLICACOES DIRETAS;3;DESPESAS CORRENTES;3;OUTRAS DESPESAS CORRENTES;33;PASSAGENS E DESPESAS COM LOCOMOCAO;339033;PASSAGENS E DESPESAS COM LOCOMOCAO;00;RECURSOS PRIMARIOS DE LIVRE APLICACAO;;;;;9,770.04;4,114.98;5,655.06;4,712.55
2019;154047;FUNDACAO UNIVERSIDADE FEDERAL DE PELOTAS;12;EDUCACAO;364;ENSINO SUPERIOR;2080;EDUCACAO DE QUALIDADE PARA TODOS;0487;CONCESSAO DE BOLSAS DE ESTUDO NO ENSINO SUPERIOR;0002;CONCESSAO DE BOLSAS DE ESTUDOS NO PAIS;12364208004870001;108452;OCCCUO9414N;BF SUPERIOR - PROAP;90;APLICACOES DIRETAS;3;DESPESAS CORRENTES;3;OUTRAS DESPESAS CORRENTES;14;DIARIAS - PESSOAL CIVIL;339014;DIARIAS - PESSOAL CIVIL;00;RECURSOS PRIMARIOS DE LIVRE APLICACAO;;;;;1,486,607.82;249,979.15;1,236,628.67;1,116,819.86
2019;154047;FUNDACAO UNIVERSIDADE FEDERAL DE PELOTAS;12;EDUCACAO;364;ENSINO SUPERIOR;2080;EDUCACAO DE QUALIDADE PARA TODOS;0487;CONCESSAO DE BOLSAS DE ESTUDO NO ENSINO SUPERIOR;0002;CONCESSAO DE BOLSAS DE ESTUDOS NO PAIS;12364208004870001;108452;OCCCUO9414N;BF SUPERIOR - PROAP;90;APLICACOES DIRETAS;3;DESPESAS CORRENTES;3;OUTRAS DESPESAS CORRENTES;18;AUXILIO FINANCEIRO A ESTUDANTES;339018;AUXILIO FINANCEIRO A ESTUDANTES;00;RECURSOS PRIMARIOS DE LIVRE APLICACAO;;;;;3,261,478.80;713,767.62;2,547,711.18;2,438,535.42
2019;154047;FUNDACAO UNIVERSIDADE FEDERAL DE PELOTAS;12;EDUCACAO;364;ENSINO SUPERIOR;2080;EDUCACAO DE QUALIDADE PARA TODOS;0487;CONCESSAO DE BOLSAS DE ESTUDO NO ENSINO SUPERIOR;0002;CONCESSAO DE BOLSAS DE ESTUDOS NO PAIS;12364208004870001;108452;OCCCUO9414N;BF SUPERIOR - PROAP;90;APLICACOES DIRETAS;3;DESPESAS CORRENTES;3;OUTRAS DESPESAS CORRENTES;30;MATERIAL DE CONSUMO;339030;MATERIAL DE CONSUMO;00;RECURSOS PRIMARIOS DE LIVRE APLICACAO;;;;;2,161,195.96;591,338.20;1,348,199.01;1,263,608.19
2019;154047;FUNDACAO UNIVERSIDADE FEDERAL DE PELOTAS;12;EDUCACAO;364;ENSINO SUPERIOR;2080;EDUCACAO DE QUALIDADE PARA TODOS;0487;CONCESSAO DE BOLSAS DE ESTUDO NO ENSINO SUPERIOR;0002;CONCESSAO DE BOLSAS DE ESTUDOS NO PAIS;12364208004870001;108452;OCCCUO9414N;BF SUPERIOR - PROAP;90;APLICACOES DIRETAS;3;DESPESAS CORRENTES;3;OUTRAS DESPESAS CORRENTES;33;PASSAGENS E DESPESAS COM LOCOMOCAO;339033;PASSAGENS E DESPESAS COM LOCOMOCAO;00;RECURSOS PRIMARIOS DE LIVRE APLICACAO;;;;;1,399,658.63;497,713.36;895,399.12;895,399.12
2019;154047;FUNDACAO UNIVERSIDADE FEDERAL DE PELOTAS;12;EDUCACAO;364;ENSINO SUPERIOR;2080;EDUCACAO DE QUALIDADE PARA TODOS;0487;CONCESSAO DE BOLSAS DE ESTUDO NO ENSINO SUPERIOR;0002;CONCESSAO DE BOLSAS DE ESTUDOS NO PAIS;12364208004870001;108452;OCCCUO9414N;BF SUPERIOR - PROAP;90;APLICACOES DIRETAS;3;DESPESAS CORRENTES;3;OUTRAS DESPESAS CORRENTES;36;OUTROS SERVICOS DE TERCEIROS - P.FISICA;339036;OUTROS SERVICOS DE TERCEIROS - PESSOA FISICA;00;RECURSOS PRIMARIOS DE LIVRE APLICACAO;;;;;241,144.95;70,132.45;163,212.50;143,718.00
2019;154047;FUNDACAO UNIVERSIDADE FEDERAL DE PELOTAS;12;EDUCACAO;364;ENSINO SUPERIOR;2080;EDUCACAO DE QUALIDADE PARA TODOS;0487;CONCESSAO DE BOLSAS DE ESTUDO NO ENSINO SUPERIOR;0002;CONCESSAO DE BOLSAS DE ESTUDOS NO PAIS;12364208004870001;108452;OCCCUO9414N;BF SUPERIOR - PROAP;90;APLICACOES DIRETAS;3;DESPESAS CORRENTES;3;OUTRAS DESPESAS CORRENTES;39;OUTROS SERVICOS DE TERCEIROS PJ - OP.INT.ORC.;339039;OUTROS SERVICOS DE TERCEIROS - PESSOA JURIDICA;00;RECURSOS PRIMARIOS DE LIVRE APLICACAO;;;;;304,111.25;95,695.65;105,600.80;91,483.80
2019;154047;FUNDACAO UNIVERSIDADE FEDERAL DE PELOTAS;12;EDUCACAO;364;ENSINO SUPERIOR;2080;EDUCACAO DE QUALIDADE PARA TODOS;0487;CONCESSAO DE BOLSAS DE ESTUDO NO ENSINO SUPERIOR;0002;CONCESSAO DE BOLSAS DE ESTUDOS NO PAIS;12364208004870001;108452;OCCCUO9414N;BF SUPERIOR - PROAP;90;APLICACOES DIRETAS;3;DESPESAS CORRENTES;3;OUTRAS DESPESAS CORRENTES;40;SERVICOS DE TECNOLOGIA DA INFORMACAO E COMUNICACAO - PJ;339040;SERVICOS DE TECNOLOGIA DA INFORMACAO E COMUNICACAO - PJ;00;RECURSOS PRIMARIOS DE LIVRE APLICACAO;;;;;9,708.52;2,427.13;;
2019;154047;FUNDACAO UNIVERSIDADE FEDERAL DE PELOTAS;12;EDUCACAO;368;EDUCACAO BASICA;2080;EDUCACAO DE QUALIDADE PARA TODOS;20RJ;APOIO A CAPACITACAO E FORMACAO INICIAL E CONTINUADA PARA A E;0004;EDUCACAO BASICA A DISTANCIA - SISTEMA UNIVERSIDADE ABERTA DO BRASIL (UAB);12368208020RJ0001;108456;MCC62G22EDN;UAB - UAB TRADICIONAL;90;APLICACOES DIRETAS;3;DESPESAS CORRENTES;3;OUTRAS DESPESAS CORRENTES;14;DIARIAS - PESSOAL CIVIL;339014;DIARIAS - PESSOAL CIVIL;00;RECURSOS PRIMARIOS DE LIVRE APLICACAO;;;;;2,108,753.81;1,415,738.24;693,015.57;650,116.43
2019;154047;FUNDACAO UNIVERSIDADE FEDERAL DE PELOTAS;12;EDUCACAO;368;EDUCACAO BASICA;2080;EDUCACAO DE QUALIDADE PARA TODOS;20RJ;APOIO A CAPACITACAO E FORMACAO INICIAL E CONTINUADA PARA A E;0004;EDUCACAO BASICA A DISTANCIA - SISTEMA UNIVERSIDADE ABERTA DO BRASIL (UAB);12368208020RJ0001;108456;MCC62G22EDN;UAB - UAB TRADICIONAL;90;APLICACOES DIRETAS;3;DESPESAS CORRENTES;3;OUTRAS DESPESAS CORRENTES;33;PASSAGENS E DESPESAS COM LOCOMOCAO;339033;PASSAGENS E DESPESAS COM LOCOMOCAO;00;RECURSOS PRIMARIOS DE LIVRE APLICACAO;;;;;198,000.00;111,715.80;57,796.41;54,887.54
2019;154047;FUNDACAO UNIVERSIDADE FEDERAL DE PELOTAS;12;EDUCACAO;368;EDUCACAO BASICA;2080;EDUCACAO DE QUALIDADE PARA TODOS;20RJ;APOIO A CAPACITACAO E FORMACAO INICIAL E CONTINUADA PARA A E;0004;EDUCACAO BASICA A DISTANCIA - SISTEMA UNIVERSIDADE ABERTA DO BRASIL (UAB);12368208020RJ0001;108456;MCC62G22EDN;UAB - UAB TRADICIONAL;90;APLICACOES DIRETAS;3;DESPESAS CORRENTES;3;OUTRAS DESPESAS CORRENTES;36;OUTROS SERVICOS DE TERCEIROS - P.FISICA;339036;OUTROS SERVICOS DE TERCEIROS - PESSOA FISICA;00;RECURSOS PRIMARIOS DE LIVRE APLICACAO;;;;;528,200.00;359,068.00;169,132.00;158,870.00
2019;154047;FUNDACAO UNIVERSIDADE FEDERAL DE PELOTAS;12;EDUCACAO;368;EDUCACAO BASICA;2080;EDUCACAO DE QUALIDADE PARA TODOS;20RJ;APOIO A CAPACITACAO E FORMACAO INICIAL E CONTINUADA PARA A E;0004;EDUCACAO BASICA A DISTANCIA - SISTEMA UNIVERSIDADE ABERTA DO BRASIL (UAB);12368208020RJ0001;108456;MCC62G22EDN;UAB - UAB TRADICIONAL;90;APLICACOES DIRETAS;3;DESPESAS CORRENTES;3;OUTRAS DESPESAS CORRENTES;93;INDENIZACOES E RESTITUICOES;339093;INDENIZACOES E RESTITUICOES;00;RECURSOS PRIMARIOS DE LIVRE APLICACAO;;;;;110,000.00;72,312.52;22,790.95;21,351.77
2019;154048;FUNDACAO UNIVERSIDADE FEDERAL DO PIAUI;12;EDUCACAO;364;ENSINO SUPERIOR;2080;EDUCACAO DE QUALIDADE PARA TODOS;0487;CONCESSAO DE BOLSAS DE ESTUDO NO ENSINO SUPERIOR;0002;CONCESSAO DE BOLSAS DE ESTUDOS NO PAIS;12364208004870001;108452;OCCCUO9414N;BF SUPERIOR - PROAP;90;APLICACOES DIRETAS;3;DESPESAS CORRENTES;3;OUTRAS DESPESAS CORRENTES;14;DIARIAS - PESSOAL CIVIL;339014;DIARIAS - PESSOAL CIVIL;00;RECURSOS PRIMARIOS DE LIVRE APLICACAO;;;;;2,493,381.06;1,343,830.07;1,149,550.99;1,092,658.62
2019;154048;FUNDACAO UNIVERSIDADE FEDERAL DO PIAUI;12;EDUCACAO;364;ENSINO SUPERIOR;2080;EDUCACAO DE QUALIDADE PARA TODOS;0487;CONCESSAO DE BOLSAS DE ESTUDO NO ENSINO SUPERIOR;0002;CONCESSAO DE BOLSAS DE ESTUDOS NO PAIS;12364208004870001;108452;OCCCUO9414N;BF SUPERIOR - PROAP;90;APLICACOES DIRETAS;3;DESPESAS CORRENTES;3;OUTRAS DESPESAS CORRENTES;18;AUXILIO FINANCEIRO A ESTUDANTES;339018;AUXILIO FINANCEIRO A ESTUDANTES;00;RECURSOS PRIMARIOS DE LIVRE APLICACAO;;;;;1,121,325.50;511,080.08;581,428.20;547,700.70
2019;154048;FUNDACAO UNIVERSIDADE FEDERAL DO PIAUI;12;EDUCACAO;364;ENSINO SUPERIOR;2080;EDUCACAO DE QUALIDADE PARA TODOS;0487;CONCESSAO DE BOLSAS DE ESTUDO NO ENSINO SUPERIOR;0002;CONCESSAO DE BOLSAS DE ESTUDOS NO PAIS;12364208004870001;108452;OCCCUO9414N;BF SUPERIOR - PROAP;90;APLICACOES DIRETAS;3;DESPESAS CORRENTES;3;OUTRAS DESPESAS CORRENTES;20;AUXILIO FINANCEIRO A PESQUISADORES;339020;AUXILIO FINANCEIRO A PESQUISADORES;00;RECURSOS PRIMARIOS DE LIVRE APLICACAO;;;;;40,000.00;6,000.00;16,000.00;12,000.00
2019;154048;FUNDACAO UNIVERSIDADE FEDERAL DO PIAUI;12;EDUCACAO;364;ENSINO SUPERIOR;2080;EDUCACAO DE QUALIDADE PARA TODOS;0487;CONCESSAO DE BOLSAS DE ESTUDO NO ENSINO SUPERIOR;0002;CONCESSAO DE BOLSAS DE ESTUDOS NO PAIS;12364208004870001;108452;OCCCUO9414N;BF SUPERIOR - PROAP;90;APLICACOES DIRETAS;3;DESPESAS CORRENTES;3;OUTRAS DESPESAS CORRENTES;30;MATERIAL DE CONSUMO;339030;MATERIAL DE CONSUMO;00;RECURSOS PRIMARIOS DE LIVRE APLICACAO;;;;;53,803.15;14,893.15;5,769.45;0.00
2019;154048;FUNDACAO UNIVERSIDADE FEDERAL DO PIAUI;12;EDUCACAO;364;ENSINO SUPERIOR;2080;EDUCACAO DE QUALIDADE PARA TODOS;0487;CONCESSAO DE BOLSAS DE ESTUDO NO ENSINO SUPERIOR;0002;CONCESSAO DE BOLSAS DE ESTUDOS NO PAIS;12364208004870001;108452;OCCCUO9414N;BF SUPERIOR - PROAP;90;APLICACOES DIRETAS;3;DESPESAS CORRENTES;3;OUTRAS DESPESAS CORRENTES;33;PASSAGENS E DESPESAS COM LOCOMOCAO;339033;PASSAGENS E DESPESAS COM LOCOMOCAO;00;RECURSOS PRIMARIOS DE LIVRE APLICACAO;;;;;2,753,721.15;1,529,411.23;1,199,224.79;1,057,650.35
2019;154048;FUNDACAO UNIVERSIDADE FEDERAL DO PIAUI;12;EDUCACAO;364;ENSINO SUPERIOR;2080;EDUCACAO DE QUALIDADE PARA TODOS;0487;CONCESSAO DE BOLSAS DE ESTUDO NO ENSINO SUPERIOR;0002;CONCESSAO DE BOLSAS DE ESTUDOS NO PAIS;12364208004870001;108452;OCCCUO9414N;BF SUPERIOR - PROAP;90;APLICACOES DIRETAS;3;DESPESAS CORRENTES;3;OUTRAS DESPESAS CORRENTES;36;OUTROS SERVICOS DE TERCEIROS - P.FISICA;339036;OUTROS SERVICOS DE TERCEIROS - PESSOA FISICA;00;RECURSOS PRIMARIOS DE LIVRE APLICACAO;;;;;564,324.70;375,912.30;188,412.40;177,150.40
2019;154048;FUNDACAO UNIVERSIDADE FEDERAL DO PIAUI;12;EDUCACAO;364;ENSINO SUPERIOR;2080;EDUCACAO DE QUALIDADE PARA TODOS;0487;CONCESSAO DE BOLSAS DE ESTUDO NO ENSINO SUPERIOR;0002;CONCESSAO DE BOLSAS DE ESTUDOS NO PAIS;12364208004870001;108452;OCCCUO9414N;BF SUPERIOR - PROAP;90;APLICACOES DIRETAS;3;DESPESAS CORRENTES;3;OUTRAS DESPESAS CORRENTES;39;OUTROS SERVICOS DE TERCEIROS PJ - OP.INT.ORC.;339039;OUTROS SERVICOS DE TERCEIROS - PESSOA JURIDICA;00;RECURSOS PRIMARIOS DE LIVRE APLICACAO;;;;;688,727.80;172,181.95;;
2019;154048;FUNDACAO UNIVERSIDADE FEDERAL DO PIAUI;12;EDUCACAO;368;EDUCACAO BASICA;2080;EDUCACAO DE QUALIDADE PARA TODOS;20RJ;APOIO A CAPACITACAO E FORMACAO INICIAL E CONTINUADA PARA A E;0003;EDUCACAO BASICA PRESENCIAL;12368208020RJ0001;108455;PCC92B5801N;PARFOR - PARFOR;90;APLICACOES DIRETAS;3;DESPESAS CORRENTES;3;OUTRAS DESPESAS CORRENTES;39;OUTROS SERVICOS DE TERCEIROS PJ - OP.INT.ORC.;339039;OUTROS SERVICOS DE TERCEIROS - PESSOA JURIDICA;00;RECURSOS PRIMARIOS DE LIVRE APLICACAO;;;;;2,085,000.00;0.00;;
2019;154048;FUNDACAO UNIVERSIDADE FEDERAL DO PIAUI;12;EDUCACAO;368;EDUCACAO BASICA;2080;EDUCACAO DE QUALIDADE PARA TODOS;20RJ;APOIO A CAPACITACAO E FORMACAO INICIAL E CONTINUADA PARA A E;0004;EDUCACAO BASICA A DISTANCIA - SISTEMA UNIVERSIDADE ABERTA DO BRASIL (UAB);12368208020RJ0001;108456;MCC62G22EDN;UAB - UAB TRADICIONAL;90;APLICACOES DIRETAS;3;DESPESAS CORRENTES;3;OUTRAS DESPESAS CORRENTES;39;OUTROS SERVICOS DE TERCEIROS PJ - OP.INT.ORC.;339039;OUTROS SERVICOS DE TERCEIROS - PESSOA JURIDICA;00;RECURSOS PRIMARIOS DE LIVRE APLICACAO;;;;;8,195,442.15;0.00;8,195,442.15;7,475,442.15
2019;154049;FUNDACAO UNIVERSIDADE FEDERAL DE SAO CARLOS;12;EDUCACAO;364;ENSINO SUPERIOR;2080;EDUCACAO DE QUALIDADE PARA TODOS;0487;CONCESSAO DE BOLSAS DE ESTUDO NO ENSINO SUPERIOR;0002;CONCESSAO DE BOLSAS DE ESTUDOS NO PAIS;12364208004870001;108452;OCCCUO9414N;BF SUPERIOR - PROAP;50;TRANSFERENCIA INSTITUICOES PRIVADAS SEM FINS LUCRATIVOS;3;DESPESAS CORRENTES;3;OUTRAS DESPESAS CORRENTES;39;OUTROS SERVICOS DE TERCEIROS PJ - OP.INT.ORC.;335039;OUTROS SERVICOS DE TERCEIROS-PESSOA JURIDICA;00;RECURSOS PRIMARIOS DE LIVRE APLICACAO;;;;;9,000.00;3,000.00;6,000.00;4,500.00
2019;154049;FUNDACAO UNIVERSIDADE FEDERAL DE SAO CARLOS;12;EDUCACAO;364;ENSINO SUPERIOR;2080;EDUCACAO DE QUALIDADE PARA TODOS;0487;CONCESSAO DE BOLSAS DE ESTUDO NO ENSINO SUPERIOR;0002;CONCESSAO DE BOLSAS DE ESTUDOS NO PAIS;12364208004870001;108452;OCCCUO9414N;BF SUPERIOR - PROAP;50;TRANSFERENCIA INSTITUICOES PRIVADAS SEM FINS LUCRATIVOS;3;DESPESAS CORRENTES;3;OUTRAS DESPESAS CORRENTES;41;CONTRIBUICOES;335041;CONTRIBUICOES;00;RECURSOS PRIMARIOS DE LIVRE APLICACAO;;;;;25,200.00;0.00;25,200.00;24,350.00
2019;154049;FUNDACAO UNIVERSIDADE FEDERAL DE SAO CARLOS;12;EDUCACAO;364;ENSINO SUPERIOR;2080;EDUCACAO DE QUALIDADE PARA TODOS;0487;CONCESSAO DE BOLSAS DE ESTUDO NO ENSINO SUPERIOR;0002;CONCESSAO DE BOLSAS DE ESTUDOS NO PAIS;12364208004870001;108452;OCCCUO9414N;BF SUPERIOR - PROAP;90;APLICACOES DIRETAS;3;DESPESAS CORRENTES;3;OUTRAS DESPESAS CORRENTES;14;DIARIAS - PESSOAL CIVIL;339014;DIARIAS - PESSOAL CIVIL;00;RECURSOS PRIMARIOS DE LIVRE APLICACAO;;;;;604,111.89;248,611.27;355,500.62;340,600.18
2019;154049;FUNDACAO UNIVERSIDADE FEDERAL DE SAO CARLOS;12;EDUCACAO;364;ENSINO SUPERIOR;2080;EDUCACAO DE QUALIDADE PARA TODOS;0487;CONCESSAO DE BOLSAS DE ESTUDO NO ENSINO SUPERIOR;0002;CONCESSAO DE BOLSAS DE ESTUDOS NO PAIS;12364208004870001;108452;OCCCUO9414N;BF SUPERIOR - PROAP;90;APLICACOES DIRETAS;3;DESPESAS CORRENTES;3;OUTRAS DESPESAS CORRENTES;18;AUXILIO FINANCEIRO A ESTUDANTES;339018;AUXILIO FINANCEIRO A ESTUDANTES;00;RECURSOS PRIMARIOS DE LIVRE APLICACAO;;;;;3,498,471.36;629,969.33;2,209,140.28;2,021,847.30
2019;154049;FUNDACAO UNIVERSIDADE FEDERAL DE SAO CARLOS;12;EDUCACAO;364;ENSINO SUPERIOR;2080;EDUCACAO DE QUALIDADE PARA TODOS;0487;CONCESSAO DE BOLSAS DE ESTUDO NO ENSINO SUPERIOR;0002;CONCESSAO DE BOLSAS DE ESTUDOS NO PAIS;12364208004870001;108452;OCCCUO9414N;BF SUPERIOR - PROAP;90;APLICACOES DIRETAS;3;DESPESAS CORRENTES;3;OUTRAS DESPESAS CORRENTES;20;AUXILIO FINANCEIRO A PESQUISADORES;339020;AUXILIO FINANCEIRO A PESQUISADORES;00;RECURSOS PRIMARIOS DE LIVRE APLICACAO;;;;;2,407,072.24;384,202.27;1,544,139.09;1,479,110.83
2019;154049;FUNDACAO UNIVERSIDADE FEDERAL DE SAO CARLOS;12;EDUCACAO;364;ENSINO SUPERIOR;2080;EDUCACAO DE QUALIDADE PARA TODOS;0487;CONCESSAO DE BOLSAS DE ESTUDO NO ENSINO SUPERIOR;0002;CONCESSAO DE BOLSAS DE ESTUDOS NO PAIS;12364208004870001;108452;OCCCUO9414N;BF SUPERIOR - PROAP;90;APLICACOES DIRETAS;3;DESPESAS CORRENTES;3;OUTRAS DESPESAS CORRENTES;30;MATERIAL DE CONSUMO;339030;MATERIAL DE CONSUMO;00;RECURSOS PRIMARIOS DE LIVRE APLICACAO;;;;;69,732.58;21,840.93;23,204.65;19,989.14
2019;154049;FUNDACAO UNIVERSIDADE FEDERAL DE SAO CARLOS;12;EDUCACAO;364;ENSINO SUPERIOR;2080;EDUCACAO DE QUALIDADE PARA TODOS;0487;CONCESSAO DE BOLSAS DE ESTUDO NO ENSINO SUPERIOR;0002;CONCESSAO DE BOLSAS DE ESTUDOS NO PAIS;12364208004870001;108452;OCCCUO9414N;BF SUPERIOR - PROAP;90;APLICACOES DIRETAS;3;DESPESAS CORRENTES;3;OUTRAS DESPESAS CORRENTES;33;PASSAGENS E DESPESAS COM LOCOMOCAO;339033;PASSAGENS E DESPESAS COM LOCOMOCAO;00;RECURSOS PRIMARIOS DE LIVRE APLICACAO;;;;;2,201,563.55;859,197.48;691,037.06;585,924.06
2019;154049;FUNDACAO UNIVERSIDADE FEDERAL DE SAO CARLOS;12;EDUCACAO;364;ENSINO SUPERIOR;2080;EDUCACAO DE QUALIDADE PARA TODOS;0487;CONCESSAO DE BOLSAS DE ESTUDO NO ENSINO SUPERIOR;0002;CONCESSAO DE BOLSAS DE ESTUDOS NO PAIS;12364208004870001;108452;OCCCUO9414N;BF SUPERIOR - PROAP;90;APLICACOES DIRETAS;3;DESPESAS CORRENTES;3;OUTRAS DESPESAS CORRENTES;36;OUTROS SERVICOS DE TERCEIROS - P.FISICA;339036;OUTROS SERVICOS DE TERCEIROS - PESSOA FISICA;00;RECURSOS PRIMARIOS DE LIVRE APLICACAO;;;;;382,878.20;81,251.51;272,250.57;241,457.07
2019;154049;FUNDACAO UNIVERSIDADE FEDERAL DE SAO CARLOS;12;EDUCACAO;364;ENSINO SUPERIOR;2080;EDUCACAO DE QUALIDADE PARA TODOS;0487;CONCESSAO DE BOLSAS DE ESTUDO NO ENSINO SUPERIOR;0002;CONCESSAO DE BOLSAS DE ESTUDOS NO PAIS;12364208004870001;108452;OCCCUO9414N;BF SUPERIOR - PROAP;90;APLICACOES DIRETAS;3;DESPESAS CORRENTES;3;OUTRAS DESPESAS CORRENTES;39;OUTROS SERVICOS DE TERCEIROS PJ - OP.INT.ORC.;339039;OUTROS SERVICOS DE TERCEIROS - PESSOA JURIDICA;00;RECURSOS PRIMARIOS DE LIVRE APLICACAO;;;;;292,334.90;81,298.36;142,215.85;135,103.30
2019;154049;FUNDACAO UNIVERSIDADE FEDERAL DE SAO CARLOS;12;EDUCACAO;364;ENSINO SUPERIOR;2080;EDUCACAO DE QUALIDADE PARA TODOS;0487;CONCESSAO DE BOLSAS DE ESTUDO NO ENSINO SUPERIOR;0002;CONCESSAO DE BOLSAS DE ESTUDOS NO PAIS;12364208004870001;108452;OCCCUO9414N;BF SUPERIOR - PROAP;90;APLICACOES DIRETAS;3;DESPESAS CORRENTES;3;OUTRAS DESPESAS CORRENTES;40;SERVICOS DE TECNOLOGIA DA INFORMACAO E COMUNICACAO - PJ;339040;SERVICOS DE TECNOLOGIA DA INFORMACAO E COMUNICACAO - PJ;00;RECURSOS PRIMARIOS DE LIVRE APLICACAO;;;;;7,200.00;1,800.00;5,400.00;5,400.00
2019;154049;FUNDACAO UNIVERSIDADE FEDERAL DE SAO CARLOS;12;EDUCACAO;364;ENSINO SUPERIOR;2080;EDUCACAO DE QUALIDADE PARA TODOS;0487;CONCESSAO DE BOLSAS DE ESTUDO NO ENSINO SUPERIOR;0002;CONCESSAO DE BOLSAS DE ESTUDOS NO PAIS;12364208004870001;108452;OCCCUO9414N;BF SUPERIOR - PROAP;91;APLICACOES DIRETAS - OPERACOES INTERNAS;3;DESPESAS CORRENTES;3;OUTRAS DESPESAS CORRENTES;47;OBRIGACOES TRIBUTARIAS E CONTRIBUTIVAS;339147;OBRIG.TRIBUT.E CONTRIB-OP.INTRA-ORCAMENTARIAS;00;RECURSOS PRIMARIOS DE LIVRE APLICACAO;;;;;60,975.64;9,739.51;48,763.50;43,116.50
2019;154049;FUNDACAO UNIVERSIDADE FEDERAL DE SAO CARLOS;12;EDUCACAO;368;EDUCACAO BASICA;2080;EDUCACAO DE QUALIDADE PARA TODOS;20RJ;APOIO A CAPACITACAO E FORMACAO INICIAL E CONTINUADA PARA A E;0004;EDUCACAO BASICA A DISTANCIA - SISTEMA UNIVERSIDADE ABERTA DO BRASIL (UAB);12368208020RJ0001;108456;MCC62G22EDN;UAB - UAB TRADICIONAL;90;APLICACOES DIRETAS;3;DESPESAS CORRENTES;3;OUTRAS DESPESAS CORRENTES;39;OUTROS SERVICOS DE TERCEIROS PJ - OP.INT.ORC.;339039;OUTROS SERVICOS DE TERCEIROS - PESSOA JURIDICA;00;RECURSOS PRIMARIOS DE LIVRE APLICACAO;;;;;2,193,697.89;567,247.33;1,026,450.56;995,878.87
2019;154049;FUNDACAO UNIVERSIDADE FEDERAL DE SAO CARLOS;12;EDUCACAO;368;EDUCACAO BASICA;2080;EDUCACAO DE QUALIDADE PARA TODOS;20RJ;APOIO A CAPACITACAO E FORMACAO INICIAL E CONTINUADA PARA A E;0004;EDUCACAO BASICA A DISTANCIA - SISTEMA UNIVERSIDADE ABERTA DO BRASIL (UAB);12368208020RJ0001;108456;QCC62T58MAN;UAB - UAB PROFMAT;90;APLICACOES DIRETAS;3;DESPESAS CORRENTES;3;OUTRAS DESPESAS CORRENTES;14;DIARIAS - PESSOAL CIVIL;339014;DIARIAS - PESSOAL CIVIL;00;RECURSOS PRIMARIOS DE LIVRE APLICACAO;;;;;57,117.68;54,882.32;2,235.36;2,235.36
2019;154049;FUNDACAO UNIVERSIDADE FEDERAL DE SAO CARLOS;12;EDUCACAO;368;EDUCACAO BASICA;2080;EDUCACAO DE QUALIDADE PARA TODOS;20RJ;APOIO A CAPACITACAO E FORMACAO INICIAL E CONTINUADA PARA A E;0004;EDUCACAO BASICA A DISTANCIA - SISTEMA UNIVERSIDADE ABERTA DO BRASIL (UAB);12368208020RJ0001;108456;QCC62T58MAN;UAB - UAB PROFMAT;90;APLICACOES DIRETAS;3;DESPESAS CORRENTES;3;OUTRAS DESPESAS CORRENTES;18;AUXILIO FINANCEIRO A ESTUDANTES;339018;AUXILIO FINANCEIRO A ESTUDANTES;00;RECURSOS PRIMARIOS DE LIVRE APLICACAO;;;;;20,000.00;14,000.00;;
2019;154049;FUNDACAO UNIVERSIDADE FEDERAL DE SAO CARLOS;12;EDUCACAO;368;EDUCACAO BASICA;2080;EDUCACAO DE QUALIDADE PARA TODOS;20RJ;APOIO A CAPACITACAO E FORMACAO INICIAL E CONTINUADA PARA A E;0004;EDUCACAO BASICA A DISTANCIA - SISTEMA UNIVERSIDADE ABERTA DO BRASIL (UAB);12368208020RJ0001;108456;QCC62T58MAN;UAB - UAB PROFMAT;90;APLICACOES DIRETAS;3;DESPESAS CORRENTES;3;OUTRAS DESPESAS CORRENTES;33;PASSAGENS E DESPESAS COM LOCOMOCAO;339033;PASSAGENS E DESPESAS COM LOCOMOCAO;00;RECURSOS PRIMARIOS DE LIVRE APLICACAO;;;;;50,000.00;35,000.00;;
2019;154050;FUNDACAO UNIVERSIDADE FEDERAL DE SERGIPE;12;EDUCACAO;364;ENSINO SUPERIOR;2080;EDUCACAO DE QUALIDADE PARA TODOS;0487;CONCESSAO DE BOLSAS DE ESTUDO NO ENSINO SUPERIOR;0002;CONCESSAO DE BOLSAS DE ESTUDOS NO PAIS;12364208004870001;108452;OCCCUO9414N;BF SUPERIOR - PROAP;90;APLICACOES DIRETAS;3;DESPESAS CORRENTES;3;OUTRAS DESPESAS CORRENTES;14;DIARIAS - PESSOAL CIVIL;339014;DIARIAS - PESSOAL CIVIL;00;RECURSOS PRIMARIOS DE LIVRE APLICACAO;;;;;1,514,102.95;1,034,335.02;479,767.93;468,663.76
2019;154050;FUNDACAO UNIVERSIDADE FEDERAL DE SERGIPE;12;EDUCACAO;364;ENSINO SUPERIOR;2080;EDUCACAO DE QUALIDADE PARA TODOS;0487;CONCESSAO DE BOLSAS DE ESTUDO NO ENSINO SUPERIOR;0002;CONCESSAO DE BOLSAS DE ESTUDOS NO PAIS;12364208004870001;108452;OCCCUO9414N;BF SUPERIOR - PROAP;90;APLICACOES DIRETAS;3;DESPESAS CORRENTES;3;OUTRAS DESPESAS CORRENTES;18;AUXILIO FINANCEIRO A ESTUDANTES;339018;AUXILIO FINANCEIRO A ESTUDANTES;00;RECURSOS PRIMARIOS DE LIVRE APLICACAO;;;;;2,430,895.81;1,134,392.06;1,296,503.75;1,256,475.26
2019;154050;FUNDACAO UNIVERSIDADE FEDERAL DE SERGIPE;12;EDUCACAO;364;ENSINO SUPERIOR;2080;EDUCACAO DE QUALIDADE PARA TODOS;0487;CONCESSAO DE BOLSAS DE ESTUDO NO ENSINO SUPERIOR;0002;CONCESSAO DE BOLSAS DE ESTUDOS NO PAIS;12364208004870001;108452;OCCCUO9414N;BF SUPERIOR - PROAP;90;APLICACOES DIRETAS;3;DESPESAS CORRENTES;3;OUTRAS DESPESAS CORRENTES;20;AUXILIO FINANCEIRO A PESQUISADORES;339020;AUXILIO FINANCEIRO A PESQUISADORES;00;RECURSOS PRIMARIOS DE LIVRE APLICACAO;;;;;4,305,985.27;1,168,021.05;3,137,964.22;2,992,735.55
2019;154050;FUNDACAO UNIVERSIDADE FEDERAL DE SERGIPE;12;EDUCACAO;364;ENSINO SUPERIOR;2080;EDUCACAO DE QUALIDADE PARA TODOS;0487;CONCESSAO DE BOLSAS DE ESTUDO NO ENSINO SUPERIOR;0002;CONCESSAO DE BOLSAS DE ESTUDOS NO PAIS;12364208004870001;108452;OCCCUO9414N;BF SUPERIOR - PROAP;90;APLICACOES DIRETAS;3;DESPESAS CORRENTES;3;OUTRAS DESPESAS CORRENTES;33;PASSAGENS E DESPESAS COM LOCOMOCAO;339033;PASSAGENS E DESPESAS COM LOCOMOCAO;00;RECURSOS PRIMARIOS DE LIVRE APLICACAO;;;;;1,710,000.00;749,395.69;328,154.81;307,863.86
2019;154050;FUNDACAO UNIVERSIDADE FEDERAL DE SERGIPE;12;EDUCACAO;364;ENSINO SUPERIOR;2080;EDUCACAO DE QUALIDADE PARA TODOS;0487;CONCESSAO DE BOLSAS DE ESTUDO NO ENSINO SUPERIOR;0002;CONCESSAO DE BOLSAS DE ESTUDOS NO PAIS;12364208004870001;108452;OCCCUO9414N;BF SUPERIOR - PROAP;90;APLICACOES DIRETAS;3;DESPESAS CORRENTES;3;OUTRAS DESPESAS CORRENTES;36;OUTROS SERVICOS DE TERCEIROS - P.FISICA;339036;OUTROS SERVICOS DE TERCEIROS - PESSOA FISICA;00;RECURSOS PRIMARIOS DE LIVRE APLICACAO;;;;;760,159.75;698,068.55;62,091.20;57,498.60
2019;154050;FUNDACAO UNIVERSIDADE FEDERAL DE SERGIPE;12;EDUCACAO;368;EDUCACAO BASICA;2080;EDUCACAO DE QUALIDADE PARA TODOS;20RJ;APOIO A CAPACITACAO E FORMACAO INICIAL E CONTINUADA PARA A E;0004;EDUCACAO BASICA A DISTANCIA - SISTEMA UNIVERSIDADE ABERTA DO BRASIL (UAB);12368208020RJ0001;108456;MCC62G22EDN;UAB - UAB TRADICIONAL;90;APLICACOES DIRETAS;3;DESPESAS CORRENTES;3;OUTRAS DESPESAS CORRENTES;37;LOCACAO DE MAO-DE-OBRA;339037;LOCACAO DE MAO-DE-OBRA;00;RECURSOS PRIMARIOS DE LIVRE APLICACAO;;;;;5,073,057.20;1,649,222.88;2,660,000.00;1,440,000.00
2019;154050;FUNDACAO UNIVERSIDADE FEDERAL DE SERGIPE;12;EDUCACAO;368;EDUCACAO BASICA;2080;EDUCACAO DE QUALIDADE PARA TODOS;20RJ;APOIO A CAPACITACAO E FORMACAO INICIAL E CONTINUADA PARA A E;0004;EDUCACAO BASICA A DISTANCIA - SISTEMA UNIVERSIDADE ABERTA DO BRASIL (UAB);12368208020RJ0001;108456;MCC62G22EDN;UAB - UAB TRADICIONAL;90;APLICACOES DIRETAS;3;DESPESAS CORRENTES;3;OUTRAS DESPESAS CORRENTES;40;SERVICOS DE TECNOLOGIA DA INFORMACAO E COMUNICACAO - PJ;339040;SERVICOS DE TECNOLOGIA DA INFORMACAO E COMUNICACAO - PJ;00;RECURSOS PRIMARIOS DE LIVRE APLICACAO;;;;;1,161,000.00;309,973.68;344,713.80;288,228.64
2019;154050;FUNDACAO UNIVERSIDADE FEDERAL DE SERGIPE;12;EDUCACAO;368;EDUCACAO BASICA;2080;EDUCACAO DE QUALIDADE PARA TODOS;20RJ;APOIO A CAPACITACAO E FORMACAO INICIAL E CONTINUADA PARA A E;0004;EDUCACAO BASICA A DISTANCIA - SISTEMA UNIVERSIDADE ABERTA DO BRASIL (UAB);12368208020RJ0001;108456;QCC62T58HIN;UAB - UAB PROFHISTORIA;90;APLICACOES DIRETAS;3;DESPESAS CORRENTES;3;OUTRAS DESPESAS CORRENTES;14;DIARIAS - PESSOAL CIVIL;339014;DIARIAS - PESSOAL CIVIL;00;RECURSOS PRIMARIOS DE LIVRE APLICACAO;;;;;46,097.68;34,896.90;11,200.78;10,935.28
2019;154050;FUNDACAO UNIVERSIDADE FEDERAL DE SERGIPE;12;EDUCACAO;368;EDUCACAO BASICA;2080;EDUCACAO DE QUALIDADE PARA TODOS;20RJ;APOIO A CAPACITACAO E FORMACAO INICIAL E CONTINUADA PARA A E;0004;EDUCACAO BASICA A DISTANCIA - SISTEMA UNIVERSIDADE ABERTA DO BRASIL (UAB);12368208020RJ0001;108456;QCC62T58HIN;UAB - UAB PROFHISTORIA;90;APLICACOES DIRETAS;3;DESPESAS CORRENTES;3;OUTRAS DESPESAS CORRENTES;18;AUXILIO FINANCEIRO A ESTUDANTES;339018;AUXILIO FINANCEIRO A ESTUDANTES;00;RECURSOS PRIMARIOS DE LIVRE APLICACAO;;;;;13,200.00;3,600.00;9,600.00;9,600.00
2019;154050;FUNDACAO UNIVERSIDADE FEDERAL DE SERGIPE;12;EDUCACAO;368;EDUCACAO BASICA;2080;EDUCACAO DE QUALIDADE PARA TODOS;20RJ;APOIO A CAPACITACAO E FORMACAO INICIAL E CONTINUADA PARA A E;0004;EDUCACAO BASICA A DISTANCIA - SISTEMA UNIVERSIDADE ABERTA DO BRASIL (UAB);12368208020RJ0001;108456;QCC62T58HIN;UAB - UAB PROFHISTORIA;90;APLICACOES DIRETAS;3;DESPESAS CORRENTES;3;OUTRAS DESPESAS CORRENTES;33;PASSAGENS E DESPESAS COM LOCOMOCAO;339033;PASSAGENS E DESPESAS COM LOCOMOCAO;00;RECURSOS PRIMARIOS DE LIVRE APLICACAO;;;;;110,000.00;80,000.00;;
2019;154050;FUNDACAO UNIVERSIDADE FEDERAL DE SERGIPE;12;EDUCACAO;368;EDUCACAO BASICA;2080;EDUCACAO DE QUALIDADE PARA TODOS;20RJ;APOIO A CAPACITACAO E FORMACAO INICIAL E CONTINUADA PARA A E;0004;EDUCACAO BASICA A DISTANCIA - SISTEMA UNIVERSIDADE ABERTA DO BRASIL (UAB);12368208020RJ0001;108456;QCC62T58HIN;UAB - UAB PROFHISTORIA;90;APLICACOES DIRETAS;3;DESPESAS CORRENTES;3;OUTRAS DESPESAS CORRENTES;36;OUTROS SERVICOS DE TERCEIROS - P.FISICA;339036;OUTROS SERVICOS DE TERCEIROS - PESSOA FISICA;00;RECURSOS PRIMARIOS DE LIVRE APLICACAO;;;;;16,000.00;16,000.00;;
2019;154050;FUNDACAO UNIVERSIDADE FEDERAL DE SERGIPE;12;EDUCACAO;368;EDUCACAO BASICA;2080;EDUCACAO DE QUALIDADE PARA TODOS;20RJ;APOIO A CAPACITACAO E FORMACAO INICIAL E CONTINUADA PARA A E;0004;EDUCACAO BASICA A DISTANCIA - SISTEMA UNIVERSIDADE ABERTA DO BRASIL (UAB);12368208020RJ0001;108456;QCC62T58LEN;UAB - UAB PROFLETRAS;90;APLICACOES DIRETAS;3;DESPESAS CORRENTES;3;OUTRAS DESPESAS CORRENTES;14;DIARIAS - PESSOAL CIVIL;339014;DIARIAS - PESSOAL CIVIL;00;RECURSOS PRIMARIOS DE LIVRE APLICACAO;;;;;119,979.19;52,285.73;67,693.46;64,210.38
2019;154050;FUNDACAO UNIVERSIDADE FEDERAL DE SERGIPE;12;EDUCACAO;368;EDUCACAO BASICA;2080;EDUCACAO DE QUALIDADE PARA TODOS;20RJ;APOIO A CAPACITACAO E FORMACAO INICIAL E CONTINUADA PARA A E;0004;EDUCACAO BASICA A DISTANCIA - SISTEMA UNIVERSIDADE ABERTA DO BRASIL (UAB);12368208020RJ0001;108456;QCC62T58LEN;UAB - UAB PROFLETRAS;90;APLICACOES DIRETAS;3;DESPESAS CORRENTES;3;OUTRAS DESPESAS CORRENTES;18;AUXILIO FINANCEIRO A ESTUDANTES;339018;AUXILIO FINANCEIRO A ESTUDANTES;00;RECURSOS PRIMARIOS DE LIVRE APLICACAO;;;;;25,840.00;22,000.00;3,840.00;3,840.00
2019;154050;FUNDACAO UNIVERSIDADE FEDERAL DE SERGIPE;12;EDUCACAO;368;EDUCACAO BASICA;2080;EDUCACAO DE QUALIDADE PARA TODOS;20RJ;APOIO A CAPACITACAO E FORMACAO INICIAL E CONTINUADA PARA A E;0004;EDUCACAO BASICA A DISTANCIA - SISTEMA UNIVERSIDADE ABERTA DO BRASIL (UAB);12368208020RJ0001;108456;QCC62T58LEN;UAB - UAB PROFLETRAS;90;APLICACOES DIRETAS;3;DESPESAS CORRENTES;3;OUTRAS DESPESAS CORRENTES;20;AUXILIO FINANCEIRO A PESQUISADORES;339020;AUXILIO FINANCEIRO A PESQUISADORES;00;RECURSOS PRIMARIOS DE LIVRE APLICACAO;;;;;185,788.80;101,613.00;84,175.80;84,175.80
2019;154050;FUNDACAO UNIVERSIDADE FEDERAL DE SERGIPE;12;EDUCACAO;368;EDUCACAO BASICA;2080;EDUCACAO DE QUALIDADE PARA TODOS;20RJ;APOIO A CAPACITACAO E FORMACAO INICIAL E CONTINUADA PARA A E;0004;EDUCACAO BASICA A DISTANCIA - SISTEMA UNIVERSIDADE ABERTA DO BRASIL (UAB);12368208020RJ0001;108456;QCC62T58LEN;UAB - UAB PROFLETRAS;90;APLICACOES DIRETAS;3;DESPESAS CORRENTES;3;OUTRAS DESPESAS CORRENTES;33;PASSAGENS E DESPESAS COM LOCOMOCAO;339033;PASSAGENS E DESPESAS COM LOCOMOCAO;00;RECURSOS PRIMARIOS DE LIVRE APLICACAO;;;;;225,348.00;102,263.19;59,862.30;59,087.13
2019;154050;FUNDACAO UNIVERSIDADE FEDERAL DE SERGIPE;12;EDUCACAO;368;EDUCACAO BASICA;2080;EDUCACAO DE QUALIDADE PARA TODOS;20RJ;APOIO A CAPACITACAO E FORMACAO INICIAL E CONTINUADA PARA A E;0004;EDUCACAO BASICA A DISTANCIA - SISTEMA UNIVERSIDADE ABERTA DO BRASIL (UAB);12368208020RJ0001;108456;QCC62T58LEN;UAB - UAB PROFLETRAS;90;APLICACOES DIRETAS;3;DESPESAS CORRENTES;3;OUTRAS DESPESAS CORRENTES;36;OUTROS SERVICOS DE TERCEIROS - P.FISICA;339036;OUTROS SERVICOS DE TERCEIROS - PESSOA FISICA;00;RECURSOS PRIMARIOS DE LIVRE APLICACAO;;;;;37,029.00;28,678.00;8,351.00;8,351.00
2019;154050;FUNDACAO UNIVERSIDADE FEDERAL DE SERGIPE;12;EDUCACAO;368;EDUCACAO BASICA;2080;EDUCACAO DE QUALIDADE PARA TODOS;20RJ;APOIO A CAPACITACAO E FORMACAO INICIAL E CONTINUADA PARA A E;0004;EDUCACAO BASICA A DISTANCIA - SISTEMA UNIVERSIDADE ABERTA DO BRASIL (UAB);12368208020RJ0001;108456;QCC62T58MAN;UAB - UAB PROFMAT;90;APLICACOES DIRETAS;3;DESPESAS CORRENTES;3;OUTRAS DESPESAS CORRENTES;14;DIARIAS - PESSOAL CIVIL;339014;DIARIAS - PESSOAL CIVIL;00;RECURSOS PRIMARIOS DE LIVRE APLICACAO;;;;;79,370.50;58,215.74;21,154.76;19,325.92
2019;154050;FUNDACAO UNIVERSIDADE FEDERAL DE SERGIPE;12;EDUCACAO;368;EDUCACAO BASICA;2080;EDUCACAO DE QUALIDADE PARA TODOS;20RJ;APOIO A CAPACITACAO E FORMACAO INICIAL E CONTINUADA PARA A E;0004;EDUCACAO BASICA A DISTANCIA - SISTEMA UNIVERSIDADE ABERTA DO BRASIL (UAB);12368208020RJ0001;108456;QCC62T58MAN;UAB - UAB PROFMAT;90;APLICACOES DIRETAS;3;DESPESAS CORRENTES;3;OUTRAS DESPESAS CORRENTES;33;PASSAGENS E DESPESAS COM LOCOMOCAO;339033;PASSAGENS E DESPESAS COM LOCOMOCAO;00;RECURSOS PRIMARIOS DE LIVRE APLICACAO;;;;;115,995.00;77,180.49;26,872.56;26,872.56
2019;154050;FUNDACAO UNIVERSIDADE FEDERAL DE SERGIPE;12;EDUCACAO;368;EDUCACAO BASICA;2080;EDUCACAO DE QUALIDADE PARA TODOS;20RJ;APOIO A CAPACITACAO E FORMACAO INICIAL E CONTINUADA PARA A E;0004;EDUCACAO BASICA A DISTANCIA - SISTEMA UNIVERSIDADE ABERTA DO BRASIL (UAB);12368208020RJ0001;108456;QCC62T58MAN;UAB - UAB PROFMAT;90;APLICACOES DIRETAS;3;DESPESAS CORRENTES;3;OUTRAS DESPESAS CORRENTES;36;OUTROS SERVICOS DE TERCEIROS - P.FISICA;339036;OUTROS SERVICOS DE TERCEIROS - PESSOA FISICA;00;RECURSOS PRIMARIOS DE LIVRE APLICACAO;;;;;24,000.00;24,000.00;;
2019;154051;UNIVERSIDADE FEDERAL DE VICOSA;12;EDUCACAO;364;ENSINO SUPERIOR;2080;EDUCACAO DE QUALIDADE PARA TODOS;0487;CONCESSAO DE BOLSAS DE ESTUDO NO ENSINO SUPERIOR;0002;CONCESSAO DE BOLSAS DE ESTUDOS NO PAIS;12364208004870001;108452;OCCCUO9414N;BF SUPERIOR - PROAP;90;APLICACOES DIRETAS;3;DESPESAS CORRENTES;3;OUTRAS DESPESAS CORRENTES;14;DIARIAS - PESSOAL CIVIL;339014;DIARIAS - PESSOAL CIVIL;00;RECURSOS PRIMARIOS DE LIVRE APLICACAO;;;;;1,209,168.22;296,737.78;912,430.44;879,744.17
2019;154051;UNIVERSIDADE FEDERAL DE VICOSA;12;EDUCACAO;364;ENSINO SUPERIOR;2080;EDUCACAO DE QUALIDADE PARA TODOS;0487;CONCESSAO DE BOLSAS DE ESTUDO NO ENSINO SUPERIOR;0002;CONCESSAO DE BOLSAS DE ESTUDOS NO PAIS;12364208004870001;108452;OCCCUO9414N;BF SUPERIOR - PROAP;90;APLICACOES DIRETAS;3;DESPESAS CORRENTES;3;OUTRAS DESPESAS CORRENTES;18;AUXILIO FINANCEIRO A ESTUDANTES;339018;AUXILIO FINANCEIRO A ESTUDANTES;00;RECURSOS PRIMARIOS DE LIVRE APLICACAO;;;;;1,253,090.99;143,675.26;1,109,415.73;1,053,141.40
2019;154051;UNIVERSIDADE FEDERAL DE VICOSA;12;EDUCACAO;364;ENSINO SUPERIOR;2080;EDUCACAO DE QUALIDADE PARA TODOS;0487;CONCESSAO DE BOLSAS DE ESTUDO NO ENSINO SUPERIOR;0002;CONCESSAO DE BOLSAS DE ESTUDOS NO PAIS;12364208004870001;108452;OCCCUO9414N;BF SUPERIOR - PROAP;90;APLICACOES DIRETAS;3;DESPESAS CORRENTES;3;OUTRAS DESPESAS CORRENTES;20;AUXILIO FINANCEIRO A PESQUISADORES;339020;AUXILIO FINANCEIRO A PESQUISADORES;00;RECURSOS PRIMARIOS DE LIVRE APLICACAO;;;;;200,172.00;105,053.50;95,118.50;91,892.00
2019;154051;UNIVERSIDADE FEDERAL DE VICOSA;12;EDUCACAO;364;ENSINO SUPERIOR;2080;EDUCACAO DE QUALIDADE PARA TODOS;0487;CONCESSAO DE BOLSAS DE ESTUDO NO ENSINO SUPERIOR;0002;CONCESSAO DE BOLSAS DE ESTUDOS NO PAIS;12364208004870001;108452;OCCCUO9414N;BF SUPERIOR - PROAP;90;APLICACOES DIRETAS;3;DESPESAS CORRENTES;3;OUTRAS DESPESAS CORRENTES;30;MATERIAL DE CONSUMO;339030;MATERIAL DE CONSUMO;00;RECURSOS PRIMARIOS DE LIVRE APLICACAO;;;;;848,957.01;198,270.56;328,320.94;289,948.73
2019;154051;UNIVERSIDADE FEDERAL DE VICOSA;12;EDUCACAO;364;ENSINO SUPERIOR;2080;EDUCACAO DE QUALIDADE PARA TODOS;0487;CONCESSAO DE BOLSAS DE ESTUDO NO ENSINO SUPERIOR;0002;CONCESSAO DE BOLSAS DE ESTUDOS NO PAIS;12364208004870001;108452;OCCCUO9414N;BF SUPERIOR - PROAP;90;APLICACOES DIRETAS;3;DESPESAS CORRENTES;3;OUTRAS DESPESAS CORRENTES;33;PASSAGENS E DESPESAS COM LOCOMOCAO;339033;PASSAGENS E DESPESAS COM LOCOMOCAO;00;RECURSOS PRIMARIOS DE LIVRE APLICACAO;;;;;1,507,104.70;557,008.47;931,707.19;860,606.14
2019;154051;UNIVERSIDADE FEDERAL DE VICOSA;12;EDUCACAO;364;ENSINO SUPERIOR;2080;EDUCACAO DE QUALIDADE PARA TODOS;0487;CONCESSAO DE BOLSAS DE ESTUDO NO ENSINO SUPERIOR;0002;CONCESSAO DE BOLSAS DE ESTUDOS NO PAIS;12364208004870001;108452;OCCCUO9414N;BF SUPERIOR - PROAP;90;APLICACOES DIRETAS;3;DESPESAS CORRENTES;3;OUTRAS DESPESAS CORRENTES;36;OUTROS SERVICOS DE TERCEIROS - P.FISICA;339036;OUTROS SERVICOS DE TERCEIROS - PESSOA FISICA;00;RECURSOS PRIMARIOS DE LIVRE APLICACAO;;;;;197,318.20;115,049.70;82,268.50;80,056.00
2019;154051;UNIVERSIDADE FEDERAL DE VICOSA;12;EDUCACAO;364;ENSINO SUPERIOR;2080;EDUCACAO DE QUALIDADE PARA TODOS;0487;CONCESSAO DE BOLSAS DE ESTUDO NO ENSINO SUPERIOR;0002;CONCESSAO DE BOLSAS DE ESTUDOS NO PAIS;12364208004870001;108452;OCCCUO9414N;BF SUPERIOR - PROAP;90;APLICACOES DIRETAS;3;DESPESAS CORRENTES;3;OUTRAS DESPESAS CORRENTES;39;OUTROS SERVICOS DE TERCEIROS PJ - OP.INT.ORC.;339039;OUTROS SERVICOS DE TERCEIROS - PESSOA JURIDICA;00;RECURSOS PRIMARIOS DE LIVRE APLICACAO;;;;;1,601,888.60;360,250.12;1,148,449.42;1,093,882.44
2019;154051;UNIVERSIDADE FEDERAL DE VICOSA;12;EDUCACAO;364;ENSINO SUPERIOR;2080;EDUCACAO DE QUALIDADE PARA TODOS;0487;CONCESSAO DE BOLSAS DE ESTUDO NO ENSINO SUPERIOR;0002;CONCESSAO DE BOLSAS DE ESTUDOS NO PAIS;12364208004870001;108452;OCCCUO9414N;BF SUPERIOR - PROAP;90;APLICACOES DIRETAS;3;DESPESAS CORRENTES;3;OUTRAS DESPESAS CORRENTES;40;SERVICOS DE TECNOLOGIA DA INFORMACAO E COMUNICACAO - PJ;339040;SERVICOS DE TECNOLOGIA DA INFORMACAO E COMUNICACAO - PJ;00;RECURSOS PRIMARIOS DE LIVRE APLICACAO;;;;;25,955.37;14,831.64;9,887.76;7,415.82
2019;154051;UNIVERSIDADE FEDERAL DE VICOSA;12;EDUCACAO;368;EDUCACAO BASICA;2080;EDUCACAO DE QUALIDADE PARA TODOS;20RJ;APOIO A CAPACITACAO E FORMACAO INICIAL E CONTINUADA PARA A E;0004;EDUCACAO BASICA A DISTANCIA - SISTEMA UNIVERSIDADE ABERTA DO BRASIL (UAB);12368208020RJ0001;108456;MCC62G22EDN;UAB - UAB TRADICIONAL;90;APLICACOES DIRETAS;3;DESPESAS CORRENTES;3;OUTRAS DESPESAS CORRENTES;30;MATERIAL DE CONSUMO;339030;MATERIAL DE CONSUMO;00;RECURSOS PRIMARIOS DE LIVRE APLICACAO;;;;;12,061.62;2,508.59;9,363.73;9,127.33
2019;154051;UNIVERSIDADE FEDERAL DE VICOSA;12;EDUCACAO;368;EDUCACAO BASICA;2080;EDUCACAO DE QUALIDADE PARA TODOS;20RJ;APOIO A CAPACITACAO E FORMACAO INICIAL E CONTINUADA PARA A E;0004;EDUCACAO BASICA A DISTANCIA - SISTEMA UNIVERSIDADE ABERTA DO BRASIL (UAB);12368208020RJ0001;108456;MCC62G22EDN;UAB - UAB TRADICIONAL;90;APLICACOES DIRETAS;4;DESPESAS DE CAPITAL;4;INVESTIMENTOS;52;EQUIPAMENTOS E MATERIAL PERMANENTE;449052;EQUIPAMENTOS E MATERIAL PERMANENTE;00;RECURSOS PRIMARIOS DE LIVRE APLICACAO;;;;;3,600.00;360.00;3,240.00;3,240.00
2019;154051;UNIVERSIDADE FEDERAL DE VICOSA;12;EDUCACAO;368;EDUCACAO BASICA;2080;EDUCACAO DE QUALIDADE PARA TODOS;20RJ;APOIO A CAPACITACAO E FORMACAO INICIAL E CONTINUADA PARA A E;0004;EDUCACAO BASICA A DISTANCIA - SISTEMA UNIVERSIDADE ABERTA DO BRASIL (UAB);12368208020RJ0001;108456;QCC62T58MAN;UAB - UAB PROFMAT;90;APLICACOES DIRETAS;3;DESPESAS CORRENTES;3;OUTRAS DESPESAS CORRENTES;14;DIARIAS - PESSOAL CIVIL;339014;DIARIAS - PESSOAL CIVIL;00;RECURSOS PRIMARIOS DE LIVRE APLICACAO;;;;;12,684.48;6,000.00;6,684.48;6,684.48
2019;154051;UNIVERSIDADE FEDERAL DE VICOSA;12;EDUCACAO;368;EDUCACAO BASICA;2080;EDUCACAO DE QUALIDADE PARA TODOS;20RJ;APOIO A CAPACITACAO E FORMACAO INICIAL E CONTINUADA PARA A E;0004;EDUCACAO BASICA A DISTANCIA - SISTEMA UNIVERSIDADE ABERTA DO BRASIL (UAB);12368208020RJ0001;108456;QCC62T58MAN;UAB - UAB PROFMAT;90;APLICACOES DIRETAS;3;DESPESAS CORRENTES;3;OUTRAS DESPESAS CORRENTES;30;MATERIAL DE CONSUMO;339030;MATERIAL DE CONSUMO;00;RECURSOS PRIMARIOS DE LIVRE APLICACAO;;;;;9,999.60;3,999.84;5,999.76;
2019;154051;UNIVERSIDADE FEDERAL DE VICOSA;12;EDUCACAO;368;EDUCACAO BASICA;2080;EDUCACAO DE QUALIDADE PARA TODOS;20RJ;APOIO A CAPACITACAO E FORMACAO INICIAL E CONTINUADA PARA A E;0004;EDUCACAO BASICA A DISTANCIA - SISTEMA UNIVERSIDADE ABERTA DO BRASIL (UAB);12368208020RJ0001;108456;QCC62T58MAN;UAB - UAB PROFMAT;90;APLICACOES DIRETAS;3;DESPESAS CORRENTES;3;OUTRAS DESPESAS CORRENTES;33;PASSAGENS E DESPESAS COM LOCOMOCAO;339033;PASSAGENS E DESPESAS COM LOCOMOCAO;00;RECURSOS PRIMARIOS DE LIVRE APLICACAO;;;;;14,000.00;6,000.00;8,000.00;8,000.00
2019;154051;UNIVERSIDADE FEDERAL DE VICOSA;12;EDUCACAO;368;EDUCACAO BASICA;2080;EDUCACAO DE QUALIDADE PARA TODOS;20RJ;APOIO A CAPACITACAO E FORMACAO INICIAL E CONTINUADA PARA A E;0004;EDUCACAO BASICA A DISTANCIA - SISTEMA UNIVERSIDADE ABERTA DO BRASIL (UAB);12368208020RJ0001;108456;QCC62T58MAN;UAB - UAB PROFMAT;90;APLICACOES DIRETAS;3;DESPESAS CORRENTES;3;OUTRAS DESPESAS CORRENTES;39;OUTROS SERVICOS DE TERCEIROS PJ - OP.INT.ORC.;339039;OUTROS SERVICOS DE TERCEIROS - PESSOA JURIDICA;00;RECURSOS PRIMARIOS DE LIVRE APLICACAO;;;;;10,000.00;2,000.00;8,000.00;8,000.00
2019;154051;UNIVERSIDADE FEDERAL DE VICOSA;12;EDUCACAO;368;EDUCACAO BASICA;2080;EDUCACAO DE QUALIDADE PARA TODOS;20RJ;APOIO A CAPACITACAO E FORMACAO INICIAL E CONTINUADA PARA A E;0004;EDUCACAO BASICA A DISTANCIA - SISTEMA UNIVERSIDADE ABERTA DO BRASIL (UAB);12368208020RJ0001;108456;QCC62T58QUN;UAB - UAB PROFQUIMICA;90;APLICACOES DIRETAS;3;DESPESAS CORRENTES;3;OUTRAS DESPESAS CORRENTES;14;DIARIAS - PESSOAL CIVIL;339014;DIARIAS - PESSOAL CIVIL;00;RECURSOS PRIMARIOS DE LIVRE APLICACAO;;;;;23,193.00;19,741.50;3,451.50;3,186.00
2019;154051;UNIVERSIDADE FEDERAL DE VICOSA;12;EDUCACAO;368;EDUCACAO BASICA;2080;EDUCACAO DE QUALIDADE PARA TODOS;20RJ;APOIO A CAPACITACAO E FORMACAO INICIAL E CONTINUADA PARA A E;0004;EDUCACAO BASICA A DISTANCIA - SISTEMA UNIVERSIDADE ABERTA DO BRASIL (UAB);12368208020RJ0001;108456;QCC62T58QUN;UAB - UAB PROFQUIMICA;90;APLICACOES DIRETAS;3;DESPESAS CORRENTES;3;OUTRAS DESPESAS CORRENTES;30;MATERIAL DE CONSUMO;339030;MATERIAL DE CONSUMO;00;RECURSOS PRIMARIOS DE LIVRE APLICACAO;;;;;32,644.61;7,995.65;3,929.04;2,970.63
2019;154054;FUNDACAO UNIVERS.FED. DE MATO GROSSO DO SUL;12;EDUCACAO;364;ENSINO SUPERIOR;2080;EDUCACAO DE QUALIDADE PARA TODOS;0487;CONCESSAO DE BOLSAS DE ESTUDO NO ENSINO SUPERIOR;0002;CONCESSAO DE BOLSAS DE ESTUDOS NO PAIS;12364208004870001;108452;OCCCUO9414N;BF SUPERIOR - PROAP;90;APLICACOES DIRETAS;3;DESPESAS CORRENTES;3;OUTRAS DESPESAS CORRENTES;14;DIARIAS - PESSOAL CIVIL;339014;DIARIAS - PESSOAL CIVIL;00;RECURSOS PRIMARIOS DE LIVRE APLICACAO;;;;;1,443,409.26;511,599.39;931,809.87;909,978.84
2019;154054;FUNDACAO UNIVERS.FED. DE MATO GROSSO DO SUL;12;EDUCACAO;364;ENSINO SUPERIOR;2080;EDUCACAO DE QUALIDADE PARA TODOS;0487;CONCESSAO DE BOLSAS DE ESTUDO NO ENSINO SUPERIOR;0002;CONCESSAO DE BOLSAS DE ESTUDOS NO PAIS;12364208004870001;108452;OCCCUO9414N;BF SUPERIOR - PROAP;90;APLICACOES DIRETAS;3;DESPESAS CORRENTES;3;OUTRAS DESPESAS CORRENTES;18;AUXILIO FINANCEIRO A ESTUDANTES;339018;AUXILIO FINANCEIRO A ESTUDANTES;00;RECURSOS PRIMARIOS DE LIVRE APLICACAO;;;;;535,359.45;168,041.79;367,317.66;351,115.68
2019;154054;FUNDACAO UNIVERS.FED. DE MATO GROSSO DO SUL;12;EDUCACAO;364;ENSINO SUPERIOR;2080;EDUCACAO DE QUALIDADE PARA TODOS;0487;CONCESSAO DE BOLSAS DE ESTUDO NO ENSINO SUPERIOR;0002;CONCESSAO DE BOLSAS DE ESTUDOS NO PAIS;12364208004870001;108452;OCCCUO9414N;BF SUPERIOR - PROAP;90;APLICACOES DIRETAS;3;DESPESAS CORRENTES;3;OUTRAS DESPESAS CORRENTES;20;AUXILIO FINANCEIRO A PESQUISADORES;339020;AUXILIO FINANCEIRO A PESQUISADORES;00;RECURSOS PRIMARIOS DE LIVRE APLICACAO;;;;;1,195,527.59;405,563.61;789,963.98;749,851.03
2019;154054;FUNDACAO UNIVERS.FED. DE MATO GROSSO DO SUL;12;EDUCACAO;364;ENSINO SUPERIOR;2080;EDUCACAO DE QUALIDADE PARA TODOS;0487;CONCESSAO DE BOLSAS DE ESTUDO NO ENSINO SUPERIOR;0002;CONCESSAO DE BOLSAS DE ESTUDOS NO PAIS;12364208004870001;108452;OCCCUO9414N;BF SUPERIOR - PROAP;90;APLICACOES DIRETAS;3;DESPESAS CORRENTES;3;OUTRAS DESPESAS CORRENTES;30;MATERIAL DE CONSUMO;339030;MATERIAL DE CONSUMO;00;RECURSOS PRIMARIOS DE LIVRE APLICACAO;;;;;855,672.03;269,868.36;311,717.43;303,168.49
2019;154054;FUNDACAO UNIVERS.FED. DE MATO GROSSO DO SUL;12;EDUCACAO;364;ENSINO SUPERIOR;2080;EDUCACAO DE QUALIDADE PARA TODOS;0487;CONCESSAO DE BOLSAS DE ESTUDO NO ENSINO SUPERIOR;0002;CONCESSAO DE BOLSAS DE ESTUDOS NO PAIS;12364208004870001;108452;OCCCUO9414N;BF SUPERIOR - PROAP;90;APLICACOES DIRETAS;3;DESPESAS CORRENTES;3;OUTRAS DESPESAS CORRENTES;33;PASSAGENS E DESPESAS COM LOCOMOCAO;339033;PASSAGENS E DESPESAS COM LOCOMOCAO;00;RECURSOS PRIMARIOS DE LIVRE APLICACAO;;;;;1,468,197.74;652,682.38;793,286.05;773,778.54
2019;154054;FUNDACAO UNIVERS.FED. DE MATO GROSSO DO SUL;12;EDUCACAO;364;ENSINO SUPERIOR;2080;EDUCACAO DE QUALIDADE PARA TODOS;0487;CONCESSAO DE BOLSAS DE ESTUDO NO ENSINO SUPERIOR;0002;CONCESSAO DE BOLSAS DE ESTUDOS NO PAIS;12364208004870001;108452;OCCCUO9414N;BF SUPERIOR - PROAP;90;APLICACOES DIRETAS;3;DESPESAS CORRENTES;3;OUTRAS DESPESAS CORRENTES;36;OUTROS SERVICOS DE TERCEIROS - P.FISICA;339036;OUTROS SERVICOS DE TERCEIROS - PESSOA FISICA;00;RECURSOS PRIMARIOS DE LIVRE APLICACAO;;;;;330,949.10;145,711.50;185,237.60;175,119.60
2019;154054;FUNDACAO UNIVERS.FED. DE MATO GROSSO DO SUL;12;EDUCACAO;364;ENSINO SUPERIOR;2080;EDUCACAO DE QUALIDADE PARA TODOS;0487;CONCESSAO DE BOLSAS DE ESTUDO NO ENSINO SUPERIOR;0002;CONCESSAO DE BOLSAS DE ESTUDOS NO PAIS;12364208004870001;108452;OCCCUO9414N;BF SUPERIOR - PROAP;90;APLICACOES DIRETAS;3;DESPESAS CORRENTES;3;OUTRAS DESPESAS CORRENTES;39;OUTROS SERVICOS DE TERCEIROS PJ - OP.INT.ORC.;339039;OUTROS SERVICOS DE TERCEIROS - PESSOA JURIDICA;00;RECURSOS PRIMARIOS DE LIVRE APLICACAO;;;;;304,673.73;80,419.95;224,253.78;198,921.67
2019;154054;FUNDACAO UNIVERS.FED. DE MATO GROSSO DO SUL;12;EDUCACAO;368;EDUCACAO BASICA;2080;EDUCACAO DE QUALIDADE PARA TODOS;20RJ;APOIO A CAPACITACAO E FORMACAO INICIAL E CONTINUADA PARA A E;0004;EDUCACAO BASICA A DISTANCIA - SISTEMA UNIVERSIDADE ABERTA DO BRASIL (UAB);12368208020RJ0001;108456;MCC62G22EDN;UAB - UAB TRADICIONAL;90;APLICACOES DIRETAS;3;DESPESAS CORRENTES;3;OUTRAS DESPESAS CORRENTES;14;DIARIAS - PESSOAL CIVIL;339014;DIARIAS - PESSOAL CIVIL;00;RECURSOS PRIMARIOS DE LIVRE APLICACAO;;;;;407,687.36;234,190.59;173,496.77;166,510.70
2019;154054;FUNDACAO UNIVERS.FED. DE MATO GROSSO DO SUL;12;EDUCACAO;368;EDUCACAO BASICA;2080;EDUCACAO DE QUALIDADE PARA TODOS;20RJ;APOIO A CAPACITACAO E FORMACAO INICIAL E CONTINUADA PARA A E;0004;EDUCACAO BASICA A DISTANCIA - SISTEMA UNIVERSIDADE ABERTA DO BRASIL (UAB);12368208020RJ0001;108456;MCC62G22EDN;UAB - UAB TRADICIONAL;90;APLICACOES DIRETAS;3;DESPESAS CORRENTES;3;OUTRAS DESPESAS CORRENTES;30;MATERIAL DE CONSUMO;339030;MATERIAL DE CONSUMO;00;RECURSOS PRIMARIOS DE LIVRE APLICACAO;;;;;31,732.33;7,712.62;;
2019;154054;FUNDACAO UNIVERS.FED. DE MATO GROSSO DO SUL;12;EDUCACAO;368;EDUCACAO BASICA;2080;EDUCACAO DE QUALIDADE PARA TODOS;20RJ;APOIO A CAPACITACAO E FORMACAO INICIAL E CONTINUADA PARA A E;0004;EDUCACAO BASICA A DISTANCIA - SISTEMA UNIVERSIDADE ABERTA DO BRASIL (UAB);12368208020RJ0001;108456;MCC62G22EDN;UAB - UAB TRADICIONAL;90;APLICACOES DIRETAS;3;DESPESAS CORRENTES;3;OUTRAS DESPESAS CORRENTES;33;PASSAGENS E DESPESAS COM LOCOMOCAO;339033;PASSAGENS E DESPESAS COM LOCOMOCAO;00;RECURSOS PRIMARIOS DE LIVRE APLICACAO;;;;;65,448.70;62,020.52;3,428.18;3,428.18
2019;154054;FUNDACAO UNIVERS.FED. DE MATO GROSSO DO SUL;12;EDUCACAO;368;EDUCACAO BASICA;2080;EDUCACAO DE QUALIDADE PARA TODOS;20RJ;APOIO A CAPACITACAO E FORMACAO INICIAL E CONTINUADA PARA A E;0004;EDUCACAO BASICA A DISTANCIA - SISTEMA UNIVERSIDADE ABERTA DO BRASIL (UAB);12368208020RJ0001;108456;MCC62G22EDN;UAB - UAB TRADICIONAL;90;APLICACOES DIRETAS;3;DESPESAS CORRENTES;3;OUTRAS DESPESAS CORRENTES;36;OUTROS SERVICOS DE TERCEIROS - P.FISICA;339036;OUTROS SERVICOS DE TERCEIROS - PESSOA FISICA;00;RECURSOS PRIMARIOS DE LIVRE APLICACAO;;;;;128,982.50;123,672.50;5,310.00;5,044.50
2019;154054;FUNDACAO UNIVERS.FED. DE MATO GROSSO DO SUL;12;EDUCACAO;368;EDUCACAO BASICA;2080;EDUCACAO DE QUALIDADE PARA TODOS;20RJ;APOIO A CAPACITACAO E FORMACAO INICIAL E CONTINUADA PARA A E;0004;EDUCACAO BASICA A DISTANCIA - SISTEMA UNIVERSIDADE ABERTA DO BRASIL (UAB);12368208020RJ0001;108456;MCC62G22EDN;UAB - UAB TRADICIONAL;90;APLICACOES DIRETAS;3;DESPESAS CORRENTES;3;OUTRAS DESPESAS CORRENTES;39;OUTROS SERVICOS DE TERCEIROS PJ - OP.INT.ORC.;339039;OUTROS SERVICOS DE TERCEIROS - PESSOA JURIDICA;00;RECURSOS PRIMARIOS DE LIVRE APLICACAO;;;;;656,117.92;164,029.48;420,748.44;420,748.44
2019;154054;FUNDACAO UNIVERS.FED. DE MATO GROSSO DO SUL;12;EDUCACAO;368;EDUCACAO BASICA;2080;EDUCACAO DE QUALIDADE PARA TODOS;20RJ;APOIO A CAPACITACAO E FORMACAO INICIAL E CONTINUADA PARA A E;0004;EDUCACAO BASICA A DISTANCIA - SISTEMA UNIVERSIDADE ABERTA DO BRASIL (UAB);12368208020RJ0001;108456;QCC62T58LEN;UAB - UAB PROFLETRAS;90;APLICACOES DIRETAS;3;DESPESAS CORRENTES;3;OUTRAS DESPESAS CORRENTES;14;DIARIAS - PESSOAL CIVIL;339014;DIARIAS - PESSOAL CIVIL;00;RECURSOS PRIMARIOS DE LIVRE APLICACAO;;;;;53,718.78;26,568.38;27,150.40;25,093.00
2019;154054;FUNDACAO UNIVERS.FED. DE MATO GROSSO DO SUL;12;EDUCACAO;368;EDUCACAO BASICA;2080;EDUCACAO DE QUALIDADE PARA TODOS;20RJ;APOIO A CAPACITACAO E FORMACAO INICIAL E CONTINUADA PARA A E;0004;EDUCACAO BASICA A DISTANCIA - SISTEMA UNIVERSIDADE ABERTA DO BRASIL (UAB);12368208020RJ0001;108456;QCC62T58LEN;UAB - UAB PROFLETRAS;90;APLICACOES DIRETAS;3;DESPESAS CORRENTES;3;OUTRAS DESPESAS CORRENTES;33;PASSAGENS E DESPESAS COM LOCOMOCAO;339033;PASSAGENS E DESPESAS COM LOCOMOCAO;00;RECURSOS PRIMARIOS DE LIVRE APLICACAO;;;;;34,528.52;17,540.08;16,988.44;16,988.44
2019;154054;FUNDACAO UNIVERS.FED. DE MATO GROSSO DO SUL;12;EDUCACAO;368;EDUCACAO BASICA;2080;EDUCACAO DE QUALIDADE PARA TODOS;20RJ;APOIO A CAPACITACAO E FORMACAO INICIAL E CONTINUADA PARA A E;0004;EDUCACAO BASICA A DISTANCIA - SISTEMA UNIVERSIDADE ABERTA DO BRASIL (UAB);12368208020RJ0001;108456;QCC62T58LEN;UAB - UAB PROFLETRAS;90;APLICACOES DIRETAS;3;DESPESAS CORRENTES;3;OUTRAS DESPESAS CORRENTES;36;OUTROS SERVICOS DE TERCEIROS - P.FISICA;339036;OUTROS SERVICOS DE TERCEIROS - PESSOA FISICA;00;RECURSOS PRIMARIOS DE LIVRE APLICACAO;;;;;7,081.50;4,197.50;2,884.00;2,884.00
2019;154054;FUNDACAO UNIVERS.FED. DE MATO GROSSO DO SUL;12;EDUCACAO;368;EDUCACAO BASICA;2080;EDUCACAO DE QUALIDADE PARA TODOS;20RJ;APOIO A CAPACITACAO E FORMACAO INICIAL E CONTINUADA PARA A E;0004;EDUCACAO BASICA A DISTANCIA - SISTEMA UNIVERSIDADE ABERTA DO BRASIL (UAB);12368208020RJ0001;108456;QCC62T58MAN;UAB - UAB PROFMAT;90;APLICACOES DIRETAS;3;DESPESAS CORRENTES;3;OUTRAS DESPESAS CORRENTES;14;DIARIAS - PESSOAL CIVIL;339014;DIARIAS - PESSOAL CIVIL;00;RECURSOS PRIMARIOS DE LIVRE APLICACAO;;;;;25,504.50;23,498.50;2,006.00;1,504.50
2019;154054;FUNDACAO UNIVERS.FED. DE MATO GROSSO DO SUL;12;EDUCACAO;368;EDUCACAO BASICA;2080;EDUCACAO DE QUALIDADE PARA TODOS;20RJ;APOIO A CAPACITACAO E FORMACAO INICIAL E CONTINUADA PARA A E;0004;EDUCACAO BASICA A DISTANCIA - SISTEMA UNIVERSIDADE ABERTA DO BRASIL (UAB);12368208020RJ0001;108456;QCC62T58MAN;UAB - UAB PROFMAT;90;APLICACOES DIRETAS;3;DESPESAS CORRENTES;3;OUTRAS DESPESAS CORRENTES;33;PASSAGENS E DESPESAS COM LOCOMOCAO;339033;PASSAGENS E DESPESAS COM LOCOMOCAO;00;RECURSOS PRIMARIOS DE LIVRE APLICACAO;;;;;11,460.21;6,282.00;5,178.21;5,178.21
2019;154054;FUNDACAO UNIVERS.FED. DE MATO GROSSO DO SUL;12;EDUCACAO;368;EDUCACAO BASICA;2080;EDUCACAO DE QUALIDADE PARA TODOS;20RJ;APOIO A CAPACITACAO E FORMACAO INICIAL E CONTINUADA PARA A E;0004;EDUCACAO BASICA A DISTANCIA - SISTEMA UNIVERSIDADE ABERTA DO BRASIL (UAB);12368208020RJ0001;108456;QCC62T58QUN;UAB - UAB PROFQUIMICA;90;APLICACOES DIRETAS;3;DESPESAS CORRENTES;3;OUTRAS DESPESAS CORRENTES;14;DIARIAS - PESSOAL CIVIL;339014;DIARIAS - PESSOAL CIVIL;00;RECURSOS PRIMARIOS DE LIVRE APLICACAO;;;;;12,700.80;12,700.80;;
2019;154054;FUNDACAO UNIVERS.FED. DE MATO GROSSO DO SUL;12;EDUCACAO;368;EDUCACAO BASICA;2080;EDUCACAO DE QUALIDADE PARA TODOS;20RJ;APOIO A CAPACITACAO E FORMACAO INICIAL E CONTINUADA PARA A E;0004;EDUCACAO BASICA A DISTANCIA - SISTEMA UNIVERSIDADE ABERTA DO BRASIL (UAB);12368208020RJ0001;108456;QCC62T58QUN;UAB - UAB PROFQUIMICA;90;APLICACOES DIRETAS;3;DESPESAS CORRENTES;3;OUTRAS DESPESAS CORRENTES;36;OUTROS SERVICOS DE TERCEIROS - P.FISICA;339036;OUTROS SERVICOS DE TERCEIROS - PESSOA FISICA;00;RECURSOS PRIMARIOS DE LIVRE APLICACAO;;;;;2,459.20;2,459.20;;
2019;154055;FUNDACAO UNIVERSIDADE FEDERAL DE RONDONIA;12;EDUCACAO;364;ENSINO SUPERIOR;2080;EDUCACAO DE QUALIDADE PARA TODOS;0487;CONCESSAO DE BOLSAS DE ESTUDO NO ENSINO SUPERIOR;0002;CONCESSAO DE BOLSAS DE ESTUDOS NO PAIS;12364208004870001;108452;OCCCUO9414N;BF SUPERIOR - PROAP;90;APLICACOES DIRETAS;3;DESPESAS CORRENTES;3;OUTRAS DESPESAS CORRENTES;14;DIARIAS - PESSOAL CIVIL;339014;DIARIAS - PESSOAL CIVIL;08;FUNDO SOCIAL-PARC.DEST.EDUCACAO PUBL.E SAUDE;;;;;620,601.40;293,325.41;245,370.11;240,231.01
2019;154055;FUNDACAO UNIVERSIDADE FEDERAL DE RONDONIA;12;EDUCACAO;364;ENSINO SUPERIOR;2080;EDUCACAO DE QUALIDADE PARA TODOS;0487;CONCESSAO DE BOLSAS DE ESTUDO NO ENSINO SUPERIOR;0002;CONCESSAO DE BOLSAS DE ESTUDOS NO PAIS;12364208004870001;108452;OCCCUO9414N;BF SUPERIOR - PROAP;90;APLICACOES DIRETAS;3;DESPESAS CORRENTES;3;OUTRAS DESPESAS CORRENTES;18;AUXILIO FINANCEIRO A ESTUDANTES;339018;AUXILIO FINANCEIRO A ESTUDANTES;08;FUNDO SOCIAL-PARC.DEST.EDUCACAO PUBL.E SAUDE;;;;;482,596.08;181,634.02;233,120.00;221,760.00
2019;154055;FUNDACAO UNIVERSIDADE FEDERAL DE RONDONIA;12;EDUCACAO;364;ENSINO SUPERIOR;2080;EDUCACAO DE QUALIDADE PARA TODOS;0487;CONCESSAO DE BOLSAS DE ESTUDO NO ENSINO SUPERIOR;0002;CONCESSAO DE BOLSAS DE ESTUDOS NO PAIS;12364208004870001;108452;OCCCUO9414N;BF SUPERIOR - PROAP;90;APLICACOES DIRETAS;3;DESPESAS CORRENTES;3;OUTRAS DESPESAS CORRENTES;20;AUXILIO FINANCEIRO A PESQUISADORES;339020;AUXILIO FINANCEIRO A PESQUISADORES;08;FUNDO SOCIAL-PARC.DEST.EDUCACAO PUBL.E SAUDE;;;;;108,400.00;72,100.00;19,200.00;18,000.00
2019;154055;FUNDACAO UNIVERSIDADE FEDERAL DE RONDONIA;12;EDUCACAO;364;ENSINO SUPERIOR;2080;EDUCACAO DE QUALIDADE PARA TODOS;0487;CONCESSAO DE BOLSAS DE ESTUDO NO ENSINO SUPERIOR;0002;CONCESSAO DE BOLSAS DE ESTUDOS NO PAIS;12364208004870001;108452;OCCCUO9414N;BF SUPERIOR - PROAP;90;APLICACOES DIRETAS;3;DESPESAS CORRENTES;3;OUTRAS DESPESAS CORRENTES;33;PASSAGENS E DESPESAS COM LOCOMOCAO;339033;PASSAGENS E DESPESAS COM LOCOMOCAO;08;FUNDO SOCIAL-PARC.DEST.EDUCACAO PUBL.E SAUDE;;;;;692,974.94;377,667.28;224,858.41;188,421.04
2019;154055;FUNDACAO UNIVERSIDADE FEDERAL DE RONDONIA;12;EDUCACAO;364;ENSINO SUPERIOR;2080;EDUCACAO DE QUALIDADE PARA TODOS;0487;CONCESSAO DE BOLSAS DE ESTUDO NO ENSINO SUPERIOR;0002;CONCESSAO DE BOLSAS DE ESTUDOS NO PAIS;12364208004870001;108452;OCCCUO9414N;BF SUPERIOR - PROAP;90;APLICACOES DIRETAS;3;DESPESAS CORRENTES;3;OUTRAS DESPESAS CORRENTES;36;OUTROS SERVICOS DE TERCEIROS - P.FISICA;339036;OUTROS SERVICOS DE TERCEIROS - PESSOA FISICA;08;FUNDO SOCIAL-PARC.DEST.EDUCACAO PUBL.E SAUDE;;;;;21,600.00;11,796.70;4,413.20;4,413.20
2019;154055;FUNDACAO UNIVERSIDADE FEDERAL DE RONDONIA;12;EDUCACAO;364;ENSINO SUPERIOR;2080;EDUCACAO DE QUALIDADE PARA TODOS;0487;CONCESSAO DE BOLSAS DE ESTUDO NO ENSINO SUPERIOR;0002;CONCESSAO DE BOLSAS DE ESTUDOS NO PAIS;12364208004870001;108452;OCCCUO9414N;BF SUPERIOR - PROAP;90;APLICACOES DIRETAS;3;DESPESAS CORRENTES;3;OUTRAS DESPESAS CORRENTES;39;OUTROS SERVICOS DE TERCEIROS PJ - OP.INT.ORC.;339039;OUTROS SERVICOS DE TERCEIROS - PESSOA JURIDICA;08;FUNDO SOCIAL-PARC.DEST.EDUCACAO PUBL.E SAUDE;;;;5,000.00;25,000.00;0.00;25,000.00;25,000.00
2019;154055;FUNDACAO UNIVERSIDADE FEDERAL DE RONDONIA;12;EDUCACAO;368;EDUCACAO BASICA;2080;EDUCACAO DE QUALIDADE PARA TODOS;20RJ;APOIO A CAPACITACAO E FORMACAO INICIAL E CONTINUADA PARA A E;0004;EDUCACAO BASICA A DISTANCIA - SISTEMA UNIVERSIDADE ABERTA DO BRASIL (UAB);12368208020RJ0001;108456;QCC62T58MAN;UAB - UAB PROFMAT;90;APLICACOES DIRETAS;3;DESPESAS CORRENTES;3;OUTRAS DESPESAS CORRENTES;14;DIARIAS - PESSOAL CIVIL;339014;DIARIAS - PESSOAL CIVIL;00;RECURSOS PRIMARIOS DE LIVRE APLICACAO;;;;;52,200.00;33,568.56;2,462.88;2,462.88
2019;154055;FUNDACAO UNIVERSIDADE FEDERAL DE RONDONIA;12;EDUCACAO;368;EDUCACAO BASICA;2080;EDUCACAO DE QUALIDADE PARA TODOS;20RJ;APOIO A CAPACITACAO E FORMACAO INICIAL E CONTINUADA PARA A E;0004;EDUCACAO BASICA A DISTANCIA - SISTEMA UNIVERSIDADE ABERTA DO BRASIL (UAB);12368208020RJ0001;108456;QCC62T58MAN;UAB - UAB PROFMAT;90;APLICACOES DIRETAS;3;DESPESAS CORRENTES;3;OUTRAS DESPESAS CORRENTES;33;PASSAGENS E DESPESAS COM LOCOMOCAO;339033;PASSAGENS E DESPESAS COM LOCOMOCAO;00;RECURSOS PRIMARIOS DE LIVRE APLICACAO;;;;;152,999.97;102,000.00;;
2019;154069;FUNDACAO UNIVERSIDADE FEDERAL DE S.J.DEL-REI;12;EDUCACAO;364;ENSINO SUPERIOR;2080;EDUCACAO DE QUALIDADE PARA TODOS;0487;CONCESSAO DE BOLSAS DE ESTUDO NO ENSINO SUPERIOR;0002;CONCESSAO DE BOLSAS DE ESTUDOS NO PAIS;12364208004870001;108452;OCCCUO9414N;BF SUPERIOR - PROAP;90;APLICACOES DIRETAS;3;DESPESAS CORRENTES;3;OUTRAS DESPESAS CORRENTES;18;AUXILIO FINANCEIRO A ESTUDANTES;339018;AUXILIO FINANCEIRO A ESTUDANTES;00;RECURSOS PRIMARIOS DE LIVRE APLICACAO;;;;;203,920.00;5,010.00;198,910.00;181,950.00
2019;154069;FUNDACAO UNIVERSIDADE FEDERAL DE S.J.DEL-REI;12;EDUCACAO;364;ENSINO SUPERIOR;2080;EDUCACAO DE QUALIDADE PARA TODOS;0487;CONCESSAO DE BOLSAS DE ESTUDO NO ENSINO SUPERIOR;0002;CONCESSAO DE BOLSAS DE ESTUDOS NO PAIS;12364208004870001;108452;OCCCUO9414N;BF SUPERIOR - PROAP;90;APLICACOES DIRETAS;3;DESPESAS CORRENTES;3;OUTRAS DESPESAS CORRENTES;20;AUXILIO FINANCEIRO A PESQUISADORES;339020;AUXILIO FINANCEIRO A PESQUISADORES;00;RECURSOS PRIMARIOS DE LIVRE APLICACAO;;;;;197,365.21;800.00;196,565.21;183,991.96
2019;154069;FUNDACAO UNIVERSIDADE FEDERAL DE S.J.DEL-REI;12;EDUCACAO;364;ENSINO SUPERIOR;2080;EDUCACAO DE QUALIDADE PARA TODOS;0487;CONCESSAO DE BOLSAS DE ESTUDO NO ENSINO SUPERIOR;0002;CONCESSAO DE BOLSAS DE ESTUDOS NO PAIS;12364208004870001;108452;OCCCUO9414N;BF SUPERIOR - PROAP;90;APLICACOES DIRETAS;3;DESPESAS CORRENTES;3;OUTRAS DESPESAS CORRENTES;30;MATERIAL DE CONSUMO;339030;MATERIAL DE CONSUMO;00;RECURSOS PRIMARIOS DE LIVRE APLICACAO;;;;;486,404.26;60,389.94;390,431.95;326,150.96
2019;154069;FUNDACAO UNIVERSIDADE FEDERAL DE S.J.DEL-REI;12;EDUCACAO;364;ENSINO SUPERIOR;2080;EDUCACAO DE QUALIDADE PARA TODOS;0487;CONCESSAO DE BOLSAS DE ESTUDO NO ENSINO SUPERIOR;0002;CONCESSAO DE BOLSAS DE ESTUDOS NO PAIS;12364208004870001;108452;OCCCUO9414N;BF SUPERIOR - PROAP;90;APLICACOES DIRETAS;3;DESPESAS CORRENTES;3;OUTRAS DESPESAS CORRENTES;39;OUTROS SERVICOS DE TERCEIROS PJ - OP.INT.ORC.;339039;OUTROS SERVICOS DE TERCEIROS - PESSOA JURIDICA;00;RECURSOS PRIMARIOS DE LIVRE APLICACAO;;;;;854,393.66;269,083.13;87,472.80;87,472.80
2019;154069;FUNDACAO UNIVERSIDADE FEDERAL DE S.J.DEL-REI;12;EDUCACAO;364;ENSINO SUPERIOR;2080;EDUCACAO DE QUALIDADE PARA TODOS;0487;CONCESSAO DE BOLSAS DE ESTUDO NO ENSINO SUPERIOR;0002;CONCESSAO DE BOLSAS DE ESTUDOS NO PAIS;12364208004870001;108452;OCCCUO9414N;BF SUPERIOR - PROAP;90;APLICACOES DIRETAS;3;DESPESAS CORRENTES;3;OUTRAS DESPESAS CORRENTES;93;INDENIZACOES E RESTITUICOES;339093;INDENIZACOES E RESTITUICOES;00;RECURSOS PRIMARIOS DE LIVRE APLICACAO;;;;;51,602.08;2,564.10;49,037.98;46,400.44
2019;154069;FUNDACAO UNIVERSIDADE FEDERAL DE S.J.DEL-REI;12;EDUCACAO;364;ENSINO SUPERIOR;2080;EDUCACAO DE QUALIDADE PARA TODOS;0487;CONCESSAO DE BOLSAS DE ESTUDO NO ENSINO SUPERIOR;0002;CONCESSAO DE BOLSAS DE ESTUDOS NO PAIS;12364208004870001;108452;OCCCUO9414N;BF SUPERIOR - PROAP;91;APLICACOES DIRETAS - OPERACOES INTERNAS;3;DESPESAS CORRENTES;3;OUTRAS DESPESAS CORRENTES;39;OUTROS SERVICOS DE TERCEIROS PJ - OP.INT.ORC.;339139;OUTROS SERVICOS DE TERCEIROS - PESSOA JURIDICA (INTRA);00;RECURSOS PRIMARIOS DE LIVRE APLICACAO;;;;;15,732.00;3,933.00;11,799.00;
2019;154069;FUNDACAO UNIVERSIDADE FEDERAL DE S.J.DEL-REI;12;EDUCACAO;368;EDUCACAO BASICA;2080;EDUCACAO DE QUALIDADE PARA TODOS;20RJ;APOIO A CAPACITACAO E FORMACAO INICIAL E CONTINUADA PARA A E;0004;EDUCACAO BASICA A DISTANCIA - SISTEMA UNIVERSIDADE ABERTA DO BRASIL (UAB);12368208020RJ0001;108456;MCC62G22EDN;UAB - UAB TRADICIONAL;90;APLICACOES DIRETAS;3;DESPESAS CORRENTES;3;OUTRAS DESPESAS CORRENTES;14;DIARIAS - PESSOAL CIVIL;339014;DIARIAS - PESSOAL CIVIL;00;RECURSOS PRIMARIOS DE LIVRE APLICACAO;;;;;13,712.92;7,524.72;6,188.20;4,950.56
2019;154069;FUNDACAO UNIVERSIDADE FEDERAL DE S.J.DEL-REI;12;EDUCACAO;368;EDUCACAO BASICA;2080;EDUCACAO DE QUALIDADE PARA TODOS;20RJ;APOIO A CAPACITACAO E FORMACAO INICIAL E CONTINUADA PARA A E;0004;EDUCACAO BASICA A DISTANCIA - SISTEMA UNIVERSIDADE ABERTA DO BRASIL (UAB);12368208020RJ0001;108456;MCC62G22EDN;UAB - UAB TRADICIONAL;90;APLICACOES DIRETAS;3;DESPESAS CORRENTES;3;OUTRAS DESPESAS CORRENTES;37;LOCACAO DE MAO-DE-OBRA;339037;LOCACAO DE MAO-DE-OBRA;00;RECURSOS PRIMARIOS DE LIVRE APLICACAO;;;;;6,144,066.03;2,835,565.51;2,546,311.31;2,199,231.52
2019;154069;FUNDACAO UNIVERSIDADE FEDERAL DE S.J.DEL-REI;12;EDUCACAO;368;EDUCACAO BASICA;2080;EDUCACAO DE QUALIDADE PARA TODOS;20RJ;APOIO A CAPACITACAO E FORMACAO INICIAL E CONTINUADA PARA A E;0004;EDUCACAO BASICA A DISTANCIA - SISTEMA UNIVERSIDADE ABERTA DO BRASIL (UAB);12368208020RJ0001;108456;MCC62G22EDN;UAB - UAB TRADICIONAL;90;APLICACOES DIRETAS;4;DESPESAS DE CAPITAL;4;INVESTIMENTOS;52;EQUIPAMENTOS E MATERIAL PERMANENTE;449052;EQUIPAMENTOS E MATERIAL PERMANENTE;00;RECURSOS PRIMARIOS DE LIVRE APLICACAO;;;;;103,275.00;41,310.00;;
2019;154069;FUNDACAO UNIVERSIDADE FEDERAL DE S.J.DEL-REI;12;EDUCACAO;368;EDUCACAO BASICA;2080;EDUCACAO DE QUALIDADE PARA TODOS;20RJ;APOIO A CAPACITACAO E FORMACAO INICIAL E CONTINUADA PARA A E;0004;EDUCACAO BASICA A DISTANCIA - SISTEMA UNIVERSIDADE ABERTA DO BRASIL (UAB);12368208020RJ0001;108456;QCC62T58MAN;UAB - UAB PROFMAT;90;APLICACOES DIRETAS;3;DESPESAS CORRENTES;3;OUTRAS DESPESAS CORRENTES;14;DIARIAS - PESSOAL CIVIL;339014;DIARIAS - PESSOAL CIVIL;00;RECURSOS PRIMARIOS DE LIVRE APLICACAO;;;;;24,850.77;3,183.13;21,667.64;17,856.04
2019;154069;FUNDACAO UNIVERSIDADE FEDERAL DE S.J.DEL-REI;12;EDUCACAO;368;EDUCACAO BASICA;2080;EDUCACAO DE QUALIDADE PARA TODOS;20RJ;APOIO A CAPACITACAO E FORMACAO INICIAL E CONTINUADA PARA A E;0004;EDUCACAO BASICA A DISTANCIA - SISTEMA UNIVERSIDADE ABERTA DO BRASIL (UAB);12368208020RJ0001;108456;QCC62T58MAN;UAB - UAB PROFMAT;90;APLICACOES DIRETAS;3;DESPESAS CORRENTES;3;OUTRAS DESPESAS CORRENTES;30;MATERIAL DE CONSUMO;339030;MATERIAL DE CONSUMO;00;RECURSOS PRIMARIOS DE LIVRE APLICACAO;;;;;8,114.44;0.00;8,114.44;6,085.83
2019;154069;FUNDACAO UNIVERSIDADE FEDERAL DE S.J.DEL-REI;12;EDUCACAO;368;EDUCACAO BASICA;2080;EDUCACAO DE QUALIDADE PARA TODOS;20RJ;APOIO A CAPACITACAO E FORMACAO INICIAL E CONTINUADA PARA A E;0004;EDUCACAO BASICA A DISTANCIA - SISTEMA UNIVERSIDADE ABERTA DO BRASIL (UAB);12368208020RJ0001;108456;QCC62T58MAN;UAB - UAB PROFMAT;90;APLICACOES DIRETAS;3;DESPESAS CORRENTES;3;OUTRAS DESPESAS CORRENTES;33;PASSAGENS E DESPESAS COM LOCOMOCAO;339033;PASSAGENS E DESPESAS COM LOCOMOCAO;00;RECURSOS PRIMARIOS DE LIVRE APLICACAO;;;;;5,158.92;2,280.36;2,878.56;2,158.92
2019;154080;UNIVERSIDADE FEDERAL DE RORAIMA;12;EDUCACAO;364;ENSINO SUPERIOR;2080;EDUCACAO DE QUALIDADE PARA TODOS;0487;CONCESSAO DE BOLSAS DE ESTUDO NO ENSINO SUPERIOR;0002;CONCESSAO DE BOLSAS DE ESTUDOS NO PAIS;12364208004870001;108452;OCCCUO9414N;BF SUPERIOR - PROAP;90;APLICACOES DIRETAS;3;DESPESAS CORRENTES;3;OUTRAS DESPESAS CORRENTES;14;DIARIAS - PESSOAL CIVIL;339014;DIARIAS - PESSOAL CIVIL;00;RECURSOS PRIMARIOS DE LIVRE APLICACAO;;;;;328,973.70;144,798.38;184,175.32;175,624.80
2019;154080;UNIVERSIDADE FEDERAL DE RORAIMA;12;EDUCACAO;364;ENSINO SUPERIOR;2080;EDUCACAO DE QUALIDADE PARA TODOS;0487;CONCESSAO DE BOLSAS DE ESTUDO NO ENSINO SUPERIOR;0002;CONCESSAO DE BOLSAS DE ESTUDOS NO PAIS;12364208004870001;108452;OCCCUO9414N;BF SUPERIOR - PROAP;90;APLICACOES DIRETAS;3;DESPESAS CORRENTES;3;OUTRAS DESPESAS CORRENTES;33;PASSAGENS E DESPESAS COM LOCOMOCAO;339033;PASSAGENS E DESPESAS COM LOCOMOCAO;00;RECURSOS PRIMARIOS DE LIVRE APLICACAO;;;;;226,551.08;160,156.61;66,394.47;66,394.47
2019;154080;UNIVERSIDADE FEDERAL DE RORAIMA;12;EDUCACAO;364;ENSINO SUPERIOR;2080;EDUCACAO DE QUALIDADE PARA TODOS;0487;CONCESSAO DE BOLSAS DE ESTUDO NO ENSINO SUPERIOR;0002;CONCESSAO DE BOLSAS DE ESTUDOS NO PAIS;12364208004870001;108452;OCCCUO9414N;BF SUPERIOR - PROAP;90;APLICACOES DIRETAS;3;DESPESAS CORRENTES;3;OUTRAS DESPESAS CORRENTES;36;OUTROS SERVICOS DE TERCEIROS - P.FISICA;339036;OUTROS SERVICOS DE TERCEIROS - PESSOA FISICA;00;RECURSOS PRIMARIOS DE LIVRE APLICACAO;;;;;288,857.20;144,388.10;144,469.10;129,353.80
2019;154080;UNIVERSIDADE FEDERAL DE RORAIMA;12;EDUCACAO;368;EDUCACAO BASICA;2080;EDUCACAO DE QUALIDADE PARA TODOS;20RJ;APOIO A CAPACITACAO E FORMACAO INICIAL E CONTINUADA PARA A E;0004;EDUCACAO BASICA A DISTANCIA - SISTEMA UNIVERSIDADE ABERTA DO BRASIL (UAB);12368208020RJ0001;108456;MCC62G22EDN;UAB - UAB TRADICIONAL;90;APLICACOES DIRETAS;3;DESPESAS CORRENTES;3;OUTRAS DESPESAS CORRENTES;14;DIARIAS - PESSOAL CIVIL;339014;DIARIAS - PESSOAL CIVIL;00;RECURSOS PRIMARIOS DE LIVRE APLICACAO;;;;;48,268.01;0.00;48,268.01;47,337.38
2019;154080;UNIVERSIDADE FEDERAL DE RORAIMA;12;EDUCACAO;368;EDUCACAO BASICA;2080;EDUCACAO DE QUALIDADE PARA TODOS;20RJ;APOIO A CAPACITACAO E FORMACAO INICIAL E CONTINUADA PARA A E;0004;EDUCACAO BASICA A DISTANCIA - SISTEMA UNIVERSIDADE ABERTA DO BRASIL (UAB);12368208020RJ0001;108456;MCC62G22EDN;UAB - UAB TRADICIONAL;90;APLICACOES DIRETAS;3;DESPESAS CORRENTES;3;OUTRAS DESPESAS CORRENTES;33;PASSAGENS E DESPESAS COM LOCOMOCAO;339033;PASSAGENS E DESPESAS COM LOCOMOCAO;00;RECURSOS PRIMARIOS DE LIVRE APLICACAO;;;;;58,051.04;14,512.76;43,538.25;43,538.25
2019;154080;UNIVERSIDADE FEDERAL DE RORAIMA;12;EDUCACAO;368;EDUCACAO BASICA;2080;EDUCACAO DE QUALIDADE PARA TODOS;20RJ;APOIO A CAPACITACAO E FORMACAO INICIAL E CONTINUADA PARA A E;0004;EDUCACAO BASICA A DISTANCIA - SISTEMA UNIVERSIDADE ABERTA DO BRASIL (UAB);12368208020RJ0001;108456;MCC62G22EDN;UAB - UAB TRADICIONAL;90;APLICACOES DIRETAS;3;DESPESAS CORRENTES;3;OUTRAS DESPESAS CORRENTES;36;OUTROS SERVICOS DE TERCEIROS - P.FISICA;339036;OUTROS SERVICOS DE TERCEIROS - PESSOA FISICA;00;RECURSOS PRIMARIOS DE LIVRE APLICACAO;;;;;39,876.00;265.50;39,610.50;39,610.50
2019;154215;FUNDACAO UNIVERSIDADE FEDERAL DO AMAPA;12;EDUCACAO;364;ENSINO SUPERIOR;2080;EDUCACAO DE QUALIDADE PARA TODOS;0487;CONCESSAO DE BOLSAS DE ESTUDO NO ENSINO SUPERIOR;0002;CONCESSAO DE BOLSAS DE ESTUDOS NO PAIS;12364208004870001;108452;OCCCUO9414N;BF SUPERIOR - PROAP;90;APLICACOES DIRETAS;3;DESPESAS CORRENTES;3;OUTRAS DESPESAS CORRENTES;14;DIARIAS - PESSOAL CIVIL;339014;DIARIAS - PESSOAL CIVIL;08;FUNDO SOCIAL-PARC.DEST.EDUCACAO PUBL.E SAUDE;;;;;424,038.81;263,698.53;160,340.28;156,829.19
2019;154215;FUNDACAO UNIVERSIDADE FEDERAL DO AMAPA;12;EDUCACAO;364;ENSINO SUPERIOR;2080;EDUCACAO DE QUALIDADE PARA TODOS;0487;CONCESSAO DE BOLSAS DE ESTUDO NO ENSINO SUPERIOR;0002;CONCESSAO DE BOLSAS DE ESTUDOS NO PAIS;12364208004870001;108452;OCCCUO9414N;BF SUPERIOR - PROAP;90;APLICACOES DIRETAS;3;DESPESAS CORRENTES;3;OUTRAS DESPESAS CORRENTES;18;AUXILIO FINANCEIRO A ESTUDANTES;339018;AUXILIO FINANCEIRO A ESTUDANTES;08;FUNDO SOCIAL-PARC.DEST.EDUCACAO PUBL.E SAUDE;;;;;141,522.00;41,684.50;98,238.50;94,238.50
2019;154215;FUNDACAO UNIVERSIDADE FEDERAL DO AMAPA;12;EDUCACAO;364;ENSINO SUPERIOR;2080;EDUCACAO DE QUALIDADE PARA TODOS;0487;CONCESSAO DE BOLSAS DE ESTUDO NO ENSINO SUPERIOR;0002;CONCESSAO DE BOLSAS DE ESTUDOS NO PAIS;12364208004870001;108452;OCCCUO9414N;BF SUPERIOR - PROAP;90;APLICACOES DIRETAS;3;DESPESAS CORRENTES;3;OUTRAS DESPESAS CORRENTES;20;AUXILIO FINANCEIRO A PESQUISADORES;339020;AUXILIO FINANCEIRO A PESQUISADORES;08;FUNDO SOCIAL-PARC.DEST.EDUCACAO PUBL.E SAUDE;;;;;31,749.60;11,609.81;17,315.11;17,315.11
2019;154215;FUNDACAO UNIVERSIDADE FEDERAL DO AMAPA;12;EDUCACAO;364;ENSINO SUPERIOR;2080;EDUCACAO DE QUALIDADE PARA TODOS;0487;CONCESSAO DE BOLSAS DE ESTUDO NO ENSINO SUPERIOR;0002;CONCESSAO DE BOLSAS DE ESTUDOS NO PAIS;12364208004870001;108452;OCCCUO9414N;BF SUPERIOR - PROAP;90;APLICACOES DIRETAS;3;DESPESAS CORRENTES;3;OUTRAS DESPESAS CORRENTES;30;MATERIAL DE CONSUMO;339030;MATERIAL DE CONSUMO;08;FUNDO SOCIAL-PARC.DEST.EDUCACAO PUBL.E SAUDE;;;;;20,781.54;8,845.18;6,182.36;4,636.77
2019;154215;FUNDACAO UNIVERSIDADE FEDERAL DO AMAPA;12;EDUCACAO;364;ENSINO SUPERIOR;2080;EDUCACAO DE QUALIDADE PARA TODOS;0487;CONCESSAO DE BOLSAS DE ESTUDO NO ENSINO SUPERIOR;0002;CONCESSAO DE BOLSAS DE ESTUDOS NO PAIS;12364208004870001;108452;OCCCUO9414N;BF SUPERIOR - PROAP;90;APLICACOES DIRETAS;3;DESPESAS CORRENTES;3;OUTRAS DESPESAS CORRENTES;33;PASSAGENS E DESPESAS COM LOCOMOCAO;339033;PASSAGENS E DESPESAS COM LOCOMOCAO;08;FUNDO SOCIAL-PARC.DEST.EDUCACAO PUBL.E SAUDE;;;;;197,025.00;87,265.09;109,759.91;98,413.20
2019;154215;FUNDACAO UNIVERSIDADE FEDERAL DO AMAPA;12;EDUCACAO;364;ENSINO SUPERIOR;2080;EDUCACAO DE QUALIDADE PARA TODOS;0487;CONCESSAO DE BOLSAS DE ESTUDO NO ENSINO SUPERIOR;0002;CONCESSAO DE BOLSAS DE ESTUDOS NO PAIS;12364208004870001;108452;OCCCUO9414N;BF SUPERIOR - PROAP;90;APLICACOES DIRETAS;3;DESPESAS CORRENTES;3;OUTRAS DESPESAS CORRENTES;36;OUTROS SERVICOS DE TERCEIROS - P.FISICA;339036;OUTROS SERVICOS DE TERCEIROS - PESSOA FISICA;08;FUNDO SOCIAL-PARC.DEST.EDUCACAO PUBL.E SAUDE;;;;;104,458.74;70,170.04;29,788.70;29,788.70
2019;154215;FUNDACAO UNIVERSIDADE FEDERAL DO AMAPA;12;EDUCACAO;368;EDUCACAO BASICA;2080;EDUCACAO DE QUALIDADE PARA TODOS;20RJ;APOIO A CAPACITACAO E FORMACAO INICIAL E CONTINUADA PARA A E;0004;EDUCACAO BASICA A DISTANCIA - SISTEMA UNIVERSIDADE ABERTA DO BRASIL (UAB);12368208020RJ0001;108456;MCC62G22EDN;UAB - UAB TRADICIONAL;90;APLICACOES DIRETAS;3;DESPESAS CORRENTES;3;OUTRAS DESPESAS CORRENTES;14;DIARIAS - PESSOAL CIVIL;339014;DIARIAS - PESSOAL CIVIL;00;RECURSOS PRIMARIOS DE LIVRE APLICACAO;;;;;264,987.60;134,611.18;130,376.42;118,125.80
2019;154215;FUNDACAO UNIVERSIDADE FEDERAL DO AMAPA;12;EDUCACAO;368;EDUCACAO BASICA;2080;EDUCACAO DE QUALIDADE PARA TODOS;20RJ;APOIO A CAPACITACAO E FORMACAO INICIAL E CONTINUADA PARA A E;0004;EDUCACAO BASICA A DISTANCIA - SISTEMA UNIVERSIDADE ABERTA DO BRASIL (UAB);12368208020RJ0001;108456;MCC62G22EDN;UAB - UAB TRADICIONAL;90;APLICACOES DIRETAS;3;DESPESAS CORRENTES;3;OUTRAS DESPESAS CORRENTES;30;MATERIAL DE CONSUMO;339030;MATERIAL DE CONSUMO;00;RECURSOS PRIMARIOS DE LIVRE APLICACAO;;;;;180,000.00;90,000.00;;
2019;154215;FUNDACAO UNIVERSIDADE FEDERAL DO AMAPA;12;EDUCACAO;368;EDUCACAO BASICA;2080;EDUCACAO DE QUALIDADE PARA TODOS;20RJ;APOIO A CAPACITACAO E FORMACAO INICIAL E CONTINUADA PARA A E;0004;EDUCACAO BASICA A DISTANCIA - SISTEMA UNIVERSIDADE ABERTA DO BRASIL (UAB);12368208020RJ0001;108456;MCC62G22EDN;UAB - UAB TRADICIONAL;90;APLICACOES DIRETAS;3;DESPESAS CORRENTES;3;OUTRAS DESPESAS CORRENTES;33;PASSAGENS E DESPESAS COM LOCOMOCAO;339033;PASSAGENS E DESPESAS COM LOCOMOCAO;00;RECURSOS PRIMARIOS DE LIVRE APLICACAO;;;;;70,954.95;60,000.00;10,954.95;10,954.95
2019;154215;FUNDACAO UNIVERSIDADE FEDERAL DO AMAPA;12;EDUCACAO;368;EDUCACAO BASICA;2080;EDUCACAO DE QUALIDADE PARA TODOS;20RJ;APOIO A CAPACITACAO E FORMACAO INICIAL E CONTINUADA PARA A E;0004;EDUCACAO BASICA A DISTANCIA - SISTEMA UNIVERSIDADE ABERTA DO BRASIL (UAB);12368208020RJ0001;108456;MCC62G22EDN;UAB - UAB TRADICIONAL;90;APLICACOES DIRETAS;3;DESPESAS CORRENTES;3;OUTRAS DESPESAS CORRENTES;36;OUTROS SERVICOS DE TERCEIROS - P.FISICA;339036;OUTROS SERVICOS DE TERCEIROS - PESSOA FISICA;00;RECURSOS PRIMARIOS DE LIVRE APLICACAO;;;;;73,985.80;30,972.40;43,013.40;42,128.40
2019;154215;FUNDACAO UNIVERSIDADE FEDERAL DO AMAPA;12;EDUCACAO;368;EDUCACAO BASICA;2080;EDUCACAO DE QUALIDADE PARA TODOS;20RJ;APOIO A CAPACITACAO E FORMACAO INICIAL E CONTINUADA PARA A E;0004;EDUCACAO BASICA A DISTANCIA - SISTEMA UNIVERSIDADE ABERTA DO BRASIL (UAB);12368208020RJ0001;108456;QCC62T58HIN;UAB - UAB PROFHISTORIA;90;APLICACOES DIRETAS;3;DESPESAS CORRENTES;3;OUTRAS DESPESAS CORRENTES;14;DIARIAS - PESSOAL CIVIL;339014;DIARIAS - PESSOAL CIVIL;00;RECURSOS PRIMARIOS DE LIVRE APLICACAO;;;;;95,246.54;48,250.28;46,996.26;44,981.40
2019;154215;FUNDACAO UNIVERSIDADE FEDERAL DO AMAPA;12;EDUCACAO;368;EDUCACAO BASICA;2080;EDUCACAO DE QUALIDADE PARA TODOS;20RJ;APOIO A CAPACITACAO E FORMACAO INICIAL E CONTINUADA PARA A E;0004;EDUCACAO BASICA A DISTANCIA - SISTEMA UNIVERSIDADE ABERTA DO BRASIL (UAB);12368208020RJ0001;108456;QCC62T58HIN;UAB - UAB PROFHISTORIA;90;APLICACOES DIRETAS;3;DESPESAS CORRENTES;3;OUTRAS DESPESAS CORRENTES;18;AUXILIO FINANCEIRO A ESTUDANTES;339018;AUXILIO FINANCEIRO A ESTUDANTES;00;RECURSOS PRIMARIOS DE LIVRE APLICACAO;;;;;40,000.00;16,504.00;19,116.00;17,700.00
2019;154215;FUNDACAO UNIVERSIDADE FEDERAL DO AMAPA;12;EDUCACAO;368;EDUCACAO BASICA;2080;EDUCACAO DE QUALIDADE PARA TODOS;20RJ;APOIO A CAPACITACAO E FORMACAO INICIAL E CONTINUADA PARA A E;0004;EDUCACAO BASICA A DISTANCIA - SISTEMA UNIVERSIDADE ABERTA DO BRASIL (UAB);12368208020RJ0001;108456;QCC62T58HIN;UAB - UAB PROFHISTORIA;90;APLICACOES DIRETAS;3;DESPESAS CORRENTES;3;OUTRAS DESPESAS CORRENTES;33;PASSAGENS E DESPESAS COM LOCOMOCAO;339033;PASSAGENS E DESPESAS COM LOCOMOCAO;00;RECURSOS PRIMARIOS DE LIVRE APLICACAO;;;;;139,106.67;113,172.38;25,934.29;25,934.29
2019;154358;UTFPR - CAMPUS CURITIBA;12;EDUCACAO;364;ENSINO SUPERIOR;2080;EDUCACAO DE QUALIDADE PARA TODOS;0487;CONCESSAO DE BOLSAS DE ESTUDO NO ENSINO SUPERIOR;0002;CONCESSAO DE BOLSAS DE ESTUDOS NO PAIS;12364208004870001;108452;OCCCUO9414N;BF SUPERIOR - PROAP;90;APLICACOES DIRETAS;3;DESPESAS CORRENTES;3;OUTRAS DESPESAS CORRENTES;14;DIARIAS - PESSOAL CIVIL;339014;DIARIAS - PESSOAL CIVIL;00;RECURSOS PRIMARIOS DE LIVRE APLICACAO;;;;;353,143.63;124,606.36;228,537.27;198,363.48
2019;154358;UTFPR - CAMPUS CURITIBA;12;EDUCACAO;364;ENSINO SUPERIOR;2080;EDUCACAO DE QUALIDADE PARA TODOS;0487;CONCESSAO DE BOLSAS DE ESTUDO NO ENSINO SUPERIOR;0002;CONCESSAO DE BOLSAS DE ESTUDOS NO PAIS;12364208004870001;108452;OCCCUO9414N;BF SUPERIOR - PROAP;90;APLICACOES DIRETAS;3;DESPESAS CORRENTES;3;OUTRAS DESPESAS CORRENTES;18;AUXILIO FINANCEIRO A ESTUDANTES;339018;AUXILIO FINANCEIRO A ESTUDANTES;00;RECURSOS PRIMARIOS DE LIVRE APLICACAO;;;;;1,079,312.36;7,152.39;1,072,159.97;967,861.87
2019;154358;UTFPR - CAMPUS CURITIBA;12;EDUCACAO;364;ENSINO SUPERIOR;2080;EDUCACAO DE QUALIDADE PARA TODOS;0487;CONCESSAO DE BOLSAS DE ESTUDO NO ENSINO SUPERIOR;0002;CONCESSAO DE BOLSAS DE ESTUDOS NO PAIS;12364208004870001;108452;OCCCUO9414N;BF SUPERIOR - PROAP;90;APLICACOES DIRETAS;3;DESPESAS CORRENTES;3;OUTRAS DESPESAS CORRENTES;30;MATERIAL DE CONSUMO;339030;MATERIAL DE CONSUMO;00;RECURSOS PRIMARIOS DE LIVRE APLICACAO;;;;;75,379.40;20,165.90;14,308.83;14,308.83
2019;154358;UTFPR - CAMPUS CURITIBA;12;EDUCACAO;364;ENSINO SUPERIOR;2080;EDUCACAO DE QUALIDADE PARA TODOS;0487;CONCESSAO DE BOLSAS DE ESTUDO NO ENSINO SUPERIOR;0002;CONCESSAO DE BOLSAS DE ESTUDOS NO PAIS;12364208004870001;108452;OCCCUO9414N;BF SUPERIOR - PROAP;90;APLICACOES DIRETAS;3;DESPESAS CORRENTES;3;OUTRAS DESPESAS CORRENTES;33;PASSAGENS E DESPESAS COM LOCOMOCAO;339033;PASSAGENS E DESPESAS COM LOCOMOCAO;00;RECURSOS PRIMARIOS DE LIVRE APLICACAO;;;;;303,563.60;123,803.37;136,414.19;122,203.50
2019;154358;UTFPR - CAMPUS CURITIBA;12;EDUCACAO;364;ENSINO SUPERIOR;2080;EDUCACAO DE QUALIDADE PARA TODOS;0487;CONCESSAO DE BOLSAS DE ESTUDO NO ENSINO SUPERIOR;0002;CONCESSAO DE BOLSAS DE ESTUDOS NO PAIS;12364208004870001;108452;OCCCUO9414N;BF SUPERIOR - PROAP;90;APLICACOES DIRETAS;3;DESPESAS CORRENTES;3;OUTRAS DESPESAS CORRENTES;36;OUTROS SERVICOS DE TERCEIROS - P.FISICA;339036;OUTROS SERVICOS DE TERCEIROS - PESSOA FISICA;00;RECURSOS PRIMARIOS DE LIVRE APLICACAO;;;;;27,622.45;12,382.95;15,239.50;13,661.20
2019;154358;UTFPR - CAMPUS CURITIBA;12;EDUCACAO;364;ENSINO SUPERIOR;2080;EDUCACAO DE QUALIDADE PARA TODOS;0487;CONCESSAO DE BOLSAS DE ESTUDO NO ENSINO SUPERIOR;0002;CONCESSAO DE BOLSAS DE ESTUDOS NO PAIS;12364208004870001;108452;OCCCUO9414N;BF SUPERIOR - PROAP;90;APLICACOES DIRETAS;3;DESPESAS CORRENTES;3;OUTRAS DESPESAS CORRENTES;39;OUTROS SERVICOS DE TERCEIROS PJ - OP.INT.ORC.;339039;OUTROS SERVICOS DE TERCEIROS - PESSOA JURIDICA;00;RECURSOS PRIMARIOS DE LIVRE APLICACAO;;;;;143,965.00;700.00;143,265.00;137,265.00
2019;154358;UTFPR - CAMPUS CURITIBA;12;EDUCACAO;364;ENSINO SUPERIOR;2080;EDUCACAO DE QUALIDADE PARA TODOS;0487;CONCESSAO DE BOLSAS DE ESTUDO NO ENSINO SUPERIOR;0002;CONCESSAO DE BOLSAS DE ESTUDOS NO PAIS;12364208004870001;108452;OCCCUO9414N;BF SUPERIOR - PROAP;90;APLICACOES DIRETAS;3;DESPESAS CORRENTES;3;OUTRAS DESPESAS CORRENTES;93;INDENIZACOES E RESTITUICOES;339093;INDENIZACOES E RESTITUICOES;00;RECURSOS PRIMARIOS DE LIVRE APLICACAO;;;;;607,457.54;23,725.33;577,182.88;517,631.50
2019;154358;UTFPR - CAMPUS CURITIBA;12;EDUCACAO;368;EDUCACAO BASICA;2080;EDUCACAO DE QUALIDADE PARA TODOS;20RJ;APOIO A CAPACITACAO E FORMACAO INICIAL E CONTINUADA PARA A E;0004;EDUCACAO BASICA A DISTANCIA - SISTEMA UNIVERSIDADE ABERTA DO BRASIL (UAB);12368208020RJ0001;108456;QCC62T58MAN;UAB - UAB PROFMAT;90;APLICACOES DIRETAS;3;DESPESAS CORRENTES;3;OUTRAS DESPESAS CORRENTES;14;DIARIAS - PESSOAL CIVIL;339014;DIARIAS - PESSOAL CIVIL;00;RECURSOS PRIMARIOS DE LIVRE APLICACAO;;;;;41,399.34;8,606.50;32,792.84;28,993.56
2019;154358;UTFPR - CAMPUS CURITIBA;12;EDUCACAO;368;EDUCACAO BASICA;2080;EDUCACAO DE QUALIDADE PARA TODOS;20RJ;APOIO A CAPACITACAO E FORMACAO INICIAL E CONTINUADA PARA A E;0004;EDUCACAO BASICA A DISTANCIA - SISTEMA UNIVERSIDADE ABERTA DO BRASIL (UAB);12368208020RJ0001;108456;QCC62T58MAN;UAB - UAB PROFMAT;90;APLICACOES DIRETAS;3;DESPESAS CORRENTES;3;OUTRAS DESPESAS CORRENTES;33;PASSAGENS E DESPESAS COM LOCOMOCAO;339033;PASSAGENS E DESPESAS COM LOCOMOCAO;00;RECURSOS PRIMARIOS DE LIVRE APLICACAO;;;;;40,362.60;25,513.12;14,016.38;12,969.68
2019;154359;FUNDACAO UNIVERSIDADE FEDERAL DO PAMPA;12;EDUCACAO;364;ENSINO SUPERIOR;2080;EDUCACAO DE QUALIDADE PARA TODOS;0487;CONCESSAO DE BOLSAS DE ESTUDO NO ENSINO SUPERIOR;0002;CONCESSAO DE BOLSAS DE ESTUDOS NO PAIS;12364208004870001;108452;OCCCUO9414N;BF SUPERIOR - PROAP;90;APLICACOES DIRETAS;3;DESPESAS CORRENTES;3;OUTRAS DESPESAS CORRENTES;14;DIARIAS - PESSOAL CIVIL;339014;DIARIAS - PESSOAL CIVIL;00;RECURSOS PRIMARIOS DE LIVRE APLICACAO;;;;;579,218.17;273,768.27;305,449.90;289,318.82
2019;154359;FUNDACAO UNIVERSIDADE FEDERAL DO PAMPA;12;EDUCACAO;364;ENSINO SUPERIOR;2080;EDUCACAO DE QUALIDADE PARA TODOS;0487;CONCESSAO DE BOLSAS DE ESTUDO NO ENSINO SUPERIOR;0002;CONCESSAO DE BOLSAS DE ESTUDOS NO PAIS;12364208004870001;108452;OCCCUO9414N;BF SUPERIOR - PROAP;90;APLICACOES DIRETAS;3;DESPESAS CORRENTES;3;OUTRAS DESPESAS CORRENTES;18;AUXILIO FINANCEIRO A ESTUDANTES;339018;AUXILIO FINANCEIRO A ESTUDANTES;00;RECURSOS PRIMARIOS DE LIVRE APLICACAO;;;;;219,904.00;113,825.97;106,078.03;98,833.77
2019;154359;FUNDACAO UNIVERSIDADE FEDERAL DO PAMPA;12;EDUCACAO;364;ENSINO SUPERIOR;2080;EDUCACAO DE QUALIDADE PARA TODOS;0487;CONCESSAO DE BOLSAS DE ESTUDO NO ENSINO SUPERIOR;0002;CONCESSAO DE BOLSAS DE ESTUDOS NO PAIS;12364208004870001;108452;OCCCUO9414N;BF SUPERIOR - PROAP;90;APLICACOES DIRETAS;3;DESPESAS CORRENTES;3;OUTRAS DESPESAS CORRENTES;30;MATERIAL DE CONSUMO;339030;MATERIAL DE CONSUMO;00;RECURSOS PRIMARIOS DE LIVRE APLICACAO;;;;;76,556.26;29,487.97;16,502.70;15,951.90
2019;154359;FUNDACAO UNIVERSIDADE FEDERAL DO PAMPA;12;EDUCACAO;364;ENSINO SUPERIOR;2080;EDUCACAO DE QUALIDADE PARA TODOS;0487;CONCESSAO DE BOLSAS DE ESTUDO NO ENSINO SUPERIOR;0002;CONCESSAO DE BOLSAS DE ESTUDOS NO PAIS;12364208004870001;108452;OCCCUO9414N;BF SUPERIOR - PROAP;90;APLICACOES DIRETAS;3;DESPESAS CORRENTES;3;OUTRAS DESPESAS CORRENTES;33;PASSAGENS E DESPESAS COM LOCOMOCAO;339033;PASSAGENS E DESPESAS COM LOCOMOCAO;00;RECURSOS PRIMARIOS DE LIVRE APLICACAO;;;;;233,518.49;127,521.12;80,491.88;71,774.23
2019;154359;FUNDACAO UNIVERSIDADE FEDERAL DO PAMPA;12;EDUCACAO;364;ENSINO SUPERIOR;2080;EDUCACAO DE QUALIDADE PARA TODOS;0487;CONCESSAO DE BOLSAS DE ESTUDO NO ENSINO SUPERIOR;0002;CONCESSAO DE BOLSAS DE ESTUDOS NO PAIS;12364208004870001;108452;OCCCUO9414N;BF SUPERIOR - PROAP;90;APLICACOES DIRETAS;3;DESPESAS CORRENTES;3;OUTRAS DESPESAS CORRENTES;36;OUTROS SERVICOS DE TERCEIROS - P.FISICA;339036;OUTROS SERVICOS DE TERCEIROS - PESSOA FISICA;00;RECURSOS PRIMARIOS DE LIVRE APLICACAO;;;;;51,685.00;31,474.50;20,210.50;20,210.50
2019;154359;FUNDACAO UNIVERSIDADE FEDERAL DO PAMPA;12;EDUCACAO;364;ENSINO SUPERIOR;2080;EDUCACAO DE QUALIDADE PARA TODOS;0487;CONCESSAO DE BOLSAS DE ESTUDO NO ENSINO SUPERIOR;0002;CONCESSAO DE BOLSAS DE ESTUDOS NO PAIS;12364208004870001;108452;OCCCUO9414N;BF SUPERIOR - PROAP;90;APLICACOES DIRETAS;3;DESPESAS CORRENTES;3;OUTRAS DESPESAS CORRENTES;39;OUTROS SERVICOS DE TERCEIROS PJ - OP.INT.ORC.;339039;OUTROS SERVICOS DE TERCEIROS - PESSOA JURIDICA;00;RECURSOS PRIMARIOS DE LIVRE APLICACAO;;;;;3,003.00;500.50;2,502.50;2,502.50
2019;154359;FUNDACAO UNIVERSIDADE FEDERAL DO PAMPA;12;EDUCACAO;364;ENSINO SUPERIOR;2080;EDUCACAO DE QUALIDADE PARA TODOS;0487;CONCESSAO DE BOLSAS DE ESTUDO NO ENSINO SUPERIOR;0002;CONCESSAO DE BOLSAS DE ESTUDOS NO PAIS;12364208004870001;108452;OCCCUO9414N;BF SUPERIOR - PROAP;90;APLICACOES DIRETAS;3;DESPESAS CORRENTES;3;OUTRAS DESPESAS CORRENTES;93;INDENIZACOES E RESTITUICOES;339093;INDENIZACOES E RESTITUICOES;00;RECURSOS PRIMARIOS DE LIVRE APLICACAO;;;;;95,367.05;78,738.46;16,628.59;16,138.22
2019;154359;FUNDACAO UNIVERSIDADE FEDERAL DO PAMPA;12;EDUCACAO;368;EDUCACAO BASICA;2080;EDUCACAO DE QUALIDADE PARA TODOS;20RJ;APOIO A CAPACITACAO E FORMACAO INICIAL E CONTINUADA PARA A E;0004;EDUCACAO BASICA A DISTANCIA - SISTEMA UNIVERSIDADE ABERTA DO BRASIL (UAB);12368208020RJ0001;108456;MCC62G22EDN;UAB - UAB TRADICIONAL;90;APLICACOES DIRETAS;3;DESPESAS CORRENTES;3;OUTRAS DESPESAS CORRENTES;14;DIARIAS - PESSOAL CIVIL;339014;DIARIAS - PESSOAL CIVIL;00;RECURSOS PRIMARIOS DE LIVRE APLICACAO;;;;;622,551.48;362,207.70;260,343.78;249,400.71
2019;154359;FUNDACAO UNIVERSIDADE FEDERAL DO PAMPA;12;EDUCACAO;368;EDUCACAO BASICA;2080;EDUCACAO DE QUALIDADE PARA TODOS;20RJ;APOIO A CAPACITACAO E FORMACAO INICIAL E CONTINUADA PARA A E;0004;EDUCACAO BASICA A DISTANCIA - SISTEMA UNIVERSIDADE ABERTA DO BRASIL (UAB);12368208020RJ0001;108456;MCC62G22EDN;UAB - UAB TRADICIONAL;90;APLICACOES DIRETAS;3;DESPESAS CORRENTES;3;OUTRAS DESPESAS CORRENTES;30;MATERIAL DE CONSUMO;339030;MATERIAL DE CONSUMO;00;RECURSOS PRIMARIOS DE LIVRE APLICACAO;;;;;397,499.99;170,408.46;18,620.06;18,620.06
2019;154359;FUNDACAO UNIVERSIDADE FEDERAL DO PAMPA;12;EDUCACAO;368;EDUCACAO BASICA;2080;EDUCACAO DE QUALIDADE PARA TODOS;20RJ;APOIO A CAPACITACAO E FORMACAO INICIAL E CONTINUADA PARA A E;0004;EDUCACAO BASICA A DISTANCIA - SISTEMA UNIVERSIDADE ABERTA DO BRASIL (UAB);12368208020RJ0001;108456;MCC62G22EDN;UAB - UAB TRADICIONAL;90;APLICACOES DIRETAS;3;DESPESAS CORRENTES;3;OUTRAS DESPESAS CORRENTES;33;PASSAGENS E DESPESAS COM LOCOMOCAO;339033;PASSAGENS E DESPESAS COM LOCOMOCAO;00;RECURSOS PRIMARIOS DE LIVRE APLICACAO;;;;;150,592.32;60,690.01;54,095.96;51,551.59
2019;154359;FUNDACAO UNIVERSIDADE FEDERAL DO PAMPA;12;EDUCACAO;368;EDUCACAO BASICA;2080;EDUCACAO DE QUALIDADE PARA TODOS;20RJ;APOIO A CAPACITACAO E FORMACAO INICIAL E CONTINUADA PARA A E;0004;EDUCACAO BASICA A DISTANCIA - SISTEMA UNIVERSIDADE ABERTA DO BRASIL (UAB);12368208020RJ0001;108456;MCC62G22EDN;UAB - UAB TRADICIONAL;90;APLICACOES DIRETAS;3;DESPESAS CORRENTES;3;OUTRAS DESPESAS CORRENTES;36;OUTROS SERVICOS DE TERCEIROS - P.FISICA;339036;OUTROS SERVICOS DE TERCEIROS - PESSOA FISICA;00;RECURSOS PRIMARIOS DE LIVRE APLICACAO;;;;;82,381.50;49,105.50;33,276.00;32,656.50
2019;154359;FUNDACAO UNIVERSIDADE FEDERAL DO PAMPA;12;EDUCACAO;368;EDUCACAO BASICA;2080;EDUCACAO DE QUALIDADE PARA TODOS;20RJ;APOIO A CAPACITACAO E FORMACAO INICIAL E CONTINUADA PARA A E;0004;EDUCACAO BASICA A DISTANCIA - SISTEMA UNIVERSIDADE ABERTA DO BRASIL (UAB);12368208020RJ0001;108456;MCC62G22EDN;UAB - UAB TRADICIONAL;90;APLICACOES DIRETAS;3;DESPESAS CORRENTES;3;OUTRAS DESPESAS CORRENTES;37;LOCACAO DE MAO-DE-OBRA;339037;LOCACAO DE MAO-DE-OBRA;00;RECURSOS PRIMARIOS DE LIVRE APLICACAO;;;;;1,911,395.53;774,001.58;847,260.20;751,044.92
2019;154359;FUNDACAO UNIVERSIDADE FEDERAL DO PAMPA;12;EDUCACAO;368;EDUCACAO BASICA;2080;EDUCACAO DE QUALIDADE PARA TODOS;20RJ;APOIO A CAPACITACAO E FORMACAO INICIAL E CONTINUADA PARA A E;0004;EDUCACAO BASICA A DISTANCIA - SISTEMA UNIVERSIDADE ABERTA DO BRASIL (UAB);12368208020RJ0001;108456;MCC62G22EDN;UAB - UAB TRADICIONAL;90;APLICACOES DIRETAS;3;DESPESAS CORRENTES;3;OUTRAS DESPESAS CORRENTES;39;OUTROS SERVICOS DE TERCEIROS PJ - OP.INT.ORC.;339039;OUTROS SERVICOS DE TERCEIROS - PESSOA JURIDICA;00;RECURSOS PRIMARIOS DE LIVRE APLICACAO;;;;;352,752.00;189,773.00;50,710.00;50,710.00
2019;154359;FUNDACAO UNIVERSIDADE FEDERAL DO PAMPA;12;EDUCACAO;368;EDUCACAO BASICA;2080;EDUCACAO DE QUALIDADE PARA TODOS;20RJ;APOIO A CAPACITACAO E FORMACAO INICIAL E CONTINUADA PARA A E;0004;EDUCACAO BASICA A DISTANCIA - SISTEMA UNIVERSIDADE ABERTA DO BRASIL (UAB);12368208020RJ0001;108456;MCC62G22EDN;UAB - UAB TRADICIONAL;90;APLICACOES DIRETAS;3;DESPESAS CORRENTES;3;OUTRAS DESPESAS CORRENTES;40;SERVICOS DE TECNOLOGIA DA INFORMACAO E COMUNICACAO - PJ;339040;SERVICOS DE TECNOLOGIA DA INFORMACAO E COMUNICACAO - PJ;00;RECURSOS PRIMARIOS DE LIVRE APLICACAO;;;;;131,457.60;32,864.40;;
2019;154359;FUNDACAO UNIVERSIDADE FEDERAL DO PAMPA;12;EDUCACAO;368;EDUCACAO BASICA;2080;EDUCACAO DE QUALIDADE PARA TODOS;20RJ;APOIO A CAPACITACAO E FORMACAO INICIAL E CONTINUADA PARA A E;0004;EDUCACAO BASICA A DISTANCIA - SISTEMA UNIVERSIDADE ABERTA DO BRASIL (UAB);12368208020RJ0001;108456;MCC62G22EDN;UAB - UAB TRADICIONAL;90;APLICACOES DIRETAS;3;DESPESAS CORRENTES;3;OUTRAS DESPESAS CORRENTES;93;INDENIZACOES E RESTITUICOES;339093;INDENIZACOES E RESTITUICOES;00;RECURSOS PRIMARIOS DE LIVRE APLICACAO;;;;;37,948.65;35,451.06;2,497.59;2,497.59
2019;154359;FUNDACAO UNIVERSIDADE FEDERAL DO PAMPA;12;EDUCACAO;368;EDUCACAO BASICA;2080;EDUCACAO DE QUALIDADE PARA TODOS;20RJ;APOIO A CAPACITACAO E FORMACAO INICIAL E CONTINUADA PARA A E;0004;EDUCACAO BASICA A DISTANCIA - SISTEMA UNIVERSIDADE ABERTA DO BRASIL (UAB);12368208020RJ0001;108456;QCC62T58MAN;UAB - UAB PROFMAT;90;APLICACOES DIRETAS;3;DESPESAS CORRENTES;3;OUTRAS DESPESAS CORRENTES;14;DIARIAS - PESSOAL CIVIL;339014;DIARIAS - PESSOAL CIVIL;00;RECURSOS PRIMARIOS DE LIVRE APLICACAO;;;;;14,476.58;10,793.42;3,683.16;3,683.16
2019;154359;FUNDACAO UNIVERSIDADE FEDERAL DO PAMPA;12;EDUCACAO;368;EDUCACAO BASICA;2080;EDUCACAO DE QUALIDADE PARA TODOS;20RJ;APOIO A CAPACITACAO E FORMACAO INICIAL E CONTINUADA PARA A E;0004;EDUCACAO BASICA A DISTANCIA - SISTEMA UNIVERSIDADE ABERTA DO BRASIL (UAB);12368208020RJ0001;108456;QCC62T58MAN;UAB - UAB PROFMAT;90;APLICACOES DIRETAS;3;DESPESAS CORRENTES;3;OUTRAS DESPESAS CORRENTES;18;AUXILIO FINANCEIRO A ESTUDANTES;339018;AUXILIO FINANCEIRO A ESTUDANTES;00;RECURSOS PRIMARIOS DE LIVRE APLICACAO;;;;;3,200.00;3,200.00;;
2019;154359;FUNDACAO UNIVERSIDADE FEDERAL DO PAMPA;12;EDUCACAO;368;EDUCACAO BASICA;2080;EDUCACAO DE QUALIDADE PARA TODOS;20RJ;APOIO A CAPACITACAO E FORMACAO INICIAL E CONTINUADA PARA A E;0004;EDUCACAO BASICA A DISTANCIA - SISTEMA UNIVERSIDADE ABERTA DO BRASIL (UAB);12368208020RJ0001;108456;QCC62T58MAN;UAB - UAB PROFMAT;90;APLICACOES DIRETAS;3;DESPESAS CORRENTES;3;OUTRAS DESPESAS CORRENTES;30;MATERIAL DE CONSUMO;339030;MATERIAL DE CONSUMO;00;RECURSOS PRIMARIOS DE LIVRE APLICACAO;;;;;6,739.70;2,321.80;1,390.00;1,390.00
2019;154359;FUNDACAO UNIVERSIDADE FEDERAL DO PAMPA;12;EDUCACAO;368;EDUCACAO BASICA;2080;EDUCACAO DE QUALIDADE PARA TODOS;20RJ;APOIO A CAPACITACAO E FORMACAO INICIAL E CONTINUADA PARA A E;0004;EDUCACAO BASICA A DISTANCIA - SISTEMA UNIVERSIDADE ABERTA DO BRASIL (UAB);12368208020RJ0001;108456;QCC62T58MAN;UAB - UAB PROFMAT;90;APLICACOES DIRETAS;3;DESPESAS CORRENTES;3;OUTRAS DESPESAS CORRENTES;33;PASSAGENS E DESPESAS COM LOCOMOCAO;339033;PASSAGENS E DESPESAS COM LOCOMOCAO;00;RECURSOS PRIMARIOS DE LIVRE APLICACAO;;;;;32,769.75;25,383.75;7,386.00;6,462.75
2019;154419;FUNDACAO UNIVERSIDADE FEDERAL DO TOCANTINS;12;EDUCACAO;364;ENSINO SUPERIOR;2080;EDUCACAO DE QUALIDADE PARA TODOS;0487;CONCESSAO DE BOLSAS DE ESTUDO NO ENSINO SUPERIOR;0002;CONCESSAO DE BOLSAS DE ESTUDOS NO PAIS;12364208004870001;108452;OCCCUO9414N;BF SUPERIOR - PROAP;90;APLICACOES DIRETAS;3;DESPESAS CORRENTES;3;OUTRAS DESPESAS CORRENTES;14;DIARIAS - PESSOAL CIVIL;339014;DIARIAS - PESSOAL CIVIL;08;FUNDO SOCIAL-PARC.DEST.EDUCACAO PUBL.E SAUDE;;;;;1,208,360.96;602,724.35;605,636.61;559,825.50
2019;154419;FUNDACAO UNIVERSIDADE FEDERAL DO TOCANTINS;12;EDUCACAO;364;ENSINO SUPERIOR;2080;EDUCACAO DE QUALIDADE PARA TODOS;0487;CONCESSAO DE BOLSAS DE ESTUDO NO ENSINO SUPERIOR;0002;CONCESSAO DE BOLSAS DE ESTUDOS NO PAIS;12364208004870001;108452;OCCCUO9414N;BF SUPERIOR - PROAP;90;APLICACOES DIRETAS;3;DESPESAS CORRENTES;3;OUTRAS DESPESAS CORRENTES;18;AUXILIO FINANCEIRO A ESTUDANTES;339018;AUXILIO FINANCEIRO A ESTUDANTES;08;FUNDO SOCIAL-PARC.DEST.EDUCACAO PUBL.E SAUDE;;;;;417,851.87;94,870.88;272,016.42;259,191.42
2019;154419;FUNDACAO UNIVERSIDADE FEDERAL DO TOCANTINS;12;EDUCACAO;364;ENSINO SUPERIOR;2080;EDUCACAO DE QUALIDADE PARA TODOS;0487;CONCESSAO DE BOLSAS DE ESTUDO NO ENSINO SUPERIOR;0002;CONCESSAO DE BOLSAS DE ESTUDOS NO PAIS;12364208004870001;108452;OCCCUO9414N;BF SUPERIOR - PROAP;90;APLICACOES DIRETAS;3;DESPESAS CORRENTES;3;OUTRAS DESPESAS CORRENTES;20;AUXILIO FINANCEIRO A PESQUISADORES;339020;AUXILIO FINANCEIRO A PESQUISADORES;08;FUNDO SOCIAL-PARC.DEST.EDUCACAO PUBL.E SAUDE;;;;;206,694.47;103,610.64;95,652.83;87,259.83
2019;154419;FUNDACAO UNIVERSIDADE FEDERAL DO TOCANTINS;12;EDUCACAO;364;ENSINO SUPERIOR;2080;EDUCACAO DE QUALIDADE PARA TODOS;0487;CONCESSAO DE BOLSAS DE ESTUDO NO ENSINO SUPERIOR;0002;CONCESSAO DE BOLSAS DE ESTUDOS NO PAIS;12364208004870001;108452;OCCCUO9414N;BF SUPERIOR - PROAP;90;APLICACOES DIRETAS;3;DESPESAS CORRENTES;3;OUTRAS DESPESAS CORRENTES;30;MATERIAL DE CONSUMO;339030;MATERIAL DE CONSUMO;08;FUNDO SOCIAL-PARC.DEST.EDUCACAO PUBL.E SAUDE;;;;;54,567.18;0.00;;
2019;154419;FUNDACAO UNIVERSIDADE FEDERAL DO TOCANTINS;12;EDUCACAO;364;ENSINO SUPERIOR;2080;EDUCACAO DE QUALIDADE PARA TODOS;0487;CONCESSAO DE BOLSAS DE ESTUDO NO ENSINO SUPERIOR;0002;CONCESSAO DE BOLSAS DE ESTUDOS NO PAIS;12364208004870001;108452;OCCCUO9414N;BF SUPERIOR - PROAP;90;APLICACOES DIRETAS;3;DESPESAS CORRENTES;3;OUTRAS DESPESAS CORRENTES;33;PASSAGENS E DESPESAS COM LOCOMOCAO;339033;PASSAGENS E DESPESAS COM LOCOMOCAO;08;FUNDO SOCIAL-PARC.DEST.EDUCACAO PUBL.E SAUDE;;;;;1,369,257.77;657,768.62;562,846.29;520,161.08
2019;154419;FUNDACAO UNIVERSIDADE FEDERAL DO TOCANTINS;12;EDUCACAO;364;ENSINO SUPERIOR;2080;EDUCACAO DE QUALIDADE PARA TODOS;0487;CONCESSAO DE BOLSAS DE ESTUDO NO ENSINO SUPERIOR;0002;CONCESSAO DE BOLSAS DE ESTUDOS NO PAIS;12364208004870001;108452;OCCCUO9414N;BF SUPERIOR - PROAP;90;APLICACOES DIRETAS;3;DESPESAS CORRENTES;3;OUTRAS DESPESAS CORRENTES;36;OUTROS SERVICOS DE TERCEIROS - P.FISICA;339036;OUTROS SERVICOS DE TERCEIROS - PESSOA FISICA;08;FUNDO SOCIAL-PARC.DEST.EDUCACAO PUBL.E SAUDE;;;;;93,953.80;65,251.00;20,193.00;18,970.50
2019;154419;FUNDACAO UNIVERSIDADE FEDERAL DO TOCANTINS;12;EDUCACAO;364;ENSINO SUPERIOR;2080;EDUCACAO DE QUALIDADE PARA TODOS;0487;CONCESSAO DE BOLSAS DE ESTUDO NO ENSINO SUPERIOR;0002;CONCESSAO DE BOLSAS DE ESTUDOS NO PAIS;12364208004870001;108452;OCCCUO9414N;BF SUPERIOR - PROAP;90;APLICACOES DIRETAS;3;DESPESAS CORRENTES;3;OUTRAS DESPESAS CORRENTES;39;OUTROS SERVICOS DE TERCEIROS PJ - OP.INT.ORC.;339039;OUTROS SERVICOS DE TERCEIROS - PESSOA JURIDICA;08;FUNDO SOCIAL-PARC.DEST.EDUCACAO PUBL.E SAUDE;;;;;5,869.05;0.00;;
2019;154419;FUNDACAO UNIVERSIDADE FEDERAL DO TOCANTINS;12;EDUCACAO;368;EDUCACAO BASICA;2080;EDUCACAO DE QUALIDADE PARA TODOS;20RJ;APOIO A CAPACITACAO E FORMACAO INICIAL E CONTINUADA PARA A E;0003;EDUCACAO BASICA PRESENCIAL;12368208020RJ0001;108455;PCC92B5801N;PARFOR - PARFOR;90;APLICACOES DIRETAS;3;DESPESAS CORRENTES;3;OUTRAS DESPESAS CORRENTES;14;DIARIAS - PESSOAL CIVIL;339014;DIARIAS - PESSOAL CIVIL;00;RECURSOS PRIMARIOS DE LIVRE APLICACAO;;;;;64,645.70;49,668.10;14,977.60;14,977.60
2019;154419;FUNDACAO UNIVERSIDADE FEDERAL DO TOCANTINS;12;EDUCACAO;368;EDUCACAO BASICA;2080;EDUCACAO DE QUALIDADE PARA TODOS;20RJ;APOIO A CAPACITACAO E FORMACAO INICIAL E CONTINUADA PARA A E;0003;EDUCACAO BASICA PRESENCIAL;12368208020RJ0001;108455;PCC92B5801N;PARFOR - PARFOR;90;APLICACOES DIRETAS;3;DESPESAS CORRENTES;3;OUTRAS DESPESAS CORRENTES;30;MATERIAL DE CONSUMO;339030;MATERIAL DE CONSUMO;00;RECURSOS PRIMARIOS DE LIVRE APLICACAO;;;;;62,470.80;0.00;;
2019;154419;FUNDACAO UNIVERSIDADE FEDERAL DO TOCANTINS;12;EDUCACAO;368;EDUCACAO BASICA;2080;EDUCACAO DE QUALIDADE PARA TODOS;20RJ;APOIO A CAPACITACAO E FORMACAO INICIAL E CONTINUADA PARA A E;0003;EDUCACAO BASICA PRESENCIAL;12368208020RJ0001;108455;PCC92B5801N;PARFOR - PARFOR;90;APLICACOES DIRETAS;3;DESPESAS CORRENTES;3;OUTRAS DESPESAS CORRENTES;33;PASSAGENS E DESPESAS COM LOCOMOCAO;339033;PASSAGENS E DESPESAS COM LOCOMOCAO;00;RECURSOS PRIMARIOS DE LIVRE APLICACAO;;;;;79,200.00;43,034.60;11,314.45;11,314.45
2019;154419;FUNDACAO UNIVERSIDADE FEDERAL DO TOCANTINS;12;EDUCACAO;368;EDUCACAO BASICA;2080;EDUCACAO DE QUALIDADE PARA TODOS;20RJ;APOIO A CAPACITACAO E FORMACAO INICIAL E CONTINUADA PARA A E;0003;EDUCACAO BASICA PRESENCIAL;12368208020RJ0001;108455;PCC92B5801N;PARFOR - PARFOR;90;APLICACOES DIRETAS;3;DESPESAS CORRENTES;3;OUTRAS DESPESAS CORRENTES;39;OUTROS SERVICOS DE TERCEIROS PJ - OP.INT.ORC.;339039;OUTROS SERVICOS DE TERCEIROS - PESSOA JURIDICA;00;RECURSOS PRIMARIOS DE LIVRE APLICACAO;;;;;51,000.00;0.00;;
2019;154419;FUNDACAO UNIVERSIDADE FEDERAL DO TOCANTINS;12;EDUCACAO;368;EDUCACAO BASICA;2080;EDUCACAO DE QUALIDADE PARA TODOS;20RJ;APOIO A CAPACITACAO E FORMACAO INICIAL E CONTINUADA PARA A E;0004;EDUCACAO BASICA A DISTANCIA - SISTEMA UNIVERSIDADE ABERTA DO BRASIL (UAB);12368208020RJ0001;108456;MCC62G22EDN;UAB - UAB TRADICIONAL;90;APLICACOES DIRETAS;3;DESPESAS CORRENTES;3;OUTRAS DESPESAS CORRENTES;39;OUTROS SERVICOS DE TERCEIROS PJ - OP.INT.ORC.;339039;OUTROS SERVICOS DE TERCEIROS - PESSOA JURIDICA;00;RECURSOS PRIMARIOS DE LIVRE APLICACAO;;;;;3,680,644.73;1,570,246.32;602,408.75;481,927.00
2019;154419;FUNDACAO UNIVERSIDADE FEDERAL DO TOCANTINS;12;EDUCACAO;368;EDUCACAO BASICA;2080;EDUCACAO DE QUALIDADE PARA TODOS;20RJ;APOIO A CAPACITACAO E FORMACAO INICIAL E CONTINUADA PARA A E;0004;EDUCACAO BASICA A DISTANCIA - SISTEMA UNIVERSIDADE ABERTA DO BRASIL (UAB);12368208020RJ0001;108456;QCC62T58HIN;UAB - UAB PROFHISTORIA;90;APLICACOES DIRETAS;3;DESPESAS CORRENTES;3;OUTRAS DESPESAS CORRENTES;14;DIARIAS - PESSOAL CIVIL;339014;DIARIAS - PESSOAL CIVIL;00;RECURSOS PRIMARIOS DE LIVRE APLICACAO;;;;;71,862.47;20,669.70;51,192.77;45,173.58
2019;154419;FUNDACAO UNIVERSIDADE FEDERAL DO TOCANTINS;12;EDUCACAO;368;EDUCACAO BASICA;2080;EDUCACAO DE QUALIDADE PARA TODOS;20RJ;APOIO A CAPACITACAO E FORMACAO INICIAL E CONTINUADA PARA A E;0004;EDUCACAO BASICA A DISTANCIA - SISTEMA UNIVERSIDADE ABERTA DO BRASIL (UAB);12368208020RJ0001;108456;QCC62T58HIN;UAB - UAB PROFHISTORIA;90;APLICACOES DIRETAS;3;DESPESAS CORRENTES;3;OUTRAS DESPESAS CORRENTES;18;AUXILIO FINANCEIRO A ESTUDANTES;339018;AUXILIO FINANCEIRO A ESTUDANTES;00;RECURSOS PRIMARIOS DE LIVRE APLICACAO;;;;;32,760.56;9,140.39;19,005.00;15,204.00
2019;154419;FUNDACAO UNIVERSIDADE FEDERAL DO TOCANTINS;12;EDUCACAO;368;EDUCACAO BASICA;2080;EDUCACAO DE QUALIDADE PARA TODOS;20RJ;APOIO A CAPACITACAO E FORMACAO INICIAL E CONTINUADA PARA A E;0004;EDUCACAO BASICA A DISTANCIA - SISTEMA UNIVERSIDADE ABERTA DO BRASIL (UAB);12368208020RJ0001;108456;QCC62T58HIN;UAB - UAB PROFHISTORIA;90;APLICACOES DIRETAS;3;DESPESAS CORRENTES;3;OUTRAS DESPESAS CORRENTES;33;PASSAGENS E DESPESAS COM LOCOMOCAO;339033;PASSAGENS E DESPESAS COM LOCOMOCAO;00;RECURSOS PRIMARIOS DE LIVRE APLICACAO;;;;;113,831.27;53,166.57;32,420.69;25,573.75
2019;154419;FUNDACAO UNIVERSIDADE FEDERAL DO TOCANTINS;12;EDUCACAO;368;EDUCACAO BASICA;2080;EDUCACAO DE QUALIDADE PARA TODOS;20RJ;APOIO A CAPACITACAO E FORMACAO INICIAL E CONTINUADA PARA A E;0004;EDUCACAO BASICA A DISTANCIA - SISTEMA UNIVERSIDADE ABERTA DO BRASIL (UAB);12368208020RJ0001;108456;QCC62T58HIN;UAB - UAB PROFHISTORIA;90;APLICACOES DIRETAS;3;DESPESAS CORRENTES;3;OUTRAS DESPESAS CORRENTES;39;OUTROS SERVICOS DE TERCEIROS PJ - OP.INT.ORC.;339039;OUTROS SERVICOS DE TERCEIROS - PESSOA JURIDICA;00;RECURSOS PRIMARIOS DE LIVRE APLICACAO;;;;;16,800.00;4,200.00;;
2019;154419;FUNDACAO UNIVERSIDADE FEDERAL DO TOCANTINS;12;EDUCACAO;368;EDUCACAO BASICA;2080;EDUCACAO DE QUALIDADE PARA TODOS;20RJ;APOIO A CAPACITACAO E FORMACAO INICIAL E CONTINUADA PARA A E;0004;EDUCACAO BASICA A DISTANCIA - SISTEMA UNIVERSIDADE ABERTA DO BRASIL (UAB);12368208020RJ0001;108456;QCC62T58LEN;UAB - UAB PROFLETRAS;90;APLICACOES DIRETAS;3;DESPESAS CORRENTES;3;OUTRAS DESPESAS CORRENTES;14;DIARIAS - PESSOAL CIVIL;339014;DIARIAS - PESSOAL CIVIL;00;RECURSOS PRIMARIOS DE LIVRE APLICACAO;;;;;6,000.00;6,000.00;;
2019;154419;FUNDACAO UNIVERSIDADE FEDERAL DO TOCANTINS;12;EDUCACAO;368;EDUCACAO BASICA;2080;EDUCACAO DE QUALIDADE PARA TODOS;20RJ;APOIO A CAPACITACAO E FORMACAO INICIAL E CONTINUADA PARA A E;0004;EDUCACAO BASICA A DISTANCIA - SISTEMA UNIVERSIDADE ABERTA DO BRASIL (UAB);12368208020RJ0001;108456;QCC62T58LEN;UAB - UAB PROFLETRAS;90;APLICACOES DIRETAS;3;DESPESAS CORRENTES;3;OUTRAS DESPESAS CORRENTES;18;AUXILIO FINANCEIRO A ESTUDANTES;339018;AUXILIO FINANCEIRO A ESTUDANTES;00;RECURSOS PRIMARIOS DE LIVRE APLICACAO;;;;;46,000.00;28,000.00;;
2019;154419;FUNDACAO UNIVERSIDADE FEDERAL DO TOCANTINS;12;EDUCACAO;368;EDUCACAO BASICA;2080;EDUCACAO DE QUALIDADE PARA TODOS;20RJ;APOIO A CAPACITACAO E FORMACAO INICIAL E CONTINUADA PARA A E;0004;EDUCACAO BASICA A DISTANCIA - SISTEMA UNIVERSIDADE ABERTA DO BRASIL (UAB);12368208020RJ0001;108456;QCC62T58LEN;UAB - UAB PROFLETRAS;90;APLICACOES DIRETAS;3;DESPESAS CORRENTES;3;OUTRAS DESPESAS CORRENTES;30;MATERIAL DE CONSUMO;339030;MATERIAL DE CONSUMO;00;RECURSOS PRIMARIOS DE LIVRE APLICACAO;;;;;3,403.22;476.00;;
2019;154419;FUNDACAO UNIVERSIDADE FEDERAL DO TOCANTINS;12;EDUCACAO;368;EDUCACAO BASICA;2080;EDUCACAO DE QUALIDADE PARA TODOS;20RJ;APOIO A CAPACITACAO E FORMACAO INICIAL E CONTINUADA PARA A E;0004;EDUCACAO BASICA A DISTANCIA - SISTEMA UNIVERSIDADE ABERTA DO BRASIL (UAB);12368208020RJ0001;108456;QCC62T58LEN;UAB - UAB PROFLETRAS;90;APLICACOES DIRETAS;3;DESPESAS CORRENTES;3;OUTRAS DESPESAS CORRENTES;33;PASSAGENS E DESPESAS COM LOCOMOCAO;339033;PASSAGENS E DESPESAS COM LOCOMOCAO;00;RECURSOS PRIMARIOS DE LIVRE APLICACAO;;;;;84,000.00;0.00;;
2019;154419;FUNDACAO UNIVERSIDADE FEDERAL DO TOCANTINS;12;EDUCACAO;368;EDUCACAO BASICA;2080;EDUCACAO DE QUALIDADE PARA TODOS;20RJ;APOIO A CAPACITACAO E FORMACAO INICIAL E CONTINUADA PARA A E;0004;EDUCACAO BASICA A DISTANCIA - SISTEMA UNIVERSIDADE ABERTA DO BRASIL (UAB);12368208020RJ0001;108456;QCC62T58LEN;UAB - UAB PROFLETRAS;90;APLICACOES DIRETAS;3;DESPESAS CORRENTES;3;OUTRAS DESPESAS CORRENTES;39;OUTROS SERVICOS DE TERCEIROS PJ - OP.INT.ORC.;339039;OUTROS SERVICOS DE TERCEIROS - PESSOA JURIDICA;00;RECURSOS PRIMARIOS DE LIVRE APLICACAO;;;;;2,000.00;500.00;;
2019;154419;FUNDACAO UNIVERSIDADE FEDERAL DO TOCANTINS;12;EDUCACAO;368;EDUCACAO BASICA;2080;EDUCACAO DE QUALIDADE PARA TODOS;20RJ;APOIO A CAPACITACAO E FORMACAO INICIAL E CONTINUADA PARA A E;0004;EDUCACAO BASICA A DISTANCIA - SISTEMA UNIVERSIDADE ABERTA DO BRASIL (UAB);12368208020RJ0001;108456;QCC62T58MAN;UAB - UAB PROFMAT;90;APLICACOES DIRETAS;3;DESPESAS CORRENTES;3;OUTRAS DESPESAS CORRENTES;14;DIARIAS - PESSOAL CIVIL;339014;DIARIAS - PESSOAL CIVIL;00;RECURSOS PRIMARIOS DE LIVRE APLICACAO;;;;;183,099.78;172,755.54;10,344.24;9,943.38
2019;154419;FUNDACAO UNIVERSIDADE FEDERAL DO TOCANTINS;12;EDUCACAO;368;EDUCACAO BASICA;2080;EDUCACAO DE QUALIDADE PARA TODOS;20RJ;APOIO A CAPACITACAO E FORMACAO INICIAL E CONTINUADA PARA A E;0004;EDUCACAO BASICA A DISTANCIA - SISTEMA UNIVERSIDADE ABERTA DO BRASIL (UAB);12368208020RJ0001;108456;QCC62T58MAN;UAB - UAB PROFMAT;90;APLICACOES DIRETAS;3;DESPESAS CORRENTES;3;OUTRAS DESPESAS CORRENTES;18;AUXILIO FINANCEIRO A ESTUDANTES;339018;AUXILIO FINANCEIRO A ESTUDANTES;00;RECURSOS PRIMARIOS DE LIVRE APLICACAO;;;;;20,000.00;12,500.00;4,500.00;4,000.00
2019;154419;FUNDACAO UNIVERSIDADE FEDERAL DO TOCANTINS;12;EDUCACAO;368;EDUCACAO BASICA;2080;EDUCACAO DE QUALIDADE PARA TODOS;20RJ;APOIO A CAPACITACAO E FORMACAO INICIAL E CONTINUADA PARA A E;0004;EDUCACAO BASICA A DISTANCIA - SISTEMA UNIVERSIDADE ABERTA DO BRASIL (UAB);12368208020RJ0001;108456;QCC62T58MAN;UAB - UAB PROFMAT;90;APLICACOES DIRETAS;3;DESPESAS CORRENTES;3;OUTRAS DESPESAS CORRENTES;30;MATERIAL DE CONSUMO;339030;MATERIAL DE CONSUMO;00;RECURSOS PRIMARIOS DE LIVRE APLICACAO;;;;;12,804.00;3,201.00;;
2019;154419;FUNDACAO UNIVERSIDADE FEDERAL DO TOCANTINS;12;EDUCACAO;368;EDUCACAO BASICA;2080;EDUCACAO DE QUALIDADE PARA TODOS;20RJ;APOIO A CAPACITACAO E FORMACAO INICIAL E CONTINUADA PARA A E;0004;EDUCACAO BASICA A DISTANCIA - SISTEMA UNIVERSIDADE ABERTA DO BRASIL (UAB);12368208020RJ0001;108456;QCC62T58MAN;UAB - UAB PROFMAT;90;APLICACOES DIRETAS;3;DESPESAS CORRENTES;3;OUTRAS DESPESAS CORRENTES;33;PASSAGENS E DESPESAS COM LOCOMOCAO;339033;PASSAGENS E DESPESAS COM LOCOMOCAO;00;RECURSOS PRIMARIOS DE LIVRE APLICACAO;;;;;249,570.00;146,629.04;13,181.17;13,181.17
2019;154419;FUNDACAO UNIVERSIDADE FEDERAL DO TOCANTINS;12;EDUCACAO;368;EDUCACAO BASICA;2080;EDUCACAO DE QUALIDADE PARA TODOS;20RJ;APOIO A CAPACITACAO E FORMACAO INICIAL E CONTINUADA PARA A E;0004;EDUCACAO BASICA A DISTANCIA - SISTEMA UNIVERSIDADE ABERTA DO BRASIL (UAB);12368208020RJ0001;108456;QCC62T58MAN;UAB - UAB PROFMAT;90;APLICACOES DIRETAS;3;DESPESAS CORRENTES;3;OUTRAS DESPESAS CORRENTES;39;OUTROS SERVICOS DE TERCEIROS PJ - OP.INT.ORC.;339039;OUTROS SERVICOS DE TERCEIROS - PESSOA JURIDICA;00;RECURSOS PRIMARIOS DE LIVRE APLICACAO;;;;;1,540.00;385.00;;
2019;154421;FUND. UNIVERSIDADE FEDERAL VALE SAO FRANCISCO;12;EDUCACAO;364;ENSINO SUPERIOR;2080;EDUCACAO DE QUALIDADE PARA TODOS;0487;CONCESSAO DE BOLSAS DE ESTUDO NO ENSINO SUPERIOR;0002;CONCESSAO DE BOLSAS DE ESTUDOS NO PAIS;12364208004870001;108452;OCCCUO9414N;BF SUPERIOR - PROAP;90;APLICACOES DIRETAS;3;DESPESAS CORRENTES;3;OUTRAS DESPESAS CORRENTES;14;DIARIAS - PESSOAL CIVIL;339014;DIARIAS - PESSOAL CIVIL;08;FUNDO SOCIAL-PARC.DEST.EDUCACAO PUBL.E SAUDE;;;;;367,945.43;125,970.97;241,974.46;214,310.84
2019;154421;FUND. UNIVERSIDADE FEDERAL VALE SAO FRANCISCO;12;EDUCACAO;364;ENSINO SUPERIOR;2080;EDUCACAO DE QUALIDADE PARA TODOS;0487;CONCESSAO DE BOLSAS DE ESTUDO NO ENSINO SUPERIOR;0002;CONCESSAO DE BOLSAS DE ESTUDOS NO PAIS;12364208004870001;108452;OCCCUO9414N;BF SUPERIOR - PROAP;90;APLICACOES DIRETAS;3;DESPESAS CORRENTES;3;OUTRAS DESPESAS CORRENTES;33;PASSAGENS E DESPESAS COM LOCOMOCAO;339033;PASSAGENS E DESPESAS COM LOCOMOCAO;08;FUNDO SOCIAL-PARC.DEST.EDUCACAO PUBL.E SAUDE;;;;;656,463.52;290,235.71;298,843.52;283,823.17
2019;154421;FUND. UNIVERSIDADE FEDERAL VALE SAO FRANCISCO;12;EDUCACAO;364;ENSINO SUPERIOR;2080;EDUCACAO DE QUALIDADE PARA TODOS;0487;CONCESSAO DE BOLSAS DE ESTUDO NO ENSINO SUPERIOR;0002;CONCESSAO DE BOLSAS DE ESTUDOS NO PAIS;12364208004870001;108452;OCCCUO9414N;BF SUPERIOR - PROAP;90;APLICACOES DIRETAS;3;DESPESAS CORRENTES;3;OUTRAS DESPESAS CORRENTES;36;OUTROS SERVICOS DE TERCEIROS - P.FISICA;339036;OUTROS SERVICOS DE TERCEIROS - PESSOA FISICA;08;FUNDO SOCIAL-PARC.DEST.EDUCACAO PUBL.E SAUDE;;;;;29,781.35;16,851.35;12,930.00;11,678.00
2019;154421;FUND. UNIVERSIDADE FEDERAL VALE SAO FRANCISCO;12;EDUCACAO;364;ENSINO SUPERIOR;2080;EDUCACAO DE QUALIDADE PARA TODOS;0487;CONCESSAO DE BOLSAS DE ESTUDO NO ENSINO SUPERIOR;0002;CONCESSAO DE BOLSAS DE ESTUDOS NO PAIS;12364208004870001;108452;OCCCUO9414N;BF SUPERIOR - PROAP;90;APLICACOES DIRETAS;3;DESPESAS CORRENTES;3;OUTRAS DESPESAS CORRENTES;93;INDENIZACOES E RESTITUICOES;339093;INDENIZACOES E RESTITUICOES;08;FUNDO SOCIAL-PARC.DEST.EDUCACAO PUBL.E SAUDE;;;;;169,847.77;926.00;168,921.77;153,436.87
2019;154421;FUND. UNIVERSIDADE FEDERAL VALE SAO FRANCISCO;12;EDUCACAO;368;EDUCACAO BASICA;2080;EDUCACAO DE QUALIDADE PARA TODOS;20RJ;APOIO A CAPACITACAO E FORMACAO INICIAL E CONTINUADA PARA A E;0004;EDUCACAO BASICA A DISTANCIA - SISTEMA UNIVERSIDADE ABERTA DO BRASIL (UAB);12368208020RJ0001;108456;MCC62G22EDN;UAB - UAB TRADICIONAL;90;APLICACOES DIRETAS;3;DESPESAS CORRENTES;3;OUTRAS DESPESAS CORRENTES;14;DIARIAS - PESSOAL CIVIL;339014;DIARIAS - PESSOAL CIVIL;00;RECURSOS PRIMARIOS DE LIVRE APLICACAO;;;;;21,878.40;15,386.64;6,491.76;6,491.76
2019;154421;FUND. UNIVERSIDADE FEDERAL VALE SAO FRANCISCO;12;EDUCACAO;368;EDUCACAO BASICA;2080;EDUCACAO DE QUALIDADE PARA TODOS;20RJ;APOIO A CAPACITACAO E FORMACAO INICIAL E CONTINUADA PARA A E;0004;EDUCACAO BASICA A DISTANCIA - SISTEMA UNIVERSIDADE ABERTA DO BRASIL (UAB);12368208020RJ0001;108456;MCC62G22EDN;UAB - UAB TRADICIONAL;90;APLICACOES DIRETAS;3;DESPESAS CORRENTES;3;OUTRAS DESPESAS CORRENTES;33;PASSAGENS E DESPESAS COM LOCOMOCAO;339033;PASSAGENS E DESPESAS COM LOCOMOCAO;00;RECURSOS PRIMARIOS DE LIVRE APLICACAO;;;;;8,000.00;8,000.00;;
2019;154421;FUND. UNIVERSIDADE FEDERAL VALE SAO FRANCISCO;12;EDUCACAO;368;EDUCACAO BASICA;2080;EDUCACAO DE QUALIDADE PARA TODOS;20RJ;APOIO A CAPACITACAO E FORMACAO INICIAL E CONTINUADA PARA A E;0004;EDUCACAO BASICA A DISTANCIA - SISTEMA UNIVERSIDADE ABERTA DO BRASIL (UAB);12368208020RJ0001;108456;MCC62G22EDN;UAB - UAB TRADICIONAL;90;APLICACOES DIRETAS;3;DESPESAS CORRENTES;3;OUTRAS DESPESAS CORRENTES;39;OUTROS SERVICOS DE TERCEIROS PJ - OP.INT.ORC.;339039;OUTROS SERVICOS DE TERCEIROS - PESSOA JURIDICA;00;RECURSOS PRIMARIOS DE LIVRE APLICACAO;;;;;3,334,605.19;1,425,447.38;1,418,802.83;1,301,426.45
2019;154421;FUND. UNIVERSIDADE FEDERAL VALE SAO FRANCISCO;12;EDUCACAO;368;EDUCACAO BASICA;2080;EDUCACAO DE QUALIDADE PARA TODOS;20RJ;APOIO A CAPACITACAO E FORMACAO INICIAL E CONTINUADA PARA A E;0004;EDUCACAO BASICA A DISTANCIA - SISTEMA UNIVERSIDADE ABERTA DO BRASIL (UAB);12368208020RJ0001;108456;QCC62T58MAN;UAB - UAB PROFMAT;90;APLICACOES DIRETAS;3;DESPESAS CORRENTES;3;OUTRAS DESPESAS CORRENTES;14;DIARIAS - PESSOAL CIVIL;339014;DIARIAS - PESSOAL CIVIL;00;RECURSOS PRIMARIOS DE LIVRE APLICACAO;;;;;56,930.19;29,301.26;27,628.93;23,907.01
2019;154421;FUND. UNIVERSIDADE FEDERAL VALE SAO FRANCISCO;12;EDUCACAO;368;EDUCACAO BASICA;2080;EDUCACAO DE QUALIDADE PARA TODOS;20RJ;APOIO A CAPACITACAO E FORMACAO INICIAL E CONTINUADA PARA A E;0004;EDUCACAO BASICA A DISTANCIA - SISTEMA UNIVERSIDADE ABERTA DO BRASIL (UAB);12368208020RJ0001;108456;QCC62T58MAN;UAB - UAB PROFMAT;90;APLICACOES DIRETAS;3;DESPESAS CORRENTES;3;OUTRAS DESPESAS CORRENTES;33;PASSAGENS E DESPESAS COM LOCOMOCAO;339033;PASSAGENS E DESPESAS COM LOCOMOCAO;00;RECURSOS PRIMARIOS DE LIVRE APLICACAO;;;;;127,400.00;46,109.28;19,402.88;19,402.88
2019;154502;FUNDACAO UNIVERSIDADE FED. DA GRANDE DOURADOS;12;EDUCACAO;364;ENSINO SUPERIOR;2080;EDUCACAO DE QUALIDADE PARA TODOS;0487;CONCESSAO DE BOLSAS DE ESTUDO NO ENSINO SUPERIOR;0002;CONCESSAO DE BOLSAS DE ESTUDOS NO PAIS;12364208004870001;108452;OCCCUO9414N;BF SUPERIOR - PROAP;90;APLICACOES DIRETAS;3;DESPESAS CORRENTES;3;OUTRAS DESPESAS CORRENTES;14;DIARIAS - PESSOAL CIVIL;339014;DIARIAS - PESSOAL CIVIL;00;RECURSOS PRIMARIOS DE LIVRE APLICACAO;;;;;1,378,611.85;435,463.18;943,148.67;875,225.99
2019;154502;FUNDACAO UNIVERSIDADE FED. DA GRANDE DOURADOS;12;EDUCACAO;364;ENSINO SUPERIOR;2080;EDUCACAO DE QUALIDADE PARA TODOS;0487;CONCESSAO DE BOLSAS DE ESTUDO NO ENSINO SUPERIOR;0002;CONCESSAO DE BOLSAS DE ESTUDOS NO PAIS;12364208004870001;108452;OCCCUO9414N;BF SUPERIOR - PROAP;90;APLICACOES DIRETAS;3;DESPESAS CORRENTES;3;OUTRAS DESPESAS CORRENTES;18;AUXILIO FINANCEIRO A ESTUDANTES;339018;AUXILIO FINANCEIRO A ESTUDANTES;00;RECURSOS PRIMARIOS DE LIVRE APLICACAO;;;;;1,088,073.95;544,303.23;498,432.89;334,887.54
2019;154502;FUNDACAO UNIVERSIDADE FED. DA GRANDE DOURADOS;12;EDUCACAO;364;ENSINO SUPERIOR;2080;EDUCACAO DE QUALIDADE PARA TODOS;0487;CONCESSAO DE BOLSAS DE ESTUDO NO ENSINO SUPERIOR;0002;CONCESSAO DE BOLSAS DE ESTUDOS NO PAIS;12364208004870001;108452;OCCCUO9414N;BF SUPERIOR - PROAP;90;APLICACOES DIRETAS;3;DESPESAS CORRENTES;3;OUTRAS DESPESAS CORRENTES;20;AUXILIO FINANCEIRO A PESQUISADORES;339020;AUXILIO FINANCEIRO A PESQUISADORES;00;RECURSOS PRIMARIOS DE LIVRE APLICACAO;;;;;1,377,979.88;561,444.77;779,166.12;445,709.76
2019;154502;FUNDACAO UNIVERSIDADE FED. DA GRANDE DOURADOS;12;EDUCACAO;364;ENSINO SUPERIOR;2080;EDUCACAO DE QUALIDADE PARA TODOS;0487;CONCESSAO DE BOLSAS DE ESTUDO NO ENSINO SUPERIOR;0002;CONCESSAO DE BOLSAS DE ESTUDOS NO PAIS;12364208004870001;108452;OCCCUO9414N;BF SUPERIOR - PROAP;90;APLICACOES DIRETAS;3;DESPESAS CORRENTES;3;OUTRAS DESPESAS CORRENTES;33;PASSAGENS E DESPESAS COM LOCOMOCAO;339033;PASSAGENS E DESPESAS COM LOCOMOCAO;00;RECURSOS PRIMARIOS DE LIVRE APLICACAO;;;;;715,079.84;348,376.85;366,702.99;282,865.35
2019;154502;FUNDACAO UNIVERSIDADE FED. DA GRANDE DOURADOS;12;EDUCACAO;364;ENSINO SUPERIOR;2080;EDUCACAO DE QUALIDADE PARA TODOS;0487;CONCESSAO DE BOLSAS DE ESTUDO NO ENSINO SUPERIOR;0002;CONCESSAO DE BOLSAS DE ESTUDOS NO PAIS;12364208004870001;108452;OCCCUO9414N;BF SUPERIOR - PROAP;90;APLICACOES DIRETAS;3;DESPESAS CORRENTES;3;OUTRAS DESPESAS CORRENTES;36;OUTROS SERVICOS DE TERCEIROS - P.FISICA;339036;OUTROS SERVICOS DE TERCEIROS - PESSOA FISICA;00;RECURSOS PRIMARIOS DE LIVRE APLICACAO;;;;;148,056.70;99,531.70;48,525.00;44,313.50
2019;154502;FUNDACAO UNIVERSIDADE FED. DA GRANDE DOURADOS;12;EDUCACAO;364;ENSINO SUPERIOR;2080;EDUCACAO DE QUALIDADE PARA TODOS;0487;CONCESSAO DE BOLSAS DE ESTUDO NO ENSINO SUPERIOR;0002;CONCESSAO DE BOLSAS DE ESTUDOS NO PAIS;12364208004870001;108452;OCCCUO9414N;BF SUPERIOR - PROAP;90;APLICACOES DIRETAS;3;DESPESAS CORRENTES;3;OUTRAS DESPESAS CORRENTES;39;OUTROS SERVICOS DE TERCEIROS PJ - OP.INT.ORC.;339039;OUTROS SERVICOS DE TERCEIROS - PESSOA JURIDICA;00;RECURSOS PRIMARIOS DE LIVRE APLICACAO;;;;;9,697.70;4,699.88;;
2019;154502;FUNDACAO UNIVERSIDADE FED. DA GRANDE DOURADOS;12;EDUCACAO;368;EDUCACAO BASICA;2080;EDUCACAO DE QUALIDADE PARA TODOS;20RJ;APOIO A CAPACITACAO E FORMACAO INICIAL E CONTINUADA PARA A E;0004;EDUCACAO BASICA A DISTANCIA - SISTEMA UNIVERSIDADE ABERTA DO BRASIL (UAB);12368208020RJ0001;108456;MCC62G22EDN;UAB - UAB TRADICIONAL;90;APLICACOES DIRETAS;3;DESPESAS CORRENTES;3;OUTRAS DESPESAS CORRENTES;39;OUTROS SERVICOS DE TERCEIROS PJ - OP.INT.ORC.;339039;OUTROS SERVICOS DE TERCEIROS - PESSOA JURIDICA;00;RECURSOS PRIMARIOS DE LIVRE APLICACAO;;;;;2,329,904.34;714,375.51;1,055,376.66;795,518.83
2019;154503;FUNDACAO UNIVERSIDADE FEDERAL DO ABC;12;EDUCACAO;364;ENSINO SUPERIOR;2080;EDUCACAO DE QUALIDADE PARA TODOS;0487;CONCESSAO DE BOLSAS DE ESTUDO NO ENSINO SUPERIOR;0002;CONCESSAO DE BOLSAS DE ESTUDOS NO PAIS;12364208004870001;108452;OCCCUO9414N;BF SUPERIOR - PROAP;90;APLICACOES DIRETAS;3;DESPESAS CORRENTES;3;OUTRAS DESPESAS CORRENTES;14;DIARIAS - PESSOAL CIVIL;339014;DIARIAS - PESSOAL CIVIL;00;RECURSOS PRIMARIOS DE LIVRE APLICACAO;;;;0.00;1,163,405.22;705,138.89;457,981.33;452,466.74
2019;154503;FUNDACAO UNIVERSIDADE FEDERAL DO ABC;12;EDUCACAO;364;ENSINO SUPERIOR;2080;EDUCACAO DE QUALIDADE PARA TODOS;0487;CONCESSAO DE BOLSAS DE ESTUDO NO ENSINO SUPERIOR;0002;CONCESSAO DE BOLSAS DE ESTUDOS NO PAIS;12364208004870001;108452;OCCCUO9414N;BF SUPERIOR - PROAP;90;APLICACOES DIRETAS;3;DESPESAS CORRENTES;3;OUTRAS DESPESAS CORRENTES;18;AUXILIO FINANCEIRO A ESTUDANTES;339018;AUXILIO FINANCEIRO A ESTUDANTES;00;RECURSOS PRIMARIOS DE LIVRE APLICACAO;;;;31.72;3,180,338.52;66,525.02;3,112,388.47;2,868,700.96
2019;154503;FUNDACAO UNIVERSIDADE FEDERAL DO ABC;12;EDUCACAO;364;ENSINO SUPERIOR;2080;EDUCACAO DE QUALIDADE PARA TODOS;0487;CONCESSAO DE BOLSAS DE ESTUDO NO ENSINO SUPERIOR;0002;CONCESSAO DE BOLSAS DE ESTUDOS NO PAIS;12364208004870001;108452;OCCCUO9414N;BF SUPERIOR - PROAP;90;APLICACOES DIRETAS;3;DESPESAS CORRENTES;3;OUTRAS DESPESAS CORRENTES;20;AUXILIO FINANCEIRO A PESQUISADORES;339020;AUXILIO FINANCEIRO A PESQUISADORES;00;RECURSOS PRIMARIOS DE LIVRE APLICACAO;;;;0.00;520,318.51;9,496.15;510,462.36;465,886.31
2019;154503;FUNDACAO UNIVERSIDADE FEDERAL DO ABC;12;EDUCACAO;364;ENSINO SUPERIOR;2080;EDUCACAO DE QUALIDADE PARA TODOS;0487;CONCESSAO DE BOLSAS DE ESTUDO NO ENSINO SUPERIOR;0002;CONCESSAO DE BOLSAS DE ESTUDOS NO PAIS;12364208004870001;108452;OCCCUO9414N;BF SUPERIOR - PROAP;90;APLICACOES DIRETAS;3;DESPESAS CORRENTES;3;OUTRAS DESPESAS CORRENTES;33;PASSAGENS E DESPESAS COM LOCOMOCAO;339033;PASSAGENS E DESPESAS COM LOCOMOCAO;00;RECURSOS PRIMARIOS DE LIVRE APLICACAO;;;;10,066.08;530,001.96;278,059.71;170,168.70;159,857.13
2019;154503;FUNDACAO UNIVERSIDADE FEDERAL DO ABC;12;EDUCACAO;364;ENSINO SUPERIOR;2080;EDUCACAO DE QUALIDADE PARA TODOS;0487;CONCESSAO DE BOLSAS DE ESTUDO NO ENSINO SUPERIOR;0002;CONCESSAO DE BOLSAS DE ESTUDOS NO PAIS;12364208004870001;108452;OCCCUO9414N;BF SUPERIOR - PROAP;90;APLICACOES DIRETAS;3;DESPESAS CORRENTES;3;OUTRAS DESPESAS CORRENTES;36;OUTROS SERVICOS DE TERCEIROS - P.FISICA;339036;OUTROS SERVICOS DE TERCEIROS - PESSOA FISICA;00;RECURSOS PRIMARIOS DE LIVRE APLICACAO;;;;0.00;53,907.00;27,810.00;26,097.00;23,973.00
2019;154629;IF GOIANO - CAMPUS CAMPOS BELOS;12;EDUCACAO;368;EDUCACAO BASICA;2080;EDUCACAO DE QUALIDADE PARA TODOS;20RJ;APOIO A CAPACITACAO E FORMACAO INICIAL E CONTINUADA PARA A E;0004;EDUCACAO BASICA A DISTANCIA - SISTEMA UNIVERSIDADE ABERTA DO BRASIL (UAB);12368208020RJ0001;108456;MCC62G22EDN;UAB - UAB TRADICIONAL;90;APLICACOES DIRETAS;3;DESPESAS CORRENTES;3;OUTRAS DESPESAS CORRENTES;30;MATERIAL DE CONSUMO;339030;MATERIAL DE CONSUMO;00;RECURSOS PRIMARIOS DE LIVRE APLICACAO;;;;;31,708.00;7,927.00;;
2019;154852;UTFPR CAMPUS SANTA HELENA;12;EDUCACAO;364;ENSINO SUPERIOR;2080;EDUCACAO DE QUALIDADE PARA TODOS;0487;CONCESSAO DE BOLSAS DE ESTUDO NO ENSINO SUPERIOR;0002;CONCESSAO DE BOLSAS DE ESTUDOS NO PAIS;12364208004870001;108452;OCCCUO9414N;BF SUPERIOR - PROAP;90;APLICACOES DIRETAS;3;DESPESAS CORRENTES;3;OUTRAS DESPESAS CORRENTES;14;DIARIAS - PESSOAL CIVIL;339014;DIARIAS - PESSOAL CIVIL;00;RECURSOS PRIMARIOS DE LIVRE APLICACAO;;;;;7,612.08;1,268.68;6,343.40;6,343.40
2019;154854;INST.FED.DO MARANHAO/CAMPUS GRAJAU;12;EDUCACAO;368;EDUCACAO BASICA;2080;EDUCACAO DE QUALIDADE PARA TODOS;20RJ;APOIO A CAPACITACAO E FORMACAO INICIAL E CONTINUADA PARA A E;0004;EDUCACAO BASICA A DISTANCIA - SISTEMA UNIVERSIDADE ABERTA DO BRASIL (UAB);12368208020RJ0001;108456;MCC62G22EDN;UAB - UAB TRADICIONAL;90;APLICACOES DIRETAS;3;DESPESAS CORRENTES;3;OUTRAS DESPESAS CORRENTES;33;PASSAGENS E DESPESAS COM LOCOMOCAO;339033;PASSAGENS E DESPESAS COM LOCOMOCAO;00;RECURSOS PRIMARIOS DE LIVRE APLICACAO;;;;;12,756.80;1,822.40;10,934.40;9,112.00
2019;155061;CAMPUS CRISTALINA;12;EDUCACAO;368;EDUCACAO BASICA;2080;EDUCACAO DE QUALIDADE PARA TODOS;20RJ;APOIO A CAPACITACAO E FORMACAO INICIAL E CONTINUADA PARA A E;0004;EDUCACAO BASICA A DISTANCIA - SISTEMA UNIVERSIDADE ABERTA DO BRASIL (UAB);12368208020RJ0001;108456;MCC62G22EDN;UAB - UAB TRADICIONAL;90;APLICACOES DIRETAS;3;DESPESAS CORRENTES;3;OUTRAS DESPESAS CORRENTES;30;MATERIAL DE CONSUMO;339030;MATERIAL DE CONSUMO;00;RECURSOS PRIMARIOS DE LIVRE APLICACAO;;;;;79,363.20;19,840.80;;
2019;156143;UNIV. FEDERAL DE GOIAS-REGIONAL CATALAO;12;EDUCACAO;364;ENSINO SUPERIOR;2080;EDUCACAO DE QUALIDADE PARA TODOS;0487;CONCESSAO DE BOLSAS DE ESTUDO NO ENSINO SUPERIOR;0002;CONCESSAO DE BOLSAS DE ESTUDOS NO PAIS;12364208004870001;108452;OCCCUO9414N;BF SUPERIOR - PROAP;90;APLICACOES DIRETAS;3;DESPESAS CORRENTES;3;OUTRAS DESPESAS CORRENTES;18;AUXILIO FINANCEIRO A ESTUDANTES;339018;AUXILIO FINANCEIRO A ESTUDANTES;00;RECURSOS PRIMARIOS DE LIVRE APLICACAO;;;;;19,139.50;475.80;17,950.00;14,360.00
2019;156143;UNIV. FEDERAL DE GOIAS-REGIONAL CATALAO;12;EDUCACAO;364;ENSINO SUPERIOR;2080;EDUCACAO DE QUALIDADE PARA TODOS;0487;CONCESSAO DE BOLSAS DE ESTUDO NO ENSINO SUPERIOR;0002;CONCESSAO DE BOLSAS DE ESTUDOS NO PAIS;12364208004870001;108452;OCCCUO9414N;BF SUPERIOR - PROAP;90;APLICACOES DIRETAS;3;DESPESAS CORRENTES;3;OUTRAS DESPESAS CORRENTES;20;AUXILIO FINANCEIRO A PESQUISADORES;339020;AUXILIO FINANCEIRO A PESQUISADORES;00;RECURSOS PRIMARIOS DE LIVRE APLICACAO;;;;;30,812.00;1,500.00;29,312.00;26,712.00
2019;156143;UNIV. FEDERAL DE GOIAS-REGIONAL CATALAO;12;EDUCACAO;364;ENSINO SUPERIOR;2080;EDUCACAO DE QUALIDADE PARA TODOS;0487;CONCESSAO DE BOLSAS DE ESTUDO NO ENSINO SUPERIOR;0002;CONCESSAO DE BOLSAS DE ESTUDOS NO PAIS;12364208004870001;108452;OCCCUO9414N;BF SUPERIOR - PROAP;90;APLICACOES DIRETAS;3;DESPESAS CORRENTES;3;OUTRAS DESPESAS CORRENTES;30;MATERIAL DE CONSUMO;339030;MATERIAL DE CONSUMO;00;RECURSOS PRIMARIOS DE LIVRE APLICACAO;;;;;4,183.48;1,045.87;3,137.61;3,137.61
2019;156144;UNIV. FEDERAL DE GOIAS - REGIONAL JATAI;12;EDUCACAO;364;ENSINO SUPERIOR;2080;EDUCACAO DE QUALIDADE PARA TODOS;0487;CONCESSAO DE BOLSAS DE ESTUDO NO ENSINO SUPERIOR;0002;CONCESSAO DE BOLSAS DE ESTUDOS NO PAIS;12364208004870001;108452;OCCCUO9414N;BF SUPERIOR - PROAP;90;APLICACOES DIRETAS;3;DESPESAS CORRENTES;3;OUTRAS DESPESAS CORRENTES;18;AUXILIO FINANCEIRO A ESTUDANTES;339018;AUXILIO FINANCEIRO A ESTUDANTES;00;RECURSOS PRIMARIOS DE LIVRE APLICACAO;;;;;74,813.08;16,830.02;57,983.06;49,292.55
2019;156144;UNIV. FEDERAL DE GOIAS - REGIONAL JATAI;12;EDUCACAO;364;ENSINO SUPERIOR;2080;EDUCACAO DE QUALIDADE PARA TODOS;0487;CONCESSAO DE BOLSAS DE ESTUDO NO ENSINO SUPERIOR;0002;CONCESSAO DE BOLSAS DE ESTUDOS NO PAIS;12364208004870001;108452;OCCCUO9414N;BF SUPERIOR - PROAP;90;APLICACOES DIRETAS;3;DESPESAS CORRENTES;3;OUTRAS DESPESAS CORRENTES;20;AUXILIO FINANCEIRO A PESQUISADORES;339020;AUXILIO FINANCEIRO A PESQUISADORES;00;RECURSOS PRIMARIOS DE LIVRE APLICACAO;;;;;32,308.80;13,420.50;18,888.30;15,366.00
2019;156144;UNIV. FEDERAL DE GOIAS - REGIONAL JATAI;12;EDUCACAO;364;ENSINO SUPERIOR;2080;EDUCACAO DE QUALIDADE PARA TODOS;0487;CONCESSAO DE BOLSAS DE ESTUDO NO ENSINO SUPERIOR;0002;CONCESSAO DE BOLSAS DE ESTUDOS NO PAIS;12364208004870001;108452;OCCCUO9414N;BF SUPERIOR - PROAP;90;APLICACOES DIRETAS;3;DESPESAS CORRENTES;3;OUTRAS DESPESAS CORRENTES;30;MATERIAL DE CONSUMO;339030;MATERIAL DE CONSUMO;00;RECURSOS PRIMARIOS DE LIVRE APLICACAO;;;;;36,562.50;7,312.50;29,250.00;21,937.50
2019;156144;UNIV. FEDERAL DE GOIAS - REGIONAL JATAI;12;EDUCACAO;364;ENSINO SUPERIOR;2080;EDUCACAO DE QUALIDADE PARA TODOS;0487;CONCESSAO DE BOLSAS DE ESTUDO NO ENSINO SUPERIOR;0002;CONCESSAO DE BOLSAS DE ESTUDOS NO PAIS;12364208004870001;108452;OCCCUO9414N;BF SUPERIOR - PROAP;90;APLICACOES DIRETAS;3;DESPESAS CORRENTES;3;OUTRAS DESPESAS CORRENTES;39;OUTROS SERVICOS DE TERCEIROS PJ - OP.INT.ORC.;339039;OUTROS SERVICOS DE TERCEIROS - PESSOA JURIDICA;00;RECURSOS PRIMARIOS DE LIVRE APLICACAO;;;;;6,000.00;1,500.00;4,500.00;4,500.00
2019;156144;UNIV. FEDERAL DE GOIAS - REGIONAL JATAI;12;EDUCACAO;364;ENSINO SUPERIOR;2080;EDUCACAO DE QUALIDADE PARA TODOS;0487;CONCESSAO DE BOLSAS DE ESTUDO NO ENSINO SUPERIOR;0002;CONCESSAO DE BOLSAS DE ESTUDOS NO PAIS;12364208004870001;108452;OCCCUO9414N;BF SUPERIOR - PROAP;90;APLICACOES DIRETAS;3;DESPESAS CORRENTES;3;OUTRAS DESPESAS CORRENTES;93;INDENIZACOES E RESTITUICOES;339093;INDENIZACOES E RESTITUICOES;00;RECURSOS PRIMARIOS DE LIVRE APLICACAO;;;;;40,258.87;11,444.88;28,813.99;23,446.16
2019;158092;UNIVERSIDADE FEDERAL DO RECONCAVO DA BAHIA;12;EDUCACAO;364;ENSINO SUPERIOR;2080;EDUCACAO DE QUALIDADE PARA TODOS;0487;CONCESSAO DE BOLSAS DE ESTUDO NO ENSINO SUPERIOR;0002;CONCESSAO DE BOLSAS DE ESTUDOS NO PAIS;12364208004870001;108452;OCCCUO9414N;BF SUPERIOR - PROAP;90;APLICACOES DIRETAS;3;DESPESAS CORRENTES;3;OUTRAS DESPESAS CORRENTES;14;DIARIAS - PESSOAL CIVIL;339014;DIARIAS - PESSOAL CIVIL;00;RECURSOS PRIMARIOS DE LIVRE APLICACAO;;;;;258,652.33;72,733.92;185,918.41;162,605.09
2019;158092;UNIVERSIDADE FEDERAL DO RECONCAVO DA BAHIA;12;EDUCACAO;364;ENSINO SUPERIOR;2080;EDUCACAO DE QUALIDADE PARA TODOS;0487;CONCESSAO DE BOLSAS DE ESTUDO NO ENSINO SUPERIOR;0002;CONCESSAO DE BOLSAS DE ESTUDOS NO PAIS;12364208004870001;108452;OCCCUO9414N;BF SUPERIOR - PROAP;90;APLICACOES DIRETAS;3;DESPESAS CORRENTES;3;OUTRAS DESPESAS CORRENTES;18;AUXILIO FINANCEIRO A ESTUDANTES;339018;AUXILIO FINANCEIRO A ESTUDANTES;00;RECURSOS PRIMARIOS DE LIVRE APLICACAO;;;;;177,523.06;3,017.16;174,505.90;166,583.40
2019;158092;UNIVERSIDADE FEDERAL DO RECONCAVO DA BAHIA;12;EDUCACAO;364;ENSINO SUPERIOR;2080;EDUCACAO DE QUALIDADE PARA TODOS;0487;CONCESSAO DE BOLSAS DE ESTUDO NO ENSINO SUPERIOR;0002;CONCESSAO DE BOLSAS DE ESTUDOS NO PAIS;12364208004870001;108452;OCCCUO9414N;BF SUPERIOR - PROAP;90;APLICACOES DIRETAS;3;DESPESAS CORRENTES;3;OUTRAS DESPESAS CORRENTES;20;AUXILIO FINANCEIRO A PESQUISADORES;339020;AUXILIO FINANCEIRO A PESQUISADORES;00;RECURSOS PRIMARIOS DE LIVRE APLICACAO;;;;;533,316.51;21,661.65;511,634.49;458,212.96
2019;158092;UNIVERSIDADE FEDERAL DO RECONCAVO DA BAHIA;12;EDUCACAO;364;ENSINO SUPERIOR;2080;EDUCACAO DE QUALIDADE PARA TODOS;0487;CONCESSAO DE BOLSAS DE ESTUDO NO ENSINO SUPERIOR;0002;CONCESSAO DE BOLSAS DE ESTUDOS NO PAIS;12364208004870001;108452;OCCCUO9414N;BF SUPERIOR - PROAP;90;APLICACOES DIRETAS;3;DESPESAS CORRENTES;3;OUTRAS DESPESAS CORRENTES;33;PASSAGENS E DESPESAS COM LOCOMOCAO;339033;PASSAGENS E DESPESAS COM LOCOMOCAO;00;RECURSOS PRIMARIOS DE LIVRE APLICACAO;;;;;165,800.37;64,100.20;101,700.17;87,024.49
2019;158092;UNIVERSIDADE FEDERAL DO RECONCAVO DA BAHIA;12;EDUCACAO;364;ENSINO SUPERIOR;2080;EDUCACAO DE QUALIDADE PARA TODOS;0487;CONCESSAO DE BOLSAS DE ESTUDO NO ENSINO SUPERIOR;0002;CONCESSAO DE BOLSAS DE ESTUDOS NO PAIS;12364208004870001;108452;OCCCUO9414N;BF SUPERIOR - PROAP;90;APLICACOES DIRETAS;3;DESPESAS CORRENTES;3;OUTRAS DESPESAS CORRENTES;36;OUTROS SERVICOS DE TERCEIROS - P.FISICA;339036;OUTROS SERVICOS DE TERCEIROS - PESSOA FISICA;00;RECURSOS PRIMARIOS DE LIVRE APLICACAO;;;;;278,784.90;96,582.20;182,202.70;170,213.30
2019;158092;UNIVERSIDADE FEDERAL DO RECONCAVO DA BAHIA;12;EDUCACAO;364;ENSINO SUPERIOR;2080;EDUCACAO DE QUALIDADE PARA TODOS;0487;CONCESSAO DE BOLSAS DE ESTUDO NO ENSINO SUPERIOR;0002;CONCESSAO DE BOLSAS DE ESTUDOS NO PAIS;12364208004870001;108452;OCCCUO9414N;BF SUPERIOR - PROAP;90;APLICACOES DIRETAS;3;DESPESAS CORRENTES;3;OUTRAS DESPESAS CORRENTES;39;OUTROS SERVICOS DE TERCEIROS PJ - OP.INT.ORC.;339039;OUTROS SERVICOS DE TERCEIROS - PESSOA JURIDICA;00;RECURSOS PRIMARIOS DE LIVRE APLICACAO;;;;;28,578.00;12,453.00;4,590.00;3,712.58
2019;158092;UNIVERSIDADE FEDERAL DO RECONCAVO DA BAHIA;12;EDUCACAO;364;ENSINO SUPERIOR;2080;EDUCACAO DE QUALIDADE PARA TODOS;0487;CONCESSAO DE BOLSAS DE ESTUDO NO ENSINO SUPERIOR;0002;CONCESSAO DE BOLSAS DE ESTUDOS NO PAIS;12364208004870001;108452;OCCCUO9414N;BF SUPERIOR - PROAP;90;APLICACOES DIRETAS;3;DESPESAS CORRENTES;3;OUTRAS DESPESAS CORRENTES;93;INDENIZACOES E RESTITUICOES;339093;INDENIZACOES E RESTITUICOES;00;RECURSOS PRIMARIOS DE LIVRE APLICACAO;;;;;140,325.18;13,655.65;126,669.53;115,430.15
2019;158092;UNIVERSIDADE FEDERAL DO RECONCAVO DA BAHIA;12;EDUCACAO;368;EDUCACAO BASICA;2080;EDUCACAO DE QUALIDADE PARA TODOS;20RJ;APOIO A CAPACITACAO E FORMACAO INICIAL E CONTINUADA PARA A E;0003;EDUCACAO BASICA PRESENCIAL;12368208020RJ0001;108455;PCC92B5801N;PARFOR - PARFOR;90;APLICACOES DIRETAS;3;DESPESAS CORRENTES;3;OUTRAS DESPESAS CORRENTES;14;DIARIAS - PESSOAL CIVIL;339014;DIARIAS - PESSOAL CIVIL;00;RECURSOS PRIMARIOS DE LIVRE APLICACAO;;;;;425,965.08;138,921.97;287,043.11;261,345.02
2019;158092;UNIVERSIDADE FEDERAL DO RECONCAVO DA BAHIA;12;EDUCACAO;368;EDUCACAO BASICA;2080;EDUCACAO DE QUALIDADE PARA TODOS;20RJ;APOIO A CAPACITACAO E FORMACAO INICIAL E CONTINUADA PARA A E;0003;EDUCACAO BASICA PRESENCIAL;12368208020RJ0001;108455;PCC92B5801N;PARFOR - PARFOR;90;APLICACOES DIRETAS;3;DESPESAS CORRENTES;3;OUTRAS DESPESAS CORRENTES;33;PASSAGENS E DESPESAS COM LOCOMOCAO;339033;PASSAGENS E DESPESAS COM LOCOMOCAO;00;RECURSOS PRIMARIOS DE LIVRE APLICACAO;;;;;85,780.00;53,759.28;12,389.62;11,001.76
2019;158092;UNIVERSIDADE FEDERAL DO RECONCAVO DA BAHIA;12;EDUCACAO;368;EDUCACAO BASICA;2080;EDUCACAO DE QUALIDADE PARA TODOS;20RJ;APOIO A CAPACITACAO E FORMACAO INICIAL E CONTINUADA PARA A E;0003;EDUCACAO BASICA PRESENCIAL;12368208020RJ0001;108455;PCC92B5801N;PARFOR - PARFOR;90;APLICACOES DIRETAS;3;DESPESAS CORRENTES;3;OUTRAS DESPESAS CORRENTES;36;OUTROS SERVICOS DE TERCEIROS - P.FISICA;339036;OUTROS SERVICOS DE TERCEIROS - PESSOA FISICA;00;RECURSOS PRIMARIOS DE LIVRE APLICACAO;;;;;13,248.00;4,929.00;8,319.00;8,319.00
2019;158092;UNIVERSIDADE FEDERAL DO RECONCAVO DA BAHIA;12;EDUCACAO;368;EDUCACAO BASICA;2080;EDUCACAO DE QUALIDADE PARA TODOS;20RJ;APOIO A CAPACITACAO E FORMACAO INICIAL E CONTINUADA PARA A E;0004;EDUCACAO BASICA A DISTANCIA - SISTEMA UNIVERSIDADE ABERTA DO BRASIL (UAB);12368208020RJ0001;108456;MCC62G22EDN;UAB - UAB TRADICIONAL;90;APLICACOES DIRETAS;3;DESPESAS CORRENTES;3;OUTRAS DESPESAS CORRENTES;39;OUTROS SERVICOS DE TERCEIROS PJ - OP.INT.ORC.;339039;OUTROS SERVICOS DE TERCEIROS - PESSOA JURIDICA;00;RECURSOS PRIMARIOS DE LIVRE APLICACAO;;;;;600,000.00;65,000.00;340,000.00;255,000.00
2019;158092;UNIVERSIDADE FEDERAL DO RECONCAVO DA BAHIA;12;EDUCACAO;368;EDUCACAO BASICA;2080;EDUCACAO DE QUALIDADE PARA TODOS;20RJ;APOIO A CAPACITACAO E FORMACAO INICIAL E CONTINUADA PARA A E;0004;EDUCACAO BASICA A DISTANCIA - SISTEMA UNIVERSIDADE ABERTA DO BRASIL (UAB);12368208020RJ0001;108456;QCC62T58MAN;UAB - UAB PROFMAT;90;APLICACOES DIRETAS;3;DESPESAS CORRENTES;3;OUTRAS DESPESAS CORRENTES;39;OUTROS SERVICOS DE TERCEIROS PJ - OP.INT.ORC.;339039;OUTROS SERVICOS DE TERCEIROS - PESSOA JURIDICA;00;RECURSOS PRIMARIOS DE LIVRE APLICACAO;;;;;216,000.00;24,000.00;192,000.00;168,000.00
2019;158124;IF GOIANO;12;EDUCACAO;368;EDUCACAO BASICA;2080;EDUCACAO DE QUALIDADE PARA TODOS;20RJ;APOIO A CAPACITACAO E FORMACAO INICIAL E CONTINUADA PARA A E;0004;EDUCACAO BASICA A DISTANCIA - SISTEMA UNIVERSIDADE ABERTA DO BRASIL (UAB);12368208020RJ0001;108456;MCC62G22EDN;UAB - UAB TRADICIONAL;90;APLICACOES DIRETAS;3;DESPESAS CORRENTES;3;OUTRAS DESPESAS CORRENTES;14;DIARIAS - PESSOAL CIVIL;339014;DIARIAS - PESSOAL CIVIL;00;RECURSOS PRIMARIOS DE LIVRE APLICACAO;;;;;10,284.70;6,552.28;3,732.42;3,284.70
2019;158124;IF GOIANO;12;EDUCACAO;368;EDUCACAO BASICA;2080;EDUCACAO DE QUALIDADE PARA TODOS;20RJ;APOIO A CAPACITACAO E FORMACAO INICIAL E CONTINUADA PARA A E;0004;EDUCACAO BASICA A DISTANCIA - SISTEMA UNIVERSIDADE ABERTA DO BRASIL (UAB);12368208020RJ0001;108456;MCC62G22EDN;UAB - UAB TRADICIONAL;90;APLICACOES DIRETAS;3;DESPESAS CORRENTES;3;OUTRAS DESPESAS CORRENTES;30;MATERIAL DE CONSUMO;339030;MATERIAL DE CONSUMO;00;RECURSOS PRIMARIOS DE LIVRE APLICACAO;;;;;50,034.80;12,508.70;;
2019;158124;IF GOIANO;12;EDUCACAO;368;EDUCACAO BASICA;2080;EDUCACAO DE QUALIDADE PARA TODOS;20RJ;APOIO A CAPACITACAO E FORMACAO INICIAL E CONTINUADA PARA A E;0004;EDUCACAO BASICA A DISTANCIA - SISTEMA UNIVERSIDADE ABERTA DO BRASIL (UAB);12368208020RJ0001;108456;MCC62G22EDN;UAB - UAB TRADICIONAL;90;APLICACOES DIRETAS;3;DESPESAS CORRENTES;3;OUTRAS DESPESAS CORRENTES;36;OUTROS SERVICOS DE TERCEIROS - P.FISICA;339036;OUTROS SERVICOS DE TERCEIROS - PESSOA FISICA;00;RECURSOS PRIMARIOS DE LIVRE APLICACAO;;;;;7,000.00;7,000.00;;
2019;158126;INST.FED.DE EDUC.,CIE.E TEC.SUL-RIO-GRANDENSE;12;EDUCACAO;368;EDUCACAO BASICA;2080;EDUCACAO DE QUALIDADE PARA TODOS;20RJ;APOIO A CAPACITACAO E FORMACAO INICIAL E CONTINUADA PARA A E;0004;EDUCACAO BASICA A DISTANCIA - SISTEMA UNIVERSIDADE ABERTA DO BRASIL (UAB);12368208020RJ0001;108456;MCC62G22EDN;UAB - UAB TRADICIONAL;90;APLICACOES DIRETAS;3;DESPESAS CORRENTES;3;OUTRAS DESPESAS CORRENTES;14;DIARIAS - PESSOAL CIVIL;339014;DIARIAS - PESSOAL CIVIL;00;RECURSOS PRIMARIOS DE LIVRE APLICACAO;;;;;165,438.00;117,523.33;47,914.67;36,779.31
2019;158126;INST.FED.DE EDUC.,CIE.E TEC.SUL-RIO-GRANDENSE;12;EDUCACAO;368;EDUCACAO BASICA;2080;EDUCACAO DE QUALIDADE PARA TODOS;20RJ;APOIO A CAPACITACAO E FORMACAO INICIAL E CONTINUADA PARA A E;0004;EDUCACAO BASICA A DISTANCIA - SISTEMA UNIVERSIDADE ABERTA DO BRASIL (UAB);12368208020RJ0001;108456;MCC62G22EDN;UAB - UAB TRADICIONAL;90;APLICACOES DIRETAS;3;DESPESAS CORRENTES;3;OUTRAS DESPESAS CORRENTES;30;MATERIAL DE CONSUMO;339030;MATERIAL DE CONSUMO;00;RECURSOS PRIMARIOS DE LIVRE APLICACAO;;;;;39,354.84;13,213.71;2,987.76;2,987.76
2019;158126;INST.FED.DE EDUC.,CIE.E TEC.SUL-RIO-GRANDENSE;12;EDUCACAO;368;EDUCACAO BASICA;2080;EDUCACAO DE QUALIDADE PARA TODOS;20RJ;APOIO A CAPACITACAO E FORMACAO INICIAL E CONTINUADA PARA A E;0004;EDUCACAO BASICA A DISTANCIA - SISTEMA UNIVERSIDADE ABERTA DO BRASIL (UAB);12368208020RJ0001;108456;MCC62G22EDN;UAB - UAB TRADICIONAL;90;APLICACOES DIRETAS;3;DESPESAS CORRENTES;3;OUTRAS DESPESAS CORRENTES;33;PASSAGENS E DESPESAS COM LOCOMOCAO;339033;PASSAGENS E DESPESAS COM LOCOMOCAO;00;RECURSOS PRIMARIOS DE LIVRE APLICACAO;;;;;90,000.00;40,511.32;11,221.70;11,221.70
2019;158126;INST.FED.DE EDUC.,CIE.E TEC.SUL-RIO-GRANDENSE;12;EDUCACAO;368;EDUCACAO BASICA;2080;EDUCACAO DE QUALIDADE PARA TODOS;20RJ;APOIO A CAPACITACAO E FORMACAO INICIAL E CONTINUADA PARA A E;0004;EDUCACAO BASICA A DISTANCIA - SISTEMA UNIVERSIDADE ABERTA DO BRASIL (UAB);12368208020RJ0001;108456;MCC62G22EDN;UAB - UAB TRADICIONAL;90;APLICACOES DIRETAS;3;DESPESAS CORRENTES;3;OUTRAS DESPESAS CORRENTES;36;OUTROS SERVICOS DE TERCEIROS - P.FISICA;339036;OUTROS SERVICOS DE TERCEIROS - PESSOA FISICA;00;RECURSOS PRIMARIOS DE LIVRE APLICACAO;;;;;50,635.14;40,280.64;10,354.50;4,779.00
2019;158126;INST.FED.DE EDUC.,CIE.E TEC.SUL-RIO-GRANDENSE;12;EDUCACAO;368;EDUCACAO BASICA;2080;EDUCACAO DE QUALIDADE PARA TODOS;20RJ;APOIO A CAPACITACAO E FORMACAO INICIAL E CONTINUADA PARA A E;0004;EDUCACAO BASICA A DISTANCIA - SISTEMA UNIVERSIDADE ABERTA DO BRASIL (UAB);12368208020RJ0001;108456;MCC62G22EDN;UAB - UAB TRADICIONAL;90;APLICACOES DIRETAS;3;DESPESAS CORRENTES;3;OUTRAS DESPESAS CORRENTES;39;OUTROS SERVICOS DE TERCEIROS PJ - OP.INT.ORC.;339039;OUTROS SERVICOS DE TERCEIROS - PESSOA JURIDICA;00;RECURSOS PRIMARIOS DE LIVRE APLICACAO;;;;;20,500.00;5,125.00;2,420.73;
2019;158126;INST.FED.DE EDUC.,CIE.E TEC.SUL-RIO-GRANDENSE;12;EDUCACAO;368;EDUCACAO BASICA;2080;EDUCACAO DE QUALIDADE PARA TODOS;20RJ;APOIO A CAPACITACAO E FORMACAO INICIAL E CONTINUADA PARA A E;0004;EDUCACAO BASICA A DISTANCIA - SISTEMA UNIVERSIDADE ABERTA DO BRASIL (UAB);12368208020RJ0001;108456;MCC62G22EDN;UAB - UAB TRADICIONAL;90;APLICACOES DIRETAS;3;DESPESAS CORRENTES;3;OUTRAS DESPESAS CORRENTES;93;INDENIZACOES E RESTITUICOES;339093;INDENIZACOES E RESTITUICOES;00;RECURSOS PRIMARIOS DE LIVRE APLICACAO;;;;;60,000.00;30,000.00;189.90;189.90
2019;158128;INST.FED.DE EDUC.,CIENC.E TEC.DO MARANHAO;12;EDUCACAO;364;ENSINO SUPERIOR;2080;EDUCACAO DE QUALIDADE PARA TODOS;0487;CONCESSAO DE BOLSAS DE ESTUDO NO ENSINO SUPERIOR;0002;CONCESSAO DE BOLSAS DE ESTUDOS NO PAIS;12364208004870001;108452;OCCCUO9414N;BF SUPERIOR - PROAP;90;APLICACOES DIRETAS;3;DESPESAS CORRENTES;3;OUTRAS DESPESAS CORRENTES;14;DIARIAS - PESSOAL CIVIL;339014;DIARIAS - PESSOAL CIVIL;08;FUNDO SOCIAL-PARC.DEST.EDUCACAO PUBL.E SAUDE;;;;;5,000.00;5,000.00;;
2019;158128;INST.FED.DE EDUC.,CIENC.E TEC.DO MARANHAO;12;EDUCACAO;364;ENSINO SUPERIOR;2080;EDUCACAO DE QUALIDADE PARA TODOS;0487;CONCESSAO DE BOLSAS DE ESTUDO NO ENSINO SUPERIOR;0002;CONCESSAO DE BOLSAS DE ESTUDOS NO PAIS;12364208004870001;108452;OCCCUO9414N;BF SUPERIOR - PROAP;90;APLICACOES DIRETAS;3;DESPESAS CORRENTES;3;OUTRAS DESPESAS CORRENTES;33;PASSAGENS E DESPESAS COM LOCOMOCAO;339033;PASSAGENS E DESPESAS COM LOCOMOCAO;08;FUNDO SOCIAL-PARC.DEST.EDUCACAO PUBL.E SAUDE;;;;;6,478.15;6,478.15;;
2019;158128;INST.FED.DE EDUC.,CIENC.E TEC.DO MARANHAO;12;EDUCACAO;368;EDUCACAO BASICA;2080;EDUCACAO DE QUALIDADE PARA TODOS;20RJ;APOIO A CAPACITACAO E FORMACAO INICIAL E CONTINUADA PARA A E;0003;EDUCACAO BASICA PRESENCIAL;12368208020RJ0001;108455;PCC92B5801N;PARFOR - PARFOR;90;APLICACOES DIRETAS;3;DESPESAS CORRENTES;3;OUTRAS DESPESAS CORRENTES;14;DIARIAS - PESSOAL CIVIL;339014;DIARIAS - PESSOAL CIVIL;00;RECURSOS PRIMARIOS DE LIVRE APLICACAO;;;;;760,459.77;270,912.92;489,546.85;443,545.24
2019;158128;INST.FED.DE EDUC.,CIENC.E TEC.DO MARANHAO;12;EDUCACAO;368;EDUCACAO BASICA;2080;EDUCACAO DE QUALIDADE PARA TODOS;20RJ;APOIO A CAPACITACAO E FORMACAO INICIAL E CONTINUADA PARA A E;0003;EDUCACAO BASICA PRESENCIAL;12368208020RJ0001;108455;PCC92B5801N;PARFOR - PARFOR;90;APLICACOES DIRETAS;3;DESPESAS CORRENTES;3;OUTRAS DESPESAS CORRENTES;18;AUXILIO FINANCEIRO A ESTUDANTES;339018;AUXILIO FINANCEIRO A ESTUDANTES;00;RECURSOS PRIMARIOS DE LIVRE APLICACAO;;;;;60,000.00;0.00;60,000.00;57,750.00
2019;158128;INST.FED.DE EDUC.,CIENC.E TEC.DO MARANHAO;12;EDUCACAO;368;EDUCACAO BASICA;2080;EDUCACAO DE QUALIDADE PARA TODOS;20RJ;APOIO A CAPACITACAO E FORMACAO INICIAL E CONTINUADA PARA A E;0003;EDUCACAO BASICA PRESENCIAL;12368208020RJ0001;108455;PCC92B5801N;PARFOR - PARFOR;90;APLICACOES DIRETAS;3;DESPESAS CORRENTES;3;OUTRAS DESPESAS CORRENTES;33;PASSAGENS E DESPESAS COM LOCOMOCAO;339033;PASSAGENS E DESPESAS COM LOCOMOCAO;00;RECURSOS PRIMARIOS DE LIVRE APLICACAO;;;;;42,000.00;30,000.00;12,000.00;7,240.38
2019;158128;INST.FED.DE EDUC.,CIENC.E TEC.DO MARANHAO;12;EDUCACAO;368;EDUCACAO BASICA;2080;EDUCACAO DE QUALIDADE PARA TODOS;20RJ;APOIO A CAPACITACAO E FORMACAO INICIAL E CONTINUADA PARA A E;0003;EDUCACAO BASICA PRESENCIAL;12368208020RJ0001;108455;PCC92B5801N;PARFOR - PARFOR;90;APLICACOES DIRETAS;3;DESPESAS CORRENTES;3;OUTRAS DESPESAS CORRENTES;36;OUTROS SERVICOS DE TERCEIROS - P.FISICA;339036;OUTROS SERVICOS DE TERCEIROS - PESSOA FISICA;00;RECURSOS PRIMARIOS DE LIVRE APLICACAO;;;;;260,358.17;257,703.17;2,655.00;2,389.50
2019;158128;INST.FED.DE EDUC.,CIENC.E TEC.DO MARANHAO;12;EDUCACAO;368;EDUCACAO BASICA;2080;EDUCACAO DE QUALIDADE PARA TODOS;20RJ;APOIO A CAPACITACAO E FORMACAO INICIAL E CONTINUADA PARA A E;0003;EDUCACAO BASICA PRESENCIAL;12368208020RJ0001;108455;PCC92B5801N;PARFOR - PARFOR;90;APLICACOES DIRETAS;3;DESPESAS CORRENTES;3;OUTRAS DESPESAS CORRENTES;39;OUTROS SERVICOS DE TERCEIROS PJ - OP.INT.ORC.;339039;OUTROS SERVICOS DE TERCEIROS - PESSOA JURIDICA;00;RECURSOS PRIMARIOS DE LIVRE APLICACAO;;;;;153,397.72;38,349.43;59,807.61;
2019;158128;INST.FED.DE EDUC.,CIENC.E TEC.DO MARANHAO;12;EDUCACAO;368;EDUCACAO BASICA;2080;EDUCACAO DE QUALIDADE PARA TODOS;20RJ;APOIO A CAPACITACAO E FORMACAO INICIAL E CONTINUADA PARA A E;0003;EDUCACAO BASICA PRESENCIAL;12368208020RJ0001;108455;PCC92B5801N;PARFOR - PARFOR;90;APLICACOES DIRETAS;3;DESPESAS CORRENTES;3;OUTRAS DESPESAS CORRENTES;92;DESPESAS DE EXERCICIOS ANTERIORES;339092;DESPESAS DE EXERCICIOS ANTERIORES;00;RECURSOS PRIMARIOS DE LIVRE APLICACAO;;;;;3,928.00;0.00;3,928.00;3,928.00
2019;158128;INST.FED.DE EDUC.,CIENC.E TEC.DO MARANHAO;12;EDUCACAO;368;EDUCACAO BASICA;2080;EDUCACAO DE QUALIDADE PARA TODOS;20RJ;APOIO A CAPACITACAO E FORMACAO INICIAL E CONTINUADA PARA A E;0003;EDUCACAO BASICA PRESENCIAL;12368208020RJ0001;108455;PCC92B5801N;PARFOR - PARFOR;90;APLICACOES DIRETAS;3;DESPESAS CORRENTES;3;OUTRAS DESPESAS CORRENTES;93;INDENIZACOES E RESTITUICOES;339093;INDENIZACOES E RESTITUICOES;00;RECURSOS PRIMARIOS DE LIVRE APLICACAO;;;;;52,275.64;29,201.00;23,074.64;22,074.53
2019;158128;INST.FED.DE EDUC.,CIENC.E TEC.DO MARANHAO;12;EDUCACAO;368;EDUCACAO BASICA;2080;EDUCACAO DE QUALIDADE PARA TODOS;20RJ;APOIO A CAPACITACAO E FORMACAO INICIAL E CONTINUADA PARA A E;0004;EDUCACAO BASICA A DISTANCIA - SISTEMA UNIVERSIDADE ABERTA DO BRASIL (UAB);12368208020RJ0001;108456;MCC62G22EDN;UAB - UAB TRADICIONAL;90;APLICACOES DIRETAS;3;DESPESAS CORRENTES;3;OUTRAS DESPESAS CORRENTES;14;DIARIAS - PESSOAL CIVIL;339014;DIARIAS - PESSOAL CIVIL;00;RECURSOS PRIMARIOS DE LIVRE APLICACAO;;;;;77,799.55;41,011.10;36,788.45;35,961.62
2019;158128;INST.FED.DE EDUC.,CIENC.E TEC.DO MARANHAO;12;EDUCACAO;368;EDUCACAO BASICA;2080;EDUCACAO DE QUALIDADE PARA TODOS;20RJ;APOIO A CAPACITACAO E FORMACAO INICIAL E CONTINUADA PARA A E;0004;EDUCACAO BASICA A DISTANCIA - SISTEMA UNIVERSIDADE ABERTA DO BRASIL (UAB);12368208020RJ0001;108456;MCC62G22EDN;UAB - UAB TRADICIONAL;90;APLICACOES DIRETAS;3;DESPESAS CORRENTES;3;OUTRAS DESPESAS CORRENTES;30;MATERIAL DE CONSUMO;339030;MATERIAL DE CONSUMO;00;RECURSOS PRIMARIOS DE LIVRE APLICACAO;;;;;21,346.65;10,800.00;10,546.65;10,546.65
2019;158128;INST.FED.DE EDUC.,CIENC.E TEC.DO MARANHAO;12;EDUCACAO;368;EDUCACAO BASICA;2080;EDUCACAO DE QUALIDADE PARA TODOS;20RJ;APOIO A CAPACITACAO E FORMACAO INICIAL E CONTINUADA PARA A E;0004;EDUCACAO BASICA A DISTANCIA - SISTEMA UNIVERSIDADE ABERTA DO BRASIL (UAB);12368208020RJ0001;108456;MCC62G22EDN;UAB - UAB TRADICIONAL;90;APLICACOES DIRETAS;3;DESPESAS CORRENTES;3;OUTRAS DESPESAS CORRENTES;33;PASSAGENS E DESPESAS COM LOCOMOCAO;339033;PASSAGENS E DESPESAS COM LOCOMOCAO;00;RECURSOS PRIMARIOS DE LIVRE APLICACAO;;;;;42,600.00;16,200.00;8,400.00;6,300.00
2019;158128;INST.FED.DE EDUC.,CIENC.E TEC.DO MARANHAO;12;EDUCACAO;368;EDUCACAO BASICA;2080;EDUCACAO DE QUALIDADE PARA TODOS;20RJ;APOIO A CAPACITACAO E FORMACAO INICIAL E CONTINUADA PARA A E;0004;EDUCACAO BASICA A DISTANCIA - SISTEMA UNIVERSIDADE ABERTA DO BRASIL (UAB);12368208020RJ0001;108456;MCC62G22EDN;UAB - UAB TRADICIONAL;90;APLICACOES DIRETAS;3;DESPESAS CORRENTES;3;OUTRAS DESPESAS CORRENTES;36;OUTROS SERVICOS DE TERCEIROS - P.FISICA;339036;OUTROS SERVICOS DE TERCEIROS - PESSOA FISICA;00;RECURSOS PRIMARIOS DE LIVRE APLICACAO;;;;;62,844.00;39,658.50;23,185.50;23,185.50
2019;158133;INST.FED.DE EDUC.,CIENC.E TEC.DO CEARA;12;EDUCACAO;364;ENSINO SUPERIOR;2080;EDUCACAO DE QUALIDADE PARA TODOS;0487;CONCESSAO DE BOLSAS DE ESTUDO NO ENSINO SUPERIOR;0002;CONCESSAO DE BOLSAS DE ESTUDOS NO PAIS;12364208004870001;108452;OCCCUO9414N;BF SUPERIOR - PROAP;90;APLICACOES DIRETAS;3;DESPESAS CORRENTES;3;OUTRAS DESPESAS CORRENTES;14;DIARIAS - PESSOAL CIVIL;339014;DIARIAS - PESSOAL CIVIL;00;RECURSOS PRIMARIOS DE LIVRE APLICACAO;;;;;4,837.60;0.00;4,837.60;4,837.60
2019;158133;INST.FED.DE EDUC.,CIENC.E TEC.DO CEARA;12;EDUCACAO;364;ENSINO SUPERIOR;2080;EDUCACAO DE QUALIDADE PARA TODOS;0487;CONCESSAO DE BOLSAS DE ESTUDO NO ENSINO SUPERIOR;0002;CONCESSAO DE BOLSAS DE ESTUDOS NO PAIS;12364208004870001;108452;OCCCUO9414N;BF SUPERIOR - PROAP;90;APLICACOES DIRETAS;3;DESPESAS CORRENTES;3;OUTRAS DESPESAS CORRENTES;33;PASSAGENS E DESPESAS COM LOCOMOCAO;339033;PASSAGENS E DESPESAS COM LOCOMOCAO;00;RECURSOS PRIMARIOS DE LIVRE APLICACAO;;;;;1,069.05;213.81;855.24;855.24
2019;158135;INST.FED.DE EDUC.,CIENC.E TEC.DO PARA;12;EDUCACAO;368;EDUCACAO BASICA;2080;EDUCACAO DE QUALIDADE PARA TODOS;20RJ;APOIO A CAPACITACAO E FORMACAO INICIAL E CONTINUADA PARA A E;0003;EDUCACAO BASICA PRESENCIAL;12368208020RJ0001;108455;PCC92B5801N;PARFOR - PARFOR;90;APLICACOES DIRETAS;3;DESPESAS CORRENTES;3;OUTRAS DESPESAS CORRENTES;14;DIARIAS - PESSOAL CIVIL;339014;DIARIAS - PESSOAL CIVIL;00;RECURSOS PRIMARIOS DE LIVRE APLICACAO;;;;;1,003,883.37;559,118.57;444,764.80;424,736.96
2019;158135;INST.FED.DE EDUC.,CIENC.E TEC.DO PARA;12;EDUCACAO;368;EDUCACAO BASICA;2080;EDUCACAO DE QUALIDADE PARA TODOS;20RJ;APOIO A CAPACITACAO E FORMACAO INICIAL E CONTINUADA PARA A E;0003;EDUCACAO BASICA PRESENCIAL;12368208020RJ0001;108455;PCC92B5801N;PARFOR - PARFOR;90;APLICACOES DIRETAS;3;DESPESAS CORRENTES;3;OUTRAS DESPESAS CORRENTES;30;MATERIAL DE CONSUMO;339030;MATERIAL DE CONSUMO;00;RECURSOS PRIMARIOS DE LIVRE APLICACAO;;;;;22,818.60;5,704.65;;
2019;158135;INST.FED.DE EDUC.,CIENC.E TEC.DO PARA;12;EDUCACAO;368;EDUCACAO BASICA;2080;EDUCACAO DE QUALIDADE PARA TODOS;20RJ;APOIO A CAPACITACAO E FORMACAO INICIAL E CONTINUADA PARA A E;0003;EDUCACAO BASICA PRESENCIAL;12368208020RJ0001;108455;PCC92B5801N;PARFOR - PARFOR;90;APLICACOES DIRETAS;3;DESPESAS CORRENTES;3;OUTRAS DESPESAS CORRENTES;33;PASSAGENS E DESPESAS COM LOCOMOCAO;339033;PASSAGENS E DESPESAS COM LOCOMOCAO;00;RECURSOS PRIMARIOS DE LIVRE APLICACAO;;;;;330,000.00;226,959.78;19,560.33;19,560.33
2019;158135;INST.FED.DE EDUC.,CIENC.E TEC.DO PARA;12;EDUCACAO;368;EDUCACAO BASICA;2080;EDUCACAO DE QUALIDADE PARA TODOS;20RJ;APOIO A CAPACITACAO E FORMACAO INICIAL E CONTINUADA PARA A E;0003;EDUCACAO BASICA PRESENCIAL;12368208020RJ0001;108455;PCC92B5801N;PARFOR - PARFOR;90;APLICACOES DIRETAS;3;DESPESAS CORRENTES;3;OUTRAS DESPESAS CORRENTES;39;OUTROS SERVICOS DE TERCEIROS PJ - OP.INT.ORC.;339039;OUTROS SERVICOS DE TERCEIROS - PESSOA JURIDICA;00;RECURSOS PRIMARIOS DE LIVRE APLICACAO;;;;;149,222.70;72,000.00;;
2019;158137;INST.FED.DE EDUC.,CIENC.E TEC.DO SUL DE MG;12;EDUCACAO;368;EDUCACAO BASICA;2080;EDUCACAO DE QUALIDADE PARA TODOS;20RJ;APOIO A CAPACITACAO E FORMACAO INICIAL E CONTINUADA PARA A E;0004;EDUCACAO BASICA A DISTANCIA - SISTEMA UNIVERSIDADE ABERTA DO BRASIL (UAB);12368208020RJ0001;108456;MCC62G22EDN;UAB - UAB TRADICIONAL;90;APLICACOES DIRETAS;3;DESPESAS CORRENTES;3;OUTRAS DESPESAS CORRENTES;14;DIARIAS - PESSOAL CIVIL;339014;DIARIAS - PESSOAL CIVIL;00;RECURSOS PRIMARIOS DE LIVRE APLICACAO;;;;;93,784.47;63,058.01;30,726.46;26,710.16
2019;158137;INST.FED.DE EDUC.,CIENC.E TEC.DO SUL DE MG;12;EDUCACAO;368;EDUCACAO BASICA;2080;EDUCACAO DE QUALIDADE PARA TODOS;20RJ;APOIO A CAPACITACAO E FORMACAO INICIAL E CONTINUADA PARA A E;0004;EDUCACAO BASICA A DISTANCIA - SISTEMA UNIVERSIDADE ABERTA DO BRASIL (UAB);12368208020RJ0001;108456;MCC62G22EDN;UAB - UAB TRADICIONAL;90;APLICACOES DIRETAS;3;DESPESAS CORRENTES;3;OUTRAS DESPESAS CORRENTES;18;AUXILIO FINANCEIRO A ESTUDANTES;339018;AUXILIO FINANCEIRO A ESTUDANTES;00;RECURSOS PRIMARIOS DE LIVRE APLICACAO;;;;;46,500.00;15,600.00;7,500.00;6,000.00
2019;158137;INST.FED.DE EDUC.,CIENC.E TEC.DO SUL DE MG;12;EDUCACAO;368;EDUCACAO BASICA;2080;EDUCACAO DE QUALIDADE PARA TODOS;20RJ;APOIO A CAPACITACAO E FORMACAO INICIAL E CONTINUADA PARA A E;0004;EDUCACAO BASICA A DISTANCIA - SISTEMA UNIVERSIDADE ABERTA DO BRASIL (UAB);12368208020RJ0001;108456;MCC62G22EDN;UAB - UAB TRADICIONAL;90;APLICACOES DIRETAS;3;DESPESAS CORRENTES;3;OUTRAS DESPESAS CORRENTES;33;PASSAGENS E DESPESAS COM LOCOMOCAO;339033;PASSAGENS E DESPESAS COM LOCOMOCAO;00;RECURSOS PRIMARIOS DE LIVRE APLICACAO;;;;;130,501.77;74,572.44;;
2019;158138;IFPB - REITORIA;12;EDUCACAO;368;EDUCACAO BASICA;2080;EDUCACAO DE QUALIDADE PARA TODOS;20RJ;APOIO A CAPACITACAO E FORMACAO INICIAL E CONTINUADA PARA A E;0003;EDUCACAO BASICA PRESENCIAL;12368208020RJ0001;108455;PCC92B5801N;PARFOR - PARFOR;90;APLICACOES DIRETAS;3;DESPESAS CORRENTES;3;OUTRAS DESPESAS CORRENTES;14;DIARIAS - PESSOAL CIVIL;339014;DIARIAS - PESSOAL CIVIL;00;RECURSOS PRIMARIOS DE LIVRE APLICACAO;;;;;106,781.22;66,288.24;40,492.98;33,730.44
2019;158138;IFPB - REITORIA;12;EDUCACAO;368;EDUCACAO BASICA;2080;EDUCACAO DE QUALIDADE PARA TODOS;20RJ;APOIO A CAPACITACAO E FORMACAO INICIAL E CONTINUADA PARA A E;0003;EDUCACAO BASICA PRESENCIAL;12368208020RJ0001;108455;PCC92B5801N;PARFOR - PARFOR;90;APLICACOES DIRETAS;3;DESPESAS CORRENTES;3;OUTRAS DESPESAS CORRENTES;30;MATERIAL DE CONSUMO;339030;MATERIAL DE CONSUMO;00;RECURSOS PRIMARIOS DE LIVRE APLICACAO;;;;0.00;30,880.00;7,720.00;23,160.00;23,160.00
2019;158138;IFPB - REITORIA;12;EDUCACAO;368;EDUCACAO BASICA;2080;EDUCACAO DE QUALIDADE PARA TODOS;20RJ;APOIO A CAPACITACAO E FORMACAO INICIAL E CONTINUADA PARA A E;0004;EDUCACAO BASICA A DISTANCIA - SISTEMA UNIVERSIDADE ABERTA DO BRASIL (UAB);12368208020RJ0001;108456;MCC62G22EDN;UAB - UAB TRADICIONAL;90;APLICACOES DIRETAS;3;DESPESAS CORRENTES;3;OUTRAS DESPESAS CORRENTES;14;DIARIAS - PESSOAL CIVIL;339014;DIARIAS - PESSOAL CIVIL;00;RECURSOS PRIMARIOS DE LIVRE APLICACAO;;;;;112,797.25;47,407.86;65,389.39;63,824.65
2019;158138;IFPB - REITORIA;12;EDUCACAO;368;EDUCACAO BASICA;2080;EDUCACAO DE QUALIDADE PARA TODOS;20RJ;APOIO A CAPACITACAO E FORMACAO INICIAL E CONTINUADA PARA A E;0004;EDUCACAO BASICA A DISTANCIA - SISTEMA UNIVERSIDADE ABERTA DO BRASIL (UAB);12368208020RJ0001;108456;MCC62G22EDN;UAB - UAB TRADICIONAL;90;APLICACOES DIRETAS;3;DESPESAS CORRENTES;3;OUTRAS DESPESAS CORRENTES;18;AUXILIO FINANCEIRO A ESTUDANTES;339018;AUXILIO FINANCEIRO A ESTUDANTES;00;RECURSOS PRIMARIOS DE LIVRE APLICACAO;;;;;155,645.00;61,185.00;94,460.00;94,460.00
2019;158138;IFPB - REITORIA;12;EDUCACAO;368;EDUCACAO BASICA;2080;EDUCACAO DE QUALIDADE PARA TODOS;20RJ;APOIO A CAPACITACAO E FORMACAO INICIAL E CONTINUADA PARA A E;0004;EDUCACAO BASICA A DISTANCIA - SISTEMA UNIVERSIDADE ABERTA DO BRASIL (UAB);12368208020RJ0001;108456;MCC62G22EDN;UAB - UAB TRADICIONAL;90;APLICACOES DIRETAS;3;DESPESAS CORRENTES;3;OUTRAS DESPESAS CORRENTES;33;PASSAGENS E DESPESAS COM LOCOMOCAO;339033;PASSAGENS E DESPESAS COM LOCOMOCAO;00;RECURSOS PRIMARIOS DE LIVRE APLICACAO;;;;;20,795.26;4,986.54;15,808.72;15,808.72
2019;158138;IFPB - REITORIA;12;EDUCACAO;368;EDUCACAO BASICA;2080;EDUCACAO DE QUALIDADE PARA TODOS;20RJ;APOIO A CAPACITACAO E FORMACAO INICIAL E CONTINUADA PARA A E;0004;EDUCACAO BASICA A DISTANCIA - SISTEMA UNIVERSIDADE ABERTA DO BRASIL (UAB);12368208020RJ0001;108456;MCC62G22EDN;UAB - UAB TRADICIONAL;90;APLICACOES DIRETAS;3;DESPESAS CORRENTES;3;OUTRAS DESPESAS CORRENTES;36;OUTROS SERVICOS DE TERCEIROS - P.FISICA;339036;OUTROS SERVICOS DE TERCEIROS - PESSOA FISICA;00;RECURSOS PRIMARIOS DE LIVRE APLICACAO;;;;;43,512.30;23,984.90;19,527.40;19,527.40
2019;158138;IFPB - REITORIA;12;EDUCACAO;368;EDUCACAO BASICA;2080;EDUCACAO DE QUALIDADE PARA TODOS;20RJ;APOIO A CAPACITACAO E FORMACAO INICIAL E CONTINUADA PARA A E;0004;EDUCACAO BASICA A DISTANCIA - SISTEMA UNIVERSIDADE ABERTA DO BRASIL (UAB);12368208020RJ0001;108456;MCC62G22EDN;UAB - UAB TRADICIONAL;90;APLICACOES DIRETAS;3;DESPESAS CORRENTES;3;OUTRAS DESPESAS CORRENTES;37;LOCACAO DE MAO-DE-OBRA;339037;LOCACAO DE MAO-DE-OBRA;00;RECURSOS PRIMARIOS DE LIVRE APLICACAO;;;;;952,340.52;321,792.60;;
2019;158142;INST.FED.DE EDUC.,CIENC.E TEC.DO AMAZONAS;12;EDUCACAO;368;EDUCACAO BASICA;2080;EDUCACAO DE QUALIDADE PARA TODOS;20RJ;APOIO A CAPACITACAO E FORMACAO INICIAL E CONTINUADA PARA A E;0003;EDUCACAO BASICA PRESENCIAL;12368208020RJ0001;108455;PCC92B5801N;PARFOR - PARFOR;90;APLICACOES DIRETAS;3;DESPESAS CORRENTES;3;OUTRAS DESPESAS CORRENTES;14;DIARIAS - PESSOAL CIVIL;339014;DIARIAS - PESSOAL CIVIL;00;RECURSOS PRIMARIOS DE LIVRE APLICACAO;;;;;68,379.00;64,432.60;3,946.40;3,946.40
2019;158142;INST.FED.DE EDUC.,CIENC.E TEC.DO AMAZONAS;12;EDUCACAO;368;EDUCACAO BASICA;2080;EDUCACAO DE QUALIDADE PARA TODOS;20RJ;APOIO A CAPACITACAO E FORMACAO INICIAL E CONTINUADA PARA A E;0003;EDUCACAO BASICA PRESENCIAL;12368208020RJ0001;108455;PCC92B5801N;PARFOR - PARFOR;90;APLICACOES DIRETAS;3;DESPESAS CORRENTES;3;OUTRAS DESPESAS CORRENTES;33;PASSAGENS E DESPESAS COM LOCOMOCAO;339033;PASSAGENS E DESPESAS COM LOCOMOCAO;00;RECURSOS PRIMARIOS DE LIVRE APLICACAO;;;;;204,000.00;142,800.00;27,335.04;27,335.04
2019;158144;INST.FED.DE EDUC.,CIENC.E TEC.DO MATO GROSSO;12;EDUCACAO;364;ENSINO SUPERIOR;2080;EDUCACAO DE QUALIDADE PARA TODOS;0487;CONCESSAO DE BOLSAS DE ESTUDO NO ENSINO SUPERIOR;0002;CONCESSAO DE BOLSAS DE ESTUDOS NO PAIS;12364208004870001;108452;OCCCUO9414N;BF SUPERIOR - PROAP;90;APLICACOES DIRETAS;3;DESPESAS CORRENTES;3;OUTRAS DESPESAS CORRENTES;14;DIARIAS - PESSOAL CIVIL;339014;DIARIAS - PESSOAL CIVIL;08;FUNDO SOCIAL-PARC.DEST.EDUCACAO PUBL.E SAUDE;;;;;79,417.56;34,355.32;45,062.24;43,454.41
2019;158144;INST.FED.DE EDUC.,CIENC.E TEC.DO MATO GROSSO;12;EDUCACAO;364;ENSINO SUPERIOR;2080;EDUCACAO DE QUALIDADE PARA TODOS;0487;CONCESSAO DE BOLSAS DE ESTUDO NO ENSINO SUPERIOR;0002;CONCESSAO DE BOLSAS DE ESTUDOS NO PAIS;12364208004870001;108452;OCCCUO9414N;BF SUPERIOR - PROAP;90;APLICACOES DIRETAS;3;DESPESAS CORRENTES;3;OUTRAS DESPESAS CORRENTES;18;AUXILIO FINANCEIRO A ESTUDANTES;339018;AUXILIO FINANCEIRO A ESTUDANTES;08;FUNDO SOCIAL-PARC.DEST.EDUCACAO PUBL.E SAUDE;;;;;9,300.00;1,550.00;7,750.00;7,750.00
2019;158144;INST.FED.DE EDUC.,CIENC.E TEC.DO MATO GROSSO;12;EDUCACAO;364;ENSINO SUPERIOR;2080;EDUCACAO DE QUALIDADE PARA TODOS;0487;CONCESSAO DE BOLSAS DE ESTUDO NO ENSINO SUPERIOR;0002;CONCESSAO DE BOLSAS DE ESTUDOS NO PAIS;12364208004870001;108452;OCCCUO9414N;BF SUPERIOR - PROAP;90;APLICACOES DIRETAS;3;DESPESAS CORRENTES;3;OUTRAS DESPESAS CORRENTES;30;MATERIAL DE CONSUMO;339030;MATERIAL DE CONSUMO;08;FUNDO SOCIAL-PARC.DEST.EDUCACAO PUBL.E SAUDE;;;;;22,073.70;8,829.48;6,644.25;6,644.25
2019;158144;INST.FED.DE EDUC.,CIENC.E TEC.DO MATO GROSSO;12;EDUCACAO;364;ENSINO SUPERIOR;2080;EDUCACAO DE QUALIDADE PARA TODOS;0487;CONCESSAO DE BOLSAS DE ESTUDO NO ENSINO SUPERIOR;0002;CONCESSAO DE BOLSAS DE ESTUDOS NO PAIS;12364208004870001;108452;OCCCUO9414N;BF SUPERIOR - PROAP;90;APLICACOES DIRETAS;3;DESPESAS CORRENTES;3;OUTRAS DESPESAS CORRENTES;33;PASSAGENS E DESPESAS COM LOCOMOCAO;339033;PASSAGENS E DESPESAS COM LOCOMOCAO;08;FUNDO SOCIAL-PARC.DEST.EDUCACAO PUBL.E SAUDE;;;;;14,578.85;3,950.25;7,525.16;7,525.16
2019;158144;INST.FED.DE EDUC.,CIENC.E TEC.DO MATO GROSSO;12;EDUCACAO;364;ENSINO SUPERIOR;2080;EDUCACAO DE QUALIDADE PARA TODOS;0487;CONCESSAO DE BOLSAS DE ESTUDO NO ENSINO SUPERIOR;0002;CONCESSAO DE BOLSAS DE ESTUDOS NO PAIS;12364208004870001;108452;OCCCUO9414N;BF SUPERIOR - PROAP;90;APLICACOES DIRETAS;3;DESPESAS CORRENTES;3;OUTRAS DESPESAS CORRENTES;39;OUTROS SERVICOS DE TERCEIROS PJ - OP.INT.ORC.;339039;OUTROS SERVICOS DE TERCEIROS - PESSOA JURIDICA;08;FUNDO SOCIAL-PARC.DEST.EDUCACAO PUBL.E SAUDE;;;;;16,000.04;4,000.01;;
2019;158144;INST.FED.DE EDUC.,CIENC.E TEC.DO MATO GROSSO;12;EDUCACAO;368;EDUCACAO BASICA;2080;EDUCACAO DE QUALIDADE PARA TODOS;20RJ;APOIO A CAPACITACAO E FORMACAO INICIAL E CONTINUADA PARA A E;0004;EDUCACAO BASICA A DISTANCIA - SISTEMA UNIVERSIDADE ABERTA DO BRASIL (UAB);12368208020RJ0001;108456;MCC62G22EDN;UAB - UAB TRADICIONAL;90;APLICACOES DIRETAS;3;DESPESAS CORRENTES;3;OUTRAS DESPESAS CORRENTES;14;DIARIAS - PESSOAL CIVIL;339014;DIARIAS - PESSOAL CIVIL;00;RECURSOS PRIMARIOS DE LIVRE APLICACAO;;;;;1,313,375.18;318,533.82;994,841.36;975,493.29
2019;158144;INST.FED.DE EDUC.,CIENC.E TEC.DO MATO GROSSO;12;EDUCACAO;368;EDUCACAO BASICA;2080;EDUCACAO DE QUALIDADE PARA TODOS;20RJ;APOIO A CAPACITACAO E FORMACAO INICIAL E CONTINUADA PARA A E;0004;EDUCACAO BASICA A DISTANCIA - SISTEMA UNIVERSIDADE ABERTA DO BRASIL (UAB);12368208020RJ0001;108456;MCC62G22EDN;UAB - UAB TRADICIONAL;90;APLICACOES DIRETAS;3;DESPESAS CORRENTES;3;OUTRAS DESPESAS CORRENTES;30;MATERIAL DE CONSUMO;339030;MATERIAL DE CONSUMO;00;RECURSOS PRIMARIOS DE LIVRE APLICACAO;;;;;125,214.80;30,183.70;4,480.00;4,480.00
2019;158144;INST.FED.DE EDUC.,CIENC.E TEC.DO MATO GROSSO;12;EDUCACAO;368;EDUCACAO BASICA;2080;EDUCACAO DE QUALIDADE PARA TODOS;20RJ;APOIO A CAPACITACAO E FORMACAO INICIAL E CONTINUADA PARA A E;0004;EDUCACAO BASICA A DISTANCIA - SISTEMA UNIVERSIDADE ABERTA DO BRASIL (UAB);12368208020RJ0001;108456;MCC62G22EDN;UAB - UAB TRADICIONAL;90;APLICACOES DIRETAS;3;DESPESAS CORRENTES;3;OUTRAS DESPESAS CORRENTES;33;PASSAGENS E DESPESAS COM LOCOMOCAO;339033;PASSAGENS E DESPESAS COM LOCOMOCAO;00;RECURSOS PRIMARIOS DE LIVRE APLICACAO;;;;;1,154,664.56;584,509.90;433,428.76;417,243.44
2019;158144;INST.FED.DE EDUC.,CIENC.E TEC.DO MATO GROSSO;12;EDUCACAO;368;EDUCACAO BASICA;2080;EDUCACAO DE QUALIDADE PARA TODOS;20RJ;APOIO A CAPACITACAO E FORMACAO INICIAL E CONTINUADA PARA A E;0004;EDUCACAO BASICA A DISTANCIA - SISTEMA UNIVERSIDADE ABERTA DO BRASIL (UAB);12368208020RJ0001;108456;MCC62G22EDN;UAB - UAB TRADICIONAL;90;APLICACOES DIRETAS;3;DESPESAS CORRENTES;3;OUTRAS DESPESAS CORRENTES;36;OUTROS SERVICOS DE TERCEIROS - P.FISICA;339036;OUTROS SERVICOS DE TERCEIROS - PESSOA FISICA;00;RECURSOS PRIMARIOS DE LIVRE APLICACAO;;;;;836,769.82;530,876.12;305,893.70;302,456.30
2019;158144;INST.FED.DE EDUC.,CIENC.E TEC.DO MATO GROSSO;12;EDUCACAO;368;EDUCACAO BASICA;2080;EDUCACAO DE QUALIDADE PARA TODOS;20RJ;APOIO A CAPACITACAO E FORMACAO INICIAL E CONTINUADA PARA A E;0004;EDUCACAO BASICA A DISTANCIA - SISTEMA UNIVERSIDADE ABERTA DO BRASIL (UAB);12368208020RJ0001;108456;MCC62G22EDN;UAB - UAB TRADICIONAL;90;APLICACOES DIRETAS;3;DESPESAS CORRENTES;3;OUTRAS DESPESAS CORRENTES;39;OUTROS SERVICOS DE TERCEIROS PJ - OP.INT.ORC.;339039;OUTROS SERVICOS DE TERCEIROS - PESSOA JURIDICA;00;RECURSOS PRIMARIOS DE LIVRE APLICACAO;;;;;209,883.04;55,766.26;93,216.78;92,816.78
2019;158147;INST.FED.DE EDUC.,CIENC.E TEC.DE ALAGOAS;12;EDUCACAO;368;EDUCACAO BASICA;2080;EDUCACAO DE QUALIDADE PARA TODOS;20RJ;APOIO A CAPACITACAO E FORMACAO INICIAL E CONTINUADA PARA A E;0004;EDUCACAO BASICA A DISTANCIA - SISTEMA UNIVERSIDADE ABERTA DO BRASIL (UAB);12368208020RJ0001;108456;MCC62G22EDN;UAB - UAB TRADICIONAL;90;APLICACOES DIRETAS;3;DESPESAS CORRENTES;3;OUTRAS DESPESAS CORRENTES;14;DIARIAS - PESSOAL CIVIL;339014;DIARIAS - PESSOAL CIVIL;00;RECURSOS PRIMARIOS DE LIVRE APLICACAO;;;;;138,104.16;110,324.16;27,780.00;18,488.56
2019;158151;INST.FED.DE EDUC.,CIENC.E TEC.DO ESP.SANTO;12;EDUCACAO;368;EDUCACAO BASICA;2080;EDUCACAO DE QUALIDADE PARA TODOS;20RJ;APOIO A CAPACITACAO E FORMACAO INICIAL E CONTINUADA PARA A E;0004;EDUCACAO BASICA A DISTANCIA - SISTEMA UNIVERSIDADE ABERTA DO BRASIL (UAB);12368208020RJ0001;108456;MCC62G22EDN;UAB - UAB TRADICIONAL;90;APLICACOES DIRETAS;3;DESPESAS CORRENTES;3;OUTRAS DESPESAS CORRENTES;14;DIARIAS - PESSOAL CIVIL;339014;DIARIAS - PESSOAL CIVIL;00;RECURSOS PRIMARIOS DE LIVRE APLICACAO;;;;;93,475.74;68,402.47;25,073.27;25,073.27
2019;158151;INST.FED.DE EDUC.,CIENC.E TEC.DO ESP.SANTO;12;EDUCACAO;368;EDUCACAO BASICA;2080;EDUCACAO DE QUALIDADE PARA TODOS;20RJ;APOIO A CAPACITACAO E FORMACAO INICIAL E CONTINUADA PARA A E;0004;EDUCACAO BASICA A DISTANCIA - SISTEMA UNIVERSIDADE ABERTA DO BRASIL (UAB);12368208020RJ0001;108456;MCC62G22EDN;UAB - UAB TRADICIONAL;90;APLICACOES DIRETAS;3;DESPESAS CORRENTES;3;OUTRAS DESPESAS CORRENTES;30;MATERIAL DE CONSUMO;339030;MATERIAL DE CONSUMO;00;RECURSOS PRIMARIOS DE LIVRE APLICACAO;;;;;35,791.48;8,947.87;;
2019;158151;INST.FED.DE EDUC.,CIENC.E TEC.DO ESP.SANTO;12;EDUCACAO;368;EDUCACAO BASICA;2080;EDUCACAO DE QUALIDADE PARA TODOS;20RJ;APOIO A CAPACITACAO E FORMACAO INICIAL E CONTINUADA PARA A E;0004;EDUCACAO BASICA A DISTANCIA - SISTEMA UNIVERSIDADE ABERTA DO BRASIL (UAB);12368208020RJ0001;108456;MCC62G22EDN;UAB - UAB TRADICIONAL;90;APLICACOES DIRETAS;3;DESPESAS CORRENTES;3;OUTRAS DESPESAS CORRENTES;36;OUTROS SERVICOS DE TERCEIROS - P.FISICA;339036;OUTROS SERVICOS DE TERCEIROS - PESSOA FISICA;00;RECURSOS PRIMARIOS DE LIVRE APLICACAO;;;;;103,518.00;71,163.20;32,354.80;32,354.80
2019;158151;INST.FED.DE EDUC.,CIENC.E TEC.DO ESP.SANTO;12;EDUCACAO;368;EDUCACAO BASICA;2080;EDUCACAO DE QUALIDADE PARA TODOS;20RJ;APOIO A CAPACITACAO E FORMACAO INICIAL E CONTINUADA PARA A E;0004;EDUCACAO BASICA A DISTANCIA - SISTEMA UNIVERSIDADE ABERTA DO BRASIL (UAB);12368208020RJ0001;108456;MCC62G22EDN;UAB - UAB TRADICIONAL;90;APLICACOES DIRETAS;3;DESPESAS CORRENTES;3;OUTRAS DESPESAS CORRENTES;39;OUTROS SERVICOS DE TERCEIROS PJ - OP.INT.ORC.;339039;OUTROS SERVICOS DE TERCEIROS - PESSOA JURIDICA;00;RECURSOS PRIMARIOS DE LIVRE APLICACAO;;;;;2,108,928.76;674,382.19;0.00;
2019;158151;INST.FED.DE EDUC.,CIENC.E TEC.DO ESP.SANTO;12;EDUCACAO;368;EDUCACAO BASICA;2080;EDUCACAO DE QUALIDADE PARA TODOS;20RJ;APOIO A CAPACITACAO E FORMACAO INICIAL E CONTINUADA PARA A E;0004;EDUCACAO BASICA A DISTANCIA - SISTEMA UNIVERSIDADE ABERTA DO BRASIL (UAB);12368208020RJ0001;108456;QCC62T58LEN;UAB - UAB PROFLETRAS;90;APLICACOES DIRETAS;3;DESPESAS CORRENTES;3;OUTRAS DESPESAS CORRENTES;39;OUTROS SERVICOS DE TERCEIROS PJ - OP.INT.ORC.;339039;OUTROS SERVICOS DE TERCEIROS - PESSOA JURIDICA;00;RECURSOS PRIMARIOS DE LIVRE APLICACAO;;;;;34,476.00;13,790.40;;
2019;158152;INST.FED.DE EDUC.,CIENC.E TEC.DE RORAIMA;12;EDUCACAO;368;EDUCACAO BASICA;2080;EDUCACAO DE QUALIDADE PARA TODOS;20RJ;APOIO A CAPACITACAO E FORMACAO INICIAL E CONTINUADA PARA A E;0004;EDUCACAO BASICA A DISTANCIA - SISTEMA UNIVERSIDADE ABERTA DO BRASIL (UAB);12368208020RJ0001;108456;MCC62G22EDN;UAB - UAB TRADICIONAL;90;APLICACOES DIRETAS;3;DESPESAS CORRENTES;3;OUTRAS DESPESAS CORRENTES;14;DIARIAS - PESSOAL CIVIL;339014;DIARIAS - PESSOAL CIVIL;00;RECURSOS PRIMARIOS DE LIVRE APLICACAO;;;;;87,237.36;40,836.29;46,401.07;44,494.31
2019;158152;INST.FED.DE EDUC.,CIENC.E TEC.DE RORAIMA;12;EDUCACAO;368;EDUCACAO BASICA;2080;EDUCACAO DE QUALIDADE PARA TODOS;20RJ;APOIO A CAPACITACAO E FORMACAO INICIAL E CONTINUADA PARA A E;0004;EDUCACAO BASICA A DISTANCIA - SISTEMA UNIVERSIDADE ABERTA DO BRASIL (UAB);12368208020RJ0001;108456;MCC62G22EDN;UAB - UAB TRADICIONAL;90;APLICACOES DIRETAS;3;DESPESAS CORRENTES;3;OUTRAS DESPESAS CORRENTES;36;OUTROS SERVICOS DE TERCEIROS - P.FISICA;339036;OUTROS SERVICOS DE TERCEIROS - PESSOA FISICA;00;RECURSOS PRIMARIOS DE LIVRE APLICACAO;;;;;122,711.40;87,168.00;35,543.40;34,304.40
2019;158153;INST.FED.DE EDUC.,CIENC.E TEC.DE GOIAS;12;EDUCACAO;368;EDUCACAO BASICA;2080;EDUCACAO DE QUALIDADE PARA TODOS;20RJ;APOIO A CAPACITACAO E FORMACAO INICIAL E CONTINUADA PARA A E;0004;EDUCACAO BASICA A DISTANCIA - SISTEMA UNIVERSIDADE ABERTA DO BRASIL (UAB);12368208020RJ0001;108456;MCC62G22EDN;UAB - UAB TRADICIONAL;90;APLICACOES DIRETAS;3;DESPESAS CORRENTES;3;OUTRAS DESPESAS CORRENTES;14;DIARIAS - PESSOAL CIVIL;339014;DIARIAS - PESSOAL CIVIL;00;RECURSOS PRIMARIOS DE LIVRE APLICACAO;;;;;79,043.09;44,617.51;34,425.58;32,174.03
2019;158153;INST.FED.DE EDUC.,CIENC.E TEC.DE GOIAS;12;EDUCACAO;368;EDUCACAO BASICA;2080;EDUCACAO DE QUALIDADE PARA TODOS;20RJ;APOIO A CAPACITACAO E FORMACAO INICIAL E CONTINUADA PARA A E;0004;EDUCACAO BASICA A DISTANCIA - SISTEMA UNIVERSIDADE ABERTA DO BRASIL (UAB);12368208020RJ0001;108456;MCC62G22EDN;UAB - UAB TRADICIONAL;90;APLICACOES DIRETAS;3;DESPESAS CORRENTES;3;OUTRAS DESPESAS CORRENTES;30;MATERIAL DE CONSUMO;339030;MATERIAL DE CONSUMO;00;RECURSOS PRIMARIOS DE LIVRE APLICACAO;;;;;11,933.44;2,983.36;;
2019;158153;INST.FED.DE EDUC.,CIENC.E TEC.DE GOIAS;12;EDUCACAO;368;EDUCACAO BASICA;2080;EDUCACAO DE QUALIDADE PARA TODOS;20RJ;APOIO A CAPACITACAO E FORMACAO INICIAL E CONTINUADA PARA A E;0004;EDUCACAO BASICA A DISTANCIA - SISTEMA UNIVERSIDADE ABERTA DO BRASIL (UAB);12368208020RJ0001;108456;MCC62G22EDN;UAB - UAB TRADICIONAL;90;APLICACOES DIRETAS;3;DESPESAS CORRENTES;3;OUTRAS DESPESAS CORRENTES;33;PASSAGENS E DESPESAS COM LOCOMOCAO;339033;PASSAGENS E DESPESAS COM LOCOMOCAO;00;RECURSOS PRIMARIOS DE LIVRE APLICACAO;;;;;91,255.64;48,592.28;32,069.55;32,069.55
2019;158153;INST.FED.DE EDUC.,CIENC.E TEC.DE GOIAS;12;EDUCACAO;368;EDUCACAO BASICA;2080;EDUCACAO DE QUALIDADE PARA TODOS;20RJ;APOIO A CAPACITACAO E FORMACAO INICIAL E CONTINUADA PARA A E;0004;EDUCACAO BASICA A DISTANCIA - SISTEMA UNIVERSIDADE ABERTA DO BRASIL (UAB);12368208020RJ0001;108456;MCC62G22EDN;UAB - UAB TRADICIONAL;90;APLICACOES DIRETAS;3;DESPESAS CORRENTES;3;OUTRAS DESPESAS CORRENTES;36;OUTROS SERVICOS DE TERCEIROS - P.FISICA;339036;OUTROS SERVICOS DE TERCEIROS - PESSOA FISICA;00;RECURSOS PRIMARIOS DE LIVRE APLICACAO;;;;;24,072.00;24,072.00;;
2019;158153;INST.FED.DE EDUC.,CIENC.E TEC.DE GOIAS;12;EDUCACAO;368;EDUCACAO BASICA;2080;EDUCACAO DE QUALIDADE PARA TODOS;20RJ;APOIO A CAPACITACAO E FORMACAO INICIAL E CONTINUADA PARA A E;0004;EDUCACAO BASICA A DISTANCIA - SISTEMA UNIVERSIDADE ABERTA DO BRASIL (UAB);12368208020RJ0001;108456;MCC62G22EDN;UAB - UAB TRADICIONAL;90;APLICACOES DIRETAS;3;DESPESAS CORRENTES;3;OUTRAS DESPESAS CORRENTES;39;OUTROS SERVICOS DE TERCEIROS PJ - OP.INT.ORC.;339039;OUTROS SERVICOS DE TERCEIROS - PESSOA JURIDICA;00;RECURSOS PRIMARIOS DE LIVRE APLICACAO;;;;;171,045.60;42,761.40;;
2019;158154;INSTITUTO FEDERAL DE SAO PAULO;12;EDUCACAO;364;ENSINO SUPERIOR;2080;EDUCACAO DE QUALIDADE PARA TODOS;0487;CONCESSAO DE BOLSAS DE ESTUDO NO ENSINO SUPERIOR;0002;CONCESSAO DE BOLSAS DE ESTUDOS NO PAIS;12364208004870001;108452;OCCCUO9414N;BF SUPERIOR - PROAP;90;APLICACOES DIRETAS;3;DESPESAS CORRENTES;3;OUTRAS DESPESAS CORRENTES;14;DIARIAS - PESSOAL CIVIL;339014;DIARIAS - PESSOAL CIVIL;00;RECURSOS PRIMARIOS DE LIVRE APLICACAO;;;;;12,884.43;10,528.98;2,355.45;2,355.45
2019;158155;INST.FED.DE EDUC.,CIENC.E TEC.DO RN;12;EDUCACAO;368;EDUCACAO BASICA;2080;EDUCACAO DE QUALIDADE PARA TODOS;20RJ;APOIO A CAPACITACAO E FORMACAO INICIAL E CONTINUADA PARA A E;0004;EDUCACAO BASICA A DISTANCIA - SISTEMA UNIVERSIDADE ABERTA DO BRASIL (UAB);12368208020RJ0001;108456;MCC62G22EDN;UAB - UAB TRADICIONAL;90;APLICACOES DIRETAS;3;DESPESAS CORRENTES;3;OUTRAS DESPESAS CORRENTES;14;DIARIAS - PESSOAL CIVIL;339014;DIARIAS - PESSOAL CIVIL;00;RECURSOS PRIMARIOS DE LIVRE APLICACAO;;;;;19,202.65;19,202.65;;
2019;158155;INST.FED.DE EDUC.,CIENC.E TEC.DO RN;12;EDUCACAO;368;EDUCACAO BASICA;2080;EDUCACAO DE QUALIDADE PARA TODOS;20RJ;APOIO A CAPACITACAO E FORMACAO INICIAL E CONTINUADA PARA A E;0004;EDUCACAO BASICA A DISTANCIA - SISTEMA UNIVERSIDADE ABERTA DO BRASIL (UAB);12368208020RJ0001;108456;MCC62G22EDN;UAB - UAB TRADICIONAL;90;APLICACOES DIRETAS;3;DESPESAS CORRENTES;3;OUTRAS DESPESAS CORRENTES;18;AUXILIO FINANCEIRO A ESTUDANTES;339018;AUXILIO FINANCEIRO A ESTUDANTES;00;RECURSOS PRIMARIOS DE LIVRE APLICACAO;;;;;38,405.28;38,405.28;;
2019;158155;INST.FED.DE EDUC.,CIENC.E TEC.DO RN;12;EDUCACAO;368;EDUCACAO BASICA;2080;EDUCACAO DE QUALIDADE PARA TODOS;20RJ;APOIO A CAPACITACAO E FORMACAO INICIAL E CONTINUADA PARA A E;0004;EDUCACAO BASICA A DISTANCIA - SISTEMA UNIVERSIDADE ABERTA DO BRASIL (UAB);12368208020RJ0001;108456;MCC62G22EDN;UAB - UAB TRADICIONAL;90;APLICACOES DIRETAS;3;DESPESAS CORRENTES;3;OUTRAS DESPESAS CORRENTES;36;OUTROS SERVICOS DE TERCEIROS - P.FISICA;339036;OUTROS SERVICOS DE TERCEIROS - PESSOA FISICA;00;RECURSOS PRIMARIOS DE LIVRE APLICACAO;;;;;9,601.33;9,601.33;;
2019;158155;INST.FED.DE EDUC.,CIENC.E TEC.DO RN;12;EDUCACAO;368;EDUCACAO BASICA;2080;EDUCACAO DE QUALIDADE PARA TODOS;20RJ;APOIO A CAPACITACAO E FORMACAO INICIAL E CONTINUADA PARA A E;0004;EDUCACAO BASICA A DISTANCIA - SISTEMA UNIVERSIDADE ABERTA DO BRASIL (UAB);12368208020RJ0001;108456;MCC62G22EDN;UAB - UAB TRADICIONAL;90;APLICACOES DIRETAS;3;DESPESAS CORRENTES;3;OUTRAS DESPESAS CORRENTES;39;OUTROS SERVICOS DE TERCEIROS PJ - OP.INT.ORC.;339039;OUTROS SERVICOS DE TERCEIROS - PESSOA JURIDICA;00;RECURSOS PRIMARIOS DE LIVRE APLICACAO;;;;;163,732.16;40,933.04;;
2019;158195;UNIVERSIDADE FEDERAL DE CAMPINA GRANDE;12;EDUCACAO;364;ENSINO SUPERIOR;2080;EDUCACAO DE QUALIDADE PARA TODOS;0487;CONCESSAO DE BOLSAS DE ESTUDO NO ENSINO SUPERIOR;0002;CONCESSAO DE BOLSAS DE ESTUDOS NO PAIS;12364208004870001;108452;OCCCUO9414N;BF SUPERIOR - PROAP;90;APLICACOES DIRETAS;3;DESPESAS CORRENTES;3;OUTRAS DESPESAS CORRENTES;14;DIARIAS - PESSOAL CIVIL;339014;DIARIAS - PESSOAL CIVIL;08;FUNDO SOCIAL-PARC.DEST.EDUCACAO PUBL.E SAUDE;;;;;1,718,498.92;556,726.62;1,140,878.68;1,081,268.98
2019;158195;UNIVERSIDADE FEDERAL DE CAMPINA GRANDE;12;EDUCACAO;364;ENSINO SUPERIOR;2080;EDUCACAO DE QUALIDADE PARA TODOS;0487;CONCESSAO DE BOLSAS DE ESTUDO NO ENSINO SUPERIOR;0002;CONCESSAO DE BOLSAS DE ESTUDOS NO PAIS;12364208004870001;108452;OCCCUO9414N;BF SUPERIOR - PROAP;90;APLICACOES DIRETAS;3;DESPESAS CORRENTES;3;OUTRAS DESPESAS CORRENTES;18;AUXILIO FINANCEIRO A ESTUDANTES;339018;AUXILIO FINANCEIRO A ESTUDANTES;08;FUNDO SOCIAL-PARC.DEST.EDUCACAO PUBL.E SAUDE;;;;;1,717,225.97;479,285.36;1,229,629.71;1,118,149.50
2019;158195;UNIVERSIDADE FEDERAL DE CAMPINA GRANDE;12;EDUCACAO;364;ENSINO SUPERIOR;2080;EDUCACAO DE QUALIDADE PARA TODOS;0487;CONCESSAO DE BOLSAS DE ESTUDO NO ENSINO SUPERIOR;0002;CONCESSAO DE BOLSAS DE ESTUDOS NO PAIS;12364208004870001;108452;OCCCUO9414N;BF SUPERIOR - PROAP;90;APLICACOES DIRETAS;3;DESPESAS CORRENTES;3;OUTRAS DESPESAS CORRENTES;30;MATERIAL DE CONSUMO;339030;MATERIAL DE CONSUMO;08;FUNDO SOCIAL-PARC.DEST.EDUCACAO PUBL.E SAUDE;;;;;37,109.52;5,931.36;;
2019;158195;UNIVERSIDADE FEDERAL DE CAMPINA GRANDE;12;EDUCACAO;364;ENSINO SUPERIOR;2080;EDUCACAO DE QUALIDADE PARA TODOS;0487;CONCESSAO DE BOLSAS DE ESTUDO NO ENSINO SUPERIOR;0002;CONCESSAO DE BOLSAS DE ESTUDOS NO PAIS;12364208004870001;108452;OCCCUO9414N;BF SUPERIOR - PROAP;90;APLICACOES DIRETAS;3;DESPESAS CORRENTES;3;OUTRAS DESPESAS CORRENTES;33;PASSAGENS E DESPESAS COM LOCOMOCAO;339033;PASSAGENS E DESPESAS COM LOCOMOCAO;08;FUNDO SOCIAL-PARC.DEST.EDUCACAO PUBL.E SAUDE;;;;;1,550,163.25;391,309.89;1,150,537.69;1,075,814.78
2019;158195;UNIVERSIDADE FEDERAL DE CAMPINA GRANDE;12;EDUCACAO;364;ENSINO SUPERIOR;2080;EDUCACAO DE QUALIDADE PARA TODOS;0487;CONCESSAO DE BOLSAS DE ESTUDO NO ENSINO SUPERIOR;0002;CONCESSAO DE BOLSAS DE ESTUDOS NO PAIS;12364208004870001;108452;OCCCUO9414N;BF SUPERIOR - PROAP;90;APLICACOES DIRETAS;3;DESPESAS CORRENTES;3;OUTRAS DESPESAS CORRENTES;36;OUTROS SERVICOS DE TERCEIROS - P.FISICA;339036;OUTROS SERVICOS DE TERCEIROS - PESSOA FISICA;08;FUNDO SOCIAL-PARC.DEST.EDUCACAO PUBL.E SAUDE;;;;;44,404.90;23,745.40;20,659.50;19,856.50
2019;158195;UNIVERSIDADE FEDERAL DE CAMPINA GRANDE;12;EDUCACAO;364;ENSINO SUPERIOR;2080;EDUCACAO DE QUALIDADE PARA TODOS;0487;CONCESSAO DE BOLSAS DE ESTUDO NO ENSINO SUPERIOR;0002;CONCESSAO DE BOLSAS DE ESTUDOS NO PAIS;12364208004870001;108452;OCCCUO9414N;BF SUPERIOR - PROAP;90;APLICACOES DIRETAS;3;DESPESAS CORRENTES;3;OUTRAS DESPESAS CORRENTES;39;OUTROS SERVICOS DE TERCEIROS PJ - OP.INT.ORC.;339039;OUTROS SERVICOS DE TERCEIROS - PESSOA JURIDICA;08;FUNDO SOCIAL-PARC.DEST.EDUCACAO PUBL.E SAUDE;;;;;267,696.50;67,040.12;170,611.20;170,611.20
2019;158195;UNIVERSIDADE FEDERAL DE CAMPINA GRANDE;12;EDUCACAO;368;EDUCACAO BASICA;2080;EDUCACAO DE QUALIDADE PARA TODOS;20RJ;APOIO A CAPACITACAO E FORMACAO INICIAL E CONTINUADA PARA A E;0004;EDUCACAO BASICA A DISTANCIA - SISTEMA UNIVERSIDADE ABERTA DO BRASIL (UAB);12368208020RJ0001;108456;QCC62T58MAN;UAB - UAB PROFMAT;90;APLICACOES DIRETAS;3;DESPESAS CORRENTES;3;OUTRAS DESPESAS CORRENTES;14;DIARIAS - PESSOAL CIVIL;339014;DIARIAS - PESSOAL CIVIL;00;RECURSOS PRIMARIOS DE LIVRE APLICACAO;;;;;40,483.55;17,422.90;23,060.65;21,383.02
2019;158195;UNIVERSIDADE FEDERAL DE CAMPINA GRANDE;12;EDUCACAO;368;EDUCACAO BASICA;2080;EDUCACAO DE QUALIDADE PARA TODOS;20RJ;APOIO A CAPACITACAO E FORMACAO INICIAL E CONTINUADA PARA A E;0004;EDUCACAO BASICA A DISTANCIA - SISTEMA UNIVERSIDADE ABERTA DO BRASIL (UAB);12368208020RJ0001;108456;QCC62T58MAN;UAB - UAB PROFMAT;90;APLICACOES DIRETAS;3;DESPESAS CORRENTES;3;OUTRAS DESPESAS CORRENTES;33;PASSAGENS E DESPESAS COM LOCOMOCAO;339033;PASSAGENS E DESPESAS COM LOCOMOCAO;00;RECURSOS PRIMARIOS DE LIVRE APLICACAO;;;;;138,026.38;38,687.76;99,338.62;83,166.16
2019;158197;CENTRO DE FORMACAO DE PROFESSORES DA UFCG;12;EDUCACAO;368;EDUCACAO BASICA;2080;EDUCACAO DE QUALIDADE PARA TODOS;20RJ;APOIO A CAPACITACAO E FORMACAO INICIAL E CONTINUADA PARA A E;0004;EDUCACAO BASICA A DISTANCIA - SISTEMA UNIVERSIDADE ABERTA DO BRASIL (UAB);12368208020RJ0001;108456;QCC62T58LEN;UAB - UAB PROFLETRAS;90;APLICACOES DIRETAS;3;DESPESAS CORRENTES;3;OUTRAS DESPESAS CORRENTES;14;DIARIAS - PESSOAL CIVIL;339014;DIARIAS - PESSOAL CIVIL;00;RECURSOS PRIMARIOS DE LIVRE APLICACAO;;;;;70,487.84;54,402.04;16,085.80;12,705.38
2019;158197;CENTRO DE FORMACAO DE PROFESSORES DA UFCG;12;EDUCACAO;368;EDUCACAO BASICA;2080;EDUCACAO DE QUALIDADE PARA TODOS;20RJ;APOIO A CAPACITACAO E FORMACAO INICIAL E CONTINUADA PARA A E;0004;EDUCACAO BASICA A DISTANCIA - SISTEMA UNIVERSIDADE ABERTA DO BRASIL (UAB);12368208020RJ0001;108456;QCC62T58LEN;UAB - UAB PROFLETRAS;90;APLICACOES DIRETAS;3;DESPESAS CORRENTES;3;OUTRAS DESPESAS CORRENTES;18;AUXILIO FINANCEIRO A ESTUDANTES;339018;AUXILIO FINANCEIRO A ESTUDANTES;00;RECURSOS PRIMARIOS DE LIVRE APLICACAO;;;;;33,760.00;24,480.00;9,280.00;9,280.00
2019;158199;CENTRO DE SAUDE E TECNOLOGIA RURAL DA UFCG;12;EDUCACAO;364;ENSINO SUPERIOR;2080;EDUCACAO DE QUALIDADE PARA TODOS;0487;CONCESSAO DE BOLSAS DE ESTUDO NO ENSINO SUPERIOR;0002;CONCESSAO DE BOLSAS DE ESTUDOS NO PAIS;12364208004870001;108452;OCCCUO9414N;BF SUPERIOR - PROAP;90;APLICACOES DIRETAS;3;DESPESAS CORRENTES;3;OUTRAS DESPESAS CORRENTES;14;DIARIAS - PESSOAL CIVIL;339014;DIARIAS - PESSOAL CIVIL;08;FUNDO SOCIAL-PARC.DEST.EDUCACAO PUBL.E SAUDE;;;;;187,134.42;79,947.80;107,186.62;95,841.70
2019;158199;CENTRO DE SAUDE E TECNOLOGIA RURAL DA UFCG;12;EDUCACAO;364;ENSINO SUPERIOR;2080;EDUCACAO DE QUALIDADE PARA TODOS;0487;CONCESSAO DE BOLSAS DE ESTUDO NO ENSINO SUPERIOR;0002;CONCESSAO DE BOLSAS DE ESTUDOS NO PAIS;12364208004870001;108452;OCCCUO9414N;BF SUPERIOR - PROAP;90;APLICACOES DIRETAS;3;DESPESAS CORRENTES;3;OUTRAS DESPESAS CORRENTES;18;AUXILIO FINANCEIRO A ESTUDANTES;339018;AUXILIO FINANCEIRO A ESTUDANTES;08;FUNDO SOCIAL-PARC.DEST.EDUCACAO PUBL.E SAUDE;;;;;37,788.00;24,604.00;13,184.00;13,184.00
2019;158199;CENTRO DE SAUDE E TECNOLOGIA RURAL DA UFCG;12;EDUCACAO;364;ENSINO SUPERIOR;2080;EDUCACAO DE QUALIDADE PARA TODOS;0487;CONCESSAO DE BOLSAS DE ESTUDO NO ENSINO SUPERIOR;0002;CONCESSAO DE BOLSAS DE ESTUDOS NO PAIS;12364208004870001;108452;OCCCUO9414N;BF SUPERIOR - PROAP;90;APLICACOES DIRETAS;3;DESPESAS CORRENTES;3;OUTRAS DESPESAS CORRENTES;30;MATERIAL DE CONSUMO;339030;MATERIAL DE CONSUMO;08;FUNDO SOCIAL-PARC.DEST.EDUCACAO PUBL.E SAUDE;;;;;243,415.00;54,610.00;109,560.00;94,960.00
2019;158199;CENTRO DE SAUDE E TECNOLOGIA RURAL DA UFCG;12;EDUCACAO;364;ENSINO SUPERIOR;2080;EDUCACAO DE QUALIDADE PARA TODOS;0487;CONCESSAO DE BOLSAS DE ESTUDO NO ENSINO SUPERIOR;0002;CONCESSAO DE BOLSAS DE ESTUDOS NO PAIS;12364208004870001;108452;OCCCUO9414N;BF SUPERIOR - PROAP;90;APLICACOES DIRETAS;3;DESPESAS CORRENTES;3;OUTRAS DESPESAS CORRENTES;33;PASSAGENS E DESPESAS COM LOCOMOCAO;339033;PASSAGENS E DESPESAS COM LOCOMOCAO;08;FUNDO SOCIAL-PARC.DEST.EDUCACAO PUBL.E SAUDE;;;;;57,538.50;57,538.50;;
2019;158199;CENTRO DE SAUDE E TECNOLOGIA RURAL DA UFCG;12;EDUCACAO;364;ENSINO SUPERIOR;2080;EDUCACAO DE QUALIDADE PARA TODOS;0487;CONCESSAO DE BOLSAS DE ESTUDO NO ENSINO SUPERIOR;0002;CONCESSAO DE BOLSAS DE ESTUDOS NO PAIS;12364208004870001;108452;OCCCUO9414N;BF SUPERIOR - PROAP;90;APLICACOES DIRETAS;3;DESPESAS CORRENTES;3;OUTRAS DESPESAS CORRENTES;36;OUTROS SERVICOS DE TERCEIROS - P.FISICA;339036;OUTROS SERVICOS DE TERCEIROS - PESSOA FISICA;08;FUNDO SOCIAL-PARC.DEST.EDUCACAO PUBL.E SAUDE;;;;;21,300.76;5,774.26;15,526.50;14,907.00
2019;158199;CENTRO DE SAUDE E TECNOLOGIA RURAL DA UFCG;12;EDUCACAO;364;ENSINO SUPERIOR;2080;EDUCACAO DE QUALIDADE PARA TODOS;0487;CONCESSAO DE BOLSAS DE ESTUDO NO ENSINO SUPERIOR;0002;CONCESSAO DE BOLSAS DE ESTUDOS NO PAIS;12364208004870001;108452;OCCCUO9414N;BF SUPERIOR - PROAP;90;APLICACOES DIRETAS;3;DESPESAS CORRENTES;3;OUTRAS DESPESAS CORRENTES;39;OUTROS SERVICOS DE TERCEIROS PJ - OP.INT.ORC.;339039;OUTROS SERVICOS DE TERCEIROS - PESSOA JURIDICA;08;FUNDO SOCIAL-PARC.DEST.EDUCACAO PUBL.E SAUDE;;;;;10,080.00;2,520.00;;
2019;158221;ESCOLA DE SERVICO SOCIAL DA UFRJ;12;EDUCACAO;364;ENSINO SUPERIOR;2080;EDUCACAO DE QUALIDADE PARA TODOS;0487;CONCESSAO DE BOLSAS DE ESTUDO NO ENSINO SUPERIOR;0002;CONCESSAO DE BOLSAS DE ESTUDOS NO PAIS;12364208004870001;108452;OCCCUO9414N;BF SUPERIOR - PROAP;50;TRANSFERENCIA INSTITUICOES PRIVADAS SEM FINS LUCRATIVOS;3;DESPESAS CORRENTES;3;OUTRAS DESPESAS CORRENTES;41;CONTRIBUICOES;335041;CONTRIBUICOES;08;FUNDO SOCIAL-PARC.DEST.EDUCACAO PUBL.E SAUDE;;;;;39,920.00;0.00;39,920.00;34,930.00
2019;158221;ESCOLA DE SERVICO SOCIAL DA UFRJ;12;EDUCACAO;364;ENSINO SUPERIOR;2080;EDUCACAO DE QUALIDADE PARA TODOS;0487;CONCESSAO DE BOLSAS DE ESTUDO NO ENSINO SUPERIOR;0002;CONCESSAO DE BOLSAS DE ESTUDOS NO PAIS;12364208004870001;108452;OCCCUO9414N;BF SUPERIOR - PROAP;90;APLICACOES DIRETAS;3;DESPESAS CORRENTES;3;OUTRAS DESPESAS CORRENTES;18;AUXILIO FINANCEIRO A ESTUDANTES;339018;AUXILIO FINANCEIRO A ESTUDANTES;08;FUNDO SOCIAL-PARC.DEST.EDUCACAO PUBL.E SAUDE;;;;;115,500.00;800.00;114,700.00;96,200.00
2019;158221;ESCOLA DE SERVICO SOCIAL DA UFRJ;12;EDUCACAO;364;ENSINO SUPERIOR;2080;EDUCACAO DE QUALIDADE PARA TODOS;0487;CONCESSAO DE BOLSAS DE ESTUDO NO ENSINO SUPERIOR;0002;CONCESSAO DE BOLSAS DE ESTUDOS NO PAIS;12364208004870001;108452;OCCCUO9414N;BF SUPERIOR - PROAP;90;APLICACOES DIRETAS;3;DESPESAS CORRENTES;3;OUTRAS DESPESAS CORRENTES;30;MATERIAL DE CONSUMO;339030;MATERIAL DE CONSUMO;08;FUNDO SOCIAL-PARC.DEST.EDUCACAO PUBL.E SAUDE;;;;;117,507.05;18,133.83;95,923.22;81,705.37
2019;158221;ESCOLA DE SERVICO SOCIAL DA UFRJ;12;EDUCACAO;364;ENSINO SUPERIOR;2080;EDUCACAO DE QUALIDADE PARA TODOS;0487;CONCESSAO DE BOLSAS DE ESTUDO NO ENSINO SUPERIOR;0002;CONCESSAO DE BOLSAS DE ESTUDOS NO PAIS;12364208004870001;108452;OCCCUO9414N;BF SUPERIOR - PROAP;90;APLICACOES DIRETAS;3;DESPESAS CORRENTES;3;OUTRAS DESPESAS CORRENTES;39;OUTROS SERVICOS DE TERCEIROS PJ - OP.INT.ORC.;339039;OUTROS SERVICOS DE TERCEIROS - PESSOA JURIDICA;08;FUNDO SOCIAL-PARC.DEST.EDUCACAO PUBL.E SAUDE;;;;;210,545.00;69,435.00;141,110.00;109,880.00
2019;158221;ESCOLA DE SERVICO SOCIAL DA UFRJ;12;EDUCACAO;364;ENSINO SUPERIOR;2080;EDUCACAO DE QUALIDADE PARA TODOS;0487;CONCESSAO DE BOLSAS DE ESTUDO NO ENSINO SUPERIOR;0002;CONCESSAO DE BOLSAS DE ESTUDOS NO PAIS;12364208004870001;108452;OCCCUO9414N;BF SUPERIOR - PROAP;90;APLICACOES DIRETAS;3;DESPESAS CORRENTES;3;OUTRAS DESPESAS CORRENTES;40;SERVICOS DE TECNOLOGIA DA INFORMACAO E COMUNICACAO - PJ;339040;SERVICOS DE TECNOLOGIA DA INFORMACAO E COMUNICACAO - PJ;08;FUNDO SOCIAL-PARC.DEST.EDUCACAO PUBL.E SAUDE;;;;;14,540.00;3,635.00;;
2019;158222;ESCOLA DE COMUNICACAO DA UFRJ;12;EDUCACAO;364;ENSINO SUPERIOR;2080;EDUCACAO DE QUALIDADE PARA TODOS;0487;CONCESSAO DE BOLSAS DE ESTUDO NO ENSINO SUPERIOR;0002;CONCESSAO DE BOLSAS DE ESTUDOS NO PAIS;12364208004870001;108452;OCCCUO9414N;BF SUPERIOR - PROAP;90;APLICACOES DIRETAS;3;DESPESAS CORRENTES;3;OUTRAS DESPESAS CORRENTES;18;AUXILIO FINANCEIRO A ESTUDANTES;339018;AUXILIO FINANCEIRO A ESTUDANTES;08;FUNDO SOCIAL-PARC.DEST.EDUCACAO PUBL.E SAUDE;;;;;103,775.60;0.00;103,775.60;78,366.40
2019;158222;ESCOLA DE COMUNICACAO DA UFRJ;12;EDUCACAO;364;ENSINO SUPERIOR;2080;EDUCACAO DE QUALIDADE PARA TODOS;0487;CONCESSAO DE BOLSAS DE ESTUDO NO ENSINO SUPERIOR;0002;CONCESSAO DE BOLSAS DE ESTUDOS NO PAIS;12364208004870001;108452;OCCCUO9414N;BF SUPERIOR - PROAP;90;APLICACOES DIRETAS;3;DESPESAS CORRENTES;3;OUTRAS DESPESAS CORRENTES;30;MATERIAL DE CONSUMO;339030;MATERIAL DE CONSUMO;08;FUNDO SOCIAL-PARC.DEST.EDUCACAO PUBL.E SAUDE;;;;;100,682.00;13,189.05;87,492.95;72,412.17
2019;158222;ESCOLA DE COMUNICACAO DA UFRJ;12;EDUCACAO;364;ENSINO SUPERIOR;2080;EDUCACAO DE QUALIDADE PARA TODOS;0487;CONCESSAO DE BOLSAS DE ESTUDO NO ENSINO SUPERIOR;0002;CONCESSAO DE BOLSAS DE ESTUDOS NO PAIS;12364208004870001;108452;OCCCUO9414N;BF SUPERIOR - PROAP;90;APLICACOES DIRETAS;3;DESPESAS CORRENTES;3;OUTRAS DESPESAS CORRENTES;39;OUTROS SERVICOS DE TERCEIROS PJ - OP.INT.ORC.;339039;OUTROS SERVICOS DE TERCEIROS - PESSOA JURIDICA;08;FUNDO SOCIAL-PARC.DEST.EDUCACAO PUBL.E SAUDE;;;;;42,000.00;8,400.00;33,600.00;33,600.00
2019;158222;ESCOLA DE COMUNICACAO DA UFRJ;12;EDUCACAO;364;ENSINO SUPERIOR;2080;EDUCACAO DE QUALIDADE PARA TODOS;0487;CONCESSAO DE BOLSAS DE ESTUDO NO ENSINO SUPERIOR;0002;CONCESSAO DE BOLSAS DE ESTUDOS NO PAIS;12364208004870001;108452;OCCCUO9414N;BF SUPERIOR - PROAP;90;APLICACOES DIRETAS;3;DESPESAS CORRENTES;3;OUTRAS DESPESAS CORRENTES;40;SERVICOS DE TECNOLOGIA DA INFORMACAO E COMUNICACAO - PJ;339040;SERVICOS DE TECNOLOGIA DA INFORMACAO E COMUNICACAO - PJ;08;FUNDO SOCIAL-PARC.DEST.EDUCACAO PUBL.E SAUDE;;;;;3,000.00;0.00;3,000.00;2,000.00
2019;158222;ESCOLA DE COMUNICACAO DA UFRJ;12;EDUCACAO;364;ENSINO SUPERIOR;2080;EDUCACAO DE QUALIDADE PARA TODOS;0487;CONCESSAO DE BOLSAS DE ESTUDO NO ENSINO SUPERIOR;0002;CONCESSAO DE BOLSAS DE ESTUDOS NO PAIS;12364208004870001;108452;OCCCUO9414N;BF SUPERIOR - PROAP;90;APLICACOES DIRETAS;3;DESPESAS CORRENTES;3;OUTRAS DESPESAS CORRENTES;93;INDENIZACOES E RESTITUICOES;339093;INDENIZACOES E RESTITUICOES;08;FUNDO SOCIAL-PARC.DEST.EDUCACAO PUBL.E SAUDE;;;;;74,381.00;0.00;74,381.00;60,345.60
2019;158223;FACULDADE DE DIREITO DA UFRJ;12;EDUCACAO;364;ENSINO SUPERIOR;2080;EDUCACAO DE QUALIDADE PARA TODOS;0487;CONCESSAO DE BOLSAS DE ESTUDO NO ENSINO SUPERIOR;0002;CONCESSAO DE BOLSAS DE ESTUDOS NO PAIS;12364208004870001;108452;OCCCUO9414N;BF SUPERIOR - PROAP;90;APLICACOES DIRETAS;3;DESPESAS CORRENTES;3;OUTRAS DESPESAS CORRENTES;18;AUXILIO FINANCEIRO A ESTUDANTES;339018;AUXILIO FINANCEIRO A ESTUDANTES;08;FUNDO SOCIAL-PARC.DEST.EDUCACAO PUBL.E SAUDE;;;;;157,648.52;9,412.13;120,000.00;99,400.00
2019;158223;FACULDADE DE DIREITO DA UFRJ;12;EDUCACAO;364;ENSINO SUPERIOR;2080;EDUCACAO DE QUALIDADE PARA TODOS;0487;CONCESSAO DE BOLSAS DE ESTUDO NO ENSINO SUPERIOR;0002;CONCESSAO DE BOLSAS DE ESTUDOS NO PAIS;12364208004870001;108452;OCCCUO9414N;BF SUPERIOR - PROAP;90;APLICACOES DIRETAS;3;DESPESAS CORRENTES;3;OUTRAS DESPESAS CORRENTES;39;OUTROS SERVICOS DE TERCEIROS PJ - OP.INT.ORC.;339039;OUTROS SERVICOS DE TERCEIROS - PESSOA JURIDICA;08;FUNDO SOCIAL-PARC.DEST.EDUCACAO PUBL.E SAUDE;;;;;98,869.20;35,292.30;36,480.00;31,920.00
2019;158229;INSTIT.DE BIOQUIMICA MEDICA LEOPOLDO DE MEIS;12;EDUCACAO;364;ENSINO SUPERIOR;2080;EDUCACAO DE QUALIDADE PARA TODOS;0487;CONCESSAO DE BOLSAS DE ESTUDO NO ENSINO SUPERIOR;0002;CONCESSAO DE BOLSAS DE ESTUDOS NO PAIS;12364208004870001;108452;OCCCUO9414N;BF SUPERIOR - PROAP;90;APLICACOES DIRETAS;3;DESPESAS CORRENTES;3;OUTRAS DESPESAS CORRENTES;30;MATERIAL DE CONSUMO;339030;MATERIAL DE CONSUMO;08;FUNDO SOCIAL-PARC.DEST.EDUCACAO PUBL.E SAUDE;;;;;3,147.04;438.38;1,649.66;1,519.66
2019;158229;INSTIT.DE BIOQUIMICA MEDICA LEOPOLDO DE MEIS;12;EDUCACAO;364;ENSINO SUPERIOR;2080;EDUCACAO DE QUALIDADE PARA TODOS;0487;CONCESSAO DE BOLSAS DE ESTUDO NO ENSINO SUPERIOR;0002;CONCESSAO DE BOLSAS DE ESTUDOS NO PAIS;12364208004870001;108452;OCCCUO9414N;BF SUPERIOR - PROAP;90;APLICACOES DIRETAS;3;DESPESAS CORRENTES;3;OUTRAS DESPESAS CORRENTES;39;OUTROS SERVICOS DE TERCEIROS PJ - OP.INT.ORC.;339039;OUTROS SERVICOS DE TERCEIROS - PESSOA JURIDICA;08;FUNDO SOCIAL-PARC.DEST.EDUCACAO PUBL.E SAUDE;;;;;14,500.00;5,800.00;;
2019;158240;NUCLEO DE EST.DE POL.PUBL.EM DIR.HUM./UFRJ;12;EDUCACAO;364;ENSINO SUPERIOR;2080;EDUCACAO DE QUALIDADE PARA TODOS;0487;CONCESSAO DE BOLSAS DE ESTUDO NO ENSINO SUPERIOR;0002;CONCESSAO DE BOLSAS DE ESTUDOS NO PAIS;12364208004870001;108452;OCCCUO9414N;BF SUPERIOR - PROAP;90;APLICACOES DIRETAS;3;DESPESAS CORRENTES;3;OUTRAS DESPESAS CORRENTES;30;MATERIAL DE CONSUMO;339030;MATERIAL DE CONSUMO;08;FUNDO SOCIAL-PARC.DEST.EDUCACAO PUBL.E SAUDE;;;;;58,680.00;10,110.00;48,570.00;42,050.00
2019;158240;NUCLEO DE EST.DE POL.PUBL.EM DIR.HUM./UFRJ;12;EDUCACAO;364;ENSINO SUPERIOR;2080;EDUCACAO DE QUALIDADE PARA TODOS;0487;CONCESSAO DE BOLSAS DE ESTUDO NO ENSINO SUPERIOR;0002;CONCESSAO DE BOLSAS DE ESTUDOS NO PAIS;12364208004870001;108452;OCCCUO9414N;BF SUPERIOR - PROAP;90;APLICACOES DIRETAS;3;DESPESAS CORRENTES;3;OUTRAS DESPESAS CORRENTES;39;OUTROS SERVICOS DE TERCEIROS PJ - OP.INT.ORC.;339039;OUTROS SERVICOS DE TERCEIROS - PESSOA JURIDICA;08;FUNDO SOCIAL-PARC.DEST.EDUCACAO PUBL.E SAUDE;;;;;15,880.00;0.00;15,880.00;11,910.00
2019;158262;INST.FED.DO RS/CAMPUS RIO GRANDE;12;EDUCACAO;368;EDUCACAO BASICA;2080;EDUCACAO DE QUALIDADE PARA TODOS;20RJ;APOIO A CAPACITACAO E FORMACAO INICIAL E CONTINUADA PARA A E;0004;EDUCACAO BASICA A DISTANCIA - SISTEMA UNIVERSIDADE ABERTA DO BRASIL (UAB);12368208020RJ0001;108456;MCC62G22EDN;UAB - UAB TRADICIONAL;90;APLICACOES DIRETAS;3;DESPESAS CORRENTES;3;OUTRAS DESPESAS CORRENTES;18;AUXILIO FINANCEIRO A ESTUDANTES;339018;AUXILIO FINANCEIRO A ESTUDANTES;00;RECURSOS PRIMARIOS DE LIVRE APLICACAO;;;;;164,700.00;47,760.00;116,940.00;95,400.00
2019;158264;INST.FED.DO RS/CAMPUS BENTO GONCALVES;12;EDUCACAO;368;EDUCACAO BASICA;2080;EDUCACAO DE QUALIDADE PARA TODOS;20RJ;APOIO A CAPACITACAO E FORMACAO INICIAL E CONTINUADA PARA A E;0003;EDUCACAO BASICA PRESENCIAL;12368208020RJ0001;108455;PCC92B5801N;PARFOR - PARFOR;90;APLICACOES DIRETAS;3;DESPESAS CORRENTES;3;OUTRAS DESPESAS CORRENTES;14;DIARIAS - PESSOAL CIVIL;339014;DIARIAS - PESSOAL CIVIL;00;RECURSOS PRIMARIOS DE LIVRE APLICACAO;;;;;13,909.44;9,665.46;4,243.98;3,796.26
2019;158264;INST.FED.DO RS/CAMPUS BENTO GONCALVES;12;EDUCACAO;368;EDUCACAO BASICA;2080;EDUCACAO DE QUALIDADE PARA TODOS;20RJ;APOIO A CAPACITACAO E FORMACAO INICIAL E CONTINUADA PARA A E;0003;EDUCACAO BASICA PRESENCIAL;12368208020RJ0001;108455;PCC92B5801N;PARFOR - PARFOR;90;APLICACOES DIRETAS;3;DESPESAS CORRENTES;3;OUTRAS DESPESAS CORRENTES;30;MATERIAL DE CONSUMO;339030;MATERIAL DE CONSUMO;00;RECURSOS PRIMARIOS DE LIVRE APLICACAO;;;;;212,040.09;54,004.29;87,315.63;81,846.56
2019;158264;INST.FED.DO RS/CAMPUS BENTO GONCALVES;12;EDUCACAO;368;EDUCACAO BASICA;2080;EDUCACAO DE QUALIDADE PARA TODOS;20RJ;APOIO A CAPACITACAO E FORMACAO INICIAL E CONTINUADA PARA A E;0003;EDUCACAO BASICA PRESENCIAL;12368208020RJ0001;108455;PCC92B5801N;PARFOR - PARFOR;90;APLICACOES DIRETAS;3;DESPESAS CORRENTES;3;OUTRAS DESPESAS CORRENTES;33;PASSAGENS E DESPESAS COM LOCOMOCAO;339033;PASSAGENS E DESPESAS COM LOCOMOCAO;00;RECURSOS PRIMARIOS DE LIVRE APLICACAO;;;;;24,465.00;24,465.00;;
2019;158264;INST.FED.DO RS/CAMPUS BENTO GONCALVES;12;EDUCACAO;368;EDUCACAO BASICA;2080;EDUCACAO DE QUALIDADE PARA TODOS;20RJ;APOIO A CAPACITACAO E FORMACAO INICIAL E CONTINUADA PARA A E;0003;EDUCACAO BASICA PRESENCIAL;12368208020RJ0001;108455;PCC92B5801N;PARFOR - PARFOR;90;APLICACOES DIRETAS;3;DESPESAS CORRENTES;3;OUTRAS DESPESAS CORRENTES;36;OUTROS SERVICOS DE TERCEIROS - P.FISICA;339036;OUTROS SERVICOS DE TERCEIROS - PESSOA FISICA;00;RECURSOS PRIMARIOS DE LIVRE APLICACAO;;;;;95,000.00;45,000.00;50,000.00;43,220.00
2019;158264;INST.FED.DO RS/CAMPUS BENTO GONCALVES;12;EDUCACAO;368;EDUCACAO BASICA;2080;EDUCACAO DE QUALIDADE PARA TODOS;20RJ;APOIO A CAPACITACAO E FORMACAO INICIAL E CONTINUADA PARA A E;0003;EDUCACAO BASICA PRESENCIAL;12368208020RJ0001;108455;PCC92B5801N;PARFOR - PARFOR;91;APLICACOES DIRETAS - OPERACOES INTERNAS;3;DESPESAS CORRENTES;3;OUTRAS DESPESAS CORRENTES;47;OBRIGACOES TRIBUTARIAS E CONTRIBUTIVAS;339147;OBRIG.TRIBUT.E CONTRIB-OP.INTRA-ORCAMENTARIAS;00;RECURSOS PRIMARIOS DE LIVRE APLICACAO;;;;;19,000.00;9,000.00;10,000.00;9,000.00
2019;158270;IFSP - CAMPUS SAO PAULO;12;EDUCACAO;364;ENSINO SUPERIOR;2080;EDUCACAO DE QUALIDADE PARA TODOS;0487;CONCESSAO DE BOLSAS DE ESTUDO NO ENSINO SUPERIOR;0002;CONCESSAO DE BOLSAS DE ESTUDOS NO PAIS;12364208004870001;108452;OCCCUO9414N;BF SUPERIOR - PROAP;90;APLICACOES DIRETAS;3;DESPESAS CORRENTES;3;OUTRAS DESPESAS CORRENTES;18;AUXILIO FINANCEIRO A ESTUDANTES;339018;AUXILIO FINANCEIRO A ESTUDANTES;00;RECURSOS PRIMARIOS DE LIVRE APLICACAO;;;;;27,442.95;14,954.70;12,488.25;12,488.25
2019;158270;IFSP - CAMPUS SAO PAULO;12;EDUCACAO;364;ENSINO SUPERIOR;2080;EDUCACAO DE QUALIDADE PARA TODOS;0487;CONCESSAO DE BOLSAS DE ESTUDO NO ENSINO SUPERIOR;0002;CONCESSAO DE BOLSAS DE ESTUDOS NO PAIS;12364208004870001;108452;OCCCUO9414N;BF SUPERIOR - PROAP;90;APLICACOES DIRETAS;3;DESPESAS CORRENTES;3;OUTRAS DESPESAS CORRENTES;20;AUXILIO FINANCEIRO A PESQUISADORES;339020;AUXILIO FINANCEIRO A PESQUISADORES;00;RECURSOS PRIMARIOS DE LIVRE APLICACAO;;;;;120,386.40;45,144.90;75,241.50;75,241.50
2019;158270;IFSP - CAMPUS SAO PAULO;12;EDUCACAO;368;EDUCACAO BASICA;2080;EDUCACAO DE QUALIDADE PARA TODOS;20RJ;APOIO A CAPACITACAO E FORMACAO INICIAL E CONTINUADA PARA A E;0004;EDUCACAO BASICA A DISTANCIA - SISTEMA UNIVERSIDADE ABERTA DO BRASIL (UAB);12368208020RJ0001;108456;QCC62T58MAN;UAB - UAB PROFMAT;90;APLICACOES DIRETAS;3;DESPESAS CORRENTES;3;OUTRAS DESPESAS CORRENTES;14;DIARIAS - PESSOAL CIVIL;339014;DIARIAS - PESSOAL CIVIL;00;RECURSOS PRIMARIOS DE LIVRE APLICACAO;;;;;71,195.00;71,195.00;;
2019;158270;IFSP - CAMPUS SAO PAULO;12;EDUCACAO;368;EDUCACAO BASICA;2080;EDUCACAO DE QUALIDADE PARA TODOS;20RJ;APOIO A CAPACITACAO E FORMACAO INICIAL E CONTINUADA PARA A E;0004;EDUCACAO BASICA A DISTANCIA - SISTEMA UNIVERSIDADE ABERTA DO BRASIL (UAB);12368208020RJ0001;108456;QCC62T58MAN;UAB - UAB PROFMAT;90;APLICACOES DIRETAS;3;DESPESAS CORRENTES;3;OUTRAS DESPESAS CORRENTES;18;AUXILIO FINANCEIRO A ESTUDANTES;339018;AUXILIO FINANCEIRO A ESTUDANTES;00;RECURSOS PRIMARIOS DE LIVRE APLICACAO;;;;;20,000.00;20,000.00;;
2019;158270;IFSP - CAMPUS SAO PAULO;12;EDUCACAO;368;EDUCACAO BASICA;2080;EDUCACAO DE QUALIDADE PARA TODOS;20RJ;APOIO A CAPACITACAO E FORMACAO INICIAL E CONTINUADA PARA A E;0004;EDUCACAO BASICA A DISTANCIA - SISTEMA UNIVERSIDADE ABERTA DO BRASIL (UAB);12368208020RJ0001;108456;QCC62T58MAN;UAB - UAB PROFMAT;90;APLICACOES DIRETAS;3;DESPESAS CORRENTES;3;OUTRAS DESPESAS CORRENTES;33;PASSAGENS E DESPESAS COM LOCOMOCAO;339033;PASSAGENS E DESPESAS COM LOCOMOCAO;00;RECURSOS PRIMARIOS DE LIVRE APLICACAO;;;;;68,347.20;42,717.00;;
2019;158270;IFSP - CAMPUS SAO PAULO;12;EDUCACAO;368;EDUCACAO BASICA;2080;EDUCACAO DE QUALIDADE PARA TODOS;20RJ;APOIO A CAPACITACAO E FORMACAO INICIAL E CONTINUADA PARA A E;0004;EDUCACAO BASICA A DISTANCIA - SISTEMA UNIVERSIDADE ABERTA DO BRASIL (UAB);12368208020RJ0001;108456;QCC62T58MAN;UAB - UAB PROFMAT;90;APLICACOES DIRETAS;3;DESPESAS CORRENTES;3;OUTRAS DESPESAS CORRENTES;36;OUTROS SERVICOS DE TERCEIROS - P.FISICA;339036;OUTROS SERVICOS DE TERCEIROS - PESSOA FISICA;00;RECURSOS PRIMARIOS DE LIVRE APLICACAO;;;;;7,500.00;7,500.00;;
2019;158270;IFSP - CAMPUS SAO PAULO;12;EDUCACAO;368;EDUCACAO BASICA;2080;EDUCACAO DE QUALIDADE PARA TODOS;20RJ;APOIO A CAPACITACAO E FORMACAO INICIAL E CONTINUADA PARA A E;0004;EDUCACAO BASICA A DISTANCIA - SISTEMA UNIVERSIDADE ABERTA DO BRASIL (UAB);12368208020RJ0001;108456;QCC62T58MAN;UAB - UAB PROFMAT;90;APLICACOES DIRETAS;3;DESPESAS CORRENTES;3;OUTRAS DESPESAS CORRENTES;93;INDENIZACOES E RESTITUICOES;339093;INDENIZACOES E RESTITUICOES;00;RECURSOS PRIMARIOS DE LIVRE APLICACAO;;;;;46,196.94;33,332.04;12,864.90;10,291.92
2019;158276;INST.FED.DO MARANHAO/CAMPUS SAO LUIS-MACARANA;12;EDUCACAO;368;EDUCACAO BASICA;2080;EDUCACAO DE QUALIDADE PARA TODOS;20RJ;APOIO A CAPACITACAO E FORMACAO INICIAL E CONTINUADA PARA A E;0004;EDUCACAO BASICA A DISTANCIA - SISTEMA UNIVERSIDADE ABERTA DO BRASIL (UAB);12368208020RJ0001;108456;MCC62G22EDN;UAB - UAB TRADICIONAL;90;APLICACOES DIRETAS;3;DESPESAS CORRENTES;3;OUTRAS DESPESAS CORRENTES;14;DIARIAS - PESSOAL CIVIL;339014;DIARIAS - PESSOAL CIVIL;00;RECURSOS PRIMARIOS DE LIVRE APLICACAO;;;;;31,981.25;12,747.47;14,321.97;10,891.14
2019;158276;INST.FED.DO MARANHAO/CAMPUS SAO LUIS-MACARANA;12;EDUCACAO;368;EDUCACAO BASICA;2080;EDUCACAO DE QUALIDADE PARA TODOS;20RJ;APOIO A CAPACITACAO E FORMACAO INICIAL E CONTINUADA PARA A E;0004;EDUCACAO BASICA A DISTANCIA - SISTEMA UNIVERSIDADE ABERTA DO BRASIL (UAB);12368208020RJ0001;108456;MCC62G22EDN;UAB - UAB TRADICIONAL;90;APLICACOES DIRETAS;3;DESPESAS CORRENTES;3;OUTRAS DESPESAS CORRENTES;36;OUTROS SERVICOS DE TERCEIROS - P.FISICA;339036;OUTROS SERVICOS DE TERCEIROS - PESSOA FISICA;00;RECURSOS PRIMARIOS DE LIVRE APLICACAO;;;;;21,227.50;11,687.50;1,770.00;1,327.50
2019;158280;IFPB - CAMPUS CAJAZEIRAS;12;EDUCACAO;368;EDUCACAO BASICA;2080;EDUCACAO DE QUALIDADE PARA TODOS;20RJ;APOIO A CAPACITACAO E FORMACAO INICIAL E CONTINUADA PARA A E;0004;EDUCACAO BASICA A DISTANCIA - SISTEMA UNIVERSIDADE ABERTA DO BRASIL (UAB);12368208020RJ0001;108456;MCC62G22EDN;UAB - UAB TRADICIONAL;90;APLICACOES DIRETAS;3;DESPESAS CORRENTES;3;OUTRAS DESPESAS CORRENTES;30;MATERIAL DE CONSUMO;339030;MATERIAL DE CONSUMO;00;RECURSOS PRIMARIOS DE LIVRE APLICACAO;;;;;57,903.67;15,576.10;33,450.09;30,925.68
2019;158280;IFPB - CAMPUS CAJAZEIRAS;12;EDUCACAO;368;EDUCACAO BASICA;2080;EDUCACAO DE QUALIDADE PARA TODOS;20RJ;APOIO A CAPACITACAO E FORMACAO INICIAL E CONTINUADA PARA A E;0004;EDUCACAO BASICA A DISTANCIA - SISTEMA UNIVERSIDADE ABERTA DO BRASIL (UAB);12368208020RJ0001;108456;MCC62G22EDN;UAB - UAB TRADICIONAL;90;APLICACOES DIRETAS;3;DESPESAS CORRENTES;3;OUTRAS DESPESAS CORRENTES;37;LOCACAO DE MAO-DE-OBRA;339037;LOCACAO DE MAO-DE-OBRA;00;RECURSOS PRIMARIOS DE LIVRE APLICACAO;;;;;175,403.28;81,505.44;18,013.02;18,013.02
2019;158286;INST.FED.DO MARANHAO/CAMPUS MONTE CASTELO;12;EDUCACAO;364;ENSINO SUPERIOR;2080;EDUCACAO DE QUALIDADE PARA TODOS;0487;CONCESSAO DE BOLSAS DE ESTUDO NO ENSINO SUPERIOR;0002;CONCESSAO DE BOLSAS DE ESTUDOS NO PAIS;12364208004870001;108452;OCCCUO9414N;BF SUPERIOR - PROAP;90;APLICACOES DIRETAS;3;DESPESAS CORRENTES;3;OUTRAS DESPESAS CORRENTES;14;DIARIAS - PESSOAL CIVIL;339014;DIARIAS - PESSOAL CIVIL;08;FUNDO SOCIAL-PARC.DEST.EDUCACAO PUBL.E SAUDE;;;;;31,327.48;12,655.20;18,672.28;6,562.38
2019;158286;INST.FED.DO MARANHAO/CAMPUS MONTE CASTELO;12;EDUCACAO;364;ENSINO SUPERIOR;2080;EDUCACAO DE QUALIDADE PARA TODOS;0487;CONCESSAO DE BOLSAS DE ESTUDO NO ENSINO SUPERIOR;0002;CONCESSAO DE BOLSAS DE ESTUDOS NO PAIS;12364208004870001;108452;OCCCUO9414N;BF SUPERIOR - PROAP;90;APLICACOES DIRETAS;3;DESPESAS CORRENTES;3;OUTRAS DESPESAS CORRENTES;18;AUXILIO FINANCEIRO A ESTUDANTES;339018;AUXILIO FINANCEIRO A ESTUDANTES;08;FUNDO SOCIAL-PARC.DEST.EDUCACAO PUBL.E SAUDE;;;;;1,580.00;0.00;1,580.00;
2019;158286;INST.FED.DO MARANHAO/CAMPUS MONTE CASTELO;12;EDUCACAO;364;ENSINO SUPERIOR;2080;EDUCACAO DE QUALIDADE PARA TODOS;0487;CONCESSAO DE BOLSAS DE ESTUDO NO ENSINO SUPERIOR;0002;CONCESSAO DE BOLSAS DE ESTUDOS NO PAIS;12364208004870001;108452;OCCCUO9414N;BF SUPERIOR - PROAP;90;APLICACOES DIRETAS;3;DESPESAS CORRENTES;3;OUTRAS DESPESAS CORRENTES;30;MATERIAL DE CONSUMO;339030;MATERIAL DE CONSUMO;08;FUNDO SOCIAL-PARC.DEST.EDUCACAO PUBL.E SAUDE;;;;;15,979.16;3,994.79;;
2019;158286;INST.FED.DO MARANHAO/CAMPUS MONTE CASTELO;12;EDUCACAO;364;ENSINO SUPERIOR;2080;EDUCACAO DE QUALIDADE PARA TODOS;0487;CONCESSAO DE BOLSAS DE ESTUDO NO ENSINO SUPERIOR;0002;CONCESSAO DE BOLSAS DE ESTUDOS NO PAIS;12364208004870001;108452;OCCCUO9414N;BF SUPERIOR - PROAP;90;APLICACOES DIRETAS;3;DESPESAS CORRENTES;3;OUTRAS DESPESAS CORRENTES;33;PASSAGENS E DESPESAS COM LOCOMOCAO;339033;PASSAGENS E DESPESAS COM LOCOMOCAO;08;FUNDO SOCIAL-PARC.DEST.EDUCACAO PUBL.E SAUDE;;;;;33,742.00;13,097.88;20,644.12;12,739.74
2019;158286;INST.FED.DO MARANHAO/CAMPUS MONTE CASTELO;12;EDUCACAO;364;ENSINO SUPERIOR;2080;EDUCACAO DE QUALIDADE PARA TODOS;0487;CONCESSAO DE BOLSAS DE ESTUDO NO ENSINO SUPERIOR;0002;CONCESSAO DE BOLSAS DE ESTUDOS NO PAIS;12364208004870001;108452;OCCCUO9414N;BF SUPERIOR - PROAP;90;APLICACOES DIRETAS;3;DESPESAS CORRENTES;3;OUTRAS DESPESAS CORRENTES;36;OUTROS SERVICOS DE TERCEIROS - P.FISICA;339036;OUTROS SERVICOS DE TERCEIROS - PESSOA FISICA;08;FUNDO SOCIAL-PARC.DEST.EDUCACAO PUBL.E SAUDE;;;;;23,217.00;9,270.00;13,947.00;
2019;158286;INST.FED.DO MARANHAO/CAMPUS MONTE CASTELO;12;EDUCACAO;364;ENSINO SUPERIOR;2080;EDUCACAO DE QUALIDADE PARA TODOS;0487;CONCESSAO DE BOLSAS DE ESTUDO NO ENSINO SUPERIOR;0002;CONCESSAO DE BOLSAS DE ESTUDOS NO PAIS;12364208004870001;108452;OCCCUO9414N;BF SUPERIOR - PROAP;90;APLICACOES DIRETAS;3;DESPESAS CORRENTES;3;OUTRAS DESPESAS CORRENTES;39;OUTROS SERVICOS DE TERCEIROS PJ - OP.INT.ORC.;339039;OUTROS SERVICOS DE TERCEIROS - PESSOA JURIDICA;08;FUNDO SOCIAL-PARC.DEST.EDUCACAO PUBL.E SAUDE;;;;;10,080.00;2,520.00;7,560.00;
2019;158286;INST.FED.DO MARANHAO/CAMPUS MONTE CASTELO;12;EDUCACAO;368;EDUCACAO BASICA;2080;EDUCACAO DE QUALIDADE PARA TODOS;20RJ;APOIO A CAPACITACAO E FORMACAO INICIAL E CONTINUADA PARA A E;0004;EDUCACAO BASICA A DISTANCIA - SISTEMA UNIVERSIDADE ABERTA DO BRASIL (UAB);12368208020RJ0001;108456;MCC62G22EDN;UAB - UAB TRADICIONAL;90;APLICACOES DIRETAS;3;DESPESAS CORRENTES;3;OUTRAS DESPESAS CORRENTES;14;DIARIAS - PESSOAL CIVIL;339014;DIARIAS - PESSOAL CIVIL;00;RECURSOS PRIMARIOS DE LIVRE APLICACAO;;;;;43,425.29;28,089.23;15,336.06;12,354.36
2019;158286;INST.FED.DO MARANHAO/CAMPUS MONTE CASTELO;12;EDUCACAO;368;EDUCACAO BASICA;2080;EDUCACAO DE QUALIDADE PARA TODOS;20RJ;APOIO A CAPACITACAO E FORMACAO INICIAL E CONTINUADA PARA A E;0004;EDUCACAO BASICA A DISTANCIA - SISTEMA UNIVERSIDADE ABERTA DO BRASIL (UAB);12368208020RJ0001;108456;MCC62G22EDN;UAB - UAB TRADICIONAL;90;APLICACOES DIRETAS;3;DESPESAS CORRENTES;3;OUTRAS DESPESAS CORRENTES;30;MATERIAL DE CONSUMO;339030;MATERIAL DE CONSUMO;00;RECURSOS PRIMARIOS DE LIVRE APLICACAO;;;;;69,739.92;34,332.48;;
2019;158286;INST.FED.DO MARANHAO/CAMPUS MONTE CASTELO;12;EDUCACAO;368;EDUCACAO BASICA;2080;EDUCACAO DE QUALIDADE PARA TODOS;20RJ;APOIO A CAPACITACAO E FORMACAO INICIAL E CONTINUADA PARA A E;0004;EDUCACAO BASICA A DISTANCIA - SISTEMA UNIVERSIDADE ABERTA DO BRASIL (UAB);12368208020RJ0001;108456;MCC62G22EDN;UAB - UAB TRADICIONAL;90;APLICACOES DIRETAS;3;DESPESAS CORRENTES;3;OUTRAS DESPESAS CORRENTES;33;PASSAGENS E DESPESAS COM LOCOMOCAO;339033;PASSAGENS E DESPESAS COM LOCOMOCAO;00;RECURSOS PRIMARIOS DE LIVRE APLICACAO;;;;;13,371.84;2,554.00;10,817.84;8,113.38
2019;158286;INST.FED.DO MARANHAO/CAMPUS MONTE CASTELO;12;EDUCACAO;368;EDUCACAO BASICA;2080;EDUCACAO DE QUALIDADE PARA TODOS;20RJ;APOIO A CAPACITACAO E FORMACAO INICIAL E CONTINUADA PARA A E;0004;EDUCACAO BASICA A DISTANCIA - SISTEMA UNIVERSIDADE ABERTA DO BRASIL (UAB);12368208020RJ0001;108456;MCC62G22EDN;UAB - UAB TRADICIONAL;90;APLICACOES DIRETAS;3;DESPESAS CORRENTES;3;OUTRAS DESPESAS CORRENTES;36;OUTROS SERVICOS DE TERCEIROS - P.FISICA;339036;OUTROS SERVICOS DE TERCEIROS - PESSOA FISICA;00;RECURSOS PRIMARIOS DE LIVRE APLICACAO;;;;;37,811.00;28,670.00;9,141.00;8,544.50
2019;158291;INST.FED.DO MARANHAO/CAMPUS S.JOAO DOS PATOS;12;EDUCACAO;368;EDUCACAO BASICA;2080;EDUCACAO DE QUALIDADE PARA TODOS;20RJ;APOIO A CAPACITACAO E FORMACAO INICIAL E CONTINUADA PARA A E;0004;EDUCACAO BASICA A DISTANCIA - SISTEMA UNIVERSIDADE ABERTA DO BRASIL (UAB);12368208020RJ0001;108456;MCC62G22EDN;UAB - UAB TRADICIONAL;90;APLICACOES DIRETAS;3;DESPESAS CORRENTES;3;OUTRAS DESPESAS CORRENTES;14;DIARIAS - PESSOAL CIVIL;339014;DIARIAS - PESSOAL CIVIL;00;RECURSOS PRIMARIOS DE LIVRE APLICACAO;;;;;27,363.29;17,212.39;10,150.90;7,363.29
2019;158291;INST.FED.DO MARANHAO/CAMPUS S.JOAO DOS PATOS;12;EDUCACAO;368;EDUCACAO BASICA;2080;EDUCACAO DE QUALIDADE PARA TODOS;20RJ;APOIO A CAPACITACAO E FORMACAO INICIAL E CONTINUADA PARA A E;0004;EDUCACAO BASICA A DISTANCIA - SISTEMA UNIVERSIDADE ABERTA DO BRASIL (UAB);12368208020RJ0001;108456;MCC62G22EDN;UAB - UAB TRADICIONAL;90;APLICACOES DIRETAS;3;DESPESAS CORRENTES;3;OUTRAS DESPESAS CORRENTES;33;PASSAGENS E DESPESAS COM LOCOMOCAO;339033;PASSAGENS E DESPESAS COM LOCOMOCAO;00;RECURSOS PRIMARIOS DE LIVRE APLICACAO;;;;;8,000.00;8,000.00;;
2019;158291;INST.FED.DO MARANHAO/CAMPUS S.JOAO DOS PATOS;12;EDUCACAO;368;EDUCACAO BASICA;2080;EDUCACAO DE QUALIDADE PARA TODOS;20RJ;APOIO A CAPACITACAO E FORMACAO INICIAL E CONTINUADA PARA A E;0004;EDUCACAO BASICA A DISTANCIA - SISTEMA UNIVERSIDADE ABERTA DO BRASIL (UAB);12368208020RJ0001;108456;MCC62G22EDN;UAB - UAB TRADICIONAL;90;APLICACOES DIRETAS;3;DESPESAS CORRENTES;3;OUTRAS DESPESAS CORRENTES;36;OUTROS SERVICOS DE TERCEIROS - P.FISICA;339036;OUTROS SERVICOS DE TERCEIROS - PESSOA FISICA;00;RECURSOS PRIMARIOS DE LIVRE APLICACAO;;;;;23,205.50;19,020.00;4,185.50;3,205.50
2019;158294;INST.FED.DO MARANHAO/CAMPUS IMPERATRIZ;12;EDUCACAO;368;EDUCACAO BASICA;2080;EDUCACAO DE QUALIDADE PARA TODOS;20RJ;APOIO A CAPACITACAO E FORMACAO INICIAL E CONTINUADA PARA A E;0003;EDUCACAO BASICA PRESENCIAL;12368208020RJ0001;108455;PCC92B5801N;PARFOR - PARFOR;90;APLICACOES DIRETAS;3;DESPESAS CORRENTES;3;OUTRAS DESPESAS CORRENTES;30;MATERIAL DE CONSUMO;339030;MATERIAL DE CONSUMO;00;RECURSOS PRIMARIOS DE LIVRE APLICACAO;;;;;70,354.16;17,588.54;49,032.90;6,300.00
2019;158295;INST.FED.DO MARANHAO/CAMPUS ACAILANDIA;12;EDUCACAO;368;EDUCACAO BASICA;2080;EDUCACAO DE QUALIDADE PARA TODOS;20RJ;APOIO A CAPACITACAO E FORMACAO INICIAL E CONTINUADA PARA A E;0003;EDUCACAO BASICA PRESENCIAL;12368208020RJ0001;108455;PCC92B5801N;PARFOR - PARFOR;90;APLICACOES DIRETAS;3;DESPESAS CORRENTES;3;OUTRAS DESPESAS CORRENTES;30;MATERIAL DE CONSUMO;339030;MATERIAL DE CONSUMO;00;RECURSOS PRIMARIOS DE LIVRE APLICACAO;;;;;14,987.80;2,997.56;11,990.24;8,992.68
2019;158298;IF GOIANO - CAMPUS URUTAI;12;EDUCACAO;368;EDUCACAO BASICA;2080;EDUCACAO DE QUALIDADE PARA TODOS;20RJ;APOIO A CAPACITACAO E FORMACAO INICIAL E CONTINUADA PARA A E;0004;EDUCACAO BASICA A DISTANCIA - SISTEMA UNIVERSIDADE ABERTA DO BRASIL (UAB);12368208020RJ0001;108456;MCC62G22EDN;UAB - UAB TRADICIONAL;90;APLICACOES DIRETAS;3;DESPESAS CORRENTES;3;OUTRAS DESPESAS CORRENTES;14;DIARIAS - PESSOAL CIVIL;339014;DIARIAS - PESSOAL CIVIL;00;RECURSOS PRIMARIOS DE LIVRE APLICACAO;;;;;6,141.46;4,000.00;2,141.46;
2019;158298;IF GOIANO - CAMPUS URUTAI;12;EDUCACAO;368;EDUCACAO BASICA;2080;EDUCACAO DE QUALIDADE PARA TODOS;20RJ;APOIO A CAPACITACAO E FORMACAO INICIAL E CONTINUADA PARA A E;0004;EDUCACAO BASICA A DISTANCIA - SISTEMA UNIVERSIDADE ABERTA DO BRASIL (UAB);12368208020RJ0001;108456;MCC62G22EDN;UAB - UAB TRADICIONAL;90;APLICACOES DIRETAS;3;DESPESAS CORRENTES;3;OUTRAS DESPESAS CORRENTES;30;MATERIAL DE CONSUMO;339030;MATERIAL DE CONSUMO;00;RECURSOS PRIMARIOS DE LIVRE APLICACAO;;;;;43,675.60;10,918.90;;
2019;158299;IF GOIANO - CAMPUS RIO VERDE;12;EDUCACAO;364;ENSINO SUPERIOR;2080;EDUCACAO DE QUALIDADE PARA TODOS;0487;CONCESSAO DE BOLSAS DE ESTUDO NO ENSINO SUPERIOR;0002;CONCESSAO DE BOLSAS DE ESTUDOS NO PAIS;12364208004870001;108452;OCCCUO9414N;BF SUPERIOR - PROAP;90;APLICACOES DIRETAS;3;DESPESAS CORRENTES;3;OUTRAS DESPESAS CORRENTES;14;DIARIAS - PESSOAL CIVIL;339014;DIARIAS - PESSOAL CIVIL;00;RECURSOS PRIMARIOS DE LIVRE APLICACAO;;;;;111,672.24;40,235.00;71,437.24;60,234.20
2019;158299;IF GOIANO - CAMPUS RIO VERDE;12;EDUCACAO;364;ENSINO SUPERIOR;2080;EDUCACAO DE QUALIDADE PARA TODOS;0487;CONCESSAO DE BOLSAS DE ESTUDO NO ENSINO SUPERIOR;0002;CONCESSAO DE BOLSAS DE ESTUDOS NO PAIS;12364208004870001;108452;OCCCUO9414N;BF SUPERIOR - PROAP;90;APLICACOES DIRETAS;3;DESPESAS CORRENTES;3;OUTRAS DESPESAS CORRENTES;18;AUXILIO FINANCEIRO A ESTUDANTES;339018;AUXILIO FINANCEIRO A ESTUDANTES;00;RECURSOS PRIMARIOS DE LIVRE APLICACAO;;;;;159,471.40;19,250.00;140,221.40;119,877.12
2019;158299;IF GOIANO - CAMPUS RIO VERDE;12;EDUCACAO;364;ENSINO SUPERIOR;2080;EDUCACAO DE QUALIDADE PARA TODOS;0487;CONCESSAO DE BOLSAS DE ESTUDO NO ENSINO SUPERIOR;0002;CONCESSAO DE BOLSAS DE ESTUDOS NO PAIS;12364208004870001;108452;OCCCUO9414N;BF SUPERIOR - PROAP;90;APLICACOES DIRETAS;3;DESPESAS CORRENTES;3;OUTRAS DESPESAS CORRENTES;20;AUXILIO FINANCEIRO A PESQUISADORES;339020;AUXILIO FINANCEIRO A PESQUISADORES;00;RECURSOS PRIMARIOS DE LIVRE APLICACAO;;;;;447,752.35;28,703.00;419,049.35;359,016.68
2019;158299;IF GOIANO - CAMPUS RIO VERDE;12;EDUCACAO;364;ENSINO SUPERIOR;2080;EDUCACAO DE QUALIDADE PARA TODOS;0487;CONCESSAO DE BOLSAS DE ESTUDO NO ENSINO SUPERIOR;0002;CONCESSAO DE BOLSAS DE ESTUDOS NO PAIS;12364208004870001;108452;OCCCUO9414N;BF SUPERIOR - PROAP;90;APLICACOES DIRETAS;3;DESPESAS CORRENTES;3;OUTRAS DESPESAS CORRENTES;33;PASSAGENS E DESPESAS COM LOCOMOCAO;339033;PASSAGENS E DESPESAS COM LOCOMOCAO;00;RECURSOS PRIMARIOS DE LIVRE APLICACAO;;;;;67,260.00;24,453.31;32,348.66;17,965.47
2019;158299;IF GOIANO - CAMPUS RIO VERDE;12;EDUCACAO;364;ENSINO SUPERIOR;2080;EDUCACAO DE QUALIDADE PARA TODOS;0487;CONCESSAO DE BOLSAS DE ESTUDO NO ENSINO SUPERIOR;0002;CONCESSAO DE BOLSAS DE ESTUDOS NO PAIS;12364208004870001;108452;OCCCUO9414N;BF SUPERIOR - PROAP;90;APLICACOES DIRETAS;3;DESPESAS CORRENTES;3;OUTRAS DESPESAS CORRENTES;36;OUTROS SERVICOS DE TERCEIROS - P.FISICA;339036;OUTROS SERVICOS DE TERCEIROS - PESSOA FISICA;00;RECURSOS PRIMARIOS DE LIVRE APLICACAO;;;;;12,213.00;10,089.00;2,124.00;2,035.50
2019;158301;CENTRO DE CIENCIAS E TECNOLOGIA AGROALIMENTAR;12;EDUCACAO;364;ENSINO SUPERIOR;2080;EDUCACAO DE QUALIDADE PARA TODOS;0487;CONCESSAO DE BOLSAS DE ESTUDO NO ENSINO SUPERIOR;0002;CONCESSAO DE BOLSAS DE ESTUDOS NO PAIS;12364208004870001;108452;OCCCUO9414N;BF SUPERIOR - PROAP;90;APLICACOES DIRETAS;3;DESPESAS CORRENTES;3;OUTRAS DESPESAS CORRENTES;14;DIARIAS - PESSOAL CIVIL;339014;DIARIAS - PESSOAL CIVIL;08;FUNDO SOCIAL-PARC.DEST.EDUCACAO PUBL.E SAUDE;;;;;101,981.04;49,784.08;52,196.96;46,418.30
2019;158301;CENTRO DE CIENCIAS E TECNOLOGIA AGROALIMENTAR;12;EDUCACAO;364;ENSINO SUPERIOR;2080;EDUCACAO DE QUALIDADE PARA TODOS;0487;CONCESSAO DE BOLSAS DE ESTUDO NO ENSINO SUPERIOR;0002;CONCESSAO DE BOLSAS DE ESTUDOS NO PAIS;12364208004870001;108452;OCCCUO9414N;BF SUPERIOR - PROAP;90;APLICACOES DIRETAS;3;DESPESAS CORRENTES;3;OUTRAS DESPESAS CORRENTES;18;AUXILIO FINANCEIRO A ESTUDANTES;339018;AUXILIO FINANCEIRO A ESTUDANTES;08;FUNDO SOCIAL-PARC.DEST.EDUCACAO PUBL.E SAUDE;;;;;6,200.00;0.00;6,200.00;4,650.00
2019;158301;CENTRO DE CIENCIAS E TECNOLOGIA AGROALIMENTAR;12;EDUCACAO;364;ENSINO SUPERIOR;2080;EDUCACAO DE QUALIDADE PARA TODOS;0487;CONCESSAO DE BOLSAS DE ESTUDO NO ENSINO SUPERIOR;0002;CONCESSAO DE BOLSAS DE ESTUDOS NO PAIS;12364208004870001;108452;OCCCUO9414N;BF SUPERIOR - PROAP;90;APLICACOES DIRETAS;3;DESPESAS CORRENTES;3;OUTRAS DESPESAS CORRENTES;36;OUTROS SERVICOS DE TERCEIROS - P.FISICA;339036;OUTROS SERVICOS DE TERCEIROS - PESSOA FISICA;08;FUNDO SOCIAL-PARC.DEST.EDUCACAO PUBL.E SAUDE;;;;;13,310.61;5,257.11;8,053.50;7,965.00
2019;158305;IFSULDEMINAS - CAMPUS INCONFIDENTES;12;EDUCACAO;368;EDUCACAO BASICA;2080;EDUCACAO DE QUALIDADE PARA TODOS;20RJ;APOIO A CAPACITACAO E FORMACAO INICIAL E CONTINUADA PARA A E;0004;EDUCACAO BASICA A DISTANCIA - SISTEMA UNIVERSIDADE ABERTA DO BRASIL (UAB);12368208020RJ0001;108456;MCC62G22EDN;UAB - UAB TRADICIONAL;90;APLICACOES DIRETAS;3;DESPESAS CORRENTES;3;OUTRAS DESPESAS CORRENTES;30;MATERIAL DE CONSUMO;339030;MATERIAL DE CONSUMO;00;RECURSOS PRIMARIOS DE LIVRE APLICACAO;;;;;29,649.68;7,412.42;;
2019;158313;CAMPUS FORTALEZA/IFCE;12;EDUCACAO;364;ENSINO SUPERIOR;2080;EDUCACAO DE QUALIDADE PARA TODOS;0487;CONCESSAO DE BOLSAS DE ESTUDO NO ENSINO SUPERIOR;0002;CONCESSAO DE BOLSAS DE ESTUDOS NO PAIS;12364208004870001;108452;OCCCUO9414N;BF SUPERIOR - PROAP;90;APLICACOES DIRETAS;3;DESPESAS CORRENTES;3;OUTRAS DESPESAS CORRENTES;14;DIARIAS - PESSOAL CIVIL;339014;DIARIAS - PESSOAL CIVIL;00;RECURSOS PRIMARIOS DE LIVRE APLICACAO;;;;;69,289.41;41,226.03;28,063.38;23,537.57
2019;158313;CAMPUS FORTALEZA/IFCE;12;EDUCACAO;364;ENSINO SUPERIOR;2080;EDUCACAO DE QUALIDADE PARA TODOS;0487;CONCESSAO DE BOLSAS DE ESTUDO NO ENSINO SUPERIOR;0002;CONCESSAO DE BOLSAS DE ESTUDOS NO PAIS;12364208004870001;108452;OCCCUO9414N;BF SUPERIOR - PROAP;90;APLICACOES DIRETAS;3;DESPESAS CORRENTES;3;OUTRAS DESPESAS CORRENTES;18;AUXILIO FINANCEIRO A ESTUDANTES;339018;AUXILIO FINANCEIRO A ESTUDANTES;00;RECURSOS PRIMARIOS DE LIVRE APLICACAO;;;;;182,977.68;45,681.60;137,296.08;123,546.08
2019;158313;CAMPUS FORTALEZA/IFCE;12;EDUCACAO;364;ENSINO SUPERIOR;2080;EDUCACAO DE QUALIDADE PARA TODOS;0487;CONCESSAO DE BOLSAS DE ESTUDO NO ENSINO SUPERIOR;0002;CONCESSAO DE BOLSAS DE ESTUDOS NO PAIS;12364208004870001;108452;OCCCUO9414N;BF SUPERIOR - PROAP;90;APLICACOES DIRETAS;3;DESPESAS CORRENTES;3;OUTRAS DESPESAS CORRENTES;33;PASSAGENS E DESPESAS COM LOCOMOCAO;339033;PASSAGENS E DESPESAS COM LOCOMOCAO;00;RECURSOS PRIMARIOS DE LIVRE APLICACAO;;;;;172,544.76;95,306.49;53,690.88;42,111.18
2019;158313;CAMPUS FORTALEZA/IFCE;12;EDUCACAO;364;ENSINO SUPERIOR;2080;EDUCACAO DE QUALIDADE PARA TODOS;0487;CONCESSAO DE BOLSAS DE ESTUDO NO ENSINO SUPERIOR;0002;CONCESSAO DE BOLSAS DE ESTUDOS NO PAIS;12364208004870001;108452;OCCCUO9414N;BF SUPERIOR - PROAP;90;APLICACOES DIRETAS;3;DESPESAS CORRENTES;3;OUTRAS DESPESAS CORRENTES;39;OUTROS SERVICOS DE TERCEIROS PJ - OP.INT.ORC.;339039;OUTROS SERVICOS DE TERCEIROS - PESSOA JURIDICA;00;RECURSOS PRIMARIOS DE LIVRE APLICACAO;;;;;10,580.00;4,490.00;6,090.00;2,400.00
2019;158313;CAMPUS FORTALEZA/IFCE;12;EDUCACAO;368;EDUCACAO BASICA;2080;EDUCACAO DE QUALIDADE PARA TODOS;20RJ;APOIO A CAPACITACAO E FORMACAO INICIAL E CONTINUADA PARA A E;0004;EDUCACAO BASICA A DISTANCIA - SISTEMA UNIVERSIDADE ABERTA DO BRASIL (UAB);12368208020RJ0001;108456;MCC62G22EDN;UAB - UAB TRADICIONAL;90;APLICACOES DIRETAS;3;DESPESAS CORRENTES;3;OUTRAS DESPESAS CORRENTES;14;DIARIAS - PESSOAL CIVIL;339014;DIARIAS - PESSOAL CIVIL;00;RECURSOS PRIMARIOS DE LIVRE APLICACAO;;;;;33,200.08;24,416.52;8,783.56;8,266.88
2019;158313;CAMPUS FORTALEZA/IFCE;12;EDUCACAO;368;EDUCACAO BASICA;2080;EDUCACAO DE QUALIDADE PARA TODOS;20RJ;APOIO A CAPACITACAO E FORMACAO INICIAL E CONTINUADA PARA A E;0004;EDUCACAO BASICA A DISTANCIA - SISTEMA UNIVERSIDADE ABERTA DO BRASIL (UAB);12368208020RJ0001;108456;MCC62G22EDN;UAB - UAB TRADICIONAL;90;APLICACOES DIRETAS;3;DESPESAS CORRENTES;3;OUTRAS DESPESAS CORRENTES;36;OUTROS SERVICOS DE TERCEIROS - P.FISICA;339036;OUTROS SERVICOS DE TERCEIROS - PESSOA FISICA;00;RECURSOS PRIMARIOS DE LIVRE APLICACAO;;;;;212,238.00;153,749.50;58,488.50;54,365.50
2019;158314;CAMPUS LIMOEIRO DO NORTE/IFCE;12;EDUCACAO;364;ENSINO SUPERIOR;2080;EDUCACAO DE QUALIDADE PARA TODOS;0487;CONCESSAO DE BOLSAS DE ESTUDO NO ENSINO SUPERIOR;0002;CONCESSAO DE BOLSAS DE ESTUDOS NO PAIS;12364208004870001;108452;OCCCUO9414N;BF SUPERIOR - PROAP;90;APLICACOES DIRETAS;3;DESPESAS CORRENTES;3;OUTRAS DESPESAS CORRENTES;14;DIARIAS - PESSOAL CIVIL;339014;DIARIAS - PESSOAL CIVIL;00;RECURSOS PRIMARIOS DE LIVRE APLICACAO;;;;;12,390.00;5,310.00;7,080.00;7,080.00
2019;158314;CAMPUS LIMOEIRO DO NORTE/IFCE;12;EDUCACAO;364;ENSINO SUPERIOR;2080;EDUCACAO DE QUALIDADE PARA TODOS;0487;CONCESSAO DE BOLSAS DE ESTUDO NO ENSINO SUPERIOR;0002;CONCESSAO DE BOLSAS DE ESTUDOS NO PAIS;12364208004870001;108452;OCCCUO9414N;BF SUPERIOR - PROAP;90;APLICACOES DIRETAS;3;DESPESAS CORRENTES;3;OUTRAS DESPESAS CORRENTES;18;AUXILIO FINANCEIRO A ESTUDANTES;339018;AUXILIO FINANCEIRO A ESTUDANTES;00;RECURSOS PRIMARIOS DE LIVRE APLICACAO;;;;;88,991.00;20,139.00;68,852.00;62,852.00
2019;158316;CAMPUS JUAZEIRO DO NORTE/IFCE;12;EDUCACAO;368;EDUCACAO BASICA;2080;EDUCACAO DE QUALIDADE PARA TODOS;20RJ;APOIO A CAPACITACAO E FORMACAO INICIAL E CONTINUADA PARA A E;0004;EDUCACAO BASICA A DISTANCIA - SISTEMA UNIVERSIDADE ABERTA DO BRASIL (UAB);12368208020RJ0001;108456;MCC62G22EDN;UAB - UAB TRADICIONAL;90;APLICACOES DIRETAS;3;DESPESAS CORRENTES;3;OUTRAS DESPESAS CORRENTES;14;DIARIAS - PESSOAL CIVIL;339014;DIARIAS - PESSOAL CIVIL;00;RECURSOS PRIMARIOS DE LIVRE APLICACAO;;;;;234,562.29;177,181.97;57,380.32;53,832.26
2019;158316;CAMPUS JUAZEIRO DO NORTE/IFCE;12;EDUCACAO;368;EDUCACAO BASICA;2080;EDUCACAO DE QUALIDADE PARA TODOS;20RJ;APOIO A CAPACITACAO E FORMACAO INICIAL E CONTINUADA PARA A E;0004;EDUCACAO BASICA A DISTANCIA - SISTEMA UNIVERSIDADE ABERTA DO BRASIL (UAB);12368208020RJ0001;108456;MCC62G22EDN;UAB - UAB TRADICIONAL;90;APLICACOES DIRETAS;3;DESPESAS CORRENTES;3;OUTRAS DESPESAS CORRENTES;36;OUTROS SERVICOS DE TERCEIROS - P.FISICA;339036;OUTROS SERVICOS DE TERCEIROS - PESSOA FISICA;00;RECURSOS PRIMARIOS DE LIVRE APLICACAO;;;;;588,732.19;250,075.19;338,657.00;313,450.50
2019;158319;CAMPUS MARACANAU/IFCE;12;EDUCACAO;364;ENSINO SUPERIOR;2080;EDUCACAO DE QUALIDADE PARA TODOS;0487;CONCESSAO DE BOLSAS DE ESTUDO NO ENSINO SUPERIOR;0002;CONCESSAO DE BOLSAS DE ESTUDOS NO PAIS;12364208004870001;108452;OCCCUO9414N;BF SUPERIOR - PROAP;90;APLICACOES DIRETAS;3;DESPESAS CORRENTES;3;OUTRAS DESPESAS CORRENTES;18;AUXILIO FINANCEIRO A ESTUDANTES;339018;AUXILIO FINANCEIRO A ESTUDANTES;00;RECURSOS PRIMARIOS DE LIVRE APLICACAO;;;;;93,016.27;16,577.81;76,438.46;60,427.29
2019;158333;INST.FED.MATO GROSSO/CAMPUS CUIABA;12;EDUCACAO;364;ENSINO SUPERIOR;2080;EDUCACAO DE QUALIDADE PARA TODOS;0487;CONCESSAO DE BOLSAS DE ESTUDO NO ENSINO SUPERIOR;0002;CONCESSAO DE BOLSAS DE ESTUDOS NO PAIS;12364208004870001;108452;OCCCUO9414N;BF SUPERIOR - PROAP;90;APLICACOES DIRETAS;3;DESPESAS CORRENTES;3;OUTRAS DESPESAS CORRENTES;39;OUTROS SERVICOS DE TERCEIROS PJ - OP.INT.ORC.;339039;OUTROS SERVICOS DE TERCEIROS - PESSOA JURIDICA;08;FUNDO SOCIAL-PARC.DEST.EDUCACAO PUBL.E SAUDE;;;;;5,659.76;1,414.94;;
2019;158333;INST.FED.MATO GROSSO/CAMPUS CUIABA;12;EDUCACAO;368;EDUCACAO BASICA;2080;EDUCACAO DE QUALIDADE PARA TODOS;20RJ;APOIO A CAPACITACAO E FORMACAO INICIAL E CONTINUADA PARA A E;0004;EDUCACAO BASICA A DISTANCIA - SISTEMA UNIVERSIDADE ABERTA DO BRASIL (UAB);12368208020RJ0001;108456;MCC62G22EDN;UAB - UAB TRADICIONAL;90;APLICACOES DIRETAS;3;DESPESAS CORRENTES;3;OUTRAS DESPESAS CORRENTES;30;MATERIAL DE CONSUMO;339030;MATERIAL DE CONSUMO;00;RECURSOS PRIMARIOS DE LIVRE APLICACAO;;;;;119,999.32;29,999.83;;
2019;158336;INST.FED.DO TOCANTINS/CAMPUS PALMAS;12;EDUCACAO;368;EDUCACAO BASICA;2080;EDUCACAO DE QUALIDADE PARA TODOS;20RJ;APOIO A CAPACITACAO E FORMACAO INICIAL E CONTINUADA PARA A E;0003;EDUCACAO BASICA PRESENCIAL;12368208020RJ0001;108455;PCC92B5801N;PARFOR - PARFOR;90;APLICACOES DIRETAS;3;DESPESAS CORRENTES;3;OUTRAS DESPESAS CORRENTES;14;DIARIAS - PESSOAL CIVIL;339014;DIARIAS - PESSOAL CIVIL;00;RECURSOS PRIMARIOS DE LIVRE APLICACAO;;;;;60,552.42;28,347.94;32,204.48;26,981.88
2019;158336;INST.FED.DO TOCANTINS/CAMPUS PALMAS;12;EDUCACAO;368;EDUCACAO BASICA;2080;EDUCACAO DE QUALIDADE PARA TODOS;20RJ;APOIO A CAPACITACAO E FORMACAO INICIAL E CONTINUADA PARA A E;0003;EDUCACAO BASICA PRESENCIAL;12368208020RJ0001;108455;PCC92B5801N;PARFOR - PARFOR;90;APLICACOES DIRETAS;3;DESPESAS CORRENTES;3;OUTRAS DESPESAS CORRENTES;30;MATERIAL DE CONSUMO;339030;MATERIAL DE CONSUMO;00;RECURSOS PRIMARIOS DE LIVRE APLICACAO;;;;;40,000.00;16,000.00;;
2019;158336;INST.FED.DO TOCANTINS/CAMPUS PALMAS;12;EDUCACAO;368;EDUCACAO BASICA;2080;EDUCACAO DE QUALIDADE PARA TODOS;20RJ;APOIO A CAPACITACAO E FORMACAO INICIAL E CONTINUADA PARA A E;0003;EDUCACAO BASICA PRESENCIAL;12368208020RJ0001;108455;PCC92B5801N;PARFOR - PARFOR;90;APLICACOES DIRETAS;3;DESPESAS CORRENTES;3;OUTRAS DESPESAS CORRENTES;33;PASSAGENS E DESPESAS COM LOCOMOCAO;339033;PASSAGENS E DESPESAS COM LOCOMOCAO;00;RECURSOS PRIMARIOS DE LIVRE APLICACAO;;;;;44,999.97;28,791.51;4,833.96;3,625.47
2019;158336;INST.FED.DO TOCANTINS/CAMPUS PALMAS;12;EDUCACAO;368;EDUCACAO BASICA;2080;EDUCACAO DE QUALIDADE PARA TODOS;20RJ;APOIO A CAPACITACAO E FORMACAO INICIAL E CONTINUADA PARA A E;0003;EDUCACAO BASICA PRESENCIAL;12368208020RJ0001;108455;PCC92B5801N;PARFOR - PARFOR;90;APLICACOES DIRETAS;3;DESPESAS CORRENTES;3;OUTRAS DESPESAS CORRENTES;36;OUTROS SERVICOS DE TERCEIROS - P.FISICA;339036;OUTROS SERVICOS DE TERCEIROS - PESSOA FISICA;00;RECURSOS PRIMARIOS DE LIVRE APLICACAO;;;;;79,009.50;43,060.50;35,949.00;16,607.40
2019;158336;INST.FED.DO TOCANTINS/CAMPUS PALMAS;12;EDUCACAO;368;EDUCACAO BASICA;2080;EDUCACAO DE QUALIDADE PARA TODOS;20RJ;APOIO A CAPACITACAO E FORMACAO INICIAL E CONTINUADA PARA A E;0003;EDUCACAO BASICA PRESENCIAL;12368208020RJ0001;108455;PCC92B5801N;PARFOR - PARFOR;90;APLICACOES DIRETAS;3;DESPESAS CORRENTES;3;OUTRAS DESPESAS CORRENTES;39;OUTROS SERVICOS DE TERCEIROS PJ - OP.INT.ORC.;339039;OUTROS SERVICOS DE TERCEIROS - PESSOA JURIDICA;00;RECURSOS PRIMARIOS DE LIVRE APLICACAO;;;;;4,500.90;3,000.60;;
2019;158350;INST.FED.RORAIMA - CAMPUS BOA VISTA;12;EDUCACAO;368;EDUCACAO BASICA;2080;EDUCACAO DE QUALIDADE PARA TODOS;20RJ;APOIO A CAPACITACAO E FORMACAO INICIAL E CONTINUADA PARA A E;0004;EDUCACAO BASICA A DISTANCIA - SISTEMA UNIVERSIDADE ABERTA DO BRASIL (UAB);12368208020RJ0001;108456;MCC62G22EDN;UAB - UAB TRADICIONAL;90;APLICACOES DIRETAS;3;DESPESAS CORRENTES;3;OUTRAS DESPESAS CORRENTES;30;MATERIAL DE CONSUMO;339030;MATERIAL DE CONSUMO;00;RECURSOS PRIMARIOS DE LIVRE APLICACAO;;;;;135,390.70;41,796.28;30,900.00;24,720.00
2019;158350;INST.FED.RORAIMA - CAMPUS BOA VISTA;12;EDUCACAO;368;EDUCACAO BASICA;2080;EDUCACAO DE QUALIDADE PARA TODOS;20RJ;APOIO A CAPACITACAO E FORMACAO INICIAL E CONTINUADA PARA A E;0004;EDUCACAO BASICA A DISTANCIA - SISTEMA UNIVERSIDADE ABERTA DO BRASIL (UAB);12368208020RJ0001;108456;MCC62G22EDN;UAB - UAB TRADICIONAL;90;APLICACOES DIRETAS;3;DESPESAS CORRENTES;3;OUTRAS DESPESAS CORRENTES;37;LOCACAO DE MAO-DE-OBRA;339037;LOCACAO DE MAO-DE-OBRA;00;RECURSOS PRIMARIOS DE LIVRE APLICACAO;;;;;149,737.80;57,346.04;56,444.74;44,630.26
2019;158353;INST. FED. PIAUI/CAMPUS TERESINA CENTRAL;12;EDUCACAO;364;ENSINO SUPERIOR;2080;EDUCACAO DE QUALIDADE PARA TODOS;0487;CONCESSAO DE BOLSAS DE ESTUDO NO ENSINO SUPERIOR;0002;CONCESSAO DE BOLSAS DE ESTUDOS NO PAIS;12364208004870001;108452;OCCCUO9414N;BF SUPERIOR - PROAP;90;APLICACOES DIRETAS;3;DESPESAS CORRENTES;3;OUTRAS DESPESAS CORRENTES;20;AUXILIO FINANCEIRO A PESQUISADORES;339020;AUXILIO FINANCEIRO A PESQUISADORES;08;FUNDO SOCIAL-PARC.DEST.EDUCACAO PUBL.E SAUDE;;;;;20,000.00;0.00;20,000.00;20,000.00
2019;158353;INST. FED. PIAUI/CAMPUS TERESINA CENTRAL;12;EDUCACAO;364;ENSINO SUPERIOR;2080;EDUCACAO DE QUALIDADE PARA TODOS;0487;CONCESSAO DE BOLSAS DE ESTUDO NO ENSINO SUPERIOR;0002;CONCESSAO DE BOLSAS DE ESTUDOS NO PAIS;12364208004870001;108452;OCCCUO9414N;BF SUPERIOR - PROAP;90;APLICACOES DIRETAS;3;DESPESAS CORRENTES;3;OUTRAS DESPESAS CORRENTES;39;OUTROS SERVICOS DE TERCEIROS PJ - OP.INT.ORC.;339039;OUTROS SERVICOS DE TERCEIROS - PESSOA JURIDICA;08;FUNDO SOCIAL-PARC.DEST.EDUCACAO PUBL.E SAUDE;;;;;63,706.44;15,926.61;;
2019;158369;INST.FED.DO RN/CAMPUS NATAL - CENTRAL;12;EDUCACAO;364;ENSINO SUPERIOR;2080;EDUCACAO DE QUALIDADE PARA TODOS;0487;CONCESSAO DE BOLSAS DE ESTUDO NO ENSINO SUPERIOR;0002;CONCESSAO DE BOLSAS DE ESTUDOS NO PAIS;12364208004870001;108452;OCCCUO9414N;BF SUPERIOR - PROAP;90;APLICACOES DIRETAS;3;DESPESAS CORRENTES;3;OUTRAS DESPESAS CORRENTES;14;DIARIAS - PESSOAL CIVIL;339014;DIARIAS - PESSOAL CIVIL;00;RECURSOS PRIMARIOS DE LIVRE APLICACAO;;;;;24,452.56;9,758.86;14,693.70;11,556.18
2019;158369;INST.FED.DO RN/CAMPUS NATAL - CENTRAL;12;EDUCACAO;364;ENSINO SUPERIOR;2080;EDUCACAO DE QUALIDADE PARA TODOS;0487;CONCESSAO DE BOLSAS DE ESTUDO NO ENSINO SUPERIOR;0002;CONCESSAO DE BOLSAS DE ESTUDOS NO PAIS;12364208004870001;108452;OCCCUO9414N;BF SUPERIOR - PROAP;90;APLICACOES DIRETAS;3;DESPESAS CORRENTES;3;OUTRAS DESPESAS CORRENTES;33;PASSAGENS E DESPESAS COM LOCOMOCAO;339033;PASSAGENS E DESPESAS COM LOCOMOCAO;00;RECURSOS PRIMARIOS DE LIVRE APLICACAO;;;;;68,206.25;27,282.50;29,101.05;29,101.05
2019;158369;INST.FED.DO RN/CAMPUS NATAL - CENTRAL;12;EDUCACAO;364;ENSINO SUPERIOR;2080;EDUCACAO DE QUALIDADE PARA TODOS;0487;CONCESSAO DE BOLSAS DE ESTUDO NO ENSINO SUPERIOR;0002;CONCESSAO DE BOLSAS DE ESTUDOS NO PAIS;12364208004870001;108452;OCCCUO9414N;BF SUPERIOR - PROAP;90;APLICACOES DIRETAS;3;DESPESAS CORRENTES;3;OUTRAS DESPESAS CORRENTES;36;OUTROS SERVICOS DE TERCEIROS - P.FISICA;339036;OUTROS SERVICOS DE TERCEIROS - PESSOA FISICA;00;RECURSOS PRIMARIOS DE LIVRE APLICACAO;;;;;1,789.50;0.00;1,789.50;
2019;158369;INST.FED.DO RN/CAMPUS NATAL - CENTRAL;12;EDUCACAO;368;EDUCACAO BASICA;2080;EDUCACAO DE QUALIDADE PARA TODOS;20RJ;APOIO A CAPACITACAO E FORMACAO INICIAL E CONTINUADA PARA A E;0004;EDUCACAO BASICA A DISTANCIA - SISTEMA UNIVERSIDADE ABERTA DO BRASIL (UAB);12368208020RJ0001;108456;MCC62G22EDN;UAB - UAB TRADICIONAL;90;APLICACOES DIRETAS;3;DESPESAS CORRENTES;3;OUTRAS DESPESAS CORRENTES;14;DIARIAS - PESSOAL CIVIL;339014;DIARIAS - PESSOAL CIVIL;00;RECURSOS PRIMARIOS DE LIVRE APLICACAO;;;;;105,271.15;67,752.90;37,518.25;37,518.25
2019;158369;INST.FED.DO RN/CAMPUS NATAL - CENTRAL;12;EDUCACAO;368;EDUCACAO BASICA;2080;EDUCACAO DE QUALIDADE PARA TODOS;20RJ;APOIO A CAPACITACAO E FORMACAO INICIAL E CONTINUADA PARA A E;0004;EDUCACAO BASICA A DISTANCIA - SISTEMA UNIVERSIDADE ABERTA DO BRASIL (UAB);12368208020RJ0001;108456;MCC62G22EDN;UAB - UAB TRADICIONAL;90;APLICACOES DIRETAS;3;DESPESAS CORRENTES;3;OUTRAS DESPESAS CORRENTES;33;PASSAGENS E DESPESAS COM LOCOMOCAO;339033;PASSAGENS E DESPESAS COM LOCOMOCAO;00;RECURSOS PRIMARIOS DE LIVRE APLICACAO;;;;;89,612.39;51,207.08;;
2019;158369;INST.FED.DO RN/CAMPUS NATAL - CENTRAL;12;EDUCACAO;368;EDUCACAO BASICA;2080;EDUCACAO DE QUALIDADE PARA TODOS;20RJ;APOIO A CAPACITACAO E FORMACAO INICIAL E CONTINUADA PARA A E;0004;EDUCACAO BASICA A DISTANCIA - SISTEMA UNIVERSIDADE ABERTA DO BRASIL (UAB);12368208020RJ0001;108456;MCC62G22EDN;UAB - UAB TRADICIONAL;90;APLICACOES DIRETAS;3;DESPESAS CORRENTES;3;OUTRAS DESPESAS CORRENTES;36;OUTROS SERVICOS DE TERCEIROS - P.FISICA;339036;OUTROS SERVICOS DE TERCEIROS - PESSOA FISICA;00;RECURSOS PRIMARIOS DE LIVRE APLICACAO;;;;;57,910.72;20,203.82;37,706.90;35,470.80
2019;158369;INST.FED.DO RN/CAMPUS NATAL - CENTRAL;12;EDUCACAO;368;EDUCACAO BASICA;2080;EDUCACAO DE QUALIDADE PARA TODOS;20RJ;APOIO A CAPACITACAO E FORMACAO INICIAL E CONTINUADA PARA A E;0004;EDUCACAO BASICA A DISTANCIA - SISTEMA UNIVERSIDADE ABERTA DO BRASIL (UAB);12368208020RJ0001;108456;MCC62G22EDN;UAB - UAB TRADICIONAL;90;APLICACOES DIRETAS;3;DESPESAS CORRENTES;3;OUTRAS DESPESAS CORRENTES;37;LOCACAO DE MAO-DE-OBRA;339037;LOCACAO DE MAO-DE-OBRA;00;RECURSOS PRIMARIOS DE LIVRE APLICACAO;;;;;542,189.30;198,397.10;119,822.52;101,403.34
2019;158369;INST.FED.DO RN/CAMPUS NATAL - CENTRAL;12;EDUCACAO;368;EDUCACAO BASICA;2080;EDUCACAO DE QUALIDADE PARA TODOS;20RJ;APOIO A CAPACITACAO E FORMACAO INICIAL E CONTINUADA PARA A E;0004;EDUCACAO BASICA A DISTANCIA - SISTEMA UNIVERSIDADE ABERTA DO BRASIL (UAB);12368208020RJ0001;108456;MCC62G22EDN;UAB - UAB TRADICIONAL;90;APLICACOES DIRETAS;3;DESPESAS CORRENTES;3;OUTRAS DESPESAS CORRENTES;39;OUTROS SERVICOS DE TERCEIROS PJ - OP.INT.ORC.;339039;OUTROS SERVICOS DE TERCEIROS - PESSOA JURIDICA;00;RECURSOS PRIMARIOS DE LIVRE APLICACAO;;;;;752,103.85;150,420.77;601,683.08;601,683.08
2019;158381;INST.FED.DE ALAGOAS/CAMPUS MACEIO;12;EDUCACAO;368;EDUCACAO BASICA;2080;EDUCACAO DE QUALIDADE PARA TODOS;20RJ;APOIO A CAPACITACAO E FORMACAO INICIAL E CONTINUADA PARA A E;0004;EDUCACAO BASICA A DISTANCIA - SISTEMA UNIVERSIDADE ABERTA DO BRASIL (UAB);12368208020RJ0001;108456;MCC62G22EDN;UAB - UAB TRADICIONAL;90;APLICACOES DIRETAS;3;DESPESAS CORRENTES;3;OUTRAS DESPESAS CORRENTES;30;MATERIAL DE CONSUMO;339030;MATERIAL DE CONSUMO;00;RECURSOS PRIMARIOS DE LIVRE APLICACAO;;;;;73,839.44;18,459.86;;
2019;158381;INST.FED.DE ALAGOAS/CAMPUS MACEIO;12;EDUCACAO;368;EDUCACAO BASICA;2080;EDUCACAO DE QUALIDADE PARA TODOS;20RJ;APOIO A CAPACITACAO E FORMACAO INICIAL E CONTINUADA PARA A E;0004;EDUCACAO BASICA A DISTANCIA - SISTEMA UNIVERSIDADE ABERTA DO BRASIL (UAB);12368208020RJ0001;108456;MCC62G22EDN;UAB - UAB TRADICIONAL;90;APLICACOES DIRETAS;3;DESPESAS CORRENTES;3;OUTRAS DESPESAS CORRENTES;39;OUTROS SERVICOS DE TERCEIROS PJ - OP.INT.ORC.;339039;OUTROS SERVICOS DE TERCEIROS - PESSOA JURIDICA;00;RECURSOS PRIMARIOS DE LIVRE APLICACAO;;;;;487.32;121.83;;
2019;158382;INST.FED. ALAGOAS/CAMPUS SATUBA;12;EDUCACAO;368;EDUCACAO BASICA;2080;EDUCACAO DE QUALIDADE PARA TODOS;20RJ;APOIO A CAPACITACAO E FORMACAO INICIAL E CONTINUADA PARA A E;0004;EDUCACAO BASICA A DISTANCIA - SISTEMA UNIVERSIDADE ABERTA DO BRASIL (UAB);12368208020RJ0001;108456;MCC62G22EDN;UAB - UAB TRADICIONAL;90;APLICACOES DIRETAS;3;DESPESAS CORRENTES;3;OUTRAS DESPESAS CORRENTES;30;MATERIAL DE CONSUMO;339030;MATERIAL DE CONSUMO;00;RECURSOS PRIMARIOS DE LIVRE APLICACAO;;;;;97,984.56;26,129.65;48,536.66;26,599.47
2019;158411;INST. FED. DA BAHIA/CAMPUS SALVADOR;12;EDUCACAO;368;EDUCACAO BASICA;2080;EDUCACAO DE QUALIDADE PARA TODOS;20RJ;APOIO A CAPACITACAO E FORMACAO INICIAL E CONTINUADA PARA A E;0004;EDUCACAO BASICA A DISTANCIA - SISTEMA UNIVERSIDADE ABERTA DO BRASIL (UAB);12368208020RJ0001;108456;MCC62G22EDN;UAB - UAB TRADICIONAL;90;APLICACOES DIRETAS;3;DESPESAS CORRENTES;3;OUTRAS DESPESAS CORRENTES;14;DIARIAS - PESSOAL CIVIL;339014;DIARIAS - PESSOAL CIVIL;00;RECURSOS PRIMARIOS DE LIVRE APLICACAO;;;;;23,681.03;18,867.99;4,813.04;3,681.03
2019;158411;INST. FED. DA BAHIA/CAMPUS SALVADOR;12;EDUCACAO;368;EDUCACAO BASICA;2080;EDUCACAO DE QUALIDADE PARA TODOS;20RJ;APOIO A CAPACITACAO E FORMACAO INICIAL E CONTINUADA PARA A E;0004;EDUCACAO BASICA A DISTANCIA - SISTEMA UNIVERSIDADE ABERTA DO BRASIL (UAB);12368208020RJ0001;108456;MCC62G22EDN;UAB - UAB TRADICIONAL;90;APLICACOES DIRETAS;3;DESPESAS CORRENTES;3;OUTRAS DESPESAS CORRENTES;33;PASSAGENS E DESPESAS COM LOCOMOCAO;339033;PASSAGENS E DESPESAS COM LOCOMOCAO;00;RECURSOS PRIMARIOS DE LIVRE APLICACAO;;;;;28,418.93;20,000.00;8,418.93;5,414.67
2019;158416;INST.FED. ESPIRITO SANTO/CAMPUS VITORIA;12;EDUCACAO;364;ENSINO SUPERIOR;2080;EDUCACAO DE QUALIDADE PARA TODOS;0487;CONCESSAO DE BOLSAS DE ESTUDO NO ENSINO SUPERIOR;0002;CONCESSAO DE BOLSAS DE ESTUDOS NO PAIS;12364208004870001;108452;OCCCUO9414N;BF SUPERIOR - PROAP;90;APLICACOES DIRETAS;3;DESPESAS CORRENTES;3;OUTRAS DESPESAS CORRENTES;18;AUXILIO FINANCEIRO A ESTUDANTES;339018;AUXILIO FINANCEIRO A ESTUDANTES;00;RECURSOS PRIMARIOS DE LIVRE APLICACAO;;;;;23,180.00;0.00;23,180.00;18,900.00
2019;158416;INST.FED. ESPIRITO SANTO/CAMPUS VITORIA;12;EDUCACAO;364;ENSINO SUPERIOR;2080;EDUCACAO DE QUALIDADE PARA TODOS;0487;CONCESSAO DE BOLSAS DE ESTUDO NO ENSINO SUPERIOR;0002;CONCESSAO DE BOLSAS DE ESTUDOS NO PAIS;12364208004870001;108452;OCCCUO9414N;BF SUPERIOR - PROAP;90;APLICACOES DIRETAS;3;DESPESAS CORRENTES;3;OUTRAS DESPESAS CORRENTES;20;AUXILIO FINANCEIRO A PESQUISADORES;339020;AUXILIO FINANCEIRO A PESQUISADORES;00;RECURSOS PRIMARIOS DE LIVRE APLICACAO;;;;;78,250.00;0.00;78,250.00;74,800.00
2019;158416;INST.FED. ESPIRITO SANTO/CAMPUS VITORIA;12;EDUCACAO;364;ENSINO SUPERIOR;2080;EDUCACAO DE QUALIDADE PARA TODOS;0487;CONCESSAO DE BOLSAS DE ESTUDO NO ENSINO SUPERIOR;0002;CONCESSAO DE BOLSAS DE ESTUDOS NO PAIS;12364208004870001;108452;OCCCUO9414N;BF SUPERIOR - PROAP;90;APLICACOES DIRETAS;3;DESPESAS CORRENTES;3;OUTRAS DESPESAS CORRENTES;30;MATERIAL DE CONSUMO;339030;MATERIAL DE CONSUMO;00;RECURSOS PRIMARIOS DE LIVRE APLICACAO;;;;;5,100.00;1,275.00;3,825.00;
2019;158416;INST.FED. ESPIRITO SANTO/CAMPUS VITORIA;12;EDUCACAO;364;ENSINO SUPERIOR;2080;EDUCACAO DE QUALIDADE PARA TODOS;0487;CONCESSAO DE BOLSAS DE ESTUDO NO ENSINO SUPERIOR;0002;CONCESSAO DE BOLSAS DE ESTUDOS NO PAIS;12364208004870001;108452;OCCCUO9414N;BF SUPERIOR - PROAP;90;APLICACOES DIRETAS;3;DESPESAS CORRENTES;3;OUTRAS DESPESAS CORRENTES;39;OUTROS SERVICOS DE TERCEIROS PJ - OP.INT.ORC.;339039;OUTROS SERVICOS DE TERCEIROS - PESSOA JURIDICA;00;RECURSOS PRIMARIOS DE LIVRE APLICACAO;;;;;18,000.00;0.00;18,000.00;14,400.00
2019;158416;INST.FED. ESPIRITO SANTO/CAMPUS VITORIA;12;EDUCACAO;368;EDUCACAO BASICA;2080;EDUCACAO DE QUALIDADE PARA TODOS;20RJ;APOIO A CAPACITACAO E FORMACAO INICIAL E CONTINUADA PARA A E;0004;EDUCACAO BASICA A DISTANCIA - SISTEMA UNIVERSIDADE ABERTA DO BRASIL (UAB);12368208020RJ0001;108456;QCC62T58LEN;UAB - UAB PROFLETRAS;90;APLICACOES DIRETAS;3;DESPESAS CORRENTES;3;OUTRAS DESPESAS CORRENTES;14;DIARIAS - PESSOAL CIVIL;339014;DIARIAS - PESSOAL CIVIL;00;RECURSOS PRIMARIOS DE LIVRE APLICACAO;;;;;51,828.87;23,820.38;28,008.49;28,008.49
2019;158416;INST.FED. ESPIRITO SANTO/CAMPUS VITORIA;12;EDUCACAO;368;EDUCACAO BASICA;2080;EDUCACAO DE QUALIDADE PARA TODOS;20RJ;APOIO A CAPACITACAO E FORMACAO INICIAL E CONTINUADA PARA A E;0004;EDUCACAO BASICA A DISTANCIA - SISTEMA UNIVERSIDADE ABERTA DO BRASIL (UAB);12368208020RJ0001;108456;QCC62T58LEN;UAB - UAB PROFLETRAS;90;APLICACOES DIRETAS;3;DESPESAS CORRENTES;3;OUTRAS DESPESAS CORRENTES;18;AUXILIO FINANCEIRO A ESTUDANTES;339018;AUXILIO FINANCEIRO A ESTUDANTES;00;RECURSOS PRIMARIOS DE LIVRE APLICACAO;;;;;18,000.00;18,000.00;;
2019;158416;INST.FED. ESPIRITO SANTO/CAMPUS VITORIA;12;EDUCACAO;368;EDUCACAO BASICA;2080;EDUCACAO DE QUALIDADE PARA TODOS;20RJ;APOIO A CAPACITACAO E FORMACAO INICIAL E CONTINUADA PARA A E;0004;EDUCACAO BASICA A DISTANCIA - SISTEMA UNIVERSIDADE ABERTA DO BRASIL (UAB);12368208020RJ0001;108456;QCC62T58LEN;UAB - UAB PROFLETRAS;90;APLICACOES DIRETAS;3;DESPESAS CORRENTES;3;OUTRAS DESPESAS CORRENTES;33;PASSAGENS E DESPESAS COM LOCOMOCAO;339033;PASSAGENS E DESPESAS COM LOCOMOCAO;00;RECURSOS PRIMARIOS DE LIVRE APLICACAO;;;;;216,000.00;144,000.00;18,784.77;
2019;158416;INST.FED. ESPIRITO SANTO/CAMPUS VITORIA;12;EDUCACAO;368;EDUCACAO BASICA;2080;EDUCACAO DE QUALIDADE PARA TODOS;20RJ;APOIO A CAPACITACAO E FORMACAO INICIAL E CONTINUADA PARA A E;0004;EDUCACAO BASICA A DISTANCIA - SISTEMA UNIVERSIDADE ABERTA DO BRASIL (UAB);12368208020RJ0001;108456;QCC62T58LEN;UAB - UAB PROFLETRAS;90;APLICACOES DIRETAS;3;DESPESAS CORRENTES;3;OUTRAS DESPESAS CORRENTES;39;OUTROS SERVICOS DE TERCEIROS PJ - OP.INT.ORC.;339039;OUTROS SERVICOS DE TERCEIROS - PESSOA JURIDICA;00;RECURSOS PRIMARIOS DE LIVRE APLICACAO;;;;;18,000.00;7,200.00;;
2019;158427;INST.FED. ESPIRITO SANTO/CAMPUS VILA VELHA;12;EDUCACAO;368;EDUCACAO BASICA;2080;EDUCACAO DE QUALIDADE PARA TODOS;20RJ;APOIO A CAPACITACAO E FORMACAO INICIAL E CONTINUADA PARA A E;0004;EDUCACAO BASICA A DISTANCIA - SISTEMA UNIVERSIDADE ABERTA DO BRASIL (UAB);12368208020RJ0001;108456;QCC62T58QUN;UAB - UAB PROFQUIMICA;90;APLICACOES DIRETAS;3;DESPESAS CORRENTES;3;OUTRAS DESPESAS CORRENTES;14;DIARIAS - PESSOAL CIVIL;339014;DIARIAS - PESSOAL CIVIL;00;RECURSOS PRIMARIOS DE LIVRE APLICACAO;;;;;15,054.12;12,917.96;2,136.16;2,136.16
2019;158427;INST.FED. ESPIRITO SANTO/CAMPUS VILA VELHA;12;EDUCACAO;368;EDUCACAO BASICA;2080;EDUCACAO DE QUALIDADE PARA TODOS;20RJ;APOIO A CAPACITACAO E FORMACAO INICIAL E CONTINUADA PARA A E;0004;EDUCACAO BASICA A DISTANCIA - SISTEMA UNIVERSIDADE ABERTA DO BRASIL (UAB);12368208020RJ0001;108456;QCC62T58QUN;UAB - UAB PROFQUIMICA;90;APLICACOES DIRETAS;3;DESPESAS CORRENTES;3;OUTRAS DESPESAS CORRENTES;30;MATERIAL DE CONSUMO;339030;MATERIAL DE CONSUMO;00;RECURSOS PRIMARIOS DE LIVRE APLICACAO;;;;;46,054.04;11,049.92;27,114.12;23,928.16
2019;158427;INST.FED. ESPIRITO SANTO/CAMPUS VILA VELHA;12;EDUCACAO;368;EDUCACAO BASICA;2080;EDUCACAO DE QUALIDADE PARA TODOS;20RJ;APOIO A CAPACITACAO E FORMACAO INICIAL E CONTINUADA PARA A E;0004;EDUCACAO BASICA A DISTANCIA - SISTEMA UNIVERSIDADE ABERTA DO BRASIL (UAB);12368208020RJ0001;108456;QCC62T58QUN;UAB - UAB PROFQUIMICA;90;APLICACOES DIRETAS;3;DESPESAS CORRENTES;3;OUTRAS DESPESAS CORRENTES;33;PASSAGENS E DESPESAS COM LOCOMOCAO;339033;PASSAGENS E DESPESAS COM LOCOMOCAO;00;RECURSOS PRIMARIOS DE LIVRE APLICACAO;;;;;89,838.36;58,707.50;4,523.44;4,523.44
2019;158445;IFAM - CAMPUS MANAUS CENTRO;12;EDUCACAO;368;EDUCACAO BASICA;2080;EDUCACAO DE QUALIDADE PARA TODOS;20RJ;APOIO A CAPACITACAO E FORMACAO INICIAL E CONTINUADA PARA A E;0003;EDUCACAO BASICA PRESENCIAL;12368208020RJ0001;108455;PCC92B5801N;PARFOR - PARFOR;90;APLICACOES DIRETAS;3;DESPESAS CORRENTES;3;OUTRAS DESPESAS CORRENTES;30;MATERIAL DE CONSUMO;339030;MATERIAL DE CONSUMO;00;RECURSOS PRIMARIOS DE LIVRE APLICACAO;;;;;40,215.12;16,966.82;17,623.75;
2019;158445;IFAM - CAMPUS MANAUS CENTRO;12;EDUCACAO;368;EDUCACAO BASICA;2080;EDUCACAO DE QUALIDADE PARA TODOS;20RJ;APOIO A CAPACITACAO E FORMACAO INICIAL E CONTINUADA PARA A E;0003;EDUCACAO BASICA PRESENCIAL;12368208020RJ0001;108455;PCC92B5801N;PARFOR - PARFOR;90;APLICACOES DIRETAS;3;DESPESAS CORRENTES;3;OUTRAS DESPESAS CORRENTES;39;OUTROS SERVICOS DE TERCEIROS PJ - OP.INT.ORC.;339039;OUTROS SERVICOS DE TERCEIROS - PESSOA JURIDICA;00;RECURSOS PRIMARIOS DE LIVRE APLICACAO;;;;;38,982.95;9,966.95;;
2019;158456;INST.FED.DO MARANHAO/CAMPUS CAXIAS;12;EDUCACAO;368;EDUCACAO BASICA;2080;EDUCACAO DE QUALIDADE PARA TODOS;20RJ;APOIO A CAPACITACAO E FORMACAO INICIAL E CONTINUADA PARA A E;0004;EDUCACAO BASICA A DISTANCIA - SISTEMA UNIVERSIDADE ABERTA DO BRASIL (UAB);12368208020RJ0001;108456;MCC62G22EDN;UAB - UAB TRADICIONAL;90;APLICACOES DIRETAS;3;DESPESAS CORRENTES;3;OUTRAS DESPESAS CORRENTES;14;DIARIAS - PESSOAL CIVIL;339014;DIARIAS - PESSOAL CIVIL;00;RECURSOS PRIMARIOS DE LIVRE APLICACAO;;;;;115,869.51;40,103.24;75,766.27;68,060.67
2019;158456;INST.FED.DO MARANHAO/CAMPUS CAXIAS;12;EDUCACAO;368;EDUCACAO BASICA;2080;EDUCACAO DE QUALIDADE PARA TODOS;20RJ;APOIO A CAPACITACAO E FORMACAO INICIAL E CONTINUADA PARA A E;0004;EDUCACAO BASICA A DISTANCIA - SISTEMA UNIVERSIDADE ABERTA DO BRASIL (UAB);12368208020RJ0001;108456;MCC62G22EDN;UAB - UAB TRADICIONAL;90;APLICACOES DIRETAS;3;DESPESAS CORRENTES;3;OUTRAS DESPESAS CORRENTES;18;AUXILIO FINANCEIRO A ESTUDANTES;339018;AUXILIO FINANCEIRO A ESTUDANTES;00;RECURSOS PRIMARIOS DE LIVRE APLICACAO;;;;;92,814.07;20,000.00;72,814.07;52,814.07
2019;158456;INST.FED.DO MARANHAO/CAMPUS CAXIAS;12;EDUCACAO;368;EDUCACAO BASICA;2080;EDUCACAO DE QUALIDADE PARA TODOS;20RJ;APOIO A CAPACITACAO E FORMACAO INICIAL E CONTINUADA PARA A E;0004;EDUCACAO BASICA A DISTANCIA - SISTEMA UNIVERSIDADE ABERTA DO BRASIL (UAB);12368208020RJ0001;108456;MCC62G22EDN;UAB - UAB TRADICIONAL;90;APLICACOES DIRETAS;3;DESPESAS CORRENTES;3;OUTRAS DESPESAS CORRENTES;30;MATERIAL DE CONSUMO;339030;MATERIAL DE CONSUMO;00;RECURSOS PRIMARIOS DE LIVRE APLICACAO;;;;;139,690.40;55,876.16;16,872.00;
2019;158456;INST.FED.DO MARANHAO/CAMPUS CAXIAS;12;EDUCACAO;368;EDUCACAO BASICA;2080;EDUCACAO DE QUALIDADE PARA TODOS;20RJ;APOIO A CAPACITACAO E FORMACAO INICIAL E CONTINUADA PARA A E;0004;EDUCACAO BASICA A DISTANCIA - SISTEMA UNIVERSIDADE ABERTA DO BRASIL (UAB);12368208020RJ0001;108456;MCC62G22EDN;UAB - UAB TRADICIONAL;90;APLICACOES DIRETAS;3;DESPESAS CORRENTES;3;OUTRAS DESPESAS CORRENTES;33;PASSAGENS E DESPESAS COM LOCOMOCAO;339033;PASSAGENS E DESPESAS COM LOCOMOCAO;00;RECURSOS PRIMARIOS DE LIVRE APLICACAO;;;;;61,168.50;19,225.61;25,925.44;11,530.43
2019;158456;INST.FED.DO MARANHAO/CAMPUS CAXIAS;12;EDUCACAO;368;EDUCACAO BASICA;2080;EDUCACAO DE QUALIDADE PARA TODOS;20RJ;APOIO A CAPACITACAO E FORMACAO INICIAL E CONTINUADA PARA A E;0004;EDUCACAO BASICA A DISTANCIA - SISTEMA UNIVERSIDADE ABERTA DO BRASIL (UAB);12368208020RJ0001;108456;MCC62G22EDN;UAB - UAB TRADICIONAL;90;APLICACOES DIRETAS;3;DESPESAS CORRENTES;3;OUTRAS DESPESAS CORRENTES;36;OUTROS SERVICOS DE TERCEIROS - P.FISICA;339036;OUTROS SERVICOS DE TERCEIROS - PESSOA FISICA;00;RECURSOS PRIMARIOS DE LIVRE APLICACAO;;;;;50,679.50;34,390.50;16,289.00;15,928.50
2019;158456;INST.FED.DO MARANHAO/CAMPUS CAXIAS;12;EDUCACAO;368;EDUCACAO BASICA;2080;EDUCACAO DE QUALIDADE PARA TODOS;20RJ;APOIO A CAPACITACAO E FORMACAO INICIAL E CONTINUADA PARA A E;0004;EDUCACAO BASICA A DISTANCIA - SISTEMA UNIVERSIDADE ABERTA DO BRASIL (UAB);12368208020RJ0001;108456;MCC62G22EDN;UAB - UAB TRADICIONAL;90;APLICACOES DIRETAS;3;DESPESAS CORRENTES;3;OUTRAS DESPESAS CORRENTES;39;OUTROS SERVICOS DE TERCEIROS PJ - OP.INT.ORC.;339039;OUTROS SERVICOS DE TERCEIROS - PESSOA JURIDICA;00;RECURSOS PRIMARIOS DE LIVRE APLICACAO;;;;;73,434.30;29,372.10;;
2019;158467;INST.FED.SUL-RIO-GRANDENSE/CAMPUS PELOTAS;12;EDUCACAO;368;EDUCACAO BASICA;2080;EDUCACAO DE QUALIDADE PARA TODOS;20RJ;APOIO A CAPACITACAO E FORMACAO INICIAL E CONTINUADA PARA A E;0004;EDUCACAO BASICA A DISTANCIA - SISTEMA UNIVERSIDADE ABERTA DO BRASIL (UAB);12368208020RJ0001;108456;MCC62G22EDN;UAB - UAB TRADICIONAL;90;APLICACOES DIRETAS;3;DESPESAS CORRENTES;3;OUTRAS DESPESAS CORRENTES;30;MATERIAL DE CONSUMO;339030;MATERIAL DE CONSUMO;00;RECURSOS PRIMARIOS DE LIVRE APLICACAO;;;;;63,044.25;0.00;;
2019;158467;INST.FED.SUL-RIO-GRANDENSE/CAMPUS PELOTAS;12;EDUCACAO;368;EDUCACAO BASICA;2080;EDUCACAO DE QUALIDADE PARA TODOS;20RJ;APOIO A CAPACITACAO E FORMACAO INICIAL E CONTINUADA PARA A E;0004;EDUCACAO BASICA A DISTANCIA - SISTEMA UNIVERSIDADE ABERTA DO BRASIL (UAB);12368208020RJ0001;108456;MCC62G22EDN;UAB - UAB TRADICIONAL;90;APLICACOES DIRETAS;3;DESPESAS CORRENTES;3;OUTRAS DESPESAS CORRENTES;39;OUTROS SERVICOS DE TERCEIROS PJ - OP.INT.ORC.;339039;OUTROS SERVICOS DE TERCEIROS - PESSOA JURIDICA;00;RECURSOS PRIMARIOS DE LIVRE APLICACAO;;;;;12,500.00;5,000.00;;
2019;158469;IFPB - CAMPUS JOAO PESSOA;12;EDUCACAO;364;ENSINO SUPERIOR;2080;EDUCACAO DE QUALIDADE PARA TODOS;0487;CONCESSAO DE BOLSAS DE ESTUDO NO ENSINO SUPERIOR;0002;CONCESSAO DE BOLSAS DE ESTUDOS NO PAIS;12364208004870001;108452;OCCCUO9414N;BF SUPERIOR - PROAP;90;APLICACOES DIRETAS;3;DESPESAS CORRENTES;3;OUTRAS DESPESAS CORRENTES;14;DIARIAS - PESSOAL CIVIL;339014;DIARIAS - PESSOAL CIVIL;08;FUNDO SOCIAL-PARC.DEST.EDUCACAO PUBL.E SAUDE;;;;;26,389.26;21,610.74;4,778.52;4,778.52
2019;158469;IFPB - CAMPUS JOAO PESSOA;12;EDUCACAO;364;ENSINO SUPERIOR;2080;EDUCACAO DE QUALIDADE PARA TODOS;0487;CONCESSAO DE BOLSAS DE ESTUDO NO ENSINO SUPERIOR;0002;CONCESSAO DE BOLSAS DE ESTUDOS NO PAIS;12364208004870001;108452;OCCCUO9414N;BF SUPERIOR - PROAP;90;APLICACOES DIRETAS;3;DESPESAS CORRENTES;3;OUTRAS DESPESAS CORRENTES;18;AUXILIO FINANCEIRO A ESTUDANTES;339018;AUXILIO FINANCEIRO A ESTUDANTES;08;FUNDO SOCIAL-PARC.DEST.EDUCACAO PUBL.E SAUDE;;;;;48,999.64;13,726.12;35,273.52;32,479.52
2019;158469;IFPB - CAMPUS JOAO PESSOA;12;EDUCACAO;368;EDUCACAO BASICA;2080;EDUCACAO DE QUALIDADE PARA TODOS;20RJ;APOIO A CAPACITACAO E FORMACAO INICIAL E CONTINUADA PARA A E;0004;EDUCACAO BASICA A DISTANCIA - SISTEMA UNIVERSIDADE ABERTA DO BRASIL (UAB);12368208020RJ0001;108456;MCC62G22EDN;UAB - UAB TRADICIONAL;90;APLICACOES DIRETAS;3;DESPESAS CORRENTES;3;OUTRAS DESPESAS CORRENTES;30;MATERIAL DE CONSUMO;339030;MATERIAL DE CONSUMO;00;RECURSOS PRIMARIOS DE LIVRE APLICACAO;;;;;164,030.28;41,007.57;25,557.00;25,557.00
2019;158483;CAMPUS NILOPOLIS;12;EDUCACAO;364;ENSINO SUPERIOR;2080;EDUCACAO DE QUALIDADE PARA TODOS;0487;CONCESSAO DE BOLSAS DE ESTUDO NO ENSINO SUPERIOR;0002;CONCESSAO DE BOLSAS DE ESTUDOS NO PAIS;12364208004870001;108452;OCCCUO9414N;BF SUPERIOR - PROAP;90;APLICACOES DIRETAS;3;DESPESAS CORRENTES;3;OUTRAS DESPESAS CORRENTES;14;DIARIAS - PESSOAL CIVIL;339014;DIARIAS - PESSOAL CIVIL;00;RECURSOS PRIMARIOS DE LIVRE APLICACAO;;;;;3,075.00;3,075.00;;
2019;158483;CAMPUS NILOPOLIS;12;EDUCACAO;364;ENSINO SUPERIOR;2080;EDUCACAO DE QUALIDADE PARA TODOS;0487;CONCESSAO DE BOLSAS DE ESTUDO NO ENSINO SUPERIOR;0002;CONCESSAO DE BOLSAS DE ESTUDOS NO PAIS;12364208004870001;108452;OCCCUO9414N;BF SUPERIOR - PROAP;90;APLICACOES DIRETAS;3;DESPESAS CORRENTES;3;OUTRAS DESPESAS CORRENTES;33;PASSAGENS E DESPESAS COM LOCOMOCAO;339033;PASSAGENS E DESPESAS COM LOCOMOCAO;00;RECURSOS PRIMARIOS DE LIVRE APLICACAO;;;;;20,000.00;5,000.00;;
2019;158494;INST.FED.MATO GROSSO/CAMPUS BELA VISTA;12;EDUCACAO;364;ENSINO SUPERIOR;2080;EDUCACAO DE QUALIDADE PARA TODOS;0487;CONCESSAO DE BOLSAS DE ESTUDO NO ENSINO SUPERIOR;0002;CONCESSAO DE BOLSAS DE ESTUDOS NO PAIS;12364208004870001;108452;OCCCUO9414N;BF SUPERIOR - PROAP;90;APLICACOES DIRETAS;3;DESPESAS CORRENTES;3;OUTRAS DESPESAS CORRENTES;14;DIARIAS - PESSOAL CIVIL;339014;DIARIAS - PESSOAL CIVIL;08;FUNDO SOCIAL-PARC.DEST.EDUCACAO PUBL.E SAUDE;;;;;8,417.16;0.00;8,417.16;8,417.16
2019;158494;INST.FED.MATO GROSSO/CAMPUS BELA VISTA;12;EDUCACAO;368;EDUCACAO BASICA;2080;EDUCACAO DE QUALIDADE PARA TODOS;20RJ;APOIO A CAPACITACAO E FORMACAO INICIAL E CONTINUADA PARA A E;0004;EDUCACAO BASICA A DISTANCIA - SISTEMA UNIVERSIDADE ABERTA DO BRASIL (UAB);12368208020RJ0001;108456;MCC62G22EDN;UAB - UAB TRADICIONAL;90;APLICACOES DIRETAS;3;DESPESAS CORRENTES;3;OUTRAS DESPESAS CORRENTES;30;MATERIAL DE CONSUMO;339030;MATERIAL DE CONSUMO;00;RECURSOS PRIMARIOS DE LIVRE APLICACAO;;;;;186,258.44;42,410.59;40,069.72;31,446.63
2019;158494;INST.FED.MATO GROSSO/CAMPUS BELA VISTA;12;EDUCACAO;368;EDUCACAO BASICA;2080;EDUCACAO DE QUALIDADE PARA TODOS;20RJ;APOIO A CAPACITACAO E FORMACAO INICIAL E CONTINUADA PARA A E;0004;EDUCACAO BASICA A DISTANCIA - SISTEMA UNIVERSIDADE ABERTA DO BRASIL (UAB);12368208020RJ0001;108456;MCC62G22EDN;UAB - UAB TRADICIONAL;90;APLICACOES DIRETAS;3;DESPESAS CORRENTES;3;OUTRAS DESPESAS CORRENTES;39;OUTROS SERVICOS DE TERCEIROS PJ - OP.INT.ORC.;339039;OUTROS SERVICOS DE TERCEIROS - PESSOA JURIDICA;00;RECURSOS PRIMARIOS DE LIVRE APLICACAO;;;;;48,434.00;18,858.50;1,325.31;1,325.31
2019;158515;UNIVERSIDADE FEDERAL DO OESTE DO PARA;12;EDUCACAO;364;ENSINO SUPERIOR;2080;EDUCACAO DE QUALIDADE PARA TODOS;0487;CONCESSAO DE BOLSAS DE ESTUDO NO ENSINO SUPERIOR;0002;CONCESSAO DE BOLSAS DE ESTUDOS NO PAIS;12364208004870001;108452;OCCCUO9414N;BF SUPERIOR - PROAP;90;APLICACOES DIRETAS;3;DESPESAS CORRENTES;3;OUTRAS DESPESAS CORRENTES;14;DIARIAS - PESSOAL CIVIL;339014;DIARIAS - PESSOAL CIVIL;00;RECURSOS PRIMARIOS DE LIVRE APLICACAO;;;;;407,741.08;267,904.03;139,837.05;128,772.29
2019;158515;UNIVERSIDADE FEDERAL DO OESTE DO PARA;12;EDUCACAO;364;ENSINO SUPERIOR;2080;EDUCACAO DE QUALIDADE PARA TODOS;0487;CONCESSAO DE BOLSAS DE ESTUDO NO ENSINO SUPERIOR;0002;CONCESSAO DE BOLSAS DE ESTUDOS NO PAIS;12364208004870001;108452;OCCCUO9414N;BF SUPERIOR - PROAP;90;APLICACOES DIRETAS;3;DESPESAS CORRENTES;3;OUTRAS DESPESAS CORRENTES;18;AUXILIO FINANCEIRO A ESTUDANTES;339018;AUXILIO FINANCEIRO A ESTUDANTES;00;RECURSOS PRIMARIOS DE LIVRE APLICACAO;;;;;655,081.17;112,745.64;477,120.00;436,160.00
2019;158515;UNIVERSIDADE FEDERAL DO OESTE DO PARA;12;EDUCACAO;364;ENSINO SUPERIOR;2080;EDUCACAO DE QUALIDADE PARA TODOS;0487;CONCESSAO DE BOLSAS DE ESTUDO NO ENSINO SUPERIOR;0002;CONCESSAO DE BOLSAS DE ESTUDOS NO PAIS;12364208004870001;108452;OCCCUO9414N;BF SUPERIOR - PROAP;90;APLICACOES DIRETAS;3;DESPESAS CORRENTES;3;OUTRAS DESPESAS CORRENTES;30;MATERIAL DE CONSUMO;339030;MATERIAL DE CONSUMO;00;RECURSOS PRIMARIOS DE LIVRE APLICACAO;;;;;4,612.92;1,153.23;;
2019;158515;UNIVERSIDADE FEDERAL DO OESTE DO PARA;12;EDUCACAO;364;ENSINO SUPERIOR;2080;EDUCACAO DE QUALIDADE PARA TODOS;0487;CONCESSAO DE BOLSAS DE ESTUDO NO ENSINO SUPERIOR;0002;CONCESSAO DE BOLSAS DE ESTUDOS NO PAIS;12364208004870001;108452;OCCCUO9414N;BF SUPERIOR - PROAP;90;APLICACOES DIRETAS;3;DESPESAS CORRENTES;3;OUTRAS DESPESAS CORRENTES;33;PASSAGENS E DESPESAS COM LOCOMOCAO;339033;PASSAGENS E DESPESAS COM LOCOMOCAO;00;RECURSOS PRIMARIOS DE LIVRE APLICACAO;;;;;236,542.56;58,489.10;164,610.43;134,726.91
2019;158515;UNIVERSIDADE FEDERAL DO OESTE DO PARA;12;EDUCACAO;368;EDUCACAO BASICA;2080;EDUCACAO DE QUALIDADE PARA TODOS;20RJ;APOIO A CAPACITACAO E FORMACAO INICIAL E CONTINUADA PARA A E;0003;EDUCACAO BASICA PRESENCIAL;12368208020RJ0001;108455;PCC92B5801N;PARFOR - PARFOR;90;APLICACOES DIRETAS;3;DESPESAS CORRENTES;3;OUTRAS DESPESAS CORRENTES;14;DIARIAS - PESSOAL CIVIL;339014;DIARIAS - PESSOAL CIVIL;00;RECURSOS PRIMARIOS DE LIVRE APLICACAO;;;;;322,602.21;57,967.24;264,634.97;246,671.28
2019;158515;UNIVERSIDADE FEDERAL DO OESTE DO PARA;12;EDUCACAO;368;EDUCACAO BASICA;2080;EDUCACAO DE QUALIDADE PARA TODOS;20RJ;APOIO A CAPACITACAO E FORMACAO INICIAL E CONTINUADA PARA A E;0003;EDUCACAO BASICA PRESENCIAL;12368208020RJ0001;108455;PCC92B5801N;PARFOR - PARFOR;90;APLICACOES DIRETAS;3;DESPESAS CORRENTES;3;OUTRAS DESPESAS CORRENTES;33;PASSAGENS E DESPESAS COM LOCOMOCAO;339033;PASSAGENS E DESPESAS COM LOCOMOCAO;00;RECURSOS PRIMARIOS DE LIVRE APLICACAO;;;;;15,292.50;10,430.58;4,861.92;4,861.92
2019;158515;UNIVERSIDADE FEDERAL DO OESTE DO PARA;12;EDUCACAO;368;EDUCACAO BASICA;2080;EDUCACAO DE QUALIDADE PARA TODOS;20RJ;APOIO A CAPACITACAO E FORMACAO INICIAL E CONTINUADA PARA A E;0003;EDUCACAO BASICA PRESENCIAL;12368208020RJ0001;108455;PCC92B5801N;PARFOR - PARFOR;90;APLICACOES DIRETAS;3;DESPESAS CORRENTES;3;OUTRAS DESPESAS CORRENTES;93;INDENIZACOES E RESTITUICOES;339093;INDENIZACOES E RESTITUICOES;00;RECURSOS PRIMARIOS DE LIVRE APLICACAO;;;;;29,676.20;14,470.80;15,205.40;14,807.40
2019;158515;UNIVERSIDADE FEDERAL DO OESTE DO PARA;12;EDUCACAO;368;EDUCACAO BASICA;2080;EDUCACAO DE QUALIDADE PARA TODOS;20RJ;APOIO A CAPACITACAO E FORMACAO INICIAL E CONTINUADA PARA A E;0004;EDUCACAO BASICA A DISTANCIA - SISTEMA UNIVERSIDADE ABERTA DO BRASIL (UAB);12368208020RJ0001;108456;QCC62T58LEN;UAB - UAB PROFLETRAS;90;APLICACOES DIRETAS;3;DESPESAS CORRENTES;3;OUTRAS DESPESAS CORRENTES;14;DIARIAS - PESSOAL CIVIL;339014;DIARIAS - PESSOAL CIVIL;00;RECURSOS PRIMARIOS DE LIVRE APLICACAO;;;;;87,992.85;53,548.65;34,444.20;30,280.23
2019;158515;UNIVERSIDADE FEDERAL DO OESTE DO PARA;12;EDUCACAO;368;EDUCACAO BASICA;2080;EDUCACAO DE QUALIDADE PARA TODOS;20RJ;APOIO A CAPACITACAO E FORMACAO INICIAL E CONTINUADA PARA A E;0004;EDUCACAO BASICA A DISTANCIA - SISTEMA UNIVERSIDADE ABERTA DO BRASIL (UAB);12368208020RJ0001;108456;QCC62T58LEN;UAB - UAB PROFLETRAS;90;APLICACOES DIRETAS;3;DESPESAS CORRENTES;3;OUTRAS DESPESAS CORRENTES;18;AUXILIO FINANCEIRO A ESTUDANTES;339018;AUXILIO FINANCEIRO A ESTUDANTES;00;RECURSOS PRIMARIOS DE LIVRE APLICACAO;;;;;21,144.10;6,744.10;14,400.00;12,800.00
2019;158515;UNIVERSIDADE FEDERAL DO OESTE DO PARA;12;EDUCACAO;368;EDUCACAO BASICA;2080;EDUCACAO DE QUALIDADE PARA TODOS;20RJ;APOIO A CAPACITACAO E FORMACAO INICIAL E CONTINUADA PARA A E;0004;EDUCACAO BASICA A DISTANCIA - SISTEMA UNIVERSIDADE ABERTA DO BRASIL (UAB);12368208020RJ0001;108456;QCC62T58LEN;UAB - UAB PROFLETRAS;90;APLICACOES DIRETAS;3;DESPESAS CORRENTES;3;OUTRAS DESPESAS CORRENTES;33;PASSAGENS E DESPESAS COM LOCOMOCAO;339033;PASSAGENS E DESPESAS COM LOCOMOCAO;00;RECURSOS PRIMARIOS DE LIVRE APLICACAO;;;;;164,807.40;90,269.94;50,774.49;39,351.31
2019;158515;UNIVERSIDADE FEDERAL DO OESTE DO PARA;12;EDUCACAO;368;EDUCACAO BASICA;2080;EDUCACAO DE QUALIDADE PARA TODOS;20RJ;APOIO A CAPACITACAO E FORMACAO INICIAL E CONTINUADA PARA A E;0004;EDUCACAO BASICA A DISTANCIA - SISTEMA UNIVERSIDADE ABERTA DO BRASIL (UAB);12368208020RJ0001;108456;QCC62T58LEN;UAB - UAB PROFLETRAS;90;APLICACOES DIRETAS;3;DESPESAS CORRENTES;3;OUTRAS DESPESAS CORRENTES;39;OUTROS SERVICOS DE TERCEIROS PJ - OP.INT.ORC.;339039;OUTROS SERVICOS DE TERCEIROS - PESSOA JURIDICA;00;RECURSOS PRIMARIOS DE LIVRE APLICACAO;;;;;24,680.00;6,170.00;12,600.00;12,600.00
2019;158516;INST.FED.DE EDUC.,CIENC.E TEC.DE STA.CAT/IFSC;12;EDUCACAO;368;EDUCACAO BASICA;2080;EDUCACAO DE QUALIDADE PARA TODOS;20RJ;APOIO A CAPACITACAO E FORMACAO INICIAL E CONTINUADA PARA A E;0004;EDUCACAO BASICA A DISTANCIA - SISTEMA UNIVERSIDADE ABERTA DO BRASIL (UAB);12368208020RJ0001;108456;MCC62G22EDN;UAB - UAB TRADICIONAL;90;APLICACOES DIRETAS;3;DESPESAS CORRENTES;3;OUTRAS DESPESAS CORRENTES;14;DIARIAS - PESSOAL CIVIL;339014;DIARIAS - PESSOAL CIVIL;00;RECURSOS PRIMARIOS DE LIVRE APLICACAO;;;;;34,480.59;24,718.59;9,762.00;9,443.14
2019;158516;INST.FED.DE EDUC.,CIENC.E TEC.DE STA.CAT/IFSC;12;EDUCACAO;368;EDUCACAO BASICA;2080;EDUCACAO DE QUALIDADE PARA TODOS;20RJ;APOIO A CAPACITACAO E FORMACAO INICIAL E CONTINUADA PARA A E;0004;EDUCACAO BASICA A DISTANCIA - SISTEMA UNIVERSIDADE ABERTA DO BRASIL (UAB);12368208020RJ0001;108456;MCC62G22EDN;UAB - UAB TRADICIONAL;90;APLICACOES DIRETAS;3;DESPESAS CORRENTES;3;OUTRAS DESPESAS CORRENTES;30;MATERIAL DE CONSUMO;339030;MATERIAL DE CONSUMO;00;RECURSOS PRIMARIOS DE LIVRE APLICACAO;;;;;27,846.92;10,126.92;13,133.60;10,253.88
2019;158516;INST.FED.DE EDUC.,CIENC.E TEC.DE STA.CAT/IFSC;12;EDUCACAO;368;EDUCACAO BASICA;2080;EDUCACAO DE QUALIDADE PARA TODOS;20RJ;APOIO A CAPACITACAO E FORMACAO INICIAL E CONTINUADA PARA A E;0004;EDUCACAO BASICA A DISTANCIA - SISTEMA UNIVERSIDADE ABERTA DO BRASIL (UAB);12368208020RJ0001;108456;MCC62G22EDN;UAB - UAB TRADICIONAL;90;APLICACOES DIRETAS;3;DESPESAS CORRENTES;3;OUTRAS DESPESAS CORRENTES;33;PASSAGENS E DESPESAS COM LOCOMOCAO;339033;PASSAGENS E DESPESAS COM LOCOMOCAO;00;RECURSOS PRIMARIOS DE LIVRE APLICACAO;;;;;37,622.82;23,552.98;12,938.81;12,655.66
2019;158516;INST.FED.DE EDUC.,CIENC.E TEC.DE STA.CAT/IFSC;12;EDUCACAO;368;EDUCACAO BASICA;2080;EDUCACAO DE QUALIDADE PARA TODOS;20RJ;APOIO A CAPACITACAO E FORMACAO INICIAL E CONTINUADA PARA A E;0004;EDUCACAO BASICA A DISTANCIA - SISTEMA UNIVERSIDADE ABERTA DO BRASIL (UAB);12368208020RJ0001;108456;MCC62G22EDN;UAB - UAB TRADICIONAL;90;APLICACOES DIRETAS;3;DESPESAS CORRENTES;3;OUTRAS DESPESAS CORRENTES;36;OUTROS SERVICOS DE TERCEIROS - P.FISICA;339036;OUTROS SERVICOS DE TERCEIROS - PESSOA FISICA;00;RECURSOS PRIMARIOS DE LIVRE APLICACAO;;;;;10,038.00;6,446.00;3,592.00;3,592.00
2019;158516;INST.FED.DE EDUC.,CIENC.E TEC.DE STA.CAT/IFSC;12;EDUCACAO;368;EDUCACAO BASICA;2080;EDUCACAO DE QUALIDADE PARA TODOS;20RJ;APOIO A CAPACITACAO E FORMACAO INICIAL E CONTINUADA PARA A E;0004;EDUCACAO BASICA A DISTANCIA - SISTEMA UNIVERSIDADE ABERTA DO BRASIL (UAB);12368208020RJ0001;108456;MCC62G22EDN;UAB - UAB TRADICIONAL;90;APLICACOES DIRETAS;3;DESPESAS CORRENTES;3;OUTRAS DESPESAS CORRENTES;39;OUTROS SERVICOS DE TERCEIROS PJ - OP.INT.ORC.;339039;OUTROS SERVICOS DE TERCEIROS - PESSOA JURIDICA;00;RECURSOS PRIMARIOS DE LIVRE APLICACAO;;;;;13,855.60;8,316.01;856.56;304.92
2019;158517;UNIVERSIDADE FEDERAL DA FRONTEIRA SUL;12;EDUCACAO;364;ENSINO SUPERIOR;2080;EDUCACAO DE QUALIDADE PARA TODOS;0487;CONCESSAO DE BOLSAS DE ESTUDO NO ENSINO SUPERIOR;0002;CONCESSAO DE BOLSAS DE ESTUDOS NO PAIS;12364208004870001;108452;OCCCUO9414N;BF SUPERIOR - PROAP;90;APLICACOES DIRETAS;3;DESPESAS CORRENTES;3;OUTRAS DESPESAS CORRENTES;14;DIARIAS - PESSOAL CIVIL;339014;DIARIAS - PESSOAL CIVIL;00;RECURSOS PRIMARIOS DE LIVRE APLICACAO;;;;;353,985.60;160,939.70;193,045.90;165,650.01
2019;158517;UNIVERSIDADE FEDERAL DA FRONTEIRA SUL;12;EDUCACAO;364;ENSINO SUPERIOR;2080;EDUCACAO DE QUALIDADE PARA TODOS;0487;CONCESSAO DE BOLSAS DE ESTUDO NO ENSINO SUPERIOR;0002;CONCESSAO DE BOLSAS DE ESTUDOS NO PAIS;12364208004870001;108452;OCCCUO9414N;BF SUPERIOR - PROAP;90;APLICACOES DIRETAS;3;DESPESAS CORRENTES;3;OUTRAS DESPESAS CORRENTES;30;MATERIAL DE CONSUMO;339030;MATERIAL DE CONSUMO;00;RECURSOS PRIMARIOS DE LIVRE APLICACAO;;;;;78,734.06;14,798.81;31,915.02;29,614.89
2019;158517;UNIVERSIDADE FEDERAL DA FRONTEIRA SUL;12;EDUCACAO;364;ENSINO SUPERIOR;2080;EDUCACAO DE QUALIDADE PARA TODOS;0487;CONCESSAO DE BOLSAS DE ESTUDO NO ENSINO SUPERIOR;0002;CONCESSAO DE BOLSAS DE ESTUDOS NO PAIS;12364208004870001;108452;OCCCUO9414N;BF SUPERIOR - PROAP;90;APLICACOES DIRETAS;3;DESPESAS CORRENTES;3;OUTRAS DESPESAS CORRENTES;33;PASSAGENS E DESPESAS COM LOCOMOCAO;339033;PASSAGENS E DESPESAS COM LOCOMOCAO;00;RECURSOS PRIMARIOS DE LIVRE APLICACAO;;;;;310,432.78;109,436.40;94,958.02;83,239.70
2019;158517;UNIVERSIDADE FEDERAL DA FRONTEIRA SUL;12;EDUCACAO;364;ENSINO SUPERIOR;2080;EDUCACAO DE QUALIDADE PARA TODOS;0487;CONCESSAO DE BOLSAS DE ESTUDO NO ENSINO SUPERIOR;0002;CONCESSAO DE BOLSAS DE ESTUDOS NO PAIS;12364208004870001;108452;OCCCUO9414N;BF SUPERIOR - PROAP;90;APLICACOES DIRETAS;3;DESPESAS CORRENTES;3;OUTRAS DESPESAS CORRENTES;36;OUTROS SERVICOS DE TERCEIROS - P.FISICA;339036;OUTROS SERVICOS DE TERCEIROS - PESSOA FISICA;00;RECURSOS PRIMARIOS DE LIVRE APLICACAO;;;;;121,224.00;90,304.00;30,920.00;25,558.00
2019;158517;UNIVERSIDADE FEDERAL DA FRONTEIRA SUL;12;EDUCACAO;364;ENSINO SUPERIOR;2080;EDUCACAO DE QUALIDADE PARA TODOS;0487;CONCESSAO DE BOLSAS DE ESTUDO NO ENSINO SUPERIOR;0002;CONCESSAO DE BOLSAS DE ESTUDOS NO PAIS;12364208004870001;108452;OCCCUO9414N;BF SUPERIOR - PROAP;90;APLICACOES DIRETAS;3;DESPESAS CORRENTES;3;OUTRAS DESPESAS CORRENTES;39;OUTROS SERVICOS DE TERCEIROS PJ - OP.INT.ORC.;339039;OUTROS SERVICOS DE TERCEIROS - PESSOA JURIDICA;00;RECURSOS PRIMARIOS DE LIVRE APLICACAO;;;;;19,881.00;6,111.50;8,347.00;8,347.00
2019;158517;UNIVERSIDADE FEDERAL DA FRONTEIRA SUL;12;EDUCACAO;364;ENSINO SUPERIOR;2080;EDUCACAO DE QUALIDADE PARA TODOS;0487;CONCESSAO DE BOLSAS DE ESTUDO NO ENSINO SUPERIOR;0002;CONCESSAO DE BOLSAS DE ESTUDOS NO PAIS;12364208004870001;108452;OCCCUO9414N;BF SUPERIOR - PROAP;90;APLICACOES DIRETAS;3;DESPESAS CORRENTES;3;OUTRAS DESPESAS CORRENTES;93;INDENIZACOES E RESTITUICOES;339093;INDENIZACOES E RESTITUICOES;00;RECURSOS PRIMARIOS DE LIVRE APLICACAO;;;;;175,834.65;128,610.91;47,223.74;46,418.74
2019;158517;UNIVERSIDADE FEDERAL DA FRONTEIRA SUL;12;EDUCACAO;368;EDUCACAO BASICA;2080;EDUCACAO DE QUALIDADE PARA TODOS;20RJ;APOIO A CAPACITACAO E FORMACAO INICIAL E CONTINUADA PARA A E;0004;EDUCACAO BASICA A DISTANCIA - SISTEMA UNIVERSIDADE ABERTA DO BRASIL (UAB);12368208020RJ0001;108456;QCC62T58MAN;UAB - UAB PROFMAT;90;APLICACOES DIRETAS;3;DESPESAS CORRENTES;3;OUTRAS DESPESAS CORRENTES;14;DIARIAS - PESSOAL CIVIL;339014;DIARIAS - PESSOAL CIVIL;00;RECURSOS PRIMARIOS DE LIVRE APLICACAO;;;;;14,599.89;12,996.45;1,603.44;1,202.58
2019;158517;UNIVERSIDADE FEDERAL DA FRONTEIRA SUL;12;EDUCACAO;368;EDUCACAO BASICA;2080;EDUCACAO DE QUALIDADE PARA TODOS;20RJ;APOIO A CAPACITACAO E FORMACAO INICIAL E CONTINUADA PARA A E;0004;EDUCACAO BASICA A DISTANCIA - SISTEMA UNIVERSIDADE ABERTA DO BRASIL (UAB);12368208020RJ0001;108456;QCC62T58MAN;UAB - UAB PROFMAT;90;APLICACOES DIRETAS;3;DESPESAS CORRENTES;3;OUTRAS DESPESAS CORRENTES;33;PASSAGENS E DESPESAS COM LOCOMOCAO;339033;PASSAGENS E DESPESAS COM LOCOMOCAO;00;RECURSOS PRIMARIOS DE LIVRE APLICACAO;;;;;19,195.00;13,960.00;;
2019;158517;UNIVERSIDADE FEDERAL DA FRONTEIRA SUL;12;EDUCACAO;368;EDUCACAO BASICA;2080;EDUCACAO DE QUALIDADE PARA TODOS;20RJ;APOIO A CAPACITACAO E FORMACAO INICIAL E CONTINUADA PARA A E;0004;EDUCACAO BASICA A DISTANCIA - SISTEMA UNIVERSIDADE ABERTA DO BRASIL (UAB);12368208020RJ0001;108456;QCC62T58MAN;UAB - UAB PROFMAT;90;APLICACOES DIRETAS;3;DESPESAS CORRENTES;3;OUTRAS DESPESAS CORRENTES;36;OUTROS SERVICOS DE TERCEIROS - P.FISICA;339036;OUTROS SERVICOS DE TERCEIROS - PESSOA FISICA;00;RECURSOS PRIMARIOS DE LIVRE APLICACAO;;;;;5,634.00;5,634.00;;
2019;158532;INST.FED.RONDONIA/CAMPUS P. VELHO ZONA NORTE;12;EDUCACAO;368;EDUCACAO BASICA;2080;EDUCACAO DE QUALIDADE PARA TODOS;20RJ;APOIO A CAPACITACAO E FORMACAO INICIAL E CONTINUADA PARA A E;0004;EDUCACAO BASICA A DISTANCIA - SISTEMA UNIVERSIDADE ABERTA DO BRASIL (UAB);12368208020RJ0001;108456;MCC62G22EDN;UAB - UAB TRADICIONAL;90;APLICACOES DIRETAS;3;DESPESAS CORRENTES;3;OUTRAS DESPESAS CORRENTES;14;DIARIAS - PESSOAL CIVIL;339014;DIARIAS - PESSOAL CIVIL;00;RECURSOS PRIMARIOS DE LIVRE APLICACAO;;;;;23,066.10;13,911.30;9,154.80;6,866.10
2019;158532;INST.FED.RONDONIA/CAMPUS P. VELHO ZONA NORTE;12;EDUCACAO;368;EDUCACAO BASICA;2080;EDUCACAO DE QUALIDADE PARA TODOS;20RJ;APOIO A CAPACITACAO E FORMACAO INICIAL E CONTINUADA PARA A E;0004;EDUCACAO BASICA A DISTANCIA - SISTEMA UNIVERSIDADE ABERTA DO BRASIL (UAB);12368208020RJ0001;108456;MCC62G22EDN;UAB - UAB TRADICIONAL;90;APLICACOES DIRETAS;3;DESPESAS CORRENTES;3;OUTRAS DESPESAS CORRENTES;30;MATERIAL DE CONSUMO;339030;MATERIAL DE CONSUMO;00;RECURSOS PRIMARIOS DE LIVRE APLICACAO;;;;;14,386.08;3,596.52;;
2019;158532;INST.FED.RONDONIA/CAMPUS P. VELHO ZONA NORTE;12;EDUCACAO;368;EDUCACAO BASICA;2080;EDUCACAO DE QUALIDADE PARA TODOS;20RJ;APOIO A CAPACITACAO E FORMACAO INICIAL E CONTINUADA PARA A E;0004;EDUCACAO BASICA A DISTANCIA - SISTEMA UNIVERSIDADE ABERTA DO BRASIL (UAB);12368208020RJ0001;108456;MCC62G22EDN;UAB - UAB TRADICIONAL;90;APLICACOES DIRETAS;3;DESPESAS CORRENTES;3;OUTRAS DESPESAS CORRENTES;33;PASSAGENS E DESPESAS COM LOCOMOCAO;339033;PASSAGENS E DESPESAS COM LOCOMOCAO;00;RECURSOS PRIMARIOS DE LIVRE APLICACAO;;;;;28,800.00;7,200.00;;
2019;158532;INST.FED.RONDONIA/CAMPUS P. VELHO ZONA NORTE;12;EDUCACAO;368;EDUCACAO BASICA;2080;EDUCACAO DE QUALIDADE PARA TODOS;20RJ;APOIO A CAPACITACAO E FORMACAO INICIAL E CONTINUADA PARA A E;0004;EDUCACAO BASICA A DISTANCIA - SISTEMA UNIVERSIDADE ABERTA DO BRASIL (UAB);12368208020RJ0001;108456;MCC62G22EDN;UAB - UAB TRADICIONAL;90;APLICACOES DIRETAS;3;DESPESAS CORRENTES;3;OUTRAS DESPESAS CORRENTES;36;OUTROS SERVICOS DE TERCEIROS - P.FISICA;339036;OUTROS SERVICOS DE TERCEIROS - PESSOA FISICA;00;RECURSOS PRIMARIOS DE LIVRE APLICACAO;;;;;16,536.90;689.50;15,847.40;10,531.50
2019;158532;INST.FED.RONDONIA/CAMPUS P. VELHO ZONA NORTE;12;EDUCACAO;368;EDUCACAO BASICA;2080;EDUCACAO DE QUALIDADE PARA TODOS;20RJ;APOIO A CAPACITACAO E FORMACAO INICIAL E CONTINUADA PARA A E;0004;EDUCACAO BASICA A DISTANCIA - SISTEMA UNIVERSIDADE ABERTA DO BRASIL (UAB);12368208020RJ0001;108456;MCC62G22EDN;UAB - UAB TRADICIONAL;90;APLICACOES DIRETAS;3;DESPESAS CORRENTES;3;OUTRAS DESPESAS CORRENTES;39;OUTROS SERVICOS DE TERCEIROS PJ - OP.INT.ORC.;339039;OUTROS SERVICOS DE TERCEIROS - PESSOA JURIDICA;00;RECURSOS PRIMARIOS DE LIVRE APLICACAO;;;;;227,311.88;56,827.97;20,429.88;
2019;158532;INST.FED.RONDONIA/CAMPUS P. VELHO ZONA NORTE;12;EDUCACAO;368;EDUCACAO BASICA;2080;EDUCACAO DE QUALIDADE PARA TODOS;20RJ;APOIO A CAPACITACAO E FORMACAO INICIAL E CONTINUADA PARA A E;0004;EDUCACAO BASICA A DISTANCIA - SISTEMA UNIVERSIDADE ABERTA DO BRASIL (UAB);12368208020RJ0001;108456;MCC62G22EDN;UAB - UAB TRADICIONAL;90;APLICACOES DIRETAS;3;DESPESAS CORRENTES;3;OUTRAS DESPESAS CORRENTES;93;INDENIZACOES E RESTITUICOES;339093;INDENIZACOES E RESTITUICOES;00;RECURSOS PRIMARIOS DE LIVRE APLICACAO;;;;;20,000.00;5,000.00;;
2019;158561;IFAM - CAMPUS TABATINGA;12;EDUCACAO;368;EDUCACAO BASICA;2080;EDUCACAO DE QUALIDADE PARA TODOS;20RJ;APOIO A CAPACITACAO E FORMACAO INICIAL E CONTINUADA PARA A E;0003;EDUCACAO BASICA PRESENCIAL;12368208020RJ0001;108455;PCC92B5801N;PARFOR - PARFOR;90;APLICACOES DIRETAS;3;DESPESAS CORRENTES;3;OUTRAS DESPESAS CORRENTES;30;MATERIAL DE CONSUMO;339030;MATERIAL DE CONSUMO;00;RECURSOS PRIMARIOS DE LIVRE APLICACAO;;;;;31,671.20;3,515.94;17,607.44;
2019;158561;IFAM - CAMPUS TABATINGA;12;EDUCACAO;368;EDUCACAO BASICA;2080;EDUCACAO DE QUALIDADE PARA TODOS;20RJ;APOIO A CAPACITACAO E FORMACAO INICIAL E CONTINUADA PARA A E;0003;EDUCACAO BASICA PRESENCIAL;12368208020RJ0001;108455;PCC92B5801N;PARFOR - PARFOR;90;APLICACOES DIRETAS;3;DESPESAS CORRENTES;3;OUTRAS DESPESAS CORRENTES;39;OUTROS SERVICOS DE TERCEIROS PJ - OP.INT.ORC.;339039;OUTROS SERVICOS DE TERCEIROS - PESSOA JURIDICA;00;RECURSOS PRIMARIOS DE LIVRE APLICACAO;;;;;54,912.00;8,000.00;46,912.00;
2019;158565;UNIV.DA INTEG.INTERN.DA LUSOF.AFRO-BRASILEIRA;12;EDUCACAO;364;ENSINO SUPERIOR;2080;EDUCACAO DE QUALIDADE PARA TODOS;0487;CONCESSAO DE BOLSAS DE ESTUDO NO ENSINO SUPERIOR;0002;CONCESSAO DE BOLSAS DE ESTUDOS NO PAIS;12364208004870001;108452;OCCCUO9414N;BF SUPERIOR - PROAP;90;APLICACOES DIRETAS;3;DESPESAS CORRENTES;3;OUTRAS DESPESAS CORRENTES;14;DIARIAS - PESSOAL CIVIL;339014;DIARIAS - PESSOAL CIVIL;08;FUNDO SOCIAL-PARC.DEST.EDUCACAO PUBL.E SAUDE;;;;;61,738.58;23,487.50;38,251.08;37,480.70
2019;158565;UNIV.DA INTEG.INTERN.DA LUSOF.AFRO-BRASILEIRA;12;EDUCACAO;364;ENSINO SUPERIOR;2080;EDUCACAO DE QUALIDADE PARA TODOS;0487;CONCESSAO DE BOLSAS DE ESTUDO NO ENSINO SUPERIOR;0002;CONCESSAO DE BOLSAS DE ESTUDOS NO PAIS;12364208004870001;108452;OCCCUO9414N;BF SUPERIOR - PROAP;90;APLICACOES DIRETAS;3;DESPESAS CORRENTES;3;OUTRAS DESPESAS CORRENTES;18;AUXILIO FINANCEIRO A ESTUDANTES;339018;AUXILIO FINANCEIRO A ESTUDANTES;08;FUNDO SOCIAL-PARC.DEST.EDUCACAO PUBL.E SAUDE;;;;;58,672.90;24,535.90;34,137.00;31,354.00
2019;158565;UNIV.DA INTEG.INTERN.DA LUSOF.AFRO-BRASILEIRA;12;EDUCACAO;364;ENSINO SUPERIOR;2080;EDUCACAO DE QUALIDADE PARA TODOS;0487;CONCESSAO DE BOLSAS DE ESTUDO NO ENSINO SUPERIOR;0002;CONCESSAO DE BOLSAS DE ESTUDOS NO PAIS;12364208004870001;108452;OCCCUO9414N;BF SUPERIOR - PROAP;90;APLICACOES DIRETAS;3;DESPESAS CORRENTES;3;OUTRAS DESPESAS CORRENTES;20;AUXILIO FINANCEIRO A PESQUISADORES;339020;AUXILIO FINANCEIRO A PESQUISADORES;08;FUNDO SOCIAL-PARC.DEST.EDUCACAO PUBL.E SAUDE;;;;;86,839.46;28,546.11;58,293.35;53,418.30
2019;158565;UNIV.DA INTEG.INTERN.DA LUSOF.AFRO-BRASILEIRA;12;EDUCACAO;364;ENSINO SUPERIOR;2080;EDUCACAO DE QUALIDADE PARA TODOS;0487;CONCESSAO DE BOLSAS DE ESTUDO NO ENSINO SUPERIOR;0002;CONCESSAO DE BOLSAS DE ESTUDOS NO PAIS;12364208004870001;108452;OCCCUO9414N;BF SUPERIOR - PROAP;90;APLICACOES DIRETAS;3;DESPESAS CORRENTES;3;OUTRAS DESPESAS CORRENTES;33;PASSAGENS E DESPESAS COM LOCOMOCAO;339033;PASSAGENS E DESPESAS COM LOCOMOCAO;08;FUNDO SOCIAL-PARC.DEST.EDUCACAO PUBL.E SAUDE;;;;;106,305.08;64,095.77;26,387.70;11,434.65
2019;158565;UNIV.DA INTEG.INTERN.DA LUSOF.AFRO-BRASILEIRA;12;EDUCACAO;364;ENSINO SUPERIOR;2080;EDUCACAO DE QUALIDADE PARA TODOS;0487;CONCESSAO DE BOLSAS DE ESTUDO NO ENSINO SUPERIOR;0002;CONCESSAO DE BOLSAS DE ESTUDOS NO PAIS;12364208004870001;108452;OCCCUO9414N;BF SUPERIOR - PROAP;90;APLICACOES DIRETAS;3;DESPESAS CORRENTES;3;OUTRAS DESPESAS CORRENTES;36;OUTROS SERVICOS DE TERCEIROS - P.FISICA;339036;OUTROS SERVICOS DE TERCEIROS - PESSOA FISICA;08;FUNDO SOCIAL-PARC.DEST.EDUCACAO PUBL.E SAUDE;;;;;17,000.00;17,000.00;;
2019;158565;UNIV.DA INTEG.INTERN.DA LUSOF.AFRO-BRASILEIRA;12;EDUCACAO;364;ENSINO SUPERIOR;2080;EDUCACAO DE QUALIDADE PARA TODOS;0487;CONCESSAO DE BOLSAS DE ESTUDO NO ENSINO SUPERIOR;0002;CONCESSAO DE BOLSAS DE ESTUDOS NO PAIS;12364208004870001;108452;OCCCUO9414N;BF SUPERIOR - PROAP;90;APLICACOES DIRETAS;3;DESPESAS CORRENTES;3;OUTRAS DESPESAS CORRENTES;39;OUTROS SERVICOS DE TERCEIROS PJ - OP.INT.ORC.;339039;OUTROS SERVICOS DE TERCEIROS - PESSOA JURIDICA;08;FUNDO SOCIAL-PARC.DEST.EDUCACAO PUBL.E SAUDE;;;;;3,658.20;1,829.10;733.32;733.32
2019;158565;UNIV.DA INTEG.INTERN.DA LUSOF.AFRO-BRASILEIRA;12;EDUCACAO;368;EDUCACAO BASICA;2080;EDUCACAO DE QUALIDADE PARA TODOS;20RJ;APOIO A CAPACITACAO E FORMACAO INICIAL E CONTINUADA PARA A E;0004;EDUCACAO BASICA A DISTANCIA - SISTEMA UNIVERSIDADE ABERTA DO BRASIL (UAB);12368208020RJ0001;108456;MCC62G22EDN;UAB - UAB TRADICIONAL;90;APLICACOES DIRETAS;3;DESPESAS CORRENTES;3;OUTRAS DESPESAS CORRENTES;14;DIARIAS - PESSOAL CIVIL;339014;DIARIAS - PESSOAL CIVIL;00;RECURSOS PRIMARIOS DE LIVRE APLICACAO;;;;;73,043.59;42,226.22;30,817.37;30,356.25
2019;158565;UNIV.DA INTEG.INTERN.DA LUSOF.AFRO-BRASILEIRA;12;EDUCACAO;368;EDUCACAO BASICA;2080;EDUCACAO DE QUALIDADE PARA TODOS;20RJ;APOIO A CAPACITACAO E FORMACAO INICIAL E CONTINUADA PARA A E;0004;EDUCACAO BASICA A DISTANCIA - SISTEMA UNIVERSIDADE ABERTA DO BRASIL (UAB);12368208020RJ0001;108456;MCC62G22EDN;UAB - UAB TRADICIONAL;90;APLICACOES DIRETAS;3;DESPESAS CORRENTES;3;OUTRAS DESPESAS CORRENTES;30;MATERIAL DE CONSUMO;339030;MATERIAL DE CONSUMO;00;RECURSOS PRIMARIOS DE LIVRE APLICACAO;;;;;8,399.12;2,099.78;;
2019;158565;UNIV.DA INTEG.INTERN.DA LUSOF.AFRO-BRASILEIRA;12;EDUCACAO;368;EDUCACAO BASICA;2080;EDUCACAO DE QUALIDADE PARA TODOS;20RJ;APOIO A CAPACITACAO E FORMACAO INICIAL E CONTINUADA PARA A E;0004;EDUCACAO BASICA A DISTANCIA - SISTEMA UNIVERSIDADE ABERTA DO BRASIL (UAB);12368208020RJ0001;108456;MCC62G22EDN;UAB - UAB TRADICIONAL;90;APLICACOES DIRETAS;3;DESPESAS CORRENTES;3;OUTRAS DESPESAS CORRENTES;33;PASSAGENS E DESPESAS COM LOCOMOCAO;339033;PASSAGENS E DESPESAS COM LOCOMOCAO;00;RECURSOS PRIMARIOS DE LIVRE APLICACAO;;;;;29,798.32;7,449.58;7,290.42;7,290.42
2019;158565;UNIV.DA INTEG.INTERN.DA LUSOF.AFRO-BRASILEIRA;12;EDUCACAO;368;EDUCACAO BASICA;2080;EDUCACAO DE QUALIDADE PARA TODOS;20RJ;APOIO A CAPACITACAO E FORMACAO INICIAL E CONTINUADA PARA A E;0004;EDUCACAO BASICA A DISTANCIA - SISTEMA UNIVERSIDADE ABERTA DO BRASIL (UAB);12368208020RJ0001;108456;MCC62G22EDN;UAB - UAB TRADICIONAL;90;APLICACOES DIRETAS;3;DESPESAS CORRENTES;3;OUTRAS DESPESAS CORRENTES;37;LOCACAO DE MAO-DE-OBRA;339037;LOCACAO DE MAO-DE-OBRA;00;RECURSOS PRIMARIOS DE LIVRE APLICACAO;;;;;1,380,000.00;230,569.64;1,050,614.80;945,553.32
2019;158565;UNIV.DA INTEG.INTERN.DA LUSOF.AFRO-BRASILEIRA;12;EDUCACAO;368;EDUCACAO BASICA;2080;EDUCACAO DE QUALIDADE PARA TODOS;20RJ;APOIO A CAPACITACAO E FORMACAO INICIAL E CONTINUADA PARA A E;0004;EDUCACAO BASICA A DISTANCIA - SISTEMA UNIVERSIDADE ABERTA DO BRASIL (UAB);12368208020RJ0001;108456;MCC62G22EDN;UAB - UAB TRADICIONAL;90;APLICACOES DIRETAS;3;DESPESAS CORRENTES;3;OUTRAS DESPESAS CORRENTES;39;OUTROS SERVICOS DE TERCEIROS PJ - OP.INT.ORC.;339039;OUTROS SERVICOS DE TERCEIROS - PESSOA JURIDICA;00;RECURSOS PRIMARIOS DE LIVRE APLICACAO;;;;;8,000.00;2,000.00;;
2019;158565;UNIV.DA INTEG.INTERN.DA LUSOF.AFRO-BRASILEIRA;12;EDUCACAO;368;EDUCACAO BASICA;2080;EDUCACAO DE QUALIDADE PARA TODOS;20RJ;APOIO A CAPACITACAO E FORMACAO INICIAL E CONTINUADA PARA A E;0004;EDUCACAO BASICA A DISTANCIA - SISTEMA UNIVERSIDADE ABERTA DO BRASIL (UAB);12368208020RJ0001;108456;QCC62T58MAN;UAB - UAB PROFMAT;90;APLICACOES DIRETAS;3;DESPESAS CORRENTES;3;OUTRAS DESPESAS CORRENTES;14;DIARIAS - PESSOAL CIVIL;339014;DIARIAS - PESSOAL CIVIL;00;RECURSOS PRIMARIOS DE LIVRE APLICACAO;;;;;17,267.60;17,267.60;;
2019;158565;UNIV.DA INTEG.INTERN.DA LUSOF.AFRO-BRASILEIRA;12;EDUCACAO;368;EDUCACAO BASICA;2080;EDUCACAO DE QUALIDADE PARA TODOS;20RJ;APOIO A CAPACITACAO E FORMACAO INICIAL E CONTINUADA PARA A E;0004;EDUCACAO BASICA A DISTANCIA - SISTEMA UNIVERSIDADE ABERTA DO BRASIL (UAB);12368208020RJ0001;108456;QCC62T58MAN;UAB - UAB PROFMAT;90;APLICACOES DIRETAS;3;DESPESAS CORRENTES;3;OUTRAS DESPESAS CORRENTES;33;PASSAGENS E DESPESAS COM LOCOMOCAO;339033;PASSAGENS E DESPESAS COM LOCOMOCAO;00;RECURSOS PRIMARIOS DE LIVRE APLICACAO;;;;;25,947.24;25,947.24;;
2019;158658;UNIV. FEDERAL DA INTEGRACAO-LATINO-AMERICANA;12;EDUCACAO;364;ENSINO SUPERIOR;2080;EDUCACAO DE QUALIDADE PARA TODOS;0487;CONCESSAO DE BOLSAS DE ESTUDO NO ENSINO SUPERIOR;0002;CONCESSAO DE BOLSAS DE ESTUDOS NO PAIS;12364208004870001;108452;OCCCUO9414N;BF SUPERIOR - PROAP;90;APLICACOES DIRETAS;3;DESPESAS CORRENTES;3;OUTRAS DESPESAS CORRENTES;14;DIARIAS - PESSOAL CIVIL;339014;DIARIAS - PESSOAL CIVIL;00;RECURSOS PRIMARIOS DE LIVRE APLICACAO;;;;;37,470.83;28,144.41;9,326.42;9,326.42
2019;158658;UNIV. FEDERAL DA INTEGRACAO-LATINO-AMERICANA;12;EDUCACAO;364;ENSINO SUPERIOR;2080;EDUCACAO DE QUALIDADE PARA TODOS;0487;CONCESSAO DE BOLSAS DE ESTUDO NO ENSINO SUPERIOR;0002;CONCESSAO DE BOLSAS DE ESTUDOS NO PAIS;12364208004870001;108452;OCCCUO9414N;BF SUPERIOR - PROAP;90;APLICACOES DIRETAS;3;DESPESAS CORRENTES;3;OUTRAS DESPESAS CORRENTES;18;AUXILIO FINANCEIRO A ESTUDANTES;339018;AUXILIO FINANCEIRO A ESTUDANTES;00;RECURSOS PRIMARIOS DE LIVRE APLICACAO;;;;;556,023.92;101,831.01;442,959.14;399,551.46
2019;158658;UNIV. FEDERAL DA INTEGRACAO-LATINO-AMERICANA;12;EDUCACAO;364;ENSINO SUPERIOR;2080;EDUCACAO DE QUALIDADE PARA TODOS;0487;CONCESSAO DE BOLSAS DE ESTUDO NO ENSINO SUPERIOR;0002;CONCESSAO DE BOLSAS DE ESTUDOS NO PAIS;12364208004870001;108452;OCCCUO9414N;BF SUPERIOR - PROAP;90;APLICACOES DIRETAS;3;DESPESAS CORRENTES;3;OUTRAS DESPESAS CORRENTES;20;AUXILIO FINANCEIRO A PESQUISADORES;339020;AUXILIO FINANCEIRO A PESQUISADORES;00;RECURSOS PRIMARIOS DE LIVRE APLICACAO;;;;;33,423.10;0.00;33,423.10;29,428.10
2019;158658;UNIV. FEDERAL DA INTEGRACAO-LATINO-AMERICANA;12;EDUCACAO;364;ENSINO SUPERIOR;2080;EDUCACAO DE QUALIDADE PARA TODOS;0487;CONCESSAO DE BOLSAS DE ESTUDO NO ENSINO SUPERIOR;0002;CONCESSAO DE BOLSAS DE ESTUDOS NO PAIS;12364208004870001;108452;OCCCUO9414N;BF SUPERIOR - PROAP;90;APLICACOES DIRETAS;3;DESPESAS CORRENTES;3;OUTRAS DESPESAS CORRENTES;33;PASSAGENS E DESPESAS COM LOCOMOCAO;339033;PASSAGENS E DESPESAS COM LOCOMOCAO;00;RECURSOS PRIMARIOS DE LIVRE APLICACAO;;;;;36,500.00;9,267.13;23,105.29;23,105.29
2019;158658;UNIV. FEDERAL DA INTEGRACAO-LATINO-AMERICANA;12;EDUCACAO;364;ENSINO SUPERIOR;2080;EDUCACAO DE QUALIDADE PARA TODOS;0487;CONCESSAO DE BOLSAS DE ESTUDO NO ENSINO SUPERIOR;0002;CONCESSAO DE BOLSAS DE ESTUDOS NO PAIS;12364208004870001;108452;OCCCUO9414N;BF SUPERIOR - PROAP;90;APLICACOES DIRETAS;3;DESPESAS CORRENTES;3;OUTRAS DESPESAS CORRENTES;36;OUTROS SERVICOS DE TERCEIROS - P.FISICA;339036;OUTROS SERVICOS DE TERCEIROS - PESSOA FISICA;00;RECURSOS PRIMARIOS DE LIVRE APLICACAO;;;;;500.00;500.00;;
2019;158667;IF GOIANO - CAMPUS IPORA;12;EDUCACAO;368;EDUCACAO BASICA;2080;EDUCACAO DE QUALIDADE PARA TODOS;20RJ;APOIO A CAPACITACAO E FORMACAO INICIAL E CONTINUADA PARA A E;0004;EDUCACAO BASICA A DISTANCIA - SISTEMA UNIVERSIDADE ABERTA DO BRASIL (UAB);12368208020RJ0001;108456;MCC62G22EDN;UAB - UAB TRADICIONAL;90;APLICACOES DIRETAS;3;DESPESAS CORRENTES;3;OUTRAS DESPESAS CORRENTES;14;DIARIAS - PESSOAL CIVIL;339014;DIARIAS - PESSOAL CIVIL;00;RECURSOS PRIMARIOS DE LIVRE APLICACAO;;;;;3,671.58;3,000.00;671.58;671.58
2019;158667;IF GOIANO - CAMPUS IPORA;12;EDUCACAO;368;EDUCACAO BASICA;2080;EDUCACAO DE QUALIDADE PARA TODOS;20RJ;APOIO A CAPACITACAO E FORMACAO INICIAL E CONTINUADA PARA A E;0004;EDUCACAO BASICA A DISTANCIA - SISTEMA UNIVERSIDADE ABERTA DO BRASIL (UAB);12368208020RJ0001;108456;MCC62G22EDN;UAB - UAB TRADICIONAL;90;APLICACOES DIRETAS;3;DESPESAS CORRENTES;3;OUTRAS DESPESAS CORRENTES;30;MATERIAL DE CONSUMO;339030;MATERIAL DE CONSUMO;00;RECURSOS PRIMARIOS DE LIVRE APLICACAO;;;;;83,333.84;20,833.46;20,328.00;20,328.00
2019;158673;CAMPUS DO MUCURI;12;EDUCACAO;368;EDUCACAO BASICA;2080;EDUCACAO DE QUALIDADE PARA TODOS;20RJ;APOIO A CAPACITACAO E FORMACAO INICIAL E CONTINUADA PARA A E;0004;EDUCACAO BASICA A DISTANCIA - SISTEMA UNIVERSIDADE ABERTA DO BRASIL (UAB);12368208020RJ0001;108456;MCC62G22EDN;UAB - UAB TRADICIONAL;90;APLICACOES DIRETAS;3;DESPESAS CORRENTES;3;OUTRAS DESPESAS CORRENTES;39;OUTROS SERVICOS DE TERCEIROS PJ - OP.INT.ORC.;339039;OUTROS SERVICOS DE TERCEIROS - PESSOA JURIDICA;00;RECURSOS PRIMARIOS DE LIVRE APLICACAO;;;;;454,005.89;230,012.21;0.00;
2019;158673;CAMPUS DO MUCURI;12;EDUCACAO;368;EDUCACAO BASICA;2080;EDUCACAO DE QUALIDADE PARA TODOS;20RJ;APOIO A CAPACITACAO E FORMACAO INICIAL E CONTINUADA PARA A E;0004;EDUCACAO BASICA A DISTANCIA - SISTEMA UNIVERSIDADE ABERTA DO BRASIL (UAB);12368208020RJ0001;108456;QCC62T58MAN;UAB - UAB PROFMAT;90;APLICACOES DIRETAS;3;DESPESAS CORRENTES;3;OUTRAS DESPESAS CORRENTES;14;DIARIAS - PESSOAL CIVIL;339014;DIARIAS - PESSOAL CIVIL;00;RECURSOS PRIMARIOS DE LIVRE APLICACAO;;;;;98,286.26;86,445.70;11,840.56;11,250.60
2019;158673;CAMPUS DO MUCURI;12;EDUCACAO;368;EDUCACAO BASICA;2080;EDUCACAO DE QUALIDADE PARA TODOS;20RJ;APOIO A CAPACITACAO E FORMACAO INICIAL E CONTINUADA PARA A E;0004;EDUCACAO BASICA A DISTANCIA - SISTEMA UNIVERSIDADE ABERTA DO BRASIL (UAB);12368208020RJ0001;108456;QCC62T58MAN;UAB - UAB PROFMAT;90;APLICACOES DIRETAS;3;DESPESAS CORRENTES;3;OUTRAS DESPESAS CORRENTES;18;AUXILIO FINANCEIRO A ESTUDANTES;339018;AUXILIO FINANCEIRO A ESTUDANTES;00;RECURSOS PRIMARIOS DE LIVRE APLICACAO;;;;;42,000.00;42,000.00;;
2019;158673;CAMPUS DO MUCURI;12;EDUCACAO;368;EDUCACAO BASICA;2080;EDUCACAO DE QUALIDADE PARA TODOS;20RJ;APOIO A CAPACITACAO E FORMACAO INICIAL E CONTINUADA PARA A E;0004;EDUCACAO BASICA A DISTANCIA - SISTEMA UNIVERSIDADE ABERTA DO BRASIL (UAB);12368208020RJ0001;108456;QCC62T58MAN;UAB - UAB PROFMAT;90;APLICACOES DIRETAS;3;DESPESAS CORRENTES;3;OUTRAS DESPESAS CORRENTES;30;MATERIAL DE CONSUMO;339030;MATERIAL DE CONSUMO;00;RECURSOS PRIMARIOS DE LIVRE APLICACAO;;;;;5,345.97;0.00;;
2019;158673;CAMPUS DO MUCURI;12;EDUCACAO;368;EDUCACAO BASICA;2080;EDUCACAO DE QUALIDADE PARA TODOS;20RJ;APOIO A CAPACITACAO E FORMACAO INICIAL E CONTINUADA PARA A E;0004;EDUCACAO BASICA A DISTANCIA - SISTEMA UNIVERSIDADE ABERTA DO BRASIL (UAB);12368208020RJ0001;108456;QCC62T58MAN;UAB - UAB PROFMAT;90;APLICACOES DIRETAS;3;DESPESAS CORRENTES;3;OUTRAS DESPESAS CORRENTES;33;PASSAGENS E DESPESAS COM LOCOMOCAO;339033;PASSAGENS E DESPESAS COM LOCOMOCAO;00;RECURSOS PRIMARIOS DE LIVRE APLICACAO;;;;;36,406.87;25,000.00;11,406.87;11,406.87
2019;158673;CAMPUS DO MUCURI;12;EDUCACAO;368;EDUCACAO BASICA;2080;EDUCACAO DE QUALIDADE PARA TODOS;20RJ;APOIO A CAPACITACAO E FORMACAO INICIAL E CONTINUADA PARA A E;0004;EDUCACAO BASICA A DISTANCIA - SISTEMA UNIVERSIDADE ABERTA DO BRASIL (UAB);12368208020RJ0001;108456;QCC62T58MAN;UAB - UAB PROFMAT;90;APLICACOES DIRETAS;3;DESPESAS CORRENTES;3;OUTRAS DESPESAS CORRENTES;39;OUTROS SERVICOS DE TERCEIROS PJ - OP.INT.ORC.;339039;OUTROS SERVICOS DE TERCEIROS - PESSOA JURIDICA;00;RECURSOS PRIMARIOS DE LIVRE APLICACAO;;;;;39,930.32;27,370.32;5,480.00;4,920.00
2019;158674;INST.FED.DO RS/CAMPUS FARROUPILHA;12;EDUCACAO;368;EDUCACAO BASICA;2080;EDUCACAO DE QUALIDADE PARA TODOS;20RJ;APOIO A CAPACITACAO E FORMACAO INICIAL E CONTINUADA PARA A E;0004;EDUCACAO BASICA A DISTANCIA - SISTEMA UNIVERSIDADE ABERTA DO BRASIL (UAB);12368208020RJ0001;108456;MCC62G22EDN;UAB - UAB TRADICIONAL;90;APLICACOES DIRETAS;3;DESPESAS CORRENTES;3;OUTRAS DESPESAS CORRENTES;14;DIARIAS - PESSOAL CIVIL;339014;DIARIAS - PESSOAL CIVIL;00;RECURSOS PRIMARIOS DE LIVRE APLICACAO;;;;;15,980.16;9,600.00;6,380.16;6,380.16
2019;158674;INST.FED.DO RS/CAMPUS FARROUPILHA;12;EDUCACAO;368;EDUCACAO BASICA;2080;EDUCACAO DE QUALIDADE PARA TODOS;20RJ;APOIO A CAPACITACAO E FORMACAO INICIAL E CONTINUADA PARA A E;0004;EDUCACAO BASICA A DISTANCIA - SISTEMA UNIVERSIDADE ABERTA DO BRASIL (UAB);12368208020RJ0001;108456;MCC62G22EDN;UAB - UAB TRADICIONAL;90;APLICACOES DIRETAS;3;DESPESAS CORRENTES;3;OUTRAS DESPESAS CORRENTES;18;AUXILIO FINANCEIRO A ESTUDANTES;339018;AUXILIO FINANCEIRO A ESTUDANTES;00;RECURSOS PRIMARIOS DE LIVRE APLICACAO;;;;;602,730.00;176,370.00;426,360.00;366,150.00
2019;158674;INST.FED.DO RS/CAMPUS FARROUPILHA;12;EDUCACAO;368;EDUCACAO BASICA;2080;EDUCACAO DE QUALIDADE PARA TODOS;20RJ;APOIO A CAPACITACAO E FORMACAO INICIAL E CONTINUADA PARA A E;0004;EDUCACAO BASICA A DISTANCIA - SISTEMA UNIVERSIDADE ABERTA DO BRASIL (UAB);12368208020RJ0001;108456;MCC62G22EDN;UAB - UAB TRADICIONAL;90;APLICACOES DIRETAS;3;DESPESAS CORRENTES;3;OUTRAS DESPESAS CORRENTES;33;PASSAGENS E DESPESAS COM LOCOMOCAO;339033;PASSAGENS E DESPESAS COM LOCOMOCAO;00;RECURSOS PRIMARIOS DE LIVRE APLICACAO;;;;;41,150.56;28,800.00;12,350.56;9,262.92
2019;158717;UNIVERSIDADE FEDERAL DO OESTE DA BAHIA;12;EDUCACAO;364;ENSINO SUPERIOR;2080;EDUCACAO DE QUALIDADE PARA TODOS;0487;CONCESSAO DE BOLSAS DE ESTUDO NO ENSINO SUPERIOR;0002;CONCESSAO DE BOLSAS DE ESTUDOS NO PAIS;12364208004870001;108452;OCCCUO9414N;BF SUPERIOR - PROAP;90;APLICACOES DIRETAS;3;DESPESAS CORRENTES;3;OUTRAS DESPESAS CORRENTES;14;DIARIAS - PESSOAL CIVIL;339014;DIARIAS - PESSOAL CIVIL;00;RECURSOS PRIMARIOS DE LIVRE APLICACAO;;;;;84,359.11;35,692.09;48,667.02;47,720.32
2019;158717;UNIVERSIDADE FEDERAL DO OESTE DA BAHIA;12;EDUCACAO;364;ENSINO SUPERIOR;2080;EDUCACAO DE QUALIDADE PARA TODOS;0487;CONCESSAO DE BOLSAS DE ESTUDO NO ENSINO SUPERIOR;0002;CONCESSAO DE BOLSAS DE ESTUDOS NO PAIS;12364208004870001;108452;OCCCUO9414N;BF SUPERIOR - PROAP;90;APLICACOES DIRETAS;3;DESPESAS CORRENTES;3;OUTRAS DESPESAS CORRENTES;30;MATERIAL DE CONSUMO;339030;MATERIAL DE CONSUMO;00;RECURSOS PRIMARIOS DE LIVRE APLICACAO;;;;;13,072.00;5,228.80;;
2019;158717;UNIVERSIDADE FEDERAL DO OESTE DA BAHIA;12;EDUCACAO;364;ENSINO SUPERIOR;2080;EDUCACAO DE QUALIDADE PARA TODOS;0487;CONCESSAO DE BOLSAS DE ESTUDO NO ENSINO SUPERIOR;0002;CONCESSAO DE BOLSAS DE ESTUDOS NO PAIS;12364208004870001;108452;OCCCUO9414N;BF SUPERIOR - PROAP;90;APLICACOES DIRETAS;3;DESPESAS CORRENTES;3;OUTRAS DESPESAS CORRENTES;33;PASSAGENS E DESPESAS COM LOCOMOCAO;339033;PASSAGENS E DESPESAS COM LOCOMOCAO;00;RECURSOS PRIMARIOS DE LIVRE APLICACAO;;;;;117,534.62;112,697.92;4,836.70;4,836.70
2019;158717;UNIVERSIDADE FEDERAL DO OESTE DA BAHIA;12;EDUCACAO;368;EDUCACAO BASICA;2080;EDUCACAO DE QUALIDADE PARA TODOS;20RJ;APOIO A CAPACITACAO E FORMACAO INICIAL E CONTINUADA PARA A E;0004;EDUCACAO BASICA A DISTANCIA - SISTEMA UNIVERSIDADE ABERTA DO BRASIL (UAB);12368208020RJ0001;108456;QCC62T58MAN;UAB - UAB PROFMAT;90;APLICACOES DIRETAS;3;DESPESAS CORRENTES;3;OUTRAS DESPESAS CORRENTES;14;DIARIAS - PESSOAL CIVIL;339014;DIARIAS - PESSOAL CIVIL;00;RECURSOS PRIMARIOS DE LIVRE APLICACAO;;;;;15,346.62;13,658.92;1,687.70;1,687.70
2019;158717;UNIVERSIDADE FEDERAL DO OESTE DA BAHIA;12;EDUCACAO;368;EDUCACAO BASICA;2080;EDUCACAO DE QUALIDADE PARA TODOS;20RJ;APOIO A CAPACITACAO E FORMACAO INICIAL E CONTINUADA PARA A E;0004;EDUCACAO BASICA A DISTANCIA - SISTEMA UNIVERSIDADE ABERTA DO BRASIL (UAB);12368208020RJ0001;108456;QCC62T58MAN;UAB - UAB PROFMAT;90;APLICACOES DIRETAS;3;DESPESAS CORRENTES;3;OUTRAS DESPESAS CORRENTES;18;AUXILIO FINANCEIRO A ESTUDANTES;339018;AUXILIO FINANCEIRO A ESTUDANTES;00;RECURSOS PRIMARIOS DE LIVRE APLICACAO;;;;;6,000.00;3,000.00;;
2019;158717;UNIVERSIDADE FEDERAL DO OESTE DA BAHIA;12;EDUCACAO;368;EDUCACAO BASICA;2080;EDUCACAO DE QUALIDADE PARA TODOS;20RJ;APOIO A CAPACITACAO E FORMACAO INICIAL E CONTINUADA PARA A E;0004;EDUCACAO BASICA A DISTANCIA - SISTEMA UNIVERSIDADE ABERTA DO BRASIL (UAB);12368208020RJ0001;108456;QCC62T58MAN;UAB - UAB PROFMAT;90;APLICACOES DIRETAS;3;DESPESAS CORRENTES;3;OUTRAS DESPESAS CORRENTES;33;PASSAGENS E DESPESAS COM LOCOMOCAO;339033;PASSAGENS E DESPESAS COM LOCOMOCAO;00;RECURSOS PRIMARIOS DE LIVRE APLICACAO;;;;;35,860.56;28,550.48;7,310.08;7,310.08
2019;158718;UNIVERSIDADE FEDERAL DO SUL E SUDESTE DO PARA;12;EDUCACAO;364;ENSINO SUPERIOR;2080;EDUCACAO DE QUALIDADE PARA TODOS;0487;CONCESSAO DE BOLSAS DE ESTUDO NO ENSINO SUPERIOR;0002;CONCESSAO DE BOLSAS DE ESTUDOS NO PAIS;12364208004870001;108452;OCCCUO9414N;BF SUPERIOR - PROAP;90;APLICACOES DIRETAS;3;DESPESAS CORRENTES;3;OUTRAS DESPESAS CORRENTES;14;DIARIAS - PESSOAL CIVIL;339014;DIARIAS - PESSOAL CIVIL;00;RECURSOS PRIMARIOS DE LIVRE APLICACAO;;;;;60,864.36;27,373.36;33,491.00;31,079.15
2019;158718;UNIVERSIDADE FEDERAL DO SUL E SUDESTE DO PARA;12;EDUCACAO;364;ENSINO SUPERIOR;2080;EDUCACAO DE QUALIDADE PARA TODOS;0487;CONCESSAO DE BOLSAS DE ESTUDO NO ENSINO SUPERIOR;0002;CONCESSAO DE BOLSAS DE ESTUDOS NO PAIS;12364208004870001;108452;OCCCUO9414N;BF SUPERIOR - PROAP;90;APLICACOES DIRETAS;3;DESPESAS CORRENTES;3;OUTRAS DESPESAS CORRENTES;18;AUXILIO FINANCEIRO A ESTUDANTES;339018;AUXILIO FINANCEIRO A ESTUDANTES;00;RECURSOS PRIMARIOS DE LIVRE APLICACAO;;;;;49,519.00;0.00;49,519.00;45,988.00
2019;158718;UNIVERSIDADE FEDERAL DO SUL E SUDESTE DO PARA;12;EDUCACAO;364;ENSINO SUPERIOR;2080;EDUCACAO DE QUALIDADE PARA TODOS;0487;CONCESSAO DE BOLSAS DE ESTUDO NO ENSINO SUPERIOR;0002;CONCESSAO DE BOLSAS DE ESTUDOS NO PAIS;12364208004870001;108452;OCCCUO9414N;BF SUPERIOR - PROAP;90;APLICACOES DIRETAS;3;DESPESAS CORRENTES;3;OUTRAS DESPESAS CORRENTES;33;PASSAGENS E DESPESAS COM LOCOMOCAO;339033;PASSAGENS E DESPESAS COM LOCOMOCAO;00;RECURSOS PRIMARIOS DE LIVRE APLICACAO;;;;;165,663.82;76,349.00;59,355.92;59,355.92
2019;158718;UNIVERSIDADE FEDERAL DO SUL E SUDESTE DO PARA;12;EDUCACAO;364;ENSINO SUPERIOR;2080;EDUCACAO DE QUALIDADE PARA TODOS;0487;CONCESSAO DE BOLSAS DE ESTUDO NO ENSINO SUPERIOR;0002;CONCESSAO DE BOLSAS DE ESTUDOS NO PAIS;12364208004870001;108452;OCCCUO9414N;BF SUPERIOR - PROAP;90;APLICACOES DIRETAS;3;DESPESAS CORRENTES;3;OUTRAS DESPESAS CORRENTES;36;OUTROS SERVICOS DE TERCEIROS - P.FISICA;339036;OUTROS SERVICOS DE TERCEIROS - PESSOA FISICA;00;RECURSOS PRIMARIOS DE LIVRE APLICACAO;;;;;11,817.00;1,158.00;10,659.00;10,659.00
2019;158718;UNIVERSIDADE FEDERAL DO SUL E SUDESTE DO PARA;12;EDUCACAO;368;EDUCACAO BASICA;2080;EDUCACAO DE QUALIDADE PARA TODOS;20RJ;APOIO A CAPACITACAO E FORMACAO INICIAL E CONTINUADA PARA A E;0003;EDUCACAO BASICA PRESENCIAL;12368208020RJ0001;108455;PCC92B5801N;PARFOR - PARFOR;90;APLICACOES DIRETAS;3;DESPESAS CORRENTES;3;OUTRAS DESPESAS CORRENTES;14;DIARIAS - PESSOAL CIVIL;339014;DIARIAS - PESSOAL CIVIL;00;RECURSOS PRIMARIOS DE LIVRE APLICACAO;;;;;1,865,566.90;1,203,750.61;661,816.29;654,519.45
2019;158718;UNIVERSIDADE FEDERAL DO SUL E SUDESTE DO PARA;12;EDUCACAO;368;EDUCACAO BASICA;2080;EDUCACAO DE QUALIDADE PARA TODOS;20RJ;APOIO A CAPACITACAO E FORMACAO INICIAL E CONTINUADA PARA A E;0003;EDUCACAO BASICA PRESENCIAL;12368208020RJ0001;108455;PCC92B5801N;PARFOR - PARFOR;90;APLICACOES DIRETAS;3;DESPESAS CORRENTES;3;OUTRAS DESPESAS CORRENTES;30;MATERIAL DE CONSUMO;339030;MATERIAL DE CONSUMO;00;RECURSOS PRIMARIOS DE LIVRE APLICACAO;;;;;175,777.92;60,455.38;114,691.34;113,698.74
2019;158718;UNIVERSIDADE FEDERAL DO SUL E SUDESTE DO PARA;12;EDUCACAO;368;EDUCACAO BASICA;2080;EDUCACAO DE QUALIDADE PARA TODOS;20RJ;APOIO A CAPACITACAO E FORMACAO INICIAL E CONTINUADA PARA A E;0003;EDUCACAO BASICA PRESENCIAL;12368208020RJ0001;108455;PCC92B5801N;PARFOR - PARFOR;90;APLICACOES DIRETAS;3;DESPESAS CORRENTES;3;OUTRAS DESPESAS CORRENTES;33;PASSAGENS E DESPESAS COM LOCOMOCAO;339033;PASSAGENS E DESPESAS COM LOCOMOCAO;00;RECURSOS PRIMARIOS DE LIVRE APLICACAO;;;;;236,316.83;144,863.04;52,399.10;52,399.10
2019;158718;UNIVERSIDADE FEDERAL DO SUL E SUDESTE DO PARA;12;EDUCACAO;368;EDUCACAO BASICA;2080;EDUCACAO DE QUALIDADE PARA TODOS;20RJ;APOIO A CAPACITACAO E FORMACAO INICIAL E CONTINUADA PARA A E;0003;EDUCACAO BASICA PRESENCIAL;12368208020RJ0001;108455;PCC92B5801N;PARFOR - PARFOR;90;APLICACOES DIRETAS;3;DESPESAS CORRENTES;3;OUTRAS DESPESAS CORRENTES;36;OUTROS SERVICOS DE TERCEIROS - P.FISICA;339036;OUTROS SERVICOS DE TERCEIROS - PESSOA FISICA;00;RECURSOS PRIMARIOS DE LIVRE APLICACAO;;;;;793,185.00;530,792.50;262,392.50;256,683.00
2019;158718;UNIVERSIDADE FEDERAL DO SUL E SUDESTE DO PARA;12;EDUCACAO;368;EDUCACAO BASICA;2080;EDUCACAO DE QUALIDADE PARA TODOS;20RJ;APOIO A CAPACITACAO E FORMACAO INICIAL E CONTINUADA PARA A E;0003;EDUCACAO BASICA PRESENCIAL;12368208020RJ0001;108455;PCC92B5801N;PARFOR - PARFOR;90;APLICACOES DIRETAS;3;DESPESAS CORRENTES;3;OUTRAS DESPESAS CORRENTES;39;OUTROS SERVICOS DE TERCEIROS PJ - OP.INT.ORC.;339039;OUTROS SERVICOS DE TERCEIROS - PESSOA JURIDICA;00;RECURSOS PRIMARIOS DE LIVRE APLICACAO;;;;;35,525.60;8,355.90;8,179.70;5,966.70
2019;158718;UNIVERSIDADE FEDERAL DO SUL E SUDESTE DO PARA;12;EDUCACAO;368;EDUCACAO BASICA;2080;EDUCACAO DE QUALIDADE PARA TODOS;20RJ;APOIO A CAPACITACAO E FORMACAO INICIAL E CONTINUADA PARA A E;0003;EDUCACAO BASICA PRESENCIAL;12368208020RJ0001;108455;PCC92B5801N;PARFOR - PARFOR;90;APLICACOES DIRETAS;3;DESPESAS CORRENTES;3;OUTRAS DESPESAS CORRENTES;48;OUTROS AUXILIOS FINANCEIROS A PESSOAS FISICAS;339048;OUTROS AUXILIOS FINANCEIROS A PESSOA FISICA;00;RECURSOS PRIMARIOS DE LIVRE APLICACAO;;;;;330,193.50;4,956.00;325,237.50;325,237.50
2019;158718;UNIVERSIDADE FEDERAL DO SUL E SUDESTE DO PARA;12;EDUCACAO;368;EDUCACAO BASICA;2080;EDUCACAO DE QUALIDADE PARA TODOS;20RJ;APOIO A CAPACITACAO E FORMACAO INICIAL E CONTINUADA PARA A E;0003;EDUCACAO BASICA PRESENCIAL;12368208020RJ0001;108455;PCC92B5801N;PARFOR - PARFOR;90;APLICACOES DIRETAS;3;DESPESAS CORRENTES;3;OUTRAS DESPESAS CORRENTES;93;INDENIZACOES E RESTITUICOES;339093;INDENIZACOES E RESTITUICOES;00;RECURSOS PRIMARIOS DE LIVRE APLICACAO;;;;;50,035.01;1,849.11;48,185.90;48,185.90
2019;158718;UNIVERSIDADE FEDERAL DO SUL E SUDESTE DO PARA;12;EDUCACAO;368;EDUCACAO BASICA;2080;EDUCACAO DE QUALIDADE PARA TODOS;20RJ;APOIO A CAPACITACAO E FORMACAO INICIAL E CONTINUADA PARA A E;0004;EDUCACAO BASICA A DISTANCIA - SISTEMA UNIVERSIDADE ABERTA DO BRASIL (UAB);12368208020RJ0001;108456;QCC62T58LEN;UAB - UAB PROFLETRAS;90;APLICACOES DIRETAS;3;DESPESAS CORRENTES;3;OUTRAS DESPESAS CORRENTES;14;DIARIAS - PESSOAL CIVIL;339014;DIARIAS - PESSOAL CIVIL;00;RECURSOS PRIMARIOS DE LIVRE APLICACAO;;;;;84,113.69;8,106.01;76,007.68;76,007.68
2019;158718;UNIVERSIDADE FEDERAL DO SUL E SUDESTE DO PARA;12;EDUCACAO;368;EDUCACAO BASICA;2080;EDUCACAO DE QUALIDADE PARA TODOS;20RJ;APOIO A CAPACITACAO E FORMACAO INICIAL E CONTINUADA PARA A E;0004;EDUCACAO BASICA A DISTANCIA - SISTEMA UNIVERSIDADE ABERTA DO BRASIL (UAB);12368208020RJ0001;108456;QCC62T58LEN;UAB - UAB PROFLETRAS;90;APLICACOES DIRETAS;3;DESPESAS CORRENTES;3;OUTRAS DESPESAS CORRENTES;33;PASSAGENS E DESPESAS COM LOCOMOCAO;339033;PASSAGENS E DESPESAS COM LOCOMOCAO;00;RECURSOS PRIMARIOS DE LIVRE APLICACAO;;;;;99,999.34;38,969.32;50,058.63;50,058.63
2019;158718;UNIVERSIDADE FEDERAL DO SUL E SUDESTE DO PARA;12;EDUCACAO;368;EDUCACAO BASICA;2080;EDUCACAO DE QUALIDADE PARA TODOS;20RJ;APOIO A CAPACITACAO E FORMACAO INICIAL E CONTINUADA PARA A E;0004;EDUCACAO BASICA A DISTANCIA - SISTEMA UNIVERSIDADE ABERTA DO BRASIL (UAB);12368208020RJ0001;108456;QCC62T58LEN;UAB - UAB PROFLETRAS;90;APLICACOES DIRETAS;3;DESPESAS CORRENTES;3;OUTRAS DESPESAS CORRENTES;36;OUTROS SERVICOS DE TERCEIROS - P.FISICA;339036;OUTROS SERVICOS DE TERCEIROS - PESSOA FISICA;00;RECURSOS PRIMARIOS DE LIVRE APLICACAO;;;;;4,982.00;0.00;4,982.00;4,982.00
2019;158718;UNIVERSIDADE FEDERAL DO SUL E SUDESTE DO PARA;12;EDUCACAO;368;EDUCACAO BASICA;2080;EDUCACAO DE QUALIDADE PARA TODOS;20RJ;APOIO A CAPACITACAO E FORMACAO INICIAL E CONTINUADA PARA A E;0004;EDUCACAO BASICA A DISTANCIA - SISTEMA UNIVERSIDADE ABERTA DO BRASIL (UAB);12368208020RJ0001;108456;QCC62T58LEN;UAB - UAB PROFLETRAS;90;APLICACOES DIRETAS;3;DESPESAS CORRENTES;3;OUTRAS DESPESAS CORRENTES;39;OUTROS SERVICOS DE TERCEIROS PJ - OP.INT.ORC.;339039;OUTROS SERVICOS DE TERCEIROS - PESSOA JURIDICA;00;RECURSOS PRIMARIOS DE LIVRE APLICACAO;;;;;39,880.00;24,925.00;;
2019;158719;UNIVERSIDADE FEDERAL DO CARIRI;12;EDUCACAO;364;ENSINO SUPERIOR;2080;EDUCACAO DE QUALIDADE PARA TODOS;0487;CONCESSAO DE BOLSAS DE ESTUDO NO ENSINO SUPERIOR;0002;CONCESSAO DE BOLSAS DE ESTUDOS NO PAIS;12364208004870001;108452;OCCCUO9414N;BF SUPERIOR - PROAP;90;APLICACOES DIRETAS;3;DESPESAS CORRENTES;3;OUTRAS DESPESAS CORRENTES;14;DIARIAS - PESSOAL CIVIL;339014;DIARIAS - PESSOAL CIVIL;08;FUNDO SOCIAL-PARC.DEST.EDUCACAO PUBL.E SAUDE;;;;;36,315.30;18,122.68;18,192.62;17,172.00
2019;158719;UNIVERSIDADE FEDERAL DO CARIRI;12;EDUCACAO;364;ENSINO SUPERIOR;2080;EDUCACAO DE QUALIDADE PARA TODOS;0487;CONCESSAO DE BOLSAS DE ESTUDO NO ENSINO SUPERIOR;0002;CONCESSAO DE BOLSAS DE ESTUDOS NO PAIS;12364208004870001;108452;OCCCUO9414N;BF SUPERIOR - PROAP;90;APLICACOES DIRETAS;3;DESPESAS CORRENTES;3;OUTRAS DESPESAS CORRENTES;18;AUXILIO FINANCEIRO A ESTUDANTES;339018;AUXILIO FINANCEIRO A ESTUDANTES;08;FUNDO SOCIAL-PARC.DEST.EDUCACAO PUBL.E SAUDE;;;;;65,100.00;53,250.00;11,850.00;10,650.00
2019;158719;UNIVERSIDADE FEDERAL DO CARIRI;12;EDUCACAO;364;ENSINO SUPERIOR;2080;EDUCACAO DE QUALIDADE PARA TODOS;0487;CONCESSAO DE BOLSAS DE ESTUDO NO ENSINO SUPERIOR;0002;CONCESSAO DE BOLSAS DE ESTUDOS NO PAIS;12364208004870001;108452;OCCCUO9414N;BF SUPERIOR - PROAP;90;APLICACOES DIRETAS;3;DESPESAS CORRENTES;3;OUTRAS DESPESAS CORRENTES;20;AUXILIO FINANCEIRO A PESQUISADORES;339020;AUXILIO FINANCEIRO A PESQUISADORES;08;FUNDO SOCIAL-PARC.DEST.EDUCACAO PUBL.E SAUDE;;;;;9,300.00;9,300.00;;
2019;158719;UNIVERSIDADE FEDERAL DO CARIRI;12;EDUCACAO;364;ENSINO SUPERIOR;2080;EDUCACAO DE QUALIDADE PARA TODOS;0487;CONCESSAO DE BOLSAS DE ESTUDO NO ENSINO SUPERIOR;0002;CONCESSAO DE BOLSAS DE ESTUDOS NO PAIS;12364208004870001;108452;OCCCUO9414N;BF SUPERIOR - PROAP;90;APLICACOES DIRETAS;3;DESPESAS CORRENTES;3;OUTRAS DESPESAS CORRENTES;33;PASSAGENS E DESPESAS COM LOCOMOCAO;339033;PASSAGENS E DESPESAS COM LOCOMOCAO;08;FUNDO SOCIAL-PARC.DEST.EDUCACAO PUBL.E SAUDE;;;;;52,268.09;26,558.59;25,709.50;23,024.12
2019;158719;UNIVERSIDADE FEDERAL DO CARIRI;12;EDUCACAO;368;EDUCACAO BASICA;2080;EDUCACAO DE QUALIDADE PARA TODOS;20RJ;APOIO A CAPACITACAO E FORMACAO INICIAL E CONTINUADA PARA A E;0004;EDUCACAO BASICA A DISTANCIA - SISTEMA UNIVERSIDADE ABERTA DO BRASIL (UAB);12368208020RJ0001;108456;QCC62T58MAN;UAB - UAB PROFMAT;90;APLICACOES DIRETAS;3;DESPESAS CORRENTES;3;OUTRAS DESPESAS CORRENTES;14;DIARIAS - PESSOAL CIVIL;339014;DIARIAS - PESSOAL CIVIL;00;RECURSOS PRIMARIOS DE LIVRE APLICACAO;;;;;17,669.62;15,035.46;2,634.16;2,634.16
2019;158719;UNIVERSIDADE FEDERAL DO CARIRI;12;EDUCACAO;368;EDUCACAO BASICA;2080;EDUCACAO DE QUALIDADE PARA TODOS;20RJ;APOIO A CAPACITACAO E FORMACAO INICIAL E CONTINUADA PARA A E;0004;EDUCACAO BASICA A DISTANCIA - SISTEMA UNIVERSIDADE ABERTA DO BRASIL (UAB);12368208020RJ0001;108456;QCC62T58MAN;UAB - UAB PROFMAT;90;APLICACOES DIRETAS;3;DESPESAS CORRENTES;3;OUTRAS DESPESAS CORRENTES;33;PASSAGENS E DESPESAS COM LOCOMOCAO;339033;PASSAGENS E DESPESAS COM LOCOMOCAO;00;RECURSOS PRIMARIOS DE LIVRE APLICACAO;;;;;58,874.85;47,374.25;11,500.60;11,317.10
2019;158720;UNIVERSIDADE FEDERAL DO SUL DA BAHIA;12;EDUCACAO;364;ENSINO SUPERIOR;2080;EDUCACAO DE QUALIDADE PARA TODOS;0487;CONCESSAO DE BOLSAS DE ESTUDO NO ENSINO SUPERIOR;0002;CONCESSAO DE BOLSAS DE ESTUDOS NO PAIS;12364208004870001;108452;OCCCUO9414N;BF SUPERIOR - PROAP;90;APLICACOES DIRETAS;3;DESPESAS CORRENTES;3;OUTRAS DESPESAS CORRENTES;14;DIARIAS - PESSOAL CIVIL;339014;DIARIAS - PESSOAL CIVIL;08;FUNDO SOCIAL-PARC.DEST.EDUCACAO PUBL.E SAUDE;;;;;99,822.36;60,723.46;39,098.90;39,098.90
2019;158720;UNIVERSIDADE FEDERAL DO SUL DA BAHIA;12;EDUCACAO;364;ENSINO SUPERIOR;2080;EDUCACAO DE QUALIDADE PARA TODOS;0487;CONCESSAO DE BOLSAS DE ESTUDO NO ENSINO SUPERIOR;0002;CONCESSAO DE BOLSAS DE ESTUDOS NO PAIS;12364208004870001;108452;OCCCUO9414N;BF SUPERIOR - PROAP;90;APLICACOES DIRETAS;3;DESPESAS CORRENTES;3;OUTRAS DESPESAS CORRENTES;18;AUXILIO FINANCEIRO A ESTUDANTES;339018;AUXILIO FINANCEIRO A ESTUDANTES;08;FUNDO SOCIAL-PARC.DEST.EDUCACAO PUBL.E SAUDE;;;;;80,401.20;0.00;65,401.20;62,541.20
2019;158720;UNIVERSIDADE FEDERAL DO SUL DA BAHIA;12;EDUCACAO;364;ENSINO SUPERIOR;2080;EDUCACAO DE QUALIDADE PARA TODOS;0487;CONCESSAO DE BOLSAS DE ESTUDO NO ENSINO SUPERIOR;0002;CONCESSAO DE BOLSAS DE ESTUDOS NO PAIS;12364208004870001;108452;OCCCUO9414N;BF SUPERIOR - PROAP;90;APLICACOES DIRETAS;3;DESPESAS CORRENTES;3;OUTRAS DESPESAS CORRENTES;30;MATERIAL DE CONSUMO;339030;MATERIAL DE CONSUMO;08;FUNDO SOCIAL-PARC.DEST.EDUCACAO PUBL.E SAUDE;;;;;4,126.20;0.00;;
2019;158744;INST.FED.DO RS/CAMPUS VACARIA;12;EDUCACAO;368;EDUCACAO BASICA;2080;EDUCACAO DE QUALIDADE PARA TODOS;20RJ;APOIO A CAPACITACAO E FORMACAO INICIAL E CONTINUADA PARA A E;0004;EDUCACAO BASICA A DISTANCIA - SISTEMA UNIVERSIDADE ABERTA DO BRASIL (UAB);12368208020RJ0001;108456;MCC62G22EDN;UAB - UAB TRADICIONAL;90;APLICACOES DIRETAS;3;DESPESAS CORRENTES;3;OUTRAS DESPESAS CORRENTES;18;AUXILIO FINANCEIRO A ESTUDANTES;339018;AUXILIO FINANCEIRO A ESTUDANTES;00;RECURSOS PRIMARIOS DE LIVRE APLICACAO;;;;;53,880.00;22,095.00;31,785.00;24,000.00
2019;158971;INST.FED.MATO GROSSO/CAMPUS VARZEA GRANDE;12;EDUCACAO;368;EDUCACAO BASICA;2080;EDUCACAO DE QUALIDADE PARA TODOS;20RJ;APOIO A CAPACITACAO E FORMACAO INICIAL E CONTINUADA PARA A E;0004;EDUCACAO BASICA A DISTANCIA - SISTEMA UNIVERSIDADE ABERTA DO BRASIL (UAB);12368208020RJ0001;108456;MCC62G22EDN;UAB - UAB TRADICIONAL;90;APLICACOES DIRETAS;3;DESPESAS CORRENTES;3;OUTRAS DESPESAS CORRENTES;39;OUTROS SERVICOS DE TERCEIROS PJ - OP.INT.ORC.;339039;OUTROS SERVICOS DE TERCEIROS - PESSOA JURIDICA;00;RECURSOS PRIMARIOS DE LIVRE APLICACAO;;;;;62,742.32;15,685.58;2,732.79;2,732.79
2019;160313;ESCOLA DE CMDO E ESTADO-MAIOR DO EXERCITO;12;EDUCACAO;364;ENSINO SUPERIOR;2080;EDUCACAO DE QUALIDADE PARA TODOS;0487;CONCESSAO DE BOLSAS DE ESTUDO NO ENSINO SUPERIOR;0002;CONCESSAO DE BOLSAS DE ESTUDOS NO PAIS;12364208004870001;108452;OCCCUO9414N;BF SUPERIOR - PROAP;90;APLICACOES DIRETAS;3;DESPESAS CORRENTES;3;OUTRAS DESPESAS CORRENTES;14;DIARIAS - PESSOAL CIVIL;339014;DIARIAS - PESSOAL CIVIL;00;RECURSOS PRIMARIOS DE LIVRE APLICACAO;;;;;8,000.00;8,000.00;;
2019;160313;ESCOLA DE CMDO E ESTADO-MAIOR DO EXERCITO;12;EDUCACAO;364;ENSINO SUPERIOR;2080;EDUCACAO DE QUALIDADE PARA TODOS;0487;CONCESSAO DE BOLSAS DE ESTUDO NO ENSINO SUPERIOR;0002;CONCESSAO DE BOLSAS DE ESTUDOS NO PAIS;12364208004870001;108452;OCCCUO9414N;BF SUPERIOR - PROAP;90;APLICACOES DIRETAS;3;DESPESAS CORRENTES;3;OUTRAS DESPESAS CORRENTES;33;PASSAGENS E DESPESAS COM LOCOMOCAO;339033;PASSAGENS E DESPESAS COM LOCOMOCAO;00;RECURSOS PRIMARIOS DE LIVRE APLICACAO;;;;;15,800.86;11,559.34;4,241.52;
2019;160327;INSTITUTO MILITAR DE ENGENHARIA;12;EDUCACAO;364;ENSINO SUPERIOR;2080;EDUCACAO DE QUALIDADE PARA TODOS;0487;CONCESSAO DE BOLSAS DE ESTUDO NO ENSINO SUPERIOR;0002;CONCESSAO DE BOLSAS DE ESTUDOS NO PAIS;12364208004870001;108452;OCCCUO9414N;BF SUPERIOR - PROAP;90;APLICACOES DIRETAS;3;DESPESAS CORRENTES;3;OUTRAS DESPESAS CORRENTES;14;DIARIAS - PESSOAL CIVIL;339014;DIARIAS - PESSOAL CIVIL;08;FUNDO SOCIAL-PARC.DEST.EDUCACAO PUBL.E SAUDE;;;;;61,723.31;16,835.21;44,888.10;43,773.08
2019;160327;INSTITUTO MILITAR DE ENGENHARIA;12;EDUCACAO;364;ENSINO SUPERIOR;2080;EDUCACAO DE QUALIDADE PARA TODOS;0487;CONCESSAO DE BOLSAS DE ESTUDO NO ENSINO SUPERIOR;0002;CONCESSAO DE BOLSAS DE ESTUDOS NO PAIS;12364208004870001;108452;OCCCUO9414N;BF SUPERIOR - PROAP;90;APLICACOES DIRETAS;3;DESPESAS CORRENTES;3;OUTRAS DESPESAS CORRENTES;15;DIARIAS - PESSOAL MILITAR;339015;DIARIAS - PESSOAL MILITAR;08;FUNDO SOCIAL-PARC.DEST.EDUCACAO PUBL.E SAUDE;;;;;49,171.30;9,019.80;40,151.50;37,867.65
2019;160327;INSTITUTO MILITAR DE ENGENHARIA;12;EDUCACAO;364;ENSINO SUPERIOR;2080;EDUCACAO DE QUALIDADE PARA TODOS;0487;CONCESSAO DE BOLSAS DE ESTUDO NO ENSINO SUPERIOR;0002;CONCESSAO DE BOLSAS DE ESTUDOS NO PAIS;12364208004870001;108452;OCCCUO9414N;BF SUPERIOR - PROAP;90;APLICACOES DIRETAS;3;DESPESAS CORRENTES;3;OUTRAS DESPESAS CORRENTES;18;AUXILIO FINANCEIRO A ESTUDANTES;339018;AUXILIO FINANCEIRO A ESTUDANTES;08;FUNDO SOCIAL-PARC.DEST.EDUCACAO PUBL.E SAUDE;;;;;128,789.56;22,091.37;106,698.19;105,568.19
2019;160327;INSTITUTO MILITAR DE ENGENHARIA;12;EDUCACAO;364;ENSINO SUPERIOR;2080;EDUCACAO DE QUALIDADE PARA TODOS;0487;CONCESSAO DE BOLSAS DE ESTUDO NO ENSINO SUPERIOR;0002;CONCESSAO DE BOLSAS DE ESTUDOS NO PAIS;12364208004870001;108452;OCCCUO9414N;BF SUPERIOR - PROAP;90;APLICACOES DIRETAS;3;DESPESAS CORRENTES;3;OUTRAS DESPESAS CORRENTES;20;AUXILIO FINANCEIRO A PESQUISADORES;339020;AUXILIO FINANCEIRO A PESQUISADORES;08;FUNDO SOCIAL-PARC.DEST.EDUCACAO PUBL.E SAUDE;;;;;105,838.40;17,867.30;87,971.10;86,411.10
2019;160327;INSTITUTO MILITAR DE ENGENHARIA;12;EDUCACAO;364;ENSINO SUPERIOR;2080;EDUCACAO DE QUALIDADE PARA TODOS;0487;CONCESSAO DE BOLSAS DE ESTUDO NO ENSINO SUPERIOR;0002;CONCESSAO DE BOLSAS DE ESTUDOS NO PAIS;12364208004870001;108452;OCCCUO9414N;BF SUPERIOR - PROAP;90;APLICACOES DIRETAS;3;DESPESAS CORRENTES;3;OUTRAS DESPESAS CORRENTES;33;PASSAGENS E DESPESAS COM LOCOMOCAO;339033;PASSAGENS E DESPESAS COM LOCOMOCAO;08;FUNDO SOCIAL-PARC.DEST.EDUCACAO PUBL.E SAUDE;;;;;124,667.42;36,900.00;87,767.42;72,550.35
2019;183023;INSTITUTO NAC.DE METROLOG. QUALID. E TECNOLOG;12;EDUCACAO;364;ENSINO SUPERIOR;2080;EDUCACAO DE QUALIDADE PARA TODOS;0487;CONCESSAO DE BOLSAS DE ESTUDO NO ENSINO SUPERIOR;0002;CONCESSAO DE BOLSAS DE ESTUDOS NO PAIS;12364208004870001;108452;OCCCUO9414N;BF SUPERIOR - PROAP;90;APLICACOES DIRETAS;3;DESPESAS CORRENTES;3;OUTRAS DESPESAS CORRENTES;36;OUTROS SERVICOS DE TERCEIROS - P.FISICA;339036;OUTROS SERVICOS DE TERCEIROS - PESSOA FISICA;00;RECURSOS PRIMARIOS DE LIVRE APLICACAO;;;;;15,709.58;15,709.58;;
2019;183023;INSTITUTO NAC.DE METROLOG. QUALID. E TECNOLOG;12;EDUCACAO;364;ENSINO SUPERIOR;2080;EDUCACAO DE QUALIDADE PARA TODOS;0487;CONCESSAO DE BOLSAS DE ESTUDO NO ENSINO SUPERIOR;0002;CONCESSAO DE BOLSAS DE ESTUDOS NO PAIS;12364208004870001;108452;OCCCUO9414N;BF SUPERIOR - PROAP;90;APLICACOES DIRETAS;3;DESPESAS CORRENTES;3;OUTRAS DESPESAS CORRENTES;;;;;08;FUNDO SOCIAL-PARC.DEST.EDUCACAO PUBL.E SAUDE;;;;;16,365.36;4,470.96;11,894.40;11,894.40
2019;183023;INSTITUTO NAC.DE METROLOG. QUALID. E TECNOLOG;12;EDUCACAO;364;ENSINO SUPERIOR;2080;EDUCACAO DE QUALIDADE PARA TODOS;0487;CONCESSAO DE BOLSAS DE ESTUDO NO ENSINO SUPERIOR;0002;CONCESSAO DE BOLSAS DE ESTUDOS NO PAIS;12364208004870001;108452;OCCCUO9414N;BF SUPERIOR - PROAP;90;APLICACOES DIRETAS;3;DESPESAS CORRENTES;3;OUTRAS DESPESAS CORRENTES;39;OUTROS SERVICOS DE TERCEIROS PJ - OP.INT.ORC.;339039;OUTROS SERVICOS DE TERCEIROS - PESSOA JURIDICA;08;FUNDO SOCIAL-PARC.DEST.EDUCACAO PUBL.E SAUDE;;;;;32,000.00;0.00;32,000.00;32,000.00
2019;240105;INSTIT.NACIONAL DE PESQUISA DA AMAZONIA-INPA;12;EDUCACAO;364;ENSINO SUPERIOR;2080;EDUCACAO DE QUALIDADE PARA TODOS;0487;CONCESSAO DE BOLSAS DE ESTUDO NO ENSINO SUPERIOR;0002;CONCESSAO DE BOLSAS DE ESTUDOS NO PAIS;12364208004870001;108452;OCCCUO9414N;BF SUPERIOR - PROAP;90;APLICACOES DIRETAS;3;DESPESAS CORRENTES;3;OUTRAS DESPESAS CORRENTES;14;DIARIAS - PESSOAL CIVIL;339014;DIARIAS - PESSOAL CIVIL;08;FUNDO SOCIAL-PARC.DEST.EDUCACAO PUBL.E SAUDE;;;;;978,344.79;379,569.00;598,775.79;597,119.49
2019;240105;INSTIT.NACIONAL DE PESQUISA DA AMAZONIA-INPA;12;EDUCACAO;364;ENSINO SUPERIOR;2080;EDUCACAO DE QUALIDADE PARA TODOS;0487;CONCESSAO DE BOLSAS DE ESTUDO NO ENSINO SUPERIOR;0002;CONCESSAO DE BOLSAS DE ESTUDOS NO PAIS;12364208004870001;108452;OCCCUO9414N;BF SUPERIOR - PROAP;90;APLICACOES DIRETAS;3;DESPESAS CORRENTES;3;OUTRAS DESPESAS CORRENTES;18;AUXILIO FINANCEIRO A ESTUDANTES;339018;AUXILIO FINANCEIRO A ESTUDANTES;08;FUNDO SOCIAL-PARC.DEST.EDUCACAO PUBL.E SAUDE;;;;;179,200.00;0.00;179,200.00;178,240.00
2019;240105;INSTIT.NACIONAL DE PESQUISA DA AMAZONIA-INPA;12;EDUCACAO;364;ENSINO SUPERIOR;2080;EDUCACAO DE QUALIDADE PARA TODOS;0487;CONCESSAO DE BOLSAS DE ESTUDO NO ENSINO SUPERIOR;0002;CONCESSAO DE BOLSAS DE ESTUDOS NO PAIS;12364208004870001;108452;OCCCUO9414N;BF SUPERIOR - PROAP;90;APLICACOES DIRETAS;3;DESPESAS CORRENTES;3;OUTRAS DESPESAS CORRENTES;33;PASSAGENS E DESPESAS COM LOCOMOCAO;339033;PASSAGENS E DESPESAS COM LOCOMOCAO;08;FUNDO SOCIAL-PARC.DEST.EDUCACAO PUBL.E SAUDE;;;;;801,942.60;352,647.30;371,603.46;371,603.46
2019;240105;INSTIT.NACIONAL DE PESQUISA DA AMAZONIA-INPA;12;EDUCACAO;364;ENSINO SUPERIOR;2080;EDUCACAO DE QUALIDADE PARA TODOS;0487;CONCESSAO DE BOLSAS DE ESTUDO NO ENSINO SUPERIOR;0002;CONCESSAO DE BOLSAS DE ESTUDOS NO PAIS;12364208004870001;108452;OCCCUO9414N;BF SUPERIOR - PROAP;90;APLICACOES DIRETAS;3;DESPESAS CORRENTES;3;OUTRAS DESPESAS CORRENTES;36;OUTROS SERVICOS DE TERCEIROS - P.FISICA;339036;OUTROS SERVICOS DE TERCEIROS - PESSOA FISICA;08;FUNDO SOCIAL-PARC.DEST.EDUCACAO PUBL.E SAUDE;;;;;473,662.26;237,439.66;236,222.60;232,523.30
2019;240106;INSTITUTO NACIONAL DE PESQ. ESPECIAIS-INPE;12;EDUCACAO;364;ENSINO SUPERIOR;2080;EDUCACAO DE QUALIDADE PARA TODOS;0487;CONCESSAO DE BOLSAS DE ESTUDO NO ENSINO SUPERIOR;0002;CONCESSAO DE BOLSAS DE ESTUDOS NO PAIS;12364208004870001;108452;OCCCUO9414N;BF SUPERIOR - PROAP;90;APLICACOES DIRETAS;3;DESPESAS CORRENTES;3;OUTRAS DESPESAS CORRENTES;14;DIARIAS - PESSOAL CIVIL;339014;DIARIAS - PESSOAL CIVIL;08;FUNDO SOCIAL-PARC.DEST.EDUCACAO PUBL.E SAUDE;;;;;416,308.16;203,014.30;213,293.86;213,293.86
2019;240106;INSTITUTO NACIONAL DE PESQ. ESPECIAIS-INPE;12;EDUCACAO;364;ENSINO SUPERIOR;2080;EDUCACAO DE QUALIDADE PARA TODOS;0487;CONCESSAO DE BOLSAS DE ESTUDO NO ENSINO SUPERIOR;0002;CONCESSAO DE BOLSAS DE ESTUDOS NO PAIS;12364208004870001;108452;OCCCUO9414N;BF SUPERIOR - PROAP;90;APLICACOES DIRETAS;3;DESPESAS CORRENTES;3;OUTRAS DESPESAS CORRENTES;36;OUTROS SERVICOS DE TERCEIROS - P.FISICA;339036;OUTROS SERVICOS DE TERCEIROS - PESSOA FISICA;08;FUNDO SOCIAL-PARC.DEST.EDUCACAO PUBL.E SAUDE;;;;;405,793.90;182,618.50;223,175.40;221,399.50
2019;240106;INSTITUTO NACIONAL DE PESQ. ESPECIAIS-INPE;12;EDUCACAO;364;ENSINO SUPERIOR;2080;EDUCACAO DE QUALIDADE PARA TODOS;0487;CONCESSAO DE BOLSAS DE ESTUDO NO ENSINO SUPERIOR;0002;CONCESSAO DE BOLSAS DE ESTUDOS NO PAIS;12364208004870001;108452;OCCCUO9414N;BF SUPERIOR - PROAP;90;APLICACOES DIRETAS;3;DESPESAS CORRENTES;3;OUTRAS DESPESAS CORRENTES;39;OUTROS SERVICOS DE TERCEIROS PJ - OP.INT.ORC.;339039;OUTROS SERVICOS DE TERCEIROS - PESSOA JURIDICA;08;FUNDO SOCIAL-PARC.DEST.EDUCACAO PUBL.E SAUDE;;;;;9,280.00;0.00;9,280.00;9,280.00
2019;240106;INSTITUTO NACIONAL DE PESQ. ESPECIAIS-INPE;12;EDUCACAO;364;ENSINO SUPERIOR;2080;EDUCACAO DE QUALIDADE PARA TODOS;0487;CONCESSAO DE BOLSAS DE ESTUDO NO ENSINO SUPERIOR;0002;CONCESSAO DE BOLSAS DE ESTUDOS NO PAIS;12364208004870001;108452;OCCCUO9414N;BF SUPERIOR - PROAP;90;APLICACOES DIRETAS;3;DESPESAS CORRENTES;3;OUTRAS DESPESAS CORRENTES;93;INDENIZACOES E RESTITUICOES;339093;INDENIZACOES E RESTITUICOES;08;FUNDO SOCIAL-PARC.DEST.EDUCACAO PUBL.E SAUDE;;;;;545,597.64;36,034.00;509,563.64;509,263.64
2019;240125;MUSEU PARAENSE EMILIO GOELDI;12;EDUCACAO;364;ENSINO SUPERIOR;2080;EDUCACAO DE QUALIDADE PARA TODOS;0487;CONCESSAO DE BOLSAS DE ESTUDO NO ENSINO SUPERIOR;0002;CONCESSAO DE BOLSAS DE ESTUDOS NO PAIS;12364208004870001;108452;OCCCUO9414N;BF SUPERIOR - PROAP;90;APLICACOES DIRETAS;3;DESPESAS CORRENTES;3;OUTRAS DESPESAS CORRENTES;18;AUXILIO FINANCEIRO A ESTUDANTES;339018;AUXILIO FINANCEIRO A ESTUDANTES;08;FUNDO SOCIAL-PARC.DEST.EDUCACAO PUBL.E SAUDE;;;;;109,032.00;0.00;109,032.00;109,032.00
2019;240125;MUSEU PARAENSE EMILIO GOELDI;12;EDUCACAO;364;ENSINO SUPERIOR;2080;EDUCACAO DE QUALIDADE PARA TODOS;0487;CONCESSAO DE BOLSAS DE ESTUDO NO ENSINO SUPERIOR;0002;CONCESSAO DE BOLSAS DE ESTUDOS NO PAIS;12364208004870001;108452;OCCCUO9414N;BF SUPERIOR - PROAP;90;APLICACOES DIRETAS;3;DESPESAS CORRENTES;3;OUTRAS DESPESAS CORRENTES;20;AUXILIO FINANCEIRO A PESQUISADORES;339020;AUXILIO FINANCEIRO A PESQUISADORES;08;FUNDO SOCIAL-PARC.DEST.EDUCACAO PUBL.E SAUDE;;;;;30,720.00;5,400.00;25,320.00;25,320.00
2019;240126;OBSERVATORIO NACIONAL;12;EDUCACAO;364;ENSINO SUPERIOR;2080;EDUCACAO DE QUALIDADE PARA TODOS;0487;CONCESSAO DE BOLSAS DE ESTUDO NO ENSINO SUPERIOR;0002;CONCESSAO DE BOLSAS DE ESTUDOS NO PAIS;12364208004870001;108452;OCCCUO9414N;BF SUPERIOR - PROAP;90;APLICACOES DIRETAS;3;DESPESAS CORRENTES;3;OUTRAS DESPESAS CORRENTES;18;AUXILIO FINANCEIRO A ESTUDANTES;339018;AUXILIO FINANCEIRO A ESTUDANTES;00;RECURSOS PRIMARIOS DE LIVRE APLICACAO;;;;;196,900.00;0.00;196,900.00;196,900.00
2019;240126;OBSERVATORIO NACIONAL;12;EDUCACAO;364;ENSINO SUPERIOR;2080;EDUCACAO DE QUALIDADE PARA TODOS;0487;CONCESSAO DE BOLSAS DE ESTUDO NO ENSINO SUPERIOR;0002;CONCESSAO DE BOLSAS DE ESTUDOS NO PAIS;12364208004870001;108452;OCCCUO9414N;BF SUPERIOR - PROAP;90;APLICACOES DIRETAS;3;DESPESAS CORRENTES;3;OUTRAS DESPESAS CORRENTES;20;AUXILIO FINANCEIRO A PESQUISADORES;339020;AUXILIO FINANCEIRO A PESQUISADORES;00;RECURSOS PRIMARIOS DE LIVRE APLICACAO;;;;;6,560.00;820.00;5,740.00;5,740.00
2019;250052;INSTITUTO NACIONAL DO CANCER - RJ;12;EDUCACAO;364;ENSINO SUPERIOR;2080;EDUCACAO DE QUALIDADE PARA TODOS;0487;CONCESSAO DE BOLSAS DE ESTUDO NO ENSINO SUPERIOR;0002;CONCESSAO DE BOLSAS DE ESTUDOS NO PAIS;12364208004870001;108452;OCCCUO9414N;BF SUPERIOR - PROAP;90;APLICACOES DIRETAS;3;DESPESAS CORRENTES;3;OUTRAS DESPESAS CORRENTES;20;AUXILIO FINANCEIRO A PESQUISADORES;339020;AUXILIO FINANCEIRO A PESQUISADORES;08;FUNDO SOCIAL-PARC.DEST.EDUCACAO PUBL.E SAUDE;;;;;175,032.95;1,787.71;116,854.12;116,854.12
2019;250052;INSTITUTO NACIONAL DO CANCER - RJ;12;EDUCACAO;364;ENSINO SUPERIOR;2080;EDUCACAO DE QUALIDADE PARA TODOS;0487;CONCESSAO DE BOLSAS DE ESTUDO NO ENSINO SUPERIOR;0002;CONCESSAO DE BOLSAS DE ESTUDOS NO PAIS;12364208004870001;108452;OCCCUO9414N;BF SUPERIOR - PROAP;90;APLICACOES DIRETAS;3;DESPESAS CORRENTES;3;OUTRAS DESPESAS CORRENTES;40;SERVICOS DE TECNOLOGIA DA INFORMACAO E COMUNICACAO - PJ;339040;SERVICOS DE TECNOLOGIA DA INFORMACAO E COMUNICACAO - PJ;08;FUNDO SOCIAL-PARC.DEST.EDUCACAO PUBL.E SAUDE;;;;;519,064.11;57,673.79;461,390.32;461,390.32
2019;254420;FUNDACAO OSWALDO CRUZ;12;EDUCACAO;364;ENSINO SUPERIOR;2080;EDUCACAO DE QUALIDADE PARA TODOS;0487;CONCESSAO DE BOLSAS DE ESTUDO NO ENSINO SUPERIOR;0002;CONCESSAO DE BOLSAS DE ESTUDOS NO PAIS;12364208004870001;108452;OCCCUO9414N;BF SUPERIOR - PROAP;90;APLICACOES DIRETAS;3;DESPESAS CORRENTES;3;OUTRAS DESPESAS CORRENTES;14;DIARIAS - PESSOAL CIVIL;339014;DIARIAS - PESSOAL CIVIL;08;FUNDO SOCIAL-PARC.DEST.EDUCACAO PUBL.E SAUDE;;;;;187,240.63;85,810.00;101,430.63;101,430.63
2019;254420;FUNDACAO OSWALDO CRUZ;12;EDUCACAO;364;ENSINO SUPERIOR;2080;EDUCACAO DE QUALIDADE PARA TODOS;0487;CONCESSAO DE BOLSAS DE ESTUDO NO ENSINO SUPERIOR;0002;CONCESSAO DE BOLSAS DE ESTUDOS NO PAIS;12364208004870001;108452;OCCCUO9414N;BF SUPERIOR - PROAP;90;APLICACOES DIRETAS;3;DESPESAS CORRENTES;3;OUTRAS DESPESAS CORRENTES;33;PASSAGENS E DESPESAS COM LOCOMOCAO;339033;PASSAGENS E DESPESAS COM LOCOMOCAO;08;FUNDO SOCIAL-PARC.DEST.EDUCACAO PUBL.E SAUDE;;;;;552,243.13;252,202.93;251,203.65;249,892.62
2019;254420;FUNDACAO OSWALDO CRUZ;12;EDUCACAO;364;ENSINO SUPERIOR;2080;EDUCACAO DE QUALIDADE PARA TODOS;0487;CONCESSAO DE BOLSAS DE ESTUDO NO ENSINO SUPERIOR;0002;CONCESSAO DE BOLSAS DE ESTUDOS NO PAIS;12364208004870001;108452;OCCCUO9414N;BF SUPERIOR - PROAP;90;APLICACOES DIRETAS;3;DESPESAS CORRENTES;3;OUTRAS DESPESAS CORRENTES;36;OUTROS SERVICOS DE TERCEIROS - P.FISICA;339036;OUTROS SERVICOS DE TERCEIROS - PESSOA FISICA;08;FUNDO SOCIAL-PARC.DEST.EDUCACAO PUBL.E SAUDE;;;;;266,013.06;107,452.86;158,560.20;157,963.70
2019;254420;FUNDACAO OSWALDO CRUZ;12;EDUCACAO;364;ENSINO SUPERIOR;2080;EDUCACAO DE QUALIDADE PARA TODOS;0487;CONCESSAO DE BOLSAS DE ESTUDO NO ENSINO SUPERIOR;0002;CONCESSAO DE BOLSAS DE ESTUDOS NO PAIS;12364208004870001;108452;OCCCUO9414N;BF SUPERIOR - PROAP;90;APLICACOES DIRETAS;3;DESPESAS CORRENTES;3;OUTRAS DESPESAS CORRENTES;39;OUTROS SERVICOS DE TERCEIROS PJ - OP.INT.ORC.;339039;OUTROS SERVICOS DE TERCEIROS - PESSOA JURIDICA;08;FUNDO SOCIAL-PARC.DEST.EDUCACAO PUBL.E SAUDE;;;;;8,000.00;5,000.00;;
2019;254421;INSTITUTO AGGEU MAGALHAES;12;EDUCACAO;364;ENSINO SUPERIOR;2080;EDUCACAO DE QUALIDADE PARA TODOS;0487;CONCESSAO DE BOLSAS DE ESTUDO NO ENSINO SUPERIOR;0002;CONCESSAO DE BOLSAS DE ESTUDOS NO PAIS;12364208004870001;108452;OCCCUO9414N;BF SUPERIOR - PROAP;90;APLICACOES DIRETAS;3;DESPESAS CORRENTES;3;OUTRAS DESPESAS CORRENTES;14;DIARIAS - PESSOAL CIVIL;339014;DIARIAS - PESSOAL CIVIL;08;FUNDO SOCIAL-PARC.DEST.EDUCACAO PUBL.E SAUDE;;;;;143,757.79;53,301.81;90,455.98;89,322.40
2019;254421;INSTITUTO AGGEU MAGALHAES;12;EDUCACAO;364;ENSINO SUPERIOR;2080;EDUCACAO DE QUALIDADE PARA TODOS;0487;CONCESSAO DE BOLSAS DE ESTUDO NO ENSINO SUPERIOR;0002;CONCESSAO DE BOLSAS DE ESTUDOS NO PAIS;12364208004870001;108452;OCCCUO9414N;BF SUPERIOR - PROAP;90;APLICACOES DIRETAS;3;DESPESAS CORRENTES;3;OUTRAS DESPESAS CORRENTES;33;PASSAGENS E DESPESAS COM LOCOMOCAO;339033;PASSAGENS E DESPESAS COM LOCOMOCAO;08;FUNDO SOCIAL-PARC.DEST.EDUCACAO PUBL.E SAUDE;;;;;364,247.16;172,529.81;191,717.35;166,298.24
2019;254421;INSTITUTO AGGEU MAGALHAES;12;EDUCACAO;364;ENSINO SUPERIOR;2080;EDUCACAO DE QUALIDADE PARA TODOS;0487;CONCESSAO DE BOLSAS DE ESTUDO NO ENSINO SUPERIOR;0002;CONCESSAO DE BOLSAS DE ESTUDOS NO PAIS;12364208004870001;108452;OCCCUO9414N;BF SUPERIOR - PROAP;90;APLICACOES DIRETAS;3;DESPESAS CORRENTES;3;OUTRAS DESPESAS CORRENTES;36;OUTROS SERVICOS DE TERCEIROS - P.FISICA;339036;OUTROS SERVICOS DE TERCEIROS - PESSOA FISICA;08;FUNDO SOCIAL-PARC.DEST.EDUCACAO PUBL.E SAUDE;;;;;264,093.53;69,934.73;194,158.80;193,639.00
2019;254421;INSTITUTO AGGEU MAGALHAES;12;EDUCACAO;364;ENSINO SUPERIOR;2080;EDUCACAO DE QUALIDADE PARA TODOS;0487;CONCESSAO DE BOLSAS DE ESTUDO NO ENSINO SUPERIOR;0002;CONCESSAO DE BOLSAS DE ESTUDOS NO PAIS;12364208004870001;108452;OCCCUO9414N;BF SUPERIOR - PROAP;90;APLICACOES DIRETAS;3;DESPESAS CORRENTES;3;OUTRAS DESPESAS CORRENTES;39;OUTROS SERVICOS DE TERCEIROS PJ - OP.INT.ORC.;339039;OUTROS SERVICOS DE TERCEIROS - PESSOA JURIDICA;08;FUNDO SOCIAL-PARC.DEST.EDUCACAO PUBL.E SAUDE;;;;;179,846.10;24,939.02;154,907.08;147,950.48
2019;254423;INSTITUTO RENNE RACHOU;12;EDUCACAO;364;ENSINO SUPERIOR;2080;EDUCACAO DE QUALIDADE PARA TODOS;0487;CONCESSAO DE BOLSAS DE ESTUDO NO ENSINO SUPERIOR;0002;CONCESSAO DE BOLSAS DE ESTUDOS NO PAIS;12364208004870001;108452;OCCCUO9414N;BF SUPERIOR - PROAP;90;APLICACOES DIRETAS;3;DESPESAS CORRENTES;3;OUTRAS DESPESAS CORRENTES;14;DIARIAS - PESSOAL CIVIL;339014;DIARIAS - PESSOAL CIVIL;08;FUNDO SOCIAL-PARC.DEST.EDUCACAO PUBL.E SAUDE;;;;;45,664.70;15,203.90;30,460.80;29,167.50
2019;254423;INSTITUTO RENNE RACHOU;12;EDUCACAO;364;ENSINO SUPERIOR;2080;EDUCACAO DE QUALIDADE PARA TODOS;0487;CONCESSAO DE BOLSAS DE ESTUDO NO ENSINO SUPERIOR;0002;CONCESSAO DE BOLSAS DE ESTUDOS NO PAIS;12364208004870001;108452;OCCCUO9414N;BF SUPERIOR - PROAP;90;APLICACOES DIRETAS;3;DESPESAS CORRENTES;3;OUTRAS DESPESAS CORRENTES;33;PASSAGENS E DESPESAS COM LOCOMOCAO;339033;PASSAGENS E DESPESAS COM LOCOMOCAO;08;FUNDO SOCIAL-PARC.DEST.EDUCACAO PUBL.E SAUDE;;;;;136,200.00;48,913.62;85,933.98;85,933.98
2019;254423;INSTITUTO RENNE RACHOU;12;EDUCACAO;364;ENSINO SUPERIOR;2080;EDUCACAO DE QUALIDADE PARA TODOS;0487;CONCESSAO DE BOLSAS DE ESTUDO NO ENSINO SUPERIOR;0002;CONCESSAO DE BOLSAS DE ESTUDOS NO PAIS;12364208004870001;108452;OCCCUO9414N;BF SUPERIOR - PROAP;90;APLICACOES DIRETAS;3;DESPESAS CORRENTES;3;OUTRAS DESPESAS CORRENTES;36;OUTROS SERVICOS DE TERCEIROS - P.FISICA;339036;OUTROS SERVICOS DE TERCEIROS - PESSOA FISICA;08;FUNDO SOCIAL-PARC.DEST.EDUCACAO PUBL.E SAUDE;;;;;75,983.30;23,619.60;52,363.70;52,363.70
2019;254447;INST NACIONAL DE SAUDE FERNANDES FIGUEIRA;12;EDUCACAO;364;ENSINO SUPERIOR;2080;EDUCACAO DE QUALIDADE PARA TODOS;0487;CONCESSAO DE BOLSAS DE ESTUDO NO ENSINO SUPERIOR;0002;CONCESSAO DE BOLSAS DE ESTUDOS NO PAIS;12364208004870001;108452;OCCCUO9414N;BF SUPERIOR - PROAP;90;APLICACOES DIRETAS;3;DESPESAS CORRENTES;3;OUTRAS DESPESAS CORRENTES;14;DIARIAS - PESSOAL CIVIL;339014;DIARIAS - PESSOAL CIVIL;08;FUNDO SOCIAL-PARC.DEST.EDUCACAO PUBL.E SAUDE;;;;;57,600.00;13,063.10;44,536.90;44,536.90
2019;254447;INST NACIONAL DE SAUDE FERNANDES FIGUEIRA;12;EDUCACAO;364;ENSINO SUPERIOR;2080;EDUCACAO DE QUALIDADE PARA TODOS;0487;CONCESSAO DE BOLSAS DE ESTUDO NO ENSINO SUPERIOR;0002;CONCESSAO DE BOLSAS DE ESTUDOS NO PAIS;12364208004870001;108452;OCCCUO9414N;BF SUPERIOR - PROAP;90;APLICACOES DIRETAS;3;DESPESAS CORRENTES;3;OUTRAS DESPESAS CORRENTES;30;MATERIAL DE CONSUMO;339030;MATERIAL DE CONSUMO;08;FUNDO SOCIAL-PARC.DEST.EDUCACAO PUBL.E SAUDE;;;;;25,966.04;6,211.51;16,573.78;16,293.78
2019;254447;INST NACIONAL DE SAUDE FERNANDES FIGUEIRA;12;EDUCACAO;364;ENSINO SUPERIOR;2080;EDUCACAO DE QUALIDADE PARA TODOS;0487;CONCESSAO DE BOLSAS DE ESTUDO NO ENSINO SUPERIOR;0002;CONCESSAO DE BOLSAS DE ESTUDOS NO PAIS;12364208004870001;108452;OCCCUO9414N;BF SUPERIOR - PROAP;90;APLICACOES DIRETAS;3;DESPESAS CORRENTES;3;OUTRAS DESPESAS CORRENTES;33;PASSAGENS E DESPESAS COM LOCOMOCAO;339033;PASSAGENS E DESPESAS COM LOCOMOCAO;08;FUNDO SOCIAL-PARC.DEST.EDUCACAO PUBL.E SAUDE;;;;;144,095.13;39,806.62;104,288.51;104,288.51
2019;254447;INST NACIONAL DE SAUDE FERNANDES FIGUEIRA;12;EDUCACAO;364;ENSINO SUPERIOR;2080;EDUCACAO DE QUALIDADE PARA TODOS;0487;CONCESSAO DE BOLSAS DE ESTUDO NO ENSINO SUPERIOR;0002;CONCESSAO DE BOLSAS DE ESTUDOS NO PAIS;12364208004870001;108452;OCCCUO9414N;BF SUPERIOR - PROAP;90;APLICACOES DIRETAS;3;DESPESAS CORRENTES;3;OUTRAS DESPESAS CORRENTES;36;OUTROS SERVICOS DE TERCEIROS - P.FISICA;339036;OUTROS SERVICOS DE TERCEIROS - PESSOA FISICA;08;FUNDO SOCIAL-PARC.DEST.EDUCACAO PUBL.E SAUDE;;;;;29,688.15;3,272.25;26,415.90;26,415.90
2019;254447;INST NACIONAL DE SAUDE FERNANDES FIGUEIRA;12;EDUCACAO;364;ENSINO SUPERIOR;2080;EDUCACAO DE QUALIDADE PARA TODOS;0487;CONCESSAO DE BOLSAS DE ESTUDO NO ENSINO SUPERIOR;0002;CONCESSAO DE BOLSAS DE ESTUDOS NO PAIS;12364208004870001;108452;OCCCUO9414N;BF SUPERIOR - PROAP;90;APLICACOES DIRETAS;3;DESPESAS CORRENTES;3;OUTRAS DESPESAS CORRENTES;39;OUTROS SERVICOS DE TERCEIROS PJ - OP.INT.ORC.;339039;OUTROS SERVICOS DE TERCEIROS - PESSOA JURIDICA;08;FUNDO SOCIAL-PARC.DEST.EDUCACAO PUBL.E SAUDE;;;;;189,757.15;23,116.84;160,190.31;142,805.31
2019;254448;INSTITUTO NAC. DE CONTROLE E QUALID. EM SAUDE;12;EDUCACAO;364;ENSINO SUPERIOR;2080;EDUCACAO DE QUALIDADE PARA TODOS;0487;CONCESSAO DE BOLSAS DE ESTUDO NO ENSINO SUPERIOR;0002;CONCESSAO DE BOLSAS DE ESTUDOS NO PAIS;12364208004870001;108452;OCCCUO9414N;BF SUPERIOR - PROAP;90;APLICACOES DIRETAS;3;DESPESAS CORRENTES;3;OUTRAS DESPESAS CORRENTES;30;MATERIAL DE CONSUMO;339030;MATERIAL DE CONSUMO;08;FUNDO SOCIAL-PARC.DEST.EDUCACAO PUBL.E SAUDE;;;;;258,824.00;103,198.00;155,626.00;154,797.00
2019;254450;ESCOLA NAC. DE SAUDE PUBLICA SERGIO AROUCA;12;EDUCACAO;364;ENSINO SUPERIOR;2080;EDUCACAO DE QUALIDADE PARA TODOS;0487;CONCESSAO DE BOLSAS DE ESTUDO NO ENSINO SUPERIOR;0002;CONCESSAO DE BOLSAS DE ESTUDOS NO PAIS;12364208004870001;108452;OCCCUO9414N;BF SUPERIOR - PROAP;90;APLICACOES DIRETAS;3;DESPESAS CORRENTES;3;OUTRAS DESPESAS CORRENTES;14;DIARIAS - PESSOAL CIVIL;339014;DIARIAS - PESSOAL CIVIL;08;FUNDO SOCIAL-PARC.DEST.EDUCACAO PUBL.E SAUDE;;;;;107,457.58;57,288.24;50,169.34;49,789.30
2019;254450;ESCOLA NAC. DE SAUDE PUBLICA SERGIO AROUCA;12;EDUCACAO;364;ENSINO SUPERIOR;2080;EDUCACAO DE QUALIDADE PARA TODOS;0487;CONCESSAO DE BOLSAS DE ESTUDO NO ENSINO SUPERIOR;0002;CONCESSAO DE BOLSAS DE ESTUDOS NO PAIS;12364208004870001;108452;OCCCUO9414N;BF SUPERIOR - PROAP;90;APLICACOES DIRETAS;3;DESPESAS CORRENTES;3;OUTRAS DESPESAS CORRENTES;30;MATERIAL DE CONSUMO;339030;MATERIAL DE CONSUMO;08;FUNDO SOCIAL-PARC.DEST.EDUCACAO PUBL.E SAUDE;;;;;33,241.68;8,237.94;12,881.76;12,809.28
2019;254450;ESCOLA NAC. DE SAUDE PUBLICA SERGIO AROUCA;12;EDUCACAO;364;ENSINO SUPERIOR;2080;EDUCACAO DE QUALIDADE PARA TODOS;0487;CONCESSAO DE BOLSAS DE ESTUDO NO ENSINO SUPERIOR;0002;CONCESSAO DE BOLSAS DE ESTUDOS NO PAIS;12364208004870001;108452;OCCCUO9414N;BF SUPERIOR - PROAP;90;APLICACOES DIRETAS;3;DESPESAS CORRENTES;3;OUTRAS DESPESAS CORRENTES;33;PASSAGENS E DESPESAS COM LOCOMOCAO;339033;PASSAGENS E DESPESAS COM LOCOMOCAO;08;FUNDO SOCIAL-PARC.DEST.EDUCACAO PUBL.E SAUDE;;;;;124,704.78;41,048.98;36,443.33;36,443.33
2019;254450;ESCOLA NAC. DE SAUDE PUBLICA SERGIO AROUCA;12;EDUCACAO;364;ENSINO SUPERIOR;2080;EDUCACAO DE QUALIDADE PARA TODOS;0487;CONCESSAO DE BOLSAS DE ESTUDO NO ENSINO SUPERIOR;0002;CONCESSAO DE BOLSAS DE ESTUDOS NO PAIS;12364208004870001;108452;OCCCUO9414N;BF SUPERIOR - PROAP;90;APLICACOES DIRETAS;3;DESPESAS CORRENTES;3;OUTRAS DESPESAS CORRENTES;36;OUTROS SERVICOS DE TERCEIROS - P.FISICA;339036;OUTROS SERVICOS DE TERCEIROS - PESSOA FISICA;08;FUNDO SOCIAL-PARC.DEST.EDUCACAO PUBL.E SAUDE;;;;;17,648.20;9,206.40;8,441.80;8,441.80
2019;254450;ESCOLA NAC. DE SAUDE PUBLICA SERGIO AROUCA;12;EDUCACAO;364;ENSINO SUPERIOR;2080;EDUCACAO DE QUALIDADE PARA TODOS;0487;CONCESSAO DE BOLSAS DE ESTUDO NO ENSINO SUPERIOR;0002;CONCESSAO DE BOLSAS DE ESTUDOS NO PAIS;12364208004870001;108452;OCCCUO9414N;BF SUPERIOR - PROAP;90;APLICACOES DIRETAS;3;DESPESAS CORRENTES;3;OUTRAS DESPESAS CORRENTES;39;OUTROS SERVICOS DE TERCEIROS PJ - OP.INT.ORC.;339039;OUTROS SERVICOS DE TERCEIROS - PESSOA JURIDICA;08;FUNDO SOCIAL-PARC.DEST.EDUCACAO PUBL.E SAUDE;;;;;79,261.00;23,005.00;30,006.00;30,006.00
2019;254450;ESCOLA NAC. DE SAUDE PUBLICA SERGIO AROUCA;12;EDUCACAO;368;EDUCACAO BASICA;2080;EDUCACAO DE QUALIDADE PARA TODOS;20RJ;APOIO A CAPACITACAO E FORMACAO INICIAL E CONTINUADA PARA A E;0004;EDUCACAO BASICA A DISTANCIA - SISTEMA UNIVERSIDADE ABERTA DO BRASIL (UAB);12368208020RJ0001;108456;MCC62G22EDN;UAB - UAB TRADICIONAL;90;APLICACOES DIRETAS;3;DESPESAS CORRENTES;3;OUTRAS DESPESAS CORRENTES;39;OUTROS SERVICOS DE TERCEIROS PJ - OP.INT.ORC.;339039;OUTROS SERVICOS DE TERCEIROS - PESSOA JURIDICA;00;RECURSOS PRIMARIOS DE LIVRE APLICACAO;;;;;1,530,266.70;0.00;1,530,266.70;1,530,266.70
2019;254463;INSTITUTO OSWALDO CRUZ;12;EDUCACAO;364;ENSINO SUPERIOR;2080;EDUCACAO DE QUALIDADE PARA TODOS;0487;CONCESSAO DE BOLSAS DE ESTUDO NO ENSINO SUPERIOR;0002;CONCESSAO DE BOLSAS DE ESTUDOS NO PAIS;12364208004870001;108452;OCCCUO9414N;BF SUPERIOR - PROAP;90;APLICACOES DIRETAS;3;DESPESAS CORRENTES;3;OUTRAS DESPESAS CORRENTES;14;DIARIAS - PESSOAL CIVIL;339014;DIARIAS - PESSOAL CIVIL;08;FUNDO SOCIAL-PARC.DEST.EDUCACAO PUBL.E SAUDE;;;;;129,485.14;53,611.82;75,873.32;73,587.74
2019;254463;INSTITUTO OSWALDO CRUZ;12;EDUCACAO;364;ENSINO SUPERIOR;2080;EDUCACAO DE QUALIDADE PARA TODOS;0487;CONCESSAO DE BOLSAS DE ESTUDO NO ENSINO SUPERIOR;0002;CONCESSAO DE BOLSAS DE ESTUDOS NO PAIS;12364208004870001;108452;OCCCUO9414N;BF SUPERIOR - PROAP;90;APLICACOES DIRETAS;3;DESPESAS CORRENTES;3;OUTRAS DESPESAS CORRENTES;33;PASSAGENS E DESPESAS COM LOCOMOCAO;339033;PASSAGENS E DESPESAS COM LOCOMOCAO;08;FUNDO SOCIAL-PARC.DEST.EDUCACAO PUBL.E SAUDE;;;;;134,621.51;68,557.77;48,261.59;48,261.59
2019;254463;INSTITUTO OSWALDO CRUZ;12;EDUCACAO;364;ENSINO SUPERIOR;2080;EDUCACAO DE QUALIDADE PARA TODOS;0487;CONCESSAO DE BOLSAS DE ESTUDO NO ENSINO SUPERIOR;0002;CONCESSAO DE BOLSAS DE ESTUDOS NO PAIS;12364208004870001;108452;OCCCUO9414N;BF SUPERIOR - PROAP;90;APLICACOES DIRETAS;3;DESPESAS CORRENTES;3;OUTRAS DESPESAS CORRENTES;36;OUTROS SERVICOS DE TERCEIROS - P.FISICA;339036;OUTROS SERVICOS DE TERCEIROS - PESSOA FISICA;08;FUNDO SOCIAL-PARC.DEST.EDUCACAO PUBL.E SAUDE;;;;;321,273.40;170,226.20;151,047.20;148,297.20
2019;254474;INSTITUTO LEONIDAS E MARIA DEANE;12;EDUCACAO;364;ENSINO SUPERIOR;2080;EDUCACAO DE QUALIDADE PARA TODOS;0487;CONCESSAO DE BOLSAS DE ESTUDO NO ENSINO SUPERIOR;0002;CONCESSAO DE BOLSAS DE ESTUDOS NO PAIS;12364208004870001;108452;OCCCUO9414N;BF SUPERIOR - PROAP;90;APLICACOES DIRETAS;3;DESPESAS CORRENTES;3;OUTRAS DESPESAS CORRENTES;33;PASSAGENS E DESPESAS COM LOCOMOCAO;339033;PASSAGENS E DESPESAS COM LOCOMOCAO;08;FUNDO SOCIAL-PARC.DEST.EDUCACAO PUBL.E SAUDE;;;;;82,216.48;51,385.30;30,831.18;30,831.18
2019;254474;INSTITUTO LEONIDAS E MARIA DEANE;12;EDUCACAO;364;ENSINO SUPERIOR;2080;EDUCACAO DE QUALIDADE PARA TODOS;0487;CONCESSAO DE BOLSAS DE ESTUDO NO ENSINO SUPERIOR;0002;CONCESSAO DE BOLSAS DE ESTUDOS NO PAIS;12364208004870001;108452;OCCCUO9414N;BF SUPERIOR - PROAP;90;APLICACOES DIRETAS;3;DESPESAS CORRENTES;3;OUTRAS DESPESAS CORRENTES;36;OUTROS SERVICOS DE TERCEIROS - P.FISICA;339036;OUTROS SERVICOS DE TERCEIROS - PESSOA FISICA;08;FUNDO SOCIAL-PARC.DEST.EDUCACAO PUBL.E SAUDE;;;;;72,292.00;28,729.10;43,562.90;37,281.70
2019;254488;CASA DE OSWALDO CRUZ;12;EDUCACAO;364;ENSINO SUPERIOR;2080;EDUCACAO DE QUALIDADE PARA TODOS;0487;CONCESSAO DE BOLSAS DE ESTUDO NO ENSINO SUPERIOR;0002;CONCESSAO DE BOLSAS DE ESTUDOS NO PAIS;12364208004870001;108452;OCCCUO9414N;BF SUPERIOR - PROAP;90;APLICACOES DIRETAS;3;DESPESAS CORRENTES;3;OUTRAS DESPESAS CORRENTES;14;DIARIAS - PESSOAL CIVIL;339014;DIARIAS - PESSOAL CIVIL;08;FUNDO SOCIAL-PARC.DEST.EDUCACAO PUBL.E SAUDE;;;;;52,374.88;10,746.70;41,628.18;40,748.48
2019;254488;CASA DE OSWALDO CRUZ;12;EDUCACAO;364;ENSINO SUPERIOR;2080;EDUCACAO DE QUALIDADE PARA TODOS;0487;CONCESSAO DE BOLSAS DE ESTUDO NO ENSINO SUPERIOR;0002;CONCESSAO DE BOLSAS DE ESTUDOS NO PAIS;12364208004870001;108452;OCCCUO9414N;BF SUPERIOR - PROAP;90;APLICACOES DIRETAS;3;DESPESAS CORRENTES;3;OUTRAS DESPESAS CORRENTES;33;PASSAGENS E DESPESAS COM LOCOMOCAO;339033;PASSAGENS E DESPESAS COM LOCOMOCAO;08;FUNDO SOCIAL-PARC.DEST.EDUCACAO PUBL.E SAUDE;;;;;131,666.16;24,747.54;106,918.62;104,481.33
2019;254488;CASA DE OSWALDO CRUZ;12;EDUCACAO;364;ENSINO SUPERIOR;2080;EDUCACAO DE QUALIDADE PARA TODOS;0487;CONCESSAO DE BOLSAS DE ESTUDO NO ENSINO SUPERIOR;0002;CONCESSAO DE BOLSAS DE ESTUDOS NO PAIS;12364208004870001;108452;OCCCUO9414N;BF SUPERIOR - PROAP;90;APLICACOES DIRETAS;3;DESPESAS CORRENTES;3;OUTRAS DESPESAS CORRENTES;36;OUTROS SERVICOS DE TERCEIROS - P.FISICA;339036;OUTROS SERVICOS DE TERCEIROS - PESSOA FISICA;08;FUNDO SOCIAL-PARC.DEST.EDUCACAO PUBL.E SAUDE;;;;;164,584.50;45,290.40;119,294.10;119,294.10
2019;254488;CASA DE OSWALDO CRUZ;12;EDUCACAO;364;ENSINO SUPERIOR;2080;EDUCACAO DE QUALIDADE PARA TODOS;0487;CONCESSAO DE BOLSAS DE ESTUDO NO ENSINO SUPERIOR;0002;CONCESSAO DE BOLSAS DE ESTUDOS NO PAIS;12364208004870001;108452;OCCCUO9414N;BF SUPERIOR - PROAP;90;APLICACOES DIRETAS;3;DESPESAS CORRENTES;3;OUTRAS DESPESAS CORRENTES;39;OUTROS SERVICOS DE TERCEIROS PJ - OP.INT.ORC.;339039;OUTROS SERVICOS DE TERCEIROS - PESSOA JURIDICA;08;FUNDO SOCIAL-PARC.DEST.EDUCACAO PUBL.E SAUDE;;;;;115,860.00;13,420.00;93,620.00;93,620.00
2019;254492;INST.NACIONAL DE INFECTOLOGIA EVANDRO CHAGAS;12;EDUCACAO;364;ENSINO SUPERIOR;2080;EDUCACAO DE QUALIDADE PARA TODOS;0487;CONCESSAO DE BOLSAS DE ESTUDO NO ENSINO SUPERIOR;0002;CONCESSAO DE BOLSAS DE ESTUDOS NO PAIS;12364208004870001;108452;OCCCUO9414N;BF SUPERIOR - PROAP;90;APLICACOES DIRETAS;3;DESPESAS CORRENTES;3;OUTRAS DESPESAS CORRENTES;14;DIARIAS - PESSOAL CIVIL;339014;DIARIAS - PESSOAL CIVIL;08;FUNDO SOCIAL-PARC.DEST.EDUCACAO PUBL.E SAUDE;;;;;36,477.55;11,582.78;24,894.77;23,785.72
2019;254492;INST.NACIONAL DE INFECTOLOGIA EVANDRO CHAGAS;12;EDUCACAO;364;ENSINO SUPERIOR;2080;EDUCACAO DE QUALIDADE PARA TODOS;0487;CONCESSAO DE BOLSAS DE ESTUDO NO ENSINO SUPERIOR;0002;CONCESSAO DE BOLSAS DE ESTUDOS NO PAIS;12364208004870001;108452;OCCCUO9414N;BF SUPERIOR - PROAP;90;APLICACOES DIRETAS;3;DESPESAS CORRENTES;3;OUTRAS DESPESAS CORRENTES;30;MATERIAL DE CONSUMO;339030;MATERIAL DE CONSUMO;08;FUNDO SOCIAL-PARC.DEST.EDUCACAO PUBL.E SAUDE;;;;;5,679.00;917.60;4,761.40;1,415.40
2019;254492;INST.NACIONAL DE INFECTOLOGIA EVANDRO CHAGAS;12;EDUCACAO;364;ENSINO SUPERIOR;2080;EDUCACAO DE QUALIDADE PARA TODOS;0487;CONCESSAO DE BOLSAS DE ESTUDO NO ENSINO SUPERIOR;0002;CONCESSAO DE BOLSAS DE ESTUDOS NO PAIS;12364208004870001;108452;OCCCUO9414N;BF SUPERIOR - PROAP;90;APLICACOES DIRETAS;3;DESPESAS CORRENTES;3;OUTRAS DESPESAS CORRENTES;33;PASSAGENS E DESPESAS COM LOCOMOCAO;339033;PASSAGENS E DESPESAS COM LOCOMOCAO;08;FUNDO SOCIAL-PARC.DEST.EDUCACAO PUBL.E SAUDE;;;;;245,440.00;105,323.05;140,116.95;135,924.31
2019;254492;INST.NACIONAL DE INFECTOLOGIA EVANDRO CHAGAS;12;EDUCACAO;364;ENSINO SUPERIOR;2080;EDUCACAO DE QUALIDADE PARA TODOS;0487;CONCESSAO DE BOLSAS DE ESTUDO NO ENSINO SUPERIOR;0002;CONCESSAO DE BOLSAS DE ESTUDOS NO PAIS;12364208004870001;108452;OCCCUO9414N;BF SUPERIOR - PROAP;90;APLICACOES DIRETAS;3;DESPESAS CORRENTES;3;OUTRAS DESPESAS CORRENTES;36;OUTROS SERVICOS DE TERCEIROS - P.FISICA;339036;OUTROS SERVICOS DE TERCEIROS - PESSOA FISICA;08;FUNDO SOCIAL-PARC.DEST.EDUCACAO PUBL.E SAUDE;;;;;97,905.84;7,680.00;87,345.84;87,345.84
2019;254492;INST.NACIONAL DE INFECTOLOGIA EVANDRO CHAGAS;12;EDUCACAO;364;ENSINO SUPERIOR;2080;EDUCACAO DE QUALIDADE PARA TODOS;0487;CONCESSAO DE BOLSAS DE ESTUDO NO ENSINO SUPERIOR;0002;CONCESSAO DE BOLSAS DE ESTUDOS NO PAIS;12364208004870001;108452;OCCCUO9414N;BF SUPERIOR - PROAP;90;APLICACOES DIRETAS;3;DESPESAS CORRENTES;3;OUTRAS DESPESAS CORRENTES;39;OUTROS SERVICOS DE TERCEIROS PJ - OP.INT.ORC.;339039;OUTROS SERVICOS DE TERCEIROS - PESSOA JURIDICA;08;FUNDO SOCIAL-PARC.DEST.EDUCACAO PUBL.E SAUDE;;;;;75,324.00;30,162.00;30,000.00;30,000.00
2019;257003;INSTITUTO EVANDRO CHAGAS;12;EDUCACAO;364;ENSINO SUPERIOR;2080;EDUCACAO DE QUALIDADE PARA TODOS;0487;CONCESSAO DE BOLSAS DE ESTUDO NO ENSINO SUPERIOR;0002;CONCESSAO DE BOLSAS DE ESTUDOS NO PAIS;12364208004870001;108452;OCCCUO9414N;BF SUPERIOR - PROAP;90;APLICACOES DIRETAS;3;DESPESAS CORRENTES;3;OUTRAS DESPESAS CORRENTES;33;PASSAGENS E DESPESAS COM LOCOMOCAO;339033;PASSAGENS E DESPESAS COM LOCOMOCAO;08;FUNDO SOCIAL-PARC.DEST.EDUCACAO PUBL.E SAUDE;;;;;10,000.00;10,000.00;;
2019;257003;INSTITUTO EVANDRO CHAGAS;12;EDUCACAO;364;ENSINO SUPERIOR;2080;EDUCACAO DE QUALIDADE PARA TODOS;0487;CONCESSAO DE BOLSAS DE ESTUDO NO ENSINO SUPERIOR;0002;CONCESSAO DE BOLSAS DE ESTUDOS NO PAIS;12364208004870001;108452;OCCCUO9414N;BF SUPERIOR - PROAP;90;APLICACOES DIRETAS;3;DESPESAS CORRENTES;3;OUTRAS DESPESAS CORRENTES;36;OUTROS SERVICOS DE TERCEIROS - P.FISICA;339036;OUTROS SERVICOS DE TERCEIROS - PESSOA FISICA;08;FUNDO SOCIAL-PARC.DEST.EDUCACAO PUBL.E SAUDE;;;;;81,295.60;81,295.60;;
2019;257003;INSTITUTO EVANDRO CHAGAS;12;EDUCACAO;364;ENSINO SUPERIOR;2080;EDUCACAO DE QUALIDADE PARA TODOS;0487;CONCESSAO DE BOLSAS DE ESTUDO NO ENSINO SUPERIOR;0002;CONCESSAO DE BOLSAS DE ESTUDOS NO PAIS;12364208004870001;108452;OCCCUO9414N;BF SUPERIOR - PROAP;90;APLICACOES DIRETAS;3;DESPESAS CORRENTES;3;OUTRAS DESPESAS CORRENTES;39;OUTROS SERVICOS DE TERCEIROS PJ - OP.INT.ORC.;339039;OUTROS SERVICOS DE TERCEIROS - PESSOA JURIDICA;08;FUNDO SOCIAL-PARC.DEST.EDUCACAO PUBL.E SAUDE;;;;;209,456.91;14,884.58;173,918.59;173,918.59
2019;443020;INST. DE PESQUISAS JARDIM BOTANICO DO RJ/JBRJ;12;EDUCACAO;364;ENSINO SUPERIOR;2080;EDUCACAO DE QUALIDADE PARA TODOS;0487;CONCESSAO DE BOLSAS DE ESTUDO NO ENSINO SUPERIOR;0002;CONCESSAO DE BOLSAS DE ESTUDOS NO PAIS;12364208004870001;108452;OCCCUO9414N;BF SUPERIOR - PROAP;90;APLICACOES DIRETAS;3;DESPESAS CORRENTES;3;OUTRAS DESPESAS CORRENTES;14;DIARIAS - PESSOAL CIVIL;339014;DIARIAS - PESSOAL CIVIL;08;FUNDO SOCIAL-PARC.DEST.EDUCACAO PUBL.E SAUDE;;;;;13,219.60;9,877.36;3,342.24;3,342.24
2019;443020;INST. DE PESQUISAS JARDIM BOTANICO DO RJ/JBRJ;12;EDUCACAO;364;ENSINO SUPERIOR;2080;EDUCACAO DE QUALIDADE PARA TODOS;0487;CONCESSAO DE BOLSAS DE ESTUDO NO ENSINO SUPERIOR;0002;CONCESSAO DE BOLSAS DE ESTUDOS NO PAIS;12364208004870001;108452;OCCCUO9414N;BF SUPERIOR - PROAP;90;APLICACOES DIRETAS;3;DESPESAS CORRENTES;3;OUTRAS DESPESAS CORRENTES;33;PASSAGENS E DESPESAS COM LOCOMOCAO;339033;PASSAGENS E DESPESAS COM LOCOMOCAO;08;FUNDO SOCIAL-PARC.DEST.EDUCACAO PUBL.E SAUDE;;;;;30,096.44;11,000.00;19,096.44;19,096.44
2019;443020;INST. DE PESQUISAS JARDIM BOTANICO DO RJ/JBRJ;12;EDUCACAO;364;ENSINO SUPERIOR;2080;EDUCACAO DE QUALIDADE PARA TODOS;0487;CONCESSAO DE BOLSAS DE ESTUDO NO ENSINO SUPERIOR;0002;CONCESSAO DE BOLSAS DE ESTUDOS NO PAIS;12364208004870001;108452;OCCCUO9414N;BF SUPERIOR - PROAP;90;APLICACOES DIRETAS;3;DESPESAS CORRENTES;3;OUTRAS DESPESAS CORRENTES;36;OUTROS SERVICOS DE TERCEIROS - P.FISICA;339036;OUTROS SERVICOS DE TERCEIROS - PESSOA FISICA;08;FUNDO SOCIAL-PARC.DEST.EDUCACAO PUBL.E SAUDE;;;;;146,081.50;83,482.50;62,599.00;62,599.00
2019;753000;INSTITUTO DE EST. DO MAR ALTE PAULO MOREIRA;12;EDUCACAO;364;ENSINO SUPERIOR;2080;EDUCACAO DE QUALIDADE PARA TODOS;0487;CONCESSAO DE BOLSAS DE ESTUDO NO ENSINO SUPERIOR;0002;CONCESSAO DE BOLSAS DE ESTUDOS NO PAIS;12364208004870001;108452;OCCCUO9414N;BF SUPERIOR - PROAP;90;APLICACOES DIRETAS;3;DESPESAS CORRENTES;3;OUTRAS DESPESAS CORRENTES;14;DIARIAS - PESSOAL CIVIL;339014;DIARIAS - PESSOAL CIVIL;00;RECURSOS PRIMARIOS DE LIVRE APLICACAO;;;;;9,001.20;0.00;9,001.20;6,750.90
2019;753000;INSTITUTO DE EST. DO MAR ALTE PAULO MOREIRA;12;EDUCACAO;364;ENSINO SUPERIOR;2080;EDUCACAO DE QUALIDADE PARA TODOS;0487;CONCESSAO DE BOLSAS DE ESTUDO NO ENSINO SUPERIOR;0002;CONCESSAO DE BOLSAS DE ESTUDOS NO PAIS;12364208004870001;108452;OCCCUO9414N;BF SUPERIOR - PROAP;90;APLICACOES DIRETAS;3;DESPESAS CORRENTES;3;OUTRAS DESPESAS CORRENTES;15;DIARIAS - PESSOAL MILITAR;339015;DIARIAS - PESSOAL MILITAR;00;RECURSOS PRIMARIOS DE LIVRE APLICACAO;;;;;4,389.60;0.00;4,389.60;3,292.20
2019;753000;INSTITUTO DE EST. DO MAR ALTE PAULO MOREIRA;12;EDUCACAO;364;ENSINO SUPERIOR;2080;EDUCACAO DE QUALIDADE PARA TODOS;0487;CONCESSAO DE BOLSAS DE ESTUDO NO ENSINO SUPERIOR;0002;CONCESSAO DE BOLSAS DE ESTUDOS NO PAIS;12364208004870001;108452;OCCCUO9414N;BF SUPERIOR - PROAP;90;APLICACOES DIRETAS;3;DESPESAS CORRENTES;3;OUTRAS DESPESAS CORRENTES;18;AUXILIO FINANCEIRO A ESTUDANTES;339018;AUXILIO FINANCEIRO A ESTUDANTES;00;RECURSOS PRIMARIOS DE LIVRE APLICACAO;;;;;11,520.00;0.00;11,520.00;8,640.00
2019;753000;INSTITUTO DE EST. DO MAR ALTE PAULO MOREIRA;12;EDUCACAO;364;ENSINO SUPERIOR;2080;EDUCACAO DE QUALIDADE PARA TODOS;0487;CONCESSAO DE BOLSAS DE ESTUDO NO ENSINO SUPERIOR;0002;CONCESSAO DE BOLSAS DE ESTUDOS NO PAIS;12364208004870001;108452;OCCCUO9414N;BF SUPERIOR - PROAP;90;APLICACOES DIRETAS;3;DESPESAS CORRENTES;3;OUTRAS DESPESAS CORRENTES;20;AUXILIO FINANCEIRO A PESQUISADORES;339020;AUXILIO FINANCEIRO A PESQUISADORES;00;RECURSOS PRIMARIOS DE LIVRE APLICACAO;;;;;22,400.00;1,600.00;20,800.00;17,600.00
2019;753000;INSTITUTO DE EST. DO MAR ALTE PAULO MOREIRA;12;EDUCACAO;364;ENSINO SUPERIOR;2080;EDUCACAO DE QUALIDADE PARA TODOS;0487;CONCESSAO DE BOLSAS DE ESTUDO NO ENSINO SUPERIOR;0002;CONCESSAO DE BOLSAS DE ESTUDOS NO PAIS;12364208004870001;108452;OCCCUO9414N;BF SUPERIOR - PROAP;90;APLICACOES DIRETAS;3;DESPESAS CORRENTES;3;OUTRAS DESPESAS CORRENTES;30;MATERIAL DE CONSUMO;339030;MATERIAL DE CONSUMO;00;RECURSOS PRIMARIOS DE LIVRE APLICACAO;;;;;5,716.92;1,429.23;;
2019;753000;INSTITUTO DE EST. DO MAR ALTE PAULO MOREIRA;12;EDUCACAO;364;ENSINO SUPERIOR;2080;EDUCACAO DE QUALIDADE PARA TODOS;0487;CONCESSAO DE BOLSAS DE ESTUDO NO ENSINO SUPERIOR;0002;CONCESSAO DE BOLSAS DE ESTUDOS NO PAIS;12364208004870001;108452;OCCCUO9414N;BF SUPERIOR - PROAP;90;APLICACOES DIRETAS;3;DESPESAS CORRENTES;3;OUTRAS DESPESAS CORRENTES;39;OUTROS SERVICOS DE TERCEIROS PJ - OP.INT.ORC.;339039;OUTROS SERVICOS DE TERCEIROS - PESSOA JURIDICA;00;RECURSOS PRIMARIOS DE LIVRE APLICACAO;;;;;20,000.00;5,000.00;;
2019;781000;COMANDO DO 1.DISTRITO NAVAL;12;EDUCACAO;364;ENSINO SUPERIOR;2080;EDUCACAO DE QUALIDADE PARA TODOS;0487;CONCESSAO DE BOLSAS DE ESTUDO NO ENSINO SUPERIOR;0002;CONCESSAO DE BOLSAS DE ESTUDOS NO PAIS;12364208004870001;108452;OCCCUO9414N;BF SUPERIOR - PROAP;90;APLICACOES DIRETAS;3;DESPESAS CORRENTES;3;OUTRAS DESPESAS CORRENTES;33;PASSAGENS E DESPESAS COM LOCOMOCAO;339033;PASSAGENS E DESPESAS COM LOCOMOCAO;00;RECURSOS PRIMARIOS DE LIVRE APLICACAO;;;;;14,000.00;2,000.00;12,000.00;12,000.00
