AN_ORCAMENTO;CD_UNIDADE_GESTORA;DS_UNIDADE_GESTORA;CD_FUNCAO_ORCAMENTARIA;DS_FUNCAO_ORCAMENTARIA;CD_SUBFUNCAO_ORCAMENTARIA;DS_SUBFUNCAO_ORCAMENTARIA;CD_PROGRAMA_GOVERNO;DS_PROGRAMA_GOVERNO;CD_ACAO;DS_ACAO;CD_PLANO_ORCAMENTARIO;DS_PLANO_ORCAMENTARIO;DS_PROGRAMA_TRABALHO;CD_PTRES;CD_PLANO_INTERNO;DS_PLANO_INTERNO;CD_MODALIDADE_APLICACAO;DS_MODALIDADE_APLICACAO;CD_CATEGORIA_ECONOMICA;DS_CATEGORIA_ECONOMICA;CD_GRUPO_DESPESA;DS_GRUPO_DESPESA;CD_ELEMENTO_DESPESA;DS_ELEMENTO_DESPESA;CD_NATUREZA_DESPESA;DS_NATUREZA_DESPESA;CD_FONTE_RECURSO;DS_FONTE_RECURSO;VL_DOTACAO_INICIAL;VL_DOTACAO_SUPLEMENTAR;VL_DOTACAO_DISPONIVEL;VL_CREDITO_BLOQUEADO;VL_DESPESAS_EMPENHADAS;VL_EM_A_LIQUIDAR;VL_EM_LIQUIDADO;VL_DESPESAS_PAGAS
2020;113204;COMISSAO NACIONAL DE ENERGIA NUCLEAR-IRD;12;EDUCACAO;364;ENSINO SUPERIOR;5013;EDUCACAO SUPERIOR - GRADUACAO, POS-GRADUACAO, ENSINO, PESQUI;0487;CONCESSAO DE BOLSAS DE ESTUDO NO ENSINO SUPERIOR;0002;CONCESSAO DE BOLSAS DE ESTUDO NO PAIS;12364501304870001;170062;OCCCUO9414N;BF SUPERIOR - PROAP;90;APLICACOES DIRETAS;3;DESPESAS CORRENTES;3;OUTRAS DESPESAS CORRENTES;18;AUXILIO FINANCEIRO A ESTUDANTES;339018;AUXILIO FINANCEIRO A ESTUDANTES;00;RECURSOS PRIMARIOS DE LIVRE APLICACAO;;;;;24,000.00;0.00;24,000.00;24,000.00
2020;113205;COMISSAO NACIONAL DE ENERGIA NUCLEAR-CDTN;12;EDUCACAO;364;ENSINO SUPERIOR;5013;EDUCACAO SUPERIOR - GRADUACAO, POS-GRADUACAO, ENSINO, PESQUI;0487;CONCESSAO DE BOLSAS DE ESTUDO NO ENSINO SUPERIOR;0002;CONCESSAO DE BOLSAS DE ESTUDO NO PAIS;12364501304870001;170062;OCCCUO9414N;BF SUPERIOR - PROAP;90;APLICACOES DIRETAS;3;DESPESAS CORRENTES;3;OUTRAS DESPESAS CORRENTES;30;MATERIAL DE CONSUMO;339030;MATERIAL DE CONSUMO;00;RECURSOS PRIMARIOS DE LIVRE APLICACAO;;;;;56,738.64;7,520.41;29,325.23;27,634.23
2020;113205;COMISSAO NACIONAL DE ENERGIA NUCLEAR-CDTN;12;EDUCACAO;364;ENSINO SUPERIOR;5013;EDUCACAO SUPERIOR - GRADUACAO, POS-GRADUACAO, ENSINO, PESQUI;0487;CONCESSAO DE BOLSAS DE ESTUDO NO ENSINO SUPERIOR;0002;CONCESSAO DE BOLSAS DE ESTUDO NO PAIS;12364501304870001;170062;OCCCUO9414N;BF SUPERIOR - PROAP;90;APLICACOES DIRETAS;3;DESPESAS CORRENTES;3;OUTRAS DESPESAS CORRENTES;39;OUTROS SERVICOS DE TERCEIROS PJ - OP.INT.ORC.;339039;OUTROS SERVICOS DE TERCEIROS - PESSOA JURIDICA;00;RECURSOS PRIMARIOS DE LIVRE APLICACAO;;;;;25,640.01;0.00;;
2020;113205;COMISSAO NACIONAL DE ENERGIA NUCLEAR-CDTN;12;EDUCACAO;364;ENSINO SUPERIOR;5013;EDUCACAO SUPERIOR - GRADUACAO, POS-GRADUACAO, ENSINO, PESQUI;0487;CONCESSAO DE BOLSAS DE ESTUDO NO ENSINO SUPERIOR;0002;CONCESSAO DE BOLSAS DE ESTUDO NO PAIS;12364501304870001;170062;OCCCUO9414N;BF SUPERIOR - PROAP;90;APLICACOES DIRETAS;3;DESPESAS CORRENTES;3;OUTRAS DESPESAS CORRENTES;40;SERVICOS DE TECNOLOGIA DA INFORMACAO E COMUNICACAO - PJ;339040;SERVICOS DE TECNOLOGIA DA INFORMACAO E COMUNICACAO - PJ;00;RECURSOS PRIMARIOS DE LIVRE APLICACAO;;;;;152,063.64;0.00;;
2020;114601;FUNDACAO IBGE-ADMINISTRACAO CENTRAL/RJ;12;EDUCACAO;364;ENSINO SUPERIOR;5013;EDUCACAO SUPERIOR - GRADUACAO, POS-GRADUACAO, ENSINO, PESQUI;0487;CONCESSAO DE BOLSAS DE ESTUDO NO ENSINO SUPERIOR;0002;CONCESSAO DE BOLSAS DE ESTUDO NO PAIS;12364501304870001;170062;OCCCUO9414N;BF SUPERIOR - PROAP;90;APLICACOES DIRETAS;3;DESPESAS CORRENTES;3;OUTRAS DESPESAS CORRENTES;93;INDENIZACOES E RESTITUICOES;339093;INDENIZACOES E RESTITUICOES;00;RECURSOS PRIMARIOS DE LIVRE APLICACAO;;;;;4,916.80;1,229.20;3,687.60;3,687.60
2020;120016;GRUPAMENTO DE APOIO DE S J CAMPOS;12;EDUCACAO;364;ENSINO SUPERIOR;5013;EDUCACAO SUPERIOR - GRADUACAO, POS-GRADUACAO, ENSINO, PESQUI;0487;CONCESSAO DE BOLSAS DE ESTUDO NO ENSINO SUPERIOR;0002;CONCESSAO DE BOLSAS DE ESTUDO NO PAIS;12364501304870001;170062;OCCCUO9414N;BF SUPERIOR - PROAP;90;APLICACOES DIRETAS;3;DESPESAS CORRENTES;3;OUTRAS DESPESAS CORRENTES;14;DIARIAS - PESSOAL CIVIL;339014;DIARIAS - PESSOAL CIVIL;00;RECURSOS PRIMARIOS DE LIVRE APLICACAO;;;;;31,487.42;31,487.42;;
2020;120016;GRUPAMENTO DE APOIO DE S J CAMPOS;12;EDUCACAO;364;ENSINO SUPERIOR;5013;EDUCACAO SUPERIOR - GRADUACAO, POS-GRADUACAO, ENSINO, PESQUI;0487;CONCESSAO DE BOLSAS DE ESTUDO NO ENSINO SUPERIOR;0002;CONCESSAO DE BOLSAS DE ESTUDO NO PAIS;12364501304870001;170062;OCCCUO9414N;BF SUPERIOR - PROAP;90;APLICACOES DIRETAS;3;DESPESAS CORRENTES;3;OUTRAS DESPESAS CORRENTES;33;PASSAGENS E DESPESAS COM LOCOMOCAO;339033;PASSAGENS E DESPESAS COM LOCOMOCAO;00;RECURSOS PRIMARIOS DE LIVRE APLICACAO;;;;;148,295.16;57,811.20;5,966.76;
2020;120016;GRUPAMENTO DE APOIO DE S J CAMPOS;12;EDUCACAO;364;ENSINO SUPERIOR;5013;EDUCACAO SUPERIOR - GRADUACAO, POS-GRADUACAO, ENSINO, PESQUI;0487;CONCESSAO DE BOLSAS DE ESTUDO NO ENSINO SUPERIOR;0002;CONCESSAO DE BOLSAS DE ESTUDO NO PAIS;12364501304870001;170062;OCCCUO9414N;BF SUPERIOR - PROAP;90;APLICACOES DIRETAS;3;DESPESAS CORRENTES;3;OUTRAS DESPESAS CORRENTES;36;OUTROS SERVICOS DE TERCEIROS - P.FISICA;339036;OUTROS SERVICOS DE TERCEIROS - PESSOA FISICA;00;RECURSOS PRIMARIOS DE LIVRE APLICACAO;;;;;19,389.92;19,389.92;;
2020;120016;GRUPAMENTO DE APOIO DE S J CAMPOS;12;EDUCACAO;364;ENSINO SUPERIOR;5013;EDUCACAO SUPERIOR - GRADUACAO, POS-GRADUACAO, ENSINO, PESQUI;0487;CONCESSAO DE BOLSAS DE ESTUDO NO ENSINO SUPERIOR;0002;CONCESSAO DE BOLSAS DE ESTUDO NO PAIS;12364501304870001;170062;OCCCUO9414N;BF SUPERIOR - PROAP;90;APLICACOES DIRETAS;3;DESPESAS CORRENTES;3;OUTRAS DESPESAS CORRENTES;93;INDENIZACOES E RESTITUICOES;339093;INDENIZACOES E RESTITUICOES;00;RECURSOS PRIMARIOS DE LIVRE APLICACAO;;;;;794,401.80;198,600.45;;
2020;150002;SUBSECRETARIA DE ASSUNTOS ADMINISTRATIVOS/MEC;12;EDUCACAO;122;ADMINISTRACAO GERAL;0032;PROGRAMA DE GESTAO E MANUTENCAO DO PODER EXECUTIVO;2000;ADMINISTRACAO DA UNIDADE;0002;ORGANIZACAO E INOVACAO INSTITUCIONAL E SERVICOS GERAIS;12122003220000053;170061;VCC80N99GAN;ADMINISTRACAO CAPES -DGES;90;APLICACOES DIRETAS;3;DESPESAS CORRENTES;3;OUTRAS DESPESAS CORRENTES;39;OUTROS SERVICOS DE TERCEIROS PJ - OP.INT.ORC.;339039;OUTROS SERVICOS DE TERCEIROS - PESSOA JURIDICA;00;RECURSOS PRIMARIOS DE LIVRE APLICACAO;;;;;5,784,000.00;951,822.18;4,815,692.46;4,815,692.46
2020;150002;SUBSECRETARIA DE ASSUNTOS ADMINISTRATIVOS/MEC;12;EDUCACAO;122;ADMINISTRACAO GERAL;0032;PROGRAMA DE GESTAO E MANUTENCAO DO PODER EXECUTIVO;2000;ADMINISTRACAO DA UNIDADE;RO02;ORGANIZACAO E INOVACAO INSTITUCIONAL E SERVICOS GERAIS (REGRA DE OURO);12122003220000053;190200;VCC80N99GAN;ADMINISTRACAO CAPES -DGES;90;APLICACOES DIRETAS;3;DESPESAS CORRENTES;3;OUTRAS DESPESAS CORRENTES;39;OUTROS SERVICOS DE TERCEIROS PJ - OP.INT.ORC.;339039;OUTROS SERVICOS DE TERCEIROS - PESSOA JURIDICA;44;TITULOS DE RESPONSAB.DO TN-OUTRAS APLICACOES;;;;;1,557,746.00;754,388.14;575,797.72;575,797.72
2020;150148;UTFPR - CAMPUS LONDRINA;12;EDUCACAO;364;ENSINO SUPERIOR;5013;EDUCACAO SUPERIOR - GRADUACAO, POS-GRADUACAO, ENSINO, PESQUI;0487;CONCESSAO DE BOLSAS DE ESTUDO NO ENSINO SUPERIOR;0002;CONCESSAO DE BOLSAS DE ESTUDO NO PAIS;12364501304870001;170062;OCCCUO9414N;BF SUPERIOR - PROAP;90;APLICACOES DIRETAS;3;DESPESAS CORRENTES;3;OUTRAS DESPESAS CORRENTES;30;MATERIAL DE CONSUMO;339030;MATERIAL DE CONSUMO;00;RECURSOS PRIMARIOS DE LIVRE APLICACAO;;;;;14,985.62;1,286.60;5,131.02;3,859.80
2020;150148;UTFPR - CAMPUS LONDRINA;12;EDUCACAO;364;ENSINO SUPERIOR;5013;EDUCACAO SUPERIOR - GRADUACAO, POS-GRADUACAO, ENSINO, PESQUI;0487;CONCESSAO DE BOLSAS DE ESTUDO NO ENSINO SUPERIOR;0002;CONCESSAO DE BOLSAS DE ESTUDO NO PAIS;12364501304870001;170062;OCCCUO9414N;BF SUPERIOR - PROAP;90;APLICACOES DIRETAS;3;DESPESAS CORRENTES;3;OUTRAS DESPESAS CORRENTES;39;OUTROS SERVICOS DE TERCEIROS PJ - OP.INT.ORC.;339039;OUTROS SERVICOS DE TERCEIROS - PESSOA JURIDICA;00;RECURSOS PRIMARIOS DE LIVRE APLICACAO;;;;;23,782.00;8,191.00;;
2020;150149;CAMPUS APUCARANA;12;EDUCACAO;364;ENSINO SUPERIOR;5013;EDUCACAO SUPERIOR - GRADUACAO, POS-GRADUACAO, ENSINO, PESQUI;0487;CONCESSAO DE BOLSAS DE ESTUDO NO ENSINO SUPERIOR;0002;CONCESSAO DE BOLSAS DE ESTUDO NO PAIS;12364501304870001;170062;OCCCUO9414N;BF SUPERIOR - PROAP;90;APLICACOES DIRETAS;3;DESPESAS CORRENTES;3;OUTRAS DESPESAS CORRENTES;30;MATERIAL DE CONSUMO;339030;MATERIAL DE CONSUMO;00;RECURSOS PRIMARIOS DE LIVRE APLICACAO;;;;;46,380.14;14,012.84;19,602.96;19,602.96
2020;150149;CAMPUS APUCARANA;12;EDUCACAO;364;ENSINO SUPERIOR;5013;EDUCACAO SUPERIOR - GRADUACAO, POS-GRADUACAO, ENSINO, PESQUI;0487;CONCESSAO DE BOLSAS DE ESTUDO NO ENSINO SUPERIOR;0002;CONCESSAO DE BOLSAS DE ESTUDO NO PAIS;12364501304870001;170062;OCCCUO9414N;BF SUPERIOR - PROAP;90;APLICACOES DIRETAS;3;DESPESAS CORRENTES;3;OUTRAS DESPESAS CORRENTES;39;OUTROS SERVICOS DE TERCEIROS PJ - OP.INT.ORC.;339039;OUTROS SERVICOS DE TERCEIROS - PESSOA JURIDICA;00;RECURSOS PRIMARIOS DE LIVRE APLICACAO;;;;;3,600.00;900.00;;
2020;150150;UTFPR - CAMPUS TOLEDO;12;EDUCACAO;364;ENSINO SUPERIOR;5013;EDUCACAO SUPERIOR - GRADUACAO, POS-GRADUACAO, ENSINO, PESQUI;0487;CONCESSAO DE BOLSAS DE ESTUDO NO ENSINO SUPERIOR;0002;CONCESSAO DE BOLSAS DE ESTUDO NO PAIS;12364501304870001;170062;OCCCUO9414N;BF SUPERIOR - PROAP;90;APLICACOES DIRETAS;3;DESPESAS CORRENTES;3;OUTRAS DESPESAS CORRENTES;30;MATERIAL DE CONSUMO;339030;MATERIAL DE CONSUMO;00;RECURSOS PRIMARIOS DE LIVRE APLICACAO;;;;;44,184.44;11,321.58;12,488.69;11,838.69
2020;150151;UTFPR- CAMPUS FRANCISCO BELTRAO;12;EDUCACAO;364;ENSINO SUPERIOR;5013;EDUCACAO SUPERIOR - GRADUACAO, POS-GRADUACAO, ENSINO, PESQUI;0487;CONCESSAO DE BOLSAS DE ESTUDO NO ENSINO SUPERIOR;0002;CONCESSAO DE BOLSAS DE ESTUDO NO PAIS;12364501304870001;170062;OCCCUO9414N;BF SUPERIOR - PROAP;90;APLICACOES DIRETAS;3;DESPESAS CORRENTES;3;OUTRAS DESPESAS CORRENTES;30;MATERIAL DE CONSUMO;339030;MATERIAL DE CONSUMO;00;RECURSOS PRIMARIOS DE LIVRE APLICACAO;;;;;49,507.96;13,441.43;36,066.53;36,024.53
2020;150151;UTFPR- CAMPUS FRANCISCO BELTRAO;12;EDUCACAO;364;ENSINO SUPERIOR;5013;EDUCACAO SUPERIOR - GRADUACAO, POS-GRADUACAO, ENSINO, PESQUI;0487;CONCESSAO DE BOLSAS DE ESTUDO NO ENSINO SUPERIOR;0002;CONCESSAO DE BOLSAS DE ESTUDO NO PAIS;12364501304870001;170062;OCCCUO9414N;BF SUPERIOR - PROAP;90;APLICACOES DIRETAS;3;DESPESAS CORRENTES;3;OUTRAS DESPESAS CORRENTES;39;OUTROS SERVICOS DE TERCEIROS PJ - OP.INT.ORC.;339039;OUTROS SERVICOS DE TERCEIROS - PESSOA JURIDICA;00;RECURSOS PRIMARIOS DE LIVRE APLICACAO;;;;;3,696.00;924.00;;
2020;150182;PRO-REITORIA DE ADMINISTRACAO/UFF;12;EDUCACAO;364;ENSINO SUPERIOR;5013;EDUCACAO SUPERIOR - GRADUACAO, POS-GRADUACAO, ENSINO, PESQUI;0487;CONCESSAO DE BOLSAS DE ESTUDO NO ENSINO SUPERIOR;0002;CONCESSAO DE BOLSAS DE ESTUDO NO PAIS;12364501304870001;170062;OCCCUO9414N;BF SUPERIOR - PROAP;90;APLICACOES DIRETAS;3;DESPESAS CORRENTES;3;OUTRAS DESPESAS CORRENTES;39;OUTROS SERVICOS DE TERCEIROS PJ - OP.INT.ORC.;339039;OUTROS SERVICOS DE TERCEIROS - PESSOA JURIDICA;00;RECURSOS PRIMARIOS DE LIVRE APLICACAO;;;;;1,338,120.00;0.00;;
2020;152737;CAMPUS DE MACAE DA UFRJ;12;EDUCACAO;364;ENSINO SUPERIOR;5013;EDUCACAO SUPERIOR - GRADUACAO, POS-GRADUACAO, ENSINO, PESQUI;0487;CONCESSAO DE BOLSAS DE ESTUDO NO ENSINO SUPERIOR;0002;CONCESSAO DE BOLSAS DE ESTUDO NO PAIS;12364501304870001;170062;OCCCUO9414N;BF SUPERIOR - PROAP;90;APLICACOES DIRETAS;3;DESPESAS CORRENTES;3;OUTRAS DESPESAS CORRENTES;30;MATERIAL DE CONSUMO;339030;MATERIAL DE CONSUMO;00;RECURSOS PRIMARIOS DE LIVRE APLICACAO;;;;;14,955.06;0.00;;
2020;153010;CENTRO FED.DE EDUC.TECNOL.CELSO S.DA FONSECA;12;EDUCACAO;364;ENSINO SUPERIOR;5013;EDUCACAO SUPERIOR - GRADUACAO, POS-GRADUACAO, ENSINO, PESQUI;0487;CONCESSAO DE BOLSAS DE ESTUDO NO ENSINO SUPERIOR;0002;CONCESSAO DE BOLSAS DE ESTUDO NO PAIS;12364501304870001;170062;OCCCUO9414N;BF SUPERIOR - PROAP;90;APLICACOES DIRETAS;3;DESPESAS CORRENTES;3;OUTRAS DESPESAS CORRENTES;39;OUTROS SERVICOS DE TERCEIROS PJ - OP.INT.ORC.;339039;OUTROS SERVICOS DE TERCEIROS - PESSOA JURIDICA;00;RECURSOS PRIMARIOS DE LIVRE APLICACAO;;;;1,450.00;6,250.00;1,700.00;3,050.00;2,700.00
2020;153015;CENTRO FEDERAL DE EDUCACAO TECNOLOGICA DE MG;12;EDUCACAO;364;ENSINO SUPERIOR;5013;EDUCACAO SUPERIOR - GRADUACAO, POS-GRADUACAO, ENSINO, PESQUI;0487;CONCESSAO DE BOLSAS DE ESTUDO NO ENSINO SUPERIOR;0002;CONCESSAO DE BOLSAS DE ESTUDO NO PAIS;12364501304870001;170062;OCCCUO9414N;BF SUPERIOR - PROAP;90;APLICACOES DIRETAS;3;DESPESAS CORRENTES;3;OUTRAS DESPESAS CORRENTES;14;DIARIAS - PESSOAL CIVIL;339014;DIARIAS - PESSOAL CIVIL;00;RECURSOS PRIMARIOS DE LIVRE APLICACAO;;;;;84,780.45;84,780.45;;
2020;153015;CENTRO FEDERAL DE EDUCACAO TECNOLOGICA DE MG;12;EDUCACAO;364;ENSINO SUPERIOR;5013;EDUCACAO SUPERIOR - GRADUACAO, POS-GRADUACAO, ENSINO, PESQUI;0487;CONCESSAO DE BOLSAS DE ESTUDO NO ENSINO SUPERIOR;0002;CONCESSAO DE BOLSAS DE ESTUDO NO PAIS;12364501304870001;170062;OCCCUO9414N;BF SUPERIOR - PROAP;90;APLICACOES DIRETAS;3;DESPESAS CORRENTES;3;OUTRAS DESPESAS CORRENTES;18;AUXILIO FINANCEIRO A ESTUDANTES;339018;AUXILIO FINANCEIRO A ESTUDANTES;00;RECURSOS PRIMARIOS DE LIVRE APLICACAO;;;;;46,186.66;1,120.00;45,066.66;38,079.65
2020;153015;CENTRO FEDERAL DE EDUCACAO TECNOLOGICA DE MG;12;EDUCACAO;364;ENSINO SUPERIOR;5013;EDUCACAO SUPERIOR - GRADUACAO, POS-GRADUACAO, ENSINO, PESQUI;0487;CONCESSAO DE BOLSAS DE ESTUDO NO ENSINO SUPERIOR;0002;CONCESSAO DE BOLSAS DE ESTUDO NO PAIS;12364501304870001;170062;OCCCUO9414N;BF SUPERIOR - PROAP;90;APLICACOES DIRETAS;3;DESPESAS CORRENTES;3;OUTRAS DESPESAS CORRENTES;30;MATERIAL DE CONSUMO;339030;MATERIAL DE CONSUMO;00;RECURSOS PRIMARIOS DE LIVRE APLICACAO;;;;;50,488.85;1,255.40;8,122.62;7,346.16
2020;153015;CENTRO FEDERAL DE EDUCACAO TECNOLOGICA DE MG;12;EDUCACAO;364;ENSINO SUPERIOR;5013;EDUCACAO SUPERIOR - GRADUACAO, POS-GRADUACAO, ENSINO, PESQUI;0487;CONCESSAO DE BOLSAS DE ESTUDO NO ENSINO SUPERIOR;0002;CONCESSAO DE BOLSAS DE ESTUDO NO PAIS;12364501304870001;170062;OCCCUO9414N;BF SUPERIOR - PROAP;90;APLICACOES DIRETAS;3;DESPESAS CORRENTES;3;OUTRAS DESPESAS CORRENTES;33;PASSAGENS E DESPESAS COM LOCOMOCAO;339033;PASSAGENS E DESPESAS COM LOCOMOCAO;00;RECURSOS PRIMARIOS DE LIVRE APLICACAO;;;;;109,232.80;68,270.50;;
2020;153015;CENTRO FEDERAL DE EDUCACAO TECNOLOGICA DE MG;12;EDUCACAO;364;ENSINO SUPERIOR;5013;EDUCACAO SUPERIOR - GRADUACAO, POS-GRADUACAO, ENSINO, PESQUI;0487;CONCESSAO DE BOLSAS DE ESTUDO NO ENSINO SUPERIOR;0002;CONCESSAO DE BOLSAS DE ESTUDO NO PAIS;12364501304870001;170062;OCCCUO9414N;BF SUPERIOR - PROAP;90;APLICACOES DIRETAS;3;DESPESAS CORRENTES;3;OUTRAS DESPESAS CORRENTES;36;OUTROS SERVICOS DE TERCEIROS - P.FISICA;339036;OUTROS SERVICOS DE TERCEIROS - PESSOA FISICA;00;RECURSOS PRIMARIOS DE LIVRE APLICACAO;;;;;10,000.00;10,000.00;;
2020;153015;CENTRO FEDERAL DE EDUCACAO TECNOLOGICA DE MG;12;EDUCACAO;364;ENSINO SUPERIOR;5013;EDUCACAO SUPERIOR - GRADUACAO, POS-GRADUACAO, ENSINO, PESQUI;0487;CONCESSAO DE BOLSAS DE ESTUDO NO ENSINO SUPERIOR;0002;CONCESSAO DE BOLSAS DE ESTUDO NO PAIS;12364501304870001;170062;OCCCUO9414N;BF SUPERIOR - PROAP;90;APLICACOES DIRETAS;3;DESPESAS CORRENTES;3;OUTRAS DESPESAS CORRENTES;39;OUTROS SERVICOS DE TERCEIROS PJ - OP.INT.ORC.;339039;OUTROS SERVICOS DE TERCEIROS - PESSOA JURIDICA;00;RECURSOS PRIMARIOS DE LIVRE APLICACAO;;;;;117,773.26;18,882.00;16,000.00;16,000.00
2020;153015;CENTRO FEDERAL DE EDUCACAO TECNOLOGICA DE MG;12;EDUCACAO;364;ENSINO SUPERIOR;5013;EDUCACAO SUPERIOR - GRADUACAO, POS-GRADUACAO, ENSINO, PESQUI;0487;CONCESSAO DE BOLSAS DE ESTUDO NO ENSINO SUPERIOR;0002;CONCESSAO DE BOLSAS DE ESTUDO NO PAIS;12364501304870001;170062;OCCCUO9414N;BF SUPERIOR - PROAP;90;APLICACOES DIRETAS;3;DESPESAS CORRENTES;3;OUTRAS DESPESAS CORRENTES;92;DESPESAS DE EXERCICIOS ANTERIORES;339092;DESPESAS DE EXERCICIOS ANTERIORES;00;RECURSOS PRIMARIOS DE LIVRE APLICACAO;;;;;5,250.00;0.00;5,250.00;4,500.00
2020;153015;CENTRO FEDERAL DE EDUCACAO TECNOLOGICA DE MG;12;EDUCACAO;364;ENSINO SUPERIOR;5013;EDUCACAO SUPERIOR - GRADUACAO, POS-GRADUACAO, ENSINO, PESQUI;0487;CONCESSAO DE BOLSAS DE ESTUDO NO ENSINO SUPERIOR;0002;CONCESSAO DE BOLSAS DE ESTUDO NO PAIS;12364501304870001;170062;OCCCUO9414N;BF SUPERIOR - PROAP;90;APLICACOES DIRETAS;3;DESPESAS CORRENTES;3;OUTRAS DESPESAS CORRENTES;93;INDENIZACOES E RESTITUICOES;339093;INDENIZACOES E RESTITUICOES;00;RECURSOS PRIMARIOS DE LIVRE APLICACAO;;;;;22,006.76;5,000.00;17,006.76;15,041.79
2020;153015;CENTRO FEDERAL DE EDUCACAO TECNOLOGICA DE MG;12;EDUCACAO;368;EDUCACAO BASICA;5011;EDUCACAO BASICA DE QUALIDADE;20RJ;APOIO A CAPACITACAO E FORMACAO INICIAL E CONTINUADA PARA A E;0004;EDUCACAO BASICA A DISTANCIA - SISTEMA UNIVERSIDADE ABERTA DO BRASIL (UAB);12368501120RJ0001;186018;QCC62T58MAN;UAB - UAB PROFMAT;90;APLICACOES DIRETAS;3;DESPESAS CORRENTES;3;OUTRAS DESPESAS CORRENTES;18;AUXILIO FINANCEIRO A ESTUDANTES;339018;AUXILIO FINANCEIRO A ESTUDANTES;00;RECURSOS PRIMARIOS DE LIVRE APLICACAO;;;;;200.00;0.00;200.00;200.00
2020;153019;UNIVERSIDADE TECNOLOGICA FEDERAL DO PARANA;12;EDUCACAO;364;ENSINO SUPERIOR;5013;EDUCACAO SUPERIOR - GRADUACAO, POS-GRADUACAO, ENSINO, PESQUI;0487;CONCESSAO DE BOLSAS DE ESTUDO NO ENSINO SUPERIOR;0002;CONCESSAO DE BOLSAS DE ESTUDO NO PAIS;12364501304870001;170062;OCCCUO9414N;BF SUPERIOR - PROAP;90;APLICACOES DIRETAS;3;DESPESAS CORRENTES;3;OUTRAS DESPESAS CORRENTES;30;MATERIAL DE CONSUMO;339030;MATERIAL DE CONSUMO;00;RECURSOS PRIMARIOS DE LIVRE APLICACAO;;;;;25,649.96;0.00;25,649.96;20,149.96
2020;153028;UNIVERSIDADE FEDERAL DE ALFENAS;12;EDUCACAO;364;ENSINO SUPERIOR;5013;EDUCACAO SUPERIOR - GRADUACAO, POS-GRADUACAO, ENSINO, PESQUI;0487;CONCESSAO DE BOLSAS DE ESTUDO NO ENSINO SUPERIOR;0002;CONCESSAO DE BOLSAS DE ESTUDO NO PAIS;12364501304870001;170062;OCCCUO9414N;BF SUPERIOR - PROAP;90;APLICACOES DIRETAS;3;DESPESAS CORRENTES;3;OUTRAS DESPESAS CORRENTES;14;DIARIAS - PESSOAL CIVIL;339014;DIARIAS - PESSOAL CIVIL;00;RECURSOS PRIMARIOS DE LIVRE APLICACAO;;;;;3,574.50;1,950.18;1,624.32;1,624.32
2020;153028;UNIVERSIDADE FEDERAL DE ALFENAS;12;EDUCACAO;364;ENSINO SUPERIOR;5013;EDUCACAO SUPERIOR - GRADUACAO, POS-GRADUACAO, ENSINO, PESQUI;0487;CONCESSAO DE BOLSAS DE ESTUDO NO ENSINO SUPERIOR;0002;CONCESSAO DE BOLSAS DE ESTUDO NO PAIS;12364501304870001;170062;OCCCUO9414N;BF SUPERIOR - PROAP;90;APLICACOES DIRETAS;3;DESPESAS CORRENTES;3;OUTRAS DESPESAS CORRENTES;30;MATERIAL DE CONSUMO;339030;MATERIAL DE CONSUMO;00;RECURSOS PRIMARIOS DE LIVRE APLICACAO;;;;;244,585.78;80,431.49;35,273.00;34,583.00
2020;153028;UNIVERSIDADE FEDERAL DE ALFENAS;12;EDUCACAO;364;ENSINO SUPERIOR;5013;EDUCACAO SUPERIOR - GRADUACAO, POS-GRADUACAO, ENSINO, PESQUI;0487;CONCESSAO DE BOLSAS DE ESTUDO NO ENSINO SUPERIOR;0002;CONCESSAO DE BOLSAS DE ESTUDO NO PAIS;12364501304870001;170062;OCCCUO9414N;BF SUPERIOR - PROAP;90;APLICACOES DIRETAS;3;DESPESAS CORRENTES;3;OUTRAS DESPESAS CORRENTES;36;OUTROS SERVICOS DE TERCEIROS - P.FISICA;339036;OUTROS SERVICOS DE TERCEIROS - PESSOA FISICA;00;RECURSOS PRIMARIOS DE LIVRE APLICACAO;;;;;0.00;0.00;;
2020;153028;UNIVERSIDADE FEDERAL DE ALFENAS;12;EDUCACAO;364;ENSINO SUPERIOR;5013;EDUCACAO SUPERIOR - GRADUACAO, POS-GRADUACAO, ENSINO, PESQUI;0487;CONCESSAO DE BOLSAS DE ESTUDO NO ENSINO SUPERIOR;0002;CONCESSAO DE BOLSAS DE ESTUDO NO PAIS;12364501304870001;170062;OCCCUO9414N;BF SUPERIOR - PROAP;90;APLICACOES DIRETAS;3;DESPESAS CORRENTES;3;OUTRAS DESPESAS CORRENTES;39;OUTROS SERVICOS DE TERCEIROS PJ - OP.INT.ORC.;339039;OUTROS SERVICOS DE TERCEIROS - PESSOA JURIDICA;00;RECURSOS PRIMARIOS DE LIVRE APLICACAO;;;;;47,678.36;12,141.66;10,826.30;10,276.30
2020;153028;UNIVERSIDADE FEDERAL DE ALFENAS;12;EDUCACAO;364;ENSINO SUPERIOR;5013;EDUCACAO SUPERIOR - GRADUACAO, POS-GRADUACAO, ENSINO, PESQUI;0487;CONCESSAO DE BOLSAS DE ESTUDO NO ENSINO SUPERIOR;0002;CONCESSAO DE BOLSAS DE ESTUDO NO PAIS;12364501304870001;170062;OCCCUO9414N;BF SUPERIOR - PROAP;90;APLICACOES DIRETAS;3;DESPESAS CORRENTES;3;OUTRAS DESPESAS CORRENTES;93;INDENIZACOES E RESTITUICOES;339093;INDENIZACOES E RESTITUICOES;00;RECURSOS PRIMARIOS DE LIVRE APLICACAO;;;;;860,785.84;400,934.35;228,888.06;224,032.86
2020;153029;UTFPR - CAMPUS MEDIANEIRA;12;EDUCACAO;364;ENSINO SUPERIOR;5013;EDUCACAO SUPERIOR - GRADUACAO, POS-GRADUACAO, ENSINO, PESQUI;0487;CONCESSAO DE BOLSAS DE ESTUDO NO ENSINO SUPERIOR;0002;CONCESSAO DE BOLSAS DE ESTUDO NO PAIS;12364501304870001;170062;OCCCUO9414N;BF SUPERIOR - PROAP;90;APLICACOES DIRETAS;3;DESPESAS CORRENTES;3;OUTRAS DESPESAS CORRENTES;30;MATERIAL DE CONSUMO;339030;MATERIAL DE CONSUMO;00;RECURSOS PRIMARIOS DE LIVRE APLICACAO;;;;;136,245.51;45,242.74;44,901.02;35,282.09
2020;153029;UTFPR - CAMPUS MEDIANEIRA;12;EDUCACAO;364;ENSINO SUPERIOR;5013;EDUCACAO SUPERIOR - GRADUACAO, POS-GRADUACAO, ENSINO, PESQUI;0487;CONCESSAO DE BOLSAS DE ESTUDO NO ENSINO SUPERIOR;0002;CONCESSAO DE BOLSAS DE ESTUDO NO PAIS;12364501304870001;170062;OCCCUO9414N;BF SUPERIOR - PROAP;90;APLICACOES DIRETAS;3;DESPESAS CORRENTES;3;OUTRAS DESPESAS CORRENTES;39;OUTROS SERVICOS DE TERCEIROS PJ - OP.INT.ORC.;339039;OUTROS SERVICOS DE TERCEIROS - PESSOA JURIDICA;00;RECURSOS PRIMARIOS DE LIVRE APLICACAO;;;;;14,700.00;5,684.00;700.00;700.00
2020;153029;UTFPR - CAMPUS MEDIANEIRA;12;EDUCACAO;368;EDUCACAO BASICA;5011;EDUCACAO BASICA DE QUALIDADE;20RJ;APOIO A CAPACITACAO E FORMACAO INICIAL E CONTINUADA PARA A E;0004;EDUCACAO BASICA A DISTANCIA - SISTEMA UNIVERSIDADE ABERTA DO BRASIL (UAB);12368501120RJ0001;186018;MCC62G22EDN;UAB - UAB TRADICIONAL;90;APLICACOES DIRETAS;3;DESPESAS CORRENTES;3;OUTRAS DESPESAS CORRENTES;36;OUTROS SERVICOS DE TERCEIROS - P.FISICA;339036;OUTROS SERVICOS DE TERCEIROS - PESSOA FISICA;00;RECURSOS PRIMARIOS DE LIVRE APLICACAO;;;;;210,000.00;80,100.00;3,900.00;
2020;153029;UTFPR - CAMPUS MEDIANEIRA;12;EDUCACAO;368;EDUCACAO BASICA;5011;EDUCACAO BASICA DE QUALIDADE;20RJ;APOIO A CAPACITACAO E FORMACAO INICIAL E CONTINUADA PARA A E;0004;EDUCACAO BASICA A DISTANCIA - SISTEMA UNIVERSIDADE ABERTA DO BRASIL (UAB);12368501120RJ0001;186018;MCC62G22EDN;UAB - UAB TRADICIONAL;90;APLICACOES DIRETAS;3;DESPESAS CORRENTES;3;OUTRAS DESPESAS CORRENTES;40;SERVICOS DE TECNOLOGIA DA INFORMACAO E COMUNICACAO - PJ;339040;SERVICOS DE TECNOLOGIA DA INFORMACAO E COMUNICACAO - PJ;00;RECURSOS PRIMARIOS DE LIVRE APLICACAO;;;;;1,005,620.00;331,430.00;67,200.00;67,200.00
2020;153029;UTFPR - CAMPUS MEDIANEIRA;12;EDUCACAO;368;EDUCACAO BASICA;5011;EDUCACAO BASICA DE QUALIDADE;20RJ;APOIO A CAPACITACAO E FORMACAO INICIAL E CONTINUADA PARA A E;0004;EDUCACAO BASICA A DISTANCIA - SISTEMA UNIVERSIDADE ABERTA DO BRASIL (UAB);12368501120RJ0001;186018;QCC62T58QUN;UAB - UAB PROFQUIMICA;90;APLICACOES DIRETAS;3;DESPESAS CORRENTES;3;OUTRAS DESPESAS CORRENTES;30;MATERIAL DE CONSUMO;339030;MATERIAL DE CONSUMO;00;RECURSOS PRIMARIOS DE LIVRE APLICACAO;;;;;30,400.00;7,600.00;;
2020;153030;UNIVERSIDADE FEDERAL DE ITAJUBA;12;EDUCACAO;364;ENSINO SUPERIOR;5013;EDUCACAO SUPERIOR - GRADUACAO, POS-GRADUACAO, ENSINO, PESQUI;0487;CONCESSAO DE BOLSAS DE ESTUDO NO ENSINO SUPERIOR;0002;CONCESSAO DE BOLSAS DE ESTUDO NO PAIS;12364501304870001;170062;OCCCUO9414N;BF SUPERIOR - PROAP;90;APLICACOES DIRETAS;3;DESPESAS CORRENTES;3;OUTRAS DESPESAS CORRENTES;14;DIARIAS - PESSOAL CIVIL;339014;DIARIAS - PESSOAL CIVIL;00;RECURSOS PRIMARIOS DE LIVRE APLICACAO;;;;;57,019.12;57,019.12;;
2020;153030;UNIVERSIDADE FEDERAL DE ITAJUBA;12;EDUCACAO;364;ENSINO SUPERIOR;5013;EDUCACAO SUPERIOR - GRADUACAO, POS-GRADUACAO, ENSINO, PESQUI;0487;CONCESSAO DE BOLSAS DE ESTUDO NO ENSINO SUPERIOR;0002;CONCESSAO DE BOLSAS DE ESTUDO NO PAIS;12364501304870001;170062;OCCCUO9414N;BF SUPERIOR - PROAP;90;APLICACOES DIRETAS;3;DESPESAS CORRENTES;3;OUTRAS DESPESAS CORRENTES;18;AUXILIO FINANCEIRO A ESTUDANTES;339018;AUXILIO FINANCEIRO A ESTUDANTES;00;RECURSOS PRIMARIOS DE LIVRE APLICACAO;;;;;103,363.68;37,337.12;66,026.56;54,607.08
2020;153030;UNIVERSIDADE FEDERAL DE ITAJUBA;12;EDUCACAO;364;ENSINO SUPERIOR;5013;EDUCACAO SUPERIOR - GRADUACAO, POS-GRADUACAO, ENSINO, PESQUI;0487;CONCESSAO DE BOLSAS DE ESTUDO NO ENSINO SUPERIOR;0002;CONCESSAO DE BOLSAS DE ESTUDO NO PAIS;12364501304870001;170062;OCCCUO9414N;BF SUPERIOR - PROAP;90;APLICACOES DIRETAS;3;DESPESAS CORRENTES;3;OUTRAS DESPESAS CORRENTES;20;AUXILIO FINANCEIRO A PESQUISADORES;339020;AUXILIO FINANCEIRO A PESQUISADORES;00;RECURSOS PRIMARIOS DE LIVRE APLICACAO;;;;;50,000.00;50,000.00;;
2020;153030;UNIVERSIDADE FEDERAL DE ITAJUBA;12;EDUCACAO;364;ENSINO SUPERIOR;5013;EDUCACAO SUPERIOR - GRADUACAO, POS-GRADUACAO, ENSINO, PESQUI;0487;CONCESSAO DE BOLSAS DE ESTUDO NO ENSINO SUPERIOR;0002;CONCESSAO DE BOLSAS DE ESTUDO NO PAIS;12364501304870001;170062;OCCCUO9414N;BF SUPERIOR - PROAP;90;APLICACOES DIRETAS;3;DESPESAS CORRENTES;3;OUTRAS DESPESAS CORRENTES;30;MATERIAL DE CONSUMO;339030;MATERIAL DE CONSUMO;00;RECURSOS PRIMARIOS DE LIVRE APLICACAO;;;;;370,509.86;125,869.54;42,506.23;40,047.33
2020;153030;UNIVERSIDADE FEDERAL DE ITAJUBA;12;EDUCACAO;364;ENSINO SUPERIOR;5013;EDUCACAO SUPERIOR - GRADUACAO, POS-GRADUACAO, ENSINO, PESQUI;0487;CONCESSAO DE BOLSAS DE ESTUDO NO ENSINO SUPERIOR;0002;CONCESSAO DE BOLSAS DE ESTUDO NO PAIS;12364501304870001;170062;OCCCUO9414N;BF SUPERIOR - PROAP;90;APLICACOES DIRETAS;3;DESPESAS CORRENTES;3;OUTRAS DESPESAS CORRENTES;36;OUTROS SERVICOS DE TERCEIROS - P.FISICA;339036;OUTROS SERVICOS DE TERCEIROS - PESSOA FISICA;00;RECURSOS PRIMARIOS DE LIVRE APLICACAO;;;;;20,000.00;20,000.00;;
2020;153030;UNIVERSIDADE FEDERAL DE ITAJUBA;12;EDUCACAO;364;ENSINO SUPERIOR;5013;EDUCACAO SUPERIOR - GRADUACAO, POS-GRADUACAO, ENSINO, PESQUI;0487;CONCESSAO DE BOLSAS DE ESTUDO NO ENSINO SUPERIOR;0002;CONCESSAO DE BOLSAS DE ESTUDO NO PAIS;12364501304870001;170062;OCCCUO9414N;BF SUPERIOR - PROAP;90;APLICACOES DIRETAS;3;DESPESAS CORRENTES;3;OUTRAS DESPESAS CORRENTES;39;OUTROS SERVICOS DE TERCEIROS PJ - OP.INT.ORC.;339039;OUTROS SERVICOS DE TERCEIROS - PESSOA JURIDICA;00;RECURSOS PRIMARIOS DE LIVRE APLICACAO;;;;;727,992.82;42,154.00;126,533.82;121,940.72
2020;153030;UNIVERSIDADE FEDERAL DE ITAJUBA;12;EDUCACAO;364;ENSINO SUPERIOR;5013;EDUCACAO SUPERIOR - GRADUACAO, POS-GRADUACAO, ENSINO, PESQUI;0487;CONCESSAO DE BOLSAS DE ESTUDO NO ENSINO SUPERIOR;0002;CONCESSAO DE BOLSAS DE ESTUDO NO PAIS;12364501304870001;170062;OCCCUO9414N;BF SUPERIOR - PROAP;90;APLICACOES DIRETAS;3;DESPESAS CORRENTES;3;OUTRAS DESPESAS CORRENTES;40;SERVICOS DE TECNOLOGIA DA INFORMACAO E COMUNICACAO - PJ;339040;SERVICOS DE TECNOLOGIA DA INFORMACAO E COMUNICACAO - PJ;00;RECURSOS PRIMARIOS DE LIVRE APLICACAO;;;;;215,880.00;45,660.00;33,240.00;33,240.00
2020;153030;UNIVERSIDADE FEDERAL DE ITAJUBA;12;EDUCACAO;364;ENSINO SUPERIOR;5013;EDUCACAO SUPERIOR - GRADUACAO, POS-GRADUACAO, ENSINO, PESQUI;0487;CONCESSAO DE BOLSAS DE ESTUDO NO ENSINO SUPERIOR;0002;CONCESSAO DE BOLSAS DE ESTUDO NO PAIS;12364501304870001;170062;OCCCUO9414N;BF SUPERIOR - PROAP;90;APLICACOES DIRETAS;3;DESPESAS CORRENTES;3;OUTRAS DESPESAS CORRENTES;93;INDENIZACOES E RESTITUICOES;339093;INDENIZACOES E RESTITUICOES;00;RECURSOS PRIMARIOS DE LIVRE APLICACAO;;;;;258,680.21;14,000.00;244,680.21;238,615.92
2020;153031;UNIFESP-UNIVERSIDADE FEDERAL DE SAO PAULO;12;EDUCACAO;364;ENSINO SUPERIOR;5013;EDUCACAO SUPERIOR - GRADUACAO, POS-GRADUACAO, ENSINO, PESQUI;0487;CONCESSAO DE BOLSAS DE ESTUDO NO ENSINO SUPERIOR;0002;CONCESSAO DE BOLSAS DE ESTUDO NO PAIS;12364501304870001;170062;OCCCUO9414N;BF SUPERIOR - PROAP;90;APLICACOES DIRETAS;3;DESPESAS CORRENTES;3;OUTRAS DESPESAS CORRENTES;18;AUXILIO FINANCEIRO A ESTUDANTES;339018;AUXILIO FINANCEIRO A ESTUDANTES;00;RECURSOS PRIMARIOS DE LIVRE APLICACAO;;;;;19,200.00;9,600.00;9,600.00;9,600.00
2020;153031;UNIFESP-UNIVERSIDADE FEDERAL DE SAO PAULO;12;EDUCACAO;364;ENSINO SUPERIOR;5013;EDUCACAO SUPERIOR - GRADUACAO, POS-GRADUACAO, ENSINO, PESQUI;0487;CONCESSAO DE BOLSAS DE ESTUDO NO ENSINO SUPERIOR;0002;CONCESSAO DE BOLSAS DE ESTUDO NO PAIS;12364501304870001;170062;OCCCUO9414N;BF SUPERIOR - PROAP;90;APLICACOES DIRETAS;3;DESPESAS CORRENTES;3;OUTRAS DESPESAS CORRENTES;20;AUXILIO FINANCEIRO A PESQUISADORES;339020;AUXILIO FINANCEIRO A PESQUISADORES;00;RECURSOS PRIMARIOS DE LIVRE APLICACAO;;;;;33,280.00;10,720.00;22,560.00;22,560.00
2020;153031;UNIFESP-UNIVERSIDADE FEDERAL DE SAO PAULO;12;EDUCACAO;364;ENSINO SUPERIOR;5013;EDUCACAO SUPERIOR - GRADUACAO, POS-GRADUACAO, ENSINO, PESQUI;0487;CONCESSAO DE BOLSAS DE ESTUDO NO ENSINO SUPERIOR;0002;CONCESSAO DE BOLSAS DE ESTUDO NO PAIS;12364501304870001;170062;OCCCUO9414N;BF SUPERIOR - PROAP;90;APLICACOES DIRETAS;3;DESPESAS CORRENTES;3;OUTRAS DESPESAS CORRENTES;30;MATERIAL DE CONSUMO;339030;MATERIAL DE CONSUMO;00;RECURSOS PRIMARIOS DE LIVRE APLICACAO;;;;;6,914,346.43;2,182,981.60;1,853,950.62;1,770,992.11
2020;153031;UNIFESP-UNIVERSIDADE FEDERAL DE SAO PAULO;12;EDUCACAO;364;ENSINO SUPERIOR;5013;EDUCACAO SUPERIOR - GRADUACAO, POS-GRADUACAO, ENSINO, PESQUI;0487;CONCESSAO DE BOLSAS DE ESTUDO NO ENSINO SUPERIOR;0002;CONCESSAO DE BOLSAS DE ESTUDO NO PAIS;12364501304870001;170062;OCCCUO9414N;BF SUPERIOR - PROAP;90;APLICACOES DIRETAS;3;DESPESAS CORRENTES;3;OUTRAS DESPESAS CORRENTES;33;PASSAGENS E DESPESAS COM LOCOMOCAO;339033;PASSAGENS E DESPESAS COM LOCOMOCAO;00;RECURSOS PRIMARIOS DE LIVRE APLICACAO;;;;;285,030.07;111,613.72;;
2020;153031;UNIFESP-UNIVERSIDADE FEDERAL DE SAO PAULO;12;EDUCACAO;364;ENSINO SUPERIOR;5013;EDUCACAO SUPERIOR - GRADUACAO, POS-GRADUACAO, ENSINO, PESQUI;0487;CONCESSAO DE BOLSAS DE ESTUDO NO ENSINO SUPERIOR;0002;CONCESSAO DE BOLSAS DE ESTUDO NO PAIS;12364501304870001;170062;OCCCUO9414N;BF SUPERIOR - PROAP;90;APLICACOES DIRETAS;3;DESPESAS CORRENTES;3;OUTRAS DESPESAS CORRENTES;39;OUTROS SERVICOS DE TERCEIROS PJ - OP.INT.ORC.;339039;OUTROS SERVICOS DE TERCEIROS - PESSOA JURIDICA;00;RECURSOS PRIMARIOS DE LIVRE APLICACAO;;;;;1,895,501.01;694,384.09;609,387.17;562,291.33
2020;153031;UNIFESP-UNIVERSIDADE FEDERAL DE SAO PAULO;12;EDUCACAO;368;EDUCACAO BASICA;5011;EDUCACAO BASICA DE QUALIDADE;20RJ;APOIO A CAPACITACAO E FORMACAO INICIAL E CONTINUADA PARA A E;0004;EDUCACAO BASICA A DISTANCIA - SISTEMA UNIVERSIDADE ABERTA DO BRASIL (UAB);12368501120RJ0001;186018;MCC62G22EDN;UAB - UAB TRADICIONAL;90;APLICACOES DIRETAS;3;DESPESAS CORRENTES;3;OUTRAS DESPESAS CORRENTES;39;OUTROS SERVICOS DE TERCEIROS PJ - OP.INT.ORC.;339039;OUTROS SERVICOS DE TERCEIROS - PESSOA JURIDICA;00;RECURSOS PRIMARIOS DE LIVRE APLICACAO;;;;;2,135,250.00;0.00;;
2020;153031;UNIFESP-UNIVERSIDADE FEDERAL DE SAO PAULO;12;EDUCACAO;368;EDUCACAO BASICA;5011;EDUCACAO BASICA DE QUALIDADE;20RJ;APOIO A CAPACITACAO E FORMACAO INICIAL E CONTINUADA PARA A E;0004;EDUCACAO BASICA A DISTANCIA - SISTEMA UNIVERSIDADE ABERTA DO BRASIL (UAB);12368501120RJ0001;186018;QCC62T58HIN;UAB - UAB PROFHISTORIA;90;APLICACOES DIRETAS;3;DESPESAS CORRENTES;3;OUTRAS DESPESAS CORRENTES;30;MATERIAL DE CONSUMO;339030;MATERIAL DE CONSUMO;00;RECURSOS PRIMARIOS DE LIVRE APLICACAO;;;;;23,925.00;9,570.00;14,355.00;14,355.00
2020;153031;UNIFESP-UNIVERSIDADE FEDERAL DE SAO PAULO;12;EDUCACAO;368;EDUCACAO BASICA;5011;EDUCACAO BASICA DE QUALIDADE;20RJ;APOIO A CAPACITACAO E FORMACAO INICIAL E CONTINUADA PARA A E;0004;EDUCACAO BASICA A DISTANCIA - SISTEMA UNIVERSIDADE ABERTA DO BRASIL (UAB);12368501120RJ0001;186018;QCC62T58HIN;UAB - UAB PROFHISTORIA;90;APLICACOES DIRETAS;3;DESPESAS CORRENTES;3;OUTRAS DESPESAS CORRENTES;39;OUTROS SERVICOS DE TERCEIROS PJ - OP.INT.ORC.;339039;OUTROS SERVICOS DE TERCEIROS - PESSOA JURIDICA;00;RECURSOS PRIMARIOS DE LIVRE APLICACAO;;;;;66,524.30;22,469.96;;
2020;153032;UNIVERSIDADE FEDERAL DE LAVRAS;12;EDUCACAO;364;ENSINO SUPERIOR;5013;EDUCACAO SUPERIOR - GRADUACAO, POS-GRADUACAO, ENSINO, PESQUI;0487;CONCESSAO DE BOLSAS DE ESTUDO NO ENSINO SUPERIOR;0002;CONCESSAO DE BOLSAS DE ESTUDO NO PAIS;12364501304870001;170062;OCCCUO9414N;BF SUPERIOR - PROAP;90;APLICACOES DIRETAS;3;DESPESAS CORRENTES;3;OUTRAS DESPESAS CORRENTES;18;AUXILIO FINANCEIRO A ESTUDANTES;339018;AUXILIO FINANCEIRO A ESTUDANTES;00;RECURSOS PRIMARIOS DE LIVRE APLICACAO;;;;;33,123.27;3,341.00;29,782.27;27,779.07
2020;153032;UNIVERSIDADE FEDERAL DE LAVRAS;12;EDUCACAO;364;ENSINO SUPERIOR;5013;EDUCACAO SUPERIOR - GRADUACAO, POS-GRADUACAO, ENSINO, PESQUI;0487;CONCESSAO DE BOLSAS DE ESTUDO NO ENSINO SUPERIOR;0002;CONCESSAO DE BOLSAS DE ESTUDO NO PAIS;12364501304870001;170062;OCCCUO9414N;BF SUPERIOR - PROAP;90;APLICACOES DIRETAS;3;DESPESAS CORRENTES;3;OUTRAS DESPESAS CORRENTES;30;MATERIAL DE CONSUMO;339030;MATERIAL DE CONSUMO;00;RECURSOS PRIMARIOS DE LIVRE APLICACAO;;;;;288,000.43;13,658.85;43,845.76;36,757.16
2020;153032;UNIVERSIDADE FEDERAL DE LAVRAS;12;EDUCACAO;364;ENSINO SUPERIOR;5013;EDUCACAO SUPERIOR - GRADUACAO, POS-GRADUACAO, ENSINO, PESQUI;0487;CONCESSAO DE BOLSAS DE ESTUDO NO ENSINO SUPERIOR;0002;CONCESSAO DE BOLSAS DE ESTUDO NO PAIS;12364501304870001;170062;OCCCUO9414N;BF SUPERIOR - PROAP;90;APLICACOES DIRETAS;3;DESPESAS CORRENTES;3;OUTRAS DESPESAS CORRENTES;39;OUTROS SERVICOS DE TERCEIROS PJ - OP.INT.ORC.;339039;OUTROS SERVICOS DE TERCEIROS - PESSOA JURIDICA;00;RECURSOS PRIMARIOS DE LIVRE APLICACAO;;;;;2,226,457.50;12,165.96;;
2020;153032;UNIVERSIDADE FEDERAL DE LAVRAS;12;EDUCACAO;364;ENSINO SUPERIOR;5013;EDUCACAO SUPERIOR - GRADUACAO, POS-GRADUACAO, ENSINO, PESQUI;0487;CONCESSAO DE BOLSAS DE ESTUDO NO ENSINO SUPERIOR;0002;CONCESSAO DE BOLSAS DE ESTUDO NO PAIS;12364501304870001;170062;OCCCUO9414N;BF SUPERIOR - PROAP;90;APLICACOES DIRETAS;3;DESPESAS CORRENTES;3;OUTRAS DESPESAS CORRENTES;40;SERVICOS DE TECNOLOGIA DA INFORMACAO E COMUNICACAO - PJ;339040;SERVICOS DE TECNOLOGIA DA INFORMACAO E COMUNICACAO - PJ;00;RECURSOS PRIMARIOS DE LIVRE APLICACAO;;;;;55,000.00;11,000.00;44,000.00;44,000.00
2020;153032;UNIVERSIDADE FEDERAL DE LAVRAS;12;EDUCACAO;364;ENSINO SUPERIOR;5013;EDUCACAO SUPERIOR - GRADUACAO, POS-GRADUACAO, ENSINO, PESQUI;0487;CONCESSAO DE BOLSAS DE ESTUDO NO ENSINO SUPERIOR;0002;CONCESSAO DE BOLSAS DE ESTUDO NO PAIS;12364501304870001;170062;OCCCUO9414N;BF SUPERIOR - PROAP;90;APLICACOES DIRETAS;3;DESPESAS CORRENTES;3;OUTRAS DESPESAS CORRENTES;93;INDENIZACOES E RESTITUICOES;339093;INDENIZACOES E RESTITUICOES;00;RECURSOS PRIMARIOS DE LIVRE APLICACAO;;;;;89,532.60;1,080.92;88,451.68;68,169.68
2020;153032;UNIVERSIDADE FEDERAL DE LAVRAS;12;EDUCACAO;368;EDUCACAO BASICA;5011;EDUCACAO BASICA DE QUALIDADE;20RJ;APOIO A CAPACITACAO E FORMACAO INICIAL E CONTINUADA PARA A E;0004;EDUCACAO BASICA A DISTANCIA - SISTEMA UNIVERSIDADE ABERTA DO BRASIL (UAB);12368501120RJ0001;186018;MCC62G22EDN;UAB - UAB TRADICIONAL;90;APLICACOES DIRETAS;3;DESPESAS CORRENTES;3;OUTRAS DESPESAS CORRENTES;37;LOCACAO DE MAO-DE-OBRA;339037;LOCACAO DE MAO-DE-OBRA;00;RECURSOS PRIMARIOS DE LIVRE APLICACAO;;;;;1,970,559.00;0.00;1,970,559.00;1,599,091.90
2020;153033;UNIVERSIDADE FEDERAL RURAL DO SEMI-ARIDO - RN;12;EDUCACAO;364;ENSINO SUPERIOR;5013;EDUCACAO SUPERIOR - GRADUACAO, POS-GRADUACAO, ENSINO, PESQUI;0487;CONCESSAO DE BOLSAS DE ESTUDO NO ENSINO SUPERIOR;0002;CONCESSAO DE BOLSAS DE ESTUDO NO PAIS;12364501304870001;170062;OCCCUO9414N;BF SUPERIOR - PROAP;90;APLICACOES DIRETAS;3;DESPESAS CORRENTES;3;OUTRAS DESPESAS CORRENTES;18;AUXILIO FINANCEIRO A ESTUDANTES;339018;AUXILIO FINANCEIRO A ESTUDANTES;00;RECURSOS PRIMARIOS DE LIVRE APLICACAO;;;;;792,196.10;72,708.00;567,162.50;466,084.00
2020;153033;UNIVERSIDADE FEDERAL RURAL DO SEMI-ARIDO - RN;12;EDUCACAO;364;ENSINO SUPERIOR;5013;EDUCACAO SUPERIOR - GRADUACAO, POS-GRADUACAO, ENSINO, PESQUI;0487;CONCESSAO DE BOLSAS DE ESTUDO NO ENSINO SUPERIOR;0002;CONCESSAO DE BOLSAS DE ESTUDO NO PAIS;12364501304870001;170062;OCCCUO9414N;BF SUPERIOR - PROAP;90;APLICACOES DIRETAS;3;DESPESAS CORRENTES;3;OUTRAS DESPESAS CORRENTES;30;MATERIAL DE CONSUMO;339030;MATERIAL DE CONSUMO;00;RECURSOS PRIMARIOS DE LIVRE APLICACAO;;;;;20,325.36;0.00;;
2020;153033;UNIVERSIDADE FEDERAL RURAL DO SEMI-ARIDO - RN;12;EDUCACAO;364;ENSINO SUPERIOR;5013;EDUCACAO SUPERIOR - GRADUACAO, POS-GRADUACAO, ENSINO, PESQUI;0487;CONCESSAO DE BOLSAS DE ESTUDO NO ENSINO SUPERIOR;0002;CONCESSAO DE BOLSAS DE ESTUDO NO PAIS;12364501304870001;170062;OCCCUO9414N;BF SUPERIOR - PROAP;90;APLICACOES DIRETAS;3;DESPESAS CORRENTES;3;OUTRAS DESPESAS CORRENTES;39;OUTROS SERVICOS DE TERCEIROS PJ - OP.INT.ORC.;339039;OUTROS SERVICOS DE TERCEIROS - PESSOA JURIDICA;00;RECURSOS PRIMARIOS DE LIVRE APLICACAO;;;;;18,677.24;4,171.06;12,247.00;10,467.00
2020;153033;UNIVERSIDADE FEDERAL RURAL DO SEMI-ARIDO - RN;12;EDUCACAO;368;EDUCACAO BASICA;5011;EDUCACAO BASICA DE QUALIDADE;20RJ;APOIO A CAPACITACAO E FORMACAO INICIAL E CONTINUADA PARA A E;0004;EDUCACAO BASICA A DISTANCIA - SISTEMA UNIVERSIDADE ABERTA DO BRASIL (UAB);12368501120RJ0001;186018;MCC62G22EDN;UAB - UAB TRADICIONAL;50;TRANSFERENCIA INSTITUICOES PRIVADAS SEM FINS LUCRATIVOS;3;DESPESAS CORRENTES;3;OUTRAS DESPESAS CORRENTES;14;DIARIAS - PESSOAL CIVIL;335014;DIARIAS - PESSOAL CIVIL;00;RECURSOS PRIMARIOS DE LIVRE APLICACAO;;;;;477,900.00;47,790.00;430,110.00;382,320.00
2020;153033;UNIVERSIDADE FEDERAL RURAL DO SEMI-ARIDO - RN;12;EDUCACAO;368;EDUCACAO BASICA;5011;EDUCACAO BASICA DE QUALIDADE;20RJ;APOIO A CAPACITACAO E FORMACAO INICIAL E CONTINUADA PARA A E;0004;EDUCACAO BASICA A DISTANCIA - SISTEMA UNIVERSIDADE ABERTA DO BRASIL (UAB);12368501120RJ0001;186018;MCC62G22EDN;UAB - UAB TRADICIONAL;50;TRANSFERENCIA INSTITUICOES PRIVADAS SEM FINS LUCRATIVOS;3;DESPESAS CORRENTES;3;OUTRAS DESPESAS CORRENTES;36;OUTROS SERVICOS DE TERCEIROS - P.FISICA;335036;OUTROS SERVICOS DE TERCEIROS - PESSOA FISICA;00;RECURSOS PRIMARIOS DE LIVRE APLICACAO;;;;;1,996,850.00;199,685.00;1,797,165.00;1,597,480.00
2020;153034;UNIVERSIDADE FEDERAL RURAL DA AMAZONIA;12;EDUCACAO;364;ENSINO SUPERIOR;5013;EDUCACAO SUPERIOR - GRADUACAO, POS-GRADUACAO, ENSINO, PESQUI;0487;CONCESSAO DE BOLSAS DE ESTUDO NO ENSINO SUPERIOR;0002;CONCESSAO DE BOLSAS DE ESTUDO NO PAIS;12364501304870001;170062;OCCCUO9414N;BF SUPERIOR - PROAP;90;APLICACOES DIRETAS;3;DESPESAS CORRENTES;3;OUTRAS DESPESAS CORRENTES;14;DIARIAS - PESSOAL CIVIL;339014;DIARIAS - PESSOAL CIVIL;00;RECURSOS PRIMARIOS DE LIVRE APLICACAO;;;;;135,530.04;45,742.89;45,397.83;41,346.48
2020;153034;UNIVERSIDADE FEDERAL RURAL DA AMAZONIA;12;EDUCACAO;364;ENSINO SUPERIOR;5013;EDUCACAO SUPERIOR - GRADUACAO, POS-GRADUACAO, ENSINO, PESQUI;0487;CONCESSAO DE BOLSAS DE ESTUDO NO ENSINO SUPERIOR;0002;CONCESSAO DE BOLSAS DE ESTUDO NO PAIS;12364501304870001;170062;OCCCUO9414N;BF SUPERIOR - PROAP;90;APLICACOES DIRETAS;3;DESPESAS CORRENTES;3;OUTRAS DESPESAS CORRENTES;18;AUXILIO FINANCEIRO A ESTUDANTES;339018;AUXILIO FINANCEIRO A ESTUDANTES;00;RECURSOS PRIMARIOS DE LIVRE APLICACAO;;;;;406,886.57;102,173.94;247,745.00;227,985.00
2020;153034;UNIVERSIDADE FEDERAL RURAL DA AMAZONIA;12;EDUCACAO;364;ENSINO SUPERIOR;5013;EDUCACAO SUPERIOR - GRADUACAO, POS-GRADUACAO, ENSINO, PESQUI;0487;CONCESSAO DE BOLSAS DE ESTUDO NO ENSINO SUPERIOR;0002;CONCESSAO DE BOLSAS DE ESTUDO NO PAIS;12364501304870001;170062;OCCCUO9414N;BF SUPERIOR - PROAP;90;APLICACOES DIRETAS;3;DESPESAS CORRENTES;3;OUTRAS DESPESAS CORRENTES;20;AUXILIO FINANCEIRO A PESQUISADORES;339020;AUXILIO FINANCEIRO A PESQUISADORES;00;RECURSOS PRIMARIOS DE LIVRE APLICACAO;;;;;211,368.87;0.00;64,962.54;62,169.75
2020;153034;UNIVERSIDADE FEDERAL RURAL DA AMAZONIA;12;EDUCACAO;364;ENSINO SUPERIOR;5013;EDUCACAO SUPERIOR - GRADUACAO, POS-GRADUACAO, ENSINO, PESQUI;0487;CONCESSAO DE BOLSAS DE ESTUDO NO ENSINO SUPERIOR;0002;CONCESSAO DE BOLSAS DE ESTUDO NO PAIS;12364501304870001;170062;OCCCUO9414N;BF SUPERIOR - PROAP;90;APLICACOES DIRETAS;3;DESPESAS CORRENTES;3;OUTRAS DESPESAS CORRENTES;33;PASSAGENS E DESPESAS COM LOCOMOCAO;339033;PASSAGENS E DESPESAS COM LOCOMOCAO;00;RECURSOS PRIMARIOS DE LIVRE APLICACAO;;;;;41,786.41;18,214.21;;
2020;153034;UNIVERSIDADE FEDERAL RURAL DA AMAZONIA;12;EDUCACAO;364;ENSINO SUPERIOR;5013;EDUCACAO SUPERIOR - GRADUACAO, POS-GRADUACAO, ENSINO, PESQUI;0487;CONCESSAO DE BOLSAS DE ESTUDO NO ENSINO SUPERIOR;0002;CONCESSAO DE BOLSAS DE ESTUDO NO PAIS;12364501304870001;170062;OCCCUO9414N;BF SUPERIOR - PROAP;90;APLICACOES DIRETAS;3;DESPESAS CORRENTES;3;OUTRAS DESPESAS CORRENTES;36;OUTROS SERVICOS DE TERCEIROS - P.FISICA;339036;OUTROS SERVICOS DE TERCEIROS - PESSOA FISICA;00;RECURSOS PRIMARIOS DE LIVRE APLICACAO;;;;;24,000.00;6,000.00;9,558.00;9,558.00
2020;153034;UNIVERSIDADE FEDERAL RURAL DA AMAZONIA;12;EDUCACAO;368;EDUCACAO BASICA;5011;EDUCACAO BASICA DE QUALIDADE;20RJ;APOIO A CAPACITACAO E FORMACAO INICIAL E CONTINUADA PARA A E;0003;EDUCACAO BASICA PRESENCIAL;12368501120RJ0001;170065;PCC92B5801N;PARFOR - PARFOR;90;APLICACOES DIRETAS;3;DESPESAS CORRENTES;3;OUTRAS DESPESAS CORRENTES;39;OUTROS SERVICOS DE TERCEIROS PJ - OP.INT.ORC.;339039;OUTROS SERVICOS DE TERCEIROS - PESSOA JURIDICA;00;RECURSOS PRIMARIOS DE LIVRE APLICACAO;;;;;600,000.00;300,000.00;;
2020;153034;UNIVERSIDADE FEDERAL RURAL DA AMAZONIA;12;EDUCACAO;368;EDUCACAO BASICA;5011;EDUCACAO BASICA DE QUALIDADE;20RJ;APOIO A CAPACITACAO E FORMACAO INICIAL E CONTINUADA PARA A E;0003;EDUCACAO BASICA PRESENCIAL;12368501120RJ0001;186016;PCC92B5801N;PARFOR - PARFOR;90;APLICACOES DIRETAS;3;DESPESAS CORRENTES;3;OUTRAS DESPESAS CORRENTES;39;OUTROS SERVICOS DE TERCEIROS PJ - OP.INT.ORC.;339039;OUTROS SERVICOS DE TERCEIROS - PESSOA JURIDICA;00;RECURSOS PRIMARIOS DE LIVRE APLICACAO;;;;;2,010,000.00;1,005,000.00;;
2020;153035;UNIVERSIDADE FEDERAL DO TRIANGULO MINEIRO;12;EDUCACAO;364;ENSINO SUPERIOR;5013;EDUCACAO SUPERIOR - GRADUACAO, POS-GRADUACAO, ENSINO, PESQUI;0487;CONCESSAO DE BOLSAS DE ESTUDO NO ENSINO SUPERIOR;0002;CONCESSAO DE BOLSAS DE ESTUDO NO PAIS;12364501304870001;170062;OCCCUO9414N;BF SUPERIOR - PROAP;90;APLICACOES DIRETAS;3;DESPESAS CORRENTES;3;OUTRAS DESPESAS CORRENTES;18;AUXILIO FINANCEIRO A ESTUDANTES;339018;AUXILIO FINANCEIRO A ESTUDANTES;00;RECURSOS PRIMARIOS DE LIVRE APLICACAO;;;;;2,969.60;742.40;;
2020;153035;UNIVERSIDADE FEDERAL DO TRIANGULO MINEIRO;12;EDUCACAO;364;ENSINO SUPERIOR;5013;EDUCACAO SUPERIOR - GRADUACAO, POS-GRADUACAO, ENSINO, PESQUI;0487;CONCESSAO DE BOLSAS DE ESTUDO NO ENSINO SUPERIOR;0002;CONCESSAO DE BOLSAS DE ESTUDO NO PAIS;12364501304870001;170062;OCCCUO9414N;BF SUPERIOR - PROAP;90;APLICACOES DIRETAS;3;DESPESAS CORRENTES;3;OUTRAS DESPESAS CORRENTES;30;MATERIAL DE CONSUMO;339030;MATERIAL DE CONSUMO;00;RECURSOS PRIMARIOS DE LIVRE APLICACAO;;;;;659.49;0.00;;
2020;153035;UNIVERSIDADE FEDERAL DO TRIANGULO MINEIRO;12;EDUCACAO;364;ENSINO SUPERIOR;5013;EDUCACAO SUPERIOR - GRADUACAO, POS-GRADUACAO, ENSINO, PESQUI;0487;CONCESSAO DE BOLSAS DE ESTUDO NO ENSINO SUPERIOR;0002;CONCESSAO DE BOLSAS DE ESTUDO NO PAIS;12364501304870001;170062;OCCCUO9414N;BF SUPERIOR - PROAP;90;APLICACOES DIRETAS;3;DESPESAS CORRENTES;3;OUTRAS DESPESAS CORRENTES;93;INDENIZACOES E RESTITUICOES;339093;INDENIZACOES E RESTITUICOES;00;RECURSOS PRIMARIOS DE LIVRE APLICACAO;;;;;1,009,390.19;251,542.35;446,658.02;382,774.26
2020;153035;UNIVERSIDADE FEDERAL DO TRIANGULO MINEIRO;12;EDUCACAO;368;EDUCACAO BASICA;5011;EDUCACAO BASICA DE QUALIDADE;20RJ;APOIO A CAPACITACAO E FORMACAO INICIAL E CONTINUADA PARA A E;0004;EDUCACAO BASICA A DISTANCIA - SISTEMA UNIVERSIDADE ABERTA DO BRASIL (UAB);12368501120RJ0001;186018;QCC62T58LEN;UAB - UAB PROFLETRAS;90;APLICACOES DIRETAS;3;DESPESAS CORRENTES;3;OUTRAS DESPESAS CORRENTES;30;MATERIAL DE CONSUMO;339030;MATERIAL DE CONSUMO;00;RECURSOS PRIMARIOS DE LIVRE APLICACAO;;;;;13,425.54;647.76;1,943.28;1,943.28
2020;153035;UNIVERSIDADE FEDERAL DO TRIANGULO MINEIRO;12;EDUCACAO;368;EDUCACAO BASICA;5011;EDUCACAO BASICA DE QUALIDADE;20RJ;APOIO A CAPACITACAO E FORMACAO INICIAL E CONTINUADA PARA A E;0004;EDUCACAO BASICA A DISTANCIA - SISTEMA UNIVERSIDADE ABERTA DO BRASIL (UAB);12368501120RJ0001;186018;QCC62T58LEN;UAB - UAB PROFLETRAS;90;APLICACOES DIRETAS;3;DESPESAS CORRENTES;3;OUTRAS DESPESAS CORRENTES;36;OUTROS SERVICOS DE TERCEIROS - P.FISICA;339036;OUTROS SERVICOS DE TERCEIROS - PESSOA FISICA;00;RECURSOS PRIMARIOS DE LIVRE APLICACAO;;;;;4,200.00;0.00;;
2020;153035;UNIVERSIDADE FEDERAL DO TRIANGULO MINEIRO;12;EDUCACAO;368;EDUCACAO BASICA;5011;EDUCACAO BASICA DE QUALIDADE;20RJ;APOIO A CAPACITACAO E FORMACAO INICIAL E CONTINUADA PARA A E;0004;EDUCACAO BASICA A DISTANCIA - SISTEMA UNIVERSIDADE ABERTA DO BRASIL (UAB);12368501120RJ0001;186018;QCC62T58LEN;UAB - UAB PROFLETRAS;90;APLICACOES DIRETAS;3;DESPESAS CORRENTES;3;OUTRAS DESPESAS CORRENTES;39;OUTROS SERVICOS DE TERCEIROS PJ - OP.INT.ORC.;339039;OUTROS SERVICOS DE TERCEIROS - PESSOA JURIDICA;00;RECURSOS PRIMARIOS DE LIVRE APLICACAO;;;;;11,900.00;4,760.00;7,140.00;7,140.00
2020;153035;UNIVERSIDADE FEDERAL DO TRIANGULO MINEIRO;12;EDUCACAO;368;EDUCACAO BASICA;5011;EDUCACAO BASICA DE QUALIDADE;20RJ;APOIO A CAPACITACAO E FORMACAO INICIAL E CONTINUADA PARA A E;0004;EDUCACAO BASICA A DISTANCIA - SISTEMA UNIVERSIDADE ABERTA DO BRASIL (UAB);12368501120RJ0001;186018;QCC62T58QUN;UAB - UAB PROFQUIMICA;90;APLICACOES DIRETAS;3;DESPESAS CORRENTES;3;OUTRAS DESPESAS CORRENTES;30;MATERIAL DE CONSUMO;339030;MATERIAL DE CONSUMO;00;RECURSOS PRIMARIOS DE LIVRE APLICACAO;;;;;7,114.00;1,422.80;5,691.20;4,268.40
2020;153036;UNIVERSIDADE FED.VALES JEQUITINHONHA E MUCURI;12;EDUCACAO;364;ENSINO SUPERIOR;5013;EDUCACAO SUPERIOR - GRADUACAO, POS-GRADUACAO, ENSINO, PESQUI;0487;CONCESSAO DE BOLSAS DE ESTUDO NO ENSINO SUPERIOR;0002;CONCESSAO DE BOLSAS DE ESTUDO NO PAIS;12364501304870001;170062;OCCCUO9414N;BF SUPERIOR - PROAP;90;APLICACOES DIRETAS;3;DESPESAS CORRENTES;3;OUTRAS DESPESAS CORRENTES;14;DIARIAS - PESSOAL CIVIL;339014;DIARIAS - PESSOAL CIVIL;00;RECURSOS PRIMARIOS DE LIVRE APLICACAO;;;;;163,250.14;109,265.26;53,984.88;46,639.26
2020;153036;UNIVERSIDADE FED.VALES JEQUITINHONHA E MUCURI;12;EDUCACAO;364;ENSINO SUPERIOR;5013;EDUCACAO SUPERIOR - GRADUACAO, POS-GRADUACAO, ENSINO, PESQUI;0487;CONCESSAO DE BOLSAS DE ESTUDO NO ENSINO SUPERIOR;0002;CONCESSAO DE BOLSAS DE ESTUDO NO PAIS;12364501304870001;170062;OCCCUO9414N;BF SUPERIOR - PROAP;90;APLICACOES DIRETAS;3;DESPESAS CORRENTES;3;OUTRAS DESPESAS CORRENTES;18;AUXILIO FINANCEIRO A ESTUDANTES;339018;AUXILIO FINANCEIRO A ESTUDANTES;00;RECURSOS PRIMARIOS DE LIVRE APLICACAO;;;;;313,303.16;134,401.13;118,080.00;115,716.00
2020;153036;UNIVERSIDADE FED.VALES JEQUITINHONHA E MUCURI;12;EDUCACAO;364;ENSINO SUPERIOR;5013;EDUCACAO SUPERIOR - GRADUACAO, POS-GRADUACAO, ENSINO, PESQUI;0487;CONCESSAO DE BOLSAS DE ESTUDO NO ENSINO SUPERIOR;0002;CONCESSAO DE BOLSAS DE ESTUDO NO PAIS;12364501304870001;170062;OCCCUO9414N;BF SUPERIOR - PROAP;90;APLICACOES DIRETAS;3;DESPESAS CORRENTES;3;OUTRAS DESPESAS CORRENTES;30;MATERIAL DE CONSUMO;339030;MATERIAL DE CONSUMO;00;RECURSOS PRIMARIOS DE LIVRE APLICACAO;;;;;140,517.74;34,312.42;43,158.52;41,799.88
2020;153036;UNIVERSIDADE FED.VALES JEQUITINHONHA E MUCURI;12;EDUCACAO;364;ENSINO SUPERIOR;5013;EDUCACAO SUPERIOR - GRADUACAO, POS-GRADUACAO, ENSINO, PESQUI;0487;CONCESSAO DE BOLSAS DE ESTUDO NO ENSINO SUPERIOR;0002;CONCESSAO DE BOLSAS DE ESTUDO NO PAIS;12364501304870001;170062;OCCCUO9414N;BF SUPERIOR - PROAP;90;APLICACOES DIRETAS;3;DESPESAS CORRENTES;3;OUTRAS DESPESAS CORRENTES;33;PASSAGENS E DESPESAS COM LOCOMOCAO;339033;PASSAGENS E DESPESAS COM LOCOMOCAO;00;RECURSOS PRIMARIOS DE LIVRE APLICACAO;;;;;43,645.63;25,750.06;17,895.57;17,895.57
2020;153036;UNIVERSIDADE FED.VALES JEQUITINHONHA E MUCURI;12;EDUCACAO;364;ENSINO SUPERIOR;5013;EDUCACAO SUPERIOR - GRADUACAO, POS-GRADUACAO, ENSINO, PESQUI;0487;CONCESSAO DE BOLSAS DE ESTUDO NO ENSINO SUPERIOR;0002;CONCESSAO DE BOLSAS DE ESTUDO NO PAIS;12364501304870001;170062;OCCCUO9414N;BF SUPERIOR - PROAP;90;APLICACOES DIRETAS;3;DESPESAS CORRENTES;3;OUTRAS DESPESAS CORRENTES;36;OUTROS SERVICOS DE TERCEIROS - P.FISICA;339036;OUTROS SERVICOS DE TERCEIROS - PESSOA FISICA;00;RECURSOS PRIMARIOS DE LIVRE APLICACAO;;;;;2,655.00;2,655.00;;
2020;153036;UNIVERSIDADE FED.VALES JEQUITINHONHA E MUCURI;12;EDUCACAO;364;ENSINO SUPERIOR;5013;EDUCACAO SUPERIOR - GRADUACAO, POS-GRADUACAO, ENSINO, PESQUI;0487;CONCESSAO DE BOLSAS DE ESTUDO NO ENSINO SUPERIOR;0002;CONCESSAO DE BOLSAS DE ESTUDO NO PAIS;12364501304870001;170062;OCCCUO9414N;BF SUPERIOR - PROAP;90;APLICACOES DIRETAS;3;DESPESAS CORRENTES;3;OUTRAS DESPESAS CORRENTES;39;OUTROS SERVICOS DE TERCEIROS PJ - OP.INT.ORC.;339039;OUTROS SERVICOS DE TERCEIROS - PESSOA JURIDICA;00;RECURSOS PRIMARIOS DE LIVRE APLICACAO;;;;;284,472.68;75,758.08;142,255.60;137,646.18
2020;153036;UNIVERSIDADE FED.VALES JEQUITINHONHA E MUCURI;12;EDUCACAO;368;EDUCACAO BASICA;5011;EDUCACAO BASICA DE QUALIDADE;20RJ;APOIO A CAPACITACAO E FORMACAO INICIAL E CONTINUADA PARA A E;0004;EDUCACAO BASICA A DISTANCIA - SISTEMA UNIVERSIDADE ABERTA DO BRASIL (UAB);12368501120RJ0001;186018;MCC62G22EDN;UAB - UAB TRADICIONAL;90;APLICACOES DIRETAS;3;DESPESAS CORRENTES;3;OUTRAS DESPESAS CORRENTES;14;DIARIAS - PESSOAL CIVIL;339014;DIARIAS - PESSOAL CIVIL;00;RECURSOS PRIMARIOS DE LIVRE APLICACAO;;;;;54,000.00;54,000.00;;
2020;153036;UNIVERSIDADE FED.VALES JEQUITINHONHA E MUCURI;12;EDUCACAO;368;EDUCACAO BASICA;5011;EDUCACAO BASICA DE QUALIDADE;20RJ;APOIO A CAPACITACAO E FORMACAO INICIAL E CONTINUADA PARA A E;0004;EDUCACAO BASICA A DISTANCIA - SISTEMA UNIVERSIDADE ABERTA DO BRASIL (UAB);12368501120RJ0001;186018;MCC62G22EDN;UAB - UAB TRADICIONAL;90;APLICACOES DIRETAS;3;DESPESAS CORRENTES;3;OUTRAS DESPESAS CORRENTES;33;PASSAGENS E DESPESAS COM LOCOMOCAO;339033;PASSAGENS E DESPESAS COM LOCOMOCAO;00;RECURSOS PRIMARIOS DE LIVRE APLICACAO;;;;;12,000.00;12,000.00;;
2020;153036;UNIVERSIDADE FED.VALES JEQUITINHONHA E MUCURI;12;EDUCACAO;368;EDUCACAO BASICA;5011;EDUCACAO BASICA DE QUALIDADE;20RJ;APOIO A CAPACITACAO E FORMACAO INICIAL E CONTINUADA PARA A E;0004;EDUCACAO BASICA A DISTANCIA - SISTEMA UNIVERSIDADE ABERTA DO BRASIL (UAB);12368501120RJ0001;186018;MCC62G22EDN;UAB - UAB TRADICIONAL;90;APLICACOES DIRETAS;3;DESPESAS CORRENTES;3;OUTRAS DESPESAS CORRENTES;37;LOCACAO DE MAO-DE-OBRA;339037;LOCACAO DE MAO-DE-OBRA;00;RECURSOS PRIMARIOS DE LIVRE APLICACAO;;;;;2,978,499.36;1,293,776.68;684,211.04;565,694.00
2020;153036;UNIVERSIDADE FED.VALES JEQUITINHONHA E MUCURI;12;EDUCACAO;368;EDUCACAO BASICA;5011;EDUCACAO BASICA DE QUALIDADE;20RJ;APOIO A CAPACITACAO E FORMACAO INICIAL E CONTINUADA PARA A E;0004;EDUCACAO BASICA A DISTANCIA - SISTEMA UNIVERSIDADE ABERTA DO BRASIL (UAB);12368501120RJ0001;186018;MCC62G22EDN;UAB - UAB TRADICIONAL;90;APLICACOES DIRETAS;3;DESPESAS CORRENTES;3;OUTRAS DESPESAS CORRENTES;39;OUTROS SERVICOS DE TERCEIROS PJ - OP.INT.ORC.;339039;OUTROS SERVICOS DE TERCEIROS - PESSOA JURIDICA;00;RECURSOS PRIMARIOS DE LIVRE APLICACAO;;;;;114,000.00;32,980.56;77.76;58.32
2020;153037;UNIVERSIDADE FEDERAL DE ALAGOAS;12;EDUCACAO;364;ENSINO SUPERIOR;5013;EDUCACAO SUPERIOR - GRADUACAO, POS-GRADUACAO, ENSINO, PESQUI;0487;CONCESSAO DE BOLSAS DE ESTUDO NO ENSINO SUPERIOR;0002;CONCESSAO DE BOLSAS DE ESTUDO NO PAIS;12364501304870001;170062;OCCCUO9414N;BF SUPERIOR - PROAP;90;APLICACOES DIRETAS;3;DESPESAS CORRENTES;3;OUTRAS DESPESAS CORRENTES;14;DIARIAS - PESSOAL CIVIL;339014;DIARIAS - PESSOAL CIVIL;00;RECURSOS PRIMARIOS DE LIVRE APLICACAO;;;;;138,932.62;53,606.29;85,326.33;77,653.68
2020;153037;UNIVERSIDADE FEDERAL DE ALAGOAS;12;EDUCACAO;364;ENSINO SUPERIOR;5013;EDUCACAO SUPERIOR - GRADUACAO, POS-GRADUACAO, ENSINO, PESQUI;0487;CONCESSAO DE BOLSAS DE ESTUDO NO ENSINO SUPERIOR;0002;CONCESSAO DE BOLSAS DE ESTUDO NO PAIS;12364501304870001;170062;OCCCUO9414N;BF SUPERIOR - PROAP;90;APLICACOES DIRETAS;3;DESPESAS CORRENTES;3;OUTRAS DESPESAS CORRENTES;18;AUXILIO FINANCEIRO A ESTUDANTES;339018;AUXILIO FINANCEIRO A ESTUDANTES;00;RECURSOS PRIMARIOS DE LIVRE APLICACAO;;;;;260,000.00;46,800.00;103,040.00;71,040.00
2020;153037;UNIVERSIDADE FEDERAL DE ALAGOAS;12;EDUCACAO;364;ENSINO SUPERIOR;5013;EDUCACAO SUPERIOR - GRADUACAO, POS-GRADUACAO, ENSINO, PESQUI;0487;CONCESSAO DE BOLSAS DE ESTUDO NO ENSINO SUPERIOR;0002;CONCESSAO DE BOLSAS DE ESTUDO NO PAIS;12364501304870001;170062;OCCCUO9414N;BF SUPERIOR - PROAP;90;APLICACOES DIRETAS;3;DESPESAS CORRENTES;3;OUTRAS DESPESAS CORRENTES;20;AUXILIO FINANCEIRO A PESQUISADORES;339020;AUXILIO FINANCEIRO A PESQUISADORES;00;RECURSOS PRIMARIOS DE LIVRE APLICACAO;;;;;983,972.55;0.00;;
2020;153037;UNIVERSIDADE FEDERAL DE ALAGOAS;12;EDUCACAO;364;ENSINO SUPERIOR;5013;EDUCACAO SUPERIOR - GRADUACAO, POS-GRADUACAO, ENSINO, PESQUI;0487;CONCESSAO DE BOLSAS DE ESTUDO NO ENSINO SUPERIOR;0002;CONCESSAO DE BOLSAS DE ESTUDO NO PAIS;12364501304870001;170062;OCCCUO9414N;BF SUPERIOR - PROAP;90;APLICACOES DIRETAS;3;DESPESAS CORRENTES;3;OUTRAS DESPESAS CORRENTES;30;MATERIAL DE CONSUMO;339030;MATERIAL DE CONSUMO;00;RECURSOS PRIMARIOS DE LIVRE APLICACAO;;;;;270,817.92;0.00;;
2020;153037;UNIVERSIDADE FEDERAL DE ALAGOAS;12;EDUCACAO;364;ENSINO SUPERIOR;5013;EDUCACAO SUPERIOR - GRADUACAO, POS-GRADUACAO, ENSINO, PESQUI;0487;CONCESSAO DE BOLSAS DE ESTUDO NO ENSINO SUPERIOR;0002;CONCESSAO DE BOLSAS DE ESTUDO NO PAIS;12364501304870001;170062;OCCCUO9414N;BF SUPERIOR - PROAP;90;APLICACOES DIRETAS;3;DESPESAS CORRENTES;3;OUTRAS DESPESAS CORRENTES;33;PASSAGENS E DESPESAS COM LOCOMOCAO;339033;PASSAGENS E DESPESAS COM LOCOMOCAO;00;RECURSOS PRIMARIOS DE LIVRE APLICACAO;;;;;38,473.23;0.00;;
2020;153037;UNIVERSIDADE FEDERAL DE ALAGOAS;12;EDUCACAO;364;ENSINO SUPERIOR;5013;EDUCACAO SUPERIOR - GRADUACAO, POS-GRADUACAO, ENSINO, PESQUI;0487;CONCESSAO DE BOLSAS DE ESTUDO NO ENSINO SUPERIOR;0002;CONCESSAO DE BOLSAS DE ESTUDO NO PAIS;12364501304870001;170062;OCCCUO9414N;BF SUPERIOR - PROAP;90;APLICACOES DIRETAS;3;DESPESAS CORRENTES;3;OUTRAS DESPESAS CORRENTES;39;OUTROS SERVICOS DE TERCEIROS PJ - OP.INT.ORC.;339039;OUTROS SERVICOS DE TERCEIROS - PESSOA JURIDICA;00;RECURSOS PRIMARIOS DE LIVRE APLICACAO;;;;;464,552.61;0.00;;
2020;153037;UNIVERSIDADE FEDERAL DE ALAGOAS;12;EDUCACAO;364;ENSINO SUPERIOR;5013;EDUCACAO SUPERIOR - GRADUACAO, POS-GRADUACAO, ENSINO, PESQUI;0487;CONCESSAO DE BOLSAS DE ESTUDO NO ENSINO SUPERIOR;0002;CONCESSAO DE BOLSAS DE ESTUDO NO PAIS;12364501304870001;170062;OCCCUO9414N;BF SUPERIOR - PROAP;90;APLICACOES DIRETAS;3;DESPESAS CORRENTES;3;OUTRAS DESPESAS CORRENTES;93;INDENIZACOES E RESTITUICOES;339093;INDENIZACOES E RESTITUICOES;00;RECURSOS PRIMARIOS DE LIVRE APLICACAO;;;;;259,772.92;64,943.23;;
2020;153037;UNIVERSIDADE FEDERAL DE ALAGOAS;12;EDUCACAO;368;EDUCACAO BASICA;5011;EDUCACAO BASICA DE QUALIDADE;20RJ;APOIO A CAPACITACAO E FORMACAO INICIAL E CONTINUADA PARA A E;0004;EDUCACAO BASICA A DISTANCIA - SISTEMA UNIVERSIDADE ABERTA DO BRASIL (UAB);12368501120RJ0001;186018;QCC62T58QUN;UAB - UAB PROFQUIMICA;90;APLICACOES DIRETAS;3;DESPESAS CORRENTES;3;OUTRAS DESPESAS CORRENTES;14;DIARIAS - PESSOAL CIVIL;339014;DIARIAS - PESSOAL CIVIL;00;RECURSOS PRIMARIOS DE LIVRE APLICACAO;;;;;13,699.80;13,699.80;;
2020;153037;UNIVERSIDADE FEDERAL DE ALAGOAS;12;EDUCACAO;368;EDUCACAO BASICA;5011;EDUCACAO BASICA DE QUALIDADE;20RJ;APOIO A CAPACITACAO E FORMACAO INICIAL E CONTINUADA PARA A E;0004;EDUCACAO BASICA A DISTANCIA - SISTEMA UNIVERSIDADE ABERTA DO BRASIL (UAB);12368501120RJ0001;186018;QCC62T58QUN;UAB - UAB PROFQUIMICA;90;APLICACOES DIRETAS;3;DESPESAS CORRENTES;3;OUTRAS DESPESAS CORRENTES;18;AUXILIO FINANCEIRO A ESTUDANTES;339018;AUXILIO FINANCEIRO A ESTUDANTES;00;RECURSOS PRIMARIOS DE LIVRE APLICACAO;;;;;15,360.00;15,360.00;;
2020;153037;UNIVERSIDADE FEDERAL DE ALAGOAS;12;EDUCACAO;368;EDUCACAO BASICA;5011;EDUCACAO BASICA DE QUALIDADE;20RJ;APOIO A CAPACITACAO E FORMACAO INICIAL E CONTINUADA PARA A E;0004;EDUCACAO BASICA A DISTANCIA - SISTEMA UNIVERSIDADE ABERTA DO BRASIL (UAB);12368501120RJ0001;186018;QCC62T58QUN;UAB - UAB PROFQUIMICA;90;APLICACOES DIRETAS;3;DESPESAS CORRENTES;3;OUTRAS DESPESAS CORRENTES;33;PASSAGENS E DESPESAS COM LOCOMOCAO;339033;PASSAGENS E DESPESAS COM LOCOMOCAO;00;RECURSOS PRIMARIOS DE LIVRE APLICACAO;;;;;9,600.00;9,600.00;;
2020;153038;UNIVERSIDADE FEDERAL DA BAHIA;12;EDUCACAO;364;ENSINO SUPERIOR;5013;EDUCACAO SUPERIOR - GRADUACAO, POS-GRADUACAO, ENSINO, PESQUI;0487;CONCESSAO DE BOLSAS DE ESTUDO NO ENSINO SUPERIOR;0002;CONCESSAO DE BOLSAS DE ESTUDO NO PAIS;12364501304870001;170062;OCCCUO9414N;BF SUPERIOR - PROAP;90;APLICACOES DIRETAS;3;DESPESAS CORRENTES;3;OUTRAS DESPESAS CORRENTES;30;MATERIAL DE CONSUMO;339030;MATERIAL DE CONSUMO;00;RECURSOS PRIMARIOS DE LIVRE APLICACAO;;;;;1,792,643.47;542,464.60;57,627.48;53,505.40
2020;153038;UNIVERSIDADE FEDERAL DA BAHIA;12;EDUCACAO;364;ENSINO SUPERIOR;5013;EDUCACAO SUPERIOR - GRADUACAO, POS-GRADUACAO, ENSINO, PESQUI;0487;CONCESSAO DE BOLSAS DE ESTUDO NO ENSINO SUPERIOR;0002;CONCESSAO DE BOLSAS DE ESTUDO NO PAIS;12364501304870001;170062;OCCCUO9414N;BF SUPERIOR - PROAP;90;APLICACOES DIRETAS;3;DESPESAS CORRENTES;3;OUTRAS DESPESAS CORRENTES;39;OUTROS SERVICOS DE TERCEIROS PJ - OP.INT.ORC.;339039;OUTROS SERVICOS DE TERCEIROS - PESSOA JURIDICA;00;RECURSOS PRIMARIOS DE LIVRE APLICACAO;;;;;8,208,472.84;634,496.79;611,825.38;567,460.33
2020;153038;UNIVERSIDADE FEDERAL DA BAHIA;12;EDUCACAO;364;ENSINO SUPERIOR;5013;EDUCACAO SUPERIOR - GRADUACAO, POS-GRADUACAO, ENSINO, PESQUI;0487;CONCESSAO DE BOLSAS DE ESTUDO NO ENSINO SUPERIOR;0002;CONCESSAO DE BOLSAS DE ESTUDO NO PAIS;12364501304870001;170062;OCCCUO9414N;BF SUPERIOR - PROAP;90;APLICACOES DIRETAS;3;DESPESAS CORRENTES;3;OUTRAS DESPESAS CORRENTES;40;SERVICOS DE TECNOLOGIA DA INFORMACAO E COMUNICACAO - PJ;339040;SERVICOS DE TECNOLOGIA DA INFORMACAO E COMUNICACAO - PJ;00;RECURSOS PRIMARIOS DE LIVRE APLICACAO;;;;;227,920.32;29,226.00;;
2020;153038;UNIVERSIDADE FEDERAL DA BAHIA;12;EDUCACAO;364;ENSINO SUPERIOR;5013;EDUCACAO SUPERIOR - GRADUACAO, POS-GRADUACAO, ENSINO, PESQUI;0487;CONCESSAO DE BOLSAS DE ESTUDO NO ENSINO SUPERIOR;0002;CONCESSAO DE BOLSAS DE ESTUDO NO PAIS;12364501304870001;170062;OCCCUO9414N;BF SUPERIOR - PROAP;90;APLICACOES DIRETAS;3;DESPESAS CORRENTES;3;OUTRAS DESPESAS CORRENTES;93;INDENIZACOES E RESTITUICOES;339093;INDENIZACOES E RESTITUICOES;00;RECURSOS PRIMARIOS DE LIVRE APLICACAO;;;;;820,190.65;125,527.57;641,655.78;537,972.47
2020;153038;UNIVERSIDADE FEDERAL DA BAHIA;12;EDUCACAO;368;EDUCACAO BASICA;5011;EDUCACAO BASICA DE QUALIDADE;20RJ;APOIO A CAPACITACAO E FORMACAO INICIAL E CONTINUADA PARA A E;0004;EDUCACAO BASICA A DISTANCIA - SISTEMA UNIVERSIDADE ABERTA DO BRASIL (UAB);12368501120RJ0001;186018;MCC62G22EDN;UAB - UAB TRADICIONAL;90;APLICACOES DIRETAS;3;DESPESAS CORRENTES;3;OUTRAS DESPESAS CORRENTES;39;OUTROS SERVICOS DE TERCEIROS PJ - OP.INT.ORC.;339039;OUTROS SERVICOS DE TERCEIROS - PESSOA JURIDICA;00;RECURSOS PRIMARIOS DE LIVRE APLICACAO;;;;;6,208,503.00;507,573.00;5,700,930.00;3,514,338.00
2020;153038;UNIVERSIDADE FEDERAL DA BAHIA;12;EDUCACAO;368;EDUCACAO BASICA;5011;EDUCACAO BASICA DE QUALIDADE;20RJ;APOIO A CAPACITACAO E FORMACAO INICIAL E CONTINUADA PARA A E;0004;EDUCACAO BASICA A DISTANCIA - SISTEMA UNIVERSIDADE ABERTA DO BRASIL (UAB);12368501120RJ0001;186018;QCC62T58LEN;UAB - UAB PROFLETRAS;90;APLICACOES DIRETAS;3;DESPESAS CORRENTES;3;OUTRAS DESPESAS CORRENTES;39;OUTROS SERVICOS DE TERCEIROS PJ - OP.INT.ORC.;339039;OUTROS SERVICOS DE TERCEIROS - PESSOA JURIDICA;00;RECURSOS PRIMARIOS DE LIVRE APLICACAO;;;;;152,797.50;0.00;;
2020;153045;UNIVERSIDADE FEDERAL DO CEARA;12;EDUCACAO;364;ENSINO SUPERIOR;5013;EDUCACAO SUPERIOR - GRADUACAO, POS-GRADUACAO, ENSINO, PESQUI;0487;CONCESSAO DE BOLSAS DE ESTUDO NO ENSINO SUPERIOR;0002;CONCESSAO DE BOLSAS DE ESTUDO NO PAIS;12364501304870001;170062;OCCCUO9414N;BF SUPERIOR - PROAP;90;APLICACOES DIRETAS;3;DESPESAS CORRENTES;3;OUTRAS DESPESAS CORRENTES;14;DIARIAS - PESSOAL CIVIL;339014;DIARIAS - PESSOAL CIVIL;00;RECURSOS PRIMARIOS DE LIVRE APLICACAO;;;;;130,849.32;89,969.72;40,879.60;38,023.60
2020;153045;UNIVERSIDADE FEDERAL DO CEARA;12;EDUCACAO;364;ENSINO SUPERIOR;5013;EDUCACAO SUPERIOR - GRADUACAO, POS-GRADUACAO, ENSINO, PESQUI;0487;CONCESSAO DE BOLSAS DE ESTUDO NO ENSINO SUPERIOR;0002;CONCESSAO DE BOLSAS DE ESTUDO NO PAIS;12364501304870001;170062;OCCCUO9414N;BF SUPERIOR - PROAP;90;APLICACOES DIRETAS;3;DESPESAS CORRENTES;3;OUTRAS DESPESAS CORRENTES;18;AUXILIO FINANCEIRO A ESTUDANTES;339018;AUXILIO FINANCEIRO A ESTUDANTES;00;RECURSOS PRIMARIOS DE LIVRE APLICACAO;;;;;2,799,856.00;1,208,533.00;1,591,323.00;1,362,941.00
2020;153045;UNIVERSIDADE FEDERAL DO CEARA;12;EDUCACAO;364;ENSINO SUPERIOR;5013;EDUCACAO SUPERIOR - GRADUACAO, POS-GRADUACAO, ENSINO, PESQUI;0487;CONCESSAO DE BOLSAS DE ESTUDO NO ENSINO SUPERIOR;0002;CONCESSAO DE BOLSAS DE ESTUDO NO PAIS;12364501304870001;170062;OCCCUO9414N;BF SUPERIOR - PROAP;90;APLICACOES DIRETAS;3;DESPESAS CORRENTES;3;OUTRAS DESPESAS CORRENTES;20;AUXILIO FINANCEIRO A PESQUISADORES;339020;AUXILIO FINANCEIRO A PESQUISADORES;00;RECURSOS PRIMARIOS DE LIVRE APLICACAO;;;;;899,580.00;188,040.00;711,540.00;614,500.00
2020;153045;UNIVERSIDADE FEDERAL DO CEARA;12;EDUCACAO;364;ENSINO SUPERIOR;5013;EDUCACAO SUPERIOR - GRADUACAO, POS-GRADUACAO, ENSINO, PESQUI;0487;CONCESSAO DE BOLSAS DE ESTUDO NO ENSINO SUPERIOR;0002;CONCESSAO DE BOLSAS DE ESTUDO NO PAIS;12364501304870001;170062;OCCCUO9414N;BF SUPERIOR - PROAP;90;APLICACOES DIRETAS;3;DESPESAS CORRENTES;3;OUTRAS DESPESAS CORRENTES;30;MATERIAL DE CONSUMO;339030;MATERIAL DE CONSUMO;00;RECURSOS PRIMARIOS DE LIVRE APLICACAO;;;;;45,355.47;0.00;;
2020;153045;UNIVERSIDADE FEDERAL DO CEARA;12;EDUCACAO;364;ENSINO SUPERIOR;5013;EDUCACAO SUPERIOR - GRADUACAO, POS-GRADUACAO, ENSINO, PESQUI;0487;CONCESSAO DE BOLSAS DE ESTUDO NO ENSINO SUPERIOR;0002;CONCESSAO DE BOLSAS DE ESTUDO NO PAIS;12364501304870001;170062;OCCCUO9414N;BF SUPERIOR - PROAP;90;APLICACOES DIRETAS;3;DESPESAS CORRENTES;3;OUTRAS DESPESAS CORRENTES;33;PASSAGENS E DESPESAS COM LOCOMOCAO;339033;PASSAGENS E DESPESAS COM LOCOMOCAO;00;RECURSOS PRIMARIOS DE LIVRE APLICACAO;;;;;354,766.08;250,422.87;102,809.52;88,078.25
2020;153045;UNIVERSIDADE FEDERAL DO CEARA;12;EDUCACAO;364;ENSINO SUPERIOR;5013;EDUCACAO SUPERIOR - GRADUACAO, POS-GRADUACAO, ENSINO, PESQUI;0487;CONCESSAO DE BOLSAS DE ESTUDO NO ENSINO SUPERIOR;0002;CONCESSAO DE BOLSAS DE ESTUDO NO PAIS;12364501304870001;170062;OCCCUO9414N;BF SUPERIOR - PROAP;90;APLICACOES DIRETAS;3;DESPESAS CORRENTES;3;OUTRAS DESPESAS CORRENTES;39;OUTROS SERVICOS DE TERCEIROS PJ - OP.INT.ORC.;339039;OUTROS SERVICOS DE TERCEIROS - PESSOA JURIDICA;00;RECURSOS PRIMARIOS DE LIVRE APLICACAO;;;;;239,338.35;85,608.36;81,824.31;72,224.31
2020;153045;UNIVERSIDADE FEDERAL DO CEARA;12;EDUCACAO;368;EDUCACAO BASICA;5011;EDUCACAO BASICA DE QUALIDADE;20RJ;APOIO A CAPACITACAO E FORMACAO INICIAL E CONTINUADA PARA A E;0003;EDUCACAO BASICA PRESENCIAL;12368501120RJ0001;170065;PCC92B5801N;PARFOR - PARFOR;90;APLICACOES DIRETAS;3;DESPESAS CORRENTES;3;OUTRAS DESPESAS CORRENTES;39;OUTROS SERVICOS DE TERCEIROS PJ - OP.INT.ORC.;339039;OUTROS SERVICOS DE TERCEIROS - PESSOA JURIDICA;00;RECURSOS PRIMARIOS DE LIVRE APLICACAO;;;;;300,000.00;0.00;;
2020;153045;UNIVERSIDADE FEDERAL DO CEARA;12;EDUCACAO;368;EDUCACAO BASICA;5011;EDUCACAO BASICA DE QUALIDADE;20RJ;APOIO A CAPACITACAO E FORMACAO INICIAL E CONTINUADA PARA A E;0003;EDUCACAO BASICA PRESENCIAL;12368501120RJ0001;186016;PCC92B5801N;PARFOR - PARFOR;90;APLICACOES DIRETAS;3;DESPESAS CORRENTES;3;OUTRAS DESPESAS CORRENTES;39;OUTROS SERVICOS DE TERCEIROS PJ - OP.INT.ORC.;339039;OUTROS SERVICOS DE TERCEIROS - PESSOA JURIDICA;00;RECURSOS PRIMARIOS DE LIVRE APLICACAO;;;;;761,215.20;0.00;;
2020;153045;UNIVERSIDADE FEDERAL DO CEARA;12;EDUCACAO;368;EDUCACAO BASICA;5011;EDUCACAO BASICA DE QUALIDADE;20RJ;APOIO A CAPACITACAO E FORMACAO INICIAL E CONTINUADA PARA A E;0004;EDUCACAO BASICA A DISTANCIA - SISTEMA UNIVERSIDADE ABERTA DO BRASIL (UAB);12368501120RJ0001;186018;MCC62G22EDN;UAB - UAB TRADICIONAL;90;APLICACOES DIRETAS;3;DESPESAS CORRENTES;3;OUTRAS DESPESAS CORRENTES;39;OUTROS SERVICOS DE TERCEIROS PJ - OP.INT.ORC.;339039;OUTROS SERVICOS DE TERCEIROS - PESSOA JURIDICA;00;RECURSOS PRIMARIOS DE LIVRE APLICACAO;;;;;1,698,711.00;0.00;;
2020;153045;UNIVERSIDADE FEDERAL DO CEARA;12;EDUCACAO;368;EDUCACAO BASICA;5011;EDUCACAO BASICA DE QUALIDADE;20RJ;APOIO A CAPACITACAO E FORMACAO INICIAL E CONTINUADA PARA A E;0004;EDUCACAO BASICA A DISTANCIA - SISTEMA UNIVERSIDADE ABERTA DO BRASIL (UAB);12368501120RJ0001;186018;QCC62T58LEN;UAB - UAB PROFLETRAS;90;APLICACOES DIRETAS;3;DESPESAS CORRENTES;3;OUTRAS DESPESAS CORRENTES;39;OUTROS SERVICOS DE TERCEIROS PJ - OP.INT.ORC.;339039;OUTROS SERVICOS DE TERCEIROS - PESSOA JURIDICA;00;RECURSOS PRIMARIOS DE LIVRE APLICACAO;;;;;33,448.80;0.00;;
2020;153045;UNIVERSIDADE FEDERAL DO CEARA;12;EDUCACAO;368;EDUCACAO BASICA;5011;EDUCACAO BASICA DE QUALIDADE;20RJ;APOIO A CAPACITACAO E FORMACAO INICIAL E CONTINUADA PARA A E;0004;EDUCACAO BASICA A DISTANCIA - SISTEMA UNIVERSIDADE ABERTA DO BRASIL (UAB);12368501120RJ0001;186018;QCC62T58SON;UAB - PROFSOCIOLOGIA;90;APLICACOES DIRETAS;3;DESPESAS CORRENTES;3;OUTRAS DESPESAS CORRENTES;39;OUTROS SERVICOS DE TERCEIROS PJ - OP.INT.ORC.;339039;OUTROS SERVICOS DE TERCEIROS - PESSOA JURIDICA;00;RECURSOS PRIMARIOS DE LIVRE APLICACAO;;;;;245,454.66;0.00;;
2020;153046;UNIVERSIDADE FEDERAL DO ESPIRITO SANTO;12;EDUCACAO;364;ENSINO SUPERIOR;5013;EDUCACAO SUPERIOR - GRADUACAO, POS-GRADUACAO, ENSINO, PESQUI;0487;CONCESSAO DE BOLSAS DE ESTUDO NO ENSINO SUPERIOR;0002;CONCESSAO DE BOLSAS DE ESTUDO NO PAIS;12364501304870001;170062;OCCCUO9414N;BF SUPERIOR - PROAP;90;APLICACOES DIRETAS;3;DESPESAS CORRENTES;3;OUTRAS DESPESAS CORRENTES;14;DIARIAS - PESSOAL CIVIL;339014;DIARIAS - PESSOAL CIVIL;00;RECURSOS PRIMARIOS DE LIVRE APLICACAO;;;;;9,589.30;6,044.02;3,545.28;3,545.28
2020;153046;UNIVERSIDADE FEDERAL DO ESPIRITO SANTO;12;EDUCACAO;364;ENSINO SUPERIOR;5013;EDUCACAO SUPERIOR - GRADUACAO, POS-GRADUACAO, ENSINO, PESQUI;0487;CONCESSAO DE BOLSAS DE ESTUDO NO ENSINO SUPERIOR;0002;CONCESSAO DE BOLSAS DE ESTUDO NO PAIS;12364501304870001;170062;OCCCUO9414N;BF SUPERIOR - PROAP;90;APLICACOES DIRETAS;3;DESPESAS CORRENTES;3;OUTRAS DESPESAS CORRENTES;18;AUXILIO FINANCEIRO A ESTUDANTES;339018;AUXILIO FINANCEIRO A ESTUDANTES;00;RECURSOS PRIMARIOS DE LIVRE APLICACAO;;;;;2,071,796.44;917,461.23;1,079,805.58;922,554.25
2020;153046;UNIVERSIDADE FEDERAL DO ESPIRITO SANTO;12;EDUCACAO;364;ENSINO SUPERIOR;5013;EDUCACAO SUPERIOR - GRADUACAO, POS-GRADUACAO, ENSINO, PESQUI;0487;CONCESSAO DE BOLSAS DE ESTUDO NO ENSINO SUPERIOR;0002;CONCESSAO DE BOLSAS DE ESTUDO NO PAIS;12364501304870001;170062;OCCCUO9414N;BF SUPERIOR - PROAP;90;APLICACOES DIRETAS;3;DESPESAS CORRENTES;3;OUTRAS DESPESAS CORRENTES;20;AUXILIO FINANCEIRO A PESQUISADORES;339020;AUXILIO FINANCEIRO A PESQUISADORES;00;RECURSOS PRIMARIOS DE LIVRE APLICACAO;;;;;1,727,529.52;968,021.47;676,642.71;559,156.22
2020;153046;UNIVERSIDADE FEDERAL DO ESPIRITO SANTO;12;EDUCACAO;364;ENSINO SUPERIOR;5013;EDUCACAO SUPERIOR - GRADUACAO, POS-GRADUACAO, ENSINO, PESQUI;0487;CONCESSAO DE BOLSAS DE ESTUDO NO ENSINO SUPERIOR;0002;CONCESSAO DE BOLSAS DE ESTUDO NO PAIS;12364501304870001;170062;OCCCUO9414N;BF SUPERIOR - PROAP;90;APLICACOES DIRETAS;3;DESPESAS CORRENTES;3;OUTRAS DESPESAS CORRENTES;30;MATERIAL DE CONSUMO;339030;MATERIAL DE CONSUMO;00;RECURSOS PRIMARIOS DE LIVRE APLICACAO;;;;;474,267.66;210,432.27;43,564.83;37,790.85
2020;153046;UNIVERSIDADE FEDERAL DO ESPIRITO SANTO;12;EDUCACAO;364;ENSINO SUPERIOR;5013;EDUCACAO SUPERIOR - GRADUACAO, POS-GRADUACAO, ENSINO, PESQUI;0487;CONCESSAO DE BOLSAS DE ESTUDO NO ENSINO SUPERIOR;0002;CONCESSAO DE BOLSAS DE ESTUDO NO PAIS;12364501304870001;170062;OCCCUO9414N;BF SUPERIOR - PROAP;90;APLICACOES DIRETAS;3;DESPESAS CORRENTES;3;OUTRAS DESPESAS CORRENTES;33;PASSAGENS E DESPESAS COM LOCOMOCAO;339033;PASSAGENS E DESPESAS COM LOCOMOCAO;00;RECURSOS PRIMARIOS DE LIVRE APLICACAO;;;;;0.00;0.00;;
2020;153046;UNIVERSIDADE FEDERAL DO ESPIRITO SANTO;12;EDUCACAO;364;ENSINO SUPERIOR;5013;EDUCACAO SUPERIOR - GRADUACAO, POS-GRADUACAO, ENSINO, PESQUI;0487;CONCESSAO DE BOLSAS DE ESTUDO NO ENSINO SUPERIOR;0002;CONCESSAO DE BOLSAS DE ESTUDO NO PAIS;12364501304870001;170062;OCCCUO9414N;BF SUPERIOR - PROAP;90;APLICACOES DIRETAS;3;DESPESAS CORRENTES;3;OUTRAS DESPESAS CORRENTES;36;OUTROS SERVICOS DE TERCEIROS - P.FISICA;339036;OUTROS SERVICOS DE TERCEIROS - PESSOA FISICA;00;RECURSOS PRIMARIOS DE LIVRE APLICACAO;;;;;28,093.20;13,899.50;14,193.70;14,193.70
2020;153046;UNIVERSIDADE FEDERAL DO ESPIRITO SANTO;12;EDUCACAO;364;ENSINO SUPERIOR;5013;EDUCACAO SUPERIOR - GRADUACAO, POS-GRADUACAO, ENSINO, PESQUI;0487;CONCESSAO DE BOLSAS DE ESTUDO NO ENSINO SUPERIOR;0002;CONCESSAO DE BOLSAS DE ESTUDO NO PAIS;12364501304870001;170062;OCCCUO9414N;BF SUPERIOR - PROAP;90;APLICACOES DIRETAS;3;DESPESAS CORRENTES;3;OUTRAS DESPESAS CORRENTES;39;OUTROS SERVICOS DE TERCEIROS PJ - OP.INT.ORC.;339039;OUTROS SERVICOS DE TERCEIROS - PESSOA JURIDICA;00;RECURSOS PRIMARIOS DE LIVRE APLICACAO;;;;;3,997,141.22;814,733.82;73,775.00;68,775.00
2020;153046;UNIVERSIDADE FEDERAL DO ESPIRITO SANTO;12;EDUCACAO;368;EDUCACAO BASICA;5011;EDUCACAO BASICA DE QUALIDADE;20RJ;APOIO A CAPACITACAO E FORMACAO INICIAL E CONTINUADA PARA A E;0004;EDUCACAO BASICA A DISTANCIA - SISTEMA UNIVERSIDADE ABERTA DO BRASIL (UAB);12368501120RJ0001;186018;MCC62G22EDN;UAB - UAB TRADICIONAL;90;APLICACOES DIRETAS;3;DESPESAS CORRENTES;3;OUTRAS DESPESAS CORRENTES;39;OUTROS SERVICOS DE TERCEIROS PJ - OP.INT.ORC.;339039;OUTROS SERVICOS DE TERCEIROS - PESSOA JURIDICA;00;RECURSOS PRIMARIOS DE LIVRE APLICACAO;;;;;3,917,306.18;1,174,084.08;2,743,222.10;415,984.08
2020;153052;UNIVERSIDADE FEDERAL DE GOIAS;12;EDUCACAO;364;ENSINO SUPERIOR;5013;EDUCACAO SUPERIOR - GRADUACAO, POS-GRADUACAO, ENSINO, PESQUI;0487;CONCESSAO DE BOLSAS DE ESTUDO NO ENSINO SUPERIOR;0002;CONCESSAO DE BOLSAS DE ESTUDO NO PAIS;12364501304870001;170062;OCCCUO9414N;BF SUPERIOR - PROAP;90;APLICACOES DIRETAS;3;DESPESAS CORRENTES;3;OUTRAS DESPESAS CORRENTES;14;DIARIAS - PESSOAL CIVIL;339014;DIARIAS - PESSOAL CIVIL;00;RECURSOS PRIMARIOS DE LIVRE APLICACAO;;;;;110,713.37;70,793.15;39,920.22;39,342.36
2020;153052;UNIVERSIDADE FEDERAL DE GOIAS;12;EDUCACAO;364;ENSINO SUPERIOR;5013;EDUCACAO SUPERIOR - GRADUACAO, POS-GRADUACAO, ENSINO, PESQUI;0487;CONCESSAO DE BOLSAS DE ESTUDO NO ENSINO SUPERIOR;0002;CONCESSAO DE BOLSAS DE ESTUDO NO PAIS;12364501304870001;170062;OCCCUO9414N;BF SUPERIOR - PROAP;90;APLICACOES DIRETAS;3;DESPESAS CORRENTES;3;OUTRAS DESPESAS CORRENTES;18;AUXILIO FINANCEIRO A ESTUDANTES;339018;AUXILIO FINANCEIRO A ESTUDANTES;00;RECURSOS PRIMARIOS DE LIVRE APLICACAO;;;;;813,861.75;313,122.41;500,739.34;470,294.34
2020;153052;UNIVERSIDADE FEDERAL DE GOIAS;12;EDUCACAO;364;ENSINO SUPERIOR;5013;EDUCACAO SUPERIOR - GRADUACAO, POS-GRADUACAO, ENSINO, PESQUI;0487;CONCESSAO DE BOLSAS DE ESTUDO NO ENSINO SUPERIOR;0002;CONCESSAO DE BOLSAS DE ESTUDO NO PAIS;12364501304870001;170062;OCCCUO9414N;BF SUPERIOR - PROAP;90;APLICACOES DIRETAS;3;DESPESAS CORRENTES;3;OUTRAS DESPESAS CORRENTES;20;AUXILIO FINANCEIRO A PESQUISADORES;339020;AUXILIO FINANCEIRO A PESQUISADORES;00;RECURSOS PRIMARIOS DE LIVRE APLICACAO;;;;;1,681,079.55;749,991.91;918,643.46;868,572.50
2020;153052;UNIVERSIDADE FEDERAL DE GOIAS;12;EDUCACAO;364;ENSINO SUPERIOR;5013;EDUCACAO SUPERIOR - GRADUACAO, POS-GRADUACAO, ENSINO, PESQUI;0487;CONCESSAO DE BOLSAS DE ESTUDO NO ENSINO SUPERIOR;0002;CONCESSAO DE BOLSAS DE ESTUDO NO PAIS;12364501304870001;170062;OCCCUO9414N;BF SUPERIOR - PROAP;90;APLICACOES DIRETAS;3;DESPESAS CORRENTES;3;OUTRAS DESPESAS CORRENTES;30;MATERIAL DE CONSUMO;339030;MATERIAL DE CONSUMO;00;RECURSOS PRIMARIOS DE LIVRE APLICACAO;;;;;2,885,999.71;307,626.02;474,579.59;444,409.91
2020;153052;UNIVERSIDADE FEDERAL DE GOIAS;12;EDUCACAO;364;ENSINO SUPERIOR;5013;EDUCACAO SUPERIOR - GRADUACAO, POS-GRADUACAO, ENSINO, PESQUI;0487;CONCESSAO DE BOLSAS DE ESTUDO NO ENSINO SUPERIOR;0002;CONCESSAO DE BOLSAS DE ESTUDO NO PAIS;12364501304870001;170062;OCCCUO9414N;BF SUPERIOR - PROAP;90;APLICACOES DIRETAS;3;DESPESAS CORRENTES;3;OUTRAS DESPESAS CORRENTES;39;OUTROS SERVICOS DE TERCEIROS PJ - OP.INT.ORC.;339039;OUTROS SERVICOS DE TERCEIROS - PESSOA JURIDICA;00;RECURSOS PRIMARIOS DE LIVRE APLICACAO;;;;;589,057.65;127,273.08;61,438.95;29,098.95
2020;153052;UNIVERSIDADE FEDERAL DE GOIAS;12;EDUCACAO;364;ENSINO SUPERIOR;5013;EDUCACAO SUPERIOR - GRADUACAO, POS-GRADUACAO, ENSINO, PESQUI;0487;CONCESSAO DE BOLSAS DE ESTUDO NO ENSINO SUPERIOR;0002;CONCESSAO DE BOLSAS DE ESTUDO NO PAIS;12364501304870001;170062;OCCCUO9414N;BF SUPERIOR - PROAP;90;APLICACOES DIRETAS;3;DESPESAS CORRENTES;3;OUTRAS DESPESAS CORRENTES;40;SERVICOS DE TECNOLOGIA DA INFORMACAO E COMUNICACAO - PJ;339040;SERVICOS DE TECNOLOGIA DA INFORMACAO E COMUNICACAO - PJ;00;RECURSOS PRIMARIOS DE LIVRE APLICACAO;;;;;1,507,784.12;66,789.26;44,414.79;27,314.79
2020;153052;UNIVERSIDADE FEDERAL DE GOIAS;12;EDUCACAO;364;ENSINO SUPERIOR;5013;EDUCACAO SUPERIOR - GRADUACAO, POS-GRADUACAO, ENSINO, PESQUI;0487;CONCESSAO DE BOLSAS DE ESTUDO NO ENSINO SUPERIOR;0002;CONCESSAO DE BOLSAS DE ESTUDO NO PAIS;12364501304870001;170062;OCCCUO9414N;BF SUPERIOR - PROAP;90;APLICACOES DIRETAS;3;DESPESAS CORRENTES;3;OUTRAS DESPESAS CORRENTES;93;INDENIZACOES E RESTITUICOES;339093;INDENIZACOES E RESTITUICOES;00;RECURSOS PRIMARIOS DE LIVRE APLICACAO;;;;;1,571,330.77;66,829.79;1,502,076.98;1,339,260.37
2020;153052;UNIVERSIDADE FEDERAL DE GOIAS;12;EDUCACAO;368;EDUCACAO BASICA;5011;EDUCACAO BASICA DE QUALIDADE;20RJ;APOIO A CAPACITACAO E FORMACAO INICIAL E CONTINUADA PARA A E;0004;EDUCACAO BASICA A DISTANCIA - SISTEMA UNIVERSIDADE ABERTA DO BRASIL (UAB);12368501120RJ0001;186018;MCC62G22EDN;UAB - UAB TRADICIONAL;90;APLICACOES DIRETAS;3;DESPESAS CORRENTES;3;OUTRAS DESPESAS CORRENTES;14;DIARIAS - PESSOAL CIVIL;339014;DIARIAS - PESSOAL CIVIL;00;RECURSOS PRIMARIOS DE LIVRE APLICACAO;;;;;61,596.00;61,596.00;;
2020;153052;UNIVERSIDADE FEDERAL DE GOIAS;12;EDUCACAO;368;EDUCACAO BASICA;5011;EDUCACAO BASICA DE QUALIDADE;20RJ;APOIO A CAPACITACAO E FORMACAO INICIAL E CONTINUADA PARA A E;0004;EDUCACAO BASICA A DISTANCIA - SISTEMA UNIVERSIDADE ABERTA DO BRASIL (UAB);12368501120RJ0001;186018;MCC62G22EDN;UAB - UAB TRADICIONAL;90;APLICACOES DIRETAS;3;DESPESAS CORRENTES;3;OUTRAS DESPESAS CORRENTES;36;OUTROS SERVICOS DE TERCEIROS - P.FISICA;339036;OUTROS SERVICOS DE TERCEIROS - PESSOA FISICA;00;RECURSOS PRIMARIOS DE LIVRE APLICACAO;;;;;253,818.00;253,818.00;;
2020;153052;UNIVERSIDADE FEDERAL DE GOIAS;12;EDUCACAO;368;EDUCACAO BASICA;5011;EDUCACAO BASICA DE QUALIDADE;20RJ;APOIO A CAPACITACAO E FORMACAO INICIAL E CONTINUADA PARA A E;0004;EDUCACAO BASICA A DISTANCIA - SISTEMA UNIVERSIDADE ABERTA DO BRASIL (UAB);12368501120RJ0001;186018;MCC62G22EDN;UAB - UAB TRADICIONAL;90;APLICACOES DIRETAS;3;DESPESAS CORRENTES;3;OUTRAS DESPESAS CORRENTES;39;OUTROS SERVICOS DE TERCEIROS PJ - OP.INT.ORC.;339039;OUTROS SERVICOS DE TERCEIROS - PESSOA JURIDICA;00;RECURSOS PRIMARIOS DE LIVRE APLICACAO;;;;;1,796,812.00;0.00;956,812.00;801,554.00
2020;153052;UNIVERSIDADE FEDERAL DE GOIAS;12;EDUCACAO;368;EDUCACAO BASICA;5011;EDUCACAO BASICA DE QUALIDADE;20RJ;APOIO A CAPACITACAO E FORMACAO INICIAL E CONTINUADA PARA A E;0004;EDUCACAO BASICA A DISTANCIA - SISTEMA UNIVERSIDADE ABERTA DO BRASIL (UAB);12368501120RJ0001;186018;MCC62G22EDN;UAB - UAB TRADICIONAL;90;APLICACOES DIRETAS;4;DESPESAS DE CAPITAL;4;INVESTIMENTOS;52;EQUIPAMENTOS E MATERIAL PERMANENTE;449052;EQUIPAMENTOS E MATERIAL PERMANENTE;00;RECURSOS PRIMARIOS DE LIVRE APLICACAO;;;;;675,000.00;0.00;675,000.00;
2020;153052;UNIVERSIDADE FEDERAL DE GOIAS;12;EDUCACAO;368;EDUCACAO BASICA;5011;EDUCACAO BASICA DE QUALIDADE;20RJ;APOIO A CAPACITACAO E FORMACAO INICIAL E CONTINUADA PARA A E;0004;EDUCACAO BASICA A DISTANCIA - SISTEMA UNIVERSIDADE ABERTA DO BRASIL (UAB);12368501120RJ0001;186018;QCC62T58HIN;UAB - UAB PROFHISTORIA;90;APLICACOES DIRETAS;3;DESPESAS CORRENTES;3;OUTRAS DESPESAS CORRENTES;39;OUTROS SERVICOS DE TERCEIROS PJ - OP.INT.ORC.;339039;OUTROS SERVICOS DE TERCEIROS - PESSOA JURIDICA;00;RECURSOS PRIMARIOS DE LIVRE APLICACAO;;;;;33,198.00;6,783.00;;
2020;153052;UNIVERSIDADE FEDERAL DE GOIAS;12;EDUCACAO;368;EDUCACAO BASICA;5011;EDUCACAO BASICA DE QUALIDADE;20RJ;APOIO A CAPACITACAO E FORMACAO INICIAL E CONTINUADA PARA A E;0004;EDUCACAO BASICA A DISTANCIA - SISTEMA UNIVERSIDADE ABERTA DO BRASIL (UAB);12368501120RJ0001;186018;QCC62T58MAN;UAB - UAB PROFMAT;90;APLICACOES DIRETAS;3;DESPESAS CORRENTES;3;OUTRAS DESPESAS CORRENTES;39;OUTROS SERVICOS DE TERCEIROS PJ - OP.INT.ORC.;339039;OUTROS SERVICOS DE TERCEIROS - PESSOA JURIDICA;00;RECURSOS PRIMARIOS DE LIVRE APLICACAO;;;;;8,407.74;0.00;;
2020;153061;UNIVERSIDADE FEDERAL DE JUIZ DE FORA;12;EDUCACAO;364;ENSINO SUPERIOR;5013;EDUCACAO SUPERIOR - GRADUACAO, POS-GRADUACAO, ENSINO, PESQUI;0487;CONCESSAO DE BOLSAS DE ESTUDO NO ENSINO SUPERIOR;0002;CONCESSAO DE BOLSAS DE ESTUDO NO PAIS;12364501304870001;170062;OCCCUO9414N;BF SUPERIOR - PROAP;90;APLICACOES DIRETAS;3;DESPESAS CORRENTES;3;OUTRAS DESPESAS CORRENTES;14;DIARIAS - PESSOAL CIVIL;339014;DIARIAS - PESSOAL CIVIL;00;RECURSOS PRIMARIOS DE LIVRE APLICACAO;;;;;27,900.00;27,900.00;;
2020;153061;UNIVERSIDADE FEDERAL DE JUIZ DE FORA;12;EDUCACAO;364;ENSINO SUPERIOR;5013;EDUCACAO SUPERIOR - GRADUACAO, POS-GRADUACAO, ENSINO, PESQUI;0487;CONCESSAO DE BOLSAS DE ESTUDO NO ENSINO SUPERIOR;0002;CONCESSAO DE BOLSAS DE ESTUDO NO PAIS;12364501304870001;170062;OCCCUO9414N;BF SUPERIOR - PROAP;90;APLICACOES DIRETAS;3;DESPESAS CORRENTES;3;OUTRAS DESPESAS CORRENTES;30;MATERIAL DE CONSUMO;339030;MATERIAL DE CONSUMO;00;RECURSOS PRIMARIOS DE LIVRE APLICACAO;;;;;308,429.47;68,656.51;4,770.00;4,770.00
2020;153061;UNIVERSIDADE FEDERAL DE JUIZ DE FORA;12;EDUCACAO;364;ENSINO SUPERIOR;5013;EDUCACAO SUPERIOR - GRADUACAO, POS-GRADUACAO, ENSINO, PESQUI;0487;CONCESSAO DE BOLSAS DE ESTUDO NO ENSINO SUPERIOR;0002;CONCESSAO DE BOLSAS DE ESTUDO NO PAIS;12364501304870001;170062;OCCCUO9414N;BF SUPERIOR - PROAP;90;APLICACOES DIRETAS;3;DESPESAS CORRENTES;3;OUTRAS DESPESAS CORRENTES;36;OUTROS SERVICOS DE TERCEIROS - P.FISICA;339036;OUTROS SERVICOS DE TERCEIROS - PESSOA FISICA;00;RECURSOS PRIMARIOS DE LIVRE APLICACAO;;;;;6,323.43;6,323.43;;
2020;153061;UNIVERSIDADE FEDERAL DE JUIZ DE FORA;12;EDUCACAO;364;ENSINO SUPERIOR;5013;EDUCACAO SUPERIOR - GRADUACAO, POS-GRADUACAO, ENSINO, PESQUI;0487;CONCESSAO DE BOLSAS DE ESTUDO NO ENSINO SUPERIOR;0002;CONCESSAO DE BOLSAS DE ESTUDO NO PAIS;12364501304870001;170062;OCCCUO9414N;BF SUPERIOR - PROAP;90;APLICACOES DIRETAS;3;DESPESAS CORRENTES;3;OUTRAS DESPESAS CORRENTES;39;OUTROS SERVICOS DE TERCEIROS PJ - OP.INT.ORC.;339039;OUTROS SERVICOS DE TERCEIROS - PESSOA JURIDICA;00;RECURSOS PRIMARIOS DE LIVRE APLICACAO;;;;;1,645,719.82;48,888.31;93,054.57;93,054.57
2020;153061;UNIVERSIDADE FEDERAL DE JUIZ DE FORA;12;EDUCACAO;364;ENSINO SUPERIOR;5013;EDUCACAO SUPERIOR - GRADUACAO, POS-GRADUACAO, ENSINO, PESQUI;0487;CONCESSAO DE BOLSAS DE ESTUDO NO ENSINO SUPERIOR;0002;CONCESSAO DE BOLSAS DE ESTUDO NO PAIS;12364501304870001;170062;OCCCUO9414N;BF SUPERIOR - PROAP;90;APLICACOES DIRETAS;3;DESPESAS CORRENTES;3;OUTRAS DESPESAS CORRENTES;40;SERVICOS DE TECNOLOGIA DA INFORMACAO E COMUNICACAO - PJ;339040;SERVICOS DE TECNOLOGIA DA INFORMACAO E COMUNICACAO - PJ;00;RECURSOS PRIMARIOS DE LIVRE APLICACAO;;;;;155,330.70;0.00;155,330.70;155,330.70
2020;153061;UNIVERSIDADE FEDERAL DE JUIZ DE FORA;12;EDUCACAO;364;ENSINO SUPERIOR;5013;EDUCACAO SUPERIOR - GRADUACAO, POS-GRADUACAO, ENSINO, PESQUI;0487;CONCESSAO DE BOLSAS DE ESTUDO NO ENSINO SUPERIOR;0002;CONCESSAO DE BOLSAS DE ESTUDO NO PAIS;12364501304870001;170062;OCCCUO9414N;BF SUPERIOR - PROAP;90;APLICACOES DIRETAS;3;DESPESAS CORRENTES;3;OUTRAS DESPESAS CORRENTES;93;INDENIZACOES E RESTITUICOES;339093;INDENIZACOES E RESTITUICOES;00;RECURSOS PRIMARIOS DE LIVRE APLICACAO;;;;;1,823,623.05;24,254.57;411,198.43;406,475.07
2020;153061;UNIVERSIDADE FEDERAL DE JUIZ DE FORA;12;EDUCACAO;368;EDUCACAO BASICA;5011;EDUCACAO BASICA DE QUALIDADE;20RJ;APOIO A CAPACITACAO E FORMACAO INICIAL E CONTINUADA PARA A E;0004;EDUCACAO BASICA A DISTANCIA - SISTEMA UNIVERSIDADE ABERTA DO BRASIL (UAB);12368501120RJ0001;186018;MCC62G22EDN;UAB - UAB TRADICIONAL;90;APLICACOES DIRETAS;3;DESPESAS CORRENTES;3;OUTRAS DESPESAS CORRENTES;14;DIARIAS - PESSOAL CIVIL;339014;DIARIAS - PESSOAL CIVIL;00;RECURSOS PRIMARIOS DE LIVRE APLICACAO;;;;;0.00;0.00;;
2020;153061;UNIVERSIDADE FEDERAL DE JUIZ DE FORA;12;EDUCACAO;368;EDUCACAO BASICA;5011;EDUCACAO BASICA DE QUALIDADE;20RJ;APOIO A CAPACITACAO E FORMACAO INICIAL E CONTINUADA PARA A E;0004;EDUCACAO BASICA A DISTANCIA - SISTEMA UNIVERSIDADE ABERTA DO BRASIL (UAB);12368501120RJ0001;186018;MCC62G22EDN;UAB - UAB TRADICIONAL;90;APLICACOES DIRETAS;3;DESPESAS CORRENTES;3;OUTRAS DESPESAS CORRENTES;37;LOCACAO DE MAO-DE-OBRA;339037;LOCACAO DE MAO-DE-OBRA;00;RECURSOS PRIMARIOS DE LIVRE APLICACAO;;;;;6,753,751.03;1,515,739.23;3,169,447.72;2,720,950.69
2020;153061;UNIVERSIDADE FEDERAL DE JUIZ DE FORA;12;EDUCACAO;368;EDUCACAO BASICA;5011;EDUCACAO BASICA DE QUALIDADE;20RJ;APOIO A CAPACITACAO E FORMACAO INICIAL E CONTINUADA PARA A E;0004;EDUCACAO BASICA A DISTANCIA - SISTEMA UNIVERSIDADE ABERTA DO BRASIL (UAB);12368501120RJ0001;186018;QCC62T58LEN;UAB - UAB PROFLETRAS;90;APLICACOES DIRETAS;3;DESPESAS CORRENTES;3;OUTRAS DESPESAS CORRENTES;14;DIARIAS - PESSOAL CIVIL;339014;DIARIAS - PESSOAL CIVIL;00;RECURSOS PRIMARIOS DE LIVRE APLICACAO;;;;;69,245.00;52,733.00;;
2020;153061;UNIVERSIDADE FEDERAL DE JUIZ DE FORA;12;EDUCACAO;368;EDUCACAO BASICA;5011;EDUCACAO BASICA DE QUALIDADE;20RJ;APOIO A CAPACITACAO E FORMACAO INICIAL E CONTINUADA PARA A E;0004;EDUCACAO BASICA A DISTANCIA - SISTEMA UNIVERSIDADE ABERTA DO BRASIL (UAB);12368501120RJ0001;186018;QCC62T58LEN;UAB - UAB PROFLETRAS;90;APLICACOES DIRETAS;3;DESPESAS CORRENTES;3;OUTRAS DESPESAS CORRENTES;18;AUXILIO FINANCEIRO A ESTUDANTES;339018;AUXILIO FINANCEIRO A ESTUDANTES;00;RECURSOS PRIMARIOS DE LIVRE APLICACAO;;;;;83,450.00;58,415.00;;
2020;153061;UNIVERSIDADE FEDERAL DE JUIZ DE FORA;12;EDUCACAO;368;EDUCACAO BASICA;5011;EDUCACAO BASICA DE QUALIDADE;20RJ;APOIO A CAPACITACAO E FORMACAO INICIAL E CONTINUADA PARA A E;0004;EDUCACAO BASICA A DISTANCIA - SISTEMA UNIVERSIDADE ABERTA DO BRASIL (UAB);12368501120RJ0001;186018;QCC62T58LEN;UAB - UAB PROFLETRAS;90;APLICACOES DIRETAS;3;DESPESAS CORRENTES;3;OUTRAS DESPESAS CORRENTES;33;PASSAGENS E DESPESAS COM LOCOMOCAO;339033;PASSAGENS E DESPESAS COM LOCOMOCAO;00;RECURSOS PRIMARIOS DE LIVRE APLICACAO;;;;;157,897.50;118,237.50;;
2020;153061;UNIVERSIDADE FEDERAL DE JUIZ DE FORA;12;EDUCACAO;368;EDUCACAO BASICA;5011;EDUCACAO BASICA DE QUALIDADE;20RJ;APOIO A CAPACITACAO E FORMACAO INICIAL E CONTINUADA PARA A E;0004;EDUCACAO BASICA A DISTANCIA - SISTEMA UNIVERSIDADE ABERTA DO BRASIL (UAB);12368501120RJ0001;186018;QCC62T58MAN;UAB - UAB PROFMAT;90;APLICACOES DIRETAS;3;DESPESAS CORRENTES;3;OUTRAS DESPESAS CORRENTES;14;DIARIAS - PESSOAL CIVIL;339014;DIARIAS - PESSOAL CIVIL;00;RECURSOS PRIMARIOS DE LIVRE APLICACAO;;;;;15,056.80;15,056.80;;
2020;153061;UNIVERSIDADE FEDERAL DE JUIZ DE FORA;12;EDUCACAO;368;EDUCACAO BASICA;5011;EDUCACAO BASICA DE QUALIDADE;20RJ;APOIO A CAPACITACAO E FORMACAO INICIAL E CONTINUADA PARA A E;0004;EDUCACAO BASICA A DISTANCIA - SISTEMA UNIVERSIDADE ABERTA DO BRASIL (UAB);12368501120RJ0001;186018;QCC62T58MAN;UAB - UAB PROFMAT;90;APLICACOES DIRETAS;3;DESPESAS CORRENTES;3;OUTRAS DESPESAS CORRENTES;18;AUXILIO FINANCEIRO A ESTUDANTES;339018;AUXILIO FINANCEIRO A ESTUDANTES;00;RECURSOS PRIMARIOS DE LIVRE APLICACAO;;;;;4,800.00;4,800.00;;
2020;153063;UNIVERSIDADE FEDERAL DO PARA;12;EDUCACAO;364;ENSINO SUPERIOR;5013;EDUCACAO SUPERIOR - GRADUACAO, POS-GRADUACAO, ENSINO, PESQUI;0487;CONCESSAO DE BOLSAS DE ESTUDO NO ENSINO SUPERIOR;0002;CONCESSAO DE BOLSAS DE ESTUDO NO PAIS;12364501304870001;170062;OCCCUO9414N;BF SUPERIOR - PROAP;50;TRANSFERENCIA INSTITUICOES PRIVADAS SEM FINS LUCRATIVOS;3;DESPESAS CORRENTES;3;OUTRAS DESPESAS CORRENTES;41;CONTRIBUICOES;335041;CONTRIBUICOES;00;RECURSOS PRIMARIOS DE LIVRE APLICACAO;;;;;41,225.20;5,802.80;26,264.00;26,264.00
2020;153063;UNIVERSIDADE FEDERAL DO PARA;12;EDUCACAO;364;ENSINO SUPERIOR;5013;EDUCACAO SUPERIOR - GRADUACAO, POS-GRADUACAO, ENSINO, PESQUI;0487;CONCESSAO DE BOLSAS DE ESTUDO NO ENSINO SUPERIOR;0002;CONCESSAO DE BOLSAS DE ESTUDO NO PAIS;12364501304870001;170062;OCCCUO9414N;BF SUPERIOR - PROAP;90;APLICACOES DIRETAS;3;DESPESAS CORRENTES;3;OUTRAS DESPESAS CORRENTES;14;DIARIAS - PESSOAL CIVIL;339014;DIARIAS - PESSOAL CIVIL;00;RECURSOS PRIMARIOS DE LIVRE APLICACAO;;;;;120,000.00;120,000.00;;
2020;153063;UNIVERSIDADE FEDERAL DO PARA;12;EDUCACAO;364;ENSINO SUPERIOR;5013;EDUCACAO SUPERIOR - GRADUACAO, POS-GRADUACAO, ENSINO, PESQUI;0487;CONCESSAO DE BOLSAS DE ESTUDO NO ENSINO SUPERIOR;0002;CONCESSAO DE BOLSAS DE ESTUDO NO PAIS;12364501304870001;170062;OCCCUO9414N;BF SUPERIOR - PROAP;90;APLICACOES DIRETAS;3;DESPESAS CORRENTES;3;OUTRAS DESPESAS CORRENTES;18;AUXILIO FINANCEIRO A ESTUDANTES;339018;AUXILIO FINANCEIRO A ESTUDANTES;00;RECURSOS PRIMARIOS DE LIVRE APLICACAO;;;;;50,347.52;44,723.91;4,964.00;4,964.00
2020;153063;UNIVERSIDADE FEDERAL DO PARA;12;EDUCACAO;364;ENSINO SUPERIOR;5013;EDUCACAO SUPERIOR - GRADUACAO, POS-GRADUACAO, ENSINO, PESQUI;0487;CONCESSAO DE BOLSAS DE ESTUDO NO ENSINO SUPERIOR;0002;CONCESSAO DE BOLSAS DE ESTUDO NO PAIS;12364501304870001;170062;OCCCUO9414N;BF SUPERIOR - PROAP;90;APLICACOES DIRETAS;3;DESPESAS CORRENTES;3;OUTRAS DESPESAS CORRENTES;30;MATERIAL DE CONSUMO;339030;MATERIAL DE CONSUMO;00;RECURSOS PRIMARIOS DE LIVRE APLICACAO;;;;;2,615,100.74;570,279.28;365,961.37;342,552.87
2020;153063;UNIVERSIDADE FEDERAL DO PARA;12;EDUCACAO;364;ENSINO SUPERIOR;5013;EDUCACAO SUPERIOR - GRADUACAO, POS-GRADUACAO, ENSINO, PESQUI;0487;CONCESSAO DE BOLSAS DE ESTUDO NO ENSINO SUPERIOR;0002;CONCESSAO DE BOLSAS DE ESTUDO NO PAIS;12364501304870001;170062;OCCCUO9414N;BF SUPERIOR - PROAP;90;APLICACOES DIRETAS;3;DESPESAS CORRENTES;3;OUTRAS DESPESAS CORRENTES;33;PASSAGENS E DESPESAS COM LOCOMOCAO;339033;PASSAGENS E DESPESAS COM LOCOMOCAO;00;RECURSOS PRIMARIOS DE LIVRE APLICACAO;;;;;80,000.00;50,000.00;;
2020;153063;UNIVERSIDADE FEDERAL DO PARA;12;EDUCACAO;364;ENSINO SUPERIOR;5013;EDUCACAO SUPERIOR - GRADUACAO, POS-GRADUACAO, ENSINO, PESQUI;0487;CONCESSAO DE BOLSAS DE ESTUDO NO ENSINO SUPERIOR;0002;CONCESSAO DE BOLSAS DE ESTUDO NO PAIS;12364501304870001;170062;OCCCUO9414N;BF SUPERIOR - PROAP;90;APLICACOES DIRETAS;3;DESPESAS CORRENTES;3;OUTRAS DESPESAS CORRENTES;36;OUTROS SERVICOS DE TERCEIROS - P.FISICA;339036;OUTROS SERVICOS DE TERCEIROS - PESSOA FISICA;00;RECURSOS PRIMARIOS DE LIVRE APLICACAO;;;;;562,591.39;168,412.54;201,687.81;181,546.80
2020;153063;UNIVERSIDADE FEDERAL DO PARA;12;EDUCACAO;364;ENSINO SUPERIOR;5013;EDUCACAO SUPERIOR - GRADUACAO, POS-GRADUACAO, ENSINO, PESQUI;0487;CONCESSAO DE BOLSAS DE ESTUDO NO ENSINO SUPERIOR;0002;CONCESSAO DE BOLSAS DE ESTUDO NO PAIS;12364501304870001;170062;OCCCUO9414N;BF SUPERIOR - PROAP;90;APLICACOES DIRETAS;3;DESPESAS CORRENTES;3;OUTRAS DESPESAS CORRENTES;39;OUTROS SERVICOS DE TERCEIROS PJ - OP.INT.ORC.;339039;OUTROS SERVICOS DE TERCEIROS - PESSOA JURIDICA;00;RECURSOS PRIMARIOS DE LIVRE APLICACAO;;;;;8,837,532.91;1,448,497.17;5,854,110.82;4,657,053.92
2020;153063;UNIVERSIDADE FEDERAL DO PARA;12;EDUCACAO;364;ENSINO SUPERIOR;5013;EDUCACAO SUPERIOR - GRADUACAO, POS-GRADUACAO, ENSINO, PESQUI;0487;CONCESSAO DE BOLSAS DE ESTUDO NO ENSINO SUPERIOR;0002;CONCESSAO DE BOLSAS DE ESTUDO NO PAIS;12364501304870001;170062;OCCCUO9414N;BF SUPERIOR - PROAP;90;APLICACOES DIRETAS;3;DESPESAS CORRENTES;3;OUTRAS DESPESAS CORRENTES;40;SERVICOS DE TECNOLOGIA DA INFORMACAO E COMUNICACAO - PJ;339040;SERVICOS DE TECNOLOGIA DA INFORMACAO E COMUNICACAO - PJ;00;RECURSOS PRIMARIOS DE LIVRE APLICACAO;;;;;380,693.85;46,920.00;49,980.00;49,980.00
2020;153063;UNIVERSIDADE FEDERAL DO PARA;12;EDUCACAO;368;EDUCACAO BASICA;5011;EDUCACAO BASICA DE QUALIDADE;20RJ;APOIO A CAPACITACAO E FORMACAO INICIAL E CONTINUADA PARA A E;0003;EDUCACAO BASICA PRESENCIAL;12368501120RJ0001;170065;PCC92B5801N;PARFOR - PARFOR;90;APLICACOES DIRETAS;3;DESPESAS CORRENTES;3;OUTRAS DESPESAS CORRENTES;39;OUTROS SERVICOS DE TERCEIROS PJ - OP.INT.ORC.;339039;OUTROS SERVICOS DE TERCEIROS - PESSOA JURIDICA;00;RECURSOS PRIMARIOS DE LIVRE APLICACAO;;;;;1,200,000.00;0.00;1,200,000.00;1,100,000.00
2020;153063;UNIVERSIDADE FEDERAL DO PARA;12;EDUCACAO;368;EDUCACAO BASICA;5011;EDUCACAO BASICA DE QUALIDADE;20RJ;APOIO A CAPACITACAO E FORMACAO INICIAL E CONTINUADA PARA A E;0003;EDUCACAO BASICA PRESENCIAL;12368501120RJ0001;186016;PCC92B5801N;PARFOR - PARFOR;90;APLICACOES DIRETAS;3;DESPESAS CORRENTES;3;OUTRAS DESPESAS CORRENTES;39;OUTROS SERVICOS DE TERCEIROS PJ - OP.INT.ORC.;339039;OUTROS SERVICOS DE TERCEIROS - PESSOA JURIDICA;00;RECURSOS PRIMARIOS DE LIVRE APLICACAO;;;;;3,350,000.00;0.00;3,350,000.00;3,015,000.00
2020;153063;UNIVERSIDADE FEDERAL DO PARA;12;EDUCACAO;368;EDUCACAO BASICA;5011;EDUCACAO BASICA DE QUALIDADE;20RJ;APOIO A CAPACITACAO E FORMACAO INICIAL E CONTINUADA PARA A E;0003;EDUCACAO BASICA PRESENCIAL;12368501120RJ0001;186017;PCC92B5801N;PARFOR - PARFOR;90;APLICACOES DIRETAS;3;DESPESAS CORRENTES;3;OUTRAS DESPESAS CORRENTES;39;OUTROS SERVICOS DE TERCEIROS PJ - OP.INT.ORC.;339039;OUTROS SERVICOS DE TERCEIROS - PESSOA JURIDICA;44;TITULOS DE RESPONSAB.DO TN-OUTRAS APLICACOES;;;;;1,739,999.96;0.00;1,739,999.96;1,304,999.97
2020;153063;UNIVERSIDADE FEDERAL DO PARA;12;EDUCACAO;368;EDUCACAO BASICA;5011;EDUCACAO BASICA DE QUALIDADE;20RJ;APOIO A CAPACITACAO E FORMACAO INICIAL E CONTINUADA PARA A E;0004;EDUCACAO BASICA A DISTANCIA - SISTEMA UNIVERSIDADE ABERTA DO BRASIL (UAB);12368501120RJ0001;170067;MCC62G22EDN;UAB - UAB TRADICIONAL;90;APLICACOES DIRETAS;3;DESPESAS CORRENTES;3;OUTRAS DESPESAS CORRENTES;39;OUTROS SERVICOS DE TERCEIROS PJ - OP.INT.ORC.;339039;OUTROS SERVICOS DE TERCEIROS - PESSOA JURIDICA;00;RECURSOS PRIMARIOS DE LIVRE APLICACAO;;;;;3,402,000.00;0.00;3,402,000.00;3,118,500.00
2020;153063;UNIVERSIDADE FEDERAL DO PARA;12;EDUCACAO;368;EDUCACAO BASICA;5011;EDUCACAO BASICA DE QUALIDADE;20RJ;APOIO A CAPACITACAO E FORMACAO INICIAL E CONTINUADA PARA A E;0004;EDUCACAO BASICA A DISTANCIA - SISTEMA UNIVERSIDADE ABERTA DO BRASIL (UAB);12368501120RJ0001;186018;MCC62G22EDN;UAB - UAB TRADICIONAL;90;APLICACOES DIRETAS;3;DESPESAS CORRENTES;3;OUTRAS DESPESAS CORRENTES;39;OUTROS SERVICOS DE TERCEIROS PJ - OP.INT.ORC.;339039;OUTROS SERVICOS DE TERCEIROS - PESSOA JURIDICA;00;RECURSOS PRIMARIOS DE LIVRE APLICACAO;;;;;4,242,032.00;145,880.00;3,658,512.00;3,358,512.00
2020;153065;UNIVERSIDADE FEDERAL DA PARAIBA;12;EDUCACAO;364;ENSINO SUPERIOR;5013;EDUCACAO SUPERIOR - GRADUACAO, POS-GRADUACAO, ENSINO, PESQUI;0487;CONCESSAO DE BOLSAS DE ESTUDO NO ENSINO SUPERIOR;0002;CONCESSAO DE BOLSAS DE ESTUDO NO PAIS;12364501304870001;170062;OCCCUO9414N;BF SUPERIOR - PROAP;90;APLICACOES DIRETAS;3;DESPESAS CORRENTES;3;OUTRAS DESPESAS CORRENTES;14;DIARIAS - PESSOAL CIVIL;339014;DIARIAS - PESSOAL CIVIL;00;RECURSOS PRIMARIOS DE LIVRE APLICACAO;;;;;9,000.00;9,000.00;;
2020;153065;UNIVERSIDADE FEDERAL DA PARAIBA;12;EDUCACAO;364;ENSINO SUPERIOR;5013;EDUCACAO SUPERIOR - GRADUACAO, POS-GRADUACAO, ENSINO, PESQUI;0487;CONCESSAO DE BOLSAS DE ESTUDO NO ENSINO SUPERIOR;0002;CONCESSAO DE BOLSAS DE ESTUDO NO PAIS;12364501304870001;170062;OCCCUO9414N;BF SUPERIOR - PROAP;90;APLICACOES DIRETAS;3;DESPESAS CORRENTES;3;OUTRAS DESPESAS CORRENTES;18;AUXILIO FINANCEIRO A ESTUDANTES;339018;AUXILIO FINANCEIRO A ESTUDANTES;00;RECURSOS PRIMARIOS DE LIVRE APLICACAO;;;;;56,764.72;7,508.18;41,576.54;41,576.54
2020;153065;UNIVERSIDADE FEDERAL DA PARAIBA;12;EDUCACAO;364;ENSINO SUPERIOR;5013;EDUCACAO SUPERIOR - GRADUACAO, POS-GRADUACAO, ENSINO, PESQUI;0487;CONCESSAO DE BOLSAS DE ESTUDO NO ENSINO SUPERIOR;0002;CONCESSAO DE BOLSAS DE ESTUDO NO PAIS;12364501304870001;170062;OCCCUO9414N;BF SUPERIOR - PROAP;90;APLICACOES DIRETAS;3;DESPESAS CORRENTES;3;OUTRAS DESPESAS CORRENTES;20;AUXILIO FINANCEIRO A PESQUISADORES;339020;AUXILIO FINANCEIRO A PESQUISADORES;00;RECURSOS PRIMARIOS DE LIVRE APLICACAO;;;;;2,100,000.00;0.00;;
2020;153065;UNIVERSIDADE FEDERAL DA PARAIBA;12;EDUCACAO;364;ENSINO SUPERIOR;5013;EDUCACAO SUPERIOR - GRADUACAO, POS-GRADUACAO, ENSINO, PESQUI;0487;CONCESSAO DE BOLSAS DE ESTUDO NO ENSINO SUPERIOR;0002;CONCESSAO DE BOLSAS DE ESTUDO NO PAIS;12364501304870001;170062;OCCCUO9414N;BF SUPERIOR - PROAP;90;APLICACOES DIRETAS;3;DESPESAS CORRENTES;3;OUTRAS DESPESAS CORRENTES;30;MATERIAL DE CONSUMO;339030;MATERIAL DE CONSUMO;00;RECURSOS PRIMARIOS DE LIVRE APLICACAO;;;;;297,671.49;117,259.93;58,536.38;57,758.14
2020;153065;UNIVERSIDADE FEDERAL DA PARAIBA;12;EDUCACAO;364;ENSINO SUPERIOR;5013;EDUCACAO SUPERIOR - GRADUACAO, POS-GRADUACAO, ENSINO, PESQUI;0487;CONCESSAO DE BOLSAS DE ESTUDO NO ENSINO SUPERIOR;0002;CONCESSAO DE BOLSAS DE ESTUDO NO PAIS;12364501304870001;170062;OCCCUO9414N;BF SUPERIOR - PROAP;90;APLICACOES DIRETAS;3;DESPESAS CORRENTES;3;OUTRAS DESPESAS CORRENTES;36;OUTROS SERVICOS DE TERCEIROS - P.FISICA;339036;OUTROS SERVICOS DE TERCEIROS - PESSOA FISICA;00;RECURSOS PRIMARIOS DE LIVRE APLICACAO;;;;;8,250.00;3,300.00;;
2020;153065;UNIVERSIDADE FEDERAL DA PARAIBA;12;EDUCACAO;364;ENSINO SUPERIOR;5013;EDUCACAO SUPERIOR - GRADUACAO, POS-GRADUACAO, ENSINO, PESQUI;0487;CONCESSAO DE BOLSAS DE ESTUDO NO ENSINO SUPERIOR;0002;CONCESSAO DE BOLSAS DE ESTUDO NO PAIS;12364501304870001;170062;OCCCUO9414N;BF SUPERIOR - PROAP;90;APLICACOES DIRETAS;3;DESPESAS CORRENTES;3;OUTRAS DESPESAS CORRENTES;39;OUTROS SERVICOS DE TERCEIROS PJ - OP.INT.ORC.;339039;OUTROS SERVICOS DE TERCEIROS - PESSOA JURIDICA;00;RECURSOS PRIMARIOS DE LIVRE APLICACAO;;;;;3,220,309.30;975,072.16;1,361,389.86;1,321,935.58
2020;153065;UNIVERSIDADE FEDERAL DA PARAIBA;12;EDUCACAO;364;ENSINO SUPERIOR;5013;EDUCACAO SUPERIOR - GRADUACAO, POS-GRADUACAO, ENSINO, PESQUI;0487;CONCESSAO DE BOLSAS DE ESTUDO NO ENSINO SUPERIOR;0002;CONCESSAO DE BOLSAS DE ESTUDO NO PAIS;12364501304870001;170062;OCCCUO9414N;BF SUPERIOR - PROAP;90;APLICACOES DIRETAS;3;DESPESAS CORRENTES;3;OUTRAS DESPESAS CORRENTES;40;SERVICOS DE TECNOLOGIA DA INFORMACAO E COMUNICACAO - PJ;339040;SERVICOS DE TECNOLOGIA DA INFORMACAO E COMUNICACAO - PJ;00;RECURSOS PRIMARIOS DE LIVRE APLICACAO;;;;;960,096.80;5,000.00;40,201.02;40,201.02
2020;153065;UNIVERSIDADE FEDERAL DA PARAIBA;12;EDUCACAO;364;ENSINO SUPERIOR;5013;EDUCACAO SUPERIOR - GRADUACAO, POS-GRADUACAO, ENSINO, PESQUI;0487;CONCESSAO DE BOLSAS DE ESTUDO NO ENSINO SUPERIOR;0002;CONCESSAO DE BOLSAS DE ESTUDO NO PAIS;12364501304870001;170062;OCCCUO9414N;BF SUPERIOR - PROAP;91;APLICACOES DIRETAS - OPERACOES INTERNAS;3;DESPESAS CORRENTES;3;OUTRAS DESPESAS CORRENTES;47;OBRIGACOES TRIBUTARIAS E CONTRIBUTIVAS;339147;OBRIG.TRIBUT.E CONTRIB-OP.INTRA-ORCAMENTARIAS;00;RECURSOS PRIMARIOS DE LIVRE APLICACAO;;;;;1,650.00;660.00;;
2020;153065;UNIVERSIDADE FEDERAL DA PARAIBA;12;EDUCACAO;368;EDUCACAO BASICA;5011;EDUCACAO BASICA DE QUALIDADE;20RJ;APOIO A CAPACITACAO E FORMACAO INICIAL E CONTINUADA PARA A E;0004;EDUCACAO BASICA A DISTANCIA - SISTEMA UNIVERSIDADE ABERTA DO BRASIL (UAB);12368501120RJ0001;186018;QCC62T58HIN;UAB - UAB PROFHISTORIA;90;APLICACOES DIRETAS;3;DESPESAS CORRENTES;3;OUTRAS DESPESAS CORRENTES;39;OUTROS SERVICOS DE TERCEIROS PJ - OP.INT.ORC.;339039;OUTROS SERVICOS DE TERCEIROS - PESSOA JURIDICA;00;RECURSOS PRIMARIOS DE LIVRE APLICACAO;;;;;25,008.00;6,252.00;;
2020;153065;UNIVERSIDADE FEDERAL DA PARAIBA;12;EDUCACAO;368;EDUCACAO BASICA;5011;EDUCACAO BASICA DE QUALIDADE;20RJ;APOIO A CAPACITACAO E FORMACAO INICIAL E CONTINUADA PARA A E;0004;EDUCACAO BASICA A DISTANCIA - SISTEMA UNIVERSIDADE ABERTA DO BRASIL (UAB);12368501120RJ0001;186018;QCC62T58LEN;UAB - UAB PROFLETRAS;90;APLICACOES DIRETAS;3;DESPESAS CORRENTES;3;OUTRAS DESPESAS CORRENTES;14;DIARIAS - PESSOAL CIVIL;339014;DIARIAS - PESSOAL CIVIL;00;RECURSOS PRIMARIOS DE LIVRE APLICACAO;;;;;68,000.00;68,000.00;;
2020;153065;UNIVERSIDADE FEDERAL DA PARAIBA;12;EDUCACAO;368;EDUCACAO BASICA;5011;EDUCACAO BASICA DE QUALIDADE;20RJ;APOIO A CAPACITACAO E FORMACAO INICIAL E CONTINUADA PARA A E;0004;EDUCACAO BASICA A DISTANCIA - SISTEMA UNIVERSIDADE ABERTA DO BRASIL (UAB);12368501120RJ0001;186018;QCC62T58LEN;UAB - UAB PROFLETRAS;90;APLICACOES DIRETAS;3;DESPESAS CORRENTES;3;OUTRAS DESPESAS CORRENTES;30;MATERIAL DE CONSUMO;339030;MATERIAL DE CONSUMO;00;RECURSOS PRIMARIOS DE LIVRE APLICACAO;;;;;15,064.43;5,508.26;7,642.50;6,288.70
2020;153065;UNIVERSIDADE FEDERAL DA PARAIBA;12;EDUCACAO;368;EDUCACAO BASICA;5011;EDUCACAO BASICA DE QUALIDADE;20RJ;APOIO A CAPACITACAO E FORMACAO INICIAL E CONTINUADA PARA A E;0004;EDUCACAO BASICA A DISTANCIA - SISTEMA UNIVERSIDADE ABERTA DO BRASIL (UAB);12368501120RJ0001;186018;QCC62T58LEN;UAB - UAB PROFLETRAS;90;APLICACOES DIRETAS;3;DESPESAS CORRENTES;3;OUTRAS DESPESAS CORRENTES;39;OUTROS SERVICOS DE TERCEIROS PJ - OP.INT.ORC.;339039;OUTROS SERVICOS DE TERCEIROS - PESSOA JURIDICA;00;RECURSOS PRIMARIOS DE LIVRE APLICACAO;;;;;245,664.00;122,832.00;;
2020;153068;CENTRO DE CIENC.EXATAS E DA NATUREZA DA UFPB;12;EDUCACAO;364;ENSINO SUPERIOR;5013;EDUCACAO SUPERIOR - GRADUACAO, POS-GRADUACAO, ENSINO, PESQUI;0487;CONCESSAO DE BOLSAS DE ESTUDO NO ENSINO SUPERIOR;0002;CONCESSAO DE BOLSAS DE ESTUDO NO PAIS;12364501304870001;170062;OCCCUO9414N;BF SUPERIOR - PROAP;90;APLICACOES DIRETAS;3;DESPESAS CORRENTES;3;OUTRAS DESPESAS CORRENTES;14;DIARIAS - PESSOAL CIVIL;339014;DIARIAS - PESSOAL CIVIL;00;RECURSOS PRIMARIOS DE LIVRE APLICACAO;;;;;117,979.24;35,289.68;82,689.56;80,346.86
2020;153068;CENTRO DE CIENC.EXATAS E DA NATUREZA DA UFPB;12;EDUCACAO;364;ENSINO SUPERIOR;5013;EDUCACAO SUPERIOR - GRADUACAO, POS-GRADUACAO, ENSINO, PESQUI;0487;CONCESSAO DE BOLSAS DE ESTUDO NO ENSINO SUPERIOR;0002;CONCESSAO DE BOLSAS DE ESTUDO NO PAIS;12364501304870001;170062;OCCCUO9414N;BF SUPERIOR - PROAP;90;APLICACOES DIRETAS;3;DESPESAS CORRENTES;3;OUTRAS DESPESAS CORRENTES;18;AUXILIO FINANCEIRO A ESTUDANTES;339018;AUXILIO FINANCEIRO A ESTUDANTES;00;RECURSOS PRIMARIOS DE LIVRE APLICACAO;;;;;167,659.90;39,851.70;127,808.20;127,808.20
2020;153068;CENTRO DE CIENC.EXATAS E DA NATUREZA DA UFPB;12;EDUCACAO;364;ENSINO SUPERIOR;5013;EDUCACAO SUPERIOR - GRADUACAO, POS-GRADUACAO, ENSINO, PESQUI;0487;CONCESSAO DE BOLSAS DE ESTUDO NO ENSINO SUPERIOR;0002;CONCESSAO DE BOLSAS DE ESTUDO NO PAIS;12364501304870001;170062;OCCCUO9414N;BF SUPERIOR - PROAP;90;APLICACOES DIRETAS;3;DESPESAS CORRENTES;3;OUTRAS DESPESAS CORRENTES;30;MATERIAL DE CONSUMO;339030;MATERIAL DE CONSUMO;00;RECURSOS PRIMARIOS DE LIVRE APLICACAO;;;;;99,535.70;27,564.41;;
2020;153068;CENTRO DE CIENC.EXATAS E DA NATUREZA DA UFPB;12;EDUCACAO;364;ENSINO SUPERIOR;5013;EDUCACAO SUPERIOR - GRADUACAO, POS-GRADUACAO, ENSINO, PESQUI;0487;CONCESSAO DE BOLSAS DE ESTUDO NO ENSINO SUPERIOR;0002;CONCESSAO DE BOLSAS DE ESTUDO NO PAIS;12364501304870001;170062;OCCCUO9414N;BF SUPERIOR - PROAP;90;APLICACOES DIRETAS;3;DESPESAS CORRENTES;3;OUTRAS DESPESAS CORRENTES;36;OUTROS SERVICOS DE TERCEIROS - P.FISICA;339036;OUTROS SERVICOS DE TERCEIROS - PESSOA FISICA;00;RECURSOS PRIMARIOS DE LIVRE APLICACAO;;;;;18,554.50;4,748.50;13,806.00;11,859.00
2020;153068;CENTRO DE CIENC.EXATAS E DA NATUREZA DA UFPB;12;EDUCACAO;364;ENSINO SUPERIOR;5013;EDUCACAO SUPERIOR - GRADUACAO, POS-GRADUACAO, ENSINO, PESQUI;0487;CONCESSAO DE BOLSAS DE ESTUDO NO ENSINO SUPERIOR;0002;CONCESSAO DE BOLSAS DE ESTUDO NO PAIS;12364501304870001;170062;OCCCUO9414N;BF SUPERIOR - PROAP;90;APLICACOES DIRETAS;3;DESPESAS CORRENTES;3;OUTRAS DESPESAS CORRENTES;39;OUTROS SERVICOS DE TERCEIROS PJ - OP.INT.ORC.;339039;OUTROS SERVICOS DE TERCEIROS - PESSOA JURIDICA;00;RECURSOS PRIMARIOS DE LIVRE APLICACAO;;;;;540,801.05;146,774.62;8,650.00;8,650.00
2020;153068;CENTRO DE CIENC.EXATAS E DA NATUREZA DA UFPB;12;EDUCACAO;368;EDUCACAO BASICA;5011;EDUCACAO BASICA DE QUALIDADE;20RJ;APOIO A CAPACITACAO E FORMACAO INICIAL E CONTINUADA PARA A E;0004;EDUCACAO BASICA A DISTANCIA - SISTEMA UNIVERSIDADE ABERTA DO BRASIL (UAB);12368501120RJ0001;186018;QCC62T58MAN;UAB - UAB PROFMAT;90;APLICACOES DIRETAS;3;DESPESAS CORRENTES;3;OUTRAS DESPESAS CORRENTES;36;OUTROS SERVICOS DE TERCEIROS - P.FISICA;339036;OUTROS SERVICOS DE TERCEIROS - PESSOA FISICA;00;RECURSOS PRIMARIOS DE LIVRE APLICACAO;;;;;46,438.00;15,337.00;31,101.00;
2020;153073;CENTRO DE CIENCIAS AGRARIAS DA UFPB;12;EDUCACAO;364;ENSINO SUPERIOR;5013;EDUCACAO SUPERIOR - GRADUACAO, POS-GRADUACAO, ENSINO, PESQUI;0487;CONCESSAO DE BOLSAS DE ESTUDO NO ENSINO SUPERIOR;0002;CONCESSAO DE BOLSAS DE ESTUDO NO PAIS;12364501304870001;170062;OCCCUO9414N;BF SUPERIOR - PROAP;90;APLICACOES DIRETAS;3;DESPESAS CORRENTES;3;OUTRAS DESPESAS CORRENTES;14;DIARIAS - PESSOAL CIVIL;339014;DIARIAS - PESSOAL CIVIL;00;RECURSOS PRIMARIOS DE LIVRE APLICACAO;;;;;75,201.60;20,599.10;54,602.50;51,705.88
2020;153073;CENTRO DE CIENCIAS AGRARIAS DA UFPB;12;EDUCACAO;364;ENSINO SUPERIOR;5013;EDUCACAO SUPERIOR - GRADUACAO, POS-GRADUACAO, ENSINO, PESQUI;0487;CONCESSAO DE BOLSAS DE ESTUDO NO ENSINO SUPERIOR;0002;CONCESSAO DE BOLSAS DE ESTUDO NO PAIS;12364501304870001;170062;OCCCUO9414N;BF SUPERIOR - PROAP;90;APLICACOES DIRETAS;3;DESPESAS CORRENTES;3;OUTRAS DESPESAS CORRENTES;18;AUXILIO FINANCEIRO A ESTUDANTES;339018;AUXILIO FINANCEIRO A ESTUDANTES;00;RECURSOS PRIMARIOS DE LIVRE APLICACAO;;;;;53,480.00;0.00;53,480.00;43,110.00
2020;153073;CENTRO DE CIENCIAS AGRARIAS DA UFPB;12;EDUCACAO;364;ENSINO SUPERIOR;5013;EDUCACAO SUPERIOR - GRADUACAO, POS-GRADUACAO, ENSINO, PESQUI;0487;CONCESSAO DE BOLSAS DE ESTUDO NO ENSINO SUPERIOR;0002;CONCESSAO DE BOLSAS DE ESTUDO NO PAIS;12364501304870001;170062;OCCCUO9414N;BF SUPERIOR - PROAP;90;APLICACOES DIRETAS;3;DESPESAS CORRENTES;3;OUTRAS DESPESAS CORRENTES;30;MATERIAL DE CONSUMO;339030;MATERIAL DE CONSUMO;00;RECURSOS PRIMARIOS DE LIVRE APLICACAO;;;;;53,241.12;14,007.03;;
2020;153073;CENTRO DE CIENCIAS AGRARIAS DA UFPB;12;EDUCACAO;364;ENSINO SUPERIOR;5013;EDUCACAO SUPERIOR - GRADUACAO, POS-GRADUACAO, ENSINO, PESQUI;0487;CONCESSAO DE BOLSAS DE ESTUDO NO ENSINO SUPERIOR;0002;CONCESSAO DE BOLSAS DE ESTUDO NO PAIS;12364501304870001;170062;OCCCUO9414N;BF SUPERIOR - PROAP;90;APLICACOES DIRETAS;3;DESPESAS CORRENTES;3;OUTRAS DESPESAS CORRENTES;39;OUTROS SERVICOS DE TERCEIROS PJ - OP.INT.ORC.;339039;OUTROS SERVICOS DE TERCEIROS - PESSOA JURIDICA;00;RECURSOS PRIMARIOS DE LIVRE APLICACAO;;;;;80,664.00;15,666.00;22,578.00;22,578.00
2020;153079;UNIVERSIDADE FEDERAL DO PARANA;12;EDUCACAO;364;ENSINO SUPERIOR;5013;EDUCACAO SUPERIOR - GRADUACAO, POS-GRADUACAO, ENSINO, PESQUI;0487;CONCESSAO DE BOLSAS DE ESTUDO NO ENSINO SUPERIOR;0002;CONCESSAO DE BOLSAS DE ESTUDO NO PAIS;12364501304870001;170062;OCCCUO9414N;BF SUPERIOR - PROAP;90;APLICACOES DIRETAS;3;DESPESAS CORRENTES;3;OUTRAS DESPESAS CORRENTES;14;DIARIAS - PESSOAL CIVIL;339014;DIARIAS - PESSOAL CIVIL;00;RECURSOS PRIMARIOS DE LIVRE APLICACAO;;;;;625,000.00;625,000.00;;
2020;153079;UNIVERSIDADE FEDERAL DO PARANA;12;EDUCACAO;364;ENSINO SUPERIOR;5013;EDUCACAO SUPERIOR - GRADUACAO, POS-GRADUACAO, ENSINO, PESQUI;0487;CONCESSAO DE BOLSAS DE ESTUDO NO ENSINO SUPERIOR;0002;CONCESSAO DE BOLSAS DE ESTUDO NO PAIS;12364501304870001;170062;OCCCUO9414N;BF SUPERIOR - PROAP;90;APLICACOES DIRETAS;3;DESPESAS CORRENTES;3;OUTRAS DESPESAS CORRENTES;18;AUXILIO FINANCEIRO A ESTUDANTES;339018;AUXILIO FINANCEIRO A ESTUDANTES;00;RECURSOS PRIMARIOS DE LIVRE APLICACAO;;;;;2,097,486.35;769,371.08;1,328,115.27;1,108,148.61
2020;153079;UNIVERSIDADE FEDERAL DO PARANA;12;EDUCACAO;364;ENSINO SUPERIOR;5013;EDUCACAO SUPERIOR - GRADUACAO, POS-GRADUACAO, ENSINO, PESQUI;0487;CONCESSAO DE BOLSAS DE ESTUDO NO ENSINO SUPERIOR;0002;CONCESSAO DE BOLSAS DE ESTUDO NO PAIS;12364501304870001;170062;OCCCUO9414N;BF SUPERIOR - PROAP;90;APLICACOES DIRETAS;3;DESPESAS CORRENTES;3;OUTRAS DESPESAS CORRENTES;20;AUXILIO FINANCEIRO A PESQUISADORES;339020;AUXILIO FINANCEIRO A PESQUISADORES;00;RECURSOS PRIMARIOS DE LIVRE APLICACAO;;;;;6,452.88;0.00;6,452.88;4,839.66
2020;153079;UNIVERSIDADE FEDERAL DO PARANA;12;EDUCACAO;364;ENSINO SUPERIOR;5013;EDUCACAO SUPERIOR - GRADUACAO, POS-GRADUACAO, ENSINO, PESQUI;0487;CONCESSAO DE BOLSAS DE ESTUDO NO ENSINO SUPERIOR;0002;CONCESSAO DE BOLSAS DE ESTUDO NO PAIS;12364501304870001;170062;OCCCUO9414N;BF SUPERIOR - PROAP;90;APLICACOES DIRETAS;3;DESPESAS CORRENTES;3;OUTRAS DESPESAS CORRENTES;30;MATERIAL DE CONSUMO;339030;MATERIAL DE CONSUMO;00;RECURSOS PRIMARIOS DE LIVRE APLICACAO;;;;;3,379,352.78;877,969.39;1,736,648.38;1,481,303.08
2020;153079;UNIVERSIDADE FEDERAL DO PARANA;12;EDUCACAO;364;ENSINO SUPERIOR;5013;EDUCACAO SUPERIOR - GRADUACAO, POS-GRADUACAO, ENSINO, PESQUI;0487;CONCESSAO DE BOLSAS DE ESTUDO NO ENSINO SUPERIOR;0002;CONCESSAO DE BOLSAS DE ESTUDO NO PAIS;12364501304870001;170062;OCCCUO9414N;BF SUPERIOR - PROAP;90;APLICACOES DIRETAS;3;DESPESAS CORRENTES;3;OUTRAS DESPESAS CORRENTES;33;PASSAGENS E DESPESAS COM LOCOMOCAO;339033;PASSAGENS E DESPESAS COM LOCOMOCAO;00;RECURSOS PRIMARIOS DE LIVRE APLICACAO;;;;;850,000.00;625,000.00;1,166.94;1,166.94
2020;153079;UNIVERSIDADE FEDERAL DO PARANA;12;EDUCACAO;364;ENSINO SUPERIOR;5013;EDUCACAO SUPERIOR - GRADUACAO, POS-GRADUACAO, ENSINO, PESQUI;0487;CONCESSAO DE BOLSAS DE ESTUDO NO ENSINO SUPERIOR;0002;CONCESSAO DE BOLSAS DE ESTUDO NO PAIS;12364501304870001;170062;OCCCUO9414N;BF SUPERIOR - PROAP;90;APLICACOES DIRETAS;3;DESPESAS CORRENTES;3;OUTRAS DESPESAS CORRENTES;36;OUTROS SERVICOS DE TERCEIROS - P.FISICA;339036;OUTROS SERVICOS DE TERCEIROS - PESSOA FISICA;00;RECURSOS PRIMARIOS DE LIVRE APLICACAO;;;;;75,000.00;75,000.00;;
2020;153079;UNIVERSIDADE FEDERAL DO PARANA;12;EDUCACAO;364;ENSINO SUPERIOR;5013;EDUCACAO SUPERIOR - GRADUACAO, POS-GRADUACAO, ENSINO, PESQUI;0487;CONCESSAO DE BOLSAS DE ESTUDO NO ENSINO SUPERIOR;0002;CONCESSAO DE BOLSAS DE ESTUDO NO PAIS;12364501304870001;170062;OCCCUO9414N;BF SUPERIOR - PROAP;90;APLICACOES DIRETAS;3;DESPESAS CORRENTES;3;OUTRAS DESPESAS CORRENTES;39;OUTROS SERVICOS DE TERCEIROS PJ - OP.INT.ORC.;339039;OUTROS SERVICOS DE TERCEIROS - PESSOA JURIDICA;00;RECURSOS PRIMARIOS DE LIVRE APLICACAO;;;;;826,818.18;168,037.82;383,424.16;321,204.91
2020;153079;UNIVERSIDADE FEDERAL DO PARANA;12;EDUCACAO;364;ENSINO SUPERIOR;5013;EDUCACAO SUPERIOR - GRADUACAO, POS-GRADUACAO, ENSINO, PESQUI;0487;CONCESSAO DE BOLSAS DE ESTUDO NO ENSINO SUPERIOR;0002;CONCESSAO DE BOLSAS DE ESTUDO NO PAIS;12364501304870001;170062;OCCCUO9414N;BF SUPERIOR - PROAP;90;APLICACOES DIRETAS;3;DESPESAS CORRENTES;3;OUTRAS DESPESAS CORRENTES;40;SERVICOS DE TECNOLOGIA DA INFORMACAO E COMUNICACAO - PJ;339040;SERVICOS DE TECNOLOGIA DA INFORMACAO E COMUNICACAO - PJ;00;RECURSOS PRIMARIOS DE LIVRE APLICACAO;;;;;79,738.94;8,893.38;53,163.92;42,529.69
2020;153079;UNIVERSIDADE FEDERAL DO PARANA;12;EDUCACAO;364;ENSINO SUPERIOR;5013;EDUCACAO SUPERIOR - GRADUACAO, POS-GRADUACAO, ENSINO, PESQUI;0487;CONCESSAO DE BOLSAS DE ESTUDO NO ENSINO SUPERIOR;0002;CONCESSAO DE BOLSAS DE ESTUDO NO PAIS;12364501304870001;170062;OCCCUO9414N;BF SUPERIOR - PROAP;90;APLICACOES DIRETAS;3;DESPESAS CORRENTES;3;OUTRAS DESPESAS CORRENTES;92;DESPESAS DE EXERCICIOS ANTERIORES;339092;DESPESAS DE EXERCICIOS ANTERIORES;00;RECURSOS PRIMARIOS DE LIVRE APLICACAO;;;;;12,895.50;0.00;12,895.50;12,895.50
2020;153079;UNIVERSIDADE FEDERAL DO PARANA;12;EDUCACAO;364;ENSINO SUPERIOR;5013;EDUCACAO SUPERIOR - GRADUACAO, POS-GRADUACAO, ENSINO, PESQUI;0487;CONCESSAO DE BOLSAS DE ESTUDO NO ENSINO SUPERIOR;0002;CONCESSAO DE BOLSAS DE ESTUDO NO PAIS;12364501304870001;170062;OCCCUO9414N;BF SUPERIOR - PROAP;90;APLICACOES DIRETAS;3;DESPESAS CORRENTES;3;OUTRAS DESPESAS CORRENTES;93;INDENIZACOES E RESTITUICOES;339093;INDENIZACOES E RESTITUICOES;00;RECURSOS PRIMARIOS DE LIVRE APLICACAO;;;;;68,498.03;9,331.22;59,166.81;59,016.81
2020;153079;UNIVERSIDADE FEDERAL DO PARANA;12;EDUCACAO;368;EDUCACAO BASICA;5011;EDUCACAO BASICA DE QUALIDADE;20RJ;APOIO A CAPACITACAO E FORMACAO INICIAL E CONTINUADA PARA A E;0003;EDUCACAO BASICA PRESENCIAL;12368501120RJ0001;170065;PCC92B5801N;PARFOR - PARFOR;90;APLICACOES DIRETAS;3;DESPESAS CORRENTES;3;OUTRAS DESPESAS CORRENTES;14;DIARIAS - PESSOAL CIVIL;339014;DIARIAS - PESSOAL CIVIL;00;RECURSOS PRIMARIOS DE LIVRE APLICACAO;;;;;119,000.00;119,000.00;;
2020;153079;UNIVERSIDADE FEDERAL DO PARANA;12;EDUCACAO;368;EDUCACAO BASICA;5011;EDUCACAO BASICA DE QUALIDADE;20RJ;APOIO A CAPACITACAO E FORMACAO INICIAL E CONTINUADA PARA A E;0003;EDUCACAO BASICA PRESENCIAL;12368501120RJ0001;170065;PCC92B5801N;PARFOR - PARFOR;90;APLICACOES DIRETAS;3;DESPESAS CORRENTES;3;OUTRAS DESPESAS CORRENTES;33;PASSAGENS E DESPESAS COM LOCOMOCAO;339033;PASSAGENS E DESPESAS COM LOCOMOCAO;00;RECURSOS PRIMARIOS DE LIVRE APLICACAO;;;;;35,000.00;35,000.00;;
2020;153079;UNIVERSIDADE FEDERAL DO PARANA;12;EDUCACAO;368;EDUCACAO BASICA;5011;EDUCACAO BASICA DE QUALIDADE;20RJ;APOIO A CAPACITACAO E FORMACAO INICIAL E CONTINUADA PARA A E;0003;EDUCACAO BASICA PRESENCIAL;12368501120RJ0001;170065;PCC92B5801N;PARFOR - PARFOR;90;APLICACOES DIRETAS;3;DESPESAS CORRENTES;3;OUTRAS DESPESAS CORRENTES;36;OUTROS SERVICOS DE TERCEIROS - P.FISICA;339036;OUTROS SERVICOS DE TERCEIROS - PESSOA FISICA;00;RECURSOS PRIMARIOS DE LIVRE APLICACAO;;;;;40,000.00;40,000.00;;
2020;153079;UNIVERSIDADE FEDERAL DO PARANA;12;EDUCACAO;368;EDUCACAO BASICA;5011;EDUCACAO BASICA DE QUALIDADE;20RJ;APOIO A CAPACITACAO E FORMACAO INICIAL E CONTINUADA PARA A E;0004;EDUCACAO BASICA A DISTANCIA - SISTEMA UNIVERSIDADE ABERTA DO BRASIL (UAB);12368501120RJ0001;186018;MCC62G22EDN;UAB - UAB TRADICIONAL;90;APLICACOES DIRETAS;3;DESPESAS CORRENTES;3;OUTRAS DESPESAS CORRENTES;39;OUTROS SERVICOS DE TERCEIROS PJ - OP.INT.ORC.;339039;OUTROS SERVICOS DE TERCEIROS - PESSOA JURIDICA;00;RECURSOS PRIMARIOS DE LIVRE APLICACAO;;;;;466,574.65;93,314.93;373,259.72;279,944.79
2020;153079;UNIVERSIDADE FEDERAL DO PARANA;12;EDUCACAO;368;EDUCACAO BASICA;5011;EDUCACAO BASICA DE QUALIDADE;20RJ;APOIO A CAPACITACAO E FORMACAO INICIAL E CONTINUADA PARA A E;0004;EDUCACAO BASICA A DISTANCIA - SISTEMA UNIVERSIDADE ABERTA DO BRASIL (UAB);12368501120RJ0001;186018;QCC62T58FLN;UAB - UAB PROFILOSOFIA;90;APLICACOES DIRETAS;3;DESPESAS CORRENTES;3;OUTRAS DESPESAS CORRENTES;39;OUTROS SERVICOS DE TERCEIROS PJ - OP.INT.ORC.;339039;OUTROS SERVICOS DE TERCEIROS - PESSOA JURIDICA;00;RECURSOS PRIMARIOS DE LIVRE APLICACAO;;;;;1,250,000.00;125,000.00;1,125,000.00;1,125,000.00
2020;153079;UNIVERSIDADE FEDERAL DO PARANA;12;EDUCACAO;368;EDUCACAO BASICA;5011;EDUCACAO BASICA DE QUALIDADE;20RJ;APOIO A CAPACITACAO E FORMACAO INICIAL E CONTINUADA PARA A E;0004;EDUCACAO BASICA A DISTANCIA - SISTEMA UNIVERSIDADE ABERTA DO BRASIL (UAB);12368501120RJ0001;186018;QCC62T58HIN;UAB - UAB PROFHISTORIA;90;APLICACOES DIRETAS;3;DESPESAS CORRENTES;3;OUTRAS DESPESAS CORRENTES;18;AUXILIO FINANCEIRO A ESTUDANTES;339018;AUXILIO FINANCEIRO A ESTUDANTES;00;RECURSOS PRIMARIOS DE LIVRE APLICACAO;;;;;37,250.00;12,250.00;25,000.00;18,750.00
2020;153082;DIRET.DO CENTRO DE CIENC.EXATAS E NAT.DA UFPE;12;EDUCACAO;364;ENSINO SUPERIOR;5013;EDUCACAO SUPERIOR - GRADUACAO, POS-GRADUACAO, ENSINO, PESQUI;0487;CONCESSAO DE BOLSAS DE ESTUDO NO ENSINO SUPERIOR;0002;CONCESSAO DE BOLSAS DE ESTUDO NO PAIS;12364501304870001;170062;OCCCUO9414N;BF SUPERIOR - PROAP;90;APLICACOES DIRETAS;3;DESPESAS CORRENTES;3;OUTRAS DESPESAS CORRENTES;40;SERVICOS DE TECNOLOGIA DA INFORMACAO E COMUNICACAO - PJ;339040;SERVICOS DE TECNOLOGIA DA INFORMACAO E COMUNICACAO - PJ;00;RECURSOS PRIMARIOS DE LIVRE APLICACAO;;;;;47,993.43;0.00;;
2020;153084;DIRET.CENTRO DE FILOSOFIA E C.HUMANAS - UFPE;12;EDUCACAO;368;EDUCACAO BASICA;5011;EDUCACAO BASICA DE QUALIDADE;20RJ;APOIO A CAPACITACAO E FORMACAO INICIAL E CONTINUADA PARA A E;0004;EDUCACAO BASICA A DISTANCIA - SISTEMA UNIVERSIDADE ABERTA DO BRASIL (UAB);12368501120RJ0001;186018;QCC62T58HIN;UAB - UAB PROFHISTORIA;90;APLICACOES DIRETAS;3;DESPESAS CORRENTES;3;OUTRAS DESPESAS CORRENTES;18;AUXILIO FINANCEIRO A ESTUDANTES;339018;AUXILIO FINANCEIRO A ESTUDANTES;00;RECURSOS PRIMARIOS DE LIVRE APLICACAO;;;;;186,725.00;98,690.00;;
2020;153084;DIRET.CENTRO DE FILOSOFIA E C.HUMANAS - UFPE;12;EDUCACAO;368;EDUCACAO BASICA;5011;EDUCACAO BASICA DE QUALIDADE;20RJ;APOIO A CAPACITACAO E FORMACAO INICIAL E CONTINUADA PARA A E;0004;EDUCACAO BASICA A DISTANCIA - SISTEMA UNIVERSIDADE ABERTA DO BRASIL (UAB);12368501120RJ0001;186018;QCC62T58HIN;UAB - UAB PROFHISTORIA;90;APLICACOES DIRETAS;3;DESPESAS CORRENTES;3;OUTRAS DESPESAS CORRENTES;39;OUTROS SERVICOS DE TERCEIROS PJ - OP.INT.ORC.;339039;OUTROS SERVICOS DE TERCEIROS - PESSOA JURIDICA;00;RECURSOS PRIMARIOS DE LIVRE APLICACAO;;;;;69,950.00;24,980.00;15,000.00;
2020;153093;EDITORA UNIVERSITARIA DA UFPE;12;EDUCACAO;364;ENSINO SUPERIOR;5013;EDUCACAO SUPERIOR - GRADUACAO, POS-GRADUACAO, ENSINO, PESQUI;0487;CONCESSAO DE BOLSAS DE ESTUDO NO ENSINO SUPERIOR;0002;CONCESSAO DE BOLSAS DE ESTUDO NO PAIS;12364501304870001;170062;OCCCUO9414N;BF SUPERIOR - PROAP;90;APLICACOES DIRETAS;3;DESPESAS CORRENTES;3;OUTRAS DESPESAS CORRENTES;39;OUTROS SERVICOS DE TERCEIROS PJ - OP.INT.ORC.;339039;OUTROS SERVICOS DE TERCEIROS - PESSOA JURIDICA;00;RECURSOS PRIMARIOS DE LIVRE APLICACAO;;;;;108,200.00;27,050.00;;
2020;153098;PRO-REITORIA DE POS-GRADUACAO.;12;EDUCACAO;364;ENSINO SUPERIOR;5013;EDUCACAO SUPERIOR - GRADUACAO, POS-GRADUACAO, ENSINO, PESQUI;0487;CONCESSAO DE BOLSAS DE ESTUDO NO ENSINO SUPERIOR;0002;CONCESSAO DE BOLSAS DE ESTUDO NO PAIS;12364501304870001;170062;OCCCUO9414N;BF SUPERIOR - PROAP;90;APLICACOES DIRETAS;3;DESPESAS CORRENTES;3;OUTRAS DESPESAS CORRENTES;14;DIARIAS - PESSOAL CIVIL;339014;DIARIAS - PESSOAL CIVIL;00;RECURSOS PRIMARIOS DE LIVRE APLICACAO;;;;;309,998.54;146,303.58;135,363.56;135,107.42
2020;153098;PRO-REITORIA DE POS-GRADUACAO.;12;EDUCACAO;364;ENSINO SUPERIOR;5013;EDUCACAO SUPERIOR - GRADUACAO, POS-GRADUACAO, ENSINO, PESQUI;0487;CONCESSAO DE BOLSAS DE ESTUDO NO ENSINO SUPERIOR;0002;CONCESSAO DE BOLSAS DE ESTUDO NO PAIS;12364501304870001;170062;OCCCUO9414N;BF SUPERIOR - PROAP;90;APLICACOES DIRETAS;3;DESPESAS CORRENTES;3;OUTRAS DESPESAS CORRENTES;18;AUXILIO FINANCEIRO A ESTUDANTES;339018;AUXILIO FINANCEIRO A ESTUDANTES;00;RECURSOS PRIMARIOS DE LIVRE APLICACAO;;;;;912,916.36;232,729.09;90,000.00;90,000.00
2020;153098;PRO-REITORIA DE POS-GRADUACAO.;12;EDUCACAO;364;ENSINO SUPERIOR;5013;EDUCACAO SUPERIOR - GRADUACAO, POS-GRADUACAO, ENSINO, PESQUI;0487;CONCESSAO DE BOLSAS DE ESTUDO NO ENSINO SUPERIOR;0002;CONCESSAO DE BOLSAS DE ESTUDO NO PAIS;12364501304870001;170062;OCCCUO9414N;BF SUPERIOR - PROAP;90;APLICACOES DIRETAS;3;DESPESAS CORRENTES;3;OUTRAS DESPESAS CORRENTES;20;AUXILIO FINANCEIRO A PESQUISADORES;339020;AUXILIO FINANCEIRO A PESQUISADORES;00;RECURSOS PRIMARIOS DE LIVRE APLICACAO;;;;;10307122.97;2,090,761.41;759,690.71;124,400.00
2020;153098;PRO-REITORIA DE POS-GRADUACAO.;12;EDUCACAO;364;ENSINO SUPERIOR;5013;EDUCACAO SUPERIOR - GRADUACAO, POS-GRADUACAO, ENSINO, PESQUI;0487;CONCESSAO DE BOLSAS DE ESTUDO NO ENSINO SUPERIOR;0002;CONCESSAO DE BOLSAS DE ESTUDO NO PAIS;12364501304870001;170062;OCCCUO9414N;BF SUPERIOR - PROAP;90;APLICACOES DIRETAS;3;DESPESAS CORRENTES;3;OUTRAS DESPESAS CORRENTES;30;MATERIAL DE CONSUMO;339030;MATERIAL DE CONSUMO;00;RECURSOS PRIMARIOS DE LIVRE APLICACAO;;;;;318,211.02;117,143.44;87,200.00;87,200.00
2020;153098;PRO-REITORIA DE POS-GRADUACAO.;12;EDUCACAO;364;ENSINO SUPERIOR;5013;EDUCACAO SUPERIOR - GRADUACAO, POS-GRADUACAO, ENSINO, PESQUI;0487;CONCESSAO DE BOLSAS DE ESTUDO NO ENSINO SUPERIOR;0002;CONCESSAO DE BOLSAS DE ESTUDO NO PAIS;12364501304870001;170062;OCCCUO9414N;BF SUPERIOR - PROAP;90;APLICACOES DIRETAS;3;DESPESAS CORRENTES;3;OUTRAS DESPESAS CORRENTES;33;PASSAGENS E DESPESAS COM LOCOMOCAO;339033;PASSAGENS E DESPESAS COM LOCOMOCAO;00;RECURSOS PRIMARIOS DE LIVRE APLICACAO;;;;;161,947.11;0.00;;
2020;153098;PRO-REITORIA DE POS-GRADUACAO.;12;EDUCACAO;364;ENSINO SUPERIOR;5013;EDUCACAO SUPERIOR - GRADUACAO, POS-GRADUACAO, ENSINO, PESQUI;0487;CONCESSAO DE BOLSAS DE ESTUDO NO ENSINO SUPERIOR;0002;CONCESSAO DE BOLSAS DE ESTUDO NO PAIS;12364501304870001;170062;OCCCUO9414N;BF SUPERIOR - PROAP;90;APLICACOES DIRETAS;3;DESPESAS CORRENTES;3;OUTRAS DESPESAS CORRENTES;36;OUTROS SERVICOS DE TERCEIROS - P.FISICA;339036;OUTROS SERVICOS DE TERCEIROS - PESSOA FISICA;00;RECURSOS PRIMARIOS DE LIVRE APLICACAO;;;;;100,838.00;25,209.50;28,975.20;28,019.40
2020;153098;PRO-REITORIA DE POS-GRADUACAO.;12;EDUCACAO;364;ENSINO SUPERIOR;5013;EDUCACAO SUPERIOR - GRADUACAO, POS-GRADUACAO, ENSINO, PESQUI;0487;CONCESSAO DE BOLSAS DE ESTUDO NO ENSINO SUPERIOR;0002;CONCESSAO DE BOLSAS DE ESTUDO NO PAIS;12364501304870001;170062;OCCCUO9414N;BF SUPERIOR - PROAP;90;APLICACOES DIRETAS;3;DESPESAS CORRENTES;3;OUTRAS DESPESAS CORRENTES;39;OUTROS SERVICOS DE TERCEIROS PJ - OP.INT.ORC.;339039;OUTROS SERVICOS DE TERCEIROS - PESSOA JURIDICA;00;RECURSOS PRIMARIOS DE LIVRE APLICACAO;;;;;14,934.15;8,533.80;;
2020;153098;PRO-REITORIA DE POS-GRADUACAO.;12;EDUCACAO;364;ENSINO SUPERIOR;5013;EDUCACAO SUPERIOR - GRADUACAO, POS-GRADUACAO, ENSINO, PESQUI;0487;CONCESSAO DE BOLSAS DE ESTUDO NO ENSINO SUPERIOR;0002;CONCESSAO DE BOLSAS DE ESTUDO NO PAIS;12364501304870001;170062;OCCCUO9414N;BF SUPERIOR - PROAP;90;APLICACOES DIRETAS;3;DESPESAS CORRENTES;3;OUTRAS DESPESAS CORRENTES;93;INDENIZACOES E RESTITUICOES;339093;INDENIZACOES E RESTITUICOES;00;RECURSOS PRIMARIOS DE LIVRE APLICACAO;;;;;283,359.51;65,782.81;217,576.70;169,939.77
2020;153103;UNIVERSIDADE FEDERAL DO RIO GRANDE DO NORTE;12;EDUCACAO;364;ENSINO SUPERIOR;5013;EDUCACAO SUPERIOR - GRADUACAO, POS-GRADUACAO, ENSINO, PESQUI;0487;CONCESSAO DE BOLSAS DE ESTUDO NO ENSINO SUPERIOR;0002;CONCESSAO DE BOLSAS DE ESTUDO NO PAIS;12364501304870001;170062;OCCCUO9414N;BF SUPERIOR - PROAP;90;APLICACOES DIRETAS;3;DESPESAS CORRENTES;3;OUTRAS DESPESAS CORRENTES;14;DIARIAS - PESSOAL CIVIL;339014;DIARIAS - PESSOAL CIVIL;00;RECURSOS PRIMARIOS DE LIVRE APLICACAO;;;;;145,874.73;66,114.75;79,759.98;78,372.33
2020;153103;UNIVERSIDADE FEDERAL DO RIO GRANDE DO NORTE;12;EDUCACAO;364;ENSINO SUPERIOR;5013;EDUCACAO SUPERIOR - GRADUACAO, POS-GRADUACAO, ENSINO, PESQUI;0487;CONCESSAO DE BOLSAS DE ESTUDO NO ENSINO SUPERIOR;0002;CONCESSAO DE BOLSAS DE ESTUDO NO PAIS;12364501304870001;170062;OCCCUO9414N;BF SUPERIOR - PROAP;90;APLICACOES DIRETAS;3;DESPESAS CORRENTES;3;OUTRAS DESPESAS CORRENTES;18;AUXILIO FINANCEIRO A ESTUDANTES;339018;AUXILIO FINANCEIRO A ESTUDANTES;00;RECURSOS PRIMARIOS DE LIVRE APLICACAO;;;;;1,290,478.42;564,320.31;491,169.58;464,770.36
2020;153103;UNIVERSIDADE FEDERAL DO RIO GRANDE DO NORTE;12;EDUCACAO;364;ENSINO SUPERIOR;5013;EDUCACAO SUPERIOR - GRADUACAO, POS-GRADUACAO, ENSINO, PESQUI;0487;CONCESSAO DE BOLSAS DE ESTUDO NO ENSINO SUPERIOR;0002;CONCESSAO DE BOLSAS DE ESTUDO NO PAIS;12364501304870001;170062;OCCCUO9414N;BF SUPERIOR - PROAP;90;APLICACOES DIRETAS;3;DESPESAS CORRENTES;3;OUTRAS DESPESAS CORRENTES;20;AUXILIO FINANCEIRO A PESQUISADORES;339020;AUXILIO FINANCEIRO A PESQUISADORES;00;RECURSOS PRIMARIOS DE LIVRE APLICACAO;;;;;743,480.33;670,078.28;28,402.05;24,922.44
2020;153103;UNIVERSIDADE FEDERAL DO RIO GRANDE DO NORTE;12;EDUCACAO;364;ENSINO SUPERIOR;5013;EDUCACAO SUPERIOR - GRADUACAO, POS-GRADUACAO, ENSINO, PESQUI;0487;CONCESSAO DE BOLSAS DE ESTUDO NO ENSINO SUPERIOR;0002;CONCESSAO DE BOLSAS DE ESTUDO NO PAIS;12364501304870001;170062;OCCCUO9414N;BF SUPERIOR - PROAP;90;APLICACOES DIRETAS;3;DESPESAS CORRENTES;3;OUTRAS DESPESAS CORRENTES;30;MATERIAL DE CONSUMO;339030;MATERIAL DE CONSUMO;00;RECURSOS PRIMARIOS DE LIVRE APLICACAO;;;;;1,278,337.18;364,441.30;30,934.08;30,934.08
2020;153103;UNIVERSIDADE FEDERAL DO RIO GRANDE DO NORTE;12;EDUCACAO;364;ENSINO SUPERIOR;5013;EDUCACAO SUPERIOR - GRADUACAO, POS-GRADUACAO, ENSINO, PESQUI;0487;CONCESSAO DE BOLSAS DE ESTUDO NO ENSINO SUPERIOR;0002;CONCESSAO DE BOLSAS DE ESTUDO NO PAIS;12364501304870001;170062;OCCCUO9414N;BF SUPERIOR - PROAP;90;APLICACOES DIRETAS;3;DESPESAS CORRENTES;3;OUTRAS DESPESAS CORRENTES;33;PASSAGENS E DESPESAS COM LOCOMOCAO;339033;PASSAGENS E DESPESAS COM LOCOMOCAO;00;RECURSOS PRIMARIOS DE LIVRE APLICACAO;;;;;686,227.53;577,344.00;49,260.06;49,260.06
2020;153103;UNIVERSIDADE FEDERAL DO RIO GRANDE DO NORTE;12;EDUCACAO;364;ENSINO SUPERIOR;5013;EDUCACAO SUPERIOR - GRADUACAO, POS-GRADUACAO, ENSINO, PESQUI;0487;CONCESSAO DE BOLSAS DE ESTUDO NO ENSINO SUPERIOR;0002;CONCESSAO DE BOLSAS DE ESTUDO NO PAIS;12364501304870001;170062;OCCCUO9414N;BF SUPERIOR - PROAP;90;APLICACOES DIRETAS;3;DESPESAS CORRENTES;3;OUTRAS DESPESAS CORRENTES;36;OUTROS SERVICOS DE TERCEIROS - P.FISICA;339036;OUTROS SERVICOS DE TERCEIROS - PESSOA FISICA;00;RECURSOS PRIMARIOS DE LIVRE APLICACAO;;;;;6,000.00;0.00;;
2020;153103;UNIVERSIDADE FEDERAL DO RIO GRANDE DO NORTE;12;EDUCACAO;364;ENSINO SUPERIOR;5013;EDUCACAO SUPERIOR - GRADUACAO, POS-GRADUACAO, ENSINO, PESQUI;0487;CONCESSAO DE BOLSAS DE ESTUDO NO ENSINO SUPERIOR;0002;CONCESSAO DE BOLSAS DE ESTUDO NO PAIS;12364501304870001;170062;OCCCUO9414N;BF SUPERIOR - PROAP;90;APLICACOES DIRETAS;3;DESPESAS CORRENTES;3;OUTRAS DESPESAS CORRENTES;39;OUTROS SERVICOS DE TERCEIROS PJ - OP.INT.ORC.;339039;OUTROS SERVICOS DE TERCEIROS - PESSOA JURIDICA;00;RECURSOS PRIMARIOS DE LIVRE APLICACAO;;;;;9,242,864.62;2,083,551.84;5,724,524.68;5,091,774.68
2020;153103;UNIVERSIDADE FEDERAL DO RIO GRANDE DO NORTE;12;EDUCACAO;364;ENSINO SUPERIOR;5013;EDUCACAO SUPERIOR - GRADUACAO, POS-GRADUACAO, ENSINO, PESQUI;0487;CONCESSAO DE BOLSAS DE ESTUDO NO ENSINO SUPERIOR;0002;CONCESSAO DE BOLSAS DE ESTUDO NO PAIS;12364501304870001;170062;OCCCUO9414N;BF SUPERIOR - PROAP;90;APLICACOES DIRETAS;3;DESPESAS CORRENTES;3;OUTRAS DESPESAS CORRENTES;93;INDENIZACOES E RESTITUICOES;339093;INDENIZACOES E RESTITUICOES;00;RECURSOS PRIMARIOS DE LIVRE APLICACAO;;;;;2,133,715.48;707,736.05;1,236,613.07;1,175,232.49
2020;153103;UNIVERSIDADE FEDERAL DO RIO GRANDE DO NORTE;12;EDUCACAO;368;EDUCACAO BASICA;5011;EDUCACAO BASICA DE QUALIDADE;20RJ;APOIO A CAPACITACAO E FORMACAO INICIAL E CONTINUADA PARA A E;0004;EDUCACAO BASICA A DISTANCIA - SISTEMA UNIVERSIDADE ABERTA DO BRASIL (UAB);12368501120RJ0001;186018;MCC62G22EDN;UAB - UAB TRADICIONAL;90;APLICACOES DIRETAS;3;DESPESAS CORRENTES;3;OUTRAS DESPESAS CORRENTES;39;OUTROS SERVICOS DE TERCEIROS PJ - OP.INT.ORC.;339039;OUTROS SERVICOS DE TERCEIROS - PESSOA JURIDICA;00;RECURSOS PRIMARIOS DE LIVRE APLICACAO;;;;;7,350,000.00;0.00;7,350,000.00;7,350,000.00
2020;153114;UNIVERSIDADE FEDERAL DO RIO GRANDE DO SUL;12;EDUCACAO;364;ENSINO SUPERIOR;5013;EDUCACAO SUPERIOR - GRADUACAO, POS-GRADUACAO, ENSINO, PESQUI;0487;CONCESSAO DE BOLSAS DE ESTUDO NO ENSINO SUPERIOR;0002;CONCESSAO DE BOLSAS DE ESTUDO NO PAIS;12364501304870001;170062;OCCCUO9414N;BF SUPERIOR - PROAP;90;APLICACOES DIRETAS;3;DESPESAS CORRENTES;3;OUTRAS DESPESAS CORRENTES;14;DIARIAS - PESSOAL CIVIL;339014;DIARIAS - PESSOAL CIVIL;00;RECURSOS PRIMARIOS DE LIVRE APLICACAO;;;;;288,686.32;284,656.84;4,029.48;4,029.48
2020;153114;UNIVERSIDADE FEDERAL DO RIO GRANDE DO SUL;12;EDUCACAO;364;ENSINO SUPERIOR;5013;EDUCACAO SUPERIOR - GRADUACAO, POS-GRADUACAO, ENSINO, PESQUI;0487;CONCESSAO DE BOLSAS DE ESTUDO NO ENSINO SUPERIOR;0002;CONCESSAO DE BOLSAS DE ESTUDO NO PAIS;12364501304870001;170062;OCCCUO9414N;BF SUPERIOR - PROAP;90;APLICACOES DIRETAS;3;DESPESAS CORRENTES;3;OUTRAS DESPESAS CORRENTES;18;AUXILIO FINANCEIRO A ESTUDANTES;339018;AUXILIO FINANCEIRO A ESTUDANTES;00;RECURSOS PRIMARIOS DE LIVRE APLICACAO;;;;;1,724,590.11;708,093.28;1,016,496.83;1,008,879.23
2020;153114;UNIVERSIDADE FEDERAL DO RIO GRANDE DO SUL;12;EDUCACAO;364;ENSINO SUPERIOR;5013;EDUCACAO SUPERIOR - GRADUACAO, POS-GRADUACAO, ENSINO, PESQUI;0487;CONCESSAO DE BOLSAS DE ESTUDO NO ENSINO SUPERIOR;0002;CONCESSAO DE BOLSAS DE ESTUDO NO PAIS;12364501304870001;170062;OCCCUO9414N;BF SUPERIOR - PROAP;90;APLICACOES DIRETAS;3;DESPESAS CORRENTES;3;OUTRAS DESPESAS CORRENTES;20;AUXILIO FINANCEIRO A PESQUISADORES;339020;AUXILIO FINANCEIRO A PESQUISADORES;00;RECURSOS PRIMARIOS DE LIVRE APLICACAO;;;;;931,536.95;420,002.55;511,534.40;502,049.40
2020;153114;UNIVERSIDADE FEDERAL DO RIO GRANDE DO SUL;12;EDUCACAO;364;ENSINO SUPERIOR;5013;EDUCACAO SUPERIOR - GRADUACAO, POS-GRADUACAO, ENSINO, PESQUI;0487;CONCESSAO DE BOLSAS DE ESTUDO NO ENSINO SUPERIOR;0002;CONCESSAO DE BOLSAS DE ESTUDO NO PAIS;12364501304870001;170062;OCCCUO9414N;BF SUPERIOR - PROAP;90;APLICACOES DIRETAS;3;DESPESAS CORRENTES;3;OUTRAS DESPESAS CORRENTES;30;MATERIAL DE CONSUMO;339030;MATERIAL DE CONSUMO;00;RECURSOS PRIMARIOS DE LIVRE APLICACAO;;;;;1,759,260.05;350,346.19;760,274.35;716,947.62
2020;153114;UNIVERSIDADE FEDERAL DO RIO GRANDE DO SUL;12;EDUCACAO;364;ENSINO SUPERIOR;5013;EDUCACAO SUPERIOR - GRADUACAO, POS-GRADUACAO, ENSINO, PESQUI;0487;CONCESSAO DE BOLSAS DE ESTUDO NO ENSINO SUPERIOR;0002;CONCESSAO DE BOLSAS DE ESTUDO NO PAIS;12364501304870001;170062;OCCCUO9414N;BF SUPERIOR - PROAP;90;APLICACOES DIRETAS;3;DESPESAS CORRENTES;3;OUTRAS DESPESAS CORRENTES;33;PASSAGENS E DESPESAS COM LOCOMOCAO;339033;PASSAGENS E DESPESAS COM LOCOMOCAO;00;RECURSOS PRIMARIOS DE LIVRE APLICACAO;;;;;280,000.00;280,000.00;;
2020;153114;UNIVERSIDADE FEDERAL DO RIO GRANDE DO SUL;12;EDUCACAO;364;ENSINO SUPERIOR;5013;EDUCACAO SUPERIOR - GRADUACAO, POS-GRADUACAO, ENSINO, PESQUI;0487;CONCESSAO DE BOLSAS DE ESTUDO NO ENSINO SUPERIOR;0002;CONCESSAO DE BOLSAS DE ESTUDO NO PAIS;12364501304870001;170062;OCCCUO9414N;BF SUPERIOR - PROAP;90;APLICACOES DIRETAS;3;DESPESAS CORRENTES;3;OUTRAS DESPESAS CORRENTES;36;OUTROS SERVICOS DE TERCEIROS - P.FISICA;339036;OUTROS SERVICOS DE TERCEIROS - PESSOA FISICA;00;RECURSOS PRIMARIOS DE LIVRE APLICACAO;;;;;35,000.00;35,000.00;;
2020;153114;UNIVERSIDADE FEDERAL DO RIO GRANDE DO SUL;12;EDUCACAO;364;ENSINO SUPERIOR;5013;EDUCACAO SUPERIOR - GRADUACAO, POS-GRADUACAO, ENSINO, PESQUI;0487;CONCESSAO DE BOLSAS DE ESTUDO NO ENSINO SUPERIOR;0002;CONCESSAO DE BOLSAS DE ESTUDO NO PAIS;12364501304870001;170062;OCCCUO9414N;BF SUPERIOR - PROAP;90;APLICACOES DIRETAS;3;DESPESAS CORRENTES;3;OUTRAS DESPESAS CORRENTES;39;OUTROS SERVICOS DE TERCEIROS PJ - OP.INT.ORC.;339039;OUTROS SERVICOS DE TERCEIROS - PESSOA JURIDICA;00;RECURSOS PRIMARIOS DE LIVRE APLICACAO;;;;;1,999,837.18;499,275.10;935,742.96;858,003.46
2020;153114;UNIVERSIDADE FEDERAL DO RIO GRANDE DO SUL;12;EDUCACAO;364;ENSINO SUPERIOR;5013;EDUCACAO SUPERIOR - GRADUACAO, POS-GRADUACAO, ENSINO, PESQUI;0487;CONCESSAO DE BOLSAS DE ESTUDO NO ENSINO SUPERIOR;0002;CONCESSAO DE BOLSAS DE ESTUDO NO PAIS;12364501304870001;170062;OCCCUO9414N;BF SUPERIOR - PROAP;90;APLICACOES DIRETAS;3;DESPESAS CORRENTES;3;OUTRAS DESPESAS CORRENTES;40;SERVICOS DE TECNOLOGIA DA INFORMACAO E COMUNICACAO - PJ;339040;SERVICOS DE TECNOLOGIA DA INFORMACAO E COMUNICACAO - PJ;00;RECURSOS PRIMARIOS DE LIVRE APLICACAO;;;;;547,128.14;80,911.31;316,400.13;311,679.16
2020;153114;UNIVERSIDADE FEDERAL DO RIO GRANDE DO SUL;12;EDUCACAO;368;EDUCACAO BASICA;5011;EDUCACAO BASICA DE QUALIDADE;20RJ;APOIO A CAPACITACAO E FORMACAO INICIAL E CONTINUADA PARA A E;0004;EDUCACAO BASICA A DISTANCIA - SISTEMA UNIVERSIDADE ABERTA DO BRASIL (UAB);12368501120RJ0001;186018;MCC62G22EDN;UAB - UAB TRADICIONAL;90;APLICACOES DIRETAS;3;DESPESAS CORRENTES;3;OUTRAS DESPESAS CORRENTES;39;OUTROS SERVICOS DE TERCEIROS PJ - OP.INT.ORC.;339039;OUTROS SERVICOS DE TERCEIROS - PESSOA JURIDICA;00;RECURSOS PRIMARIOS DE LIVRE APLICACAO;;;;;4,339,543.90;166,716.80;3,672,676.70;3,285,366.70
2020;153114;UNIVERSIDADE FEDERAL DO RIO GRANDE DO SUL;12;EDUCACAO;368;EDUCACAO BASICA;5011;EDUCACAO BASICA DE QUALIDADE;20RJ;APOIO A CAPACITACAO E FORMACAO INICIAL E CONTINUADA PARA A E;0004;EDUCACAO BASICA A DISTANCIA - SISTEMA UNIVERSIDADE ABERTA DO BRASIL (UAB);12368501120RJ0001;186018;QCC62T58HIN;UAB - UAB PROFHISTORIA;90;APLICACOES DIRETAS;3;DESPESAS CORRENTES;3;OUTRAS DESPESAS CORRENTES;39;OUTROS SERVICOS DE TERCEIROS PJ - OP.INT.ORC.;339039;OUTROS SERVICOS DE TERCEIROS - PESSOA JURIDICA;00;RECURSOS PRIMARIOS DE LIVRE APLICACAO;;;;;44,783.40;9,960.00;;
2020;153114;UNIVERSIDADE FEDERAL DO RIO GRANDE DO SUL;12;EDUCACAO;368;EDUCACAO BASICA;5011;EDUCACAO BASICA DE QUALIDADE;20RJ;APOIO A CAPACITACAO E FORMACAO INICIAL E CONTINUADA PARA A E;0004;EDUCACAO BASICA A DISTANCIA - SISTEMA UNIVERSIDADE ABERTA DO BRASIL (UAB);12368501120RJ0001;186018;QCC62T58QUN;UAB - UAB PROFQUIMICA;90;APLICACOES DIRETAS;3;DESPESAS CORRENTES;3;OUTRAS DESPESAS CORRENTES;30;MATERIAL DE CONSUMO;339030;MATERIAL DE CONSUMO;00;RECURSOS PRIMARIOS DE LIVRE APLICACAO;;;;;49,786.86;0.00;;
2020;153115;UNIVERSIDADE FEDERAL DO RIO DE JANEIRO;12;EDUCACAO;364;ENSINO SUPERIOR;5013;EDUCACAO SUPERIOR - GRADUACAO, POS-GRADUACAO, ENSINO, PESQUI;0487;CONCESSAO DE BOLSAS DE ESTUDO NO ENSINO SUPERIOR;0002;CONCESSAO DE BOLSAS DE ESTUDO NO PAIS;12364501304870001;170062;OCCCUO9414N;BF SUPERIOR - PROAP;90;APLICACOES DIRETAS;3;DESPESAS CORRENTES;3;OUTRAS DESPESAS CORRENTES;14;DIARIAS - PESSOAL CIVIL;339014;DIARIAS - PESSOAL CIVIL;00;RECURSOS PRIMARIOS DE LIVRE APLICACAO;;;;;26,380.16;26,380.16;;
2020;153115;UNIVERSIDADE FEDERAL DO RIO DE JANEIRO;12;EDUCACAO;364;ENSINO SUPERIOR;5013;EDUCACAO SUPERIOR - GRADUACAO, POS-GRADUACAO, ENSINO, PESQUI;0487;CONCESSAO DE BOLSAS DE ESTUDO NO ENSINO SUPERIOR;0002;CONCESSAO DE BOLSAS DE ESTUDO NO PAIS;12364501304870001;170062;OCCCUO9414N;BF SUPERIOR - PROAP;90;APLICACOES DIRETAS;3;DESPESAS CORRENTES;3;OUTRAS DESPESAS CORRENTES;33;PASSAGENS E DESPESAS COM LOCOMOCAO;339033;PASSAGENS E DESPESAS COM LOCOMOCAO;00;RECURSOS PRIMARIOS DE LIVRE APLICACAO;;;;;24,008.00;24,008.00;;
2020;153115;UNIVERSIDADE FEDERAL DO RIO DE JANEIRO;12;EDUCACAO;364;ENSINO SUPERIOR;5013;EDUCACAO SUPERIOR - GRADUACAO, POS-GRADUACAO, ENSINO, PESQUI;0487;CONCESSAO DE BOLSAS DE ESTUDO NO ENSINO SUPERIOR;0002;CONCESSAO DE BOLSAS DE ESTUDO NO PAIS;12364501304870001;170062;OCCCUO9414N;BF SUPERIOR - PROAP;90;APLICACOES DIRETAS;3;DESPESAS CORRENTES;3;OUTRAS DESPESAS CORRENTES;36;OUTROS SERVICOS DE TERCEIROS - P.FISICA;339036;OUTROS SERVICOS DE TERCEIROS - PESSOA FISICA;00;RECURSOS PRIMARIOS DE LIVRE APLICACAO;;;;;12,004.00;12,004.00;;
2020;153115;UNIVERSIDADE FEDERAL DO RIO DE JANEIRO;12;EDUCACAO;364;ENSINO SUPERIOR;5013;EDUCACAO SUPERIOR - GRADUACAO, POS-GRADUACAO, ENSINO, PESQUI;0487;CONCESSAO DE BOLSAS DE ESTUDO NO ENSINO SUPERIOR;0002;CONCESSAO DE BOLSAS DE ESTUDO NO PAIS;12364501304870001;170062;OCCCUO9414N;BF SUPERIOR - PROAP;90;APLICACOES DIRETAS;3;DESPESAS CORRENTES;3;OUTRAS DESPESAS CORRENTES;39;OUTROS SERVICOS DE TERCEIROS PJ - OP.INT.ORC.;339039;OUTROS SERVICOS DE TERCEIROS - PESSOA JURIDICA;00;RECURSOS PRIMARIOS DE LIVRE APLICACAO;;;;;50,305.38;0.00;;
2020;153115;UNIVERSIDADE FEDERAL DO RIO DE JANEIRO;12;EDUCACAO;364;ENSINO SUPERIOR;5013;EDUCACAO SUPERIOR - GRADUACAO, POS-GRADUACAO, ENSINO, PESQUI;0487;CONCESSAO DE BOLSAS DE ESTUDO NO ENSINO SUPERIOR;0002;CONCESSAO DE BOLSAS DE ESTUDO NO PAIS;12364501304870001;170062;OCCCUO9414N;BF SUPERIOR - PROAP;90;APLICACOES DIRETAS;3;DESPESAS CORRENTES;3;OUTRAS DESPESAS CORRENTES;40;SERVICOS DE TECNOLOGIA DA INFORMACAO E COMUNICACAO - PJ;339040;SERVICOS DE TECNOLOGIA DA INFORMACAO E COMUNICACAO - PJ;00;RECURSOS PRIMARIOS DE LIVRE APLICACAO;;;;;1,900,236.66;0.00;;
2020;153115;UNIVERSIDADE FEDERAL DO RIO DE JANEIRO;12;EDUCACAO;364;ENSINO SUPERIOR;5013;EDUCACAO SUPERIOR - GRADUACAO, POS-GRADUACAO, ENSINO, PESQUI;0487;CONCESSAO DE BOLSAS DE ESTUDO NO ENSINO SUPERIOR;0002;CONCESSAO DE BOLSAS DE ESTUDO NO PAIS;12364501304870001;170062;OCCCUO9414N;BF SUPERIOR - PROAP;90;APLICACOES DIRETAS;3;DESPESAS CORRENTES;3;OUTRAS DESPESAS CORRENTES;92;DESPESAS DE EXERCICIOS ANTERIORES;339092;DESPESAS DE EXERCICIOS ANTERIORES;00;RECURSOS PRIMARIOS DE LIVRE APLICACAO;;;;;392,783.79;0.00;;
2020;153115;UNIVERSIDADE FEDERAL DO RIO DE JANEIRO;12;EDUCACAO;368;EDUCACAO BASICA;5011;EDUCACAO BASICA DE QUALIDADE;20RJ;APOIO A CAPACITACAO E FORMACAO INICIAL E CONTINUADA PARA A E;0004;EDUCACAO BASICA A DISTANCIA - SISTEMA UNIVERSIDADE ABERTA DO BRASIL (UAB);12368501120RJ0001;186018;QCC62T58HIN;UAB - UAB PROFHISTORIA;90;APLICACOES DIRETAS;3;DESPESAS CORRENTES;3;OUTRAS DESPESAS CORRENTES;14;DIARIAS - PESSOAL CIVIL;339014;DIARIAS - PESSOAL CIVIL;00;RECURSOS PRIMARIOS DE LIVRE APLICACAO;;;;;14,348.80;14,348.80;;
2020;153115;UNIVERSIDADE FEDERAL DO RIO DE JANEIRO;12;EDUCACAO;368;EDUCACAO BASICA;5011;EDUCACAO BASICA DE QUALIDADE;20RJ;APOIO A CAPACITACAO E FORMACAO INICIAL E CONTINUADA PARA A E;0004;EDUCACAO BASICA A DISTANCIA - SISTEMA UNIVERSIDADE ABERTA DO BRASIL (UAB);12368501120RJ0001;186018;QCC62T58HIN;UAB - UAB PROFHISTORIA;90;APLICACOES DIRETAS;3;DESPESAS CORRENTES;3;OUTRAS DESPESAS CORRENTES;33;PASSAGENS E DESPESAS COM LOCOMOCAO;339033;PASSAGENS E DESPESAS COM LOCOMOCAO;00;RECURSOS PRIMARIOS DE LIVRE APLICACAO;;;;;28,000.00;28,000.00;;
2020;153115;UNIVERSIDADE FEDERAL DO RIO DE JANEIRO;12;EDUCACAO;368;EDUCACAO BASICA;5011;EDUCACAO BASICA DE QUALIDADE;20RJ;APOIO A CAPACITACAO E FORMACAO INICIAL E CONTINUADA PARA A E;0004;EDUCACAO BASICA A DISTANCIA - SISTEMA UNIVERSIDADE ABERTA DO BRASIL (UAB);12368501120RJ0001;186018;QCC62T58QUN;UAB - UAB PROFQUIMICA;50;TRANSFERENCIA INSTITUICOES PRIVADAS SEM FINS LUCRATIVOS;3;DESPESAS CORRENTES;3;OUTRAS DESPESAS CORRENTES;39;OUTROS SERVICOS DE TERCEIROS PJ - OP.INT.ORC.;335039;OUTROS SERVICOS DE TERCEIROS-PESSOA JURIDICA;00;RECURSOS PRIMARIOS DE LIVRE APLICACAO;;;;;187,654.50;0.00;;
2020;153120;CENTRO CIENC MATEMAT E DA NATUREZA DA UFRJ;12;EDUCACAO;364;ENSINO SUPERIOR;5013;EDUCACAO SUPERIOR - GRADUACAO, POS-GRADUACAO, ENSINO, PESQUI;0487;CONCESSAO DE BOLSAS DE ESTUDO NO ENSINO SUPERIOR;0002;CONCESSAO DE BOLSAS DE ESTUDO NO PAIS;12364501304870001;170062;OCCCUO9414N;BF SUPERIOR - PROAP;90;APLICACOES DIRETAS;3;DESPESAS CORRENTES;3;OUTRAS DESPESAS CORRENTES;18;AUXILIO FINANCEIRO A ESTUDANTES;339018;AUXILIO FINANCEIRO A ESTUDANTES;00;RECURSOS PRIMARIOS DE LIVRE APLICACAO;;;;;55,500.00;0.00;55,500.00;55,500.00
2020;153120;CENTRO CIENC MATEMAT E DA NATUREZA DA UFRJ;12;EDUCACAO;364;ENSINO SUPERIOR;5013;EDUCACAO SUPERIOR - GRADUACAO, POS-GRADUACAO, ENSINO, PESQUI;0487;CONCESSAO DE BOLSAS DE ESTUDO NO ENSINO SUPERIOR;0002;CONCESSAO DE BOLSAS DE ESTUDO NO PAIS;12364501304870001;170062;OCCCUO9414N;BF SUPERIOR - PROAP;90;APLICACOES DIRETAS;3;DESPESAS CORRENTES;3;OUTRAS DESPESAS CORRENTES;30;MATERIAL DE CONSUMO;339030;MATERIAL DE CONSUMO;00;RECURSOS PRIMARIOS DE LIVRE APLICACAO;;;;;45,089.25;6,019.05;;
2020;153120;CENTRO CIENC MATEMAT E DA NATUREZA DA UFRJ;12;EDUCACAO;364;ENSINO SUPERIOR;5013;EDUCACAO SUPERIOR - GRADUACAO, POS-GRADUACAO, ENSINO, PESQUI;0487;CONCESSAO DE BOLSAS DE ESTUDO NO ENSINO SUPERIOR;0002;CONCESSAO DE BOLSAS DE ESTUDO NO PAIS;12364501304870001;170062;OCCCUO9414N;BF SUPERIOR - PROAP;90;APLICACOES DIRETAS;3;DESPESAS CORRENTES;3;OUTRAS DESPESAS CORRENTES;39;OUTROS SERVICOS DE TERCEIROS PJ - OP.INT.ORC.;339039;OUTROS SERVICOS DE TERCEIROS - PESSOA JURIDICA;00;RECURSOS PRIMARIOS DE LIVRE APLICACAO;;;;;83,295.00;0.00;;
2020;153120;CENTRO CIENC MATEMAT E DA NATUREZA DA UFRJ;12;EDUCACAO;364;ENSINO SUPERIOR;5013;EDUCACAO SUPERIOR - GRADUACAO, POS-GRADUACAO, ENSINO, PESQUI;0487;CONCESSAO DE BOLSAS DE ESTUDO NO ENSINO SUPERIOR;0002;CONCESSAO DE BOLSAS DE ESTUDO NO PAIS;12364501304870001;170062;OCCCUO9414N;BF SUPERIOR - PROAP;90;APLICACOES DIRETAS;3;DESPESAS CORRENTES;3;OUTRAS DESPESAS CORRENTES;93;INDENIZACOES E RESTITUICOES;339093;INDENIZACOES E RESTITUICOES;00;RECURSOS PRIMARIOS DE LIVRE APLICACAO;;;;;6,000.00;0.00;6,000.00;4,500.00
2020;153121;INSTITUTO DE MATEMATICA DA UFRJ;12;EDUCACAO;364;ENSINO SUPERIOR;5013;EDUCACAO SUPERIOR - GRADUACAO, POS-GRADUACAO, ENSINO, PESQUI;0487;CONCESSAO DE BOLSAS DE ESTUDO NO ENSINO SUPERIOR;0002;CONCESSAO DE BOLSAS DE ESTUDO NO PAIS;12364501304870001;170062;OCCCUO9414N;BF SUPERIOR - PROAP;90;APLICACOES DIRETAS;3;DESPESAS CORRENTES;3;OUTRAS DESPESAS CORRENTES;18;AUXILIO FINANCEIRO A ESTUDANTES;339018;AUXILIO FINANCEIRO A ESTUDANTES;00;RECURSOS PRIMARIOS DE LIVRE APLICACAO;;;;;14,913.97;1,849.29;13,064.68;11,647.80
2020;153121;INSTITUTO DE MATEMATICA DA UFRJ;12;EDUCACAO;364;ENSINO SUPERIOR;5013;EDUCACAO SUPERIOR - GRADUACAO, POS-GRADUACAO, ENSINO, PESQUI;0487;CONCESSAO DE BOLSAS DE ESTUDO NO ENSINO SUPERIOR;0002;CONCESSAO DE BOLSAS DE ESTUDO NO PAIS;12364501304870001;170062;OCCCUO9414N;BF SUPERIOR - PROAP;90;APLICACOES DIRETAS;3;DESPESAS CORRENTES;3;OUTRAS DESPESAS CORRENTES;20;AUXILIO FINANCEIRO A PESQUISADORES;339020;AUXILIO FINANCEIRO A PESQUISADORES;00;RECURSOS PRIMARIOS DE LIVRE APLICACAO;;;;;1,752.00;0.00;1,752.00;1,314.00
2020;153121;INSTITUTO DE MATEMATICA DA UFRJ;12;EDUCACAO;364;ENSINO SUPERIOR;5013;EDUCACAO SUPERIOR - GRADUACAO, POS-GRADUACAO, ENSINO, PESQUI;0487;CONCESSAO DE BOLSAS DE ESTUDO NO ENSINO SUPERIOR;0002;CONCESSAO DE BOLSAS DE ESTUDO NO PAIS;12364501304870001;170062;OCCCUO9414N;BF SUPERIOR - PROAP;90;APLICACOES DIRETAS;3;DESPESAS CORRENTES;3;OUTRAS DESPESAS CORRENTES;30;MATERIAL DE CONSUMO;339030;MATERIAL DE CONSUMO;00;RECURSOS PRIMARIOS DE LIVRE APLICACAO;;;;;178,578.00;0.00;178,578.00;178,578.00
2020;153121;INSTITUTO DE MATEMATICA DA UFRJ;12;EDUCACAO;364;ENSINO SUPERIOR;5013;EDUCACAO SUPERIOR - GRADUACAO, POS-GRADUACAO, ENSINO, PESQUI;0487;CONCESSAO DE BOLSAS DE ESTUDO NO ENSINO SUPERIOR;0002;CONCESSAO DE BOLSAS DE ESTUDO NO PAIS;12364501304870001;170062;OCCCUO9414N;BF SUPERIOR - PROAP;90;APLICACOES DIRETAS;3;DESPESAS CORRENTES;3;OUTRAS DESPESAS CORRENTES;39;OUTROS SERVICOS DE TERCEIROS PJ - OP.INT.ORC.;339039;OUTROS SERVICOS DE TERCEIROS - PESSOA JURIDICA;00;RECURSOS PRIMARIOS DE LIVRE APLICACAO;;;;;640.00;0.00;640.00;480.00
2020;153121;INSTITUTO DE MATEMATICA DA UFRJ;12;EDUCACAO;364;ENSINO SUPERIOR;5013;EDUCACAO SUPERIOR - GRADUACAO, POS-GRADUACAO, ENSINO, PESQUI;0487;CONCESSAO DE BOLSAS DE ESTUDO NO ENSINO SUPERIOR;0002;CONCESSAO DE BOLSAS DE ESTUDO NO PAIS;12364501304870001;170062;OCCCUO9414N;BF SUPERIOR - PROAP;90;APLICACOES DIRETAS;3;DESPESAS CORRENTES;3;OUTRAS DESPESAS CORRENTES;40;SERVICOS DE TECNOLOGIA DA INFORMACAO E COMUNICACAO - PJ;339040;SERVICOS DE TECNOLOGIA DA INFORMACAO E COMUNICACAO - PJ;00;RECURSOS PRIMARIOS DE LIVRE APLICACAO;;;;;11,400.00;0.00;11,400.00;11,400.00
2020;153122;INSTITUTO DE QUIMICA DA UFRJ;12;EDUCACAO;364;ENSINO SUPERIOR;5013;EDUCACAO SUPERIOR - GRADUACAO, POS-GRADUACAO, ENSINO, PESQUI;0487;CONCESSAO DE BOLSAS DE ESTUDO NO ENSINO SUPERIOR;0002;CONCESSAO DE BOLSAS DE ESTUDO NO PAIS;12364501304870001;170062;OCCCUO9414N;BF SUPERIOR - PROAP;90;APLICACOES DIRETAS;3;DESPESAS CORRENTES;3;OUTRAS DESPESAS CORRENTES;30;MATERIAL DE CONSUMO;339030;MATERIAL DE CONSUMO;00;RECURSOS PRIMARIOS DE LIVRE APLICACAO;;;;;63,024.47;19,420.65;8,529.77;8,158.77
2020;153122;INSTITUTO DE QUIMICA DA UFRJ;12;EDUCACAO;364;ENSINO SUPERIOR;5013;EDUCACAO SUPERIOR - GRADUACAO, POS-GRADUACAO, ENSINO, PESQUI;0487;CONCESSAO DE BOLSAS DE ESTUDO NO ENSINO SUPERIOR;0002;CONCESSAO DE BOLSAS DE ESTUDO NO PAIS;12364501304870001;170062;OCCCUO9414N;BF SUPERIOR - PROAP;90;APLICACOES DIRETAS;3;DESPESAS CORRENTES;3;OUTRAS DESPESAS CORRENTES;39;OUTROS SERVICOS DE TERCEIROS PJ - OP.INT.ORC.;339039;OUTROS SERVICOS DE TERCEIROS - PESSOA JURIDICA;00;RECURSOS PRIMARIOS DE LIVRE APLICACAO;;;;;190,970.00;26,567.50;155,402.50;135,802.50
2020;153122;INSTITUTO DE QUIMICA DA UFRJ;12;EDUCACAO;368;EDUCACAO BASICA;5011;EDUCACAO BASICA DE QUALIDADE;20RJ;APOIO A CAPACITACAO E FORMACAO INICIAL E CONTINUADA PARA A E;0004;EDUCACAO BASICA A DISTANCIA - SISTEMA UNIVERSIDADE ABERTA DO BRASIL (UAB);12368501120RJ0001;186018;QCC62T58QUN;UAB - UAB PROFQUIMICA;90;APLICACOES DIRETAS;3;DESPESAS CORRENTES;3;OUTRAS DESPESAS CORRENTES;30;MATERIAL DE CONSUMO;339030;MATERIAL DE CONSUMO;00;RECURSOS PRIMARIOS DE LIVRE APLICACAO;;;;;8,988.61;2,573.27;6,175.34;
2020;153122;INSTITUTO DE QUIMICA DA UFRJ;12;EDUCACAO;368;EDUCACAO BASICA;5011;EDUCACAO BASICA DE QUALIDADE;20RJ;APOIO A CAPACITACAO E FORMACAO INICIAL E CONTINUADA PARA A E;0004;EDUCACAO BASICA A DISTANCIA - SISTEMA UNIVERSIDADE ABERTA DO BRASIL (UAB);12368501120RJ0001;186018;QCC62T58QUN;UAB - UAB PROFQUIMICA;90;APLICACOES DIRETAS;3;DESPESAS CORRENTES;3;OUTRAS DESPESAS CORRENTES;39;OUTROS SERVICOS DE TERCEIROS PJ - OP.INT.ORC.;339039;OUTROS SERVICOS DE TERCEIROS - PESSOA JURIDICA;00;RECURSOS PRIMARIOS DE LIVRE APLICACAO;;;;;48,654.00;6,150.00;42,504.00;32,545.00
2020;153127;DECANATO DO CENTRO DE LETRAS E ARTES DA UFRJ;12;EDUCACAO;364;ENSINO SUPERIOR;5013;EDUCACAO SUPERIOR - GRADUACAO, POS-GRADUACAO, ENSINO, PESQUI;0487;CONCESSAO DE BOLSAS DE ESTUDO NO ENSINO SUPERIOR;0002;CONCESSAO DE BOLSAS DE ESTUDO NO PAIS;12364501304870001;170062;OCCCUO9414N;BF SUPERIOR - PROAP;90;APLICACOES DIRETAS;3;DESPESAS CORRENTES;3;OUTRAS DESPESAS CORRENTES;30;MATERIAL DE CONSUMO;339030;MATERIAL DE CONSUMO;00;RECURSOS PRIMARIOS DE LIVRE APLICACAO;;;;;19,680.00;0.00;19,680.00;14,760.00
2020;153127;DECANATO DO CENTRO DE LETRAS E ARTES DA UFRJ;12;EDUCACAO;364;ENSINO SUPERIOR;5013;EDUCACAO SUPERIOR - GRADUACAO, POS-GRADUACAO, ENSINO, PESQUI;0487;CONCESSAO DE BOLSAS DE ESTUDO NO ENSINO SUPERIOR;0002;CONCESSAO DE BOLSAS DE ESTUDO NO PAIS;12364501304870001;170062;OCCCUO9414N;BF SUPERIOR - PROAP;90;APLICACOES DIRETAS;3;DESPESAS CORRENTES;3;OUTRAS DESPESAS CORRENTES;39;OUTROS SERVICOS DE TERCEIROS PJ - OP.INT.ORC.;339039;OUTROS SERVICOS DE TERCEIROS - PESSOA JURIDICA;00;RECURSOS PRIMARIOS DE LIVRE APLICACAO;;;;;295,592.00;30,755.00;131,772.00;102,016.50
2020;153127;DECANATO DO CENTRO DE LETRAS E ARTES DA UFRJ;12;EDUCACAO;364;ENSINO SUPERIOR;5013;EDUCACAO SUPERIOR - GRADUACAO, POS-GRADUACAO, ENSINO, PESQUI;0487;CONCESSAO DE BOLSAS DE ESTUDO NO ENSINO SUPERIOR;0002;CONCESSAO DE BOLSAS DE ESTUDO NO PAIS;12364501304870001;170062;OCCCUO9414N;BF SUPERIOR - PROAP;90;APLICACOES DIRETAS;3;DESPESAS CORRENTES;3;OUTRAS DESPESAS CORRENTES;40;SERVICOS DE TECNOLOGIA DA INFORMACAO E COMUNICACAO - PJ;339040;SERVICOS DE TECNOLOGIA DA INFORMACAO E COMUNICACAO - PJ;00;RECURSOS PRIMARIOS DE LIVRE APLICACAO;;;;;155,654.40;30,150.00;93,450.00;93,450.00
2020;153128;DECANATO DO CENT DE FILOSOF. E C HUM. DA UFRJ;12;EDUCACAO;364;ENSINO SUPERIOR;5013;EDUCACAO SUPERIOR - GRADUACAO, POS-GRADUACAO, ENSINO, PESQUI;0487;CONCESSAO DE BOLSAS DE ESTUDO NO ENSINO SUPERIOR;0002;CONCESSAO DE BOLSAS DE ESTUDO NO PAIS;12364501304870001;170062;OCCCUO9414N;BF SUPERIOR - PROAP;50;TRANSFERENCIA INSTITUICOES PRIVADAS SEM FINS LUCRATIVOS;3;DESPESAS CORRENTES;3;OUTRAS DESPESAS CORRENTES;41;CONTRIBUICOES;335041;CONTRIBUICOES;00;RECURSOS PRIMARIOS DE LIVRE APLICACAO;;;;;63,396.00;16,579.20;37,816.80;36,316.80
2020;153128;DECANATO DO CENT DE FILOSOF. E C HUM. DA UFRJ;12;EDUCACAO;364;ENSINO SUPERIOR;5013;EDUCACAO SUPERIOR - GRADUACAO, POS-GRADUACAO, ENSINO, PESQUI;0487;CONCESSAO DE BOLSAS DE ESTUDO NO ENSINO SUPERIOR;0002;CONCESSAO DE BOLSAS DE ESTUDO NO PAIS;12364501304870001;170062;OCCCUO9414N;BF SUPERIOR - PROAP;90;APLICACOES DIRETAS;3;DESPESAS CORRENTES;3;OUTRAS DESPESAS CORRENTES;18;AUXILIO FINANCEIRO A ESTUDANTES;339018;AUXILIO FINANCEIRO A ESTUDANTES;00;RECURSOS PRIMARIOS DE LIVRE APLICACAO;;;;;1,000.00;0.00;1,000.00;1,000.00
2020;153128;DECANATO DO CENT DE FILOSOF. E C HUM. DA UFRJ;12;EDUCACAO;364;ENSINO SUPERIOR;5013;EDUCACAO SUPERIOR - GRADUACAO, POS-GRADUACAO, ENSINO, PESQUI;0487;CONCESSAO DE BOLSAS DE ESTUDO NO ENSINO SUPERIOR;0002;CONCESSAO DE BOLSAS DE ESTUDO NO PAIS;12364501304870001;170062;OCCCUO9414N;BF SUPERIOR - PROAP;90;APLICACOES DIRETAS;3;DESPESAS CORRENTES;3;OUTRAS DESPESAS CORRENTES;30;MATERIAL DE CONSUMO;339030;MATERIAL DE CONSUMO;00;RECURSOS PRIMARIOS DE LIVRE APLICACAO;;;;;12,350.04;3,264.20;7,668.40;6,036.30
2020;153128;DECANATO DO CENT DE FILOSOF. E C HUM. DA UFRJ;12;EDUCACAO;364;ENSINO SUPERIOR;5013;EDUCACAO SUPERIOR - GRADUACAO, POS-GRADUACAO, ENSINO, PESQUI;0487;CONCESSAO DE BOLSAS DE ESTUDO NO ENSINO SUPERIOR;0002;CONCESSAO DE BOLSAS DE ESTUDO NO PAIS;12364501304870001;170062;OCCCUO9414N;BF SUPERIOR - PROAP;90;APLICACOES DIRETAS;3;DESPESAS CORRENTES;3;OUTRAS DESPESAS CORRENTES;39;OUTROS SERVICOS DE TERCEIROS PJ - OP.INT.ORC.;339039;OUTROS SERVICOS DE TERCEIROS - PESSOA JURIDICA;00;RECURSOS PRIMARIOS DE LIVRE APLICACAO;;;;;31,620.00;15,810.00;;
2020;153128;DECANATO DO CENT DE FILOSOF. E C HUM. DA UFRJ;12;EDUCACAO;368;EDUCACAO BASICA;5011;EDUCACAO BASICA DE QUALIDADE;20RJ;APOIO A CAPACITACAO E FORMACAO INICIAL E CONTINUADA PARA A E;0004;EDUCACAO BASICA A DISTANCIA - SISTEMA UNIVERSIDADE ABERTA DO BRASIL (UAB);12368501120RJ0001;186018;QCC62T58HIN;UAB - UAB PROFHISTORIA;90;APLICACOES DIRETAS;3;DESPESAS CORRENTES;3;OUTRAS DESPESAS CORRENTES;30;MATERIAL DE CONSUMO;339030;MATERIAL DE CONSUMO;00;RECURSOS PRIMARIOS DE LIVRE APLICACAO;;;;;19,965.17;2,978.03;13,788.66;11,320.57
2020;153132;DECANATO DO CENTRO DE C JUR E ECONOM. DA UFRJ;12;EDUCACAO;364;ENSINO SUPERIOR;5013;EDUCACAO SUPERIOR - GRADUACAO, POS-GRADUACAO, ENSINO, PESQUI;0487;CONCESSAO DE BOLSAS DE ESTUDO NO ENSINO SUPERIOR;0002;CONCESSAO DE BOLSAS DE ESTUDO NO PAIS;12364501304870001;170062;OCCCUO9414N;BF SUPERIOR - PROAP;90;APLICACOES DIRETAS;3;DESPESAS CORRENTES;3;OUTRAS DESPESAS CORRENTES;18;AUXILIO FINANCEIRO A ESTUDANTES;339018;AUXILIO FINANCEIRO A ESTUDANTES;00;RECURSOS PRIMARIOS DE LIVRE APLICACAO;;;;;6,021.00;0.00;6,021.00;1,080.00
2020;153132;DECANATO DO CENTRO DE C JUR E ECONOM. DA UFRJ;12;EDUCACAO;364;ENSINO SUPERIOR;5013;EDUCACAO SUPERIOR - GRADUACAO, POS-GRADUACAO, ENSINO, PESQUI;0487;CONCESSAO DE BOLSAS DE ESTUDO NO ENSINO SUPERIOR;0002;CONCESSAO DE BOLSAS DE ESTUDO NO PAIS;12364501304870001;170062;OCCCUO9414N;BF SUPERIOR - PROAP;90;APLICACOES DIRETAS;3;DESPESAS CORRENTES;3;OUTRAS DESPESAS CORRENTES;33;PASSAGENS E DESPESAS COM LOCOMOCAO;339033;PASSAGENS E DESPESAS COM LOCOMOCAO;00;RECURSOS PRIMARIOS DE LIVRE APLICACAO;;;;;0.00;0.00;0.00;
2020;153132;DECANATO DO CENTRO DE C JUR E ECONOM. DA UFRJ;12;EDUCACAO;364;ENSINO SUPERIOR;5013;EDUCACAO SUPERIOR - GRADUACAO, POS-GRADUACAO, ENSINO, PESQUI;0487;CONCESSAO DE BOLSAS DE ESTUDO NO ENSINO SUPERIOR;0002;CONCESSAO DE BOLSAS DE ESTUDO NO PAIS;12364501304870001;170062;OCCCUO9414N;BF SUPERIOR - PROAP;90;APLICACOES DIRETAS;3;DESPESAS CORRENTES;3;OUTRAS DESPESAS CORRENTES;39;OUTROS SERVICOS DE TERCEIROS PJ - OP.INT.ORC.;339039;OUTROS SERVICOS DE TERCEIROS - PESSOA JURIDICA;00;RECURSOS PRIMARIOS DE LIVRE APLICACAO;;;;;43,600.00;4,000.00;12,000.00;12,000.00
2020;153132;DECANATO DO CENTRO DE C JUR E ECONOM. DA UFRJ;12;EDUCACAO;364;ENSINO SUPERIOR;5013;EDUCACAO SUPERIOR - GRADUACAO, POS-GRADUACAO, ENSINO, PESQUI;0487;CONCESSAO DE BOLSAS DE ESTUDO NO ENSINO SUPERIOR;0002;CONCESSAO DE BOLSAS DE ESTUDO NO PAIS;12364501304870001;170062;OCCCUO9414N;BF SUPERIOR - PROAP;90;APLICACOES DIRETAS;3;DESPESAS CORRENTES;3;OUTRAS DESPESAS CORRENTES;40;SERVICOS DE TECNOLOGIA DA INFORMACAO E COMUNICACAO - PJ;339040;SERVICOS DE TECNOLOGIA DA INFORMACAO E COMUNICACAO - PJ;00;RECURSOS PRIMARIOS DE LIVRE APLICACAO;;;;;193,050.00;0.00;193,050.00;193,050.00
2020;153132;DECANATO DO CENTRO DE C JUR E ECONOM. DA UFRJ;12;EDUCACAO;364;ENSINO SUPERIOR;5013;EDUCACAO SUPERIOR - GRADUACAO, POS-GRADUACAO, ENSINO, PESQUI;0487;CONCESSAO DE BOLSAS DE ESTUDO NO ENSINO SUPERIOR;0002;CONCESSAO DE BOLSAS DE ESTUDO NO PAIS;12364501304870001;170062;OCCCUO9414N;BF SUPERIOR - PROAP;90;APLICACOES DIRETAS;3;DESPESAS CORRENTES;3;OUTRAS DESPESAS CORRENTES;93;INDENIZACOES E RESTITUICOES;339093;INDENIZACOES E RESTITUICOES;00;RECURSOS PRIMARIOS DE LIVRE APLICACAO;;;;;1,320.00;0.00;1,320.00;1,060.00
2020;153138;FACULDADE DE MEDICINA DA UFRJ;12;EDUCACAO;364;ENSINO SUPERIOR;5013;EDUCACAO SUPERIOR - GRADUACAO, POS-GRADUACAO, ENSINO, PESQUI;0487;CONCESSAO DE BOLSAS DE ESTUDO NO ENSINO SUPERIOR;0002;CONCESSAO DE BOLSAS DE ESTUDO NO PAIS;12364501304870001;170062;OCCCUO9414N;BF SUPERIOR - PROAP;90;APLICACOES DIRETAS;3;DESPESAS CORRENTES;3;OUTRAS DESPESAS CORRENTES;18;AUXILIO FINANCEIRO A ESTUDANTES;339018;AUXILIO FINANCEIRO A ESTUDANTES;00;RECURSOS PRIMARIOS DE LIVRE APLICACAO;;;;;27,881.85;0.00;;
2020;153138;FACULDADE DE MEDICINA DA UFRJ;12;EDUCACAO;364;ENSINO SUPERIOR;5013;EDUCACAO SUPERIOR - GRADUACAO, POS-GRADUACAO, ENSINO, PESQUI;0487;CONCESSAO DE BOLSAS DE ESTUDO NO ENSINO SUPERIOR;0002;CONCESSAO DE BOLSAS DE ESTUDO NO PAIS;12364501304870001;170062;OCCCUO9414N;BF SUPERIOR - PROAP;90;APLICACOES DIRETAS;3;DESPESAS CORRENTES;3;OUTRAS DESPESAS CORRENTES;30;MATERIAL DE CONSUMO;339030;MATERIAL DE CONSUMO;00;RECURSOS PRIMARIOS DE LIVRE APLICACAO;;;;;295,643.32;0.00;24,880.00;18,660.00
2020;153138;FACULDADE DE MEDICINA DA UFRJ;12;EDUCACAO;364;ENSINO SUPERIOR;5013;EDUCACAO SUPERIOR - GRADUACAO, POS-GRADUACAO, ENSINO, PESQUI;0487;CONCESSAO DE BOLSAS DE ESTUDO NO ENSINO SUPERIOR;0002;CONCESSAO DE BOLSAS DE ESTUDO NO PAIS;12364501304870001;170062;OCCCUO9414N;BF SUPERIOR - PROAP;90;APLICACOES DIRETAS;3;DESPESAS CORRENTES;3;OUTRAS DESPESAS CORRENTES;39;OUTROS SERVICOS DE TERCEIROS PJ - OP.INT.ORC.;339039;OUTROS SERVICOS DE TERCEIROS - PESSOA JURIDICA;00;RECURSOS PRIMARIOS DE LIVRE APLICACAO;;;;;226,535.64;0.00;;
2020;153138;FACULDADE DE MEDICINA DA UFRJ;12;EDUCACAO;364;ENSINO SUPERIOR;5013;EDUCACAO SUPERIOR - GRADUACAO, POS-GRADUACAO, ENSINO, PESQUI;0487;CONCESSAO DE BOLSAS DE ESTUDO NO ENSINO SUPERIOR;0002;CONCESSAO DE BOLSAS DE ESTUDO NO PAIS;12364501304870001;170062;OCCCUO9414N;BF SUPERIOR - PROAP;90;APLICACOES DIRETAS;3;DESPESAS CORRENTES;3;OUTRAS DESPESAS CORRENTES;40;SERVICOS DE TECNOLOGIA DA INFORMACAO E COMUNICACAO - PJ;339040;SERVICOS DE TECNOLOGIA DA INFORMACAO E COMUNICACAO - PJ;00;RECURSOS PRIMARIOS DE LIVRE APLICACAO;;;;;16,710.00;0.00;;
2020;153145;INSTITUTO DE BIOFISICA DA UFRJ;12;EDUCACAO;364;ENSINO SUPERIOR;5013;EDUCACAO SUPERIOR - GRADUACAO, POS-GRADUACAO, ENSINO, PESQUI;0487;CONCESSAO DE BOLSAS DE ESTUDO NO ENSINO SUPERIOR;0002;CONCESSAO DE BOLSAS DE ESTUDO NO PAIS;12364501304870001;170062;OCCCUO9414N;BF SUPERIOR - PROAP;90;APLICACOES DIRETAS;3;DESPESAS CORRENTES;3;OUTRAS DESPESAS CORRENTES;30;MATERIAL DE CONSUMO;339030;MATERIAL DE CONSUMO;00;RECURSOS PRIMARIOS DE LIVRE APLICACAO;;;;;94,684.77;0.00;;
2020;153145;INSTITUTO DE BIOFISICA DA UFRJ;12;EDUCACAO;364;ENSINO SUPERIOR;5013;EDUCACAO SUPERIOR - GRADUACAO, POS-GRADUACAO, ENSINO, PESQUI;0487;CONCESSAO DE BOLSAS DE ESTUDO NO ENSINO SUPERIOR;0002;CONCESSAO DE BOLSAS DE ESTUDO NO PAIS;12364501304870001;170062;OCCCUO9414N;BF SUPERIOR - PROAP;90;APLICACOES DIRETAS;3;DESPESAS CORRENTES;3;OUTRAS DESPESAS CORRENTES;39;OUTROS SERVICOS DE TERCEIROS PJ - OP.INT.ORC.;339039;OUTROS SERVICOS DE TERCEIROS - PESSOA JURIDICA;00;RECURSOS PRIMARIOS DE LIVRE APLICACAO;;;;;60,861.36;5,765.34;;
2020;153149;INSTITUTO DE PSIQUIATRIA DA UFRJ;12;EDUCACAO;364;ENSINO SUPERIOR;5013;EDUCACAO SUPERIOR - GRADUACAO, POS-GRADUACAO, ENSINO, PESQUI;0487;CONCESSAO DE BOLSAS DE ESTUDO NO ENSINO SUPERIOR;0002;CONCESSAO DE BOLSAS DE ESTUDO NO PAIS;12364501304870001;170062;OCCCUO9414N;BF SUPERIOR - PROAP;90;APLICACOES DIRETAS;3;DESPESAS CORRENTES;3;OUTRAS DESPESAS CORRENTES;30;MATERIAL DE CONSUMO;339030;MATERIAL DE CONSUMO;00;RECURSOS PRIMARIOS DE LIVRE APLICACAO;;;;;30,776.64;7,225.26;1,875.60;1,875.60
2020;153149;INSTITUTO DE PSIQUIATRIA DA UFRJ;12;EDUCACAO;364;ENSINO SUPERIOR;5013;EDUCACAO SUPERIOR - GRADUACAO, POS-GRADUACAO, ENSINO, PESQUI;0487;CONCESSAO DE BOLSAS DE ESTUDO NO ENSINO SUPERIOR;0002;CONCESSAO DE BOLSAS DE ESTUDO NO PAIS;12364501304870001;170062;OCCCUO9414N;BF SUPERIOR - PROAP;90;APLICACOES DIRETAS;3;DESPESAS CORRENTES;3;OUTRAS DESPESAS CORRENTES;36;OUTROS SERVICOS DE TERCEIROS - P.FISICA;339036;OUTROS SERVICOS DE TERCEIROS - PESSOA FISICA;00;RECURSOS PRIMARIOS DE LIVRE APLICACAO;;;;;24,385.00;0.00;24,385.00;14,631.00
2020;153149;INSTITUTO DE PSIQUIATRIA DA UFRJ;12;EDUCACAO;364;ENSINO SUPERIOR;5013;EDUCACAO SUPERIOR - GRADUACAO, POS-GRADUACAO, ENSINO, PESQUI;0487;CONCESSAO DE BOLSAS DE ESTUDO NO ENSINO SUPERIOR;0002;CONCESSAO DE BOLSAS DE ESTUDO NO PAIS;12364501304870001;170062;OCCCUO9414N;BF SUPERIOR - PROAP;90;APLICACOES DIRETAS;3;DESPESAS CORRENTES;3;OUTRAS DESPESAS CORRENTES;39;OUTROS SERVICOS DE TERCEIROS PJ - OP.INT.ORC.;339039;OUTROS SERVICOS DE TERCEIROS - PESSOA JURIDICA;00;RECURSOS PRIMARIOS DE LIVRE APLICACAO;;;;;48,300.00;19,425.00;14,700.00;14,700.00
2020;153149;INSTITUTO DE PSIQUIATRIA DA UFRJ;12;EDUCACAO;364;ENSINO SUPERIOR;5013;EDUCACAO SUPERIOR - GRADUACAO, POS-GRADUACAO, ENSINO, PESQUI;0487;CONCESSAO DE BOLSAS DE ESTUDO NO ENSINO SUPERIOR;0002;CONCESSAO DE BOLSAS DE ESTUDO NO PAIS;12364501304870001;170062;OCCCUO9414N;BF SUPERIOR - PROAP;91;APLICACOES DIRETAS - OPERACOES INTERNAS;3;DESPESAS CORRENTES;3;OUTRAS DESPESAS CORRENTES;47;OBRIGACOES TRIBUTARIAS E CONTRIBUTIVAS;339147;OBRIG.TRIBUT.E CONTRIB-OP.INTRA-ORCAMENTARIAS;00;RECURSOS PRIMARIOS DE LIVRE APLICACAO;;;;;4,877.00;0.00;4,877.00;2,926.20
2020;153152;HOSPITAL UNIVERSITARIO DA UFRJ;12;EDUCACAO;364;ENSINO SUPERIOR;5013;EDUCACAO SUPERIOR - GRADUACAO, POS-GRADUACAO, ENSINO, PESQUI;0487;CONCESSAO DE BOLSAS DE ESTUDO NO ENSINO SUPERIOR;0002;CONCESSAO DE BOLSAS DE ESTUDO NO PAIS;12364501304870001;170062;OCCCUO9414N;BF SUPERIOR - PROAP;90;APLICACOES DIRETAS;3;DESPESAS CORRENTES;3;OUTRAS DESPESAS CORRENTES;30;MATERIAL DE CONSUMO;339030;MATERIAL DE CONSUMO;00;RECURSOS PRIMARIOS DE LIVRE APLICACAO;;;;;5,567.34;0.00;;
2020;153152;HOSPITAL UNIVERSITARIO DA UFRJ;12;EDUCACAO;364;ENSINO SUPERIOR;5013;EDUCACAO SUPERIOR - GRADUACAO, POS-GRADUACAO, ENSINO, PESQUI;0487;CONCESSAO DE BOLSAS DE ESTUDO NO ENSINO SUPERIOR;0002;CONCESSAO DE BOLSAS DE ESTUDO NO PAIS;12364501304870001;170062;OCCCUO9414N;BF SUPERIOR - PROAP;90;APLICACOES DIRETAS;3;DESPESAS CORRENTES;3;OUTRAS DESPESAS CORRENTES;40;SERVICOS DE TECNOLOGIA DA INFORMACAO E COMUNICACAO - PJ;339040;SERVICOS DE TECNOLOGIA DA INFORMACAO E COMUNICACAO - PJ;00;RECURSOS PRIMARIOS DE LIVRE APLICACAO;;;;;105,300.00;34,950.00;;
2020;153153;ESCOLA DE EDUCACAO FISICA E DESPORTES DA UFRJ;12;EDUCACAO;364;ENSINO SUPERIOR;5013;EDUCACAO SUPERIOR - GRADUACAO, POS-GRADUACAO, ENSINO, PESQUI;0487;CONCESSAO DE BOLSAS DE ESTUDO NO ENSINO SUPERIOR;0002;CONCESSAO DE BOLSAS DE ESTUDO NO PAIS;12364501304870001;170062;OCCCUO9414N;BF SUPERIOR - PROAP;90;APLICACOES DIRETAS;3;DESPESAS CORRENTES;3;OUTRAS DESPESAS CORRENTES;30;MATERIAL DE CONSUMO;339030;MATERIAL DE CONSUMO;00;RECURSOS PRIMARIOS DE LIVRE APLICACAO;;;;;68,608.12;12,570.88;56,037.24;52,372.32
2020;153153;ESCOLA DE EDUCACAO FISICA E DESPORTES DA UFRJ;12;EDUCACAO;364;ENSINO SUPERIOR;5013;EDUCACAO SUPERIOR - GRADUACAO, POS-GRADUACAO, ENSINO, PESQUI;0487;CONCESSAO DE BOLSAS DE ESTUDO NO ENSINO SUPERIOR;0002;CONCESSAO DE BOLSAS DE ESTUDO NO PAIS;12364501304870001;170062;OCCCUO9414N;BF SUPERIOR - PROAP;90;APLICACOES DIRETAS;3;DESPESAS CORRENTES;3;OUTRAS DESPESAS CORRENTES;39;OUTROS SERVICOS DE TERCEIROS PJ - OP.INT.ORC.;339039;OUTROS SERVICOS DE TERCEIROS - PESSOA JURIDICA;00;RECURSOS PRIMARIOS DE LIVRE APLICACAO;;;;;20,800.00;0.00;20,800.00;16,800.00
2020;153154;INSTITUTO DE BIOLOGIA DA UFRJ;12;EDUCACAO;364;ENSINO SUPERIOR;5013;EDUCACAO SUPERIOR - GRADUACAO, POS-GRADUACAO, ENSINO, PESQUI;0487;CONCESSAO DE BOLSAS DE ESTUDO NO ENSINO SUPERIOR;0002;CONCESSAO DE BOLSAS DE ESTUDO NO PAIS;12364501304870001;170062;OCCCUO9414N;BF SUPERIOR - PROAP;90;APLICACOES DIRETAS;3;DESPESAS CORRENTES;3;OUTRAS DESPESAS CORRENTES;18;AUXILIO FINANCEIRO A ESTUDANTES;339018;AUXILIO FINANCEIRO A ESTUDANTES;00;RECURSOS PRIMARIOS DE LIVRE APLICACAO;;;;;64,900.00;5,000.00;21,500.00;12,900.00
2020;153154;INSTITUTO DE BIOLOGIA DA UFRJ;12;EDUCACAO;364;ENSINO SUPERIOR;5013;EDUCACAO SUPERIOR - GRADUACAO, POS-GRADUACAO, ENSINO, PESQUI;0487;CONCESSAO DE BOLSAS DE ESTUDO NO ENSINO SUPERIOR;0002;CONCESSAO DE BOLSAS DE ESTUDO NO PAIS;12364501304870001;170062;OCCCUO9414N;BF SUPERIOR - PROAP;90;APLICACOES DIRETAS;3;DESPESAS CORRENTES;3;OUTRAS DESPESAS CORRENTES;30;MATERIAL DE CONSUMO;339030;MATERIAL DE CONSUMO;00;RECURSOS PRIMARIOS DE LIVRE APLICACAO;;;;;296,067.30;75,544.71;39,021.21;38,421.21
2020;153154;INSTITUTO DE BIOLOGIA DA UFRJ;12;EDUCACAO;364;ENSINO SUPERIOR;5013;EDUCACAO SUPERIOR - GRADUACAO, POS-GRADUACAO, ENSINO, PESQUI;0487;CONCESSAO DE BOLSAS DE ESTUDO NO ENSINO SUPERIOR;0002;CONCESSAO DE BOLSAS DE ESTUDO NO PAIS;12364501304870001;170062;OCCCUO9414N;BF SUPERIOR - PROAP;90;APLICACOES DIRETAS;3;DESPESAS CORRENTES;3;OUTRAS DESPESAS CORRENTES;39;OUTROS SERVICOS DE TERCEIROS PJ - OP.INT.ORC.;339039;OUTROS SERVICOS DE TERCEIROS - PESSOA JURIDICA;00;RECURSOS PRIMARIOS DE LIVRE APLICACAO;;;;;313,456.80;43,860.00;117,600.00;79,300.00
2020;153160;COORD DOS PROG DE POS-GRAD EM ENGEN DA UFRJ;12;EDUCACAO;364;ENSINO SUPERIOR;5013;EDUCACAO SUPERIOR - GRADUACAO, POS-GRADUACAO, ENSINO, PESQUI;0487;CONCESSAO DE BOLSAS DE ESTUDO NO ENSINO SUPERIOR;0002;CONCESSAO DE BOLSAS DE ESTUDO NO PAIS;12364501304870001;170062;OCCCUO9414N;BF SUPERIOR - PROAP;90;APLICACOES DIRETAS;3;DESPESAS CORRENTES;3;OUTRAS DESPESAS CORRENTES;30;MATERIAL DE CONSUMO;339030;MATERIAL DE CONSUMO;00;RECURSOS PRIMARIOS DE LIVRE APLICACAO;;;;;374,605.39;30,279.07;70,560.00;53,817.60
2020;153160;COORD DOS PROG DE POS-GRAD EM ENGEN DA UFRJ;12;EDUCACAO;364;ENSINO SUPERIOR;5013;EDUCACAO SUPERIOR - GRADUACAO, POS-GRADUACAO, ENSINO, PESQUI;0487;CONCESSAO DE BOLSAS DE ESTUDO NO ENSINO SUPERIOR;0002;CONCESSAO DE BOLSAS DE ESTUDO NO PAIS;12364501304870001;170062;OCCCUO9414N;BF SUPERIOR - PROAP;90;APLICACOES DIRETAS;3;DESPESAS CORRENTES;3;OUTRAS DESPESAS CORRENTES;39;OUTROS SERVICOS DE TERCEIROS PJ - OP.INT.ORC.;339039;OUTROS SERVICOS DE TERCEIROS - PESSOA JURIDICA;00;RECURSOS PRIMARIOS DE LIVRE APLICACAO;;;;;243,214.94;43,450.98;129,554.96;103,915.00
2020;153160;COORD DOS PROG DE POS-GRAD EM ENGEN DA UFRJ;12;EDUCACAO;364;ENSINO SUPERIOR;5013;EDUCACAO SUPERIOR - GRADUACAO, POS-GRADUACAO, ENSINO, PESQUI;0487;CONCESSAO DE BOLSAS DE ESTUDO NO ENSINO SUPERIOR;0002;CONCESSAO DE BOLSAS DE ESTUDO NO PAIS;12364501304870001;170062;OCCCUO9414N;BF SUPERIOR - PROAP;90;APLICACOES DIRETAS;3;DESPESAS CORRENTES;3;OUTRAS DESPESAS CORRENTES;40;SERVICOS DE TECNOLOGIA DA INFORMACAO E COMUNICACAO - PJ;339040;SERVICOS DE TECNOLOGIA DA INFORMACAO E COMUNICACAO - PJ;00;RECURSOS PRIMARIOS DE LIVRE APLICACAO;;;;;341,921.50;62,842.00;188,817.00;155,217.00
2020;153160;COORD DOS PROG DE POS-GRAD EM ENGEN DA UFRJ;12;EDUCACAO;364;ENSINO SUPERIOR;5013;EDUCACAO SUPERIOR - GRADUACAO, POS-GRADUACAO, ENSINO, PESQUI;0487;CONCESSAO DE BOLSAS DE ESTUDO NO ENSINO SUPERIOR;0002;CONCESSAO DE BOLSAS DE ESTUDO NO PAIS;12364501304870001;170062;OCCCUO9414N;BF SUPERIOR - PROAP;90;APLICACOES DIRETAS;3;DESPESAS CORRENTES;3;OUTRAS DESPESAS CORRENTES;93;INDENIZACOES E RESTITUICOES;339093;INDENIZACOES E RESTITUICOES;00;RECURSOS PRIMARIOS DE LIVRE APLICACAO;;;;;4,619.94;0.00;4,619.94;4,619.94
2020;153162;MUSEU NACIONAL DA UFRJ;12;EDUCACAO;364;ENSINO SUPERIOR;5013;EDUCACAO SUPERIOR - GRADUACAO, POS-GRADUACAO, ENSINO, PESQUI;0487;CONCESSAO DE BOLSAS DE ESTUDO NO ENSINO SUPERIOR;0002;CONCESSAO DE BOLSAS DE ESTUDO NO PAIS;12364501304870001;170062;OCCCUO9414N;BF SUPERIOR - PROAP;90;APLICACOES DIRETAS;3;DESPESAS CORRENTES;3;OUTRAS DESPESAS CORRENTES;18;AUXILIO FINANCEIRO A ESTUDANTES;339018;AUXILIO FINANCEIRO A ESTUDANTES;00;RECURSOS PRIMARIOS DE LIVRE APLICACAO;;;;;327,784.24;0.00;327,784.24;263,068.08
2020;153163;UNIVERSIDADE FEDERAL DE SANTA CATARINA;12;EDUCACAO;364;ENSINO SUPERIOR;5013;EDUCACAO SUPERIOR - GRADUACAO, POS-GRADUACAO, ENSINO, PESQUI;0487;CONCESSAO DE BOLSAS DE ESTUDO NO ENSINO SUPERIOR;0002;CONCESSAO DE BOLSAS DE ESTUDO NO PAIS;12364501304870001;170062;OCCCUO9414N;BF SUPERIOR - PROAP;90;APLICACOES DIRETAS;3;DESPESAS CORRENTES;3;OUTRAS DESPESAS CORRENTES;18;AUXILIO FINANCEIRO A ESTUDANTES;339018;AUXILIO FINANCEIRO A ESTUDANTES;00;RECURSOS PRIMARIOS DE LIVRE APLICACAO;;;;;0.00;0.00;;
2020;153163;UNIVERSIDADE FEDERAL DE SANTA CATARINA;12;EDUCACAO;364;ENSINO SUPERIOR;5013;EDUCACAO SUPERIOR - GRADUACAO, POS-GRADUACAO, ENSINO, PESQUI;0487;CONCESSAO DE BOLSAS DE ESTUDO NO ENSINO SUPERIOR;0002;CONCESSAO DE BOLSAS DE ESTUDO NO PAIS;12364501304870001;170062;OCCCUO9414N;BF SUPERIOR - PROAP;90;APLICACOES DIRETAS;3;DESPESAS CORRENTES;3;OUTRAS DESPESAS CORRENTES;30;MATERIAL DE CONSUMO;339030;MATERIAL DE CONSUMO;00;RECURSOS PRIMARIOS DE LIVRE APLICACAO;;;;;1,395,992.80;325,478.61;420,439.06;335,981.19
2020;153163;UNIVERSIDADE FEDERAL DE SANTA CATARINA;12;EDUCACAO;364;ENSINO SUPERIOR;5013;EDUCACAO SUPERIOR - GRADUACAO, POS-GRADUACAO, ENSINO, PESQUI;0487;CONCESSAO DE BOLSAS DE ESTUDO NO ENSINO SUPERIOR;0002;CONCESSAO DE BOLSAS DE ESTUDO NO PAIS;12364501304870001;170062;OCCCUO9414N;BF SUPERIOR - PROAP;90;APLICACOES DIRETAS;3;DESPESAS CORRENTES;3;OUTRAS DESPESAS CORRENTES;39;OUTROS SERVICOS DE TERCEIROS PJ - OP.INT.ORC.;339039;OUTROS SERVICOS DE TERCEIROS - PESSOA JURIDICA;00;RECURSOS PRIMARIOS DE LIVRE APLICACAO;;;;;3,855,962.76;266,973.91;435,580.73;423,962.73
2020;153163;UNIVERSIDADE FEDERAL DE SANTA CATARINA;12;EDUCACAO;364;ENSINO SUPERIOR;5013;EDUCACAO SUPERIOR - GRADUACAO, POS-GRADUACAO, ENSINO, PESQUI;0487;CONCESSAO DE BOLSAS DE ESTUDO NO ENSINO SUPERIOR;0002;CONCESSAO DE BOLSAS DE ESTUDO NO PAIS;12364501304870001;170062;OCCCUO9414N;BF SUPERIOR - PROAP;90;APLICACOES DIRETAS;3;DESPESAS CORRENTES;3;OUTRAS DESPESAS CORRENTES;40;SERVICOS DE TECNOLOGIA DA INFORMACAO E COMUNICACAO - PJ;339040;SERVICOS DE TECNOLOGIA DA INFORMACAO E COMUNICACAO - PJ;00;RECURSOS PRIMARIOS DE LIVRE APLICACAO;;;;;22,150.20;8,860.08;;
2020;153163;UNIVERSIDADE FEDERAL DE SANTA CATARINA;12;EDUCACAO;368;EDUCACAO BASICA;5011;EDUCACAO BASICA DE QUALIDADE;20RJ;APOIO A CAPACITACAO E FORMACAO INICIAL E CONTINUADA PARA A E;0004;EDUCACAO BASICA A DISTANCIA - SISTEMA UNIVERSIDADE ABERTA DO BRASIL (UAB);12368501120RJ0001;186018;QCC62T58HIN;UAB - UAB PROFHISTORIA;90;APLICACOES DIRETAS;3;DESPESAS CORRENTES;3;OUTRAS DESPESAS CORRENTES;14;DIARIAS - PESSOAL CIVIL;339014;DIARIAS - PESSOAL CIVIL;00;RECURSOS PRIMARIOS DE LIVRE APLICACAO;;;;;18,021.00;18,021.00;;
2020;153163;UNIVERSIDADE FEDERAL DE SANTA CATARINA;12;EDUCACAO;368;EDUCACAO BASICA;5011;EDUCACAO BASICA DE QUALIDADE;20RJ;APOIO A CAPACITACAO E FORMACAO INICIAL E CONTINUADA PARA A E;0004;EDUCACAO BASICA A DISTANCIA - SISTEMA UNIVERSIDADE ABERTA DO BRASIL (UAB);12368501120RJ0001;186018;QCC62T58HIN;UAB - UAB PROFHISTORIA;90;APLICACOES DIRETAS;3;DESPESAS CORRENTES;3;OUTRAS DESPESAS CORRENTES;18;AUXILIO FINANCEIRO A ESTUDANTES;339018;AUXILIO FINANCEIRO A ESTUDANTES;00;RECURSOS PRIMARIOS DE LIVRE APLICACAO;;;;;67,500.00;45,000.00;;
2020;153163;UNIVERSIDADE FEDERAL DE SANTA CATARINA;12;EDUCACAO;368;EDUCACAO BASICA;5011;EDUCACAO BASICA DE QUALIDADE;20RJ;APOIO A CAPACITACAO E FORMACAO INICIAL E CONTINUADA PARA A E;0004;EDUCACAO BASICA A DISTANCIA - SISTEMA UNIVERSIDADE ABERTA DO BRASIL (UAB);12368501120RJ0001;186018;QCC62T58HIN;UAB - UAB PROFHISTORIA;90;APLICACOES DIRETAS;3;DESPESAS CORRENTES;3;OUTRAS DESPESAS CORRENTES;33;PASSAGENS E DESPESAS COM LOCOMOCAO;339033;PASSAGENS E DESPESAS COM LOCOMOCAO;00;RECURSOS PRIMARIOS DE LIVRE APLICACAO;;;;;22,509.00;22,509.00;;
2020;153163;UNIVERSIDADE FEDERAL DE SANTA CATARINA;12;EDUCACAO;368;EDUCACAO BASICA;5011;EDUCACAO BASICA DE QUALIDADE;20RJ;APOIO A CAPACITACAO E FORMACAO INICIAL E CONTINUADA PARA A E;0004;EDUCACAO BASICA A DISTANCIA - SISTEMA UNIVERSIDADE ABERTA DO BRASIL (UAB);12368501120RJ0001;186018;QCC62T58HIN;UAB - UAB PROFHISTORIA;90;APLICACOES DIRETAS;3;DESPESAS CORRENTES;3;OUTRAS DESPESAS CORRENTES;39;OUTROS SERVICOS DE TERCEIROS PJ - OP.INT.ORC.;339039;OUTROS SERVICOS DE TERCEIROS - PESSOA JURIDICA;00;RECURSOS PRIMARIOS DE LIVRE APLICACAO;;;;;27,060.80;2,000.00;;
2020;153164;UNIVERSIDADE FEDERAL DE SANTA MARIA;12;EDUCACAO;364;ENSINO SUPERIOR;5013;EDUCACAO SUPERIOR - GRADUACAO, POS-GRADUACAO, ENSINO, PESQUI;0487;CONCESSAO DE BOLSAS DE ESTUDO NO ENSINO SUPERIOR;0002;CONCESSAO DE BOLSAS DE ESTUDO NO PAIS;12364501304870001;170062;OCCCUO9414N;BF SUPERIOR - PROAP;90;APLICACOES DIRETAS;3;DESPESAS CORRENTES;3;OUTRAS DESPESAS CORRENTES;14;DIARIAS - PESSOAL CIVIL;339014;DIARIAS - PESSOAL CIVIL;00;RECURSOS PRIMARIOS DE LIVRE APLICACAO;;;;;471,721.76;357,556.09;114,165.67;112,734.01
2020;153164;UNIVERSIDADE FEDERAL DE SANTA MARIA;12;EDUCACAO;364;ENSINO SUPERIOR;5013;EDUCACAO SUPERIOR - GRADUACAO, POS-GRADUACAO, ENSINO, PESQUI;0487;CONCESSAO DE BOLSAS DE ESTUDO NO ENSINO SUPERIOR;0002;CONCESSAO DE BOLSAS DE ESTUDO NO PAIS;12364501304870001;170062;OCCCUO9414N;BF SUPERIOR - PROAP;90;APLICACOES DIRETAS;3;DESPESAS CORRENTES;3;OUTRAS DESPESAS CORRENTES;30;MATERIAL DE CONSUMO;339030;MATERIAL DE CONSUMO;00;RECURSOS PRIMARIOS DE LIVRE APLICACAO;;;;;4,911,484.89;1,189,253.15;1,467,843.04;1,449,699.60
2020;153164;UNIVERSIDADE FEDERAL DE SANTA MARIA;12;EDUCACAO;364;ENSINO SUPERIOR;5013;EDUCACAO SUPERIOR - GRADUACAO, POS-GRADUACAO, ENSINO, PESQUI;0487;CONCESSAO DE BOLSAS DE ESTUDO NO ENSINO SUPERIOR;0002;CONCESSAO DE BOLSAS DE ESTUDO NO PAIS;12364501304870001;170062;OCCCUO9414N;BF SUPERIOR - PROAP;90;APLICACOES DIRETAS;3;DESPESAS CORRENTES;3;OUTRAS DESPESAS CORRENTES;33;PASSAGENS E DESPESAS COM LOCOMOCAO;339033;PASSAGENS E DESPESAS COM LOCOMOCAO;00;RECURSOS PRIMARIOS DE LIVRE APLICACAO;;;;;283,163.20;280,000.00;3,163.20;3,163.20
2020;153164;UNIVERSIDADE FEDERAL DE SANTA MARIA;12;EDUCACAO;364;ENSINO SUPERIOR;5013;EDUCACAO SUPERIOR - GRADUACAO, POS-GRADUACAO, ENSINO, PESQUI;0487;CONCESSAO DE BOLSAS DE ESTUDO NO ENSINO SUPERIOR;0002;CONCESSAO DE BOLSAS DE ESTUDO NO PAIS;12364501304870001;170062;OCCCUO9414N;BF SUPERIOR - PROAP;90;APLICACOES DIRETAS;3;DESPESAS CORRENTES;3;OUTRAS DESPESAS CORRENTES;36;OUTROS SERVICOS DE TERCEIROS - P.FISICA;339036;OUTROS SERVICOS DE TERCEIROS - PESSOA FISICA;00;RECURSOS PRIMARIOS DE LIVRE APLICACAO;;;;;579,785.60;380,914.00;198,871.60;187,144.10
2020;153164;UNIVERSIDADE FEDERAL DE SANTA MARIA;12;EDUCACAO;364;ENSINO SUPERIOR;5013;EDUCACAO SUPERIOR - GRADUACAO, POS-GRADUACAO, ENSINO, PESQUI;0487;CONCESSAO DE BOLSAS DE ESTUDO NO ENSINO SUPERIOR;0002;CONCESSAO DE BOLSAS DE ESTUDO NO PAIS;12364501304870001;170062;OCCCUO9414N;BF SUPERIOR - PROAP;90;APLICACOES DIRETAS;3;DESPESAS CORRENTES;3;OUTRAS DESPESAS CORRENTES;39;OUTROS SERVICOS DE TERCEIROS PJ - OP.INT.ORC.;339039;OUTROS SERVICOS DE TERCEIROS - PESSOA JURIDICA;00;RECURSOS PRIMARIOS DE LIVRE APLICACAO;;;;;1,244,464.56;143,933.38;827,030.96;749,362.55
2020;153164;UNIVERSIDADE FEDERAL DE SANTA MARIA;12;EDUCACAO;364;ENSINO SUPERIOR;5013;EDUCACAO SUPERIOR - GRADUACAO, POS-GRADUACAO, ENSINO, PESQUI;0487;CONCESSAO DE BOLSAS DE ESTUDO NO ENSINO SUPERIOR;0002;CONCESSAO DE BOLSAS DE ESTUDO NO PAIS;12364501304870001;170062;OCCCUO9414N;BF SUPERIOR - PROAP;90;APLICACOES DIRETAS;3;DESPESAS CORRENTES;3;OUTRAS DESPESAS CORRENTES;40;SERVICOS DE TECNOLOGIA DA INFORMACAO E COMUNICACAO - PJ;339040;SERVICOS DE TECNOLOGIA DA INFORMACAO E COMUNICACAO - PJ;00;RECURSOS PRIMARIOS DE LIVRE APLICACAO;;;;;401,770.60;79,668.82;144,189.78;119,948.46
2020;153164;UNIVERSIDADE FEDERAL DE SANTA MARIA;12;EDUCACAO;368;EDUCACAO BASICA;5011;EDUCACAO BASICA DE QUALIDADE;20RJ;APOIO A CAPACITACAO E FORMACAO INICIAL E CONTINUADA PARA A E;0004;EDUCACAO BASICA A DISTANCIA - SISTEMA UNIVERSIDADE ABERTA DO BRASIL (UAB);12368501120RJ0001;186018;MCC62G22EDN;UAB - UAB TRADICIONAL;90;APLICACOES DIRETAS;3;DESPESAS CORRENTES;3;OUTRAS DESPESAS CORRENTES;14;DIARIAS - PESSOAL CIVIL;339014;DIARIAS - PESSOAL CIVIL;00;RECURSOS PRIMARIOS DE LIVRE APLICACAO;;;;;442,016.00;276,260.00;;
2020;153164;UNIVERSIDADE FEDERAL DE SANTA MARIA;12;EDUCACAO;368;EDUCACAO BASICA;5011;EDUCACAO BASICA DE QUALIDADE;20RJ;APOIO A CAPACITACAO E FORMACAO INICIAL E CONTINUADA PARA A E;0004;EDUCACAO BASICA A DISTANCIA - SISTEMA UNIVERSIDADE ABERTA DO BRASIL (UAB);12368501120RJ0001;186018;MCC62G22EDN;UAB - UAB TRADICIONAL;90;APLICACOES DIRETAS;3;DESPESAS CORRENTES;3;OUTRAS DESPESAS CORRENTES;30;MATERIAL DE CONSUMO;339030;MATERIAL DE CONSUMO;00;RECURSOS PRIMARIOS DE LIVRE APLICACAO;;;;;120,000.00;75,000.00;;
2020;153164;UNIVERSIDADE FEDERAL DE SANTA MARIA;12;EDUCACAO;368;EDUCACAO BASICA;5011;EDUCACAO BASICA DE QUALIDADE;20RJ;APOIO A CAPACITACAO E FORMACAO INICIAL E CONTINUADA PARA A E;0004;EDUCACAO BASICA A DISTANCIA - SISTEMA UNIVERSIDADE ABERTA DO BRASIL (UAB);12368501120RJ0001;186018;MCC62G22EDN;UAB - UAB TRADICIONAL;90;APLICACOES DIRETAS;3;DESPESAS CORRENTES;3;OUTRAS DESPESAS CORRENTES;33;PASSAGENS E DESPESAS COM LOCOMOCAO;339033;PASSAGENS E DESPESAS COM LOCOMOCAO;00;RECURSOS PRIMARIOS DE LIVRE APLICACAO;;;;;4,000.00;2,500.00;;
2020;153164;UNIVERSIDADE FEDERAL DE SANTA MARIA;12;EDUCACAO;368;EDUCACAO BASICA;5011;EDUCACAO BASICA DE QUALIDADE;20RJ;APOIO A CAPACITACAO E FORMACAO INICIAL E CONTINUADA PARA A E;0004;EDUCACAO BASICA A DISTANCIA - SISTEMA UNIVERSIDADE ABERTA DO BRASIL (UAB);12368501120RJ0001;186018;MCC62G22EDN;UAB - UAB TRADICIONAL;90;APLICACOES DIRETAS;3;DESPESAS CORRENTES;3;OUTRAS DESPESAS CORRENTES;36;OUTROS SERVICOS DE TERCEIROS - P.FISICA;339036;OUTROS SERVICOS DE TERCEIROS - PESSOA FISICA;00;RECURSOS PRIMARIOS DE LIVRE APLICACAO;;;;;80,000.00;50,000.00;;
2020;153164;UNIVERSIDADE FEDERAL DE SANTA MARIA;12;EDUCACAO;368;EDUCACAO BASICA;5011;EDUCACAO BASICA DE QUALIDADE;20RJ;APOIO A CAPACITACAO E FORMACAO INICIAL E CONTINUADA PARA A E;0004;EDUCACAO BASICA A DISTANCIA - SISTEMA UNIVERSIDADE ABERTA DO BRASIL (UAB);12368501120RJ0001;186018;MCC62G22EDN;UAB - UAB TRADICIONAL;90;APLICACOES DIRETAS;3;DESPESAS CORRENTES;3;OUTRAS DESPESAS CORRENTES;39;OUTROS SERVICOS DE TERCEIROS PJ - OP.INT.ORC.;339039;OUTROS SERVICOS DE TERCEIROS - PESSOA JURIDICA;00;RECURSOS PRIMARIOS DE LIVRE APLICACAO;;;;;607,080.64;379,425.40;;
2020;153164;UNIVERSIDADE FEDERAL DE SANTA MARIA;12;EDUCACAO;368;EDUCACAO BASICA;5011;EDUCACAO BASICA DE QUALIDADE;20RJ;APOIO A CAPACITACAO E FORMACAO INICIAL E CONTINUADA PARA A E;0004;EDUCACAO BASICA A DISTANCIA - SISTEMA UNIVERSIDADE ABERTA DO BRASIL (UAB);12368501120RJ0001;186018;QCC62T58HIN;UAB - UAB PROFHISTORIA;90;APLICACOES DIRETAS;3;DESPESAS CORRENTES;3;OUTRAS DESPESAS CORRENTES;18;AUXILIO FINANCEIRO A ESTUDANTES;339018;AUXILIO FINANCEIRO A ESTUDANTES;00;RECURSOS PRIMARIOS DE LIVRE APLICACAO;;;;;6,000.00;1,500.00;;
2020;153164;UNIVERSIDADE FEDERAL DE SANTA MARIA;12;EDUCACAO;368;EDUCACAO BASICA;5011;EDUCACAO BASICA DE QUALIDADE;20RJ;APOIO A CAPACITACAO E FORMACAO INICIAL E CONTINUADA PARA A E;0004;EDUCACAO BASICA A DISTANCIA - SISTEMA UNIVERSIDADE ABERTA DO BRASIL (UAB);12368501120RJ0001;186018;QCC62T58HIN;UAB - UAB PROFHISTORIA;90;APLICACOES DIRETAS;3;DESPESAS CORRENTES;3;OUTRAS DESPESAS CORRENTES;33;PASSAGENS E DESPESAS COM LOCOMOCAO;339033;PASSAGENS E DESPESAS COM LOCOMOCAO;00;RECURSOS PRIMARIOS DE LIVRE APLICACAO;;;;;21,000.00;5,250.00;;
2020;153165;UNIVERSIDADE FEDERAL RURAL DE PERNAMBUCO;12;EDUCACAO;364;ENSINO SUPERIOR;5013;EDUCACAO SUPERIOR - GRADUACAO, POS-GRADUACAO, ENSINO, PESQUI;0487;CONCESSAO DE BOLSAS DE ESTUDO NO ENSINO SUPERIOR;0002;CONCESSAO DE BOLSAS DE ESTUDO NO PAIS;12364501304870001;170062;OCCCUO9414N;BF SUPERIOR - PROAP;90;APLICACOES DIRETAS;3;DESPESAS CORRENTES;3;OUTRAS DESPESAS CORRENTES;14;DIARIAS - PESSOAL CIVIL;339014;DIARIAS - PESSOAL CIVIL;00;RECURSOS PRIMARIOS DE LIVRE APLICACAO;;;;;86,417.72;34,498.64;51,919.08;45,860.00
2020;153165;UNIVERSIDADE FEDERAL RURAL DE PERNAMBUCO;12;EDUCACAO;364;ENSINO SUPERIOR;5013;EDUCACAO SUPERIOR - GRADUACAO, POS-GRADUACAO, ENSINO, PESQUI;0487;CONCESSAO DE BOLSAS DE ESTUDO NO ENSINO SUPERIOR;0002;CONCESSAO DE BOLSAS DE ESTUDO NO PAIS;12364501304870001;170062;OCCCUO9414N;BF SUPERIOR - PROAP;90;APLICACOES DIRETAS;3;DESPESAS CORRENTES;3;OUTRAS DESPESAS CORRENTES;18;AUXILIO FINANCEIRO A ESTUDANTES;339018;AUXILIO FINANCEIRO A ESTUDANTES;00;RECURSOS PRIMARIOS DE LIVRE APLICACAO;;;;;598,317.83;44,731.14;553,586.69;497,736.44
2020;153165;UNIVERSIDADE FEDERAL RURAL DE PERNAMBUCO;12;EDUCACAO;364;ENSINO SUPERIOR;5013;EDUCACAO SUPERIOR - GRADUACAO, POS-GRADUACAO, ENSINO, PESQUI;0487;CONCESSAO DE BOLSAS DE ESTUDO NO ENSINO SUPERIOR;0002;CONCESSAO DE BOLSAS DE ESTUDO NO PAIS;12364501304870001;170062;OCCCUO9414N;BF SUPERIOR - PROAP;90;APLICACOES DIRETAS;3;DESPESAS CORRENTES;3;OUTRAS DESPESAS CORRENTES;20;AUXILIO FINANCEIRO A PESQUISADORES;339020;AUXILIO FINANCEIRO A PESQUISADORES;00;RECURSOS PRIMARIOS DE LIVRE APLICACAO;;;;;2,570,272.63;188,630.74;2,381,641.89;2,107,104.23
2020;153165;UNIVERSIDADE FEDERAL RURAL DE PERNAMBUCO;12;EDUCACAO;364;ENSINO SUPERIOR;5013;EDUCACAO SUPERIOR - GRADUACAO, POS-GRADUACAO, ENSINO, PESQUI;0487;CONCESSAO DE BOLSAS DE ESTUDO NO ENSINO SUPERIOR;0002;CONCESSAO DE BOLSAS DE ESTUDO NO PAIS;12364501304870001;170062;OCCCUO9414N;BF SUPERIOR - PROAP;90;APLICACOES DIRETAS;3;DESPESAS CORRENTES;3;OUTRAS DESPESAS CORRENTES;30;MATERIAL DE CONSUMO;339030;MATERIAL DE CONSUMO;00;RECURSOS PRIMARIOS DE LIVRE APLICACAO;;;;;292,408.40;68,848.56;176,829.44;135,502.08
2020;153165;UNIVERSIDADE FEDERAL RURAL DE PERNAMBUCO;12;EDUCACAO;364;ENSINO SUPERIOR;5013;EDUCACAO SUPERIOR - GRADUACAO, POS-GRADUACAO, ENSINO, PESQUI;0487;CONCESSAO DE BOLSAS DE ESTUDO NO ENSINO SUPERIOR;0002;CONCESSAO DE BOLSAS DE ESTUDO NO PAIS;12364501304870001;170062;OCCCUO9414N;BF SUPERIOR - PROAP;90;APLICACOES DIRETAS;3;DESPESAS CORRENTES;3;OUTRAS DESPESAS CORRENTES;33;PASSAGENS E DESPESAS COM LOCOMOCAO;339033;PASSAGENS E DESPESAS COM LOCOMOCAO;00;RECURSOS PRIMARIOS DE LIVRE APLICACAO;;;;;16,594.19;7,040.00;9,554.19;9,554.19
2020;153165;UNIVERSIDADE FEDERAL RURAL DE PERNAMBUCO;12;EDUCACAO;364;ENSINO SUPERIOR;5013;EDUCACAO SUPERIOR - GRADUACAO, POS-GRADUACAO, ENSINO, PESQUI;0487;CONCESSAO DE BOLSAS DE ESTUDO NO ENSINO SUPERIOR;0002;CONCESSAO DE BOLSAS DE ESTUDO NO PAIS;12364501304870001;170062;OCCCUO9414N;BF SUPERIOR - PROAP;90;APLICACOES DIRETAS;3;DESPESAS CORRENTES;3;OUTRAS DESPESAS CORRENTES;36;OUTROS SERVICOS DE TERCEIROS - P.FISICA;339036;OUTROS SERVICOS DE TERCEIROS - PESSOA FISICA;00;RECURSOS PRIMARIOS DE LIVRE APLICACAO;;;;;15,000.00;15,000.00;;
2020;153165;UNIVERSIDADE FEDERAL RURAL DE PERNAMBUCO;12;EDUCACAO;364;ENSINO SUPERIOR;5013;EDUCACAO SUPERIOR - GRADUACAO, POS-GRADUACAO, ENSINO, PESQUI;0487;CONCESSAO DE BOLSAS DE ESTUDO NO ENSINO SUPERIOR;0002;CONCESSAO DE BOLSAS DE ESTUDO NO PAIS;12364501304870001;170062;OCCCUO9414N;BF SUPERIOR - PROAP;90;APLICACOES DIRETAS;3;DESPESAS CORRENTES;3;OUTRAS DESPESAS CORRENTES;39;OUTROS SERVICOS DE TERCEIROS PJ - OP.INT.ORC.;339039;OUTROS SERVICOS DE TERCEIROS - PESSOA JURIDICA;00;RECURSOS PRIMARIOS DE LIVRE APLICACAO;;;;;588,484.00;163,173.00;290,935.00;278,934.00
2020;153165;UNIVERSIDADE FEDERAL RURAL DE PERNAMBUCO;12;EDUCACAO;364;ENSINO SUPERIOR;5013;EDUCACAO SUPERIOR - GRADUACAO, POS-GRADUACAO, ENSINO, PESQUI;0487;CONCESSAO DE BOLSAS DE ESTUDO NO ENSINO SUPERIOR;0002;CONCESSAO DE BOLSAS DE ESTUDO NO PAIS;12364501304870001;170062;OCCCUO9414N;BF SUPERIOR - PROAP;90;APLICACOES DIRETAS;3;DESPESAS CORRENTES;3;OUTRAS DESPESAS CORRENTES;93;INDENIZACOES E RESTITUICOES;339093;INDENIZACOES E RESTITUICOES;00;RECURSOS PRIMARIOS DE LIVRE APLICACAO;;;;;79,079.08;6,398.10;72,680.98;67,841.69
2020;153165;UNIVERSIDADE FEDERAL RURAL DE PERNAMBUCO;12;EDUCACAO;368;EDUCACAO BASICA;5011;EDUCACAO BASICA DE QUALIDADE;20RJ;APOIO A CAPACITACAO E FORMACAO INICIAL E CONTINUADA PARA A E;0004;EDUCACAO BASICA A DISTANCIA - SISTEMA UNIVERSIDADE ABERTA DO BRASIL (UAB);12368501120RJ0001;170067;MCC62G22EDN;UAB - UAB TRADICIONAL;90;APLICACOES DIRETAS;3;DESPESAS CORRENTES;3;OUTRAS DESPESAS CORRENTES;14;DIARIAS - PESSOAL CIVIL;339014;DIARIAS - PESSOAL CIVIL;00;RECURSOS PRIMARIOS DE LIVRE APLICACAO;;;;;151,291.00;151,291.00;;
2020;153165;UNIVERSIDADE FEDERAL RURAL DE PERNAMBUCO;12;EDUCACAO;368;EDUCACAO BASICA;5011;EDUCACAO BASICA DE QUALIDADE;20RJ;APOIO A CAPACITACAO E FORMACAO INICIAL E CONTINUADA PARA A E;0004;EDUCACAO BASICA A DISTANCIA - SISTEMA UNIVERSIDADE ABERTA DO BRASIL (UAB);12368501120RJ0001;170067;MCC62G22EDN;UAB - UAB TRADICIONAL;90;APLICACOES DIRETAS;3;DESPESAS CORRENTES;3;OUTRAS DESPESAS CORRENTES;33;PASSAGENS E DESPESAS COM LOCOMOCAO;339033;PASSAGENS E DESPESAS COM LOCOMOCAO;00;RECURSOS PRIMARIOS DE LIVRE APLICACAO;;;;;316,800.00;316,800.00;;
2020;153165;UNIVERSIDADE FEDERAL RURAL DE PERNAMBUCO;12;EDUCACAO;368;EDUCACAO BASICA;5011;EDUCACAO BASICA DE QUALIDADE;20RJ;APOIO A CAPACITACAO E FORMACAO INICIAL E CONTINUADA PARA A E;0004;EDUCACAO BASICA A DISTANCIA - SISTEMA UNIVERSIDADE ABERTA DO BRASIL (UAB);12368501120RJ0001;170067;MCC62G22EDN;UAB - UAB TRADICIONAL;90;APLICACOES DIRETAS;3;DESPESAS CORRENTES;3;OUTRAS DESPESAS CORRENTES;36;OUTROS SERVICOS DE TERCEIROS - P.FISICA;339036;OUTROS SERVICOS DE TERCEIROS - PESSOA FISICA;00;RECURSOS PRIMARIOS DE LIVRE APLICACAO;;;;;280,969.00;280,969.00;;
2020;153165;UNIVERSIDADE FEDERAL RURAL DE PERNAMBUCO;12;EDUCACAO;368;EDUCACAO BASICA;5011;EDUCACAO BASICA DE QUALIDADE;20RJ;APOIO A CAPACITACAO E FORMACAO INICIAL E CONTINUADA PARA A E;0004;EDUCACAO BASICA A DISTANCIA - SISTEMA UNIVERSIDADE ABERTA DO BRASIL (UAB);12368501120RJ0001;170067;MCC62G22EDN;UAB - UAB TRADICIONAL;90;APLICACOES DIRETAS;3;DESPESAS CORRENTES;3;OUTRAS DESPESAS CORRENTES;39;OUTROS SERVICOS DE TERCEIROS PJ - OP.INT.ORC.;339039;OUTROS SERVICOS DE TERCEIROS - PESSOA JURIDICA;00;RECURSOS PRIMARIOS DE LIVRE APLICACAO;;;;;1,458,541.80;508,222.42;772,349.06;612,751.77
2020;153165;UNIVERSIDADE FEDERAL RURAL DE PERNAMBUCO;12;EDUCACAO;368;EDUCACAO BASICA;5011;EDUCACAO BASICA DE QUALIDADE;20RJ;APOIO A CAPACITACAO E FORMACAO INICIAL E CONTINUADA PARA A E;0004;EDUCACAO BASICA A DISTANCIA - SISTEMA UNIVERSIDADE ABERTA DO BRASIL (UAB);12368501120RJ0001;170067;QCC62T58MAN;UAB - UAB PROFMAT;90;APLICACOES DIRETAS;3;DESPESAS CORRENTES;3;OUTRAS DESPESAS CORRENTES;14;DIARIAS - PESSOAL CIVIL;339014;DIARIAS - PESSOAL CIVIL;00;RECURSOS PRIMARIOS DE LIVRE APLICACAO;;;;;22,260.00;22,260.00;;
2020;153165;UNIVERSIDADE FEDERAL RURAL DE PERNAMBUCO;12;EDUCACAO;368;EDUCACAO BASICA;5011;EDUCACAO BASICA DE QUALIDADE;20RJ;APOIO A CAPACITACAO E FORMACAO INICIAL E CONTINUADA PARA A E;0004;EDUCACAO BASICA A DISTANCIA - SISTEMA UNIVERSIDADE ABERTA DO BRASIL (UAB);12368501120RJ0001;170067;QCC62T58MAN;UAB - UAB PROFMAT;90;APLICACOES DIRETAS;3;DESPESAS CORRENTES;3;OUTRAS DESPESAS CORRENTES;18;AUXILIO FINANCEIRO A ESTUDANTES;339018;AUXILIO FINANCEIRO A ESTUDANTES;00;RECURSOS PRIMARIOS DE LIVRE APLICACAO;;;;;7,200.00;0.00;7,200.00;5,400.00
2020;153165;UNIVERSIDADE FEDERAL RURAL DE PERNAMBUCO;12;EDUCACAO;368;EDUCACAO BASICA;5011;EDUCACAO BASICA DE QUALIDADE;20RJ;APOIO A CAPACITACAO E FORMACAO INICIAL E CONTINUADA PARA A E;0004;EDUCACAO BASICA A DISTANCIA - SISTEMA UNIVERSIDADE ABERTA DO BRASIL (UAB);12368501120RJ0001;170067;QCC62T58MAN;UAB - UAB PROFMAT;90;APLICACOES DIRETAS;3;DESPESAS CORRENTES;3;OUTRAS DESPESAS CORRENTES;33;PASSAGENS E DESPESAS COM LOCOMOCAO;339033;PASSAGENS E DESPESAS COM LOCOMOCAO;00;RECURSOS PRIMARIOS DE LIVRE APLICACAO;;;;;49,360.00;49,360.00;;
2020;153165;UNIVERSIDADE FEDERAL RURAL DE PERNAMBUCO;12;EDUCACAO;368;EDUCACAO BASICA;5011;EDUCACAO BASICA DE QUALIDADE;20RJ;APOIO A CAPACITACAO E FORMACAO INICIAL E CONTINUADA PARA A E;0004;EDUCACAO BASICA A DISTANCIA - SISTEMA UNIVERSIDADE ABERTA DO BRASIL (UAB);12368501120RJ0001;170067;QCC62T58MAN;UAB - UAB PROFMAT;90;APLICACOES DIRETAS;3;DESPESAS CORRENTES;3;OUTRAS DESPESAS CORRENTES;39;OUTROS SERVICOS DE TERCEIROS PJ - OP.INT.ORC.;339039;OUTROS SERVICOS DE TERCEIROS - PESSOA JURIDICA;00;RECURSOS PRIMARIOS DE LIVRE APLICACAO;;;;;8,940.00;0.00;;
2020;153165;UNIVERSIDADE FEDERAL RURAL DE PERNAMBUCO;12;EDUCACAO;368;EDUCACAO BASICA;5011;EDUCACAO BASICA DE QUALIDADE;20RJ;APOIO A CAPACITACAO E FORMACAO INICIAL E CONTINUADA PARA A E;0004;EDUCACAO BASICA A DISTANCIA - SISTEMA UNIVERSIDADE ABERTA DO BRASIL (UAB);12368501120RJ0001;186018;MCC62G22EDN;UAB - UAB TRADICIONAL;90;APLICACOES DIRETAS;3;DESPESAS CORRENTES;3;OUTRAS DESPESAS CORRENTES;39;OUTROS SERVICOS DE TERCEIROS PJ - OP.INT.ORC.;339039;OUTROS SERVICOS DE TERCEIROS - PESSOA JURIDICA;00;RECURSOS PRIMARIOS DE LIVRE APLICACAO;;;;;2,035,252.00;523,063.00;;
2020;153165;UNIVERSIDADE FEDERAL RURAL DE PERNAMBUCO;12;EDUCACAO;368;EDUCACAO BASICA;5011;EDUCACAO BASICA DE QUALIDADE;20RJ;APOIO A CAPACITACAO E FORMACAO INICIAL E CONTINUADA PARA A E;0004;EDUCACAO BASICA A DISTANCIA - SISTEMA UNIVERSIDADE ABERTA DO BRASIL (UAB);12368501120RJ0001;186018;QCC62T58MAN;UAB - UAB PROFMAT;90;APLICACOES DIRETAS;3;DESPESAS CORRENTES;3;OUTRAS DESPESAS CORRENTES;30;MATERIAL DE CONSUMO;339030;MATERIAL DE CONSUMO;00;RECURSOS PRIMARIOS DE LIVRE APLICACAO;;;;;44,897.07;0.00;;
2020;153165;UNIVERSIDADE FEDERAL RURAL DE PERNAMBUCO;12;EDUCACAO;368;EDUCACAO BASICA;5011;EDUCACAO BASICA DE QUALIDADE;20RJ;APOIO A CAPACITACAO E FORMACAO INICIAL E CONTINUADA PARA A E;0004;EDUCACAO BASICA A DISTANCIA - SISTEMA UNIVERSIDADE ABERTA DO BRASIL (UAB);12368501120RJ0001;186018;QCC62T58MAN;UAB - UAB PROFMAT;90;APLICACOES DIRETAS;3;DESPESAS CORRENTES;3;OUTRAS DESPESAS CORRENTES;39;OUTROS SERVICOS DE TERCEIROS PJ - OP.INT.ORC.;339039;OUTROS SERVICOS DE TERCEIROS - PESSOA JURIDICA;00;RECURSOS PRIMARIOS DE LIVRE APLICACAO;;;;;13,485.00;0.00;;
2020;153166;UNIVERSIDADE FEDERAL RURAL DO RIO DE JANEIRO;12;EDUCACAO;364;ENSINO SUPERIOR;5013;EDUCACAO SUPERIOR - GRADUACAO, POS-GRADUACAO, ENSINO, PESQUI;0487;CONCESSAO DE BOLSAS DE ESTUDO NO ENSINO SUPERIOR;0002;CONCESSAO DE BOLSAS DE ESTUDO NO PAIS;12364501304870001;170062;OCCCUO9414N;BF SUPERIOR - PROAP;90;APLICACOES DIRETAS;3;DESPESAS CORRENTES;3;OUTRAS DESPESAS CORRENTES;18;AUXILIO FINANCEIRO A ESTUDANTES;339018;AUXILIO FINANCEIRO A ESTUDANTES;00;RECURSOS PRIMARIOS DE LIVRE APLICACAO;;;;;675,300.96;337,650.48;;
2020;153166;UNIVERSIDADE FEDERAL RURAL DO RIO DE JANEIRO;12;EDUCACAO;364;ENSINO SUPERIOR;5013;EDUCACAO SUPERIOR - GRADUACAO, POS-GRADUACAO, ENSINO, PESQUI;0487;CONCESSAO DE BOLSAS DE ESTUDO NO ENSINO SUPERIOR;0002;CONCESSAO DE BOLSAS DE ESTUDO NO PAIS;12364501304870001;170062;OCCCUO9414N;BF SUPERIOR - PROAP;90;APLICACOES DIRETAS;3;DESPESAS CORRENTES;3;OUTRAS DESPESAS CORRENTES;20;AUXILIO FINANCEIRO A PESQUISADORES;339020;AUXILIO FINANCEIRO A PESQUISADORES;00;RECURSOS PRIMARIOS DE LIVRE APLICACAO;;;;;1,654,234.80;365,597.67;933,857.16;771,853.17
2020;153166;UNIVERSIDADE FEDERAL RURAL DO RIO DE JANEIRO;12;EDUCACAO;364;ENSINO SUPERIOR;5013;EDUCACAO SUPERIOR - GRADUACAO, POS-GRADUACAO, ENSINO, PESQUI;0487;CONCESSAO DE BOLSAS DE ESTUDO NO ENSINO SUPERIOR;0002;CONCESSAO DE BOLSAS DE ESTUDO NO PAIS;12364501304870001;170062;OCCCUO9414N;BF SUPERIOR - PROAP;90;APLICACOES DIRETAS;3;DESPESAS CORRENTES;3;OUTRAS DESPESAS CORRENTES;30;MATERIAL DE CONSUMO;339030;MATERIAL DE CONSUMO;00;RECURSOS PRIMARIOS DE LIVRE APLICACAO;;;;;300,000.00;75,000.00;;
2020;153166;UNIVERSIDADE FEDERAL RURAL DO RIO DE JANEIRO;12;EDUCACAO;364;ENSINO SUPERIOR;5013;EDUCACAO SUPERIOR - GRADUACAO, POS-GRADUACAO, ENSINO, PESQUI;0487;CONCESSAO DE BOLSAS DE ESTUDO NO ENSINO SUPERIOR;0002;CONCESSAO DE BOLSAS DE ESTUDO NO PAIS;12364501304870001;170062;OCCCUO9414N;BF SUPERIOR - PROAP;90;APLICACOES DIRETAS;3;DESPESAS CORRENTES;3;OUTRAS DESPESAS CORRENTES;39;OUTROS SERVICOS DE TERCEIROS PJ - OP.INT.ORC.;339039;OUTROS SERVICOS DE TERCEIROS - PESSOA JURIDICA;00;RECURSOS PRIMARIOS DE LIVRE APLICACAO;;;;;300,000.00;75,000.00;;
2020;153166;UNIVERSIDADE FEDERAL RURAL DO RIO DE JANEIRO;12;EDUCACAO;364;ENSINO SUPERIOR;5013;EDUCACAO SUPERIOR - GRADUACAO, POS-GRADUACAO, ENSINO, PESQUI;0487;CONCESSAO DE BOLSAS DE ESTUDO NO ENSINO SUPERIOR;0002;CONCESSAO DE BOLSAS DE ESTUDO NO PAIS;12364501304870001;170062;OCCCUO9414N;BF SUPERIOR - PROAP;90;APLICACOES DIRETAS;3;DESPESAS CORRENTES;3;OUTRAS DESPESAS CORRENTES;93;INDENIZACOES E RESTITUICOES;339093;INDENIZACOES E RESTITUICOES;00;RECURSOS PRIMARIOS DE LIVRE APLICACAO;;;;;639,731.16;319,865.58;109,313.43;109,313.43
2020;153166;UNIVERSIDADE FEDERAL RURAL DO RIO DE JANEIRO;12;EDUCACAO;368;EDUCACAO BASICA;5011;EDUCACAO BASICA DE QUALIDADE;20RJ;APOIO A CAPACITACAO E FORMACAO INICIAL E CONTINUADA PARA A E;0004;EDUCACAO BASICA A DISTANCIA - SISTEMA UNIVERSIDADE ABERTA DO BRASIL (UAB);12368501120RJ0001;186018;QCC62T58HIN;UAB - UAB PROFHISTORIA;90;APLICACOES DIRETAS;3;DESPESAS CORRENTES;3;OUTRAS DESPESAS CORRENTES;14;DIARIAS - PESSOAL CIVIL;339014;DIARIAS - PESSOAL CIVIL;00;RECURSOS PRIMARIOS DE LIVRE APLICACAO;;;;;28,249.20;28,249.20;;
2020;153166;UNIVERSIDADE FEDERAL RURAL DO RIO DE JANEIRO;12;EDUCACAO;368;EDUCACAO BASICA;5011;EDUCACAO BASICA DE QUALIDADE;20RJ;APOIO A CAPACITACAO E FORMACAO INICIAL E CONTINUADA PARA A E;0004;EDUCACAO BASICA A DISTANCIA - SISTEMA UNIVERSIDADE ABERTA DO BRASIL (UAB);12368501120RJ0001;186018;QCC62T58HIN;UAB - UAB PROFHISTORIA;90;APLICACOES DIRETAS;3;DESPESAS CORRENTES;3;OUTRAS DESPESAS CORRENTES;18;AUXILIO FINANCEIRO A ESTUDANTES;339018;AUXILIO FINANCEIRO A ESTUDANTES;00;RECURSOS PRIMARIOS DE LIVRE APLICACAO;;;;;60,000.00;42,000.00;;
2020;153166;UNIVERSIDADE FEDERAL RURAL DO RIO DE JANEIRO;12;EDUCACAO;368;EDUCACAO BASICA;5011;EDUCACAO BASICA DE QUALIDADE;20RJ;APOIO A CAPACITACAO E FORMACAO INICIAL E CONTINUADA PARA A E;0004;EDUCACAO BASICA A DISTANCIA - SISTEMA UNIVERSIDADE ABERTA DO BRASIL (UAB);12368501120RJ0001;186018;QCC62T58HIN;UAB - UAB PROFHISTORIA;90;APLICACOES DIRETAS;3;DESPESAS CORRENTES;3;OUTRAS DESPESAS CORRENTES;30;MATERIAL DE CONSUMO;339030;MATERIAL DE CONSUMO;00;RECURSOS PRIMARIOS DE LIVRE APLICACAO;;;;;3,865.76;966.44;2,899.32;
2020;153166;UNIVERSIDADE FEDERAL RURAL DO RIO DE JANEIRO;12;EDUCACAO;368;EDUCACAO BASICA;5011;EDUCACAO BASICA DE QUALIDADE;20RJ;APOIO A CAPACITACAO E FORMACAO INICIAL E CONTINUADA PARA A E;0004;EDUCACAO BASICA A DISTANCIA - SISTEMA UNIVERSIDADE ABERTA DO BRASIL (UAB);12368501120RJ0001;186018;QCC62T58HIN;UAB - UAB PROFHISTORIA;90;APLICACOES DIRETAS;3;DESPESAS CORRENTES;3;OUTRAS DESPESAS CORRENTES;33;PASSAGENS E DESPESAS COM LOCOMOCAO;339033;PASSAGENS E DESPESAS COM LOCOMOCAO;00;RECURSOS PRIMARIOS DE LIVRE APLICACAO;;;;;110,000.00;77,000.00;;
2020;153166;UNIVERSIDADE FEDERAL RURAL DO RIO DE JANEIRO;12;EDUCACAO;368;EDUCACAO BASICA;5011;EDUCACAO BASICA DE QUALIDADE;20RJ;APOIO A CAPACITACAO E FORMACAO INICIAL E CONTINUADA PARA A E;0004;EDUCACAO BASICA A DISTANCIA - SISTEMA UNIVERSIDADE ABERTA DO BRASIL (UAB);12368501120RJ0001;186018;QCC62T58QUN;UAB - UAB PROFQUIMICA;90;APLICACOES DIRETAS;3;DESPESAS CORRENTES;3;OUTRAS DESPESAS CORRENTES;14;DIARIAS - PESSOAL CIVIL;339014;DIARIAS - PESSOAL CIVIL;00;RECURSOS PRIMARIOS DE LIVRE APLICACAO;;;;;10,620.00;10,620.00;;
2020;153166;UNIVERSIDADE FEDERAL RURAL DO RIO DE JANEIRO;12;EDUCACAO;368;EDUCACAO BASICA;5011;EDUCACAO BASICA DE QUALIDADE;20RJ;APOIO A CAPACITACAO E FORMACAO INICIAL E CONTINUADA PARA A E;0004;EDUCACAO BASICA A DISTANCIA - SISTEMA UNIVERSIDADE ABERTA DO BRASIL (UAB);12368501120RJ0001;186018;QCC62T58QUN;UAB - UAB PROFQUIMICA;90;APLICACOES DIRETAS;3;DESPESAS CORRENTES;3;OUTRAS DESPESAS CORRENTES;30;MATERIAL DE CONSUMO;339030;MATERIAL DE CONSUMO;00;RECURSOS PRIMARIOS DE LIVRE APLICACAO;;;;;6,600.00;1,650.00;4,950.00;
2020;153166;UNIVERSIDADE FEDERAL RURAL DO RIO DE JANEIRO;12;EDUCACAO;368;EDUCACAO BASICA;5011;EDUCACAO BASICA DE QUALIDADE;20RJ;APOIO A CAPACITACAO E FORMACAO INICIAL E CONTINUADA PARA A E;0004;EDUCACAO BASICA A DISTANCIA - SISTEMA UNIVERSIDADE ABERTA DO BRASIL (UAB);12368501120RJ0001;186018;QCC62T58QUN;UAB - UAB PROFQUIMICA;90;APLICACOES DIRETAS;3;DESPESAS CORRENTES;3;OUTRAS DESPESAS CORRENTES;36;OUTROS SERVICOS DE TERCEIROS - P.FISICA;339036;OUTROS SERVICOS DE TERCEIROS - PESSOA FISICA;00;RECURSOS PRIMARIOS DE LIVRE APLICACAO;;;;;10,620.00;10,620.00;;
2020;153166;UNIVERSIDADE FEDERAL RURAL DO RIO DE JANEIRO;12;EDUCACAO;368;EDUCACAO BASICA;5011;EDUCACAO BASICA DE QUALIDADE;20RJ;APOIO A CAPACITACAO E FORMACAO INICIAL E CONTINUADA PARA A E;0004;EDUCACAO BASICA A DISTANCIA - SISTEMA UNIVERSIDADE ABERTA DO BRASIL (UAB);12368501120RJ0001;186018;QCC62T58QUN;UAB - UAB PROFQUIMICA;90;APLICACOES DIRETAS;3;DESPESAS CORRENTES;3;OUTRAS DESPESAS CORRENTES;39;OUTROS SERVICOS DE TERCEIROS PJ - OP.INT.ORC.;339039;OUTROS SERVICOS DE TERCEIROS - PESSOA JURIDICA;00;RECURSOS PRIMARIOS DE LIVRE APLICACAO;;;;;10,768.00;2,692.00;8,076.00;
2020;153176;UTFPR - CAMPUS CORNELIO PROCOPIO;12;EDUCACAO;364;ENSINO SUPERIOR;5013;EDUCACAO SUPERIOR - GRADUACAO, POS-GRADUACAO, ENSINO, PESQUI;0487;CONCESSAO DE BOLSAS DE ESTUDO NO ENSINO SUPERIOR;0002;CONCESSAO DE BOLSAS DE ESTUDO NO PAIS;12364501304870001;170062;OCCCUO9414N;BF SUPERIOR - PROAP;90;APLICACOES DIRETAS;3;DESPESAS CORRENTES;3;OUTRAS DESPESAS CORRENTES;18;AUXILIO FINANCEIRO A ESTUDANTES;339018;AUXILIO FINANCEIRO A ESTUDANTES;00;RECURSOS PRIMARIOS DE LIVRE APLICACAO;;;;;10,000.00;0.00;10,000.00;10,000.00
2020;153176;UTFPR - CAMPUS CORNELIO PROCOPIO;12;EDUCACAO;364;ENSINO SUPERIOR;5013;EDUCACAO SUPERIOR - GRADUACAO, POS-GRADUACAO, ENSINO, PESQUI;0487;CONCESSAO DE BOLSAS DE ESTUDO NO ENSINO SUPERIOR;0002;CONCESSAO DE BOLSAS DE ESTUDO NO PAIS;12364501304870001;170062;OCCCUO9414N;BF SUPERIOR - PROAP;90;APLICACOES DIRETAS;3;DESPESAS CORRENTES;3;OUTRAS DESPESAS CORRENTES;30;MATERIAL DE CONSUMO;339030;MATERIAL DE CONSUMO;00;RECURSOS PRIMARIOS DE LIVRE APLICACAO;;;;;18,000.00;4,500.00;;
2020;153176;UTFPR - CAMPUS CORNELIO PROCOPIO;12;EDUCACAO;364;ENSINO SUPERIOR;5013;EDUCACAO SUPERIOR - GRADUACAO, POS-GRADUACAO, ENSINO, PESQUI;0487;CONCESSAO DE BOLSAS DE ESTUDO NO ENSINO SUPERIOR;0002;CONCESSAO DE BOLSAS DE ESTUDO NO PAIS;12364501304870001;170062;OCCCUO9414N;BF SUPERIOR - PROAP;90;APLICACOES DIRETAS;3;DESPESAS CORRENTES;3;OUTRAS DESPESAS CORRENTES;33;PASSAGENS E DESPESAS COM LOCOMOCAO;339033;PASSAGENS E DESPESAS COM LOCOMOCAO;00;RECURSOS PRIMARIOS DE LIVRE APLICACAO;;;;;32,608.56;8,152.14;;
2020;153176;UTFPR - CAMPUS CORNELIO PROCOPIO;12;EDUCACAO;364;ENSINO SUPERIOR;5013;EDUCACAO SUPERIOR - GRADUACAO, POS-GRADUACAO, ENSINO, PESQUI;0487;CONCESSAO DE BOLSAS DE ESTUDO NO ENSINO SUPERIOR;0002;CONCESSAO DE BOLSAS DE ESTUDO NO PAIS;12364501304870001;170062;OCCCUO9414N;BF SUPERIOR - PROAP;90;APLICACOES DIRETAS;3;DESPESAS CORRENTES;3;OUTRAS DESPESAS CORRENTES;39;OUTROS SERVICOS DE TERCEIROS PJ - OP.INT.ORC.;339039;OUTROS SERVICOS DE TERCEIROS - PESSOA JURIDICA;00;RECURSOS PRIMARIOS DE LIVRE APLICACAO;;;;;37,761.65;15,104.66;;
2020;153176;UTFPR - CAMPUS CORNELIO PROCOPIO;12;EDUCACAO;364;ENSINO SUPERIOR;5013;EDUCACAO SUPERIOR - GRADUACAO, POS-GRADUACAO, ENSINO, PESQUI;0487;CONCESSAO DE BOLSAS DE ESTUDO NO ENSINO SUPERIOR;0002;CONCESSAO DE BOLSAS DE ESTUDO NO PAIS;12364501304870001;170062;OCCCUO9414N;BF SUPERIOR - PROAP;90;APLICACOES DIRETAS;3;DESPESAS CORRENTES;3;OUTRAS DESPESAS CORRENTES;93;INDENIZACOES E RESTITUICOES;339093;INDENIZACOES E RESTITUICOES;00;RECURSOS PRIMARIOS DE LIVRE APLICACAO;;;;;39,753.30;450.00;39,303.30;35,737.64
2020;153177;UTFPR - CAMPUS PATO BRANCO;12;EDUCACAO;364;ENSINO SUPERIOR;5013;EDUCACAO SUPERIOR - GRADUACAO, POS-GRADUACAO, ENSINO, PESQUI;0487;CONCESSAO DE BOLSAS DE ESTUDO NO ENSINO SUPERIOR;0002;CONCESSAO DE BOLSAS DE ESTUDO NO PAIS;12364501304870001;170062;OCCCUO9414N;BF SUPERIOR - PROAP;90;APLICACOES DIRETAS;3;DESPESAS CORRENTES;3;OUTRAS DESPESAS CORRENTES;18;AUXILIO FINANCEIRO A ESTUDANTES;339018;AUXILIO FINANCEIRO A ESTUDANTES;00;RECURSOS PRIMARIOS DE LIVRE APLICACAO;;;;;108,415.91;1,556.00;106,859.91;92,299.67
2020;153177;UTFPR - CAMPUS PATO BRANCO;12;EDUCACAO;364;ENSINO SUPERIOR;5013;EDUCACAO SUPERIOR - GRADUACAO, POS-GRADUACAO, ENSINO, PESQUI;0487;CONCESSAO DE BOLSAS DE ESTUDO NO ENSINO SUPERIOR;0002;CONCESSAO DE BOLSAS DE ESTUDO NO PAIS;12364501304870001;170062;OCCCUO9414N;BF SUPERIOR - PROAP;90;APLICACOES DIRETAS;3;DESPESAS CORRENTES;3;OUTRAS DESPESAS CORRENTES;30;MATERIAL DE CONSUMO;339030;MATERIAL DE CONSUMO;00;RECURSOS PRIMARIOS DE LIVRE APLICACAO;;;;;207,457.40;55,849.47;124,495.34;110,087.69
2020;153177;UTFPR - CAMPUS PATO BRANCO;12;EDUCACAO;364;ENSINO SUPERIOR;5013;EDUCACAO SUPERIOR - GRADUACAO, POS-GRADUACAO, ENSINO, PESQUI;0487;CONCESSAO DE BOLSAS DE ESTUDO NO ENSINO SUPERIOR;0002;CONCESSAO DE BOLSAS DE ESTUDO NO PAIS;12364501304870001;170062;OCCCUO9414N;BF SUPERIOR - PROAP;90;APLICACOES DIRETAS;3;DESPESAS CORRENTES;3;OUTRAS DESPESAS CORRENTES;39;OUTROS SERVICOS DE TERCEIROS PJ - OP.INT.ORC.;339039;OUTROS SERVICOS DE TERCEIROS - PESSOA JURIDICA;00;RECURSOS PRIMARIOS DE LIVRE APLICACAO;;;;;85,587.26;13,395.38;72,191.88;64,181.22
2020;153177;UTFPR - CAMPUS PATO BRANCO;12;EDUCACAO;364;ENSINO SUPERIOR;5013;EDUCACAO SUPERIOR - GRADUACAO, POS-GRADUACAO, ENSINO, PESQUI;0487;CONCESSAO DE BOLSAS DE ESTUDO NO ENSINO SUPERIOR;0002;CONCESSAO DE BOLSAS DE ESTUDO NO PAIS;12364501304870001;170062;OCCCUO9414N;BF SUPERIOR - PROAP;90;APLICACOES DIRETAS;3;DESPESAS CORRENTES;3;OUTRAS DESPESAS CORRENTES;93;INDENIZACOES E RESTITUICOES;339093;INDENIZACOES E RESTITUICOES;00;RECURSOS PRIMARIOS DE LIVRE APLICACAO;;;;;171,908.13;5,838.69;166,069.44;145,276.47
2020;153178;UTFPR - CAMPUS PONTA GROSSA;12;EDUCACAO;364;ENSINO SUPERIOR;5013;EDUCACAO SUPERIOR - GRADUACAO, POS-GRADUACAO, ENSINO, PESQUI;0487;CONCESSAO DE BOLSAS DE ESTUDO NO ENSINO SUPERIOR;0002;CONCESSAO DE BOLSAS DE ESTUDO NO PAIS;12364501304870001;170062;OCCCUO9414N;BF SUPERIOR - PROAP;90;APLICACOES DIRETAS;3;DESPESAS CORRENTES;3;OUTRAS DESPESAS CORRENTES;18;AUXILIO FINANCEIRO A ESTUDANTES;339018;AUXILIO FINANCEIRO A ESTUDANTES;00;RECURSOS PRIMARIOS DE LIVRE APLICACAO;;;;;31,873.43;20.00;31,853.43;28,620.91
2020;153178;UTFPR - CAMPUS PONTA GROSSA;12;EDUCACAO;364;ENSINO SUPERIOR;5013;EDUCACAO SUPERIOR - GRADUACAO, POS-GRADUACAO, ENSINO, PESQUI;0487;CONCESSAO DE BOLSAS DE ESTUDO NO ENSINO SUPERIOR;0002;CONCESSAO DE BOLSAS DE ESTUDO NO PAIS;12364501304870001;170062;OCCCUO9414N;BF SUPERIOR - PROAP;90;APLICACOES DIRETAS;3;DESPESAS CORRENTES;3;OUTRAS DESPESAS CORRENTES;30;MATERIAL DE CONSUMO;339030;MATERIAL DE CONSUMO;00;RECURSOS PRIMARIOS DE LIVRE APLICACAO;;;;;3,680.52;613.42;3,067.10;2,453.68
2020;153178;UTFPR - CAMPUS PONTA GROSSA;12;EDUCACAO;364;ENSINO SUPERIOR;5013;EDUCACAO SUPERIOR - GRADUACAO, POS-GRADUACAO, ENSINO, PESQUI;0487;CONCESSAO DE BOLSAS DE ESTUDO NO ENSINO SUPERIOR;0002;CONCESSAO DE BOLSAS DE ESTUDO NO PAIS;12364501304870001;170062;OCCCUO9414N;BF SUPERIOR - PROAP;90;APLICACOES DIRETAS;3;DESPESAS CORRENTES;3;OUTRAS DESPESAS CORRENTES;40;SERVICOS DE TECNOLOGIA DA INFORMACAO E COMUNICACAO - PJ;339040;SERVICOS DE TECNOLOGIA DA INFORMACAO E COMUNICACAO - PJ;00;RECURSOS PRIMARIOS DE LIVRE APLICACAO;;;;;29,000.00;5,800.00;23,200.00;23,200.00
2020;153178;UTFPR - CAMPUS PONTA GROSSA;12;EDUCACAO;364;ENSINO SUPERIOR;5013;EDUCACAO SUPERIOR - GRADUACAO, POS-GRADUACAO, ENSINO, PESQUI;0487;CONCESSAO DE BOLSAS DE ESTUDO NO ENSINO SUPERIOR;0002;CONCESSAO DE BOLSAS DE ESTUDO NO PAIS;12364501304870001;170062;OCCCUO9414N;BF SUPERIOR - PROAP;90;APLICACOES DIRETAS;3;DESPESAS CORRENTES;3;OUTRAS DESPESAS CORRENTES;93;INDENIZACOES E RESTITUICOES;339093;INDENIZACOES E RESTITUICOES;00;RECURSOS PRIMARIOS DE LIVRE APLICACAO;;;;;326,612.70;0.00;326,612.70;282,547.35
2020;153248;PRO-REIT.DE PESQ.E POS-GRAD. E INOVACAO;12;EDUCACAO;364;ENSINO SUPERIOR;5013;EDUCACAO SUPERIOR - GRADUACAO, POS-GRADUACAO, ENSINO, PESQUI;0487;CONCESSAO DE BOLSAS DE ESTUDO NO ENSINO SUPERIOR;0002;CONCESSAO DE BOLSAS DE ESTUDO NO PAIS;12364501304870001;170062;OCCCUO9414N;BF SUPERIOR - PROAP;90;APLICACOES DIRETAS;3;DESPESAS CORRENTES;3;OUTRAS DESPESAS CORRENTES;14;DIARIAS - PESSOAL CIVIL;339014;DIARIAS - PESSOAL CIVIL;00;RECURSOS PRIMARIOS DE LIVRE APLICACAO;;;;;468,883.98;468,883.98;;
2020;153248;PRO-REIT.DE PESQ.E POS-GRAD. E INOVACAO;12;EDUCACAO;364;ENSINO SUPERIOR;5013;EDUCACAO SUPERIOR - GRADUACAO, POS-GRADUACAO, ENSINO, PESQUI;0487;CONCESSAO DE BOLSAS DE ESTUDO NO ENSINO SUPERIOR;0002;CONCESSAO DE BOLSAS DE ESTUDO NO PAIS;12364501304870001;170062;OCCCUO9414N;BF SUPERIOR - PROAP;90;APLICACOES DIRETAS;3;DESPESAS CORRENTES;3;OUTRAS DESPESAS CORRENTES;18;AUXILIO FINANCEIRO A ESTUDANTES;339018;AUXILIO FINANCEIRO A ESTUDANTES;00;RECURSOS PRIMARIOS DE LIVRE APLICACAO;;;;;942,187.93;381,814.18;273,766.05;241,165.50
2020;153248;PRO-REIT.DE PESQ.E POS-GRAD. E INOVACAO;12;EDUCACAO;364;ENSINO SUPERIOR;5013;EDUCACAO SUPERIOR - GRADUACAO, POS-GRADUACAO, ENSINO, PESQUI;0487;CONCESSAO DE BOLSAS DE ESTUDO NO ENSINO SUPERIOR;0002;CONCESSAO DE BOLSAS DE ESTUDO NO PAIS;12364501304870001;170062;OCCCUO9414N;BF SUPERIOR - PROAP;90;APLICACOES DIRETAS;3;DESPESAS CORRENTES;3;OUTRAS DESPESAS CORRENTES;20;AUXILIO FINANCEIRO A PESQUISADORES;339020;AUXILIO FINANCEIRO A PESQUISADORES;00;RECURSOS PRIMARIOS DE LIVRE APLICACAO;;;;;264,165.05;35,858.94;68,958.32;68,958.32
2020;153248;PRO-REIT.DE PESQ.E POS-GRAD. E INOVACAO;12;EDUCACAO;364;ENSINO SUPERIOR;5013;EDUCACAO SUPERIOR - GRADUACAO, POS-GRADUACAO, ENSINO, PESQUI;0487;CONCESSAO DE BOLSAS DE ESTUDO NO ENSINO SUPERIOR;0002;CONCESSAO DE BOLSAS DE ESTUDO NO PAIS;12364501304870001;170062;OCCCUO9414N;BF SUPERIOR - PROAP;90;APLICACOES DIRETAS;3;DESPESAS CORRENTES;3;OUTRAS DESPESAS CORRENTES;30;MATERIAL DE CONSUMO;339030;MATERIAL DE CONSUMO;00;RECURSOS PRIMARIOS DE LIVRE APLICACAO;;;;;2,742,558.58;762,927.09;174,128.92;153,511.33
2020;153248;PRO-REIT.DE PESQ.E POS-GRAD. E INOVACAO;12;EDUCACAO;364;ENSINO SUPERIOR;5013;EDUCACAO SUPERIOR - GRADUACAO, POS-GRADUACAO, ENSINO, PESQUI;0487;CONCESSAO DE BOLSAS DE ESTUDO NO ENSINO SUPERIOR;0002;CONCESSAO DE BOLSAS DE ESTUDO NO PAIS;12364501304870001;170062;OCCCUO9414N;BF SUPERIOR - PROAP;90;APLICACOES DIRETAS;3;DESPESAS CORRENTES;3;OUTRAS DESPESAS CORRENTES;33;PASSAGENS E DESPESAS COM LOCOMOCAO;339033;PASSAGENS E DESPESAS COM LOCOMOCAO;00;RECURSOS PRIMARIOS DE LIVRE APLICACAO;;;;;197,111.75;78,844.70;;
2020;153248;PRO-REIT.DE PESQ.E POS-GRAD. E INOVACAO;12;EDUCACAO;364;ENSINO SUPERIOR;5013;EDUCACAO SUPERIOR - GRADUACAO, POS-GRADUACAO, ENSINO, PESQUI;0487;CONCESSAO DE BOLSAS DE ESTUDO NO ENSINO SUPERIOR;0002;CONCESSAO DE BOLSAS DE ESTUDO NO PAIS;12364501304870001;170062;OCCCUO9414N;BF SUPERIOR - PROAP;90;APLICACOES DIRETAS;3;DESPESAS CORRENTES;3;OUTRAS DESPESAS CORRENTES;36;OUTROS SERVICOS DE TERCEIROS - P.FISICA;339036;OUTROS SERVICOS DE TERCEIROS - PESSOA FISICA;00;RECURSOS PRIMARIOS DE LIVRE APLICACAO;;;;;80,856.18;80,856.18;;
2020;153248;PRO-REIT.DE PESQ.E POS-GRAD. E INOVACAO;12;EDUCACAO;364;ENSINO SUPERIOR;5013;EDUCACAO SUPERIOR - GRADUACAO, POS-GRADUACAO, ENSINO, PESQUI;0487;CONCESSAO DE BOLSAS DE ESTUDO NO ENSINO SUPERIOR;0002;CONCESSAO DE BOLSAS DE ESTUDO NO PAIS;12364501304870001;170062;OCCCUO9414N;BF SUPERIOR - PROAP;90;APLICACOES DIRETAS;3;DESPESAS CORRENTES;3;OUTRAS DESPESAS CORRENTES;39;OUTROS SERVICOS DE TERCEIROS PJ - OP.INT.ORC.;339039;OUTROS SERVICOS DE TERCEIROS - PESSOA JURIDICA;00;RECURSOS PRIMARIOS DE LIVRE APLICACAO;;;;;2,996,252.97;429,146.57;1,263,092.05;1,193,533.93
2020;153248;PRO-REIT.DE PESQ.E POS-GRAD. E INOVACAO;12;EDUCACAO;364;ENSINO SUPERIOR;5013;EDUCACAO SUPERIOR - GRADUACAO, POS-GRADUACAO, ENSINO, PESQUI;0487;CONCESSAO DE BOLSAS DE ESTUDO NO ENSINO SUPERIOR;0002;CONCESSAO DE BOLSAS DE ESTUDO NO PAIS;12364501304870001;170062;OCCCUO9414N;BF SUPERIOR - PROAP;90;APLICACOES DIRETAS;3;DESPESAS CORRENTES;3;OUTRAS DESPESAS CORRENTES;40;SERVICOS DE TECNOLOGIA DA INFORMACAO E COMUNICACAO - PJ;339040;SERVICOS DE TECNOLOGIA DA INFORMACAO E COMUNICACAO - PJ;00;RECURSOS PRIMARIOS DE LIVRE APLICACAO;;;;;552,577.00;83,890.00;235,412.40;227,862.40
2020;153248;PRO-REIT.DE PESQ.E POS-GRAD. E INOVACAO;12;EDUCACAO;368;EDUCACAO BASICA;5011;EDUCACAO BASICA DE QUALIDADE;20RJ;APOIO A CAPACITACAO E FORMACAO INICIAL E CONTINUADA PARA A E;0004;EDUCACAO BASICA A DISTANCIA - SISTEMA UNIVERSIDADE ABERTA DO BRASIL (UAB);12368501120RJ0001;186018;QCC62T58HIN;UAB - UAB PROFHISTORIA;90;APLICACOES DIRETAS;3;DESPESAS CORRENTES;3;OUTRAS DESPESAS CORRENTES;18;AUXILIO FINANCEIRO A ESTUDANTES;339018;AUXILIO FINANCEIRO A ESTUDANTES;00;RECURSOS PRIMARIOS DE LIVRE APLICACAO;;;;;4,800.00;0.00;4,800.00;4,800.00
2020;153248;PRO-REIT.DE PESQ.E POS-GRAD. E INOVACAO;12;EDUCACAO;368;EDUCACAO BASICA;5011;EDUCACAO BASICA DE QUALIDADE;20RJ;APOIO A CAPACITACAO E FORMACAO INICIAL E CONTINUADA PARA A E;0004;EDUCACAO BASICA A DISTANCIA - SISTEMA UNIVERSIDADE ABERTA DO BRASIL (UAB);12368501120RJ0001;186018;QCC62T58HIN;UAB - UAB PROFHISTORIA;90;APLICACOES DIRETAS;3;DESPESAS CORRENTES;3;OUTRAS DESPESAS CORRENTES;39;OUTROS SERVICOS DE TERCEIROS PJ - OP.INT.ORC.;339039;OUTROS SERVICOS DE TERCEIROS - PESSOA JURIDICA;00;RECURSOS PRIMARIOS DE LIVRE APLICACAO;;;;;27,900.00;0.00;21,900.00;21,900.00
2020;153248;PRO-REIT.DE PESQ.E POS-GRAD. E INOVACAO;12;EDUCACAO;368;EDUCACAO BASICA;5011;EDUCACAO BASICA DE QUALIDADE;20RJ;APOIO A CAPACITACAO E FORMACAO INICIAL E CONTINUADA PARA A E;0004;EDUCACAO BASICA A DISTANCIA - SISTEMA UNIVERSIDADE ABERTA DO BRASIL (UAB);12368501120RJ0001;186018;QCC62T58QUN;UAB - UAB PROFQUIMICA;90;APLICACOES DIRETAS;3;DESPESAS CORRENTES;3;OUTRAS DESPESAS CORRENTES;30;MATERIAL DE CONSUMO;339030;MATERIAL DE CONSUMO;00;RECURSOS PRIMARIOS DE LIVRE APLICACAO;;;;;24,515.08;6,128.77;;
2020;153251;UTFPR - CAMPUS CAMPO MOURAO;12;EDUCACAO;364;ENSINO SUPERIOR;5013;EDUCACAO SUPERIOR - GRADUACAO, POS-GRADUACAO, ENSINO, PESQUI;0487;CONCESSAO DE BOLSAS DE ESTUDO NO ENSINO SUPERIOR;0002;CONCESSAO DE BOLSAS DE ESTUDO NO PAIS;12364501304870001;170062;OCCCUO9414N;BF SUPERIOR - PROAP;90;APLICACOES DIRETAS;3;DESPESAS CORRENTES;3;OUTRAS DESPESAS CORRENTES;30;MATERIAL DE CONSUMO;339030;MATERIAL DE CONSUMO;00;RECURSOS PRIMARIOS DE LIVRE APLICACAO;;;;;37,948.40;10,380.88;5,051.92;4,691.92
2020;153254;ADMINISTRACAO GERAL/UFMG;12;EDUCACAO;364;ENSINO SUPERIOR;5013;EDUCACAO SUPERIOR - GRADUACAO, POS-GRADUACAO, ENSINO, PESQUI;0487;CONCESSAO DE BOLSAS DE ESTUDO NO ENSINO SUPERIOR;0002;CONCESSAO DE BOLSAS DE ESTUDO NO PAIS;12364501304870001;170062;OCCCUO9414N;BF SUPERIOR - PROAP;90;APLICACOES DIRETAS;3;DESPESAS CORRENTES;3;OUTRAS DESPESAS CORRENTES;30;MATERIAL DE CONSUMO;339030;MATERIAL DE CONSUMO;00;RECURSOS PRIMARIOS DE LIVRE APLICACAO;;;;;2,576,081.13;0.00;;
2020;153275;ESCOLA DE ARQUITETURA/UFMG;12;EDUCACAO;364;ENSINO SUPERIOR;5013;EDUCACAO SUPERIOR - GRADUACAO, POS-GRADUACAO, ENSINO, PESQUI;0487;CONCESSAO DE BOLSAS DE ESTUDO NO ENSINO SUPERIOR;0002;CONCESSAO DE BOLSAS DE ESTUDO NO PAIS;12364501304870001;170062;OCCCUO9414N;BF SUPERIOR - PROAP;90;APLICACOES DIRETAS;3;DESPESAS CORRENTES;3;OUTRAS DESPESAS CORRENTES;18;AUXILIO FINANCEIRO A ESTUDANTES;339018;AUXILIO FINANCEIRO A ESTUDANTES;00;RECURSOS PRIMARIOS DE LIVRE APLICACAO;;;;;52,786.09;10,016.63;42,769.46;42,669.46
2020;153275;ESCOLA DE ARQUITETURA/UFMG;12;EDUCACAO;364;ENSINO SUPERIOR;5013;EDUCACAO SUPERIOR - GRADUACAO, POS-GRADUACAO, ENSINO, PESQUI;0487;CONCESSAO DE BOLSAS DE ESTUDO NO ENSINO SUPERIOR;0002;CONCESSAO DE BOLSAS DE ESTUDO NO PAIS;12364501304870001;170062;OCCCUO9414N;BF SUPERIOR - PROAP;90;APLICACOES DIRETAS;3;DESPESAS CORRENTES;3;OUTRAS DESPESAS CORRENTES;39;OUTROS SERVICOS DE TERCEIROS PJ - OP.INT.ORC.;339039;OUTROS SERVICOS DE TERCEIROS - PESSOA JURIDICA;00;RECURSOS PRIMARIOS DE LIVRE APLICACAO;;;;;21,796.56;4,249.14;;
2020;153275;ESCOLA DE ARQUITETURA/UFMG;12;EDUCACAO;364;ENSINO SUPERIOR;5013;EDUCACAO SUPERIOR - GRADUACAO, POS-GRADUACAO, ENSINO, PESQUI;0487;CONCESSAO DE BOLSAS DE ESTUDO NO ENSINO SUPERIOR;0002;CONCESSAO DE BOLSAS DE ESTUDO NO PAIS;12364501304870001;170062;OCCCUO9414N;BF SUPERIOR - PROAP;90;APLICACOES DIRETAS;3;DESPESAS CORRENTES;3;OUTRAS DESPESAS CORRENTES;40;SERVICOS DE TECNOLOGIA DA INFORMACAO E COMUNICACAO - PJ;339040;SERVICOS DE TECNOLOGIA DA INFORMACAO E COMUNICACAO - PJ;00;RECURSOS PRIMARIOS DE LIVRE APLICACAO;;;;;16,425.00;0.00;;
2020;153277;ESCOLA DE CIENCIA DA INFORMACAO/UFMG;12;EDUCACAO;364;ENSINO SUPERIOR;5013;EDUCACAO SUPERIOR - GRADUACAO, POS-GRADUACAO, ENSINO, PESQUI;0487;CONCESSAO DE BOLSAS DE ESTUDO NO ENSINO SUPERIOR;0002;CONCESSAO DE BOLSAS DE ESTUDO NO PAIS;12364501304870001;170062;OCCCUO9414N;BF SUPERIOR - PROAP;90;APLICACOES DIRETAS;3;DESPESAS CORRENTES;3;OUTRAS DESPESAS CORRENTES;18;AUXILIO FINANCEIRO A ESTUDANTES;339018;AUXILIO FINANCEIRO A ESTUDANTES;00;RECURSOS PRIMARIOS DE LIVRE APLICACAO;;;;;21,787.60;0.00;21,787.60;16,960.08
2020;153277;ESCOLA DE CIENCIA DA INFORMACAO/UFMG;12;EDUCACAO;364;ENSINO SUPERIOR;5013;EDUCACAO SUPERIOR - GRADUACAO, POS-GRADUACAO, ENSINO, PESQUI;0487;CONCESSAO DE BOLSAS DE ESTUDO NO ENSINO SUPERIOR;0002;CONCESSAO DE BOLSAS DE ESTUDO NO PAIS;12364501304870001;170062;OCCCUO9414N;BF SUPERIOR - PROAP;90;APLICACOES DIRETAS;3;DESPESAS CORRENTES;3;OUTRAS DESPESAS CORRENTES;36;OUTROS SERVICOS DE TERCEIROS - P.FISICA;339036;OUTROS SERVICOS DE TERCEIROS - PESSOA FISICA;00;RECURSOS PRIMARIOS DE LIVRE APLICACAO;;;;;5,375.00;2,150.00;3,225.00;3,225.00
2020;153277;ESCOLA DE CIENCIA DA INFORMACAO/UFMG;12;EDUCACAO;364;ENSINO SUPERIOR;5013;EDUCACAO SUPERIOR - GRADUACAO, POS-GRADUACAO, ENSINO, PESQUI;0487;CONCESSAO DE BOLSAS DE ESTUDO NO ENSINO SUPERIOR;0002;CONCESSAO DE BOLSAS DE ESTUDO NO PAIS;12364501304870001;170062;OCCCUO9414N;BF SUPERIOR - PROAP;90;APLICACOES DIRETAS;3;DESPESAS CORRENTES;3;OUTRAS DESPESAS CORRENTES;39;OUTROS SERVICOS DE TERCEIROS PJ - OP.INT.ORC.;339039;OUTROS SERVICOS DE TERCEIROS - PESSOA JURIDICA;00;RECURSOS PRIMARIOS DE LIVRE APLICACAO;;;;;140,525.12;32,963.78;23,291.34;23,291.34
2020;153277;ESCOLA DE CIENCIA DA INFORMACAO/UFMG;12;EDUCACAO;364;ENSINO SUPERIOR;5013;EDUCACAO SUPERIOR - GRADUACAO, POS-GRADUACAO, ENSINO, PESQUI;0487;CONCESSAO DE BOLSAS DE ESTUDO NO ENSINO SUPERIOR;0002;CONCESSAO DE BOLSAS DE ESTUDO NO PAIS;12364501304870001;170062;OCCCUO9414N;BF SUPERIOR - PROAP;90;APLICACOES DIRETAS;3;DESPESAS CORRENTES;3;OUTRAS DESPESAS CORRENTES;40;SERVICOS DE TECNOLOGIA DA INFORMACAO E COMUNICACAO - PJ;339040;SERVICOS DE TECNOLOGIA DA INFORMACAO E COMUNICACAO - PJ;00;RECURSOS PRIMARIOS DE LIVRE APLICACAO;;;;;26,800.00;6,700.00;20,100.00;20,100.00
2020;153277;ESCOLA DE CIENCIA DA INFORMACAO/UFMG;12;EDUCACAO;364;ENSINO SUPERIOR;5013;EDUCACAO SUPERIOR - GRADUACAO, POS-GRADUACAO, ENSINO, PESQUI;0487;CONCESSAO DE BOLSAS DE ESTUDO NO ENSINO SUPERIOR;0002;CONCESSAO DE BOLSAS DE ESTUDO NO PAIS;12364501304870001;170062;OCCCUO9414N;BF SUPERIOR - PROAP;90;APLICACOES DIRETAS;3;DESPESAS CORRENTES;3;OUTRAS DESPESAS CORRENTES;93;INDENIZACOES E RESTITUICOES;339093;INDENIZACOES E RESTITUICOES;00;RECURSOS PRIMARIOS DE LIVRE APLICACAO;;;;;14,400.00;3,600.00;10,800.00;10,800.00
2020;153277;ESCOLA DE CIENCIA DA INFORMACAO/UFMG;12;EDUCACAO;364;ENSINO SUPERIOR;5013;EDUCACAO SUPERIOR - GRADUACAO, POS-GRADUACAO, ENSINO, PESQUI;0487;CONCESSAO DE BOLSAS DE ESTUDO NO ENSINO SUPERIOR;0002;CONCESSAO DE BOLSAS DE ESTUDO NO PAIS;12364501304870001;170062;OCCCUO9414N;BF SUPERIOR - PROAP;91;APLICACOES DIRETAS - OPERACOES INTERNAS;3;DESPESAS CORRENTES;3;OUTRAS DESPESAS CORRENTES;47;OBRIGACOES TRIBUTARIAS E CONTRIBUTIVAS;339147;OBRIG.TRIBUT.E CONTRIB-OP.INTRA-ORCAMENTARIAS;00;RECURSOS PRIMARIOS DE LIVRE APLICACAO;;;;;1,075.00;430.00;645.00;645.00
2020;153278;ESCOLA EDUCACAO FISICA FISIOT.TERAP.OCUP/UFMG;12;EDUCACAO;364;ENSINO SUPERIOR;5013;EDUCACAO SUPERIOR - GRADUACAO, POS-GRADUACAO, ENSINO, PESQUI;0487;CONCESSAO DE BOLSAS DE ESTUDO NO ENSINO SUPERIOR;0002;CONCESSAO DE BOLSAS DE ESTUDO NO PAIS;12364501304870001;170062;OCCCUO9414N;BF SUPERIOR - PROAP;90;APLICACOES DIRETAS;3;DESPESAS CORRENTES;3;OUTRAS DESPESAS CORRENTES;18;AUXILIO FINANCEIRO A ESTUDANTES;339018;AUXILIO FINANCEIRO A ESTUDANTES;00;RECURSOS PRIMARIOS DE LIVRE APLICACAO;;;;;84,687.19;2,382.11;82,305.08;82,298.08
2020;153278;ESCOLA EDUCACAO FISICA FISIOT.TERAP.OCUP/UFMG;12;EDUCACAO;364;ENSINO SUPERIOR;5013;EDUCACAO SUPERIOR - GRADUACAO, POS-GRADUACAO, ENSINO, PESQUI;0487;CONCESSAO DE BOLSAS DE ESTUDO NO ENSINO SUPERIOR;0002;CONCESSAO DE BOLSAS DE ESTUDO NO PAIS;12364501304870001;170062;OCCCUO9414N;BF SUPERIOR - PROAP;90;APLICACOES DIRETAS;3;DESPESAS CORRENTES;3;OUTRAS DESPESAS CORRENTES;30;MATERIAL DE CONSUMO;339030;MATERIAL DE CONSUMO;00;RECURSOS PRIMARIOS DE LIVRE APLICACAO;;;;;96,943.16;9,770.03;27,571.08;27,376.08
2020;153278;ESCOLA EDUCACAO FISICA FISIOT.TERAP.OCUP/UFMG;12;EDUCACAO;364;ENSINO SUPERIOR;5013;EDUCACAO SUPERIOR - GRADUACAO, POS-GRADUACAO, ENSINO, PESQUI;0487;CONCESSAO DE BOLSAS DE ESTUDO NO ENSINO SUPERIOR;0002;CONCESSAO DE BOLSAS DE ESTUDO NO PAIS;12364501304870001;170062;OCCCUO9414N;BF SUPERIOR - PROAP;90;APLICACOES DIRETAS;3;DESPESAS CORRENTES;3;OUTRAS DESPESAS CORRENTES;39;OUTROS SERVICOS DE TERCEIROS PJ - OP.INT.ORC.;339039;OUTROS SERVICOS DE TERCEIROS - PESSOA JURIDICA;00;RECURSOS PRIMARIOS DE LIVRE APLICACAO;;;;;275,316.84;68,949.21;53,706.00;53,706.00
2020;153278;ESCOLA EDUCACAO FISICA FISIOT.TERAP.OCUP/UFMG;12;EDUCACAO;364;ENSINO SUPERIOR;5013;EDUCACAO SUPERIOR - GRADUACAO, POS-GRADUACAO, ENSINO, PESQUI;0487;CONCESSAO DE BOLSAS DE ESTUDO NO ENSINO SUPERIOR;0002;CONCESSAO DE BOLSAS DE ESTUDO NO PAIS;12364501304870001;170062;OCCCUO9414N;BF SUPERIOR - PROAP;90;APLICACOES DIRETAS;3;DESPESAS CORRENTES;3;OUTRAS DESPESAS CORRENTES;40;SERVICOS DE TECNOLOGIA DA INFORMACAO E COMUNICACAO - PJ;339040;SERVICOS DE TECNOLOGIA DA INFORMACAO E COMUNICACAO - PJ;00;RECURSOS PRIMARIOS DE LIVRE APLICACAO;;;;;78,220.80;0.00;75,000.00;75,000.00
2020;153279;ESCOLA DE ENFERMAGEM/UFMG;12;EDUCACAO;364;ENSINO SUPERIOR;5013;EDUCACAO SUPERIOR - GRADUACAO, POS-GRADUACAO, ENSINO, PESQUI;0487;CONCESSAO DE BOLSAS DE ESTUDO NO ENSINO SUPERIOR;0002;CONCESSAO DE BOLSAS DE ESTUDO NO PAIS;12364501304870001;170062;OCCCUO9414N;BF SUPERIOR - PROAP;90;APLICACOES DIRETAS;3;DESPESAS CORRENTES;3;OUTRAS DESPESAS CORRENTES;18;AUXILIO FINANCEIRO A ESTUDANTES;339018;AUXILIO FINANCEIRO A ESTUDANTES;00;RECURSOS PRIMARIOS DE LIVRE APLICACAO;;;;;5,605.70;0.00;5,605.70;5,180.90
2020;153279;ESCOLA DE ENFERMAGEM/UFMG;12;EDUCACAO;364;ENSINO SUPERIOR;5013;EDUCACAO SUPERIOR - GRADUACAO, POS-GRADUACAO, ENSINO, PESQUI;0487;CONCESSAO DE BOLSAS DE ESTUDO NO ENSINO SUPERIOR;0002;CONCESSAO DE BOLSAS DE ESTUDO NO PAIS;12364501304870001;170062;OCCCUO9414N;BF SUPERIOR - PROAP;90;APLICACOES DIRETAS;3;DESPESAS CORRENTES;3;OUTRAS DESPESAS CORRENTES;30;MATERIAL DE CONSUMO;339030;MATERIAL DE CONSUMO;00;RECURSOS PRIMARIOS DE LIVRE APLICACAO;;;;;218,315.06;28,128.12;74,754.62;74,754.62
2020;153279;ESCOLA DE ENFERMAGEM/UFMG;12;EDUCACAO;364;ENSINO SUPERIOR;5013;EDUCACAO SUPERIOR - GRADUACAO, POS-GRADUACAO, ENSINO, PESQUI;0487;CONCESSAO DE BOLSAS DE ESTUDO NO ENSINO SUPERIOR;0002;CONCESSAO DE BOLSAS DE ESTUDO NO PAIS;12364501304870001;170062;OCCCUO9414N;BF SUPERIOR - PROAP;90;APLICACOES DIRETAS;3;DESPESAS CORRENTES;3;OUTRAS DESPESAS CORRENTES;39;OUTROS SERVICOS DE TERCEIROS PJ - OP.INT.ORC.;339039;OUTROS SERVICOS DE TERCEIROS - PESSOA JURIDICA;00;RECURSOS PRIMARIOS DE LIVRE APLICACAO;;;;;251,414.65;70,089.52;106,766.55;100,230.55
2020;153279;ESCOLA DE ENFERMAGEM/UFMG;12;EDUCACAO;364;ENSINO SUPERIOR;5013;EDUCACAO SUPERIOR - GRADUACAO, POS-GRADUACAO, ENSINO, PESQUI;0487;CONCESSAO DE BOLSAS DE ESTUDO NO ENSINO SUPERIOR;0002;CONCESSAO DE BOLSAS DE ESTUDO NO PAIS;12364501304870001;170062;OCCCUO9414N;BF SUPERIOR - PROAP;90;APLICACOES DIRETAS;3;DESPESAS CORRENTES;3;OUTRAS DESPESAS CORRENTES;40;SERVICOS DE TECNOLOGIA DA INFORMACAO E COMUNICACAO - PJ;339040;SERVICOS DE TECNOLOGIA DA INFORMACAO E COMUNICACAO - PJ;00;RECURSOS PRIMARIOS DE LIVRE APLICACAO;;;;;59,475.00;23,790.00;;
2020;153280;ESCOLA DE ENGENHARIA/UFMG;12;EDUCACAO;364;ENSINO SUPERIOR;5013;EDUCACAO SUPERIOR - GRADUACAO, POS-GRADUACAO, ENSINO, PESQUI;0487;CONCESSAO DE BOLSAS DE ESTUDO NO ENSINO SUPERIOR;0002;CONCESSAO DE BOLSAS DE ESTUDO NO PAIS;12364501304870001;170062;OCCCUO9414N;BF SUPERIOR - PROAP;90;APLICACOES DIRETAS;3;DESPESAS CORRENTES;3;OUTRAS DESPESAS CORRENTES;30;MATERIAL DE CONSUMO;339030;MATERIAL DE CONSUMO;00;RECURSOS PRIMARIOS DE LIVRE APLICACAO;;;;;166,889.52;60,614.01;56,607.24;54,049.87
2020;153280;ESCOLA DE ENGENHARIA/UFMG;12;EDUCACAO;364;ENSINO SUPERIOR;5013;EDUCACAO SUPERIOR - GRADUACAO, POS-GRADUACAO, ENSINO, PESQUI;0487;CONCESSAO DE BOLSAS DE ESTUDO NO ENSINO SUPERIOR;0002;CONCESSAO DE BOLSAS DE ESTUDO NO PAIS;12364501304870001;170062;OCCCUO9414N;BF SUPERIOR - PROAP;90;APLICACOES DIRETAS;3;DESPESAS CORRENTES;3;OUTRAS DESPESAS CORRENTES;39;OUTROS SERVICOS DE TERCEIROS PJ - OP.INT.ORC.;339039;OUTROS SERVICOS DE TERCEIROS - PESSOA JURIDICA;00;RECURSOS PRIMARIOS DE LIVRE APLICACAO;;;;;231,499.48;22,933.22;192,919.16;147,483.67
2020;153280;ESCOLA DE ENGENHARIA/UFMG;12;EDUCACAO;364;ENSINO SUPERIOR;5013;EDUCACAO SUPERIOR - GRADUACAO, POS-GRADUACAO, ENSINO, PESQUI;0487;CONCESSAO DE BOLSAS DE ESTUDO NO ENSINO SUPERIOR;0002;CONCESSAO DE BOLSAS DE ESTUDO NO PAIS;12364501304870001;170062;OCCCUO9414N;BF SUPERIOR - PROAP;90;APLICACOES DIRETAS;3;DESPESAS CORRENTES;3;OUTRAS DESPESAS CORRENTES;40;SERVICOS DE TECNOLOGIA DA INFORMACAO E COMUNICACAO - PJ;339040;SERVICOS DE TECNOLOGIA DA INFORMACAO E COMUNICACAO - PJ;00;RECURSOS PRIMARIOS DE LIVRE APLICACAO;;;;;56,000.00;0.00;56,000.00;42,000.00
2020;153281;ESCOLA DE MUSICA/UFMG;12;EDUCACAO;364;ENSINO SUPERIOR;5013;EDUCACAO SUPERIOR - GRADUACAO, POS-GRADUACAO, ENSINO, PESQUI;0487;CONCESSAO DE BOLSAS DE ESTUDO NO ENSINO SUPERIOR;0002;CONCESSAO DE BOLSAS DE ESTUDO NO PAIS;12364501304870001;170062;OCCCUO9414N;BF SUPERIOR - PROAP;90;APLICACOES DIRETAS;3;DESPESAS CORRENTES;3;OUTRAS DESPESAS CORRENTES;18;AUXILIO FINANCEIRO A ESTUDANTES;339018;AUXILIO FINANCEIRO A ESTUDANTES;00;RECURSOS PRIMARIOS DE LIVRE APLICACAO;;;;;22,475.00;3,017.00;19,458.00;18,333.00
2020;153282;ESCOLA DE VETERINARIA/UFMG;12;EDUCACAO;364;ENSINO SUPERIOR;5013;EDUCACAO SUPERIOR - GRADUACAO, POS-GRADUACAO, ENSINO, PESQUI;0487;CONCESSAO DE BOLSAS DE ESTUDO NO ENSINO SUPERIOR;0002;CONCESSAO DE BOLSAS DE ESTUDO NO PAIS;12364501304870001;170062;OCCCUO9414N;BF SUPERIOR - PROAP;90;APLICACOES DIRETAS;3;DESPESAS CORRENTES;3;OUTRAS DESPESAS CORRENTES;18;AUXILIO FINANCEIRO A ESTUDANTES;339018;AUXILIO FINANCEIRO A ESTUDANTES;00;RECURSOS PRIMARIOS DE LIVRE APLICACAO;;;;;3,827.92;0.00;3,827.92;3,048.92
2020;153282;ESCOLA DE VETERINARIA/UFMG;12;EDUCACAO;364;ENSINO SUPERIOR;5013;EDUCACAO SUPERIOR - GRADUACAO, POS-GRADUACAO, ENSINO, PESQUI;0487;CONCESSAO DE BOLSAS DE ESTUDO NO ENSINO SUPERIOR;0002;CONCESSAO DE BOLSAS DE ESTUDO NO PAIS;12364501304870001;170062;OCCCUO9414N;BF SUPERIOR - PROAP;90;APLICACOES DIRETAS;3;DESPESAS CORRENTES;3;OUTRAS DESPESAS CORRENTES;30;MATERIAL DE CONSUMO;339030;MATERIAL DE CONSUMO;00;RECURSOS PRIMARIOS DE LIVRE APLICACAO;;;;;1,184,005.69;100,395.57;110,899.18;100,292.07
2020;153282;ESCOLA DE VETERINARIA/UFMG;12;EDUCACAO;364;ENSINO SUPERIOR;5013;EDUCACAO SUPERIOR - GRADUACAO, POS-GRADUACAO, ENSINO, PESQUI;0487;CONCESSAO DE BOLSAS DE ESTUDO NO ENSINO SUPERIOR;0002;CONCESSAO DE BOLSAS DE ESTUDO NO PAIS;12364501304870001;170062;OCCCUO9414N;BF SUPERIOR - PROAP;90;APLICACOES DIRETAS;3;DESPESAS CORRENTES;3;OUTRAS DESPESAS CORRENTES;39;OUTROS SERVICOS DE TERCEIROS PJ - OP.INT.ORC.;339039;OUTROS SERVICOS DE TERCEIROS - PESSOA JURIDICA;00;RECURSOS PRIMARIOS DE LIVRE APLICACAO;;;;;26,400.00;0.00;;
2020;153283;FACULDADE DE CIENCIAS ECONOMICAS/UFMG;12;EDUCACAO;364;ENSINO SUPERIOR;5013;EDUCACAO SUPERIOR - GRADUACAO, POS-GRADUACAO, ENSINO, PESQUI;0487;CONCESSAO DE BOLSAS DE ESTUDO NO ENSINO SUPERIOR;0002;CONCESSAO DE BOLSAS DE ESTUDO NO PAIS;12364501304870001;170062;OCCCUO9414N;BF SUPERIOR - PROAP;90;APLICACOES DIRETAS;3;DESPESAS CORRENTES;3;OUTRAS DESPESAS CORRENTES;18;AUXILIO FINANCEIRO A ESTUDANTES;339018;AUXILIO FINANCEIRO A ESTUDANTES;00;RECURSOS PRIMARIOS DE LIVRE APLICACAO;;;;;34,629.80;1,360.00;33,269.80;29,513.40
2020;153283;FACULDADE DE CIENCIAS ECONOMICAS/UFMG;12;EDUCACAO;364;ENSINO SUPERIOR;5013;EDUCACAO SUPERIOR - GRADUACAO, POS-GRADUACAO, ENSINO, PESQUI;0487;CONCESSAO DE BOLSAS DE ESTUDO NO ENSINO SUPERIOR;0002;CONCESSAO DE BOLSAS DE ESTUDO NO PAIS;12364501304870001;170062;OCCCUO9414N;BF SUPERIOR - PROAP;90;APLICACOES DIRETAS;3;DESPESAS CORRENTES;3;OUTRAS DESPESAS CORRENTES;30;MATERIAL DE CONSUMO;339030;MATERIAL DE CONSUMO;00;RECURSOS PRIMARIOS DE LIVRE APLICACAO;;;;;22,915.38;0.00;;
2020;153283;FACULDADE DE CIENCIAS ECONOMICAS/UFMG;12;EDUCACAO;364;ENSINO SUPERIOR;5013;EDUCACAO SUPERIOR - GRADUACAO, POS-GRADUACAO, ENSINO, PESQUI;0487;CONCESSAO DE BOLSAS DE ESTUDO NO ENSINO SUPERIOR;0002;CONCESSAO DE BOLSAS DE ESTUDO NO PAIS;12364501304870001;170062;OCCCUO9414N;BF SUPERIOR - PROAP;90;APLICACOES DIRETAS;3;DESPESAS CORRENTES;3;OUTRAS DESPESAS CORRENTES;39;OUTROS SERVICOS DE TERCEIROS PJ - OP.INT.ORC.;339039;OUTROS SERVICOS DE TERCEIROS - PESSOA JURIDICA;00;RECURSOS PRIMARIOS DE LIVRE APLICACAO;;;;;29,176.24;7,294.06;;
2020;153286;FACULDADE DE FARMACIA/UFMG;12;EDUCACAO;364;ENSINO SUPERIOR;5013;EDUCACAO SUPERIOR - GRADUACAO, POS-GRADUACAO, ENSINO, PESQUI;0487;CONCESSAO DE BOLSAS DE ESTUDO NO ENSINO SUPERIOR;0002;CONCESSAO DE BOLSAS DE ESTUDO NO PAIS;12364501304870001;170062;OCCCUO9414N;BF SUPERIOR - PROAP;90;APLICACOES DIRETAS;3;DESPESAS CORRENTES;3;OUTRAS DESPESAS CORRENTES;18;AUXILIO FINANCEIRO A ESTUDANTES;339018;AUXILIO FINANCEIRO A ESTUDANTES;00;RECURSOS PRIMARIOS DE LIVRE APLICACAO;;;;;34,049.33;410.00;33,639.33;30,512.00
2020;153286;FACULDADE DE FARMACIA/UFMG;12;EDUCACAO;364;ENSINO SUPERIOR;5013;EDUCACAO SUPERIOR - GRADUACAO, POS-GRADUACAO, ENSINO, PESQUI;0487;CONCESSAO DE BOLSAS DE ESTUDO NO ENSINO SUPERIOR;0002;CONCESSAO DE BOLSAS DE ESTUDO NO PAIS;12364501304870001;170062;OCCCUO9414N;BF SUPERIOR - PROAP;90;APLICACOES DIRETAS;3;DESPESAS CORRENTES;3;OUTRAS DESPESAS CORRENTES;30;MATERIAL DE CONSUMO;339030;MATERIAL DE CONSUMO;00;RECURSOS PRIMARIOS DE LIVRE APLICACAO;;;;;561,802.96;114,145.56;394,500.58;356,580.44
2020;153286;FACULDADE DE FARMACIA/UFMG;12;EDUCACAO;364;ENSINO SUPERIOR;5013;EDUCACAO SUPERIOR - GRADUACAO, POS-GRADUACAO, ENSINO, PESQUI;0487;CONCESSAO DE BOLSAS DE ESTUDO NO ENSINO SUPERIOR;0002;CONCESSAO DE BOLSAS DE ESTUDO NO PAIS;12364501304870001;170062;OCCCUO9414N;BF SUPERIOR - PROAP;90;APLICACOES DIRETAS;3;DESPESAS CORRENTES;3;OUTRAS DESPESAS CORRENTES;39;OUTROS SERVICOS DE TERCEIROS PJ - OP.INT.ORC.;339039;OUTROS SERVICOS DE TERCEIROS - PESSOA JURIDICA;00;RECURSOS PRIMARIOS DE LIVRE APLICACAO;;;;;226,791.75;47,438.25;154,622.52;144,731.89
2020;153286;FACULDADE DE FARMACIA/UFMG;12;EDUCACAO;364;ENSINO SUPERIOR;5013;EDUCACAO SUPERIOR - GRADUACAO, POS-GRADUACAO, ENSINO, PESQUI;0487;CONCESSAO DE BOLSAS DE ESTUDO NO ENSINO SUPERIOR;0002;CONCESSAO DE BOLSAS DE ESTUDO NO PAIS;12364501304870001;170062;OCCCUO9414N;BF SUPERIOR - PROAP;90;APLICACOES DIRETAS;3;DESPESAS CORRENTES;3;OUTRAS DESPESAS CORRENTES;40;SERVICOS DE TECNOLOGIA DA INFORMACAO E COMUNICACAO - PJ;339040;SERVICOS DE TECNOLOGIA DA INFORMACAO E COMUNICACAO - PJ;00;RECURSOS PRIMARIOS DE LIVRE APLICACAO;;;;;82,140.00;16,428.00;65,712.00;49,284.00
2020;153287;FACULDADE DE FILOSOFIA E CIENC. HUMANAS/UFMG;12;EDUCACAO;364;ENSINO SUPERIOR;5013;EDUCACAO SUPERIOR - GRADUACAO, POS-GRADUACAO, ENSINO, PESQUI;0487;CONCESSAO DE BOLSAS DE ESTUDO NO ENSINO SUPERIOR;0002;CONCESSAO DE BOLSAS DE ESTUDO NO PAIS;12364501304870001;170062;OCCCUO9414N;BF SUPERIOR - PROAP;90;APLICACOES DIRETAS;3;DESPESAS CORRENTES;3;OUTRAS DESPESAS CORRENTES;18;AUXILIO FINANCEIRO A ESTUDANTES;339018;AUXILIO FINANCEIRO A ESTUDANTES;00;RECURSOS PRIMARIOS DE LIVRE APLICACAO;;;;;321,631.70;1,200.00;320,431.70;279,508.59
2020;153287;FACULDADE DE FILOSOFIA E CIENC. HUMANAS/UFMG;12;EDUCACAO;364;ENSINO SUPERIOR;5013;EDUCACAO SUPERIOR - GRADUACAO, POS-GRADUACAO, ENSINO, PESQUI;0487;CONCESSAO DE BOLSAS DE ESTUDO NO ENSINO SUPERIOR;0002;CONCESSAO DE BOLSAS DE ESTUDO NO PAIS;12364501304870001;170062;OCCCUO9414N;BF SUPERIOR - PROAP;90;APLICACOES DIRETAS;3;DESPESAS CORRENTES;3;OUTRAS DESPESAS CORRENTES;39;OUTROS SERVICOS DE TERCEIROS PJ - OP.INT.ORC.;339039;OUTROS SERVICOS DE TERCEIROS - PESSOA JURIDICA;00;RECURSOS PRIMARIOS DE LIVRE APLICACAO;;;;;144,118.00;15,352.00;1,116.00;1,116.00
2020;153289;FACULDADE DE MEDICINA/UFMG;12;EDUCACAO;364;ENSINO SUPERIOR;5013;EDUCACAO SUPERIOR - GRADUACAO, POS-GRADUACAO, ENSINO, PESQUI;0487;CONCESSAO DE BOLSAS DE ESTUDO NO ENSINO SUPERIOR;0002;CONCESSAO DE BOLSAS DE ESTUDO NO PAIS;12364501304870001;170062;OCCCUO9414N;BF SUPERIOR - PROAP;90;APLICACOES DIRETAS;3;DESPESAS CORRENTES;3;OUTRAS DESPESAS CORRENTES;18;AUXILIO FINANCEIRO A ESTUDANTES;339018;AUXILIO FINANCEIRO A ESTUDANTES;00;RECURSOS PRIMARIOS DE LIVRE APLICACAO;;;;;9,769.60;1,200.00;8,569.60;8,085.50
2020;153289;FACULDADE DE MEDICINA/UFMG;12;EDUCACAO;364;ENSINO SUPERIOR;5013;EDUCACAO SUPERIOR - GRADUACAO, POS-GRADUACAO, ENSINO, PESQUI;0487;CONCESSAO DE BOLSAS DE ESTUDO NO ENSINO SUPERIOR;0002;CONCESSAO DE BOLSAS DE ESTUDO NO PAIS;12364501304870001;170062;OCCCUO9414N;BF SUPERIOR - PROAP;90;APLICACOES DIRETAS;3;DESPESAS CORRENTES;3;OUTRAS DESPESAS CORRENTES;30;MATERIAL DE CONSUMO;339030;MATERIAL DE CONSUMO;00;RECURSOS PRIMARIOS DE LIVRE APLICACAO;;;;0.00;76,974.85;25,389.94;22,409.91;22,409.91
2020;153289;FACULDADE DE MEDICINA/UFMG;12;EDUCACAO;364;ENSINO SUPERIOR;5013;EDUCACAO SUPERIOR - GRADUACAO, POS-GRADUACAO, ENSINO, PESQUI;0487;CONCESSAO DE BOLSAS DE ESTUDO NO ENSINO SUPERIOR;0002;CONCESSAO DE BOLSAS DE ESTUDO NO PAIS;12364501304870001;170062;OCCCUO9414N;BF SUPERIOR - PROAP;90;APLICACOES DIRETAS;3;DESPESAS CORRENTES;3;OUTRAS DESPESAS CORRENTES;39;OUTROS SERVICOS DE TERCEIROS PJ - OP.INT.ORC.;339039;OUTROS SERVICOS DE TERCEIROS - PESSOA JURIDICA;00;RECURSOS PRIMARIOS DE LIVRE APLICACAO;;;;8,100.00;32,400.00;8,100.00;;
2020;153291;INSTITUTO DE CIENCIAS BIOLOGICAS/UFMG;12;EDUCACAO;364;ENSINO SUPERIOR;5013;EDUCACAO SUPERIOR - GRADUACAO, POS-GRADUACAO, ENSINO, PESQUI;0487;CONCESSAO DE BOLSAS DE ESTUDO NO ENSINO SUPERIOR;0002;CONCESSAO DE BOLSAS DE ESTUDO NO PAIS;12364501304870001;170062;OCCCUO9414N;BF SUPERIOR - PROAP;90;APLICACOES DIRETAS;3;DESPESAS CORRENTES;3;OUTRAS DESPESAS CORRENTES;18;AUXILIO FINANCEIRO A ESTUDANTES;339018;AUXILIO FINANCEIRO A ESTUDANTES;00;RECURSOS PRIMARIOS DE LIVRE APLICACAO;;;;;375,028.98;49,620.82;325,408.16;321,008.16
2020;153291;INSTITUTO DE CIENCIAS BIOLOGICAS/UFMG;12;EDUCACAO;364;ENSINO SUPERIOR;5013;EDUCACAO SUPERIOR - GRADUACAO, POS-GRADUACAO, ENSINO, PESQUI;0487;CONCESSAO DE BOLSAS DE ESTUDO NO ENSINO SUPERIOR;0002;CONCESSAO DE BOLSAS DE ESTUDO NO PAIS;12364501304870001;170062;OCCCUO9414N;BF SUPERIOR - PROAP;90;APLICACOES DIRETAS;3;DESPESAS CORRENTES;3;OUTRAS DESPESAS CORRENTES;30;MATERIAL DE CONSUMO;339030;MATERIAL DE CONSUMO;00;RECURSOS PRIMARIOS DE LIVRE APLICACAO;;;;;189,771.64;92,311.06;27,050.58;26,956.06
2020;153291;INSTITUTO DE CIENCIAS BIOLOGICAS/UFMG;12;EDUCACAO;364;ENSINO SUPERIOR;5013;EDUCACAO SUPERIOR - GRADUACAO, POS-GRADUACAO, ENSINO, PESQUI;0487;CONCESSAO DE BOLSAS DE ESTUDO NO ENSINO SUPERIOR;0002;CONCESSAO DE BOLSAS DE ESTUDO NO PAIS;12364501304870001;170062;OCCCUO9414N;BF SUPERIOR - PROAP;90;APLICACOES DIRETAS;3;DESPESAS CORRENTES;3;OUTRAS DESPESAS CORRENTES;39;OUTROS SERVICOS DE TERCEIROS PJ - OP.INT.ORC.;339039;OUTROS SERVICOS DE TERCEIROS - PESSOA JURIDICA;00;RECURSOS PRIMARIOS DE LIVRE APLICACAO;;;;;116,000.00;29,300.00;86,700.00;86,700.00
2020;153291;INSTITUTO DE CIENCIAS BIOLOGICAS/UFMG;12;EDUCACAO;364;ENSINO SUPERIOR;5013;EDUCACAO SUPERIOR - GRADUACAO, POS-GRADUACAO, ENSINO, PESQUI;0487;CONCESSAO DE BOLSAS DE ESTUDO NO ENSINO SUPERIOR;0002;CONCESSAO DE BOLSAS DE ESTUDO NO PAIS;12364501304870001;170062;OCCCUO9414N;BF SUPERIOR - PROAP;90;APLICACOES DIRETAS;3;DESPESAS CORRENTES;3;OUTRAS DESPESAS CORRENTES;40;SERVICOS DE TECNOLOGIA DA INFORMACAO E COMUNICACAO - PJ;339040;SERVICOS DE TECNOLOGIA DA INFORMACAO E COMUNICACAO - PJ;00;RECURSOS PRIMARIOS DE LIVRE APLICACAO;;;;;60,000.00;12,000.00;48,000.00;36,000.00
2020;153292;INSTITUTO DE CIENCIAS EXATAS/UFMG;12;EDUCACAO;364;ENSINO SUPERIOR;5013;EDUCACAO SUPERIOR - GRADUACAO, POS-GRADUACAO, ENSINO, PESQUI;0487;CONCESSAO DE BOLSAS DE ESTUDO NO ENSINO SUPERIOR;0002;CONCESSAO DE BOLSAS DE ESTUDO NO PAIS;12364501304870001;170062;OCCCUO9414N;BF SUPERIOR - PROAP;90;APLICACOES DIRETAS;3;DESPESAS CORRENTES;3;OUTRAS DESPESAS CORRENTES;30;MATERIAL DE CONSUMO;339030;MATERIAL DE CONSUMO;00;RECURSOS PRIMARIOS DE LIVRE APLICACAO;;;;;28,545.00;11,418.00;17,127.00;17,127.00
2020;153292;INSTITUTO DE CIENCIAS EXATAS/UFMG;12;EDUCACAO;364;ENSINO SUPERIOR;5013;EDUCACAO SUPERIOR - GRADUACAO, POS-GRADUACAO, ENSINO, PESQUI;0487;CONCESSAO DE BOLSAS DE ESTUDO NO ENSINO SUPERIOR;0002;CONCESSAO DE BOLSAS DE ESTUDO NO PAIS;12364501304870001;170062;OCCCUO9414N;BF SUPERIOR - PROAP;90;APLICACOES DIRETAS;3;DESPESAS CORRENTES;3;OUTRAS DESPESAS CORRENTES;39;OUTROS SERVICOS DE TERCEIROS PJ - OP.INT.ORC.;339039;OUTROS SERVICOS DE TERCEIROS - PESSOA JURIDICA;00;RECURSOS PRIMARIOS DE LIVRE APLICACAO;;;;;82,710.00;0.00;;
2020;153293;INSTITUTO DE GEO-CIENCIAS/UFMG;12;EDUCACAO;364;ENSINO SUPERIOR;5013;EDUCACAO SUPERIOR - GRADUACAO, POS-GRADUACAO, ENSINO, PESQUI;0487;CONCESSAO DE BOLSAS DE ESTUDO NO ENSINO SUPERIOR;0002;CONCESSAO DE BOLSAS DE ESTUDO NO PAIS;12364501304870001;170062;OCCCUO9414N;BF SUPERIOR - PROAP;90;APLICACOES DIRETAS;3;DESPESAS CORRENTES;3;OUTRAS DESPESAS CORRENTES;18;AUXILIO FINANCEIRO A ESTUDANTES;339018;AUXILIO FINANCEIRO A ESTUDANTES;00;RECURSOS PRIMARIOS DE LIVRE APLICACAO;;;;;160,702.49;3.00;160,699.49;160,155.43
2020;153293;INSTITUTO DE GEO-CIENCIAS/UFMG;12;EDUCACAO;364;ENSINO SUPERIOR;5013;EDUCACAO SUPERIOR - GRADUACAO, POS-GRADUACAO, ENSINO, PESQUI;0487;CONCESSAO DE BOLSAS DE ESTUDO NO ENSINO SUPERIOR;0002;CONCESSAO DE BOLSAS DE ESTUDO NO PAIS;12364501304870001;170062;OCCCUO9414N;BF SUPERIOR - PROAP;90;APLICACOES DIRETAS;3;DESPESAS CORRENTES;3;OUTRAS DESPESAS CORRENTES;30;MATERIAL DE CONSUMO;339030;MATERIAL DE CONSUMO;00;RECURSOS PRIMARIOS DE LIVRE APLICACAO;;;;;31,000.32;1,107.00;981.00;981.00
2020;153293;INSTITUTO DE GEO-CIENCIAS/UFMG;12;EDUCACAO;364;ENSINO SUPERIOR;5013;EDUCACAO SUPERIOR - GRADUACAO, POS-GRADUACAO, ENSINO, PESQUI;0487;CONCESSAO DE BOLSAS DE ESTUDO NO ENSINO SUPERIOR;0002;CONCESSAO DE BOLSAS DE ESTUDO NO PAIS;12364501304870001;170062;OCCCUO9414N;BF SUPERIOR - PROAP;90;APLICACOES DIRETAS;3;DESPESAS CORRENTES;3;OUTRAS DESPESAS CORRENTES;40;SERVICOS DE TECNOLOGIA DA INFORMACAO E COMUNICACAO - PJ;339040;SERVICOS DE TECNOLOGIA DA INFORMACAO E COMUNICACAO - PJ;00;RECURSOS PRIMARIOS DE LIVRE APLICACAO;;;;;29,920.00;7,480.00;;
2020;153296;INSTITUTO DE CIENCIAS AGRARIAS/UFMG;12;EDUCACAO;364;ENSINO SUPERIOR;5013;EDUCACAO SUPERIOR - GRADUACAO, POS-GRADUACAO, ENSINO, PESQUI;0487;CONCESSAO DE BOLSAS DE ESTUDO NO ENSINO SUPERIOR;0002;CONCESSAO DE BOLSAS DE ESTUDO NO PAIS;12364501304870001;170062;OCCCUO9414N;BF SUPERIOR - PROAP;90;APLICACOES DIRETAS;3;DESPESAS CORRENTES;3;OUTRAS DESPESAS CORRENTES;18;AUXILIO FINANCEIRO A ESTUDANTES;339018;AUXILIO FINANCEIRO A ESTUDANTES;00;RECURSOS PRIMARIOS DE LIVRE APLICACAO;;;;;215,510.08;25,641.09;189,868.99;177,067.15
2020;153296;INSTITUTO DE CIENCIAS AGRARIAS/UFMG;12;EDUCACAO;364;ENSINO SUPERIOR;5013;EDUCACAO SUPERIOR - GRADUACAO, POS-GRADUACAO, ENSINO, PESQUI;0487;CONCESSAO DE BOLSAS DE ESTUDO NO ENSINO SUPERIOR;0002;CONCESSAO DE BOLSAS DE ESTUDO NO PAIS;12364501304870001;170062;OCCCUO9414N;BF SUPERIOR - PROAP;90;APLICACOES DIRETAS;3;DESPESAS CORRENTES;3;OUTRAS DESPESAS CORRENTES;30;MATERIAL DE CONSUMO;339030;MATERIAL DE CONSUMO;00;RECURSOS PRIMARIOS DE LIVRE APLICACAO;;;;;27,598.29;2,178.00;6,534.00;6,534.00
2020;153296;INSTITUTO DE CIENCIAS AGRARIAS/UFMG;12;EDUCACAO;364;ENSINO SUPERIOR;5013;EDUCACAO SUPERIOR - GRADUACAO, POS-GRADUACAO, ENSINO, PESQUI;0487;CONCESSAO DE BOLSAS DE ESTUDO NO ENSINO SUPERIOR;0002;CONCESSAO DE BOLSAS DE ESTUDO NO PAIS;12364501304870001;170062;OCCCUO9414N;BF SUPERIOR - PROAP;90;APLICACOES DIRETAS;3;DESPESAS CORRENTES;3;OUTRAS DESPESAS CORRENTES;39;OUTROS SERVICOS DE TERCEIROS PJ - OP.INT.ORC.;339039;OUTROS SERVICOS DE TERCEIROS - PESSOA JURIDICA;00;RECURSOS PRIMARIOS DE LIVRE APLICACAO;;;;;38,492.00;5,780.00;;
2020;153490;FACULDADE DE LETRAS - UFRJ;12;EDUCACAO;364;ENSINO SUPERIOR;5013;EDUCACAO SUPERIOR - GRADUACAO, POS-GRADUACAO, ENSINO, PESQUI;0487;CONCESSAO DE BOLSAS DE ESTUDO NO ENSINO SUPERIOR;0002;CONCESSAO DE BOLSAS DE ESTUDO NO PAIS;12364501304870001;170062;OCCCUO9414N;BF SUPERIOR - PROAP;90;APLICACOES DIRETAS;3;DESPESAS CORRENTES;3;OUTRAS DESPESAS CORRENTES;18;AUXILIO FINANCEIRO A ESTUDANTES;339018;AUXILIO FINANCEIRO A ESTUDANTES;00;RECURSOS PRIMARIOS DE LIVRE APLICACAO;;;;;7,860.00;1,800.00;6,060.00;6,060.00
2020;153490;FACULDADE DE LETRAS - UFRJ;12;EDUCACAO;364;ENSINO SUPERIOR;5013;EDUCACAO SUPERIOR - GRADUACAO, POS-GRADUACAO, ENSINO, PESQUI;0487;CONCESSAO DE BOLSAS DE ESTUDO NO ENSINO SUPERIOR;0002;CONCESSAO DE BOLSAS DE ESTUDO NO PAIS;12364501304870001;170062;OCCCUO9414N;BF SUPERIOR - PROAP;90;APLICACOES DIRETAS;3;DESPESAS CORRENTES;3;OUTRAS DESPESAS CORRENTES;39;OUTROS SERVICOS DE TERCEIROS PJ - OP.INT.ORC.;339039;OUTROS SERVICOS DE TERCEIROS - PESSOA JURIDICA;00;RECURSOS PRIMARIOS DE LIVRE APLICACAO;;;;;191,104.60;31,212.40;94,350.00;78,360.00
2020;153490;FACULDADE DE LETRAS - UFRJ;12;EDUCACAO;364;ENSINO SUPERIOR;5013;EDUCACAO SUPERIOR - GRADUACAO, POS-GRADUACAO, ENSINO, PESQUI;0487;CONCESSAO DE BOLSAS DE ESTUDO NO ENSINO SUPERIOR;0002;CONCESSAO DE BOLSAS DE ESTUDO NO PAIS;12364501304870001;170062;OCCCUO9414N;BF SUPERIOR - PROAP;90;APLICACOES DIRETAS;3;DESPESAS CORRENTES;3;OUTRAS DESPESAS CORRENTES;40;SERVICOS DE TECNOLOGIA DA INFORMACAO E COMUNICACAO - PJ;339040;SERVICOS DE TECNOLOGIA DA INFORMACAO E COMUNICACAO - PJ;00;RECURSOS PRIMARIOS DE LIVRE APLICACAO;;;;;108,580.00;4,720.00;;
2020;153991;UTFPR - CAMPUS DOIS VIZINHOS;12;EDUCACAO;364;ENSINO SUPERIOR;5013;EDUCACAO SUPERIOR - GRADUACAO, POS-GRADUACAO, ENSINO, PESQUI;0487;CONCESSAO DE BOLSAS DE ESTUDO NO ENSINO SUPERIOR;0002;CONCESSAO DE BOLSAS DE ESTUDO NO PAIS;12364501304870001;170062;OCCCUO9414N;BF SUPERIOR - PROAP;90;APLICACOES DIRETAS;3;DESPESAS CORRENTES;3;OUTRAS DESPESAS CORRENTES;30;MATERIAL DE CONSUMO;339030;MATERIAL DE CONSUMO;00;RECURSOS PRIMARIOS DE LIVRE APLICACAO;;;;;141,039.87;35,795.88;20,092.11;20,092.11
2020;154003;FUND.COORD.DE APERF.DE PESSOAL NIVEL SUPERIOR;12;EDUCACAO;122;ADMINISTRACAO GERAL;0032;PROGRAMA DE GESTAO E MANUTENCAO DO PODER EXECUTIVO;2000;ADMINISTRACAO DA UNIDADE;0001;ADMINISTRACAO DA TECNOLOGIA DA INFORMACAO E DE COMUNICACAO (TIC);12122003220000053;170058;'-8;SEM INFORMACAO;90;APLICACOES DIRETAS;3;DESPESAS CORRENTES;3;OUTRAS DESPESAS CORRENTES;00;[A DETALHAR];339000;APLICACOES DIRETAS;00;RECURSOS PRIMARIOS DE LIVRE APLICACAO;132237269.35;22515230.00;24752499.35;0.00;;;;
2020;154003;FUND.COORD.DE APERF.DE PESSOAL NIVEL SUPERIOR;12;EDUCACAO;122;ADMINISTRACAO GERAL;0032;PROGRAMA DE GESTAO E MANUTENCAO DO PODER EXECUTIVO;2000;ADMINISTRACAO DA UNIDADE;0001;ADMINISTRACAO DA TECNOLOGIA DA INFORMACAO E DE COMUNICACAO (TIC);12122003220000053;170058;'-8;SEM INFORMACAO;90;APLICACOES DIRETAS;3;DESPESAS CORRENTES;3;OUTRAS DESPESAS CORRENTES;;;;;44;TITULOS DE RESPONSAB.DO TN-OUTRAS APLICACOES;;94394178.00;0.00;0.00;;;;
2020;154003;FUND.COORD.DE APERF.DE PESSOAL NIVEL SUPERIOR;12;EDUCACAO;122;ADMINISTRACAO GERAL;0032;PROGRAMA DE GESTAO E MANUTENCAO DO PODER EXECUTIVO;2000;ADMINISTRACAO DA UNIDADE;0001;ADMINISTRACAO DA TECNOLOGIA DA INFORMACAO E DE COMUNICACAO (TIC);12122003220000053;170058;'-8;SEM INFORMACAO;90;APLICACOES DIRETAS;4;DESPESAS DE CAPITAL;4;INVESTIMENTOS;00;[A DETALHAR];449000;APLICACOES DIRETAS;00;RECURSOS PRIMARIOS DE LIVRE APLICACAO;26111379.01;7,500,000.00;33611379.01;;;;;
2020;154003;FUND.COORD.DE APERF.DE PESSOAL NIVEL SUPERIOR;12;EDUCACAO;122;ADMINISTRACAO GERAL;0032;PROGRAMA DE GESTAO E MANUTENCAO DO PODER EXECUTIVO;2000;ADMINISTRACAO DA UNIDADE;0001;ADMINISTRACAO DA TECNOLOGIA DA INFORMACAO E DE COMUNICACAO (TIC);12122003220000053;170058;OCC35O99PPN;PORTAL DE PERIODICOS - PORTAL DE PERIODICOS;90;APLICACOES DIRETAS;3;DESPESAS CORRENTES;3;OUTRAS DESPESAS CORRENTES;92;DESPESAS DE EXERCICIOS ANTERIORES;339092;DESPESAS DE EXERCICIOS ANTERIORES;00;RECURSOS PRIMARIOS DE LIVRE APLICACAO;1,601.77;;1,601.77;;;;;
2020;154003;FUND.COORD.DE APERF.DE PESSOAL NIVEL SUPERIOR;12;EDUCACAO;122;ADMINISTRACAO GERAL;0032;PROGRAMA DE GESTAO E MANUTENCAO DO PODER EXECUTIVO;2000;ADMINISTRACAO DA UNIDADE;0001;ADMINISTRACAO DA TECNOLOGIA DA INFORMACAO E DE COMUNICACAO (TIC);12122003220000053;170058;VCC80N99TIN;ADMINISTRACAO CAPES - DTI;90;APLICACOES DIRETAS;3;DESPESAS CORRENTES;3;OUTRAS DESPESAS CORRENTES;35;SERVICOS DE CONSULTORIA;339035;SERVICOS DE CONSULTORIA;00;RECURSOS PRIMARIOS DE LIVRE APLICACAO;16031662.96;;16031662.96;;16031662.96;8,245,853.51;6,281,009.75;6,281,009.75
2020;154003;FUND.COORD.DE APERF.DE PESSOAL NIVEL SUPERIOR;12;EDUCACAO;122;ADMINISTRACAO GERAL;0032;PROGRAMA DE GESTAO E MANUTENCAO DO PODER EXECUTIVO;2000;ADMINISTRACAO DA UNIDADE;0001;ADMINISTRACAO DA TECNOLOGIA DA INFORMACAO E DE COMUNICACAO (TIC);12122003220000053;170058;VCC80N99TIN;ADMINISTRACAO CAPES - DTI;90;APLICACOES DIRETAS;3;DESPESAS CORRENTES;3;OUTRAS DESPESAS CORRENTES;39;OUTROS SERVICOS DE TERCEIROS PJ - OP.INT.ORC.;339039;OUTROS SERVICOS DE TERCEIROS - PESSOA JURIDICA;00;RECURSOS PRIMARIOS DE LIVRE APLICACAO;2,218,612.32;;2,218,612.32;;2,218,612.32;1,122,069.94;1,094,955.08;1,094,955.08
2020;154003;FUND.COORD.DE APERF.DE PESSOAL NIVEL SUPERIOR;12;EDUCACAO;122;ADMINISTRACAO GERAL;0032;PROGRAMA DE GESTAO E MANUTENCAO DO PODER EXECUTIVO;2000;ADMINISTRACAO DA UNIDADE;0001;ADMINISTRACAO DA TECNOLOGIA DA INFORMACAO E DE COMUNICACAO (TIC);12122003220000053;170058;VCC80N99TIN;ADMINISTRACAO CAPES - DTI;90;APLICACOES DIRETAS;3;DESPESAS CORRENTES;3;OUTRAS DESPESAS CORRENTES;40;SERVICOS DE TECNOLOGIA DA INFORMACAO E COMUNICACAO - PJ;339040;SERVICOS DE TECNOLOGIA DA INFORMACAO E COMUNICACAO - PJ;00;RECURSOS PRIMARIOS DE LIVRE APLICACAO;62273865.60;;62273865.60;;62273769.27;20860992.08;27693851.32;27474882.58
2020;154003;FUND.COORD.DE APERF.DE PESSOAL NIVEL SUPERIOR;12;EDUCACAO;122;ADMINISTRACAO GERAL;0032;PROGRAMA DE GESTAO E MANUTENCAO DO PODER EXECUTIVO;2000;ADMINISTRACAO DA UNIDADE;0001;ADMINISTRACAO DA TECNOLOGIA DA INFORMACAO E DE COMUNICACAO (TIC);12122003220000053;170058;VCC80N99TIN;ADMINISTRACAO CAPES - DTI;90;APLICACOES DIRETAS;3;DESPESAS CORRENTES;3;OUTRAS DESPESAS CORRENTES;92;DESPESAS DE EXERCICIOS ANTERIORES;339092;DESPESAS DE EXERCICIOS ANTERIORES;00;RECURSOS PRIMARIOS DE LIVRE APLICACAO;292,250.00;;292,250.00;;263,025.00;0.00;263,025.00;263,025.00
2020;154003;FUND.COORD.DE APERF.DE PESSOAL NIVEL SUPERIOR;12;EDUCACAO;122;ADMINISTRACAO GERAL;0032;PROGRAMA DE GESTAO E MANUTENCAO DO PODER EXECUTIVO;2000;ADMINISTRACAO DA UNIDADE;0001;ADMINISTRACAO DA TECNOLOGIA DA INFORMACAO E DE COMUNICACAO (TIC);12122003220000053;170058;VCC80N99TIN;ADMINISTRACAO CAPES - DTI;90;APLICACOES DIRETAS;4;DESPESAS DE CAPITAL;4;INVESTIMENTOS;40;SERVICOS DE TECNOLOGIA DA INFORMACAO E COMUNICACAO - PJ;449040;SERVICOS DE TECNOLOGIA DA INFORMACAO E COMUNICACAO - PJ;00;RECURSOS PRIMARIOS DE LIVRE APLICACAO;215997970.99;;215997970.99;;215997736.59;81614500.25;130258096.27;130258096.27
2020;154003;FUND.COORD.DE APERF.DE PESSOAL NIVEL SUPERIOR;12;EDUCACAO;122;ADMINISTRACAO GERAL;0032;PROGRAMA DE GESTAO E MANUTENCAO DO PODER EXECUTIVO;2000;ADMINISTRACAO DA UNIDADE;0002;ORGANIZACAO E INOVACAO INSTITUCIONAL E SERVICOS GERAIS;12122003220000053;170061;'-8;SEM INFORMACAO;90;APLICACOES DIRETAS;3;DESPESAS CORRENTES;3;OUTRAS DESPESAS CORRENTES;00;[A DETALHAR];339000;APLICACOES DIRETAS;00;RECURSOS PRIMARIOS DE LIVRE APLICACAO;-92750172.63;30300000.00;67549827.37;;;;;
2020;154003;FUND.COORD.DE APERF.DE PESSOAL NIVEL SUPERIOR;12;EDUCACAO;122;ADMINISTRACAO GERAL;0032;PROGRAMA DE GESTAO E MANUTENCAO DO PODER EXECUTIVO;2000;ADMINISTRACAO DA UNIDADE;0002;ORGANIZACAO E INOVACAO INSTITUCIONAL E SERVICOS GERAIS;12122003220000053;170061;'-8;SEM INFORMACAO;90;APLICACOES DIRETAS;3;DESPESAS CORRENTES;3;OUTRAS DESPESAS CORRENTES;;;;;44;TITULOS DE RESPONSAB.DO TN-OUTRAS APLICACOES;;177853500.00;0.00;0.00;;;;
2020;154003;FUND.COORD.DE APERF.DE PESSOAL NIVEL SUPERIOR;12;EDUCACAO;122;ADMINISTRACAO GERAL;0032;PROGRAMA DE GESTAO E MANUTENCAO DO PODER EXECUTIVO;2000;ADMINISTRACAO DA UNIDADE;0002;ORGANIZACAO E INOVACAO INSTITUCIONAL E SERVICOS GERAIS;12122003220000053;170061;'-8;SEM INFORMACAO;90;APLICACOES DIRETAS;3;DESPESAS CORRENTES;3;OUTRAS DESPESAS CORRENTES;;;;;50;REC.PROPRIOS PRIMARIOS DE LIVRE APLICACAO;7,769,933.52;;7,769,933.52;800,000.00;;;;
2020;154003;FUND.COORD.DE APERF.DE PESSOAL NIVEL SUPERIOR;12;EDUCACAO;122;ADMINISTRACAO GERAL;0032;PROGRAMA DE GESTAO E MANUTENCAO DO PODER EXECUTIVO;2000;ADMINISTRACAO DA UNIDADE;0002;ORGANIZACAO E INOVACAO INSTITUCIONAL E SERVICOS GERAIS;12122003220000053;170061;'-8;SEM INFORMACAO;90;APLICACOES DIRETAS;4;DESPESAS DE CAPITAL;4;INVESTIMENTOS;00;[A DETALHAR];449000;APLICACOES DIRETAS;00;RECURSOS PRIMARIOS DE LIVRE APLICACAO;2,753,139.06;;2,753,139.06;;;;;
2020;154003;FUND.COORD.DE APERF.DE PESSOAL NIVEL SUPERIOR;12;EDUCACAO;122;ADMINISTRACAO GERAL;0032;PROGRAMA DE GESTAO E MANUTENCAO DO PODER EXECUTIVO;2000;ADMINISTRACAO DA UNIDADE;0002;ORGANIZACAO E INOVACAO INSTITUCIONAL E SERVICOS GERAIS;12122003220000053;170061;'-8;SEM INFORMACAO;91;APLICACOES DIRETAS - OPERACOES INTERNAS;3;DESPESAS CORRENTES;3;OUTRAS DESPESAS CORRENTES;00;[A DETALHAR];339100;APLICACOES DIRETAS - OPER.INTRA-ORCAMENTARIAS;00;RECURSOS PRIMARIOS DE LIVRE APLICACAO;1,854,440.00;;1,854,440.00;;;;;
2020;154003;FUND.COORD.DE APERF.DE PESSOAL NIVEL SUPERIOR;12;EDUCACAO;122;ADMINISTRACAO GERAL;0032;PROGRAMA DE GESTAO E MANUTENCAO DO PODER EXECUTIVO;2000;ADMINISTRACAO DA UNIDADE;0002;ORGANIZACAO E INOVACAO INSTITUCIONAL E SERVICOS GERAIS;12122003220000053;170061;'-8;SEM INFORMACAO;91;APLICACOES DIRETAS - OPERACOES INTERNAS;3;DESPESAS CORRENTES;3;OUTRAS DESPESAS CORRENTES;;;;;44;TITULOS DE RESPONSAB.DO TN-OUTRAS APLICACOES;;3,015,216.00;0.00;0.00;;;;
2020;154003;FUND.COORD.DE APERF.DE PESSOAL NIVEL SUPERIOR;12;EDUCACAO;122;ADMINISTRACAO GERAL;0032;PROGRAMA DE GESTAO E MANUTENCAO DO PODER EXECUTIVO;2000;ADMINISTRACAO DA UNIDADE;0002;ORGANIZACAO E INOVACAO INSTITUCIONAL E SERVICOS GERAIS;12122003220000053;170061;NCCBUN99SCN;AVALIACAO CAPES - PASSAGEM E DIARIA;90;APLICACOES DIRETAS;3;DESPESAS CORRENTES;3;OUTRAS DESPESAS CORRENTES;14;DIARIAS - PESSOAL CIVIL;339014;DIARIAS - PESSOAL CIVIL;00;RECURSOS PRIMARIOS DE LIVRE APLICACAO;4,127,445.60;;4,127,445.60;;4,127,445.60;2,050,692.29;2,075,584.33;2,061,736.61
2020;154003;FUND.COORD.DE APERF.DE PESSOAL NIVEL SUPERIOR;12;EDUCACAO;122;ADMINISTRACAO GERAL;0032;PROGRAMA DE GESTAO E MANUTENCAO DO PODER EXECUTIVO;2000;ADMINISTRACAO DA UNIDADE;0002;ORGANIZACAO E INOVACAO INSTITUCIONAL E SERVICOS GERAIS;12122003220000053;170061;NCCBUN99SCN;AVALIACAO CAPES - PASSAGEM E DIARIA;90;APLICACOES DIRETAS;3;DESPESAS CORRENTES;3;OUTRAS DESPESAS CORRENTES;33;PASSAGENS E DESPESAS COM LOCOMOCAO;339033;PASSAGENS E DESPESAS COM LOCOMOCAO;00;RECURSOS PRIMARIOS DE LIVRE APLICACAO;7,028,775.71;;7,028,775.71;;7,028,775.71;661,567.79;6,367,207.92;6,367,207.92
2020;154003;FUND.COORD.DE APERF.DE PESSOAL NIVEL SUPERIOR;12;EDUCACAO;122;ADMINISTRACAO GERAL;0032;PROGRAMA DE GESTAO E MANUTENCAO DO PODER EXECUTIVO;2000;ADMINISTRACAO DA UNIDADE;0002;ORGANIZACAO E INOVACAO INSTITUCIONAL E SERVICOS GERAIS;12122003220000053;170061;NCCBUN99SCN;AVALIACAO CAPES - PASSAGEM E DIARIA;90;APLICACOES DIRETAS;3;DESPESAS CORRENTES;3;OUTRAS DESPESAS CORRENTES;;;;;50;REC.PROPRIOS PRIMARIOS DE LIVRE APLICACAO;10,267.50;;10,267.50;;10,267.50;0.00;10,267.50;10,267.50
2020;154003;FUND.COORD.DE APERF.DE PESSOAL NIVEL SUPERIOR;12;EDUCACAO;122;ADMINISTRACAO GERAL;0032;PROGRAMA DE GESTAO E MANUTENCAO DO PODER EXECUTIVO;2000;ADMINISTRACAO DA UNIDADE;0002;ORGANIZACAO E INOVACAO INSTITUCIONAL E SERVICOS GERAIS;12122003220000053;170061;NCCBUN99SCN;AVALIACAO CAPES - PASSAGEM E DIARIA;90;APLICACOES DIRETAS;3;DESPESAS CORRENTES;3;OUTRAS DESPESAS CORRENTES;36;OUTROS SERVICOS DE TERCEIROS - P.FISICA;339036;OUTROS SERVICOS DE TERCEIROS - PESSOA FISICA;00;RECURSOS PRIMARIOS DE LIVRE APLICACAO;2,784,114.20;;2,784,114.20;;2,734,114.20;2,078,454.90;655,659.30;644,006.60
2020;154003;FUND.COORD.DE APERF.DE PESSOAL NIVEL SUPERIOR;12;EDUCACAO;122;ADMINISTRACAO GERAL;0032;PROGRAMA DE GESTAO E MANUTENCAO DO PODER EXECUTIVO;2000;ADMINISTRACAO DA UNIDADE;0002;ORGANIZACAO E INOVACAO INSTITUCIONAL E SERVICOS GERAIS;12122003220000053;170061;NCCBUN99SCN;AVALIACAO CAPES - PASSAGEM E DIARIA;90;APLICACOES DIRETAS;3;DESPESAS CORRENTES;3;OUTRAS DESPESAS CORRENTES;39;OUTROS SERVICOS DE TERCEIROS PJ - OP.INT.ORC.;339039;OUTROS SERVICOS DE TERCEIROS - PESSOA JURIDICA;00;RECURSOS PRIMARIOS DE LIVRE APLICACAO;252,000.00;;252,000.00;;252,000.00;190,794.53;9,536.68;9,536.68
2020;154003;FUND.COORD.DE APERF.DE PESSOAL NIVEL SUPERIOR;12;EDUCACAO;122;ADMINISTRACAO GERAL;0032;PROGRAMA DE GESTAO E MANUTENCAO DO PODER EXECUTIVO;2000;ADMINISTRACAO DA UNIDADE;0002;ORGANIZACAO E INOVACAO INSTITUCIONAL E SERVICOS GERAIS;12122003220000053;170061;NCCBUN99SCN;AVALIACAO CAPES - PASSAGEM E DIARIA;90;APLICACOES DIRETAS;3;DESPESAS CORRENTES;3;OUTRAS DESPESAS CORRENTES;92;DESPESAS DE EXERCICIOS ANTERIORES;339092;DESPESAS DE EXERCICIOS ANTERIORES;00;RECURSOS PRIMARIOS DE LIVRE APLICACAO;5,746.72;;5,746.72;;5,746.72;0.00;5,746.72;5,746.72
2020;154003;FUND.COORD.DE APERF.DE PESSOAL NIVEL SUPERIOR;12;EDUCACAO;122;ADMINISTRACAO GERAL;0032;PROGRAMA DE GESTAO E MANUTENCAO DO PODER EXECUTIVO;2000;ADMINISTRACAO DA UNIDADE;0002;ORGANIZACAO E INOVACAO INSTITUCIONAL E SERVICOS GERAIS;12122003220000053;170061;NCCBUN99SCN;AVALIACAO CAPES - PASSAGEM E DIARIA;90;APLICACOES DIRETAS;3;DESPESAS CORRENTES;3;OUTRAS DESPESAS CORRENTES;93;INDENIZACOES E RESTITUICOES;339093;INDENIZACOES E RESTITUICOES;00;RECURSOS PRIMARIOS DE LIVRE APLICACAO;46,651.82;;46,651.82;;46,651.82;2,997.90;42,654.62;42,654.62
2020;154003;FUND.COORD.DE APERF.DE PESSOAL NIVEL SUPERIOR;12;EDUCACAO;122;ADMINISTRACAO GERAL;0032;PROGRAMA DE GESTAO E MANUTENCAO DO PODER EXECUTIVO;2000;ADMINISTRACAO DA UNIDADE;0002;ORGANIZACAO E INOVACAO INSTITUCIONAL E SERVICOS GERAIS;12122003220000053;170061;VCC80N99GAN;ADMINISTRACAO CAPES -DGES;90;APLICACOES DIRETAS;3;DESPESAS CORRENTES;3;OUTRAS DESPESAS CORRENTES;08;OUTROS BENEF.ASSIST. DO SERVIDOR E DO MILITAR;339008;OUTROS BENEF.ASSIST. DO SERVIDOR E DO MILITAR;00;RECURSOS PRIMARIOS DE LIVRE APLICACAO;826.23;;826.23;;0.00;0.00;0.00;
2020;154003;FUND.COORD.DE APERF.DE PESSOAL NIVEL SUPERIOR;12;EDUCACAO;122;ADMINISTRACAO GERAL;0032;PROGRAMA DE GESTAO E MANUTENCAO DO PODER EXECUTIVO;2000;ADMINISTRACAO DA UNIDADE;0002;ORGANIZACAO E INOVACAO INSTITUCIONAL E SERVICOS GERAIS;12122003220000053;170061;VCC80N99GAN;ADMINISTRACAO CAPES -DGES;90;APLICACOES DIRETAS;3;DESPESAS CORRENTES;3;OUTRAS DESPESAS CORRENTES;30;MATERIAL DE CONSUMO;339030;MATERIAL DE CONSUMO;00;RECURSOS PRIMARIOS DE LIVRE APLICACAO;542,895.69;;542,895.69;;532,841.12;104,590.17;409,345.76;409,345.76
2020;154003;FUND.COORD.DE APERF.DE PESSOAL NIVEL SUPERIOR;12;EDUCACAO;122;ADMINISTRACAO GERAL;0032;PROGRAMA DE GESTAO E MANUTENCAO DO PODER EXECUTIVO;2000;ADMINISTRACAO DA UNIDADE;0002;ORGANIZACAO E INOVACAO INSTITUCIONAL E SERVICOS GERAIS;12122003220000053;170061;VCC80N99GAN;ADMINISTRACAO CAPES -DGES;90;APLICACOES DIRETAS;3;DESPESAS CORRENTES;3;OUTRAS DESPESAS CORRENTES;;;;;50;REC.PROPRIOS PRIMARIOS DE LIVRE APLICACAO;87,733.80;;87,733.80;;87,733.80;12,007.36;75,111.44;75,111.44
2020;154003;FUND.COORD.DE APERF.DE PESSOAL NIVEL SUPERIOR;12;EDUCACAO;122;ADMINISTRACAO GERAL;0032;PROGRAMA DE GESTAO E MANUTENCAO DO PODER EXECUTIVO;2000;ADMINISTRACAO DA UNIDADE;0002;ORGANIZACAO E INOVACAO INSTITUCIONAL E SERVICOS GERAIS;12122003220000053;170061;VCC80N99GAN;ADMINISTRACAO CAPES -DGES;90;APLICACOES DIRETAS;3;DESPESAS CORRENTES;3;OUTRAS DESPESAS CORRENTES;33;PASSAGENS E DESPESAS COM LOCOMOCAO;339033;PASSAGENS E DESPESAS COM LOCOMOCAO;00;RECURSOS PRIMARIOS DE LIVRE APLICACAO;40,600.00;;40,600.00;;40,600.00;40,600.00;;
2020;154003;FUND.COORD.DE APERF.DE PESSOAL NIVEL SUPERIOR;12;EDUCACAO;122;ADMINISTRACAO GERAL;0032;PROGRAMA DE GESTAO E MANUTENCAO DO PODER EXECUTIVO;2000;ADMINISTRACAO DA UNIDADE;0002;ORGANIZACAO E INOVACAO INSTITUCIONAL E SERVICOS GERAIS;12122003220000053;170061;VCC80N99GAN;ADMINISTRACAO CAPES -DGES;90;APLICACOES DIRETAS;3;DESPESAS CORRENTES;3;OUTRAS DESPESAS CORRENTES;36;OUTROS SERVICOS DE TERCEIROS - P.FISICA;339036;OUTROS SERVICOS DE TERCEIROS - PESSOA FISICA;00;RECURSOS PRIMARIOS DE LIVRE APLICACAO;6,968,165.86;;6,968,165.86;;6,968,165.86;2,521,123.13;4,447,042.73;3,956,708.11
2020;154003;FUND.COORD.DE APERF.DE PESSOAL NIVEL SUPERIOR;12;EDUCACAO;122;ADMINISTRACAO GERAL;0032;PROGRAMA DE GESTAO E MANUTENCAO DO PODER EXECUTIVO;2000;ADMINISTRACAO DA UNIDADE;0002;ORGANIZACAO E INOVACAO INSTITUCIONAL E SERVICOS GERAIS;12122003220000053;170061;VCC80N99GAN;ADMINISTRACAO CAPES -DGES;90;APLICACOES DIRETAS;3;DESPESAS CORRENTES;3;OUTRAS DESPESAS CORRENTES;37;LOCACAO DE MAO-DE-OBRA;339037;LOCACAO DE MAO-DE-OBRA;00;RECURSOS PRIMARIOS DE LIVRE APLICACAO;176598090.15;;176598090.15;;176584519.54;23453765.42;147282751.49;147277409.74
2020;154003;FUND.COORD.DE APERF.DE PESSOAL NIVEL SUPERIOR;12;EDUCACAO;122;ADMINISTRACAO GERAL;0032;PROGRAMA DE GESTAO E MANUTENCAO DO PODER EXECUTIVO;2000;ADMINISTRACAO DA UNIDADE;0002;ORGANIZACAO E INOVACAO INSTITUCIONAL E SERVICOS GERAIS;12122003220000053;170061;VCC80N99GAN;ADMINISTRACAO CAPES -DGES;90;APLICACOES DIRETAS;3;DESPESAS CORRENTES;3;OUTRAS DESPESAS CORRENTES;;;;;50;REC.PROPRIOS PRIMARIOS DE LIVRE APLICACAO;7,781,052.56;;7,781,052.56;;6,406,025.52;687,513.52;5,718,512.00;5,718,512.00
2020;154003;FUND.COORD.DE APERF.DE PESSOAL NIVEL SUPERIOR;12;EDUCACAO;122;ADMINISTRACAO GERAL;0032;PROGRAMA DE GESTAO E MANUTENCAO DO PODER EXECUTIVO;2000;ADMINISTRACAO DA UNIDADE;0002;ORGANIZACAO E INOVACAO INSTITUCIONAL E SERVICOS GERAIS;12122003220000053;170061;VCC80N99GAN;ADMINISTRACAO CAPES -DGES;90;APLICACOES DIRETAS;3;DESPESAS CORRENTES;3;OUTRAS DESPESAS CORRENTES;39;OUTROS SERVICOS DE TERCEIROS PJ - OP.INT.ORC.;339039;OUTROS SERVICOS DE TERCEIROS - PESSOA JURIDICA;00;RECURSOS PRIMARIOS DE LIVRE APLICACAO;237914795.11;;237914795.11;;232032963.07;90331692.63;136912432.84;133961564.83
2020;154003;FUND.COORD.DE APERF.DE PESSOAL NIVEL SUPERIOR;12;EDUCACAO;122;ADMINISTRACAO GERAL;0032;PROGRAMA DE GESTAO E MANUTENCAO DO PODER EXECUTIVO;2000;ADMINISTRACAO DA UNIDADE;0002;ORGANIZACAO E INOVACAO INSTITUCIONAL E SERVICOS GERAIS;12122003220000053;170061;VCC80N99GAN;ADMINISTRACAO CAPES -DGES;90;APLICACOES DIRETAS;3;DESPESAS CORRENTES;3;OUTRAS DESPESAS CORRENTES;;;;;50;REC.PROPRIOS PRIMARIOS DE LIVRE APLICACAO;1,899,103.00;;1,899,103.00;;1,667,839.00;134,907.59;1,491,640.04;1,491,640.04
2020;154003;FUND.COORD.DE APERF.DE PESSOAL NIVEL SUPERIOR;12;EDUCACAO;122;ADMINISTRACAO GERAL;0032;PROGRAMA DE GESTAO E MANUTENCAO DO PODER EXECUTIVO;2000;ADMINISTRACAO DA UNIDADE;0002;ORGANIZACAO E INOVACAO INSTITUCIONAL E SERVICOS GERAIS;12122003220000053;170061;VCC80N99GAN;ADMINISTRACAO CAPES -DGES;90;APLICACOES DIRETAS;3;DESPESAS CORRENTES;3;OUTRAS DESPESAS CORRENTES;40;SERVICOS DE TECNOLOGIA DA INFORMACAO E COMUNICACAO - PJ;339040;SERVICOS DE TECNOLOGIA DA INFORMACAO E COMUNICACAO - PJ;00;RECURSOS PRIMARIOS DE LIVRE APLICACAO;1,218,584.40;;1,218,584.40;;1,218,584.40;797,718.92;179,668.18;179,668.18
2020;154003;FUND.COORD.DE APERF.DE PESSOAL NIVEL SUPERIOR;12;EDUCACAO;122;ADMINISTRACAO GERAL;0032;PROGRAMA DE GESTAO E MANUTENCAO DO PODER EXECUTIVO;2000;ADMINISTRACAO DA UNIDADE;0002;ORGANIZACAO E INOVACAO INSTITUCIONAL E SERVICOS GERAIS;12122003220000053;170061;VCC80N99GAN;ADMINISTRACAO CAPES -DGES;90;APLICACOES DIRETAS;3;DESPESAS CORRENTES;3;OUTRAS DESPESAS CORRENTES;;;;;50;REC.PROPRIOS PRIMARIOS DE LIVRE APLICACAO;0.42;;0.42;;0.42;0.00;0.42;0.42
2020;154003;FUND.COORD.DE APERF.DE PESSOAL NIVEL SUPERIOR;12;EDUCACAO;122;ADMINISTRACAO GERAL;0032;PROGRAMA DE GESTAO E MANUTENCAO DO PODER EXECUTIVO;2000;ADMINISTRACAO DA UNIDADE;0002;ORGANIZACAO E INOVACAO INSTITUCIONAL E SERVICOS GERAIS;12122003220000053;170061;VCC80N99GAN;ADMINISTRACAO CAPES -DGES;90;APLICACOES DIRETAS;3;DESPESAS CORRENTES;3;OUTRAS DESPESAS CORRENTES;47;OBRIGACOES TRIBUTARIAS E CONTRIBUTIVAS;339047;OBRIGACOES TRIBUTARIAS E CONTRIBUTIVAS;00;RECURSOS PRIMARIOS DE LIVRE APLICACAO;5,341,311.15;;5,341,311.15;;5,341,311.15;37,930.59;5,302,363.08;5,302,363.08
2020;154003;FUND.COORD.DE APERF.DE PESSOAL NIVEL SUPERIOR;12;EDUCACAO;122;ADMINISTRACAO GERAL;0032;PROGRAMA DE GESTAO E MANUTENCAO DO PODER EXECUTIVO;2000;ADMINISTRACAO DA UNIDADE;0002;ORGANIZACAO E INOVACAO INSTITUCIONAL E SERVICOS GERAIS;12122003220000053;170061;VCC80N99GAN;ADMINISTRACAO CAPES -DGES;90;APLICACOES DIRETAS;3;DESPESAS CORRENTES;3;OUTRAS DESPESAS CORRENTES;93;INDENIZACOES E RESTITUICOES;339093;INDENIZACOES E RESTITUICOES;00;RECURSOS PRIMARIOS DE LIVRE APLICACAO;2,613,261.15;;2,613,261.15;;2,613,261.15;470,341.71;2,094,367.29;2,094,367.29
2020;154003;FUND.COORD.DE APERF.DE PESSOAL NIVEL SUPERIOR;12;EDUCACAO;122;ADMINISTRACAO GERAL;0032;PROGRAMA DE GESTAO E MANUTENCAO DO PODER EXECUTIVO;2000;ADMINISTRACAO DA UNIDADE;0002;ORGANIZACAO E INOVACAO INSTITUCIONAL E SERVICOS GERAIS;12122003220000053;170061;VCC80N99GAN;ADMINISTRACAO CAPES -DGES;90;APLICACOES DIRETAS;3;DESPESAS CORRENTES;3;OUTRAS DESPESAS CORRENTES;;;;;50;REC.PROPRIOS PRIMARIOS DE LIVRE APLICACAO;5,417.20;;5,417.20;;5,417.20;0.00;5,417.20;5,417.20
2020;154003;FUND.COORD.DE APERF.DE PESSOAL NIVEL SUPERIOR;12;EDUCACAO;122;ADMINISTRACAO GERAL;0032;PROGRAMA DE GESTAO E MANUTENCAO DO PODER EXECUTIVO;2000;ADMINISTRACAO DA UNIDADE;0002;ORGANIZACAO E INOVACAO INSTITUCIONAL E SERVICOS GERAIS;12122003220000053;170061;VCC80N99GAN;ADMINISTRACAO CAPES -DGES;90;APLICACOES DIRETAS;4;DESPESAS DE CAPITAL;4;INVESTIMENTOS;52;EQUIPAMENTOS E MATERIAL PERMANENTE;449052;EQUIPAMENTOS E MATERIAL PERMANENTE;00;RECURSOS PRIMARIOS DE LIVRE APLICACAO;1,376,118.94;;1,376,118.94;;1,376,118.94;503,640.02;731,487.92;731,487.92
2020;154003;FUND.COORD.DE APERF.DE PESSOAL NIVEL SUPERIOR;12;EDUCACAO;122;ADMINISTRACAO GERAL;0032;PROGRAMA DE GESTAO E MANUTENCAO DO PODER EXECUTIVO;2000;ADMINISTRACAO DA UNIDADE;0002;ORGANIZACAO E INOVACAO INSTITUCIONAL E SERVICOS GERAIS;12122003220000053;170061;VCC80N99GAN;ADMINISTRACAO CAPES -DGES;91;APLICACOES DIRETAS - OPERACOES INTERNAS;3;DESPESAS CORRENTES;3;OUTRAS DESPESAS CORRENTES;39;OUTROS SERVICOS DE TERCEIROS PJ - OP.INT.ORC.;339139;OUTROS SERVICOS DE TERCEIROS - PESSOA JURIDICA (INTRA);00;RECURSOS PRIMARIOS DE LIVRE APLICACAO;390,000.00;;390,000.00;;390,000.00;191,136.00;145,152.00;145,152.00
2020;154003;FUND.COORD.DE APERF.DE PESSOAL NIVEL SUPERIOR;12;EDUCACAO;122;ADMINISTRACAO GERAL;0032;PROGRAMA DE GESTAO E MANUTENCAO DO PODER EXECUTIVO;2000;ADMINISTRACAO DA UNIDADE;0002;ORGANIZACAO E INOVACAO INSTITUCIONAL E SERVICOS GERAIS;12122003220000053;170061;VCC80N99GAN;ADMINISTRACAO CAPES -DGES;91;APLICACOES DIRETAS - OPERACOES INTERNAS;3;DESPESAS CORRENTES;3;OUTRAS DESPESAS CORRENTES;47;OBRIGACOES TRIBUTARIAS E CONTRIBUTIVAS;339147;OBRIG.TRIBUT.E CONTRIB-OP.INTRA-ORCAMENTARIAS;00;RECURSOS PRIMARIOS DE LIVRE APLICACAO;8,388,366.84;;8,388,366.84;;8,388,366.84;3,518,650.65;4,869,716.19;4,869,716.19
2020;154003;FUND.COORD.DE APERF.DE PESSOAL NIVEL SUPERIOR;12;EDUCACAO;122;ADMINISTRACAO GERAL;0032;PROGRAMA DE GESTAO E MANUTENCAO DO PODER EXECUTIVO;2000;ADMINISTRACAO DA UNIDADE;RO01;ADMINISTRACAO DA TECNOLOGIA DA INFORMACAO E DE COMUNICACAO (REGRA DE OURO);12122003220000053;189403;'-8;SEM INFORMACAO;90;APLICACOES DIRETAS;3;DESPESAS CORRENTES;3;OUTRAS DESPESAS CORRENTES;00;[A DETALHAR];339000;APLICACOES DIRETAS;44;TITULOS DE RESPONSAB.DO TN-OUTRAS APLICACOES;-89279508.38;;2,099,453.62;0.00;;;;
2020;154003;FUND.COORD.DE APERF.DE PESSOAL NIVEL SUPERIOR;12;EDUCACAO;122;ADMINISTRACAO GERAL;0032;PROGRAMA DE GESTAO E MANUTENCAO DO PODER EXECUTIVO;2000;ADMINISTRACAO DA UNIDADE;RO01;ADMINISTRACAO DA TECNOLOGIA DA INFORMACAO E DE COMUNICACAO (REGRA DE OURO);12122003220000053;189403;'-8;SEM INFORMACAO;91;APLICACOES DIRETAS - OPERACOES INTERNAS;3;DESPESAS CORRENTES;3;OUTRAS DESPESAS CORRENTES;00;[A DETALHAR];339100;APLICACOES DIRETAS - OPER.INTRA-ORCAMENTARIAS;44;TITULOS DE RESPONSAB.DO TN-OUTRAS APLICACOES;(2403702.00);;611,514.00;;;;;
2020;154003;FUND.COORD.DE APERF.DE PESSOAL NIVEL SUPERIOR;12;EDUCACAO;122;ADMINISTRACAO GERAL;0032;PROGRAMA DE GESTAO E MANUTENCAO DO PODER EXECUTIVO;2000;ADMINISTRACAO DA UNIDADE;RO01;ADMINISTRACAO DA TECNOLOGIA DA INFORMACAO E DE COMUNICACAO (REGRA DE OURO);12122003220000053;189403;OCC35O99PPN;PORTAL DE PERIODICOS - PORTAL DE PERIODICOS;90;APLICACOES DIRETAS;3;DESPESAS CORRENTES;3;OUTRAS DESPESAS CORRENTES;92;DESPESAS DE EXERCICIOS ANTERIORES;339092;DESPESAS DE EXERCICIOS ANTERIORES;44;TITULOS DE RESPONSAB.DO TN-OUTRAS APLICACOES;157,258.15;;157,258.15;;0.00;0.00;;
2020;154003;FUND.COORD.DE APERF.DE PESSOAL NIVEL SUPERIOR;12;EDUCACAO;122;ADMINISTRACAO GERAL;0032;PROGRAMA DE GESTAO E MANUTENCAO DO PODER EXECUTIVO;2000;ADMINISTRACAO DA UNIDADE;RO01;ADMINISTRACAO DA TECNOLOGIA DA INFORMACAO E DE COMUNICACAO (REGRA DE OURO);12122003220000053;189403;VCC80N99TIN;ADMINISTRACAO CAPES - DTI;90;APLICACOES DIRETAS;3;DESPESAS CORRENTES;3;OUTRAS DESPESAS CORRENTES;35;SERVICOS DE CONSULTORIA;339035;SERVICOS DE CONSULTORIA;44;TITULOS DE RESPONSAB.DO TN-OUTRAS APLICACOES;7,555,570.08;;7,555,570.08;;7,095,662.38;5,583,077.43;1,423,292.41;1,423,292.41
2020;154003;FUND.COORD.DE APERF.DE PESSOAL NIVEL SUPERIOR;12;EDUCACAO;122;ADMINISTRACAO GERAL;0032;PROGRAMA DE GESTAO E MANUTENCAO DO PODER EXECUTIVO;2000;ADMINISTRACAO DA UNIDADE;RO01;ADMINISTRACAO DA TECNOLOGIA DA INFORMACAO E DE COMUNICACAO (REGRA DE OURO);12122003220000053;189403;VCC80N99TIN;ADMINISTRACAO CAPES - DTI;90;APLICACOES DIRETAS;3;DESPESAS CORRENTES;3;OUTRAS DESPESAS CORRENTES;39;OUTROS SERVICOS DE TERCEIROS PJ - OP.INT.ORC.;339039;OUTROS SERVICOS DE TERCEIROS - PESSOA JURIDICA;44;TITULOS DE RESPONSAB.DO TN-OUTRAS APLICACOES;2,909,164.86;;2,909,164.86;;2,909,164.86;1,830,728.20;338,860.16;338,860.16
2020;154003;FUND.COORD.DE APERF.DE PESSOAL NIVEL SUPERIOR;12;EDUCACAO;122;ADMINISTRACAO GERAL;0032;PROGRAMA DE GESTAO E MANUTENCAO DO PODER EXECUTIVO;2000;ADMINISTRACAO DA UNIDADE;RO01;ADMINISTRACAO DA TECNOLOGIA DA INFORMACAO E DE COMUNICACAO (REGRA DE OURO);12122003220000053;189403;VCC80N99TIN;ADMINISTRACAO CAPES - DTI;90;APLICACOES DIRETAS;3;DESPESAS CORRENTES;3;OUTRAS DESPESAS CORRENTES;40;SERVICOS DE TECNOLOGIA DA INFORMACAO E COMUNICACAO - PJ;339040;SERVICOS DE TECNOLOGIA DA INFORMACAO E COMUNICACAO - PJ;44;TITULOS DE RESPONSAB.DO TN-OUTRAS APLICACOES;79661217.29;;79661217.29;;79561217.29;36959938.31;32368112.06;32332759.36
2020;154003;FUND.COORD.DE APERF.DE PESSOAL NIVEL SUPERIOR;12;EDUCACAO;122;ADMINISTRACAO GERAL;0032;PROGRAMA DE GESTAO E MANUTENCAO DO PODER EXECUTIVO;2000;ADMINISTRACAO DA UNIDADE;RO01;ADMINISTRACAO DA TECNOLOGIA DA INFORMACAO E DE COMUNICACAO (REGRA DE OURO);12122003220000053;189403;VCC80N99TIN;ADMINISTRACAO CAPES - DTI;90;APLICACOES DIRETAS;3;DESPESAS CORRENTES;3;OUTRAS DESPESAS CORRENTES;92;DESPESAS DE EXERCICIOS ANTERIORES;339092;DESPESAS DE EXERCICIOS ANTERIORES;44;TITULOS DE RESPONSAB.DO TN-OUTRAS APLICACOES;1,400,000.00;;1,400,000.00;;1,400,000.00;0.00;1,400,000.00;1,400,000.00
2020;154003;FUND.COORD.DE APERF.DE PESSOAL NIVEL SUPERIOR;12;EDUCACAO;122;ADMINISTRACAO GERAL;0032;PROGRAMA DE GESTAO E MANUTENCAO DO PODER EXECUTIVO;2000;ADMINISTRACAO DA UNIDADE;RO02;ORGANIZACAO E INOVACAO INSTITUCIONAL E SERVICOS GERAIS (REGRA DE OURO);12122003220000053;190200;'-8;SEM INFORMACAO;90;APLICACOES DIRETAS;3;DESPESAS CORRENTES;3;OUTRAS DESPESAS CORRENTES;00;[A DETALHAR];339000;APLICACOES DIRETAS;44;TITULOS DE RESPONSAB.DO TN-OUTRAS APLICACOES;-168769340.4;;12099375.56;;;;;
2020;154003;FUND.COORD.DE APERF.DE PESSOAL NIVEL SUPERIOR;12;EDUCACAO;122;ADMINISTRACAO GERAL;0032;PROGRAMA DE GESTAO E MANUTENCAO DO PODER EXECUTIVO;2000;ADMINISTRACAO DA UNIDADE;RO02;ORGANIZACAO E INOVACAO INSTITUCIONAL E SERVICOS GERAIS (REGRA DE OURO);12122003220000053;190200;VCC80N99GAN;ADMINISTRACAO CAPES -DGES;90;APLICACOES DIRETAS;3;DESPESAS CORRENTES;3;OUTRAS DESPESAS CORRENTES;30;MATERIAL DE CONSUMO;339030;MATERIAL DE CONSUMO;44;TITULOS DE RESPONSAB.DO TN-OUTRAS APLICACOES;101,799.50;;101,799.50;;101,799.50;14,107.10;59,522.40;59,522.40
2020;154003;FUND.COORD.DE APERF.DE PESSOAL NIVEL SUPERIOR;12;EDUCACAO;122;ADMINISTRACAO GERAL;0032;PROGRAMA DE GESTAO E MANUTENCAO DO PODER EXECUTIVO;2000;ADMINISTRACAO DA UNIDADE;RO02;ORGANIZACAO E INOVACAO INSTITUCIONAL E SERVICOS GERAIS (REGRA DE OURO);12122003220000053;190200;VCC80N99GAN;ADMINISTRACAO CAPES -DGES;90;APLICACOES DIRETAS;3;DESPESAS CORRENTES;3;OUTRAS DESPESAS CORRENTES;36;OUTROS SERVICOS DE TERCEIROS - P.FISICA;339036;OUTROS SERVICOS DE TERCEIROS - PESSOA FISICA;44;TITULOS DE RESPONSAB.DO TN-OUTRAS APLICACOES;306,850.87;;306,850.87;;306,850.87;151,569.30;155,281.57;25,292.10
2020;154003;FUND.COORD.DE APERF.DE PESSOAL NIVEL SUPERIOR;12;EDUCACAO;122;ADMINISTRACAO GERAL;0032;PROGRAMA DE GESTAO E MANUTENCAO DO PODER EXECUTIVO;2000;ADMINISTRACAO DA UNIDADE;RO02;ORGANIZACAO E INOVACAO INSTITUCIONAL E SERVICOS GERAIS (REGRA DE OURO);12122003220000053;190200;VCC80N99GAN;ADMINISTRACAO CAPES -DGES;90;APLICACOES DIRETAS;3;DESPESAS CORRENTES;3;OUTRAS DESPESAS CORRENTES;37;LOCACAO DE MAO-DE-OBRA;339037;LOCACAO DE MAO-DE-OBRA;44;TITULOS DE RESPONSAB.DO TN-OUTRAS APLICACOES;129438313.68;;129438313.68;;128822955.36;40048417.19;80217808.48;80217808.48
2020;154003;FUND.COORD.DE APERF.DE PESSOAL NIVEL SUPERIOR;12;EDUCACAO;122;ADMINISTRACAO GERAL;0032;PROGRAMA DE GESTAO E MANUTENCAO DO PODER EXECUTIVO;2000;ADMINISTRACAO DA UNIDADE;RO02;ORGANIZACAO E INOVACAO INSTITUCIONAL E SERVICOS GERAIS (REGRA DE OURO);12122003220000053;190200;VCC80N99GAN;ADMINISTRACAO CAPES -DGES;90;APLICACOES DIRETAS;3;DESPESAS CORRENTES;3;OUTRAS DESPESAS CORRENTES;39;OUTROS SERVICOS DE TERCEIROS PJ - OP.INT.ORC.;339039;OUTROS SERVICOS DE TERCEIROS - PESSOA JURIDICA;44;TITULOS DE RESPONSAB.DO TN-OUTRAS APLICACOES;38376439.10;;38376439.10;;35661012.35;21689595.97;9,733,454.05;9,268,220.86
2020;154003;FUND.COORD.DE APERF.DE PESSOAL NIVEL SUPERIOR;12;EDUCACAO;122;ADMINISTRACAO GERAL;0032;PROGRAMA DE GESTAO E MANUTENCAO DO PODER EXECUTIVO;2000;ADMINISTRACAO DA UNIDADE;RO02;ORGANIZACAO E INOVACAO INSTITUCIONAL E SERVICOS GERAIS (REGRA DE OURO);12122003220000053;190200;VCC80N99GAN;ADMINISTRACAO CAPES -DGES;90;APLICACOES DIRETAS;3;DESPESAS CORRENTES;3;OUTRAS DESPESAS CORRENTES;92;DESPESAS DE EXERCICIOS ANTERIORES;339092;DESPESAS DE EXERCICIOS ANTERIORES;44;TITULOS DE RESPONSAB.DO TN-OUTRAS APLICACOES;94,994.27;;94,994.27;;94,994.27;0.00;94,994.27;94,994.27
2020;154003;FUND.COORD.DE APERF.DE PESSOAL NIVEL SUPERIOR;12;EDUCACAO;122;ADMINISTRACAO GERAL;0032;PROGRAMA DE GESTAO E MANUTENCAO DO PODER EXECUTIVO;2000;ADMINISTRACAO DA UNIDADE;RO02;ORGANIZACAO E INOVACAO INSTITUCIONAL E SERVICOS GERAIS (REGRA DE OURO);12122003220000053;190200;VCC80N99GAN;ADMINISTRACAO CAPES -DGES;90;APLICACOES DIRETAS;3;DESPESAS CORRENTES;3;OUTRAS DESPESAS CORRENTES;93;INDENIZACOES E RESTITUICOES;339093;INDENIZACOES E RESTITUICOES;44;TITULOS DE RESPONSAB.DO TN-OUTRAS APLICACOES;450,943.02;;450,943.02;;450,943.02;36,730.66;414,212.36;345,836.86
2020;154003;FUND.COORD.DE APERF.DE PESSOAL NIVEL SUPERIOR;12;EDUCACAO;122;ADMINISTRACAO GERAL;0032;PROGRAMA DE GESTAO E MANUTENCAO DO PODER EXECUTIVO;2000;ADMINISTRACAO DA UNIDADE;0001;ADMINISTRACAO DA TECNOLOGIA DA INFORMACAO E DE COMUNICACAO;12122003220000053;164420;'-8;SEM INFORMACAO;90;APLICACOES DIRETAS;3;DESPESAS CORRENTES;3;OUTRAS DESPESAS CORRENTES;00;[A DETALHAR];339000;APLICACOES DIRETAS;44;TITULOS DE RESPONSAB.DO TN-OUTRAS APLICACOES;146835388.00;;52441210.00;31464726.00;;;;
2020;154003;FUND.COORD.DE APERF.DE PESSOAL NIVEL SUPERIOR;12;EDUCACAO;122;ADMINISTRACAO GERAL;0032;PROGRAMA DE GESTAO E MANUTENCAO DO PODER EXECUTIVO;2000;ADMINISTRACAO DA UNIDADE;0002;ORGANIZACAO E INOVACAO INSTITUCIONAL E SERVICOS GERAIS;12122003220000053;164422;'-8;SEM INFORMACAO;90;APLICACOES DIRETAS;3;DESPESAS CORRENTES;3;OUTRAS DESPESAS CORRENTES;00;[A DETALHAR];339000;APLICACOES DIRETAS;44;TITULOS DE RESPONSAB.DO TN-OUTRAS APLICACOES;276661000.00;;98807500.00;59284500.00;;;;
2020;154003;FUND.COORD.DE APERF.DE PESSOAL NIVEL SUPERIOR;12;EDUCACAO;122;ADMINISTRACAO GERAL;0032;PROGRAMA DE GESTAO E MANUTENCAO DO PODER EXECUTIVO;2000;ADMINISTRACAO DA UNIDADE;0002;ORGANIZACAO E INOVACAO INSTITUCIONAL E SERVICOS GERAIS;12122003220000053;164422;'-8;SEM INFORMACAO;91;APLICACOES DIRETAS - OPERACOES INTERNAS;3;DESPESAS CORRENTES;3;OUTRAS DESPESAS CORRENTES;00;[A DETALHAR];339100;APLICACOES DIRETAS - OPER.INTRA-ORCAMENTARIAS;44;TITULOS DE RESPONSAB.DO TN-OUTRAS APLICACOES;4,690,336.00;;1,675,120.00;1,005,072.00;;;;
2020;154003;FUND.COORD.DE APERF.DE PESSOAL NIVEL SUPERIOR;12;EDUCACAO;122;ADMINISTRACAO GERAL;0032;PROGRAMA DE GESTAO E MANUTENCAO DO PODER EXECUTIVO;216H;AJUDA DE CUSTO PARA MORADIA OU AUXILIO-MORADIA A AGENTES PUB;0000;AJUDA DE CUSTO PARA MORADIA OU AUXILIO-MORADIA A AGENTES PUBLICOS;121220032216H0001;170053;'-8;SEM INFORMACAO;90;APLICACOES DIRETAS;3;DESPESAS CORRENTES;3;OUTRAS DESPESAS CORRENTES;00;[A DETALHAR];339000;APLICACOES DIRETAS;00;RECURSOS PRIMARIOS DE LIVRE APLICACAO;(106,320.00);106,320.00;0.00;;;;;
2020;154003;FUND.COORD.DE APERF.DE PESSOAL NIVEL SUPERIOR;12;EDUCACAO;122;ADMINISTRACAO GERAL;0032;PROGRAMA DE GESTAO E MANUTENCAO DO PODER EXECUTIVO;216H;AJUDA DE CUSTO PARA MORADIA OU AUXILIO-MORADIA A AGENTES PUB;0000;AJUDA DE CUSTO PARA MORADIA OU AUXILIO-MORADIA A AGENTES PUBLICOS;121220032216H0001;170053;'-8;SEM INFORMACAO;90;APLICACOES DIRETAS;3;DESPESAS CORRENTES;3;OUTRAS DESPESAS CORRENTES;;;;;44;TITULOS DE RESPONSAB.DO TN-OUTRAS APLICACOES;;439,047.00;0.00;0.00;;;;
2020;154003;FUND.COORD.DE APERF.DE PESSOAL NIVEL SUPERIOR;12;EDUCACAO;122;ADMINISTRACAO GERAL;0032;PROGRAMA DE GESTAO E MANUTENCAO DO PODER EXECUTIVO;216H;AJUDA DE CUSTO PARA MORADIA OU AUXILIO-MORADIA A AGENTES PUB;0000;AJUDA DE CUSTO PARA MORADIA OU AUXILIO-MORADIA A AGENTES PUBLICOS;121220032216H0001;170053;VCC80N99GAN;ADMINISTRACAO CAPES -DGES;90;APLICACOES DIRETAS;3;DESPESAS CORRENTES;3;OUTRAS DESPESAS CORRENTES;93;INDENIZACOES E RESTITUICOES;339093;INDENIZACOES E RESTITUICOES;00;RECURSOS PRIMARIOS DE LIVRE APLICACAO;1,098,668.00;;1,098,668.00;;1,098,668.00;180,311.76;918,356.24;819,128.02
2020;154003;FUND.COORD.DE APERF.DE PESSOAL NIVEL SUPERIOR;12;EDUCACAO;122;ADMINISTRACAO GERAL;0032;PROGRAMA DE GESTAO E MANUTENCAO DO PODER EXECUTIVO;216H;AJUDA DE CUSTO PARA MORADIA OU AUXILIO-MORADIA A AGENTES PUB;RO01;REGRA DE OURO;121220032216H0001;189404;'-8;SEM INFORMACAO;90;APLICACOES DIRETAS;3;DESPESAS CORRENTES;3;OUTRAS DESPESAS CORRENTES;00;[A DETALHAR];339000;APLICACOES DIRETAS;44;TITULOS DE RESPONSAB.DO TN-OUTRAS APLICACOES;(439,047.00);;0.00;;;;;
2020;154003;FUND.COORD.DE APERF.DE PESSOAL NIVEL SUPERIOR;12;EDUCACAO;122;ADMINISTRACAO GERAL;0032;PROGRAMA DE GESTAO E MANUTENCAO DO PODER EXECUTIVO;216H;AJUDA DE CUSTO PARA MORADIA OU AUXILIO-MORADIA A AGENTES PUB;RO01;REGRA DE OURO;121220032216H0001;189404;VCC80N99GAN;ADMINISTRACAO CAPES -DGES;90;APLICACOES DIRETAS;3;DESPESAS CORRENTES;3;OUTRAS DESPESAS CORRENTES;93;INDENIZACOES E RESTITUICOES;339093;INDENIZACOES E RESTITUICOES;44;TITULOS DE RESPONSAB.DO TN-OUTRAS APLICACOES;439,047.00;;439,047.00;;439,047.00;78,229.19;360,817.81;312,034.81
2020;154003;FUND.COORD.DE APERF.DE PESSOAL NIVEL SUPERIOR;12;EDUCACAO;122;ADMINISTRACAO GERAL;0032;PROGRAMA DE GESTAO E MANUTENCAO DO PODER EXECUTIVO;216H;AJUDA DE CUSTO PARA MORADIA OU AUXILIO-MORADIA A AGENTES PUB;0000;AJUDA DE CUSTO PARA MORADIA OU AUXILIO-MORADIA A AGENTES PUBLICOS;121220032216H0001;164416;'-8;SEM INFORMACAO;90;APLICACOES DIRETAS;3;DESPESAS CORRENTES;3;OUTRAS DESPESAS CORRENTES;00;[A DETALHAR];339000;APLICACOES DIRETAS;44;TITULOS DE RESPONSAB.DO TN-OUTRAS APLICACOES;682,962.00;;243,915.00;146,349.00;;;;
2020;154003;FUND.COORD.DE APERF.DE PESSOAL NIVEL SUPERIOR;12;EDUCACAO;128;FORMACAO DE RECURSOS HUMANOS;0032;PROGRAMA DE GESTAO E MANUTENCAO DO PODER EXECUTIVO;4572;CAPACITACAO DE SERVIDORES PUBLICOS FEDERAIS EM PROCESSO DE Q;0000;CAPACITACAO DE SERVIDORES PUBLICOS FEDERAIS EM PROCESSO DE QUALIFICACAO E REQUALIFICACAO;12128003245720053;170054;'-8;SEM INFORMACAO;90;APLICACOES DIRETAS;3;DESPESAS CORRENTES;3;OUTRAS DESPESAS CORRENTES;00;[A DETALHAR];339000;APLICACOES DIRETAS;00;RECURSOS PRIMARIOS DE LIVRE APLICACAO;4,407,294.04;;4,000,974.04;265,000.00;;;;
2020;154003;FUND.COORD.DE APERF.DE PESSOAL NIVEL SUPERIOR;12;EDUCACAO;128;FORMACAO DE RECURSOS HUMANOS;0032;PROGRAMA DE GESTAO E MANUTENCAO DO PODER EXECUTIVO;4572;CAPACITACAO DE SERVIDORES PUBLICOS FEDERAIS EM PROCESSO DE Q;0000;CAPACITACAO DE SERVIDORES PUBLICOS FEDERAIS EM PROCESSO DE QUALIFICACAO E REQUALIFICACAO;12128003245720053;170054;'-8;SEM INFORMACAO;90;APLICACOES DIRETAS;3;DESPESAS CORRENTES;3;OUTRAS DESPESAS CORRENTES;;;;;44;TITULOS DE RESPONSAB.DO TN-OUTRAS APLICACOES;;3,537,477.00;0.00;0.00;;;;
2020;154003;FUND.COORD.DE APERF.DE PESSOAL NIVEL SUPERIOR;12;EDUCACAO;128;FORMACAO DE RECURSOS HUMANOS;0032;PROGRAMA DE GESTAO E MANUTENCAO DO PODER EXECUTIVO;4572;CAPACITACAO DE SERVIDORES PUBLICOS FEDERAIS EM PROCESSO DE Q;0000;CAPACITACAO DE SERVIDORES PUBLICOS FEDERAIS EM PROCESSO DE QUALIFICACAO E REQUALIFICACAO;12128003245720053;170054;VCC80N99GAN;ADMINISTRACAO CAPES -DGES;90;APLICACOES DIRETAS;3;DESPESAS CORRENTES;3;OUTRAS DESPESAS CORRENTES;39;OUTROS SERVICOS DE TERCEIROS PJ - OP.INT.ORC.;339039;OUTROS SERVICOS DE TERCEIROS - PESSOA JURIDICA;00;RECURSOS PRIMARIOS DE LIVRE APLICACAO;127,116.40;;127,116.40;;127,116.40;18,010.88;45,237.92;45,237.92
2020;154003;FUND.COORD.DE APERF.DE PESSOAL NIVEL SUPERIOR;12;EDUCACAO;128;FORMACAO DE RECURSOS HUMANOS;0032;PROGRAMA DE GESTAO E MANUTENCAO DO PODER EXECUTIVO;4572;CAPACITACAO DE SERVIDORES PUBLICOS FEDERAIS EM PROCESSO DE Q;0000;CAPACITACAO DE SERVIDORES PUBLICOS FEDERAIS EM PROCESSO DE QUALIFICACAO E REQUALIFICACAO;12128003245720053;170054;VCC80N99GAN;ADMINISTRACAO CAPES -DGES;90;APLICACOES DIRETAS;3;DESPESAS CORRENTES;3;OUTRAS DESPESAS CORRENTES;93;INDENIZACOES E RESTITUICOES;339093;INDENIZACOES E RESTITUICOES;00;RECURSOS PRIMARIOS DE LIVRE APLICACAO;3,460,933.56;;3,460,933.56;;3,460,216.76;682,688.21;2,608,335.06;2,608,335.06
2020;154003;FUND.COORD.DE APERF.DE PESSOAL NIVEL SUPERIOR;12;EDUCACAO;128;FORMACAO DE RECURSOS HUMANOS;0032;PROGRAMA DE GESTAO E MANUTENCAO DO PODER EXECUTIVO;4572;CAPACITACAO DE SERVIDORES PUBLICOS FEDERAIS EM PROCESSO DE Q;RO01;REGRA DE OURO;12128003245720053;189405;'-8;SEM INFORMACAO;90;APLICACOES DIRETAS;3;DESPESAS CORRENTES;3;OUTRAS DESPESAS CORRENTES;00;[A DETALHAR];339000;APLICACOES DIRETAS;44;TITULOS DE RESPONSAB.DO TN-OUTRAS APLICACOES;;;3,537,477.00;;;;;
2020;154003;FUND.COORD.DE APERF.DE PESSOAL NIVEL SUPERIOR;12;EDUCACAO;128;FORMACAO DE RECURSOS HUMANOS;0032;PROGRAMA DE GESTAO E MANUTENCAO DO PODER EXECUTIVO;4572;CAPACITACAO DE SERVIDORES PUBLICOS FEDERAIS EM PROCESSO DE Q;0000;CAPACITACAO DE SERVIDORES PUBLICOS FEDERAIS EM PROCESSO DE QUALIFICACAO E REQUALIFICACAO;12128003245720053;164417;'-8;SEM INFORMACAO;90;APLICACOES DIRETAS;3;DESPESAS CORRENTES;3;OUTRAS DESPESAS CORRENTES;00;[A DETALHAR];339000;APLICACOES DIRETAS;44;TITULOS DE RESPONSAB.DO TN-OUTRAS APLICACOES;5,502,742.00;;1,965,265.00;1,179,159.00;;;;
2020;154003;FUND.COORD.DE APERF.DE PESSOAL NIVEL SUPERIOR;12;EDUCACAO;301;ATENCAO BASICA;0032;PROGRAMA DE GESTAO E MANUTENCAO DO PODER EXECUTIVO;2004;ASSISTENCIA MEDICA E ODONTOLOGICA AOS SERVIDORES CIVIS, EMPR;0001;ASSISTENCIA MEDICA E ODONTOLOGICA DE CIVIS - COMPLEMENTACAO DA UNIAO;12301003220040053;170049;'-8;SEM INFORMACAO;90;APLICACOES DIRETAS;3;DESPESAS CORRENTES;3;OUTRAS DESPESAS CORRENTES;00;[A DETALHAR];339000;APLICACOES DIRETAS;44;TITULOS DE RESPONSAB.DO TN-OUTRAS APLICACOES;;2,567,115.00;0.00;0.00;;;;
2020;154003;FUND.COORD.DE APERF.DE PESSOAL NIVEL SUPERIOR;12;EDUCACAO;301;ATENCAO BASICA;0032;PROGRAMA DE GESTAO E MANUTENCAO DO PODER EXECUTIVO;2004;ASSISTENCIA MEDICA E ODONTOLOGICA AOS SERVIDORES CIVIS, EMPR;0001;ASSISTENCIA MEDICA E ODONTOLOGICA DE CIVIS - COMPLEMENTACAO DA UNIAO;12301003220040053;170049;'-8;SEM INFORMACAO;90;APLICACOES DIRETAS;3;DESPESAS CORRENTES;3;OUTRAS DESPESAS CORRENTES;;;;;51;RECURSOS LIVRES DA SEGURIDADE SOCIAL;0.00;;0.00;;;;;
2020;154003;FUND.COORD.DE APERF.DE PESSOAL NIVEL SUPERIOR;12;EDUCACAO;301;ATENCAO BASICA;0032;PROGRAMA DE GESTAO E MANUTENCAO DO PODER EXECUTIVO;2004;ASSISTENCIA MEDICA E ODONTOLOGICA AOS SERVIDORES CIVIS, EMPR;0001;ASSISTENCIA MEDICA E ODONTOLOGICA DE CIVIS - COMPLEMENTACAO DA UNIAO;12301003220040053;170049;VCC80N99GAN;ADMINISTRACAO CAPES -DGES;90;APLICACOES DIRETAS;3;DESPESAS CORRENTES;3;OUTRAS DESPESAS CORRENTES;93;INDENIZACOES E RESTITUICOES;339093;INDENIZACOES E RESTITUICOES;51;RECURSOS LIVRES DA SEGURIDADE SOCIAL;8,107,610.00;;8,107,610.00;;8,107,610.00;2,188,541.99;5,919,068.01;5,415,368.52
2020;154003;FUND.COORD.DE APERF.DE PESSOAL NIVEL SUPERIOR;12;EDUCACAO;301;ATENCAO BASICA;0032;PROGRAMA DE GESTAO E MANUTENCAO DO PODER EXECUTIVO;2004;ASSISTENCIA MEDICA E ODONTOLOGICA AOS SERVIDORES CIVIS, EMPR;RO01;REGRA DE OURO: ASSISTENCIA MEDICA E ODONTOLOGICA DE CIVIS - COMPLEMENTACAO DA UNIAO;12301003220040053;187287;'-8;SEM INFORMACAO;90;APLICACOES DIRETAS;3;DESPESAS CORRENTES;3;OUTRAS DESPESAS CORRENTES;00;[A DETALHAR];339000;APLICACOES DIRETAS;44;TITULOS DE RESPONSAB.DO TN-OUTRAS APLICACOES;(1642592.79);;924,522.21;;;;;
2020;154003;FUND.COORD.DE APERF.DE PESSOAL NIVEL SUPERIOR;12;EDUCACAO;301;ATENCAO BASICA;0032;PROGRAMA DE GESTAO E MANUTENCAO DO PODER EXECUTIVO;2004;ASSISTENCIA MEDICA E ODONTOLOGICA AOS SERVIDORES CIVIS, EMPR;RO01;REGRA DE OURO: ASSISTENCIA MEDICA E ODONTOLOGICA DE CIVIS - COMPLEMENTACAO DA UNIAO;12301003220040053;187287;VCC80N99GAN;ADMINISTRACAO CAPES -DGES;90;APLICACOES DIRETAS;3;DESPESAS CORRENTES;3;OUTRAS DESPESAS CORRENTES;93;INDENIZACOES E RESTITUICOES;339093;INDENIZACOES E RESTITUICOES;44;TITULOS DE RESPONSAB.DO TN-OUTRAS APLICACOES;1,642,592.79;;1,642,592.79;;1,642,592.79;487,398.48;1,155,194.31;755,206.52
2020;154003;FUND.COORD.DE APERF.DE PESSOAL NIVEL SUPERIOR;12;EDUCACAO;301;ATENCAO BASICA;0032;PROGRAMA DE GESTAO E MANUTENCAO DO PODER EXECUTIVO;2004;ASSISTENCIA MEDICA E ODONTOLOGICA AOS SERVIDORES CIVIS, EMPR;0001;ASSISTENCIA MEDICA E ODONTOLOGICA DE CIVIS - COMPLEMENTACAO DA UNIAO;12301003220040053;166429;'-8;SEM INFORMACAO;90;APLICACOES DIRETAS;3;DESPESAS CORRENTES;3;OUTRAS DESPESAS CORRENTES;00;[A DETALHAR];339000;APLICACOES DIRETAS;44;TITULOS DE RESPONSAB.DO TN-OUTRAS APLICACOES;3,993,290.00;;1,426,175.00;855,705.00;;;;
2020;154003;FUND.COORD.DE APERF.DE PESSOAL NIVEL SUPERIOR;12;EDUCACAO;331;PROTECAO E BENEFICIOS AO TRABALHADOR;0032;PROGRAMA DE GESTAO E MANUTENCAO DO PODER EXECUTIVO;212B;BENEFICIOS OBRIGATORIOS AOS SERVIDORES CIVIS, EMPREGADOS, MI;0001;ASSISTENCIA PRE-ESCOLAR AOS DEPENDENTES DE SERVIDORES CIVIS E DE EMPREGADOS;123310032212B0053;170048;'-8;SEM INFORMACAO;90;APLICACOES DIRETAS;3;DESPESAS CORRENTES;3;OUTRAS DESPESAS CORRENTES;00;[A DETALHAR];339000;APLICACOES DIRETAS;00;RECURSOS PRIMARIOS DE LIVRE APLICACAO;3,398.40;;3,398.40;;;;;
2020;154003;FUND.COORD.DE APERF.DE PESSOAL NIVEL SUPERIOR;12;EDUCACAO;331;PROTECAO E BENEFICIOS AO TRABALHADOR;0032;PROGRAMA DE GESTAO E MANUTENCAO DO PODER EXECUTIVO;212B;BENEFICIOS OBRIGATORIOS AOS SERVIDORES CIVIS, EMPREGADOS, MI;0001;ASSISTENCIA PRE-ESCOLAR AOS DEPENDENTES DE SERVIDORES CIVIS E DE EMPREGADOS;123310032212B0053;170048;'-8;SEM INFORMACAO;90;APLICACOES DIRETAS;3;DESPESAS CORRENTES;3;OUTRAS DESPESAS CORRENTES;;;;;12;RECURSOS DEST.A MANUT.E DES.DO ENSINO;(261,766.30);385,650.00;123,883.70;;;;;
2020;154003;FUND.COORD.DE APERF.DE PESSOAL NIVEL SUPERIOR;12;EDUCACAO;331;PROTECAO E BENEFICIOS AO TRABALHADOR;0032;PROGRAMA DE GESTAO E MANUTENCAO DO PODER EXECUTIVO;212B;BENEFICIOS OBRIGATORIOS AOS SERVIDORES CIVIS, EMPREGADOS, MI;0001;ASSISTENCIA PRE-ESCOLAR AOS DEPENDENTES DE SERVIDORES CIVIS E DE EMPREGADOS;123310032212B0053;170048;'-8;SEM INFORMACAO;90;APLICACOES DIRETAS;3;DESPESAS CORRENTES;3;OUTRAS DESPESAS CORRENTES;;;;;44;TITULOS DE RESPONSAB.DO TN-OUTRAS APLICACOES;;1,119,015.00;0.00;0.00;;;;
2020;154003;FUND.COORD.DE APERF.DE PESSOAL NIVEL SUPERIOR;12;EDUCACAO;331;PROTECAO E BENEFICIOS AO TRABALHADOR;0032;PROGRAMA DE GESTAO E MANUTENCAO DO PODER EXECUTIVO;212B;BENEFICIOS OBRIGATORIOS AOS SERVIDORES CIVIS, EMPREGADOS, MI;0001;ASSISTENCIA PRE-ESCOLAR AOS DEPENDENTES DE SERVIDORES CIVIS E DE EMPREGADOS;123310032212B0053;170048;VCC80N99GAN;ADMINISTRACAO CAPES -DGES;90;APLICACOES DIRETAS;3;DESPESAS CORRENTES;3;OUTRAS DESPESAS CORRENTES;04;CONTRATACAO POR TEMPO DETERMINADO - PES.CIVIL;339004;CONTRATACAO POR TEMPO DETERMINADO;00;RECURSOS PRIMARIOS DE LIVRE APLICACAO;206,601.60;;206,601.60;;206,601.60;88,730.40;117,871.20;101,692.80
2020;154003;FUND.COORD.DE APERF.DE PESSOAL NIVEL SUPERIOR;12;EDUCACAO;331;PROTECAO E BENEFICIOS AO TRABALHADOR;0032;PROGRAMA DE GESTAO E MANUTENCAO DO PODER EXECUTIVO;212B;BENEFICIOS OBRIGATORIOS AOS SERVIDORES CIVIS, EMPREGADOS, MI;0001;ASSISTENCIA PRE-ESCOLAR AOS DEPENDENTES DE SERVIDORES CIVIS E DE EMPREGADOS;123310032212B0053;170048;VCC80N99GAN;ADMINISTRACAO CAPES -DGES;90;APLICACOES DIRETAS;3;DESPESAS CORRENTES;3;OUTRAS DESPESAS CORRENTES;08;OUTROS BENEF.ASSIST. DO SERVIDOR E DO MILITAR;339008;OUTROS BENEF.ASSIST. DO SERVIDOR E DO MILITAR;00;RECURSOS PRIMARIOS DE LIVRE APLICACAO;3,324,076.00;;3,324,076.00;;3,324,076.00;731,025.65;2,593,050.35;2,355,616.35
2020;154003;FUND.COORD.DE APERF.DE PESSOAL NIVEL SUPERIOR;12;EDUCACAO;331;PROTECAO E BENEFICIOS AO TRABALHADOR;0032;PROGRAMA DE GESTAO E MANUTENCAO DO PODER EXECUTIVO;212B;BENEFICIOS OBRIGATORIOS AOS SERVIDORES CIVIS, EMPREGADOS, MI;0001;ASSISTENCIA PRE-ESCOLAR AOS DEPENDENTES DE SERVIDORES CIVIS E DE EMPREGADOS;123310032212B0053;170048;VCC80N99GAN;ADMINISTRACAO CAPES -DGES;90;APLICACOES DIRETAS;3;DESPESAS CORRENTES;3;OUTRAS DESPESAS CORRENTES;;;;;12;RECURSOS DEST.A MANUT.E DES.DO ENSINO;261,766.30;;261,766.30;;261,766.30;3,884.10;257,882.20;219,317.20
2020;154003;FUND.COORD.DE APERF.DE PESSOAL NIVEL SUPERIOR;12;EDUCACAO;331;PROTECAO E BENEFICIOS AO TRABALHADOR;0032;PROGRAMA DE GESTAO E MANUTENCAO DO PODER EXECUTIVO;212B;BENEFICIOS OBRIGATORIOS AOS SERVIDORES CIVIS, EMPREGADOS, MI;0003;AUXILIO-TRANSPORTE DE CIVIS;123310032212B0053;170050;'-8;SEM INFORMACAO;90;APLICACOES DIRETAS;3;DESPESAS CORRENTES;3;OUTRAS DESPESAS CORRENTES;00;[A DETALHAR];339000;APLICACOES DIRETAS;00;RECURSOS PRIMARIOS DE LIVRE APLICACAO;39,259.56;;39,259.56;;;;;
2020;154003;FUND.COORD.DE APERF.DE PESSOAL NIVEL SUPERIOR;12;EDUCACAO;331;PROTECAO E BENEFICIOS AO TRABALHADOR;0032;PROGRAMA DE GESTAO E MANUTENCAO DO PODER EXECUTIVO;212B;BENEFICIOS OBRIGATORIOS AOS SERVIDORES CIVIS, EMPREGADOS, MI;0003;AUXILIO-TRANSPORTE DE CIVIS;123310032212B0053;170050;'-8;SEM INFORMACAO;90;APLICACOES DIRETAS;3;DESPESAS CORRENTES;3;OUTRAS DESPESAS CORRENTES;;;;;44;TITULOS DE RESPONSAB.DO TN-OUTRAS APLICACOES;;121,536.00;0.00;0.00;;;;
2020;154003;FUND.COORD.DE APERF.DE PESSOAL NIVEL SUPERIOR;12;EDUCACAO;331;PROTECAO E BENEFICIOS AO TRABALHADOR;0032;PROGRAMA DE GESTAO E MANUTENCAO DO PODER EXECUTIVO;212B;BENEFICIOS OBRIGATORIOS AOS SERVIDORES CIVIS, EMPREGADOS, MI;0003;AUXILIO-TRANSPORTE DE CIVIS;123310032212B0053;170050;VCC80N99GAN;ADMINISTRACAO CAPES -DGES;90;APLICACOES DIRETAS;3;DESPESAS CORRENTES;3;OUTRAS DESPESAS CORRENTES;49;AUXILIO-TRANSPORTE;339049;AUXILIO-TRANSPORTE;00;RECURSOS PRIMARIOS DE LIVRE APLICACAO;344,592.44;;344,592.44;;344,592.44;175,058.74;169,533.70;153,821.54
2020;154003;FUND.COORD.DE APERF.DE PESSOAL NIVEL SUPERIOR;12;EDUCACAO;331;PROTECAO E BENEFICIOS AO TRABALHADOR;0032;PROGRAMA DE GESTAO E MANUTENCAO DO PODER EXECUTIVO;212B;BENEFICIOS OBRIGATORIOS AOS SERVIDORES CIVIS, EMPREGADOS, MI;0005;AUXILIO-ALIMENTACAO DE CIVIS;123310032212B0053;170051;'-8;SEM INFORMACAO;90;APLICACOES DIRETAS;3;DESPESAS CORRENTES;3;OUTRAS DESPESAS CORRENTES;00;[A DETALHAR];339000;APLICACOES DIRETAS;00;RECURSOS PRIMARIOS DE LIVRE APLICACAO;10,351.65;;10,351.65;;;;;
2020;154003;FUND.COORD.DE APERF.DE PESSOAL NIVEL SUPERIOR;12;EDUCACAO;331;PROTECAO E BENEFICIOS AO TRABALHADOR;0032;PROGRAMA DE GESTAO E MANUTENCAO DO PODER EXECUTIVO;212B;BENEFICIOS OBRIGATORIOS AOS SERVIDORES CIVIS, EMPREGADOS, MI;0005;AUXILIO-ALIMENTACAO DE CIVIS;123310032212B0053;170051;'-8;SEM INFORMACAO;90;APLICACOES DIRETAS;3;DESPESAS CORRENTES;3;OUTRAS DESPESAS CORRENTES;;;;;44;TITULOS DE RESPONSAB.DO TN-OUTRAS APLICACOES;;6,061,527.00;0.00;0.00;;;;
2020;154003;FUND.COORD.DE APERF.DE PESSOAL NIVEL SUPERIOR;12;EDUCACAO;331;PROTECAO E BENEFICIOS AO TRABALHADOR;0032;PROGRAMA DE GESTAO E MANUTENCAO DO PODER EXECUTIVO;212B;BENEFICIOS OBRIGATORIOS AOS SERVIDORES CIVIS, EMPREGADOS, MI;0005;AUXILIO-ALIMENTACAO DE CIVIS;123310032212B0053;170051;VCC80N99GAN;ADMINISTRACAO CAPES -DGES;90;APLICACOES DIRETAS;3;DESPESAS CORRENTES;3;OUTRAS DESPESAS CORRENTES;04;CONTRATACAO POR TEMPO DETERMINADO - PES.CIVIL;339004;CONTRATACAO POR TEMPO DETERMINADO;00;RECURSOS PRIMARIOS DE LIVRE APLICACAO;689,648.35;;689,648.35;;689,648.35;280,279.64;409,368.71;357,156.72
2020;154003;FUND.COORD.DE APERF.DE PESSOAL NIVEL SUPERIOR;12;EDUCACAO;331;PROTECAO E BENEFICIOS AO TRABALHADOR;0032;PROGRAMA DE GESTAO E MANUTENCAO DO PODER EXECUTIVO;212B;BENEFICIOS OBRIGATORIOS AOS SERVIDORES CIVIS, EMPREGADOS, MI;0005;AUXILIO-ALIMENTACAO DE CIVIS;123310032212B0053;170051;VCC80N99GAN;ADMINISTRACAO CAPES -DGES;90;APLICACOES DIRETAS;3;DESPESAS CORRENTES;3;OUTRAS DESPESAS CORRENTES;46;AUXILIO-ALIMENTACAO;339046;AUXILIO-ALIMENTACAO;00;RECURSOS PRIMARIOS DE LIVRE APLICACAO;18417626.63;;18417626.63;;18417626.63;4,897,114.42;13520512.21;12208107.46
2020;154003;FUND.COORD.DE APERF.DE PESSOAL NIVEL SUPERIOR;12;EDUCACAO;331;PROTECAO E BENEFICIOS AO TRABALHADOR;0032;PROGRAMA DE GESTAO E MANUTENCAO DO PODER EXECUTIVO;212B;BENEFICIOS OBRIGATORIOS AOS SERVIDORES CIVIS, EMPREGADOS, MI;0005;AUXILIO-ALIMENTACAO DE CIVIS;123310032212B0053;170051;VCC80N99GAN;ADMINISTRACAO CAPES -DGES;90;APLICACOES DIRETAS;3;DESPESAS CORRENTES;3;OUTRAS DESPESAS CORRENTES;96;RESSARCIMENTO DESPESAS PESSOAL REQUISITADO;339096;RESSARC. DE DESPESAS DE PESSOAL REQUISITADO;00;RECURSOS PRIMARIOS DE LIVRE APLICACAO;26,225.37;;26,225.37;;26,225.37;0.00;26,225.37;25,327.50
2020;154003;FUND.COORD.DE APERF.DE PESSOAL NIVEL SUPERIOR;12;EDUCACAO;331;PROTECAO E BENEFICIOS AO TRABALHADOR;0032;PROGRAMA DE GESTAO E MANUTENCAO DO PODER EXECUTIVO;212B;BENEFICIOS OBRIGATORIOS AOS SERVIDORES CIVIS, EMPREGADOS, MI;0009;AUXILIO-FUNERAL E NATALIDADE DE CIVIS;123310032212B0053;170052;'-8;SEM INFORMACAO;90;APLICACOES DIRETAS;3;DESPESAS CORRENTES;3;OUTRAS DESPESAS CORRENTES;00;[A DETALHAR];339000;APLICACOES DIRETAS;00;RECURSOS PRIMARIOS DE LIVRE APLICACAO;19,417.56;67,384.00;86,801.56;;;;;
2020;154003;FUND.COORD.DE APERF.DE PESSOAL NIVEL SUPERIOR;12;EDUCACAO;331;PROTECAO E BENEFICIOS AO TRABALHADOR;0032;PROGRAMA DE GESTAO E MANUTENCAO DO PODER EXECUTIVO;212B;BENEFICIOS OBRIGATORIOS AOS SERVIDORES CIVIS, EMPREGADOS, MI;0009;AUXILIO-FUNERAL E NATALIDADE DE CIVIS;123310032212B0053;170052;'-8;SEM INFORMACAO;90;APLICACOES DIRETAS;3;DESPESAS CORRENTES;3;OUTRAS DESPESAS CORRENTES;;;;;12;RECURSOS DEST.A MANUT.E DES.DO ENSINO;(218,342.30);277,200.00;58,857.70;;;;;
2020;154003;FUND.COORD.DE APERF.DE PESSOAL NIVEL SUPERIOR;12;EDUCACAO;331;PROTECAO E BENEFICIOS AO TRABALHADOR;0032;PROGRAMA DE GESTAO E MANUTENCAO DO PODER EXECUTIVO;212B;BENEFICIOS OBRIGATORIOS AOS SERVIDORES CIVIS, EMPREGADOS, MI;0009;AUXILIO-FUNERAL E NATALIDADE DE CIVIS;123310032212B0053;170052;'-8;SEM INFORMACAO;90;APLICACOES DIRETAS;3;DESPESAS CORRENTES;3;OUTRAS DESPESAS CORRENTES;;;;;44;TITULOS DE RESPONSAB.DO TN-OUTRAS APLICACOES;;85,356.00;0.00;0.00;;;;
2020;154003;FUND.COORD.DE APERF.DE PESSOAL NIVEL SUPERIOR;12;EDUCACAO;331;PROTECAO E BENEFICIOS AO TRABALHADOR;0032;PROGRAMA DE GESTAO E MANUTENCAO DO PODER EXECUTIVO;212B;BENEFICIOS OBRIGATORIOS AOS SERVIDORES CIVIS, EMPREGADOS, MI;0009;AUXILIO-FUNERAL E NATALIDADE DE CIVIS;123310032212B0053;170052;VCC80N99GAN;ADMINISTRACAO CAPES -DGES;90;APLICACOES DIRETAS;3;DESPESAS CORRENTES;3;OUTRAS DESPESAS CORRENTES;08;OUTROS BENEF.ASSIST. DO SERVIDOR E DO MILITAR;339008;OUTROS BENEF.ASSIST. DO SERVIDOR E DO MILITAR;00;RECURSOS PRIMARIOS DE LIVRE APLICACAO;250,152.44;;250,152.44;;250,152.44;12,474.25;237,678.19;231,085.69
2020;154003;FUND.COORD.DE APERF.DE PESSOAL NIVEL SUPERIOR;12;EDUCACAO;331;PROTECAO E BENEFICIOS AO TRABALHADOR;0032;PROGRAMA DE GESTAO E MANUTENCAO DO PODER EXECUTIVO;212B;BENEFICIOS OBRIGATORIOS AOS SERVIDORES CIVIS, EMPREGADOS, MI;0009;AUXILIO-FUNERAL E NATALIDADE DE CIVIS;123310032212B0053;170052;VCC80N99GAN;ADMINISTRACAO CAPES -DGES;90;APLICACOES DIRETAS;3;DESPESAS CORRENTES;3;OUTRAS DESPESAS CORRENTES;;;;;12;RECURSOS DEST.A MANUT.E DES.DO ENSINO;218,342.30;;218,342.30;;218,342.30;0.00;218,342.30;218,071.33
2020;154003;FUND.COORD.DE APERF.DE PESSOAL NIVEL SUPERIOR;12;EDUCACAO;331;PROTECAO E BENEFICIOS AO TRABALHADOR;0032;PROGRAMA DE GESTAO E MANUTENCAO DO PODER EXECUTIVO;212B;BENEFICIOS OBRIGATORIOS AOS SERVIDORES CIVIS, EMPREGADOS, MI;RO01;REGRA DE OURO: ASSISTENCIA PRE-ESCOLAR AOS DEPENDENTES DE SERVIDORES CIVIS E DE EMPREGADOS;123310032212B0053;187286;'-8;SEM INFORMACAO;90;APLICACOES DIRETAS;3;DESPESAS CORRENTES;3;OUTRAS DESPESAS CORRENTES;00;[A DETALHAR];339000;APLICACOES DIRETAS;44;TITULOS DE RESPONSAB.DO TN-OUTRAS APLICACOES;(697,719.00);;421,296.00;;;;;
2020;154003;FUND.COORD.DE APERF.DE PESSOAL NIVEL SUPERIOR;12;EDUCACAO;331;PROTECAO E BENEFICIOS AO TRABALHADOR;0032;PROGRAMA DE GESTAO E MANUTENCAO DO PODER EXECUTIVO;212B;BENEFICIOS OBRIGATORIOS AOS SERVIDORES CIVIS, EMPREGADOS, MI;RO01;REGRA DE OURO: ASSISTENCIA PRE-ESCOLAR AOS DEPENDENTES DE SERVIDORES CIVIS E DE EMPREGADOS;123310032212B0053;187286;VCC80N99GAN;ADMINISTRACAO CAPES -DGES;90;APLICACOES DIRETAS;3;DESPESAS CORRENTES;3;OUTRAS DESPESAS CORRENTES;08;OUTROS BENEF.ASSIST. DO SERVIDOR E DO MILITAR;339008;OUTROS BENEF.ASSIST. DO SERVIDOR E DO MILITAR;44;TITULOS DE RESPONSAB.DO TN-OUTRAS APLICACOES;697,719.00;;697,719.00;;697,719.00;225,418.80;472,300.20;305,897.00
2020;154003;FUND.COORD.DE APERF.DE PESSOAL NIVEL SUPERIOR;12;EDUCACAO;331;PROTECAO E BENEFICIOS AO TRABALHADOR;0032;PROGRAMA DE GESTAO E MANUTENCAO DO PODER EXECUTIVO;212B;BENEFICIOS OBRIGATORIOS AOS SERVIDORES CIVIS, EMPREGADOS, MI;RO03;REGRA DE OURO: AUXILIO-TRANSPORTE DE CIVIS;123310032212B0053;187288;'-8;SEM INFORMACAO;90;APLICACOES DIRETAS;3;DESPESAS CORRENTES;3;OUTRAS DESPESAS CORRENTES;00;[A DETALHAR];339000;APLICACOES DIRETAS;44;TITULOS DE RESPONSAB.DO TN-OUTRAS APLICACOES;(3,304.92);;118,231.08;;;;;
2020;154003;FUND.COORD.DE APERF.DE PESSOAL NIVEL SUPERIOR;12;EDUCACAO;331;PROTECAO E BENEFICIOS AO TRABALHADOR;0032;PROGRAMA DE GESTAO E MANUTENCAO DO PODER EXECUTIVO;212B;BENEFICIOS OBRIGATORIOS AOS SERVIDORES CIVIS, EMPREGADOS, MI;RO03;REGRA DE OURO: AUXILIO-TRANSPORTE DE CIVIS;123310032212B0053;187288;VCC80N99GAN;ADMINISTRACAO CAPES -DGES;90;APLICACOES DIRETAS;3;DESPESAS CORRENTES;3;OUTRAS DESPESAS CORRENTES;08;OUTROS BENEF.ASSIST. DO SERVIDOR E DO MILITAR;339008;OUTROS BENEF.ASSIST. DO SERVIDOR E DO MILITAR;44;TITULOS DE RESPONSAB.DO TN-OUTRAS APLICACOES;3,304.92;;3,304.92;;3,304.92;0.00;3,304.92;2,478.69
2020;154003;FUND.COORD.DE APERF.DE PESSOAL NIVEL SUPERIOR;12;EDUCACAO;331;PROTECAO E BENEFICIOS AO TRABALHADOR;0032;PROGRAMA DE GESTAO E MANUTENCAO DO PODER EXECUTIVO;212B;BENEFICIOS OBRIGATORIOS AOS SERVIDORES CIVIS, EMPREGADOS, MI;RO05;REGRA DE OURO: AUXILIO-ALIMENTACAO DE CIVIS;123310032212B0053;187289;'-8;SEM INFORMACAO;90;APLICACOES DIRETAS;3;DESPESAS CORRENTES;3;OUTRAS DESPESAS CORRENTES;00;[A DETALHAR];339000;APLICACOES DIRETAS;44;TITULOS DE RESPONSAB.DO TN-OUTRAS APLICACOES;(3712632.45);;2,348,894.55;;;;;
2020;154003;FUND.COORD.DE APERF.DE PESSOAL NIVEL SUPERIOR;12;EDUCACAO;331;PROTECAO E BENEFICIOS AO TRABALHADOR;0032;PROGRAMA DE GESTAO E MANUTENCAO DO PODER EXECUTIVO;212B;BENEFICIOS OBRIGATORIOS AOS SERVIDORES CIVIS, EMPREGADOS, MI;RO05;REGRA DE OURO: AUXILIO-ALIMENTACAO DE CIVIS;123310032212B0053;187289;VCC80N99GAN;ADMINISTRACAO CAPES -DGES;90;APLICACOES DIRETAS;3;DESPESAS CORRENTES;3;OUTRAS DESPESAS CORRENTES;46;AUXILIO-ALIMENTACAO;339046;AUXILIO-ALIMENTACAO;44;TITULOS DE RESPONSAB.DO TN-OUTRAS APLICACOES;3,697,049.25;;3,697,049.25;;3,697,049.25;1,249,995.25;2,447,054.00;1,570,656.85
2020;154003;FUND.COORD.DE APERF.DE PESSOAL NIVEL SUPERIOR;12;EDUCACAO;331;PROTECAO E BENEFICIOS AO TRABALHADOR;0032;PROGRAMA DE GESTAO E MANUTENCAO DO PODER EXECUTIVO;212B;BENEFICIOS OBRIGATORIOS AOS SERVIDORES CIVIS, EMPREGADOS, MI;RO05;REGRA DE OURO: AUXILIO-ALIMENTACAO DE CIVIS;123310032212B0053;187289;VCC80N99GAN;ADMINISTRACAO CAPES -DGES;90;APLICACOES DIRETAS;3;DESPESAS CORRENTES;3;OUTRAS DESPESAS CORRENTES;93;INDENIZACOES E RESTITUICOES;339093;INDENIZACOES E RESTITUICOES;44;TITULOS DE RESPONSAB.DO TN-OUTRAS APLICACOES;15,583.20;;15,583.20;;0.00;0.00;0.00;
2020;154003;FUND.COORD.DE APERF.DE PESSOAL NIVEL SUPERIOR;12;EDUCACAO;331;PROTECAO E BENEFICIOS AO TRABALHADOR;0032;PROGRAMA DE GESTAO E MANUTENCAO DO PODER EXECUTIVO;212B;BENEFICIOS OBRIGATORIOS AOS SERVIDORES CIVIS, EMPREGADOS, MI;RO05;REGRA DE OURO: AUXILIO-ALIMENTACAO DE CIVIS;123310032212B0053;187289;VCC80N99GAN;ADMINISTRACAO CAPES -DGES;90;APLICACOES DIRETAS;3;DESPESAS CORRENTES;3;OUTRAS DESPESAS CORRENTES;96;RESSARCIMENTO DESPESAS PESSOAL REQUISITADO;339096;RESSARC. DE DESPESAS DE PESSOAL REQUISITADO;44;TITULOS DE RESPONSAB.DO TN-OUTRAS APLICACOES;0.00;;0.00;;0.00;0.00;;
2020;154003;FUND.COORD.DE APERF.DE PESSOAL NIVEL SUPERIOR;12;EDUCACAO;331;PROTECAO E BENEFICIOS AO TRABALHADOR;0032;PROGRAMA DE GESTAO E MANUTENCAO DO PODER EXECUTIVO;212B;BENEFICIOS OBRIGATORIOS AOS SERVIDORES CIVIS, EMPREGADOS, MI;RO09;REGRA DE OURO: AUXILIO-FUNERAL E NATALIDADE DE CIVIS;123310032212B0053;187290;'-8;SEM INFORMACAO;90;APLICACOES DIRETAS;3;DESPESAS CORRENTES;3;OUTRAS DESPESAS CORRENTES;00;[A DETALHAR];339000;APLICACOES DIRETAS;44;TITULOS DE RESPONSAB.DO TN-OUTRAS APLICACOES;(56,307.74);;29,048.26;;;;;
2020;154003;FUND.COORD.DE APERF.DE PESSOAL NIVEL SUPERIOR;12;EDUCACAO;331;PROTECAO E BENEFICIOS AO TRABALHADOR;0032;PROGRAMA DE GESTAO E MANUTENCAO DO PODER EXECUTIVO;212B;BENEFICIOS OBRIGATORIOS AOS SERVIDORES CIVIS, EMPREGADOS, MI;RO09;REGRA DE OURO: AUXILIO-FUNERAL E NATALIDADE DE CIVIS;123310032212B0053;187290;VCC80N99GAN;ADMINISTRACAO CAPES -DGES;90;APLICACOES DIRETAS;3;DESPESAS CORRENTES;3;OUTRAS DESPESAS CORRENTES;08;OUTROS BENEF.ASSIST. DO SERVIDOR E DO MILITAR;339008;OUTROS BENEF.ASSIST. DO SERVIDOR E DO MILITAR;44;TITULOS DE RESPONSAB.DO TN-OUTRAS APLICACOES;56,307.74;;56,307.74;;56,307.74;0.00;56,307.74;54,767.94
2020;154003;FUND.COORD.DE APERF.DE PESSOAL NIVEL SUPERIOR;12;EDUCACAO;331;PROTECAO E BENEFICIOS AO TRABALHADOR;0032;PROGRAMA DE GESTAO E MANUTENCAO DO PODER EXECUTIVO;212B;BENEFICIOS OBRIGATORIOS AOS SERVIDORES CIVIS, EMPREGADOS, MI;0001;ASSISTENCIA PRE-ESCOLAR AOS DEPENDENTES DE SERVIDORES CIVIS E DE EMPREGADOS;123310032212B0053;164412;'-8;SEM INFORMACAO;90;APLICACOES DIRETAS;3;DESPESAS CORRENTES;3;OUTRAS DESPESAS CORRENTES;00;[A DETALHAR];339000;APLICACOES DIRETAS;44;TITULOS DE RESPONSAB.DO TN-OUTRAS APLICACOES;1,740,690.00;;621,675.00;373,005.00;;;;
2020;154003;FUND.COORD.DE APERF.DE PESSOAL NIVEL SUPERIOR;12;EDUCACAO;331;PROTECAO E BENEFICIOS AO TRABALHADOR;0032;PROGRAMA DE GESTAO E MANUTENCAO DO PODER EXECUTIVO;212B;BENEFICIOS OBRIGATORIOS AOS SERVIDORES CIVIS, EMPREGADOS, MI;0003;AUXILIO-TRANSPORTE DE CIVIS;123310032212B0053;164413;'-8;SEM INFORMACAO;90;APLICACOES DIRETAS;3;DESPESAS CORRENTES;3;OUTRAS DESPESAS CORRENTES;00;[A DETALHAR];339000;APLICACOES DIRETAS;44;TITULOS DE RESPONSAB.DO TN-OUTRAS APLICACOES;189,056.00;;67,520.00;40,512.00;;;;
2020;154003;FUND.COORD.DE APERF.DE PESSOAL NIVEL SUPERIOR;12;EDUCACAO;331;PROTECAO E BENEFICIOS AO TRABALHADOR;0032;PROGRAMA DE GESTAO E MANUTENCAO DO PODER EXECUTIVO;212B;BENEFICIOS OBRIGATORIOS AOS SERVIDORES CIVIS, EMPREGADOS, MI;0005;AUXILIO-ALIMENTACAO DE CIVIS;123310032212B0053;164414;'-8;SEM INFORMACAO;90;APLICACOES DIRETAS;3;DESPESAS CORRENTES;3;OUTRAS DESPESAS CORRENTES;00;[A DETALHAR];339000;APLICACOES DIRETAS;44;TITULOS DE RESPONSAB.DO TN-OUTRAS APLICACOES;9,429,042.00;;3,367,515.00;2,020,509.00;;;;
2020;154003;FUND.COORD.DE APERF.DE PESSOAL NIVEL SUPERIOR;12;EDUCACAO;331;PROTECAO E BENEFICIOS AO TRABALHADOR;0032;PROGRAMA DE GESTAO E MANUTENCAO DO PODER EXECUTIVO;212B;BENEFICIOS OBRIGATORIOS AOS SERVIDORES CIVIS, EMPREGADOS, MI;0009;AUXILIO-FUNERAL E NATALIDADE DE CIVIS;123310032212B0053;164415;'-8;SEM INFORMACAO;90;APLICACOES DIRETAS;3;DESPESAS CORRENTES;3;OUTRAS DESPESAS CORRENTES;00;[A DETALHAR];339000;APLICACOES DIRETAS;44;TITULOS DE RESPONSAB.DO TN-OUTRAS APLICACOES;132,776.00;;47,420.00;28,452.00;;;;
2020;154003;FUND.COORD.DE APERF.DE PESSOAL NIVEL SUPERIOR;12;EDUCACAO;364;ENSINO SUPERIOR;0032;PROGRAMA DE GESTAO E MANUTENCAO DO PODER EXECUTIVO;20TP;ATIVOS CIVIS DA UNIAO;0000;ATIVOS CIVIS DA UNIAO;12364003220TP0053;170046;'-8;SEM INFORMACAO;90;APLICACOES DIRETAS;3;DESPESAS CORRENTES;1;PESSOAL E ENCARGOS SOCIAIS;00;[A DETALHAR];319000;APLICACOES DIRETAS;00;RECURSOS PRIMARIOS DE LIVRE APLICACAO;-10801631.57;19682393.00;8,880,761.43;;;;;
2020;154003;FUND.COORD.DE APERF.DE PESSOAL NIVEL SUPERIOR;12;EDUCACAO;364;ENSINO SUPERIOR;0032;PROGRAMA DE GESTAO E MANUTENCAO DO PODER EXECUTIVO;20TP;ATIVOS CIVIS DA UNIAO;0000;ATIVOS CIVIS DA UNIAO;12364003220TP0053;170046;VCC80N99GAN;ADMINISTRACAO CAPES -DGES;90;APLICACOES DIRETAS;3;DESPESAS CORRENTES;1;PESSOAL E ENCARGOS SOCIAIS;04;CONTRATACAO POR TEMPO DETERMINADO - PES.CIVIL;319004;CONTRATACAO P/TEMPO DETERMINADO;00;RECURSOS PRIMARIOS DE LIVRE APLICACAO;13910058.36;;13910058.36;;13910058.36;6,065,516.42;7,844,541.94;6,816,803.29
2020;154003;FUND.COORD.DE APERF.DE PESSOAL NIVEL SUPERIOR;12;EDUCACAO;364;ENSINO SUPERIOR;0032;PROGRAMA DE GESTAO E MANUTENCAO DO PODER EXECUTIVO;20TP;ATIVOS CIVIS DA UNIAO;0000;ATIVOS CIVIS DA UNIAO;12364003220TP0053;170046;VCC80N99GAN;ADMINISTRACAO CAPES -DGES;90;APLICACOES DIRETAS;3;DESPESAS CORRENTES;1;PESSOAL E ENCARGOS SOCIAIS;07;CONTRIBUICAO A ENTIDADE FECHADA PREVIDENCIA;319007;CONTRIB. A ENTIDADES FECHADAS DE PREVIDENCIA;00;RECURSOS PRIMARIOS DE LIVRE APLICACAO;8,563,295.91;;8,563,295.91;;8,563,295.91;3,291,986.94;5,271,308.97;4,511,873.34
2020;154003;FUND.COORD.DE APERF.DE PESSOAL NIVEL SUPERIOR;12;EDUCACAO;364;ENSINO SUPERIOR;0032;PROGRAMA DE GESTAO E MANUTENCAO DO PODER EXECUTIVO;20TP;ATIVOS CIVIS DA UNIAO;0000;ATIVOS CIVIS DA UNIAO;12364003220TP0053;170046;VCC80N99GAN;ADMINISTRACAO CAPES -DGES;90;APLICACOES DIRETAS;3;DESPESAS CORRENTES;1;PESSOAL E ENCARGOS SOCIAIS;11;VENCIMENTOS E VANTAGENS FIXAS - PESSOAL CIVIL;319011;VENCIMENTOS E VANTAGENS FIXAS - PESSOAL CIVIL;00;RECURSOS PRIMARIOS DE LIVRE APLICACAO;735542937.34;;735542937.34;;735542937.34;284860023.66;450682913.68;408917464.56
2020;154003;FUND.COORD.DE APERF.DE PESSOAL NIVEL SUPERIOR;12;EDUCACAO;364;ENSINO SUPERIOR;0032;PROGRAMA DE GESTAO E MANUTENCAO DO PODER EXECUTIVO;20TP;ATIVOS CIVIS DA UNIAO;0000;ATIVOS CIVIS DA UNIAO;12364003220TP0053;170046;VCC80N99GAN;ADMINISTRACAO CAPES -DGES;90;APLICACOES DIRETAS;3;DESPESAS CORRENTES;1;PESSOAL E ENCARGOS SOCIAIS;16;OUTRAS DESPESAS VARIAVEIS - PESSOAL CIVIL;319016;OUTRAS DESPESAS VARIAVEIS - PESSOAL CIVIL;00;RECURSOS PRIMARIOS DE LIVRE APLICACAO;5,534,032.25;;5,534,032.25;;5,534,032.25;1,923,109.67;3,610,922.58;3,198,041.73
2020;154003;FUND.COORD.DE APERF.DE PESSOAL NIVEL SUPERIOR;12;EDUCACAO;364;ENSINO SUPERIOR;0032;PROGRAMA DE GESTAO E MANUTENCAO DO PODER EXECUTIVO;20TP;ATIVOS CIVIS DA UNIAO;0000;ATIVOS CIVIS DA UNIAO;12364003220TP0053;170046;VCC80N99GAN;ADMINISTRACAO CAPES -DGES;90;APLICACOES DIRETAS;3;DESPESAS CORRENTES;1;PESSOAL E ENCARGOS SOCIAIS;91;SENTENCAS JUDICIAIS;319091;SENTENCAS JUDICIAIS;00;RECURSOS PRIMARIOS DE LIVRE APLICACAO;692,436.31;;692,436.31;;692,436.31;283,081.25;409,355.06;353,836.87
2020;154003;FUND.COORD.DE APERF.DE PESSOAL NIVEL SUPERIOR;12;EDUCACAO;364;ENSINO SUPERIOR;0032;PROGRAMA DE GESTAO E MANUTENCAO DO PODER EXECUTIVO;20TP;ATIVOS CIVIS DA UNIAO;0000;ATIVOS CIVIS DA UNIAO;12364003220TP0053;170046;VCC80N99GAN;ADMINISTRACAO CAPES -DGES;90;APLICACOES DIRETAS;3;DESPESAS CORRENTES;1;PESSOAL E ENCARGOS SOCIAIS;92;DESPESAS DE EXERCICIOS ANTERIORES;319092;DESPESAS DE EXERCICIOS ANTERIORES;00;RECURSOS PRIMARIOS DE LIVRE APLICACAO;603,431.11;;603,431.11;;603,431.11;414,698.93;188,732.18;170,921.81
2020;154003;FUND.COORD.DE APERF.DE PESSOAL NIVEL SUPERIOR;12;EDUCACAO;364;ENSINO SUPERIOR;0032;PROGRAMA DE GESTAO E MANUTENCAO DO PODER EXECUTIVO;20TP;ATIVOS CIVIS DA UNIAO;0000;ATIVOS CIVIS DA UNIAO;12364003220TP0053;170046;VCC80N99GAN;ADMINISTRACAO CAPES -DGES;90;APLICACOES DIRETAS;3;DESPESAS CORRENTES;1;PESSOAL E ENCARGOS SOCIAIS;96;RESSARCIMENTO DESPESAS PESSOAL REQUISITADO;319096;RESSARCIMENTO DE DESP. DE PESSOAL REQUISITADO;00;RECURSOS PRIMARIOS DE LIVRE APLICACAO;305,169.88;;305,169.88;;297,463.17;2,450.49;295,012.68;250,019.40
2020;154003;FUND.COORD.DE APERF.DE PESSOAL NIVEL SUPERIOR;12;EDUCACAO;364;ENSINO SUPERIOR;0032;PROGRAMA DE GESTAO E MANUTENCAO DO PODER EXECUTIVO;20TP;ATIVOS CIVIS DA UNIAO;0000;ATIVOS CIVIS DA UNIAO;12364003220TP0053;170046;VCC80N99GAN;ADMINISTRACAO CAPES -DGES;91;APLICACOES DIRETAS - OPERACOES INTERNAS;3;DESPESAS CORRENTES;1;PESSOAL E ENCARGOS SOCIAIS;13;OBRIGACOES PATRONAIS;319113;OBRIGACOES PATRONAIS - OP.INTRA-ORCAMENTARIAS;00;RECURSOS PRIMARIOS DE LIVRE APLICACAO;4,250,028.41;;4,250,028.41;;4,250,028.41;1,695,916.35;2,554,112.06;2,554,112.06
2020;154003;FUND.COORD.DE APERF.DE PESSOAL NIVEL SUPERIOR;12;EDUCACAO;364;ENSINO SUPERIOR;5013;EDUCACAO SUPERIOR - GRADUACAO, POS-GRADUACAO, ENSINO, PESQUI;0487;CONCESSAO DE BOLSAS DE ESTUDO NO ENSINO SUPERIOR;0000;CONCESSAO DE BOLSAS DE ESTUDO NO ENSINO SUPERIOR - DESPESAS DIVERSAS;12364501304870001;177352;'-8;SEM INFORMACAO;90;APLICACOES DIRETAS;3;DESPESAS CORRENTES;3;OUTRAS DESPESAS CORRENTES;00;[A DETALHAR];339000;APLICACOES DIRETAS;00;RECURSOS PRIMARIOS DE LIVRE APLICACAO;13624336544;;973166896.00;0.00;;;;
2020;154003;FUND.COORD.DE APERF.DE PESSOAL NIVEL SUPERIOR;12;EDUCACAO;364;ENSINO SUPERIOR;5013;EDUCACAO SUPERIOR - GRADUACAO, POS-GRADUACAO, ENSINO, PESQUI;0487;CONCESSAO DE BOLSAS DE ESTUDO NO ENSINO SUPERIOR;0000;CONCESSAO DE BOLSAS DE ESTUDO NO ENSINO SUPERIOR - DESPESAS DIVERSAS;12364501304870001;177355;'-8;SEM INFORMACAO;90;APLICACOES DIRETAS;3;DESPESAS CORRENTES;3;OUTRAS DESPESAS CORRENTES;00;[A DETALHAR];339000;APLICACOES DIRETAS;88;RECURSOS FINANCEIROS DE LIVRE APLICACAO;14,000.00;;1,000.00;0.00;;;;
2020;154003;FUND.COORD.DE APERF.DE PESSOAL NIVEL SUPERIOR;12;EDUCACAO;364;ENSINO SUPERIOR;5013;EDUCACAO SUPERIOR - GRADUACAO, POS-GRADUACAO, ENSINO, PESQUI;0487;CONCESSAO DE BOLSAS DE ESTUDO NO ENSINO SUPERIOR;0000;CONCESSAO DE BOLSAS DE ESTUDO NO ENSINO SUPERIOR - DESPESAS DIVERSAS;12364501304870001;177357;'-8;SEM INFORMACAO;30;TRANSFER. A ESTADOS E AO DISTRITO FEDERAL;3;DESPESAS CORRENTES;3;OUTRAS DESPESAS CORRENTES;00;[A DETALHAR];333000;TRANSFER.  A ESTADOS E AO DISTRITO FEDERAL;00;RECURSOS PRIMARIOS DE LIVRE APLICACAO;1,052,884.00;;75,206.00;0.00;;;;
2020;154003;FUND.COORD.DE APERF.DE PESSOAL NIVEL SUPERIOR;12;EDUCACAO;364;ENSINO SUPERIOR;5013;EDUCACAO SUPERIOR - GRADUACAO, POS-GRADUACAO, ENSINO, PESQUI;0487;CONCESSAO DE BOLSAS DE ESTUDO NO ENSINO SUPERIOR;0000;CONCESSAO DE BOLSAS DE ESTUDO NO ENSINO SUPERIOR - DESPESAS DIVERSAS;12364501304870001;177357;'-8;SEM INFORMACAO;90;APLICACOES DIRETAS;3;DESPESAS CORRENTES;3;OUTRAS DESPESAS CORRENTES;00;[A DETALHAR];339000;APLICACOES DIRETAS;00;RECURSOS PRIMARIOS DE LIVRE APLICACAO;668303762.00;;47735983.00;0.00;;;;
2020;154003;FUND.COORD.DE APERF.DE PESSOAL NIVEL SUPERIOR;12;EDUCACAO;364;ENSINO SUPERIOR;5013;EDUCACAO SUPERIOR - GRADUACAO, POS-GRADUACAO, ENSINO, PESQUI;0487;CONCESSAO DE BOLSAS DE ESTUDO NO ENSINO SUPERIOR;0001;CIENCIA SEM FRONTEIRAS;12364501304870001;170059;'-8;SEM INFORMACAO;90;APLICACOES DIRETAS;3;DESPESAS CORRENTES;3;OUTRAS DESPESAS CORRENTES;00;[A DETALHAR];339000;APLICACOES DIRETAS;00;RECURSOS PRIMARIOS DE LIVRE APLICACAO;32094060.00;;16049080.00;0.00;;;;
2020;154003;FUND.COORD.DE APERF.DE PESSOAL NIVEL SUPERIOR;12;EDUCACAO;364;ENSINO SUPERIOR;5013;EDUCACAO SUPERIOR - GRADUACAO, POS-GRADUACAO, ENSINO, PESQUI;0487;CONCESSAO DE BOLSAS DE ESTUDO NO ENSINO SUPERIOR;0001;CIENCIA SEM FRONTEIRAS;12364501304870001;170059;'-8;SEM INFORMACAO;90;APLICACOES DIRETAS;3;DESPESAS CORRENTES;3;OUTRAS DESPESAS CORRENTES;;;;;44;TITULOS DE RESPONSAB.DO TN-OUTRAS APLICACOES;;13755528.00;0.00;0.00;;;;
2020;154003;FUND.COORD.DE APERF.DE PESSOAL NIVEL SUPERIOR;12;EDUCACAO;364;ENSINO SUPERIOR;5013;EDUCACAO SUPERIOR - GRADUACAO, POS-GRADUACAO, ENSINO, PESQUI;0487;CONCESSAO DE BOLSAS DE ESTUDO NO ENSINO SUPERIOR;0001;CIENCIA SEM FRONTEIRAS;12364501304870001;170059;NCCCVO20PEN;CSF - PVES-PESQUISADOR VISITANTE ESPECIAL;90;APLICACOES DIRETAS;3;DESPESAS CORRENTES;3;OUTRAS DESPESAS CORRENTES;18;AUXILIO FINANCEIRO A ESTUDANTES;339018;AUXILIO FINANCEIRO A ESTUDANTES;00;RECURSOS PRIMARIOS DE LIVRE APLICACAO;53,300.00;;53,300.00;;53,300.00;0.00;53,300.00;53,300.00
2020;154003;FUND.COORD.DE APERF.DE PESSOAL NIVEL SUPERIOR;12;EDUCACAO;364;ENSINO SUPERIOR;5013;EDUCACAO SUPERIOR - GRADUACAO, POS-GRADUACAO, ENSINO, PESQUI;0487;CONCESSAO DE BOLSAS DE ESTUDO NO ENSINO SUPERIOR;0002;CONCESSAO DE BOLSAS DE ESTUDO NO PAIS;12364501304870001;170062;'-8;SEM INFORMACAO;30;TRANSFER. A ESTADOS E AO DISTRITO FEDERAL;3;DESPESAS CORRENTES;3;OUTRAS DESPESAS CORRENTES;00;[A DETALHAR];333000;TRANSFER.  A ESTADOS E AO DISTRITO FEDERAL;00;RECURSOS PRIMARIOS DE LIVRE APLICACAO;15870317.47;;15870317.47;;;;;
2020;154003;FUND.COORD.DE APERF.DE PESSOAL NIVEL SUPERIOR;12;EDUCACAO;364;ENSINO SUPERIOR;5013;EDUCACAO SUPERIOR - GRADUACAO, POS-GRADUACAO, ENSINO, PESQUI;0487;CONCESSAO DE BOLSAS DE ESTUDO NO ENSINO SUPERIOR;0002;CONCESSAO DE BOLSAS DE ESTUDO NO PAIS;12364501304870001;170062;'-8;SEM INFORMACAO;30;TRANSFER. A ESTADOS E AO DISTRITO FEDERAL;3;DESPESAS CORRENTES;3;OUTRAS DESPESAS CORRENTES;;;;;44;TITULOS DE RESPONSAB.DO TN-OUTRAS APLICACOES;;16385310.00;0.00;0.00;;;;
2020;154003;FUND.COORD.DE APERF.DE PESSOAL NIVEL SUPERIOR;12;EDUCACAO;364;ENSINO SUPERIOR;5013;EDUCACAO SUPERIOR - GRADUACAO, POS-GRADUACAO, ENSINO, PESQUI;0487;CONCESSAO DE BOLSAS DE ESTUDO NO ENSINO SUPERIOR;0002;CONCESSAO DE BOLSAS DE ESTUDO NO PAIS;12364501304870001;170062;'-8;SEM INFORMACAO;50;TRANSFERENCIA INSTITUICOES PRIVADAS SEM FINS LUCRATIVOS;3;DESPESAS CORRENTES;3;OUTRAS DESPESAS CORRENTES;00;[A DETALHAR];335000;TRANSFERENCIA INSTITUICOES PRIVADAS SEM FINS LUCRATIVOS;00;RECURSOS PRIMARIOS DE LIVRE APLICACAO;73141327.46;;73141327.46;;;;;
2020;154003;FUND.COORD.DE APERF.DE PESSOAL NIVEL SUPERIOR;12;EDUCACAO;364;ENSINO SUPERIOR;5013;EDUCACAO SUPERIOR - GRADUACAO, POS-GRADUACAO, ENSINO, PESQUI;0487;CONCESSAO DE BOLSAS DE ESTUDO NO ENSINO SUPERIOR;0002;CONCESSAO DE BOLSAS DE ESTUDO NO PAIS;12364501304870001;170062;'-8;SEM INFORMACAO;50;TRANSFERENCIA INSTITUICOES PRIVADAS SEM FINS LUCRATIVOS;3;DESPESAS CORRENTES;3;OUTRAS DESPESAS CORRENTES;;;;;44;TITULOS DE RESPONSAB.DO TN-OUTRAS APLICACOES;;45251415.00;0.00;0.00;;;;
2020;154003;FUND.COORD.DE APERF.DE PESSOAL NIVEL SUPERIOR;12;EDUCACAO;364;ENSINO SUPERIOR;5013;EDUCACAO SUPERIOR - GRADUACAO, POS-GRADUACAO, ENSINO, PESQUI;0487;CONCESSAO DE BOLSAS DE ESTUDO NO ENSINO SUPERIOR;0002;CONCESSAO DE BOLSAS DE ESTUDO NO PAIS;12364501304870001;170062;'-8;SEM INFORMACAO;90;APLICACOES DIRETAS;3;DESPESAS CORRENTES;3;OUTRAS DESPESAS CORRENTES;00;[A DETALHAR];339000;APLICACOES DIRETAS;00;RECURSOS PRIMARIOS DE LIVRE APLICACAO;-7840038288;2169533690.0;6996710029.6;;;;;
2020;154003;FUND.COORD.DE APERF.DE PESSOAL NIVEL SUPERIOR;12;EDUCACAO;364;ENSINO SUPERIOR;5013;EDUCACAO SUPERIOR - GRADUACAO, POS-GRADUACAO, ENSINO, PESQUI;0487;CONCESSAO DE BOLSAS DE ESTUDO NO ENSINO SUPERIOR;0002;CONCESSAO DE BOLSAS DE ESTUDO NO PAIS;12364501304870001;170062;'-8;SEM INFORMACAO;90;APLICACOES DIRETAS;3;DESPESAS CORRENTES;3;OUTRAS DESPESAS CORRENTES;;;;;08;FUNDO SOCIAL-PARC.DEST.EDUCACAO PUBL.E SAUDE;0.00;;0.00;;;;;
2020;154003;FUND.COORD.DE APERF.DE PESSOAL NIVEL SUPERIOR;12;EDUCACAO;364;ENSINO SUPERIOR;5013;EDUCACAO SUPERIOR - GRADUACAO, POS-GRADUACAO, ENSINO, PESQUI;0487;CONCESSAO DE BOLSAS DE ESTUDO NO ENSINO SUPERIOR;0002;CONCESSAO DE BOLSAS DE ESTUDO NO PAIS;12364501304870001;170062;'-8;SEM INFORMACAO;90;APLICACOES DIRETAS;3;DESPESAS CORRENTES;3;OUTRAS DESPESAS CORRENTES;;;;;44;TITULOS DE RESPONSAB.DO TN-OUTRAS APLICACOES;;290771046.00;0.00;0.00;;;;
2020;154003;FUND.COORD.DE APERF.DE PESSOAL NIVEL SUPERIOR;12;EDUCACAO;364;ENSINO SUPERIOR;5013;EDUCACAO SUPERIOR - GRADUACAO, POS-GRADUACAO, ENSINO, PESQUI;0487;CONCESSAO DE BOLSAS DE ESTUDO NO ENSINO SUPERIOR;0002;CONCESSAO DE BOLSAS DE ESTUDO NO PAIS;12364501304870001;170062;'-8;SEM INFORMACAO;90;APLICACOES DIRETAS;3;DESPESAS CORRENTES;3;OUTRAS DESPESAS CORRENTES;;;;;50;REC.PROPRIOS PRIMARIOS DE LIVRE APLICACAO;-528979872.0;1322449680.0;793469808.00;;;;;
2020;154003;FUND.COORD.DE APERF.DE PESSOAL NIVEL SUPERIOR;12;EDUCACAO;364;ENSINO SUPERIOR;5013;EDUCACAO SUPERIOR - GRADUACAO, POS-GRADUACAO, ENSINO, PESQUI;0487;CONCESSAO DE BOLSAS DE ESTUDO NO ENSINO SUPERIOR;0002;CONCESSAO DE BOLSAS DE ESTUDO NO PAIS;12364501304870001;170062;'-8;SEM INFORMACAO;90;APLICACOES DIRETAS;3;DESPESAS CORRENTES;3;OUTRAS DESPESAS CORRENTES;;;;;80;RECURSOS PROPRIOS FINANCEIROS;-106056184.0;265140460.00;159084276.00;;;;;
2020;154003;FUND.COORD.DE APERF.DE PESSOAL NIVEL SUPERIOR;12;EDUCACAO;364;ENSINO SUPERIOR;5013;EDUCACAO SUPERIOR - GRADUACAO, POS-GRADUACAO, ENSINO, PESQUI;0487;CONCESSAO DE BOLSAS DE ESTUDO NO ENSINO SUPERIOR;0002;CONCESSAO DE BOLSAS DE ESTUDO NO PAIS;12364501304870001;170062;'-8;SEM INFORMACAO;90;APLICACOES DIRETAS;3;DESPESAS CORRENTES;3;OUTRAS DESPESAS CORRENTES;;;;;81;RECURSOS DE CONVENIOS;(5250000.00);17500000.00;12250000.00;;;;;
2020;154003;FUND.COORD.DE APERF.DE PESSOAL NIVEL SUPERIOR;12;EDUCACAO;364;ENSINO SUPERIOR;5013;EDUCACAO SUPERIOR - GRADUACAO, POS-GRADUACAO, ENSINO, PESQUI;0487;CONCESSAO DE BOLSAS DE ESTUDO NO ENSINO SUPERIOR;0002;CONCESSAO DE BOLSAS DE ESTUDO NO PAIS;12364501304870001;170062;'-8;SEM INFORMACAO;90;APLICACOES DIRETAS;3;DESPESAS CORRENTES;3;OUTRAS DESPESAS CORRENTES;;;;;96;DOAC.PESSOAS FISICAS E INSTIT.PUB.E PRIV.NAC.;(4612851.00);15376170.00;10763319.00;;;;;
2020;154003;FUND.COORD.DE APERF.DE PESSOAL NIVEL SUPERIOR;12;EDUCACAO;364;ENSINO SUPERIOR;5013;EDUCACAO SUPERIOR - GRADUACAO, POS-GRADUACAO, ENSINO, PESQUI;0487;CONCESSAO DE BOLSAS DE ESTUDO NO ENSINO SUPERIOR;0002;CONCESSAO DE BOLSAS DE ESTUDO NO PAIS;12364501304870001;170062;'-8;SEM INFORMACAO;90;APLICACOES DIRETAS;3;DESPESAS CORRENTES;3;OUTRAS DESPESAS CORRENTES;30;MATERIAL DE CONSUMO;339030;MATERIAL DE CONSUMO;00;RECURSOS PRIMARIOS DE LIVRE APLICACAO;0.00;;0.00;;;;;
2020;154003;FUND.COORD.DE APERF.DE PESSOAL NIVEL SUPERIOR;12;EDUCACAO;364;ENSINO SUPERIOR;5013;EDUCACAO SUPERIOR - GRADUACAO, POS-GRADUACAO, ENSINO, PESQUI;0487;CONCESSAO DE BOLSAS DE ESTUDO NO ENSINO SUPERIOR;0002;CONCESSAO DE BOLSAS DE ESTUDO NO PAIS;12364501304870001;170062;'-8;SEM INFORMACAO;90;APLICACOES DIRETAS;3;DESPESAS CORRENTES;3;OUTRAS DESPESAS CORRENTES;39;OUTROS SERVICOS DE TERCEIROS PJ - OP.INT.ORC.;339039;OUTROS SERVICOS DE TERCEIROS - PESSOA JURIDICA;00;RECURSOS PRIMARIOS DE LIVRE APLICACAO;0.00;;0.00;;;;;
2020;154003;FUND.COORD.DE APERF.DE PESSOAL NIVEL SUPERIOR;12;EDUCACAO;364;ENSINO SUPERIOR;5013;EDUCACAO SUPERIOR - GRADUACAO, POS-GRADUACAO, ENSINO, PESQUI;0487;CONCESSAO DE BOLSAS DE ESTUDO NO ENSINO SUPERIOR;0002;CONCESSAO DE BOLSAS DE ESTUDO NO PAIS;12364501304870001;170062;'-8;SEM INFORMACAO;91;APLICACOES DIRETAS - OPERACOES INTERNAS;3;DESPESAS CORRENTES;3;OUTRAS DESPESAS CORRENTES;00;[A DETALHAR];339100;APLICACOES DIRETAS - OPER.INTRA-ORCAMENTARIAS;00;RECURSOS PRIMARIOS DE LIVRE APLICACAO;88,308.00;;88,308.00;;;;;
2020;154003;FUND.COORD.DE APERF.DE PESSOAL NIVEL SUPERIOR;12;EDUCACAO;364;ENSINO SUPERIOR;5013;EDUCACAO SUPERIOR - GRADUACAO, POS-GRADUACAO, ENSINO, PESQUI;0487;CONCESSAO DE BOLSAS DE ESTUDO NO ENSINO SUPERIOR;0002;CONCESSAO DE BOLSAS DE ESTUDO NO PAIS;12364501304870001;170062;'-8;SEM INFORMACAO;91;APLICACOES DIRETAS - OPERACOES INTERNAS;3;DESPESAS CORRENTES;3;OUTRAS DESPESAS CORRENTES;;;;;44;TITULOS DE RESPONSAB.DO TN-OUTRAS APLICACOES;;49,797.00;0.00;0.00;;;;
2020;154003;FUND.COORD.DE APERF.DE PESSOAL NIVEL SUPERIOR;12;EDUCACAO;364;ENSINO SUPERIOR;5013;EDUCACAO SUPERIOR - GRADUACAO, POS-GRADUACAO, ENSINO, PESQUI;0487;CONCESSAO DE BOLSAS DE ESTUDO NO ENSINO SUPERIOR;0002;CONCESSAO DE BOLSAS DE ESTUDO NO PAIS;12364501304870001;170062;NCCCUU1916N;BFSUPERIOR - PRODOUTORAL;90;APLICACOES DIRETAS;3;DESPESAS CORRENTES;3;OUTRAS DESPESAS CORRENTES;18;AUXILIO FINANCEIRO A ESTUDANTES;339018;AUXILIO FINANCEIRO A ESTUDANTES;00;RECURSOS PRIMARIOS DE LIVRE APLICACAO;41959600.00;;41959600.00;;41959600.00;5,469,100.00;36135900.00;34202900.00
2020;154003;FUND.COORD.DE APERF.DE PESSOAL NIVEL SUPERIOR;12;EDUCACAO;364;ENSINO SUPERIOR;5013;EDUCACAO SUPERIOR - GRADUACAO, POS-GRADUACAO, ENSINO, PESQUI;0487;CONCESSAO DE BOLSAS DE ESTUDO NO ENSINO SUPERIOR;0002;CONCESSAO DE BOLSAS DE ESTUDO NO PAIS;12364501304870001;170062;NCCCUU1916N;BFSUPERIOR - PRODOUTORAL;90;APLICACOES DIRETAS;3;DESPESAS CORRENTES;3;OUTRAS DESPESAS CORRENTES;;;;;08;FUNDO SOCIAL-PARC.DEST.EDUCACAO PUBL.E SAUDE;0.00;;0.00;;0.00;0.00;;
2020;154003;FUND.COORD.DE APERF.DE PESSOAL NIVEL SUPERIOR;12;EDUCACAO;364;ENSINO SUPERIOR;5013;EDUCACAO SUPERIOR - GRADUACAO, POS-GRADUACAO, ENSINO, PESQUI;0487;CONCESSAO DE BOLSAS DE ESTUDO NO ENSINO SUPERIOR;0002;CONCESSAO DE BOLSAS DE ESTUDO NO PAIS;12364501304870001;170062;NCCCUU1918N;BFSUPERIOR - DINTER;90;APLICACOES DIRETAS;3;DESPESAS CORRENTES;3;OUTRAS DESPESAS CORRENTES;18;AUXILIO FINANCEIRO A ESTUDANTES;339018;AUXILIO FINANCEIRO A ESTUDANTES;00;RECURSOS PRIMARIOS DE LIVRE APLICACAO;20589200.00;;20589200.00;;20589200.00;3,162,400.00;17310400.00;16403000.00
2020;154003;FUND.COORD.DE APERF.DE PESSOAL NIVEL SUPERIOR;12;EDUCACAO;364;ENSINO SUPERIOR;5013;EDUCACAO SUPERIOR - GRADUACAO, POS-GRADUACAO, ENSINO, PESQUI;0487;CONCESSAO DE BOLSAS DE ESTUDO NO ENSINO SUPERIOR;0002;CONCESSAO DE BOLSAS DE ESTUDO NO PAIS;12364501304870001;170062;NCCCUU1918N;BFSUPERIOR - DINTER;90;APLICACOES DIRETAS;3;DESPESAS CORRENTES;3;OUTRAS DESPESAS CORRENTES;;;;;08;FUNDO SOCIAL-PARC.DEST.EDUCACAO PUBL.E SAUDE;0.00;;0.00;;0.00;0.00;;
2020;154003;FUND.COORD.DE APERF.DE PESSOAL NIVEL SUPERIOR;12;EDUCACAO;364;ENSINO SUPERIOR;5013;EDUCACAO SUPERIOR - GRADUACAO, POS-GRADUACAO, ENSINO, PESQUI;0487;CONCESSAO DE BOLSAS DE ESTUDO NO ENSINO SUPERIOR;0002;CONCESSAO DE BOLSAS DE ESTUDO NO PAIS;12364501304870001;170062;NCCCUU2018N;BFSUPERIOR - DINTER;90;APLICACOES DIRETAS;3;DESPESAS CORRENTES;3;OUTRAS DESPESAS CORRENTES;20;AUXILIO FINANCEIRO A PESQUISADORES;339020;AUXILIO FINANCEIRO A PESQUISADORES;00;RECURSOS PRIMARIOS DE LIVRE APLICACAO;16200477.00;;16200477.00;;14527362.00;2,797,875.00;11729487.00;10501124.00
2020;154003;FUND.COORD.DE APERF.DE PESSOAL NIVEL SUPERIOR;12;EDUCACAO;364;ENSINO SUPERIOR;5013;EDUCACAO SUPERIOR - GRADUACAO, POS-GRADUACAO, ENSINO, PESQUI;0487;CONCESSAO DE BOLSAS DE ESTUDO NO ENSINO SUPERIOR;0002;CONCESSAO DE BOLSAS DE ESTUDO NO PAIS;12364501304870001;170062;OCCCGG1943N;PARNACION - PELD;90;APLICACOES DIRETAS;3;DESPESAS CORRENTES;3;OUTRAS DESPESAS CORRENTES;18;AUXILIO FINANCEIRO A ESTUDANTES;339018;AUXILIO FINANCEIRO A ESTUDANTES;00;RECURSOS PRIMARIOS DE LIVRE APLICACAO;1,564,600.00;;1,564,600.00;;1,564,600.00;309,000.00;1,225,600.00;1,157,200.00
2020;154003;FUND.COORD.DE APERF.DE PESSOAL NIVEL SUPERIOR;12;EDUCACAO;364;ENSINO SUPERIOR;5013;EDUCACAO SUPERIOR - GRADUACAO, POS-GRADUACAO, ENSINO, PESQUI;0487;CONCESSAO DE BOLSAS DE ESTUDO NO ENSINO SUPERIOR;0002;CONCESSAO DE BOLSAS DE ESTUDO NO PAIS;12364501304870001;170062;OCCCGG1943N;PARNACION - PELD;90;APLICACOES DIRETAS;3;DESPESAS CORRENTES;3;OUTRAS DESPESAS CORRENTES;;;;;08;FUNDO SOCIAL-PARC.DEST.EDUCACAO PUBL.E SAUDE;0.00;;0.00;;0.00;0.00;;
2020;154003;FUND.COORD.DE APERF.DE PESSOAL NIVEL SUPERIOR;12;EDUCACAO;364;ENSINO SUPERIOR;5013;EDUCACAO SUPERIOR - GRADUACAO, POS-GRADUACAO, ENSINO, PESQUI;0487;CONCESSAO DE BOLSAS DE ESTUDO NO ENSINO SUPERIOR;0002;CONCESSAO DE BOLSAS DE ESTUDO NO PAIS;12364501304870001;170062;OCCCGN1944N;PARNACION - CAPES/USP;90;APLICACOES DIRETAS;3;DESPESAS CORRENTES;3;OUTRAS DESPESAS CORRENTES;18;AUXILIO FINANCEIRO A ESTUDANTES;339018;AUXILIO FINANCEIRO A ESTUDANTES;00;RECURSOS PRIMARIOS DE LIVRE APLICACAO;2,802,222.24;;2,802,222.24;;2,802,222.24;940,350.68;1,861,871.56;1,767,046.82
2020;154003;FUND.COORD.DE APERF.DE PESSOAL NIVEL SUPERIOR;12;EDUCACAO;364;ENSINO SUPERIOR;5013;EDUCACAO SUPERIOR - GRADUACAO, POS-GRADUACAO, ENSINO, PESQUI;0487;CONCESSAO DE BOLSAS DE ESTUDO NO ENSINO SUPERIOR;0002;CONCESSAO DE BOLSAS DE ESTUDO NO PAIS;12364501304870001;170062;OCCCGN1944N;PARNACION - CAPES/USP;90;APLICACOES DIRETAS;3;DESPESAS CORRENTES;3;OUTRAS DESPESAS CORRENTES;;;;;08;FUNDO SOCIAL-PARC.DEST.EDUCACAO PUBL.E SAUDE;0.00;;0.00;;0.00;0.00;;
2020;154003;FUND.COORD.DE APERF.DE PESSOAL NIVEL SUPERIOR;12;EDUCACAO;364;ENSINO SUPERIOR;5013;EDUCACAO SUPERIOR - GRADUACAO, POS-GRADUACAO, ENSINO, PESQUI;0487;CONCESSAO DE BOLSAS DE ESTUDO NO ENSINO SUPERIOR;0002;CONCESSAO DE BOLSAS DE ESTUDO NO PAIS;12364501304870001;170062;OCCCGO1901N;PARNACION - CAPES/FAPEAM;90;APLICACOES DIRETAS;3;DESPESAS CORRENTES;3;OUTRAS DESPESAS CORRENTES;18;AUXILIO FINANCEIRO A ESTUDANTES;339018;AUXILIO FINANCEIRO A ESTUDANTES;00;RECURSOS PRIMARIOS DE LIVRE APLICACAO;17407400.00;;17407400.00;;17407400.00;2,014,000.00;15393400.00;14765200.00
2020;154003;FUND.COORD.DE APERF.DE PESSOAL NIVEL SUPERIOR;12;EDUCACAO;364;ENSINO SUPERIOR;5013;EDUCACAO SUPERIOR - GRADUACAO, POS-GRADUACAO, ENSINO, PESQUI;0487;CONCESSAO DE BOLSAS DE ESTUDO NO ENSINO SUPERIOR;0002;CONCESSAO DE BOLSAS DE ESTUDO NO PAIS;12364501304870001;170062;OCCCGO1902N;PARNACION - CAPES/FAPITEC;90;APLICACOES DIRETAS;3;DESPESAS CORRENTES;3;OUTRAS DESPESAS CORRENTES;18;AUXILIO FINANCEIRO A ESTUDANTES;339018;AUXILIO FINANCEIRO A ESTUDANTES;00;RECURSOS PRIMARIOS DE LIVRE APLICACAO;12939000.00;;12939000.00;;12939000.00;2,866,500.00;10056300.00;9,628,500.00
2020;154003;FUND.COORD.DE APERF.DE PESSOAL NIVEL SUPERIOR;12;EDUCACAO;364;ENSINO SUPERIOR;5013;EDUCACAO SUPERIOR - GRADUACAO, POS-GRADUACAO, ENSINO, PESQUI;0487;CONCESSAO DE BOLSAS DE ESTUDO NO ENSINO SUPERIOR;0002;CONCESSAO DE BOLSAS DE ESTUDO NO PAIS;12364501304870001;170062;OCCCGO1902N;PARNACION - CAPES/FAPITEC;90;APLICACOES DIRETAS;3;DESPESAS CORRENTES;3;OUTRAS DESPESAS CORRENTES;;;;;08;FUNDO SOCIAL-PARC.DEST.EDUCACAO PUBL.E SAUDE;0.00;;0.00;;0.00;0.00;;
2020;154003;FUND.COORD.DE APERF.DE PESSOAL NIVEL SUPERIOR;12;EDUCACAO;364;ENSINO SUPERIOR;5013;EDUCACAO SUPERIOR - GRADUACAO, POS-GRADUACAO, ENSINO, PESQUI;0487;CONCESSAO DE BOLSAS DE ESTUDO NO ENSINO SUPERIOR;0002;CONCESSAO DE BOLSAS DE ESTUDO NO PAIS;12364501304870001;170062;OCCCGO1903N;PARNACION - CAPES/FAPEAL;90;APLICACOES DIRETAS;3;DESPESAS CORRENTES;3;OUTRAS DESPESAS CORRENTES;18;AUXILIO FINANCEIRO A ESTUDANTES;339018;AUXILIO FINANCEIRO A ESTUDANTES;00;RECURSOS PRIMARIOS DE LIVRE APLICACAO;20011700.00;;20011700.00;;20011700.00;2,661,200.00;17254800.00;16340100.00
2020;154003;FUND.COORD.DE APERF.DE PESSOAL NIVEL SUPERIOR;12;EDUCACAO;364;ENSINO SUPERIOR;5013;EDUCACAO SUPERIOR - GRADUACAO, POS-GRADUACAO, ENSINO, PESQUI;0487;CONCESSAO DE BOLSAS DE ESTUDO NO ENSINO SUPERIOR;0002;CONCESSAO DE BOLSAS DE ESTUDO NO PAIS;12364501304870001;170062;OCCCGO1903N;PARNACION - CAPES/FAPEAL;90;APLICACOES DIRETAS;3;DESPESAS CORRENTES;3;OUTRAS DESPESAS CORRENTES;;;;;08;FUNDO SOCIAL-PARC.DEST.EDUCACAO PUBL.E SAUDE;0.00;;0.00;;0.00;0.00;;
2020;154003;FUND.COORD.DE APERF.DE PESSOAL NIVEL SUPERIOR;12;EDUCACAO;364;ENSINO SUPERIOR;5013;EDUCACAO SUPERIOR - GRADUACAO, POS-GRADUACAO, ENSINO, PESQUI;0487;CONCESSAO DE BOLSAS DE ESTUDO NO ENSINO SUPERIOR;0002;CONCESSAO DE BOLSAS DE ESTUDO NO PAIS;12364501304870001;170062;OCCCGO1905N;PARNACION - CAPES/FAPERGS;90;APLICACOES DIRETAS;3;DESPESAS CORRENTES;3;OUTRAS DESPESAS CORRENTES;18;AUXILIO FINANCEIRO A ESTUDANTES;339018;AUXILIO FINANCEIRO A ESTUDANTES;00;RECURSOS PRIMARIOS DE LIVRE APLICACAO;37742600.00;;37742600.00;;37742600.00;5,113,700.00;32425500.00;31023800.00
2020;154003;FUND.COORD.DE APERF.DE PESSOAL NIVEL SUPERIOR;12;EDUCACAO;364;ENSINO SUPERIOR;5013;EDUCACAO SUPERIOR - GRADUACAO, POS-GRADUACAO, ENSINO, PESQUI;0487;CONCESSAO DE BOLSAS DE ESTUDO NO ENSINO SUPERIOR;0002;CONCESSAO DE BOLSAS DE ESTUDO NO PAIS;12364501304870001;170062;OCCCGO1905N;PARNACION - CAPES/FAPERGS;90;APLICACOES DIRETAS;3;DESPESAS CORRENTES;3;OUTRAS DESPESAS CORRENTES;;;;;08;FUNDO SOCIAL-PARC.DEST.EDUCACAO PUBL.E SAUDE;0.00;;0.00;;0.00;0.00;;
2020;154003;FUND.COORD.DE APERF.DE PESSOAL NIVEL SUPERIOR;12;EDUCACAO;364;ENSINO SUPERIOR;5013;EDUCACAO SUPERIOR - GRADUACAO, POS-GRADUACAO, ENSINO, PESQUI;0487;CONCESSAO DE BOLSAS DE ESTUDO NO ENSINO SUPERIOR;0002;CONCESSAO DE BOLSAS DE ESTUDO NO PAIS;12364501304870001;170062;OCCCGO1908N;PARNACION - PRO-DEFESA;90;APLICACOES DIRETAS;3;DESPESAS CORRENTES;3;OUTRAS DESPESAS CORRENTES;18;AUXILIO FINANCEIRO A ESTUDANTES;339018;AUXILIO FINANCEIRO A ESTUDANTES;00;RECURSOS PRIMARIOS DE LIVRE APLICACAO;10069700.00;;10069700.00;;10069700.00;1,241,900.00;8,817,000.00;8,361,600.00
2020;154003;FUND.COORD.DE APERF.DE PESSOAL NIVEL SUPERIOR;12;EDUCACAO;364;ENSINO SUPERIOR;5013;EDUCACAO SUPERIOR - GRADUACAO, POS-GRADUACAO, ENSINO, PESQUI;0487;CONCESSAO DE BOLSAS DE ESTUDO NO ENSINO SUPERIOR;0002;CONCESSAO DE BOLSAS DE ESTUDO NO PAIS;12364501304870001;170062;OCCCGO1908N;PARNACION - PRO-DEFESA;90;APLICACOES DIRETAS;3;DESPESAS CORRENTES;3;OUTRAS DESPESAS CORRENTES;;;;;08;FUNDO SOCIAL-PARC.DEST.EDUCACAO PUBL.E SAUDE;0.00;;0.00;;0.00;0.00;;
2020;154003;FUND.COORD.DE APERF.DE PESSOAL NIVEL SUPERIOR;12;EDUCACAO;364;ENSINO SUPERIOR;5013;EDUCACAO SUPERIOR - GRADUACAO, POS-GRADUACAO, ENSINO, PESQUI;0487;CONCESSAO DE BOLSAS DE ESTUDO NO ENSINO SUPERIOR;0002;CONCESSAO DE BOLSAS DE ESTUDO NO PAIS;12364501304870001;170062;OCCCGO1916N;PARNACION - CAPES/FUNCAP;90;APLICACOES DIRETAS;3;DESPESAS CORRENTES;3;OUTRAS DESPESAS CORRENTES;18;AUXILIO FINANCEIRO A ESTUDANTES;339018;AUXILIO FINANCEIRO A ESTUDANTES;00;RECURSOS PRIMARIOS DE LIVRE APLICACAO;13030702.48;;13030702.48;;13030702.48;2,690,697.74;10233804.74;9,859,288.48
2020;154003;FUND.COORD.DE APERF.DE PESSOAL NIVEL SUPERIOR;12;EDUCACAO;364;ENSINO SUPERIOR;5013;EDUCACAO SUPERIOR - GRADUACAO, POS-GRADUACAO, ENSINO, PESQUI;0487;CONCESSAO DE BOLSAS DE ESTUDO NO ENSINO SUPERIOR;0002;CONCESSAO DE BOLSAS DE ESTUDO NO PAIS;12364501304870001;170062;OCCCGO1916N;PARNACION - CAPES/FUNCAP;90;APLICACOES DIRETAS;3;DESPESAS CORRENTES;3;OUTRAS DESPESAS CORRENTES;;;;;08;FUNDO SOCIAL-PARC.DEST.EDUCACAO PUBL.E SAUDE;0.00;;0.00;;0.00;0.00;;
2020;154003;FUND.COORD.DE APERF.DE PESSOAL NIVEL SUPERIOR;12;EDUCACAO;364;ENSINO SUPERIOR;5013;EDUCACAO SUPERIOR - GRADUACAO, POS-GRADUACAO, ENSINO, PESQUI;0487;CONCESSAO DE BOLSAS DE ESTUDO NO ENSINO SUPERIOR;0002;CONCESSAO DE BOLSAS DE ESTUDO NO PAIS;12364501304870001;170062;OCCCGO1917N;PARNACION - CAPES/FAPEPI;90;APLICACOES DIRETAS;3;DESPESAS CORRENTES;3;OUTRAS DESPESAS CORRENTES;18;AUXILIO FINANCEIRO A ESTUDANTES;339018;AUXILIO FINANCEIRO A ESTUDANTES;00;RECURSOS PRIMARIOS DE LIVRE APLICACAO;25822500.00;;25822500.00;;25822500.00;7,332,900.00;18399000.00;17589100.00
2020;154003;FUND.COORD.DE APERF.DE PESSOAL NIVEL SUPERIOR;12;EDUCACAO;364;ENSINO SUPERIOR;5013;EDUCACAO SUPERIOR - GRADUACAO, POS-GRADUACAO, ENSINO, PESQUI;0487;CONCESSAO DE BOLSAS DE ESTUDO NO ENSINO SUPERIOR;0002;CONCESSAO DE BOLSAS DE ESTUDO NO PAIS;12364501304870001;170062;OCCCGO1917N;PARNACION - CAPES/FAPEPI;90;APLICACOES DIRETAS;3;DESPESAS CORRENTES;3;OUTRAS DESPESAS CORRENTES;;;;;08;FUNDO SOCIAL-PARC.DEST.EDUCACAO PUBL.E SAUDE;0.00;;0.00;;0.00;0.00;;
2020;154003;FUND.COORD.DE APERF.DE PESSOAL NIVEL SUPERIOR;12;EDUCACAO;364;ENSINO SUPERIOR;5013;EDUCACAO SUPERIOR - GRADUACAO, POS-GRADUACAO, ENSINO, PESQUI;0487;CONCESSAO DE BOLSAS DE ESTUDO NO ENSINO SUPERIOR;0002;CONCESSAO DE BOLSAS DE ESTUDO NO PAIS;12364501304870001;170062;OCCCGO1918N;PARNACION - CAPES/FAPEMAT;90;APLICACOES DIRETAS;3;DESPESAS CORRENTES;3;OUTRAS DESPESAS CORRENTES;18;AUXILIO FINANCEIRO A ESTUDANTES;339018;AUXILIO FINANCEIRO A ESTUDANTES;00;RECURSOS PRIMARIOS DE LIVRE APLICACAO;21652100.00;;21652100.00;;21652100.00;3,793,300.00;17804200.00;17120600.00
2020;154003;FUND.COORD.DE APERF.DE PESSOAL NIVEL SUPERIOR;12;EDUCACAO;364;ENSINO SUPERIOR;5013;EDUCACAO SUPERIOR - GRADUACAO, POS-GRADUACAO, ENSINO, PESQUI;0487;CONCESSAO DE BOLSAS DE ESTUDO NO ENSINO SUPERIOR;0002;CONCESSAO DE BOLSAS DE ESTUDO NO PAIS;12364501304870001;170062;OCCCGO1918N;PARNACION - CAPES/FAPEMAT;90;APLICACOES DIRETAS;3;DESPESAS CORRENTES;3;OUTRAS DESPESAS CORRENTES;;;;;08;FUNDO SOCIAL-PARC.DEST.EDUCACAO PUBL.E SAUDE;0.00;;0.00;;0.00;0.00;;
2020;154003;FUND.COORD.DE APERF.DE PESSOAL NIVEL SUPERIOR;12;EDUCACAO;364;ENSINO SUPERIOR;5013;EDUCACAO SUPERIOR - GRADUACAO, POS-GRADUACAO, ENSINO, PESQUI;0487;CONCESSAO DE BOLSAS DE ESTUDO NO ENSINO SUPERIOR;0002;CONCESSAO DE BOLSAS DE ESTUDO NO PAIS;12364501304870001;170062;OCCCGO1919N;PARNACION - CAPES/FAPEG;90;APLICACOES DIRETAS;3;DESPESAS CORRENTES;3;OUTRAS DESPESAS CORRENTES;18;AUXILIO FINANCEIRO A ESTUDANTES;339018;AUXILIO FINANCEIRO A ESTUDANTES;00;RECURSOS PRIMARIOS DE LIVRE APLICACAO;41604900.00;;41604900.00;;41604900.00;5,053,400.00;35954500.00;34326900.00
2020;154003;FUND.COORD.DE APERF.DE PESSOAL NIVEL SUPERIOR;12;EDUCACAO;364;ENSINO SUPERIOR;5013;EDUCACAO SUPERIOR - GRADUACAO, POS-GRADUACAO, ENSINO, PESQUI;0487;CONCESSAO DE BOLSAS DE ESTUDO NO ENSINO SUPERIOR;0002;CONCESSAO DE BOLSAS DE ESTUDO NO PAIS;12364501304870001;170062;OCCCGO1919N;PARNACION - CAPES/FAPEG;90;APLICACOES DIRETAS;3;DESPESAS CORRENTES;3;OUTRAS DESPESAS CORRENTES;;;;;08;FUNDO SOCIAL-PARC.DEST.EDUCACAO PUBL.E SAUDE;0.00;;0.00;;0.00;0.00;;
2020;154003;FUND.COORD.DE APERF.DE PESSOAL NIVEL SUPERIOR;12;EDUCACAO;364;ENSINO SUPERIOR;5013;EDUCACAO SUPERIOR - GRADUACAO, POS-GRADUACAO, ENSINO, PESQUI;0487;CONCESSAO DE BOLSAS DE ESTUDO NO ENSINO SUPERIOR;0002;CONCESSAO DE BOLSAS DE ESTUDO NO PAIS;12364501304870001;170062;OCCCGO1920N;PARNACION - CAPES/FUNDACAO ARAUCARIA;90;APLICACOES DIRETAS;3;DESPESAS CORRENTES;3;OUTRAS DESPESAS CORRENTES;18;AUXILIO FINANCEIRO A ESTUDANTES;339018;AUXILIO FINANCEIRO A ESTUDANTES;00;RECURSOS PRIMARIOS DE LIVRE APLICACAO;71712200.00;;71712200.00;;71712200.00;11159800.00;60368500.00;57830400.00
2020;154003;FUND.COORD.DE APERF.DE PESSOAL NIVEL SUPERIOR;12;EDUCACAO;364;ENSINO SUPERIOR;5013;EDUCACAO SUPERIOR - GRADUACAO, POS-GRADUACAO, ENSINO, PESQUI;0487;CONCESSAO DE BOLSAS DE ESTUDO NO ENSINO SUPERIOR;0002;CONCESSAO DE BOLSAS DE ESTUDO NO PAIS;12364501304870001;170062;OCCCGO1920N;PARNACION - CAPES/FUNDACAO ARAUCARIA;90;APLICACOES DIRETAS;3;DESPESAS CORRENTES;3;OUTRAS DESPESAS CORRENTES;;;;;08;FUNDO SOCIAL-PARC.DEST.EDUCACAO PUBL.E SAUDE;0.00;;0.00;;0.00;0.00;;
2020;154003;FUND.COORD.DE APERF.DE PESSOAL NIVEL SUPERIOR;12;EDUCACAO;364;ENSINO SUPERIOR;5013;EDUCACAO SUPERIOR - GRADUACAO, POS-GRADUACAO, ENSINO, PESQUI;0487;CONCESSAO DE BOLSAS DE ESTUDO NO ENSINO SUPERIOR;0002;CONCESSAO DE BOLSAS DE ESTUDO NO PAIS;12364501304870001;170062;OCCCGO1922N;PARNACION - CAPES/ELETRONUCLEAR;90;APLICACOES DIRETAS;3;DESPESAS CORRENTES;3;OUTRAS DESPESAS CORRENTES;18;AUXILIO FINANCEIRO A ESTUDANTES;339018;AUXILIO FINANCEIRO A ESTUDANTES;00;RECURSOS PRIMARIOS DE LIVRE APLICACAO;2,200.00;;2,200.00;;2,200.00;2,200.00;;
2020;154003;FUND.COORD.DE APERF.DE PESSOAL NIVEL SUPERIOR;12;EDUCACAO;364;ENSINO SUPERIOR;5013;EDUCACAO SUPERIOR - GRADUACAO, POS-GRADUACAO, ENSINO, PESQUI;0487;CONCESSAO DE BOLSAS DE ESTUDO NO ENSINO SUPERIOR;0002;CONCESSAO DE BOLSAS DE ESTUDO NO PAIS;12364501304870001;170062;OCCCGO1922N;PARNACION - CAPES/ELETRONUCLEAR;90;APLICACOES DIRETAS;3;DESPESAS CORRENTES;3;OUTRAS DESPESAS CORRENTES;;;;;08;FUNDO SOCIAL-PARC.DEST.EDUCACAO PUBL.E SAUDE;0.00;;0.00;;0.00;0.00;;
2020;154003;FUND.COORD.DE APERF.DE PESSOAL NIVEL SUPERIOR;12;EDUCACAO;364;ENSINO SUPERIOR;5013;EDUCACAO SUPERIOR - GRADUACAO, POS-GRADUACAO, ENSINO, PESQUI;0487;CONCESSAO DE BOLSAS DE ESTUDO NO ENSINO SUPERIOR;0002;CONCESSAO DE BOLSAS DE ESTUDO NO PAIS;12364501304870001;170062;OCCCGO1924N;PARNACION - CAPES/FAPESC;90;APLICACOES DIRETAS;3;DESPESAS CORRENTES;3;OUTRAS DESPESAS CORRENTES;18;AUXILIO FINANCEIRO A ESTUDANTES;339018;AUXILIO FINANCEIRO A ESTUDANTES;00;RECURSOS PRIMARIOS DE LIVRE APLICACAO;29603100.00;;29603100.00;;29603100.00;4,587,100.00;24908600.00;24208700.00
2020;154003;FUND.COORD.DE APERF.DE PESSOAL NIVEL SUPERIOR;12;EDUCACAO;364;ENSINO SUPERIOR;5013;EDUCACAO SUPERIOR - GRADUACAO, POS-GRADUACAO, ENSINO, PESQUI;0487;CONCESSAO DE BOLSAS DE ESTUDO NO ENSINO SUPERIOR;0002;CONCESSAO DE BOLSAS DE ESTUDO NO PAIS;12364501304870001;170062;OCCCGO1924N;PARNACION - CAPES/FAPESC;90;APLICACOES DIRETAS;3;DESPESAS CORRENTES;3;OUTRAS DESPESAS CORRENTES;;;;;08;FUNDO SOCIAL-PARC.DEST.EDUCACAO PUBL.E SAUDE;0.00;;0.00;;0.00;0.00;;
2020;154003;FUND.COORD.DE APERF.DE PESSOAL NIVEL SUPERIOR;12;EDUCACAO;364;ENSINO SUPERIOR;5013;EDUCACAO SUPERIOR - GRADUACAO, POS-GRADUACAO, ENSINO, PESQUI;0487;CONCESSAO DE BOLSAS DE ESTUDO NO ENSINO SUPERIOR;0002;CONCESSAO DE BOLSAS DE ESTUDO NO PAIS;12364501304870001;170062;OCCCGO1930N;PARNACION - CAPES/FAPES;90;APLICACOES DIRETAS;3;DESPESAS CORRENTES;3;OUTRAS DESPESAS CORRENTES;18;AUXILIO FINANCEIRO A ESTUDANTES;339018;AUXILIO FINANCEIRO A ESTUDANTES;00;RECURSOS PRIMARIOS DE LIVRE APLICACAO;29654600.00;;29654600.00;;29654600.00;4,135,800.00;25403900.00;24365800.00
2020;154003;FUND.COORD.DE APERF.DE PESSOAL NIVEL SUPERIOR;12;EDUCACAO;364;ENSINO SUPERIOR;5013;EDUCACAO SUPERIOR - GRADUACAO, POS-GRADUACAO, ENSINO, PESQUI;0487;CONCESSAO DE BOLSAS DE ESTUDO NO ENSINO SUPERIOR;0002;CONCESSAO DE BOLSAS DE ESTUDO NO PAIS;12364501304870001;170062;OCCCGO1930N;PARNACION - CAPES/FAPES;90;APLICACOES DIRETAS;3;DESPESAS CORRENTES;3;OUTRAS DESPESAS CORRENTES;;;;;08;FUNDO SOCIAL-PARC.DEST.EDUCACAO PUBL.E SAUDE;0.00;;0.00;;0.00;0.00;;
2020;154003;FUND.COORD.DE APERF.DE PESSOAL NIVEL SUPERIOR;12;EDUCACAO;364;ENSINO SUPERIOR;5013;EDUCACAO SUPERIOR - GRADUACAO, POS-GRADUACAO, ENSINO, PESQUI;0487;CONCESSAO DE BOLSAS DE ESTUDO NO ENSINO SUPERIOR;0002;CONCESSAO DE BOLSAS DE ESTUDO NO PAIS;12364501304870001;170062;OCCCGO1931N;PARNACION - CAPES/PGPTA;90;APLICACOES DIRETAS;3;DESPESAS CORRENTES;3;OUTRAS DESPESAS CORRENTES;18;AUXILIO FINANCEIRO A ESTUDANTES;339018;AUXILIO FINANCEIRO A ESTUDANTES;00;RECURSOS PRIMARIOS DE LIVRE APLICACAO;593,100.00;;593,100.00;;593,100.00;72,200.00;513,700.00;489,000.00
2020;154003;FUND.COORD.DE APERF.DE PESSOAL NIVEL SUPERIOR;12;EDUCACAO;364;ENSINO SUPERIOR;5013;EDUCACAO SUPERIOR - GRADUACAO, POS-GRADUACAO, ENSINO, PESQUI;0487;CONCESSAO DE BOLSAS DE ESTUDO NO ENSINO SUPERIOR;0002;CONCESSAO DE BOLSAS DE ESTUDO NO PAIS;12364501304870001;170062;OCCCGO1932N;PARNACION - CAPES/FAPEMA;90;APLICACOES DIRETAS;3;DESPESAS CORRENTES;3;OUTRAS DESPESAS CORRENTES;18;AUXILIO FINANCEIRO A ESTUDANTES;339018;AUXILIO FINANCEIRO A ESTUDANTES;00;RECURSOS PRIMARIOS DE LIVRE APLICACAO;3,501,000.00;;3,501,000.00;;3,501,000.00;513,000.00;2,853,000.00;2,703,400.00
2020;154003;FUND.COORD.DE APERF.DE PESSOAL NIVEL SUPERIOR;12;EDUCACAO;364;ENSINO SUPERIOR;5013;EDUCACAO SUPERIOR - GRADUACAO, POS-GRADUACAO, ENSINO, PESQUI;0487;CONCESSAO DE BOLSAS DE ESTUDO NO ENSINO SUPERIOR;0002;CONCESSAO DE BOLSAS DE ESTUDO NO PAIS;12364501304870001;170062;OCCCGO1933N;PARNACION - FAPERO;90;APLICACOES DIRETAS;3;DESPESAS CORRENTES;3;OUTRAS DESPESAS CORRENTES;18;AUXILIO FINANCEIRO A ESTUDANTES;339018;AUXILIO FINANCEIRO A ESTUDANTES;00;RECURSOS PRIMARIOS DE LIVRE APLICACAO;8,572,400.00;;8,572,400.00;;8,572,400.00;1,115,800.00;7,289,500.00;6,976,300.00
2020;154003;FUND.COORD.DE APERF.DE PESSOAL NIVEL SUPERIOR;12;EDUCACAO;364;ENSINO SUPERIOR;5013;EDUCACAO SUPERIOR - GRADUACAO, POS-GRADUACAO, ENSINO, PESQUI;0487;CONCESSAO DE BOLSAS DE ESTUDO NO ENSINO SUPERIOR;0002;CONCESSAO DE BOLSAS DE ESTUDO NO PAIS;12364501304870001;170062;OCCCGO1933N;PARNACION - FAPERO;90;APLICACOES DIRETAS;3;DESPESAS CORRENTES;3;OUTRAS DESPESAS CORRENTES;;;;;08;FUNDO SOCIAL-PARC.DEST.EDUCACAO PUBL.E SAUDE;0.00;;0.00;;0.00;0.00;;
2020;154003;FUND.COORD.DE APERF.DE PESSOAL NIVEL SUPERIOR;12;EDUCACAO;364;ENSINO SUPERIOR;5013;EDUCACAO SUPERIOR - GRADUACAO, POS-GRADUACAO, ENSINO, PESQUI;0487;CONCESSAO DE BOLSAS DE ESTUDO NO ENSINO SUPERIOR;0002;CONCESSAO DE BOLSAS DE ESTUDO NO PAIS;12364501304870001;170062;OCCCGO1935N;PARNACION - FAPESPA;90;APLICACOES DIRETAS;3;DESPESAS CORRENTES;3;OUTRAS DESPESAS CORRENTES;18;AUXILIO FINANCEIRO A ESTUDANTES;339018;AUXILIO FINANCEIRO A ESTUDANTES;00;RECURSOS PRIMARIOS DE LIVRE APLICACAO;290,000.00;;290,000.00;;290,000.00;80,000.00;210,000.00;194,600.00
2020;154003;FUND.COORD.DE APERF.DE PESSOAL NIVEL SUPERIOR;12;EDUCACAO;364;ENSINO SUPERIOR;5013;EDUCACAO SUPERIOR - GRADUACAO, POS-GRADUACAO, ENSINO, PESQUI;0487;CONCESSAO DE BOLSAS DE ESTUDO NO ENSINO SUPERIOR;0002;CONCESSAO DE BOLSAS DE ESTUDO NO PAIS;12364501304870001;170062;OCCCGO1935N;PARNACION - FAPESPA;90;APLICACOES DIRETAS;3;DESPESAS CORRENTES;3;OUTRAS DESPESAS CORRENTES;;;;;08;FUNDO SOCIAL-PARC.DEST.EDUCACAO PUBL.E SAUDE;0.00;;0.00;;0.00;0.00;;
2020;154003;FUND.COORD.DE APERF.DE PESSOAL NIVEL SUPERIOR;12;EDUCACAO;364;ENSINO SUPERIOR;5013;EDUCACAO SUPERIOR - GRADUACAO, POS-GRADUACAO, ENSINO, PESQUI;0487;CONCESSAO DE BOLSAS DE ESTUDO NO ENSINO SUPERIOR;0002;CONCESSAO DE BOLSAS DE ESTUDO NO PAIS;12364501304870001;170062;OCCCGO1937N;PARNACION - CAPES/ITV;90;APLICACOES DIRETAS;3;DESPESAS CORRENTES;3;OUTRAS DESPESAS CORRENTES;18;AUXILIO FINANCEIRO A ESTUDANTES;339018;AUXILIO FINANCEIRO A ESTUDANTES;00;RECURSOS PRIMARIOS DE LIVRE APLICACAO;1,762,020.00;;1,762,020.00;;1,762,020.00;143,200.00;1,601,120.00;1,481,360.00
2020;154003;FUND.COORD.DE APERF.DE PESSOAL NIVEL SUPERIOR;12;EDUCACAO;364;ENSINO SUPERIOR;5013;EDUCACAO SUPERIOR - GRADUACAO, POS-GRADUACAO, ENSINO, PESQUI;0487;CONCESSAO DE BOLSAS DE ESTUDO NO ENSINO SUPERIOR;0002;CONCESSAO DE BOLSAS DE ESTUDO NO PAIS;12364501304870001;170062;OCCCGO1939N;PARNACION - CAPES/ANA-DPB;90;APLICACOES DIRETAS;3;DESPESAS CORRENTES;3;OUTRAS DESPESAS CORRENTES;18;AUXILIO FINANCEIRO A ESTUDANTES;339018;AUXILIO FINANCEIRO A ESTUDANTES;00;RECURSOS PRIMARIOS DE LIVRE APLICACAO;24,300.00;;24,300.00;;24,300.00;10,000.00;14,300.00;14,300.00
2020;154003;FUND.COORD.DE APERF.DE PESSOAL NIVEL SUPERIOR;12;EDUCACAO;364;ENSINO SUPERIOR;5013;EDUCACAO SUPERIOR - GRADUACAO, POS-GRADUACAO, ENSINO, PESQUI;0487;CONCESSAO DE BOLSAS DE ESTUDO NO ENSINO SUPERIOR;0002;CONCESSAO DE BOLSAS DE ESTUDO NO PAIS;12364501304870001;170062;OCCCGO1940N;PARNACION - CAPES/FAPEAP;90;APLICACOES DIRETAS;3;DESPESAS CORRENTES;3;OUTRAS DESPESAS CORRENTES;18;AUXILIO FINANCEIRO A ESTUDANTES;339018;AUXILIO FINANCEIRO A ESTUDANTES;00;RECURSOS PRIMARIOS DE LIVRE APLICACAO;1,576,000.00;;1,576,000.00;;1,576,000.00;304,100.00;1,247,900.00;1,202,400.00
2020;154003;FUND.COORD.DE APERF.DE PESSOAL NIVEL SUPERIOR;12;EDUCACAO;364;ENSINO SUPERIOR;5013;EDUCACAO SUPERIOR - GRADUACAO, POS-GRADUACAO, ENSINO, PESQUI;0487;CONCESSAO DE BOLSAS DE ESTUDO NO ENSINO SUPERIOR;0002;CONCESSAO DE BOLSAS DE ESTUDO NO PAIS;12364501304870001;170062;OCCCGO1940N;PARNACION - CAPES/FAPEAP;90;APLICACOES DIRETAS;3;DESPESAS CORRENTES;3;OUTRAS DESPESAS CORRENTES;;;;;08;FUNDO SOCIAL-PARC.DEST.EDUCACAO PUBL.E SAUDE;0.00;;0.00;;0.00;0.00;;
2020;154003;FUND.COORD.DE APERF.DE PESSOAL NIVEL SUPERIOR;12;EDUCACAO;364;ENSINO SUPERIOR;5013;EDUCACAO SUPERIOR - GRADUACAO, POS-GRADUACAO, ENSINO, PESQUI;0487;CONCESSAO DE BOLSAS DE ESTUDO NO ENSINO SUPERIOR;0002;CONCESSAO DE BOLSAS DE ESTUDO NO PAIS;12364501304870001;170062;OCCCGO1941N;PARNACION - COMBATE AO ZIKA;90;APLICACOES DIRETAS;3;DESPESAS CORRENTES;3;OUTRAS DESPESAS CORRENTES;18;AUXILIO FINANCEIRO A ESTUDANTES;339018;AUXILIO FINANCEIRO A ESTUDANTES;00;RECURSOS PRIMARIOS DE LIVRE APLICACAO;17689200.00;;17689200.00;;17689200.00;2,185,600.00;14935400.00;14124300.00
2020;154003;FUND.COORD.DE APERF.DE PESSOAL NIVEL SUPERIOR;12;EDUCACAO;364;ENSINO SUPERIOR;5013;EDUCACAO SUPERIOR - GRADUACAO, POS-GRADUACAO, ENSINO, PESQUI;0487;CONCESSAO DE BOLSAS DE ESTUDO NO ENSINO SUPERIOR;0002;CONCESSAO DE BOLSAS DE ESTUDO NO PAIS;12364501304870001;170062;OCCCGO1941N;PARNACION - COMBATE AO ZIKA;90;APLICACOES DIRETAS;3;DESPESAS CORRENTES;3;OUTRAS DESPESAS CORRENTES;;;;;08;FUNDO SOCIAL-PARC.DEST.EDUCACAO PUBL.E SAUDE;0.00;;0.00;;0.00;0.00;;
2020;154003;FUND.COORD.DE APERF.DE PESSOAL NIVEL SUPERIOR;12;EDUCACAO;364;ENSINO SUPERIOR;5013;EDUCACAO SUPERIOR - GRADUACAO, POS-GRADUACAO, ENSINO, PESQUI;0487;CONCESSAO DE BOLSAS DE ESTUDO NO ENSINO SUPERIOR;0002;CONCESSAO DE BOLSAS DE ESTUDO NO PAIS;12364501304870001;170062;OCCCGO1943N;PARNACION - PELD;90;APLICACOES DIRETAS;3;DESPESAS CORRENTES;3;OUTRAS DESPESAS CORRENTES;18;AUXILIO FINANCEIRO A ESTUDANTES;339018;AUXILIO FINANCEIRO A ESTUDANTES;00;RECURSOS PRIMARIOS DE LIVRE APLICACAO;16371200.00;;16371200.00;;16371200.00;1,973,600.00;14040000.00;13412800.00
2020;154003;FUND.COORD.DE APERF.DE PESSOAL NIVEL SUPERIOR;12;EDUCACAO;364;ENSINO SUPERIOR;5013;EDUCACAO SUPERIOR - GRADUACAO, POS-GRADUACAO, ENSINO, PESQUI;0487;CONCESSAO DE BOLSAS DE ESTUDO NO ENSINO SUPERIOR;0002;CONCESSAO DE BOLSAS DE ESTUDO NO PAIS;12364501304870001;170062;OCCCGO1943N;PARNACION - PELD;90;APLICACOES DIRETAS;3;DESPESAS CORRENTES;3;OUTRAS DESPESAS CORRENTES;;;;;08;FUNDO SOCIAL-PARC.DEST.EDUCACAO PUBL.E SAUDE;0.00;;0.00;;0.00;0.00;;
2020;154003;FUND.COORD.DE APERF.DE PESSOAL NIVEL SUPERIOR;12;EDUCACAO;364;ENSINO SUPERIOR;5013;EDUCACAO SUPERIOR - GRADUACAO, POS-GRADUACAO, ENSINO, PESQUI;0487;CONCESSAO DE BOLSAS DE ESTUDO NO ENSINO SUPERIOR;0002;CONCESSAO DE BOLSAS DE ESTUDO NO PAIS;12364501304870001;170062;OCCCGO1945N;PARNACION - CAPES/FAPESQ;90;APLICACOES DIRETAS;3;DESPESAS CORRENTES;3;OUTRAS DESPESAS CORRENTES;18;AUXILIO FINANCEIRO A ESTUDANTES;339018;AUXILIO FINANCEIRO A ESTUDANTES;00;RECURSOS PRIMARIOS DE LIVRE APLICACAO;35841100.00;;35841100.00;;35841100.00;4,605,000.00;31002100.00;29638000.00
2020;154003;FUND.COORD.DE APERF.DE PESSOAL NIVEL SUPERIOR;12;EDUCACAO;364;ENSINO SUPERIOR;5013;EDUCACAO SUPERIOR - GRADUACAO, POS-GRADUACAO, ENSINO, PESQUI;0487;CONCESSAO DE BOLSAS DE ESTUDO NO ENSINO SUPERIOR;0002;CONCESSAO DE BOLSAS DE ESTUDO NO PAIS;12364501304870001;170062;OCCCGO1945N;PARNACION - CAPES/FAPESQ;90;APLICACOES DIRETAS;3;DESPESAS CORRENTES;3;OUTRAS DESPESAS CORRENTES;;;;;08;FUNDO SOCIAL-PARC.DEST.EDUCACAO PUBL.E SAUDE;0.00;;0.00;;0.00;0.00;;
2020;154003;FUND.COORD.DE APERF.DE PESSOAL NIVEL SUPERIOR;12;EDUCACAO;364;ENSINO SUPERIOR;5013;EDUCACAO SUPERIOR - GRADUACAO, POS-GRADUACAO, ENSINO, PESQUI;0487;CONCESSAO DE BOLSAS DE ESTUDO NO ENSINO SUPERIOR;0002;CONCESSAO DE BOLSAS DE ESTUDO NO PAIS;12364501304870001;170062;OCCCGO1946N;PARNACION - CAPES/PARCERIAS - RIO DOCE;90;APLICACOES DIRETAS;3;DESPESAS CORRENTES;3;OUTRAS DESPESAS CORRENTES;18;AUXILIO FINANCEIRO A ESTUDANTES;339018;AUXILIO FINANCEIRO A ESTUDANTES;00;RECURSOS PRIMARIOS DE LIVRE APLICACAO;3,963,900.00;;3,963,900.00;;3,963,900.00;510,800.00;3,307,000.00;3,134,300.00
2020;154003;FUND.COORD.DE APERF.DE PESSOAL NIVEL SUPERIOR;12;EDUCACAO;364;ENSINO SUPERIOR;5013;EDUCACAO SUPERIOR - GRADUACAO, POS-GRADUACAO, ENSINO, PESQUI;0487;CONCESSAO DE BOLSAS DE ESTUDO NO ENSINO SUPERIOR;0002;CONCESSAO DE BOLSAS DE ESTUDO NO PAIS;12364501304870001;170062;OCCCGO1946N;PARNACION - CAPES/PARCERIAS - RIO DOCE;90;APLICACOES DIRETAS;3;DESPESAS CORRENTES;3;OUTRAS DESPESAS CORRENTES;;;;;08;FUNDO SOCIAL-PARC.DEST.EDUCACAO PUBL.E SAUDE;0.00;;0.00;;0.00;0.00;;
2020;154003;FUND.COORD.DE APERF.DE PESSOAL NIVEL SUPERIOR;12;EDUCACAO;364;ENSINO SUPERIOR;5013;EDUCACAO SUPERIOR - GRADUACAO, POS-GRADUACAO, ENSINO, PESQUI;0487;CONCESSAO DE BOLSAS DE ESTUDO NO ENSINO SUPERIOR;0002;CONCESSAO DE BOLSAS DE ESTUDO NO PAIS;12364501304870001;170062;OCCCGO1948N;PARNACION - CAPES/SECADI;90;APLICACOES DIRETAS;3;DESPESAS CORRENTES;3;OUTRAS DESPESAS CORRENTES;18;AUXILIO FINANCEIRO A ESTUDANTES;339018;AUXILIO FINANCEIRO A ESTUDANTES;00;RECURSOS PRIMARIOS DE LIVRE APLICACAO;1,406,900.00;;1,406,900.00;;1,406,900.00;458,500.00;927,400.00;893,600.00
2020;154003;FUND.COORD.DE APERF.DE PESSOAL NIVEL SUPERIOR;12;EDUCACAO;364;ENSINO SUPERIOR;5013;EDUCACAO SUPERIOR - GRADUACAO, POS-GRADUACAO, ENSINO, PESQUI;0487;CONCESSAO DE BOLSAS DE ESTUDO NO ENSINO SUPERIOR;0002;CONCESSAO DE BOLSAS DE ESTUDO NO PAIS;12364501304870001;170062;OCCCGO1948N;PARNACION - CAPES/SECADI;90;APLICACOES DIRETAS;3;DESPESAS CORRENTES;3;OUTRAS DESPESAS CORRENTES;;;;;08;FUNDO SOCIAL-PARC.DEST.EDUCACAO PUBL.E SAUDE;0.00;;0.00;;0.00;0.00;;
2020;154003;FUND.COORD.DE APERF.DE PESSOAL NIVEL SUPERIOR;12;EDUCACAO;364;ENSINO SUPERIOR;5013;EDUCACAO SUPERIOR - GRADUACAO, POS-GRADUACAO, ENSINO, PESQUI;0487;CONCESSAO DE BOLSAS DE ESTUDO NO ENSINO SUPERIOR;0002;CONCESSAO DE BOLSAS DE ESTUDO NO PAIS;12364501304870001;170062;OCCCGO1949N;PARNACION - CAPES/INPA;90;APLICACOES DIRETAS;3;DESPESAS CORRENTES;3;OUTRAS DESPESAS CORRENTES;18;AUXILIO FINANCEIRO A ESTUDANTES;339018;AUXILIO FINANCEIRO A ESTUDANTES;00;RECURSOS PRIMARIOS DE LIVRE APLICACAO;9,676,800.00;;9,676,800.00;;9,676,800.00;1,014,000.00;8,510,100.00;8,064,800.00
2020;154003;FUND.COORD.DE APERF.DE PESSOAL NIVEL SUPERIOR;12;EDUCACAO;364;ENSINO SUPERIOR;5013;EDUCACAO SUPERIOR - GRADUACAO, POS-GRADUACAO, ENSINO, PESQUI;0487;CONCESSAO DE BOLSAS DE ESTUDO NO ENSINO SUPERIOR;0002;CONCESSAO DE BOLSAS DE ESTUDO NO PAIS;12364501304870001;170062;OCCCGO1949N;PARNACION - CAPES/INPA;90;APLICACOES DIRETAS;3;DESPESAS CORRENTES;3;OUTRAS DESPESAS CORRENTES;;;;;08;FUNDO SOCIAL-PARC.DEST.EDUCACAO PUBL.E SAUDE;0.00;;0.00;;0.00;0.00;;
2020;154003;FUND.COORD.DE APERF.DE PESSOAL NIVEL SUPERIOR;12;EDUCACAO;364;ENSINO SUPERIOR;5013;EDUCACAO SUPERIOR - GRADUACAO, POS-GRADUACAO, ENSINO, PESQUI;0487;CONCESSAO DE BOLSAS DE ESTUDO NO ENSINO SUPERIOR;0002;CONCESSAO DE BOLSAS DE ESTUDO NO PAIS;12364501304870001;170062;OCCCGO1950N;PARNACION - CAPES/INPE;90;APLICACOES DIRETAS;3;DESPESAS CORRENTES;3;OUTRAS DESPESAS CORRENTES;18;AUXILIO FINANCEIRO A ESTUDANTES;339018;AUXILIO FINANCEIRO A ESTUDANTES;00;RECURSOS PRIMARIOS DE LIVRE APLICACAO;1,228,888.14;;1,228,888.14;;1,228,888.14;323,990.72;887,197.42;836,008.10
2020;154003;FUND.COORD.DE APERF.DE PESSOAL NIVEL SUPERIOR;12;EDUCACAO;364;ENSINO SUPERIOR;5013;EDUCACAO SUPERIOR - GRADUACAO, POS-GRADUACAO, ENSINO, PESQUI;0487;CONCESSAO DE BOLSAS DE ESTUDO NO ENSINO SUPERIOR;0002;CONCESSAO DE BOLSAS DE ESTUDO NO PAIS;12364501304870001;170062;OCCCGO1950N;PARNACION - CAPES/INPE;90;APLICACOES DIRETAS;3;DESPESAS CORRENTES;3;OUTRAS DESPESAS CORRENTES;;;;;08;FUNDO SOCIAL-PARC.DEST.EDUCACAO PUBL.E SAUDE;0.00;;0.00;;0.00;0.00;;
2020;154003;FUND.COORD.DE APERF.DE PESSOAL NIVEL SUPERIOR;12;EDUCACAO;364;ENSINO SUPERIOR;5013;EDUCACAO SUPERIOR - GRADUACAO, POS-GRADUACAO, ENSINO, PESQUI;0487;CONCESSAO DE BOLSAS DE ESTUDO NO ENSINO SUPERIOR;0002;CONCESSAO DE BOLSAS DE ESTUDO NO PAIS;12364501304870001;170062;OCCCGO1952N;PARNACION - PROANTAR;90;APLICACOES DIRETAS;3;DESPESAS CORRENTES;3;OUTRAS DESPESAS CORRENTES;18;AUXILIO FINANCEIRO A ESTUDANTES;339018;AUXILIO FINANCEIRO A ESTUDANTES;00;RECURSOS PRIMARIOS DE LIVRE APLICACAO;6,560,800.00;;6,560,800.00;;6,560,800.00;961,100.00;5,323,400.00;5,040,100.00
2020;154003;FUND.COORD.DE APERF.DE PESSOAL NIVEL SUPERIOR;12;EDUCACAO;364;ENSINO SUPERIOR;5013;EDUCACAO SUPERIOR - GRADUACAO, POS-GRADUACAO, ENSINO, PESQUI;0487;CONCESSAO DE BOLSAS DE ESTUDO NO ENSINO SUPERIOR;0002;CONCESSAO DE BOLSAS DE ESTUDO NO PAIS;12364501304870001;170062;OCCCGO1952N;PARNACION - PROANTAR;90;APLICACOES DIRETAS;3;DESPESAS CORRENTES;3;OUTRAS DESPESAS CORRENTES;;;;;08;FUNDO SOCIAL-PARC.DEST.EDUCACAO PUBL.E SAUDE;0.00;;0.00;;0.00;0.00;;
2020;154003;FUND.COORD.DE APERF.DE PESSOAL NIVEL SUPERIOR;12;EDUCACAO;364;ENSINO SUPERIOR;5013;EDUCACAO SUPERIOR - GRADUACAO, POS-GRADUACAO, ENSINO, PESQUI;0487;CONCESSAO DE BOLSAS DE ESTUDO NO ENSINO SUPERIOR;0002;CONCESSAO DE BOLSAS DE ESTUDO NO PAIS;12364501304870001;170062;OCCCGO19A6N;PARNACION - PROTAX;90;APLICACOES DIRETAS;3;DESPESAS CORRENTES;3;OUTRAS DESPESAS CORRENTES;18;AUXILIO FINANCEIRO A ESTUDANTES;339018;AUXILIO FINANCEIRO A ESTUDANTES;00;RECURSOS PRIMARIOS DE LIVRE APLICACAO;3,818,000.00;;3,818,000.00;;3,818,000.00;577,200.00;3,128,300.00;2,962,000.00
2020;154003;FUND.COORD.DE APERF.DE PESSOAL NIVEL SUPERIOR;12;EDUCACAO;364;ENSINO SUPERIOR;5013;EDUCACAO SUPERIOR - GRADUACAO, POS-GRADUACAO, ENSINO, PESQUI;0487;CONCESSAO DE BOLSAS DE ESTUDO NO ENSINO SUPERIOR;0002;CONCESSAO DE BOLSAS DE ESTUDO NO PAIS;12364501304870001;170062;OCCCGO19A6N;PARNACION - PROTAX;90;APLICACOES DIRETAS;3;DESPESAS CORRENTES;3;OUTRAS DESPESAS CORRENTES;;;;;08;FUNDO SOCIAL-PARC.DEST.EDUCACAO PUBL.E SAUDE;0.00;;0.00;;0.00;0.00;;
2020;154003;FUND.COORD.DE APERF.DE PESSOAL NIVEL SUPERIOR;12;EDUCACAO;364;ENSINO SUPERIOR;5013;EDUCACAO SUPERIOR - GRADUACAO, POS-GRADUACAO, ENSINO, PESQUI;0487;CONCESSAO DE BOLSAS DE ESTUDO NO ENSINO SUPERIOR;0002;CONCESSAO DE BOLSAS DE ESTUDO NO PAIS;12364501304870001;170062;OCCCGO2008N;PARNACION - PRO-DEFESA;90;APLICACOES DIRETAS;3;DESPESAS CORRENTES;3;OUTRAS DESPESAS CORRENTES;20;AUXILIO FINANCEIRO A PESQUISADORES;339020;AUXILIO FINANCEIRO A PESQUISADORES;00;RECURSOS PRIMARIOS DE LIVRE APLICACAO;0.00;;0.00;;0.00;0.00;;
2020;154003;FUND.COORD.DE APERF.DE PESSOAL NIVEL SUPERIOR;12;EDUCACAO;364;ENSINO SUPERIOR;5013;EDUCACAO SUPERIOR - GRADUACAO, POS-GRADUACAO, ENSINO, PESQUI;0487;CONCESSAO DE BOLSAS DE ESTUDO NO ENSINO SUPERIOR;0002;CONCESSAO DE BOLSAS DE ESTUDO NO PAIS;12364501304870001;170062;OCCCGO20B2N;PARNACION - FIOCRUZ CDTS;90;APLICACOES DIRETAS;3;DESPESAS CORRENTES;3;OUTRAS DESPESAS CORRENTES;18;AUXILIO FINANCEIRO A ESTUDANTES;339018;AUXILIO FINANCEIRO A ESTUDANTES;00;RECURSOS PRIMARIOS DE LIVRE APLICACAO;6,223,200.00;;6,223,200.00;;6,223,200.00;643,600.00;5,301,800.00;5,017,400.00
2020;154003;FUND.COORD.DE APERF.DE PESSOAL NIVEL SUPERIOR;12;EDUCACAO;364;ENSINO SUPERIOR;5013;EDUCACAO SUPERIOR - GRADUACAO, POS-GRADUACAO, ENSINO, PESQUI;0487;CONCESSAO DE BOLSAS DE ESTUDO NO ENSINO SUPERIOR;0002;CONCESSAO DE BOLSAS DE ESTUDO NO PAIS;12364501304870001;170062;OCCCGO20B2N;PARNACION - FIOCRUZ CDTS;90;APLICACOES DIRETAS;3;DESPESAS CORRENTES;3;OUTRAS DESPESAS CORRENTES;;;;;08;FUNDO SOCIAL-PARC.DEST.EDUCACAO PUBL.E SAUDE;0.00;;0.00;;0.00;0.00;;
2020;154003;FUND.COORD.DE APERF.DE PESSOAL NIVEL SUPERIOR;12;EDUCACAO;364;ENSINO SUPERIOR;5013;EDUCACAO SUPERIOR - GRADUACAO, POS-GRADUACAO, ENSINO, PESQUI;0487;CONCESSAO DE BOLSAS DE ESTUDO NO ENSINO SUPERIOR;0002;CONCESSAO DE BOLSAS DE ESTUDO NO PAIS;12364501304870001;170062;OCCCGV2004N;PARNACION - CAPES/FACEPE;90;APLICACOES DIRETAS;3;DESPESAS CORRENTES;3;OUTRAS DESPESAS CORRENTES;18;AUXILIO FINANCEIRO A ESTUDANTES;339018;AUXILIO FINANCEIRO A ESTUDANTES;00;RECURSOS PRIMARIOS DE LIVRE APLICACAO;27468030.00;;27468030.00;;27468030.00;3,157,795.00;24164735.00;23120735.00
2020;154003;FUND.COORD.DE APERF.DE PESSOAL NIVEL SUPERIOR;12;EDUCACAO;364;ENSINO SUPERIOR;5013;EDUCACAO SUPERIOR - GRADUACAO, POS-GRADUACAO, ENSINO, PESQUI;0487;CONCESSAO DE BOLSAS DE ESTUDO NO ENSINO SUPERIOR;0002;CONCESSAO DE BOLSAS DE ESTUDO NO PAIS;12364501304870001;170062;OCCCGV2004N;PARNACION - CAPES/FACEPE;90;APLICACOES DIRETAS;3;DESPESAS CORRENTES;3;OUTRAS DESPESAS CORRENTES;;;;;08;FUNDO SOCIAL-PARC.DEST.EDUCACAO PUBL.E SAUDE;0.00;;0.00;;0.00;0.00;;
2020;154003;FUND.COORD.DE APERF.DE PESSOAL NIVEL SUPERIOR;12;EDUCACAO;364;ENSINO SUPERIOR;5013;EDUCACAO SUPERIOR - GRADUACAO, POS-GRADUACAO, ENSINO, PESQUI;0487;CONCESSAO DE BOLSAS DE ESTUDO NO ENSINO SUPERIOR;0002;CONCESSAO DE BOLSAS DE ESTUDO NO PAIS;12364501304870001;170062;OCCCGV2010N;PARNACION - CAPES/FAPERJ;90;APLICACOES DIRETAS;3;DESPESAS CORRENTES;3;OUTRAS DESPESAS CORRENTES;18;AUXILIO FINANCEIRO A ESTUDANTES;339018;AUXILIO FINANCEIRO A ESTUDANTES;00;RECURSOS PRIMARIOS DE LIVRE APLICACAO;14149900.00;;14149900.00;;14149900.00;1,807,700.00;12192200.00;11470100.00
2020;154003;FUND.COORD.DE APERF.DE PESSOAL NIVEL SUPERIOR;12;EDUCACAO;364;ENSINO SUPERIOR;5013;EDUCACAO SUPERIOR - GRADUACAO, POS-GRADUACAO, ENSINO, PESQUI;0487;CONCESSAO DE BOLSAS DE ESTUDO NO ENSINO SUPERIOR;0002;CONCESSAO DE BOLSAS DE ESTUDO NO PAIS;12364501304870001;170062;OCCCGV2010N;PARNACION - CAPES/FAPERJ;90;APLICACOES DIRETAS;3;DESPESAS CORRENTES;3;OUTRAS DESPESAS CORRENTES;;;;;08;FUNDO SOCIAL-PARC.DEST.EDUCACAO PUBL.E SAUDE;0.00;;0.00;;0.00;0.00;;
2020;154003;FUND.COORD.DE APERF.DE PESSOAL NIVEL SUPERIOR;12;EDUCACAO;364;ENSINO SUPERIOR;5013;EDUCACAO SUPERIOR - GRADUACAO, POS-GRADUACAO, ENSINO, PESQUI;0487;CONCESSAO DE BOLSAS DE ESTUDO NO ENSINO SUPERIOR;0002;CONCESSAO DE BOLSAS DE ESTUDO NO PAIS;12364501304870001;170062;OCCCQO1951N;PARINTER - CAPES/CWRU;90;APLICACOES DIRETAS;3;DESPESAS CORRENTES;3;OUTRAS DESPESAS CORRENTES;18;AUXILIO FINANCEIRO A ESTUDANTES;339018;AUXILIO FINANCEIRO A ESTUDANTES;00;RECURSOS PRIMARIOS DE LIVRE APLICACAO;1,245,800.00;;1,245,800.00;;1,245,800.00;559,000.00;663,400.00;630,000.00
2020;154003;FUND.COORD.DE APERF.DE PESSOAL NIVEL SUPERIOR;12;EDUCACAO;364;ENSINO SUPERIOR;5013;EDUCACAO SUPERIOR - GRADUACAO, POS-GRADUACAO, ENSINO, PESQUI;0487;CONCESSAO DE BOLSAS DE ESTUDO NO ENSINO SUPERIOR;0002;CONCESSAO DE BOLSAS DE ESTUDO NO PAIS;12364501304870001;170062;OCCCQO1951N;PARINTER - CAPES/CWRU;90;APLICACOES DIRETAS;3;DESPESAS CORRENTES;3;OUTRAS DESPESAS CORRENTES;;;;;08;FUNDO SOCIAL-PARC.DEST.EDUCACAO PUBL.E SAUDE;0.00;;0.00;;0.00;0.00;;
2020;154003;FUND.COORD.DE APERF.DE PESSOAL NIVEL SUPERIOR;12;EDUCACAO;364;ENSINO SUPERIOR;5013;EDUCACAO SUPERIOR - GRADUACAO, POS-GRADUACAO, ENSINO, PESQUI;0487;CONCESSAO DE BOLSAS DE ESTUDO NO ENSINO SUPERIOR;0002;CONCESSAO DE BOLSAS DE ESTUDO NO PAIS;12364501304870001;170062;OCCCUG1907N;BFSUPERIOR - CIENCIAS DO MAR;90;APLICACOES DIRETAS;3;DESPESAS CORRENTES;3;OUTRAS DESPESAS CORRENTES;18;AUXILIO FINANCEIRO A ESTUDANTES;339018;AUXILIO FINANCEIRO A ESTUDANTES;00;RECURSOS PRIMARIOS DE LIVRE APLICACAO;1,541,000.00;;1,541,000.00;;1,521,000.00;256,600.00;1,237,400.00;1,174,000.00
2020;154003;FUND.COORD.DE APERF.DE PESSOAL NIVEL SUPERIOR;12;EDUCACAO;364;ENSINO SUPERIOR;5013;EDUCACAO SUPERIOR - GRADUACAO, POS-GRADUACAO, ENSINO, PESQUI;0487;CONCESSAO DE BOLSAS DE ESTUDO NO ENSINO SUPERIOR;0002;CONCESSAO DE BOLSAS DE ESTUDO NO PAIS;12364501304870001;170062;OCCCUG1907N;BFSUPERIOR - CIENCIAS DO MAR;90;APLICACOES DIRETAS;3;DESPESAS CORRENTES;3;OUTRAS DESPESAS CORRENTES;;;;;08;FUNDO SOCIAL-PARC.DEST.EDUCACAO PUBL.E SAUDE;0.00;;0.00;;0.00;0.00;;
2020;154003;FUND.COORD.DE APERF.DE PESSOAL NIVEL SUPERIOR;12;EDUCACAO;364;ENSINO SUPERIOR;5013;EDUCACAO SUPERIOR - GRADUACAO, POS-GRADUACAO, ENSINO, PESQUI;0487;CONCESSAO DE BOLSAS DE ESTUDO NO ENSINO SUPERIOR;0002;CONCESSAO DE BOLSAS DE ESTUDO NO PAIS;12364501304870001;170062;OCCCUG1927N;BFSUPERIOR - BIOCOMPUT;90;APLICACOES DIRETAS;3;DESPESAS CORRENTES;3;OUTRAS DESPESAS CORRENTES;18;AUXILIO FINANCEIRO A ESTUDANTES;339018;AUXILIO FINANCEIRO A ESTUDANTES;00;RECURSOS PRIMARIOS DE LIVRE APLICACAO;371,000.00;;371,000.00;;371,000.00;117,800.00;253,200.00;238,200.00
2020;154003;FUND.COORD.DE APERF.DE PESSOAL NIVEL SUPERIOR;12;EDUCACAO;364;ENSINO SUPERIOR;5013;EDUCACAO SUPERIOR - GRADUACAO, POS-GRADUACAO, ENSINO, PESQUI;0487;CONCESSAO DE BOLSAS DE ESTUDO NO ENSINO SUPERIOR;0002;CONCESSAO DE BOLSAS DE ESTUDO NO PAIS;12364501304870001;170062;OCCCUG1927N;BFSUPERIOR - BIOCOMPUT;90;APLICACOES DIRETAS;3;DESPESAS CORRENTES;3;OUTRAS DESPESAS CORRENTES;;;;;08;FUNDO SOCIAL-PARC.DEST.EDUCACAO PUBL.E SAUDE;0.00;;0.00;;0.00;0.00;;
2020;154003;FUND.COORD.DE APERF.DE PESSOAL NIVEL SUPERIOR;12;EDUCACAO;364;ENSINO SUPERIOR;5013;EDUCACAO SUPERIOR - GRADUACAO, POS-GRADUACAO, ENSINO, PESQUI;0487;CONCESSAO DE BOLSAS DE ESTUDO NO ENSINO SUPERIOR;0002;CONCESSAO DE BOLSAS DE ESTUDO NO PAIS;12364501304870001;170062;OCCCUG1942N;BFSUPERIOR - PROCAD/AMAZONIA;90;APLICACOES DIRETAS;3;DESPESAS CORRENTES;3;OUTRAS DESPESAS CORRENTES;18;AUXILIO FINANCEIRO A ESTUDANTES;339018;AUXILIO FINANCEIRO A ESTUDANTES;00;RECURSOS PRIMARIOS DE LIVRE APLICACAO;521,597.02;;521,597.02;;521,597.02;136,006.93;385,590.09;374,590.09
2020;154003;FUND.COORD.DE APERF.DE PESSOAL NIVEL SUPERIOR;12;EDUCACAO;364;ENSINO SUPERIOR;5013;EDUCACAO SUPERIOR - GRADUACAO, POS-GRADUACAO, ENSINO, PESQUI;0487;CONCESSAO DE BOLSAS DE ESTUDO NO ENSINO SUPERIOR;0002;CONCESSAO DE BOLSAS DE ESTUDO NO PAIS;12364501304870001;170062;OCCCUG1942N;BFSUPERIOR - PROCAD/AMAZONIA;90;APLICACOES DIRETAS;3;DESPESAS CORRENTES;3;OUTRAS DESPESAS CORRENTES;;;;;08;FUNDO SOCIAL-PARC.DEST.EDUCACAO PUBL.E SAUDE;0.00;;0.00;;0.00;0.00;;
2020;154003;FUND.COORD.DE APERF.DE PESSOAL NIVEL SUPERIOR;12;EDUCACAO;364;ENSINO SUPERIOR;5013;EDUCACAO SUPERIOR - GRADUACAO, POS-GRADUACAO, ENSINO, PESQUI;0487;CONCESSAO DE BOLSAS DE ESTUDO NO ENSINO SUPERIOR;0002;CONCESSAO DE BOLSAS DE ESTUDO NO PAIS;12364501304870001;170062;OCCCUN2025N;BFSUPERIOR - PVNS;90;APLICACOES DIRETAS;3;DESPESAS CORRENTES;3;OUTRAS DESPESAS CORRENTES;18;AUXILIO FINANCEIRO A ESTUDANTES;339018;AUXILIO FINANCEIRO A ESTUDANTES;00;RECURSOS PRIMARIOS DE LIVRE APLICACAO;28686547.40;;28686547.40;;28686547.40;3,031,634.20;25607888.80;24274913.00
2020;154003;FUND.COORD.DE APERF.DE PESSOAL NIVEL SUPERIOR;12;EDUCACAO;364;ENSINO SUPERIOR;5013;EDUCACAO SUPERIOR - GRADUACAO, POS-GRADUACAO, ENSINO, PESQUI;0487;CONCESSAO DE BOLSAS DE ESTUDO NO ENSINO SUPERIOR;0002;CONCESSAO DE BOLSAS DE ESTUDO NO PAIS;12364501304870001;170062;OCCCUN2025N;BFSUPERIOR - PVNS;90;APLICACOES DIRETAS;3;DESPESAS CORRENTES;3;OUTRAS DESPESAS CORRENTES;;;;;08;FUNDO SOCIAL-PARC.DEST.EDUCACAO PUBL.E SAUDE;0.00;;0.00;;0.00;0.00;;
2020;154003;FUND.COORD.DE APERF.DE PESSOAL NIVEL SUPERIOR;12;EDUCACAO;364;ENSINO SUPERIOR;5013;EDUCACAO SUPERIOR - GRADUACAO, POS-GRADUACAO, ENSINO, PESQUI;0487;CONCESSAO DE BOLSAS DE ESTUDO NO ENSINO SUPERIOR;0002;CONCESSAO DE BOLSAS DE ESTUDO NO PAIS;12364501304870001;170062;OCCCUO1903N;BFSUPERIOR - PROEX;90;APLICACOES DIRETAS;3;DESPESAS CORRENTES;3;OUTRAS DESPESAS CORRENTES;18;AUXILIO FINANCEIRO A ESTUDANTES;339018;AUXILIO FINANCEIRO A ESTUDANTES;00;RECURSOS PRIMARIOS DE LIVRE APLICACAO;4194229239.6;;4194229239.6;;4111229239.6;357353960.25;3674464150.9;3530084050.9
2020;154003;FUND.COORD.DE APERF.DE PESSOAL NIVEL SUPERIOR;12;EDUCACAO;364;ENSINO SUPERIOR;5013;EDUCACAO SUPERIOR - GRADUACAO, POS-GRADUACAO, ENSINO, PESQUI;0487;CONCESSAO DE BOLSAS DE ESTUDO NO ENSINO SUPERIOR;0002;CONCESSAO DE BOLSAS DE ESTUDO NO PAIS;12364501304870001;170062;OCCCUO1904N;BFSUPERIOR - DEMANDA SOCIAL;90;APLICACOES DIRETAS;3;DESPESAS CORRENTES;3;OUTRAS DESPESAS CORRENTES;18;AUXILIO FINANCEIRO A ESTUDANTES;339018;AUXILIO FINANCEIRO A ESTUDANTES;00;RECURSOS PRIMARIOS DE LIVRE APLICACAO;7666501154.2;;7666501154.2;;7666501154.2;988148108.61;6669303749.2;6404931366.9
2020;154003;FUND.COORD.DE APERF.DE PESSOAL NIVEL SUPERIOR;12;EDUCACAO;364;ENSINO SUPERIOR;5013;EDUCACAO SUPERIOR - GRADUACAO, POS-GRADUACAO, ENSINO, PESQUI;0487;CONCESSAO DE BOLSAS DE ESTUDO NO ENSINO SUPERIOR;0002;CONCESSAO DE BOLSAS DE ESTUDO NO PAIS;12364501304870001;170062;OCCCUO1904N;BFSUPERIOR - DEMANDA SOCIAL;90;APLICACOES DIRETAS;3;DESPESAS CORRENTES;3;OUTRAS DESPESAS CORRENTES;;;;;08;FUNDO SOCIAL-PARC.DEST.EDUCACAO PUBL.E SAUDE;0.00;;0.00;;0.00;0.00;;
2020;154003;FUND.COORD.DE APERF.DE PESSOAL NIVEL SUPERIOR;12;EDUCACAO;364;ENSINO SUPERIOR;5013;EDUCACAO SUPERIOR - GRADUACAO, POS-GRADUACAO, ENSINO, PESQUI;0487;CONCESSAO DE BOLSAS DE ESTUDO NO ENSINO SUPERIOR;0002;CONCESSAO DE BOLSAS DE ESTUDO NO PAIS;12364501304870001;170062;OCCCUO1904N;BFSUPERIOR - DEMANDA SOCIAL;90;APLICACOES DIRETAS;3;DESPESAS CORRENTES;3;OUTRAS DESPESAS CORRENTES;;;;;50;REC.PROPRIOS PRIMARIOS DE LIVRE APLICACAO;528979872.00;;528979872.00;;396734904.00;0.00;371228858.70;371228858.70
2020;154003;FUND.COORD.DE APERF.DE PESSOAL NIVEL SUPERIOR;12;EDUCACAO;364;ENSINO SUPERIOR;5013;EDUCACAO SUPERIOR - GRADUACAO, POS-GRADUACAO, ENSINO, PESQUI;0487;CONCESSAO DE BOLSAS DE ESTUDO NO ENSINO SUPERIOR;0002;CONCESSAO DE BOLSAS DE ESTUDO NO PAIS;12364501304870001;170062;OCCCUO1904N;BFSUPERIOR - DEMANDA SOCIAL;90;APLICACOES DIRETAS;3;DESPESAS CORRENTES;3;OUTRAS DESPESAS CORRENTES;;;;;81;RECURSOS DE CONVENIOS;5,250,000.00;;5,250,000.00;;5,250,000.00;0.00;;
2020;154003;FUND.COORD.DE APERF.DE PESSOAL NIVEL SUPERIOR;12;EDUCACAO;364;ENSINO SUPERIOR;5013;EDUCACAO SUPERIOR - GRADUACAO, POS-GRADUACAO, ENSINO, PESQUI;0487;CONCESSAO DE BOLSAS DE ESTUDO NO ENSINO SUPERIOR;0002;CONCESSAO DE BOLSAS DE ESTUDO NO PAIS;12364501304870001;170062;OCCCUO1904N;BFSUPERIOR - DEMANDA SOCIAL;90;APLICACOES DIRETAS;3;DESPESAS CORRENTES;3;OUTRAS DESPESAS CORRENTES;;;;;96;DOAC.PESSOAS FISICAS E INSTIT.PUB.E PRIV.NAC.;4,612,851.00;;4,612,851.00;;4,612,851.00;0.00;;
2020;154003;FUND.COORD.DE APERF.DE PESSOAL NIVEL SUPERIOR;12;EDUCACAO;364;ENSINO SUPERIOR;5013;EDUCACAO SUPERIOR - GRADUACAO, POS-GRADUACAO, ENSINO, PESQUI;0487;CONCESSAO DE BOLSAS DE ESTUDO NO ENSINO SUPERIOR;0002;CONCESSAO DE BOLSAS DE ESTUDO NO PAIS;12364501304870001;170062;OCCCUO1906N;BFSUPERIOR - TOXINOLOGIA;90;APLICACOES DIRETAS;3;DESPESAS CORRENTES;3;OUTRAS DESPESAS CORRENTES;18;AUXILIO FINANCEIRO A ESTUDANTES;339018;AUXILIO FINANCEIRO A ESTUDANTES;00;RECURSOS PRIMARIOS DE LIVRE APLICACAO;89,200.00;;89,200.00;;79,200.00;60,000.00;19,200.00;19,200.00
2020;154003;FUND.COORD.DE APERF.DE PESSOAL NIVEL SUPERIOR;12;EDUCACAO;364;ENSINO SUPERIOR;5013;EDUCACAO SUPERIOR - GRADUACAO, POS-GRADUACAO, ENSINO, PESQUI;0487;CONCESSAO DE BOLSAS DE ESTUDO NO ENSINO SUPERIOR;0002;CONCESSAO DE BOLSAS DE ESTUDO NO PAIS;12364501304870001;170062;OCCCUO1913N;BFSUPERIOR - PREMIO;90;APLICACOES DIRETAS;3;DESPESAS CORRENTES;3;OUTRAS DESPESAS CORRENTES;18;AUXILIO FINANCEIRO A ESTUDANTES;339018;AUXILIO FINANCEIRO A ESTUDANTES;00;RECURSOS PRIMARIOS DE LIVRE APLICACAO;8,727,400.00;;8,727,400.00;;8,727,400.00;1,597,800.00;7,129,600.00;6,900,000.00
2020;154003;FUND.COORD.DE APERF.DE PESSOAL NIVEL SUPERIOR;12;EDUCACAO;364;ENSINO SUPERIOR;5013;EDUCACAO SUPERIOR - GRADUACAO, POS-GRADUACAO, ENSINO, PESQUI;0487;CONCESSAO DE BOLSAS DE ESTUDO NO ENSINO SUPERIOR;0002;CONCESSAO DE BOLSAS DE ESTUDO NO PAIS;12364501304870001;170062;OCCCUO1915N;BFSUPERIOR - PROSUP;90;APLICACOES DIRETAS;3;DESPESAS CORRENTES;3;OUTRAS DESPESAS CORRENTES;18;AUXILIO FINANCEIRO A ESTUDANTES;339018;AUXILIO FINANCEIRO A ESTUDANTES;00;RECURSOS PRIMARIOS DE LIVRE APLICACAO;360452400.00;;360452400.00;;353352400.00;31413900.00;321658600.00;307957800.00
2020;154003;FUND.COORD.DE APERF.DE PESSOAL NIVEL SUPERIOR;12;EDUCACAO;364;ENSINO SUPERIOR;5013;EDUCACAO SUPERIOR - GRADUACAO, POS-GRADUACAO, ENSINO, PESQUI;0487;CONCESSAO DE BOLSAS DE ESTUDO NO ENSINO SUPERIOR;0002;CONCESSAO DE BOLSAS DE ESTUDO NO PAIS;12364501304870001;170062;OCCCUO1915N;BFSUPERIOR - PROSUP;90;APLICACOES DIRETAS;3;DESPESAS CORRENTES;3;OUTRAS DESPESAS CORRENTES;;;;;08;FUNDO SOCIAL-PARC.DEST.EDUCACAO PUBL.E SAUDE;0.00;;0.00;;0.00;0.00;;
2020;154003;FUND.COORD.DE APERF.DE PESSOAL NIVEL SUPERIOR;12;EDUCACAO;364;ENSINO SUPERIOR;5013;EDUCACAO SUPERIOR - GRADUACAO, POS-GRADUACAO, ENSINO, PESQUI;0487;CONCESSAO DE BOLSAS DE ESTUDO NO ENSINO SUPERIOR;0002;CONCESSAO DE BOLSAS DE ESTUDO NO PAIS;12364501304870001;170062;OCCCUO1927N;BFSUPERIOR - BIOCOMPUT;90;APLICACOES DIRETAS;3;DESPESAS CORRENTES;3;OUTRAS DESPESAS CORRENTES;18;AUXILIO FINANCEIRO A ESTUDANTES;339018;AUXILIO FINANCEIRO A ESTUDANTES;00;RECURSOS PRIMARIOS DE LIVRE APLICACAO;9,369,200.00;;9,369,200.00;;9,369,200.00;1,669,400.00;7,603,500.00;7,169,200.00
2020;154003;FUND.COORD.DE APERF.DE PESSOAL NIVEL SUPERIOR;12;EDUCACAO;364;ENSINO SUPERIOR;5013;EDUCACAO SUPERIOR - GRADUACAO, POS-GRADUACAO, ENSINO, PESQUI;0487;CONCESSAO DE BOLSAS DE ESTUDO NO ENSINO SUPERIOR;0002;CONCESSAO DE BOLSAS DE ESTUDO NO PAIS;12364501304870001;170062;OCCCUO1927N;BFSUPERIOR - BIOCOMPUT;90;APLICACOES DIRETAS;3;DESPESAS CORRENTES;3;OUTRAS DESPESAS CORRENTES;;;;;08;FUNDO SOCIAL-PARC.DEST.EDUCACAO PUBL.E SAUDE;0.00;;0.00;;0.00;0.00;;
2020;154003;FUND.COORD.DE APERF.DE PESSOAL NIVEL SUPERIOR;12;EDUCACAO;364;ENSINO SUPERIOR;5013;EDUCACAO SUPERIOR - GRADUACAO, POS-GRADUACAO, ENSINO, PESQUI;0487;CONCESSAO DE BOLSAS DE ESTUDO NO ENSINO SUPERIOR;0002;CONCESSAO DE BOLSAS DE ESTUDO NO PAIS;12364501304870001;170062;OCCCUO1928N;BFSUPERIOR - IODP;90;APLICACOES DIRETAS;3;DESPESAS CORRENTES;3;OUTRAS DESPESAS CORRENTES;18;AUXILIO FINANCEIRO A ESTUDANTES;339018;AUXILIO FINANCEIRO A ESTUDANTES;00;RECURSOS PRIMARIOS DE LIVRE APLICACAO;2,204,555.60;;2,204,555.60;;2,204,555.60;502,400.00;1,689,555.60;1,600,755.20
2020;154003;FUND.COORD.DE APERF.DE PESSOAL NIVEL SUPERIOR;12;EDUCACAO;364;ENSINO SUPERIOR;5013;EDUCACAO SUPERIOR - GRADUACAO, POS-GRADUACAO, ENSINO, PESQUI;0487;CONCESSAO DE BOLSAS DE ESTUDO NO ENSINO SUPERIOR;0002;CONCESSAO DE BOLSAS DE ESTUDO NO PAIS;12364501304870001;170062;OCCCUO1928N;BFSUPERIOR - IODP;90;APLICACOES DIRETAS;3;DESPESAS CORRENTES;3;OUTRAS DESPESAS CORRENTES;;;;;08;FUNDO SOCIAL-PARC.DEST.EDUCACAO PUBL.E SAUDE;0.00;;0.00;;0.00;0.00;;
2020;154003;FUND.COORD.DE APERF.DE PESSOAL NIVEL SUPERIOR;12;EDUCACAO;364;ENSINO SUPERIOR;5013;EDUCACAO SUPERIOR - GRADUACAO, POS-GRADUACAO, ENSINO, PESQUI;0487;CONCESSAO DE BOLSAS DE ESTUDO NO ENSINO SUPERIOR;0002;CONCESSAO DE BOLSAS DE ESTUDO NO PAIS;12364501304870001;170062;OCCCUO1929N;BFSUPERIOR - PRO-ALERTAS;90;APLICACOES DIRETAS;3;DESPESAS CORRENTES;3;OUTRAS DESPESAS CORRENTES;18;AUXILIO FINANCEIRO A ESTUDANTES;339018;AUXILIO FINANCEIRO A ESTUDANTES;00;RECURSOS PRIMARIOS DE LIVRE APLICACAO;2,202,100.00;;2,202,100.00;;2,202,100.00;495,700.00;1,695,600.00;1,605,000.00
2020;154003;FUND.COORD.DE APERF.DE PESSOAL NIVEL SUPERIOR;12;EDUCACAO;364;ENSINO SUPERIOR;5013;EDUCACAO SUPERIOR - GRADUACAO, POS-GRADUACAO, ENSINO, PESQUI;0487;CONCESSAO DE BOLSAS DE ESTUDO NO ENSINO SUPERIOR;0002;CONCESSAO DE BOLSAS DE ESTUDO NO PAIS;12364501304870001;170062;OCCCUO1929N;BFSUPERIOR - PRO-ALERTAS;90;APLICACOES DIRETAS;3;DESPESAS CORRENTES;3;OUTRAS DESPESAS CORRENTES;;;;;08;FUNDO SOCIAL-PARC.DEST.EDUCACAO PUBL.E SAUDE;0.00;;0.00;;0.00;0.00;;
2020;154003;FUND.COORD.DE APERF.DE PESSOAL NIVEL SUPERIOR;12;EDUCACAO;364;ENSINO SUPERIOR;5013;EDUCACAO SUPERIOR - GRADUACAO, POS-GRADUACAO, ENSINO, PESQUI;0487;CONCESSAO DE BOLSAS DE ESTUDO NO ENSINO SUPERIOR;0002;CONCESSAO DE BOLSAS DE ESTUDO NO PAIS;12364501304870001;170062;OCCCUO1932N;BFSUPERIOR - PGPSE;90;APLICACOES DIRETAS;3;DESPESAS CORRENTES;3;OUTRAS DESPESAS CORRENTES;18;AUXILIO FINANCEIRO A ESTUDANTES;339018;AUXILIO FINANCEIRO A ESTUDANTES;00;RECURSOS PRIMARIOS DE LIVRE APLICACAO;4,840,600.00;;4,840,600.00;;4,840,600.00;1,203,800.00;3,519,800.00;3,361,600.00
2020;154003;FUND.COORD.DE APERF.DE PESSOAL NIVEL SUPERIOR;12;EDUCACAO;364;ENSINO SUPERIOR;5013;EDUCACAO SUPERIOR - GRADUACAO, POS-GRADUACAO, ENSINO, PESQUI;0487;CONCESSAO DE BOLSAS DE ESTUDO NO ENSINO SUPERIOR;0002;CONCESSAO DE BOLSAS DE ESTUDO NO PAIS;12364501304870001;170062;OCCCUO1932N;BFSUPERIOR - PGPSE;90;APLICACOES DIRETAS;3;DESPESAS CORRENTES;3;OUTRAS DESPESAS CORRENTES;;;;;08;FUNDO SOCIAL-PARC.DEST.EDUCACAO PUBL.E SAUDE;0.00;;0.00;;0.00;0.00;;
2020;154003;FUND.COORD.DE APERF.DE PESSOAL NIVEL SUPERIOR;12;EDUCACAO;364;ENSINO SUPERIOR;5013;EDUCACAO SUPERIOR - GRADUACAO, POS-GRADUACAO, ENSINO, PESQUI;0487;CONCESSAO DE BOLSAS DE ESTUDO NO ENSINO SUPERIOR;0002;CONCESSAO DE BOLSAS DE ESTUDO NO PAIS;12364501304870001;170062;OCCCUO1936N;BFSUPERIOR - PRO-FORENSES;90;APLICACOES DIRETAS;3;DESPESAS CORRENTES;3;OUTRAS DESPESAS CORRENTES;18;AUXILIO FINANCEIRO A ESTUDANTES;339018;AUXILIO FINANCEIRO A ESTUDANTES;00;RECURSOS PRIMARIOS DE LIVRE APLICACAO;3,541,500.00;;3,541,500.00;;3,541,500.00;491,000.00;3,004,300.00;2,839,400.00
2020;154003;FUND.COORD.DE APERF.DE PESSOAL NIVEL SUPERIOR;12;EDUCACAO;364;ENSINO SUPERIOR;5013;EDUCACAO SUPERIOR - GRADUACAO, POS-GRADUACAO, ENSINO, PESQUI;0487;CONCESSAO DE BOLSAS DE ESTUDO NO ENSINO SUPERIOR;0002;CONCESSAO DE BOLSAS DE ESTUDO NO PAIS;12364501304870001;170062;OCCCUO1936N;BFSUPERIOR - PRO-FORENSES;90;APLICACOES DIRETAS;3;DESPESAS CORRENTES;3;OUTRAS DESPESAS CORRENTES;;;;;08;FUNDO SOCIAL-PARC.DEST.EDUCACAO PUBL.E SAUDE;0.00;;0.00;;0.00;0.00;;
2020;154003;FUND.COORD.DE APERF.DE PESSOAL NIVEL SUPERIOR;12;EDUCACAO;364;ENSINO SUPERIOR;5013;EDUCACAO SUPERIOR - GRADUACAO, POS-GRADUACAO, ENSINO, PESQUI;0487;CONCESSAO DE BOLSAS DE ESTUDO NO ENSINO SUPERIOR;0002;CONCESSAO DE BOLSAS DE ESTUDO NO PAIS;12364501304870001;170062;OCCCUO1940N;BFSUPERIOR - MODELAGEM;90;APLICACOES DIRETAS;3;DESPESAS CORRENTES;3;OUTRAS DESPESAS CORRENTES;18;AUXILIO FINANCEIRO A ESTUDANTES;339018;AUXILIO FINANCEIRO A ESTUDANTES;00;RECURSOS PRIMARIOS DE LIVRE APLICACAO;7,698,800.00;;7,698,800.00;;7,698,800.00;1,012,900.00;6,432,100.00;6,087,900.00
2020;154003;FUND.COORD.DE APERF.DE PESSOAL NIVEL SUPERIOR;12;EDUCACAO;364;ENSINO SUPERIOR;5013;EDUCACAO SUPERIOR - GRADUACAO, POS-GRADUACAO, ENSINO, PESQUI;0487;CONCESSAO DE BOLSAS DE ESTUDO NO ENSINO SUPERIOR;0002;CONCESSAO DE BOLSAS DE ESTUDO NO PAIS;12364501304870001;170062;OCCCUO1940N;BFSUPERIOR - MODELAGEM;90;APLICACOES DIRETAS;3;DESPESAS CORRENTES;3;OUTRAS DESPESAS CORRENTES;;;;;08;FUNDO SOCIAL-PARC.DEST.EDUCACAO PUBL.E SAUDE;0.00;;0.00;;0.00;0.00;;
2020;154003;FUND.COORD.DE APERF.DE PESSOAL NIVEL SUPERIOR;12;EDUCACAO;364;ENSINO SUPERIOR;5013;EDUCACAO SUPERIOR - GRADUACAO, POS-GRADUACAO, ENSINO, PESQUI;0487;CONCESSAO DE BOLSAS DE ESTUDO NO ENSINO SUPERIOR;0002;CONCESSAO DE BOLSAS DE ESTUDO NO PAIS;12364501304870001;170062;OCCCUO1941N;BFSUPERIOR - PROSUC;90;APLICACOES DIRETAS;3;DESPESAS CORRENTES;3;OUTRAS DESPESAS CORRENTES;18;AUXILIO FINANCEIRO A ESTUDANTES;339018;AUXILIO FINANCEIRO A ESTUDANTES;00;RECURSOS PRIMARIOS DE LIVRE APLICACAO;1165606330.4;;1165606330.4;;1165606330.4;106484546.49;1058894251.4;1010469651.4
2020;154003;FUND.COORD.DE APERF.DE PESSOAL NIVEL SUPERIOR;12;EDUCACAO;364;ENSINO SUPERIOR;5013;EDUCACAO SUPERIOR - GRADUACAO, POS-GRADUACAO, ENSINO, PESQUI;0487;CONCESSAO DE BOLSAS DE ESTUDO NO ENSINO SUPERIOR;0002;CONCESSAO DE BOLSAS DE ESTUDO NO PAIS;12364501304870001;170062;OCCCUO1941N;BFSUPERIOR - PROSUC;90;APLICACOES DIRETAS;3;DESPESAS CORRENTES;3;OUTRAS DESPESAS CORRENTES;;;;;08;FUNDO SOCIAL-PARC.DEST.EDUCACAO PUBL.E SAUDE;0.00;;0.00;;0.00;0.00;;
2020;154003;FUND.COORD.DE APERF.DE PESSOAL NIVEL SUPERIOR;12;EDUCACAO;364;ENSINO SUPERIOR;5013;EDUCACAO SUPERIOR - GRADUACAO, POS-GRADUACAO, ENSINO, PESQUI;0487;CONCESSAO DE BOLSAS DE ESTUDO NO ENSINO SUPERIOR;0002;CONCESSAO DE BOLSAS DE ESTUDO NO PAIS;12364501304870001;170062;OCCCUO1941N;BFSUPERIOR - PROSUC;90;APLICACOES DIRETAS;3;DESPESAS CORRENTES;3;OUTRAS DESPESAS CORRENTES;;;;;80;RECURSOS PROPRIOS FINANCEIROS;106056184.00;;106056184.00;;79542138.00;0.00;71769763.65;71769763.65
2020;154003;FUND.COORD.DE APERF.DE PESSOAL NIVEL SUPERIOR;12;EDUCACAO;364;ENSINO SUPERIOR;5013;EDUCACAO SUPERIOR - GRADUACAO, POS-GRADUACAO, ENSINO, PESQUI;0487;CONCESSAO DE BOLSAS DE ESTUDO NO ENSINO SUPERIOR;0002;CONCESSAO DE BOLSAS DE ESTUDO NO PAIS;12364501304870001;170062;OCCCUO1942N;BFSUPERIOR - PROCAD/AMAZONIA;90;APLICACOES DIRETAS;3;DESPESAS CORRENTES;3;OUTRAS DESPESAS CORRENTES;18;AUXILIO FINANCEIRO A ESTUDANTES;339018;AUXILIO FINANCEIRO A ESTUDANTES;00;RECURSOS PRIMARIOS DE LIVRE APLICACAO;32285700.00;;32285700.00;;32285700.00;4,228,500.00;28057200.00;27083900.00
2020;154003;FUND.COORD.DE APERF.DE PESSOAL NIVEL SUPERIOR;12;EDUCACAO;364;ENSINO SUPERIOR;5013;EDUCACAO SUPERIOR - GRADUACAO, POS-GRADUACAO, ENSINO, PESQUI;0487;CONCESSAO DE BOLSAS DE ESTUDO NO ENSINO SUPERIOR;0002;CONCESSAO DE BOLSAS DE ESTUDO NO PAIS;12364501304870001;170062;OCCCUO1942N;BFSUPERIOR - PROCAD/AMAZONIA;90;APLICACOES DIRETAS;3;DESPESAS CORRENTES;3;OUTRAS DESPESAS CORRENTES;;;;;08;FUNDO SOCIAL-PARC.DEST.EDUCACAO PUBL.E SAUDE;0.00;;0.00;;0.00;0.00;;
2020;154003;FUND.COORD.DE APERF.DE PESSOAL NIVEL SUPERIOR;12;EDUCACAO;364;ENSINO SUPERIOR;5013;EDUCACAO SUPERIOR - GRADUACAO, POS-GRADUACAO, ENSINO, PESQUI;0487;CONCESSAO DE BOLSAS DE ESTUDO NO ENSINO SUPERIOR;0002;CONCESSAO DE BOLSAS DE ESTUDO NO PAIS;12364501304870001;170062;OCCCUO1943N;BFSUPERIOR - PROCAD/DEFESA;90;APLICACOES DIRETAS;3;DESPESAS CORRENTES;3;OUTRAS DESPESAS CORRENTES;18;AUXILIO FINANCEIRO A ESTUDANTES;339018;AUXILIO FINANCEIRO A ESTUDANTES;00;RECURSOS PRIMARIOS DE LIVRE APLICACAO;2,528,500.00;;2,528,500.00;;2,528,500.00;337,400.00;1,885,100.00;1,822,300.00
2020;154003;FUND.COORD.DE APERF.DE PESSOAL NIVEL SUPERIOR;12;EDUCACAO;364;ENSINO SUPERIOR;5013;EDUCACAO SUPERIOR - GRADUACAO, POS-GRADUACAO, ENSINO, PESQUI;0487;CONCESSAO DE BOLSAS DE ESTUDO NO ENSINO SUPERIOR;0002;CONCESSAO DE BOLSAS DE ESTUDO NO PAIS;12364501304870001;170062;OCCCUO1947N;BFSUPERIOR - AE ACAO EMERGENCIAL;90;APLICACOES DIRETAS;3;DESPESAS CORRENTES;3;OUTRAS DESPESAS CORRENTES;18;AUXILIO FINANCEIRO A ESTUDANTES;339018;AUXILIO FINANCEIRO A ESTUDANTES;00;RECURSOS PRIMARIOS DE LIVRE APLICACAO;73707200.00;;73707200.00;;73707200.00;9,540,600.00;63815900.00;62647300.00
2020;154003;FUND.COORD.DE APERF.DE PESSOAL NIVEL SUPERIOR;12;EDUCACAO;364;ENSINO SUPERIOR;5013;EDUCACAO SUPERIOR - GRADUACAO, POS-GRADUACAO, ENSINO, PESQUI;0487;CONCESSAO DE BOLSAS DE ESTUDO NO ENSINO SUPERIOR;0002;CONCESSAO DE BOLSAS DE ESTUDO NO PAIS;12364501304870001;170062;OCCCUO1948N;BFSUPERIOR - FARMACOS E IMUNOLOGIA;90;APLICACOES DIRETAS;3;DESPESAS CORRENTES;3;OUTRAS DESPESAS CORRENTES;18;AUXILIO FINANCEIRO A ESTUDANTES;339018;AUXILIO FINANCEIRO A ESTUDANTES;00;RECURSOS PRIMARIOS DE LIVRE APLICACAO;11239000.00;;11239000.00;;11239000.00;1,868,700.00;9,097,600.00;9,097,600.00
2020;154003;FUND.COORD.DE APERF.DE PESSOAL NIVEL SUPERIOR;12;EDUCACAO;364;ENSINO SUPERIOR;5013;EDUCACAO SUPERIOR - GRADUACAO, POS-GRADUACAO, ENSINO, PESQUI;0487;CONCESSAO DE BOLSAS DE ESTUDO NO ENSINO SUPERIOR;0002;CONCESSAO DE BOLSAS DE ESTUDO NO PAIS;12364501304870001;170062;OCCCUO1949N;BFSUPERIOR-EPIDEMIAS;90;APLICACOES DIRETAS;3;DESPESAS CORRENTES;3;OUTRAS DESPESAS CORRENTES;18;AUXILIO FINANCEIRO A ESTUDANTES;339018;AUXILIO FINANCEIRO A ESTUDANTES;00;RECURSOS PRIMARIOS DE LIVRE APLICACAO;19836400.00;;19836400.00;;19836400.00;3,282,700.00;16436700.00;16436700.00
2020;154003;FUND.COORD.DE APERF.DE PESSOAL NIVEL SUPERIOR;12;EDUCACAO;364;ENSINO SUPERIOR;5013;EDUCACAO SUPERIOR - GRADUACAO, POS-GRADUACAO, ENSINO, PESQUI;0487;CONCESSAO DE BOLSAS DE ESTUDO NO ENSINO SUPERIOR;0002;CONCESSAO DE BOLSAS DE ESTUDO NO PAIS;12364501304870001;170062;OCCCUO1950N;BFSUPERIOR-TELEMEDICINA;90;APLICACOES DIRETAS;3;DESPESAS CORRENTES;3;OUTRAS DESPESAS CORRENTES;18;AUXILIO FINANCEIRO A ESTUDANTES;339018;AUXILIO FINANCEIRO A ESTUDANTES;00;RECURSOS PRIMARIOS DE LIVRE APLICACAO;4,873,200.00;;4,873,200.00;;4,873,200.00;803,400.00;4,026,900.00;4,026,900.00
2020;154003;FUND.COORD.DE APERF.DE PESSOAL NIVEL SUPERIOR;12;EDUCACAO;364;ENSINO SUPERIOR;5013;EDUCACAO SUPERIOR - GRADUACAO, POS-GRADUACAO, ENSINO, PESQUI;0487;CONCESSAO DE BOLSAS DE ESTUDO NO ENSINO SUPERIOR;0002;CONCESSAO DE BOLSAS DE ESTUDO NO PAIS;12364501304870001;170062;OCCCUO9403N;BFSUPERIOR - PROEX;90;APLICACOES DIRETAS;3;DESPESAS CORRENTES;3;OUTRAS DESPESAS CORRENTES;20;AUXILIO FINANCEIRO A PESQUISADORES;339020;AUXILIO FINANCEIRO A PESQUISADORES;00;RECURSOS PRIMARIOS DE LIVRE APLICACAO;518758429.20;;518758429.20;;434429509.79;14591650.36;418552315.63;417215557.18
2020;154003;FUND.COORD.DE APERF.DE PESSOAL NIVEL SUPERIOR;12;EDUCACAO;364;ENSINO SUPERIOR;5013;EDUCACAO SUPERIOR - GRADUACAO, POS-GRADUACAO, ENSINO, PESQUI;0487;CONCESSAO DE BOLSAS DE ESTUDO NO ENSINO SUPERIOR;0002;CONCESSAO DE BOLSAS DE ESTUDO NO PAIS;12364501304870001;170062;OCCCUO9414N;BF SUPERIOR - PROAP;30;TRANSFER. A ESTADOS E AO DISTRITO FEDERAL;3;DESPESAS CORRENTES;3;OUTRAS DESPESAS CORRENTES;41;CONTRIBUICOES;333041;CONTRIBUICOES;00;RECURSOS PRIMARIOS DE LIVRE APLICACAO;154031714.46;;154031714.46;;139097734.86;44864050.73;94013400.85;94013400.85
2020;154003;FUND.COORD.DE APERF.DE PESSOAL NIVEL SUPERIOR;12;EDUCACAO;364;ENSINO SUPERIOR;5013;EDUCACAO SUPERIOR - GRADUACAO, POS-GRADUACAO, ENSINO, PESQUI;0487;CONCESSAO DE BOLSAS DE ESTUDO NO ENSINO SUPERIOR;0002;CONCESSAO DE BOLSAS DE ESTUDO NO PAIS;12364501304870001;170062;OCCCUO9414N;BF SUPERIOR - PROAP;32;EXECUCAO ORCAMENTARIA DELEGADA AOS ESTADOS/DF;3;DESPESAS CORRENTES;3;OUTRAS DESPESAS CORRENTES;39;OUTROS SERVICOS DE TERCEIROS PJ - OP.INT.ORC.;333239;OUTROS SERVICOS DE TERCEIROS-PESSOA JURIDICA;00;RECURSOS PRIMARIOS DE LIVRE APLICACAO;2,228.90;;2,228.90;;;;;
2020;154003;FUND.COORD.DE APERF.DE PESSOAL NIVEL SUPERIOR;12;EDUCACAO;364;ENSINO SUPERIOR;5013;EDUCACAO SUPERIOR - GRADUACAO, POS-GRADUACAO, ENSINO, PESQUI;0487;CONCESSAO DE BOLSAS DE ESTUDO NO ENSINO SUPERIOR;0002;CONCESSAO DE BOLSAS DE ESTUDO NO PAIS;12364501304870001;170062;OCCCUO9414N;BF SUPERIOR - PROAP;50;TRANSFERENCIA INSTITUICOES PRIVADAS SEM FINS LUCRATIVOS;3;DESPESAS CORRENTES;3;OUTRAS DESPESAS CORRENTES;39;OUTROS SERVICOS DE TERCEIROS PJ - OP.INT.ORC.;335039;OUTROS SERVICOS DE TERCEIROS-PESSOA JURIDICA;00;RECURSOS PRIMARIOS DE LIVRE APLICACAO;51,600.00;;51,600.00;;;;;
2020;154003;FUND.COORD.DE APERF.DE PESSOAL NIVEL SUPERIOR;12;EDUCACAO;364;ENSINO SUPERIOR;5013;EDUCACAO SUPERIOR - GRADUACAO, POS-GRADUACAO, ENSINO, PESQUI;0487;CONCESSAO DE BOLSAS DE ESTUDO NO ENSINO SUPERIOR;0002;CONCESSAO DE BOLSAS DE ESTUDO NO PAIS;12364501304870001;170062;OCCCUO9414N;BF SUPERIOR - PROAP;50;TRANSFERENCIA INSTITUICOES PRIVADAS SEM FINS LUCRATIVOS;3;DESPESAS CORRENTES;3;OUTRAS DESPESAS CORRENTES;41;CONTRIBUICOES;335041;CONTRIBUICOES;00;RECURSOS PRIMARIOS DE LIVRE APLICACAO;144,950.40;;144,950.40;;;;;
2020;154003;FUND.COORD.DE APERF.DE PESSOAL NIVEL SUPERIOR;12;EDUCACAO;364;ENSINO SUPERIOR;5013;EDUCACAO SUPERIOR - GRADUACAO, POS-GRADUACAO, ENSINO, PESQUI;0487;CONCESSAO DE BOLSAS DE ESTUDO NO ENSINO SUPERIOR;0002;CONCESSAO DE BOLSAS DE ESTUDO NO PAIS;12364501304870001;170062;OCCCUO9414N;BF SUPERIOR - PROAP;90;APLICACOES DIRETAS;3;DESPESAS CORRENTES;3;OUTRAS DESPESAS CORRENTES;00;[A DETALHAR];339000;APLICACOES DIRETAS;00;RECURSOS PRIMARIOS DE LIVRE APLICACAO;321,859.08;;321,859.08;;;;;
2020;154003;FUND.COORD.DE APERF.DE PESSOAL NIVEL SUPERIOR;12;EDUCACAO;364;ENSINO SUPERIOR;5013;EDUCACAO SUPERIOR - GRADUACAO, POS-GRADUACAO, ENSINO, PESQUI;0487;CONCESSAO DE BOLSAS DE ESTUDO NO ENSINO SUPERIOR;0002;CONCESSAO DE BOLSAS DE ESTUDO NO PAIS;12364501304870001;170062;OCCCUO9414N;BF SUPERIOR - PROAP;90;APLICACOES DIRETAS;3;DESPESAS CORRENTES;3;OUTRAS DESPESAS CORRENTES;14;DIARIAS - PESSOAL CIVIL;339014;DIARIAS - PESSOAL CIVIL;00;RECURSOS PRIMARIOS DE LIVRE APLICACAO;15228384.99;;15228384.99;;;;;
2020;154003;FUND.COORD.DE APERF.DE PESSOAL NIVEL SUPERIOR;12;EDUCACAO;364;ENSINO SUPERIOR;5013;EDUCACAO SUPERIOR - GRADUACAO, POS-GRADUACAO, ENSINO, PESQUI;0487;CONCESSAO DE BOLSAS DE ESTUDO NO ENSINO SUPERIOR;0002;CONCESSAO DE BOLSAS DE ESTUDO NO PAIS;12364501304870001;170062;OCCCUO9414N;BF SUPERIOR - PROAP;90;APLICACOES DIRETAS;3;DESPESAS CORRENTES;3;OUTRAS DESPESAS CORRENTES;15;DIARIAS - PESSOAL MILITAR;339015;DIARIAS - PESSOAL MILITAR;00;RECURSOS PRIMARIOS DE LIVRE APLICACAO;10,500.00;;10,500.00;;;;;
2020;154003;FUND.COORD.DE APERF.DE PESSOAL NIVEL SUPERIOR;12;EDUCACAO;364;ENSINO SUPERIOR;5013;EDUCACAO SUPERIOR - GRADUACAO, POS-GRADUACAO, ENSINO, PESQUI;0487;CONCESSAO DE BOLSAS DE ESTUDO NO ENSINO SUPERIOR;0002;CONCESSAO DE BOLSAS DE ESTUDO NO PAIS;12364501304870001;170062;OCCCUO9414N;BF SUPERIOR - PROAP;90;APLICACOES DIRETAS;3;DESPESAS CORRENTES;3;OUTRAS DESPESAS CORRENTES;18;AUXILIO FINANCEIRO A ESTUDANTES;339018;AUXILIO FINANCEIRO A ESTUDANTES;00;RECURSOS PRIMARIOS DE LIVRE APLICACAO;52090335.16;;52090335.16;;;;;
2020;154003;FUND.COORD.DE APERF.DE PESSOAL NIVEL SUPERIOR;12;EDUCACAO;364;ENSINO SUPERIOR;5013;EDUCACAO SUPERIOR - GRADUACAO, POS-GRADUACAO, ENSINO, PESQUI;0487;CONCESSAO DE BOLSAS DE ESTUDO NO ENSINO SUPERIOR;0002;CONCESSAO DE BOLSAS DE ESTUDO NO PAIS;12364501304870001;170062;OCCCUO9414N;BF SUPERIOR - PROAP;90;APLICACOES DIRETAS;3;DESPESAS CORRENTES;3;OUTRAS DESPESAS CORRENTES;20;AUXILIO FINANCEIRO A PESQUISADORES;339020;AUXILIO FINANCEIRO A PESQUISADORES;00;RECURSOS PRIMARIOS DE LIVRE APLICACAO;112541486.16;;112541486.16;;52921150.59;538,930.83;14040088.02;14040088.02
2020;154003;FUND.COORD.DE APERF.DE PESSOAL NIVEL SUPERIOR;12;EDUCACAO;364;ENSINO SUPERIOR;5013;EDUCACAO SUPERIOR - GRADUACAO, POS-GRADUACAO, ENSINO, PESQUI;0487;CONCESSAO DE BOLSAS DE ESTUDO NO ENSINO SUPERIOR;0002;CONCESSAO DE BOLSAS DE ESTUDO NO PAIS;12364501304870001;170062;OCCCUO9414N;BF SUPERIOR - PROAP;90;APLICACOES DIRETAS;3;DESPESAS CORRENTES;3;OUTRAS DESPESAS CORRENTES;30;MATERIAL DE CONSUMO;339030;MATERIAL DE CONSUMO;00;RECURSOS PRIMARIOS DE LIVRE APLICACAO;95630865.33;;95630865.33;;;;;
2020;154003;FUND.COORD.DE APERF.DE PESSOAL NIVEL SUPERIOR;12;EDUCACAO;364;ENSINO SUPERIOR;5013;EDUCACAO SUPERIOR - GRADUACAO, POS-GRADUACAO, ENSINO, PESQUI;0487;CONCESSAO DE BOLSAS DE ESTUDO NO ENSINO SUPERIOR;0002;CONCESSAO DE BOLSAS DE ESTUDO NO PAIS;12364501304870001;170062;OCCCUO9414N;BF SUPERIOR - PROAP;90;APLICACOES DIRETAS;3;DESPESAS CORRENTES;3;OUTRAS DESPESAS CORRENTES;33;PASSAGENS E DESPESAS COM LOCOMOCAO;339033;PASSAGENS E DESPESAS COM LOCOMOCAO;00;RECURSOS PRIMARIOS DE LIVRE APLICACAO;19693068.21;;19693068.21;;;;;
2020;154003;FUND.COORD.DE APERF.DE PESSOAL NIVEL SUPERIOR;12;EDUCACAO;364;ENSINO SUPERIOR;5013;EDUCACAO SUPERIOR - GRADUACAO, POS-GRADUACAO, ENSINO, PESQUI;0487;CONCESSAO DE BOLSAS DE ESTUDO NO ENSINO SUPERIOR;0002;CONCESSAO DE BOLSAS DE ESTUDO NO PAIS;12364501304870001;170062;OCCCUO9414N;BF SUPERIOR - PROAP;90;APLICACOES DIRETAS;3;DESPESAS CORRENTES;3;OUTRAS DESPESAS CORRENTES;35;SERVICOS DE CONSULTORIA;339035;SERVICOS DE CONSULTORIA;00;RECURSOS PRIMARIOS DE LIVRE APLICACAO;72,000.00;;72,000.00;;;;;
2020;154003;FUND.COORD.DE APERF.DE PESSOAL NIVEL SUPERIOR;12;EDUCACAO;364;ENSINO SUPERIOR;5013;EDUCACAO SUPERIOR - GRADUACAO, POS-GRADUACAO, ENSINO, PESQUI;0487;CONCESSAO DE BOLSAS DE ESTUDO NO ENSINO SUPERIOR;0002;CONCESSAO DE BOLSAS DE ESTUDO NO PAIS;12364501304870001;170062;OCCCUO9414N;BF SUPERIOR - PROAP;90;APLICACOES DIRETAS;3;DESPESAS CORRENTES;3;OUTRAS DESPESAS CORRENTES;36;OUTROS SERVICOS DE TERCEIROS - P.FISICA;339036;OUTROS SERVICOS DE TERCEIROS - PESSOA FISICA;00;RECURSOS PRIMARIOS DE LIVRE APLICACAO;7,947,964.58;;7,947,964.58;;;;;
2020;154003;FUND.COORD.DE APERF.DE PESSOAL NIVEL SUPERIOR;12;EDUCACAO;364;ENSINO SUPERIOR;5013;EDUCACAO SUPERIOR - GRADUACAO, POS-GRADUACAO, ENSINO, PESQUI;0487;CONCESSAO DE BOLSAS DE ESTUDO NO ENSINO SUPERIOR;0002;CONCESSAO DE BOLSAS DE ESTUDO NO PAIS;12364501304870001;170062;OCCCUO9414N;BF SUPERIOR - PROAP;90;APLICACOES DIRETAS;3;DESPESAS CORRENTES;3;OUTRAS DESPESAS CORRENTES;37;LOCACAO DE MAO-DE-OBRA;339037;LOCACAO DE MAO-DE-OBRA;00;RECURSOS PRIMARIOS DE LIVRE APLICACAO;0.00;;0.00;;;;;
2020;154003;FUND.COORD.DE APERF.DE PESSOAL NIVEL SUPERIOR;12;EDUCACAO;364;ENSINO SUPERIOR;5013;EDUCACAO SUPERIOR - GRADUACAO, POS-GRADUACAO, ENSINO, PESQUI;0487;CONCESSAO DE BOLSAS DE ESTUDO NO ENSINO SUPERIOR;0002;CONCESSAO DE BOLSAS DE ESTUDO NO PAIS;12364501304870001;170062;OCCCUO9414N;BF SUPERIOR - PROAP;90;APLICACOES DIRETAS;3;DESPESAS CORRENTES;3;OUTRAS DESPESAS CORRENTES;39;OUTROS SERVICOS DE TERCEIROS PJ - OP.INT.ORC.;339039;OUTROS SERVICOS DE TERCEIROS - PESSOA JURIDICA;00;RECURSOS PRIMARIOS DE LIVRE APLICACAO;131031117.43;;131031117.43;;;;;
2020;154003;FUND.COORD.DE APERF.DE PESSOAL NIVEL SUPERIOR;12;EDUCACAO;364;ENSINO SUPERIOR;5013;EDUCACAO SUPERIOR - GRADUACAO, POS-GRADUACAO, ENSINO, PESQUI;0487;CONCESSAO DE BOLSAS DE ESTUDO NO ENSINO SUPERIOR;0002;CONCESSAO DE BOLSAS DE ESTUDO NO PAIS;12364501304870001;170062;OCCCUO9414N;BF SUPERIOR - PROAP;90;APLICACOES DIRETAS;3;DESPESAS CORRENTES;3;OUTRAS DESPESAS CORRENTES;40;SERVICOS DE TECNOLOGIA DA INFORMACAO E COMUNICACAO - PJ;339040;SERVICOS DE TECNOLOGIA DA INFORMACAO E COMUNICACAO - PJ;00;RECURSOS PRIMARIOS DE LIVRE APLICACAO;12784810.79;;12784810.79;;;;;
2020;154003;FUND.COORD.DE APERF.DE PESSOAL NIVEL SUPERIOR;12;EDUCACAO;364;ENSINO SUPERIOR;5013;EDUCACAO SUPERIOR - GRADUACAO, POS-GRADUACAO, ENSINO, PESQUI;0487;CONCESSAO DE BOLSAS DE ESTUDO NO ENSINO SUPERIOR;0002;CONCESSAO DE BOLSAS DE ESTUDO NO PAIS;12364501304870001;170062;OCCCUO9414N;BF SUPERIOR - PROAP;90;APLICACOES DIRETAS;3;DESPESAS CORRENTES;3;OUTRAS DESPESAS CORRENTES;47;OBRIGACOES TRIBUTARIAS E CONTRIBUTIVAS;339047;OBRIGACOES TRIBUTARIAS E CONTRIBUTIVAS;00;RECURSOS PRIMARIOS DE LIVRE APLICACAO;100,530.42;;100,530.42;;;;;
2020;154003;FUND.COORD.DE APERF.DE PESSOAL NIVEL SUPERIOR;12;EDUCACAO;364;ENSINO SUPERIOR;5013;EDUCACAO SUPERIOR - GRADUACAO, POS-GRADUACAO, ENSINO, PESQUI;0487;CONCESSAO DE BOLSAS DE ESTUDO NO ENSINO SUPERIOR;0002;CONCESSAO DE BOLSAS DE ESTUDO NO PAIS;12364501304870001;170062;OCCCUO9414N;BF SUPERIOR - PROAP;90;APLICACOES DIRETAS;3;DESPESAS CORRENTES;3;OUTRAS DESPESAS CORRENTES;48;OUTROS AUXILIOS FINANCEIROS A PESSOAS FISICAS;339048;OUTROS AUXILIOS FINANCEIROS A PESSOA FISICA;00;RECURSOS PRIMARIOS DE LIVRE APLICACAO;4,578.00;;4,578.00;;;;;
2020;154003;FUND.COORD.DE APERF.DE PESSOAL NIVEL SUPERIOR;12;EDUCACAO;364;ENSINO SUPERIOR;5013;EDUCACAO SUPERIOR - GRADUACAO, POS-GRADUACAO, ENSINO, PESQUI;0487;CONCESSAO DE BOLSAS DE ESTUDO NO ENSINO SUPERIOR;0002;CONCESSAO DE BOLSAS DE ESTUDO NO PAIS;12364501304870001;170062;OCCCUO9414N;BF SUPERIOR - PROAP;90;APLICACOES DIRETAS;3;DESPESAS CORRENTES;3;OUTRAS DESPESAS CORRENTES;92;DESPESAS DE EXERCICIOS ANTERIORES;339092;DESPESAS DE EXERCICIOS ANTERIORES;00;RECURSOS PRIMARIOS DE LIVRE APLICACAO;609,247.37;;609,247.37;;;;;
2020;154003;FUND.COORD.DE APERF.DE PESSOAL NIVEL SUPERIOR;12;EDUCACAO;364;ENSINO SUPERIOR;5013;EDUCACAO SUPERIOR - GRADUACAO, POS-GRADUACAO, ENSINO, PESQUI;0487;CONCESSAO DE BOLSAS DE ESTUDO NO ENSINO SUPERIOR;0002;CONCESSAO DE BOLSAS DE ESTUDO NO PAIS;12364501304870001;170062;OCCCUO9414N;BF SUPERIOR - PROAP;90;APLICACOES DIRETAS;3;DESPESAS CORRENTES;3;OUTRAS DESPESAS CORRENTES;93;INDENIZACOES E RESTITUICOES;339093;INDENIZACOES E RESTITUICOES;00;RECURSOS PRIMARIOS DE LIVRE APLICACAO;25783581.92;;25783581.92;;;;;
2020;154003;FUND.COORD.DE APERF.DE PESSOAL NIVEL SUPERIOR;12;EDUCACAO;364;ENSINO SUPERIOR;5013;EDUCACAO SUPERIOR - GRADUACAO, POS-GRADUACAO, ENSINO, PESQUI;0487;CONCESSAO DE BOLSAS DE ESTUDO NO ENSINO SUPERIOR;0002;CONCESSAO DE BOLSAS DE ESTUDO NO PAIS;12364501304870001;170062;OCCCUO9414N;BF SUPERIOR - PROAP;91;APLICACOES DIRETAS - OPERACOES INTERNAS;3;DESPESAS CORRENTES;3;OUTRAS DESPESAS CORRENTES;47;OBRIGACOES TRIBUTARIAS E CONTRIBUTIVAS;339147;OBRIG.TRIBUT.E CONTRIB-OP.INTRA-ORCAMENTARIAS;00;RECURSOS PRIMARIOS DE LIVRE APLICACAO;253,429.16;;253,429.16;;;;;
2020;154003;FUND.COORD.DE APERF.DE PESSOAL NIVEL SUPERIOR;12;EDUCACAO;364;ENSINO SUPERIOR;5013;EDUCACAO SUPERIOR - GRADUACAO, POS-GRADUACAO, ENSINO, PESQUI;0487;CONCESSAO DE BOLSAS DE ESTUDO NO ENSINO SUPERIOR;0002;CONCESSAO DE BOLSAS DE ESTUDO NO PAIS;12364501304870001;170062;OCCCUU1921N;BFSUPERIOR - PBE-DPM;90;APLICACOES DIRETAS;3;DESPESAS CORRENTES;3;OUTRAS DESPESAS CORRENTES;18;AUXILIO FINANCEIRO A ESTUDANTES;339018;AUXILIO FINANCEIRO A ESTUDANTES;00;RECURSOS PRIMARIOS DE LIVRE APLICACAO;8,152,000.00;;8,152,000.00;;8,152,000.00;914,000.00;7,184,000.00;6,804,400.00
2020;154003;FUND.COORD.DE APERF.DE PESSOAL NIVEL SUPERIOR;12;EDUCACAO;364;ENSINO SUPERIOR;5013;EDUCACAO SUPERIOR - GRADUACAO, POS-GRADUACAO, ENSINO, PESQUI;0487;CONCESSAO DE BOLSAS DE ESTUDO NO ENSINO SUPERIOR;0002;CONCESSAO DE BOLSAS DE ESTUDO NO PAIS;12364501304870001;170062;OCCCUU1921N;BFSUPERIOR - PBE-DPM;90;APLICACOES DIRETAS;3;DESPESAS CORRENTES;3;OUTRAS DESPESAS CORRENTES;;;;;08;FUNDO SOCIAL-PARC.DEST.EDUCACAO PUBL.E SAUDE;0.00;;0.00;;0.00;0.00;;
2020;154003;FUND.COORD.DE APERF.DE PESSOAL NIVEL SUPERIOR;12;EDUCACAO;364;ENSINO SUPERIOR;5013;EDUCACAO SUPERIOR - GRADUACAO, POS-GRADUACAO, ENSINO, PESQUI;0487;CONCESSAO DE BOLSAS DE ESTUDO NO ENSINO SUPERIOR;0002;CONCESSAO DE BOLSAS DE ESTUDO NO PAIS;12364501304870001;170062;OCCCUV2019N;BFSUPERIOR - PNPD;90;APLICACOES DIRETAS;3;DESPESAS CORRENTES;3;OUTRAS DESPESAS CORRENTES;18;AUXILIO FINANCEIRO A ESTUDANTES;339018;AUXILIO FINANCEIRO A ESTUDANTES;00;RECURSOS PRIMARIOS DE LIVRE APLICACAO;1637279855.8;;1637279855.8;;1637279855.8;205992395.80;1427875860.0;1367500060.0
2020;154003;FUND.COORD.DE APERF.DE PESSOAL NIVEL SUPERIOR;12;EDUCACAO;364;ENSINO SUPERIOR;5013;EDUCACAO SUPERIOR - GRADUACAO, POS-GRADUACAO, ENSINO, PESQUI;0487;CONCESSAO DE BOLSAS DE ESTUDO NO ENSINO SUPERIOR;0002;CONCESSAO DE BOLSAS DE ESTUDO NO PAIS;12364501304870001;170062;OCCCUV2019N;BFSUPERIOR - PNPD;90;APLICACOES DIRETAS;3;DESPESAS CORRENTES;3;OUTRAS DESPESAS CORRENTES;;;;;08;FUNDO SOCIAL-PARC.DEST.EDUCACAO PUBL.E SAUDE;0.00;;0.00;;0.00;0.00;;
2020;154003;FUND.COORD.DE APERF.DE PESSOAL NIVEL SUPERIOR;12;EDUCACAO;364;ENSINO SUPERIOR;5013;EDUCACAO SUPERIOR - GRADUACAO, POS-GRADUACAO, ENSINO, PESQUI;0487;CONCESSAO DE BOLSAS DE ESTUDO NO ENSINO SUPERIOR;0002;CONCESSAO DE BOLSAS DE ESTUDO NO PAIS;12364501304870001;186020;'-8;SEM INFORMACAO;90;APLICACOES DIRETAS;3;DESPESAS CORRENTES;3;OUTRAS DESPESAS CORRENTES;00;[A DETALHAR];339000;APLICACOES DIRETAS;88;RECURSOS FINANCEIROS DE LIVRE APLICACAO;(3,000.00);;10,000.00;;;;;
2020;154003;FUND.COORD.DE APERF.DE PESSOAL NIVEL SUPERIOR;12;EDUCACAO;364;ENSINO SUPERIOR;5013;EDUCACAO SUPERIOR - GRADUACAO, POS-GRADUACAO, ENSINO, PESQUI;0487;CONCESSAO DE BOLSAS DE ESTUDO NO ENSINO SUPERIOR;0002;CONCESSAO DE BOLSAS DE ESTUDO NO PAIS;12364501304870001;186020;OCCCUO1903N;BFSUPERIOR - PROEX;90;APLICACOES DIRETAS;3;DESPESAS CORRENTES;3;OUTRAS DESPESAS CORRENTES;18;AUXILIO FINANCEIRO A ESTUDANTES;339018;AUXILIO FINANCEIRO A ESTUDANTES;88;RECURSOS FINANCEIROS DE LIVRE APLICACAO;3,000.00;;3,000.00;;3,000.00;0.00;;
2020;154003;FUND.COORD.DE APERF.DE PESSOAL NIVEL SUPERIOR;12;EDUCACAO;364;ENSINO SUPERIOR;5013;EDUCACAO SUPERIOR - GRADUACAO, POS-GRADUACAO, ENSINO, PESQUI;0487;CONCESSAO DE BOLSAS DE ESTUDO NO ENSINO SUPERIOR;0002;CONCESSAO DE BOLSAS DE ESTUDO NO PAIS;12364501304870001;186021;'-8;SEM INFORMACAO;30;TRANSFER. A ESTADOS E AO DISTRITO FEDERAL;3;DESPESAS CORRENTES;3;OUTRAS DESPESAS CORRENTES;00;[A DETALHAR];333000;TRANSFER.  A ESTADOS E AO DISTRITO FEDERAL;00;RECURSOS PRIMARIOS DE LIVRE APLICACAO;(902,472.00);;75,206.00;;;;;
2020;154003;FUND.COORD.DE APERF.DE PESSOAL NIVEL SUPERIOR;12;EDUCACAO;364;ENSINO SUPERIOR;5013;EDUCACAO SUPERIOR - GRADUACAO, POS-GRADUACAO, ENSINO, PESQUI;0487;CONCESSAO DE BOLSAS DE ESTUDO NO ENSINO SUPERIOR;0002;CONCESSAO DE BOLSAS DE ESTUDO NO PAIS;12364501304870001;186021;'-8;SEM INFORMACAO;90;APLICACOES DIRETAS;3;DESPESAS CORRENTES;3;OUTRAS DESPESAS CORRENTES;00;[A DETALHAR];339000;APLICACOES DIRETAS;00;RECURSOS PRIMARIOS DE LIVRE APLICACAO;-572831796.0;;47735983.00;;;;;
2020;154003;FUND.COORD.DE APERF.DE PESSOAL NIVEL SUPERIOR;12;EDUCACAO;364;ENSINO SUPERIOR;5013;EDUCACAO SUPERIOR - GRADUACAO, POS-GRADUACAO, ENSINO, PESQUI;0487;CONCESSAO DE BOLSAS DE ESTUDO NO ENSINO SUPERIOR;0002;CONCESSAO DE BOLSAS DE ESTUDO NO PAIS;12364501304870001;186021;OCCCUO1904N;BFSUPERIOR - DEMANDA SOCIAL;90;APLICACOES DIRETAS;3;DESPESAS CORRENTES;3;OUTRAS DESPESAS CORRENTES;18;AUXILIO FINANCEIRO A ESTUDANTES;339018;AUXILIO FINANCEIRO A ESTUDANTES;00;RECURSOS PRIMARIOS DE LIVRE APLICACAO;573734268.00;;573734268.00;;573734268.00;47855994.25;525878273.75;478051684.75
2020;154003;FUND.COORD.DE APERF.DE PESSOAL NIVEL SUPERIOR;12;EDUCACAO;364;ENSINO SUPERIOR;5013;EDUCACAO SUPERIOR - GRADUACAO, POS-GRADUACAO, ENSINO, PESQUI;0487;CONCESSAO DE BOLSAS DE ESTUDO NO ENSINO SUPERIOR;0002;CONCESSAO DE BOLSAS DE ESTUDO NO PAIS;12364501304870001;195392;'-8;SEM INFORMACAO;90;APLICACOES DIRETAS;3;DESPESAS CORRENTES;3;OUTRAS DESPESAS CORRENTES;00;[A DETALHAR];339000;APLICACOES DIRETAS;00;RECURSOS PRIMARIOS DE LIVRE APLICACAO;-15113229.00;20150972.00;5,037,743.00;;;;;
2020;154003;FUND.COORD.DE APERF.DE PESSOAL NIVEL SUPERIOR;12;EDUCACAO;364;ENSINO SUPERIOR;5013;EDUCACAO SUPERIOR - GRADUACAO, POS-GRADUACAO, ENSINO, PESQUI;0487;CONCESSAO DE BOLSAS DE ESTUDO NO ENSINO SUPERIOR;0002;CONCESSAO DE BOLSAS DE ESTUDO NO PAIS;12364501304870001;195392;OCCCUO1941N;BFSUPERIOR - PROSUC;90;APLICACOES DIRETAS;3;DESPESAS CORRENTES;3;OUTRAS DESPESAS CORRENTES;18;AUXILIO FINANCEIRO A ESTUDANTES;339018;AUXILIO FINANCEIRO A ESTUDANTES;00;RECURSOS PRIMARIOS DE LIVRE APLICACAO;15113229.00;;15113229.00;;15113229.00;0.00;;
2020;154003;FUND.COORD.DE APERF.DE PESSOAL NIVEL SUPERIOR;12;EDUCACAO;364;ENSINO SUPERIOR;5013;EDUCACAO SUPERIOR - GRADUACAO, POS-GRADUACAO, ENSINO, PESQUI;0487;CONCESSAO DE BOLSAS DE ESTUDO NO ENSINO SUPERIOR;0002;CONCESSAO DE BOLSAS DE ESTUDO NO PAIS;12364501304870001;195393;'-8;SEM INFORMACAO;30;TRANSFER. A ESTADOS E AO DISTRITO FEDERAL;3;DESPESAS CORRENTES;3;OUTRAS DESPESAS CORRENTES;00;[A DETALHAR];333000;TRANSFER.  A ESTADOS E AO DISTRITO FEDERAL;44;TITULOS DE RESPONSAB.DO TN-OUTRAS APLICACOES;-18135747.00;24180996.00;6,045,249.00;;;;;
2020;154003;FUND.COORD.DE APERF.DE PESSOAL NIVEL SUPERIOR;12;EDUCACAO;364;ENSINO SUPERIOR;5013;EDUCACAO SUPERIOR - GRADUACAO, POS-GRADUACAO, ENSINO, PESQUI;0487;CONCESSAO DE BOLSAS DE ESTUDO NO ENSINO SUPERIOR;0002;CONCESSAO DE BOLSAS DE ESTUDO NO PAIS;12364501304870001;195393;'-8;SEM INFORMACAO;90;APLICACOES DIRETAS;3;DESPESAS CORRENTES;3;OUTRAS DESPESAS CORRENTES;00;[A DETALHAR];339000;APLICACOES DIRETAS;44;TITULOS DE RESPONSAB.DO TN-OUTRAS APLICACOES;-68151024.00;90868032.00;22717008.00;;;;;
2020;154003;FUND.COORD.DE APERF.DE PESSOAL NIVEL SUPERIOR;12;EDUCACAO;364;ENSINO SUPERIOR;5013;EDUCACAO SUPERIOR - GRADUACAO, POS-GRADUACAO, ENSINO, PESQUI;0487;CONCESSAO DE BOLSAS DE ESTUDO NO ENSINO SUPERIOR;0002;CONCESSAO DE BOLSAS DE ESTUDO NO PAIS;12364501304870001;195393;OCCCUO1904N;BFSUPERIOR - DEMANDA SOCIAL;90;APLICACOES DIRETAS;3;DESPESAS CORRENTES;3;OUTRAS DESPESAS CORRENTES;18;AUXILIO FINANCEIRO A ESTUDANTES;339018;AUXILIO FINANCEIRO A ESTUDANTES;44;TITULOS DE RESPONSAB.DO TN-OUTRAS APLICACOES;86286771.00;;86286771.00;;86286771.00;0.00;;
2020;154003;FUND.COORD.DE APERF.DE PESSOAL NIVEL SUPERIOR;12;EDUCACAO;364;ENSINO SUPERIOR;5013;EDUCACAO SUPERIOR - GRADUACAO, POS-GRADUACAO, ENSINO, PESQUI;0487;CONCESSAO DE BOLSAS DE ESTUDO NO ENSINO SUPERIOR;0003;CONCESSAO DE BOLSAS DE ESTUDO NO EXTERIOR;12364501304870001;170064;'-8;SEM INFORMACAO;90;APLICACOES DIRETAS;3;DESPESAS CORRENTES;3;OUTRAS DESPESAS CORRENTES;00;[A DETALHAR];339000;APLICACOES DIRETAS;00;RECURSOS PRIMARIOS DE LIVRE APLICACAO;564793884.33;;564793884.33;;;;;
2020;154003;FUND.COORD.DE APERF.DE PESSOAL NIVEL SUPERIOR;12;EDUCACAO;364;ENSINO SUPERIOR;5013;EDUCACAO SUPERIOR - GRADUACAO, POS-GRADUACAO, ENSINO, PESQUI;0487;CONCESSAO DE BOLSAS DE ESTUDO NO ENSINO SUPERIOR;0003;CONCESSAO DE BOLSAS DE ESTUDO NO EXTERIOR;12364501304870001;170064;'-8;SEM INFORMACAO;90;APLICACOES DIRETAS;3;DESPESAS CORRENTES;3;OUTRAS DESPESAS CORRENTES;;;;;44;TITULOS DE RESPONSAB.DO TN-OUTRAS APLICACOES;;948980754.00;0.00;0.00;;;;
2020;154003;FUND.COORD.DE APERF.DE PESSOAL NIVEL SUPERIOR;12;EDUCACAO;364;ENSINO SUPERIOR;5013;EDUCACAO SUPERIOR - GRADUACAO, POS-GRADUACAO, ENSINO, PESQUI;0487;CONCESSAO DE BOLSAS DE ESTUDO NO ENSINO SUPERIOR;0003;CONCESSAO DE BOLSAS DE ESTUDO NO EXTERIOR;12364501304870001;170064;NCCCPN99BEN;BEX - BEX;90;APLICACOES DIRETAS;3;DESPESAS CORRENTES;3;OUTRAS DESPESAS CORRENTES;18;AUXILIO FINANCEIRO A ESTUDANTES;339018;AUXILIO FINANCEIRO A ESTUDANTES;00;RECURSOS PRIMARIOS DE LIVRE APLICACAO;0.00;;0.00;;;;;
2020;154003;FUND.COORD.DE APERF.DE PESSOAL NIVEL SUPERIOR;12;EDUCACAO;364;ENSINO SUPERIOR;5013;EDUCACAO SUPERIOR - GRADUACAO, POS-GRADUACAO, ENSINO, PESQUI;0487;CONCESSAO DE BOLSAS DE ESTUDO NO ENSINO SUPERIOR;0003;CONCESSAO DE BOLSAS DE ESTUDO NO EXTERIOR;12364501304870001;170064;NCCCPN99BEN;BEX - BEX;90;APLICACOES DIRETAS;3;DESPESAS CORRENTES;3;OUTRAS DESPESAS CORRENTES;39;OUTROS SERVICOS DE TERCEIROS PJ - OP.INT.ORC.;339039;OUTROS SERVICOS DE TERCEIROS - PESSOA JURIDICA;00;RECURSOS PRIMARIOS DE LIVRE APLICACAO;20441650.00;;20441650.00;;25,650.00;4,350.00;21,300.00;21,300.00
2020;154003;FUND.COORD.DE APERF.DE PESSOAL NIVEL SUPERIOR;12;EDUCACAO;364;ENSINO SUPERIOR;5013;EDUCACAO SUPERIOR - GRADUACAO, POS-GRADUACAO, ENSINO, PESQUI;0487;CONCESSAO DE BOLSAS DE ESTUDO NO ENSINO SUPERIOR;0003;CONCESSAO DE BOLSAS DE ESTUDO NO EXTERIOR;12364501304870001;170064;NCCCPO19BEN;BEX - BEX;90;APLICACOES DIRETAS;3;DESPESAS CORRENTES;3;OUTRAS DESPESAS CORRENTES;18;AUXILIO FINANCEIRO A ESTUDANTES;339018;AUXILIO FINANCEIRO A ESTUDANTES;00;RECURSOS PRIMARIOS DE LIVRE APLICACAO;728388467.97;;728388467.97;;398582156.00;44983303.55;349547136.69;349515803.69
2020;154003;FUND.COORD.DE APERF.DE PESSOAL NIVEL SUPERIOR;12;EDUCACAO;364;ENSINO SUPERIOR;5013;EDUCACAO SUPERIOR - GRADUACAO, POS-GRADUACAO, ENSINO, PESQUI;0487;CONCESSAO DE BOLSAS DE ESTUDO NO ENSINO SUPERIOR;0003;CONCESSAO DE BOLSAS DE ESTUDO NO EXTERIOR;12364501304870001;170064;NCCCPO19EXN;BEX - DIARIA/PASSAGEM BEX/AEX;90;APLICACOES DIRETAS;3;DESPESAS CORRENTES;3;OUTRAS DESPESAS CORRENTES;33;PASSAGENS E DESPESAS COM LOCOMOCAO;339033;PASSAGENS E DESPESAS COM LOCOMOCAO;00;RECURSOS PRIMARIOS DE LIVRE APLICACAO;82469965.25;;82469965.25;;82469758.74;408,848.04;82051569.15;82051569.15
2020;154003;FUND.COORD.DE APERF.DE PESSOAL NIVEL SUPERIOR;12;EDUCACAO;364;ENSINO SUPERIOR;5013;EDUCACAO SUPERIOR - GRADUACAO, POS-GRADUACAO, ENSINO, PESQUI;0487;CONCESSAO DE BOLSAS DE ESTUDO NO ENSINO SUPERIOR;0003;CONCESSAO DE BOLSAS DE ESTUDO NO EXTERIOR;12364501304870001;170064;NCCCPO19EXN;BEX - DIARIA/PASSAGEM BEX/AEX;90;APLICACOES DIRETAS;3;DESPESAS CORRENTES;3;OUTRAS DESPESAS CORRENTES;39;OUTROS SERVICOS DE TERCEIROS PJ - OP.INT.ORC.;339039;OUTROS SERVICOS DE TERCEIROS - PESSOA JURIDICA;00;RECURSOS PRIMARIOS DE LIVRE APLICACAO;40,000.00;;40,000.00;;40,000.00;5,455.73;33,046.10;33,046.10
2020;154003;FUND.COORD.DE APERF.DE PESSOAL NIVEL SUPERIOR;12;EDUCACAO;364;ENSINO SUPERIOR;5013;EDUCACAO SUPERIOR - GRADUACAO, POS-GRADUACAO, ENSINO, PESQUI;0487;CONCESSAO DE BOLSAS DE ESTUDO NO ENSINO SUPERIOR;0003;CONCESSAO DE BOLSAS DE ESTUDO NO EXTERIOR;12364501304870001;170064;NCCCPO19EXN;BEX - DIARIA/PASSAGEM BEX/AEX;90;APLICACOES DIRETAS;3;DESPESAS CORRENTES;3;OUTRAS DESPESAS CORRENTES;93;INDENIZACOES E RESTITUICOES;339093;INDENIZACOES E RESTITUICOES;00;RECURSOS PRIMARIOS DE LIVRE APLICACAO;0.00;;0.00;;;;;
2020;154003;FUND.COORD.DE APERF.DE PESSOAL NIVEL SUPERIOR;12;EDUCACAO;364;ENSINO SUPERIOR;5013;EDUCACAO SUPERIOR - GRADUACAO, POS-GRADUACAO, ENSINO, PESQUI;0487;CONCESSAO DE BOLSAS DE ESTUDO NO ENSINO SUPERIOR;0003;CONCESSAO DE BOLSAS DE ESTUDO NO EXTERIOR;12364501304870001;170064;NCCCQG2002N;PARINTER - BRAFITEC;90;APLICACOES DIRETAS;3;DESPESAS CORRENTES;3;OUTRAS DESPESAS CORRENTES;20;AUXILIO FINANCEIRO A PESQUISADORES;339020;AUXILIO FINANCEIRO A PESQUISADORES;00;RECURSOS PRIMARIOS DE LIVRE APLICACAO;15546093.00;;15546093.00;;15408573.00;3,720,516.00;8,311,977.00;8,311,977.00
2020;154003;FUND.COORD.DE APERF.DE PESSOAL NIVEL SUPERIOR;12;EDUCACAO;364;ENSINO SUPERIOR;5013;EDUCACAO SUPERIOR - GRADUACAO, POS-GRADUACAO, ENSINO, PESQUI;0487;CONCESSAO DE BOLSAS DE ESTUDO NO ENSINO SUPERIOR;0003;CONCESSAO DE BOLSAS DE ESTUDO NO EXTERIOR;12364501304870001;170064;NCCCQN2013N;PARINTER - NUFFIC;90;APLICACOES DIRETAS;3;DESPESAS CORRENTES;3;OUTRAS DESPESAS CORRENTES;20;AUXILIO FINANCEIRO A PESQUISADORES;339020;AUXILIO FINANCEIRO A PESQUISADORES;00;RECURSOS PRIMARIOS DE LIVRE APLICACAO;746,688.00;;746,688.00;;746,688.00;0.00;386,388.00;386,388.00
2020;154003;FUND.COORD.DE APERF.DE PESSOAL NIVEL SUPERIOR;12;EDUCACAO;364;ENSINO SUPERIOR;5013;EDUCACAO SUPERIOR - GRADUACAO, POS-GRADUACAO, ENSINO, PESQUI;0487;CONCESSAO DE BOLSAS DE ESTUDO NO ENSINO SUPERIOR;0003;CONCESSAO DE BOLSAS DE ESTUDO NO EXTERIOR;12364501304870001;170064;NCCCQN2032N;PARINTER - PGCI;90;APLICACOES DIRETAS;3;DESPESAS CORRENTES;3;OUTRAS DESPESAS CORRENTES;20;AUXILIO FINANCEIRO A PESQUISADORES;339020;AUXILIO FINANCEIRO A PESQUISADORES;00;RECURSOS PRIMARIOS DE LIVRE APLICACAO;1,778,068.00;;1,778,068.00;;1,778,068.00;94,862.00;1,233,206.00;1,138,344.00
2020;154003;FUND.COORD.DE APERF.DE PESSOAL NIVEL SUPERIOR;12;EDUCACAO;364;ENSINO SUPERIOR;5013;EDUCACAO SUPERIOR - GRADUACAO, POS-GRADUACAO, ENSINO, PESQUI;0487;CONCESSAO DE BOLSAS DE ESTUDO NO ENSINO SUPERIOR;0003;CONCESSAO DE BOLSAS DE ESTUDO NO EXTERIOR;12364501304870001;170064;NCCCQN2042N;PARINTER - SIU;90;APLICACOES DIRETAS;3;DESPESAS CORRENTES;3;OUTRAS DESPESAS CORRENTES;20;AUXILIO FINANCEIRO A PESQUISADORES;339020;AUXILIO FINANCEIRO A PESQUISADORES;00;RECURSOS PRIMARIOS DE LIVRE APLICACAO;1,233,375.00;;1,233,375.00;;1,233,375.00;0.00;491,439.00;453,636.00
2020;154003;FUND.COORD.DE APERF.DE PESSOAL NIVEL SUPERIOR;12;EDUCACAO;364;ENSINO SUPERIOR;5013;EDUCACAO SUPERIOR - GRADUACAO, POS-GRADUACAO, ENSINO, PESQUI;0487;CONCESSAO DE BOLSAS DE ESTUDO NO ENSINO SUPERIOR;0003;CONCESSAO DE BOLSAS DE ESTUDO NO EXTERIOR;12364501304870001;170064;NCCCQO2005N;PARINTER - COFECUB;90;APLICACOES DIRETAS;3;DESPESAS CORRENTES;3;OUTRAS DESPESAS CORRENTES;20;AUXILIO FINANCEIRO A PESQUISADORES;339020;AUXILIO FINANCEIRO A PESQUISADORES;00;RECURSOS PRIMARIOS DE LIVRE APLICACAO;21194312.00;;21194312.00;;21194312.00;2,680,406.00;8,093,706.00;8,093,706.00
2020;154003;FUND.COORD.DE APERF.DE PESSOAL NIVEL SUPERIOR;12;EDUCACAO;364;ENSINO SUPERIOR;5013;EDUCACAO SUPERIOR - GRADUACAO, POS-GRADUACAO, ENSINO, PESQUI;0487;CONCESSAO DE BOLSAS DE ESTUDO NO ENSINO SUPERIOR;0003;CONCESSAO DE BOLSAS DE ESTUDO NO EXTERIOR;12364501304870001;170064;NCCCQO2008N;PARINTER - FCT;90;APLICACOES DIRETAS;3;DESPESAS CORRENTES;3;OUTRAS DESPESAS CORRENTES;20;AUXILIO FINANCEIRO A PESQUISADORES;339020;AUXILIO FINANCEIRO A PESQUISADORES;00;RECURSOS PRIMARIOS DE LIVRE APLICACAO;2,315,441.00;;2,315,441.00;;2,315,441.00;89,170.00;1,460,938.00;1,371,768.00
2020;154003;FUND.COORD.DE APERF.DE PESSOAL NIVEL SUPERIOR;12;EDUCACAO;364;ENSINO SUPERIOR;5013;EDUCACAO SUPERIOR - GRADUACAO, POS-GRADUACAO, ENSINO, PESQUI;0487;CONCESSAO DE BOLSAS DE ESTUDO NO ENSINO SUPERIOR;0003;CONCESSAO DE BOLSAS DE ESTUDO NO EXTERIOR;12364501304870001;170064;NCCCQO2010N;PARINTER - MATH AMSUD;90;APLICACOES DIRETAS;3;DESPESAS CORRENTES;3;OUTRAS DESPESAS CORRENTES;20;AUXILIO FINANCEIRO A PESQUISADORES;339020;AUXILIO FINANCEIRO A PESQUISADORES;00;RECURSOS PRIMARIOS DE LIVRE APLICACAO;1,564,956.00;;1,564,956.00;;1,564,956.00;516,000.00;395,400.00;395,400.00
2020;154003;FUND.COORD.DE APERF.DE PESSOAL NIVEL SUPERIOR;12;EDUCACAO;364;ENSINO SUPERIOR;5013;EDUCACAO SUPERIOR - GRADUACAO, POS-GRADUACAO, ENSINO, PESQUI;0487;CONCESSAO DE BOLSAS DE ESTUDO NO ENSINO SUPERIOR;0003;CONCESSAO DE BOLSAS DE ESTUDO NO EXTERIOR;12364501304870001;170064;NCCCQO2014N;PARINTER - PROBRAL;90;APLICACOES DIRETAS;3;DESPESAS CORRENTES;3;OUTRAS DESPESAS CORRENTES;20;AUXILIO FINANCEIRO A PESQUISADORES;339020;AUXILIO FINANCEIRO A PESQUISADORES;00;RECURSOS PRIMARIOS DE LIVRE APLICACAO;15773057.00;;15773057.00;;15773057.00;2,714,692.00;1,022,338.00;985,128.00
2020;154003;FUND.COORD.DE APERF.DE PESSOAL NIVEL SUPERIOR;12;EDUCACAO;364;ENSINO SUPERIOR;5013;EDUCACAO SUPERIOR - GRADUACAO, POS-GRADUACAO, ENSINO, PESQUI;0487;CONCESSAO DE BOLSAS DE ESTUDO NO ENSINO SUPERIOR;0003;CONCESSAO DE BOLSAS DE ESTUDO NO EXTERIOR;12364501304870001;170064;NCCCQO2016N;PARINTER - STIC AMSUD;90;APLICACOES DIRETAS;3;DESPESAS CORRENTES;3;OUTRAS DESPESAS CORRENTES;20;AUXILIO FINANCEIRO A PESQUISADORES;339020;AUXILIO FINANCEIRO A PESQUISADORES;00;RECURSOS PRIMARIOS DE LIVRE APLICACAO;825,800.00;;825,800.00;;825,800.00;146,000.00;486,000.00;486,000.00
2020;154003;FUND.COORD.DE APERF.DE PESSOAL NIVEL SUPERIOR;12;EDUCACAO;364;ENSINO SUPERIOR;5013;EDUCACAO SUPERIOR - GRADUACAO, POS-GRADUACAO, ENSINO, PESQUI;0487;CONCESSAO DE BOLSAS DE ESTUDO NO ENSINO SUPERIOR;0003;CONCESSAO DE BOLSAS DE ESTUDO NO EXTERIOR;12364501304870001;170064;NCCCQO2021N;PARINTER - WBI;90;APLICACOES DIRETAS;3;DESPESAS CORRENTES;3;OUTRAS DESPESAS CORRENTES;20;AUXILIO FINANCEIRO A PESQUISADORES;339020;AUXILIO FINANCEIRO A PESQUISADORES;00;RECURSOS PRIMARIOS DE LIVRE APLICACAO;1,184,562.00;;1,184,562.00;;1,184,562.00;0.00;449,172.00;449,172.00
2020;154003;FUND.COORD.DE APERF.DE PESSOAL NIVEL SUPERIOR;12;EDUCACAO;364;ENSINO SUPERIOR;5013;EDUCACAO SUPERIOR - GRADUACAO, POS-GRADUACAO, ENSINO, PESQUI;0487;CONCESSAO DE BOLSAS DE ESTUDO NO ENSINO SUPERIOR;0003;CONCESSAO DE BOLSAS DE ESTUDO NO EXTERIOR;12364501304870001;170064;NCCCQO2034N;PARINTER - JSPS;90;APLICACOES DIRETAS;3;DESPESAS CORRENTES;3;OUTRAS DESPESAS CORRENTES;20;AUXILIO FINANCEIRO A PESQUISADORES;339020;AUXILIO FINANCEIRO A PESQUISADORES;00;RECURSOS PRIMARIOS DE LIVRE APLICACAO;350,016.00;;350,016.00;;350,016.00;0.00;;
2020;154003;FUND.COORD.DE APERF.DE PESSOAL NIVEL SUPERIOR;12;EDUCACAO;364;ENSINO SUPERIOR;5013;EDUCACAO SUPERIOR - GRADUACAO, POS-GRADUACAO, ENSINO, PESQUI;0487;CONCESSAO DE BOLSAS DE ESTUDO NO ENSINO SUPERIOR;0003;CONCESSAO DE BOLSAS DE ESTUDO NO EXTERIOR;12364501304870001;170064;NCCCQO2037N;PARINTER - STINT;90;APLICACOES DIRETAS;3;DESPESAS CORRENTES;3;OUTRAS DESPESAS CORRENTES;20;AUXILIO FINANCEIRO A PESQUISADORES;339020;AUXILIO FINANCEIRO A PESQUISADORES;00;RECURSOS PRIMARIOS DE LIVRE APLICACAO;1,082,640.00;;1,082,640.00;;1,082,640.00;0.00;;
2020;154003;FUND.COORD.DE APERF.DE PESSOAL NIVEL SUPERIOR;12;EDUCACAO;364;ENSINO SUPERIOR;5013;EDUCACAO SUPERIOR - GRADUACAO, POS-GRADUACAO, ENSINO, PESQUI;0487;CONCESSAO DE BOLSAS DE ESTUDO NO ENSINO SUPERIOR;0003;CONCESSAO DE BOLSAS DE ESTUDO NO EXTERIOR;12364501304870001;170064;NCCCQO9454N;PARINTER - PIPC;90;APLICACOES DIRETAS;3;DESPESAS CORRENTES;3;OUTRAS DESPESAS CORRENTES;20;AUXILIO FINANCEIRO A PESQUISADORES;339020;AUXILIO FINANCEIRO A PESQUISADORES;00;RECURSOS PRIMARIOS DE LIVRE APLICACAO;2,673,000.00;;2,673,000.00;;2,673,000.00;1,800,000.00;;
2020;154003;FUND.COORD.DE APERF.DE PESSOAL NIVEL SUPERIOR;12;EDUCACAO;364;ENSINO SUPERIOR;5013;EDUCACAO SUPERIOR - GRADUACAO, POS-GRADUACAO, ENSINO, PESQUI;0487;CONCESSAO DE BOLSAS DE ESTUDO NO ENSINO SUPERIOR;0003;CONCESSAO DE BOLSAS DE ESTUDO NO EXTERIOR;12364501304870001;170064;NCCCQO9949N;PARINTER - BRAGFOST;90;APLICACOES DIRETAS;3;DESPESAS CORRENTES;3;OUTRAS DESPESAS CORRENTES;20;AUXILIO FINANCEIRO A PESQUISADORES;339020;AUXILIO FINANCEIRO A PESQUISADORES;00;RECURSOS PRIMARIOS DE LIVRE APLICACAO;636,288.00;;636,288.00;;636,288.00;106,048.00;530,240.00;530,240.00
2020;154003;FUND.COORD.DE APERF.DE PESSOAL NIVEL SUPERIOR;12;EDUCACAO;364;ENSINO SUPERIOR;5013;EDUCACAO SUPERIOR - GRADUACAO, POS-GRADUACAO, ENSINO, PESQUI;0487;CONCESSAO DE BOLSAS DE ESTUDO NO ENSINO SUPERIOR;0003;CONCESSAO DE BOLSAS DE ESTUDO NO EXTERIOR;12364501304870001;170064;NCCCUO1994N;BFSUPERIOR - CAPES/PRINT;90;APLICACOES DIRETAS;3;DESPESAS CORRENTES;3;OUTRAS DESPESAS CORRENTES;18;AUXILIO FINANCEIRO A ESTUDANTES;339018;AUXILIO FINANCEIRO A ESTUDANTES;00;RECURSOS PRIMARIOS DE LIVRE APLICACAO;704299290.45;;704299290.45;;249406867.22;24598770.03;224611263.17;224225348.78
2020;154003;FUND.COORD.DE APERF.DE PESSOAL NIVEL SUPERIOR;12;EDUCACAO;364;ENSINO SUPERIOR;5013;EDUCACAO SUPERIOR - GRADUACAO, POS-GRADUACAO, ENSINO, PESQUI;0487;CONCESSAO DE BOLSAS DE ESTUDO NO ENSINO SUPERIOR;0003;CONCESSAO DE BOLSAS DE ESTUDO NO EXTERIOR;12364501304870001;170064;NCCCUO1997N;BFSUPERIOR - PEC-PG;90;APLICACOES DIRETAS;3;DESPESAS CORRENTES;3;OUTRAS DESPESAS CORRENTES;18;AUXILIO FINANCEIRO A ESTUDANTES;339018;AUXILIO FINANCEIRO A ESTUDANTES;00;RECURSOS PRIMARIOS DE LIVRE APLICACAO;39361804.00;;39361804.00;;37661804.00;3,409,200.00;33833204.00;33404204.00
2020;154003;FUND.COORD.DE APERF.DE PESSOAL NIVEL SUPERIOR;12;EDUCACAO;364;ENSINO SUPERIOR;5013;EDUCACAO SUPERIOR - GRADUACAO, POS-GRADUACAO, ENSINO, PESQUI;0487;CONCESSAO DE BOLSAS DE ESTUDO NO ENSINO SUPERIOR;0003;CONCESSAO DE BOLSAS DE ESTUDO NO EXTERIOR;12364501304870001;170064;NCCCUO1998N;BFSUPERIOR - PDES;90;APLICACOES DIRETAS;3;DESPESAS CORRENTES;3;OUTRAS DESPESAS CORRENTES;18;AUXILIO FINANCEIRO A ESTUDANTES;339018;AUXILIO FINANCEIRO A ESTUDANTES;00;RECURSOS PRIMARIOS DE LIVRE APLICACAO;1,463,500.00;;1,463,500.00;;1,413,500.00;156,400.00;1,168,600.00;1,168,600.00
2020;154003;FUND.COORD.DE APERF.DE PESSOAL NIVEL SUPERIOR;12;EDUCACAO;364;ENSINO SUPERIOR;5013;EDUCACAO SUPERIOR - GRADUACAO, POS-GRADUACAO, ENSINO, PESQUI;0487;CONCESSAO DE BOLSAS DE ESTUDO NO ENSINO SUPERIOR;0003;CONCESSAO DE BOLSAS DE ESTUDO NO EXTERIOR;12364501304870001;170064;NCCCUO2093N;BFSUPERIOR - COOPBRASS;90;APLICACOES DIRETAS;3;DESPESAS CORRENTES;3;OUTRAS DESPESAS CORRENTES;20;AUXILIO FINANCEIRO A PESQUISADORES;339020;AUXILIO FINANCEIRO A PESQUISADORES;00;RECURSOS PRIMARIOS DE LIVRE APLICACAO;3,825,456.00;;3,825,456.00;;3,825,456.00;574,956.00;1,142,328.00;1,142,328.00
2020;154003;FUND.COORD.DE APERF.DE PESSOAL NIVEL SUPERIOR;12;EDUCACAO;364;ENSINO SUPERIOR;5013;EDUCACAO SUPERIOR - GRADUACAO, POS-GRADUACAO, ENSINO, PESQUI;0487;CONCESSAO DE BOLSAS DE ESTUDO NO ENSINO SUPERIOR;0003;CONCESSAO DE BOLSAS DE ESTUDO NO EXTERIOR;12364501304870001;170064;NCCCUO2094N;BFSUPERIOR - CAPES/PRINT;90;APLICACOES DIRETAS;3;DESPESAS CORRENTES;3;OUTRAS DESPESAS CORRENTES;20;AUXILIO FINANCEIRO A PESQUISADORES;339020;AUXILIO FINANCEIRO A PESQUISADORES;00;RECURSOS PRIMARIOS DE LIVRE APLICACAO;5,607,500.00;;5,607,500.00;;5,607,500.00;310,688.00;2,088,780.00;2,088,780.00
2020;154003;FUND.COORD.DE APERF.DE PESSOAL NIVEL SUPERIOR;12;EDUCACAO;364;ENSINO SUPERIOR;5013;EDUCACAO SUPERIOR - GRADUACAO, POS-GRADUACAO, ENSINO, PESQUI;0487;CONCESSAO DE BOLSAS DE ESTUDO NO ENSINO SUPERIOR;0003;CONCESSAO DE BOLSAS DE ESTUDO NO EXTERIOR;12364501304870001;170064;NSS15G2039N;BFSUPERIOR - MARCA;90;APLICACOES DIRETAS;3;DESPESAS CORRENTES;3;OUTRAS DESPESAS CORRENTES;20;AUXILIO FINANCEIRO A PESQUISADORES;339020;AUXILIO FINANCEIRO A PESQUISADORES;00;RECURSOS PRIMARIOS DE LIVRE APLICACAO;224,000.00;;224,000.00;;224,000.00;0.00;224,000.00;224,000.00
2020;154003;FUND.COORD.DE APERF.DE PESSOAL NIVEL SUPERIOR;12;EDUCACAO;364;ENSINO SUPERIOR;5013;EDUCACAO SUPERIOR - GRADUACAO, POS-GRADUACAO, ENSINO, PESQUI;0487;CONCESSAO DE BOLSAS DE ESTUDO NO ENSINO SUPERIOR;0004;CONCESSAO DE BOLSAS DE ESTUDO PARA INSTITUTOS NACIONAIS DE CIENCIA E TECNOLOGIA - INCT;12364501304870001;170066;'-8;SEM INFORMACAO;90;APLICACOES DIRETAS;3;DESPESAS CORRENTES;3;OUTRAS DESPESAS CORRENTES;00;[A DETALHAR];339000;APLICACOES DIRETAS;00;RECURSOS PRIMARIOS DE LIVRE APLICACAO;69632000.00;;69632000.00;;;;;
2020;154003;FUND.COORD.DE APERF.DE PESSOAL NIVEL SUPERIOR;12;EDUCACAO;364;ENSINO SUPERIOR;5013;EDUCACAO SUPERIOR - GRADUACAO, POS-GRADUACAO, ENSINO, PESQUI;0487;CONCESSAO DE BOLSAS DE ESTUDO NO ENSINO SUPERIOR;0004;CONCESSAO DE BOLSAS DE ESTUDO PARA INSTITUTOS NACIONAIS DE CIENCIA E TECNOLOGIA - INCT;12364501304870001;170066;'-8;SEM INFORMACAO;90;APLICACOES DIRETAS;3;DESPESAS CORRENTES;3;OUTRAS DESPESAS CORRENTES;;;;;44;TITULOS DE RESPONSAB.DO TN-OUTRAS APLICACOES;;39009780.00;0.00;0.00;;;;
2020;154003;FUND.COORD.DE APERF.DE PESSOAL NIVEL SUPERIOR;12;EDUCACAO;364;ENSINO SUPERIOR;5013;EDUCACAO SUPERIOR - GRADUACAO, POS-GRADUACAO, ENSINO, PESQUI;0487;CONCESSAO DE BOLSAS DE ESTUDO NO ENSINO SUPERIOR;0004;CONCESSAO DE BOLSAS DE ESTUDO PARA INSTITUTOS NACIONAIS DE CIENCIA E TECNOLOGIA - INCT;12364501304870001;170066;OCCCGO19A8N;PARNACION - CAPES/CNPQ - INCT;90;APLICACOES DIRETAS;3;DESPESAS CORRENTES;3;OUTRAS DESPESAS CORRENTES;18;AUXILIO FINANCEIRO A ESTUDANTES;339018;AUXILIO FINANCEIRO A ESTUDANTES;00;RECURSOS PRIMARIOS DE LIVRE APLICACAO;21536000.00;;21536000.00;;19536000.00;0.00;2,435,284.32;2,435,284.32
2020;154003;FUND.COORD.DE APERF.DE PESSOAL NIVEL SUPERIOR;12;EDUCACAO;364;ENSINO SUPERIOR;5013;EDUCACAO SUPERIOR - GRADUACAO, POS-GRADUACAO, ENSINO, PESQUI;0487;CONCESSAO DE BOLSAS DE ESTUDO NO ENSINO SUPERIOR;RO01;CIENCIA SEM FRONTEIRAS (REGRA DE OURO);12364501304870001;189406;'-8;SEM INFORMACAO;30;TRANSFER. A ESTADOS E AO DISTRITO FEDERAL;3;DESPESAS CORRENTES;3;OUTRAS DESPESAS CORRENTES;00;[A DETALHAR];333000;TRANSFER.  A ESTADOS E AO DISTRITO FEDERAL;44;TITULOS DE RESPONSAB.DO TN-OUTRAS APLICACOES;;;0.00;0.00;;;;
2020;154003;FUND.COORD.DE APERF.DE PESSOAL NIVEL SUPERIOR;12;EDUCACAO;364;ENSINO SUPERIOR;5013;EDUCACAO SUPERIOR - GRADUACAO, POS-GRADUACAO, ENSINO, PESQUI;0487;CONCESSAO DE BOLSAS DE ESTUDO NO ENSINO SUPERIOR;RO01;CIENCIA SEM FRONTEIRAS (REGRA DE OURO);12364501304870001;189406;'-8;SEM INFORMACAO;50;TRANSFERENCIA INSTITUICOES PRIVADAS SEM FINS LUCRATIVOS;3;DESPESAS CORRENTES;3;OUTRAS DESPESAS CORRENTES;00;[A DETALHAR];335000;TRANSFERENCIA INSTITUICOES PRIVADAS SEM FINS LUCRATIVOS;44;TITULOS DE RESPONSAB.DO TN-OUTRAS APLICACOES;;;0.00;0.00;;;;
2020;154003;FUND.COORD.DE APERF.DE PESSOAL NIVEL SUPERIOR;12;EDUCACAO;364;ENSINO SUPERIOR;5013;EDUCACAO SUPERIOR - GRADUACAO, POS-GRADUACAO, ENSINO, PESQUI;0487;CONCESSAO DE BOLSAS DE ESTUDO NO ENSINO SUPERIOR;RO01;CIENCIA SEM FRONTEIRAS (REGRA DE OURO);12364501304870001;189406;'-8;SEM INFORMACAO;90;APLICACOES DIRETAS;3;DESPESAS CORRENTES;3;OUTRAS DESPESAS CORRENTES;00;[A DETALHAR];339000;APLICACOES DIRETAS;44;TITULOS DE RESPONSAB.DO TN-OUTRAS APLICACOES;;;3,056,784.00;0.00;;;;
2020;154003;FUND.COORD.DE APERF.DE PESSOAL NIVEL SUPERIOR;12;EDUCACAO;364;ENSINO SUPERIOR;5013;EDUCACAO SUPERIOR - GRADUACAO, POS-GRADUACAO, ENSINO, PESQUI;0487;CONCESSAO DE BOLSAS DE ESTUDO NO ENSINO SUPERIOR;RO01;CIENCIA SEM FRONTEIRAS (REGRA DE OURO);12364501304870001;189406;'-8;SEM INFORMACAO;91;APLICACOES DIRETAS - OPERACOES INTERNAS;3;DESPESAS CORRENTES;3;OUTRAS DESPESAS CORRENTES;00;[A DETALHAR];339100;APLICACOES DIRETAS - OPER.INTRA-ORCAMENTARIAS;44;TITULOS DE RESPONSAB.DO TN-OUTRAS APLICACOES;;;0.00;0.00;;;;
2020;154003;FUND.COORD.DE APERF.DE PESSOAL NIVEL SUPERIOR;12;EDUCACAO;364;ENSINO SUPERIOR;5013;EDUCACAO SUPERIOR - GRADUACAO, POS-GRADUACAO, ENSINO, PESQUI;0487;CONCESSAO DE BOLSAS DE ESTUDO NO ENSINO SUPERIOR;RO02;CONCESSAO DE BOLSAS DE ESTUDOS NO PAIS (REGRA DE OURO);12364501304870001;190201;'-8;SEM INFORMACAO;30;TRANSFER. A ESTADOS E AO DISTRITO FEDERAL;3;DESPESAS CORRENTES;3;OUTRAS DESPESAS CORRENTES;00;[A DETALHAR];333000;TRANSFER.  A ESTADOS E AO DISTRITO FEDERAL;44;TITULOS DE RESPONSAB.DO TN-OUTRAS APLICACOES;(5461770.00);;10923540.00;;;;;
2020;154003;FUND.COORD.DE APERF.DE PESSOAL NIVEL SUPERIOR;12;EDUCACAO;364;ENSINO SUPERIOR;5013;EDUCACAO SUPERIOR - GRADUACAO, POS-GRADUACAO, ENSINO, PESQUI;0487;CONCESSAO DE BOLSAS DE ESTUDO NO ENSINO SUPERIOR;RO02;CONCESSAO DE BOLSAS DE ESTUDOS NO PAIS (REGRA DE OURO);12364501304870001;190201;'-8;SEM INFORMACAO;50;TRANSFERENCIA INSTITUICOES PRIVADAS SEM FINS LUCRATIVOS;3;DESPESAS CORRENTES;3;OUTRAS DESPESAS CORRENTES;00;[A DETALHAR];335000;TRANSFERENCIA INSTITUICOES PRIVADAS SEM FINS LUCRATIVOS;44;TITULOS DE RESPONSAB.DO TN-OUTRAS APLICACOES;-15083805.00;;30167610.00;;;;;
2020;154003;FUND.COORD.DE APERF.DE PESSOAL NIVEL SUPERIOR;12;EDUCACAO;364;ENSINO SUPERIOR;5013;EDUCACAO SUPERIOR - GRADUACAO, POS-GRADUACAO, ENSINO, PESQUI;0487;CONCESSAO DE BOLSAS DE ESTUDO NO ENSINO SUPERIOR;RO02;CONCESSAO DE BOLSAS DE ESTUDOS NO PAIS (REGRA DE OURO);12364501304870001;190201;'-8;SEM INFORMACAO;90;APLICACOES DIRETAS;3;DESPESAS CORRENTES;3;OUTRAS DESPESAS CORRENTES;00;[A DETALHAR];339000;APLICACOES DIRETAS;44;TITULOS DE RESPONSAB.DO TN-OUTRAS APLICACOES;-361147262.0;;361478804.00;;;;;
2020;154003;FUND.COORD.DE APERF.DE PESSOAL NIVEL SUPERIOR;12;EDUCACAO;364;ENSINO SUPERIOR;5013;EDUCACAO SUPERIOR - GRADUACAO, POS-GRADUACAO, ENSINO, PESQUI;0487;CONCESSAO DE BOLSAS DE ESTUDO NO ENSINO SUPERIOR;RO02;CONCESSAO DE BOLSAS DE ESTUDOS NO PAIS (REGRA DE OURO);12364501304870001;190201;'-8;SEM INFORMACAO;91;APLICACOES DIRETAS - OPERACOES INTERNAS;3;DESPESAS CORRENTES;3;OUTRAS DESPESAS CORRENTES;00;[A DETALHAR];339100;APLICACOES DIRETAS - OPER.INTRA-ORCAMENTARIAS;44;TITULOS DE RESPONSAB.DO TN-OUTRAS APLICACOES;(16,599.00);;33,198.00;;;;;
2020;154003;FUND.COORD.DE APERF.DE PESSOAL NIVEL SUPERIOR;12;EDUCACAO;364;ENSINO SUPERIOR;5013;EDUCACAO SUPERIOR - GRADUACAO, POS-GRADUACAO, ENSINO, PESQUI;0487;CONCESSAO DE BOLSAS DE ESTUDO NO ENSINO SUPERIOR;RO02;CONCESSAO DE BOLSAS DE ESTUDOS NO PAIS (REGRA DE OURO);12364501304870001;190201;OCCCUO1904N;BFSUPERIOR - DEMANDA SOCIAL;90;APLICACOES DIRETAS;3;DESPESAS CORRENTES;3;OUTRAS DESPESAS CORRENTES;18;AUXILIO FINANCEIRO A ESTUDANTES;339018;AUXILIO FINANCEIRO A ESTUDANTES;44;TITULOS DE RESPONSAB.DO TN-OUTRAS APLICACOES;381709436.00;;381709436.00;;355709436.00;0.00;77389354.56;77389354.56
2020;154003;FUND.COORD.DE APERF.DE PESSOAL NIVEL SUPERIOR;12;EDUCACAO;364;ENSINO SUPERIOR;5013;EDUCACAO SUPERIOR - GRADUACAO, POS-GRADUACAO, ENSINO, PESQUI;0487;CONCESSAO DE BOLSAS DE ESTUDO NO ENSINO SUPERIOR;RO03;CONCESSAO DE BOLSA DE ESTUDOS NO EXTERIOR (REGRA DE OURO);12364501304870001;190203;'-8;SEM INFORMACAO;90;APLICACOES DIRETAS;3;DESPESAS CORRENTES;3;OUTRAS DESPESAS CORRENTES;00;[A DETALHAR];339000;APLICACOES DIRETAS;44;TITULOS DE RESPONSAB.DO TN-OUTRAS APLICACOES;-129738514.0;;398085964.00;0.00;;;;
2020;154003;FUND.COORD.DE APERF.DE PESSOAL NIVEL SUPERIOR;12;EDUCACAO;364;ENSINO SUPERIOR;5013;EDUCACAO SUPERIOR - GRADUACAO, POS-GRADUACAO, ENSINO, PESQUI;0487;CONCESSAO DE BOLSAS DE ESTUDO NO ENSINO SUPERIOR;RO03;CONCESSAO DE BOLSA DE ESTUDOS NO EXTERIOR (REGRA DE OURO);12364501304870001;190203;NCCCPN99BEN;BEX - BEX;90;APLICACOES DIRETAS;3;DESPESAS CORRENTES;3;OUTRAS DESPESAS CORRENTES;40;SERVICOS DE TECNOLOGIA DA INFORMACAO E COMUNICACAO - PJ;339040;SERVICOS DE TECNOLOGIA DA INFORMACAO E COMUNICACAO - PJ;44;TITULOS DE RESPONSAB.DO TN-OUTRAS APLICACOES;6,000,000.00;;6,000,000.00;;6,000,000.00;0.00;;
2020;154003;FUND.COORD.DE APERF.DE PESSOAL NIVEL SUPERIOR;12;EDUCACAO;364;ENSINO SUPERIOR;5013;EDUCACAO SUPERIOR - GRADUACAO, POS-GRADUACAO, ENSINO, PESQUI;0487;CONCESSAO DE BOLSAS DE ESTUDO NO ENSINO SUPERIOR;RO03;CONCESSAO DE BOLSA DE ESTUDOS NO EXTERIOR (REGRA DE OURO);12364501304870001;190203;NCCCPO19BEN;BEX - BEX;90;APLICACOES DIRETAS;3;DESPESAS CORRENTES;3;OUTRAS DESPESAS CORRENTES;18;AUXILIO FINANCEIRO A ESTUDANTES;339018;AUXILIO FINANCEIRO A ESTUDANTES;44;TITULOS DE RESPONSAB.DO TN-OUTRAS APLICACOES;93567999.91;;93567999.91;;;;;
2020;154003;FUND.COORD.DE APERF.DE PESSOAL NIVEL SUPERIOR;12;EDUCACAO;364;ENSINO SUPERIOR;5013;EDUCACAO SUPERIOR - GRADUACAO, POS-GRADUACAO, ENSINO, PESQUI;0487;CONCESSAO DE BOLSAS DE ESTUDO NO ENSINO SUPERIOR;RO03;CONCESSAO DE BOLSA DE ESTUDOS NO EXTERIOR (REGRA DE OURO);12364501304870001;190203;NCCCQO2016N;PARINTER - STIC AMSUD;90;APLICACOES DIRETAS;3;DESPESAS CORRENTES;3;OUTRAS DESPESAS CORRENTES;20;AUXILIO FINANCEIRO A PESQUISADORES;339020;AUXILIO FINANCEIRO A PESQUISADORES;44;TITULOS DE RESPONSAB.DO TN-OUTRAS APLICACOES;311,109.00;;311,109.00;;311,109.00;0.00;;
2020;154003;FUND.COORD.DE APERF.DE PESSOAL NIVEL SUPERIOR;12;EDUCACAO;364;ENSINO SUPERIOR;5013;EDUCACAO SUPERIOR - GRADUACAO, POS-GRADUACAO, ENSINO, PESQUI;0487;CONCESSAO DE BOLSAS DE ESTUDO NO ENSINO SUPERIOR;RO03;CONCESSAO DE BOLSA DE ESTUDOS NO EXTERIOR (REGRA DE OURO);12364501304870001;190203;NCCCUO1994N;BFSUPERIOR - CAPES/PRINT;90;APLICACOES DIRETAS;3;DESPESAS CORRENTES;3;OUTRAS DESPESAS CORRENTES;18;AUXILIO FINANCEIRO A ESTUDANTES;339018;AUXILIO FINANCEIRO A ESTUDANTES;44;TITULOS DE RESPONSAB.DO TN-OUTRAS APLICACOES;28549002.09;;28549002.09;;25699002.09;0.00;15129257.79;15129257.79
2020;154003;FUND.COORD.DE APERF.DE PESSOAL NIVEL SUPERIOR;12;EDUCACAO;364;ENSINO SUPERIOR;5013;EDUCACAO SUPERIOR - GRADUACAO, POS-GRADUACAO, ENSINO, PESQUI;0487;CONCESSAO DE BOLSAS DE ESTUDO NO ENSINO SUPERIOR;RO03;CONCESSAO DE BOLSA DE ESTUDOS NO EXTERIOR (REGRA DE OURO);12364501304870001;190203;NCCCUO2093N;BFSUPERIOR - COOPBRASS;90;APLICACOES DIRETAS;3;DESPESAS CORRENTES;3;OUTRAS DESPESAS CORRENTES;20;AUXILIO FINANCEIRO A PESQUISADORES;339020;AUXILIO FINANCEIRO A PESQUISADORES;44;TITULOS DE RESPONSAB.DO TN-OUTRAS APLICACOES;647,241.00;;647,241.00;;647,241.00;0.00;;
2020;154003;FUND.COORD.DE APERF.DE PESSOAL NIVEL SUPERIOR;12;EDUCACAO;364;ENSINO SUPERIOR;5013;EDUCACAO SUPERIOR - GRADUACAO, POS-GRADUACAO, ENSINO, PESQUI;0487;CONCESSAO DE BOLSAS DE ESTUDO NO ENSINO SUPERIOR;RO03;CONCESSAO DE BOLSA DE ESTUDOS NO EXTERIOR (REGRA DE OURO);12364501304870001;190203;NCCCUO2094N;BFSUPERIOR - CAPES/PRINT;90;APLICACOES DIRETAS;3;DESPESAS CORRENTES;3;OUTRAS DESPESAS CORRENTES;20;AUXILIO FINANCEIRO A PESQUISADORES;339020;AUXILIO FINANCEIRO A PESQUISADORES;44;TITULOS DE RESPONSAB.DO TN-OUTRAS APLICACOES;663,162.00;;663,162.00;;663,162.00;0.00;;
2020;154003;FUND.COORD.DE APERF.DE PESSOAL NIVEL SUPERIOR;12;EDUCACAO;364;ENSINO SUPERIOR;5013;EDUCACAO SUPERIOR - GRADUACAO, POS-GRADUACAO, ENSINO, PESQUI;0487;CONCESSAO DE BOLSAS DE ESTUDO NO ENSINO SUPERIOR;RO04;CONCESSAO DE BOLSAS DE ESTUDOS PARA INSTITUTOS NACIONAIS DE CIENCIA E TECNOLOGIA - INCT (REGRA DE OURO);12364501304870001;190204;'-8;SEM INFORMACAO;90;APLICACOES DIRETAS;3;DESPESAS CORRENTES;3;OUTRAS DESPESAS CORRENTES;00;[A DETALHAR];339000;APLICACOES DIRETAS;44;TITULOS DE RESPONSAB.DO TN-OUTRAS APLICACOES;-13003260.00;;26006520.00;;;;;
2020;154003;FUND.COORD.DE APERF.DE PESSOAL NIVEL SUPERIOR;12;EDUCACAO;364;ENSINO SUPERIOR;5013;EDUCACAO SUPERIOR - GRADUACAO, POS-GRADUACAO, ENSINO, PESQUI;0487;CONCESSAO DE BOLSAS DE ESTUDO NO ENSINO SUPERIOR;RO04;CONCESSAO DE BOLSAS DE ESTUDOS PARA INSTITUTOS NACIONAIS DE CIENCIA E TECNOLOGIA - INCT (REGRA DE OURO);12364501304870001;190204;OCCCGO19A8N;PARNACION - CAPES/CNPQ - INCT;90;APLICACOES DIRETAS;3;DESPESAS CORRENTES;3;OUTRAS DESPESAS CORRENTES;18;AUXILIO FINANCEIRO A ESTUDANTES;339018;AUXILIO FINANCEIRO A ESTUDANTES;44;TITULOS DE RESPONSAB.DO TN-OUTRAS APLICACOES;13003260.00;;13003260.00;;13003260.00;0.00;;
2020;154003;FUND.COORD.DE APERF.DE PESSOAL NIVEL SUPERIOR;12;EDUCACAO;364;ENSINO SUPERIOR;5013;EDUCACAO SUPERIOR - GRADUACAO, POS-GRADUACAO, ENSINO, PESQUI;0487;CONCESSAO DE BOLSAS DE ESTUDO NO ENSINO SUPERIOR;0001;CIENCIA SEM FRONTEIRAS;12364501304870001;164421;'-8;SEM INFORMACAO;90;APLICACOES DIRETAS;3;DESPESAS CORRENTES;3;OUTRAS DESPESAS CORRENTES;00;[A DETALHAR];339000;APLICACOES DIRETAS;44;TITULOS DE RESPONSAB.DO TN-OUTRAS APLICACOES;21397488.00;;7,641,960.00;4,585,176.00;;;;
2020;154003;FUND.COORD.DE APERF.DE PESSOAL NIVEL SUPERIOR;12;EDUCACAO;364;ENSINO SUPERIOR;5013;EDUCACAO SUPERIOR - GRADUACAO, POS-GRADUACAO, ENSINO, PESQUI;0487;CONCESSAO DE BOLSAS DE ESTUDO NO ENSINO SUPERIOR;0002;CONCESSAO DE BOLSAS DE ESTUDOS NO PAIS;12364501304870001;164423;'-8;SEM INFORMACAO;30;TRANSFER. A ESTADOS E AO DISTRITO FEDERAL;3;DESPESAS CORRENTES;3;OUTRAS DESPESAS CORRENTES;00;[A DETALHAR];333000;TRANSFER.  A ESTADOS E AO DISTRITO FEDERAL;44;TITULOS DE RESPONSAB.DO TN-OUTRAS APLICACOES;25488260.00;;9,102,950.00;5,461,770.00;;;;
2020;154003;FUND.COORD.DE APERF.DE PESSOAL NIVEL SUPERIOR;12;EDUCACAO;364;ENSINO SUPERIOR;5013;EDUCACAO SUPERIOR - GRADUACAO, POS-GRADUACAO, ENSINO, PESQUI;0487;CONCESSAO DE BOLSAS DE ESTUDO NO ENSINO SUPERIOR;0002;CONCESSAO DE BOLSAS DE ESTUDOS NO PAIS;12364501304870001;164423;'-8;SEM INFORMACAO;50;TRANSFERENCIA INSTITUICOES PRIVADAS SEM FINS LUCRATIVOS;3;DESPESAS CORRENTES;3;OUTRAS DESPESAS CORRENTES;00;[A DETALHAR];335000;TRANSFERENCIA INSTITUICOES PRIVADAS SEM FINS LUCRATIVOS;44;TITULOS DE RESPONSAB.DO TN-OUTRAS APLICACOES;70391090.00;;25139675.00;15083805.00;;;;
2020;154003;FUND.COORD.DE APERF.DE PESSOAL NIVEL SUPERIOR;12;EDUCACAO;364;ENSINO SUPERIOR;5013;EDUCACAO SUPERIOR - GRADUACAO, POS-GRADUACAO, ENSINO, PESQUI;0487;CONCESSAO DE BOLSAS DE ESTUDO NO ENSINO SUPERIOR;0002;CONCESSAO DE BOLSAS DE ESTUDOS NO PAIS;12364501304870001;164423;'-8;SEM INFORMACAO;90;APLICACOES DIRETAS;3;DESPESAS CORRENTES;3;OUTRAS DESPESAS CORRENTES;00;[A DETALHAR];339000;APLICACOES DIRETAS;44;TITULOS DE RESPONSAB.DO TN-OUTRAS APLICACOES;452310516.00;;161539470.00;96923682.00;;;;
2020;154003;FUND.COORD.DE APERF.DE PESSOAL NIVEL SUPERIOR;12;EDUCACAO;364;ENSINO SUPERIOR;5013;EDUCACAO SUPERIOR - GRADUACAO, POS-GRADUACAO, ENSINO, PESQUI;0487;CONCESSAO DE BOLSAS DE ESTUDO NO ENSINO SUPERIOR;0002;CONCESSAO DE BOLSAS DE ESTUDOS NO PAIS;12364501304870001;164423;'-8;SEM INFORMACAO;91;APLICACOES DIRETAS - OPERACOES INTERNAS;3;DESPESAS CORRENTES;3;OUTRAS DESPESAS CORRENTES;00;[A DETALHAR];339100;APLICACOES DIRETAS - OPER.INTRA-ORCAMENTARIAS;44;TITULOS DE RESPONSAB.DO TN-OUTRAS APLICACOES;77,462.00;;27,665.00;16,599.00;;;;
2020;154003;FUND.COORD.DE APERF.DE PESSOAL NIVEL SUPERIOR;12;EDUCACAO;364;ENSINO SUPERIOR;5013;EDUCACAO SUPERIOR - GRADUACAO, POS-GRADUACAO, ENSINO, PESQUI;0487;CONCESSAO DE BOLSAS DE ESTUDO NO ENSINO SUPERIOR;0003;CONCESSAO DE BOLSA DE ESTUDOS NO EXTERIOR;12364501304870001;164425;'-8;SEM INFORMACAO;90;APLICACOES DIRETAS;3;DESPESAS CORRENTES;3;OUTRAS DESPESAS CORRENTES;00;[A DETALHAR];339000;APLICACOES DIRETAS;44;TITULOS DE RESPONSAB.DO TN-OUTRAS APLICACOES;1476192284.0;;527211530.00;316326918.00;;;;
2020;154003;FUND.COORD.DE APERF.DE PESSOAL NIVEL SUPERIOR;12;EDUCACAO;364;ENSINO SUPERIOR;5013;EDUCACAO SUPERIOR - GRADUACAO, POS-GRADUACAO, ENSINO, PESQUI;0487;CONCESSAO DE BOLSAS DE ESTUDO NO ENSINO SUPERIOR;0004;CONCESSAO DE BOLSAS DE ESTUDOS PARA INSTITUTOS NACIONAIS DE CIENCIA E TECNOLOGIA - INCT;12364501304870001;164427;'-8;SEM INFORMACAO;90;APLICACOES DIRETAS;3;DESPESAS CORRENTES;3;OUTRAS DESPESAS CORRENTES;00;[A DETALHAR];339000;APLICACOES DIRETAS;44;TITULOS DE RESPONSAB.DO TN-OUTRAS APLICACOES;60681880.00;;21672100.00;13003260.00;;;;
2020;154003;FUND.COORD.DE APERF.DE PESSOAL NIVEL SUPERIOR;12;EDUCACAO;364;ENSINO SUPERIOR;5013;EDUCACAO SUPERIOR - GRADUACAO, POS-GRADUACAO, ENSINO, PESQUI;20GK;FOMENTO AS ACOES DE GRADUACAO, POS-GRADUACAO, ENSINO, PESQUI;0000;FOMENTO AS ACOES DE GRADUACAO, POS-GRADUACAO, ENSINO, PESQUISA E EXTENSAO;12364501320GK0001;170055;'-8;SEM INFORMACAO;50;TRANSFERENCIA INSTITUICOES PRIVADAS SEM FINS LUCRATIVOS;3;DESPESAS CORRENTES;3;OUTRAS DESPESAS CORRENTES;00;[A DETALHAR];335000;TRANSFERENCIA INSTITUICOES PRIVADAS SEM FINS LUCRATIVOS;00;RECURSOS PRIMARIOS DE LIVRE APLICACAO;6,060,992.00;;3,896,352.00;432,928.00;;;;
2020;154003;FUND.COORD.DE APERF.DE PESSOAL NIVEL SUPERIOR;12;EDUCACAO;364;ENSINO SUPERIOR;5013;EDUCACAO SUPERIOR - GRADUACAO, POS-GRADUACAO, ENSINO, PESQUI;20GK;FOMENTO AS ACOES DE GRADUACAO, POS-GRADUACAO, ENSINO, PESQUI;0000;FOMENTO AS ACOES DE GRADUACAO, POS-GRADUACAO, ENSINO, PESQUISA E EXTENSAO;12364501320GK0001;170055;'-8;SEM INFORMACAO;50;TRANSFERENCIA INSTITUICOES PRIVADAS SEM FINS LUCRATIVOS;3;DESPESAS CORRENTES;3;OUTRAS DESPESAS CORRENTES;;;;;44;TITULOS DE RESPONSAB.DO TN-OUTRAS APLICACOES;;2,681,649.00;0.00;0.00;;;;
2020;154003;FUND.COORD.DE APERF.DE PESSOAL NIVEL SUPERIOR;12;EDUCACAO;364;ENSINO SUPERIOR;5013;EDUCACAO SUPERIOR - GRADUACAO, POS-GRADUACAO, ENSINO, PESQUI;20GK;FOMENTO AS ACOES DE GRADUACAO, POS-GRADUACAO, ENSINO, PESQUI;0000;FOMENTO AS ACOES DE GRADUACAO, POS-GRADUACAO, ENSINO, PESQUISA E EXTENSAO;12364501320GK0001;170055;'-8;SEM INFORMACAO;90;APLICACOES DIRETAS;3;DESPESAS CORRENTES;3;OUTRAS DESPESAS CORRENTES;00;[A DETALHAR];339000;APLICACOES DIRETAS;00;RECURSOS PRIMARIOS DE LIVRE APLICACAO;141776002.72;;115690642.72;5,217,072.00;;;;
2020;154003;FUND.COORD.DE APERF.DE PESSOAL NIVEL SUPERIOR;12;EDUCACAO;364;ENSINO SUPERIOR;5013;EDUCACAO SUPERIOR - GRADUACAO, POS-GRADUACAO, ENSINO, PESQUI;20GK;FOMENTO AS ACOES DE GRADUACAO, POS-GRADUACAO, ENSINO, PESQUI;0000;FOMENTO AS ACOES DE GRADUACAO, POS-GRADUACAO, ENSINO, PESQUISA E EXTENSAO;12364501320GK0001;170055;'-8;SEM INFORMACAO;90;APLICACOES DIRETAS;3;DESPESAS CORRENTES;3;OUTRAS DESPESAS CORRENTES;;;;;44;TITULOS DE RESPONSAB.DO TN-OUTRAS APLICACOES;;158876217.00;0.00;0.00;;;;
2020;154003;FUND.COORD.DE APERF.DE PESSOAL NIVEL SUPERIOR;12;EDUCACAO;364;ENSINO SUPERIOR;5013;EDUCACAO SUPERIOR - GRADUACAO, POS-GRADUACAO, ENSINO, PESQUI;20GK;FOMENTO AS ACOES DE GRADUACAO, POS-GRADUACAO, ENSINO, PESQUI;0000;FOMENTO AS ACOES DE GRADUACAO, POS-GRADUACAO, ENSINO, PESQUISA E EXTENSAO;12364501320GK0001;170055;'-8;SEM INFORMACAO;90;APLICACOES DIRETAS;4;DESPESAS DE CAPITAL;4;INVESTIMENTOS;00;[A DETALHAR];449000;APLICACOES DIRETAS;00;RECURSOS PRIMARIOS DE LIVRE APLICACAO;11759740.00;10000000.00;21759740.00;;;;;
2020;154003;FUND.COORD.DE APERF.DE PESSOAL NIVEL SUPERIOR;12;EDUCACAO;364;ENSINO SUPERIOR;5013;EDUCACAO SUPERIOR - GRADUACAO, POS-GRADUACAO, ENSINO, PESQUI;20GK;FOMENTO AS ACOES DE GRADUACAO, POS-GRADUACAO, ENSINO, PESQUI;0000;FOMENTO AS ACOES DE GRADUACAO, POS-GRADUACAO, ENSINO, PESQUISA E EXTENSAO;12364501320GK0001;170055;NCCCUU1918N;BFSUPERIOR - DINTER;90;APLICACOES DIRETAS;3;DESPESAS CORRENTES;3;OUTRAS DESPESAS CORRENTES;20;AUXILIO FINANCEIRO A PESQUISADORES;339020;AUXILIO FINANCEIRO A PESQUISADORES;00;RECURSOS PRIMARIOS DE LIVRE APLICACAO;14426080.60;;14426080.60;;14200930.20;295,642.00;13905288.20;13020998.40
2020;154003;FUND.COORD.DE APERF.DE PESSOAL NIVEL SUPERIOR;12;EDUCACAO;364;ENSINO SUPERIOR;5013;EDUCACAO SUPERIOR - GRADUACAO, POS-GRADUACAO, ENSINO, PESQUI;20GK;FOMENTO AS ACOES DE GRADUACAO, POS-GRADUACAO, ENSINO, PESQUI;0000;FOMENTO AS ACOES DE GRADUACAO, POS-GRADUACAO, ENSINO, PESQUISA E EXTENSAO;12364501320GK0001;170055;NCCCUU2018N;BFSUPERIOR - DINTER;90;APLICACOES DIRETAS;3;DESPESAS CORRENTES;3;OUTRAS DESPESAS CORRENTES;20;AUXILIO FINANCEIRO A PESQUISADORES;339020;AUXILIO FINANCEIRO A PESQUISADORES;00;RECURSOS PRIMARIOS DE LIVRE APLICACAO;6,392,460.00;;6,392,460.00;;6,392,460.00;145,012.00;5,812,412.00;5,812,412.00
2020;154003;FUND.COORD.DE APERF.DE PESSOAL NIVEL SUPERIOR;12;EDUCACAO;364;ENSINO SUPERIOR;5013;EDUCACAO SUPERIOR - GRADUACAO, POS-GRADUACAO, ENSINO, PESQUI;20GK;FOMENTO AS ACOES DE GRADUACAO, POS-GRADUACAO, ENSINO, PESQUI;0000;FOMENTO AS ACOES DE GRADUACAO, POS-GRADUACAO, ENSINO, PESQUISA E EXTENSAO;12364501320GK0001;170055;OCCCUN9902N;BFSUPERIOR - PAEP;90;APLICACOES DIRETAS;3;DESPESAS CORRENTES;3;OUTRAS DESPESAS CORRENTES;20;AUXILIO FINANCEIRO A PESQUISADORES;339020;AUXILIO FINANCEIRO A PESQUISADORES;00;RECURSOS PRIMARIOS DE LIVRE APLICACAO;140288581.68;;140288581.68;;137940833.68;46200129.00;87522314.68;87117213.68
2020;154003;FUND.COORD.DE APERF.DE PESSOAL NIVEL SUPERIOR;12;EDUCACAO;364;ENSINO SUPERIOR;5013;EDUCACAO SUPERIOR - GRADUACAO, POS-GRADUACAO, ENSINO, PESQUI;20GK;FOMENTO AS ACOES DE GRADUACAO, POS-GRADUACAO, ENSINO, PESQUI;0000;FOMENTO AS ACOES DE GRADUACAO, POS-GRADUACAO, ENSINO, PESQUISA E EXTENSAO;12364501320GK0001;170055;OCCCUO2013N;BFSUPERIOR - PREMIO;90;APLICACOES DIRETAS;3;DESPESAS CORRENTES;3;OUTRAS DESPESAS CORRENTES;20;AUXILIO FINANCEIRO A PESQUISADORES;339020;AUXILIO FINANCEIRO A PESQUISADORES;00;RECURSOS PRIMARIOS DE LIVRE APLICACAO;1,967,352.00;;1,967,352.00;;1,967,352.00;196,800.00;1,770,552.00;1,770,552.00
2020;154003;FUND.COORD.DE APERF.DE PESSOAL NIVEL SUPERIOR;12;EDUCACAO;364;ENSINO SUPERIOR;5013;EDUCACAO SUPERIOR - GRADUACAO, POS-GRADUACAO, ENSINO, PESQUI;20GK;FOMENTO AS ACOES DE GRADUACAO, POS-GRADUACAO, ENSINO, PESQUI;0000;FOMENTO AS ACOES DE GRADUACAO, POS-GRADUACAO, ENSINO, PESQUISA E EXTENSAO;12364501320GK0001;170055;OCCCUO2044N;BFSUPERIOR - ENTRE MARES;90;APLICACOES DIRETAS;3;DESPESAS CORRENTES;3;OUTRAS DESPESAS CORRENTES;20;AUXILIO FINANCEIRO A PESQUISADORES;339020;AUXILIO FINANCEIRO A PESQUISADORES;00;RECURSOS PRIMARIOS DE LIVRE APLICACAO;17714052.00;;17714052.00;;17614352.00;2,246,304.00;15368048.00;15368048.00
2020;154003;FUND.COORD.DE APERF.DE PESSOAL NIVEL SUPERIOR;12;EDUCACAO;364;ENSINO SUPERIOR;5013;EDUCACAO SUPERIOR - GRADUACAO, POS-GRADUACAO, ENSINO, PESQUI;20GK;FOMENTO AS ACOES DE GRADUACAO, POS-GRADUACAO, ENSINO, PESQUI;0000;FOMENTO AS ACOES DE GRADUACAO, POS-GRADUACAO, ENSINO, PESQUISA E EXTENSAO;12364501320GK0001;170055;OCCCUO2048N;BFSUPERIOR-FARMACOS E IMUNOLOGIA;90;APLICACOES DIRETAS;3;DESPESAS CORRENTES;3;OUTRAS DESPESAS CORRENTES;20;AUXILIO FINANCEIRO A PESQUISADORES;339020;AUXILIO FINANCEIRO A PESQUISADORES;00;RECURSOS PRIMARIOS DE LIVRE APLICACAO;27498528.00;;27498528.00;;27498528.00;6,360,586.00;17274311.00;17274311.00
2020;154003;FUND.COORD.DE APERF.DE PESSOAL NIVEL SUPERIOR;12;EDUCACAO;364;ENSINO SUPERIOR;5013;EDUCACAO SUPERIOR - GRADUACAO, POS-GRADUACAO, ENSINO, PESQUI;20GK;FOMENTO AS ACOES DE GRADUACAO, POS-GRADUACAO, ENSINO, PESQUI;0000;FOMENTO AS ACOES DE GRADUACAO, POS-GRADUACAO, ENSINO, PESQUISA E EXTENSAO;12364501320GK0001;170055;OCCCUO2049N;BFSUPERIOR-EPIDEMIAS;90;APLICACOES DIRETAS;3;DESPESAS CORRENTES;3;OUTRAS DESPESAS CORRENTES;20;AUXILIO FINANCEIRO A PESQUISADORES;339020;AUXILIO FINANCEIRO A PESQUISADORES;00;RECURSOS PRIMARIOS DE LIVRE APLICACAO;8,400,000.00;;8,400,000.00;;8,400,000.00;600,000.00;7,800,000.00;6,500,000.00
2020;154003;FUND.COORD.DE APERF.DE PESSOAL NIVEL SUPERIOR;12;EDUCACAO;364;ENSINO SUPERIOR;5013;EDUCACAO SUPERIOR - GRADUACAO, POS-GRADUACAO, ENSINO, PESQUI;20GK;FOMENTO AS ACOES DE GRADUACAO, POS-GRADUACAO, ENSINO, PESQUI;0000;FOMENTO AS ACOES DE GRADUACAO, POS-GRADUACAO, ENSINO, PESQUISA E EXTENSAO;12364501320GK0001;170055;OCCCUO2049N;BFSUPERIOR-EPIDEMIAS;90;APLICACOES DIRETAS;4;DESPESAS DE CAPITAL;4;INVESTIMENTOS;20;AUXILIO FINANCEIRO A PESQUISADORES;449020;AUXILIO FINANCEIRO A PESQUISADORES;00;RECURSOS PRIMARIOS DE LIVRE APLICACAO;18801084.00;;18801084.00;;18801084.00;2,673,600.00;15843984.00;15843984.00
2020;154003;FUND.COORD.DE APERF.DE PESSOAL NIVEL SUPERIOR;12;EDUCACAO;364;ENSINO SUPERIOR;5013;EDUCACAO SUPERIOR - GRADUACAO, POS-GRADUACAO, ENSINO, PESQUI;20GK;FOMENTO AS ACOES DE GRADUACAO, POS-GRADUACAO, ENSINO, PESQUI;0000;FOMENTO AS ACOES DE GRADUACAO, POS-GRADUACAO, ENSINO, PESQUISA E EXTENSAO;12364501320GK0001;170055;OCCCUO9414N;BF SUPERIOR - PROAP;90;APLICACOES DIRETAS;3;DESPESAS CORRENTES;3;OUTRAS DESPESAS CORRENTES;20;AUXILIO FINANCEIRO A PESQUISADORES;339020;AUXILIO FINANCEIRO A PESQUISADORES;00;RECURSOS PRIMARIOS DE LIVRE APLICACAO;625,995.00;;625,995.00;;625,995.00;0.00;;
2020;154003;FUND.COORD.DE APERF.DE PESSOAL NIVEL SUPERIOR;12;EDUCACAO;364;ENSINO SUPERIOR;5013;EDUCACAO SUPERIOR - GRADUACAO, POS-GRADUACAO, ENSINO, PESQUI;20GK;FOMENTO AS ACOES DE GRADUACAO, POS-GRADUACAO, ENSINO, PESQUI;RO00;FOMENTO AS ACOES DE GRADUACAO, POS-GRADUACAO, ENSINO, PESQUISA E EXTENSAO - DESPESAS DIVERSAS (REGRA DE OURO);12364501320GK0001;190228;'-8;SEM INFORMACAO;50;TRANSFERENCIA INSTITUICOES PRIVADAS SEM FINS LUCRATIVOS;3;DESPESAS CORRENTES;3;OUTRAS DESPESAS CORRENTES;00;[A DETALHAR];335000;TRANSFERENCIA INSTITUICOES PRIVADAS SEM FINS LUCRATIVOS;44;TITULOS DE RESPONSAB.DO TN-OUTRAS APLICACOES;(893,883.00);;1,787,766.00;;;;;
2020;154003;FUND.COORD.DE APERF.DE PESSOAL NIVEL SUPERIOR;12;EDUCACAO;364;ENSINO SUPERIOR;5013;EDUCACAO SUPERIOR - GRADUACAO, POS-GRADUACAO, ENSINO, PESQUI;20GK;FOMENTO AS ACOES DE GRADUACAO, POS-GRADUACAO, ENSINO, PESQUI;RO00;FOMENTO AS ACOES DE GRADUACAO, POS-GRADUACAO, ENSINO, PESQUISA E EXTENSAO - DESPESAS DIVERSAS (REGRA DE OURO);12364501320GK0001;190228;'-8;SEM INFORMACAO;90;APLICACOES DIRETAS;3;DESPESAS CORRENTES;3;OUTRAS DESPESAS CORRENTES;00;[A DETALHAR];339000;APLICACOES DIRETAS;44;TITULOS DE RESPONSAB.DO TN-OUTRAS APLICACOES;-72849089.00;;86027128.00;;;;;
2020;154003;FUND.COORD.DE APERF.DE PESSOAL NIVEL SUPERIOR;12;EDUCACAO;364;ENSINO SUPERIOR;5013;EDUCACAO SUPERIOR - GRADUACAO, POS-GRADUACAO, ENSINO, PESQUI;20GK;FOMENTO AS ACOES DE GRADUACAO, POS-GRADUACAO, ENSINO, PESQUI;RO00;FOMENTO AS ACOES DE GRADUACAO, POS-GRADUACAO, ENSINO, PESQUISA E EXTENSAO - DESPESAS DIVERSAS (REGRA DE OURO);12364501320GK0001;190228;OCCCUN9902N;BFSUPERIOR - PAEP;90;APLICACOES DIRETAS;3;DESPESAS CORRENTES;3;OUTRAS DESPESAS CORRENTES;20;AUXILIO FINANCEIRO A PESQUISADORES;339020;AUXILIO FINANCEIRO A PESQUISADORES;44;TITULOS DE RESPONSAB.DO TN-OUTRAS APLICACOES;1,055,946.00;;1,055,946.00;;1,025,946.00;210,466.00;452,912.00;452,912.00
2020;154003;FUND.COORD.DE APERF.DE PESSOAL NIVEL SUPERIOR;12;EDUCACAO;364;ENSINO SUPERIOR;5013;EDUCACAO SUPERIOR - GRADUACAO, POS-GRADUACAO, ENSINO, PESQUI;20GK;FOMENTO AS ACOES DE GRADUACAO, POS-GRADUACAO, ENSINO, PESQUI;RO00;FOMENTO AS ACOES DE GRADUACAO, POS-GRADUACAO, ENSINO, PESQUISA E EXTENSAO - DESPESAS DIVERSAS (REGRA DE OURO);12364501320GK0001;190228;OCCCUO2013N;BFSUPERIOR - PREMIO;90;APLICACOES DIRETAS;3;DESPESAS CORRENTES;3;OUTRAS DESPESAS CORRENTES;20;AUXILIO FINANCEIRO A PESQUISADORES;339020;AUXILIO FINANCEIRO A PESQUISADORES;44;TITULOS DE RESPONSAB.DO TN-OUTRAS APLICACOES;750,860.00;;750,860.00;;750,860.00;187,715.00;;
2020;154003;FUND.COORD.DE APERF.DE PESSOAL NIVEL SUPERIOR;12;EDUCACAO;364;ENSINO SUPERIOR;5013;EDUCACAO SUPERIOR - GRADUACAO, POS-GRADUACAO, ENSINO, PESQUI;20GK;FOMENTO AS ACOES DE GRADUACAO, POS-GRADUACAO, ENSINO, PESQUI;RO00;FOMENTO AS ACOES DE GRADUACAO, POS-GRADUACAO, ENSINO, PESQUISA E EXTENSAO - DESPESAS DIVERSAS (REGRA DE OURO);12364501320GK0001;190228;OCCCUO2043N;BF-SUPERIOR - PROCAD/DEFESA;90;APLICACOES DIRETAS;3;DESPESAS CORRENTES;3;OUTRAS DESPESAS CORRENTES;20;AUXILIO FINANCEIRO A PESQUISADORES;339020;AUXILIO FINANCEIRO A PESQUISADORES;44;TITULOS DE RESPONSAB.DO TN-OUTRAS APLICACOES;2,400,000.00;;2,400,000.00;;2,400,000.00;600,000.00;;
2020;154003;FUND.COORD.DE APERF.DE PESSOAL NIVEL SUPERIOR;12;EDUCACAO;364;ENSINO SUPERIOR;5013;EDUCACAO SUPERIOR - GRADUACAO, POS-GRADUACAO, ENSINO, PESQUI;20GK;FOMENTO AS ACOES DE GRADUACAO, POS-GRADUACAO, ENSINO, PESQUI;RO00;FOMENTO AS ACOES DE GRADUACAO, POS-GRADUACAO, ENSINO, PESQUISA E EXTENSAO - DESPESAS DIVERSAS (REGRA DE OURO);12364501320GK0001;190228;OCCCUO2044N;BFSUPERIOR - ENTRE MARES;90;APLICACOES DIRETAS;3;DESPESAS CORRENTES;3;OUTRAS DESPESAS CORRENTES;20;AUXILIO FINANCEIRO A PESQUISADORES;339020;AUXILIO FINANCEIRO A PESQUISADORES;44;TITULOS DE RESPONSAB.DO TN-OUTRAS APLICACOES;598,200.00;;598,200.00;;598,200.00;99,700.00;498,500.00;398,800.00
2020;154003;FUND.COORD.DE APERF.DE PESSOAL NIVEL SUPERIOR;12;EDUCACAO;364;ENSINO SUPERIOR;5013;EDUCACAO SUPERIOR - GRADUACAO, POS-GRADUACAO, ENSINO, PESQUI;20GK;FOMENTO AS ACOES DE GRADUACAO, POS-GRADUACAO, ENSINO, PESQUI;RO00;FOMENTO AS ACOES DE GRADUACAO, POS-GRADUACAO, ENSINO, PESQUISA E EXTENSAO - DESPESAS DIVERSAS (REGRA DE OURO);12364501320GK0001;190228;OCCCUO2045N;BFSUPERIOR - AMAZONIA LEGAL;90;APLICACOES DIRETAS;3;DESPESAS CORRENTES;3;OUTRAS DESPESAS CORRENTES;20;AUXILIO FINANCEIRO A PESQUISADORES;339020;AUXILIO FINANCEIRO A PESQUISADORES;44;TITULOS DE RESPONSAB.DO TN-OUTRAS APLICACOES;22761759.00;;22761759.00;;22761759.00;2,844,537.00;;
2020;154003;FUND.COORD.DE APERF.DE PESSOAL NIVEL SUPERIOR;12;EDUCACAO;364;ENSINO SUPERIOR;5013;EDUCACAO SUPERIOR - GRADUACAO, POS-GRADUACAO, ENSINO, PESQUI;20GK;FOMENTO AS ACOES DE GRADUACAO, POS-GRADUACAO, ENSINO, PESQUI;RO00;FOMENTO AS ACOES DE GRADUACAO, POS-GRADUACAO, ENSINO, PESQUISA E EXTENSAO - DESPESAS DIVERSAS (REGRA DE OURO);12364501320GK0001;190228;OCCCUO2049N;BFSUPERIOR-EPIDEMIAS;90;APLICACOES DIRETAS;3;DESPESAS CORRENTES;3;OUTRAS DESPESAS CORRENTES;20;AUXILIO FINANCEIRO A PESQUISADORES;339020;AUXILIO FINANCEIRO A PESQUISADORES;44;TITULOS DE RESPONSAB.DO TN-OUTRAS APLICACOES;21436260.00;;21436260.00;;21436260.00;4,306,000.00;11412260.00;9,843,550.00
2020;154003;FUND.COORD.DE APERF.DE PESSOAL NIVEL SUPERIOR;12;EDUCACAO;364;ENSINO SUPERIOR;5013;EDUCACAO SUPERIOR - GRADUACAO, POS-GRADUACAO, ENSINO, PESQUI;20GK;FOMENTO AS ACOES DE GRADUACAO, POS-GRADUACAO, ENSINO, PESQUI;RO00;FOMENTO AS ACOES DE GRADUACAO, POS-GRADUACAO, ENSINO, PESQUISA E EXTENSAO - DESPESAS DIVERSAS (REGRA DE OURO);12364501320GK0001;190228;OCCCUO2050N;BFSUPERIOR-TELEMEDICINA;90;APLICACOES DIRETAS;3;DESPESAS CORRENTES;3;OUTRAS DESPESAS CORRENTES;20;AUXILIO FINANCEIRO A PESQUISADORES;339020;AUXILIO FINANCEIRO A PESQUISADORES;44;TITULOS DE RESPONSAB.DO TN-OUTRAS APLICACOES;13572804.00;;13572804.00;;13572804.00;2,556,133.00;9,239,234.00;7,669,579.00
2020;154003;FUND.COORD.DE APERF.DE PESSOAL NIVEL SUPERIOR;12;EDUCACAO;364;ENSINO SUPERIOR;5013;EDUCACAO SUPERIOR - GRADUACAO, POS-GRADUACAO, ENSINO, PESQUI;20GK;FOMENTO AS ACOES DE GRADUACAO, POS-GRADUACAO, ENSINO, PESQUI;RO00;FOMENTO AS ACOES DE GRADUACAO, POS-GRADUACAO, ENSINO, PESQUISA E EXTENSAO - DESPESAS DIVERSAS (REGRA DE OURO);12364501320GK0001;190228;OCCCUO9414N;BF SUPERIOR - PROAP;90;APLICACOES DIRETAS;3;DESPESAS CORRENTES;3;OUTRAS DESPESAS CORRENTES;20;AUXILIO FINANCEIRO A PESQUISADORES;339020;AUXILIO FINANCEIRO A PESQUISADORES;44;TITULOS DE RESPONSAB.DO TN-OUTRAS APLICACOES;11167143.00;;11167143.00;;11167143.00;0.00;;
2020;154003;FUND.COORD.DE APERF.DE PESSOAL NIVEL SUPERIOR;12;EDUCACAO;364;ENSINO SUPERIOR;5013;EDUCACAO SUPERIOR - GRADUACAO, POS-GRADUACAO, ENSINO, PESQUI;20GK;FOMENTO AS ACOES DE GRADUACAO, POS-GRADUACAO, ENSINO, PESQUI;RO01;REGRA DE OURO;12364501320GK0001;189407;'-8;SEM INFORMACAO;50;TRANSFERENCIA INSTITUICOES PRIVADAS SEM FINS LUCRATIVOS;3;DESPESAS CORRENTES;3;OUTRAS DESPESAS CORRENTES;00;[A DETALHAR];335000;TRANSFERENCIA INSTITUICOES PRIVADAS SEM FINS LUCRATIVOS;44;TITULOS DE RESPONSAB.DO TN-OUTRAS APLICACOES;;;0.00;0.00;;;;
2020;154003;FUND.COORD.DE APERF.DE PESSOAL NIVEL SUPERIOR;12;EDUCACAO;364;ENSINO SUPERIOR;5013;EDUCACAO SUPERIOR - GRADUACAO, POS-GRADUACAO, ENSINO, PESQUI;20GK;FOMENTO AS ACOES DE GRADUACAO, POS-GRADUACAO, ENSINO, PESQUI;RO01;REGRA DE OURO;12364501320GK0001;189407;'-8;SEM INFORMACAO;90;APLICACOES DIRETAS;3;DESPESAS CORRENTES;3;OUTRAS DESPESAS CORRENTES;00;[A DETALHAR];339000;APLICACOES DIRETAS;44;TITULOS DE RESPONSAB.DO TN-OUTRAS APLICACOES;;;0.00;0.00;;;;
2020;154003;FUND.COORD.DE APERF.DE PESSOAL NIVEL SUPERIOR;12;EDUCACAO;364;ENSINO SUPERIOR;5013;EDUCACAO SUPERIOR - GRADUACAO, POS-GRADUACAO, ENSINO, PESQUI;20GK;FOMENTO AS ACOES DE GRADUACAO, POS-GRADUACAO, ENSINO, PESQUI;0000;FOMENTO AS ACOES DE GRADUACAO, POS-GRADUACAO, ENSINO, PESQUISA E EXTENSAO;12364501320GK0001;164418;'-8;SEM INFORMACAO;50;TRANSFERENCIA INSTITUICOES PRIVADAS SEM FINS LUCRATIVOS;3;DESPESAS CORRENTES;3;OUTRAS DESPESAS CORRENTES;00;[A DETALHAR];335000;TRANSFERENCIA INSTITUICOES PRIVADAS SEM FINS LUCRATIVOS;44;TITULOS DE RESPONSAB.DO TN-OUTRAS APLICACOES;4,171,454.00;;1,489,805.00;893,883.00;;;;
2020;154003;FUND.COORD.DE APERF.DE PESSOAL NIVEL SUPERIOR;12;EDUCACAO;364;ENSINO SUPERIOR;5013;EDUCACAO SUPERIOR - GRADUACAO, POS-GRADUACAO, ENSINO, PESQUI;20GK;FOMENTO AS ACOES DE GRADUACAO, POS-GRADUACAO, ENSINO, PESQUI;0000;FOMENTO AS ACOES DE GRADUACAO, POS-GRADUACAO, ENSINO, PESQUISA E EXTENSAO;12364501320GK0001;164418;'-8;SEM INFORMACAO;90;APLICACOES DIRETAS;3;DESPESAS CORRENTES;3;OUTRAS DESPESAS CORRENTES;00;[A DETALHAR];339000;APLICACOES DIRETAS;44;TITULOS DE RESPONSAB.DO TN-OUTRAS APLICACOES;247140782.00;;88264565.00;52958739.00;;;;
2020;154003;FUND.COORD.DE APERF.DE PESSOAL NIVEL SUPERIOR;12;EDUCACAO;364;ENSINO SUPERIOR;5014;ESTATISTICAS E AVALIACOES EDUCACIONAIS;20RN;AVALIACAO DA EDUCACAO SUPERIOR E DA POS-GRADUACAO;0000;AVALIACAO DA EDUCACAO SUPERIOR E DA POS-GRADUACAO;12364501420RN0001;170056;'-8;SEM INFORMACAO;90;APLICACOES DIRETAS;3;DESPESAS CORRENTES;3;OUTRAS DESPESAS CORRENTES;00;[A DETALHAR];339000;APLICACOES DIRETAS;00;RECURSOS PRIMARIOS DE LIVRE APLICACAO;47151310.51;;41426045.51;1,150,000.00;;;;
2020;154003;FUND.COORD.DE APERF.DE PESSOAL NIVEL SUPERIOR;12;EDUCACAO;364;ENSINO SUPERIOR;5014;ESTATISTICAS E AVALIACOES EDUCACIONAIS;20RN;AVALIACAO DA EDUCACAO SUPERIOR E DA POS-GRADUACAO;0000;AVALIACAO DA EDUCACAO SUPERIOR E DA POS-GRADUACAO;12364501420RN0001;170056;'-8;SEM INFORMACAO;90;APLICACOES DIRETAS;3;DESPESAS CORRENTES;3;OUTRAS DESPESAS CORRENTES;;;;;44;TITULOS DE RESPONSAB.DO TN-OUTRAS APLICACOES;;35463474.00;0.00;0.00;;;;
2020;154003;FUND.COORD.DE APERF.DE PESSOAL NIVEL SUPERIOR;12;EDUCACAO;364;ENSINO SUPERIOR;5014;ESTATISTICAS E AVALIACOES EDUCACIONAIS;20RN;AVALIACAO DA EDUCACAO SUPERIOR E DA POS-GRADUACAO;0000;AVALIACAO DA EDUCACAO SUPERIOR E DA POS-GRADUACAO;12364501420RN0001;170056;NCCBUN99AAN;AVALIACAO CAPES - AAE;90;APLICACOES DIRETAS;3;DESPESAS CORRENTES;3;OUTRAS DESPESAS CORRENTES;48;OUTROS AUXILIOS FINANCEIROS A PESSOAS FISICAS;339048;OUTROS AUXILIOS FINANCEIROS A PESSOA FISICA;00;RECURSOS PRIMARIOS DE LIVRE APLICACAO;11849672.80;;11849672.80;;11849672.80;3,737,481.04;8,112,154.74;8,112,154.74
2020;154003;FUND.COORD.DE APERF.DE PESSOAL NIVEL SUPERIOR;12;EDUCACAO;364;ENSINO SUPERIOR;5014;ESTATISTICAS E AVALIACOES EDUCACIONAIS;20RN;AVALIACAO DA EDUCACAO SUPERIOR E DA POS-GRADUACAO;0000;AVALIACAO DA EDUCACAO SUPERIOR E DA POS-GRADUACAO;12364501420RN0001;170056;NCCBUN99AAN;AVALIACAO CAPES - AAE;90;APLICACOES DIRETAS;3;DESPESAS CORRENTES;3;OUTRAS DESPESAS CORRENTES;92;DESPESAS DE EXERCICIOS ANTERIORES;339092;DESPESAS DE EXERCICIOS ANTERIORES;00;RECURSOS PRIMARIOS DE LIVRE APLICACAO;70,184.19;;70,184.19;;70,184.19;0.00;70,184.19;70,184.19
2020;154003;FUND.COORD.DE APERF.DE PESSOAL NIVEL SUPERIOR;12;EDUCACAO;364;ENSINO SUPERIOR;5014;ESTATISTICAS E AVALIACOES EDUCACIONAIS;20RN;AVALIACAO DA EDUCACAO SUPERIOR E DA POS-GRADUACAO;0000;AVALIACAO DA EDUCACAO SUPERIOR E DA POS-GRADUACAO;12364501420RN0001;170056;NCCBUN99AAN;AVALIACAO CAPES - AAE;91;APLICACOES DIRETAS - OPERACOES INTERNAS;3;DESPESAS CORRENTES;3;OUTRAS DESPESAS CORRENTES;47;OBRIGACOES TRIBUTARIAS E CONTRIBUTIVAS;339147;OBRIG.TRIBUT.E CONTRIB-OP.INTRA-ORCAMENTARIAS;00;RECURSOS PRIMARIOS DE LIVRE APLICACAO;907,640.00;;907,640.00;;907,640.00;640,800.00;251,600.00;251,600.00
2020;154003;FUND.COORD.DE APERF.DE PESSOAL NIVEL SUPERIOR;12;EDUCACAO;364;ENSINO SUPERIOR;5014;ESTATISTICAS E AVALIACOES EDUCACIONAIS;20RN;AVALIACAO DA EDUCACAO SUPERIOR E DA POS-GRADUACAO;0000;AVALIACAO DA EDUCACAO SUPERIOR E DA POS-GRADUACAO;12364501420RN0001;170056;NCCBUN99SCN;AVALIACAO CAPES - PASSAGEM E DIARIA;90;APLICACOES DIRETAS;3;DESPESAS CORRENTES;3;OUTRAS DESPESAS CORRENTES;14;DIARIAS - PESSOAL CIVIL;339014;DIARIAS - PESSOAL CIVIL;00;RECURSOS PRIMARIOS DE LIVRE APLICACAO;5,746.72;;5,746.72;;5,746.72;0.00;5,746.72;5,746.72
2020;154003;FUND.COORD.DE APERF.DE PESSOAL NIVEL SUPERIOR;12;EDUCACAO;364;ENSINO SUPERIOR;5014;ESTATISTICAS E AVALIACOES EDUCACIONAIS;20RN;AVALIACAO DA EDUCACAO SUPERIOR E DA POS-GRADUACAO;0000;AVALIACAO DA EDUCACAO SUPERIOR E DA POS-GRADUACAO;12364501420RN0001;170056;NCCBUN99SCN;AVALIACAO CAPES - PASSAGEM E DIARIA;90;APLICACOES DIRETAS;3;DESPESAS CORRENTES;3;OUTRAS DESPESAS CORRENTES;36;OUTROS SERVICOS DE TERCEIROS - P.FISICA;339036;OUTROS SERVICOS DE TERCEIROS - PESSOA FISICA;00;RECURSOS PRIMARIOS DE LIVRE APLICACAO;9,177.00;;9,177.00;;9,177.00;0.00;9,177.00;9,177.00
2020;154003;FUND.COORD.DE APERF.DE PESSOAL NIVEL SUPERIOR;12;EDUCACAO;364;ENSINO SUPERIOR;5014;ESTATISTICAS E AVALIACOES EDUCACIONAIS;20RN;AVALIACAO DA EDUCACAO SUPERIOR E DA POS-GRADUACAO;0000;AVALIACAO DA EDUCACAO SUPERIOR E DA POS-GRADUACAO;12364501420RN0001;170056;NCCBUN99SCN;AVALIACAO CAPES - PASSAGEM E DIARIA;90;APLICACOES DIRETAS;3;DESPESAS CORRENTES;3;OUTRAS DESPESAS CORRENTES;93;INDENIZACOES E RESTITUICOES;339093;INDENIZACOES E RESTITUICOES;00;RECURSOS PRIMARIOS DE LIVRE APLICACAO;632.10;;632.10;;632.10;0.00;632.10;632.10
2020;154003;FUND.COORD.DE APERF.DE PESSOAL NIVEL SUPERIOR;12;EDUCACAO;364;ENSINO SUPERIOR;5014;ESTATISTICAS E AVALIACOES EDUCACIONAIS;20RN;AVALIACAO DA EDUCACAO SUPERIOR E DA POS-GRADUACAO;0000;AVALIACAO DA EDUCACAO SUPERIOR E DA POS-GRADUACAO;12364501420RN0001;170056;VCC80N99TIN;ADMINISTRACAO CAPES - DTI;90;APLICACOES DIRETAS;3;DESPESAS CORRENTES;3;OUTRAS DESPESAS CORRENTES;40;SERVICOS DE TECNOLOGIA DA INFORMACAO E COMUNICACAO - PJ;339040;SERVICOS DE TECNOLOGIA DA INFORMACAO E COMUNICACAO - PJ;00;RECURSOS PRIMARIOS DE LIVRE APLICACAO;20159388.68;;20159388.68;;19839026.28;9,919,513.14;;
2020;154003;FUND.COORD.DE APERF.DE PESSOAL NIVEL SUPERIOR;12;EDUCACAO;364;ENSINO SUPERIOR;5014;ESTATISTICAS E AVALIACOES EDUCACIONAIS;20RN;AVALIACAO DA EDUCACAO SUPERIOR E DA POS-GRADUACAO;RO00;AVALIACAO DA EDUCACAO SUPERIOR E DA POS-GRADUACAO - DESPESAS DIVERSAS (REGRA DE OURO);12364501420RN0001;190229;'-8;SEM INFORMACAO;90;APLICACOES DIRETAS;3;DESPESAS CORRENTES;3;OUTRAS DESPESAS CORRENTES;00;[A DETALHAR];339000;APLICACOES DIRETAS;44;TITULOS DE RESPONSAB.DO TN-OUTRAS APLICACOES;-20665198.83;;14798275.17;;;;;
2020;154003;FUND.COORD.DE APERF.DE PESSOAL NIVEL SUPERIOR;12;EDUCACAO;364;ENSINO SUPERIOR;5014;ESTATISTICAS E AVALIACOES EDUCACIONAIS;20RN;AVALIACAO DA EDUCACAO SUPERIOR E DA POS-GRADUACAO;RO00;AVALIACAO DA EDUCACAO SUPERIOR E DA POS-GRADUACAO - DESPESAS DIVERSAS (REGRA DE OURO);12364501420RN0001;190229;NCCBUN99AAN;AVALIACAO CAPES - AAE;90;APLICACOES DIRETAS;3;DESPESAS CORRENTES;3;OUTRAS DESPESAS CORRENTES;48;OUTROS AUXILIOS FINANCEIROS A PESSOAS FISICAS;339048;OUTROS AUXILIOS FINANCEIROS A PESSOA FISICA;44;TITULOS DE RESPONSAB.DO TN-OUTRAS APLICACOES;2,959,117.17;;2,959,117.17;;2,959,117.17;0.00;831,732.00;831,732.00
2020;154003;FUND.COORD.DE APERF.DE PESSOAL NIVEL SUPERIOR;12;EDUCACAO;364;ENSINO SUPERIOR;5014;ESTATISTICAS E AVALIACOES EDUCACIONAIS;20RN;AVALIACAO DA EDUCACAO SUPERIOR E DA POS-GRADUACAO;RO00;AVALIACAO DA EDUCACAO SUPERIOR E DA POS-GRADUACAO - DESPESAS DIVERSAS (REGRA DE OURO);12364501420RN0001;190229;NCCBUN99AAN;AVALIACAO CAPES - AAE;90;APLICACOES DIRETAS;3;DESPESAS CORRENTES;3;OUTRAS DESPESAS CORRENTES;92;DESPESAS DE EXERCICIOS ANTERIORES;339092;DESPESAS DE EXERCICIOS ANTERIORES;44;TITULOS DE RESPONSAB.DO TN-OUTRAS APLICACOES;18,000.00;;18,000.00;;18,000.00;0.00;18,000.00;18,000.00
2020;154003;FUND.COORD.DE APERF.DE PESSOAL NIVEL SUPERIOR;12;EDUCACAO;364;ENSINO SUPERIOR;5014;ESTATISTICAS E AVALIACOES EDUCACIONAIS;20RN;AVALIACAO DA EDUCACAO SUPERIOR E DA POS-GRADUACAO;RO00;AVALIACAO DA EDUCACAO SUPERIOR E DA POS-GRADUACAO - DESPESAS DIVERSAS (REGRA DE OURO);12364501420RN0001;190229;NCCBUN99AAN;AVALIACAO CAPES - AAE;91;APLICACOES DIRETAS - OPERACOES INTERNAS;3;DESPESAS CORRENTES;3;OUTRAS DESPESAS CORRENTES;47;OBRIGACOES TRIBUTARIAS E CONTRIBUTIVAS;339147;OBRIG.TRIBUT.E CONTRIB-OP.INTRA-ORCAMENTARIAS;44;TITULOS DE RESPONSAB.DO TN-OUTRAS APLICACOES;0.00;;0.00;;;;;
2020;154003;FUND.COORD.DE APERF.DE PESSOAL NIVEL SUPERIOR;12;EDUCACAO;364;ENSINO SUPERIOR;5014;ESTATISTICAS E AVALIACOES EDUCACIONAIS;20RN;AVALIACAO DA EDUCACAO SUPERIOR E DA POS-GRADUACAO;RO00;AVALIACAO DA EDUCACAO SUPERIOR E DA POS-GRADUACAO - DESPESAS DIVERSAS (REGRA DE OURO);12364501420RN0001;190229;VCC80N99TIN;ADMINISTRACAO CAPES - DTI;90;APLICACOES DIRETAS;3;DESPESAS CORRENTES;3;OUTRAS DESPESAS CORRENTES;40;SERVICOS DE TECNOLOGIA DA INFORMACAO E COMUNICACAO - PJ;339040;SERVICOS DE TECNOLOGIA DA INFORMACAO E COMUNICACAO - PJ;44;TITULOS DE RESPONSAB.DO TN-OUTRAS APLICACOES;17688081.66;;17688081.66;;17688081.66;8,844,040.83;;
2020;154003;FUND.COORD.DE APERF.DE PESSOAL NIVEL SUPERIOR;12;EDUCACAO;364;ENSINO SUPERIOR;5014;ESTATISTICAS E AVALIACOES EDUCACIONAIS;20RN;AVALIACAO DA EDUCACAO SUPERIOR E DA POS-GRADUACAO;RO01;REGRA DE OURO;12364501420RN0001;189408;'-8;SEM INFORMACAO;90;APLICACOES DIRETAS;3;DESPESAS CORRENTES;3;OUTRAS DESPESAS CORRENTES;00;[A DETALHAR];339000;APLICACOES DIRETAS;44;TITULOS DE RESPONSAB.DO TN-OUTRAS APLICACOES;;;0.00;0.00;;;;
2020;154003;FUND.COORD.DE APERF.DE PESSOAL NIVEL SUPERIOR;12;EDUCACAO;364;ENSINO SUPERIOR;5014;ESTATISTICAS E AVALIACOES EDUCACIONAIS;20RN;AVALIACAO DA EDUCACAO SUPERIOR E DA POS-GRADUACAO;0000;AVALIACAO DA EDUCACAO SUPERIOR E DA POS-GRADUACAO;12364501420RN0001;164419;'-8;SEM INFORMACAO;90;APLICACOES DIRETAS;3;DESPESAS CORRENTES;3;OUTRAS DESPESAS CORRENTES;00;[A DETALHAR];339000;APLICACOES DIRETAS;44;TITULOS DE RESPONSAB.DO TN-OUTRAS APLICACOES;55165404.00;;19701930.00;11821158.00;;;;
2020;154003;FUND.COORD.DE APERF.DE PESSOAL NIVEL SUPERIOR;12;EDUCACAO;368;EDUCACAO BASICA;5011;EDUCACAO BASICA DE QUALIDADE;00O0;CONCESSAO DE BOLSAS DE APOIO A EDUCACAO BASICA;0000;CONCESSAO DE BOLSAS DE APOIO A EDUCACAO BASICA - DESPESAS DIVERSAS;12368501100O00001;177353;'-8;SEM INFORMACAO;90;APLICACOES DIRETAS;3;DESPESAS CORRENTES;3;OUTRAS DESPESAS CORRENTES;00;[A DETALHAR];339000;APLICACOES DIRETAS;00;RECURSOS PRIMARIOS DE LIVRE APLICACAO;4578213720.0;;338889475.00;0.00;;;;
2020;154003;FUND.COORD.DE APERF.DE PESSOAL NIVEL SUPERIOR;12;EDUCACAO;368;EDUCACAO BASICA;5011;EDUCACAO BASICA DE QUALIDADE;00O0;CONCESSAO DE BOLSAS DE APOIO A EDUCACAO BASICA;0000;CONCESSAO DE BOLSAS DE APOIO A EDUCACAO BASICA - DESPESAS DIVERSAS;12368501100O00001;177353;PCC69B1902N;PIBID-RESIDENCIA PEDAGOGICA;90;APLICACOES DIRETAS;3;DESPESAS CORRENTES;3;OUTRAS DESPESAS CORRENTES;18;AUXILIO FINANCEIRO A ESTUDANTES;339018;AUXILIO FINANCEIRO A ESTUDANTES;00;RECURSOS PRIMARIOS DE LIVRE APLICACAO;59309835.00;;59309835.00;;59309835.00;400.00;59308235.00;59308235.00
2020;154003;FUND.COORD.DE APERF.DE PESSOAL NIVEL SUPERIOR;12;EDUCACAO;368;EDUCACAO BASICA;5011;EDUCACAO BASICA DE QUALIDADE;00O0;CONCESSAO DE BOLSAS DE APOIO A EDUCACAO BASICA;0000;CONCESSAO DE BOLSAS DE APOIO A EDUCACAO BASICA - DESPESAS DIVERSAS;12368501100O00001;177353;PCC69B2101N;PIBID - PIBID;90;APLICACOES DIRETAS;3;DESPESAS CORRENTES;3;OUTRAS DESPESAS CORRENTES;18;AUXILIO FINANCEIRO A ESTUDANTES;339018;AUXILIO FINANCEIRO A ESTUDANTES;00;RECURSOS PRIMARIOS DE LIVRE APLICACAO;106492771.00;;106492771.00;;106492771.00;188,838.35;106207292.30;106206492.30
2020;154003;FUND.COORD.DE APERF.DE PESSOAL NIVEL SUPERIOR;12;EDUCACAO;368;EDUCACAO BASICA;5011;EDUCACAO BASICA DE QUALIDADE;00O0;CONCESSAO DE BOLSAS DE APOIO A EDUCACAO BASICA;0000;CONCESSAO DE BOLSAS DE APOIO A EDUCACAO BASICA - DESPESAS DIVERSAS;12368501100O00001;177354;'-8;SEM INFORMACAO;90;APLICACOES DIRETAS;3;DESPESAS CORRENTES;3;OUTRAS DESPESAS CORRENTES;00;[A DETALHAR];339000;APLICACOES DIRETAS;88;RECURSOS FINANCEIROS DE LIVRE APLICACAO;14,000.00;;1,000.00;0.00;;;;
2020;154003;FUND.COORD.DE APERF.DE PESSOAL NIVEL SUPERIOR;12;EDUCACAO;368;EDUCACAO BASICA;5011;EDUCACAO BASICA DE QUALIDADE;00O0;CONCESSAO DE BOLSAS DE APOIO A EDUCACAO BASICA;0001;EDUCACAO BASICA PRESENCIAL;12368501100O00001;170060;'-8;SEM INFORMACAO;90;APLICACOES DIRETAS;3;DESPESAS CORRENTES;3;OUTRAS DESPESAS CORRENTES;00;[A DETALHAR];339000;APLICACOES DIRETAS;00;RECURSOS PRIMARIOS DE LIVRE APLICACAO;-655765585.7;;2687518694.3;320090000.00;;;;
2020;154003;FUND.COORD.DE APERF.DE PESSOAL NIVEL SUPERIOR;12;EDUCACAO;368;EDUCACAO BASICA;5011;EDUCACAO BASICA DE QUALIDADE;00O0;CONCESSAO DE BOLSAS DE APOIO A EDUCACAO BASICA;0001;EDUCACAO BASICA PRESENCIAL;12368501100O00001;170060;'-8;SEM INFORMACAO;90;APLICACOES DIRETAS;3;DESPESAS CORRENTES;3;OUTRAS DESPESAS CORRENTES;;;;;08;FUNDO SOCIAL-PARC.DEST.EDUCACAO PUBL.E SAUDE;1,037,900.00;;1,037,900.00;;;;;
2020;154003;FUND.COORD.DE APERF.DE PESSOAL NIVEL SUPERIOR;12;EDUCACAO;368;EDUCACAO BASICA;5011;EDUCACAO BASICA DE QUALIDADE;00O0;CONCESSAO DE BOLSAS DE APOIO A EDUCACAO BASICA;0001;EDUCACAO BASICA PRESENCIAL;12368501100O00001;170060;NCCCPO19BEN;BEX - BEX;90;APLICACOES DIRETAS;3;DESPESAS CORRENTES;3;OUTRAS DESPESAS CORRENTES;18;AUXILIO FINANCEIRO A ESTUDANTES;339018;AUXILIO FINANCEIRO A ESTUDANTES;00;RECURSOS PRIMARIOS DE LIVRE APLICACAO;49,264.80;;49,264.80;;;;;
2020;154003;FUND.COORD.DE APERF.DE PESSOAL NIVEL SUPERIOR;12;EDUCACAO;368;EDUCACAO BASICA;5011;EDUCACAO BASICA DE QUALIDADE;00O0;CONCESSAO DE BOLSAS DE APOIO A EDUCACAO BASICA;0001;EDUCACAO BASICA PRESENCIAL;12368501100O00001;170060;PCC69B1902N;PIBID-RESIDENCIA PEDAGOGICA;90;APLICACOES DIRETAS;3;DESPESAS CORRENTES;3;OUTRAS DESPESAS CORRENTES;18;AUXILIO FINANCEIRO A ESTUDANTES;339018;AUXILIO FINANCEIRO A ESTUDANTES;00;RECURSOS PRIMARIOS DE LIVRE APLICACAO;276833622.34;;276833622.34;;276833622.34;65105791.74;126702364.78;126562244.78
2020;154003;FUND.COORD.DE APERF.DE PESSOAL NIVEL SUPERIOR;12;EDUCACAO;368;EDUCACAO BASICA;5011;EDUCACAO BASICA DE QUALIDADE;00O0;CONCESSAO DE BOLSAS DE APOIO A EDUCACAO BASICA;0001;EDUCACAO BASICA PRESENCIAL;12368501100O00001;170060;PCC69B1902N;PIBID-RESIDENCIA PEDAGOGICA;90;APLICACOES DIRETAS;3;DESPESAS CORRENTES;3;OUTRAS DESPESAS CORRENTES;;;;;08;FUNDO SOCIAL-PARC.DEST.EDUCACAO PUBL.E SAUDE;6,656,625.00;;6,656,625.00;;6,656,625.00;500,000.00;5,845,255.00;5,845,255.00
2020;154003;FUND.COORD.DE APERF.DE PESSOAL NIVEL SUPERIOR;12;EDUCACAO;368;EDUCACAO BASICA;5011;EDUCACAO BASICA DE QUALIDADE;00O0;CONCESSAO DE BOLSAS DE APOIO A EDUCACAO BASICA;0001;EDUCACAO BASICA PRESENCIAL;12368501100O00001;170060;PCC69B2101N;PIBID - PIBID;90;APLICACOES DIRETAS;3;DESPESAS CORRENTES;3;OUTRAS DESPESAS CORRENTES;18;AUXILIO FINANCEIRO A ESTUDANTES;339018;AUXILIO FINANCEIRO A ESTUDANTES;00;RECURSOS PRIMARIOS DE LIVRE APLICACAO;274759400.00;;274759400.00;;274759400.00;75853670.00;172619220.51;172560925.51
2020;154003;FUND.COORD.DE APERF.DE PESSOAL NIVEL SUPERIOR;12;EDUCACAO;368;EDUCACAO BASICA;5011;EDUCACAO BASICA DE QUALIDADE;00O0;CONCESSAO DE BOLSAS DE APOIO A EDUCACAO BASICA;0001;EDUCACAO BASICA PRESENCIAL;12368501100O00001;170060;PCC69B2101N;PIBID - PIBID;90;APLICACOES DIRETAS;3;DESPESAS CORRENTES;3;OUTRAS DESPESAS CORRENTES;;;;;08;FUNDO SOCIAL-PARC.DEST.EDUCACAO PUBL.E SAUDE;7,429,675.00;;7,429,675.00;;7,429,675.00;580,300.00;6,849,375.00;6,849,375.00
2020;154003;FUND.COORD.DE APERF.DE PESSOAL NIVEL SUPERIOR;12;EDUCACAO;368;EDUCACAO BASICA;5011;EDUCACAO BASICA DE QUALIDADE;00O0;CONCESSAO DE BOLSAS DE APOIO A EDUCACAO BASICA;0001;EDUCACAO BASICA PRESENCIAL;12368501100O00001;170060;PCC92B5801N;PARFOR - PARFOR;90;APLICACOES DIRETAS;3;DESPESAS CORRENTES;3;OUTRAS DESPESAS CORRENTES;18;AUXILIO FINANCEIRO A ESTUDANTES;339018;AUXILIO FINANCEIRO A ESTUDANTES;00;RECURSOS PRIMARIOS DE LIVRE APLICACAO;104123298.55;;104123298.55;;104123298.55;22433512.10;76857531.59;73259821.61
2020;154003;FUND.COORD.DE APERF.DE PESSOAL NIVEL SUPERIOR;12;EDUCACAO;368;EDUCACAO BASICA;5011;EDUCACAO BASICA DE QUALIDADE;00O0;CONCESSAO DE BOLSAS DE APOIO A EDUCACAO BASICA;0001;EDUCACAO BASICA PRESENCIAL;12368501100O00001;186015;'-8;SEM INFORMACAO;90;APLICACOES DIRETAS;3;DESPESAS CORRENTES;3;OUTRAS DESPESAS CORRENTES;00;[A DETALHAR];339000;APLICACOES DIRETAS;88;RECURSOS FINANCEIROS DE LIVRE APLICACAO;(3,000.00);;10,000.00;;;;;
2020;154003;FUND.COORD.DE APERF.DE PESSOAL NIVEL SUPERIOR;12;EDUCACAO;368;EDUCACAO BASICA;5011;EDUCACAO BASICA DE QUALIDADE;00O0;CONCESSAO DE BOLSAS DE APOIO A EDUCACAO BASICA;0001;EDUCACAO BASICA PRESENCIAL;12368501100O00001;186015;PCC92B5801N;PARFOR - PARFOR;90;APLICACOES DIRETAS;3;DESPESAS CORRENTES;3;OUTRAS DESPESAS CORRENTES;18;AUXILIO FINANCEIRO A ESTUDANTES;339018;AUXILIO FINANCEIRO A ESTUDANTES;88;RECURSOS FINANCEIROS DE LIVRE APLICACAO;3,000.00;;3,000.00;;3,000.00;0.00;;
2020;154003;FUND.COORD.DE APERF.DE PESSOAL NIVEL SUPERIOR;12;EDUCACAO;368;EDUCACAO BASICA;5011;EDUCACAO BASICA DE QUALIDADE;00O0;CONCESSAO DE BOLSAS DE APOIO A EDUCACAO BASICA;0002;EDUCACAO BASICA A DISTANCIA;12368501100O00001;170063;'-8;SEM INFORMACAO;90;APLICACOES DIRETAS;3;DESPESAS CORRENTES;3;OUTRAS DESPESAS CORRENTES;00;[A DETALHAR];339000;APLICACOES DIRETAS;00;RECURSOS PRIMARIOS DE LIVRE APLICACAO;-502183763.1;310000000.00;227816236.87;;;;;
2020;154003;FUND.COORD.DE APERF.DE PESSOAL NIVEL SUPERIOR;12;EDUCACAO;368;EDUCACAO BASICA;5011;EDUCACAO BASICA DE QUALIDADE;00O0;CONCESSAO DE BOLSAS DE APOIO A EDUCACAO BASICA;0002;EDUCACAO BASICA A DISTANCIA;12368501100O00001;170063;'-8;SEM INFORMACAO;90;APLICACOES DIRETAS;3;DESPESAS CORRENTES;3;OUTRAS DESPESAS CORRENTES;;;;;44;TITULOS DE RESPONSAB.DO TN-OUTRAS APLICACOES;;207922158.00;0.00;0.00;;;;
2020;154003;FUND.COORD.DE APERF.DE PESSOAL NIVEL SUPERIOR;12;EDUCACAO;368;EDUCACAO BASICA;5011;EDUCACAO BASICA DE QUALIDADE;00O0;CONCESSAO DE BOLSAS DE APOIO A EDUCACAO BASICA;0002;EDUCACAO BASICA A DISTANCIA;12368501100O00001;170063;MCC62G22EDN;UAB - UAB TRADICIONAL;90;APLICACOES DIRETAS;3;DESPESAS CORRENTES;3;OUTRAS DESPESAS CORRENTES;18;AUXILIO FINANCEIRO A ESTUDANTES;339018;AUXILIO FINANCEIRO A ESTUDANTES;00;RECURSOS PRIMARIOS DE LIVRE APLICACAO;802313800.51;;802313800.51;;802313800.51;104138629.79;656815345.19;645398185.19
2020;154003;FUND.COORD.DE APERF.DE PESSOAL NIVEL SUPERIOR;12;EDUCACAO;368;EDUCACAO BASICA;5011;EDUCACAO BASICA DE QUALIDADE;00O0;CONCESSAO DE BOLSAS DE APOIO A EDUCACAO BASICA;0002;EDUCACAO BASICA A DISTANCIA;12368501100O00001;170063;QCC62T58ATN;UAB - UAB PROFARTES;90;APLICACOES DIRETAS;3;DESPESAS CORRENTES;3;OUTRAS DESPESAS CORRENTES;18;AUXILIO FINANCEIRO A ESTUDANTES;339018;AUXILIO FINANCEIRO A ESTUDANTES;00;RECURSOS PRIMARIOS DE LIVRE APLICACAO;6,240,500.00;;6,240,500.00;;6,240,500.00;702,500.00;5,238,000.00;4,965,000.00
2020;154003;FUND.COORD.DE APERF.DE PESSOAL NIVEL SUPERIOR;12;EDUCACAO;368;EDUCACAO BASICA;5011;EDUCACAO BASICA DE QUALIDADE;00O0;CONCESSAO DE BOLSAS DE APOIO A EDUCACAO BASICA;0002;EDUCACAO BASICA A DISTANCIA;12368501100O00001;170063;QCC62T58BIN;UAB - UAB PROFBIO;90;APLICACOES DIRETAS;3;DESPESAS CORRENTES;3;OUTRAS DESPESAS CORRENTES;18;AUXILIO FINANCEIRO A ESTUDANTES;339018;AUXILIO FINANCEIRO A ESTUDANTES;00;RECURSOS PRIMARIOS DE LIVRE APLICACAO;30438991.43;;30438991.43;;30438991.43;2,940,500.00;26965500.00;26067000.00
2020;154003;FUND.COORD.DE APERF.DE PESSOAL NIVEL SUPERIOR;12;EDUCACAO;368;EDUCACAO BASICA;5011;EDUCACAO BASICA DE QUALIDADE;00O0;CONCESSAO DE BOLSAS DE APOIO A EDUCACAO BASICA;0002;EDUCACAO BASICA A DISTANCIA;12368501100O00001;170063;QCC62T58EFN;UAB-PROF EDUCACAO FISICA;90;APLICACOES DIRETAS;3;DESPESAS CORRENTES;3;OUTRAS DESPESAS CORRENTES;18;AUXILIO FINANCEIRO A ESTUDANTES;339018;AUXILIO FINANCEIRO A ESTUDANTES;00;RECURSOS PRIMARIOS DE LIVRE APLICACAO;3,346,500.00;;3,346,500.00;;3,346,500.00;1,876,500.00;1,470,000.00;1,390,500.00
2020;154003;FUND.COORD.DE APERF.DE PESSOAL NIVEL SUPERIOR;12;EDUCACAO;368;EDUCACAO BASICA;5011;EDUCACAO BASICA DE QUALIDADE;00O0;CONCESSAO DE BOLSAS DE APOIO A EDUCACAO BASICA;0002;EDUCACAO BASICA A DISTANCIA;12368501100O00001;170063;QCC62T58FIN;UAB - UAB PROFISICA;90;APLICACOES DIRETAS;3;DESPESAS CORRENTES;3;OUTRAS DESPESAS CORRENTES;18;AUXILIO FINANCEIRO A ESTUDANTES;339018;AUXILIO FINANCEIRO A ESTUDANTES;00;RECURSOS PRIMARIOS DE LIVRE APLICACAO;23553771.39;;23553771.39;;23553771.39;3,394,500.00;19336500.00;18685000.00
2020;154003;FUND.COORD.DE APERF.DE PESSOAL NIVEL SUPERIOR;12;EDUCACAO;368;EDUCACAO BASICA;5011;EDUCACAO BASICA DE QUALIDADE;00O0;CONCESSAO DE BOLSAS DE APOIO A EDUCACAO BASICA;0002;EDUCACAO BASICA A DISTANCIA;12368501100O00001;170063;QCC62T58FLN;UAB - UAB PROFILOSOFIA;90;APLICACOES DIRETAS;3;DESPESAS CORRENTES;3;OUTRAS DESPESAS CORRENTES;18;AUXILIO FINANCEIRO A ESTUDANTES;339018;AUXILIO FINANCEIRO A ESTUDANTES;00;RECURSOS PRIMARIOS DE LIVRE APLICACAO;10819490.37;;10819490.37;;10819490.37;1,714,500.00;8,217,000.00;7,962,000.00
2020;154003;FUND.COORD.DE APERF.DE PESSOAL NIVEL SUPERIOR;12;EDUCACAO;368;EDUCACAO BASICA;5011;EDUCACAO BASICA DE QUALIDADE;00O0;CONCESSAO DE BOLSAS DE APOIO A EDUCACAO BASICA;0002;EDUCACAO BASICA A DISTANCIA;12368501100O00001;170063;QCC62T58HIN;UAB - UAB PROFHISTORIA;90;APLICACOES DIRETAS;3;DESPESAS CORRENTES;3;OUTRAS DESPESAS CORRENTES;18;AUXILIO FINANCEIRO A ESTUDANTES;339018;AUXILIO FINANCEIRO A ESTUDANTES;00;RECURSOS PRIMARIOS DE LIVRE APLICACAO;46257625.21;;46257625.21;;46257625.21;4,639,250.26;40787000.52;39689000.52
2020;154003;FUND.COORD.DE APERF.DE PESSOAL NIVEL SUPERIOR;12;EDUCACAO;368;EDUCACAO BASICA;5011;EDUCACAO BASICA DE QUALIDADE;00O0;CONCESSAO DE BOLSAS DE APOIO A EDUCACAO BASICA;0002;EDUCACAO BASICA A DISTANCIA;12368501100O00001;170063;QCC62T58LEN;UAB - UAB PROFLETRAS;90;APLICACOES DIRETAS;3;DESPESAS CORRENTES;3;OUTRAS DESPESAS CORRENTES;18;AUXILIO FINANCEIRO A ESTUDANTES;339018;AUXILIO FINANCEIRO A ESTUDANTES;00;RECURSOS PRIMARIOS DE LIVRE APLICACAO;24365671.53;;24365671.53;;24365671.53;2,750,500.00;21066500.00;20379500.00
2020;154003;FUND.COORD.DE APERF.DE PESSOAL NIVEL SUPERIOR;12;EDUCACAO;368;EDUCACAO BASICA;5011;EDUCACAO BASICA DE QUALIDADE;00O0;CONCESSAO DE BOLSAS DE APOIO A EDUCACAO BASICA;0002;EDUCACAO BASICA A DISTANCIA;12368501100O00001;170063;QCC62T58MAN;UAB - UAB PROFMAT;90;APLICACOES DIRETAS;3;DESPESAS CORRENTES;3;OUTRAS DESPESAS CORRENTES;18;AUXILIO FINANCEIRO A ESTUDANTES;339018;AUXILIO FINANCEIRO A ESTUDANTES;00;RECURSOS PRIMARIOS DE LIVRE APLICACAO;25681068.46;;25681068.46;;25681068.46;2,222,500.00;22950000.00;21985500.00
2020;154003;FUND.COORD.DE APERF.DE PESSOAL NIVEL SUPERIOR;12;EDUCACAO;368;EDUCACAO BASICA;5011;EDUCACAO BASICA DE QUALIDADE;00O0;CONCESSAO DE BOLSAS DE APOIO A EDUCACAO BASICA;0002;EDUCACAO BASICA A DISTANCIA;12368501100O00001;170063;QCC62T58QUN;UAB - UAB PROFQUIMICA;90;APLICACOES DIRETAS;3;DESPESAS CORRENTES;3;OUTRAS DESPESAS CORRENTES;18;AUXILIO FINANCEIRO A ESTUDANTES;339018;AUXILIO FINANCEIRO A ESTUDANTES;00;RECURSOS PRIMARIOS DE LIVRE APLICACAO;8,316,469.69;;8,316,469.69;;8,316,469.69;974,500.00;6,841,500.00;6,631,500.00
2020;154003;FUND.COORD.DE APERF.DE PESSOAL NIVEL SUPERIOR;12;EDUCACAO;368;EDUCACAO BASICA;5011;EDUCACAO BASICA DE QUALIDADE;00O0;CONCESSAO DE BOLSAS DE APOIO A EDUCACAO BASICA;0002;EDUCACAO BASICA A DISTANCIA;12368501100O00001;170063;QCC62T58SON;UAB - PROFSOCIOLOGIA;90;APLICACOES DIRETAS;3;DESPESAS CORRENTES;3;OUTRAS DESPESAS CORRENTES;18;AUXILIO FINANCEIRO A ESTUDANTES;339018;AUXILIO FINANCEIRO A ESTUDANTES;00;RECURSOS PRIMARIOS DE LIVRE APLICACAO;6,775,314.54;;6,775,314.54;;6,775,314.54;1,782,000.00;4,845,000.00;4,603,500.00
2020;154003;FUND.COORD.DE APERF.DE PESSOAL NIVEL SUPERIOR;12;EDUCACAO;368;EDUCACAO BASICA;5011;EDUCACAO BASICA DE QUALIDADE;00O0;CONCESSAO DE BOLSAS DE APOIO A EDUCACAO BASICA;RO01;EDUCACAO BASICA PRESENCIAL (REGRA DE OURO);12368501100O00001;189409;'-8;SEM INFORMACAO;90;APLICACOES DIRETAS;3;DESPESAS CORRENTES;3;OUTRAS DESPESAS CORRENTES;00;[A DETALHAR];339000;APLICACOES DIRETAS;44;TITULOS DE RESPONSAB.DO TN-OUTRAS APLICACOES;;;0.00;0.00;;;;
2020;154003;FUND.COORD.DE APERF.DE PESSOAL NIVEL SUPERIOR;12;EDUCACAO;368;EDUCACAO BASICA;5011;EDUCACAO BASICA DE QUALIDADE;00O0;CONCESSAO DE BOLSAS DE APOIO A EDUCACAO BASICA;RO02;EDUCACAO BASICA A DISTANCIA (REGRA DE OURO);12368501100O00001;190202;'-8;SEM INFORMACAO;90;APLICACOES DIRETAS;3;DESPESAS CORRENTES;3;OUTRAS DESPESAS CORRENTES;00;[A DETALHAR];339000;APLICACOES DIRETAS;44;TITULOS DE RESPONSAB.DO TN-OUTRAS APLICACOES;-121945936.1;;85976221.94;;;;;
2020;154003;FUND.COORD.DE APERF.DE PESSOAL NIVEL SUPERIOR;12;EDUCACAO;368;EDUCACAO BASICA;5011;EDUCACAO BASICA DE QUALIDADE;00O0;CONCESSAO DE BOLSAS DE APOIO A EDUCACAO BASICA;RO02;EDUCACAO BASICA A DISTANCIA (REGRA DE OURO);12368501100O00001;190202;MCC62G22EDN;UAB - UAB TRADICIONAL;90;APLICACOES DIRETAS;3;DESPESAS CORRENTES;3;OUTRAS DESPESAS CORRENTES;18;AUXILIO FINANCEIRO A ESTUDANTES;339018;AUXILIO FINANCEIRO A ESTUDANTES;44;TITULOS DE RESPONSAB.DO TN-OUTRAS APLICACOES;105524269.74;;105524269.74;;105524269.74;10466619.49;64461064.10;64461064.10
2020;154003;FUND.COORD.DE APERF.DE PESSOAL NIVEL SUPERIOR;12;EDUCACAO;368;EDUCACAO BASICA;5011;EDUCACAO BASICA DE QUALIDADE;00O0;CONCESSAO DE BOLSAS DE APOIO A EDUCACAO BASICA;RO02;EDUCACAO BASICA A DISTANCIA (REGRA DE OURO);12368501100O00001;190202;QCC62T58ATN;UAB - UAB PROFARTES;90;APLICACOES DIRETAS;3;DESPESAS CORRENTES;3;OUTRAS DESPESAS CORRENTES;18;AUXILIO FINANCEIRO A ESTUDANTES;339018;AUXILIO FINANCEIRO A ESTUDANTES;44;TITULOS DE RESPONSAB.DO TN-OUTRAS APLICACOES;270,000.00;;270,000.00;;270,000.00;270,000.00;;
2020;154003;FUND.COORD.DE APERF.DE PESSOAL NIVEL SUPERIOR;12;EDUCACAO;368;EDUCACAO BASICA;5011;EDUCACAO BASICA DE QUALIDADE;00O0;CONCESSAO DE BOLSAS DE APOIO A EDUCACAO BASICA;RO02;EDUCACAO BASICA A DISTANCIA (REGRA DE OURO);12368501100O00001;190202;QCC62T58BIN;UAB - UAB PROFBIO;90;APLICACOES DIRETAS;3;DESPESAS CORRENTES;3;OUTRAS DESPESAS CORRENTES;18;AUXILIO FINANCEIRO A ESTUDANTES;339018;AUXILIO FINANCEIRO A ESTUDANTES;44;TITULOS DE RESPONSAB.DO TN-OUTRAS APLICACOES;2,056,000.00;;2,056,000.00;;2,056,000.00;997,000.00;1,059,000.00;1,059,000.00
2020;154003;FUND.COORD.DE APERF.DE PESSOAL NIVEL SUPERIOR;12;EDUCACAO;368;EDUCACAO BASICA;5011;EDUCACAO BASICA DE QUALIDADE;00O0;CONCESSAO DE BOLSAS DE APOIO A EDUCACAO BASICA;RO02;EDUCACAO BASICA A DISTANCIA (REGRA DE OURO);12368501100O00001;190202;QCC62T58FIN;UAB - UAB PROFISICA;90;APLICACOES DIRETAS;3;DESPESAS CORRENTES;3;OUTRAS DESPESAS CORRENTES;18;AUXILIO FINANCEIRO A ESTUDANTES;339018;AUXILIO FINANCEIRO A ESTUDANTES;44;TITULOS DE RESPONSAB.DO TN-OUTRAS APLICACOES;4,451,000.00;;4,451,000.00;;4,451,000.00;326,000.00;4,125,000.00;4,125,000.00
2020;154003;FUND.COORD.DE APERF.DE PESSOAL NIVEL SUPERIOR;12;EDUCACAO;368;EDUCACAO BASICA;5011;EDUCACAO BASICA DE QUALIDADE;00O0;CONCESSAO DE BOLSAS DE APOIO A EDUCACAO BASICA;RO02;EDUCACAO BASICA A DISTANCIA (REGRA DE OURO);12368501100O00001;190202;QCC62T58FLN;UAB - UAB PROFILOSOFIA;90;APLICACOES DIRETAS;3;DESPESAS CORRENTES;3;OUTRAS DESPESAS CORRENTES;18;AUXILIO FINANCEIRO A ESTUDANTES;339018;AUXILIO FINANCEIRO A ESTUDANTES;44;TITULOS DE RESPONSAB.DO TN-OUTRAS APLICACOES;567,000.00;;567,000.00;;567,000.00;243,000.00;324,000.00;324,000.00
2020;154003;FUND.COORD.DE APERF.DE PESSOAL NIVEL SUPERIOR;12;EDUCACAO;368;EDUCACAO BASICA;5011;EDUCACAO BASICA DE QUALIDADE;00O0;CONCESSAO DE BOLSAS DE APOIO A EDUCACAO BASICA;RO02;EDUCACAO BASICA A DISTANCIA (REGRA DE OURO);12368501100O00001;190202;QCC62T58HIN;UAB - UAB PROFHISTORIA;90;APLICACOES DIRETAS;3;DESPESAS CORRENTES;3;OUTRAS DESPESAS CORRENTES;18;AUXILIO FINANCEIRO A ESTUDANTES;339018;AUXILIO FINANCEIRO A ESTUDANTES;44;TITULOS DE RESPONSAB.DO TN-OUTRAS APLICACOES;3,499,666.32;;3,499,666.32;;3,499,666.32;725,166.84;2,774,499.48;2,774,499.48
2020;154003;FUND.COORD.DE APERF.DE PESSOAL NIVEL SUPERIOR;12;EDUCACAO;368;EDUCACAO BASICA;5011;EDUCACAO BASICA DE QUALIDADE;00O0;CONCESSAO DE BOLSAS DE APOIO A EDUCACAO BASICA;RO02;EDUCACAO BASICA A DISTANCIA (REGRA DE OURO);12368501100O00001;190202;QCC62T58LEN;UAB - UAB PROFLETRAS;90;APLICACOES DIRETAS;3;DESPESAS CORRENTES;3;OUTRAS DESPESAS CORRENTES;18;AUXILIO FINANCEIRO A ESTUDANTES;339018;AUXILIO FINANCEIRO A ESTUDANTES;44;TITULOS DE RESPONSAB.DO TN-OUTRAS APLICACOES;2,362,000.00;;2,362,000.00;;2,362,000.00;394,000.00;1,968,000.00;1,968,000.00
2020;154003;FUND.COORD.DE APERF.DE PESSOAL NIVEL SUPERIOR;12;EDUCACAO;368;EDUCACAO BASICA;5011;EDUCACAO BASICA DE QUALIDADE;00O0;CONCESSAO DE BOLSAS DE APOIO A EDUCACAO BASICA;RO02;EDUCACAO BASICA A DISTANCIA (REGRA DE OURO);12368501100O00001;190202;QCC62T58MAN;UAB - UAB PROFMAT;90;APLICACOES DIRETAS;3;DESPESAS CORRENTES;3;OUTRAS DESPESAS CORRENTES;18;AUXILIO FINANCEIRO A ESTUDANTES;339018;AUXILIO FINANCEIRO A ESTUDANTES;44;TITULOS DE RESPONSAB.DO TN-OUTRAS APLICACOES;2,028,000.00;;2,028,000.00;;2,028,000.00;618,000.00;1,410,000.00;1,410,000.00
2020;154003;FUND.COORD.DE APERF.DE PESSOAL NIVEL SUPERIOR;12;EDUCACAO;368;EDUCACAO BASICA;5011;EDUCACAO BASICA DE QUALIDADE;00O0;CONCESSAO DE BOLSAS DE APOIO A EDUCACAO BASICA;RO02;EDUCACAO BASICA A DISTANCIA (REGRA DE OURO);12368501100O00001;190202;QCC62T58QUN;UAB - UAB PROFQUIMICA;90;APLICACOES DIRETAS;3;DESPESAS CORRENTES;3;OUTRAS DESPESAS CORRENTES;18;AUXILIO FINANCEIRO A ESTUDANTES;339018;AUXILIO FINANCEIRO A ESTUDANTES;44;TITULOS DE RESPONSAB.DO TN-OUTRAS APLICACOES;957,000.00;;957,000.00;;957,000.00;222,000.00;726,000.00;726,000.00
2020;154003;FUND.COORD.DE APERF.DE PESSOAL NIVEL SUPERIOR;12;EDUCACAO;368;EDUCACAO BASICA;5011;EDUCACAO BASICA DE QUALIDADE;00O0;CONCESSAO DE BOLSAS DE APOIO A EDUCACAO BASICA;RO02;EDUCACAO BASICA A DISTANCIA (REGRA DE OURO);12368501100O00001;190202;QCC62T58SON;UAB - PROFSOCIOLOGIA;90;APLICACOES DIRETAS;3;DESPESAS CORRENTES;3;OUTRAS DESPESAS CORRENTES;18;AUXILIO FINANCEIRO A ESTUDANTES;339018;AUXILIO FINANCEIRO A ESTUDANTES;44;TITULOS DE RESPONSAB.DO TN-OUTRAS APLICACOES;231,000.00;;231,000.00;;231,000.00;66,000.00;165,000.00;165,000.00
2020;154003;FUND.COORD.DE APERF.DE PESSOAL NIVEL SUPERIOR;12;EDUCACAO;368;EDUCACAO BASICA;5011;EDUCACAO BASICA DE QUALIDADE;00O0;CONCESSAO DE BOLSAS DE APOIO A EDUCACAO BASICA;0002;EDUCACAO BASICA A DISTANCIA;12368501100O00001;164424;'-8;SEM INFORMACAO;90;APLICACOES DIRETAS;3;DESPESAS CORRENTES;3;OUTRAS DESPESAS CORRENTES;00;[A DETALHAR];339000;APLICACOES DIRETAS;44;TITULOS DE RESPONSAB.DO TN-OUTRAS APLICACOES;323434468.00;;115512310.00;69307386.00;;;;
2020;154003;FUND.COORD.DE APERF.DE PESSOAL NIVEL SUPERIOR;12;EDUCACAO;368;EDUCACAO BASICA;5011;EDUCACAO BASICA DE QUALIDADE;20RJ;APOIO A CAPACITACAO E FORMACAO INICIAL E CONTINUADA PARA A E;0000;APOIO A CAPACITACAO E FORMACAO INICIAL E CONTINUADA PARA A EDUCACAO BASICA - DESPESAS DIVERSAS;12368501120RJ0001;177356;'-8;SEM INFORMACAO;30;TRANSFER. A ESTADOS E AO DISTRITO FEDERAL;3;DESPESAS CORRENTES;3;OUTRAS DESPESAS CORRENTES;00;[A DETALHAR];333000;TRANSFER.  A ESTADOS E AO DISTRITO FEDERAL;00;RECURSOS PRIMARIOS DE LIVRE APLICACAO;131277456.00;;8,678,304.00;0.00;;;;
2020;154003;FUND.COORD.DE APERF.DE PESSOAL NIVEL SUPERIOR;12;EDUCACAO;368;EDUCACAO BASICA;5011;EDUCACAO BASICA DE QUALIDADE;20RJ;APOIO A CAPACITACAO E FORMACAO INICIAL E CONTINUADA PARA A E;0000;APOIO A CAPACITACAO E FORMACAO INICIAL E CONTINUADA PARA A EDUCACAO BASICA - DESPESAS DIVERSAS;12368501120RJ0001;177356;'-8;SEM INFORMACAO;30;TRANSFER. A ESTADOS E AO DISTRITO FEDERAL;4;DESPESAS DE CAPITAL;4;INVESTIMENTOS;00;[A DETALHAR];443000;TRANSFERENCIAS A ESTADOS E DISTRITO FEDERAL;00;RECURSOS PRIMARIOS DE LIVRE APLICACAO;909,776.00;;64,984.00;0.00;;;;
2020;154003;FUND.COORD.DE APERF.DE PESSOAL NIVEL SUPERIOR;12;EDUCACAO;368;EDUCACAO BASICA;5011;EDUCACAO BASICA DE QUALIDADE;20RJ;APOIO A CAPACITACAO E FORMACAO INICIAL E CONTINUADA PARA A E;0000;APOIO A CAPACITACAO E FORMACAO INICIAL E CONTINUADA PARA A EDUCACAO BASICA - DESPESAS DIVERSAS;12368501120RJ0001;177356;'-8;SEM INFORMACAO;40;TRANSFERENCIAS A MUNICIPIOS;3;DESPESAS CORRENTES;3;OUTRAS DESPESAS CORRENTES;00;[A DETALHAR];334000;TRANSFERENCIAS A MUNICIPIOS;00;RECURSOS PRIMARIOS DE LIVRE APLICACAO;461,650.00;;32,975.00;0.00;;;;
2020;154003;FUND.COORD.DE APERF.DE PESSOAL NIVEL SUPERIOR;12;EDUCACAO;368;EDUCACAO BASICA;5011;EDUCACAO BASICA DE QUALIDADE;20RJ;APOIO A CAPACITACAO E FORMACAO INICIAL E CONTINUADA PARA A E;0000;APOIO A CAPACITACAO E FORMACAO INICIAL E CONTINUADA PARA A EDUCACAO BASICA - DESPESAS DIVERSAS;12368501120RJ0001;177356;'-8;SEM INFORMACAO;50;TRANSFERENCIA INSTITUICOES PRIVADAS SEM FINS LUCRATIVOS;3;DESPESAS CORRENTES;3;OUTRAS DESPESAS CORRENTES;00;[A DETALHAR];335000;TRANSFERENCIA INSTITUICOES PRIVADAS SEM FINS LUCRATIVOS;00;RECURSOS PRIMARIOS DE LIVRE APLICACAO;11369736.00;;812,124.00;0.00;;;;
2020;154003;FUND.COORD.DE APERF.DE PESSOAL NIVEL SUPERIOR;12;EDUCACAO;368;EDUCACAO BASICA;5011;EDUCACAO BASICA DE QUALIDADE;20RJ;APOIO A CAPACITACAO E FORMACAO INICIAL E CONTINUADA PARA A E;0000;APOIO A CAPACITACAO E FORMACAO INICIAL E CONTINUADA PARA A EDUCACAO BASICA - DESPESAS DIVERSAS;12368501120RJ0001;177356;'-8;SEM INFORMACAO;90;APLICACOES DIRETAS;3;DESPESAS CORRENTES;3;OUTRAS DESPESAS CORRENTES;00;[A DETALHAR];339000;APLICACOES DIRETAS;00;RECURSOS PRIMARIOS DE LIVRE APLICACAO;617349460.00;;44096390.00;0.00;;;;
2020;154003;FUND.COORD.DE APERF.DE PESSOAL NIVEL SUPERIOR;12;EDUCACAO;368;EDUCACAO BASICA;5011;EDUCACAO BASICA DE QUALIDADE;20RJ;APOIO A CAPACITACAO E FORMACAO INICIAL E CONTINUADA PARA A E;0000;APOIO A CAPACITACAO E FORMACAO INICIAL E CONTINUADA PARA A EDUCACAO BASICA - DESPESAS DIVERSAS;12368501120RJ0001;177356;'-8;SEM INFORMACAO;90;APLICACOES DIRETAS;4;DESPESAS DE CAPITAL;4;INVESTIMENTOS;00;[A DETALHAR];449000;APLICACOES DIRETAS;00;RECURSOS PRIMARIOS DE LIVRE APLICACAO;6,368,390.00;;454,885.00;0.00;;;;
2020;154003;FUND.COORD.DE APERF.DE PESSOAL NIVEL SUPERIOR;12;EDUCACAO;368;EDUCACAO BASICA;5011;EDUCACAO BASICA DE QUALIDADE;20RJ;APOIO A CAPACITACAO E FORMACAO INICIAL E CONTINUADA PARA A E;0000;APOIO A CAPACITACAO E FORMACAO INICIAL E CONTINUADA PARA A EDUCACAO BASICA - DESPESAS DIVERSAS;12368501120RJ0001;177356;'-8;SEM INFORMACAO;91;APLICACOES DIRETAS - OPERACOES INTERNAS;3;DESPESAS CORRENTES;3;OUTRAS DESPESAS CORRENTES;00;[A DETALHAR];339100;APLICACOES DIRETAS - OPER.INTRA-ORCAMENTARIAS;00;RECURSOS PRIMARIOS DE LIVRE APLICACAO;41,188.00;;2,942.00;0.00;;;;
2020;154003;FUND.COORD.DE APERF.DE PESSOAL NIVEL SUPERIOR;12;EDUCACAO;368;EDUCACAO BASICA;5011;EDUCACAO BASICA DE QUALIDADE;20RJ;APOIO A CAPACITACAO E FORMACAO INICIAL E CONTINUADA PARA A E;0000;APOIO A CAPACITACAO E FORMACAO INICIAL E CONTINUADA PARA A EDUCACAO BASICA - DESPESAS DIVERSAS;12368501120RJ0001;177356;PCC92B5801N;PARFOR - PARFOR;30;TRANSFER. A ESTADOS E AO DISTRITO FEDERAL;3;DESPESAS CORRENTES;3;OUTRAS DESPESAS CORRENTES;41;CONTRIBUICOES;333041;CONTRIBUICOES;00;RECURSOS PRIMARIOS DE LIVRE APLICACAO;752,400.00;;752,400.00;;0.00;0.00;0.00;
2020;154003;FUND.COORD.DE APERF.DE PESSOAL NIVEL SUPERIOR;12;EDUCACAO;368;EDUCACAO BASICA;5011;EDUCACAO BASICA DE QUALIDADE;20RJ;APOIO A CAPACITACAO E FORMACAO INICIAL E CONTINUADA PARA A E;0000;APOIO A CAPACITACAO E FORMACAO INICIAL E CONTINUADA PARA A EDUCACAO BASICA - DESPESAS DIVERSAS;12368501120RJ0001;177358;'-8;SEM INFORMACAO;30;TRANSFER. A ESTADOS E AO DISTRITO FEDERAL;3;DESPESAS CORRENTES;3;OUTRAS DESPESAS CORRENTES;00;[A DETALHAR];333000;TRANSFER.  A ESTADOS E AO DISTRITO FEDERAL;44;TITULOS DE RESPONSAB.DO TN-OUTRAS APLICACOES;94663744.00;;6,761,696.00;0.00;;;;
2020;154003;FUND.COORD.DE APERF.DE PESSOAL NIVEL SUPERIOR;12;EDUCACAO;368;EDUCACAO BASICA;5011;EDUCACAO BASICA DE QUALIDADE;20RJ;APOIO A CAPACITACAO E FORMACAO INICIAL E CONTINUADA PARA A E;0000;APOIO A CAPACITACAO E FORMACAO INICIAL E CONTINUADA PARA A EDUCACAO BASICA - DESPESAS DIVERSAS;12368501120RJ0001;177358;'-8;SEM INFORMACAO;40;TRANSFERENCIAS A MUNICIPIOS;3;DESPESAS CORRENTES;3;OUTRAS DESPESAS CORRENTES;00;[A DETALHAR];334000;TRANSFERENCIAS A MUNICIPIOS;44;TITULOS DE RESPONSAB.DO TN-OUTRAS APLICACOES;330,988.00;;23,642.00;0.00;;;;
2020;154003;FUND.COORD.DE APERF.DE PESSOAL NIVEL SUPERIOR;12;EDUCACAO;368;EDUCACAO BASICA;5011;EDUCACAO BASICA DE QUALIDADE;20RJ;APOIO A CAPACITACAO E FORMACAO INICIAL E CONTINUADA PARA A E;0000;APOIO A CAPACITACAO E FORMACAO INICIAL E CONTINUADA PARA A EDUCACAO BASICA - DESPESAS DIVERSAS;12368501120RJ0001;177358;'-8;SEM INFORMACAO;50;TRANSFERENCIA INSTITUICOES PRIVADAS SEM FINS LUCRATIVOS;3;DESPESAS CORRENTES;3;OUTRAS DESPESAS CORRENTES;00;[A DETALHAR];335000;TRANSFERENCIA INSTITUICOES PRIVADAS SEM FINS LUCRATIVOS;44;TITULOS DE RESPONSAB.DO TN-OUTRAS APLICACOES;8,151,962.00;;582,283.00;0.00;;;;
2020;154003;FUND.COORD.DE APERF.DE PESSOAL NIVEL SUPERIOR;12;EDUCACAO;368;EDUCACAO BASICA;5011;EDUCACAO BASICA DE QUALIDADE;20RJ;APOIO A CAPACITACAO E FORMACAO INICIAL E CONTINUADA PARA A E;0000;APOIO A CAPACITACAO E FORMACAO INICIAL E CONTINUADA PARA A EDUCACAO BASICA - DESPESAS DIVERSAS;12368501120RJ0001;177358;'-8;SEM INFORMACAO;90;APLICACOES DIRETAS;3;DESPESAS CORRENTES;3;OUTRAS DESPESAS CORRENTES;00;[A DETALHAR];339000;APLICACOES DIRETAS;44;TITULOS DE RESPONSAB.DO TN-OUTRAS APLICACOES;442631952.00;;31616568.00;0.00;;;;
2020;154003;FUND.COORD.DE APERF.DE PESSOAL NIVEL SUPERIOR;12;EDUCACAO;368;EDUCACAO BASICA;5011;EDUCACAO BASICA DE QUALIDADE;20RJ;APOIO A CAPACITACAO E FORMACAO INICIAL E CONTINUADA PARA A E;0000;APOIO A CAPACITACAO E FORMACAO INICIAL E CONTINUADA PARA A EDUCACAO BASICA - DESPESAS DIVERSAS;12368501120RJ0001;177358;'-8;SEM INFORMACAO;91;APLICACOES DIRETAS - OPERACOES INTERNAS;3;DESPESAS CORRENTES;3;OUTRAS DESPESAS CORRENTES;00;[A DETALHAR];339100;APLICACOES DIRETAS - OPER.INTRA-ORCAMENTARIAS;44;TITULOS DE RESPONSAB.DO TN-OUTRAS APLICACOES;28,406.00;;2,029.00;0.00;;;;
2020;154003;FUND.COORD.DE APERF.DE PESSOAL NIVEL SUPERIOR;12;EDUCACAO;368;EDUCACAO BASICA;5011;EDUCACAO BASICA DE QUALIDADE;20RJ;APOIO A CAPACITACAO E FORMACAO INICIAL E CONTINUADA PARA A E;0003;EDUCACAO BASICA PRESENCIAL;12368501120RJ0001;170065;'-8;SEM INFORMACAO;30;TRANSFER. A ESTADOS E AO DISTRITO FEDERAL;3;DESPESAS CORRENTES;3;OUTRAS DESPESAS CORRENTES;00;[A DETALHAR];333000;TRANSFER.  A ESTADOS E AO DISTRITO FEDERAL;00;RECURSOS PRIMARIOS DE LIVRE APLICACAO;0.00;;0.00;;;;;
2020;154003;FUND.COORD.DE APERF.DE PESSOAL NIVEL SUPERIOR;12;EDUCACAO;368;EDUCACAO BASICA;5011;EDUCACAO BASICA DE QUALIDADE;20RJ;APOIO A CAPACITACAO E FORMACAO INICIAL E CONTINUADA PARA A E;0003;EDUCACAO BASICA PRESENCIAL;12368501120RJ0001;170065;'-8;SEM INFORMACAO;40;TRANSFERENCIAS A MUNICIPIOS;3;DESPESAS CORRENTES;3;OUTRAS DESPESAS CORRENTES;00;[A DETALHAR];334000;TRANSFERENCIAS A MUNICIPIOS;00;RECURSOS PRIMARIOS DE LIVRE APLICACAO;13,420.00;;13,420.00;;;;;
2020;154003;FUND.COORD.DE APERF.DE PESSOAL NIVEL SUPERIOR;12;EDUCACAO;368;EDUCACAO BASICA;5011;EDUCACAO BASICA DE QUALIDADE;20RJ;APOIO A CAPACITACAO E FORMACAO INICIAL E CONTINUADA PARA A E;0003;EDUCACAO BASICA PRESENCIAL;12368501120RJ0001;170065;'-8;SEM INFORMACAO;50;TRANSFERENCIA INSTITUICOES PRIVADAS SEM FINS LUCRATIVOS;3;DESPESAS CORRENTES;3;OUTRAS DESPESAS CORRENTES;00;[A DETALHAR];335000;TRANSFERENCIA INSTITUICOES PRIVADAS SEM FINS LUCRATIVOS;00;RECURSOS PRIMARIOS DE LIVRE APLICACAO;35,416.00;;35,416.00;;;;;
2020;154003;FUND.COORD.DE APERF.DE PESSOAL NIVEL SUPERIOR;12;EDUCACAO;368;EDUCACAO BASICA;5011;EDUCACAO BASICA DE QUALIDADE;20RJ;APOIO A CAPACITACAO E FORMACAO INICIAL E CONTINUADA PARA A E;0003;EDUCACAO BASICA PRESENCIAL;12368501120RJ0001;170065;'-8;SEM INFORMACAO;90;APLICACOES DIRETAS;3;DESPESAS CORRENTES;3;OUTRAS DESPESAS CORRENTES;00;[A DETALHAR];339000;APLICACOES DIRETAS;00;RECURSOS PRIMARIOS DE LIVRE APLICACAO;-11828739.17;;703,280.83;101,670.00;;;;
2020;154003;FUND.COORD.DE APERF.DE PESSOAL NIVEL SUPERIOR;12;EDUCACAO;368;EDUCACAO BASICA;5011;EDUCACAO BASICA DE QUALIDADE;20RJ;APOIO A CAPACITACAO E FORMACAO INICIAL E CONTINUADA PARA A E;0003;EDUCACAO BASICA PRESENCIAL;12368501120RJ0001;170065;PCC92B5801N;PARFOR - PARFOR;30;TRANSFER. A ESTADOS E AO DISTRITO FEDERAL;3;DESPESAS CORRENTES;3;OUTRAS DESPESAS CORRENTES;41;CONTRIBUICOES;333041;CONTRIBUICOES;00;RECURSOS PRIMARIOS DE LIVRE APLICACAO;4,331,858.69;;4,331,858.69;;4,331,858.69;(108,900.00);3,884,600.00;3,775,700.00
2020;154003;FUND.COORD.DE APERF.DE PESSOAL NIVEL SUPERIOR;12;EDUCACAO;368;EDUCACAO BASICA;5011;EDUCACAO BASICA DE QUALIDADE;20RJ;APOIO A CAPACITACAO E FORMACAO INICIAL E CONTINUADA PARA A E;0003;EDUCACAO BASICA PRESENCIAL;12368501120RJ0001;170065;PCC92B5801N;PARFOR - PARFOR;50;TRANSFERENCIA INSTITUICOES PRIVADAS SEM FINS LUCRATIVOS;3;DESPESAS CORRENTES;3;OUTRAS DESPESAS CORRENTES;41;CONTRIBUICOES;335041;CONTRIBUICOES;00;RECURSOS PRIMARIOS DE LIVRE APLICACAO;585,000.00;;585,000.00;;585,000.00;0.00;585,000.00;585,000.00
2020;154003;FUND.COORD.DE APERF.DE PESSOAL NIVEL SUPERIOR;12;EDUCACAO;368;EDUCACAO BASICA;5011;EDUCACAO BASICA DE QUALIDADE;20RJ;APOIO A CAPACITACAO E FORMACAO INICIAL E CONTINUADA PARA A E;0003;EDUCACAO BASICA PRESENCIAL;12368501120RJ0001;170065;PCC92B5801N;PARFOR - PARFOR;90;APLICACOES DIRETAS;3;DESPESAS CORRENTES;3;OUTRAS DESPESAS CORRENTES;00;[A DETALHAR];339000;APLICACOES DIRETAS;00;RECURSOS PRIMARIOS DE LIVRE APLICACAO;0.00;;0.00;;;;;
2020;154003;FUND.COORD.DE APERF.DE PESSOAL NIVEL SUPERIOR;12;EDUCACAO;368;EDUCACAO BASICA;5011;EDUCACAO BASICA DE QUALIDADE;20RJ;APOIO A CAPACITACAO E FORMACAO INICIAL E CONTINUADA PARA A E;0003;EDUCACAO BASICA PRESENCIAL;12368501120RJ0001;170065;PCC92B5801N;PARFOR - PARFOR;90;APLICACOES DIRETAS;3;DESPESAS CORRENTES;3;OUTRAS DESPESAS CORRENTES;14;DIARIAS - PESSOAL CIVIL;339014;DIARIAS - PESSOAL CIVIL;00;RECURSOS PRIMARIOS DE LIVRE APLICACAO;4,210,783.32;;4,210,783.32;;;;;
2020;154003;FUND.COORD.DE APERF.DE PESSOAL NIVEL SUPERIOR;12;EDUCACAO;368;EDUCACAO BASICA;5011;EDUCACAO BASICA DE QUALIDADE;20RJ;APOIO A CAPACITACAO E FORMACAO INICIAL E CONTINUADA PARA A E;0003;EDUCACAO BASICA PRESENCIAL;12368501120RJ0001;170065;PCC92B5801N;PARFOR - PARFOR;90;APLICACOES DIRETAS;3;DESPESAS CORRENTES;3;OUTRAS DESPESAS CORRENTES;30;MATERIAL DE CONSUMO;339030;MATERIAL DE CONSUMO;00;RECURSOS PRIMARIOS DE LIVRE APLICACAO;588,244.40;;588,244.40;;;;;
2020;154003;FUND.COORD.DE APERF.DE PESSOAL NIVEL SUPERIOR;12;EDUCACAO;368;EDUCACAO BASICA;5011;EDUCACAO BASICA DE QUALIDADE;20RJ;APOIO A CAPACITACAO E FORMACAO INICIAL E CONTINUADA PARA A E;0003;EDUCACAO BASICA PRESENCIAL;12368501120RJ0001;170065;PCC92B5801N;PARFOR - PARFOR;90;APLICACOES DIRETAS;3;DESPESAS CORRENTES;3;OUTRAS DESPESAS CORRENTES;33;PASSAGENS E DESPESAS COM LOCOMOCAO;339033;PASSAGENS E DESPESAS COM LOCOMOCAO;00;RECURSOS PRIMARIOS DE LIVRE APLICACAO;623,028.96;;623,028.96;;;;;
2020;154003;FUND.COORD.DE APERF.DE PESSOAL NIVEL SUPERIOR;12;EDUCACAO;368;EDUCACAO BASICA;5011;EDUCACAO BASICA DE QUALIDADE;20RJ;APOIO A CAPACITACAO E FORMACAO INICIAL E CONTINUADA PARA A E;0003;EDUCACAO BASICA PRESENCIAL;12368501120RJ0001;170065;PCC92B5801N;PARFOR - PARFOR;90;APLICACOES DIRETAS;3;DESPESAS CORRENTES;3;OUTRAS DESPESAS CORRENTES;36;OUTROS SERVICOS DE TERCEIROS - P.FISICA;339036;OUTROS SERVICOS DE TERCEIROS - PESSOA FISICA;00;RECURSOS PRIMARIOS DE LIVRE APLICACAO;522,621.60;;522,621.60;;;;;
2020;154003;FUND.COORD.DE APERF.DE PESSOAL NIVEL SUPERIOR;12;EDUCACAO;368;EDUCACAO BASICA;5011;EDUCACAO BASICA DE QUALIDADE;20RJ;APOIO A CAPACITACAO E FORMACAO INICIAL E CONTINUADA PARA A E;0003;EDUCACAO BASICA PRESENCIAL;12368501120RJ0001;170065;PCC92B5801N;PARFOR - PARFOR;90;APLICACOES DIRETAS;3;DESPESAS CORRENTES;3;OUTRAS DESPESAS CORRENTES;39;OUTROS SERVICOS DE TERCEIROS PJ - OP.INT.ORC.;339039;OUTROS SERVICOS DE TERCEIROS - PESSOA JURIDICA;00;RECURSOS PRIMARIOS DE LIVRE APLICACAO;6,769,877.73;;6,769,877.73;;;;;
2020;154003;FUND.COORD.DE APERF.DE PESSOAL NIVEL SUPERIOR;12;EDUCACAO;368;EDUCACAO BASICA;5011;EDUCACAO BASICA DE QUALIDADE;20RJ;APOIO A CAPACITACAO E FORMACAO INICIAL E CONTINUADA PARA A E;0003;EDUCACAO BASICA PRESENCIAL;12368501120RJ0001;170065;PCC92B5801N;PARFOR - PARFOR;90;APLICACOES DIRETAS;3;DESPESAS CORRENTES;3;OUTRAS DESPESAS CORRENTES;40;SERVICOS DE TECNOLOGIA DA INFORMACAO E COMUNICACAO - PJ;339040;SERVICOS DE TECNOLOGIA DA INFORMACAO E COMUNICACAO - PJ;00;RECURSOS PRIMARIOS DE LIVRE APLICACAO;201,600.00;;201,600.00;;;;;
2020;154003;FUND.COORD.DE APERF.DE PESSOAL NIVEL SUPERIOR;12;EDUCACAO;368;EDUCACAO BASICA;5011;EDUCACAO BASICA DE QUALIDADE;20RJ;APOIO A CAPACITACAO E FORMACAO INICIAL E CONTINUADA PARA A E;0003;EDUCACAO BASICA PRESENCIAL;12368501120RJ0001;170065;PCC92B5801N;PARFOR - PARFOR;90;APLICACOES DIRETAS;3;DESPESAS CORRENTES;3;OUTRAS DESPESAS CORRENTES;92;DESPESAS DE EXERCICIOS ANTERIORES;339092;DESPESAS DE EXERCICIOS ANTERIORES;00;RECURSOS PRIMARIOS DE LIVRE APLICACAO;3,700.00;;3,700.00;;;;;
2020;154003;FUND.COORD.DE APERF.DE PESSOAL NIVEL SUPERIOR;12;EDUCACAO;368;EDUCACAO BASICA;5011;EDUCACAO BASICA DE QUALIDADE;20RJ;APOIO A CAPACITACAO E FORMACAO INICIAL E CONTINUADA PARA A E;0003;EDUCACAO BASICA PRESENCIAL;12368501120RJ0001;170065;PCC92B5801N;PARFOR - PARFOR;90;APLICACOES DIRETAS;3;DESPESAS CORRENTES;3;OUTRAS DESPESAS CORRENTES;93;INDENIZACOES E RESTITUICOES;339093;INDENIZACOES E RESTITUICOES;00;RECURSOS PRIMARIOS DE LIVRE APLICACAO;46,950.47;;46,950.47;;;;;
2020;154003;FUND.COORD.DE APERF.DE PESSOAL NIVEL SUPERIOR;12;EDUCACAO;368;EDUCACAO BASICA;5011;EDUCACAO BASICA DE QUALIDADE;20RJ;APOIO A CAPACITACAO E FORMACAO INICIAL E CONTINUADA PARA A E;0003;EDUCACAO BASICA PRESENCIAL;12368501120RJ0001;186016;'-8;SEM INFORMACAO;30;TRANSFER. A ESTADOS E AO DISTRITO FEDERAL;3;DESPESAS CORRENTES;3;OUTRAS DESPESAS CORRENTES;00;[A DETALHAR];333000;TRANSFER.  A ESTADOS E AO DISTRITO FEDERAL;00;RECURSOS PRIMARIOS DE LIVRE APLICACAO;-29178384.00;;5,732,115.00;2,685,423.00;;;;
2020;154003;FUND.COORD.DE APERF.DE PESSOAL NIVEL SUPERIOR;12;EDUCACAO;368;EDUCACAO BASICA;5011;EDUCACAO BASICA DE QUALIDADE;20RJ;APOIO A CAPACITACAO E FORMACAO INICIAL E CONTINUADA PARA A E;0003;EDUCACAO BASICA PRESENCIAL;12368501120RJ0001;186016;'-8;SEM INFORMACAO;40;TRANSFERENCIAS A MUNICIPIOS;3;DESPESAS CORRENTES;3;OUTRAS DESPESAS CORRENTES;00;[A DETALHAR];334000;TRANSFERENCIAS A MUNICIPIOS;00;RECURSOS PRIMARIOS DE LIVRE APLICACAO;(292,000.00);;136,675.00;32,975.00;;;;
2020;154003;FUND.COORD.DE APERF.DE PESSOAL NIVEL SUPERIOR;12;EDUCACAO;368;EDUCACAO BASICA;5011;EDUCACAO BASICA DE QUALIDADE;20RJ;APOIO A CAPACITACAO E FORMACAO INICIAL E CONTINUADA PARA A E;0003;EDUCACAO BASICA PRESENCIAL;12368501120RJ0001;186016;'-8;SEM INFORMACAO;50;TRANSFERENCIA INSTITUICOES PRIVADAS SEM FINS LUCRATIVOS;3;DESPESAS CORRENTES;3;OUTRAS DESPESAS CORRENTES;00;[A DETALHAR];335000;TRANSFERENCIA INSTITUICOES PRIVADAS SEM FINS LUCRATIVOS;00;RECURSOS PRIMARIOS DE LIVRE APLICACAO;(7696992.00);;2,860,620.00;812,124.00;;;;
2020;154003;FUND.COORD.DE APERF.DE PESSOAL NIVEL SUPERIOR;12;EDUCACAO;368;EDUCACAO BASICA;5011;EDUCACAO BASICA DE QUALIDADE;20RJ;APOIO A CAPACITACAO E FORMACAO INICIAL E CONTINUADA PARA A E;0003;EDUCACAO BASICA PRESENCIAL;12368501120RJ0001;186016;'-8;SEM INFORMACAO;90;APLICACOES DIRETAS;3;DESPESAS CORRENTES;3;OUTRAS DESPESAS CORRENTES;00;[A DETALHAR];339000;APLICACOES DIRETAS;00;RECURSOS PRIMARIOS DE LIVRE APLICACAO;1,040,811.25;;1,040,811.25;658,209.00;;;;
2020;154003;FUND.COORD.DE APERF.DE PESSOAL NIVEL SUPERIOR;12;EDUCACAO;368;EDUCACAO BASICA;5011;EDUCACAO BASICA DE QUALIDADE;20RJ;APOIO A CAPACITACAO E FORMACAO INICIAL E CONTINUADA PARA A E;0003;EDUCACAO BASICA PRESENCIAL;12368501120RJ0001;186016;'-8;SEM INFORMACAO;91;APLICACOES DIRETAS - OPERACOES INTERNAS;3;DESPESAS CORRENTES;3;OUTRAS DESPESAS CORRENTES;00;[A DETALHAR];339100;APLICACOES DIRETAS - OPER.INTRA-ORCAMENTARIAS;00;RECURSOS PRIMARIOS DE LIVRE APLICACAO;(23,536.00);;14,710.00;2,942.00;;;;
2020;154003;FUND.COORD.DE APERF.DE PESSOAL NIVEL SUPERIOR;12;EDUCACAO;368;EDUCACAO BASICA;5011;EDUCACAO BASICA DE QUALIDADE;20RJ;APOIO A CAPACITACAO E FORMACAO INICIAL E CONTINUADA PARA A E;0003;EDUCACAO BASICA PRESENCIAL;12368501120RJ0001;186016;PCC92B5801N;PARFOR - PARFOR;30;TRANSFER. A ESTADOS E AO DISTRITO FEDERAL;3;DESPESAS CORRENTES;3;OUTRAS DESPESAS CORRENTES;41;CONTRIBUICOES;333041;CONTRIBUICOES;00;RECURSOS PRIMARIOS DE LIVRE APLICACAO;780,341.31;;780,341.31;;780,341.31;0.00;;
2020;154003;FUND.COORD.DE APERF.DE PESSOAL NIVEL SUPERIOR;12;EDUCACAO;368;EDUCACAO BASICA;5011;EDUCACAO BASICA DE QUALIDADE;20RJ;APOIO A CAPACITACAO E FORMACAO INICIAL E CONTINUADA PARA A E;0003;EDUCACAO BASICA PRESENCIAL;12368501120RJ0001;186016;PCC92B5801N;PARFOR - PARFOR;40;TRANSFERENCIAS A MUNICIPIOS;3;DESPESAS CORRENTES;3;OUTRAS DESPESAS CORRENTES;41;CONTRIBUICOES;334041;CONTRIBUICOES;00;RECURSOS PRIMARIOS DE LIVRE APLICACAO;237,600.00;;237,600.00;;237,600.00;237,600.00;;
2020;154003;FUND.COORD.DE APERF.DE PESSOAL NIVEL SUPERIOR;12;EDUCACAO;368;EDUCACAO BASICA;5011;EDUCACAO BASICA DE QUALIDADE;20RJ;APOIO A CAPACITACAO E FORMACAO INICIAL E CONTINUADA PARA A E;0003;EDUCACAO BASICA PRESENCIAL;12368501120RJ0001;186016;PCC92B5801N;PARFOR - PARFOR;90;APLICACOES DIRETAS;3;DESPESAS CORRENTES;3;OUTRAS DESPESAS CORRENTES;00;[A DETALHAR];339000;APLICACOES DIRETAS;00;RECURSOS PRIMARIOS DE LIVRE APLICACAO;245,686.63;;245,686.63;;;;;
2020;154003;FUND.COORD.DE APERF.DE PESSOAL NIVEL SUPERIOR;12;EDUCACAO;368;EDUCACAO BASICA;5011;EDUCACAO BASICA DE QUALIDADE;20RJ;APOIO A CAPACITACAO E FORMACAO INICIAL E CONTINUADA PARA A E;0003;EDUCACAO BASICA PRESENCIAL;12368501120RJ0001;186016;PCC92B5801N;PARFOR - PARFOR;90;APLICACOES DIRETAS;3;DESPESAS CORRENTES;3;OUTRAS DESPESAS CORRENTES;14;DIARIAS - PESSOAL CIVIL;339014;DIARIAS - PESSOAL CIVIL;00;RECURSOS PRIMARIOS DE LIVRE APLICACAO;1,993,710.03;;1,993,710.03;;;;;
2020;154003;FUND.COORD.DE APERF.DE PESSOAL NIVEL SUPERIOR;12;EDUCACAO;368;EDUCACAO BASICA;5011;EDUCACAO BASICA DE QUALIDADE;20RJ;APOIO A CAPACITACAO E FORMACAO INICIAL E CONTINUADA PARA A E;0003;EDUCACAO BASICA PRESENCIAL;12368501120RJ0001;186016;PCC92B5801N;PARFOR - PARFOR;90;APLICACOES DIRETAS;3;DESPESAS CORRENTES;3;OUTRAS DESPESAS CORRENTES;30;MATERIAL DE CONSUMO;339030;MATERIAL DE CONSUMO;00;RECURSOS PRIMARIOS DE LIVRE APLICACAO;569,238.82;;569,238.82;;;;;
2020;154003;FUND.COORD.DE APERF.DE PESSOAL NIVEL SUPERIOR;12;EDUCACAO;368;EDUCACAO BASICA;5011;EDUCACAO BASICA DE QUALIDADE;20RJ;APOIO A CAPACITACAO E FORMACAO INICIAL E CONTINUADA PARA A E;0003;EDUCACAO BASICA PRESENCIAL;12368501120RJ0001;186016;PCC92B5801N;PARFOR - PARFOR;90;APLICACOES DIRETAS;3;DESPESAS CORRENTES;3;OUTRAS DESPESAS CORRENTES;33;PASSAGENS E DESPESAS COM LOCOMOCAO;339033;PASSAGENS E DESPESAS COM LOCOMOCAO;00;RECURSOS PRIMARIOS DE LIVRE APLICACAO;418,640.00;;418,640.00;;;;;
2020;154003;FUND.COORD.DE APERF.DE PESSOAL NIVEL SUPERIOR;12;EDUCACAO;368;EDUCACAO BASICA;5011;EDUCACAO BASICA DE QUALIDADE;20RJ;APOIO A CAPACITACAO E FORMACAO INICIAL E CONTINUADA PARA A E;0003;EDUCACAO BASICA PRESENCIAL;12368501120RJ0001;186016;PCC92B5801N;PARFOR - PARFOR;90;APLICACOES DIRETAS;3;DESPESAS CORRENTES;3;OUTRAS DESPESAS CORRENTES;36;OUTROS SERVICOS DE TERCEIROS - P.FISICA;339036;OUTROS SERVICOS DE TERCEIROS - PESSOA FISICA;00;RECURSOS PRIMARIOS DE LIVRE APLICACAO;791,473.52;;791,473.52;;;;;
2020;154003;FUND.COORD.DE APERF.DE PESSOAL NIVEL SUPERIOR;12;EDUCACAO;368;EDUCACAO BASICA;5011;EDUCACAO BASICA DE QUALIDADE;20RJ;APOIO A CAPACITACAO E FORMACAO INICIAL E CONTINUADA PARA A E;0003;EDUCACAO BASICA PRESENCIAL;12368501120RJ0001;186016;PCC92B5801N;PARFOR - PARFOR;90;APLICACOES DIRETAS;3;DESPESAS CORRENTES;3;OUTRAS DESPESAS CORRENTES;39;OUTROS SERVICOS DE TERCEIROS PJ - OP.INT.ORC.;339039;OUTROS SERVICOS DE TERCEIROS - PESSOA JURIDICA;00;RECURSOS PRIMARIOS DE LIVRE APLICACAO;31107470.44;;31107470.44;;;;;
2020;154003;FUND.COORD.DE APERF.DE PESSOAL NIVEL SUPERIOR;12;EDUCACAO;368;EDUCACAO BASICA;5011;EDUCACAO BASICA DE QUALIDADE;20RJ;APOIO A CAPACITACAO E FORMACAO INICIAL E CONTINUADA PARA A E;0003;EDUCACAO BASICA PRESENCIAL;12368501120RJ0001;186016;PCC92B5801N;PARFOR - PARFOR;90;APLICACOES DIRETAS;3;DESPESAS CORRENTES;3;OUTRAS DESPESAS CORRENTES;47;OBRIGACOES TRIBUTARIAS E CONTRIBUTIVAS;339047;OBRIGACOES TRIBUTARIAS E CONTRIBUTIVAS;00;RECURSOS PRIMARIOS DE LIVRE APLICACAO;5,940.00;;5,940.00;;;;;
2020;154003;FUND.COORD.DE APERF.DE PESSOAL NIVEL SUPERIOR;12;EDUCACAO;368;EDUCACAO BASICA;5011;EDUCACAO BASICA DE QUALIDADE;20RJ;APOIO A CAPACITACAO E FORMACAO INICIAL E CONTINUADA PARA A E;0003;EDUCACAO BASICA PRESENCIAL;12368501120RJ0001;186017;'-8;SEM INFORMACAO;30;TRANSFER. A ESTADOS E AO DISTRITO FEDERAL;3;DESPESAS CORRENTES;3;OUTRAS DESPESAS CORRENTES;00;[A DETALHAR];333000;TRANSFER.  A ESTADOS E AO DISTRITO FEDERAL;44;TITULOS DE RESPONSAB.DO TN-OUTRAS APLICACOES;(3582235.00);;60138817.00;12806945.00;;;;
2020;154003;FUND.COORD.DE APERF.DE PESSOAL NIVEL SUPERIOR;12;EDUCACAO;368;EDUCACAO BASICA;5011;EDUCACAO BASICA DE QUALIDADE;20RJ;APOIO A CAPACITACAO E FORMACAO INICIAL E CONTINUADA PARA A E;0003;EDUCACAO BASICA PRESENCIAL;12368501120RJ0001;186017;'-8;SEM INFORMACAO;40;TRANSFERENCIAS A MUNICIPIOS;3;DESPESAS CORRENTES;3;OUTRAS DESPESAS CORRENTES;00;[A DETALHAR];334000;TRANSFERENCIAS A MUNICIPIOS;44;TITULOS DE RESPONSAB.DO TN-OUTRAS APLICACOES;;;307,346.00;94,568.00;;;;
2020;154003;FUND.COORD.DE APERF.DE PESSOAL NIVEL SUPERIOR;12;EDUCACAO;368;EDUCACAO BASICA;5011;EDUCACAO BASICA DE QUALIDADE;20RJ;APOIO A CAPACITACAO E FORMACAO INICIAL E CONTINUADA PARA A E;0003;EDUCACAO BASICA PRESENCIAL;12368501120RJ0001;186017;'-8;SEM INFORMACAO;50;TRANSFERENCIA INSTITUICOES PRIVADAS SEM FINS LUCRATIVOS;3;DESPESAS CORRENTES;3;OUTRAS DESPESAS CORRENTES;00;[A DETALHAR];335000;TRANSFERENCIA INSTITUICOES PRIVADAS SEM FINS LUCRATIVOS;44;TITULOS DE RESPONSAB.DO TN-OUTRAS APLICACOES;;;7,569,679.00;2,329,132.00;;;;
2020;154003;FUND.COORD.DE APERF.DE PESSOAL NIVEL SUPERIOR;12;EDUCACAO;368;EDUCACAO BASICA;5011;EDUCACAO BASICA DE QUALIDADE;20RJ;APOIO A CAPACITACAO E FORMACAO INICIAL E CONTINUADA PARA A E;0003;EDUCACAO BASICA PRESENCIAL;12368501120RJ0001;186017;'-8;SEM INFORMACAO;90;APLICACOES DIRETAS;3;DESPESAS CORRENTES;3;OUTRAS DESPESAS CORRENTES;00;[A DETALHAR];339000;APLICACOES DIRETAS;44;TITULOS DE RESPONSAB.DO TN-OUTRAS APLICACOES;-58427279.54;;107353077.46;27406523.00;;;;
2020;154003;FUND.COORD.DE APERF.DE PESSOAL NIVEL SUPERIOR;12;EDUCACAO;368;EDUCACAO BASICA;5011;EDUCACAO BASICA DE QUALIDADE;20RJ;APOIO A CAPACITACAO E FORMACAO INICIAL E CONTINUADA PARA A E;0003;EDUCACAO BASICA PRESENCIAL;12368501120RJ0001;186017;'-8;SEM INFORMACAO;91;APLICACOES DIRETAS - OPERACOES INTERNAS;3;DESPESAS CORRENTES;3;OUTRAS DESPESAS CORRENTES;00;[A DETALHAR];339100;APLICACOES DIRETAS - OPER.INTRA-ORCAMENTARIAS;44;TITULOS DE RESPONSAB.DO TN-OUTRAS APLICACOES;;;26,377.00;8,116.00;;;;
2020;154003;FUND.COORD.DE APERF.DE PESSOAL NIVEL SUPERIOR;12;EDUCACAO;368;EDUCACAO BASICA;5011;EDUCACAO BASICA DE QUALIDADE;20RJ;APOIO A CAPACITACAO E FORMACAO INICIAL E CONTINUADA PARA A E;0003;EDUCACAO BASICA PRESENCIAL;12368501120RJ0001;186017;PCC92B5801N;PARFOR - PARFOR;30;TRANSFER. A ESTADOS E AO DISTRITO FEDERAL;3;DESPESAS CORRENTES;3;OUTRAS DESPESAS CORRENTES;41;CONTRIBUICOES;333041;CONTRIBUICOES;44;TITULOS DE RESPONSAB.DO TN-OUTRAS APLICACOES;13336200.00;;13336200.00;;13336200.00;3,265,200.00;2,289,600.00;2,289,600.00
2020;154003;FUND.COORD.DE APERF.DE PESSOAL NIVEL SUPERIOR;12;EDUCACAO;368;EDUCACAO BASICA;5011;EDUCACAO BASICA DE QUALIDADE;20RJ;APOIO A CAPACITACAO E FORMACAO INICIAL E CONTINUADA PARA A E;0003;EDUCACAO BASICA PRESENCIAL;12368501120RJ0001;186017;PCC92B5801N;PARFOR - PARFOR;90;APLICACOES DIRETAS;3;DESPESAS CORRENTES;3;OUTRAS DESPESAS CORRENTES;14;DIARIAS - PESSOAL CIVIL;339014;DIARIAS - PESSOAL CIVIL;44;TITULOS DE RESPONSAB.DO TN-OUTRAS APLICACOES;3,201.40;;3,201.40;;;;;
2020;154003;FUND.COORD.DE APERF.DE PESSOAL NIVEL SUPERIOR;12;EDUCACAO;368;EDUCACAO BASICA;5011;EDUCACAO BASICA DE QUALIDADE;20RJ;APOIO A CAPACITACAO E FORMACAO INICIAL E CONTINUADA PARA A E;0003;EDUCACAO BASICA PRESENCIAL;12368501120RJ0001;186017;PCC92B5801N;PARFOR - PARFOR;90;APLICACOES DIRETAS;3;DESPESAS CORRENTES;3;OUTRAS DESPESAS CORRENTES;30;MATERIAL DE CONSUMO;339030;MATERIAL DE CONSUMO;44;TITULOS DE RESPONSAB.DO TN-OUTRAS APLICACOES;7,517.66;;7,517.66;;;;;
2020;154003;FUND.COORD.DE APERF.DE PESSOAL NIVEL SUPERIOR;12;EDUCACAO;368;EDUCACAO BASICA;5011;EDUCACAO BASICA DE QUALIDADE;20RJ;APOIO A CAPACITACAO E FORMACAO INICIAL E CONTINUADA PARA A E;0003;EDUCACAO BASICA PRESENCIAL;12368501120RJ0001;186017;PCC92B5801N;PARFOR - PARFOR;90;APLICACOES DIRETAS;3;DESPESAS CORRENTES;3;OUTRAS DESPESAS CORRENTES;33;PASSAGENS E DESPESAS COM LOCOMOCAO;339033;PASSAGENS E DESPESAS COM LOCOMOCAO;44;TITULOS DE RESPONSAB.DO TN-OUTRAS APLICACOES;9,000.00;;9,000.00;;;;;
2020;154003;FUND.COORD.DE APERF.DE PESSOAL NIVEL SUPERIOR;12;EDUCACAO;368;EDUCACAO BASICA;5011;EDUCACAO BASICA DE QUALIDADE;20RJ;APOIO A CAPACITACAO E FORMACAO INICIAL E CONTINUADA PARA A E;0003;EDUCACAO BASICA PRESENCIAL;12368501120RJ0001;186017;PCC92B5801N;PARFOR - PARFOR;90;APLICACOES DIRETAS;3;DESPESAS CORRENTES;3;OUTRAS DESPESAS CORRENTES;36;OUTROS SERVICOS DE TERCEIROS - P.FISICA;339036;OUTROS SERVICOS DE TERCEIROS - PESSOA FISICA;44;TITULOS DE RESPONSAB.DO TN-OUTRAS APLICACOES;41,640.00;;41,640.00;;;;;
2020;154003;FUND.COORD.DE APERF.DE PESSOAL NIVEL SUPERIOR;12;EDUCACAO;368;EDUCACAO BASICA;5011;EDUCACAO BASICA DE QUALIDADE;20RJ;APOIO A CAPACITACAO E FORMACAO INICIAL E CONTINUADA PARA A E;0003;EDUCACAO BASICA PRESENCIAL;12368501120RJ0001;186017;PCC92B5801N;PARFOR - PARFOR;90;APLICACOES DIRETAS;3;DESPESAS CORRENTES;3;OUTRAS DESPESAS CORRENTES;39;OUTROS SERVICOS DE TERCEIROS PJ - OP.INT.ORC.;339039;OUTROS SERVICOS DE TERCEIROS - PESSOA JURIDICA;44;TITULOS DE RESPONSAB.DO TN-OUTRAS APLICACOES;48611955.48;;48611955.48;;;;;
2020;154003;FUND.COORD.DE APERF.DE PESSOAL NIVEL SUPERIOR;12;EDUCACAO;368;EDUCACAO BASICA;5011;EDUCACAO BASICA DE QUALIDADE;20RJ;APOIO A CAPACITACAO E FORMACAO INICIAL E CONTINUADA PARA A E;0004;EDUCACAO BASICA A DISTANCIA - SISTEMA UNIVERSIDADE ABERTA DO BRASIL (UAB);12368501120RJ0001;170067;'-8;SEM INFORMACAO;30;TRANSFER. A ESTADOS E AO DISTRITO FEDERAL;3;DESPESAS CORRENTES;3;OUTRAS DESPESAS CORRENTES;00;[A DETALHAR];333000;TRANSFER.  A ESTADOS E AO DISTRITO FEDERAL;00;RECURSOS PRIMARIOS DE LIVRE APLICACAO;588,040.00;;588,040.00;;;;;
2020;154003;FUND.COORD.DE APERF.DE PESSOAL NIVEL SUPERIOR;12;EDUCACAO;368;EDUCACAO BASICA;5011;EDUCACAO BASICA DE QUALIDADE;20RJ;APOIO A CAPACITACAO E FORMACAO INICIAL E CONTINUADA PARA A E;0004;EDUCACAO BASICA A DISTANCIA - SISTEMA UNIVERSIDADE ABERTA DO BRASIL (UAB);12368501120RJ0001;170067;'-8;SEM INFORMACAO;30;TRANSFER. A ESTADOS E AO DISTRITO FEDERAL;4;DESPESAS DE CAPITAL;4;INVESTIMENTOS;00;[A DETALHAR];443000;TRANSFERENCIAS A ESTADOS E DISTRITO FEDERAL;00;RECURSOS PRIMARIOS DE LIVRE APLICACAO;37,982.00;;37,982.00;8,139.00;;;;
2020;154003;FUND.COORD.DE APERF.DE PESSOAL NIVEL SUPERIOR;12;EDUCACAO;368;EDUCACAO BASICA;5011;EDUCACAO BASICA DE QUALIDADE;20RJ;APOIO A CAPACITACAO E FORMACAO INICIAL E CONTINUADA PARA A E;0004;EDUCACAO BASICA A DISTANCIA - SISTEMA UNIVERSIDADE ABERTA DO BRASIL (UAB);12368501120RJ0001;170067;'-8;SEM INFORMACAO;50;TRANSFERENCIA INSTITUICOES PRIVADAS SEM FINS LUCRATIVOS;3;DESPESAS CORRENTES;3;OUTRAS DESPESAS CORRENTES;00;[A DETALHAR];335000;TRANSFERENCIA INSTITUICOES PRIVADAS SEM FINS LUCRATIVOS;00;RECURSOS PRIMARIOS DE LIVRE APLICACAO;50,126.00;;50,126.00;;;;;
2020;154003;FUND.COORD.DE APERF.DE PESSOAL NIVEL SUPERIOR;12;EDUCACAO;368;EDUCACAO BASICA;5011;EDUCACAO BASICA DE QUALIDADE;20RJ;APOIO A CAPACITACAO E FORMACAO INICIAL E CONTINUADA PARA A E;0004;EDUCACAO BASICA A DISTANCIA - SISTEMA UNIVERSIDADE ABERTA DO BRASIL (UAB);12368501120RJ0001;170067;'-8;SEM INFORMACAO;90;APLICACOES DIRETAS;3;DESPESAS CORRENTES;3;OUTRAS DESPESAS CORRENTES;00;[A DETALHAR];339000;APLICACOES DIRETAS;00;RECURSOS PRIMARIOS DE LIVRE APLICACAO;1,234,793.45;;1,234,793.45;209,190.00;;;;
2020;154003;FUND.COORD.DE APERF.DE PESSOAL NIVEL SUPERIOR;12;EDUCACAO;368;EDUCACAO BASICA;5011;EDUCACAO BASICA DE QUALIDADE;20RJ;APOIO A CAPACITACAO E FORMACAO INICIAL E CONTINUADA PARA A E;0004;EDUCACAO BASICA A DISTANCIA - SISTEMA UNIVERSIDADE ABERTA DO BRASIL (UAB);12368501120RJ0001;170067;'-8;SEM INFORMACAO;90;APLICACOES DIRETAS;4;DESPESAS DE CAPITAL;4;INVESTIMENTOS;00;[A DETALHAR];449000;APLICACOES DIRETAS;00;RECURSOS PRIMARIOS DE LIVRE APLICACAO;265,958.00;;265,958.00;56,991.00;;;;
2020;154003;FUND.COORD.DE APERF.DE PESSOAL NIVEL SUPERIOR;12;EDUCACAO;368;EDUCACAO BASICA;5011;EDUCACAO BASICA DE QUALIDADE;20RJ;APOIO A CAPACITACAO E FORMACAO INICIAL E CONTINUADA PARA A E;0004;EDUCACAO BASICA A DISTANCIA - SISTEMA UNIVERSIDADE ABERTA DO BRASIL (UAB);12368501120RJ0001;170067;MCC62G22EDN;UAB - UAB TRADICIONAL;90;APLICACOES DIRETAS;3;DESPESAS CORRENTES;3;OUTRAS DESPESAS CORRENTES;00;[A DETALHAR];339000;APLICACOES DIRETAS;00;RECURSOS PRIMARIOS DE LIVRE APLICACAO;0.00;;0.00;;;;;
2020;154003;FUND.COORD.DE APERF.DE PESSOAL NIVEL SUPERIOR;12;EDUCACAO;368;EDUCACAO BASICA;5011;EDUCACAO BASICA DE QUALIDADE;20RJ;APOIO A CAPACITACAO E FORMACAO INICIAL E CONTINUADA PARA A E;0004;EDUCACAO BASICA A DISTANCIA - SISTEMA UNIVERSIDADE ABERTA DO BRASIL (UAB);12368501120RJ0001;170067;MCC62G22EDN;UAB - UAB TRADICIONAL;90;APLICACOES DIRETAS;3;DESPESAS CORRENTES;3;OUTRAS DESPESAS CORRENTES;14;DIARIAS - PESSOAL CIVIL;339014;DIARIAS - PESSOAL CIVIL;00;RECURSOS PRIMARIOS DE LIVRE APLICACAO;537,438.34;;537,438.34;;;;;
2020;154003;FUND.COORD.DE APERF.DE PESSOAL NIVEL SUPERIOR;12;EDUCACAO;368;EDUCACAO BASICA;5011;EDUCACAO BASICA DE QUALIDADE;20RJ;APOIO A CAPACITACAO E FORMACAO INICIAL E CONTINUADA PARA A E;0004;EDUCACAO BASICA A DISTANCIA - SISTEMA UNIVERSIDADE ABERTA DO BRASIL (UAB);12368501120RJ0001;170067;MCC62G22EDN;UAB - UAB TRADICIONAL;90;APLICACOES DIRETAS;3;DESPESAS CORRENTES;3;OUTRAS DESPESAS CORRENTES;30;MATERIAL DE CONSUMO;339030;MATERIAL DE CONSUMO;00;RECURSOS PRIMARIOS DE LIVRE APLICACAO;27,889.35;;27,889.35;;;;;
2020;154003;FUND.COORD.DE APERF.DE PESSOAL NIVEL SUPERIOR;12;EDUCACAO;368;EDUCACAO BASICA;5011;EDUCACAO BASICA DE QUALIDADE;20RJ;APOIO A CAPACITACAO E FORMACAO INICIAL E CONTINUADA PARA A E;0004;EDUCACAO BASICA A DISTANCIA - SISTEMA UNIVERSIDADE ABERTA DO BRASIL (UAB);12368501120RJ0001;170067;MCC62G22EDN;UAB - UAB TRADICIONAL;90;APLICACOES DIRETAS;3;DESPESAS CORRENTES;3;OUTRAS DESPESAS CORRENTES;33;PASSAGENS E DESPESAS COM LOCOMOCAO;339033;PASSAGENS E DESPESAS COM LOCOMOCAO;00;RECURSOS PRIMARIOS DE LIVRE APLICACAO;344,159.40;;344,159.40;;;;;
2020;154003;FUND.COORD.DE APERF.DE PESSOAL NIVEL SUPERIOR;12;EDUCACAO;368;EDUCACAO BASICA;5011;EDUCACAO BASICA DE QUALIDADE;20RJ;APOIO A CAPACITACAO E FORMACAO INICIAL E CONTINUADA PARA A E;0004;EDUCACAO BASICA A DISTANCIA - SISTEMA UNIVERSIDADE ABERTA DO BRASIL (UAB);12368501120RJ0001;170067;MCC62G22EDN;UAB - UAB TRADICIONAL;90;APLICACOES DIRETAS;3;DESPESAS CORRENTES;3;OUTRAS DESPESAS CORRENTES;36;OUTROS SERVICOS DE TERCEIROS - P.FISICA;339036;OUTROS SERVICOS DE TERCEIROS - PESSOA FISICA;00;RECURSOS PRIMARIOS DE LIVRE APLICACAO;306,444.46;;306,444.46;;;;;
2020;154003;FUND.COORD.DE APERF.DE PESSOAL NIVEL SUPERIOR;12;EDUCACAO;368;EDUCACAO BASICA;5011;EDUCACAO BASICA DE QUALIDADE;20RJ;APOIO A CAPACITACAO E FORMACAO INICIAL E CONTINUADA PARA A E;0004;EDUCACAO BASICA A DISTANCIA - SISTEMA UNIVERSIDADE ABERTA DO BRASIL (UAB);12368501120RJ0001;170067;MCC62G22EDN;UAB - UAB TRADICIONAL;90;APLICACOES DIRETAS;3;DESPESAS CORRENTES;3;OUTRAS DESPESAS CORRENTES;39;OUTROS SERVICOS DE TERCEIROS PJ - OP.INT.ORC.;339039;OUTROS SERVICOS DE TERCEIROS - PESSOA JURIDICA;00;RECURSOS PRIMARIOS DE LIVRE APLICACAO;7,776,475.00;;7,776,475.00;;;;;
2020;154003;FUND.COORD.DE APERF.DE PESSOAL NIVEL SUPERIOR;12;EDUCACAO;368;EDUCACAO BASICA;5011;EDUCACAO BASICA DE QUALIDADE;20RJ;APOIO A CAPACITACAO E FORMACAO INICIAL E CONTINUADA PARA A E;0004;EDUCACAO BASICA A DISTANCIA - SISTEMA UNIVERSIDADE ABERTA DO BRASIL (UAB);12368501120RJ0001;170067;QCC62T58LEN;UAB - UAB PROFLETRAS;90;APLICACOES DIRETAS;3;DESPESAS CORRENTES;3;OUTRAS DESPESAS CORRENTES;14;DIARIAS - PESSOAL CIVIL;339014;DIARIAS - PESSOAL CIVIL;00;RECURSOS PRIMARIOS DE LIVRE APLICACAO;63,000.00;;63,000.00;;;;;
2020;154003;FUND.COORD.DE APERF.DE PESSOAL NIVEL SUPERIOR;12;EDUCACAO;368;EDUCACAO BASICA;5011;EDUCACAO BASICA DE QUALIDADE;20RJ;APOIO A CAPACITACAO E FORMACAO INICIAL E CONTINUADA PARA A E;0004;EDUCACAO BASICA A DISTANCIA - SISTEMA UNIVERSIDADE ABERTA DO BRASIL (UAB);12368501120RJ0001;170067;QCC62T58LEN;UAB - UAB PROFLETRAS;90;APLICACOES DIRETAS;3;DESPESAS CORRENTES;3;OUTRAS DESPESAS CORRENTES;30;MATERIAL DE CONSUMO;339030;MATERIAL DE CONSUMO;00;RECURSOS PRIMARIOS DE LIVRE APLICACAO;9,000.00;;9,000.00;;;;;
2020;154003;FUND.COORD.DE APERF.DE PESSOAL NIVEL SUPERIOR;12;EDUCACAO;368;EDUCACAO BASICA;5011;EDUCACAO BASICA DE QUALIDADE;20RJ;APOIO A CAPACITACAO E FORMACAO INICIAL E CONTINUADA PARA A E;0004;EDUCACAO BASICA A DISTANCIA - SISTEMA UNIVERSIDADE ABERTA DO BRASIL (UAB);12368501120RJ0001;170067;QCC62T58MAN;UAB - UAB PROFMAT;90;APLICACOES DIRETAS;3;DESPESAS CORRENTES;3;OUTRAS DESPESAS CORRENTES;14;DIARIAS - PESSOAL CIVIL;339014;DIARIAS - PESSOAL CIVIL;00;RECURSOS PRIMARIOS DE LIVRE APLICACAO;28,620.00;;28,620.00;;;;;
2020;154003;FUND.COORD.DE APERF.DE PESSOAL NIVEL SUPERIOR;12;EDUCACAO;368;EDUCACAO BASICA;5011;EDUCACAO BASICA DE QUALIDADE;20RJ;APOIO A CAPACITACAO E FORMACAO INICIAL E CONTINUADA PARA A E;0004;EDUCACAO BASICA A DISTANCIA - SISTEMA UNIVERSIDADE ABERTA DO BRASIL (UAB);12368501120RJ0001;170067;QCC62T58MAN;UAB - UAB PROFMAT;90;APLICACOES DIRETAS;3;DESPESAS CORRENTES;3;OUTRAS DESPESAS CORRENTES;18;AUXILIO FINANCEIRO A ESTUDANTES;339018;AUXILIO FINANCEIRO A ESTUDANTES;00;RECURSOS PRIMARIOS DE LIVRE APLICACAO;24,720.00;;24,720.00;;;;;
2020;154003;FUND.COORD.DE APERF.DE PESSOAL NIVEL SUPERIOR;12;EDUCACAO;368;EDUCACAO BASICA;5011;EDUCACAO BASICA DE QUALIDADE;20RJ;APOIO A CAPACITACAO E FORMACAO INICIAL E CONTINUADA PARA A E;0004;EDUCACAO BASICA A DISTANCIA - SISTEMA UNIVERSIDADE ABERTA DO BRASIL (UAB);12368501120RJ0001;170067;QCC62T58MAN;UAB - UAB PROFMAT;90;APLICACOES DIRETAS;3;DESPESAS CORRENTES;3;OUTRAS DESPESAS CORRENTES;33;PASSAGENS E DESPESAS COM LOCOMOCAO;339033;PASSAGENS E DESPESAS COM LOCOMOCAO;00;RECURSOS PRIMARIOS DE LIVRE APLICACAO;64,080.00;;64,080.00;;;;;
2020;154003;FUND.COORD.DE APERF.DE PESSOAL NIVEL SUPERIOR;12;EDUCACAO;368;EDUCACAO BASICA;5011;EDUCACAO BASICA DE QUALIDADE;20RJ;APOIO A CAPACITACAO E FORMACAO INICIAL E CONTINUADA PARA A E;0004;EDUCACAO BASICA A DISTANCIA - SISTEMA UNIVERSIDADE ABERTA DO BRASIL (UAB);12368501120RJ0001;170067;QCC62T58MAN;UAB - UAB PROFMAT;90;APLICACOES DIRETAS;3;DESPESAS CORRENTES;3;OUTRAS DESPESAS CORRENTES;39;OUTROS SERVICOS DE TERCEIROS PJ - OP.INT.ORC.;339039;OUTROS SERVICOS DE TERCEIROS - PESSOA JURIDICA;00;RECURSOS PRIMARIOS DE LIVRE APLICACAO;11,920.00;;11,920.00;;;;;
2020;154003;FUND.COORD.DE APERF.DE PESSOAL NIVEL SUPERIOR;12;EDUCACAO;368;EDUCACAO BASICA;5011;EDUCACAO BASICA DE QUALIDADE;20RJ;APOIO A CAPACITACAO E FORMACAO INICIAL E CONTINUADA PARA A E;0004;EDUCACAO BASICA A DISTANCIA - SISTEMA UNIVERSIDADE ABERTA DO BRASIL (UAB);12368501120RJ0001;186018;'-8;SEM INFORMACAO;30;TRANSFER. A ESTADOS E AO DISTRITO FEDERAL;3;DESPESAS CORRENTES;3;OUTRAS DESPESAS CORRENTES;00;[A DETALHAR];333000;TRANSFER.  A ESTADOS E AO DISTRITO FEDERAL;00;RECURSOS PRIMARIOS DE LIVRE APLICACAO;-72682498.51;;15006154.49;6,756,378.00;;;;
2020;154003;FUND.COORD.DE APERF.DE PESSOAL NIVEL SUPERIOR;12;EDUCACAO;368;EDUCACAO BASICA;5011;EDUCACAO BASICA DE QUALIDADE;20RJ;APOIO A CAPACITACAO E FORMACAO INICIAL E CONTINUADA PARA A E;0004;EDUCACAO BASICA A DISTANCIA - SISTEMA UNIVERSIDADE ABERTA DO BRASIL (UAB);12368501120RJ0001;186018;'-8;SEM INFORMACAO;30;TRANSFER. A ESTADOS E AO DISTRITO FEDERAL;4;DESPESAS DE CAPITAL;4;INVESTIMENTOS;00;[A DETALHAR];443000;TRANSFERENCIAS A ESTADOS E DISTRITO FEDERAL;00;RECURSOS PRIMARIOS DE LIVRE APLICACAO;(256,861.70);;587,930.30;105,817.00;;;;
2020;154003;FUND.COORD.DE APERF.DE PESSOAL NIVEL SUPERIOR;12;EDUCACAO;368;EDUCACAO BASICA;5011;EDUCACAO BASICA DE QUALIDADE;20RJ;APOIO A CAPACITACAO E FORMACAO INICIAL E CONTINUADA PARA A E;0004;EDUCACAO BASICA A DISTANCIA - SISTEMA UNIVERSIDADE ABERTA DO BRASIL (UAB);12368501120RJ0001;186018;'-8;SEM INFORMACAO;50;TRANSFERENCIA INSTITUICOES PRIVADAS SEM FINS LUCRATIVOS;3;DESPESAS CORRENTES;3;OUTRAS DESPESAS CORRENTES;00;[A DETALHAR];335000;TRANSFERENCIA INSTITUICOES PRIVADAS SEM FINS LUCRATIVOS;00;RECURSOS PRIMARIOS DE LIVRE APLICACAO;0.00;;0.00;;;;;
2020;154003;FUND.COORD.DE APERF.DE PESSOAL NIVEL SUPERIOR;12;EDUCACAO;368;EDUCACAO BASICA;5011;EDUCACAO BASICA DE QUALIDADE;20RJ;APOIO A CAPACITACAO E FORMACAO INICIAL E CONTINUADA PARA A E;0004;EDUCACAO BASICA A DISTANCIA - SISTEMA UNIVERSIDADE ABERTA DO BRASIL (UAB);12368501120RJ0001;186018;'-8;SEM INFORMACAO;90;APLICACOES DIRETAS;3;DESPESAS CORRENTES;3;OUTRAS DESPESAS CORRENTES;00;[A DETALHAR];339000;APLICACOES DIRETAS;00;RECURSOS PRIMARIOS DE LIVRE APLICACAO;-376090898.7;;177011199.29;53991658.00;;;;
2020;154003;FUND.COORD.DE APERF.DE PESSOAL NIVEL SUPERIOR;12;EDUCACAO;368;EDUCACAO BASICA;5011;EDUCACAO BASICA DE QUALIDADE;20RJ;APOIO A CAPACITACAO E FORMACAO INICIAL E CONTINUADA PARA A E;0004;EDUCACAO BASICA A DISTANCIA - SISTEMA UNIVERSIDADE ABERTA DO BRASIL (UAB);12368501120RJ0001;186018;'-8;SEM INFORMACAO;90;APLICACOES DIRETAS;3;DESPESAS CORRENTES;3;OUTRAS DESPESAS CORRENTES;14;DIARIAS - PESSOAL CIVIL;339014;DIARIAS - PESSOAL CIVIL;00;RECURSOS PRIMARIOS DE LIVRE APLICACAO;0.00;;0.00;;;;;
2020;154003;FUND.COORD.DE APERF.DE PESSOAL NIVEL SUPERIOR;12;EDUCACAO;368;EDUCACAO BASICA;5011;EDUCACAO BASICA DE QUALIDADE;20RJ;APOIO A CAPACITACAO E FORMACAO INICIAL E CONTINUADA PARA A E;0004;EDUCACAO BASICA A DISTANCIA - SISTEMA UNIVERSIDADE ABERTA DO BRASIL (UAB);12368501120RJ0001;186018;'-8;SEM INFORMACAO;90;APLICACOES DIRETAS;3;DESPESAS CORRENTES;3;OUTRAS DESPESAS CORRENTES;30;MATERIAL DE CONSUMO;339030;MATERIAL DE CONSUMO;00;RECURSOS PRIMARIOS DE LIVRE APLICACAO;0.00;;0.00;;;;;
2020;154003;FUND.COORD.DE APERF.DE PESSOAL NIVEL SUPERIOR;12;EDUCACAO;368;EDUCACAO BASICA;5011;EDUCACAO BASICA DE QUALIDADE;20RJ;APOIO A CAPACITACAO E FORMACAO INICIAL E CONTINUADA PARA A E;0004;EDUCACAO BASICA A DISTANCIA - SISTEMA UNIVERSIDADE ABERTA DO BRASIL (UAB);12368501120RJ0001;186018;'-8;SEM INFORMACAO;90;APLICACOES DIRETAS;3;DESPESAS CORRENTES;3;OUTRAS DESPESAS CORRENTES;33;PASSAGENS E DESPESAS COM LOCOMOCAO;339033;PASSAGENS E DESPESAS COM LOCOMOCAO;00;RECURSOS PRIMARIOS DE LIVRE APLICACAO;0.00;;0.00;;;;;
2020;154003;FUND.COORD.DE APERF.DE PESSOAL NIVEL SUPERIOR;12;EDUCACAO;368;EDUCACAO BASICA;5011;EDUCACAO BASICA DE QUALIDADE;20RJ;APOIO A CAPACITACAO E FORMACAO INICIAL E CONTINUADA PARA A E;0004;EDUCACAO BASICA A DISTANCIA - SISTEMA UNIVERSIDADE ABERTA DO BRASIL (UAB);12368501120RJ0001;186018;'-8;SEM INFORMACAO;90;APLICACOES DIRETAS;3;DESPESAS CORRENTES;3;OUTRAS DESPESAS CORRENTES;39;OUTROS SERVICOS DE TERCEIROS PJ - OP.INT.ORC.;339039;OUTROS SERVICOS DE TERCEIROS - PESSOA JURIDICA;00;RECURSOS PRIMARIOS DE LIVRE APLICACAO;0.00;;0.00;;;;;
2020;154003;FUND.COORD.DE APERF.DE PESSOAL NIVEL SUPERIOR;12;EDUCACAO;368;EDUCACAO BASICA;5011;EDUCACAO BASICA DE QUALIDADE;20RJ;APOIO A CAPACITACAO E FORMACAO INICIAL E CONTINUADA PARA A E;0004;EDUCACAO BASICA A DISTANCIA - SISTEMA UNIVERSIDADE ABERTA DO BRASIL (UAB);12368501120RJ0001;186018;'-8;SEM INFORMACAO;90;APLICACOES DIRETAS;3;DESPESAS CORRENTES;3;OUTRAS DESPESAS CORRENTES;93;INDENIZACOES E RESTITUICOES;339093;INDENIZACOES E RESTITUICOES;00;RECURSOS PRIMARIOS DE LIVRE APLICACAO;0.00;;0.00;;;;;
2020;154003;FUND.COORD.DE APERF.DE PESSOAL NIVEL SUPERIOR;12;EDUCACAO;368;EDUCACAO BASICA;5011;EDUCACAO BASICA DE QUALIDADE;20RJ;APOIO A CAPACITACAO E FORMACAO INICIAL E CONTINUADA PARA A E;0004;EDUCACAO BASICA A DISTANCIA - SISTEMA UNIVERSIDADE ABERTA DO BRASIL (UAB);12368501120RJ0001;186018;'-8;SEM INFORMACAO;90;APLICACOES DIRETAS;4;DESPESAS DE CAPITAL;4;INVESTIMENTOS;00;[A DETALHAR];449000;APLICACOES DIRETAS;00;RECURSOS PRIMARIOS DE LIVRE APLICACAO;(1424508.00);;4,488,997.00;1,055,032.00;;;;
2020;154003;FUND.COORD.DE APERF.DE PESSOAL NIVEL SUPERIOR;12;EDUCACAO;368;EDUCACAO BASICA;5011;EDUCACAO BASICA DE QUALIDADE;20RJ;APOIO A CAPACITACAO E FORMACAO INICIAL E CONTINUADA PARA A E;0004;EDUCACAO BASICA A DISTANCIA - SISTEMA UNIVERSIDADE ABERTA DO BRASIL (UAB);12368501120RJ0001;186018;MCC62G22EDN;UAB - UAB TRADICIONAL;30;TRANSFER. A ESTADOS E AO DISTRITO FEDERAL;3;DESPESAS CORRENTES;3;OUTRAS DESPESAS CORRENTES;41;CONTRIBUICOES;333041;CONTRIBUICOES;00;RECURSOS PRIMARIOS DE LIVRE APLICACAO;137865546.82;;137865546.82;;136870176.32;42259089.77;69953204.76;65537845.72
2020;154003;FUND.COORD.DE APERF.DE PESSOAL NIVEL SUPERIOR;12;EDUCACAO;368;EDUCACAO BASICA;5011;EDUCACAO BASICA DE QUALIDADE;20RJ;APOIO A CAPACITACAO E FORMACAO INICIAL E CONTINUADA PARA A E;0004;EDUCACAO BASICA A DISTANCIA - SISTEMA UNIVERSIDADE ABERTA DO BRASIL (UAB);12368501120RJ0001;186018;MCC62G22EDN;UAB - UAB TRADICIONAL;30;TRANSFER. A ESTADOS E AO DISTRITO FEDERAL;4;DESPESAS DE CAPITAL;4;INVESTIMENTOS;41;CONTRIBUICOES;443041;CONTRIBUICOES;00;RECURSOS PRIMARIOS DE LIVRE APLICACAO;256,861.70;;256,861.70;;256,861.70;102,744.68;154,117.02;154,117.02
2020;154003;FUND.COORD.DE APERF.DE PESSOAL NIVEL SUPERIOR;12;EDUCACAO;368;EDUCACAO BASICA;5011;EDUCACAO BASICA DE QUALIDADE;20RJ;APOIO A CAPACITACAO E FORMACAO INICIAL E CONTINUADA PARA A E;0004;EDUCACAO BASICA A DISTANCIA - SISTEMA UNIVERSIDADE ABERTA DO BRASIL (UAB);12368501120RJ0001;186018;MCC62G22EDN;UAB - UAB TRADICIONAL;50;TRANSFERENCIA INSTITUICOES PRIVADAS SEM FINS LUCRATIVOS;3;DESPESAS CORRENTES;3;OUTRAS DESPESAS CORRENTES;14;DIARIAS - PESSOAL CIVIL;335014;DIARIAS - PESSOAL CIVIL;00;RECURSOS PRIMARIOS DE LIVRE APLICACAO;477,900.00;;477,900.00;;;;;
2020;154003;FUND.COORD.DE APERF.DE PESSOAL NIVEL SUPERIOR;12;EDUCACAO;368;EDUCACAO BASICA;5011;EDUCACAO BASICA DE QUALIDADE;20RJ;APOIO A CAPACITACAO E FORMACAO INICIAL E CONTINUADA PARA A E;0004;EDUCACAO BASICA A DISTANCIA - SISTEMA UNIVERSIDADE ABERTA DO BRASIL (UAB);12368501120RJ0001;186018;MCC62G22EDN;UAB - UAB TRADICIONAL;50;TRANSFERENCIA INSTITUICOES PRIVADAS SEM FINS LUCRATIVOS;3;DESPESAS CORRENTES;3;OUTRAS DESPESAS CORRENTES;36;OUTROS SERVICOS DE TERCEIROS - P.FISICA;335036;OUTROS SERVICOS DE TERCEIROS - PESSOA FISICA;00;RECURSOS PRIMARIOS DE LIVRE APLICACAO;1,996,850.00;;1,996,850.00;;;;;
2020;154003;FUND.COORD.DE APERF.DE PESSOAL NIVEL SUPERIOR;12;EDUCACAO;368;EDUCACAO BASICA;5011;EDUCACAO BASICA DE QUALIDADE;20RJ;APOIO A CAPACITACAO E FORMACAO INICIAL E CONTINUADA PARA A E;0004;EDUCACAO BASICA A DISTANCIA - SISTEMA UNIVERSIDADE ABERTA DO BRASIL (UAB);12368501120RJ0001;186018;MCC62G22EDN;UAB - UAB TRADICIONAL;50;TRANSFERENCIA INSTITUICOES PRIVADAS SEM FINS LUCRATIVOS;3;DESPESAS CORRENTES;3;OUTRAS DESPESAS CORRENTES;39;OUTROS SERVICOS DE TERCEIROS PJ - OP.INT.ORC.;335039;OUTROS SERVICOS DE TERCEIROS-PESSOA JURIDICA;00;RECURSOS PRIMARIOS DE LIVRE APLICACAO;288,000.00;;288,000.00;;;;;
2020;154003;FUND.COORD.DE APERF.DE PESSOAL NIVEL SUPERIOR;12;EDUCACAO;368;EDUCACAO BASICA;5011;EDUCACAO BASICA DE QUALIDADE;20RJ;APOIO A CAPACITACAO E FORMACAO INICIAL E CONTINUADA PARA A E;0004;EDUCACAO BASICA A DISTANCIA - SISTEMA UNIVERSIDADE ABERTA DO BRASIL (UAB);12368501120RJ0001;186018;MCC62G22EDN;UAB - UAB TRADICIONAL;90;APLICACOES DIRETAS;3;DESPESAS CORRENTES;3;OUTRAS DESPESAS CORRENTES;00;[A DETALHAR];339000;APLICACOES DIRETAS;00;RECURSOS PRIMARIOS DE LIVRE APLICACAO;0.00;;0.00;;;;;
2020;154003;FUND.COORD.DE APERF.DE PESSOAL NIVEL SUPERIOR;12;EDUCACAO;368;EDUCACAO BASICA;5011;EDUCACAO BASICA DE QUALIDADE;20RJ;APOIO A CAPACITACAO E FORMACAO INICIAL E CONTINUADA PARA A E;0004;EDUCACAO BASICA A DISTANCIA - SISTEMA UNIVERSIDADE ABERTA DO BRASIL (UAB);12368501120RJ0001;186018;MCC62G22EDN;UAB - UAB TRADICIONAL;90;APLICACOES DIRETAS;3;DESPESAS CORRENTES;3;OUTRAS DESPESAS CORRENTES;14;DIARIAS - PESSOAL CIVIL;339014;DIARIAS - PESSOAL CIVIL;00;RECURSOS PRIMARIOS DE LIVRE APLICACAO;13490084.65;;13490084.65;;;;;
2020;154003;FUND.COORD.DE APERF.DE PESSOAL NIVEL SUPERIOR;12;EDUCACAO;368;EDUCACAO BASICA;5011;EDUCACAO BASICA DE QUALIDADE;20RJ;APOIO A CAPACITACAO E FORMACAO INICIAL E CONTINUADA PARA A E;0004;EDUCACAO BASICA A DISTANCIA - SISTEMA UNIVERSIDADE ABERTA DO BRASIL (UAB);12368501120RJ0001;186018;MCC62G22EDN;UAB - UAB TRADICIONAL;90;APLICACOES DIRETAS;3;DESPESAS CORRENTES;3;OUTRAS DESPESAS CORRENTES;18;AUXILIO FINANCEIRO A ESTUDANTES;339018;AUXILIO FINANCEIRO A ESTUDANTES;00;RECURSOS PRIMARIOS DE LIVRE APLICACAO;5,285,080.40;;5,285,080.40;;;;;
2020;154003;FUND.COORD.DE APERF.DE PESSOAL NIVEL SUPERIOR;12;EDUCACAO;368;EDUCACAO BASICA;5011;EDUCACAO BASICA DE QUALIDADE;20RJ;APOIO A CAPACITACAO E FORMACAO INICIAL E CONTINUADA PARA A E;0004;EDUCACAO BASICA A DISTANCIA - SISTEMA UNIVERSIDADE ABERTA DO BRASIL (UAB);12368501120RJ0001;186018;MCC62G22EDN;UAB - UAB TRADICIONAL;90;APLICACOES DIRETAS;3;DESPESAS CORRENTES;3;OUTRAS DESPESAS CORRENTES;20;AUXILIO FINANCEIRO A PESQUISADORES;339020;AUXILIO FINANCEIRO A PESQUISADORES;00;RECURSOS PRIMARIOS DE LIVRE APLICACAO;4,000,000.00;;4,000,000.00;;;;;
2020;154003;FUND.COORD.DE APERF.DE PESSOAL NIVEL SUPERIOR;12;EDUCACAO;368;EDUCACAO BASICA;5011;EDUCACAO BASICA DE QUALIDADE;20RJ;APOIO A CAPACITACAO E FORMACAO INICIAL E CONTINUADA PARA A E;0004;EDUCACAO BASICA A DISTANCIA - SISTEMA UNIVERSIDADE ABERTA DO BRASIL (UAB);12368501120RJ0001;186018;MCC62G22EDN;UAB - UAB TRADICIONAL;90;APLICACOES DIRETAS;3;DESPESAS CORRENTES;3;OUTRAS DESPESAS CORRENTES;30;MATERIAL DE CONSUMO;339030;MATERIAL DE CONSUMO;00;RECURSOS PRIMARIOS DE LIVRE APLICACAO;27640963.76;;27640963.76;;;;;
2020;154003;FUND.COORD.DE APERF.DE PESSOAL NIVEL SUPERIOR;12;EDUCACAO;368;EDUCACAO BASICA;5011;EDUCACAO BASICA DE QUALIDADE;20RJ;APOIO A CAPACITACAO E FORMACAO INICIAL E CONTINUADA PARA A E;0004;EDUCACAO BASICA A DISTANCIA - SISTEMA UNIVERSIDADE ABERTA DO BRASIL (UAB);12368501120RJ0001;186018;MCC62G22EDN;UAB - UAB TRADICIONAL;90;APLICACOES DIRETAS;3;DESPESAS CORRENTES;3;OUTRAS DESPESAS CORRENTES;33;PASSAGENS E DESPESAS COM LOCOMOCAO;339033;PASSAGENS E DESPESAS COM LOCOMOCAO;00;RECURSOS PRIMARIOS DE LIVRE APLICACAO;14840796.16;;14840796.16;;;;;
2020;154003;FUND.COORD.DE APERF.DE PESSOAL NIVEL SUPERIOR;12;EDUCACAO;368;EDUCACAO BASICA;5011;EDUCACAO BASICA DE QUALIDADE;20RJ;APOIO A CAPACITACAO E FORMACAO INICIAL E CONTINUADA PARA A E;0004;EDUCACAO BASICA A DISTANCIA - SISTEMA UNIVERSIDADE ABERTA DO BRASIL (UAB);12368501120RJ0001;186018;MCC62G22EDN;UAB - UAB TRADICIONAL;90;APLICACOES DIRETAS;3;DESPESAS CORRENTES;3;OUTRAS DESPESAS CORRENTES;36;OUTROS SERVICOS DE TERCEIROS - P.FISICA;339036;OUTROS SERVICOS DE TERCEIROS - PESSOA FISICA;00;RECURSOS PRIMARIOS DE LIVRE APLICACAO;21030447.58;;21030447.58;;;;;
2020;154003;FUND.COORD.DE APERF.DE PESSOAL NIVEL SUPERIOR;12;EDUCACAO;368;EDUCACAO BASICA;5011;EDUCACAO BASICA DE QUALIDADE;20RJ;APOIO A CAPACITACAO E FORMACAO INICIAL E CONTINUADA PARA A E;0004;EDUCACAO BASICA A DISTANCIA - SISTEMA UNIVERSIDADE ABERTA DO BRASIL (UAB);12368501120RJ0001;186018;MCC62G22EDN;UAB - UAB TRADICIONAL;90;APLICACOES DIRETAS;3;DESPESAS CORRENTES;3;OUTRAS DESPESAS CORRENTES;37;LOCACAO DE MAO-DE-OBRA;339037;LOCACAO DE MAO-DE-OBRA;00;RECURSOS PRIMARIOS DE LIVRE APLICACAO;45208235.74;;45208235.74;;;;;
2020;154003;FUND.COORD.DE APERF.DE PESSOAL NIVEL SUPERIOR;12;EDUCACAO;368;EDUCACAO BASICA;5011;EDUCACAO BASICA DE QUALIDADE;20RJ;APOIO A CAPACITACAO E FORMACAO INICIAL E CONTINUADA PARA A E;0004;EDUCACAO BASICA A DISTANCIA - SISTEMA UNIVERSIDADE ABERTA DO BRASIL (UAB);12368501120RJ0001;186018;MCC62G22EDN;UAB - UAB TRADICIONAL;90;APLICACOES DIRETAS;3;DESPESAS CORRENTES;3;OUTRAS DESPESAS CORRENTES;39;OUTROS SERVICOS DE TERCEIROS PJ - OP.INT.ORC.;339039;OUTROS SERVICOS DE TERCEIROS - PESSOA JURIDICA;00;RECURSOS PRIMARIOS DE LIVRE APLICACAO;143568333.99;;143568333.99;;;;;
2020;154003;FUND.COORD.DE APERF.DE PESSOAL NIVEL SUPERIOR;12;EDUCACAO;368;EDUCACAO BASICA;5011;EDUCACAO BASICA DE QUALIDADE;20RJ;APOIO A CAPACITACAO E FORMACAO INICIAL E CONTINUADA PARA A E;0004;EDUCACAO BASICA A DISTANCIA - SISTEMA UNIVERSIDADE ABERTA DO BRASIL (UAB);12368501120RJ0001;186018;MCC62G22EDN;UAB - UAB TRADICIONAL;90;APLICACOES DIRETAS;3;DESPESAS CORRENTES;3;OUTRAS DESPESAS CORRENTES;40;SERVICOS DE TECNOLOGIA DA INFORMACAO E COMUNICACAO - PJ;339040;SERVICOS DE TECNOLOGIA DA INFORMACAO E COMUNICACAO - PJ;00;RECURSOS PRIMARIOS DE LIVRE APLICACAO;1,512,920.00;;1,512,920.00;;;;;
2020;154003;FUND.COORD.DE APERF.DE PESSOAL NIVEL SUPERIOR;12;EDUCACAO;368;EDUCACAO BASICA;5011;EDUCACAO BASICA DE QUALIDADE;20RJ;APOIO A CAPACITACAO E FORMACAO INICIAL E CONTINUADA PARA A E;0004;EDUCACAO BASICA A DISTANCIA - SISTEMA UNIVERSIDADE ABERTA DO BRASIL (UAB);12368501120RJ0001;186018;MCC62G22EDN;UAB - UAB TRADICIONAL;90;APLICACOES DIRETAS;3;DESPESAS CORRENTES;3;OUTRAS DESPESAS CORRENTES;47;OBRIGACOES TRIBUTARIAS E CONTRIBUTIVAS;339047;OBRIGACOES TRIBUTARIAS E CONTRIBUTIVAS;00;RECURSOS PRIMARIOS DE LIVRE APLICACAO;30,190.50;;30,190.50;;;;;
2020;154003;FUND.COORD.DE APERF.DE PESSOAL NIVEL SUPERIOR;12;EDUCACAO;368;EDUCACAO BASICA;5011;EDUCACAO BASICA DE QUALIDADE;20RJ;APOIO A CAPACITACAO E FORMACAO INICIAL E CONTINUADA PARA A E;0004;EDUCACAO BASICA A DISTANCIA - SISTEMA UNIVERSIDADE ABERTA DO BRASIL (UAB);12368501120RJ0001;186018;MCC62G22EDN;UAB - UAB TRADICIONAL;90;APLICACOES DIRETAS;3;DESPESAS CORRENTES;3;OUTRAS DESPESAS CORRENTES;92;DESPESAS DE EXERCICIOS ANTERIORES;339092;DESPESAS DE EXERCICIOS ANTERIORES;00;RECURSOS PRIMARIOS DE LIVRE APLICACAO;244,174.59;;244,174.59;;;;;
2020;154003;FUND.COORD.DE APERF.DE PESSOAL NIVEL SUPERIOR;12;EDUCACAO;368;EDUCACAO BASICA;5011;EDUCACAO BASICA DE QUALIDADE;20RJ;APOIO A CAPACITACAO E FORMACAO INICIAL E CONTINUADA PARA A E;0004;EDUCACAO BASICA A DISTANCIA - SISTEMA UNIVERSIDADE ABERTA DO BRASIL (UAB);12368501120RJ0001;186018;MCC62G22EDN;UAB - UAB TRADICIONAL;90;APLICACOES DIRETAS;3;DESPESAS CORRENTES;3;OUTRAS DESPESAS CORRENTES;93;INDENIZACOES E RESTITUICOES;339093;INDENIZACOES E RESTITUICOES;00;RECURSOS PRIMARIOS DE LIVRE APLICACAO;4,293,041.37;;4,293,041.37;;;;;
2020;154003;FUND.COORD.DE APERF.DE PESSOAL NIVEL SUPERIOR;12;EDUCACAO;368;EDUCACAO BASICA;5011;EDUCACAO BASICA DE QUALIDADE;20RJ;APOIO A CAPACITACAO E FORMACAO INICIAL E CONTINUADA PARA A E;0004;EDUCACAO BASICA A DISTANCIA - SISTEMA UNIVERSIDADE ABERTA DO BRASIL (UAB);12368501120RJ0001;186018;MCC62G22EDN;UAB - UAB TRADICIONAL;90;APLICACOES DIRETAS;4;DESPESAS DE CAPITAL;4;INVESTIMENTOS;52;EQUIPAMENTOS E MATERIAL PERMANENTE;449052;EQUIPAMENTOS E MATERIAL PERMANENTE;00;RECURSOS PRIMARIOS DE LIVRE APLICACAO;1,424,508.00;;1,424,508.00;;;;;
2020;154003;FUND.COORD.DE APERF.DE PESSOAL NIVEL SUPERIOR;12;EDUCACAO;368;EDUCACAO BASICA;5011;EDUCACAO BASICA DE QUALIDADE;20RJ;APOIO A CAPACITACAO E FORMACAO INICIAL E CONTINUADA PARA A E;0004;EDUCACAO BASICA A DISTANCIA - SISTEMA UNIVERSIDADE ABERTA DO BRASIL (UAB);12368501120RJ0001;186018;MCC62G22EDN;UAB - UAB TRADICIONAL;91;APLICACOES DIRETAS - OPERACOES INTERNAS;3;DESPESAS CORRENTES;3;OUTRAS DESPESAS CORRENTES;47;OBRIGACOES TRIBUTARIAS E CONTRIBUTIVAS;339147;OBRIG.TRIBUT.E CONTRIB-OP.INTRA-ORCAMENTARIAS;00;RECURSOS PRIMARIOS DE LIVRE APLICACAO;55,176.00;;55,176.00;;;;;
2020;154003;FUND.COORD.DE APERF.DE PESSOAL NIVEL SUPERIOR;12;EDUCACAO;368;EDUCACAO BASICA;5011;EDUCACAO BASICA DE QUALIDADE;20RJ;APOIO A CAPACITACAO E FORMACAO INICIAL E CONTINUADA PARA A E;0004;EDUCACAO BASICA A DISTANCIA - SISTEMA UNIVERSIDADE ABERTA DO BRASIL (UAB);12368501120RJ0001;186018;QCC62T58EIN;UAB - PROF-EI;30;TRANSFER. A ESTADOS E AO DISTRITO FEDERAL;3;DESPESAS CORRENTES;3;OUTRAS DESPESAS CORRENTES;41;CONTRIBUICOES;333041;CONTRIBUICOES;00;RECURSOS PRIMARIOS DE LIVRE APLICACAO;2,664,915.00;;2,664,915.00;;2,664,915.00;601,755.00;257,895.00;257,895.00
2020;154003;FUND.COORD.DE APERF.DE PESSOAL NIVEL SUPERIOR;12;EDUCACAO;368;EDUCACAO BASICA;5011;EDUCACAO BASICA DE QUALIDADE;20RJ;APOIO A CAPACITACAO E FORMACAO INICIAL E CONTINUADA PARA A E;0004;EDUCACAO BASICA A DISTANCIA - SISTEMA UNIVERSIDADE ABERTA DO BRASIL (UAB);12368501120RJ0001;186018;QCC62T58FLN;UAB - UAB PROFILOSOFIA;90;APLICACOES DIRETAS;3;DESPESAS CORRENTES;3;OUTRAS DESPESAS CORRENTES;39;OUTROS SERVICOS DE TERCEIROS PJ - OP.INT.ORC.;339039;OUTROS SERVICOS DE TERCEIROS - PESSOA JURIDICA;00;RECURSOS PRIMARIOS DE LIVRE APLICACAO;1,375,000.00;;1,375,000.00;;;;;
2020;154003;FUND.COORD.DE APERF.DE PESSOAL NIVEL SUPERIOR;12;EDUCACAO;368;EDUCACAO BASICA;5011;EDUCACAO BASICA DE QUALIDADE;20RJ;APOIO A CAPACITACAO E FORMACAO INICIAL E CONTINUADA PARA A E;0004;EDUCACAO BASICA A DISTANCIA - SISTEMA UNIVERSIDADE ABERTA DO BRASIL (UAB);12368501120RJ0001;186018;QCC62T58HIN;UAB - UAB PROFHISTORIA;30;TRANSFER. A ESTADOS E AO DISTRITO FEDERAL;3;DESPESAS CORRENTES;3;OUTRAS DESPESAS CORRENTES;41;CONTRIBUICOES;333041;CONTRIBUICOES;00;RECURSOS PRIMARIOS DE LIVRE APLICACAO;763,446.16;;763,446.16;;763,446.16;83,772.96;679,673.20;509,754.90
2020;154003;FUND.COORD.DE APERF.DE PESSOAL NIVEL SUPERIOR;12;EDUCACAO;368;EDUCACAO BASICA;5011;EDUCACAO BASICA DE QUALIDADE;20RJ;APOIO A CAPACITACAO E FORMACAO INICIAL E CONTINUADA PARA A E;0004;EDUCACAO BASICA A DISTANCIA - SISTEMA UNIVERSIDADE ABERTA DO BRASIL (UAB);12368501120RJ0001;186018;QCC62T58HIN;UAB - UAB PROFHISTORIA;90;APLICACOES DIRETAS;3;DESPESAS CORRENTES;3;OUTRAS DESPESAS CORRENTES;14;DIARIAS - PESSOAL CIVIL;339014;DIARIAS - PESSOAL CIVIL;00;RECURSOS PRIMARIOS DE LIVRE APLICACAO;550,783.20;;550,783.20;;;;;
2020;154003;FUND.COORD.DE APERF.DE PESSOAL NIVEL SUPERIOR;12;EDUCACAO;368;EDUCACAO BASICA;5011;EDUCACAO BASICA DE QUALIDADE;20RJ;APOIO A CAPACITACAO E FORMACAO INICIAL E CONTINUADA PARA A E;0004;EDUCACAO BASICA A DISTANCIA - SISTEMA UNIVERSIDADE ABERTA DO BRASIL (UAB);12368501120RJ0001;186018;QCC62T58HIN;UAB - UAB PROFHISTORIA;90;APLICACOES DIRETAS;3;DESPESAS CORRENTES;3;OUTRAS DESPESAS CORRENTES;18;AUXILIO FINANCEIRO A ESTUDANTES;339018;AUXILIO FINANCEIRO A ESTUDANTES;00;RECURSOS PRIMARIOS DE LIVRE APLICACAO;706,027.80;;706,027.80;;;;;
2020;154003;FUND.COORD.DE APERF.DE PESSOAL NIVEL SUPERIOR;12;EDUCACAO;368;EDUCACAO BASICA;5011;EDUCACAO BASICA DE QUALIDADE;20RJ;APOIO A CAPACITACAO E FORMACAO INICIAL E CONTINUADA PARA A E;0004;EDUCACAO BASICA A DISTANCIA - SISTEMA UNIVERSIDADE ABERTA DO BRASIL (UAB);12368501120RJ0001;186018;QCC62T58HIN;UAB - UAB PROFHISTORIA;90;APLICACOES DIRETAS;3;DESPESAS CORRENTES;3;OUTRAS DESPESAS CORRENTES;20;AUXILIO FINANCEIRO A PESQUISADORES;339020;AUXILIO FINANCEIRO A PESQUISADORES;00;RECURSOS PRIMARIOS DE LIVRE APLICACAO;0.00;;0.00;;;;;
2020;154003;FUND.COORD.DE APERF.DE PESSOAL NIVEL SUPERIOR;12;EDUCACAO;368;EDUCACAO BASICA;5011;EDUCACAO BASICA DE QUALIDADE;20RJ;APOIO A CAPACITACAO E FORMACAO INICIAL E CONTINUADA PARA A E;0004;EDUCACAO BASICA A DISTANCIA - SISTEMA UNIVERSIDADE ABERTA DO BRASIL (UAB);12368501120RJ0001;186018;QCC62T58HIN;UAB - UAB PROFHISTORIA;90;APLICACOES DIRETAS;3;DESPESAS CORRENTES;3;OUTRAS DESPESAS CORRENTES;30;MATERIAL DE CONSUMO;339030;MATERIAL DE CONSUMO;00;RECURSOS PRIMARIOS DE LIVRE APLICACAO;186,242.93;;186,242.93;;;;;
2020;154003;FUND.COORD.DE APERF.DE PESSOAL NIVEL SUPERIOR;12;EDUCACAO;368;EDUCACAO BASICA;5011;EDUCACAO BASICA DE QUALIDADE;20RJ;APOIO A CAPACITACAO E FORMACAO INICIAL E CONTINUADA PARA A E;0004;EDUCACAO BASICA A DISTANCIA - SISTEMA UNIVERSIDADE ABERTA DO BRASIL (UAB);12368501120RJ0001;186018;QCC62T58HIN;UAB - UAB PROFHISTORIA;90;APLICACOES DIRETAS;3;DESPESAS CORRENTES;3;OUTRAS DESPESAS CORRENTES;33;PASSAGENS E DESPESAS COM LOCOMOCAO;339033;PASSAGENS E DESPESAS COM LOCOMOCAO;00;RECURSOS PRIMARIOS DE LIVRE APLICACAO;1,012,246.00;;1,012,246.00;;;;;
2020;154003;FUND.COORD.DE APERF.DE PESSOAL NIVEL SUPERIOR;12;EDUCACAO;368;EDUCACAO BASICA;5011;EDUCACAO BASICA DE QUALIDADE;20RJ;APOIO A CAPACITACAO E FORMACAO INICIAL E CONTINUADA PARA A E;0004;EDUCACAO BASICA A DISTANCIA - SISTEMA UNIVERSIDADE ABERTA DO BRASIL (UAB);12368501120RJ0001;186018;QCC62T58HIN;UAB - UAB PROFHISTORIA;90;APLICACOES DIRETAS;3;DESPESAS CORRENTES;3;OUTRAS DESPESAS CORRENTES;36;OUTROS SERVICOS DE TERCEIROS - P.FISICA;339036;OUTROS SERVICOS DE TERCEIROS - PESSOA FISICA;00;RECURSOS PRIMARIOS DE LIVRE APLICACAO;129,045.60;;129,045.60;;;;;
2020;154003;FUND.COORD.DE APERF.DE PESSOAL NIVEL SUPERIOR;12;EDUCACAO;368;EDUCACAO BASICA;5011;EDUCACAO BASICA DE QUALIDADE;20RJ;APOIO A CAPACITACAO E FORMACAO INICIAL E CONTINUADA PARA A E;0004;EDUCACAO BASICA A DISTANCIA - SISTEMA UNIVERSIDADE ABERTA DO BRASIL (UAB);12368501120RJ0001;186018;QCC62T58HIN;UAB - UAB PROFHISTORIA;90;APLICACOES DIRETAS;3;DESPESAS CORRENTES;3;OUTRAS DESPESAS CORRENTES;37;LOCACAO DE MAO-DE-OBRA;339037;LOCACAO DE MAO-DE-OBRA;00;RECURSOS PRIMARIOS DE LIVRE APLICACAO;0.00;;0.00;;;;;
2020;154003;FUND.COORD.DE APERF.DE PESSOAL NIVEL SUPERIOR;12;EDUCACAO;368;EDUCACAO BASICA;5011;EDUCACAO BASICA DE QUALIDADE;20RJ;APOIO A CAPACITACAO E FORMACAO INICIAL E CONTINUADA PARA A E;0004;EDUCACAO BASICA A DISTANCIA - SISTEMA UNIVERSIDADE ABERTA DO BRASIL (UAB);12368501120RJ0001;186018;QCC62T58HIN;UAB - UAB PROFHISTORIA;90;APLICACOES DIRETAS;3;DESPESAS CORRENTES;3;OUTRAS DESPESAS CORRENTES;39;OUTROS SERVICOS DE TERCEIROS PJ - OP.INT.ORC.;339039;OUTROS SERVICOS DE TERCEIROS - PESSOA JURIDICA;00;RECURSOS PRIMARIOS DE LIVRE APLICACAO;1,684,128.74;;1,684,128.74;;;;;
2020;154003;FUND.COORD.DE APERF.DE PESSOAL NIVEL SUPERIOR;12;EDUCACAO;368;EDUCACAO BASICA;5011;EDUCACAO BASICA DE QUALIDADE;20RJ;APOIO A CAPACITACAO E FORMACAO INICIAL E CONTINUADA PARA A E;0004;EDUCACAO BASICA A DISTANCIA - SISTEMA UNIVERSIDADE ABERTA DO BRASIL (UAB);12368501120RJ0001;186018;QCC62T58HIN;UAB - UAB PROFHISTORIA;90;APLICACOES DIRETAS;3;DESPESAS CORRENTES;3;OUTRAS DESPESAS CORRENTES;40;SERVICOS DE TECNOLOGIA DA INFORMACAO E COMUNICACAO - PJ;339040;SERVICOS DE TECNOLOGIA DA INFORMACAO E COMUNICACAO - PJ;00;RECURSOS PRIMARIOS DE LIVRE APLICACAO;70.00;;70.00;;;;;
2020;154003;FUND.COORD.DE APERF.DE PESSOAL NIVEL SUPERIOR;12;EDUCACAO;368;EDUCACAO BASICA;5011;EDUCACAO BASICA DE QUALIDADE;20RJ;APOIO A CAPACITACAO E FORMACAO INICIAL E CONTINUADA PARA A E;0004;EDUCACAO BASICA A DISTANCIA - SISTEMA UNIVERSIDADE ABERTA DO BRASIL (UAB);12368501120RJ0001;186018;QCC62T58HIN;UAB - UAB PROFHISTORIA;90;APLICACOES DIRETAS;3;DESPESAS CORRENTES;3;OUTRAS DESPESAS CORRENTES;93;INDENIZACOES E RESTITUICOES;339093;INDENIZACOES E RESTITUICOES;00;RECURSOS PRIMARIOS DE LIVRE APLICACAO;4,625.00;;4,625.00;;;;;
2020;154003;FUND.COORD.DE APERF.DE PESSOAL NIVEL SUPERIOR;12;EDUCACAO;368;EDUCACAO BASICA;5011;EDUCACAO BASICA DE QUALIDADE;20RJ;APOIO A CAPACITACAO E FORMACAO INICIAL E CONTINUADA PARA A E;0004;EDUCACAO BASICA A DISTANCIA - SISTEMA UNIVERSIDADE ABERTA DO BRASIL (UAB);12368501120RJ0001;186018;QCC62T58HIN;UAB - UAB PROFHISTORIA;91;APLICACOES DIRETAS - OPERACOES INTERNAS;3;DESPESAS CORRENTES;3;OUTRAS DESPESAS CORRENTES;47;OBRIGACOES TRIBUTARIAS E CONTRIBUTIVAS;339147;OBRIG.TRIBUT.E CONTRIB-OP.INTRA-ORCAMENTARIAS;00;RECURSOS PRIMARIOS DE LIVRE APLICACAO;1,600.00;;1,600.00;;;;;
2020;154003;FUND.COORD.DE APERF.DE PESSOAL NIVEL SUPERIOR;12;EDUCACAO;368;EDUCACAO BASICA;5011;EDUCACAO BASICA DE QUALIDADE;20RJ;APOIO A CAPACITACAO E FORMACAO INICIAL E CONTINUADA PARA A E;0004;EDUCACAO BASICA A DISTANCIA - SISTEMA UNIVERSIDADE ABERTA DO BRASIL (UAB);12368501120RJ0001;186018;QCC62T58LEN;UAB - UAB PROFLETRAS;30;TRANSFER. A ESTADOS E AO DISTRITO FEDERAL;3;DESPESAS CORRENTES;3;OUTRAS DESPESAS CORRENTES;41;CONTRIBUICOES;333041;CONTRIBUICOES;00;RECURSOS PRIMARIOS DE LIVRE APLICACAO;276,000.00;;276,000.00;;276,000.00;0.00;276,000.00;207,000.00
2020;154003;FUND.COORD.DE APERF.DE PESSOAL NIVEL SUPERIOR;12;EDUCACAO;368;EDUCACAO BASICA;5011;EDUCACAO BASICA DE QUALIDADE;20RJ;APOIO A CAPACITACAO E FORMACAO INICIAL E CONTINUADA PARA A E;0004;EDUCACAO BASICA A DISTANCIA - SISTEMA UNIVERSIDADE ABERTA DO BRASIL (UAB);12368501120RJ0001;186018;QCC62T58LEN;UAB - UAB PROFLETRAS;90;APLICACOES DIRETAS;3;DESPESAS CORRENTES;3;OUTRAS DESPESAS CORRENTES;00;[A DETALHAR];339000;APLICACOES DIRETAS;00;RECURSOS PRIMARIOS DE LIVRE APLICACAO;0.00;;0.00;;;;;
2020;154003;FUND.COORD.DE APERF.DE PESSOAL NIVEL SUPERIOR;12;EDUCACAO;368;EDUCACAO BASICA;5011;EDUCACAO BASICA DE QUALIDADE;20RJ;APOIO A CAPACITACAO E FORMACAO INICIAL E CONTINUADA PARA A E;0004;EDUCACAO BASICA A DISTANCIA - SISTEMA UNIVERSIDADE ABERTA DO BRASIL (UAB);12368501120RJ0001;186018;QCC62T58LEN;UAB - UAB PROFLETRAS;90;APLICACOES DIRETAS;3;DESPESAS CORRENTES;3;OUTRAS DESPESAS CORRENTES;14;DIARIAS - PESSOAL CIVIL;339014;DIARIAS - PESSOAL CIVIL;00;RECURSOS PRIMARIOS DE LIVRE APLICACAO;1,378,526.40;;1,378,526.40;;;;;
2020;154003;FUND.COORD.DE APERF.DE PESSOAL NIVEL SUPERIOR;12;EDUCACAO;368;EDUCACAO BASICA;5011;EDUCACAO BASICA DE QUALIDADE;20RJ;APOIO A CAPACITACAO E FORMACAO INICIAL E CONTINUADA PARA A E;0004;EDUCACAO BASICA A DISTANCIA - SISTEMA UNIVERSIDADE ABERTA DO BRASIL (UAB);12368501120RJ0001;186018;QCC62T58LEN;UAB - UAB PROFLETRAS;90;APLICACOES DIRETAS;3;DESPESAS CORRENTES;3;OUTRAS DESPESAS CORRENTES;18;AUXILIO FINANCEIRO A ESTUDANTES;339018;AUXILIO FINANCEIRO A ESTUDANTES;00;RECURSOS PRIMARIOS DE LIVRE APLICACAO;683,809.20;;683,809.20;;;;;
2020;154003;FUND.COORD.DE APERF.DE PESSOAL NIVEL SUPERIOR;12;EDUCACAO;368;EDUCACAO BASICA;5011;EDUCACAO BASICA DE QUALIDADE;20RJ;APOIO A CAPACITACAO E FORMACAO INICIAL E CONTINUADA PARA A E;0004;EDUCACAO BASICA A DISTANCIA - SISTEMA UNIVERSIDADE ABERTA DO BRASIL (UAB);12368501120RJ0001;186018;QCC62T58LEN;UAB - UAB PROFLETRAS;90;APLICACOES DIRETAS;3;DESPESAS CORRENTES;3;OUTRAS DESPESAS CORRENTES;20;AUXILIO FINANCEIRO A PESQUISADORES;339020;AUXILIO FINANCEIRO A PESQUISADORES;00;RECURSOS PRIMARIOS DE LIVRE APLICACAO;64,000.00;;64,000.00;;;;;
2020;154003;FUND.COORD.DE APERF.DE PESSOAL NIVEL SUPERIOR;12;EDUCACAO;368;EDUCACAO BASICA;5011;EDUCACAO BASICA DE QUALIDADE;20RJ;APOIO A CAPACITACAO E FORMACAO INICIAL E CONTINUADA PARA A E;0004;EDUCACAO BASICA A DISTANCIA - SISTEMA UNIVERSIDADE ABERTA DO BRASIL (UAB);12368501120RJ0001;186018;QCC62T58LEN;UAB - UAB PROFLETRAS;90;APLICACOES DIRETAS;3;DESPESAS CORRENTES;3;OUTRAS DESPESAS CORRENTES;30;MATERIAL DE CONSUMO;339030;MATERIAL DE CONSUMO;00;RECURSOS PRIMARIOS DE LIVRE APLICACAO;317,717.93;;317,717.93;;;;;
2020;154003;FUND.COORD.DE APERF.DE PESSOAL NIVEL SUPERIOR;12;EDUCACAO;368;EDUCACAO BASICA;5011;EDUCACAO BASICA DE QUALIDADE;20RJ;APOIO A CAPACITACAO E FORMACAO INICIAL E CONTINUADA PARA A E;0004;EDUCACAO BASICA A DISTANCIA - SISTEMA UNIVERSIDADE ABERTA DO BRASIL (UAB);12368501120RJ0001;186018;QCC62T58LEN;UAB - UAB PROFLETRAS;90;APLICACOES DIRETAS;3;DESPESAS CORRENTES;3;OUTRAS DESPESAS CORRENTES;33;PASSAGENS E DESPESAS COM LOCOMOCAO;339033;PASSAGENS E DESPESAS COM LOCOMOCAO;00;RECURSOS PRIMARIOS DE LIVRE APLICACAO;3,091,447.35;;3,091,447.35;;;;;
2020;154003;FUND.COORD.DE APERF.DE PESSOAL NIVEL SUPERIOR;12;EDUCACAO;368;EDUCACAO BASICA;5011;EDUCACAO BASICA DE QUALIDADE;20RJ;APOIO A CAPACITACAO E FORMACAO INICIAL E CONTINUADA PARA A E;0004;EDUCACAO BASICA A DISTANCIA - SISTEMA UNIVERSIDADE ABERTA DO BRASIL (UAB);12368501120RJ0001;186018;QCC62T58LEN;UAB - UAB PROFLETRAS;90;APLICACOES DIRETAS;3;DESPESAS CORRENTES;3;OUTRAS DESPESAS CORRENTES;36;OUTROS SERVICOS DE TERCEIROS - P.FISICA;339036;OUTROS SERVICOS DE TERCEIROS - PESSOA FISICA;00;RECURSOS PRIMARIOS DE LIVRE APLICACAO;154,085.20;;154,085.20;;;;;
2020;154003;FUND.COORD.DE APERF.DE PESSOAL NIVEL SUPERIOR;12;EDUCACAO;368;EDUCACAO BASICA;5011;EDUCACAO BASICA DE QUALIDADE;20RJ;APOIO A CAPACITACAO E FORMACAO INICIAL E CONTINUADA PARA A E;0004;EDUCACAO BASICA A DISTANCIA - SISTEMA UNIVERSIDADE ABERTA DO BRASIL (UAB);12368501120RJ0001;186018;QCC62T58LEN;UAB - UAB PROFLETRAS;90;APLICACOES DIRETAS;3;DESPESAS CORRENTES;3;OUTRAS DESPESAS CORRENTES;37;LOCACAO DE MAO-DE-OBRA;339037;LOCACAO DE MAO-DE-OBRA;00;RECURSOS PRIMARIOS DE LIVRE APLICACAO;0.00;;0.00;;;;;
2020;154003;FUND.COORD.DE APERF.DE PESSOAL NIVEL SUPERIOR;12;EDUCACAO;368;EDUCACAO BASICA;5011;EDUCACAO BASICA DE QUALIDADE;20RJ;APOIO A CAPACITACAO E FORMACAO INICIAL E CONTINUADA PARA A E;0004;EDUCACAO BASICA A DISTANCIA - SISTEMA UNIVERSIDADE ABERTA DO BRASIL (UAB);12368501120RJ0001;186018;QCC62T58LEN;UAB - UAB PROFLETRAS;90;APLICACOES DIRETAS;3;DESPESAS CORRENTES;3;OUTRAS DESPESAS CORRENTES;39;OUTROS SERVICOS DE TERCEIROS PJ - OP.INT.ORC.;339039;OUTROS SERVICOS DE TERCEIROS - PESSOA JURIDICA;00;RECURSOS PRIMARIOS DE LIVRE APLICACAO;2,031,434.08;;2,031,434.08;;;;;
2020;154003;FUND.COORD.DE APERF.DE PESSOAL NIVEL SUPERIOR;12;EDUCACAO;368;EDUCACAO BASICA;5011;EDUCACAO BASICA DE QUALIDADE;20RJ;APOIO A CAPACITACAO E FORMACAO INICIAL E CONTINUADA PARA A E;0004;EDUCACAO BASICA A DISTANCIA - SISTEMA UNIVERSIDADE ABERTA DO BRASIL (UAB);12368501120RJ0001;186018;QCC62T58LEN;UAB - UAB PROFLETRAS;90;APLICACOES DIRETAS;3;DESPESAS CORRENTES;3;OUTRAS DESPESAS CORRENTES;93;INDENIZACOES E RESTITUICOES;339093;INDENIZACOES E RESTITUICOES;00;RECURSOS PRIMARIOS DE LIVRE APLICACAO;0.00;;0.00;;;;;
2020;154003;FUND.COORD.DE APERF.DE PESSOAL NIVEL SUPERIOR;12;EDUCACAO;368;EDUCACAO BASICA;5011;EDUCACAO BASICA DE QUALIDADE;20RJ;APOIO A CAPACITACAO E FORMACAO INICIAL E CONTINUADA PARA A E;0004;EDUCACAO BASICA A DISTANCIA - SISTEMA UNIVERSIDADE ABERTA DO BRASIL (UAB);12368501120RJ0001;186018;QCC62T58MAN;UAB - UAB PROFMAT;30;TRANSFER. A ESTADOS E AO DISTRITO FEDERAL;3;DESPESAS CORRENTES;3;OUTRAS DESPESAS CORRENTES;41;CONTRIBUICOES;333041;CONTRIBUICOES;00;RECURSOS PRIMARIOS DE LIVRE APLICACAO;388,770.00;;388,770.00;;388,770.00;0.00;388,770.00;291,577.50
2020;154003;FUND.COORD.DE APERF.DE PESSOAL NIVEL SUPERIOR;12;EDUCACAO;368;EDUCACAO BASICA;5011;EDUCACAO BASICA DE QUALIDADE;20RJ;APOIO A CAPACITACAO E FORMACAO INICIAL E CONTINUADA PARA A E;0004;EDUCACAO BASICA A DISTANCIA - SISTEMA UNIVERSIDADE ABERTA DO BRASIL (UAB);12368501120RJ0001;186018;QCC62T58MAN;UAB - UAB PROFMAT;90;APLICACOES DIRETAS;3;DESPESAS CORRENTES;3;OUTRAS DESPESAS CORRENTES;00;[A DETALHAR];339000;APLICACOES DIRETAS;00;RECURSOS PRIMARIOS DE LIVRE APLICACAO;0.00;;0.00;;;;;
2020;154003;FUND.COORD.DE APERF.DE PESSOAL NIVEL SUPERIOR;12;EDUCACAO;368;EDUCACAO BASICA;5011;EDUCACAO BASICA DE QUALIDADE;20RJ;APOIO A CAPACITACAO E FORMACAO INICIAL E CONTINUADA PARA A E;0004;EDUCACAO BASICA A DISTANCIA - SISTEMA UNIVERSIDADE ABERTA DO BRASIL (UAB);12368501120RJ0001;186018;QCC62T58MAN;UAB - UAB PROFMAT;90;APLICACOES DIRETAS;3;DESPESAS CORRENTES;3;OUTRAS DESPESAS CORRENTES;14;DIARIAS - PESSOAL CIVIL;339014;DIARIAS - PESSOAL CIVIL;00;RECURSOS PRIMARIOS DE LIVRE APLICACAO;1,486,349.98;;1,486,349.98;;;;;
2020;154003;FUND.COORD.DE APERF.DE PESSOAL NIVEL SUPERIOR;12;EDUCACAO;368;EDUCACAO BASICA;5011;EDUCACAO BASICA DE QUALIDADE;20RJ;APOIO A CAPACITACAO E FORMACAO INICIAL E CONTINUADA PARA A E;0004;EDUCACAO BASICA A DISTANCIA - SISTEMA UNIVERSIDADE ABERTA DO BRASIL (UAB);12368501120RJ0001;186018;QCC62T58MAN;UAB - UAB PROFMAT;90;APLICACOES DIRETAS;3;DESPESAS CORRENTES;3;OUTRAS DESPESAS CORRENTES;18;AUXILIO FINANCEIRO A ESTUDANTES;339018;AUXILIO FINANCEIRO A ESTUDANTES;00;RECURSOS PRIMARIOS DE LIVRE APLICACAO;611,894.80;;611,894.80;;;;;
2020;154003;FUND.COORD.DE APERF.DE PESSOAL NIVEL SUPERIOR;12;EDUCACAO;368;EDUCACAO BASICA;5011;EDUCACAO BASICA DE QUALIDADE;20RJ;APOIO A CAPACITACAO E FORMACAO INICIAL E CONTINUADA PARA A E;0004;EDUCACAO BASICA A DISTANCIA - SISTEMA UNIVERSIDADE ABERTA DO BRASIL (UAB);12368501120RJ0001;186018;QCC62T58MAN;UAB - UAB PROFMAT;90;APLICACOES DIRETAS;3;DESPESAS CORRENTES;3;OUTRAS DESPESAS CORRENTES;20;AUXILIO FINANCEIRO A PESQUISADORES;339020;AUXILIO FINANCEIRO A PESQUISADORES;00;RECURSOS PRIMARIOS DE LIVRE APLICACAO;0.00;;0.00;;;;;
2020;154003;FUND.COORD.DE APERF.DE PESSOAL NIVEL SUPERIOR;12;EDUCACAO;368;EDUCACAO BASICA;5011;EDUCACAO BASICA DE QUALIDADE;20RJ;APOIO A CAPACITACAO E FORMACAO INICIAL E CONTINUADA PARA A E;0004;EDUCACAO BASICA A DISTANCIA - SISTEMA UNIVERSIDADE ABERTA DO BRASIL (UAB);12368501120RJ0001;186018;QCC62T58MAN;UAB - UAB PROFMAT;90;APLICACOES DIRETAS;3;DESPESAS CORRENTES;3;OUTRAS DESPESAS CORRENTES;30;MATERIAL DE CONSUMO;339030;MATERIAL DE CONSUMO;00;RECURSOS PRIMARIOS DE LIVRE APLICACAO;961,801.83;;961,801.83;;;;;
2020;154003;FUND.COORD.DE APERF.DE PESSOAL NIVEL SUPERIOR;12;EDUCACAO;368;EDUCACAO BASICA;5011;EDUCACAO BASICA DE QUALIDADE;20RJ;APOIO A CAPACITACAO E FORMACAO INICIAL E CONTINUADA PARA A E;0004;EDUCACAO BASICA A DISTANCIA - SISTEMA UNIVERSIDADE ABERTA DO BRASIL (UAB);12368501120RJ0001;186018;QCC62T58MAN;UAB - UAB PROFMAT;90;APLICACOES DIRETAS;3;DESPESAS CORRENTES;3;OUTRAS DESPESAS CORRENTES;33;PASSAGENS E DESPESAS COM LOCOMOCAO;339033;PASSAGENS E DESPESAS COM LOCOMOCAO;00;RECURSOS PRIMARIOS DE LIVRE APLICACAO;2,551,397.22;;2,551,397.22;;;;;
2020;154003;FUND.COORD.DE APERF.DE PESSOAL NIVEL SUPERIOR;12;EDUCACAO;368;EDUCACAO BASICA;5011;EDUCACAO BASICA DE QUALIDADE;20RJ;APOIO A CAPACITACAO E FORMACAO INICIAL E CONTINUADA PARA A E;0004;EDUCACAO BASICA A DISTANCIA - SISTEMA UNIVERSIDADE ABERTA DO BRASIL (UAB);12368501120RJ0001;186018;QCC62T58MAN;UAB - UAB PROFMAT;90;APLICACOES DIRETAS;3;DESPESAS CORRENTES;3;OUTRAS DESPESAS CORRENTES;36;OUTROS SERVICOS DE TERCEIROS - P.FISICA;339036;OUTROS SERVICOS DE TERCEIROS - PESSOA FISICA;00;RECURSOS PRIMARIOS DE LIVRE APLICACAO;203,426.20;;203,426.20;;;;;
2020;154003;FUND.COORD.DE APERF.DE PESSOAL NIVEL SUPERIOR;12;EDUCACAO;368;EDUCACAO BASICA;5011;EDUCACAO BASICA DE QUALIDADE;20RJ;APOIO A CAPACITACAO E FORMACAO INICIAL E CONTINUADA PARA A E;0004;EDUCACAO BASICA A DISTANCIA - SISTEMA UNIVERSIDADE ABERTA DO BRASIL (UAB);12368501120RJ0001;186018;QCC62T58MAN;UAB - UAB PROFMAT;90;APLICACOES DIRETAS;3;DESPESAS CORRENTES;3;OUTRAS DESPESAS CORRENTES;37;LOCACAO DE MAO-DE-OBRA;339037;LOCACAO DE MAO-DE-OBRA;00;RECURSOS PRIMARIOS DE LIVRE APLICACAO;0.00;;0.00;;;;;
2020;154003;FUND.COORD.DE APERF.DE PESSOAL NIVEL SUPERIOR;12;EDUCACAO;368;EDUCACAO BASICA;5011;EDUCACAO BASICA DE QUALIDADE;20RJ;APOIO A CAPACITACAO E FORMACAO INICIAL E CONTINUADA PARA A E;0004;EDUCACAO BASICA A DISTANCIA - SISTEMA UNIVERSIDADE ABERTA DO BRASIL (UAB);12368501120RJ0001;186018;QCC62T58MAN;UAB - UAB PROFMAT;90;APLICACOES DIRETAS;3;DESPESAS CORRENTES;3;OUTRAS DESPESAS CORRENTES;39;OUTROS SERVICOS DE TERCEIROS PJ - OP.INT.ORC.;339039;OUTROS SERVICOS DE TERCEIROS - PESSOA JURIDICA;00;RECURSOS PRIMARIOS DE LIVRE APLICACAO;708,877.34;;708,877.34;;;;;
2020;154003;FUND.COORD.DE APERF.DE PESSOAL NIVEL SUPERIOR;12;EDUCACAO;368;EDUCACAO BASICA;5011;EDUCACAO BASICA DE QUALIDADE;20RJ;APOIO A CAPACITACAO E FORMACAO INICIAL E CONTINUADA PARA A E;0004;EDUCACAO BASICA A DISTANCIA - SISTEMA UNIVERSIDADE ABERTA DO BRASIL (UAB);12368501120RJ0001;186018;QCC62T58MAN;UAB - UAB PROFMAT;90;APLICACOES DIRETAS;3;DESPESAS CORRENTES;3;OUTRAS DESPESAS CORRENTES;93;INDENIZACOES E RESTITUICOES;339093;INDENIZACOES E RESTITUICOES;00;RECURSOS PRIMARIOS DE LIVRE APLICACAO;107,744.00;;107,744.00;;;;;
2020;154003;FUND.COORD.DE APERF.DE PESSOAL NIVEL SUPERIOR;12;EDUCACAO;368;EDUCACAO BASICA;5011;EDUCACAO BASICA DE QUALIDADE;20RJ;APOIO A CAPACITACAO E FORMACAO INICIAL E CONTINUADA PARA A E;0004;EDUCACAO BASICA A DISTANCIA - SISTEMA UNIVERSIDADE ABERTA DO BRASIL (UAB);12368501120RJ0001;186018;QCC62T58QUN;UAB - UAB PROFQUIMICA;30;TRANSFER. A ESTADOS E AO DISTRITO FEDERAL;3;DESPESAS CORRENTES;3;OUTRAS DESPESAS CORRENTES;41;CONTRIBUICOES;333041;CONTRIBUICOES;00;RECURSOS PRIMARIOS DE LIVRE APLICACAO;631,371.72;;631,371.72;;631,371.72;78,720.00;316,491.72;237,368.79
2020;154003;FUND.COORD.DE APERF.DE PESSOAL NIVEL SUPERIOR;12;EDUCACAO;368;EDUCACAO BASICA;5011;EDUCACAO BASICA DE QUALIDADE;20RJ;APOIO A CAPACITACAO E FORMACAO INICIAL E CONTINUADA PARA A E;0004;EDUCACAO BASICA A DISTANCIA - SISTEMA UNIVERSIDADE ABERTA DO BRASIL (UAB);12368501120RJ0001;186018;QCC62T58QUN;UAB - UAB PROFQUIMICA;50;TRANSFERENCIA INSTITUICOES PRIVADAS SEM FINS LUCRATIVOS;3;DESPESAS CORRENTES;3;OUTRAS DESPESAS CORRENTES;39;OUTROS SERVICOS DE TERCEIROS PJ - OP.INT.ORC.;335039;OUTROS SERVICOS DE TERCEIROS-PESSOA JURIDICA;00;RECURSOS PRIMARIOS DE LIVRE APLICACAO;187,654.50;;187,654.50;;;;;
2020;154003;FUND.COORD.DE APERF.DE PESSOAL NIVEL SUPERIOR;12;EDUCACAO;368;EDUCACAO BASICA;5011;EDUCACAO BASICA DE QUALIDADE;20RJ;APOIO A CAPACITACAO E FORMACAO INICIAL E CONTINUADA PARA A E;0004;EDUCACAO BASICA A DISTANCIA - SISTEMA UNIVERSIDADE ABERTA DO BRASIL (UAB);12368501120RJ0001;186018;QCC62T58QUN;UAB - UAB PROFQUIMICA;90;APLICACOES DIRETAS;3;DESPESAS CORRENTES;3;OUTRAS DESPESAS CORRENTES;00;[A DETALHAR];339000;APLICACOES DIRETAS;00;RECURSOS PRIMARIOS DE LIVRE APLICACAO;1,609.40;;1,609.40;;;;;
2020;154003;FUND.COORD.DE APERF.DE PESSOAL NIVEL SUPERIOR;12;EDUCACAO;368;EDUCACAO BASICA;5011;EDUCACAO BASICA DE QUALIDADE;20RJ;APOIO A CAPACITACAO E FORMACAO INICIAL E CONTINUADA PARA A E;0004;EDUCACAO BASICA A DISTANCIA - SISTEMA UNIVERSIDADE ABERTA DO BRASIL (UAB);12368501120RJ0001;186018;QCC62T58QUN;UAB - UAB PROFQUIMICA;90;APLICACOES DIRETAS;3;DESPESAS CORRENTES;3;OUTRAS DESPESAS CORRENTES;14;DIARIAS - PESSOAL CIVIL;339014;DIARIAS - PESSOAL CIVIL;00;RECURSOS PRIMARIOS DE LIVRE APLICACAO;213,393.40;;213,393.40;;;;;
2020;154003;FUND.COORD.DE APERF.DE PESSOAL NIVEL SUPERIOR;12;EDUCACAO;368;EDUCACAO BASICA;5011;EDUCACAO BASICA DE QUALIDADE;20RJ;APOIO A CAPACITACAO E FORMACAO INICIAL E CONTINUADA PARA A E;0004;EDUCACAO BASICA A DISTANCIA - SISTEMA UNIVERSIDADE ABERTA DO BRASIL (UAB);12368501120RJ0001;186018;QCC62T58QUN;UAB - UAB PROFQUIMICA;90;APLICACOES DIRETAS;3;DESPESAS CORRENTES;3;OUTRAS DESPESAS CORRENTES;18;AUXILIO FINANCEIRO A ESTUDANTES;339018;AUXILIO FINANCEIRO A ESTUDANTES;00;RECURSOS PRIMARIOS DE LIVRE APLICACAO;114,920.00;;114,920.00;;;;;
2020;154003;FUND.COORD.DE APERF.DE PESSOAL NIVEL SUPERIOR;12;EDUCACAO;368;EDUCACAO BASICA;5011;EDUCACAO BASICA DE QUALIDADE;20RJ;APOIO A CAPACITACAO E FORMACAO INICIAL E CONTINUADA PARA A E;0004;EDUCACAO BASICA A DISTANCIA - SISTEMA UNIVERSIDADE ABERTA DO BRASIL (UAB);12368501120RJ0001;186018;QCC62T58QUN;UAB - UAB PROFQUIMICA;90;APLICACOES DIRETAS;3;DESPESAS CORRENTES;3;OUTRAS DESPESAS CORRENTES;20;AUXILIO FINANCEIRO A PESQUISADORES;339020;AUXILIO FINANCEIRO A PESQUISADORES;00;RECURSOS PRIMARIOS DE LIVRE APLICACAO;4,000.00;;4,000.00;;;;;
2020;154003;FUND.COORD.DE APERF.DE PESSOAL NIVEL SUPERIOR;12;EDUCACAO;368;EDUCACAO BASICA;5011;EDUCACAO BASICA DE QUALIDADE;20RJ;APOIO A CAPACITACAO E FORMACAO INICIAL E CONTINUADA PARA A E;0004;EDUCACAO BASICA A DISTANCIA - SISTEMA UNIVERSIDADE ABERTA DO BRASIL (UAB);12368501120RJ0001;186018;QCC62T58QUN;UAB - UAB PROFQUIMICA;90;APLICACOES DIRETAS;3;DESPESAS CORRENTES;3;OUTRAS DESPESAS CORRENTES;30;MATERIAL DE CONSUMO;339030;MATERIAL DE CONSUMO;00;RECURSOS PRIMARIOS DE LIVRE APLICACAO;424,059.59;;424,059.59;;;;;
2020;154003;FUND.COORD.DE APERF.DE PESSOAL NIVEL SUPERIOR;12;EDUCACAO;368;EDUCACAO BASICA;5011;EDUCACAO BASICA DE QUALIDADE;20RJ;APOIO A CAPACITACAO E FORMACAO INICIAL E CONTINUADA PARA A E;0004;EDUCACAO BASICA A DISTANCIA - SISTEMA UNIVERSIDADE ABERTA DO BRASIL (UAB);12368501120RJ0001;186018;QCC62T58QUN;UAB - UAB PROFQUIMICA;90;APLICACOES DIRETAS;3;DESPESAS CORRENTES;3;OUTRAS DESPESAS CORRENTES;33;PASSAGENS E DESPESAS COM LOCOMOCAO;339033;PASSAGENS E DESPESAS COM LOCOMOCAO;00;RECURSOS PRIMARIOS DE LIVRE APLICACAO;343,708.33;;343,708.33;;;;;
2020;154003;FUND.COORD.DE APERF.DE PESSOAL NIVEL SUPERIOR;12;EDUCACAO;368;EDUCACAO BASICA;5011;EDUCACAO BASICA DE QUALIDADE;20RJ;APOIO A CAPACITACAO E FORMACAO INICIAL E CONTINUADA PARA A E;0004;EDUCACAO BASICA A DISTANCIA - SISTEMA UNIVERSIDADE ABERTA DO BRASIL (UAB);12368501120RJ0001;186018;QCC62T58QUN;UAB - UAB PROFQUIMICA;90;APLICACOES DIRETAS;3;DESPESAS CORRENTES;3;OUTRAS DESPESAS CORRENTES;36;OUTROS SERVICOS DE TERCEIROS - P.FISICA;339036;OUTROS SERVICOS DE TERCEIROS - PESSOA FISICA;00;RECURSOS PRIMARIOS DE LIVRE APLICACAO;49,720.60;;49,720.60;;;;;
2020;154003;FUND.COORD.DE APERF.DE PESSOAL NIVEL SUPERIOR;12;EDUCACAO;368;EDUCACAO BASICA;5011;EDUCACAO BASICA DE QUALIDADE;20RJ;APOIO A CAPACITACAO E FORMACAO INICIAL E CONTINUADA PARA A E;0004;EDUCACAO BASICA A DISTANCIA - SISTEMA UNIVERSIDADE ABERTA DO BRASIL (UAB);12368501120RJ0001;186018;QCC62T58QUN;UAB - UAB PROFQUIMICA;90;APLICACOES DIRETAS;3;DESPESAS CORRENTES;3;OUTRAS DESPESAS CORRENTES;37;LOCACAO DE MAO-DE-OBRA;339037;LOCACAO DE MAO-DE-OBRA;00;RECURSOS PRIMARIOS DE LIVRE APLICACAO;0.00;;0.00;;;;;
2020;154003;FUND.COORD.DE APERF.DE PESSOAL NIVEL SUPERIOR;12;EDUCACAO;368;EDUCACAO BASICA;5011;EDUCACAO BASICA DE QUALIDADE;20RJ;APOIO A CAPACITACAO E FORMACAO INICIAL E CONTINUADA PARA A E;0004;EDUCACAO BASICA A DISTANCIA - SISTEMA UNIVERSIDADE ABERTA DO BRASIL (UAB);12368501120RJ0001;186018;QCC62T58QUN;UAB - UAB PROFQUIMICA;90;APLICACOES DIRETAS;3;DESPESAS CORRENTES;3;OUTRAS DESPESAS CORRENTES;39;OUTROS SERVICOS DE TERCEIROS PJ - OP.INT.ORC.;339039;OUTROS SERVICOS DE TERCEIROS - PESSOA JURIDICA;00;RECURSOS PRIMARIOS DE LIVRE APLICACAO;551,287.50;;551,287.50;;;;;
2020;154003;FUND.COORD.DE APERF.DE PESSOAL NIVEL SUPERIOR;12;EDUCACAO;368;EDUCACAO BASICA;5011;EDUCACAO BASICA DE QUALIDADE;20RJ;APOIO A CAPACITACAO E FORMACAO INICIAL E CONTINUADA PARA A E;0004;EDUCACAO BASICA A DISTANCIA - SISTEMA UNIVERSIDADE ABERTA DO BRASIL (UAB);12368501120RJ0001;186018;QCC62T58QUN;UAB - UAB PROFQUIMICA;90;APLICACOES DIRETAS;3;DESPESAS CORRENTES;3;OUTRAS DESPESAS CORRENTES;40;SERVICOS DE TECNOLOGIA DA INFORMACAO E COMUNICACAO - PJ;339040;SERVICOS DE TECNOLOGIA DA INFORMACAO E COMUNICACAO - PJ;00;RECURSOS PRIMARIOS DE LIVRE APLICACAO;1,200.00;;1,200.00;;;;;
2020;154003;FUND.COORD.DE APERF.DE PESSOAL NIVEL SUPERIOR;12;EDUCACAO;368;EDUCACAO BASICA;5011;EDUCACAO BASICA DE QUALIDADE;20RJ;APOIO A CAPACITACAO E FORMACAO INICIAL E CONTINUADA PARA A E;0004;EDUCACAO BASICA A DISTANCIA - SISTEMA UNIVERSIDADE ABERTA DO BRASIL (UAB);12368501120RJ0001;186018;QCC62T58QUN;UAB - UAB PROFQUIMICA;90;APLICACOES DIRETAS;3;DESPESAS CORRENTES;3;OUTRAS DESPESAS CORRENTES;93;INDENIZACOES E RESTITUICOES;339093;INDENIZACOES E RESTITUICOES;00;RECURSOS PRIMARIOS DE LIVRE APLICACAO;0.00;;0.00;;;;;
2020;154003;FUND.COORD.DE APERF.DE PESSOAL NIVEL SUPERIOR;12;EDUCACAO;368;EDUCACAO BASICA;5011;EDUCACAO BASICA DE QUALIDADE;20RJ;APOIO A CAPACITACAO E FORMACAO INICIAL E CONTINUADA PARA A E;0004;EDUCACAO BASICA A DISTANCIA - SISTEMA UNIVERSIDADE ABERTA DO BRASIL (UAB);12368501120RJ0001;186018;QCC62T58SON;UAB - PROFSOCIOLOGIA;90;APLICACOES DIRETAS;3;DESPESAS CORRENTES;3;OUTRAS DESPESAS CORRENTES;39;OUTROS SERVICOS DE TERCEIROS PJ - OP.INT.ORC.;339039;OUTROS SERVICOS DE TERCEIROS - PESSOA JURIDICA;00;RECURSOS PRIMARIOS DE LIVRE APLICACAO;327,318.66;;327,318.66;;;;;
2020;154003;FUND.COORD.DE APERF.DE PESSOAL NIVEL SUPERIOR;12;EDUCACAO;368;EDUCACAO BASICA;5011;EDUCACAO BASICA DE QUALIDADE;20RJ;APOIO A CAPACITACAO E FORMACAO INICIAL E CONTINUADA PARA A E;0004;EDUCACAO BASICA A DISTANCIA - SISTEMA UNIVERSIDADE ABERTA DO BRASIL (UAB);12368501120RJ0001;186464;'-8;SEM INFORMACAO;90;APLICACOES DIRETAS;3;DESPESAS CORRENTES;3;OUTRAS DESPESAS CORRENTES;00;[A DETALHAR];339000;APLICACOES DIRETAS;44;TITULOS DE RESPONSAB.DO TN-OUTRAS APLICACOES;;;82357626.00;13726271.00;;;;
2020;154003;FUND.COORD.DE APERF.DE PESSOAL NIVEL SUPERIOR;12;EDUCACAO;368;EDUCACAO BASICA;5011;EDUCACAO BASICA DE QUALIDADE;20RJ;APOIO A CAPACITACAO E FORMACAO INICIAL E CONTINUADA PARA A E;0006;CIENCIA NA ESCOLA;12368501120RJ0001;170068;'-8;SEM INFORMACAO;90;APLICACOES DIRETAS;3;DESPESAS CORRENTES;3;OUTRAS DESPESAS CORRENTES;00;[A DETALHAR];339000;APLICACOES DIRETAS;00;RECURSOS PRIMARIOS DE LIVRE APLICACAO;14620690.00;;2,088,670.00;0.00;;;;
2020;154003;FUND.COORD.DE APERF.DE PESSOAL NIVEL SUPERIOR;12;EDUCACAO;368;EDUCACAO BASICA;5011;EDUCACAO BASICA DE QUALIDADE;20RJ;APOIO A CAPACITACAO E FORMACAO INICIAL E CONTINUADA PARA A E;0006;CIENCIA NA ESCOLA;12368501120RJ0001;186019;'-8;SEM INFORMACAO;90;APLICACOES DIRETAS;3;DESPESAS CORRENTES;3;OUTRAS DESPESAS CORRENTES;00;[A DETALHAR];339000;APLICACOES DIRETAS;44;TITULOS DE RESPONSAB.DO TN-OUTRAS APLICACOES;;;72009369.00;47917862.00;;;;
2020;154003;FUND.COORD.DE APERF.DE PESSOAL NIVEL SUPERIOR;12;EDUCACAO;573;DIFUSAO DO CONHECIMENTO CIENTIFICO E TECNOLOGICO;5013;EDUCACAO SUPERIOR - GRADUACAO, POS-GRADUACAO, ENSINO, PESQUI;2317;ACESSO A INFORMACAO CIENTIFICA E TECNOLOGICA;0000;ACESSO A INFORMACAO CIENTIFICA E TECNOLOGICA;12573501323170001;170057;'-8;SEM INFORMACAO;90;APLICACOES DIRETAS;3;DESPESAS CORRENTES;3;OUTRAS DESPESAS CORRENTES;00;[A DETALHAR];339000;APLICACOES DIRETAS;00;RECURSOS PRIMARIOS DE LIVRE APLICACAO;-180000000.0;240000000.00;60000000.00;;;;;
2020;154003;FUND.COORD.DE APERF.DE PESSOAL NIVEL SUPERIOR;12;EDUCACAO;573;DIFUSAO DO CONHECIMENTO CIENTIFICO E TECNOLOGICO;5013;EDUCACAO SUPERIOR - GRADUACAO, POS-GRADUACAO, ENSINO, PESQUI;2317;ACESSO A INFORMACAO CIENTIFICA E TECNOLOGICA;0000;ACESSO A INFORMACAO CIENTIFICA E TECNOLOGICA;12573501323170001;170057;'-8;SEM INFORMACAO;90;APLICACOES DIRETAS;3;DESPESAS CORRENTES;3;OUTRAS DESPESAS CORRENTES;;;;;42;COMP.FIN.PELA PROD.DE PETR.,GAS NAT.E OUTROS;1141838052.2;492000000.00;1633838052.2;;;;;
2020;154003;FUND.COORD.DE APERF.DE PESSOAL NIVEL SUPERIOR;12;EDUCACAO;573;DIFUSAO DO CONHECIMENTO CIENTIFICO E TECNOLOGICO;5013;EDUCACAO SUPERIOR - GRADUACAO, POS-GRADUACAO, ENSINO, PESQUI;2317;ACESSO A INFORMACAO CIENTIFICA E TECNOLOGICA;0000;ACESSO A INFORMACAO CIENTIFICA E TECNOLOGICA;12573501323170001;170057;'-8;SEM INFORMACAO;90;APLICACOES DIRETAS;3;DESPESAS CORRENTES;3;OUTRAS DESPESAS CORRENTES;;;;;50;REC.PROPRIOS PRIMARIOS DE LIVRE APLICACAO;395991981.00;;395991981.00;43999109.00;;;;
2020;154003;FUND.COORD.DE APERF.DE PESSOAL NIVEL SUPERIOR;12;EDUCACAO;573;DIFUSAO DO CONHECIMENTO CIENTIFICO E TECNOLOGICO;5013;EDUCACAO SUPERIOR - GRADUACAO, POS-GRADUACAO, ENSINO, PESQUI;2317;ACESSO A INFORMACAO CIENTIFICA E TECNOLOGICA;0000;ACESSO A INFORMACAO CIENTIFICA E TECNOLOGICA;12573501323170001;170057;'-8;SEM INFORMACAO;90;APLICACOES DIRETAS;3;DESPESAS CORRENTES;3;OUTRAS DESPESAS CORRENTES;;;;;80;RECURSOS PROPRIOS FINANCEIROS;69697008.00;;69697008.00;;;;;
2020;154003;FUND.COORD.DE APERF.DE PESSOAL NIVEL SUPERIOR;12;EDUCACAO;573;DIFUSAO DO CONHECIMENTO CIENTIFICO E TECNOLOGICO;5013;EDUCACAO SUPERIOR - GRADUACAO, POS-GRADUACAO, ENSINO, PESQUI;2317;ACESSO A INFORMACAO CIENTIFICA E TECNOLOGICA;0000;ACESSO A INFORMACAO CIENTIFICA E TECNOLOGICA;12573501323170001;170057;'-8;SEM INFORMACAO;91;APLICACOES DIRETAS - OPERACOES INTERNAS;3;DESPESAS CORRENTES;3;OUTRAS DESPESAS CORRENTES;00;[A DETALHAR];339100;APLICACOES DIRETAS - OPER.INTRA-ORCAMENTARIAS;44;TITULOS DE RESPONSAB.DO TN-OUTRAS APLICACOES;-28500000.00;28500000.00;0.00;;;;;
2020;154003;FUND.COORD.DE APERF.DE PESSOAL NIVEL SUPERIOR;12;EDUCACAO;573;DIFUSAO DO CONHECIMENTO CIENTIFICO E TECNOLOGICO;5013;EDUCACAO SUPERIOR - GRADUACAO, POS-GRADUACAO, ENSINO, PESQUI;2317;ACESSO A INFORMACAO CIENTIFICA E TECNOLOGICA;0000;ACESSO A INFORMACAO CIENTIFICA E TECNOLOGICA;12573501323170001;170057;OCC35O99PPN;PORTAL DE PERIODICOS - PORTAL DE PERIODICOS;90;APLICACOES DIRETAS;3;DESPESAS CORRENTES;3;OUTRAS DESPESAS CORRENTES;39;OUTROS SERVICOS DE TERCEIROS PJ - OP.INT.ORC.;339039;OUTROS SERVICOS DE TERCEIROS - PESSOA JURIDICA;00;RECURSOS PRIMARIOS DE LIVRE APLICACAO;180000000.00;;180000000.00;;;;;
2020;154003;FUND.COORD.DE APERF.DE PESSOAL NIVEL SUPERIOR;12;EDUCACAO;573;DIFUSAO DO CONHECIMENTO CIENTIFICO E TECNOLOGICO;5013;EDUCACAO SUPERIOR - GRADUACAO, POS-GRADUACAO, ENSINO, PESQUI;2317;ACESSO A INFORMACAO CIENTIFICA E TECNOLOGICA;0000;ACESSO A INFORMACAO CIENTIFICA E TECNOLOGICA;12573501323170001;170057;OCC35O99PPN;PORTAL DE PERIODICOS - PORTAL DE PERIODICOS;90;APLICACOES DIRETAS;3;DESPESAS CORRENTES;3;OUTRAS DESPESAS CORRENTES;;;;;42;COMP.FIN.PELA PROD.DE PETR.,GAS NAT.E OUTROS;2868408976.6;;2868408976.6;;36071167.79;11311038.05;24760129.74;24760129.74
2020;154003;FUND.COORD.DE APERF.DE PESSOAL NIVEL SUPERIOR;12;EDUCACAO;573;DIFUSAO DO CONHECIMENTO CIENTIFICO E TECNOLOGICO;5013;EDUCACAO SUPERIOR - GRADUACAO, POS-GRADUACAO, ENSINO, PESQUI;2317;ACESSO A INFORMACAO CIENTIFICA E TECNOLOGICA;0000;ACESSO A INFORMACAO CIENTIFICA E TECNOLOGICA;12573501323170001;170057;OCC35O99PPN;PORTAL DE PERIODICOS - PORTAL DE PERIODICOS;90;APLICACOES DIRETAS;3;DESPESAS CORRENTES;3;OUTRAS DESPESAS CORRENTES;;;;;44;TITULOS DE RESPONSAB.DO TN-OUTRAS APLICACOES;28500000.00;;28500000.00;;;;;
2020;154003;FUND.COORD.DE APERF.DE PESSOAL NIVEL SUPERIOR;12;EDUCACAO;573;DIFUSAO DO CONHECIMENTO CIENTIFICO E TECNOLOGICO;5013;EDUCACAO SUPERIOR - GRADUACAO, POS-GRADUACAO, ENSINO, PESQUI;2317;ACESSO A INFORMACAO CIENTIFICA E TECNOLOGICA;0000;ACESSO A INFORMACAO CIENTIFICA E TECNOLOGICA;12573501323170001;170057;OCC35O99PPN;PORTAL DE PERIODICOS - PORTAL DE PERIODICOS;90;APLICACOES DIRETAS;3;DESPESAS CORRENTES;3;OUTRAS DESPESAS CORRENTES;;;;;50;REC.PROPRIOS PRIMARIOS DE LIVRE APLICACAO;221395545.00;;221395545.00;;;;;
2020;154003;FUND.COORD.DE APERF.DE PESSOAL NIVEL SUPERIOR;12;EDUCACAO;573;DIFUSAO DO CONHECIMENTO CIENTIFICO E TECNOLOGICO;5013;EDUCACAO SUPERIOR - GRADUACAO, POS-GRADUACAO, ENSINO, PESQUI;2317;ACESSO A INFORMACAO CIENTIFICA E TECNOLOGICA;0000;ACESSO A INFORMACAO CIENTIFICA E TECNOLOGICA;12573501323170001;170057;OCC35O99PPN;PORTAL DE PERIODICOS - PORTAL DE PERIODICOS;90;APLICACOES DIRETAS;3;DESPESAS CORRENTES;3;OUTRAS DESPESAS CORRENTES;;;;;80;RECURSOS PROPRIOS FINANCEIROS;38720560.00;;38720560.00;;;;;
2020;154003;FUND.COORD.DE APERF.DE PESSOAL NIVEL SUPERIOR;12;EDUCACAO;573;DIFUSAO DO CONHECIMENTO CIENTIFICO E TECNOLOGICO;5013;EDUCACAO SUPERIOR - GRADUACAO, POS-GRADUACAO, ENSINO, PESQUI;2317;ACESSO A INFORMACAO CIENTIFICA E TECNOLOGICA;0000;ACESSO A INFORMACAO CIENTIFICA E TECNOLOGICA;12573501323170001;170057;OCC35O99PPN;PORTAL DE PERIODICOS - PORTAL DE PERIODICOS;90;APLICACOES DIRETAS;3;DESPESAS CORRENTES;3;OUTRAS DESPESAS CORRENTES;40;SERVICOS DE TECNOLOGIA DA INFORMACAO E COMUNICACAO - PJ;339040;SERVICOS DE TECNOLOGIA DA INFORMACAO E COMUNICACAO - PJ;42;COMP.FIN.PELA PROD.DE PETR.,GAS NAT.E OUTROS;119752971.12;;119752971.12;;119752971.12;70943214.07;32084886.71;31712246.16
2020;154003;FUND.COORD.DE APERF.DE PESSOAL NIVEL SUPERIOR;12;EDUCACAO;846;OUTROS ENCARGOS ESPECIAIS;0032;PROGRAMA DE GESTAO E MANUTENCAO DO PODER EXECUTIVO;09HB;CONTRIBUICAO DA UNIAO, DE SUAS AUTARQUIAS E FUNDACOES PARA O;0000;CONTRIBUICAO DA UNIAO, DE SUAS AUTARQUIAS E FUNDACOES PARA O CUSTEIO DO REGIME DE PREVIDENCIA DOS SERVIDORES PUBLICOS FEDERAIS;12846003209HB0053;170044;'-8;SEM INFORMACAO;91;APLICACOES DIRETAS - OPERACOES INTERNAS;3;DESPESAS CORRENTES;1;PESSOAL E ENCARGOS SOCIAIS;00;[A DETALHAR];319100;APLICACOES DIRETAS - OPER.INTRA-ORCAMENTARIAS;00;RECURSOS PRIMARIOS DE LIVRE APLICACAO;(9410194.08);12325503.00;2,915,308.92;;;;;
2020;154003;FUND.COORD.DE APERF.DE PESSOAL NIVEL SUPERIOR;12;EDUCACAO;846;OUTROS ENCARGOS ESPECIAIS;0032;PROGRAMA DE GESTAO E MANUTENCAO DO PODER EXECUTIVO;09HB;CONTRIBUICAO DA UNIAO, DE SUAS AUTARQUIAS E FUNDACOES PARA O;0000;CONTRIBUICAO DA UNIAO, DE SUAS AUTARQUIAS E FUNDACOES PARA O CUSTEIO DO REGIME DE PREVIDENCIA DOS SERVIDORES PUBLICOS FEDERAIS;12846003209HB0053;170044;VCC80N99GAN;ADMINISTRACAO CAPES -DGES;91;APLICACOES DIRETAS - OPERACOES INTERNAS;3;DESPESAS CORRENTES;1;PESSOAL E ENCARGOS SOCIAIS;13;OBRIGACOES PATRONAIS;319113;OBRIGACOES PATRONAIS - OP.INTRA-ORCAMENTARIAS;00;RECURSOS PRIMARIOS DE LIVRE APLICACAO;163823908.08;;163823908.08;;163823908.08;56798791.18;107025116.90;107025116.90
2020;154003;FUND.COORD.DE APERF.DE PESSOAL NIVEL SUPERIOR;09;PREVIDENCIA SOCIAL;272;PREVIDENCIA DO REGIME ESTATUTARIO;0032;PROGRAMA DE GESTAO E MANUTENCAO DO PODER EXECUTIVO;0181;APOSENTADORIAS E PENSOES CIVIS DA UNIAO;0000;APOSENTADORIAS E PENSOES CIVIS DA UNIAO;09272003201810053;170047;'-8;SEM INFORMACAO;90;APLICACOES DIRETAS;3;DESPESAS CORRENTES;1;PESSOAL E ENCARGOS SOCIAIS;00;[A DETALHAR];319000;APLICACOES DIRETAS;00;RECURSOS PRIMARIOS DE LIVRE APLICACAO;;600,000.00;600,000.00;;;;;
2020;154003;FUND.COORD.DE APERF.DE PESSOAL NIVEL SUPERIOR;09;PREVIDENCIA SOCIAL;272;PREVIDENCIA DO REGIME ESTATUTARIO;0032;PROGRAMA DE GESTAO E MANUTENCAO DO PODER EXECUTIVO;0181;APOSENTADORIAS E PENSOES CIVIS DA UNIAO;0000;APOSENTADORIAS E PENSOES CIVIS DA UNIAO;09272003201810053;170047;'-8;SEM INFORMACAO;90;APLICACOES DIRETAS;3;DESPESAS CORRENTES;1;PESSOAL E ENCARGOS SOCIAIS;;;;;44;TITULOS DE RESPONSAB.DO TN-OUTRAS APLICACOES;;48202902.00;0.00;0.00;;;;
2020;154003;FUND.COORD.DE APERF.DE PESSOAL NIVEL SUPERIOR;09;PREVIDENCIA SOCIAL;272;PREVIDENCIA DO REGIME ESTATUTARIO;0032;PROGRAMA DE GESTAO E MANUTENCAO DO PODER EXECUTIVO;0181;APOSENTADORIAS E PENSOES CIVIS DA UNIAO;0000;APOSENTADORIAS E PENSOES CIVIS DA UNIAO;09272003201810053;170047;'-8;SEM INFORMACAO;90;APLICACOES DIRETAS;3;DESPESAS CORRENTES;1;PESSOAL E ENCARGOS SOCIAIS;;;;;56;CONTRIB.DO SERV.PARA O PLANO SEG.SOC.SERV.PUB;13065625.84;2,000,000.00;15065625.84;;;;;
2020;154003;FUND.COORD.DE APERF.DE PESSOAL NIVEL SUPERIOR;09;PREVIDENCIA SOCIAL;272;PREVIDENCIA DO REGIME ESTATUTARIO;0032;PROGRAMA DE GESTAO E MANUTENCAO DO PODER EXECUTIVO;0181;APOSENTADORIAS E PENSOES CIVIS DA UNIAO;0000;APOSENTADORIAS E PENSOES CIVIS DA UNIAO;09272003201810053;170047;'-8;SEM INFORMACAO;90;APLICACOES DIRETAS;3;DESPESAS CORRENTES;1;PESSOAL E ENCARGOS SOCIAIS;;;;;69;CONTR.PATRONAL PARA O PLANO SEG.SOC.SERV.PUB.;0.00;;0.00;;;;;
2020;154003;FUND.COORD.DE APERF.DE PESSOAL NIVEL SUPERIOR;09;PREVIDENCIA SOCIAL;272;PREVIDENCIA DO REGIME ESTATUTARIO;0032;PROGRAMA DE GESTAO E MANUTENCAO DO PODER EXECUTIVO;0181;APOSENTADORIAS E PENSOES CIVIS DA UNIAO;0000;APOSENTADORIAS E PENSOES CIVIS DA UNIAO;09272003201810053;170047;VCC80N99GAN;ADMINISTRACAO CAPES -DGES;90;APLICACOES DIRETAS;3;DESPESAS CORRENTES;1;PESSOAL E ENCARGOS SOCIAIS;01;APOSENTADORIAS, RESERVA REMUNERADA E REFORMAS;319001;APOSENTADORIAS, RESERVA REMUNERADA E REFORMAS;56;CONTRIB.DO SERV.PARA O PLANO SEG.SOC.SERV.PUB;56366239.77;;56366239.77;;56366239.77;24823041.59;31543198.18;23314146.02
2020;154003;FUND.COORD.DE APERF.DE PESSOAL NIVEL SUPERIOR;09;PREVIDENCIA SOCIAL;272;PREVIDENCIA DO REGIME ESTATUTARIO;0032;PROGRAMA DE GESTAO E MANUTENCAO DO PODER EXECUTIVO;0181;APOSENTADORIAS E PENSOES CIVIS DA UNIAO;0000;APOSENTADORIAS E PENSOES CIVIS DA UNIAO;09272003201810053;170047;VCC80N99GAN;ADMINISTRACAO CAPES -DGES;90;APLICACOES DIRETAS;3;DESPESAS CORRENTES;1;PESSOAL E ENCARGOS SOCIAIS;;;;;69;CONTR.PATRONAL PARA O PLANO SEG.SOC.SERV.PUB.;146508530.00;;146508530.00;;146508530.00;32441079.10;114067450.90;103602555.90
2020;154003;FUND.COORD.DE APERF.DE PESSOAL NIVEL SUPERIOR;09;PREVIDENCIA SOCIAL;272;PREVIDENCIA DO REGIME ESTATUTARIO;0032;PROGRAMA DE GESTAO E MANUTENCAO DO PODER EXECUTIVO;0181;APOSENTADORIAS E PENSOES CIVIS DA UNIAO;0000;APOSENTADORIAS E PENSOES CIVIS DA UNIAO;09272003201810053;170047;VCC80N99GAN;ADMINISTRACAO CAPES -DGES;90;APLICACOES DIRETAS;3;DESPESAS CORRENTES;1;PESSOAL E ENCARGOS SOCIAIS;03;PENSOES;319003;PENSOES;56;CONTRIB.DO SERV.PARA O PLANO SEG.SOC.SERV.PUB;22456412.25;;22456412.25;;22456412.25;7,881,770.20;14574642.05;12385674.64
2020;154003;FUND.COORD.DE APERF.DE PESSOAL NIVEL SUPERIOR;09;PREVIDENCIA SOCIAL;272;PREVIDENCIA DO REGIME ESTATUTARIO;0032;PROGRAMA DE GESTAO E MANUTENCAO DO PODER EXECUTIVO;0181;APOSENTADORIAS E PENSOES CIVIS DA UNIAO;0000;APOSENTADORIAS E PENSOES CIVIS DA UNIAO;09272003201810053;170047;VCC80N99GAN;ADMINISTRACAO CAPES -DGES;90;APLICACOES DIRETAS;3;DESPESAS CORRENTES;1;PESSOAL E ENCARGOS SOCIAIS;91;SENTENCAS JUDICIAIS;319091;SENTENCAS JUDICIAIS;56;CONTRIB.DO SERV.PARA O PLANO SEG.SOC.SERV.PUB;1,214,004.14;;1,214,004.14;;1,214,004.14;355,298.34;858,705.80;739,908.72
2020;154003;FUND.COORD.DE APERF.DE PESSOAL NIVEL SUPERIOR;09;PREVIDENCIA SOCIAL;272;PREVIDENCIA DO REGIME ESTATUTARIO;0032;PROGRAMA DE GESTAO E MANUTENCAO DO PODER EXECUTIVO;0181;APOSENTADORIAS E PENSOES CIVIS DA UNIAO;RO00;APOSENTADORIAS E PENSOES CIVIS DA UNIAO - REGRA DE OURO;09272003201810053;186660;'-8;SEM INFORMACAO;90;APLICACOES DIRETAS;3;DESPESAS CORRENTES;1;PESSOAL E ENCARGOS SOCIAIS;00;[A DETALHAR];319000;APLICACOES DIRETAS;44;TITULOS DE RESPONSAB.DO TN-OUTRAS APLICACOES;-35040257.62;1,612,764.00;14775408.38;;;;;
2020;154003;FUND.COORD.DE APERF.DE PESSOAL NIVEL SUPERIOR;09;PREVIDENCIA SOCIAL;272;PREVIDENCIA DO REGIME ESTATUTARIO;0032;PROGRAMA DE GESTAO E MANUTENCAO DO PODER EXECUTIVO;0181;APOSENTADORIAS E PENSOES CIVIS DA UNIAO;RO00;APOSENTADORIAS E PENSOES CIVIS DA UNIAO - REGRA DE OURO;09272003201810053;186660;VCC80N99GAN;ADMINISTRACAO CAPES -DGES;90;APLICACOES DIRETAS;3;DESPESAS CORRENTES;1;PESSOAL E ENCARGOS SOCIAIS;01;APOSENTADORIAS, RESERVA REMUNERADA E REFORMAS;319001;APOSENTADORIAS, RESERVA REMUNERADA E REFORMAS;44;TITULOS DE RESPONSAB.DO TN-OUTRAS APLICACOES;35040257.62;;35040257.62;;35040257.62;3,723,687.15;31316570.47;25497501.66
2020;154003;FUND.COORD.DE APERF.DE PESSOAL NIVEL SUPERIOR;09;PREVIDENCIA SOCIAL;272;PREVIDENCIA DO REGIME ESTATUTARIO;0032;PROGRAMA DE GESTAO E MANUTENCAO DO PODER EXECUTIVO;0181;APOSENTADORIAS E PENSOES CIVIS DA UNIAO;0000;APOSENTADORIAS E PENSOES CIVIS DA UNIAO;09272003201810053;166428;'-8;SEM INFORMACAO;90;APLICACOES DIRETAS;3;DESPESAS CORRENTES;1;PESSOAL E ENCARGOS SOCIAIS;00;[A DETALHAR];319000;APLICACOES DIRETAS;44;TITULOS DE RESPONSAB.DO TN-OUTRAS APLICACOES;74982292.00;;26779390.00;16067634.00;;;;
2020;154004;FUND.COORD.DE APERF.DE PESSOAL NIVEL SUPERIOR;12;EDUCACAO;364;ENSINO SUPERIOR;5013;EDUCACAO SUPERIOR - GRADUACAO, POS-GRADUACAO, ENSINO, PESQUI;0487;CONCESSAO DE BOLSAS DE ESTUDO NO ENSINO SUPERIOR;0003;CONCESSAO DE BOLSAS DE ESTUDO NO EXTERIOR;12364501304870001;170064;NCCCPN99BEN;BEX - BEX;90;APLICACOES DIRETAS;3;DESPESAS CORRENTES;3;OUTRAS DESPESAS CORRENTES;39;OUTROS SERVICOS DE TERCEIROS PJ - OP.INT.ORC.;339039;OUTROS SERVICOS DE TERCEIROS - PESSOA JURIDICA;00;RECURSOS PRIMARIOS DE LIVRE APLICACAO;;;;;21807550.00;21807550.00;;
2020;154004;FUND.COORD.DE APERF.DE PESSOAL NIVEL SUPERIOR;12;EDUCACAO;364;ENSINO SUPERIOR;5013;EDUCACAO SUPERIOR - GRADUACAO, POS-GRADUACAO, ENSINO, PESQUI;0487;CONCESSAO DE BOLSAS DE ESTUDO NO ENSINO SUPERIOR;0003;CONCESSAO DE BOLSAS DE ESTUDO NO EXTERIOR;12364501304870001;170064;NCCCPO19BEN;BEX - BEX;90;APLICACOES DIRETAS;3;DESPESAS CORRENTES;3;OUTRAS DESPESAS CORRENTES;18;AUXILIO FINANCEIRO A ESTUDANTES;339018;AUXILIO FINANCEIRO A ESTUDANTES;00;RECURSOS PRIMARIOS DE LIVRE APLICACAO;;;;;306083975.28;91918795.99;208882824.69;208963168.08
2020;154004;FUND.COORD.DE APERF.DE PESSOAL NIVEL SUPERIOR;12;EDUCACAO;364;ENSINO SUPERIOR;5013;EDUCACAO SUPERIOR - GRADUACAO, POS-GRADUACAO, ENSINO, PESQUI;0487;CONCESSAO DE BOLSAS DE ESTUDO NO ENSINO SUPERIOR;0003;CONCESSAO DE BOLSAS DE ESTUDO NO EXTERIOR;12364501304870001;170064;NCCCUO1994N;BFSUPERIOR - CAPES/PRINT;90;APLICACOES DIRETAS;3;DESPESAS CORRENTES;3;OUTRAS DESPESAS CORRENTES;18;AUXILIO FINANCEIRO A ESTUDANTES;339018;AUXILIO FINANCEIRO A ESTUDANTES;00;RECURSOS PRIMARIOS DE LIVRE APLICACAO;;;;;432882881.50;174289009.19;230111196.91;230111196.91
2020;154004;FUND.COORD.DE APERF.DE PESSOAL NIVEL SUPERIOR;12;EDUCACAO;364;ENSINO SUPERIOR;5013;EDUCACAO SUPERIOR - GRADUACAO, POS-GRADUACAO, ENSINO, PESQUI;0487;CONCESSAO DE BOLSAS DE ESTUDO NO ENSINO SUPERIOR;RO03;CONCESSAO DE BOLSA DE ESTUDOS NO EXTERIOR (REGRA DE OURO);12364501304870001;190203;NCCCPO19BEN;BEX - BEX;90;APLICACOES DIRETAS;3;DESPESAS CORRENTES;3;OUTRAS DESPESAS CORRENTES;18;AUXILIO FINANCEIRO A ESTUDANTES;339018;AUXILIO FINANCEIRO A ESTUDANTES;44;TITULOS DE RESPONSAB.DO TN-OUTRAS APLICACOES;;;;;88933032.67;43477560.23;19448383.63;19448383.63
2020;154004;FUND.COORD.DE APERF.DE PESSOAL NIVEL SUPERIOR;12;EDUCACAO;368;EDUCACAO BASICA;5011;EDUCACAO BASICA DE QUALIDADE;00O0;CONCESSAO DE BOLSAS DE APOIO A EDUCACAO BASICA;0001;EDUCACAO BASICA PRESENCIAL;12368501100O00001;170060;NCCCPO19BEN;BEX - BEX;90;APLICACOES DIRETAS;3;DESPESAS CORRENTES;3;OUTRAS DESPESAS CORRENTES;18;AUXILIO FINANCEIRO A ESTUDANTES;339018;AUXILIO FINANCEIRO A ESTUDANTES;00;RECURSOS PRIMARIOS DE LIVRE APLICACAO;;;;;46,078.88;(15,758.64);61,837.52;61,837.52
2020;154004;FUND.COORD.DE APERF.DE PESSOAL NIVEL SUPERIOR;12;EDUCACAO;368;EDUCACAO BASICA;5011;EDUCACAO BASICA DE QUALIDADE;20RJ;APOIO A CAPACITACAO E FORMACAO INICIAL E CONTINUADA PARA A E;0003;EDUCACAO BASICA PRESENCIAL;12368501120RJ0001;186016;PCC92B5801N;PARFOR - PARFOR;90;APLICACOES DIRETAS;3;DESPESAS CORRENTES;3;OUTRAS DESPESAS CORRENTES;39;OUTROS SERVICOS DE TERCEIROS PJ - OP.INT.ORC.;339039;OUTROS SERVICOS DE TERCEIROS - PESSOA JURIDICA;00;RECURSOS PRIMARIOS DE LIVRE APLICACAO;;;;;4,031,674.62;2,369,111.13;;
2020;154004;FUND.COORD.DE APERF.DE PESSOAL NIVEL SUPERIOR;12;EDUCACAO;368;EDUCACAO BASICA;5011;EDUCACAO BASICA DE QUALIDADE;20RJ;APOIO A CAPACITACAO E FORMACAO INICIAL E CONTINUADA PARA A E;0003;EDUCACAO BASICA PRESENCIAL;12368501120RJ0001;186017;PCC92B5801N;PARFOR - PARFOR;90;APLICACOES DIRETAS;3;DESPESAS CORRENTES;3;OUTRAS DESPESAS CORRENTES;39;OUTROS SERVICOS DE TERCEIROS PJ - OP.INT.ORC.;339039;OUTROS SERVICOS DE TERCEIROS - PESSOA JURIDICA;44;TITULOS DE RESPONSAB.DO TN-OUTRAS APLICACOES;;;;;40815797.36;17578363.37;13824337.55;13824337.55
2020;154004;FUND.COORD.DE APERF.DE PESSOAL NIVEL SUPERIOR;12;EDUCACAO;573;DIFUSAO DO CONHECIMENTO CIENTIFICO E TECNOLOGICO;5013;EDUCACAO SUPERIOR - GRADUACAO, POS-GRADUACAO, ENSINO, PESQUI;2317;ACESSO A INFORMACAO CIENTIFICA E TECNOLOGICA;0000;ACESSO A INFORMACAO CIENTIFICA E TECNOLOGICA;12573501323170001;170057;OCC35O99PPN;PORTAL DE PERIODICOS - PORTAL DE PERIODICOS;90;APLICACOES DIRETAS;3;DESPESAS CORRENTES;3;OUTRAS DESPESAS CORRENTES;39;OUTROS SERVICOS DE TERCEIROS PJ - OP.INT.ORC.;339039;OUTROS SERVICOS DE TERCEIROS - PESSOA JURIDICA;00;RECURSOS PRIMARIOS DE LIVRE APLICACAO;;;;;180964596.54;0.00;99737730.85;99737730.85
2020;154004;FUND.COORD.DE APERF.DE PESSOAL NIVEL SUPERIOR;12;EDUCACAO;573;DIFUSAO DO CONHECIMENTO CIENTIFICO E TECNOLOGICO;5013;EDUCACAO SUPERIOR - GRADUACAO, POS-GRADUACAO, ENSINO, PESQUI;2317;ACESSO A INFORMACAO CIENTIFICA E TECNOLOGICA;0000;ACESSO A INFORMACAO CIENTIFICA E TECNOLOGICA;12573501323170001;170057;OCC35O99PPN;PORTAL DE PERIODICOS - PORTAL DE PERIODICOS;90;APLICACOES DIRETAS;3;DESPESAS CORRENTES;3;OUTRAS DESPESAS CORRENTES;;;;;42;COMP.FIN.PELA PROD.DE PETR.,GAS NAT.E OUTROS;;;;;2703305890.8;337351319.96;2294780647.9;2294780647.9
2020;154004;FUND.COORD.DE APERF.DE PESSOAL NIVEL SUPERIOR;12;EDUCACAO;573;DIFUSAO DO CONHECIMENTO CIENTIFICO E TECNOLOGICO;5013;EDUCACAO SUPERIOR - GRADUACAO, POS-GRADUACAO, ENSINO, PESQUI;2317;ACESSO A INFORMACAO CIENTIFICA E TECNOLOGICA;0000;ACESSO A INFORMACAO CIENTIFICA E TECNOLOGICA;12573501323170001;170057;OCC35O99PPN;PORTAL DE PERIODICOS - PORTAL DE PERIODICOS;90;APLICACOES DIRETAS;3;DESPESAS CORRENTES;3;OUTRAS DESPESAS CORRENTES;;;;;44;TITULOS DE RESPONSAB.DO TN-OUTRAS APLICACOES;;;;;29241056.12;0.00;;
2020;154004;FUND.COORD.DE APERF.DE PESSOAL NIVEL SUPERIOR;12;EDUCACAO;573;DIFUSAO DO CONHECIMENTO CIENTIFICO E TECNOLOGICO;5013;EDUCACAO SUPERIOR - GRADUACAO, POS-GRADUACAO, ENSINO, PESQUI;2317;ACESSO A INFORMACAO CIENTIFICA E TECNOLOGICA;0000;ACESSO A INFORMACAO CIENTIFICA E TECNOLOGICA;12573501323170001;170057;OCC35O99PPN;PORTAL DE PERIODICOS - PORTAL DE PERIODICOS;90;APLICACOES DIRETAS;3;DESPESAS CORRENTES;3;OUTRAS DESPESAS CORRENTES;;;;;50;REC.PROPRIOS PRIMARIOS DE LIVRE APLICACAO;;;;;207285325.77;84114322.57;86580101.22;86580101.22
2020;154004;FUND.COORD.DE APERF.DE PESSOAL NIVEL SUPERIOR;12;EDUCACAO;573;DIFUSAO DO CONHECIMENTO CIENTIFICO E TECNOLOGICO;5013;EDUCACAO SUPERIOR - GRADUACAO, POS-GRADUACAO, ENSINO, PESQUI;2317;ACESSO A INFORMACAO CIENTIFICA E TECNOLOGICA;0000;ACESSO A INFORMACAO CIENTIFICA E TECNOLOGICA;12573501323170001;170057;OCC35O99PPN;PORTAL DE PERIODICOS - PORTAL DE PERIODICOS;90;APLICACOES DIRETAS;3;DESPESAS CORRENTES;3;OUTRAS DESPESAS CORRENTES;;;;;80;RECURSOS PROPRIOS FINANCEIROS;;;;;26829315.79;5,438,196.02;5,489,621.25;5,489,621.25
2020;154032;FUND.UNIV.FED.DE.CIENC.DA SAUDE DE P.ALEGRE;12;EDUCACAO;364;ENSINO SUPERIOR;5013;EDUCACAO SUPERIOR - GRADUACAO, POS-GRADUACAO, ENSINO, PESQUI;0487;CONCESSAO DE BOLSAS DE ESTUDO NO ENSINO SUPERIOR;0002;CONCESSAO DE BOLSAS DE ESTUDO NO PAIS;12364501304870001;170062;OCCCUO9414N;BF SUPERIOR - PROAP;90;APLICACOES DIRETAS;3;DESPESAS CORRENTES;3;OUTRAS DESPESAS CORRENTES;30;MATERIAL DE CONSUMO;339030;MATERIAL DE CONSUMO;00;RECURSOS PRIMARIOS DE LIVRE APLICACAO;;;;;1,136,887.88;284,221.97;204,167.64;204,167.64
2020;154032;FUND.UNIV.FED.DE.CIENC.DA SAUDE DE P.ALEGRE;12;EDUCACAO;364;ENSINO SUPERIOR;5013;EDUCACAO SUPERIOR - GRADUACAO, POS-GRADUACAO, ENSINO, PESQUI;0487;CONCESSAO DE BOLSAS DE ESTUDO NO ENSINO SUPERIOR;0002;CONCESSAO DE BOLSAS DE ESTUDO NO PAIS;12364501304870001;170062;OCCCUO9414N;BF SUPERIOR - PROAP;90;APLICACOES DIRETAS;3;DESPESAS CORRENTES;3;OUTRAS DESPESAS CORRENTES;93;INDENIZACOES E RESTITUICOES;339093;INDENIZACOES E RESTITUICOES;00;RECURSOS PRIMARIOS DE LIVRE APLICACAO;;;;;126,531.59;6,152.62;120,378.97;113,415.39
2020;154034;UNIRIO UNIVERSIDADE FEDERAL DO ESTADO RJ;12;EDUCACAO;364;ENSINO SUPERIOR;5013;EDUCACAO SUPERIOR - GRADUACAO, POS-GRADUACAO, ENSINO, PESQUI;0487;CONCESSAO DE BOLSAS DE ESTUDO NO ENSINO SUPERIOR;0002;CONCESSAO DE BOLSAS DE ESTUDO NO PAIS;12364501304870001;170062;OCCCUO9414N;BF SUPERIOR - PROAP;90;APLICACOES DIRETAS;3;DESPESAS CORRENTES;3;OUTRAS DESPESAS CORRENTES;18;AUXILIO FINANCEIRO A ESTUDANTES;339018;AUXILIO FINANCEIRO A ESTUDANTES;00;RECURSOS PRIMARIOS DE LIVRE APLICACAO;;;;;3,600.00;1,800.00;0.00;
2020;154034;UNIRIO UNIVERSIDADE FEDERAL DO ESTADO RJ;12;EDUCACAO;364;ENSINO SUPERIOR;5013;EDUCACAO SUPERIOR - GRADUACAO, POS-GRADUACAO, ENSINO, PESQUI;0487;CONCESSAO DE BOLSAS DE ESTUDO NO ENSINO SUPERIOR;0002;CONCESSAO DE BOLSAS DE ESTUDO NO PAIS;12364501304870001;170062;OCCCUO9414N;BF SUPERIOR - PROAP;90;APLICACOES DIRETAS;3;DESPESAS CORRENTES;3;OUTRAS DESPESAS CORRENTES;30;MATERIAL DE CONSUMO;339030;MATERIAL DE CONSUMO;00;RECURSOS PRIMARIOS DE LIVRE APLICACAO;;;;;259,632.10;8,038.54;4,985.79;4,985.79
2020;154034;UNIRIO UNIVERSIDADE FEDERAL DO ESTADO RJ;12;EDUCACAO;364;ENSINO SUPERIOR;5013;EDUCACAO SUPERIOR - GRADUACAO, POS-GRADUACAO, ENSINO, PESQUI;0487;CONCESSAO DE BOLSAS DE ESTUDO NO ENSINO SUPERIOR;0002;CONCESSAO DE BOLSAS DE ESTUDO NO PAIS;12364501304870001;170062;OCCCUO9414N;BF SUPERIOR - PROAP;90;APLICACOES DIRETAS;3;DESPESAS CORRENTES;3;OUTRAS DESPESAS CORRENTES;36;OUTROS SERVICOS DE TERCEIROS - P.FISICA;339036;OUTROS SERVICOS DE TERCEIROS - PESSOA FISICA;00;RECURSOS PRIMARIOS DE LIVRE APLICACAO;;;;;7,420.00;1,600.00;;
2020;154034;UNIRIO UNIVERSIDADE FEDERAL DO ESTADO RJ;12;EDUCACAO;364;ENSINO SUPERIOR;5013;EDUCACAO SUPERIOR - GRADUACAO, POS-GRADUACAO, ENSINO, PESQUI;0487;CONCESSAO DE BOLSAS DE ESTUDO NO ENSINO SUPERIOR;0002;CONCESSAO DE BOLSAS DE ESTUDO NO PAIS;12364501304870001;170062;OCCCUO9414N;BF SUPERIOR - PROAP;90;APLICACOES DIRETAS;3;DESPESAS CORRENTES;3;OUTRAS DESPESAS CORRENTES;39;OUTROS SERVICOS DE TERCEIROS PJ - OP.INT.ORC.;339039;OUTROS SERVICOS DE TERCEIROS - PESSOA JURIDICA;00;RECURSOS PRIMARIOS DE LIVRE APLICACAO;;;;;1,324,634.42;159,688.32;390,736.07;375,785.07
2020;154034;UNIRIO UNIVERSIDADE FEDERAL DO ESTADO RJ;12;EDUCACAO;368;EDUCACAO BASICA;5011;EDUCACAO BASICA DE QUALIDADE;20RJ;APOIO A CAPACITACAO E FORMACAO INICIAL E CONTINUADA PARA A E;0004;EDUCACAO BASICA A DISTANCIA - SISTEMA UNIVERSIDADE ABERTA DO BRASIL (UAB);12368501120RJ0001;186018;QCC62T58HIN;UAB - UAB PROFHISTORIA;90;APLICACOES DIRETAS;3;DESPESAS CORRENTES;3;OUTRAS DESPESAS CORRENTES;30;MATERIAL DE CONSUMO;339030;MATERIAL DE CONSUMO;00;RECURSOS PRIMARIOS DE LIVRE APLICACAO;;;;;8,457.90;2,936.66;4,400.26;3,953.76
2020;154034;UNIRIO UNIVERSIDADE FEDERAL DO ESTADO RJ;12;EDUCACAO;368;EDUCACAO BASICA;5011;EDUCACAO BASICA DE QUALIDADE;20RJ;APOIO A CAPACITACAO E FORMACAO INICIAL E CONTINUADA PARA A E;0004;EDUCACAO BASICA A DISTANCIA - SISTEMA UNIVERSIDADE ABERTA DO BRASIL (UAB);12368501120RJ0001;186018;QCC62T58HIN;UAB - UAB PROFHISTORIA;90;APLICACOES DIRETAS;3;DESPESAS CORRENTES;3;OUTRAS DESPESAS CORRENTES;39;OUTROS SERVICOS DE TERCEIROS PJ - OP.INT.ORC.;339039;OUTROS SERVICOS DE TERCEIROS - PESSOA JURIDICA;00;RECURSOS PRIMARIOS DE LIVRE APLICACAO;;;;;53,880.00;9,795.00;;
2020;154039;FUNDACAO UNIVERSIDADE DO AMAZONAS;12;EDUCACAO;364;ENSINO SUPERIOR;5013;EDUCACAO SUPERIOR - GRADUACAO, POS-GRADUACAO, ENSINO, PESQUI;0487;CONCESSAO DE BOLSAS DE ESTUDO NO ENSINO SUPERIOR;0002;CONCESSAO DE BOLSAS DE ESTUDO NO PAIS;12364501304870001;170062;OCCCUO9414N;BF SUPERIOR - PROAP;90;APLICACOES DIRETAS;3;DESPESAS CORRENTES;3;OUTRAS DESPESAS CORRENTES;14;DIARIAS - PESSOAL CIVIL;339014;DIARIAS - PESSOAL CIVIL;00;RECURSOS PRIMARIOS DE LIVRE APLICACAO;;;;;131,557.91;131,557.91;;
2020;154039;FUNDACAO UNIVERSIDADE DO AMAZONAS;12;EDUCACAO;364;ENSINO SUPERIOR;5013;EDUCACAO SUPERIOR - GRADUACAO, POS-GRADUACAO, ENSINO, PESQUI;0487;CONCESSAO DE BOLSAS DE ESTUDO NO ENSINO SUPERIOR;0002;CONCESSAO DE BOLSAS DE ESTUDO NO PAIS;12364501304870001;170062;OCCCUO9414N;BF SUPERIOR - PROAP;90;APLICACOES DIRETAS;3;DESPESAS CORRENTES;3;OUTRAS DESPESAS CORRENTES;18;AUXILIO FINANCEIRO A ESTUDANTES;339018;AUXILIO FINANCEIRO A ESTUDANTES;00;RECURSOS PRIMARIOS DE LIVRE APLICACAO;;;;;66,215.52;59,060.00;7,155.52;7,155.52
2020;154039;FUNDACAO UNIVERSIDADE DO AMAZONAS;12;EDUCACAO;364;ENSINO SUPERIOR;5013;EDUCACAO SUPERIOR - GRADUACAO, POS-GRADUACAO, ENSINO, PESQUI;0487;CONCESSAO DE BOLSAS DE ESTUDO NO ENSINO SUPERIOR;0002;CONCESSAO DE BOLSAS DE ESTUDO NO PAIS;12364501304870001;170062;OCCCUO9414N;BF SUPERIOR - PROAP;90;APLICACOES DIRETAS;3;DESPESAS CORRENTES;3;OUTRAS DESPESAS CORRENTES;20;AUXILIO FINANCEIRO A PESQUISADORES;339020;AUXILIO FINANCEIRO A PESQUISADORES;00;RECURSOS PRIMARIOS DE LIVRE APLICACAO;;;;;2,546,625.40;655,916.40;1,890,709.00;1,453,709.00
2020;154039;FUNDACAO UNIVERSIDADE DO AMAZONAS;12;EDUCACAO;364;ENSINO SUPERIOR;5013;EDUCACAO SUPERIOR - GRADUACAO, POS-GRADUACAO, ENSINO, PESQUI;0487;CONCESSAO DE BOLSAS DE ESTUDO NO ENSINO SUPERIOR;0002;CONCESSAO DE BOLSAS DE ESTUDO NO PAIS;12364501304870001;170062;OCCCUO9414N;BF SUPERIOR - PROAP;90;APLICACOES DIRETAS;3;DESPESAS CORRENTES;3;OUTRAS DESPESAS CORRENTES;33;PASSAGENS E DESPESAS COM LOCOMOCAO;339033;PASSAGENS E DESPESAS COM LOCOMOCAO;00;RECURSOS PRIMARIOS DE LIVRE APLICACAO;;;;;930,235.97;97,185.95;;
2020;154039;FUNDACAO UNIVERSIDADE DO AMAZONAS;12;EDUCACAO;364;ENSINO SUPERIOR;5013;EDUCACAO SUPERIOR - GRADUACAO, POS-GRADUACAO, ENSINO, PESQUI;0487;CONCESSAO DE BOLSAS DE ESTUDO NO ENSINO SUPERIOR;0002;CONCESSAO DE BOLSAS DE ESTUDO NO PAIS;12364501304870001;170062;OCCCUO9414N;BF SUPERIOR - PROAP;90;APLICACOES DIRETAS;3;DESPESAS CORRENTES;3;OUTRAS DESPESAS CORRENTES;36;OUTROS SERVICOS DE TERCEIROS - P.FISICA;339036;OUTROS SERVICOS DE TERCEIROS - PESSOA FISICA;00;RECURSOS PRIMARIOS DE LIVRE APLICACAO;;;;;50,000.00;50,000.00;;
2020;154039;FUNDACAO UNIVERSIDADE DO AMAZONAS;12;EDUCACAO;364;ENSINO SUPERIOR;5013;EDUCACAO SUPERIOR - GRADUACAO, POS-GRADUACAO, ENSINO, PESQUI;0487;CONCESSAO DE BOLSAS DE ESTUDO NO ENSINO SUPERIOR;0002;CONCESSAO DE BOLSAS DE ESTUDO NO PAIS;12364501304870001;170062;OCCCUO9414N;BF SUPERIOR - PROAP;90;APLICACOES DIRETAS;3;DESPESAS CORRENTES;3;OUTRAS DESPESAS CORRENTES;39;OUTROS SERVICOS DE TERCEIROS PJ - OP.INT.ORC.;339039;OUTROS SERVICOS DE TERCEIROS - PESSOA JURIDICA;00;RECURSOS PRIMARIOS DE LIVRE APLICACAO;;;;;228,807.50;44,903.00;64,780.50;3,216.15
2020;154039;FUNDACAO UNIVERSIDADE DO AMAZONAS;12;EDUCACAO;364;ENSINO SUPERIOR;5013;EDUCACAO SUPERIOR - GRADUACAO, POS-GRADUACAO, ENSINO, PESQUI;0487;CONCESSAO DE BOLSAS DE ESTUDO NO ENSINO SUPERIOR;0002;CONCESSAO DE BOLSAS DE ESTUDO NO PAIS;12364501304870001;170062;OCCCUO9414N;BF SUPERIOR - PROAP;90;APLICACOES DIRETAS;3;DESPESAS CORRENTES;3;OUTRAS DESPESAS CORRENTES;40;SERVICOS DE TECNOLOGIA DA INFORMACAO E COMUNICACAO - PJ;339040;SERVICOS DE TECNOLOGIA DA INFORMACAO E COMUNICACAO - PJ;00;RECURSOS PRIMARIOS DE LIVRE APLICACAO;;;;;119,384.00;29,846.00;;
2020;154039;FUNDACAO UNIVERSIDADE DO AMAZONAS;12;EDUCACAO;368;EDUCACAO BASICA;5011;EDUCACAO BASICA DE QUALIDADE;20RJ;APOIO A CAPACITACAO E FORMACAO INICIAL E CONTINUADA PARA A E;0003;EDUCACAO BASICA PRESENCIAL;12368501120RJ0001;170065;PCC92B5801N;PARFOR - PARFOR;90;APLICACOES DIRETAS;3;DESPESAS CORRENTES;3;OUTRAS DESPESAS CORRENTES;14;DIARIAS - PESSOAL CIVIL;339014;DIARIAS - PESSOAL CIVIL;00;RECURSOS PRIMARIOS DE LIVRE APLICACAO;;;;;2,385,764.91;453,438.05;1,932,326.86;1,776,581.92
2020;154039;FUNDACAO UNIVERSIDADE DO AMAZONAS;12;EDUCACAO;368;EDUCACAO BASICA;5011;EDUCACAO BASICA DE QUALIDADE;20RJ;APOIO A CAPACITACAO E FORMACAO INICIAL E CONTINUADA PARA A E;0003;EDUCACAO BASICA PRESENCIAL;12368501120RJ0001;170065;PCC92B5801N;PARFOR - PARFOR;90;APLICACOES DIRETAS;3;DESPESAS CORRENTES;3;OUTRAS DESPESAS CORRENTES;36;OUTROS SERVICOS DE TERCEIROS - P.FISICA;339036;OUTROS SERVICOS DE TERCEIROS - PESSOA FISICA;00;RECURSOS PRIMARIOS DE LIVRE APLICACAO;;;;;98,136.00;37,152.00;60,984.00;60,984.00
2020;154039;FUNDACAO UNIVERSIDADE DO AMAZONAS;12;EDUCACAO;368;EDUCACAO BASICA;5011;EDUCACAO BASICA DE QUALIDADE;20RJ;APOIO A CAPACITACAO E FORMACAO INICIAL E CONTINUADA PARA A E;0004;EDUCACAO BASICA A DISTANCIA - SISTEMA UNIVERSIDADE ABERTA DO BRASIL (UAB);12368501120RJ0001;186018;MCC62G22EDN;UAB - UAB TRADICIONAL;90;APLICACOES DIRETAS;3;DESPESAS CORRENTES;3;OUTRAS DESPESAS CORRENTES;14;DIARIAS - PESSOAL CIVIL;339014;DIARIAS - PESSOAL CIVIL;00;RECURSOS PRIMARIOS DE LIVRE APLICACAO;;;;;508,060.80;508,060.80;;
2020;154039;FUNDACAO UNIVERSIDADE DO AMAZONAS;12;EDUCACAO;368;EDUCACAO BASICA;5011;EDUCACAO BASICA DE QUALIDADE;20RJ;APOIO A CAPACITACAO E FORMACAO INICIAL E CONTINUADA PARA A E;0004;EDUCACAO BASICA A DISTANCIA - SISTEMA UNIVERSIDADE ABERTA DO BRASIL (UAB);12368501120RJ0001;186018;MCC62G22EDN;UAB - UAB TRADICIONAL;90;APLICACOES DIRETAS;3;DESPESAS CORRENTES;3;OUTRAS DESPESAS CORRENTES;33;PASSAGENS E DESPESAS COM LOCOMOCAO;339033;PASSAGENS E DESPESAS COM LOCOMOCAO;00;RECURSOS PRIMARIOS DE LIVRE APLICACAO;;;;;1,072,953.42;780,329.76;;
2020;154040;FUNDACAO UNIVERSIDADE DE BRASILIA - FUB;12;EDUCACAO;364;ENSINO SUPERIOR;5013;EDUCACAO SUPERIOR - GRADUACAO, POS-GRADUACAO, ENSINO, PESQUI;0487;CONCESSAO DE BOLSAS DE ESTUDO NO ENSINO SUPERIOR;0002;CONCESSAO DE BOLSAS DE ESTUDO NO PAIS;12364501304870001;170062;OCCCUO9414N;BF SUPERIOR - PROAP;90;APLICACOES DIRETAS;3;DESPESAS CORRENTES;3;OUTRAS DESPESAS CORRENTES;14;DIARIAS - PESSOAL CIVIL;339014;DIARIAS - PESSOAL CIVIL;00;RECURSOS PRIMARIOS DE LIVRE APLICACAO;;;;;1,400,824.52;1,400,000.00;824.52;824.52
2020;154040;FUNDACAO UNIVERSIDADE DE BRASILIA - FUB;12;EDUCACAO;364;ENSINO SUPERIOR;5013;EDUCACAO SUPERIOR - GRADUACAO, POS-GRADUACAO, ENSINO, PESQUI;0487;CONCESSAO DE BOLSAS DE ESTUDO NO ENSINO SUPERIOR;0002;CONCESSAO DE BOLSAS DE ESTUDO NO PAIS;12364501304870001;170062;OCCCUO9414N;BF SUPERIOR - PROAP;90;APLICACOES DIRETAS;3;DESPESAS CORRENTES;3;OUTRAS DESPESAS CORRENTES;18;AUXILIO FINANCEIRO A ESTUDANTES;339018;AUXILIO FINANCEIRO A ESTUDANTES;00;RECURSOS PRIMARIOS DE LIVRE APLICACAO;;;;;11450747.98;1,915,199.41;4,517,824.65;4,433,589.33
2020;154040;FUNDACAO UNIVERSIDADE DE BRASILIA - FUB;12;EDUCACAO;364;ENSINO SUPERIOR;5013;EDUCACAO SUPERIOR - GRADUACAO, POS-GRADUACAO, ENSINO, PESQUI;0487;CONCESSAO DE BOLSAS DE ESTUDO NO ENSINO SUPERIOR;0002;CONCESSAO DE BOLSAS DE ESTUDO NO PAIS;12364501304870001;170062;OCCCUO9414N;BF SUPERIOR - PROAP;90;APLICACOES DIRETAS;3;DESPESAS CORRENTES;3;OUTRAS DESPESAS CORRENTES;30;MATERIAL DE CONSUMO;339030;MATERIAL DE CONSUMO;00;RECURSOS PRIMARIOS DE LIVRE APLICACAO;;;;;419,577.07;102,558.50;97,113.26;91,575.63
2020;154040;FUNDACAO UNIVERSIDADE DE BRASILIA - FUB;12;EDUCACAO;364;ENSINO SUPERIOR;5013;EDUCACAO SUPERIOR - GRADUACAO, POS-GRADUACAO, ENSINO, PESQUI;0487;CONCESSAO DE BOLSAS DE ESTUDO NO ENSINO SUPERIOR;0002;CONCESSAO DE BOLSAS DE ESTUDO NO PAIS;12364501304870001;170062;OCCCUO9414N;BF SUPERIOR - PROAP;90;APLICACOES DIRETAS;3;DESPESAS CORRENTES;3;OUTRAS DESPESAS CORRENTES;33;PASSAGENS E DESPESAS COM LOCOMOCAO;339033;PASSAGENS E DESPESAS COM LOCOMOCAO;00;RECURSOS PRIMARIOS DE LIVRE APLICACAO;;;;;1,800,000.00;1,800,000.00;;
2020;154040;FUNDACAO UNIVERSIDADE DE BRASILIA - FUB;12;EDUCACAO;364;ENSINO SUPERIOR;5013;EDUCACAO SUPERIOR - GRADUACAO, POS-GRADUACAO, ENSINO, PESQUI;0487;CONCESSAO DE BOLSAS DE ESTUDO NO ENSINO SUPERIOR;0002;CONCESSAO DE BOLSAS DE ESTUDO NO PAIS;12364501304870001;170062;OCCCUO9414N;BF SUPERIOR - PROAP;90;APLICACOES DIRETAS;3;DESPESAS CORRENTES;3;OUTRAS DESPESAS CORRENTES;36;OUTROS SERVICOS DE TERCEIROS - P.FISICA;339036;OUTROS SERVICOS DE TERCEIROS - PESSOA FISICA;00;RECURSOS PRIMARIOS DE LIVRE APLICACAO;;;;;300,000.00;300,000.00;;
2020;154040;FUNDACAO UNIVERSIDADE DE BRASILIA - FUB;12;EDUCACAO;364;ENSINO SUPERIOR;5013;EDUCACAO SUPERIOR - GRADUACAO, POS-GRADUACAO, ENSINO, PESQUI;0487;CONCESSAO DE BOLSAS DE ESTUDO NO ENSINO SUPERIOR;0002;CONCESSAO DE BOLSAS DE ESTUDO NO PAIS;12364501304870001;170062;OCCCUO9414N;BF SUPERIOR - PROAP;90;APLICACOES DIRETAS;3;DESPESAS CORRENTES;3;OUTRAS DESPESAS CORRENTES;39;OUTROS SERVICOS DE TERCEIROS PJ - OP.INT.ORC.;339039;OUTROS SERVICOS DE TERCEIROS - PESSOA JURIDICA;00;RECURSOS PRIMARIOS DE LIVRE APLICACAO;;;;;1,970,792.00;403,426.71;1,182,086.39;1,178,807.19
2020;154040;FUNDACAO UNIVERSIDADE DE BRASILIA - FUB;12;EDUCACAO;368;EDUCACAO BASICA;5011;EDUCACAO BASICA DE QUALIDADE;20RJ;APOIO A CAPACITACAO E FORMACAO INICIAL E CONTINUADA PARA A E;0004;EDUCACAO BASICA A DISTANCIA - SISTEMA UNIVERSIDADE ABERTA DO BRASIL (UAB);12368501120RJ0001;186018;MCC62G22EDN;UAB - UAB TRADICIONAL;90;APLICACOES DIRETAS;3;DESPESAS CORRENTES;3;OUTRAS DESPESAS CORRENTES;39;OUTROS SERVICOS DE TERCEIROS PJ - OP.INT.ORC.;339039;OUTROS SERVICOS DE TERCEIROS - PESSOA JURIDICA;00;RECURSOS PRIMARIOS DE LIVRE APLICACAO;;;;;271,560.00;67,890.00;203,670.00;203,670.00
2020;154041;FUNDACAO UNIVERSIDADE FEDERAL DO MARANHAO;12;EDUCACAO;364;ENSINO SUPERIOR;5013;EDUCACAO SUPERIOR - GRADUACAO, POS-GRADUACAO, ENSINO, PESQUI;0487;CONCESSAO DE BOLSAS DE ESTUDO NO ENSINO SUPERIOR;0002;CONCESSAO DE BOLSAS DE ESTUDO NO PAIS;12364501304870001;170062;OCCCUO9414N;BF SUPERIOR - PROAP;90;APLICACOES DIRETAS;3;DESPESAS CORRENTES;3;OUTRAS DESPESAS CORRENTES;14;DIARIAS - PESSOAL CIVIL;339014;DIARIAS - PESSOAL CIVIL;00;RECURSOS PRIMARIOS DE LIVRE APLICACAO;;;;;61,877.05;61,877.05;;
2020;154041;FUNDACAO UNIVERSIDADE FEDERAL DO MARANHAO;12;EDUCACAO;364;ENSINO SUPERIOR;5013;EDUCACAO SUPERIOR - GRADUACAO, POS-GRADUACAO, ENSINO, PESQUI;0487;CONCESSAO DE BOLSAS DE ESTUDO NO ENSINO SUPERIOR;0002;CONCESSAO DE BOLSAS DE ESTUDO NO PAIS;12364501304870001;170062;OCCCUO9414N;BF SUPERIOR - PROAP;90;APLICACOES DIRETAS;3;DESPESAS CORRENTES;3;OUTRAS DESPESAS CORRENTES;18;AUXILIO FINANCEIRO A ESTUDANTES;339018;AUXILIO FINANCEIRO A ESTUDANTES;00;RECURSOS PRIMARIOS DE LIVRE APLICACAO;;;;;4,000.00;500.00;3,500.00;3,200.00
2020;154041;FUNDACAO UNIVERSIDADE FEDERAL DO MARANHAO;12;EDUCACAO;364;ENSINO SUPERIOR;5013;EDUCACAO SUPERIOR - GRADUACAO, POS-GRADUACAO, ENSINO, PESQUI;0487;CONCESSAO DE BOLSAS DE ESTUDO NO ENSINO SUPERIOR;0002;CONCESSAO DE BOLSAS DE ESTUDO NO PAIS;12364501304870001;170062;OCCCUO9414N;BF SUPERIOR - PROAP;90;APLICACOES DIRETAS;3;DESPESAS CORRENTES;3;OUTRAS DESPESAS CORRENTES;20;AUXILIO FINANCEIRO A PESQUISADORES;339020;AUXILIO FINANCEIRO A PESQUISADORES;00;RECURSOS PRIMARIOS DE LIVRE APLICACAO;;;;;1,907,787.86;102,521.36;1,704,152.73;1,393,221.12
2020;154041;FUNDACAO UNIVERSIDADE FEDERAL DO MARANHAO;12;EDUCACAO;364;ENSINO SUPERIOR;5013;EDUCACAO SUPERIOR - GRADUACAO, POS-GRADUACAO, ENSINO, PESQUI;0487;CONCESSAO DE BOLSAS DE ESTUDO NO ENSINO SUPERIOR;0002;CONCESSAO DE BOLSAS DE ESTUDO NO PAIS;12364501304870001;170062;OCCCUO9414N;BF SUPERIOR - PROAP;90;APLICACOES DIRETAS;3;DESPESAS CORRENTES;3;OUTRAS DESPESAS CORRENTES;30;MATERIAL DE CONSUMO;339030;MATERIAL DE CONSUMO;00;RECURSOS PRIMARIOS DE LIVRE APLICACAO;;;;;17,881.68;5,437.89;3,821.76;3,234.36
2020;154041;FUNDACAO UNIVERSIDADE FEDERAL DO MARANHAO;12;EDUCACAO;364;ENSINO SUPERIOR;5013;EDUCACAO SUPERIOR - GRADUACAO, POS-GRADUACAO, ENSINO, PESQUI;0487;CONCESSAO DE BOLSAS DE ESTUDO NO ENSINO SUPERIOR;0002;CONCESSAO DE BOLSAS DE ESTUDO NO PAIS;12364501304870001;170062;OCCCUO9414N;BF SUPERIOR - PROAP;90;APLICACOES DIRETAS;3;DESPESAS CORRENTES;3;OUTRAS DESPESAS CORRENTES;33;PASSAGENS E DESPESAS COM LOCOMOCAO;339033;PASSAGENS E DESPESAS COM LOCOMOCAO;00;RECURSOS PRIMARIOS DE LIVRE APLICACAO;;;;;289,965.23;136,418.42;;
2020;154041;FUNDACAO UNIVERSIDADE FEDERAL DO MARANHAO;12;EDUCACAO;364;ENSINO SUPERIOR;5013;EDUCACAO SUPERIOR - GRADUACAO, POS-GRADUACAO, ENSINO, PESQUI;0487;CONCESSAO DE BOLSAS DE ESTUDO NO ENSINO SUPERIOR;0002;CONCESSAO DE BOLSAS DE ESTUDO NO PAIS;12364501304870001;170062;OCCCUO9414N;BF SUPERIOR - PROAP;90;APLICACOES DIRETAS;3;DESPESAS CORRENTES;3;OUTRAS DESPESAS CORRENTES;36;OUTROS SERVICOS DE TERCEIROS - P.FISICA;339036;OUTROS SERVICOS DE TERCEIROS - PESSOA FISICA;00;RECURSOS PRIMARIOS DE LIVRE APLICACAO;;;;;30,727.50;30,727.50;;
2020;154041;FUNDACAO UNIVERSIDADE FEDERAL DO MARANHAO;12;EDUCACAO;364;ENSINO SUPERIOR;5013;EDUCACAO SUPERIOR - GRADUACAO, POS-GRADUACAO, ENSINO, PESQUI;0487;CONCESSAO DE BOLSAS DE ESTUDO NO ENSINO SUPERIOR;0002;CONCESSAO DE BOLSAS DE ESTUDO NO PAIS;12364501304870001;170062;OCCCUO9414N;BF SUPERIOR - PROAP;90;APLICACOES DIRETAS;3;DESPESAS CORRENTES;3;OUTRAS DESPESAS CORRENTES;39;OUTROS SERVICOS DE TERCEIROS PJ - OP.INT.ORC.;339039;OUTROS SERVICOS DE TERCEIROS - PESSOA JURIDICA;00;RECURSOS PRIMARIOS DE LIVRE APLICACAO;;;;;17,624.75;10,398.78;2,480.00;1,860.00
2020;154041;FUNDACAO UNIVERSIDADE FEDERAL DO MARANHAO;12;EDUCACAO;364;ENSINO SUPERIOR;5013;EDUCACAO SUPERIOR - GRADUACAO, POS-GRADUACAO, ENSINO, PESQUI;0487;CONCESSAO DE BOLSAS DE ESTUDO NO ENSINO SUPERIOR;0002;CONCESSAO DE BOLSAS DE ESTUDO NO PAIS;12364501304870001;170062;OCCCUO9414N;BF SUPERIOR - PROAP;90;APLICACOES DIRETAS;3;DESPESAS CORRENTES;3;OUTRAS DESPESAS CORRENTES;93;INDENIZACOES E RESTITUICOES;339093;INDENIZACOES E RESTITUICOES;00;RECURSOS PRIMARIOS DE LIVRE APLICACAO;;;;;25,088.06;1,942.97;23,145.09;23,145.09
2020;154041;FUNDACAO UNIVERSIDADE FEDERAL DO MARANHAO;12;EDUCACAO;368;EDUCACAO BASICA;5011;EDUCACAO BASICA DE QUALIDADE;20RJ;APOIO A CAPACITACAO E FORMACAO INICIAL E CONTINUADA PARA A E;0003;EDUCACAO BASICA PRESENCIAL;12368501120RJ0001;170065;PCC92B5801N;PARFOR - PARFOR;90;APLICACOES DIRETAS;3;DESPESAS CORRENTES;3;OUTRAS DESPESAS CORRENTES;39;OUTROS SERVICOS DE TERCEIROS PJ - OP.INT.ORC.;339039;OUTROS SERVICOS DE TERCEIROS - PESSOA JURIDICA;00;RECURSOS PRIMARIOS DE LIVRE APLICACAO;;;;;1,925,000.00;0.00;1,925,000.00;1,750,000.00
2020;154041;FUNDACAO UNIVERSIDADE FEDERAL DO MARANHAO;12;EDUCACAO;368;EDUCACAO BASICA;5011;EDUCACAO BASICA DE QUALIDADE;20RJ;APOIO A CAPACITACAO E FORMACAO INICIAL E CONTINUADA PARA A E;0003;EDUCACAO BASICA PRESENCIAL;12368501120RJ0001;186016;PCC92B5801N;PARFOR - PARFOR;90;APLICACOES DIRETAS;3;DESPESAS CORRENTES;3;OUTRAS DESPESAS CORRENTES;39;OUTROS SERVICOS DE TERCEIROS PJ - OP.INT.ORC.;339039;OUTROS SERVICOS DE TERCEIROS - PESSOA JURIDICA;00;RECURSOS PRIMARIOS DE LIVRE APLICACAO;;;;;14925000.00;0.00;14925000.00;13432500.00
2020;154041;FUNDACAO UNIVERSIDADE FEDERAL DO MARANHAO;12;EDUCACAO;368;EDUCACAO BASICA;5011;EDUCACAO BASICA DE QUALIDADE;20RJ;APOIO A CAPACITACAO E FORMACAO INICIAL E CONTINUADA PARA A E;0004;EDUCACAO BASICA A DISTANCIA - SISTEMA UNIVERSIDADE ABERTA DO BRASIL (UAB);12368501120RJ0001;186018;MCC62G22EDN;UAB - UAB TRADICIONAL;90;APLICACOES DIRETAS;3;DESPESAS CORRENTES;3;OUTRAS DESPESAS CORRENTES;39;OUTROS SERVICOS DE TERCEIROS PJ - OP.INT.ORC.;339039;OUTROS SERVICOS DE TERCEIROS - PESSOA JURIDICA;00;RECURSOS PRIMARIOS DE LIVRE APLICACAO;;;;;6,585,870.00;718,045.50;5,636,597.01;5,570,532.00
2020;154041;FUNDACAO UNIVERSIDADE FEDERAL DO MARANHAO;12;EDUCACAO;368;EDUCACAO BASICA;5011;EDUCACAO BASICA DE QUALIDADE;20RJ;APOIO A CAPACITACAO E FORMACAO INICIAL E CONTINUADA PARA A E;0004;EDUCACAO BASICA A DISTANCIA - SISTEMA UNIVERSIDADE ABERTA DO BRASIL (UAB);12368501120RJ0001;186018;MCC62G22EDN;UAB - UAB TRADICIONAL;90;APLICACOES DIRETAS;4;DESPESAS DE CAPITAL;4;INVESTIMENTOS;52;EQUIPAMENTOS E MATERIAL PERMANENTE;449052;EQUIPAMENTOS E MATERIAL PERMANENTE;00;RECURSOS PRIMARIOS DE LIVRE APLICACAO;;;;;89,508.00;0.00;;
2020;154042;UNIVERSIDADE FEDERAL DO RIO GRANDE - FURG;12;EDUCACAO;364;ENSINO SUPERIOR;5013;EDUCACAO SUPERIOR - GRADUACAO, POS-GRADUACAO, ENSINO, PESQUI;0487;CONCESSAO DE BOLSAS DE ESTUDO NO ENSINO SUPERIOR;0002;CONCESSAO DE BOLSAS DE ESTUDO NO PAIS;12364501304870001;170062;OCCCUO9414N;BF SUPERIOR - PROAP;90;APLICACOES DIRETAS;3;DESPESAS CORRENTES;3;OUTRAS DESPESAS CORRENTES;14;DIARIAS - PESSOAL CIVIL;339014;DIARIAS - PESSOAL CIVIL;00;RECURSOS PRIMARIOS DE LIVRE APLICACAO;;;;;50,965.24;2,800.00;48,165.24;48,165.24
2020;154042;UNIVERSIDADE FEDERAL DO RIO GRANDE - FURG;12;EDUCACAO;364;ENSINO SUPERIOR;5013;EDUCACAO SUPERIOR - GRADUACAO, POS-GRADUACAO, ENSINO, PESQUI;0487;CONCESSAO DE BOLSAS DE ESTUDO NO ENSINO SUPERIOR;0002;CONCESSAO DE BOLSAS DE ESTUDO NO PAIS;12364501304870001;170062;OCCCUO9414N;BF SUPERIOR - PROAP;90;APLICACOES DIRETAS;3;DESPESAS CORRENTES;3;OUTRAS DESPESAS CORRENTES;18;AUXILIO FINANCEIRO A ESTUDANTES;339018;AUXILIO FINANCEIRO A ESTUDANTES;00;RECURSOS PRIMARIOS DE LIVRE APLICACAO;;;;;381,291.83;78,429.60;276,606.50;276,606.50
2020;154042;UNIVERSIDADE FEDERAL DO RIO GRANDE - FURG;12;EDUCACAO;364;ENSINO SUPERIOR;5013;EDUCACAO SUPERIOR - GRADUACAO, POS-GRADUACAO, ENSINO, PESQUI;0487;CONCESSAO DE BOLSAS DE ESTUDO NO ENSINO SUPERIOR;0002;CONCESSAO DE BOLSAS DE ESTUDO NO PAIS;12364501304870001;170062;OCCCUO9414N;BF SUPERIOR - PROAP;90;APLICACOES DIRETAS;3;DESPESAS CORRENTES;3;OUTRAS DESPESAS CORRENTES;30;MATERIAL DE CONSUMO;339030;MATERIAL DE CONSUMO;00;RECURSOS PRIMARIOS DE LIVRE APLICACAO;;;;;476,251.46;50,177.40;197,530.49;197,530.49
2020;154042;UNIVERSIDADE FEDERAL DO RIO GRANDE - FURG;12;EDUCACAO;364;ENSINO SUPERIOR;5013;EDUCACAO SUPERIOR - GRADUACAO, POS-GRADUACAO, ENSINO, PESQUI;0487;CONCESSAO DE BOLSAS DE ESTUDO NO ENSINO SUPERIOR;0002;CONCESSAO DE BOLSAS DE ESTUDO NO PAIS;12364501304870001;170062;OCCCUO9414N;BF SUPERIOR - PROAP;90;APLICACOES DIRETAS;3;DESPESAS CORRENTES;3;OUTRAS DESPESAS CORRENTES;33;PASSAGENS E DESPESAS COM LOCOMOCAO;339033;PASSAGENS E DESPESAS COM LOCOMOCAO;00;RECURSOS PRIMARIOS DE LIVRE APLICACAO;;;;;65,505.57;0.00;65,505.57;65,505.57
2020;154042;UNIVERSIDADE FEDERAL DO RIO GRANDE - FURG;12;EDUCACAO;364;ENSINO SUPERIOR;5013;EDUCACAO SUPERIOR - GRADUACAO, POS-GRADUACAO, ENSINO, PESQUI;0487;CONCESSAO DE BOLSAS DE ESTUDO NO ENSINO SUPERIOR;0002;CONCESSAO DE BOLSAS DE ESTUDO NO PAIS;12364501304870001;170062;OCCCUO9414N;BF SUPERIOR - PROAP;90;APLICACOES DIRETAS;3;DESPESAS CORRENTES;3;OUTRAS DESPESAS CORRENTES;36;OUTROS SERVICOS DE TERCEIROS - P.FISICA;339036;OUTROS SERVICOS DE TERCEIROS - PESSOA FISICA;00;RECURSOS PRIMARIOS DE LIVRE APLICACAO;;;;;147,996.89;25,704.75;115,242.89;115,242.89
2020;154042;UNIVERSIDADE FEDERAL DO RIO GRANDE - FURG;12;EDUCACAO;364;ENSINO SUPERIOR;5013;EDUCACAO SUPERIOR - GRADUACAO, POS-GRADUACAO, ENSINO, PESQUI;0487;CONCESSAO DE BOLSAS DE ESTUDO NO ENSINO SUPERIOR;0002;CONCESSAO DE BOLSAS DE ESTUDO NO PAIS;12364501304870001;170062;OCCCUO9414N;BF SUPERIOR - PROAP;90;APLICACOES DIRETAS;3;DESPESAS CORRENTES;3;OUTRAS DESPESAS CORRENTES;39;OUTROS SERVICOS DE TERCEIROS PJ - OP.INT.ORC.;339039;OUTROS SERVICOS DE TERCEIROS - PESSOA JURIDICA;00;RECURSOS PRIMARIOS DE LIVRE APLICACAO;;;;;1,135,785.40;89,082.15;976,445.05;877,076.40
2020;154042;UNIVERSIDADE FEDERAL DO RIO GRANDE - FURG;12;EDUCACAO;364;ENSINO SUPERIOR;5013;EDUCACAO SUPERIOR - GRADUACAO, POS-GRADUACAO, ENSINO, PESQUI;0487;CONCESSAO DE BOLSAS DE ESTUDO NO ENSINO SUPERIOR;0002;CONCESSAO DE BOLSAS DE ESTUDO NO PAIS;12364501304870001;170062;OCCCUO9414N;BF SUPERIOR - PROAP;90;APLICACOES DIRETAS;3;DESPESAS CORRENTES;3;OUTRAS DESPESAS CORRENTES;40;SERVICOS DE TECNOLOGIA DA INFORMACAO E COMUNICACAO - PJ;339040;SERVICOS DE TECNOLOGIA DA INFORMACAO E COMUNICACAO - PJ;00;RECURSOS PRIMARIOS DE LIVRE APLICACAO;;;;;86,089.55;17,301.71;67,530.84;50,648.13
2020;154042;UNIVERSIDADE FEDERAL DO RIO GRANDE - FURG;12;EDUCACAO;364;ENSINO SUPERIOR;5013;EDUCACAO SUPERIOR - GRADUACAO, POS-GRADUACAO, ENSINO, PESQUI;0487;CONCESSAO DE BOLSAS DE ESTUDO NO ENSINO SUPERIOR;0002;CONCESSAO DE BOLSAS DE ESTUDO NO PAIS;12364501304870001;170062;OCCCUO9414N;BF SUPERIOR - PROAP;90;APLICACOES DIRETAS;3;DESPESAS CORRENTES;3;OUTRAS DESPESAS CORRENTES;47;OBRIGACOES TRIBUTARIAS E CONTRIBUTIVAS;339047;OBRIGACOES TRIBUTARIAS E CONTRIBUTIVAS;00;RECURSOS PRIMARIOS DE LIVRE APLICACAO;;;;;9,744.66;0.00;9,744.66;9,744.66
2020;154042;UNIVERSIDADE FEDERAL DO RIO GRANDE - FURG;12;EDUCACAO;364;ENSINO SUPERIOR;5013;EDUCACAO SUPERIOR - GRADUACAO, POS-GRADUACAO, ENSINO, PESQUI;0487;CONCESSAO DE BOLSAS DE ESTUDO NO ENSINO SUPERIOR;0002;CONCESSAO DE BOLSAS DE ESTUDO NO PAIS;12364501304870001;170062;OCCCUO9414N;BF SUPERIOR - PROAP;91;APLICACOES DIRETAS - OPERACOES INTERNAS;3;DESPESAS CORRENTES;3;OUTRAS DESPESAS CORRENTES;47;OBRIGACOES TRIBUTARIAS E CONTRIBUTIVAS;339147;OBRIG.TRIBUT.E CONTRIB-OP.INTRA-ORCAMENTARIAS;00;RECURSOS PRIMARIOS DE LIVRE APLICACAO;;;;;19,805.80;5,140.95;13,255.00;13,255.00
2020;154042;UNIVERSIDADE FEDERAL DO RIO GRANDE - FURG;12;EDUCACAO;368;EDUCACAO BASICA;5011;EDUCACAO BASICA DE QUALIDADE;20RJ;APOIO A CAPACITACAO E FORMACAO INICIAL E CONTINUADA PARA A E;0004;EDUCACAO BASICA A DISTANCIA - SISTEMA UNIVERSIDADE ABERTA DO BRASIL (UAB);12368501120RJ0001;186018;MCC62G22EDN;UAB - UAB TRADICIONAL;90;APLICACOES DIRETAS;3;DESPESAS CORRENTES;3;OUTRAS DESPESAS CORRENTES;14;DIARIAS - PESSOAL CIVIL;339014;DIARIAS - PESSOAL CIVIL;00;RECURSOS PRIMARIOS DE LIVRE APLICACAO;;;;;24,000.00;4,000.00;20,000.00;16,000.00
2020;154042;UNIVERSIDADE FEDERAL DO RIO GRANDE - FURG;12;EDUCACAO;368;EDUCACAO BASICA;5011;EDUCACAO BASICA DE QUALIDADE;20RJ;APOIO A CAPACITACAO E FORMACAO INICIAL E CONTINUADA PARA A E;0004;EDUCACAO BASICA A DISTANCIA - SISTEMA UNIVERSIDADE ABERTA DO BRASIL (UAB);12368501120RJ0001;186018;MCC62G22EDN;UAB - UAB TRADICIONAL;90;APLICACOES DIRETAS;3;DESPESAS CORRENTES;3;OUTRAS DESPESAS CORRENTES;30;MATERIAL DE CONSUMO;339030;MATERIAL DE CONSUMO;00;RECURSOS PRIMARIOS DE LIVRE APLICACAO;;;;;34,279.20;5,713.20;28,566.00;22,852.80
2020;154042;UNIVERSIDADE FEDERAL DO RIO GRANDE - FURG;12;EDUCACAO;368;EDUCACAO BASICA;5011;EDUCACAO BASICA DE QUALIDADE;20RJ;APOIO A CAPACITACAO E FORMACAO INICIAL E CONTINUADA PARA A E;0004;EDUCACAO BASICA A DISTANCIA - SISTEMA UNIVERSIDADE ABERTA DO BRASIL (UAB);12368501120RJ0001;186018;MCC62G22EDN;UAB - UAB TRADICIONAL;90;APLICACOES DIRETAS;3;DESPESAS CORRENTES;3;OUTRAS DESPESAS CORRENTES;33;PASSAGENS E DESPESAS COM LOCOMOCAO;339033;PASSAGENS E DESPESAS COM LOCOMOCAO;00;RECURSOS PRIMARIOS DE LIVRE APLICACAO;;;;;6,000.00;1,000.00;5,000.00;4,000.00
2020;154042;UNIVERSIDADE FEDERAL DO RIO GRANDE - FURG;12;EDUCACAO;368;EDUCACAO BASICA;5011;EDUCACAO BASICA DE QUALIDADE;20RJ;APOIO A CAPACITACAO E FORMACAO INICIAL E CONTINUADA PARA A E;0004;EDUCACAO BASICA A DISTANCIA - SISTEMA UNIVERSIDADE ABERTA DO BRASIL (UAB);12368501120RJ0001;186018;MCC62G22EDN;UAB - UAB TRADICIONAL;90;APLICACOES DIRETAS;3;DESPESAS CORRENTES;3;OUTRAS DESPESAS CORRENTES;36;OUTROS SERVICOS DE TERCEIROS - P.FISICA;339036;OUTROS SERVICOS DE TERCEIROS - PESSOA FISICA;00;RECURSOS PRIMARIOS DE LIVRE APLICACAO;;;;;126,000.00;21,000.00;105,000.00;84,000.00
2020;154042;UNIVERSIDADE FEDERAL DO RIO GRANDE - FURG;12;EDUCACAO;368;EDUCACAO BASICA;5011;EDUCACAO BASICA DE QUALIDADE;20RJ;APOIO A CAPACITACAO E FORMACAO INICIAL E CONTINUADA PARA A E;0004;EDUCACAO BASICA A DISTANCIA - SISTEMA UNIVERSIDADE ABERTA DO BRASIL (UAB);12368501120RJ0001;186018;MCC62G22EDN;UAB - UAB TRADICIONAL;90;APLICACOES DIRETAS;3;DESPESAS CORRENTES;3;OUTRAS DESPESAS CORRENTES;39;OUTROS SERVICOS DE TERCEIROS PJ - OP.INT.ORC.;339039;OUTROS SERVICOS DE TERCEIROS - PESSOA JURIDICA;00;RECURSOS PRIMARIOS DE LIVRE APLICACAO;;;;;902,260.80;267,080.80;635,180.00;543,155.20
2020;154042;UNIVERSIDADE FEDERAL DO RIO GRANDE - FURG;12;EDUCACAO;368;EDUCACAO BASICA;5011;EDUCACAO BASICA DE QUALIDADE;20RJ;APOIO A CAPACITACAO E FORMACAO INICIAL E CONTINUADA PARA A E;0004;EDUCACAO BASICA A DISTANCIA - SISTEMA UNIVERSIDADE ABERTA DO BRASIL (UAB);12368501120RJ0001;186018;QCC62T58MAN;UAB - UAB PROFMAT;90;APLICACOES DIRETAS;3;DESPESAS CORRENTES;3;OUTRAS DESPESAS CORRENTES;30;MATERIAL DE CONSUMO;339030;MATERIAL DE CONSUMO;00;RECURSOS PRIMARIOS DE LIVRE APLICACAO;;;;;7,017.54;0.00;;
2020;154043;FUNDACAO UNIVERSIDADE FEDERAL DE UBERLANDIA;12;EDUCACAO;364;ENSINO SUPERIOR;5013;EDUCACAO SUPERIOR - GRADUACAO, POS-GRADUACAO, ENSINO, PESQUI;0487;CONCESSAO DE BOLSAS DE ESTUDO NO ENSINO SUPERIOR;0002;CONCESSAO DE BOLSAS DE ESTUDO NO PAIS;12364501304870001;170062;OCCCUO9414N;BF SUPERIOR - PROAP;90;APLICACOES DIRETAS;3;DESPESAS CORRENTES;3;OUTRAS DESPESAS CORRENTES;18;AUXILIO FINANCEIRO A ESTUDANTES;339018;AUXILIO FINANCEIRO A ESTUDANTES;00;RECURSOS PRIMARIOS DE LIVRE APLICACAO;;;;;230,000.00;20,000.00;8,591.52;8,591.52
2020;154043;FUNDACAO UNIVERSIDADE FEDERAL DE UBERLANDIA;12;EDUCACAO;364;ENSINO SUPERIOR;5013;EDUCACAO SUPERIOR - GRADUACAO, POS-GRADUACAO, ENSINO, PESQUI;0487;CONCESSAO DE BOLSAS DE ESTUDO NO ENSINO SUPERIOR;0002;CONCESSAO DE BOLSAS DE ESTUDO NO PAIS;12364501304870001;170062;OCCCUO9414N;BF SUPERIOR - PROAP;90;APLICACOES DIRETAS;3;DESPESAS CORRENTES;3;OUTRAS DESPESAS CORRENTES;30;MATERIAL DE CONSUMO;339030;MATERIAL DE CONSUMO;00;RECURSOS PRIMARIOS DE LIVRE APLICACAO;;;;;228,958.15;10,736.63;21,638.00;21,116.00
2020;154043;FUNDACAO UNIVERSIDADE FEDERAL DE UBERLANDIA;12;EDUCACAO;364;ENSINO SUPERIOR;5013;EDUCACAO SUPERIOR - GRADUACAO, POS-GRADUACAO, ENSINO, PESQUI;0487;CONCESSAO DE BOLSAS DE ESTUDO NO ENSINO SUPERIOR;0002;CONCESSAO DE BOLSAS DE ESTUDO NO PAIS;12364501304870001;170062;OCCCUO9414N;BF SUPERIOR - PROAP;90;APLICACOES DIRETAS;3;DESPESAS CORRENTES;3;OUTRAS DESPESAS CORRENTES;33;PASSAGENS E DESPESAS COM LOCOMOCAO;339033;PASSAGENS E DESPESAS COM LOCOMOCAO;00;RECURSOS PRIMARIOS DE LIVRE APLICACAO;;;;;89,451.03;0.00;;
2020;154043;FUNDACAO UNIVERSIDADE FEDERAL DE UBERLANDIA;12;EDUCACAO;364;ENSINO SUPERIOR;5013;EDUCACAO SUPERIOR - GRADUACAO, POS-GRADUACAO, ENSINO, PESQUI;0487;CONCESSAO DE BOLSAS DE ESTUDO NO ENSINO SUPERIOR;0002;CONCESSAO DE BOLSAS DE ESTUDO NO PAIS;12364501304870001;170062;OCCCUO9414N;BF SUPERIOR - PROAP;90;APLICACOES DIRETAS;3;DESPESAS CORRENTES;3;OUTRAS DESPESAS CORRENTES;39;OUTROS SERVICOS DE TERCEIROS PJ - OP.INT.ORC.;339039;OUTROS SERVICOS DE TERCEIROS - PESSOA JURIDICA;00;RECURSOS PRIMARIOS DE LIVRE APLICACAO;;;;;1,658,683.82;39,322.60;161,584.60;158,966.00
2020;154043;FUNDACAO UNIVERSIDADE FEDERAL DE UBERLANDIA;12;EDUCACAO;364;ENSINO SUPERIOR;5013;EDUCACAO SUPERIOR - GRADUACAO, POS-GRADUACAO, ENSINO, PESQUI;0487;CONCESSAO DE BOLSAS DE ESTUDO NO ENSINO SUPERIOR;0002;CONCESSAO DE BOLSAS DE ESTUDO NO PAIS;12364501304870001;170062;OCCCUO9414N;BF SUPERIOR - PROAP;90;APLICACOES DIRETAS;3;DESPESAS CORRENTES;3;OUTRAS DESPESAS CORRENTES;93;INDENIZACOES E RESTITUICOES;339093;INDENIZACOES E RESTITUICOES;00;RECURSOS PRIMARIOS DE LIVRE APLICACAO;;;;;3,671,213.15;814,591.86;1,524,551.27;1,468,705.18
2020;154043;FUNDACAO UNIVERSIDADE FEDERAL DE UBERLANDIA;12;EDUCACAO;368;EDUCACAO BASICA;5011;EDUCACAO BASICA DE QUALIDADE;20RJ;APOIO A CAPACITACAO E FORMACAO INICIAL E CONTINUADA PARA A E;0004;EDUCACAO BASICA A DISTANCIA - SISTEMA UNIVERSIDADE ABERTA DO BRASIL (UAB);12368501120RJ0001;186018;MCC62G22EDN;UAB - UAB TRADICIONAL;50;TRANSFERENCIA INSTITUICOES PRIVADAS SEM FINS LUCRATIVOS;3;DESPESAS CORRENTES;3;OUTRAS DESPESAS CORRENTES;39;OUTROS SERVICOS DE TERCEIROS PJ - OP.INT.ORC.;335039;OUTROS SERVICOS DE TERCEIROS-PESSOA JURIDICA;00;RECURSOS PRIMARIOS DE LIVRE APLICACAO;;;;;288,000.00;72,000.00;;
2020;154043;FUNDACAO UNIVERSIDADE FEDERAL DE UBERLANDIA;12;EDUCACAO;368;EDUCACAO BASICA;5011;EDUCACAO BASICA DE QUALIDADE;20RJ;APOIO A CAPACITACAO E FORMACAO INICIAL E CONTINUADA PARA A E;0004;EDUCACAO BASICA A DISTANCIA - SISTEMA UNIVERSIDADE ABERTA DO BRASIL (UAB);12368501120RJ0001;186018;MCC62G22EDN;UAB - UAB TRADICIONAL;90;APLICACOES DIRETAS;3;DESPESAS CORRENTES;3;OUTRAS DESPESAS CORRENTES;33;PASSAGENS E DESPESAS COM LOCOMOCAO;339033;PASSAGENS E DESPESAS COM LOCOMOCAO;00;RECURSOS PRIMARIOS DE LIVRE APLICACAO;;;;;150,000.00;60,000.00;;
2020;154043;FUNDACAO UNIVERSIDADE FEDERAL DE UBERLANDIA;12;EDUCACAO;368;EDUCACAO BASICA;5011;EDUCACAO BASICA DE QUALIDADE;20RJ;APOIO A CAPACITACAO E FORMACAO INICIAL E CONTINUADA PARA A E;0004;EDUCACAO BASICA A DISTANCIA - SISTEMA UNIVERSIDADE ABERTA DO BRASIL (UAB);12368501120RJ0001;186018;MCC62G22EDN;UAB - UAB TRADICIONAL;90;APLICACOES DIRETAS;3;DESPESAS CORRENTES;3;OUTRAS DESPESAS CORRENTES;36;OUTROS SERVICOS DE TERCEIROS - P.FISICA;339036;OUTROS SERVICOS DE TERCEIROS - PESSOA FISICA;00;RECURSOS PRIMARIOS DE LIVRE APLICACAO;;;;;1,604,960.00;617,240.00;;
2020;154043;FUNDACAO UNIVERSIDADE FEDERAL DE UBERLANDIA;12;EDUCACAO;368;EDUCACAO BASICA;5011;EDUCACAO BASICA DE QUALIDADE;20RJ;APOIO A CAPACITACAO E FORMACAO INICIAL E CONTINUADA PARA A E;0004;EDUCACAO BASICA A DISTANCIA - SISTEMA UNIVERSIDADE ABERTA DO BRASIL (UAB);12368501120RJ0001;186018;MCC62G22EDN;UAB - UAB TRADICIONAL;90;APLICACOES DIRETAS;3;DESPESAS CORRENTES;3;OUTRAS DESPESAS CORRENTES;39;OUTROS SERVICOS DE TERCEIROS PJ - OP.INT.ORC.;339039;OUTROS SERVICOS DE TERCEIROS - PESSOA JURIDICA;00;RECURSOS PRIMARIOS DE LIVRE APLICACAO;;;;;352,194.70;28,000.00;;
2020;154043;FUNDACAO UNIVERSIDADE FEDERAL DE UBERLANDIA;12;EDUCACAO;368;EDUCACAO BASICA;5011;EDUCACAO BASICA DE QUALIDADE;20RJ;APOIO A CAPACITACAO E FORMACAO INICIAL E CONTINUADA PARA A E;0004;EDUCACAO BASICA A DISTANCIA - SISTEMA UNIVERSIDADE ABERTA DO BRASIL (UAB);12368501120RJ0001;186018;QCC62T58HIN;UAB - UAB PROFHISTORIA;90;APLICACOES DIRETAS;3;DESPESAS CORRENTES;3;OUTRAS DESPESAS CORRENTES;39;OUTROS SERVICOS DE TERCEIROS PJ - OP.INT.ORC.;339039;OUTROS SERVICOS DE TERCEIROS - PESSOA JURIDICA;00;RECURSOS PRIMARIOS DE LIVRE APLICACAO;;;;;22,310.40;0.00;;
2020;154043;FUNDACAO UNIVERSIDADE FEDERAL DE UBERLANDIA;12;EDUCACAO;368;EDUCACAO BASICA;5011;EDUCACAO BASICA DE QUALIDADE;20RJ;APOIO A CAPACITACAO E FORMACAO INICIAL E CONTINUADA PARA A E;0004;EDUCACAO BASICA A DISTANCIA - SISTEMA UNIVERSIDADE ABERTA DO BRASIL (UAB);12368501120RJ0001;186018;QCC62T58HIN;UAB - UAB PROFHISTORIA;90;APLICACOES DIRETAS;3;DESPESAS CORRENTES;3;OUTRAS DESPESAS CORRENTES;93;INDENIZACOES E RESTITUICOES;339093;INDENIZACOES E RESTITUICOES;00;RECURSOS PRIMARIOS DE LIVRE APLICACAO;;;;;1,125.00;0.00;1,125.00;1,125.00
2020;154043;FUNDACAO UNIVERSIDADE FEDERAL DE UBERLANDIA;12;EDUCACAO;368;EDUCACAO BASICA;5011;EDUCACAO BASICA DE QUALIDADE;20RJ;APOIO A CAPACITACAO E FORMACAO INICIAL E CONTINUADA PARA A E;0004;EDUCACAO BASICA A DISTANCIA - SISTEMA UNIVERSIDADE ABERTA DO BRASIL (UAB);12368501120RJ0001;186018;QCC62T58LEN;UAB - UAB PROFLETRAS;90;APLICACOES DIRETAS;3;DESPESAS CORRENTES;3;OUTRAS DESPESAS CORRENTES;14;DIARIAS - PESSOAL CIVIL;339014;DIARIAS - PESSOAL CIVIL;00;RECURSOS PRIMARIOS DE LIVRE APLICACAO;;;;;18,496.50;18,496.50;;
2020;154043;FUNDACAO UNIVERSIDADE FEDERAL DE UBERLANDIA;12;EDUCACAO;368;EDUCACAO BASICA;5011;EDUCACAO BASICA DE QUALIDADE;20RJ;APOIO A CAPACITACAO E FORMACAO INICIAL E CONTINUADA PARA A E;0004;EDUCACAO BASICA A DISTANCIA - SISTEMA UNIVERSIDADE ABERTA DO BRASIL (UAB);12368501120RJ0001;186018;QCC62T58LEN;UAB - UAB PROFLETRAS;90;APLICACOES DIRETAS;3;DESPESAS CORRENTES;3;OUTRAS DESPESAS CORRENTES;18;AUXILIO FINANCEIRO A ESTUDANTES;339018;AUXILIO FINANCEIRO A ESTUDANTES;00;RECURSOS PRIMARIOS DE LIVRE APLICACAO;;;;;49,452.00;24,726.00;;
2020;154043;FUNDACAO UNIVERSIDADE FEDERAL DE UBERLANDIA;12;EDUCACAO;368;EDUCACAO BASICA;5011;EDUCACAO BASICA DE QUALIDADE;20RJ;APOIO A CAPACITACAO E FORMACAO INICIAL E CONTINUADA PARA A E;0004;EDUCACAO BASICA A DISTANCIA - SISTEMA UNIVERSIDADE ABERTA DO BRASIL (UAB);12368501120RJ0001;186018;QCC62T58LEN;UAB - UAB PROFLETRAS;90;APLICACOES DIRETAS;3;DESPESAS CORRENTES;3;OUTRAS DESPESAS CORRENTES;33;PASSAGENS E DESPESAS COM LOCOMOCAO;339033;PASSAGENS E DESPESAS COM LOCOMOCAO;00;RECURSOS PRIMARIOS DE LIVRE APLICACAO;;;;;99,000.00;49,500.00;;
2020;154043;FUNDACAO UNIVERSIDADE FEDERAL DE UBERLANDIA;12;EDUCACAO;368;EDUCACAO BASICA;5011;EDUCACAO BASICA DE QUALIDADE;20RJ;APOIO A CAPACITACAO E FORMACAO INICIAL E CONTINUADA PARA A E;0004;EDUCACAO BASICA A DISTANCIA - SISTEMA UNIVERSIDADE ABERTA DO BRASIL (UAB);12368501120RJ0001;186018;QCC62T58LEN;UAB - UAB PROFLETRAS;90;APLICACOES DIRETAS;3;DESPESAS CORRENTES;3;OUTRAS DESPESAS CORRENTES;39;OUTROS SERVICOS DE TERCEIROS PJ - OP.INT.ORC.;339039;OUTROS SERVICOS DE TERCEIROS - PESSOA JURIDICA;00;RECURSOS PRIMARIOS DE LIVRE APLICACAO;;;;;55,717.50;0.00;;
2020;154044;FUNDACAO UNIVERSIDADE FEDERAL DO ACRE;12;EDUCACAO;364;ENSINO SUPERIOR;5013;EDUCACAO SUPERIOR - GRADUACAO, POS-GRADUACAO, ENSINO, PESQUI;0487;CONCESSAO DE BOLSAS DE ESTUDO NO ENSINO SUPERIOR;0002;CONCESSAO DE BOLSAS DE ESTUDO NO PAIS;12364501304870001;170062;OCCCUO9414N;BF SUPERIOR - PROAP;90;APLICACOES DIRETAS;3;DESPESAS CORRENTES;3;OUTRAS DESPESAS CORRENTES;14;DIARIAS - PESSOAL CIVIL;339014;DIARIAS - PESSOAL CIVIL;00;RECURSOS PRIMARIOS DE LIVRE APLICACAO;;;;;8,420.00;8,420.00;;
2020;154044;FUNDACAO UNIVERSIDADE FEDERAL DO ACRE;12;EDUCACAO;364;ENSINO SUPERIOR;5013;EDUCACAO SUPERIOR - GRADUACAO, POS-GRADUACAO, ENSINO, PESQUI;0487;CONCESSAO DE BOLSAS DE ESTUDO NO ENSINO SUPERIOR;0002;CONCESSAO DE BOLSAS DE ESTUDO NO PAIS;12364501304870001;170062;OCCCUO9414N;BF SUPERIOR - PROAP;90;APLICACOES DIRETAS;3;DESPESAS CORRENTES;3;OUTRAS DESPESAS CORRENTES;18;AUXILIO FINANCEIRO A ESTUDANTES;339018;AUXILIO FINANCEIRO A ESTUDANTES;00;RECURSOS PRIMARIOS DE LIVRE APLICACAO;;;;;901.40;901.40;;
2020;154044;FUNDACAO UNIVERSIDADE FEDERAL DO ACRE;12;EDUCACAO;364;ENSINO SUPERIOR;5013;EDUCACAO SUPERIOR - GRADUACAO, POS-GRADUACAO, ENSINO, PESQUI;0487;CONCESSAO DE BOLSAS DE ESTUDO NO ENSINO SUPERIOR;0002;CONCESSAO DE BOLSAS DE ESTUDO NO PAIS;12364501304870001;170062;OCCCUO9414N;BF SUPERIOR - PROAP;90;APLICACOES DIRETAS;3;DESPESAS CORRENTES;3;OUTRAS DESPESAS CORRENTES;20;AUXILIO FINANCEIRO A PESQUISADORES;339020;AUXILIO FINANCEIRO A PESQUISADORES;00;RECURSOS PRIMARIOS DE LIVRE APLICACAO;;;;;1,170,680.34;177,091.71;874,137.54;791,240.69
2020;154044;FUNDACAO UNIVERSIDADE FEDERAL DO ACRE;12;EDUCACAO;364;ENSINO SUPERIOR;5013;EDUCACAO SUPERIOR - GRADUACAO, POS-GRADUACAO, ENSINO, PESQUI;0487;CONCESSAO DE BOLSAS DE ESTUDO NO ENSINO SUPERIOR;0002;CONCESSAO DE BOLSAS DE ESTUDO NO PAIS;12364501304870001;170062;OCCCUO9414N;BF SUPERIOR - PROAP;90;APLICACOES DIRETAS;3;DESPESAS CORRENTES;3;OUTRAS DESPESAS CORRENTES;33;PASSAGENS E DESPESAS COM LOCOMOCAO;339033;PASSAGENS E DESPESAS COM LOCOMOCAO;00;RECURSOS PRIMARIOS DE LIVRE APLICACAO;;;;;19,007.60;19,007.60;;
2020;154044;FUNDACAO UNIVERSIDADE FEDERAL DO ACRE;12;EDUCACAO;368;EDUCACAO BASICA;5011;EDUCACAO BASICA DE QUALIDADE;20RJ;APOIO A CAPACITACAO E FORMACAO INICIAL E CONTINUADA PARA A E;0004;EDUCACAO BASICA A DISTANCIA - SISTEMA UNIVERSIDADE ABERTA DO BRASIL (UAB);12368501120RJ0001;170067;MCC62G22EDN;UAB - UAB TRADICIONAL;90;APLICACOES DIRETAS;3;DESPESAS CORRENTES;3;OUTRAS DESPESAS CORRENTES;14;DIARIAS - PESSOAL CIVIL;339014;DIARIAS - PESSOAL CIVIL;00;RECURSOS PRIMARIOS DE LIVRE APLICACAO;;;;;204,300.00;204,300.00;;
2020;154044;FUNDACAO UNIVERSIDADE FEDERAL DO ACRE;12;EDUCACAO;368;EDUCACAO BASICA;5011;EDUCACAO BASICA DE QUALIDADE;20RJ;APOIO A CAPACITACAO E FORMACAO INICIAL E CONTINUADA PARA A E;0004;EDUCACAO BASICA A DISTANCIA - SISTEMA UNIVERSIDADE ABERTA DO BRASIL (UAB);12368501120RJ0001;186018;MCC62G22EDN;UAB - UAB TRADICIONAL;90;APLICACOES DIRETAS;3;DESPESAS CORRENTES;3;OUTRAS DESPESAS CORRENTES;14;DIARIAS - PESSOAL CIVIL;339014;DIARIAS - PESSOAL CIVIL;00;RECURSOS PRIMARIOS DE LIVRE APLICACAO;;;;;110,025.44;103,544.00;6,481.44;6,481.44
2020;154044;FUNDACAO UNIVERSIDADE FEDERAL DO ACRE;12;EDUCACAO;368;EDUCACAO BASICA;5011;EDUCACAO BASICA DE QUALIDADE;20RJ;APOIO A CAPACITACAO E FORMACAO INICIAL E CONTINUADA PARA A E;0004;EDUCACAO BASICA A DISTANCIA - SISTEMA UNIVERSIDADE ABERTA DO BRASIL (UAB);12368501120RJ0001;186018;MCC62G22EDN;UAB - UAB TRADICIONAL;90;APLICACOES DIRETAS;3;DESPESAS CORRENTES;3;OUTRAS DESPESAS CORRENTES;18;AUXILIO FINANCEIRO A ESTUDANTES;339018;AUXILIO FINANCEIRO A ESTUDANTES;00;RECURSOS PRIMARIOS DE LIVRE APLICACAO;;;;;42,000.00;42,000.00;;
2020;154045;FUNDACAO UNIVERSIDADE FEDERAL DE MATO GROSSO;12;EDUCACAO;364;ENSINO SUPERIOR;5013;EDUCACAO SUPERIOR - GRADUACAO, POS-GRADUACAO, ENSINO, PESQUI;0487;CONCESSAO DE BOLSAS DE ESTUDO NO ENSINO SUPERIOR;0002;CONCESSAO DE BOLSAS DE ESTUDO NO PAIS;12364501304870001;170062;OCCCUO9414N;BF SUPERIOR - PROAP;90;APLICACOES DIRETAS;3;DESPESAS CORRENTES;3;OUTRAS DESPESAS CORRENTES;14;DIARIAS - PESSOAL CIVIL;339014;DIARIAS - PESSOAL CIVIL;00;RECURSOS PRIMARIOS DE LIVRE APLICACAO;;;;;1,074,341.55;473,238.07;601,103.48;556,125.29
2020;154045;FUNDACAO UNIVERSIDADE FEDERAL DE MATO GROSSO;12;EDUCACAO;364;ENSINO SUPERIOR;5013;EDUCACAO SUPERIOR - GRADUACAO, POS-GRADUACAO, ENSINO, PESQUI;0487;CONCESSAO DE BOLSAS DE ESTUDO NO ENSINO SUPERIOR;0002;CONCESSAO DE BOLSAS DE ESTUDO NO PAIS;12364501304870001;170062;OCCCUO9414N;BF SUPERIOR - PROAP;90;APLICACOES DIRETAS;3;DESPESAS CORRENTES;3;OUTRAS DESPESAS CORRENTES;18;AUXILIO FINANCEIRO A ESTUDANTES;339018;AUXILIO FINANCEIRO A ESTUDANTES;00;RECURSOS PRIMARIOS DE LIVRE APLICACAO;;;;;763,291.82;276,374.53;486,917.29;474,757.88
2020;154045;FUNDACAO UNIVERSIDADE FEDERAL DE MATO GROSSO;12;EDUCACAO;364;ENSINO SUPERIOR;5013;EDUCACAO SUPERIOR - GRADUACAO, POS-GRADUACAO, ENSINO, PESQUI;0487;CONCESSAO DE BOLSAS DE ESTUDO NO ENSINO SUPERIOR;0002;CONCESSAO DE BOLSAS DE ESTUDO NO PAIS;12364501304870001;170062;OCCCUO9414N;BF SUPERIOR - PROAP;90;APLICACOES DIRETAS;3;DESPESAS CORRENTES;3;OUTRAS DESPESAS CORRENTES;20;AUXILIO FINANCEIRO A PESQUISADORES;339020;AUXILIO FINANCEIRO A PESQUISADORES;00;RECURSOS PRIMARIOS DE LIVRE APLICACAO;;;;;2,828,420.12;794,947.75;1,315,007.35;1,215,004.50
2020;154045;FUNDACAO UNIVERSIDADE FEDERAL DE MATO GROSSO;12;EDUCACAO;364;ENSINO SUPERIOR;5013;EDUCACAO SUPERIOR - GRADUACAO, POS-GRADUACAO, ENSINO, PESQUI;0487;CONCESSAO DE BOLSAS DE ESTUDO NO ENSINO SUPERIOR;0002;CONCESSAO DE BOLSAS DE ESTUDO NO PAIS;12364501304870001;170062;OCCCUO9414N;BF SUPERIOR - PROAP;90;APLICACOES DIRETAS;3;DESPESAS CORRENTES;3;OUTRAS DESPESAS CORRENTES;30;MATERIAL DE CONSUMO;339030;MATERIAL DE CONSUMO;00;RECURSOS PRIMARIOS DE LIVRE APLICACAO;;;;;12,689.64;5,534.64;;
2020;154045;FUNDACAO UNIVERSIDADE FEDERAL DE MATO GROSSO;12;EDUCACAO;364;ENSINO SUPERIOR;5013;EDUCACAO SUPERIOR - GRADUACAO, POS-GRADUACAO, ENSINO, PESQUI;0487;CONCESSAO DE BOLSAS DE ESTUDO NO ENSINO SUPERIOR;0002;CONCESSAO DE BOLSAS DE ESTUDO NO PAIS;12364501304870001;170062;OCCCUO9414N;BF SUPERIOR - PROAP;90;APLICACOES DIRETAS;3;DESPESAS CORRENTES;3;OUTRAS DESPESAS CORRENTES;33;PASSAGENS E DESPESAS COM LOCOMOCAO;339033;PASSAGENS E DESPESAS COM LOCOMOCAO;00;RECURSOS PRIMARIOS DE LIVRE APLICACAO;;;;;27,373.43;23,808.18;3,565.25;3,565.25
2020;154045;FUNDACAO UNIVERSIDADE FEDERAL DE MATO GROSSO;12;EDUCACAO;364;ENSINO SUPERIOR;5013;EDUCACAO SUPERIOR - GRADUACAO, POS-GRADUACAO, ENSINO, PESQUI;0487;CONCESSAO DE BOLSAS DE ESTUDO NO ENSINO SUPERIOR;0002;CONCESSAO DE BOLSAS DE ESTUDO NO PAIS;12364501304870001;170062;OCCCUO9414N;BF SUPERIOR - PROAP;90;APLICACOES DIRETAS;3;DESPESAS CORRENTES;3;OUTRAS DESPESAS CORRENTES;36;OUTROS SERVICOS DE TERCEIROS - P.FISICA;339036;OUTROS SERVICOS DE TERCEIROS - PESSOA FISICA;00;RECURSOS PRIMARIOS DE LIVRE APLICACAO;;;;;74,306.73;55,065.36;19,241.37;16,232.37
2020;154045;FUNDACAO UNIVERSIDADE FEDERAL DE MATO GROSSO;12;EDUCACAO;368;EDUCACAO BASICA;5011;EDUCACAO BASICA DE QUALIDADE;20RJ;APOIO A CAPACITACAO E FORMACAO INICIAL E CONTINUADA PARA A E;0004;EDUCACAO BASICA A DISTANCIA - SISTEMA UNIVERSIDADE ABERTA DO BRASIL (UAB);12368501120RJ0001;186018;MCC62G22EDN;UAB - UAB TRADICIONAL;90;APLICACOES DIRETAS;3;DESPESAS CORRENTES;3;OUTRAS DESPESAS CORRENTES;36;OUTROS SERVICOS DE TERCEIROS - P.FISICA;339036;OUTROS SERVICOS DE TERCEIROS - PESSOA FISICA;00;RECURSOS PRIMARIOS DE LIVRE APLICACAO;;;;;5,799,772.00;0.00;5,799,772.00;5,272,520.00
2020;154045;FUNDACAO UNIVERSIDADE FEDERAL DE MATO GROSSO;12;EDUCACAO;368;EDUCACAO BASICA;5011;EDUCACAO BASICA DE QUALIDADE;20RJ;APOIO A CAPACITACAO E FORMACAO INICIAL E CONTINUADA PARA A E;0004;EDUCACAO BASICA A DISTANCIA - SISTEMA UNIVERSIDADE ABERTA DO BRASIL (UAB);12368501120RJ0001;186018;MCC62G22EDN;UAB - UAB TRADICIONAL;90;APLICACOES DIRETAS;3;DESPESAS CORRENTES;3;OUTRAS DESPESAS CORRENTES;39;OUTROS SERVICOS DE TERCEIROS PJ - OP.INT.ORC.;339039;OUTROS SERVICOS DE TERCEIROS - PESSOA JURIDICA;00;RECURSOS PRIMARIOS DE LIVRE APLICACAO;;;;;2,110,903.32;0.00;;
2020;154045;FUNDACAO UNIVERSIDADE FEDERAL DE MATO GROSSO;12;EDUCACAO;368;EDUCACAO BASICA;5011;EDUCACAO BASICA DE QUALIDADE;20RJ;APOIO A CAPACITACAO E FORMACAO INICIAL E CONTINUADA PARA A E;0004;EDUCACAO BASICA A DISTANCIA - SISTEMA UNIVERSIDADE ABERTA DO BRASIL (UAB);12368501120RJ0001;186018;QCC62T58HIN;UAB - UAB PROFHISTORIA;90;APLICACOES DIRETAS;3;DESPESAS CORRENTES;3;OUTRAS DESPESAS CORRENTES;39;OUTROS SERVICOS DE TERCEIROS PJ - OP.INT.ORC.;339039;OUTROS SERVICOS DE TERCEIROS - PESSOA JURIDICA;00;RECURSOS PRIMARIOS DE LIVRE APLICACAO;;;;;557,480.00;0.00;557,480.00;557,480.00
2020;154046;UNIVERSIDADE FEDERAL DE OURO PRETO;12;EDUCACAO;364;ENSINO SUPERIOR;5013;EDUCACAO SUPERIOR - GRADUACAO, POS-GRADUACAO, ENSINO, PESQUI;0487;CONCESSAO DE BOLSAS DE ESTUDO NO ENSINO SUPERIOR;0002;CONCESSAO DE BOLSAS DE ESTUDO NO PAIS;12364501304870001;170062;OCCCUO9414N;BF SUPERIOR - PROAP;90;APLICACOES DIRETAS;3;DESPESAS CORRENTES;3;OUTRAS DESPESAS CORRENTES;14;DIARIAS - PESSOAL CIVIL;339014;DIARIAS - PESSOAL CIVIL;00;RECURSOS PRIMARIOS DE LIVRE APLICACAO;;;;;16,488.40;5,475.04;11,013.36;11,013.36
2020;154046;UNIVERSIDADE FEDERAL DE OURO PRETO;12;EDUCACAO;364;ENSINO SUPERIOR;5013;EDUCACAO SUPERIOR - GRADUACAO, POS-GRADUACAO, ENSINO, PESQUI;0487;CONCESSAO DE BOLSAS DE ESTUDO NO ENSINO SUPERIOR;0002;CONCESSAO DE BOLSAS DE ESTUDO NO PAIS;12364501304870001;170062;OCCCUO9414N;BF SUPERIOR - PROAP;90;APLICACOES DIRETAS;3;DESPESAS CORRENTES;3;OUTRAS DESPESAS CORRENTES;18;AUXILIO FINANCEIRO A ESTUDANTES;339018;AUXILIO FINANCEIRO A ESTUDANTES;00;RECURSOS PRIMARIOS DE LIVRE APLICACAO;;;;;333,364.24;110,295.61;;
2020;154046;UNIVERSIDADE FEDERAL DE OURO PRETO;12;EDUCACAO;364;ENSINO SUPERIOR;5013;EDUCACAO SUPERIOR - GRADUACAO, POS-GRADUACAO, ENSINO, PESQUI;0487;CONCESSAO DE BOLSAS DE ESTUDO NO ENSINO SUPERIOR;0002;CONCESSAO DE BOLSAS DE ESTUDO NO PAIS;12364501304870001;170062;OCCCUO9414N;BF SUPERIOR - PROAP;90;APLICACOES DIRETAS;3;DESPESAS CORRENTES;3;OUTRAS DESPESAS CORRENTES;30;MATERIAL DE CONSUMO;339030;MATERIAL DE CONSUMO;00;RECURSOS PRIMARIOS DE LIVRE APLICACAO;;;;;615,136.39;64,512.95;79,434.26;78,619.04
2020;154046;UNIVERSIDADE FEDERAL DE OURO PRETO;12;EDUCACAO;364;ENSINO SUPERIOR;5013;EDUCACAO SUPERIOR - GRADUACAO, POS-GRADUACAO, ENSINO, PESQUI;0487;CONCESSAO DE BOLSAS DE ESTUDO NO ENSINO SUPERIOR;0002;CONCESSAO DE BOLSAS DE ESTUDO NO PAIS;12364501304870001;170062;OCCCUO9414N;BF SUPERIOR - PROAP;90;APLICACOES DIRETAS;3;DESPESAS CORRENTES;3;OUTRAS DESPESAS CORRENTES;33;PASSAGENS E DESPESAS COM LOCOMOCAO;339033;PASSAGENS E DESPESAS COM LOCOMOCAO;00;RECURSOS PRIMARIOS DE LIVRE APLICACAO;;;;;28,226.37;28,226.37;;
2020;154046;UNIVERSIDADE FEDERAL DE OURO PRETO;12;EDUCACAO;364;ENSINO SUPERIOR;5013;EDUCACAO SUPERIOR - GRADUACAO, POS-GRADUACAO, ENSINO, PESQUI;0487;CONCESSAO DE BOLSAS DE ESTUDO NO ENSINO SUPERIOR;0002;CONCESSAO DE BOLSAS DE ESTUDO NO PAIS;12364501304870001;170062;OCCCUO9414N;BF SUPERIOR - PROAP;90;APLICACOES DIRETAS;3;DESPESAS CORRENTES;3;OUTRAS DESPESAS CORRENTES;39;OUTROS SERVICOS DE TERCEIROS PJ - OP.INT.ORC.;339039;OUTROS SERVICOS DE TERCEIROS - PESSOA JURIDICA;00;RECURSOS PRIMARIOS DE LIVRE APLICACAO;;;;;665,055.75;123,401.84;183,407.20;183,407.20
2020;154046;UNIVERSIDADE FEDERAL DE OURO PRETO;12;EDUCACAO;364;ENSINO SUPERIOR;5013;EDUCACAO SUPERIOR - GRADUACAO, POS-GRADUACAO, ENSINO, PESQUI;0487;CONCESSAO DE BOLSAS DE ESTUDO NO ENSINO SUPERIOR;0002;CONCESSAO DE BOLSAS DE ESTUDO NO PAIS;12364501304870001;170062;OCCCUO9414N;BF SUPERIOR - PROAP;90;APLICACOES DIRETAS;3;DESPESAS CORRENTES;3;OUTRAS DESPESAS CORRENTES;40;SERVICOS DE TECNOLOGIA DA INFORMACAO E COMUNICACAO - PJ;339040;SERVICOS DE TECNOLOGIA DA INFORMACAO E COMUNICACAO - PJ;00;RECURSOS PRIMARIOS DE LIVRE APLICACAO;;;;;140,592.96;0.00;39,585.00;39,585.00
2020;154046;UNIVERSIDADE FEDERAL DE OURO PRETO;12;EDUCACAO;364;ENSINO SUPERIOR;5013;EDUCACAO SUPERIOR - GRADUACAO, POS-GRADUACAO, ENSINO, PESQUI;0487;CONCESSAO DE BOLSAS DE ESTUDO NO ENSINO SUPERIOR;0002;CONCESSAO DE BOLSAS DE ESTUDO NO PAIS;12364501304870001;170062;OCCCUO9414N;BF SUPERIOR - PROAP;90;APLICACOES DIRETAS;3;DESPESAS CORRENTES;3;OUTRAS DESPESAS CORRENTES;93;INDENIZACOES E RESTITUICOES;339093;INDENIZACOES E RESTITUICOES;00;RECURSOS PRIMARIOS DE LIVRE APLICACAO;;;;;897,578.15;236,241.01;157,374.10;157,374.10
2020;154046;UNIVERSIDADE FEDERAL DE OURO PRETO;12;EDUCACAO;368;EDUCACAO BASICA;5011;EDUCACAO BASICA DE QUALIDADE;20RJ;APOIO A CAPACITACAO E FORMACAO INICIAL E CONTINUADA PARA A E;0004;EDUCACAO BASICA A DISTANCIA - SISTEMA UNIVERSIDADE ABERTA DO BRASIL (UAB);12368501120RJ0001;186018;MCC62G22EDN;UAB - UAB TRADICIONAL;90;APLICACOES DIRETAS;3;DESPESAS CORRENTES;3;OUTRAS DESPESAS CORRENTES;39;OUTROS SERVICOS DE TERCEIROS PJ - OP.INT.ORC.;339039;OUTROS SERVICOS DE TERCEIROS - PESSOA JURIDICA;00;RECURSOS PRIMARIOS DE LIVRE APLICACAO;;;;;1,819,332.00;909,666.00;;
2020;154047;FUNDACAO UNIVERSIDADE FEDERAL DE PELOTAS;12;EDUCACAO;364;ENSINO SUPERIOR;5013;EDUCACAO SUPERIOR - GRADUACAO, POS-GRADUACAO, ENSINO, PESQUI;0487;CONCESSAO DE BOLSAS DE ESTUDO NO ENSINO SUPERIOR;0002;CONCESSAO DE BOLSAS DE ESTUDO NO PAIS;12364501304870001;170062;OCCCUO9414N;BF SUPERIOR - PROAP;90;APLICACOES DIRETAS;3;DESPESAS CORRENTES;3;OUTRAS DESPESAS CORRENTES;14;DIARIAS - PESSOAL CIVIL;339014;DIARIAS - PESSOAL CIVIL;00;RECURSOS PRIMARIOS DE LIVRE APLICACAO;;;;;16,866.52;2,971.78;13,894.74;13,894.74
2020;154047;FUNDACAO UNIVERSIDADE FEDERAL DE PELOTAS;12;EDUCACAO;364;ENSINO SUPERIOR;5013;EDUCACAO SUPERIOR - GRADUACAO, POS-GRADUACAO, ENSINO, PESQUI;0487;CONCESSAO DE BOLSAS DE ESTUDO NO ENSINO SUPERIOR;0002;CONCESSAO DE BOLSAS DE ESTUDO NO PAIS;12364501304870001;170062;OCCCUO9414N;BF SUPERIOR - PROAP;90;APLICACOES DIRETAS;3;DESPESAS CORRENTES;3;OUTRAS DESPESAS CORRENTES;18;AUXILIO FINANCEIRO A ESTUDANTES;339018;AUXILIO FINANCEIRO A ESTUDANTES;00;RECURSOS PRIMARIOS DE LIVRE APLICACAO;;;;;375,571.03;70,835.03;304,406.00;266,878.50
2020;154047;FUNDACAO UNIVERSIDADE FEDERAL DE PELOTAS;12;EDUCACAO;364;ENSINO SUPERIOR;5013;EDUCACAO SUPERIOR - GRADUACAO, POS-GRADUACAO, ENSINO, PESQUI;0487;CONCESSAO DE BOLSAS DE ESTUDO NO ENSINO SUPERIOR;0002;CONCESSAO DE BOLSAS DE ESTUDO NO PAIS;12364501304870001;170062;OCCCUO9414N;BF SUPERIOR - PROAP;90;APLICACOES DIRETAS;3;DESPESAS CORRENTES;3;OUTRAS DESPESAS CORRENTES;30;MATERIAL DE CONSUMO;339030;MATERIAL DE CONSUMO;00;RECURSOS PRIMARIOS DE LIVRE APLICACAO;;;;;3,387,708.58;617,727.07;1,922,746.59;1,764,797.89
2020;154047;FUNDACAO UNIVERSIDADE FEDERAL DE PELOTAS;12;EDUCACAO;364;ENSINO SUPERIOR;5013;EDUCACAO SUPERIOR - GRADUACAO, POS-GRADUACAO, ENSINO, PESQUI;0487;CONCESSAO DE BOLSAS DE ESTUDO NO ENSINO SUPERIOR;0002;CONCESSAO DE BOLSAS DE ESTUDO NO PAIS;12364501304870001;170062;OCCCUO9414N;BF SUPERIOR - PROAP;90;APLICACOES DIRETAS;3;DESPESAS CORRENTES;3;OUTRAS DESPESAS CORRENTES;36;OUTROS SERVICOS DE TERCEIROS - P.FISICA;339036;OUTROS SERVICOS DE TERCEIROS - PESSOA FISICA;00;RECURSOS PRIMARIOS DE LIVRE APLICACAO;;;;;47,740.00;5,948.00;41,792.00;32,244.00
2020;154047;FUNDACAO UNIVERSIDADE FEDERAL DE PELOTAS;12;EDUCACAO;364;ENSINO SUPERIOR;5013;EDUCACAO SUPERIOR - GRADUACAO, POS-GRADUACAO, ENSINO, PESQUI;0487;CONCESSAO DE BOLSAS DE ESTUDO NO ENSINO SUPERIOR;0002;CONCESSAO DE BOLSAS DE ESTUDO NO PAIS;12364501304870001;170062;OCCCUO9414N;BF SUPERIOR - PROAP;90;APLICACOES DIRETAS;3;DESPESAS CORRENTES;3;OUTRAS DESPESAS CORRENTES;39;OUTROS SERVICOS DE TERCEIROS PJ - OP.INT.ORC.;339039;OUTROS SERVICOS DE TERCEIROS - PESSOA JURIDICA;00;RECURSOS PRIMARIOS DE LIVRE APLICACAO;;;;;1,216,516.28;267,264.11;351,257.28;336,759.92
2020;154047;FUNDACAO UNIVERSIDADE FEDERAL DE PELOTAS;12;EDUCACAO;364;ENSINO SUPERIOR;5013;EDUCACAO SUPERIOR - GRADUACAO, POS-GRADUACAO, ENSINO, PESQUI;0487;CONCESSAO DE BOLSAS DE ESTUDO NO ENSINO SUPERIOR;0002;CONCESSAO DE BOLSAS DE ESTUDO NO PAIS;12364501304870001;170062;OCCCUO9414N;BF SUPERIOR - PROAP;90;APLICACOES DIRETAS;3;DESPESAS CORRENTES;3;OUTRAS DESPESAS CORRENTES;40;SERVICOS DE TECNOLOGIA DA INFORMACAO E COMUNICACAO - PJ;339040;SERVICOS DE TECNOLOGIA DA INFORMACAO E COMUNICACAO - PJ;00;RECURSOS PRIMARIOS DE LIVRE APLICACAO;;;;;32,200.00;12,100.00;20,100.00;20,100.00
2020;154047;FUNDACAO UNIVERSIDADE FEDERAL DE PELOTAS;12;EDUCACAO;364;ENSINO SUPERIOR;5013;EDUCACAO SUPERIOR - GRADUACAO, POS-GRADUACAO, ENSINO, PESQUI;0487;CONCESSAO DE BOLSAS DE ESTUDO NO ENSINO SUPERIOR;0002;CONCESSAO DE BOLSAS DE ESTUDO NO PAIS;12364501304870001;170062;OCCCUO9414N;BF SUPERIOR - PROAP;90;APLICACOES DIRETAS;3;DESPESAS CORRENTES;3;OUTRAS DESPESAS CORRENTES;93;INDENIZACOES E RESTITUICOES;339093;INDENIZACOES E RESTITUICOES;00;RECURSOS PRIMARIOS DE LIVRE APLICACAO;;;;;10,992.40;0.00;10,992.40;8,793.92
2020;154047;FUNDACAO UNIVERSIDADE FEDERAL DE PELOTAS;12;EDUCACAO;368;EDUCACAO BASICA;5011;EDUCACAO BASICA DE QUALIDADE;20RJ;APOIO A CAPACITACAO E FORMACAO INICIAL E CONTINUADA PARA A E;0004;EDUCACAO BASICA A DISTANCIA - SISTEMA UNIVERSIDADE ABERTA DO BRASIL (UAB);12368501120RJ0001;186018;MCC62G22EDN;UAB - UAB TRADICIONAL;90;APLICACOES DIRETAS;3;DESPESAS CORRENTES;3;OUTRAS DESPESAS CORRENTES;14;DIARIAS - PESSOAL CIVIL;339014;DIARIAS - PESSOAL CIVIL;00;RECURSOS PRIMARIOS DE LIVRE APLICACAO;;;;;269,652.70;216,077.10;53,575.60;39,916.20
2020;154047;FUNDACAO UNIVERSIDADE FEDERAL DE PELOTAS;12;EDUCACAO;368;EDUCACAO BASICA;5011;EDUCACAO BASICA DE QUALIDADE;20RJ;APOIO A CAPACITACAO E FORMACAO INICIAL E CONTINUADA PARA A E;0004;EDUCACAO BASICA A DISTANCIA - SISTEMA UNIVERSIDADE ABERTA DO BRASIL (UAB);12368501120RJ0001;186018;MCC62G22EDN;UAB - UAB TRADICIONAL;90;APLICACOES DIRETAS;3;DESPESAS CORRENTES;3;OUTRAS DESPESAS CORRENTES;37;LOCACAO DE MAO-DE-OBRA;339037;LOCACAO DE MAO-DE-OBRA;00;RECURSOS PRIMARIOS DE LIVRE APLICACAO;;;;;9,292.50;0.00;;
2020;154047;FUNDACAO UNIVERSIDADE FEDERAL DE PELOTAS;12;EDUCACAO;368;EDUCACAO BASICA;5011;EDUCACAO BASICA DE QUALIDADE;20RJ;APOIO A CAPACITACAO E FORMACAO INICIAL E CONTINUADA PARA A E;0004;EDUCACAO BASICA A DISTANCIA - SISTEMA UNIVERSIDADE ABERTA DO BRASIL (UAB);12368501120RJ0001;186018;MCC62G22EDN;UAB - UAB TRADICIONAL;90;APLICACOES DIRETAS;3;DESPESAS CORRENTES;3;OUTRAS DESPESAS CORRENTES;93;INDENIZACOES E RESTITUICOES;339093;INDENIZACOES E RESTITUICOES;00;RECURSOS PRIMARIOS DE LIVRE APLICACAO;;;;;1,038.70;0.00;1,038.70;830.96
2020;154048;FUNDACAO UNIVERSIDADE FEDERAL DO PIAUI;12;EDUCACAO;364;ENSINO SUPERIOR;5013;EDUCACAO SUPERIOR - GRADUACAO, POS-GRADUACAO, ENSINO, PESQUI;0487;CONCESSAO DE BOLSAS DE ESTUDO NO ENSINO SUPERIOR;0002;CONCESSAO DE BOLSAS DE ESTUDO NO PAIS;12364501304870001;170062;OCCCUO9414N;BF SUPERIOR - PROAP;90;APLICACOES DIRETAS;3;DESPESAS CORRENTES;3;OUTRAS DESPESAS CORRENTES;14;DIARIAS - PESSOAL CIVIL;339014;DIARIAS - PESSOAL CIVIL;00;RECURSOS PRIMARIOS DE LIVRE APLICACAO;;;;;71,622.12;47,341.32;24,280.80;21,427.92
2020;154048;FUNDACAO UNIVERSIDADE FEDERAL DO PIAUI;12;EDUCACAO;364;ENSINO SUPERIOR;5013;EDUCACAO SUPERIOR - GRADUACAO, POS-GRADUACAO, ENSINO, PESQUI;0487;CONCESSAO DE BOLSAS DE ESTUDO NO ENSINO SUPERIOR;0002;CONCESSAO DE BOLSAS DE ESTUDO NO PAIS;12364501304870001;170062;OCCCUO9414N;BF SUPERIOR - PROAP;90;APLICACOES DIRETAS;3;DESPESAS CORRENTES;3;OUTRAS DESPESAS CORRENTES;18;AUXILIO FINANCEIRO A ESTUDANTES;339018;AUXILIO FINANCEIRO A ESTUDANTES;00;RECURSOS PRIMARIOS DE LIVRE APLICACAO;;;;;885,846.79;353,085.56;165,908.00;145,847.00
2020;154048;FUNDACAO UNIVERSIDADE FEDERAL DO PIAUI;12;EDUCACAO;364;ENSINO SUPERIOR;5013;EDUCACAO SUPERIOR - GRADUACAO, POS-GRADUACAO, ENSINO, PESQUI;0487;CONCESSAO DE BOLSAS DE ESTUDO NO ENSINO SUPERIOR;0002;CONCESSAO DE BOLSAS DE ESTUDO NO PAIS;12364501304870001;170062;OCCCUO9414N;BF SUPERIOR - PROAP;90;APLICACOES DIRETAS;3;DESPESAS CORRENTES;3;OUTRAS DESPESAS CORRENTES;20;AUXILIO FINANCEIRO A PESQUISADORES;339020;AUXILIO FINANCEIRO A PESQUISADORES;00;RECURSOS PRIMARIOS DE LIVRE APLICACAO;;;;;1,690,319.37;613,734.35;636,100.00;502,550.00
2020;154048;FUNDACAO UNIVERSIDADE FEDERAL DO PIAUI;12;EDUCACAO;364;ENSINO SUPERIOR;5013;EDUCACAO SUPERIOR - GRADUACAO, POS-GRADUACAO, ENSINO, PESQUI;0487;CONCESSAO DE BOLSAS DE ESTUDO NO ENSINO SUPERIOR;0002;CONCESSAO DE BOLSAS DE ESTUDO NO PAIS;12364501304870001;170062;OCCCUO9414N;BF SUPERIOR - PROAP;90;APLICACOES DIRETAS;3;DESPESAS CORRENTES;3;OUTRAS DESPESAS CORRENTES;30;MATERIAL DE CONSUMO;339030;MATERIAL DE CONSUMO;00;RECURSOS PRIMARIOS DE LIVRE APLICACAO;;;;;604,828.34;46,642.82;26,005.50;26,005.50
2020;154048;FUNDACAO UNIVERSIDADE FEDERAL DO PIAUI;12;EDUCACAO;364;ENSINO SUPERIOR;5013;EDUCACAO SUPERIOR - GRADUACAO, POS-GRADUACAO, ENSINO, PESQUI;0487;CONCESSAO DE BOLSAS DE ESTUDO NO ENSINO SUPERIOR;0002;CONCESSAO DE BOLSAS DE ESTUDO NO PAIS;12364501304870001;170062;OCCCUO9414N;BF SUPERIOR - PROAP;90;APLICACOES DIRETAS;3;DESPESAS CORRENTES;3;OUTRAS DESPESAS CORRENTES;33;PASSAGENS E DESPESAS COM LOCOMOCAO;339033;PASSAGENS E DESPESAS COM LOCOMOCAO;00;RECURSOS PRIMARIOS DE LIVRE APLICACAO;;;;;45,061.16;11,265.29;;
2020;154048;FUNDACAO UNIVERSIDADE FEDERAL DO PIAUI;12;EDUCACAO;364;ENSINO SUPERIOR;5013;EDUCACAO SUPERIOR - GRADUACAO, POS-GRADUACAO, ENSINO, PESQUI;0487;CONCESSAO DE BOLSAS DE ESTUDO NO ENSINO SUPERIOR;0002;CONCESSAO DE BOLSAS DE ESTUDO NO PAIS;12364501304870001;170062;OCCCUO9414N;BF SUPERIOR - PROAP;90;APLICACOES DIRETAS;3;DESPESAS CORRENTES;3;OUTRAS DESPESAS CORRENTES;36;OUTROS SERVICOS DE TERCEIROS - P.FISICA;339036;OUTROS SERVICOS DE TERCEIROS - PESSOA FISICA;00;RECURSOS PRIMARIOS DE LIVRE APLICACAO;;;;;2,000.00;2,000.00;;
2020;154048;FUNDACAO UNIVERSIDADE FEDERAL DO PIAUI;12;EDUCACAO;364;ENSINO SUPERIOR;5013;EDUCACAO SUPERIOR - GRADUACAO, POS-GRADUACAO, ENSINO, PESQUI;0487;CONCESSAO DE BOLSAS DE ESTUDO NO ENSINO SUPERIOR;0002;CONCESSAO DE BOLSAS DE ESTUDO NO PAIS;12364501304870001;170062;OCCCUO9414N;BF SUPERIOR - PROAP;90;APLICACOES DIRETAS;3;DESPESAS CORRENTES;3;OUTRAS DESPESAS CORRENTES;39;OUTROS SERVICOS DE TERCEIROS PJ - OP.INT.ORC.;339039;OUTROS SERVICOS DE TERCEIROS - PESSOA JURIDICA;00;RECURSOS PRIMARIOS DE LIVRE APLICACAO;;;;;487,391.73;0.00;;
2020;154048;FUNDACAO UNIVERSIDADE FEDERAL DO PIAUI;12;EDUCACAO;368;EDUCACAO BASICA;5011;EDUCACAO BASICA DE QUALIDADE;20RJ;APOIO A CAPACITACAO E FORMACAO INICIAL E CONTINUADA PARA A E;0003;EDUCACAO BASICA PRESENCIAL;12368501120RJ0001;186017;PCC92B5801N;PARFOR - PARFOR;90;APLICACOES DIRETAS;3;DESPESAS CORRENTES;3;OUTRAS DESPESAS CORRENTES;39;OUTROS SERVICOS DE TERCEIROS PJ - OP.INT.ORC.;339039;OUTROS SERVICOS DE TERCEIROS - PESSOA JURIDICA;44;TITULOS DE RESPONSAB.DO TN-OUTRAS APLICACOES;;;;;1,709,999.97;0.00;1,709,999.97;1,409,999.97
2020;154048;FUNDACAO UNIVERSIDADE FEDERAL DO PIAUI;12;EDUCACAO;368;EDUCACAO BASICA;5011;EDUCACAO BASICA DE QUALIDADE;20RJ;APOIO A CAPACITACAO E FORMACAO INICIAL E CONTINUADA PARA A E;0004;EDUCACAO BASICA A DISTANCIA - SISTEMA UNIVERSIDADE ABERTA DO BRASIL (UAB);12368501120RJ0001;186018;MCC62G22EDN;UAB - UAB TRADICIONAL;90;APLICACOES DIRETAS;3;DESPESAS CORRENTES;3;OUTRAS DESPESAS CORRENTES;39;OUTROS SERVICOS DE TERCEIROS PJ - OP.INT.ORC.;339039;OUTROS SERVICOS DE TERCEIROS - PESSOA JURIDICA;00;RECURSOS PRIMARIOS DE LIVRE APLICACAO;;;;;21845530.00;748,937.50;21096592.50;18849780.00
2020;154049;FUNDACAO UNIVERSIDADE FEDERAL DE SAO CARLOS;12;EDUCACAO;364;ENSINO SUPERIOR;5013;EDUCACAO SUPERIOR - GRADUACAO, POS-GRADUACAO, ENSINO, PESQUI;0487;CONCESSAO DE BOLSAS DE ESTUDO NO ENSINO SUPERIOR;0002;CONCESSAO DE BOLSAS DE ESTUDO NO PAIS;12364501304870001;170062;OCCCUO9414N;BF SUPERIOR - PROAP;50;TRANSFERENCIA INSTITUICOES PRIVADAS SEM FINS LUCRATIVOS;3;DESPESAS CORRENTES;3;OUTRAS DESPESAS CORRENTES;39;OUTROS SERVICOS DE TERCEIROS PJ - OP.INT.ORC.;335039;OUTROS SERVICOS DE TERCEIROS-PESSOA JURIDICA;00;RECURSOS PRIMARIOS DE LIVRE APLICACAO;;;;;51,600.00;23,250.00;;
2020;154049;FUNDACAO UNIVERSIDADE FEDERAL DE SAO CARLOS;12;EDUCACAO;364;ENSINO SUPERIOR;5013;EDUCACAO SUPERIOR - GRADUACAO, POS-GRADUACAO, ENSINO, PESQUI;0487;CONCESSAO DE BOLSAS DE ESTUDO NO ENSINO SUPERIOR;0002;CONCESSAO DE BOLSAS DE ESTUDO NO PAIS;12364501304870001;170062;OCCCUO9414N;BF SUPERIOR - PROAP;50;TRANSFERENCIA INSTITUICOES PRIVADAS SEM FINS LUCRATIVOS;3;DESPESAS CORRENTES;3;OUTRAS DESPESAS CORRENTES;41;CONTRIBUICOES;335041;CONTRIBUICOES;00;RECURSOS PRIMARIOS DE LIVRE APLICACAO;;;;;30,900.00;9,450.00;13,200.00;11,600.00
2020;154049;FUNDACAO UNIVERSIDADE FEDERAL DE SAO CARLOS;12;EDUCACAO;364;ENSINO SUPERIOR;5013;EDUCACAO SUPERIOR - GRADUACAO, POS-GRADUACAO, ENSINO, PESQUI;0487;CONCESSAO DE BOLSAS DE ESTUDO NO ENSINO SUPERIOR;0002;CONCESSAO DE BOLSAS DE ESTUDO NO PAIS;12364501304870001;170062;OCCCUO9414N;BF SUPERIOR - PROAP;90;APLICACOES DIRETAS;3;DESPESAS CORRENTES;3;OUTRAS DESPESAS CORRENTES;18;AUXILIO FINANCEIRO A ESTUDANTES;339018;AUXILIO FINANCEIRO A ESTUDANTES;00;RECURSOS PRIMARIOS DE LIVRE APLICACAO;;;;;2,189,189.61;731,302.86;46,742.85;43,499.53
2020;154049;FUNDACAO UNIVERSIDADE FEDERAL DE SAO CARLOS;12;EDUCACAO;364;ENSINO SUPERIOR;5013;EDUCACAO SUPERIOR - GRADUACAO, POS-GRADUACAO, ENSINO, PESQUI;0487;CONCESSAO DE BOLSAS DE ESTUDO NO ENSINO SUPERIOR;0002;CONCESSAO DE BOLSAS DE ESTUDO NO PAIS;12364501304870001;170062;OCCCUO9414N;BF SUPERIOR - PROAP;90;APLICACOES DIRETAS;3;DESPESAS CORRENTES;3;OUTRAS DESPESAS CORRENTES;20;AUXILIO FINANCEIRO A PESQUISADORES;339020;AUXILIO FINANCEIRO A PESQUISADORES;00;RECURSOS PRIMARIOS DE LIVRE APLICACAO;;;;;2,968,213.71;687,354.16;335,587.37;285,104.21
2020;154049;FUNDACAO UNIVERSIDADE FEDERAL DE SAO CARLOS;12;EDUCACAO;364;ENSINO SUPERIOR;5013;EDUCACAO SUPERIOR - GRADUACAO, POS-GRADUACAO, ENSINO, PESQUI;0487;CONCESSAO DE BOLSAS DE ESTUDO NO ENSINO SUPERIOR;0002;CONCESSAO DE BOLSAS DE ESTUDO NO PAIS;12364501304870001;170062;OCCCUO9414N;BF SUPERIOR - PROAP;90;APLICACOES DIRETAS;3;DESPESAS CORRENTES;3;OUTRAS DESPESAS CORRENTES;30;MATERIAL DE CONSUMO;339030;MATERIAL DE CONSUMO;00;RECURSOS PRIMARIOS DE LIVRE APLICACAO;;;;;24,925.50;4,770.00;;
2020;154049;FUNDACAO UNIVERSIDADE FEDERAL DE SAO CARLOS;12;EDUCACAO;364;ENSINO SUPERIOR;5013;EDUCACAO SUPERIOR - GRADUACAO, POS-GRADUACAO, ENSINO, PESQUI;0487;CONCESSAO DE BOLSAS DE ESTUDO NO ENSINO SUPERIOR;0002;CONCESSAO DE BOLSAS DE ESTUDO NO PAIS;12364501304870001;170062;OCCCUO9414N;BF SUPERIOR - PROAP;90;APLICACOES DIRETAS;3;DESPESAS CORRENTES;3;OUTRAS DESPESAS CORRENTES;36;OUTROS SERVICOS DE TERCEIROS - P.FISICA;339036;OUTROS SERVICOS DE TERCEIROS - PESSOA FISICA;00;RECURSOS PRIMARIOS DE LIVRE APLICACAO;;;;;896,407.42;152,609.74;345,874.41;332,604.41
2020;154049;FUNDACAO UNIVERSIDADE FEDERAL DE SAO CARLOS;12;EDUCACAO;364;ENSINO SUPERIOR;5013;EDUCACAO SUPERIOR - GRADUACAO, POS-GRADUACAO, ENSINO, PESQUI;0487;CONCESSAO DE BOLSAS DE ESTUDO NO ENSINO SUPERIOR;0002;CONCESSAO DE BOLSAS DE ESTUDO NO PAIS;12364501304870001;170062;OCCCUO9414N;BF SUPERIOR - PROAP;90;APLICACOES DIRETAS;3;DESPESAS CORRENTES;3;OUTRAS DESPESAS CORRENTES;39;OUTROS SERVICOS DE TERCEIROS PJ - OP.INT.ORC.;339039;OUTROS SERVICOS DE TERCEIROS - PESSOA JURIDICA;00;RECURSOS PRIMARIOS DE LIVRE APLICACAO;;;;;62,247.60;22,115.04;16,560.00;16,560.00
2020;154049;FUNDACAO UNIVERSIDADE FEDERAL DE SAO CARLOS;12;EDUCACAO;364;ENSINO SUPERIOR;5013;EDUCACAO SUPERIOR - GRADUACAO, POS-GRADUACAO, ENSINO, PESQUI;0487;CONCESSAO DE BOLSAS DE ESTUDO NO ENSINO SUPERIOR;0002;CONCESSAO DE BOLSAS DE ESTUDO NO PAIS;12364501304870001;170062;OCCCUO9414N;BF SUPERIOR - PROAP;91;APLICACOES DIRETAS - OPERACOES INTERNAS;3;DESPESAS CORRENTES;3;OUTRAS DESPESAS CORRENTES;47;OBRIGACOES TRIBUTARIAS E CONTRIBUTIVAS;339147;OBRIG.TRIBUT.E CONTRIB-OP.INTRA-ORCAMENTARIAS;00;RECURSOS PRIMARIOS DE LIVRE APLICACAO;;;;;179,281.52;30,521.94;69,174.92;66,520.92
2020;154049;FUNDACAO UNIVERSIDADE FEDERAL DE SAO CARLOS;12;EDUCACAO;368;EDUCACAO BASICA;5011;EDUCACAO BASICA DE QUALIDADE;20RJ;APOIO A CAPACITACAO E FORMACAO INICIAL E CONTINUADA PARA A E;0004;EDUCACAO BASICA A DISTANCIA - SISTEMA UNIVERSIDADE ABERTA DO BRASIL (UAB);12368501120RJ0001;186018;MCC62G22EDN;UAB - UAB TRADICIONAL;90;APLICACOES DIRETAS;3;DESPESAS CORRENTES;3;OUTRAS DESPESAS CORRENTES;39;OUTROS SERVICOS DE TERCEIROS PJ - OP.INT.ORC.;339039;OUTROS SERVICOS DE TERCEIROS - PESSOA JURIDICA;00;RECURSOS PRIMARIOS DE LIVRE APLICACAO;;;;;1,172,249.97;0.00;;
2020;154049;FUNDACAO UNIVERSIDADE FEDERAL DE SAO CARLOS;12;EDUCACAO;368;EDUCACAO BASICA;5011;EDUCACAO BASICA DE QUALIDADE;20RJ;APOIO A CAPACITACAO E FORMACAO INICIAL E CONTINUADA PARA A E;0004;EDUCACAO BASICA A DISTANCIA - SISTEMA UNIVERSIDADE ABERTA DO BRASIL (UAB);12368501120RJ0001;186018;QCC62T58MAN;UAB - UAB PROFMAT;90;APLICACOES DIRETAS;3;DESPESAS CORRENTES;3;OUTRAS DESPESAS CORRENTES;14;DIARIAS - PESSOAL CIVIL;339014;DIARIAS - PESSOAL CIVIL;00;RECURSOS PRIMARIOS DE LIVRE APLICACAO;;;;;56,000.00;56,000.00;;
2020;154049;FUNDACAO UNIVERSIDADE FEDERAL DE SAO CARLOS;12;EDUCACAO;368;EDUCACAO BASICA;5011;EDUCACAO BASICA DE QUALIDADE;20RJ;APOIO A CAPACITACAO E FORMACAO INICIAL E CONTINUADA PARA A E;0004;EDUCACAO BASICA A DISTANCIA - SISTEMA UNIVERSIDADE ABERTA DO BRASIL (UAB);12368501120RJ0001;186018;QCC62T58MAN;UAB - UAB PROFMAT;90;APLICACOES DIRETAS;3;DESPESAS CORRENTES;3;OUTRAS DESPESAS CORRENTES;18;AUXILIO FINANCEIRO A ESTUDANTES;339018;AUXILIO FINANCEIRO A ESTUDANTES;00;RECURSOS PRIMARIOS DE LIVRE APLICACAO;;;;;20,000.00;14,000.00;;
2020;154049;FUNDACAO UNIVERSIDADE FEDERAL DE SAO CARLOS;12;EDUCACAO;368;EDUCACAO BASICA;5011;EDUCACAO BASICA DE QUALIDADE;20RJ;APOIO A CAPACITACAO E FORMACAO INICIAL E CONTINUADA PARA A E;0004;EDUCACAO BASICA A DISTANCIA - SISTEMA UNIVERSIDADE ABERTA DO BRASIL (UAB);12368501120RJ0001;186018;QCC62T58MAN;UAB - UAB PROFMAT;90;APLICACOES DIRETAS;3;DESPESAS CORRENTES;3;OUTRAS DESPESAS CORRENTES;33;PASSAGENS E DESPESAS COM LOCOMOCAO;339033;PASSAGENS E DESPESAS COM LOCOMOCAO;00;RECURSOS PRIMARIOS DE LIVRE APLICACAO;;;;;50,000.00;35,000.00;;
2020;154050;FUNDACAO UNIVERSIDADE FEDERAL DE SERGIPE;12;EDUCACAO;364;ENSINO SUPERIOR;5013;EDUCACAO SUPERIOR - GRADUACAO, POS-GRADUACAO, ENSINO, PESQUI;0487;CONCESSAO DE BOLSAS DE ESTUDO NO ENSINO SUPERIOR;0002;CONCESSAO DE BOLSAS DE ESTUDO NO PAIS;12364501304870001;170062;OCCCUO9414N;BF SUPERIOR - PROAP;90;APLICACOES DIRETAS;3;DESPESAS CORRENTES;3;OUTRAS DESPESAS CORRENTES;14;DIARIAS - PESSOAL CIVIL;339014;DIARIAS - PESSOAL CIVIL;00;RECURSOS PRIMARIOS DE LIVRE APLICACAO;;;;;400,000.00;400,000.00;;
2020;154050;FUNDACAO UNIVERSIDADE FEDERAL DE SERGIPE;12;EDUCACAO;364;ENSINO SUPERIOR;5013;EDUCACAO SUPERIOR - GRADUACAO, POS-GRADUACAO, ENSINO, PESQUI;0487;CONCESSAO DE BOLSAS DE ESTUDO NO ENSINO SUPERIOR;0002;CONCESSAO DE BOLSAS DE ESTUDO NO PAIS;12364501304870001;170062;OCCCUO9414N;BF SUPERIOR - PROAP;90;APLICACOES DIRETAS;3;DESPESAS CORRENTES;3;OUTRAS DESPESAS CORRENTES;18;AUXILIO FINANCEIRO A ESTUDANTES;339018;AUXILIO FINANCEIRO A ESTUDANTES;00;RECURSOS PRIMARIOS DE LIVRE APLICACAO;;;;;908,068.31;218,522.34;689,545.97;637,242.89
2020;154050;FUNDACAO UNIVERSIDADE FEDERAL DE SERGIPE;12;EDUCACAO;364;ENSINO SUPERIOR;5013;EDUCACAO SUPERIOR - GRADUACAO, POS-GRADUACAO, ENSINO, PESQUI;0487;CONCESSAO DE BOLSAS DE ESTUDO NO ENSINO SUPERIOR;0002;CONCESSAO DE BOLSAS DE ESTUDO NO PAIS;12364501304870001;170062;OCCCUO9414N;BF SUPERIOR - PROAP;90;APLICACOES DIRETAS;3;DESPESAS CORRENTES;3;OUTRAS DESPESAS CORRENTES;20;AUXILIO FINANCEIRO A PESQUISADORES;339020;AUXILIO FINANCEIRO A PESQUISADORES;00;RECURSOS PRIMARIOS DE LIVRE APLICACAO;;;;;4,699,502.44;764,509.60;3,934,992.84;3,487,988.59
2020;154050;FUNDACAO UNIVERSIDADE FEDERAL DE SERGIPE;12;EDUCACAO;364;ENSINO SUPERIOR;5013;EDUCACAO SUPERIOR - GRADUACAO, POS-GRADUACAO, ENSINO, PESQUI;0487;CONCESSAO DE BOLSAS DE ESTUDO NO ENSINO SUPERIOR;0002;CONCESSAO DE BOLSAS DE ESTUDO NO PAIS;12364501304870001;170062;OCCCUO9414N;BF SUPERIOR - PROAP;90;APLICACOES DIRETAS;3;DESPESAS CORRENTES;3;OUTRAS DESPESAS CORRENTES;33;PASSAGENS E DESPESAS COM LOCOMOCAO;339033;PASSAGENS E DESPESAS COM LOCOMOCAO;00;RECURSOS PRIMARIOS DE LIVRE APLICACAO;;;;;1,168,653.84;434,111.10;;
2020;154050;FUNDACAO UNIVERSIDADE FEDERAL DE SERGIPE;12;EDUCACAO;364;ENSINO SUPERIOR;5013;EDUCACAO SUPERIOR - GRADUACAO, POS-GRADUACAO, ENSINO, PESQUI;0487;CONCESSAO DE BOLSAS DE ESTUDO NO ENSINO SUPERIOR;0002;CONCESSAO DE BOLSAS DE ESTUDO NO PAIS;12364501304870001;170062;OCCCUO9414N;BF SUPERIOR - PROAP;90;APLICACOES DIRETAS;3;DESPESAS CORRENTES;3;OUTRAS DESPESAS CORRENTES;36;OUTROS SERVICOS DE TERCEIROS - P.FISICA;339036;OUTROS SERVICOS DE TERCEIROS - PESSOA FISICA;00;RECURSOS PRIMARIOS DE LIVRE APLICACAO;;;;;250,000.00;250,000.00;;
2020;154050;FUNDACAO UNIVERSIDADE FEDERAL DE SERGIPE;12;EDUCACAO;368;EDUCACAO BASICA;5011;EDUCACAO BASICA DE QUALIDADE;20RJ;APOIO A CAPACITACAO E FORMACAO INICIAL E CONTINUADA PARA A E;0004;EDUCACAO BASICA A DISTANCIA - SISTEMA UNIVERSIDADE ABERTA DO BRASIL (UAB);12368501120RJ0001;186018;MCC62G22EDN;UAB - UAB TRADICIONAL;90;APLICACOES DIRETAS;3;DESPESAS CORRENTES;3;OUTRAS DESPESAS CORRENTES;37;LOCACAO DE MAO-DE-OBRA;339037;LOCACAO DE MAO-DE-OBRA;00;RECURSOS PRIMARIOS DE LIVRE APLICACAO;;;;;5,550,886.24;2,148,568.90;154,430.55;
2020;154050;FUNDACAO UNIVERSIDADE FEDERAL DE SERGIPE;12;EDUCACAO;368;EDUCACAO BASICA;5011;EDUCACAO BASICA DE QUALIDADE;20RJ;APOIO A CAPACITACAO E FORMACAO INICIAL E CONTINUADA PARA A E;0004;EDUCACAO BASICA A DISTANCIA - SISTEMA UNIVERSIDADE ABERTA DO BRASIL (UAB);12368501120RJ0001;186018;QCC62T58LEN;UAB - UAB PROFLETRAS;90;APLICACOES DIRETAS;3;DESPESAS CORRENTES;3;OUTRAS DESPESAS CORRENTES;14;DIARIAS - PESSOAL CIVIL;339014;DIARIAS - PESSOAL CIVIL;00;RECURSOS PRIMARIOS DE LIVRE APLICACAO;;;;;1,200.00;1,200.00;;
2020;154050;FUNDACAO UNIVERSIDADE FEDERAL DE SERGIPE;12;EDUCACAO;368;EDUCACAO BASICA;5011;EDUCACAO BASICA DE QUALIDADE;20RJ;APOIO A CAPACITACAO E FORMACAO INICIAL E CONTINUADA PARA A E;0004;EDUCACAO BASICA A DISTANCIA - SISTEMA UNIVERSIDADE ABERTA DO BRASIL (UAB);12368501120RJ0001;186018;QCC62T58LEN;UAB - UAB PROFLETRAS;90;APLICACOES DIRETAS;3;DESPESAS CORRENTES;3;OUTRAS DESPESAS CORRENTES;18;AUXILIO FINANCEIRO A ESTUDANTES;339018;AUXILIO FINANCEIRO A ESTUDANTES;00;RECURSOS PRIMARIOS DE LIVRE APLICACAO;;;;;4,160.00;4,160.00;;
2020;154050;FUNDACAO UNIVERSIDADE FEDERAL DE SERGIPE;12;EDUCACAO;368;EDUCACAO BASICA;5011;EDUCACAO BASICA DE QUALIDADE;20RJ;APOIO A CAPACITACAO E FORMACAO INICIAL E CONTINUADA PARA A E;0004;EDUCACAO BASICA A DISTANCIA - SISTEMA UNIVERSIDADE ABERTA DO BRASIL (UAB);12368501120RJ0001;186018;QCC62T58LEN;UAB - UAB PROFLETRAS;90;APLICACOES DIRETAS;3;DESPESAS CORRENTES;3;OUTRAS DESPESAS CORRENTES;20;AUXILIO FINANCEIRO A PESQUISADORES;339020;AUXILIO FINANCEIRO A PESQUISADORES;00;RECURSOS PRIMARIOS DE LIVRE APLICACAO;;;;;20,000.00;8,000.00;12,000.00;12,000.00
2020;154050;FUNDACAO UNIVERSIDADE FEDERAL DE SERGIPE;12;EDUCACAO;368;EDUCACAO BASICA;5011;EDUCACAO BASICA DE QUALIDADE;20RJ;APOIO A CAPACITACAO E FORMACAO INICIAL E CONTINUADA PARA A E;0004;EDUCACAO BASICA A DISTANCIA - SISTEMA UNIVERSIDADE ABERTA DO BRASIL (UAB);12368501120RJ0001;186018;QCC62T58LEN;UAB - UAB PROFLETRAS;90;APLICACOES DIRETAS;3;DESPESAS CORRENTES;3;OUTRAS DESPESAS CORRENTES;33;PASSAGENS E DESPESAS COM LOCOMOCAO;339033;PASSAGENS E DESPESAS COM LOCOMOCAO;00;RECURSOS PRIMARIOS DE LIVRE APLICACAO;;;;;193,360.00;66,340.00;;
2020;154050;FUNDACAO UNIVERSIDADE FEDERAL DE SERGIPE;12;EDUCACAO;368;EDUCACAO BASICA;5011;EDUCACAO BASICA DE QUALIDADE;20RJ;APOIO A CAPACITACAO E FORMACAO INICIAL E CONTINUADA PARA A E;0004;EDUCACAO BASICA A DISTANCIA - SISTEMA UNIVERSIDADE ABERTA DO BRASIL (UAB);12368501120RJ0001;186018;QCC62T58LEN;UAB - UAB PROFLETRAS;90;APLICACOES DIRETAS;3;DESPESAS CORRENTES;3;OUTRAS DESPESAS CORRENTES;36;OUTROS SERVICOS DE TERCEIROS - P.FISICA;339036;OUTROS SERVICOS DE TERCEIROS - PESSOA FISICA;00;RECURSOS PRIMARIOS DE LIVRE APLICACAO;;;;;800.00;800.00;;
2020;154050;FUNDACAO UNIVERSIDADE FEDERAL DE SERGIPE;12;EDUCACAO;368;EDUCACAO BASICA;5011;EDUCACAO BASICA DE QUALIDADE;20RJ;APOIO A CAPACITACAO E FORMACAO INICIAL E CONTINUADA PARA A E;0004;EDUCACAO BASICA A DISTANCIA - SISTEMA UNIVERSIDADE ABERTA DO BRASIL (UAB);12368501120RJ0001;186018;QCC62T58LEN;UAB - UAB PROFLETRAS;90;APLICACOES DIRETAS;3;DESPESAS CORRENTES;3;OUTRAS DESPESAS CORRENTES;39;OUTROS SERVICOS DE TERCEIROS PJ - OP.INT.ORC.;339039;OUTROS SERVICOS DE TERCEIROS - PESSOA JURIDICA;00;RECURSOS PRIMARIOS DE LIVRE APLICACAO;;;;;43,760.00;10,940.00;;
2020;154051;UNIVERSIDADE FEDERAL DE VICOSA;12;EDUCACAO;364;ENSINO SUPERIOR;5013;EDUCACAO SUPERIOR - GRADUACAO, POS-GRADUACAO, ENSINO, PESQUI;0487;CONCESSAO DE BOLSAS DE ESTUDO NO ENSINO SUPERIOR;0002;CONCESSAO DE BOLSAS DE ESTUDO NO PAIS;12364501304870001;170062;OCCCUO9414N;BF SUPERIOR - PROAP;90;APLICACOES DIRETAS;3;DESPESAS CORRENTES;3;OUTRAS DESPESAS CORRENTES;14;DIARIAS - PESSOAL CIVIL;339014;DIARIAS - PESSOAL CIVIL;00;RECURSOS PRIMARIOS DE LIVRE APLICACAO;;;;;69,189.88;33,065.62;36,124.26;33,453.60
2020;154051;UNIVERSIDADE FEDERAL DE VICOSA;12;EDUCACAO;364;ENSINO SUPERIOR;5013;EDUCACAO SUPERIOR - GRADUACAO, POS-GRADUACAO, ENSINO, PESQUI;0487;CONCESSAO DE BOLSAS DE ESTUDO NO ENSINO SUPERIOR;0002;CONCESSAO DE BOLSAS DE ESTUDO NO PAIS;12364501304870001;170062;OCCCUO9414N;BF SUPERIOR - PROAP;90;APLICACOES DIRETAS;3;DESPESAS CORRENTES;3;OUTRAS DESPESAS CORRENTES;18;AUXILIO FINANCEIRO A ESTUDANTES;339018;AUXILIO FINANCEIRO A ESTUDANTES;00;RECURSOS PRIMARIOS DE LIVRE APLICACAO;;;;;197,694.07;48,820.12;148,021.95;126,842.07
2020;154051;UNIVERSIDADE FEDERAL DE VICOSA;12;EDUCACAO;364;ENSINO SUPERIOR;5013;EDUCACAO SUPERIOR - GRADUACAO, POS-GRADUACAO, ENSINO, PESQUI;0487;CONCESSAO DE BOLSAS DE ESTUDO NO ENSINO SUPERIOR;0002;CONCESSAO DE BOLSAS DE ESTUDO NO PAIS;12364501304870001;170062;OCCCUO9414N;BF SUPERIOR - PROAP;90;APLICACOES DIRETAS;3;DESPESAS CORRENTES;3;OUTRAS DESPESAS CORRENTES;30;MATERIAL DE CONSUMO;339030;MATERIAL DE CONSUMO;00;RECURSOS PRIMARIOS DE LIVRE APLICACAO;;;;;1,664,220.31;159,033.71;166,222.07;160,665.51
2020;154051;UNIVERSIDADE FEDERAL DE VICOSA;12;EDUCACAO;364;ENSINO SUPERIOR;5013;EDUCACAO SUPERIOR - GRADUACAO, POS-GRADUACAO, ENSINO, PESQUI;0487;CONCESSAO DE BOLSAS DE ESTUDO NO ENSINO SUPERIOR;0002;CONCESSAO DE BOLSAS DE ESTUDO NO PAIS;12364501304870001;170062;OCCCUO9414N;BF SUPERIOR - PROAP;90;APLICACOES DIRETAS;3;DESPESAS CORRENTES;3;OUTRAS DESPESAS CORRENTES;33;PASSAGENS E DESPESAS COM LOCOMOCAO;339033;PASSAGENS E DESPESAS COM LOCOMOCAO;00;RECURSOS PRIMARIOS DE LIVRE APLICACAO;;;;;141,333.85;120,557.40;3,722.11;3,722.11
2020;154051;UNIVERSIDADE FEDERAL DE VICOSA;12;EDUCACAO;364;ENSINO SUPERIOR;5013;EDUCACAO SUPERIOR - GRADUACAO, POS-GRADUACAO, ENSINO, PESQUI;0487;CONCESSAO DE BOLSAS DE ESTUDO NO ENSINO SUPERIOR;0002;CONCESSAO DE BOLSAS DE ESTUDO NO PAIS;12364501304870001;170062;OCCCUO9414N;BF SUPERIOR - PROAP;90;APLICACOES DIRETAS;3;DESPESAS CORRENTES;3;OUTRAS DESPESAS CORRENTES;36;OUTROS SERVICOS DE TERCEIROS - P.FISICA;339036;OUTROS SERVICOS DE TERCEIROS - PESSOA FISICA;00;RECURSOS PRIMARIOS DE LIVRE APLICACAO;;;;;20,000.00;20,000.00;;
2020;154051;UNIVERSIDADE FEDERAL DE VICOSA;12;EDUCACAO;364;ENSINO SUPERIOR;5013;EDUCACAO SUPERIOR - GRADUACAO, POS-GRADUACAO, ENSINO, PESQUI;0487;CONCESSAO DE BOLSAS DE ESTUDO NO ENSINO SUPERIOR;0002;CONCESSAO DE BOLSAS DE ESTUDO NO PAIS;12364501304870001;170062;OCCCUO9414N;BF SUPERIOR - PROAP;90;APLICACOES DIRETAS;3;DESPESAS CORRENTES;3;OUTRAS DESPESAS CORRENTES;39;OUTROS SERVICOS DE TERCEIROS PJ - OP.INT.ORC.;339039;OUTROS SERVICOS DE TERCEIROS - PESSOA JURIDICA;00;RECURSOS PRIMARIOS DE LIVRE APLICACAO;;;;;1,681,203.55;314,786.24;807,096.92;694,377.72
2020;154051;UNIVERSIDADE FEDERAL DE VICOSA;12;EDUCACAO;368;EDUCACAO BASICA;5011;EDUCACAO BASICA DE QUALIDADE;20RJ;APOIO A CAPACITACAO E FORMACAO INICIAL E CONTINUADA PARA A E;0004;EDUCACAO BASICA A DISTANCIA - SISTEMA UNIVERSIDADE ABERTA DO BRASIL (UAB);12368501120RJ0001;186018;QCC62T58QUN;UAB - UAB PROFQUIMICA;90;APLICACOES DIRETAS;3;DESPESAS CORRENTES;3;OUTRAS DESPESAS CORRENTES;30;MATERIAL DE CONSUMO;339030;MATERIAL DE CONSUMO;00;RECURSOS PRIMARIOS DE LIVRE APLICACAO;;;;;2,439.00;609.75;;
2020;154054;FUNDACAO UNIVERS.FED. DE MATO GROSSO DO SUL;12;EDUCACAO;364;ENSINO SUPERIOR;5013;EDUCACAO SUPERIOR - GRADUACAO, POS-GRADUACAO, ENSINO, PESQUI;0487;CONCESSAO DE BOLSAS DE ESTUDO NO ENSINO SUPERIOR;0002;CONCESSAO DE BOLSAS DE ESTUDO NO PAIS;12364501304870001;170062;OCCCUO9414N;BF SUPERIOR - PROAP;90;APLICACOES DIRETAS;3;DESPESAS CORRENTES;3;OUTRAS DESPESAS CORRENTES;14;DIARIAS - PESSOAL CIVIL;339014;DIARIAS - PESSOAL CIVIL;00;RECURSOS PRIMARIOS DE LIVRE APLICACAO;;;;;207,984.42;137,465.18;70,519.24;61,667.02
2020;154054;FUNDACAO UNIVERS.FED. DE MATO GROSSO DO SUL;12;EDUCACAO;364;ENSINO SUPERIOR;5013;EDUCACAO SUPERIOR - GRADUACAO, POS-GRADUACAO, ENSINO, PESQUI;0487;CONCESSAO DE BOLSAS DE ESTUDO NO ENSINO SUPERIOR;0002;CONCESSAO DE BOLSAS DE ESTUDO NO PAIS;12364501304870001;170062;OCCCUO9414N;BF SUPERIOR - PROAP;90;APLICACOES DIRETAS;3;DESPESAS CORRENTES;3;OUTRAS DESPESAS CORRENTES;18;AUXILIO FINANCEIRO A ESTUDANTES;339018;AUXILIO FINANCEIRO A ESTUDANTES;00;RECURSOS PRIMARIOS DE LIVRE APLICACAO;;;;;117,904.28;66,629.24;51,275.04;41,966.28
2020;154054;FUNDACAO UNIVERS.FED. DE MATO GROSSO DO SUL;12;EDUCACAO;364;ENSINO SUPERIOR;5013;EDUCACAO SUPERIOR - GRADUACAO, POS-GRADUACAO, ENSINO, PESQUI;0487;CONCESSAO DE BOLSAS DE ESTUDO NO ENSINO SUPERIOR;0002;CONCESSAO DE BOLSAS DE ESTUDO NO PAIS;12364501304870001;170062;OCCCUO9414N;BF SUPERIOR - PROAP;90;APLICACOES DIRETAS;3;DESPESAS CORRENTES;3;OUTRAS DESPESAS CORRENTES;20;AUXILIO FINANCEIRO A PESQUISADORES;339020;AUXILIO FINANCEIRO A PESQUISADORES;00;RECURSOS PRIMARIOS DE LIVRE APLICACAO;;;;;762,060.37;258,325.62;503,734.75;437,644.26
2020;154054;FUNDACAO UNIVERS.FED. DE MATO GROSSO DO SUL;12;EDUCACAO;364;ENSINO SUPERIOR;5013;EDUCACAO SUPERIOR - GRADUACAO, POS-GRADUACAO, ENSINO, PESQUI;0487;CONCESSAO DE BOLSAS DE ESTUDO NO ENSINO SUPERIOR;0002;CONCESSAO DE BOLSAS DE ESTUDO NO PAIS;12364501304870001;170062;OCCCUO9414N;BF SUPERIOR - PROAP;90;APLICACOES DIRETAS;3;DESPESAS CORRENTES;3;OUTRAS DESPESAS CORRENTES;30;MATERIAL DE CONSUMO;339030;MATERIAL DE CONSUMO;00;RECURSOS PRIMARIOS DE LIVRE APLICACAO;;;;;1,504,092.04;437,497.68;565,830.22;523,763.12
2020;154054;FUNDACAO UNIVERS.FED. DE MATO GROSSO DO SUL;12;EDUCACAO;364;ENSINO SUPERIOR;5013;EDUCACAO SUPERIOR - GRADUACAO, POS-GRADUACAO, ENSINO, PESQUI;0487;CONCESSAO DE BOLSAS DE ESTUDO NO ENSINO SUPERIOR;0002;CONCESSAO DE BOLSAS DE ESTUDO NO PAIS;12364501304870001;170062;OCCCUO9414N;BF SUPERIOR - PROAP;90;APLICACOES DIRETAS;3;DESPESAS CORRENTES;3;OUTRAS DESPESAS CORRENTES;33;PASSAGENS E DESPESAS COM LOCOMOCAO;339033;PASSAGENS E DESPESAS COM LOCOMOCAO;00;RECURSOS PRIMARIOS DE LIVRE APLICACAO;;;;;142,186.53;128,988.09;13,198.44;13,198.44
2020;154054;FUNDACAO UNIVERS.FED. DE MATO GROSSO DO SUL;12;EDUCACAO;364;ENSINO SUPERIOR;5013;EDUCACAO SUPERIOR - GRADUACAO, POS-GRADUACAO, ENSINO, PESQUI;0487;CONCESSAO DE BOLSAS DE ESTUDO NO ENSINO SUPERIOR;0002;CONCESSAO DE BOLSAS DE ESTUDO NO PAIS;12364501304870001;170062;OCCCUO9414N;BF SUPERIOR - PROAP;90;APLICACOES DIRETAS;3;DESPESAS CORRENTES;3;OUTRAS DESPESAS CORRENTES;36;OUTROS SERVICOS DE TERCEIROS - P.FISICA;339036;OUTROS SERVICOS DE TERCEIROS - PESSOA FISICA;00;RECURSOS PRIMARIOS DE LIVRE APLICACAO;;;;;0.00;0.00;;
2020;154054;FUNDACAO UNIVERS.FED. DE MATO GROSSO DO SUL;12;EDUCACAO;364;ENSINO SUPERIOR;5013;EDUCACAO SUPERIOR - GRADUACAO, POS-GRADUACAO, ENSINO, PESQUI;0487;CONCESSAO DE BOLSAS DE ESTUDO NO ENSINO SUPERIOR;0002;CONCESSAO DE BOLSAS DE ESTUDO NO PAIS;12364501304870001;170062;OCCCUO9414N;BF SUPERIOR - PROAP;90;APLICACOES DIRETAS;3;DESPESAS CORRENTES;3;OUTRAS DESPESAS CORRENTES;39;OUTROS SERVICOS DE TERCEIROS PJ - OP.INT.ORC.;339039;OUTROS SERVICOS DE TERCEIROS - PESSOA JURIDICA;00;RECURSOS PRIMARIOS DE LIVRE APLICACAO;;;;;864,666.00;221,514.00;30,462.00;30,462.00
2020;154054;FUNDACAO UNIVERS.FED. DE MATO GROSSO DO SUL;12;EDUCACAO;368;EDUCACAO BASICA;5011;EDUCACAO BASICA DE QUALIDADE;20RJ;APOIO A CAPACITACAO E FORMACAO INICIAL E CONTINUADA PARA A E;0004;EDUCACAO BASICA A DISTANCIA - SISTEMA UNIVERSIDADE ABERTA DO BRASIL (UAB);12368501120RJ0001;186018;MCC62G22EDN;UAB - UAB TRADICIONAL;90;APLICACOES DIRETAS;3;DESPESAS CORRENTES;3;OUTRAS DESPESAS CORRENTES;39;OUTROS SERVICOS DE TERCEIROS PJ - OP.INT.ORC.;339039;OUTROS SERVICOS DE TERCEIROS - PESSOA JURIDICA;00;RECURSOS PRIMARIOS DE LIVRE APLICACAO;;;;;977,720.00;244,430.00;623,296.50;
2020;154054;FUNDACAO UNIVERS.FED. DE MATO GROSSO DO SUL;12;EDUCACAO;368;EDUCACAO BASICA;5011;EDUCACAO BASICA DE QUALIDADE;20RJ;APOIO A CAPACITACAO E FORMACAO INICIAL E CONTINUADA PARA A E;0004;EDUCACAO BASICA A DISTANCIA - SISTEMA UNIVERSIDADE ABERTA DO BRASIL (UAB);12368501120RJ0001;186018;QCC62T58MAN;UAB - UAB PROFMAT;90;APLICACOES DIRETAS;3;DESPESAS CORRENTES;3;OUTRAS DESPESAS CORRENTES;14;DIARIAS - PESSOAL CIVIL;339014;DIARIAS - PESSOAL CIVIL;00;RECURSOS PRIMARIOS DE LIVRE APLICACAO;;;;;65,000.00;65,000.00;;
2020;154055;FUNDACAO UNIVERSIDADE FEDERAL DE RONDONIA;12;EDUCACAO;364;ENSINO SUPERIOR;5013;EDUCACAO SUPERIOR - GRADUACAO, POS-GRADUACAO, ENSINO, PESQUI;0487;CONCESSAO DE BOLSAS DE ESTUDO NO ENSINO SUPERIOR;0002;CONCESSAO DE BOLSAS DE ESTUDO NO PAIS;12364501304870001;170062;OCCCUO9414N;BF SUPERIOR - PROAP;90;APLICACOES DIRETAS;3;DESPESAS CORRENTES;3;OUTRAS DESPESAS CORRENTES;14;DIARIAS - PESSOAL CIVIL;339014;DIARIAS - PESSOAL CIVIL;00;RECURSOS PRIMARIOS DE LIVRE APLICACAO;;;;;28,000.00;7,000.00;;
2020;154055;FUNDACAO UNIVERSIDADE FEDERAL DE RONDONIA;12;EDUCACAO;364;ENSINO SUPERIOR;5013;EDUCACAO SUPERIOR - GRADUACAO, POS-GRADUACAO, ENSINO, PESQUI;0487;CONCESSAO DE BOLSAS DE ESTUDO NO ENSINO SUPERIOR;0002;CONCESSAO DE BOLSAS DE ESTUDO NO PAIS;12364501304870001;170062;OCCCUO9414N;BF SUPERIOR - PROAP;90;APLICACOES DIRETAS;3;DESPESAS CORRENTES;3;OUTRAS DESPESAS CORRENTES;18;AUXILIO FINANCEIRO A ESTUDANTES;339018;AUXILIO FINANCEIRO A ESTUDANTES;00;RECURSOS PRIMARIOS DE LIVRE APLICACAO;;;;;13,799.00;3,449.75;;
2020;154055;FUNDACAO UNIVERSIDADE FEDERAL DE RONDONIA;12;EDUCACAO;364;ENSINO SUPERIOR;5013;EDUCACAO SUPERIOR - GRADUACAO, POS-GRADUACAO, ENSINO, PESQUI;0487;CONCESSAO DE BOLSAS DE ESTUDO NO ENSINO SUPERIOR;0002;CONCESSAO DE BOLSAS DE ESTUDO NO PAIS;12364501304870001;170062;OCCCUO9414N;BF SUPERIOR - PROAP;90;APLICACOES DIRETAS;3;DESPESAS CORRENTES;3;OUTRAS DESPESAS CORRENTES;39;OUTROS SERVICOS DE TERCEIROS PJ - OP.INT.ORC.;339039;OUTROS SERVICOS DE TERCEIROS - PESSOA JURIDICA;00;RECURSOS PRIMARIOS DE LIVRE APLICACAO;;;;3,955.00;195,324.00;25,681.00;20,105.00;18,105.00
2020;154055;FUNDACAO UNIVERSIDADE FEDERAL DE RONDONIA;12;EDUCACAO;368;EDUCACAO BASICA;5011;EDUCACAO BASICA DE QUALIDADE;20RJ;APOIO A CAPACITACAO E FORMACAO INICIAL E CONTINUADA PARA A E;0004;EDUCACAO BASICA A DISTANCIA - SISTEMA UNIVERSIDADE ABERTA DO BRASIL (UAB);12368501120RJ0001;186018;QCC62T58MAN;UAB - UAB PROFMAT;90;APLICACOES DIRETAS;3;DESPESAS CORRENTES;3;OUTRAS DESPESAS CORRENTES;18;AUXILIO FINANCEIRO A ESTUDANTES;339018;AUXILIO FINANCEIRO A ESTUDANTES;00;RECURSOS PRIMARIOS DE LIVRE APLICACAO;;;;;12,000.00;3,000.00;;
2020;154055;FUNDACAO UNIVERSIDADE FEDERAL DE RONDONIA;12;EDUCACAO;368;EDUCACAO BASICA;5011;EDUCACAO BASICA DE QUALIDADE;20RJ;APOIO A CAPACITACAO E FORMACAO INICIAL E CONTINUADA PARA A E;0004;EDUCACAO BASICA A DISTANCIA - SISTEMA UNIVERSIDADE ABERTA DO BRASIL (UAB);12368501120RJ0001;186018;QCC62T58MAN;UAB - UAB PROFMAT;90;APLICACOES DIRETAS;3;DESPESAS CORRENTES;3;OUTRAS DESPESAS CORRENTES;36;OUTROS SERVICOS DE TERCEIROS - P.FISICA;339036;OUTROS SERVICOS DE TERCEIROS - PESSOA FISICA;00;RECURSOS PRIMARIOS DE LIVRE APLICACAO;;;;;12,000.00;0.00;;
2020;154069;FUNDACAO UNIVERSIDADE FEDERAL DE S.J.DEL-REI;12;EDUCACAO;364;ENSINO SUPERIOR;5013;EDUCACAO SUPERIOR - GRADUACAO, POS-GRADUACAO, ENSINO, PESQUI;0487;CONCESSAO DE BOLSAS DE ESTUDO NO ENSINO SUPERIOR;0002;CONCESSAO DE BOLSAS DE ESTUDO NO PAIS;12364501304870001;170062;OCCCUO9414N;BF SUPERIOR - PROAP;90;APLICACOES DIRETAS;3;DESPESAS CORRENTES;3;OUTRAS DESPESAS CORRENTES;18;AUXILIO FINANCEIRO A ESTUDANTES;339018;AUXILIO FINANCEIRO A ESTUDANTES;00;RECURSOS PRIMARIOS DE LIVRE APLICACAO;;;;;36,847.32;0.00;36,847.32;31,613.49
2020;154069;FUNDACAO UNIVERSIDADE FEDERAL DE S.J.DEL-REI;12;EDUCACAO;364;ENSINO SUPERIOR;5013;EDUCACAO SUPERIOR - GRADUACAO, POS-GRADUACAO, ENSINO, PESQUI;0487;CONCESSAO DE BOLSAS DE ESTUDO NO ENSINO SUPERIOR;0002;CONCESSAO DE BOLSAS DE ESTUDO NO PAIS;12364501304870001;170062;OCCCUO9414N;BF SUPERIOR - PROAP;90;APLICACOES DIRETAS;3;DESPESAS CORRENTES;3;OUTRAS DESPESAS CORRENTES;20;AUXILIO FINANCEIRO A PESQUISADORES;339020;AUXILIO FINANCEIRO A PESQUISADORES;00;RECURSOS PRIMARIOS DE LIVRE APLICACAO;;;;;48,748.32;1,400.00;47,348.32;42,336.24
2020;154069;FUNDACAO UNIVERSIDADE FEDERAL DE S.J.DEL-REI;12;EDUCACAO;364;ENSINO SUPERIOR;5013;EDUCACAO SUPERIOR - GRADUACAO, POS-GRADUACAO, ENSINO, PESQUI;0487;CONCESSAO DE BOLSAS DE ESTUDO NO ENSINO SUPERIOR;0002;CONCESSAO DE BOLSAS DE ESTUDO NO PAIS;12364501304870001;170062;OCCCUO9414N;BF SUPERIOR - PROAP;90;APLICACOES DIRETAS;3;DESPESAS CORRENTES;3;OUTRAS DESPESAS CORRENTES;30;MATERIAL DE CONSUMO;339030;MATERIAL DE CONSUMO;00;RECURSOS PRIMARIOS DE LIVRE APLICACAO;;;;;63,983.93;3,148.04;7,655.52;7,655.52
2020;154069;FUNDACAO UNIVERSIDADE FEDERAL DE S.J.DEL-REI;12;EDUCACAO;364;ENSINO SUPERIOR;5013;EDUCACAO SUPERIOR - GRADUACAO, POS-GRADUACAO, ENSINO, PESQUI;0487;CONCESSAO DE BOLSAS DE ESTUDO NO ENSINO SUPERIOR;0002;CONCESSAO DE BOLSAS DE ESTUDO NO PAIS;12364501304870001;170062;OCCCUO9414N;BF SUPERIOR - PROAP;90;APLICACOES DIRETAS;3;DESPESAS CORRENTES;3;OUTRAS DESPESAS CORRENTES;93;INDENIZACOES E RESTITUICOES;339093;INDENIZACOES E RESTITUICOES;00;RECURSOS PRIMARIOS DE LIVRE APLICACAO;;;;;185,466.65;5,457.22;180,009.43;165,195.04
2020;154069;FUNDACAO UNIVERSIDADE FEDERAL DE S.J.DEL-REI;12;EDUCACAO;368;EDUCACAO BASICA;5011;EDUCACAO BASICA DE QUALIDADE;20RJ;APOIO A CAPACITACAO E FORMACAO INICIAL E CONTINUADA PARA A E;0004;EDUCACAO BASICA A DISTANCIA - SISTEMA UNIVERSIDADE ABERTA DO BRASIL (UAB);12368501120RJ0001;186018;MCC62G22EDN;UAB - UAB TRADICIONAL;90;APLICACOES DIRETAS;3;DESPESAS CORRENTES;3;OUTRAS DESPESAS CORRENTES;37;LOCACAO DE MAO-DE-OBRA;339037;LOCACAO DE MAO-DE-OBRA;00;RECURSOS PRIMARIOS DE LIVRE APLICACAO;;;;;9,762,376.00;3,943,797.89;4,785,850.37;3,701,351.42
2020;154080;UNIVERSIDADE FEDERAL DE RORAIMA;12;EDUCACAO;364;ENSINO SUPERIOR;5013;EDUCACAO SUPERIOR - GRADUACAO, POS-GRADUACAO, ENSINO, PESQUI;0487;CONCESSAO DE BOLSAS DE ESTUDO NO ENSINO SUPERIOR;0002;CONCESSAO DE BOLSAS DE ESTUDO NO PAIS;12364501304870001;170062;OCCCUO9414N;BF SUPERIOR - PROAP;90;APLICACOES DIRETAS;3;DESPESAS CORRENTES;3;OUTRAS DESPESAS CORRENTES;14;DIARIAS - PESSOAL CIVIL;339014;DIARIAS - PESSOAL CIVIL;00;RECURSOS PRIMARIOS DE LIVRE APLICACAO;;;;;33,579.56;28,072.70;5,506.86;5,506.86
2020;154080;UNIVERSIDADE FEDERAL DE RORAIMA;12;EDUCACAO;364;ENSINO SUPERIOR;5013;EDUCACAO SUPERIOR - GRADUACAO, POS-GRADUACAO, ENSINO, PESQUI;0487;CONCESSAO DE BOLSAS DE ESTUDO NO ENSINO SUPERIOR;0002;CONCESSAO DE BOLSAS DE ESTUDO NO PAIS;12364501304870001;170062;OCCCUO9414N;BF SUPERIOR - PROAP;90;APLICACOES DIRETAS;3;DESPESAS CORRENTES;3;OUTRAS DESPESAS CORRENTES;30;MATERIAL DE CONSUMO;339030;MATERIAL DE CONSUMO;00;RECURSOS PRIMARIOS DE LIVRE APLICACAO;;;;;7,500.00;0.00;;
2020;154080;UNIVERSIDADE FEDERAL DE RORAIMA;12;EDUCACAO;364;ENSINO SUPERIOR;5013;EDUCACAO SUPERIOR - GRADUACAO, POS-GRADUACAO, ENSINO, PESQUI;0487;CONCESSAO DE BOLSAS DE ESTUDO NO ENSINO SUPERIOR;0002;CONCESSAO DE BOLSAS DE ESTUDO NO PAIS;12364501304870001;170062;OCCCUO9414N;BF SUPERIOR - PROAP;90;APLICACOES DIRETAS;3;DESPESAS CORRENTES;3;OUTRAS DESPESAS CORRENTES;33;PASSAGENS E DESPESAS COM LOCOMOCAO;339033;PASSAGENS E DESPESAS COM LOCOMOCAO;00;RECURSOS PRIMARIOS DE LIVRE APLICACAO;;;;;28,797.00;0.00;;
2020;154080;UNIVERSIDADE FEDERAL DE RORAIMA;12;EDUCACAO;364;ENSINO SUPERIOR;5013;EDUCACAO SUPERIOR - GRADUACAO, POS-GRADUACAO, ENSINO, PESQUI;0487;CONCESSAO DE BOLSAS DE ESTUDO NO ENSINO SUPERIOR;0002;CONCESSAO DE BOLSAS DE ESTUDO NO PAIS;12364501304870001;170062;OCCCUO9414N;BF SUPERIOR - PROAP;90;APLICACOES DIRETAS;3;DESPESAS CORRENTES;3;OUTRAS DESPESAS CORRENTES;36;OUTROS SERVICOS DE TERCEIROS - P.FISICA;339036;OUTROS SERVICOS DE TERCEIROS - PESSOA FISICA;00;RECURSOS PRIMARIOS DE LIVRE APLICACAO;;;;;50,088.02;29,603.02;20,485.00;19,593.50
2020;154080;UNIVERSIDADE FEDERAL DE RORAIMA;12;EDUCACAO;364;ENSINO SUPERIOR;5013;EDUCACAO SUPERIOR - GRADUACAO, POS-GRADUACAO, ENSINO, PESQUI;0487;CONCESSAO DE BOLSAS DE ESTUDO NO ENSINO SUPERIOR;0002;CONCESSAO DE BOLSAS DE ESTUDO NO PAIS;12364501304870001;170062;OCCCUO9414N;BF SUPERIOR - PROAP;90;APLICACOES DIRETAS;3;DESPESAS CORRENTES;3;OUTRAS DESPESAS CORRENTES;39;OUTROS SERVICOS DE TERCEIROS PJ - OP.INT.ORC.;339039;OUTROS SERVICOS DE TERCEIROS - PESSOA JURIDICA;00;RECURSOS PRIMARIOS DE LIVRE APLICACAO;;;;;21,659.40;0.00;;
2020;154080;UNIVERSIDADE FEDERAL DE RORAIMA;12;EDUCACAO;368;EDUCACAO BASICA;5011;EDUCACAO BASICA DE QUALIDADE;20RJ;APOIO A CAPACITACAO E FORMACAO INICIAL E CONTINUADA PARA A E;0004;EDUCACAO BASICA A DISTANCIA - SISTEMA UNIVERSIDADE ABERTA DO BRASIL (UAB);12368501120RJ0001;170067;MCC62G22EDN;UAB - UAB TRADICIONAL;90;APLICACOES DIRETAS;3;DESPESAS CORRENTES;3;OUTRAS DESPESAS CORRENTES;14;DIARIAS - PESSOAL CIVIL;339014;DIARIAS - PESSOAL CIVIL;00;RECURSOS PRIMARIOS DE LIVRE APLICACAO;;;;;94,007.34;92,925.00;1,082.34;1,082.34
2020;154080;UNIVERSIDADE FEDERAL DE RORAIMA;12;EDUCACAO;368;EDUCACAO BASICA;5011;EDUCACAO BASICA DE QUALIDADE;20RJ;APOIO A CAPACITACAO E FORMACAO INICIAL E CONTINUADA PARA A E;0004;EDUCACAO BASICA A DISTANCIA - SISTEMA UNIVERSIDADE ABERTA DO BRASIL (UAB);12368501120RJ0001;170067;MCC62G22EDN;UAB - UAB TRADICIONAL;90;APLICACOES DIRETAS;3;DESPESAS CORRENTES;3;OUTRAS DESPESAS CORRENTES;30;MATERIAL DE CONSUMO;339030;MATERIAL DE CONSUMO;00;RECURSOS PRIMARIOS DE LIVRE APLICACAO;;;;;8,375.15;3,589.35;4,785.80;3,589.35
2020;154080;UNIVERSIDADE FEDERAL DE RORAIMA;12;EDUCACAO;368;EDUCACAO BASICA;5011;EDUCACAO BASICA DE QUALIDADE;20RJ;APOIO A CAPACITACAO E FORMACAO INICIAL E CONTINUADA PARA A E;0004;EDUCACAO BASICA A DISTANCIA - SISTEMA UNIVERSIDADE ABERTA DO BRASIL (UAB);12368501120RJ0001;170067;MCC62G22EDN;UAB - UAB TRADICIONAL;90;APLICACOES DIRETAS;3;DESPESAS CORRENTES;3;OUTRAS DESPESAS CORRENTES;33;PASSAGENS E DESPESAS COM LOCOMOCAO;339033;PASSAGENS E DESPESAS COM LOCOMOCAO;00;RECURSOS PRIMARIOS DE LIVRE APLICACAO;;;;;19,198.00;13,438.60;;
2020;154080;UNIVERSIDADE FEDERAL DE RORAIMA;12;EDUCACAO;368;EDUCACAO BASICA;5011;EDUCACAO BASICA DE QUALIDADE;20RJ;APOIO A CAPACITACAO E FORMACAO INICIAL E CONTINUADA PARA A E;0004;EDUCACAO BASICA A DISTANCIA - SISTEMA UNIVERSIDADE ABERTA DO BRASIL (UAB);12368501120RJ0001;170067;MCC62G22EDN;UAB - UAB TRADICIONAL;90;APLICACOES DIRETAS;3;DESPESAS CORRENTES;3;OUTRAS DESPESAS CORRENTES;36;OUTROS SERVICOS DE TERCEIROS - P.FISICA;339036;OUTROS SERVICOS DE TERCEIROS - PESSOA FISICA;00;RECURSOS PRIMARIOS DE LIVRE APLICACAO;;;;;25,475.46;0.00;9,071.82;
2020;154080;UNIVERSIDADE FEDERAL DE RORAIMA;12;EDUCACAO;368;EDUCACAO BASICA;5011;EDUCACAO BASICA DE QUALIDADE;20RJ;APOIO A CAPACITACAO E FORMACAO INICIAL E CONTINUADA PARA A E;0004;EDUCACAO BASICA A DISTANCIA - SISTEMA UNIVERSIDADE ABERTA DO BRASIL (UAB);12368501120RJ0001;186018;MCC62G22EDN;UAB - UAB TRADICIONAL;90;APLICACOES DIRETAS;3;DESPESAS CORRENTES;3;OUTRAS DESPESAS CORRENTES;14;DIARIAS - PESSOAL CIVIL;339014;DIARIAS - PESSOAL CIVIL;00;RECURSOS PRIMARIOS DE LIVRE APLICACAO;;;;;35,805.90;19,844.42;15,961.48;11,379.90
2020;154080;UNIVERSIDADE FEDERAL DE RORAIMA;12;EDUCACAO;368;EDUCACAO BASICA;5011;EDUCACAO BASICA DE QUALIDADE;20RJ;APOIO A CAPACITACAO E FORMACAO INICIAL E CONTINUADA PARA A E;0004;EDUCACAO BASICA A DISTANCIA - SISTEMA UNIVERSIDADE ABERTA DO BRASIL (UAB);12368501120RJ0001;186018;MCC62G22EDN;UAB - UAB TRADICIONAL;90;APLICACOES DIRETAS;3;DESPESAS CORRENTES;3;OUTRAS DESPESAS CORRENTES;30;MATERIAL DE CONSUMO;339030;MATERIAL DE CONSUMO;00;RECURSOS PRIMARIOS DE LIVRE APLICACAO;;;;;138,791.56;41,465.14;8,534.82;6,591.17
2020;154080;UNIVERSIDADE FEDERAL DE RORAIMA;12;EDUCACAO;368;EDUCACAO BASICA;5011;EDUCACAO BASICA DE QUALIDADE;20RJ;APOIO A CAPACITACAO E FORMACAO INICIAL E CONTINUADA PARA A E;0004;EDUCACAO BASICA A DISTANCIA - SISTEMA UNIVERSIDADE ABERTA DO BRASIL (UAB);12368501120RJ0001;186018;MCC62G22EDN;UAB - UAB TRADICIONAL;90;APLICACOES DIRETAS;3;DESPESAS CORRENTES;3;OUTRAS DESPESAS CORRENTES;33;PASSAGENS E DESPESAS COM LOCOMOCAO;339033;PASSAGENS E DESPESAS COM LOCOMOCAO;00;RECURSOS PRIMARIOS DE LIVRE APLICACAO;;;;;478,370.80;22,077.70;;
2020;154080;UNIVERSIDADE FEDERAL DE RORAIMA;12;EDUCACAO;368;EDUCACAO BASICA;5011;EDUCACAO BASICA DE QUALIDADE;20RJ;APOIO A CAPACITACAO E FORMACAO INICIAL E CONTINUADA PARA A E;0004;EDUCACAO BASICA A DISTANCIA - SISTEMA UNIVERSIDADE ABERTA DO BRASIL (UAB);12368501120RJ0001;186018;MCC62G22EDN;UAB - UAB TRADICIONAL;90;APLICACOES DIRETAS;3;DESPESAS CORRENTES;3;OUTRAS DESPESAS CORRENTES;36;OUTROS SERVICOS DE TERCEIROS - P.FISICA;339036;OUTROS SERVICOS DE TERCEIROS - PESSOA FISICA;00;RECURSOS PRIMARIOS DE LIVRE APLICACAO;;;;;16,983.64;16,983.64;;
2020;154215;FUNDACAO UNIVERSIDADE FEDERAL DO AMAPA;12;EDUCACAO;364;ENSINO SUPERIOR;5013;EDUCACAO SUPERIOR - GRADUACAO, POS-GRADUACAO, ENSINO, PESQUI;0487;CONCESSAO DE BOLSAS DE ESTUDO NO ENSINO SUPERIOR;0002;CONCESSAO DE BOLSAS DE ESTUDO NO PAIS;12364501304870001;170062;OCCCUO9414N;BF SUPERIOR - PROAP;90;APLICACOES DIRETAS;3;DESPESAS CORRENTES;3;OUTRAS DESPESAS CORRENTES;14;DIARIAS - PESSOAL CIVIL;339014;DIARIAS - PESSOAL CIVIL;00;RECURSOS PRIMARIOS DE LIVRE APLICACAO;;;;;139,646.25;43,343.61;96,302.64;83,179.68
2020;154215;FUNDACAO UNIVERSIDADE FEDERAL DO AMAPA;12;EDUCACAO;364;ENSINO SUPERIOR;5013;EDUCACAO SUPERIOR - GRADUACAO, POS-GRADUACAO, ENSINO, PESQUI;0487;CONCESSAO DE BOLSAS DE ESTUDO NO ENSINO SUPERIOR;0002;CONCESSAO DE BOLSAS DE ESTUDO NO PAIS;12364501304870001;170062;OCCCUO9414N;BF SUPERIOR - PROAP;90;APLICACOES DIRETAS;3;DESPESAS CORRENTES;3;OUTRAS DESPESAS CORRENTES;18;AUXILIO FINANCEIRO A ESTUDANTES;339018;AUXILIO FINANCEIRO A ESTUDANTES;00;RECURSOS PRIMARIOS DE LIVRE APLICACAO;;;;;80,782.80;36,408.00;27,060.00;27,060.00
2020;154215;FUNDACAO UNIVERSIDADE FEDERAL DO AMAPA;12;EDUCACAO;364;ENSINO SUPERIOR;5013;EDUCACAO SUPERIOR - GRADUACAO, POS-GRADUACAO, ENSINO, PESQUI;0487;CONCESSAO DE BOLSAS DE ESTUDO NO ENSINO SUPERIOR;0002;CONCESSAO DE BOLSAS DE ESTUDO NO PAIS;12364501304870001;170062;OCCCUO9414N;BF SUPERIOR - PROAP;90;APLICACOES DIRETAS;3;DESPESAS CORRENTES;3;OUTRAS DESPESAS CORRENTES;20;AUXILIO FINANCEIRO A PESQUISADORES;339020;AUXILIO FINANCEIRO A PESQUISADORES;00;RECURSOS PRIMARIOS DE LIVRE APLICACAO;;;;;194,997.92;65,786.99;107,696.40;106,940.40
2020;154215;FUNDACAO UNIVERSIDADE FEDERAL DO AMAPA;12;EDUCACAO;364;ENSINO SUPERIOR;5013;EDUCACAO SUPERIOR - GRADUACAO, POS-GRADUACAO, ENSINO, PESQUI;0487;CONCESSAO DE BOLSAS DE ESTUDO NO ENSINO SUPERIOR;0002;CONCESSAO DE BOLSAS DE ESTUDO NO PAIS;12364501304870001;170062;OCCCUO9414N;BF SUPERIOR - PROAP;90;APLICACOES DIRETAS;3;DESPESAS CORRENTES;3;OUTRAS DESPESAS CORRENTES;33;PASSAGENS E DESPESAS COM LOCOMOCAO;339033;PASSAGENS E DESPESAS COM LOCOMOCAO;00;RECURSOS PRIMARIOS DE LIVRE APLICACAO;;;;;14,774.80;14,774.80;;
2020;154215;FUNDACAO UNIVERSIDADE FEDERAL DO AMAPA;12;EDUCACAO;364;ENSINO SUPERIOR;5013;EDUCACAO SUPERIOR - GRADUACAO, POS-GRADUACAO, ENSINO, PESQUI;0487;CONCESSAO DE BOLSAS DE ESTUDO NO ENSINO SUPERIOR;0002;CONCESSAO DE BOLSAS DE ESTUDO NO PAIS;12364501304870001;170062;OCCCUO9414N;BF SUPERIOR - PROAP;90;APLICACOES DIRETAS;3;DESPESAS CORRENTES;3;OUTRAS DESPESAS CORRENTES;93;INDENIZACOES E RESTITUICOES;339093;INDENIZACOES E RESTITUICOES;00;RECURSOS PRIMARIOS DE LIVRE APLICACAO;;;;;38,877.12;0.00;33,402.30;33,402.30
2020;154215;FUNDACAO UNIVERSIDADE FEDERAL DO AMAPA;12;EDUCACAO;368;EDUCACAO BASICA;5011;EDUCACAO BASICA DE QUALIDADE;20RJ;APOIO A CAPACITACAO E FORMACAO INICIAL E CONTINUADA PARA A E;0003;EDUCACAO BASICA PRESENCIAL;12368501120RJ0001;170065;PCC92B5801N;PARFOR - PARFOR;90;APLICACOES DIRETAS;3;DESPESAS CORRENTES;3;OUTRAS DESPESAS CORRENTES;36;OUTROS SERVICOS DE TERCEIROS - P.FISICA;339036;OUTROS SERVICOS DE TERCEIROS - PESSOA FISICA;00;RECURSOS PRIMARIOS DE LIVRE APLICACAO;;;;;83,280.00;19,728.00;7,644.00;3,276.00
2020;154215;FUNDACAO UNIVERSIDADE FEDERAL DO AMAPA;12;EDUCACAO;368;EDUCACAO BASICA;5011;EDUCACAO BASICA DE QUALIDADE;20RJ;APOIO A CAPACITACAO E FORMACAO INICIAL E CONTINUADA PARA A E;0003;EDUCACAO BASICA PRESENCIAL;12368501120RJ0001;186016;PCC92B5801N;PARFOR - PARFOR;90;APLICACOES DIRETAS;3;DESPESAS CORRENTES;3;OUTRAS DESPESAS CORRENTES;14;DIARIAS - PESSOAL CIVIL;339014;DIARIAS - PESSOAL CIVIL;00;RECURSOS PRIMARIOS DE LIVRE APLICACAO;;;;;3,201.40;3,201.40;;
2020;154215;FUNDACAO UNIVERSIDADE FEDERAL DO AMAPA;12;EDUCACAO;368;EDUCACAO BASICA;5011;EDUCACAO BASICA DE QUALIDADE;20RJ;APOIO A CAPACITACAO E FORMACAO INICIAL E CONTINUADA PARA A E;0003;EDUCACAO BASICA PRESENCIAL;12368501120RJ0001;186016;PCC92B5801N;PARFOR - PARFOR;90;APLICACOES DIRETAS;3;DESPESAS CORRENTES;3;OUTRAS DESPESAS CORRENTES;33;PASSAGENS E DESPESAS COM LOCOMOCAO;339033;PASSAGENS E DESPESAS COM LOCOMOCAO;00;RECURSOS PRIMARIOS DE LIVRE APLICACAO;;;;;9,000.00;9,000.00;;
2020;154215;FUNDACAO UNIVERSIDADE FEDERAL DO AMAPA;12;EDUCACAO;368;EDUCACAO BASICA;5011;EDUCACAO BASICA DE QUALIDADE;20RJ;APOIO A CAPACITACAO E FORMACAO INICIAL E CONTINUADA PARA A E;0003;EDUCACAO BASICA PRESENCIAL;12368501120RJ0001;186016;PCC92B5801N;PARFOR - PARFOR;90;APLICACOES DIRETAS;3;DESPESAS CORRENTES;3;OUTRAS DESPESAS CORRENTES;36;OUTROS SERVICOS DE TERCEIROS - P.FISICA;339036;OUTROS SERVICOS DE TERCEIROS - PESSOA FISICA;00;RECURSOS PRIMARIOS DE LIVRE APLICACAO;;;;;41,640.00;41,640.00;0.00;
2020;154215;FUNDACAO UNIVERSIDADE FEDERAL DO AMAPA;12;EDUCACAO;368;EDUCACAO BASICA;5011;EDUCACAO BASICA DE QUALIDADE;20RJ;APOIO A CAPACITACAO E FORMACAO INICIAL E CONTINUADA PARA A E;0003;EDUCACAO BASICA PRESENCIAL;12368501120RJ0001;186017;PCC92B5801N;PARFOR - PARFOR;90;APLICACOES DIRETAS;3;DESPESAS CORRENTES;3;OUTRAS DESPESAS CORRENTES;14;DIARIAS - PESSOAL CIVIL;339014;DIARIAS - PESSOAL CIVIL;44;TITULOS DE RESPONSAB.DO TN-OUTRAS APLICACOES;;;;;1,600.70;1,600.70;;
2020;154215;FUNDACAO UNIVERSIDADE FEDERAL DO AMAPA;12;EDUCACAO;368;EDUCACAO BASICA;5011;EDUCACAO BASICA DE QUALIDADE;20RJ;APOIO A CAPACITACAO E FORMACAO INICIAL E CONTINUADA PARA A E;0003;EDUCACAO BASICA PRESENCIAL;12368501120RJ0001;186017;PCC92B5801N;PARFOR - PARFOR;90;APLICACOES DIRETAS;3;DESPESAS CORRENTES;3;OUTRAS DESPESAS CORRENTES;36;OUTROS SERVICOS DE TERCEIROS - P.FISICA;339036;OUTROS SERVICOS DE TERCEIROS - PESSOA FISICA;44;TITULOS DE RESPONSAB.DO TN-OUTRAS APLICACOES;;;;;20,820.00;20,820.00;0.00;
2020;154215;FUNDACAO UNIVERSIDADE FEDERAL DO AMAPA;12;EDUCACAO;368;EDUCACAO BASICA;5011;EDUCACAO BASICA DE QUALIDADE;20RJ;APOIO A CAPACITACAO E FORMACAO INICIAL E CONTINUADA PARA A E;0004;EDUCACAO BASICA A DISTANCIA - SISTEMA UNIVERSIDADE ABERTA DO BRASIL (UAB);12368501120RJ0001;186018;QCC62T58HIN;UAB - UAB PROFHISTORIA;90;APLICACOES DIRETAS;3;DESPESAS CORRENTES;3;OUTRAS DESPESAS CORRENTES;14;DIARIAS - PESSOAL CIVIL;339014;DIARIAS - PESSOAL CIVIL;00;RECURSOS PRIMARIOS DE LIVRE APLICACAO;;;;;74,400.00;74,400.00;;
2020;154215;FUNDACAO UNIVERSIDADE FEDERAL DO AMAPA;12;EDUCACAO;368;EDUCACAO BASICA;5011;EDUCACAO BASICA DE QUALIDADE;20RJ;APOIO A CAPACITACAO E FORMACAO INICIAL E CONTINUADA PARA A E;0004;EDUCACAO BASICA A DISTANCIA - SISTEMA UNIVERSIDADE ABERTA DO BRASIL (UAB);12368501120RJ0001;186018;QCC62T58HIN;UAB - UAB PROFHISTORIA;90;APLICACOES DIRETAS;3;DESPESAS CORRENTES;3;OUTRAS DESPESAS CORRENTES;18;AUXILIO FINANCEIRO A ESTUDANTES;339018;AUXILIO FINANCEIRO A ESTUDANTES;00;RECURSOS PRIMARIOS DE LIVRE APLICACAO;;;;;50,000.00;35,000.00;;
2020;154215;FUNDACAO UNIVERSIDADE FEDERAL DO AMAPA;12;EDUCACAO;368;EDUCACAO BASICA;5011;EDUCACAO BASICA DE QUALIDADE;20RJ;APOIO A CAPACITACAO E FORMACAO INICIAL E CONTINUADA PARA A E;0004;EDUCACAO BASICA A DISTANCIA - SISTEMA UNIVERSIDADE ABERTA DO BRASIL (UAB);12368501120RJ0001;186018;QCC62T58HIN;UAB - UAB PROFHISTORIA;90;APLICACOES DIRETAS;3;DESPESAS CORRENTES;3;OUTRAS DESPESAS CORRENTES;33;PASSAGENS E DESPESAS COM LOCOMOCAO;339033;PASSAGENS E DESPESAS COM LOCOMOCAO;00;RECURSOS PRIMARIOS DE LIVRE APLICACAO;;;;;146,466.00;146,466.00;;
2020;154358;UTFPR - CAMPUS CURITIBA;12;EDUCACAO;364;ENSINO SUPERIOR;5013;EDUCACAO SUPERIOR - GRADUACAO, POS-GRADUACAO, ENSINO, PESQUI;0487;CONCESSAO DE BOLSAS DE ESTUDO NO ENSINO SUPERIOR;0002;CONCESSAO DE BOLSAS DE ESTUDO NO PAIS;12364501304870001;170062;OCCCUO9414N;BF SUPERIOR - PROAP;90;APLICACOES DIRETAS;3;DESPESAS CORRENTES;3;OUTRAS DESPESAS CORRENTES;14;DIARIAS - PESSOAL CIVIL;339014;DIARIAS - PESSOAL CIVIL;00;RECURSOS PRIMARIOS DE LIVRE APLICACAO;;;;;6,294.00;1,258.80;5,035.20;3,776.40
2020;154358;UTFPR - CAMPUS CURITIBA;12;EDUCACAO;364;ENSINO SUPERIOR;5013;EDUCACAO SUPERIOR - GRADUACAO, POS-GRADUACAO, ENSINO, PESQUI;0487;CONCESSAO DE BOLSAS DE ESTUDO NO ENSINO SUPERIOR;0002;CONCESSAO DE BOLSAS DE ESTUDO NO PAIS;12364501304870001;170062;OCCCUO9414N;BF SUPERIOR - PROAP;90;APLICACOES DIRETAS;3;DESPESAS CORRENTES;3;OUTRAS DESPESAS CORRENTES;18;AUXILIO FINANCEIRO A ESTUDANTES;339018;AUXILIO FINANCEIRO A ESTUDANTES;00;RECURSOS PRIMARIOS DE LIVRE APLICACAO;;;;;124,308.88;1,827.20;122,481.68;117,530.57
2020;154358;UTFPR - CAMPUS CURITIBA;12;EDUCACAO;364;ENSINO SUPERIOR;5013;EDUCACAO SUPERIOR - GRADUACAO, POS-GRADUACAO, ENSINO, PESQUI;0487;CONCESSAO DE BOLSAS DE ESTUDO NO ENSINO SUPERIOR;0002;CONCESSAO DE BOLSAS DE ESTUDO NO PAIS;12364501304870001;170062;OCCCUO9414N;BF SUPERIOR - PROAP;90;APLICACOES DIRETAS;3;DESPESAS CORRENTES;3;OUTRAS DESPESAS CORRENTES;30;MATERIAL DE CONSUMO;339030;MATERIAL DE CONSUMO;00;RECURSOS PRIMARIOS DE LIVRE APLICACAO;;;;;160,242.80;34,661.86;112,213.96;87,393.97
2020;154358;UTFPR - CAMPUS CURITIBA;12;EDUCACAO;364;ENSINO SUPERIOR;5013;EDUCACAO SUPERIOR - GRADUACAO, POS-GRADUACAO, ENSINO, PESQUI;0487;CONCESSAO DE BOLSAS DE ESTUDO NO ENSINO SUPERIOR;0002;CONCESSAO DE BOLSAS DE ESTUDO NO PAIS;12364501304870001;170062;OCCCUO9414N;BF SUPERIOR - PROAP;90;APLICACOES DIRETAS;3;DESPESAS CORRENTES;3;OUTRAS DESPESAS CORRENTES;39;OUTROS SERVICOS DE TERCEIROS PJ - OP.INT.ORC.;339039;OUTROS SERVICOS DE TERCEIROS - PESSOA JURIDICA;00;RECURSOS PRIMARIOS DE LIVRE APLICACAO;;;;;289,741.60;51,042.15;142,702.00;139,733.00
2020;154358;UTFPR - CAMPUS CURITIBA;12;EDUCACAO;364;ENSINO SUPERIOR;5013;EDUCACAO SUPERIOR - GRADUACAO, POS-GRADUACAO, ENSINO, PESQUI;0487;CONCESSAO DE BOLSAS DE ESTUDO NO ENSINO SUPERIOR;0002;CONCESSAO DE BOLSAS DE ESTUDO NO PAIS;12364501304870001;170062;OCCCUO9414N;BF SUPERIOR - PROAP;90;APLICACOES DIRETAS;3;DESPESAS CORRENTES;3;OUTRAS DESPESAS CORRENTES;93;INDENIZACOES E RESTITUICOES;339093;INDENIZACOES E RESTITUICOES;00;RECURSOS PRIMARIOS DE LIVRE APLICACAO;;;;;790,328.20;31,242.29;759,085.91;724,404.49
2020;154359;FUNDACAO UNIVERSIDADE FEDERAL DO PAMPA;12;EDUCACAO;364;ENSINO SUPERIOR;5013;EDUCACAO SUPERIOR - GRADUACAO, POS-GRADUACAO, ENSINO, PESQUI;0487;CONCESSAO DE BOLSAS DE ESTUDO NO ENSINO SUPERIOR;0002;CONCESSAO DE BOLSAS DE ESTUDO NO PAIS;12364501304870001;170062;OCCCUO9414N;BF SUPERIOR - PROAP;90;APLICACOES DIRETAS;3;DESPESAS CORRENTES;3;OUTRAS DESPESAS CORRENTES;18;AUXILIO FINANCEIRO A ESTUDANTES;339018;AUXILIO FINANCEIRO A ESTUDANTES;00;RECURSOS PRIMARIOS DE LIVRE APLICACAO;;;;;30,596.55;13,006.45;12,183.50;11,643.00
2020;154359;FUNDACAO UNIVERSIDADE FEDERAL DO PAMPA;12;EDUCACAO;364;ENSINO SUPERIOR;5013;EDUCACAO SUPERIOR - GRADUACAO, POS-GRADUACAO, ENSINO, PESQUI;0487;CONCESSAO DE BOLSAS DE ESTUDO NO ENSINO SUPERIOR;0002;CONCESSAO DE BOLSAS DE ESTUDO NO PAIS;12364501304870001;170062;OCCCUO9414N;BF SUPERIOR - PROAP;90;APLICACOES DIRETAS;3;DESPESAS CORRENTES;3;OUTRAS DESPESAS CORRENTES;30;MATERIAL DE CONSUMO;339030;MATERIAL DE CONSUMO;00;RECURSOS PRIMARIOS DE LIVRE APLICACAO;;;;;306,743.35;88,710.10;59,156.19;55,616.85
2020;154359;FUNDACAO UNIVERSIDADE FEDERAL DO PAMPA;12;EDUCACAO;364;ENSINO SUPERIOR;5013;EDUCACAO SUPERIOR - GRADUACAO, POS-GRADUACAO, ENSINO, PESQUI;0487;CONCESSAO DE BOLSAS DE ESTUDO NO ENSINO SUPERIOR;0002;CONCESSAO DE BOLSAS DE ESTUDO NO PAIS;12364501304870001;170062;OCCCUO9414N;BF SUPERIOR - PROAP;90;APLICACOES DIRETAS;3;DESPESAS CORRENTES;3;OUTRAS DESPESAS CORRENTES;39;OUTROS SERVICOS DE TERCEIROS PJ - OP.INT.ORC.;339039;OUTROS SERVICOS DE TERCEIROS - PESSOA JURIDICA;00;RECURSOS PRIMARIOS DE LIVRE APLICACAO;;;;;188,323.72;20,990.00;167,333.72;139,782.97
2020;154359;FUNDACAO UNIVERSIDADE FEDERAL DO PAMPA;12;EDUCACAO;368;EDUCACAO BASICA;5011;EDUCACAO BASICA DE QUALIDADE;20RJ;APOIO A CAPACITACAO E FORMACAO INICIAL E CONTINUADA PARA A E;0004;EDUCACAO BASICA A DISTANCIA - SISTEMA UNIVERSIDADE ABERTA DO BRASIL (UAB);12368501120RJ0001;186018;MCC62G22EDN;UAB - UAB TRADICIONAL;90;APLICACOES DIRETAS;3;DESPESAS CORRENTES;3;OUTRAS DESPESAS CORRENTES;14;DIARIAS - PESSOAL CIVIL;339014;DIARIAS - PESSOAL CIVIL;00;RECURSOS PRIMARIOS DE LIVRE APLICACAO;;;;;257,293.60;246,509.65;10,783.95;7,293.60
2020;154359;FUNDACAO UNIVERSIDADE FEDERAL DO PAMPA;12;EDUCACAO;368;EDUCACAO BASICA;5011;EDUCACAO BASICA DE QUALIDADE;20RJ;APOIO A CAPACITACAO E FORMACAO INICIAL E CONTINUADA PARA A E;0004;EDUCACAO BASICA A DISTANCIA - SISTEMA UNIVERSIDADE ABERTA DO BRASIL (UAB);12368501120RJ0001;186018;MCC62G22EDN;UAB - UAB TRADICIONAL;90;APLICACOES DIRETAS;3;DESPESAS CORRENTES;3;OUTRAS DESPESAS CORRENTES;30;MATERIAL DE CONSUMO;339030;MATERIAL DE CONSUMO;00;RECURSOS PRIMARIOS DE LIVRE APLICACAO;;;;;438,622.98;328,822.98;;
2020;154359;FUNDACAO UNIVERSIDADE FEDERAL DO PAMPA;12;EDUCACAO;368;EDUCACAO BASICA;5011;EDUCACAO BASICA DE QUALIDADE;20RJ;APOIO A CAPACITACAO E FORMACAO INICIAL E CONTINUADA PARA A E;0004;EDUCACAO BASICA A DISTANCIA - SISTEMA UNIVERSIDADE ABERTA DO BRASIL (UAB);12368501120RJ0001;186018;MCC62G22EDN;UAB - UAB TRADICIONAL;90;APLICACOES DIRETAS;3;DESPESAS CORRENTES;3;OUTRAS DESPESAS CORRENTES;33;PASSAGENS E DESPESAS COM LOCOMOCAO;339033;PASSAGENS E DESPESAS COM LOCOMOCAO;00;RECURSOS PRIMARIOS DE LIVRE APLICACAO;;;;;28,838.60;11,535.44;;
2020;154359;FUNDACAO UNIVERSIDADE FEDERAL DO PAMPA;12;EDUCACAO;368;EDUCACAO BASICA;5011;EDUCACAO BASICA DE QUALIDADE;20RJ;APOIO A CAPACITACAO E FORMACAO INICIAL E CONTINUADA PARA A E;0004;EDUCACAO BASICA A DISTANCIA - SISTEMA UNIVERSIDADE ABERTA DO BRASIL (UAB);12368501120RJ0001;186018;MCC62G22EDN;UAB - UAB TRADICIONAL;90;APLICACOES DIRETAS;3;DESPESAS CORRENTES;3;OUTRAS DESPESAS CORRENTES;36;OUTROS SERVICOS DE TERCEIROS - P.FISICA;339036;OUTROS SERVICOS DE TERCEIROS - PESSOA FISICA;00;RECURSOS PRIMARIOS DE LIVRE APLICACAO;;;;;36,000.00;36,000.00;;
2020;154359;FUNDACAO UNIVERSIDADE FEDERAL DO PAMPA;12;EDUCACAO;368;EDUCACAO BASICA;5011;EDUCACAO BASICA DE QUALIDADE;20RJ;APOIO A CAPACITACAO E FORMACAO INICIAL E CONTINUADA PARA A E;0004;EDUCACAO BASICA A DISTANCIA - SISTEMA UNIVERSIDADE ABERTA DO BRASIL (UAB);12368501120RJ0001;186018;MCC62G22EDN;UAB - UAB TRADICIONAL;90;APLICACOES DIRETAS;3;DESPESAS CORRENTES;3;OUTRAS DESPESAS CORRENTES;37;LOCACAO DE MAO-DE-OBRA;339037;LOCACAO DE MAO-DE-OBRA;00;RECURSOS PRIMARIOS DE LIVRE APLICACAO;;;;;2,039,069.12;1,271,629.07;305,252.22;259,154.42
2020;154359;FUNDACAO UNIVERSIDADE FEDERAL DO PAMPA;12;EDUCACAO;368;EDUCACAO BASICA;5011;EDUCACAO BASICA DE QUALIDADE;20RJ;APOIO A CAPACITACAO E FORMACAO INICIAL E CONTINUADA PARA A E;0004;EDUCACAO BASICA A DISTANCIA - SISTEMA UNIVERSIDADE ABERTA DO BRASIL (UAB);12368501120RJ0001;186018;MCC62G22EDN;UAB - UAB TRADICIONAL;90;APLICACOES DIRETAS;3;DESPESAS CORRENTES;3;OUTRAS DESPESAS CORRENTES;39;OUTROS SERVICOS DE TERCEIROS PJ - OP.INT.ORC.;339039;OUTROS SERVICOS DE TERCEIROS - PESSOA JURIDICA;00;RECURSOS PRIMARIOS DE LIVRE APLICACAO;;;;;204,660.00;105,165.00;;
2020;154359;FUNDACAO UNIVERSIDADE FEDERAL DO PAMPA;12;EDUCACAO;368;EDUCACAO BASICA;5011;EDUCACAO BASICA DE QUALIDADE;20RJ;APOIO A CAPACITACAO E FORMACAO INICIAL E CONTINUADA PARA A E;0004;EDUCACAO BASICA A DISTANCIA - SISTEMA UNIVERSIDADE ABERTA DO BRASIL (UAB);12368501120RJ0001;186018;MCC62G22EDN;UAB - UAB TRADICIONAL;90;APLICACOES DIRETAS;3;DESPESAS CORRENTES;3;OUTRAS DESPESAS CORRENTES;40;SERVICOS DE TECNOLOGIA DA INFORMACAO E COMUNICACAO - PJ;339040;SERVICOS DE TECNOLOGIA DA INFORMACAO E COMUNICACAO - PJ;00;RECURSOS PRIMARIOS DE LIVRE APLICACAO;;;;;148,500.00;0.00;;
2020;154359;FUNDACAO UNIVERSIDADE FEDERAL DO PAMPA;12;EDUCACAO;368;EDUCACAO BASICA;5011;EDUCACAO BASICA DE QUALIDADE;20RJ;APOIO A CAPACITACAO E FORMACAO INICIAL E CONTINUADA PARA A E;0004;EDUCACAO BASICA A DISTANCIA - SISTEMA UNIVERSIDADE ABERTA DO BRASIL (UAB);12368501120RJ0001;186018;MCC62G22EDN;UAB - UAB TRADICIONAL;90;APLICACOES DIRETAS;3;DESPESAS CORRENTES;3;OUTRAS DESPESAS CORRENTES;93;INDENIZACOES E RESTITUICOES;339093;INDENIZACOES E RESTITUICOES;00;RECURSOS PRIMARIOS DE LIVRE APLICACAO;;;;;56,400.00;56,400.00;;
2020;154419;FUNDACAO UNIVERSIDADE FEDERAL DO TOCANTINS;12;EDUCACAO;364;ENSINO SUPERIOR;5013;EDUCACAO SUPERIOR - GRADUACAO, POS-GRADUACAO, ENSINO, PESQUI;0487;CONCESSAO DE BOLSAS DE ESTUDO NO ENSINO SUPERIOR;0002;CONCESSAO DE BOLSAS DE ESTUDO NO PAIS;12364501304870001;170062;OCCCUO9414N;BF SUPERIOR - PROAP;90;APLICACOES DIRETAS;3;DESPESAS CORRENTES;3;OUTRAS DESPESAS CORRENTES;14;DIARIAS - PESSOAL CIVIL;339014;DIARIAS - PESSOAL CIVIL;00;RECURSOS PRIMARIOS DE LIVRE APLICACAO;;;;;162,480.38;125,071.16;37,409.22;36,003.60
2020;154419;FUNDACAO UNIVERSIDADE FEDERAL DO TOCANTINS;12;EDUCACAO;364;ENSINO SUPERIOR;5013;EDUCACAO SUPERIOR - GRADUACAO, POS-GRADUACAO, ENSINO, PESQUI;0487;CONCESSAO DE BOLSAS DE ESTUDO NO ENSINO SUPERIOR;0002;CONCESSAO DE BOLSAS DE ESTUDO NO PAIS;12364501304870001;170062;OCCCUO9414N;BF SUPERIOR - PROAP;90;APLICACOES DIRETAS;3;DESPESAS CORRENTES;3;OUTRAS DESPESAS CORRENTES;18;AUXILIO FINANCEIRO A ESTUDANTES;339018;AUXILIO FINANCEIRO A ESTUDANTES;00;RECURSOS PRIMARIOS DE LIVRE APLICACAO;;;;;249,733.84;92,008.84;71,490.00;69,790.00
2020;154419;FUNDACAO UNIVERSIDADE FEDERAL DO TOCANTINS;12;EDUCACAO;364;ENSINO SUPERIOR;5013;EDUCACAO SUPERIOR - GRADUACAO, POS-GRADUACAO, ENSINO, PESQUI;0487;CONCESSAO DE BOLSAS DE ESTUDO NO ENSINO SUPERIOR;0002;CONCESSAO DE BOLSAS DE ESTUDO NO PAIS;12364501304870001;170062;OCCCUO9414N;BF SUPERIOR - PROAP;90;APLICACOES DIRETAS;3;DESPESAS CORRENTES;3;OUTRAS DESPESAS CORRENTES;20;AUXILIO FINANCEIRO A PESQUISADORES;339020;AUXILIO FINANCEIRO A PESQUISADORES;00;RECURSOS PRIMARIOS DE LIVRE APLICACAO;;;;;916,250.30;211,491.34;309,814.24;228,640.18
2020;154419;FUNDACAO UNIVERSIDADE FEDERAL DO TOCANTINS;12;EDUCACAO;364;ENSINO SUPERIOR;5013;EDUCACAO SUPERIOR - GRADUACAO, POS-GRADUACAO, ENSINO, PESQUI;0487;CONCESSAO DE BOLSAS DE ESTUDO NO ENSINO SUPERIOR;0002;CONCESSAO DE BOLSAS DE ESTUDO NO PAIS;12364501304870001;170062;OCCCUO9414N;BF SUPERIOR - PROAP;90;APLICACOES DIRETAS;3;DESPESAS CORRENTES;3;OUTRAS DESPESAS CORRENTES;30;MATERIAL DE CONSUMO;339030;MATERIAL DE CONSUMO;00;RECURSOS PRIMARIOS DE LIVRE APLICACAO;;;;;10,552.53;0.00;;
2020;154419;FUNDACAO UNIVERSIDADE FEDERAL DO TOCANTINS;12;EDUCACAO;364;ENSINO SUPERIOR;5013;EDUCACAO SUPERIOR - GRADUACAO, POS-GRADUACAO, ENSINO, PESQUI;0487;CONCESSAO DE BOLSAS DE ESTUDO NO ENSINO SUPERIOR;0002;CONCESSAO DE BOLSAS DE ESTUDO NO PAIS;12364501304870001;170062;OCCCUO9414N;BF SUPERIOR - PROAP;90;APLICACOES DIRETAS;3;DESPESAS CORRENTES;3;OUTRAS DESPESAS CORRENTES;33;PASSAGENS E DESPESAS COM LOCOMOCAO;339033;PASSAGENS E DESPESAS COM LOCOMOCAO;00;RECURSOS PRIMARIOS DE LIVRE APLICACAO;;;;;242,762.88;89,647.23;;
2020;154419;FUNDACAO UNIVERSIDADE FEDERAL DO TOCANTINS;12;EDUCACAO;364;ENSINO SUPERIOR;5013;EDUCACAO SUPERIOR - GRADUACAO, POS-GRADUACAO, ENSINO, PESQUI;0487;CONCESSAO DE BOLSAS DE ESTUDO NO ENSINO SUPERIOR;0002;CONCESSAO DE BOLSAS DE ESTUDO NO PAIS;12364501304870001;170062;OCCCUO9414N;BF SUPERIOR - PROAP;90;APLICACOES DIRETAS;3;DESPESAS CORRENTES;3;OUTRAS DESPESAS CORRENTES;39;OUTROS SERVICOS DE TERCEIROS PJ - OP.INT.ORC.;339039;OUTROS SERVICOS DE TERCEIROS - PESSOA JURIDICA;00;RECURSOS PRIMARIOS DE LIVRE APLICACAO;;;;;185,877.00;0.00;114,000.00;
2020;154419;FUNDACAO UNIVERSIDADE FEDERAL DO TOCANTINS;12;EDUCACAO;368;EDUCACAO BASICA;5011;EDUCACAO BASICA DE QUALIDADE;20RJ;APOIO A CAPACITACAO E FORMACAO INICIAL E CONTINUADA PARA A E;0004;EDUCACAO BASICA A DISTANCIA - SISTEMA UNIVERSIDADE ABERTA DO BRASIL (UAB);12368501120RJ0001;170067;QCC62T58LEN;UAB - UAB PROFLETRAS;90;APLICACOES DIRETAS;3;DESPESAS CORRENTES;3;OUTRAS DESPESAS CORRENTES;14;DIARIAS - PESSOAL CIVIL;339014;DIARIAS - PESSOAL CIVIL;00;RECURSOS PRIMARIOS DE LIVRE APLICACAO;;;;;63,000.00;63,000.00;;
2020;154419;FUNDACAO UNIVERSIDADE FEDERAL DO TOCANTINS;12;EDUCACAO;368;EDUCACAO BASICA;5011;EDUCACAO BASICA DE QUALIDADE;20RJ;APOIO A CAPACITACAO E FORMACAO INICIAL E CONTINUADA PARA A E;0004;EDUCACAO BASICA A DISTANCIA - SISTEMA UNIVERSIDADE ABERTA DO BRASIL (UAB);12368501120RJ0001;186018;MCC62G22EDN;UAB - UAB TRADICIONAL;90;APLICACOES DIRETAS;3;DESPESAS CORRENTES;3;OUTRAS DESPESAS CORRENTES;39;OUTROS SERVICOS DE TERCEIROS PJ - OP.INT.ORC.;339039;OUTROS SERVICOS DE TERCEIROS - PESSOA JURIDICA;00;RECURSOS PRIMARIOS DE LIVRE APLICACAO;;;;;2,390,582.25;0.00;;
2020;154419;FUNDACAO UNIVERSIDADE FEDERAL DO TOCANTINS;12;EDUCACAO;368;EDUCACAO BASICA;5011;EDUCACAO BASICA DE QUALIDADE;20RJ;APOIO A CAPACITACAO E FORMACAO INICIAL E CONTINUADA PARA A E;0004;EDUCACAO BASICA A DISTANCIA - SISTEMA UNIVERSIDADE ABERTA DO BRASIL (UAB);12368501120RJ0001;186018;QCC62T58HIN;UAB - UAB PROFHISTORIA;90;APLICACOES DIRETAS;3;DESPESAS CORRENTES;3;OUTRAS DESPESAS CORRENTES;14;DIARIAS - PESSOAL CIVIL;339014;DIARIAS - PESSOAL CIVIL;00;RECURSOS PRIMARIOS DE LIVRE APLICACAO;;;;;72,000.00;72,000.00;;
2020;154419;FUNDACAO UNIVERSIDADE FEDERAL DO TOCANTINS;12;EDUCACAO;368;EDUCACAO BASICA;5011;EDUCACAO BASICA DE QUALIDADE;20RJ;APOIO A CAPACITACAO E FORMACAO INICIAL E CONTINUADA PARA A E;0004;EDUCACAO BASICA A DISTANCIA - SISTEMA UNIVERSIDADE ABERTA DO BRASIL (UAB);12368501120RJ0001;186018;QCC62T58HIN;UAB - UAB PROFHISTORIA;90;APLICACOES DIRETAS;3;DESPESAS CORRENTES;3;OUTRAS DESPESAS CORRENTES;18;AUXILIO FINANCEIRO A ESTUDANTES;339018;AUXILIO FINANCEIRO A ESTUDANTES;00;RECURSOS PRIMARIOS DE LIVRE APLICACAO;;;;;26,607.00;26,607.00;;
2020;154419;FUNDACAO UNIVERSIDADE FEDERAL DO TOCANTINS;12;EDUCACAO;368;EDUCACAO BASICA;5011;EDUCACAO BASICA DE QUALIDADE;20RJ;APOIO A CAPACITACAO E FORMACAO INICIAL E CONTINUADA PARA A E;0004;EDUCACAO BASICA A DISTANCIA - SISTEMA UNIVERSIDADE ABERTA DO BRASIL (UAB);12368501120RJ0001;186018;QCC62T58HIN;UAB - UAB PROFHISTORIA;90;APLICACOES DIRETAS;3;DESPESAS CORRENTES;3;OUTRAS DESPESAS CORRENTES;33;PASSAGENS E DESPESAS COM LOCOMOCAO;339033;PASSAGENS E DESPESAS COM LOCOMOCAO;00;RECURSOS PRIMARIOS DE LIVRE APLICACAO;;;;;75,000.00;75,000.00;;
2020;154419;FUNDACAO UNIVERSIDADE FEDERAL DO TOCANTINS;12;EDUCACAO;368;EDUCACAO BASICA;5011;EDUCACAO BASICA DE QUALIDADE;20RJ;APOIO A CAPACITACAO E FORMACAO INICIAL E CONTINUADA PARA A E;0004;EDUCACAO BASICA A DISTANCIA - SISTEMA UNIVERSIDADE ABERTA DO BRASIL (UAB);12368501120RJ0001;186018;QCC62T58HIN;UAB - UAB PROFHISTORIA;90;APLICACOES DIRETAS;3;DESPESAS CORRENTES;3;OUTRAS DESPESAS CORRENTES;39;OUTROS SERVICOS DE TERCEIROS PJ - OP.INT.ORC.;339039;OUTROS SERVICOS DE TERCEIROS - PESSOA JURIDICA;00;RECURSOS PRIMARIOS DE LIVRE APLICACAO;;;;;114,030.00;0.00;;
2020;154421;FUND. UNIVERSIDADE FEDERAL VALE SAO FRANCISCO;12;EDUCACAO;364;ENSINO SUPERIOR;5013;EDUCACAO SUPERIOR - GRADUACAO, POS-GRADUACAO, ENSINO, PESQUI;0487;CONCESSAO DE BOLSAS DE ESTUDO NO ENSINO SUPERIOR;0002;CONCESSAO DE BOLSAS DE ESTUDO NO PAIS;12364501304870001;170062;OCCCUO9414N;BF SUPERIOR - PROAP;90;APLICACOES DIRETAS;3;DESPESAS CORRENTES;3;OUTRAS DESPESAS CORRENTES;14;DIARIAS - PESSOAL CIVIL;339014;DIARIAS - PESSOAL CIVIL;00;RECURSOS PRIMARIOS DE LIVRE APLICACAO;;;;;30,443.10;30,443.10;;
2020;154421;FUND. UNIVERSIDADE FEDERAL VALE SAO FRANCISCO;12;EDUCACAO;364;ENSINO SUPERIOR;5013;EDUCACAO SUPERIOR - GRADUACAO, POS-GRADUACAO, ENSINO, PESQUI;0487;CONCESSAO DE BOLSAS DE ESTUDO NO ENSINO SUPERIOR;0002;CONCESSAO DE BOLSAS DE ESTUDO NO PAIS;12364501304870001;170062;OCCCUO9414N;BF SUPERIOR - PROAP;90;APLICACOES DIRETAS;3;DESPESAS CORRENTES;3;OUTRAS DESPESAS CORRENTES;20;AUXILIO FINANCEIRO A PESQUISADORES;339020;AUXILIO FINANCEIRO A PESQUISADORES;00;RECURSOS PRIMARIOS DE LIVRE APLICACAO;;;;;5,241.00;0.00;5,241.00;5,241.00
2020;154421;FUND. UNIVERSIDADE FEDERAL VALE SAO FRANCISCO;12;EDUCACAO;364;ENSINO SUPERIOR;5013;EDUCACAO SUPERIOR - GRADUACAO, POS-GRADUACAO, ENSINO, PESQUI;0487;CONCESSAO DE BOLSAS DE ESTUDO NO ENSINO SUPERIOR;0002;CONCESSAO DE BOLSAS DE ESTUDO NO PAIS;12364501304870001;170062;OCCCUO9414N;BF SUPERIOR - PROAP;90;APLICACOES DIRETAS;3;DESPESAS CORRENTES;3;OUTRAS DESPESAS CORRENTES;33;PASSAGENS E DESPESAS COM LOCOMOCAO;339033;PASSAGENS E DESPESAS COM LOCOMOCAO;00;RECURSOS PRIMARIOS DE LIVRE APLICACAO;;;;;255.71;0.00;255.71;255.71
2020;154421;FUND. UNIVERSIDADE FEDERAL VALE SAO FRANCISCO;12;EDUCACAO;364;ENSINO SUPERIOR;5013;EDUCACAO SUPERIOR - GRADUACAO, POS-GRADUACAO, ENSINO, PESQUI;0487;CONCESSAO DE BOLSAS DE ESTUDO NO ENSINO SUPERIOR;0002;CONCESSAO DE BOLSAS DE ESTUDO NO PAIS;12364501304870001;170062;OCCCUO9414N;BF SUPERIOR - PROAP;90;APLICACOES DIRETAS;3;DESPESAS CORRENTES;3;OUTRAS DESPESAS CORRENTES;39;OUTROS SERVICOS DE TERCEIROS PJ - OP.INT.ORC.;339039;OUTROS SERVICOS DE TERCEIROS - PESSOA JURIDICA;00;RECURSOS PRIMARIOS DE LIVRE APLICACAO;;;;;7,500.00;0.00;;
2020;154421;FUND. UNIVERSIDADE FEDERAL VALE SAO FRANCISCO;12;EDUCACAO;364;ENSINO SUPERIOR;5013;EDUCACAO SUPERIOR - GRADUACAO, POS-GRADUACAO, ENSINO, PESQUI;0487;CONCESSAO DE BOLSAS DE ESTUDO NO ENSINO SUPERIOR;0002;CONCESSAO DE BOLSAS DE ESTUDO NO PAIS;12364501304870001;170062;OCCCUO9414N;BF SUPERIOR - PROAP;90;APLICACOES DIRETAS;3;DESPESAS CORRENTES;3;OUTRAS DESPESAS CORRENTES;92;DESPESAS DE EXERCICIOS ANTERIORES;339092;DESPESAS DE EXERCICIOS ANTERIORES;00;RECURSOS PRIMARIOS DE LIVRE APLICACAO;;;;;2,680.00;0.00;2,680.00;2,680.00
2020;154421;FUND. UNIVERSIDADE FEDERAL VALE SAO FRANCISCO;12;EDUCACAO;364;ENSINO SUPERIOR;5013;EDUCACAO SUPERIOR - GRADUACAO, POS-GRADUACAO, ENSINO, PESQUI;0487;CONCESSAO DE BOLSAS DE ESTUDO NO ENSINO SUPERIOR;0002;CONCESSAO DE BOLSAS DE ESTUDO NO PAIS;12364501304870001;170062;OCCCUO9414N;BF SUPERIOR - PROAP;90;APLICACOES DIRETAS;3;DESPESAS CORRENTES;3;OUTRAS DESPESAS CORRENTES;93;INDENIZACOES E RESTITUICOES;339093;INDENIZACOES E RESTITUICOES;00;RECURSOS PRIMARIOS DE LIVRE APLICACAO;;;;;325,148.49;2,248.51;320,498.06;278,139.78
2020;154421;FUND. UNIVERSIDADE FEDERAL VALE SAO FRANCISCO;12;EDUCACAO;368;EDUCACAO BASICA;5011;EDUCACAO BASICA DE QUALIDADE;20RJ;APOIO A CAPACITACAO E FORMACAO INICIAL E CONTINUADA PARA A E;0004;EDUCACAO BASICA A DISTANCIA - SISTEMA UNIVERSIDADE ABERTA DO BRASIL (UAB);12368501120RJ0001;170067;MCC62G22EDN;UAB - UAB TRADICIONAL;90;APLICACOES DIRETAS;3;DESPESAS CORRENTES;3;OUTRAS DESPESAS CORRENTES;14;DIARIAS - PESSOAL CIVIL;339014;DIARIAS - PESSOAL CIVIL;00;RECURSOS PRIMARIOS DE LIVRE APLICACAO;;;;;12,000.00;12,000.00;;
2020;154421;FUND. UNIVERSIDADE FEDERAL VALE SAO FRANCISCO;12;EDUCACAO;368;EDUCACAO BASICA;5011;EDUCACAO BASICA DE QUALIDADE;20RJ;APOIO A CAPACITACAO E FORMACAO INICIAL E CONTINUADA PARA A E;0004;EDUCACAO BASICA A DISTANCIA - SISTEMA UNIVERSIDADE ABERTA DO BRASIL (UAB);12368501120RJ0001;170067;MCC62G22EDN;UAB - UAB TRADICIONAL;90;APLICACOES DIRETAS;3;DESPESAS CORRENTES;3;OUTRAS DESPESAS CORRENTES;39;OUTROS SERVICOS DE TERCEIROS PJ - OP.INT.ORC.;339039;OUTROS SERVICOS DE TERCEIROS - PESSOA JURIDICA;00;RECURSOS PRIMARIOS DE LIVRE APLICACAO;;;;;1,996,032.52;871,176.09;920,307.31;886,058.64
2020;154421;FUND. UNIVERSIDADE FEDERAL VALE SAO FRANCISCO;12;EDUCACAO;368;EDUCACAO BASICA;5011;EDUCACAO BASICA DE QUALIDADE;20RJ;APOIO A CAPACITACAO E FORMACAO INICIAL E CONTINUADA PARA A E;0004;EDUCACAO BASICA A DISTANCIA - SISTEMA UNIVERSIDADE ABERTA DO BRASIL (UAB);12368501120RJ0001;186018;MCC62G22EDN;UAB - UAB TRADICIONAL;90;APLICACOES DIRETAS;3;DESPESAS CORRENTES;3;OUTRAS DESPESAS CORRENTES;39;OUTROS SERVICOS DE TERCEIROS PJ - OP.INT.ORC.;339039;OUTROS SERVICOS DE TERCEIROS - PESSOA JURIDICA;00;RECURSOS PRIMARIOS DE LIVRE APLICACAO;;;;;940,054.86;137,952.45;;
2020;154421;FUND. UNIVERSIDADE FEDERAL VALE SAO FRANCISCO;12;EDUCACAO;368;EDUCACAO BASICA;5011;EDUCACAO BASICA DE QUALIDADE;20RJ;APOIO A CAPACITACAO E FORMACAO INICIAL E CONTINUADA PARA A E;0004;EDUCACAO BASICA A DISTANCIA - SISTEMA UNIVERSIDADE ABERTA DO BRASIL (UAB);12368501120RJ0001;186018;MCC62G22EDN;UAB - UAB TRADICIONAL;90;APLICACOES DIRETAS;3;DESPESAS CORRENTES;3;OUTRAS DESPESAS CORRENTES;92;DESPESAS DE EXERCICIOS ANTERIORES;339092;DESPESAS DE EXERCICIOS ANTERIORES;00;RECURSOS PRIMARIOS DE LIVRE APLICACAO;;;;;244,174.59;0.00;;
2020;154502;FUNDACAO UNIVERSIDADE FED. DA GRANDE DOURADOS;12;EDUCACAO;364;ENSINO SUPERIOR;5013;EDUCACAO SUPERIOR - GRADUACAO, POS-GRADUACAO, ENSINO, PESQUI;0487;CONCESSAO DE BOLSAS DE ESTUDO NO ENSINO SUPERIOR;0002;CONCESSAO DE BOLSAS DE ESTUDO NO PAIS;12364501304870001;170062;OCCCUO9414N;BF SUPERIOR - PROAP;90;APLICACOES DIRETAS;3;DESPESAS CORRENTES;3;OUTRAS DESPESAS CORRENTES;14;DIARIAS - PESSOAL CIVIL;339014;DIARIAS - PESSOAL CIVIL;00;RECURSOS PRIMARIOS DE LIVRE APLICACAO;;;;;692.40;692.40;;
2020;154502;FUNDACAO UNIVERSIDADE FED. DA GRANDE DOURADOS;12;EDUCACAO;364;ENSINO SUPERIOR;5013;EDUCACAO SUPERIOR - GRADUACAO, POS-GRADUACAO, ENSINO, PESQUI;0487;CONCESSAO DE BOLSAS DE ESTUDO NO ENSINO SUPERIOR;0002;CONCESSAO DE BOLSAS DE ESTUDO NO PAIS;12364501304870001;170062;OCCCUO9414N;BF SUPERIOR - PROAP;90;APLICACOES DIRETAS;3;DESPESAS CORRENTES;3;OUTRAS DESPESAS CORRENTES;18;AUXILIO FINANCEIRO A ESTUDANTES;339018;AUXILIO FINANCEIRO A ESTUDANTES;00;RECURSOS PRIMARIOS DE LIVRE APLICACAO;;;;;560,153.56;202,637.05;183,356.22;115,175.15
2020;154502;FUNDACAO UNIVERSIDADE FED. DA GRANDE DOURADOS;12;EDUCACAO;364;ENSINO SUPERIOR;5013;EDUCACAO SUPERIOR - GRADUACAO, POS-GRADUACAO, ENSINO, PESQUI;0487;CONCESSAO DE BOLSAS DE ESTUDO NO ENSINO SUPERIOR;0002;CONCESSAO DE BOLSAS DE ESTUDO NO PAIS;12364501304870001;170062;OCCCUO9414N;BF SUPERIOR - PROAP;90;APLICACOES DIRETAS;3;DESPESAS CORRENTES;3;OUTRAS DESPESAS CORRENTES;20;AUXILIO FINANCEIRO A PESQUISADORES;339020;AUXILIO FINANCEIRO A PESQUISADORES;00;RECURSOS PRIMARIOS DE LIVRE APLICACAO;;;;;2,229,433.80;615,602.53;1,349,051.99;866,416.31
2020;154502;FUNDACAO UNIVERSIDADE FED. DA GRANDE DOURADOS;12;EDUCACAO;368;EDUCACAO BASICA;5011;EDUCACAO BASICA DE QUALIDADE;20RJ;APOIO A CAPACITACAO E FORMACAO INICIAL E CONTINUADA PARA A E;0004;EDUCACAO BASICA A DISTANCIA - SISTEMA UNIVERSIDADE ABERTA DO BRASIL (UAB);12368501120RJ0001;186018;MCC62G22EDN;UAB - UAB TRADICIONAL;90;APLICACOES DIRETAS;3;DESPESAS CORRENTES;3;OUTRAS DESPESAS CORRENTES;39;OUTROS SERVICOS DE TERCEIROS PJ - OP.INT.ORC.;339039;OUTROS SERVICOS DE TERCEIROS - PESSOA JURIDICA;00;RECURSOS PRIMARIOS DE LIVRE APLICACAO;;;;;3,230,200.00;1,473,388.00;443,892.00;443,892.00
2020;154503;FUNDACAO UNIVERSIDADE FEDERAL DO ABC;12;EDUCACAO;364;ENSINO SUPERIOR;5013;EDUCACAO SUPERIOR - GRADUACAO, POS-GRADUACAO, ENSINO, PESQUI;0487;CONCESSAO DE BOLSAS DE ESTUDO NO ENSINO SUPERIOR;0002;CONCESSAO DE BOLSAS DE ESTUDO NO PAIS;12364501304870001;170062;OCCCUO9414N;BF SUPERIOR - PROAP;90;APLICACOES DIRETAS;3;DESPESAS CORRENTES;3;OUTRAS DESPESAS CORRENTES;18;AUXILIO FINANCEIRO A ESTUDANTES;339018;AUXILIO FINANCEIRO A ESTUDANTES;00;RECURSOS PRIMARIOS DE LIVRE APLICACAO;;;;0.00;162,842.84;11,660.61;147,522.23;133,311.22
2020;154503;FUNDACAO UNIVERSIDADE FEDERAL DO ABC;12;EDUCACAO;364;ENSINO SUPERIOR;5013;EDUCACAO SUPERIOR - GRADUACAO, POS-GRADUACAO, ENSINO, PESQUI;0487;CONCESSAO DE BOLSAS DE ESTUDO NO ENSINO SUPERIOR;0002;CONCESSAO DE BOLSAS DE ESTUDO NO PAIS;12364501304870001;170062;OCCCUO9414N;BF SUPERIOR - PROAP;90;APLICACOES DIRETAS;3;DESPESAS CORRENTES;3;OUTRAS DESPESAS CORRENTES;20;AUXILIO FINANCEIRO A PESQUISADORES;339020;AUXILIO FINANCEIRO A PESQUISADORES;00;RECURSOS PRIMARIOS DE LIVRE APLICACAO;;;;0.00;451,200.28;9,204.77;435,329.78;382,567.40
2020;154503;FUNDACAO UNIVERSIDADE FEDERAL DO ABC;12;EDUCACAO;364;ENSINO SUPERIOR;5013;EDUCACAO SUPERIOR - GRADUACAO, POS-GRADUACAO, ENSINO, PESQUI;0487;CONCESSAO DE BOLSAS DE ESTUDO NO ENSINO SUPERIOR;0002;CONCESSAO DE BOLSAS DE ESTUDO NO PAIS;12364501304870001;170062;OCCCUO9414N;BF SUPERIOR - PROAP;90;APLICACOES DIRETAS;3;DESPESAS CORRENTES;3;OUTRAS DESPESAS CORRENTES;30;MATERIAL DE CONSUMO;339030;MATERIAL DE CONSUMO;00;RECURSOS PRIMARIOS DE LIVRE APLICACAO;;;;0.00;32,243.48;8,060.87;;
2020;154503;FUNDACAO UNIVERSIDADE FEDERAL DO ABC;12;EDUCACAO;364;ENSINO SUPERIOR;5013;EDUCACAO SUPERIOR - GRADUACAO, POS-GRADUACAO, ENSINO, PESQUI;0487;CONCESSAO DE BOLSAS DE ESTUDO NO ENSINO SUPERIOR;0002;CONCESSAO DE BOLSAS DE ESTUDO NO PAIS;12364501304870001;170062;OCCCUO9414N;BF SUPERIOR - PROAP;90;APLICACOES DIRETAS;3;DESPESAS CORRENTES;3;OUTRAS DESPESAS CORRENTES;33;PASSAGENS E DESPESAS COM LOCOMOCAO;339033;PASSAGENS E DESPESAS COM LOCOMOCAO;00;RECURSOS PRIMARIOS DE LIVRE APLICACAO;;;;0.00;280,000.00;70,000.00;;
2020;154503;FUNDACAO UNIVERSIDADE FEDERAL DO ABC;12;EDUCACAO;368;EDUCACAO BASICA;5011;EDUCACAO BASICA DE QUALIDADE;20RJ;APOIO A CAPACITACAO E FORMACAO INICIAL E CONTINUADA PARA A E;0004;EDUCACAO BASICA A DISTANCIA - SISTEMA UNIVERSIDADE ABERTA DO BRASIL (UAB);12368501120RJ0001;186018;MCC62G22EDN;UAB - UAB TRADICIONAL;90;APLICACOES DIRETAS;3;DESPESAS CORRENTES;3;OUTRAS DESPESAS CORRENTES;39;OUTROS SERVICOS DE TERCEIROS PJ - OP.INT.ORC.;339039;OUTROS SERVICOS DE TERCEIROS - PESSOA JURIDICA;00;RECURSOS PRIMARIOS DE LIVRE APLICACAO;;;;107,868.55;862,673.10;0.00;;
2020;154629;IF GOIANO - CAMPUS CAMPOS BELOS;12;EDUCACAO;368;EDUCACAO BASICA;5011;EDUCACAO BASICA DE QUALIDADE;20RJ;APOIO A CAPACITACAO E FORMACAO INICIAL E CONTINUADA PARA A E;0004;EDUCACAO BASICA A DISTANCIA - SISTEMA UNIVERSIDADE ABERTA DO BRASIL (UAB);12368501120RJ0001;186018;MCC62G22EDN;UAB - UAB TRADICIONAL;90;APLICACOES DIRETAS;3;DESPESAS CORRENTES;3;OUTRAS DESPESAS CORRENTES;30;MATERIAL DE CONSUMO;339030;MATERIAL DE CONSUMO;00;RECURSOS PRIMARIOS DE LIVRE APLICACAO;;;;;62,757.71;2,954.60;;
2020;154852;UTFPR CAMPUS SANTA HELENA;12;EDUCACAO;364;ENSINO SUPERIOR;5013;EDUCACAO SUPERIOR - GRADUACAO, POS-GRADUACAO, ENSINO, PESQUI;0487;CONCESSAO DE BOLSAS DE ESTUDO NO ENSINO SUPERIOR;0002;CONCESSAO DE BOLSAS DE ESTUDO NO PAIS;12364501304870001;170062;OCCCUO9414N;BF SUPERIOR - PROAP;90;APLICACOES DIRETAS;3;DESPESAS CORRENTES;3;OUTRAS DESPESAS CORRENTES;30;MATERIAL DE CONSUMO;339030;MATERIAL DE CONSUMO;00;RECURSOS PRIMARIOS DE LIVRE APLICACAO;;;;;21,505.25;3,849.05;17,656.20;15,396.20
2020;155061;CAMPUS CRISTALINA;12;EDUCACAO;368;EDUCACAO BASICA;5011;EDUCACAO BASICA DE QUALIDADE;20RJ;APOIO A CAPACITACAO E FORMACAO INICIAL E CONTINUADA PARA A E;0004;EDUCACAO BASICA A DISTANCIA - SISTEMA UNIVERSIDADE ABERTA DO BRASIL (UAB);12368501120RJ0001;186018;MCC62G22EDN;UAB - UAB TRADICIONAL;90;APLICACOES DIRETAS;3;DESPESAS CORRENTES;3;OUTRAS DESPESAS CORRENTES;30;MATERIAL DE CONSUMO;339030;MATERIAL DE CONSUMO;00;RECURSOS PRIMARIOS DE LIVRE APLICACAO;;;;;212,820.00;19,920.00;;
2020;156678;UNIVERSIDADE FEDERAL DE JATAI;12;EDUCACAO;364;ENSINO SUPERIOR;5013;EDUCACAO SUPERIOR - GRADUACAO, POS-GRADUACAO, ENSINO, PESQUI;0487;CONCESSAO DE BOLSAS DE ESTUDO NO ENSINO SUPERIOR;0002;CONCESSAO DE BOLSAS DE ESTUDO NO PAIS;12364501304870001;170062;OCCCUO9414N;BF SUPERIOR - PROAP;90;APLICACOES DIRETAS;3;DESPESAS CORRENTES;3;OUTRAS DESPESAS CORRENTES;18;AUXILIO FINANCEIRO A ESTUDANTES;339018;AUXILIO FINANCEIRO A ESTUDANTES;00;RECURSOS PRIMARIOS DE LIVRE APLICACAO;;;;;19,800.00;5,400.00;4,320.00;450.00
2020;156678;UNIVERSIDADE FEDERAL DE JATAI;12;EDUCACAO;364;ENSINO SUPERIOR;5013;EDUCACAO SUPERIOR - GRADUACAO, POS-GRADUACAO, ENSINO, PESQUI;0487;CONCESSAO DE BOLSAS DE ESTUDO NO ENSINO SUPERIOR;0002;CONCESSAO DE BOLSAS DE ESTUDO NO PAIS;12364501304870001;170062;OCCCUO9414N;BF SUPERIOR - PROAP;90;APLICACOES DIRETAS;3;DESPESAS CORRENTES;3;OUTRAS DESPESAS CORRENTES;20;AUXILIO FINANCEIRO A PESQUISADORES;339020;AUXILIO FINANCEIRO A PESQUISADORES;00;RECURSOS PRIMARIOS DE LIVRE APLICACAO;;;;;73,176.80;16,191.70;25,870.00;19,620.00
2020;156678;UNIVERSIDADE FEDERAL DE JATAI;12;EDUCACAO;364;ENSINO SUPERIOR;5013;EDUCACAO SUPERIOR - GRADUACAO, POS-GRADUACAO, ENSINO, PESQUI;0487;CONCESSAO DE BOLSAS DE ESTUDO NO ENSINO SUPERIOR;0002;CONCESSAO DE BOLSAS DE ESTUDO NO PAIS;12364501304870001;170062;OCCCUO9414N;BF SUPERIOR - PROAP;90;APLICACOES DIRETAS;3;DESPESAS CORRENTES;3;OUTRAS DESPESAS CORRENTES;30;MATERIAL DE CONSUMO;339030;MATERIAL DE CONSUMO;00;RECURSOS PRIMARIOS DE LIVRE APLICACAO;;;;;132,330.95;17,267.90;18,000.00;
2020;156678;UNIVERSIDADE FEDERAL DE JATAI;12;EDUCACAO;364;ENSINO SUPERIOR;5013;EDUCACAO SUPERIOR - GRADUACAO, POS-GRADUACAO, ENSINO, PESQUI;0487;CONCESSAO DE BOLSAS DE ESTUDO NO ENSINO SUPERIOR;0002;CONCESSAO DE BOLSAS DE ESTUDO NO PAIS;12364501304870001;170062;OCCCUO9414N;BF SUPERIOR - PROAP;90;APLICACOES DIRETAS;3;DESPESAS CORRENTES;3;OUTRAS DESPESAS CORRENTES;39;OUTROS SERVICOS DE TERCEIROS PJ - OP.INT.ORC.;339039;OUTROS SERVICOS DE TERCEIROS - PESSOA JURIDICA;00;RECURSOS PRIMARIOS DE LIVRE APLICACAO;;;;;24,532.50;0.00;;
2020;156678;UNIVERSIDADE FEDERAL DE JATAI;12;EDUCACAO;364;ENSINO SUPERIOR;5013;EDUCACAO SUPERIOR - GRADUACAO, POS-GRADUACAO, ENSINO, PESQUI;0487;CONCESSAO DE BOLSAS DE ESTUDO NO ENSINO SUPERIOR;0002;CONCESSAO DE BOLSAS DE ESTUDO NO PAIS;12364501304870001;170062;OCCCUO9414N;BF SUPERIOR - PROAP;90;APLICACOES DIRETAS;3;DESPESAS CORRENTES;3;OUTRAS DESPESAS CORRENTES;93;INDENIZACOES E RESTITUICOES;339093;INDENIZACOES E RESTITUICOES;00;RECURSOS PRIMARIOS DE LIVRE APLICACAO;;;;;82,596.44;19,541.61;22,718.00;18,433.00
2020;156679;UNIVERSIDADE FEDERAL DE CATALAO;12;EDUCACAO;364;ENSINO SUPERIOR;5013;EDUCACAO SUPERIOR - GRADUACAO, POS-GRADUACAO, ENSINO, PESQUI;0487;CONCESSAO DE BOLSAS DE ESTUDO NO ENSINO SUPERIOR;0002;CONCESSAO DE BOLSAS DE ESTUDO NO PAIS;12364501304870001;170062;OCCCUO9414N;BF SUPERIOR - PROAP;90;APLICACOES DIRETAS;3;DESPESAS CORRENTES;3;OUTRAS DESPESAS CORRENTES;14;DIARIAS - PESSOAL CIVIL;339014;DIARIAS - PESSOAL CIVIL;00;RECURSOS PRIMARIOS DE LIVRE APLICACAO;;;;;7,080.00;7,080.00;;
2020;156679;UNIVERSIDADE FEDERAL DE CATALAO;12;EDUCACAO;364;ENSINO SUPERIOR;5013;EDUCACAO SUPERIOR - GRADUACAO, POS-GRADUACAO, ENSINO, PESQUI;0487;CONCESSAO DE BOLSAS DE ESTUDO NO ENSINO SUPERIOR;0002;CONCESSAO DE BOLSAS DE ESTUDO NO PAIS;12364501304870001;170062;OCCCUO9414N;BF SUPERIOR - PROAP;90;APLICACOES DIRETAS;3;DESPESAS CORRENTES;3;OUTRAS DESPESAS CORRENTES;20;AUXILIO FINANCEIRO A PESQUISADORES;339020;AUXILIO FINANCEIRO A PESQUISADORES;00;RECURSOS PRIMARIOS DE LIVRE APLICACAO;;;;;23,600.00;1,100.00;22,500.00;17,700.00
2020;156679;UNIVERSIDADE FEDERAL DE CATALAO;12;EDUCACAO;364;ENSINO SUPERIOR;5013;EDUCACAO SUPERIOR - GRADUACAO, POS-GRADUACAO, ENSINO, PESQUI;0487;CONCESSAO DE BOLSAS DE ESTUDO NO ENSINO SUPERIOR;0002;CONCESSAO DE BOLSAS DE ESTUDO NO PAIS;12364501304870001;170062;OCCCUO9414N;BF SUPERIOR - PROAP;90;APLICACOES DIRETAS;3;DESPESAS CORRENTES;3;OUTRAS DESPESAS CORRENTES;30;MATERIAL DE CONSUMO;339030;MATERIAL DE CONSUMO;00;RECURSOS PRIMARIOS DE LIVRE APLICACAO;;;;;11,548.45;1,197.04;1,754.82;1,754.82
2020;156679;UNIVERSIDADE FEDERAL DE CATALAO;12;EDUCACAO;364;ENSINO SUPERIOR;5013;EDUCACAO SUPERIOR - GRADUACAO, POS-GRADUACAO, ENSINO, PESQUI;0487;CONCESSAO DE BOLSAS DE ESTUDO NO ENSINO SUPERIOR;0002;CONCESSAO DE BOLSAS DE ESTUDO NO PAIS;12364501304870001;170062;OCCCUO9414N;BF SUPERIOR - PROAP;90;APLICACOES DIRETAS;3;DESPESAS CORRENTES;3;OUTRAS DESPESAS CORRENTES;39;OUTROS SERVICOS DE TERCEIROS PJ - OP.INT.ORC.;339039;OUTROS SERVICOS DE TERCEIROS - PESSOA JURIDICA;00;RECURSOS PRIMARIOS DE LIVRE APLICACAO;;;;;52,408.00;13,102.00;;
2020;158092;UNIVERSIDADE FEDERAL DO RECONCAVO DA BAHIA;12;EDUCACAO;364;ENSINO SUPERIOR;5013;EDUCACAO SUPERIOR - GRADUACAO, POS-GRADUACAO, ENSINO, PESQUI;0487;CONCESSAO DE BOLSAS DE ESTUDO NO ENSINO SUPERIOR;0002;CONCESSAO DE BOLSAS DE ESTUDO NO PAIS;12364501304870001;170062;OCCCUO9414N;BF SUPERIOR - PROAP;90;APLICACOES DIRETAS;3;DESPESAS CORRENTES;3;OUTRAS DESPESAS CORRENTES;14;DIARIAS - PESSOAL CIVIL;339014;DIARIAS - PESSOAL CIVIL;00;RECURSOS PRIMARIOS DE LIVRE APLICACAO;;;;;40,144.46;14,000.00;26,144.46;26,144.46
2020;158092;UNIVERSIDADE FEDERAL DO RECONCAVO DA BAHIA;12;EDUCACAO;364;ENSINO SUPERIOR;5013;EDUCACAO SUPERIOR - GRADUACAO, POS-GRADUACAO, ENSINO, PESQUI;0487;CONCESSAO DE BOLSAS DE ESTUDO NO ENSINO SUPERIOR;0002;CONCESSAO DE BOLSAS DE ESTUDO NO PAIS;12364501304870001;170062;OCCCUO9414N;BF SUPERIOR - PROAP;90;APLICACOES DIRETAS;3;DESPESAS CORRENTES;3;OUTRAS DESPESAS CORRENTES;18;AUXILIO FINANCEIRO A ESTUDANTES;339018;AUXILIO FINANCEIRO A ESTUDANTES;00;RECURSOS PRIMARIOS DE LIVRE APLICACAO;;;;;28,943.00;0.00;28,943.00;24,594.00
2020;158092;UNIVERSIDADE FEDERAL DO RECONCAVO DA BAHIA;12;EDUCACAO;364;ENSINO SUPERIOR;5013;EDUCACAO SUPERIOR - GRADUACAO, POS-GRADUACAO, ENSINO, PESQUI;0487;CONCESSAO DE BOLSAS DE ESTUDO NO ENSINO SUPERIOR;0002;CONCESSAO DE BOLSAS DE ESTUDO NO PAIS;12364501304870001;170062;OCCCUO9414N;BF SUPERIOR - PROAP;90;APLICACOES DIRETAS;3;DESPESAS CORRENTES;3;OUTRAS DESPESAS CORRENTES;20;AUXILIO FINANCEIRO A PESQUISADORES;339020;AUXILIO FINANCEIRO A PESQUISADORES;00;RECURSOS PRIMARIOS DE LIVRE APLICACAO;;;;;584,862.40;58,689.59;521,667.47;468,757.97
2020;158092;UNIVERSIDADE FEDERAL DO RECONCAVO DA BAHIA;12;EDUCACAO;364;ENSINO SUPERIOR;5013;EDUCACAO SUPERIOR - GRADUACAO, POS-GRADUACAO, ENSINO, PESQUI;0487;CONCESSAO DE BOLSAS DE ESTUDO NO ENSINO SUPERIOR;0002;CONCESSAO DE BOLSAS DE ESTUDO NO PAIS;12364501304870001;170062;OCCCUO9414N;BF SUPERIOR - PROAP;90;APLICACOES DIRETAS;3;DESPESAS CORRENTES;3;OUTRAS DESPESAS CORRENTES;30;MATERIAL DE CONSUMO;339030;MATERIAL DE CONSUMO;00;RECURSOS PRIMARIOS DE LIVRE APLICACAO;;;;;2,276.70;0.00;;
2020;158092;UNIVERSIDADE FEDERAL DO RECONCAVO DA BAHIA;12;EDUCACAO;364;ENSINO SUPERIOR;5013;EDUCACAO SUPERIOR - GRADUACAO, POS-GRADUACAO, ENSINO, PESQUI;0487;CONCESSAO DE BOLSAS DE ESTUDO NO ENSINO SUPERIOR;0002;CONCESSAO DE BOLSAS DE ESTUDO NO PAIS;12364501304870001;170062;OCCCUO9414N;BF SUPERIOR - PROAP;90;APLICACOES DIRETAS;3;DESPESAS CORRENTES;3;OUTRAS DESPESAS CORRENTES;36;OUTROS SERVICOS DE TERCEIROS - P.FISICA;339036;OUTROS SERVICOS DE TERCEIROS - PESSOA FISICA;00;RECURSOS PRIMARIOS DE LIVRE APLICACAO;;;;;13,986.95;4,106.78;;
2020;158092;UNIVERSIDADE FEDERAL DO RECONCAVO DA BAHIA;12;EDUCACAO;364;ENSINO SUPERIOR;5013;EDUCACAO SUPERIOR - GRADUACAO, POS-GRADUACAO, ENSINO, PESQUI;0487;CONCESSAO DE BOLSAS DE ESTUDO NO ENSINO SUPERIOR;0002;CONCESSAO DE BOLSAS DE ESTUDO NO PAIS;12364501304870001;170062;OCCCUO9414N;BF SUPERIOR - PROAP;90;APLICACOES DIRETAS;3;DESPESAS CORRENTES;3;OUTRAS DESPESAS CORRENTES;39;OUTROS SERVICOS DE TERCEIROS PJ - OP.INT.ORC.;339039;OUTROS SERVICOS DE TERCEIROS - PESSOA JURIDICA;00;RECURSOS PRIMARIOS DE LIVRE APLICACAO;;;;;77,000.00;5,000.00;15,000.00;12,000.00
2020;158092;UNIVERSIDADE FEDERAL DO RECONCAVO DA BAHIA;12;EDUCACAO;364;ENSINO SUPERIOR;5013;EDUCACAO SUPERIOR - GRADUACAO, POS-GRADUACAO, ENSINO, PESQUI;0487;CONCESSAO DE BOLSAS DE ESTUDO NO ENSINO SUPERIOR;0002;CONCESSAO DE BOLSAS DE ESTUDO NO PAIS;12364501304870001;170062;OCCCUO9414N;BF SUPERIOR - PROAP;90;APLICACOES DIRETAS;3;DESPESAS CORRENTES;3;OUTRAS DESPESAS CORRENTES;93;INDENIZACOES E RESTITUICOES;339093;INDENIZACOES E RESTITUICOES;00;RECURSOS PRIMARIOS DE LIVRE APLICACAO;;;;;108,276.50;18,152.90;87,087.60;85,927.60
2020;158092;UNIVERSIDADE FEDERAL DO RECONCAVO DA BAHIA;12;EDUCACAO;364;ENSINO SUPERIOR;5013;EDUCACAO SUPERIOR - GRADUACAO, POS-GRADUACAO, ENSINO, PESQUI;0487;CONCESSAO DE BOLSAS DE ESTUDO NO ENSINO SUPERIOR;0002;CONCESSAO DE BOLSAS DE ESTUDO NO PAIS;12364501304870001;170062;OCCCUO9414N;BF SUPERIOR - PROAP;91;APLICACOES DIRETAS - OPERACOES INTERNAS;3;DESPESAS CORRENTES;3;OUTRAS DESPESAS CORRENTES;47;OBRIGACOES TRIBUTARIAS E CONTRIBUTIVAS;339147;OBRIG.TRIBUT.E CONTRIB-OP.INTRA-ORCAMENTARIAS;00;RECURSOS PRIMARIOS DE LIVRE APLICACAO;;;;;2,797.40;821.36;;
2020;158092;UNIVERSIDADE FEDERAL DO RECONCAVO DA BAHIA;12;EDUCACAO;368;EDUCACAO BASICA;5011;EDUCACAO BASICA DE QUALIDADE;20RJ;APOIO A CAPACITACAO E FORMACAO INICIAL E CONTINUADA PARA A E;0003;EDUCACAO BASICA PRESENCIAL;12368501120RJ0001;170065;PCC92B5801N;PARFOR - PARFOR;90;APLICACOES DIRETAS;3;DESPESAS CORRENTES;3;OUTRAS DESPESAS CORRENTES;14;DIARIAS - PESSOAL CIVIL;339014;DIARIAS - PESSOAL CIVIL;00;RECURSOS PRIMARIOS DE LIVRE APLICACAO;;;;;306,475.38;261,373.86;45,101.52;41,343.06
2020;158092;UNIVERSIDADE FEDERAL DO RECONCAVO DA BAHIA;12;EDUCACAO;368;EDUCACAO BASICA;5011;EDUCACAO BASICA DE QUALIDADE;20RJ;APOIO A CAPACITACAO E FORMACAO INICIAL E CONTINUADA PARA A E;0003;EDUCACAO BASICA PRESENCIAL;12368501120RJ0001;170065;PCC92B5801N;PARFOR - PARFOR;90;APLICACOES DIRETAS;3;DESPESAS CORRENTES;3;OUTRAS DESPESAS CORRENTES;30;MATERIAL DE CONSUMO;339030;MATERIAL DE CONSUMO;00;RECURSOS PRIMARIOS DE LIVRE APLICACAO;;;;;74,373.99;0.00;;
2020;158092;UNIVERSIDADE FEDERAL DO RECONCAVO DA BAHIA;12;EDUCACAO;368;EDUCACAO BASICA;5011;EDUCACAO BASICA DE QUALIDADE;20RJ;APOIO A CAPACITACAO E FORMACAO INICIAL E CONTINUADA PARA A E;0003;EDUCACAO BASICA PRESENCIAL;12368501120RJ0001;170065;PCC92B5801N;PARFOR - PARFOR;90;APLICACOES DIRETAS;3;DESPESAS CORRENTES;3;OUTRAS DESPESAS CORRENTES;33;PASSAGENS E DESPESAS COM LOCOMOCAO;339033;PASSAGENS E DESPESAS COM LOCOMOCAO;00;RECURSOS PRIMARIOS DE LIVRE APLICACAO;;;;;64,800.00;64,800.00;;
2020;158092;UNIVERSIDADE FEDERAL DO RECONCAVO DA BAHIA;12;EDUCACAO;368;EDUCACAO BASICA;5011;EDUCACAO BASICA DE QUALIDADE;20RJ;APOIO A CAPACITACAO E FORMACAO INICIAL E CONTINUADA PARA A E;0004;EDUCACAO BASICA A DISTANCIA - SISTEMA UNIVERSIDADE ABERTA DO BRASIL (UAB);12368501120RJ0001;186018;MCC62G22EDN;UAB - UAB TRADICIONAL;90;APLICACOES DIRETAS;3;DESPESAS CORRENTES;3;OUTRAS DESPESAS CORRENTES;39;OUTROS SERVICOS DE TERCEIROS PJ - OP.INT.ORC.;339039;OUTROS SERVICOS DE TERCEIROS - PESSOA JURIDICA;00;RECURSOS PRIMARIOS DE LIVRE APLICACAO;;;;;574,875.00;0.00;574,875.00;
2020;158092;UNIVERSIDADE FEDERAL DO RECONCAVO DA BAHIA;12;EDUCACAO;368;EDUCACAO BASICA;5011;EDUCACAO BASICA DE QUALIDADE;20RJ;APOIO A CAPACITACAO E FORMACAO INICIAL E CONTINUADA PARA A E;0004;EDUCACAO BASICA A DISTANCIA - SISTEMA UNIVERSIDADE ABERTA DO BRASIL (UAB);12368501120RJ0001;186018;QCC62T58MAN;UAB - UAB PROFMAT;90;APLICACOES DIRETAS;3;DESPESAS CORRENTES;3;OUTRAS DESPESAS CORRENTES;39;OUTROS SERVICOS DE TERCEIROS PJ - OP.INT.ORC.;339039;OUTROS SERVICOS DE TERCEIROS - PESSOA JURIDICA;00;RECURSOS PRIMARIOS DE LIVRE APLICACAO;;;;;180,000.00;0.00;180,000.00;160,000.00
2020;158099;INST.FED.DE EDUC.,CIENC.E TEC.DO TRIA.MINEIRO;12;EDUCACAO;368;EDUCACAO BASICA;5011;EDUCACAO BASICA DE QUALIDADE;20RJ;APOIO A CAPACITACAO E FORMACAO INICIAL E CONTINUADA PARA A E;0004;EDUCACAO BASICA A DISTANCIA - SISTEMA UNIVERSIDADE ABERTA DO BRASIL (UAB);12368501120RJ0001;186018;MCC62G22EDN;UAB - UAB TRADICIONAL;90;APLICACOES DIRETAS;3;DESPESAS CORRENTES;3;OUTRAS DESPESAS CORRENTES;30;MATERIAL DE CONSUMO;339030;MATERIAL DE CONSUMO;00;RECURSOS PRIMARIOS DE LIVRE APLICACAO;;;;;268,904.56;129,629.49;69,522.94;40,351.78
2020;158099;INST.FED.DE EDUC.,CIENC.E TEC.DO TRIA.MINEIRO;12;EDUCACAO;368;EDUCACAO BASICA;5011;EDUCACAO BASICA DE QUALIDADE;20RJ;APOIO A CAPACITACAO E FORMACAO INICIAL E CONTINUADA PARA A E;0004;EDUCACAO BASICA A DISTANCIA - SISTEMA UNIVERSIDADE ABERTA DO BRASIL (UAB);12368501120RJ0001;186018;MCC62G22EDN;UAB - UAB TRADICIONAL;90;APLICACOES DIRETAS;3;DESPESAS CORRENTES;3;OUTRAS DESPESAS CORRENTES;39;OUTROS SERVICOS DE TERCEIROS PJ - OP.INT.ORC.;339039;OUTROS SERVICOS DE TERCEIROS - PESSOA JURIDICA;00;RECURSOS PRIMARIOS DE LIVRE APLICACAO;;;;;36,000.00;6,000.00;30,000.00;24,000.00
2020;158121;INST.FED.DE EDUC.,CIENC.E TEC.DO NORTE DE MG;12;EDUCACAO;368;EDUCACAO BASICA;5011;EDUCACAO BASICA DE QUALIDADE;20RJ;APOIO A CAPACITACAO E FORMACAO INICIAL E CONTINUADA PARA A E;0004;EDUCACAO BASICA A DISTANCIA - SISTEMA UNIVERSIDADE ABERTA DO BRASIL (UAB);12368501120RJ0001;186018;MCC62G22EDN;UAB - UAB TRADICIONAL;90;APLICACOES DIRETAS;3;DESPESAS CORRENTES;3;OUTRAS DESPESAS CORRENTES;30;MATERIAL DE CONSUMO;339030;MATERIAL DE CONSUMO;00;RECURSOS PRIMARIOS DE LIVRE APLICACAO;;;;;96,221.92;60,138.70;31,488.87;
2020;158121;INST.FED.DE EDUC.,CIENC.E TEC.DO NORTE DE MG;12;EDUCACAO;368;EDUCACAO BASICA;5011;EDUCACAO BASICA DE QUALIDADE;20RJ;APOIO A CAPACITACAO E FORMACAO INICIAL E CONTINUADA PARA A E;0004;EDUCACAO BASICA A DISTANCIA - SISTEMA UNIVERSIDADE ABERTA DO BRASIL (UAB);12368501120RJ0001;186018;MCC62G22EDN;UAB - UAB TRADICIONAL;90;APLICACOES DIRETAS;3;DESPESAS CORRENTES;3;OUTRAS DESPESAS CORRENTES;39;OUTROS SERVICOS DE TERCEIROS PJ - OP.INT.ORC.;339039;OUTROS SERVICOS DE TERCEIROS - PESSOA JURIDICA;00;RECURSOS PRIMARIOS DE LIVRE APLICACAO;;;;;900,000.00;480,000.00;307,500.00;249,626.25
2020;158124;IF GOIANO;12;EDUCACAO;368;EDUCACAO BASICA;5011;EDUCACAO BASICA DE QUALIDADE;20RJ;APOIO A CAPACITACAO E FORMACAO INICIAL E CONTINUADA PARA A E;0004;EDUCACAO BASICA A DISTANCIA - SISTEMA UNIVERSIDADE ABERTA DO BRASIL (UAB);12368501120RJ0001;186018;MCC62G22EDN;UAB - UAB TRADICIONAL;90;APLICACOES DIRETAS;3;DESPESAS CORRENTES;3;OUTRAS DESPESAS CORRENTES;30;MATERIAL DE CONSUMO;339030;MATERIAL DE CONSUMO;00;RECURSOS PRIMARIOS DE LIVRE APLICACAO;;;;;45,661.50;0.00;;
2020;158126;INST.FED.DE EDUC.,CIE.E TEC.SUL-RIO-GRANDENSE;12;EDUCACAO;368;EDUCACAO BASICA;5011;EDUCACAO BASICA DE QUALIDADE;20RJ;APOIO A CAPACITACAO E FORMACAO INICIAL E CONTINUADA PARA A E;0004;EDUCACAO BASICA A DISTANCIA - SISTEMA UNIVERSIDADE ABERTA DO BRASIL (UAB);12368501120RJ0001;186018;MCC62G22EDN;UAB - UAB TRADICIONAL;90;APLICACOES DIRETAS;3;DESPESAS CORRENTES;3;OUTRAS DESPESAS CORRENTES;14;DIARIAS - PESSOAL CIVIL;339014;DIARIAS - PESSOAL CIVIL;00;RECURSOS PRIMARIOS DE LIVRE APLICACAO;;;;;173,637.00;173,637.00;;
2020;158126;INST.FED.DE EDUC.,CIE.E TEC.SUL-RIO-GRANDENSE;12;EDUCACAO;368;EDUCACAO BASICA;5011;EDUCACAO BASICA DE QUALIDADE;20RJ;APOIO A CAPACITACAO E FORMACAO INICIAL E CONTINUADA PARA A E;0004;EDUCACAO BASICA A DISTANCIA - SISTEMA UNIVERSIDADE ABERTA DO BRASIL (UAB);12368501120RJ0001;186018;MCC62G22EDN;UAB - UAB TRADICIONAL;90;APLICACOES DIRETAS;3;DESPESAS CORRENTES;3;OUTRAS DESPESAS CORRENTES;30;MATERIAL DE CONSUMO;339030;MATERIAL DE CONSUMO;00;RECURSOS PRIMARIOS DE LIVRE APLICACAO;;;;;137,878.68;0.00;;
2020;158126;INST.FED.DE EDUC.,CIE.E TEC.SUL-RIO-GRANDENSE;12;EDUCACAO;368;EDUCACAO BASICA;5011;EDUCACAO BASICA DE QUALIDADE;20RJ;APOIO A CAPACITACAO E FORMACAO INICIAL E CONTINUADA PARA A E;0004;EDUCACAO BASICA A DISTANCIA - SISTEMA UNIVERSIDADE ABERTA DO BRASIL (UAB);12368501120RJ0001;186018;MCC62G22EDN;UAB - UAB TRADICIONAL;90;APLICACOES DIRETAS;3;DESPESAS CORRENTES;3;OUTRAS DESPESAS CORRENTES;33;PASSAGENS E DESPESAS COM LOCOMOCAO;339033;PASSAGENS E DESPESAS COM LOCOMOCAO;00;RECURSOS PRIMARIOS DE LIVRE APLICACAO;;;;;60,000.00;60,000.00;;
2020;158126;INST.FED.DE EDUC.,CIE.E TEC.SUL-RIO-GRANDENSE;12;EDUCACAO;368;EDUCACAO BASICA;5011;EDUCACAO BASICA DE QUALIDADE;20RJ;APOIO A CAPACITACAO E FORMACAO INICIAL E CONTINUADA PARA A E;0004;EDUCACAO BASICA A DISTANCIA - SISTEMA UNIVERSIDADE ABERTA DO BRASIL (UAB);12368501120RJ0001;186018;MCC62G22EDN;UAB - UAB TRADICIONAL;90;APLICACOES DIRETAS;3;DESPESAS CORRENTES;3;OUTRAS DESPESAS CORRENTES;36;OUTROS SERVICOS DE TERCEIROS - P.FISICA;339036;OUTROS SERVICOS DE TERCEIROS - PESSOA FISICA;00;RECURSOS PRIMARIOS DE LIVRE APLICACAO;;;;;75,402.00;75,402.00;;
2020;158126;INST.FED.DE EDUC.,CIE.E TEC.SUL-RIO-GRANDENSE;12;EDUCACAO;368;EDUCACAO BASICA;5011;EDUCACAO BASICA DE QUALIDADE;20RJ;APOIO A CAPACITACAO E FORMACAO INICIAL E CONTINUADA PARA A E;0004;EDUCACAO BASICA A DISTANCIA - SISTEMA UNIVERSIDADE ABERTA DO BRASIL (UAB);12368501120RJ0001;186018;MCC62G22EDN;UAB - UAB TRADICIONAL;90;APLICACOES DIRETAS;3;DESPESAS CORRENTES;3;OUTRAS DESPESAS CORRENTES;37;LOCACAO DE MAO-DE-OBRA;339037;LOCACAO DE MAO-DE-OBRA;00;RECURSOS PRIMARIOS DE LIVRE APLICACAO;;;;;102,000.00;95,504.72;6,495.28;
2020;158126;INST.FED.DE EDUC.,CIE.E TEC.SUL-RIO-GRANDENSE;12;EDUCACAO;368;EDUCACAO BASICA;5011;EDUCACAO BASICA DE QUALIDADE;20RJ;APOIO A CAPACITACAO E FORMACAO INICIAL E CONTINUADA PARA A E;0004;EDUCACAO BASICA A DISTANCIA - SISTEMA UNIVERSIDADE ABERTA DO BRASIL (UAB);12368501120RJ0001;186018;MCC62G22EDN;UAB - UAB TRADICIONAL;90;APLICACOES DIRETAS;3;DESPESAS CORRENTES;3;OUTRAS DESPESAS CORRENTES;39;OUTROS SERVICOS DE TERCEIROS PJ - OP.INT.ORC.;339039;OUTROS SERVICOS DE TERCEIROS - PESSOA JURIDICA;00;RECURSOS PRIMARIOS DE LIVRE APLICACAO;;;;;72,000.00;72,000.00;;
2020;158126;INST.FED.DE EDUC.,CIE.E TEC.SUL-RIO-GRANDENSE;12;EDUCACAO;368;EDUCACAO BASICA;5011;EDUCACAO BASICA DE QUALIDADE;20RJ;APOIO A CAPACITACAO E FORMACAO INICIAL E CONTINUADA PARA A E;0004;EDUCACAO BASICA A DISTANCIA - SISTEMA UNIVERSIDADE ABERTA DO BRASIL (UAB);12368501120RJ0001;186018;MCC62G22EDN;UAB - UAB TRADICIONAL;90;APLICACOES DIRETAS;3;DESPESAS CORRENTES;3;OUTRAS DESPESAS CORRENTES;93;INDENIZACOES E RESTITUICOES;339093;INDENIZACOES E RESTITUICOES;00;RECURSOS PRIMARIOS DE LIVRE APLICACAO;;;;;18,000.00;18,000.00;;
2020;158128;INST.FED.DE EDUC.,CIENC.E TEC.DO MARANHAO;12;EDUCACAO;368;EDUCACAO BASICA;5011;EDUCACAO BASICA DE QUALIDADE;20RJ;APOIO A CAPACITACAO E FORMACAO INICIAL E CONTINUADA PARA A E;0003;EDUCACAO BASICA PRESENCIAL;12368501120RJ0001;170065;PCC92B5801N;PARFOR - PARFOR;90;APLICACOES DIRETAS;3;DESPESAS CORRENTES;3;OUTRAS DESPESAS CORRENTES;14;DIARIAS - PESSOAL CIVIL;339014;DIARIAS - PESSOAL CIVIL;00;RECURSOS PRIMARIOS DE LIVRE APLICACAO;;;;;254,914.32;168,550.32;86,364.00;75,742.66
2020;158128;INST.FED.DE EDUC.,CIENC.E TEC.DO MARANHAO;12;EDUCACAO;368;EDUCACAO BASICA;5011;EDUCACAO BASICA DE QUALIDADE;20RJ;APOIO A CAPACITACAO E FORMACAO INICIAL E CONTINUADA PARA A E;0003;EDUCACAO BASICA PRESENCIAL;12368501120RJ0001;170065;PCC92B5801N;PARFOR - PARFOR;90;APLICACOES DIRETAS;3;DESPESAS CORRENTES;3;OUTRAS DESPESAS CORRENTES;30;MATERIAL DE CONSUMO;339030;MATERIAL DE CONSUMO;00;RECURSOS PRIMARIOS DE LIVRE APLICACAO;;;;;9,120.00;0.00;;
2020;158128;INST.FED.DE EDUC.,CIENC.E TEC.DO MARANHAO;12;EDUCACAO;368;EDUCACAO BASICA;5011;EDUCACAO BASICA DE QUALIDADE;20RJ;APOIO A CAPACITACAO E FORMACAO INICIAL E CONTINUADA PARA A E;0003;EDUCACAO BASICA PRESENCIAL;12368501120RJ0001;170065;PCC92B5801N;PARFOR - PARFOR;90;APLICACOES DIRETAS;3;DESPESAS CORRENTES;3;OUTRAS DESPESAS CORRENTES;33;PASSAGENS E DESPESAS COM LOCOMOCAO;339033;PASSAGENS E DESPESAS COM LOCOMOCAO;00;RECURSOS PRIMARIOS DE LIVRE APLICACAO;;;;;36,000.00;36,000.00;;
2020;158128;INST.FED.DE EDUC.,CIENC.E TEC.DO MARANHAO;12;EDUCACAO;368;EDUCACAO BASICA;5011;EDUCACAO BASICA DE QUALIDADE;20RJ;APOIO A CAPACITACAO E FORMACAO INICIAL E CONTINUADA PARA A E;0003;EDUCACAO BASICA PRESENCIAL;12368501120RJ0001;170065;PCC92B5801N;PARFOR - PARFOR;90;APLICACOES DIRETAS;3;DESPESAS CORRENTES;3;OUTRAS DESPESAS CORRENTES;36;OUTROS SERVICOS DE TERCEIROS - P.FISICA;339036;OUTROS SERVICOS DE TERCEIROS - PESSOA FISICA;00;RECURSOS PRIMARIOS DE LIVRE APLICACAO;;;;;45,000.00;45,000.00;;
2020;158128;INST.FED.DE EDUC.,CIENC.E TEC.DO MARANHAO;12;EDUCACAO;368;EDUCACAO BASICA;5011;EDUCACAO BASICA DE QUALIDADE;20RJ;APOIO A CAPACITACAO E FORMACAO INICIAL E CONTINUADA PARA A E;0003;EDUCACAO BASICA PRESENCIAL;12368501120RJ0001;170065;PCC92B5801N;PARFOR - PARFOR;90;APLICACOES DIRETAS;3;DESPESAS CORRENTES;3;OUTRAS DESPESAS CORRENTES;39;OUTROS SERVICOS DE TERCEIROS PJ - OP.INT.ORC.;339039;OUTROS SERVICOS DE TERCEIROS - PESSOA JURIDICA;00;RECURSOS PRIMARIOS DE LIVRE APLICACAO;;;;;108,465.12;0.00;;
2020;158128;INST.FED.DE EDUC.,CIENC.E TEC.DO MARANHAO;12;EDUCACAO;368;EDUCACAO BASICA;5011;EDUCACAO BASICA DE QUALIDADE;20RJ;APOIO A CAPACITACAO E FORMACAO INICIAL E CONTINUADA PARA A E;0003;EDUCACAO BASICA PRESENCIAL;12368501120RJ0001;170065;PCC92B5801N;PARFOR - PARFOR;90;APLICACOES DIRETAS;3;DESPESAS CORRENTES;3;OUTRAS DESPESAS CORRENTES;92;DESPESAS DE EXERCICIOS ANTERIORES;339092;DESPESAS DE EXERCICIOS ANTERIORES;00;RECURSOS PRIMARIOS DE LIVRE APLICACAO;;;;;3,700.00;1,110.00;2,590.00;2,590.00
2020;158128;INST.FED.DE EDUC.,CIENC.E TEC.DO MARANHAO;12;EDUCACAO;368;EDUCACAO BASICA;5011;EDUCACAO BASICA DE QUALIDADE;20RJ;APOIO A CAPACITACAO E FORMACAO INICIAL E CONTINUADA PARA A E;0003;EDUCACAO BASICA PRESENCIAL;12368501120RJ0001;170065;PCC92B5801N;PARFOR - PARFOR;90;APLICACOES DIRETAS;3;DESPESAS CORRENTES;3;OUTRAS DESPESAS CORRENTES;93;INDENIZACOES E RESTITUICOES;339093;INDENIZACOES E RESTITUICOES;00;RECURSOS PRIMARIOS DE LIVRE APLICACAO;;;;;46,950.47;45,423.00;1,527.47;1,527.47
2020;158135;INST.FED.DE EDUC.,CIENC.E TEC.DO PARA;12;EDUCACAO;368;EDUCACAO BASICA;5011;EDUCACAO BASICA DE QUALIDADE;20RJ;APOIO A CAPACITACAO E FORMACAO INICIAL E CONTINUADA PARA A E;0003;EDUCACAO BASICA PRESENCIAL;12368501120RJ0001;170065;PCC92B5801N;PARFOR - PARFOR;90;APLICACOES DIRETAS;3;DESPESAS CORRENTES;3;OUTRAS DESPESAS CORRENTES;14;DIARIAS - PESSOAL CIVIL;339014;DIARIAS - PESSOAL CIVIL;00;RECURSOS PRIMARIOS DE LIVRE APLICACAO;;;;;22,849.56;3,768.48;19,081.08;19,081.08
2020;158135;INST.FED.DE EDUC.,CIENC.E TEC.DO PARA;12;EDUCACAO;368;EDUCACAO BASICA;5011;EDUCACAO BASICA DE QUALIDADE;20RJ;APOIO A CAPACITACAO E FORMACAO INICIAL E CONTINUADA PARA A E;0003;EDUCACAO BASICA PRESENCIAL;12368501120RJ0001;170065;PCC92B5801N;PARFOR - PARFOR;90;APLICACOES DIRETAS;3;DESPESAS CORRENTES;3;OUTRAS DESPESAS CORRENTES;33;PASSAGENS E DESPESAS COM LOCOMOCAO;339033;PASSAGENS E DESPESAS COM LOCOMOCAO;00;RECURSOS PRIMARIOS DE LIVRE APLICACAO;;;;;100,344.00;70,240.80;;
2020;158135;INST.FED.DE EDUC.,CIENC.E TEC.DO PARA;12;EDUCACAO;368;EDUCACAO BASICA;5011;EDUCACAO BASICA DE QUALIDADE;20RJ;APOIO A CAPACITACAO E FORMACAO INICIAL E CONTINUADA PARA A E;0003;EDUCACAO BASICA PRESENCIAL;12368501120RJ0001;170065;PCC92B5801N;PARFOR - PARFOR;90;APLICACOES DIRETAS;3;DESPESAS CORRENTES;3;OUTRAS DESPESAS CORRENTES;36;OUTROS SERVICOS DE TERCEIROS - P.FISICA;339036;OUTROS SERVICOS DE TERCEIROS - PESSOA FISICA;00;RECURSOS PRIMARIOS DE LIVRE APLICACAO;;;;;99,120.00;99,120.00;;
2020;158135;INST.FED.DE EDUC.,CIENC.E TEC.DO PARA;12;EDUCACAO;368;EDUCACAO BASICA;5011;EDUCACAO BASICA DE QUALIDADE;20RJ;APOIO A CAPACITACAO E FORMACAO INICIAL E CONTINUADA PARA A E;0003;EDUCACAO BASICA PRESENCIAL;12368501120RJ0001;170065;PCC92B5801N;PARFOR - PARFOR;90;APLICACOES DIRETAS;3;DESPESAS CORRENTES;3;OUTRAS DESPESAS CORRENTES;39;OUTROS SERVICOS DE TERCEIROS PJ - OP.INT.ORC.;339039;OUTROS SERVICOS DE TERCEIROS - PESSOA JURIDICA;00;RECURSOS PRIMARIOS DE LIVRE APLICACAO;;;;;236,000.00;102,665.14;98,726.50;98,726.50
2020;158135;INST.FED.DE EDUC.,CIENC.E TEC.DO PARA;12;EDUCACAO;368;EDUCACAO BASICA;5011;EDUCACAO BASICA DE QUALIDADE;20RJ;APOIO A CAPACITACAO E FORMACAO INICIAL E CONTINUADA PARA A E;0003;EDUCACAO BASICA PRESENCIAL;12368501120RJ0001;170065;PCC92B5801N;PARFOR - PARFOR;90;APLICACOES DIRETAS;3;DESPESAS CORRENTES;3;OUTRAS DESPESAS CORRENTES;40;SERVICOS DE TECNOLOGIA DA INFORMACAO E COMUNICACAO - PJ;339040;SERVICOS DE TECNOLOGIA DA INFORMACAO E COMUNICACAO - PJ;00;RECURSOS PRIMARIOS DE LIVRE APLICACAO;;;;;201,600.00;126,000.00;;
2020;158135;INST.FED.DE EDUC.,CIENC.E TEC.DO PARA;12;EDUCACAO;368;EDUCACAO BASICA;5011;EDUCACAO BASICA DE QUALIDADE;20RJ;APOIO A CAPACITACAO E FORMACAO INICIAL E CONTINUADA PARA A E;0003;EDUCACAO BASICA PRESENCIAL;12368501120RJ0001;186016;PCC92B5801N;PARFOR - PARFOR;90;APLICACOES DIRETAS;3;DESPESAS CORRENTES;3;OUTRAS DESPESAS CORRENTES;14;DIARIAS - PESSOAL CIVIL;339014;DIARIAS - PESSOAL CIVIL;00;RECURSOS PRIMARIOS DE LIVRE APLICACAO;;;;;645,040.22;403,209.04;241,831.18;213,484.44
2020;158138;IFPB - REITORIA;12;EDUCACAO;368;EDUCACAO BASICA;5011;EDUCACAO BASICA DE QUALIDADE;20RJ;APOIO A CAPACITACAO E FORMACAO INICIAL E CONTINUADA PARA A E;0003;EDUCACAO BASICA PRESENCIAL;12368501120RJ0001;170065;PCC92B5801N;PARFOR - PARFOR;90;APLICACOES DIRETAS;3;DESPESAS CORRENTES;3;OUTRAS DESPESAS CORRENTES;14;DIARIAS - PESSOAL CIVIL;339014;DIARIAS - PESSOAL CIVIL;00;RECURSOS PRIMARIOS DE LIVRE APLICACAO;;;;;55,825.06;33,074.86;22,750.20;20,475.18
2020;158138;IFPB - REITORIA;12;EDUCACAO;368;EDUCACAO BASICA;5011;EDUCACAO BASICA DE QUALIDADE;20RJ;APOIO A CAPACITACAO E FORMACAO INICIAL E CONTINUADA PARA A E;0004;EDUCACAO BASICA A DISTANCIA - SISTEMA UNIVERSIDADE ABERTA DO BRASIL (UAB);12368501120RJ0001;186018;MCC62G22EDN;UAB - UAB TRADICIONAL;90;APLICACOES DIRETAS;3;DESPESAS CORRENTES;3;OUTRAS DESPESAS CORRENTES;18;AUXILIO FINANCEIRO A ESTUDANTES;339018;AUXILIO FINANCEIRO A ESTUDANTES;00;RECURSOS PRIMARIOS DE LIVRE APLICACAO;;;;;366,297.19;119,469.69;246,827.50;230,840.96
2020;158142;INST.FED.DE EDUC.,CIENC.E TEC.DO AMAZONAS;12;EDUCACAO;368;EDUCACAO BASICA;5011;EDUCACAO BASICA DE QUALIDADE;20RJ;APOIO A CAPACITACAO E FORMACAO INICIAL E CONTINUADA PARA A E;0004;EDUCACAO BASICA A DISTANCIA - SISTEMA UNIVERSIDADE ABERTA DO BRASIL (UAB);12368501120RJ0001;186018;MCC62G22EDN;UAB - UAB TRADICIONAL;90;APLICACOES DIRETAS;3;DESPESAS CORRENTES;3;OUTRAS DESPESAS CORRENTES;30;MATERIAL DE CONSUMO;339030;MATERIAL DE CONSUMO;00;RECURSOS PRIMARIOS DE LIVRE APLICACAO;;;;;70,284.00;0.00;;
2020;158144;INST.FED.DE EDUC.,CIENC.E TEC.DO MATO GROSSO;12;EDUCACAO;364;ENSINO SUPERIOR;5013;EDUCACAO SUPERIOR - GRADUACAO, POS-GRADUACAO, ENSINO, PESQUI;0487;CONCESSAO DE BOLSAS DE ESTUDO NO ENSINO SUPERIOR;0002;CONCESSAO DE BOLSAS DE ESTUDO NO PAIS;12364501304870001;170062;OCCCUO9414N;BF SUPERIOR - PROAP;90;APLICACOES DIRETAS;3;DESPESAS CORRENTES;3;OUTRAS DESPESAS CORRENTES;30;MATERIAL DE CONSUMO;339030;MATERIAL DE CONSUMO;00;RECURSOS PRIMARIOS DE LIVRE APLICACAO;;;;;30,562.71;0.00;;
2020;158144;INST.FED.DE EDUC.,CIENC.E TEC.DO MATO GROSSO;12;EDUCACAO;364;ENSINO SUPERIOR;5013;EDUCACAO SUPERIOR - GRADUACAO, POS-GRADUACAO, ENSINO, PESQUI;0487;CONCESSAO DE BOLSAS DE ESTUDO NO ENSINO SUPERIOR;0002;CONCESSAO DE BOLSAS DE ESTUDO NO PAIS;12364501304870001;170062;OCCCUO9414N;BF SUPERIOR - PROAP;90;APLICACOES DIRETAS;3;DESPESAS CORRENTES;3;OUTRAS DESPESAS CORRENTES;33;PASSAGENS E DESPESAS COM LOCOMOCAO;339033;PASSAGENS E DESPESAS COM LOCOMOCAO;00;RECURSOS PRIMARIOS DE LIVRE APLICACAO;;;;;41,241.65;16,496.66;;
2020;158144;INST.FED.DE EDUC.,CIENC.E TEC.DO MATO GROSSO;12;EDUCACAO;364;ENSINO SUPERIOR;5013;EDUCACAO SUPERIOR - GRADUACAO, POS-GRADUACAO, ENSINO, PESQUI;0487;CONCESSAO DE BOLSAS DE ESTUDO NO ENSINO SUPERIOR;0002;CONCESSAO DE BOLSAS DE ESTUDO NO PAIS;12364501304870001;170062;OCCCUO9414N;BF SUPERIOR - PROAP;90;APLICACOES DIRETAS;3;DESPESAS CORRENTES;3;OUTRAS DESPESAS CORRENTES;39;OUTROS SERVICOS DE TERCEIROS PJ - OP.INT.ORC.;339039;OUTROS SERVICOS DE TERCEIROS - PESSOA JURIDICA;00;RECURSOS PRIMARIOS DE LIVRE APLICACAO;;;;;6,000.00;0.00;;
2020;158144;INST.FED.DE EDUC.,CIENC.E TEC.DO MATO GROSSO;12;EDUCACAO;368;EDUCACAO BASICA;5011;EDUCACAO BASICA DE QUALIDADE;20RJ;APOIO A CAPACITACAO E FORMACAO INICIAL E CONTINUADA PARA A E;0004;EDUCACAO BASICA A DISTANCIA - SISTEMA UNIVERSIDADE ABERTA DO BRASIL (UAB);12368501120RJ0001;186018;MCC62G22EDN;UAB - UAB TRADICIONAL;90;APLICACOES DIRETAS;3;DESPESAS CORRENTES;3;OUTRAS DESPESAS CORRENTES;30;MATERIAL DE CONSUMO;339030;MATERIAL DE CONSUMO;00;RECURSOS PRIMARIOS DE LIVRE APLICACAO;;;;;104,345.01;0.00;;
2020;158144;INST.FED.DE EDUC.,CIENC.E TEC.DO MATO GROSSO;12;EDUCACAO;368;EDUCACAO BASICA;5011;EDUCACAO BASICA DE QUALIDADE;20RJ;APOIO A CAPACITACAO E FORMACAO INICIAL E CONTINUADA PARA A E;0004;EDUCACAO BASICA A DISTANCIA - SISTEMA UNIVERSIDADE ABERTA DO BRASIL (UAB);12368501120RJ0001;186018;MCC62G22EDN;UAB - UAB TRADICIONAL;90;APLICACOES DIRETAS;3;DESPESAS CORRENTES;3;OUTRAS DESPESAS CORRENTES;33;PASSAGENS E DESPESAS COM LOCOMOCAO;339033;PASSAGENS E DESPESAS COM LOCOMOCAO;00;RECURSOS PRIMARIOS DE LIVRE APLICACAO;;;;;1,242,993.35;127,499.51;;
2020;158144;INST.FED.DE EDUC.,CIENC.E TEC.DO MATO GROSSO;12;EDUCACAO;368;EDUCACAO BASICA;5011;EDUCACAO BASICA DE QUALIDADE;20RJ;APOIO A CAPACITACAO E FORMACAO INICIAL E CONTINUADA PARA A E;0004;EDUCACAO BASICA A DISTANCIA - SISTEMA UNIVERSIDADE ABERTA DO BRASIL (UAB);12368501120RJ0001;186018;MCC62G22EDN;UAB - UAB TRADICIONAL;90;APLICACOES DIRETAS;3;DESPESAS CORRENTES;3;OUTRAS DESPESAS CORRENTES;36;OUTROS SERVICOS DE TERCEIROS - P.FISICA;339036;OUTROS SERVICOS DE TERCEIROS - PESSOA FISICA;00;RECURSOS PRIMARIOS DE LIVRE APLICACAO;;;;;36,696.84;9,174.21;;
2020;158144;INST.FED.DE EDUC.,CIENC.E TEC.DO MATO GROSSO;12;EDUCACAO;368;EDUCACAO BASICA;5011;EDUCACAO BASICA DE QUALIDADE;20RJ;APOIO A CAPACITACAO E FORMACAO INICIAL E CONTINUADA PARA A E;0004;EDUCACAO BASICA A DISTANCIA - SISTEMA UNIVERSIDADE ABERTA DO BRASIL (UAB);12368501120RJ0001;186018;MCC62G22EDN;UAB - UAB TRADICIONAL;90;APLICACOES DIRETAS;3;DESPESAS CORRENTES;3;OUTRAS DESPESAS CORRENTES;39;OUTROS SERVICOS DE TERCEIROS PJ - OP.INT.ORC.;339039;OUTROS SERVICOS DE TERCEIROS - PESSOA JURIDICA;00;RECURSOS PRIMARIOS DE LIVRE APLICACAO;;;;;206,000.00;14,000.00;;
2020;158144;INST.FED.DE EDUC.,CIENC.E TEC.DO MATO GROSSO;12;EDUCACAO;368;EDUCACAO BASICA;5011;EDUCACAO BASICA DE QUALIDADE;20RJ;APOIO A CAPACITACAO E FORMACAO INICIAL E CONTINUADA PARA A E;0004;EDUCACAO BASICA A DISTANCIA - SISTEMA UNIVERSIDADE ABERTA DO BRASIL (UAB);12368501120RJ0001;186018;MCC62G22EDN;UAB - UAB TRADICIONAL;90;APLICACOES DIRETAS;3;DESPESAS CORRENTES;3;OUTRAS DESPESAS CORRENTES;40;SERVICOS DE TECNOLOGIA DA INFORMACAO E COMUNICACAO - PJ;339040;SERVICOS DE TECNOLOGIA DA INFORMACAO E COMUNICACAO - PJ;00;RECURSOS PRIMARIOS DE LIVRE APLICACAO;;;;;259,800.00;0.00;;
2020;158145;INST.FED.DE EDUC.,CIENC.E TEC.DA BAHIA;12;EDUCACAO;368;EDUCACAO BASICA;5011;EDUCACAO BASICA DE QUALIDADE;20RJ;APOIO A CAPACITACAO E FORMACAO INICIAL E CONTINUADA PARA A E;0004;EDUCACAO BASICA A DISTANCIA - SISTEMA UNIVERSIDADE ABERTA DO BRASIL (UAB);12368501120RJ0001;186018;MCC62G22EDN;UAB - UAB TRADICIONAL;90;APLICACOES DIRETAS;3;DESPESAS CORRENTES;3;OUTRAS DESPESAS CORRENTES;39;OUTROS SERVICOS DE TERCEIROS PJ - OP.INT.ORC.;339039;OUTROS SERVICOS DE TERCEIROS - PESSOA JURIDICA;00;RECURSOS PRIMARIOS DE LIVRE APLICACAO;;;;;427,564.98;0.00;;
2020;158146;INST.FED.DE EDUC.,CIENC.E TEC.DO PIAUI;12;EDUCACAO;368;EDUCACAO BASICA;5011;EDUCACAO BASICA DE QUALIDADE;20RJ;APOIO A CAPACITACAO E FORMACAO INICIAL E CONTINUADA PARA A E;0004;EDUCACAO BASICA A DISTANCIA - SISTEMA UNIVERSIDADE ABERTA DO BRASIL (UAB);12368501120RJ0001;186018;MCC62G22EDN;UAB - UAB TRADICIONAL;90;APLICACOES DIRETAS;3;DESPESAS CORRENTES;3;OUTRAS DESPESAS CORRENTES;36;OUTROS SERVICOS DE TERCEIROS - P.FISICA;339036;OUTROS SERVICOS DE TERCEIROS - PESSOA FISICA;00;RECURSOS PRIMARIOS DE LIVRE APLICACAO;;;;;686,424.00;350,551.00;208,832.00;183,232.00
2020;158146;INST.FED.DE EDUC.,CIENC.E TEC.DO PIAUI;12;EDUCACAO;368;EDUCACAO BASICA;5011;EDUCACAO BASICA DE QUALIDADE;20RJ;APOIO A CAPACITACAO E FORMACAO INICIAL E CONTINUADA PARA A E;0004;EDUCACAO BASICA A DISTANCIA - SISTEMA UNIVERSIDADE ABERTA DO BRASIL (UAB);12368501120RJ0001;186018;MCC62G22EDN;UAB - UAB TRADICIONAL;91;APLICACOES DIRETAS - OPERACOES INTERNAS;3;DESPESAS CORRENTES;3;OUTRAS DESPESAS CORRENTES;47;OBRIGACOES TRIBUTARIAS E CONTRIBUTIVAS;339147;OBRIG.TRIBUT.E CONTRIB-OP.INTRA-ORCAMENTARIAS;00;RECURSOS PRIMARIOS DE LIVRE APLICACAO;;;;;55,176.00;19,304.20;35,110.40;33,574.40
2020;158147;INST.FED.DE EDUC.,CIENC.E TEC.DE ALAGOAS;12;EDUCACAO;368;EDUCACAO BASICA;5011;EDUCACAO BASICA DE QUALIDADE;20RJ;APOIO A CAPACITACAO E FORMACAO INICIAL E CONTINUADA PARA A E;0004;EDUCACAO BASICA A DISTANCIA - SISTEMA UNIVERSIDADE ABERTA DO BRASIL (UAB);12368501120RJ0001;186018;MCC62G22EDN;UAB - UAB TRADICIONAL;90;APLICACOES DIRETAS;3;DESPESAS CORRENTES;3;OUTRAS DESPESAS CORRENTES;37;LOCACAO DE MAO-DE-OBRA;339037;LOCACAO DE MAO-DE-OBRA;00;RECURSOS PRIMARIOS DE LIVRE APLICACAO;;;;;361,400.00;90,350.00;48,482.79;
2020;158151;INST.FED.DE EDUC.,CIENC.E TEC.DO ESP.SANTO;12;EDUCACAO;368;EDUCACAO BASICA;5011;EDUCACAO BASICA DE QUALIDADE;20RJ;APOIO A CAPACITACAO E FORMACAO INICIAL E CONTINUADA PARA A E;0004;EDUCACAO BASICA A DISTANCIA - SISTEMA UNIVERSIDADE ABERTA DO BRASIL (UAB);12368501120RJ0001;186018;MCC62G22EDN;UAB - UAB TRADICIONAL;90;APLICACOES DIRETAS;3;DESPESAS CORRENTES;3;OUTRAS DESPESAS CORRENTES;14;DIARIAS - PESSOAL CIVIL;339014;DIARIAS - PESSOAL CIVIL;00;RECURSOS PRIMARIOS DE LIVRE APLICACAO;;;;;37,389.50;35,000.00;2,389.50;
2020;158151;INST.FED.DE EDUC.,CIENC.E TEC.DO ESP.SANTO;12;EDUCACAO;368;EDUCACAO BASICA;5011;EDUCACAO BASICA DE QUALIDADE;20RJ;APOIO A CAPACITACAO E FORMACAO INICIAL E CONTINUADA PARA A E;0004;EDUCACAO BASICA A DISTANCIA - SISTEMA UNIVERSIDADE ABERTA DO BRASIL (UAB);12368501120RJ0001;186018;MCC62G22EDN;UAB - UAB TRADICIONAL;90;APLICACOES DIRETAS;3;DESPESAS CORRENTES;3;OUTRAS DESPESAS CORRENTES;30;MATERIAL DE CONSUMO;339030;MATERIAL DE CONSUMO;00;RECURSOS PRIMARIOS DE LIVRE APLICACAO;;;;;39,466.26;0.00;;
2020;158151;INST.FED.DE EDUC.,CIENC.E TEC.DO ESP.SANTO;12;EDUCACAO;368;EDUCACAO BASICA;5011;EDUCACAO BASICA DE QUALIDADE;20RJ;APOIO A CAPACITACAO E FORMACAO INICIAL E CONTINUADA PARA A E;0004;EDUCACAO BASICA A DISTANCIA - SISTEMA UNIVERSIDADE ABERTA DO BRASIL (UAB);12368501120RJ0001;186018;MCC62G22EDN;UAB - UAB TRADICIONAL;90;APLICACOES DIRETAS;3;DESPESAS CORRENTES;3;OUTRAS DESPESAS CORRENTES;36;OUTROS SERVICOS DE TERCEIROS - P.FISICA;339036;OUTROS SERVICOS DE TERCEIROS - PESSOA FISICA;00;RECURSOS PRIMARIOS DE LIVRE APLICACAO;;;;;37,389.50;35,000.00;2,389.50;
2020;158151;INST.FED.DE EDUC.,CIENC.E TEC.DO ESP.SANTO;12;EDUCACAO;368;EDUCACAO BASICA;5011;EDUCACAO BASICA DE QUALIDADE;20RJ;APOIO A CAPACITACAO E FORMACAO INICIAL E CONTINUADA PARA A E;0004;EDUCACAO BASICA A DISTANCIA - SISTEMA UNIVERSIDADE ABERTA DO BRASIL (UAB);12368501120RJ0001;186018;MCC62G22EDN;UAB - UAB TRADICIONAL;90;APLICACOES DIRETAS;3;DESPESAS CORRENTES;3;OUTRAS DESPESAS CORRENTES;39;OUTROS SERVICOS DE TERCEIROS PJ - OP.INT.ORC.;339039;OUTROS SERVICOS DE TERCEIROS - PESSOA JURIDICA;00;RECURSOS PRIMARIOS DE LIVRE APLICACAO;;;;;648,192.20;10,606.00;74,242.00;74,242.00
2020;158153;INST.FED.DE EDUC.,CIENC.E TEC.DE GOIAS;12;EDUCACAO;368;EDUCACAO BASICA;5011;EDUCACAO BASICA DE QUALIDADE;20RJ;APOIO A CAPACITACAO E FORMACAO INICIAL E CONTINUADA PARA A E;0004;EDUCACAO BASICA A DISTANCIA - SISTEMA UNIVERSIDADE ABERTA DO BRASIL (UAB);12368501120RJ0001;186018;MCC62G22EDN;UAB - UAB TRADICIONAL;90;APLICACOES DIRETAS;3;DESPESAS CORRENTES;3;OUTRAS DESPESAS CORRENTES;39;OUTROS SERVICOS DE TERCEIROS PJ - OP.INT.ORC.;339039;OUTROS SERVICOS DE TERCEIROS - PESSOA JURIDICA;00;RECURSOS PRIMARIOS DE LIVRE APLICACAO;;;;;423,000.00;0.00;;
2020;158155;INST.FED.DE EDUC.,CIENC.E TEC.DO RN;12;EDUCACAO;368;EDUCACAO BASICA;5011;EDUCACAO BASICA DE QUALIDADE;20RJ;APOIO A CAPACITACAO E FORMACAO INICIAL E CONTINUADA PARA A E;0004;EDUCACAO BASICA A DISTANCIA - SISTEMA UNIVERSIDADE ABERTA DO BRASIL (UAB);12368501120RJ0001;186018;MCC62G22EDN;UAB - UAB TRADICIONAL;90;APLICACOES DIRETAS;3;DESPESAS CORRENTES;3;OUTRAS DESPESAS CORRENTES;39;OUTROS SERVICOS DE TERCEIROS PJ - OP.INT.ORC.;339039;OUTROS SERVICOS DE TERCEIROS - PESSOA JURIDICA;00;RECURSOS PRIMARIOS DE LIVRE APLICACAO;;;;;1,243,345.60;124,334.56;1,119,011.04;1,119,011.04
2020;158195;UNIVERSIDADE FEDERAL DE CAMPINA GRANDE;12;EDUCACAO;364;ENSINO SUPERIOR;5013;EDUCACAO SUPERIOR - GRADUACAO, POS-GRADUACAO, ENSINO, PESQUI;0487;CONCESSAO DE BOLSAS DE ESTUDO NO ENSINO SUPERIOR;0002;CONCESSAO DE BOLSAS DE ESTUDO NO PAIS;12364501304870001;170062;OCCCUO9414N;BF SUPERIOR - PROAP;90;APLICACOES DIRETAS;3;DESPESAS CORRENTES;3;OUTRAS DESPESAS CORRENTES;14;DIARIAS - PESSOAL CIVIL;339014;DIARIAS - PESSOAL CIVIL;00;RECURSOS PRIMARIOS DE LIVRE APLICACAO;;;;;231,941.82;175,105.86;56,835.96;50,350.32
2020;158195;UNIVERSIDADE FEDERAL DE CAMPINA GRANDE;12;EDUCACAO;364;ENSINO SUPERIOR;5013;EDUCACAO SUPERIOR - GRADUACAO, POS-GRADUACAO, ENSINO, PESQUI;0487;CONCESSAO DE BOLSAS DE ESTUDO NO ENSINO SUPERIOR;0002;CONCESSAO DE BOLSAS DE ESTUDO NO PAIS;12364501304870001;170062;OCCCUO9414N;BF SUPERIOR - PROAP;90;APLICACOES DIRETAS;3;DESPESAS CORRENTES;3;OUTRAS DESPESAS CORRENTES;18;AUXILIO FINANCEIRO A ESTUDANTES;339018;AUXILIO FINANCEIRO A ESTUDANTES;00;RECURSOS PRIMARIOS DE LIVRE APLICACAO;;;;;419,563.81;29,044.25;390,519.56;348,215.42
2020;158195;UNIVERSIDADE FEDERAL DE CAMPINA GRANDE;12;EDUCACAO;364;ENSINO SUPERIOR;5013;EDUCACAO SUPERIOR - GRADUACAO, POS-GRADUACAO, ENSINO, PESQUI;0487;CONCESSAO DE BOLSAS DE ESTUDO NO ENSINO SUPERIOR;0002;CONCESSAO DE BOLSAS DE ESTUDO NO PAIS;12364501304870001;170062;OCCCUO9414N;BF SUPERIOR - PROAP;90;APLICACOES DIRETAS;3;DESPESAS CORRENTES;3;OUTRAS DESPESAS CORRENTES;39;OUTROS SERVICOS DE TERCEIROS PJ - OP.INT.ORC.;339039;OUTROS SERVICOS DE TERCEIROS - PESSOA JURIDICA;00;RECURSOS PRIMARIOS DE LIVRE APLICACAO;;;;;1,163,517.26;43,616.00;1,096,663.26;1,094,303.26
2020;158199;CENTRO DE SAUDE E TECNOLOGIA RURAL DA UFCG;12;EDUCACAO;364;ENSINO SUPERIOR;5013;EDUCACAO SUPERIOR - GRADUACAO, POS-GRADUACAO, ENSINO, PESQUI;0487;CONCESSAO DE BOLSAS DE ESTUDO NO ENSINO SUPERIOR;0002;CONCESSAO DE BOLSAS DE ESTUDO NO PAIS;12364501304870001;170062;OCCCUO9414N;BF SUPERIOR - PROAP;90;APLICACOES DIRETAS;3;DESPESAS CORRENTES;3;OUTRAS DESPESAS CORRENTES;14;DIARIAS - PESSOAL CIVIL;339014;DIARIAS - PESSOAL CIVIL;00;RECURSOS PRIMARIOS DE LIVRE APLICACAO;;;;;20,548.24;1,676.44;18,871.80;17,106.96
2020;158199;CENTRO DE SAUDE E TECNOLOGIA RURAL DA UFCG;12;EDUCACAO;364;ENSINO SUPERIOR;5013;EDUCACAO SUPERIOR - GRADUACAO, POS-GRADUACAO, ENSINO, PESQUI;0487;CONCESSAO DE BOLSAS DE ESTUDO NO ENSINO SUPERIOR;0002;CONCESSAO DE BOLSAS DE ESTUDO NO PAIS;12364501304870001;170062;OCCCUO9414N;BF SUPERIOR - PROAP;90;APLICACOES DIRETAS;3;DESPESAS CORRENTES;3;OUTRAS DESPESAS CORRENTES;30;MATERIAL DE CONSUMO;339030;MATERIAL DE CONSUMO;00;RECURSOS PRIMARIOS DE LIVRE APLICACAO;;;;;157,327.64;39,331.91;;
2020;158222;ESCOLA DE COMUNICACAO DA UFRJ;12;EDUCACAO;364;ENSINO SUPERIOR;5013;EDUCACAO SUPERIOR - GRADUACAO, POS-GRADUACAO, ENSINO, PESQUI;0487;CONCESSAO DE BOLSAS DE ESTUDO NO ENSINO SUPERIOR;0002;CONCESSAO DE BOLSAS DE ESTUDO NO PAIS;12364501304870001;170062;OCCCUO9414N;BF SUPERIOR - PROAP;90;APLICACOES DIRETAS;3;DESPESAS CORRENTES;3;OUTRAS DESPESAS CORRENTES;30;MATERIAL DE CONSUMO;339030;MATERIAL DE CONSUMO;00;RECURSOS PRIMARIOS DE LIVRE APLICACAO;;;;;13,969.53;0.00;6,665.22;6,665.22
2020;158222;ESCOLA DE COMUNICACAO DA UFRJ;12;EDUCACAO;364;ENSINO SUPERIOR;5013;EDUCACAO SUPERIOR - GRADUACAO, POS-GRADUACAO, ENSINO, PESQUI;0487;CONCESSAO DE BOLSAS DE ESTUDO NO ENSINO SUPERIOR;0002;CONCESSAO DE BOLSAS DE ESTUDO NO PAIS;12364501304870001;170062;OCCCUO9414N;BF SUPERIOR - PROAP;90;APLICACOES DIRETAS;3;DESPESAS CORRENTES;3;OUTRAS DESPESAS CORRENTES;39;OUTROS SERVICOS DE TERCEIROS PJ - OP.INT.ORC.;339039;OUTROS SERVICOS DE TERCEIROS - PESSOA JURIDICA;00;RECURSOS PRIMARIOS DE LIVRE APLICACAO;;;;;229,800.00;55,950.00;15,000.00;12,000.00
2020;158223;FACULDADE DE DIREITO DA UFRJ;12;EDUCACAO;364;ENSINO SUPERIOR;5013;EDUCACAO SUPERIOR - GRADUACAO, POS-GRADUACAO, ENSINO, PESQUI;0487;CONCESSAO DE BOLSAS DE ESTUDO NO ENSINO SUPERIOR;0002;CONCESSAO DE BOLSAS DE ESTUDO NO PAIS;12364501304870001;170062;OCCCUO9414N;BF SUPERIOR - PROAP;90;APLICACOES DIRETAS;3;DESPESAS CORRENTES;3;OUTRAS DESPESAS CORRENTES;18;AUXILIO FINANCEIRO A ESTUDANTES;339018;AUXILIO FINANCEIRO A ESTUDANTES;00;RECURSOS PRIMARIOS DE LIVRE APLICACAO;;;;;54,200.00;8,600.00;19,800.00;16,500.00
2020;158223;FACULDADE DE DIREITO DA UFRJ;12;EDUCACAO;364;ENSINO SUPERIOR;5013;EDUCACAO SUPERIOR - GRADUACAO, POS-GRADUACAO, ENSINO, PESQUI;0487;CONCESSAO DE BOLSAS DE ESTUDO NO ENSINO SUPERIOR;0002;CONCESSAO DE BOLSAS DE ESTUDO NO PAIS;12364501304870001;170062;OCCCUO9414N;BF SUPERIOR - PROAP;90;APLICACOES DIRETAS;3;DESPESAS CORRENTES;3;OUTRAS DESPESAS CORRENTES;35;SERVICOS DE CONSULTORIA;339035;SERVICOS DE CONSULTORIA;00;RECURSOS PRIMARIOS DE LIVRE APLICACAO;;;;;72,000.00;18,000.00;;
2020;158223;FACULDADE DE DIREITO DA UFRJ;12;EDUCACAO;364;ENSINO SUPERIOR;5013;EDUCACAO SUPERIOR - GRADUACAO, POS-GRADUACAO, ENSINO, PESQUI;0487;CONCESSAO DE BOLSAS DE ESTUDO NO ENSINO SUPERIOR;0002;CONCESSAO DE BOLSAS DE ESTUDO NO PAIS;12364501304870001;170062;OCCCUO9414N;BF SUPERIOR - PROAP;90;APLICACOES DIRETAS;3;DESPESAS CORRENTES;3;OUTRAS DESPESAS CORRENTES;39;OUTROS SERVICOS DE TERCEIROS PJ - OP.INT.ORC.;339039;OUTROS SERVICOS DE TERCEIROS - PESSOA JURIDICA;00;RECURSOS PRIMARIOS DE LIVRE APLICACAO;;;;;65,927.50;6,400.00;;
2020;158240;NUCLEO DE EST.DE POL.PUBL.EM DIR.HUM./UFRJ;12;EDUCACAO;364;ENSINO SUPERIOR;5013;EDUCACAO SUPERIOR - GRADUACAO, POS-GRADUACAO, ENSINO, PESQUI;0487;CONCESSAO DE BOLSAS DE ESTUDO NO ENSINO SUPERIOR;0002;CONCESSAO DE BOLSAS DE ESTUDO NO PAIS;12364501304870001;170062;OCCCUO9414N;BF SUPERIOR - PROAP;90;APLICACOES DIRETAS;3;DESPESAS CORRENTES;3;OUTRAS DESPESAS CORRENTES;30;MATERIAL DE CONSUMO;339030;MATERIAL DE CONSUMO;00;RECURSOS PRIMARIOS DE LIVRE APLICACAO;;;;;24,943.50;5,543.00;19,400.50;16,629.00
2020;158264;INST.FED.DO RS/CAMPUS BENTO GONCALVES;12;EDUCACAO;368;EDUCACAO BASICA;5011;EDUCACAO BASICA DE QUALIDADE;20RJ;APOIO A CAPACITACAO E FORMACAO INICIAL E CONTINUADA PARA A E;0003;EDUCACAO BASICA PRESENCIAL;12368501120RJ0001;186016;PCC92B5801N;PARFOR - PARFOR;90;APLICACOES DIRETAS;3;DESPESAS CORRENTES;3;OUTRAS DESPESAS CORRENTES;30;MATERIAL DE CONSUMO;339030;MATERIAL DE CONSUMO;00;RECURSOS PRIMARIOS DE LIVRE APLICACAO;;;;;61,898.48;15,741.62;;
2020;158270;IFSP - CAMPUS SAO PAULO;12;EDUCACAO;364;ENSINO SUPERIOR;5013;EDUCACAO SUPERIOR - GRADUACAO, POS-GRADUACAO, ENSINO, PESQUI;0487;CONCESSAO DE BOLSAS DE ESTUDO NO ENSINO SUPERIOR;0002;CONCESSAO DE BOLSAS DE ESTUDO NO PAIS;12364501304870001;170062;OCCCUO9414N;BF SUPERIOR - PROAP;90;APLICACOES DIRETAS;3;DESPESAS CORRENTES;3;OUTRAS DESPESAS CORRENTES;20;AUXILIO FINANCEIRO A PESQUISADORES;339020;AUXILIO FINANCEIRO A PESQUISADORES;00;RECURSOS PRIMARIOS DE LIVRE APLICACAO;;;;;58,908.29;3,648.09;55,260.20;41,445.15
2020;158270;IFSP - CAMPUS SAO PAULO;12;EDUCACAO;364;ENSINO SUPERIOR;5013;EDUCACAO SUPERIOR - GRADUACAO, POS-GRADUACAO, ENSINO, PESQUI;0487;CONCESSAO DE BOLSAS DE ESTUDO NO ENSINO SUPERIOR;0002;CONCESSAO DE BOLSAS DE ESTUDO NO PAIS;12364501304870001;170062;OCCCUO9414N;BF SUPERIOR - PROAP;90;APLICACOES DIRETAS;3;DESPESAS CORRENTES;3;OUTRAS DESPESAS CORRENTES;39;OUTROS SERVICOS DE TERCEIROS PJ - OP.INT.ORC.;339039;OUTROS SERVICOS DE TERCEIROS - PESSOA JURIDICA;00;RECURSOS PRIMARIOS DE LIVRE APLICACAO;;;;;5,460.00;0.00;;
2020;158276;INST.FED.DO MARANHAO/CAMPUS SAO LUIS-MACARANA;12;EDUCACAO;368;EDUCACAO BASICA;5011;EDUCACAO BASICA DE QUALIDADE;20RJ;APOIO A CAPACITACAO E FORMACAO INICIAL E CONTINUADA PARA A E;0004;EDUCACAO BASICA A DISTANCIA - SISTEMA UNIVERSIDADE ABERTA DO BRASIL (UAB);12368501120RJ0001;186018;MCC62G22EDN;UAB - UAB TRADICIONAL;90;APLICACOES DIRETAS;3;DESPESAS CORRENTES;3;OUTRAS DESPESAS CORRENTES;30;MATERIAL DE CONSUMO;339030;MATERIAL DE CONSUMO;00;RECURSOS PRIMARIOS DE LIVRE APLICACAO;;;;;60,034.80;7,779.30;15,436.20;
2020;158286;INST.FED.DO MARANHAO/CAMPUS MONTE CASTELO;12;EDUCACAO;364;ENSINO SUPERIOR;5013;EDUCACAO SUPERIOR - GRADUACAO, POS-GRADUACAO, ENSINO, PESQUI;0487;CONCESSAO DE BOLSAS DE ESTUDO NO ENSINO SUPERIOR;0002;CONCESSAO DE BOLSAS DE ESTUDO NO PAIS;12364501304870001;170062;OCCCUO9414N;BF SUPERIOR - PROAP;90;APLICACOES DIRETAS;3;DESPESAS CORRENTES;3;OUTRAS DESPESAS CORRENTES;14;DIARIAS - PESSOAL CIVIL;339014;DIARIAS - PESSOAL CIVIL;00;RECURSOS PRIMARIOS DE LIVRE APLICACAO;;;;;6,394.54;1,448.94;4,945.60;3,709.20
2020;158286;INST.FED.DO MARANHAO/CAMPUS MONTE CASTELO;12;EDUCACAO;364;ENSINO SUPERIOR;5013;EDUCACAO SUPERIOR - GRADUACAO, POS-GRADUACAO, ENSINO, PESQUI;0487;CONCESSAO DE BOLSAS DE ESTUDO NO ENSINO SUPERIOR;0002;CONCESSAO DE BOLSAS DE ESTUDO NO PAIS;12364501304870001;170062;OCCCUO9414N;BF SUPERIOR - PROAP;90;APLICACOES DIRETAS;3;DESPESAS CORRENTES;3;OUTRAS DESPESAS CORRENTES;33;PASSAGENS E DESPESAS COM LOCOMOCAO;339033;PASSAGENS E DESPESAS COM LOCOMOCAO;00;RECURSOS PRIMARIOS DE LIVRE APLICACAO;;;;;9,178.43;4,027.34;5,151.09;
2020;158286;INST.FED.DO MARANHAO/CAMPUS MONTE CASTELO;12;EDUCACAO;364;ENSINO SUPERIOR;5013;EDUCACAO SUPERIOR - GRADUACAO, POS-GRADUACAO, ENSINO, PESQUI;0487;CONCESSAO DE BOLSAS DE ESTUDO NO ENSINO SUPERIOR;0002;CONCESSAO DE BOLSAS DE ESTUDO NO PAIS;12364501304870001;170062;OCCCUO9414N;BF SUPERIOR - PROAP;90;APLICACOES DIRETAS;3;DESPESAS CORRENTES;3;OUTRAS DESPESAS CORRENTES;39;OUTROS SERVICOS DE TERCEIROS PJ - OP.INT.ORC.;339039;OUTROS SERVICOS DE TERCEIROS - PESSOA JURIDICA;00;RECURSOS PRIMARIOS DE LIVRE APLICACAO;;;;;40,398.00;0.00;;
2020;158286;INST.FED.DO MARANHAO/CAMPUS MONTE CASTELO;12;EDUCACAO;368;EDUCACAO BASICA;5011;EDUCACAO BASICA DE QUALIDADE;20RJ;APOIO A CAPACITACAO E FORMACAO INICIAL E CONTINUADA PARA A E;0004;EDUCACAO BASICA A DISTANCIA - SISTEMA UNIVERSIDADE ABERTA DO BRASIL (UAB);12368501120RJ0001;186018;MCC62G22EDN;UAB - UAB TRADICIONAL;90;APLICACOES DIRETAS;3;DESPESAS CORRENTES;3;OUTRAS DESPESAS CORRENTES;14;DIARIAS - PESSOAL CIVIL;339014;DIARIAS - PESSOAL CIVIL;00;RECURSOS PRIMARIOS DE LIVRE APLICACAO;;;;;50,624.02;50,624.02;;
2020;158286;INST.FED.DO MARANHAO/CAMPUS MONTE CASTELO;12;EDUCACAO;368;EDUCACAO BASICA;5011;EDUCACAO BASICA DE QUALIDADE;20RJ;APOIO A CAPACITACAO E FORMACAO INICIAL E CONTINUADA PARA A E;0004;EDUCACAO BASICA A DISTANCIA - SISTEMA UNIVERSIDADE ABERTA DO BRASIL (UAB);12368501120RJ0001;186018;MCC62G22EDN;UAB - UAB TRADICIONAL;90;APLICACOES DIRETAS;3;DESPESAS CORRENTES;3;OUTRAS DESPESAS CORRENTES;30;MATERIAL DE CONSUMO;339030;MATERIAL DE CONSUMO;00;RECURSOS PRIMARIOS DE LIVRE APLICACAO;;;;;58,207.53;0.00;;
2020;158286;INST.FED.DO MARANHAO/CAMPUS MONTE CASTELO;12;EDUCACAO;368;EDUCACAO BASICA;5011;EDUCACAO BASICA DE QUALIDADE;20RJ;APOIO A CAPACITACAO E FORMACAO INICIAL E CONTINUADA PARA A E;0004;EDUCACAO BASICA A DISTANCIA - SISTEMA UNIVERSIDADE ABERTA DO BRASIL (UAB);12368501120RJ0001;186018;MCC62G22EDN;UAB - UAB TRADICIONAL;90;APLICACOES DIRETAS;3;DESPESAS CORRENTES;3;OUTRAS DESPESAS CORRENTES;33;PASSAGENS E DESPESAS COM LOCOMOCAO;339033;PASSAGENS E DESPESAS COM LOCOMOCAO;00;RECURSOS PRIMARIOS DE LIVRE APLICACAO;;;;;14,106.05;14,106.05;;
2020;158286;INST.FED.DO MARANHAO/CAMPUS MONTE CASTELO;12;EDUCACAO;368;EDUCACAO BASICA;5011;EDUCACAO BASICA DE QUALIDADE;20RJ;APOIO A CAPACITACAO E FORMACAO INICIAL E CONTINUADA PARA A E;0004;EDUCACAO BASICA A DISTANCIA - SISTEMA UNIVERSIDADE ABERTA DO BRASIL (UAB);12368501120RJ0001;186018;MCC62G22EDN;UAB - UAB TRADICIONAL;90;APLICACOES DIRETAS;3;DESPESAS CORRENTES;3;OUTRAS DESPESAS CORRENTES;36;OUTROS SERVICOS DE TERCEIROS - P.FISICA;339036;OUTROS SERVICOS DE TERCEIROS - PESSOA FISICA;00;RECURSOS PRIMARIOS DE LIVRE APLICACAO;;;;;31,927.89;31,927.89;;
2020;158296;INST.FED.DO MARANHAO/CAMPUS S.R.MANGABEIRAS;12;EDUCACAO;368;EDUCACAO BASICA;5011;EDUCACAO BASICA DE QUALIDADE;20RJ;APOIO A CAPACITACAO E FORMACAO INICIAL E CONTINUADA PARA A E;0004;EDUCACAO BASICA A DISTANCIA - SISTEMA UNIVERSIDADE ABERTA DO BRASIL (UAB);12368501120RJ0001;186018;MCC62G22EDN;UAB - UAB TRADICIONAL;90;APLICACOES DIRETAS;3;DESPESAS CORRENTES;3;OUTRAS DESPESAS CORRENTES;14;DIARIAS - PESSOAL CIVIL;339014;DIARIAS - PESSOAL CIVIL;00;RECURSOS PRIMARIOS DE LIVRE APLICACAO;;;;;21,828.12;10,447.92;11,380.20;
2020;158296;INST.FED.DO MARANHAO/CAMPUS S.R.MANGABEIRAS;12;EDUCACAO;368;EDUCACAO BASICA;5011;EDUCACAO BASICA DE QUALIDADE;20RJ;APOIO A CAPACITACAO E FORMACAO INICIAL E CONTINUADA PARA A E;0004;EDUCACAO BASICA A DISTANCIA - SISTEMA UNIVERSIDADE ABERTA DO BRASIL (UAB);12368501120RJ0001;186018;MCC62G22EDN;UAB - UAB TRADICIONAL;90;APLICACOES DIRETAS;3;DESPESAS CORRENTES;3;OUTRAS DESPESAS CORRENTES;39;OUTROS SERVICOS DE TERCEIROS PJ - OP.INT.ORC.;339039;OUTROS SERVICOS DE TERCEIROS - PESSOA JURIDICA;00;RECURSOS PRIMARIOS DE LIVRE APLICACAO;;;;;7,500.00;0.00;;
2020;158298;IF GOIANO - CAMPUS URUTAI;12;EDUCACAO;368;EDUCACAO BASICA;5011;EDUCACAO BASICA DE QUALIDADE;20RJ;APOIO A CAPACITACAO E FORMACAO INICIAL E CONTINUADA PARA A E;0004;EDUCACAO BASICA A DISTANCIA - SISTEMA UNIVERSIDADE ABERTA DO BRASIL (UAB);12368501120RJ0001;186018;MCC62G22EDN;UAB - UAB TRADICIONAL;90;APLICACOES DIRETAS;3;DESPESAS CORRENTES;3;OUTRAS DESPESAS CORRENTES;30;MATERIAL DE CONSUMO;339030;MATERIAL DE CONSUMO;00;RECURSOS PRIMARIOS DE LIVRE APLICACAO;;;;;119,635.65;0.00;;
2020;158299;IF GOIANO - CAMPUS RIO VERDE;12;EDUCACAO;364;ENSINO SUPERIOR;5013;EDUCACAO SUPERIOR - GRADUACAO, POS-GRADUACAO, ENSINO, PESQUI;0487;CONCESSAO DE BOLSAS DE ESTUDO NO ENSINO SUPERIOR;0002;CONCESSAO DE BOLSAS DE ESTUDO NO PAIS;12364501304870001;170062;OCCCUO9414N;BF SUPERIOR - PROAP;90;APLICACOES DIRETAS;3;DESPESAS CORRENTES;3;OUTRAS DESPESAS CORRENTES;20;AUXILIO FINANCEIRO A PESQUISADORES;339020;AUXILIO FINANCEIRO A PESQUISADORES;00;RECURSOS PRIMARIOS DE LIVRE APLICACAO;;;;;559,210.16;40,400.80;518,809.36;449,708.22
2020;158301;CENTRO DE CIENCIAS E TECNOLOGIA AGROALIMENTAR;12;EDUCACAO;364;ENSINO SUPERIOR;5013;EDUCACAO SUPERIOR - GRADUACAO, POS-GRADUACAO, ENSINO, PESQUI;0487;CONCESSAO DE BOLSAS DE ESTUDO NO ENSINO SUPERIOR;0002;CONCESSAO DE BOLSAS DE ESTUDO NO PAIS;12364501304870001;170062;OCCCUO9414N;BF SUPERIOR - PROAP;90;APLICACOES DIRETAS;3;DESPESAS CORRENTES;3;OUTRAS DESPESAS CORRENTES;14;DIARIAS - PESSOAL CIVIL;339014;DIARIAS - PESSOAL CIVIL;00;RECURSOS PRIMARIOS DE LIVRE APLICACAO;;;;;7,760.12;4,990.52;2,769.60;2,077.20
2020;158301;CENTRO DE CIENCIAS E TECNOLOGIA AGROALIMENTAR;12;EDUCACAO;364;ENSINO SUPERIOR;5013;EDUCACAO SUPERIOR - GRADUACAO, POS-GRADUACAO, ENSINO, PESQUI;0487;CONCESSAO DE BOLSAS DE ESTUDO NO ENSINO SUPERIOR;0002;CONCESSAO DE BOLSAS DE ESTUDO NO PAIS;12364501304870001;170062;OCCCUO9414N;BF SUPERIOR - PROAP;90;APLICACOES DIRETAS;3;DESPESAS CORRENTES;3;OUTRAS DESPESAS CORRENTES;36;OUTROS SERVICOS DE TERCEIROS - P.FISICA;339036;OUTROS SERVICOS DE TERCEIROS - PESSOA FISICA;00;RECURSOS PRIMARIOS DE LIVRE APLICACAO;;;;;1,285.08;1,285.08;;
2020;158313;CAMPUS FORTALEZA/IFCE;12;EDUCACAO;364;ENSINO SUPERIOR;5013;EDUCACAO SUPERIOR - GRADUACAO, POS-GRADUACAO, ENSINO, PESQUI;0487;CONCESSAO DE BOLSAS DE ESTUDO NO ENSINO SUPERIOR;0002;CONCESSAO DE BOLSAS DE ESTUDO NO PAIS;12364501304870001;170062;OCCCUO9414N;BF SUPERIOR - PROAP;90;APLICACOES DIRETAS;3;DESPESAS CORRENTES;3;OUTRAS DESPESAS CORRENTES;18;AUXILIO FINANCEIRO A ESTUDANTES;339018;AUXILIO FINANCEIRO A ESTUDANTES;00;RECURSOS PRIMARIOS DE LIVRE APLICACAO;;;;;114,531.67;55,401.69;59,129.98;44,320.65
2020;158313;CAMPUS FORTALEZA/IFCE;12;EDUCACAO;364;ENSINO SUPERIOR;5013;EDUCACAO SUPERIOR - GRADUACAO, POS-GRADUACAO, ENSINO, PESQUI;0487;CONCESSAO DE BOLSAS DE ESTUDO NO ENSINO SUPERIOR;0002;CONCESSAO DE BOLSAS DE ESTUDO NO PAIS;12364501304870001;170062;OCCCUO9414N;BF SUPERIOR - PROAP;90;APLICACOES DIRETAS;3;DESPESAS CORRENTES;3;OUTRAS DESPESAS CORRENTES;30;MATERIAL DE CONSUMO;339030;MATERIAL DE CONSUMO;00;RECURSOS PRIMARIOS DE LIVRE APLICACAO;;;;;0.00;0.00;;
2020;158313;CAMPUS FORTALEZA/IFCE;12;EDUCACAO;364;ENSINO SUPERIOR;5013;EDUCACAO SUPERIOR - GRADUACAO, POS-GRADUACAO, ENSINO, PESQUI;0487;CONCESSAO DE BOLSAS DE ESTUDO NO ENSINO SUPERIOR;0002;CONCESSAO DE BOLSAS DE ESTUDO NO PAIS;12364501304870001;170062;OCCCUO9414N;BF SUPERIOR - PROAP;90;APLICACOES DIRETAS;3;DESPESAS CORRENTES;3;OUTRAS DESPESAS CORRENTES;39;OUTROS SERVICOS DE TERCEIROS PJ - OP.INT.ORC.;339039;OUTROS SERVICOS DE TERCEIROS - PESSOA JURIDICA;00;RECURSOS PRIMARIOS DE LIVRE APLICACAO;;;;;26,540.00;5,024.00;;
2020;158314;CAMPUS LIMOEIRO DO NORTE/IFCE;12;EDUCACAO;364;ENSINO SUPERIOR;5013;EDUCACAO SUPERIOR - GRADUACAO, POS-GRADUACAO, ENSINO, PESQUI;0487;CONCESSAO DE BOLSAS DE ESTUDO NO ENSINO SUPERIOR;0002;CONCESSAO DE BOLSAS DE ESTUDO NO PAIS;12364501304870001;170062;OCCCUO9414N;BF SUPERIOR - PROAP;90;APLICACOES DIRETAS;3;DESPESAS CORRENTES;3;OUTRAS DESPESAS CORRENTES;18;AUXILIO FINANCEIRO A ESTUDANTES;339018;AUXILIO FINANCEIRO A ESTUDANTES;00;RECURSOS PRIMARIOS DE LIVRE APLICACAO;;;;;100,309.99;0.00;100,309.99;82,071.81
2020;158319;CAMPUS MARACANAU/IFCE;12;EDUCACAO;364;ENSINO SUPERIOR;5013;EDUCACAO SUPERIOR - GRADUACAO, POS-GRADUACAO, ENSINO, PESQUI;0487;CONCESSAO DE BOLSAS DE ESTUDO NO ENSINO SUPERIOR;0002;CONCESSAO DE BOLSAS DE ESTUDO NO PAIS;12364501304870001;170062;OCCCUO9414N;BF SUPERIOR - PROAP;90;APLICACOES DIRETAS;3;DESPESAS CORRENTES;3;OUTRAS DESPESAS CORRENTES;18;AUXILIO FINANCEIRO A ESTUDANTES;339018;AUXILIO FINANCEIRO A ESTUDANTES;00;RECURSOS PRIMARIOS DE LIVRE APLICACAO;;;;;79,464.00;15,000.46;64,463.54;49,190.74
2020;158336;INST.FED.DO TOCANTINS/CAMPUS PALMAS;12;EDUCACAO;368;EDUCACAO BASICA;5011;EDUCACAO BASICA DE QUALIDADE;20RJ;APOIO A CAPACITACAO E FORMACAO INICIAL E CONTINUADA PARA A E;0003;EDUCACAO BASICA PRESENCIAL;12368501120RJ0001;170065;PCC92B5801N;PARFOR - PARFOR;90;APLICACOES DIRETAS;3;DESPESAS CORRENTES;3;OUTRAS DESPESAS CORRENTES;30;MATERIAL DE CONSUMO;339030;MATERIAL DE CONSUMO;00;RECURSOS PRIMARIOS DE LIVRE APLICACAO;;;;;5,317.68;0.00;;
2020;158350;INST.FED.RORAIMA - CAMPUS BOA VISTA;12;EDUCACAO;368;EDUCACAO BASICA;5011;EDUCACAO BASICA DE QUALIDADE;20RJ;APOIO A CAPACITACAO E FORMACAO INICIAL E CONTINUADA PARA A E;0004;EDUCACAO BASICA A DISTANCIA - SISTEMA UNIVERSIDADE ABERTA DO BRASIL (UAB);12368501120RJ0001;186018;MCC62G22EDN;UAB - UAB TRADICIONAL;90;APLICACOES DIRETAS;3;DESPESAS CORRENTES;3;OUTRAS DESPESAS CORRENTES;14;DIARIAS - PESSOAL CIVIL;339014;DIARIAS - PESSOAL CIVIL;00;RECURSOS PRIMARIOS DE LIVRE APLICACAO;;;;;13,280.78;11,390.96;1,889.82;
2020;158350;INST.FED.RORAIMA - CAMPUS BOA VISTA;12;EDUCACAO;368;EDUCACAO BASICA;5011;EDUCACAO BASICA DE QUALIDADE;20RJ;APOIO A CAPACITACAO E FORMACAO INICIAL E CONTINUADA PARA A E;0004;EDUCACAO BASICA A DISTANCIA - SISTEMA UNIVERSIDADE ABERTA DO BRASIL (UAB);12368501120RJ0001;186018;MCC62G22EDN;UAB - UAB TRADICIONAL;90;APLICACOES DIRETAS;3;DESPESAS CORRENTES;3;OUTRAS DESPESAS CORRENTES;39;OUTROS SERVICOS DE TERCEIROS PJ - OP.INT.ORC.;339039;OUTROS SERVICOS DE TERCEIROS - PESSOA JURIDICA;00;RECURSOS PRIMARIOS DE LIVRE APLICACAO;;;;;395,200.00;98,800.00;;
2020;158353;INST. FED. PIAUI/CAMPUS TERESINA CENTRAL;12;EDUCACAO;368;EDUCACAO BASICA;5011;EDUCACAO BASICA DE QUALIDADE;20RJ;APOIO A CAPACITACAO E FORMACAO INICIAL E CONTINUADA PARA A E;0004;EDUCACAO BASICA A DISTANCIA - SISTEMA UNIVERSIDADE ABERTA DO BRASIL (UAB);12368501120RJ0001;186018;MCC62G22EDN;UAB - UAB TRADICIONAL;90;APLICACOES DIRETAS;3;DESPESAS CORRENTES;3;OUTRAS DESPESAS CORRENTES;30;MATERIAL DE CONSUMO;339030;MATERIAL DE CONSUMO;00;RECURSOS PRIMARIOS DE LIVRE APLICACAO;;;;;64,524.00;0.00;;
2020;158369;INST.FED.DO RN/CAMPUS NATAL - CENTRAL;12;EDUCACAO;368;EDUCACAO BASICA;5011;EDUCACAO BASICA DE QUALIDADE;20RJ;APOIO A CAPACITACAO E FORMACAO INICIAL E CONTINUADA PARA A E;0004;EDUCACAO BASICA A DISTANCIA - SISTEMA UNIVERSIDADE ABERTA DO BRASIL (UAB);12368501120RJ0001;186018;MCC62G22EDN;UAB - UAB TRADICIONAL;90;APLICACOES DIRETAS;3;DESPESAS CORRENTES;3;OUTRAS DESPESAS CORRENTES;37;LOCACAO DE MAO-DE-OBRA;339037;LOCACAO DE MAO-DE-OBRA;00;RECURSOS PRIMARIOS DE LIVRE APLICACAO;;;;;546,704.40;345,979.08;140,481.06;131,302.56
2020;158369;INST.FED.DO RN/CAMPUS NATAL - CENTRAL;12;EDUCACAO;368;EDUCACAO BASICA;5011;EDUCACAO BASICA DE QUALIDADE;20RJ;APOIO A CAPACITACAO E FORMACAO INICIAL E CONTINUADA PARA A E;0004;EDUCACAO BASICA A DISTANCIA - SISTEMA UNIVERSIDADE ABERTA DO BRASIL (UAB);12368501120RJ0001;186018;MCC62G22EDN;UAB - UAB TRADICIONAL;90;APLICACOES DIRETAS;3;DESPESAS CORRENTES;3;OUTRAS DESPESAS CORRENTES;39;OUTROS SERVICOS DE TERCEIROS PJ - OP.INT.ORC.;339039;OUTROS SERVICOS DE TERCEIROS - PESSOA JURIDICA;00;RECURSOS PRIMARIOS DE LIVRE APLICACAO;;;;;1,135,780.00;0.00;1,135,780.00;1,022,202.00
2020;158397;INST. FED. DO PARANA/CAMPUS PARANAGUA;12;EDUCACAO;364;ENSINO SUPERIOR;5013;EDUCACAO SUPERIOR - GRADUACAO, POS-GRADUACAO, ENSINO, PESQUI;0487;CONCESSAO DE BOLSAS DE ESTUDO NO ENSINO SUPERIOR;0002;CONCESSAO DE BOLSAS DE ESTUDO NO PAIS;12364501304870001;170062;OCCCUO9414N;BF SUPERIOR - PROAP;90;APLICACOES DIRETAS;3;DESPESAS CORRENTES;3;OUTRAS DESPESAS CORRENTES;39;OUTROS SERVICOS DE TERCEIROS PJ - OP.INT.ORC.;339039;OUTROS SERVICOS DE TERCEIROS - PESSOA JURIDICA;00;RECURSOS PRIMARIOS DE LIVRE APLICACAO;;;;;25,800.00;0.00;;
2020;158402;INST. FED. DO PARANA/CAMPUS UMUARAMA;12;EDUCACAO;364;ENSINO SUPERIOR;5013;EDUCACAO SUPERIOR - GRADUACAO, POS-GRADUACAO, ENSINO, PESQUI;0487;CONCESSAO DE BOLSAS DE ESTUDO NO ENSINO SUPERIOR;0002;CONCESSAO DE BOLSAS DE ESTUDO NO PAIS;12364501304870001;170062;OCCCUO9414N;BF SUPERIOR - PROAP;90;APLICACOES DIRETAS;3;DESPESAS CORRENTES;3;OUTRAS DESPESAS CORRENTES;30;MATERIAL DE CONSUMO;339030;MATERIAL DE CONSUMO;00;RECURSOS PRIMARIOS DE LIVRE APLICACAO;;;;;2,746.65;0.00;;
2020;158402;INST. FED. DO PARANA/CAMPUS UMUARAMA;12;EDUCACAO;364;ENSINO SUPERIOR;5013;EDUCACAO SUPERIOR - GRADUACAO, POS-GRADUACAO, ENSINO, PESQUI;0487;CONCESSAO DE BOLSAS DE ESTUDO NO ENSINO SUPERIOR;0002;CONCESSAO DE BOLSAS DE ESTUDO NO PAIS;12364501304870001;170062;OCCCUO9414N;BF SUPERIOR - PROAP;90;APLICACOES DIRETAS;3;DESPESAS CORRENTES;3;OUTRAS DESPESAS CORRENTES;39;OUTROS SERVICOS DE TERCEIROS PJ - OP.INT.ORC.;339039;OUTROS SERVICOS DE TERCEIROS - PESSOA JURIDICA;00;RECURSOS PRIMARIOS DE LIVRE APLICACAO;;;;;17,100.00;0.00;;
2020;158416;INST.FED. ESPIRITO SANTO/CAMPUS VITORIA;12;EDUCACAO;364;ENSINO SUPERIOR;5013;EDUCACAO SUPERIOR - GRADUACAO, POS-GRADUACAO, ENSINO, PESQUI;0487;CONCESSAO DE BOLSAS DE ESTUDO NO ENSINO SUPERIOR;0002;CONCESSAO DE BOLSAS DE ESTUDO NO PAIS;12364501304870001;170062;OCCCUO9414N;BF SUPERIOR - PROAP;90;APLICACOES DIRETAS;3;DESPESAS CORRENTES;3;OUTRAS DESPESAS CORRENTES;30;MATERIAL DE CONSUMO;339030;MATERIAL DE CONSUMO;00;RECURSOS PRIMARIOS DE LIVRE APLICACAO;;;;;70,873.20;16,068.30;4,500.00;
2020;158416;INST.FED. ESPIRITO SANTO/CAMPUS VITORIA;12;EDUCACAO;364;ENSINO SUPERIOR;5013;EDUCACAO SUPERIOR - GRADUACAO, POS-GRADUACAO, ENSINO, PESQUI;0487;CONCESSAO DE BOLSAS DE ESTUDO NO ENSINO SUPERIOR;0002;CONCESSAO DE BOLSAS DE ESTUDO NO PAIS;12364501304870001;170062;OCCCUO9414N;BF SUPERIOR - PROAP;90;APLICACOES DIRETAS;3;DESPESAS CORRENTES;3;OUTRAS DESPESAS CORRENTES;36;OUTROS SERVICOS DE TERCEIROS - P.FISICA;339036;OUTROS SERVICOS DE TERCEIROS - PESSOA FISICA;00;RECURSOS PRIMARIOS DE LIVRE APLICACAO;;;;;2,700.00;0.00;;
2020;158416;INST.FED. ESPIRITO SANTO/CAMPUS VITORIA;12;EDUCACAO;364;ENSINO SUPERIOR;5013;EDUCACAO SUPERIOR - GRADUACAO, POS-GRADUACAO, ENSINO, PESQUI;0487;CONCESSAO DE BOLSAS DE ESTUDO NO ENSINO SUPERIOR;0002;CONCESSAO DE BOLSAS DE ESTUDO NO PAIS;12364501304870001;170062;OCCCUO9414N;BF SUPERIOR - PROAP;90;APLICACOES DIRETAS;3;DESPESAS CORRENTES;3;OUTRAS DESPESAS CORRENTES;39;OUTROS SERVICOS DE TERCEIROS PJ - OP.INT.ORC.;339039;OUTROS SERVICOS DE TERCEIROS - PESSOA JURIDICA;00;RECURSOS PRIMARIOS DE LIVRE APLICACAO;;;;;34,910.00;5,000.00;20,940.00;10,080.00
2020;158416;INST.FED. ESPIRITO SANTO/CAMPUS VITORIA;12;EDUCACAO;368;EDUCACAO BASICA;5011;EDUCACAO BASICA DE QUALIDADE;20RJ;APOIO A CAPACITACAO E FORMACAO INICIAL E CONTINUADA PARA A E;0004;EDUCACAO BASICA A DISTANCIA - SISTEMA UNIVERSIDADE ABERTA DO BRASIL (UAB);12368501120RJ0001;186018;QCC62T58LEN;UAB - UAB PROFLETRAS;90;APLICACOES DIRETAS;3;DESPESAS CORRENTES;3;OUTRAS DESPESAS CORRENTES;14;DIARIAS - PESSOAL CIVIL;339014;DIARIAS - PESSOAL CIVIL;00;RECURSOS PRIMARIOS DE LIVRE APLICACAO;;;;;42,000.00;42,000.00;;
2020;158416;INST.FED. ESPIRITO SANTO/CAMPUS VITORIA;12;EDUCACAO;368;EDUCACAO BASICA;5011;EDUCACAO BASICA DE QUALIDADE;20RJ;APOIO A CAPACITACAO E FORMACAO INICIAL E CONTINUADA PARA A E;0004;EDUCACAO BASICA A DISTANCIA - SISTEMA UNIVERSIDADE ABERTA DO BRASIL (UAB);12368501120RJ0001;186018;QCC62T58LEN;UAB - UAB PROFLETRAS;90;APLICACOES DIRETAS;3;DESPESAS CORRENTES;3;OUTRAS DESPESAS CORRENTES;18;AUXILIO FINANCEIRO A ESTUDANTES;339018;AUXILIO FINANCEIRO A ESTUDANTES;00;RECURSOS PRIMARIOS DE LIVRE APLICACAO;;;;;29,181.84;6,000.00;23,181.84;23,181.84
2020;158416;INST.FED. ESPIRITO SANTO/CAMPUS VITORIA;12;EDUCACAO;368;EDUCACAO BASICA;5011;EDUCACAO BASICA DE QUALIDADE;20RJ;APOIO A CAPACITACAO E FORMACAO INICIAL E CONTINUADA PARA A E;0004;EDUCACAO BASICA A DISTANCIA - SISTEMA UNIVERSIDADE ABERTA DO BRASIL (UAB);12368501120RJ0001;186018;QCC62T58LEN;UAB - UAB PROFLETRAS;90;APLICACOES DIRETAS;3;DESPESAS CORRENTES;3;OUTRAS DESPESAS CORRENTES;33;PASSAGENS E DESPESAS COM LOCOMOCAO;339033;PASSAGENS E DESPESAS COM LOCOMOCAO;00;RECURSOS PRIMARIOS DE LIVRE APLICACAO;;;;;162,424.08;162,424.08;;
2020;158427;INST.FED. ESPIRITO SANTO/CAMPUS VILA VELHA;12;EDUCACAO;368;EDUCACAO BASICA;5011;EDUCACAO BASICA DE QUALIDADE;20RJ;APOIO A CAPACITACAO E FORMACAO INICIAL E CONTINUADA PARA A E;0004;EDUCACAO BASICA A DISTANCIA - SISTEMA UNIVERSIDADE ABERTA DO BRASIL (UAB);12368501120RJ0001;186018;QCC62T58QUN;UAB - UAB PROFQUIMICA;90;APLICACOES DIRETAS;3;DESPESAS CORRENTES;3;OUTRAS DESPESAS CORRENTES;30;MATERIAL DE CONSUMO;339030;MATERIAL DE CONSUMO;00;RECURSOS PRIMARIOS DE LIVRE APLICACAO;;;;;26,398.76;4,587.94;8,047.00;6,437.60
2020;158456;INST.FED.DO MARANHAO/CAMPUS CAXIAS;12;EDUCACAO;368;EDUCACAO BASICA;5011;EDUCACAO BASICA DE QUALIDADE;20RJ;APOIO A CAPACITACAO E FORMACAO INICIAL E CONTINUADA PARA A E;0004;EDUCACAO BASICA A DISTANCIA - SISTEMA UNIVERSIDADE ABERTA DO BRASIL (UAB);12368501120RJ0001;186018;MCC62G22EDN;UAB - UAB TRADICIONAL;90;APLICACOES DIRETAS;3;DESPESAS CORRENTES;3;OUTRAS DESPESAS CORRENTES;14;DIARIAS - PESSOAL CIVIL;339014;DIARIAS - PESSOAL CIVIL;00;RECURSOS PRIMARIOS DE LIVRE APLICACAO;;;;;37,154.37;27,060.27;10,094.10;7,154.37
2020;158456;INST.FED.DO MARANHAO/CAMPUS CAXIAS;12;EDUCACAO;368;EDUCACAO BASICA;5011;EDUCACAO BASICA DE QUALIDADE;20RJ;APOIO A CAPACITACAO E FORMACAO INICIAL E CONTINUADA PARA A E;0004;EDUCACAO BASICA A DISTANCIA - SISTEMA UNIVERSIDADE ABERTA DO BRASIL (UAB);12368501120RJ0001;186018;MCC62G22EDN;UAB - UAB TRADICIONAL;90;APLICACOES DIRETAS;3;DESPESAS CORRENTES;3;OUTRAS DESPESAS CORRENTES;18;AUXILIO FINANCEIRO A ESTUDANTES;339018;AUXILIO FINANCEIRO A ESTUDANTES;00;RECURSOS PRIMARIOS DE LIVRE APLICACAO;;;;;29,799.50;29,799.50;;
2020;158456;INST.FED.DO MARANHAO/CAMPUS CAXIAS;12;EDUCACAO;368;EDUCACAO BASICA;5011;EDUCACAO BASICA DE QUALIDADE;20RJ;APOIO A CAPACITACAO E FORMACAO INICIAL E CONTINUADA PARA A E;0004;EDUCACAO BASICA A DISTANCIA - SISTEMA UNIVERSIDADE ABERTA DO BRASIL (UAB);12368501120RJ0001;186018;MCC62G22EDN;UAB - UAB TRADICIONAL;90;APLICACOES DIRETAS;3;DESPESAS CORRENTES;3;OUTRAS DESPESAS CORRENTES;33;PASSAGENS E DESPESAS COM LOCOMOCAO;339033;PASSAGENS E DESPESAS COM LOCOMOCAO;00;RECURSOS PRIMARIOS DE LIVRE APLICACAO;;;;;18,000.00;18,000.00;;
2020;158456;INST.FED.DO MARANHAO/CAMPUS CAXIAS;12;EDUCACAO;368;EDUCACAO BASICA;5011;EDUCACAO BASICA DE QUALIDADE;20RJ;APOIO A CAPACITACAO E FORMACAO INICIAL E CONTINUADA PARA A E;0004;EDUCACAO BASICA A DISTANCIA - SISTEMA UNIVERSIDADE ABERTA DO BRASIL (UAB);12368501120RJ0001;186018;MCC62G22EDN;UAB - UAB TRADICIONAL;90;APLICACOES DIRETAS;3;DESPESAS CORRENTES;3;OUTRAS DESPESAS CORRENTES;36;OUTROS SERVICOS DE TERCEIROS - P.FISICA;339036;OUTROS SERVICOS DE TERCEIROS - PESSOA FISICA;00;RECURSOS PRIMARIOS DE LIVRE APLICACAO;;;;;10,000.00;10,000.00;;
2020;158456;INST.FED.DO MARANHAO/CAMPUS CAXIAS;12;EDUCACAO;368;EDUCACAO BASICA;5011;EDUCACAO BASICA DE QUALIDADE;20RJ;APOIO A CAPACITACAO E FORMACAO INICIAL E CONTINUADA PARA A E;0004;EDUCACAO BASICA A DISTANCIA - SISTEMA UNIVERSIDADE ABERTA DO BRASIL (UAB);12368501120RJ0001;186018;MCC62G22EDN;UAB - UAB TRADICIONAL;90;APLICACOES DIRETAS;3;DESPESAS CORRENTES;3;OUTRAS DESPESAS CORRENTES;39;OUTROS SERVICOS DE TERCEIROS PJ - OP.INT.ORC.;339039;OUTROS SERVICOS DE TERCEIROS - PESSOA JURIDICA;00;RECURSOS PRIMARIOS DE LIVRE APLICACAO;;;;;507,892.04;74,473.01;;
2020;158469;IFPB - CAMPUS JOAO PESSOA;12;EDUCACAO;364;ENSINO SUPERIOR;5013;EDUCACAO SUPERIOR - GRADUACAO, POS-GRADUACAO, ENSINO, PESQUI;0487;CONCESSAO DE BOLSAS DE ESTUDO NO ENSINO SUPERIOR;0002;CONCESSAO DE BOLSAS DE ESTUDO NO PAIS;12364501304870001;170062;OCCCUO9414N;BF SUPERIOR - PROAP;90;APLICACOES DIRETAS;3;DESPESAS CORRENTES;3;OUTRAS DESPESAS CORRENTES;18;AUXILIO FINANCEIRO A ESTUDANTES;339018;AUXILIO FINANCEIRO A ESTUDANTES;00;RECURSOS PRIMARIOS DE LIVRE APLICACAO;;;;0.00;14,292.00;183.00;13,560.00;10,170.00
2020;158469;IFPB - CAMPUS JOAO PESSOA;12;EDUCACAO;364;ENSINO SUPERIOR;5013;EDUCACAO SUPERIOR - GRADUACAO, POS-GRADUACAO, ENSINO, PESQUI;0487;CONCESSAO DE BOLSAS DE ESTUDO NO ENSINO SUPERIOR;0002;CONCESSAO DE BOLSAS DE ESTUDO NO PAIS;12364501304870001;170062;OCCCUO9414N;BF SUPERIOR - PROAP;90;APLICACOES DIRETAS;3;DESPESAS CORRENTES;3;OUTRAS DESPESAS CORRENTES;30;MATERIAL DE CONSUMO;339030;MATERIAL DE CONSUMO;00;RECURSOS PRIMARIOS DE LIVRE APLICACAO;;;;0.00;22,027.17;0.00;;
2020;158469;IFPB - CAMPUS JOAO PESSOA;12;EDUCACAO;364;ENSINO SUPERIOR;5013;EDUCACAO SUPERIOR - GRADUACAO, POS-GRADUACAO, ENSINO, PESQUI;0487;CONCESSAO DE BOLSAS DE ESTUDO NO ENSINO SUPERIOR;0002;CONCESSAO DE BOLSAS DE ESTUDO NO PAIS;12364501304870001;170062;OCCCUO9414N;BF SUPERIOR - PROAP;90;APLICACOES DIRETAS;3;DESPESAS CORRENTES;3;OUTRAS DESPESAS CORRENTES;93;INDENIZACOES E RESTITUICOES;339093;INDENIZACOES E RESTITUICOES;00;RECURSOS PRIMARIOS DE LIVRE APLICACAO;;;;0.00;2,900.00;0.00;2,900.00;2,175.00
2020;158515;UNIVERSIDADE FEDERAL DO OESTE DO PARA;12;EDUCACAO;364;ENSINO SUPERIOR;5013;EDUCACAO SUPERIOR - GRADUACAO, POS-GRADUACAO, ENSINO, PESQUI;0487;CONCESSAO DE BOLSAS DE ESTUDO NO ENSINO SUPERIOR;0002;CONCESSAO DE BOLSAS DE ESTUDO NO PAIS;12364501304870001;170062;OCCCUO9414N;BF SUPERIOR - PROAP;90;APLICACOES DIRETAS;3;DESPESAS CORRENTES;3;OUTRAS DESPESAS CORRENTES;14;DIARIAS - PESSOAL CIVIL;339014;DIARIAS - PESSOAL CIVIL;00;RECURSOS PRIMARIOS DE LIVRE APLICACAO;;;;;34,679.07;9,622.75;25,056.32;25,056.32
2020;158515;UNIVERSIDADE FEDERAL DO OESTE DO PARA;12;EDUCACAO;364;ENSINO SUPERIOR;5013;EDUCACAO SUPERIOR - GRADUACAO, POS-GRADUACAO, ENSINO, PESQUI;0487;CONCESSAO DE BOLSAS DE ESTUDO NO ENSINO SUPERIOR;0002;CONCESSAO DE BOLSAS DE ESTUDO NO PAIS;12364501304870001;170062;OCCCUO9414N;BF SUPERIOR - PROAP;90;APLICACOES DIRETAS;3;DESPESAS CORRENTES;3;OUTRAS DESPESAS CORRENTES;18;AUXILIO FINANCEIRO A ESTUDANTES;339018;AUXILIO FINANCEIRO A ESTUDANTES;00;RECURSOS PRIMARIOS DE LIVRE APLICACAO;;;;;472,013.72;80,114.66;312,318.87;262,107.27
2020;158515;UNIVERSIDADE FEDERAL DO OESTE DO PARA;12;EDUCACAO;364;ENSINO SUPERIOR;5013;EDUCACAO SUPERIOR - GRADUACAO, POS-GRADUACAO, ENSINO, PESQUI;0487;CONCESSAO DE BOLSAS DE ESTUDO NO ENSINO SUPERIOR;0002;CONCESSAO DE BOLSAS DE ESTUDO NO PAIS;12364501304870001;170062;OCCCUO9414N;BF SUPERIOR - PROAP;90;APLICACOES DIRETAS;3;DESPESAS CORRENTES;3;OUTRAS DESPESAS CORRENTES;20;AUXILIO FINANCEIRO A PESQUISADORES;339020;AUXILIO FINANCEIRO A PESQUISADORES;00;RECURSOS PRIMARIOS DE LIVRE APLICACAO;;;;;95,376.60;0.00;95,376.60;71,532.45
2020;158515;UNIVERSIDADE FEDERAL DO OESTE DO PARA;12;EDUCACAO;364;ENSINO SUPERIOR;5013;EDUCACAO SUPERIOR - GRADUACAO, POS-GRADUACAO, ENSINO, PESQUI;0487;CONCESSAO DE BOLSAS DE ESTUDO NO ENSINO SUPERIOR;0002;CONCESSAO DE BOLSAS DE ESTUDO NO PAIS;12364501304870001;170062;OCCCUO9414N;BF SUPERIOR - PROAP;90;APLICACOES DIRETAS;3;DESPESAS CORRENTES;3;OUTRAS DESPESAS CORRENTES;30;MATERIAL DE CONSUMO;339030;MATERIAL DE CONSUMO;00;RECURSOS PRIMARIOS DE LIVRE APLICACAO;;;;;18,129.36;4,532.34;;
2020;158515;UNIVERSIDADE FEDERAL DO OESTE DO PARA;12;EDUCACAO;364;ENSINO SUPERIOR;5013;EDUCACAO SUPERIOR - GRADUACAO, POS-GRADUACAO, ENSINO, PESQUI;0487;CONCESSAO DE BOLSAS DE ESTUDO NO ENSINO SUPERIOR;0002;CONCESSAO DE BOLSAS DE ESTUDO NO PAIS;12364501304870001;170062;OCCCUO9414N;BF SUPERIOR - PROAP;90;APLICACOES DIRETAS;3;DESPESAS CORRENTES;3;OUTRAS DESPESAS CORRENTES;33;PASSAGENS E DESPESAS COM LOCOMOCAO;339033;PASSAGENS E DESPESAS COM LOCOMOCAO;00;RECURSOS PRIMARIOS DE LIVRE APLICACAO;;;;;94,723.10;28,815.17;2,788.59;2,788.59
2020;158515;UNIVERSIDADE FEDERAL DO OESTE DO PARA;12;EDUCACAO;364;ENSINO SUPERIOR;5013;EDUCACAO SUPERIOR - GRADUACAO, POS-GRADUACAO, ENSINO, PESQUI;0487;CONCESSAO DE BOLSAS DE ESTUDO NO ENSINO SUPERIOR;0002;CONCESSAO DE BOLSAS DE ESTUDO NO PAIS;12364501304870001;170062;OCCCUO9414N;BF SUPERIOR - PROAP;90;APLICACOES DIRETAS;3;DESPESAS CORRENTES;3;OUTRAS DESPESAS CORRENTES;36;OUTROS SERVICOS DE TERCEIROS - P.FISICA;339036;OUTROS SERVICOS DE TERCEIROS - PESSOA FISICA;00;RECURSOS PRIMARIOS DE LIVRE APLICACAO;;;;;6,726.00;0.00;6,726.00;5,044.50
2020;158515;UNIVERSIDADE FEDERAL DO OESTE DO PARA;12;EDUCACAO;364;ENSINO SUPERIOR;5013;EDUCACAO SUPERIOR - GRADUACAO, POS-GRADUACAO, ENSINO, PESQUI;0487;CONCESSAO DE BOLSAS DE ESTUDO NO ENSINO SUPERIOR;0002;CONCESSAO DE BOLSAS DE ESTUDO NO PAIS;12364501304870001;170062;OCCCUO9414N;BF SUPERIOR - PROAP;90;APLICACOES DIRETAS;3;DESPESAS CORRENTES;3;OUTRAS DESPESAS CORRENTES;39;OUTROS SERVICOS DE TERCEIROS PJ - OP.INT.ORC.;339039;OUTROS SERVICOS DE TERCEIROS - PESSOA JURIDICA;00;RECURSOS PRIMARIOS DE LIVRE APLICACAO;;;;;46,928.00;8,797.00;6,100.00;5,700.00
2020;158515;UNIVERSIDADE FEDERAL DO OESTE DO PARA;12;EDUCACAO;368;EDUCACAO BASICA;5011;EDUCACAO BASICA DE QUALIDADE;20RJ;APOIO A CAPACITACAO E FORMACAO INICIAL E CONTINUADA PARA A E;0003;EDUCACAO BASICA PRESENCIAL;12368501120RJ0001;170065;PCC92B5801N;PARFOR - PARFOR;90;APLICACOES DIRETAS;3;DESPESAS CORRENTES;3;OUTRAS DESPESAS CORRENTES;14;DIARIAS - PESSOAL CIVIL;339014;DIARIAS - PESSOAL CIVIL;00;RECURSOS PRIMARIOS DE LIVRE APLICACAO;;;;;217,622.19;103,521.79;114,100.40;111,980.28
2020;158515;UNIVERSIDADE FEDERAL DO OESTE DO PARA;12;EDUCACAO;368;EDUCACAO BASICA;5011;EDUCACAO BASICA DE QUALIDADE;20RJ;APOIO A CAPACITACAO E FORMACAO INICIAL E CONTINUADA PARA A E;0003;EDUCACAO BASICA PRESENCIAL;12368501120RJ0001;170065;PCC92B5801N;PARFOR - PARFOR;90;APLICACOES DIRETAS;3;DESPESAS CORRENTES;3;OUTRAS DESPESAS CORRENTES;30;MATERIAL DE CONSUMO;339030;MATERIAL DE CONSUMO;00;RECURSOS PRIMARIOS DE LIVRE APLICACAO;;;;;25,348.04;5,968.18;10,327.24;8,851.92
2020;158515;UNIVERSIDADE FEDERAL DO OESTE DO PARA;12;EDUCACAO;368;EDUCACAO BASICA;5011;EDUCACAO BASICA DE QUALIDADE;20RJ;APOIO A CAPACITACAO E FORMACAO INICIAL E CONTINUADA PARA A E;0003;EDUCACAO BASICA PRESENCIAL;12368501120RJ0001;170065;PCC92B5801N;PARFOR - PARFOR;90;APLICACOES DIRETAS;3;DESPESAS CORRENTES;3;OUTRAS DESPESAS CORRENTES;33;PASSAGENS E DESPESAS COM LOCOMOCAO;339033;PASSAGENS E DESPESAS COM LOCOMOCAO;00;RECURSOS PRIMARIOS DE LIVRE APLICACAO;;;;;99,344.88;66,229.92;;
2020;158515;UNIVERSIDADE FEDERAL DO OESTE DO PARA;12;EDUCACAO;368;EDUCACAO BASICA;5011;EDUCACAO BASICA DE QUALIDADE;20RJ;APOIO A CAPACITACAO E FORMACAO INICIAL E CONTINUADA PARA A E;0003;EDUCACAO BASICA PRESENCIAL;12368501120RJ0001;170065;PCC92B5801N;PARFOR - PARFOR;90;APLICACOES DIRETAS;3;DESPESAS CORRENTES;3;OUTRAS DESPESAS CORRENTES;39;OUTROS SERVICOS DE TERCEIROS PJ - OP.INT.ORC.;339039;OUTROS SERVICOS DE TERCEIROS - PESSOA JURIDICA;00;RECURSOS PRIMARIOS DE LIVRE APLICACAO;;;;;3,720.00;930.00;;
2020;158515;UNIVERSIDADE FEDERAL DO OESTE DO PARA;12;EDUCACAO;368;EDUCACAO BASICA;5011;EDUCACAO BASICA DE QUALIDADE;20RJ;APOIO A CAPACITACAO E FORMACAO INICIAL E CONTINUADA PARA A E;0004;EDUCACAO BASICA A DISTANCIA - SISTEMA UNIVERSIDADE ABERTA DO BRASIL (UAB);12368501120RJ0001;186018;QCC62T58LEN;UAB - UAB PROFLETRAS;90;APLICACOES DIRETAS;3;DESPESAS CORRENTES;3;OUTRAS DESPESAS CORRENTES;33;PASSAGENS E DESPESAS COM LOCOMOCAO;339033;PASSAGENS E DESPESAS COM LOCOMOCAO;00;RECURSOS PRIMARIOS DE LIVRE APLICACAO;;;;;60,710.76;15,177.69;;
2020;158515;UNIVERSIDADE FEDERAL DO OESTE DO PARA;12;EDUCACAO;368;EDUCACAO BASICA;5011;EDUCACAO BASICA DE QUALIDADE;20RJ;APOIO A CAPACITACAO E FORMACAO INICIAL E CONTINUADA PARA A E;0004;EDUCACAO BASICA A DISTANCIA - SISTEMA UNIVERSIDADE ABERTA DO BRASIL (UAB);12368501120RJ0001;186018;QCC62T58LEN;UAB - UAB PROFLETRAS;90;APLICACOES DIRETAS;3;DESPESAS CORRENTES;3;OUTRAS DESPESAS CORRENTES;39;OUTROS SERVICOS DE TERCEIROS PJ - OP.INT.ORC.;339039;OUTROS SERVICOS DE TERCEIROS - PESSOA JURIDICA;00;RECURSOS PRIMARIOS DE LIVRE APLICACAO;;;;;9,000.00;2,250.00;;
2020;158516;INST.FED.DE EDUC.,CIENC.E TEC.DE STA.CAT/IFSC;12;EDUCACAO;368;EDUCACAO BASICA;5011;EDUCACAO BASICA DE QUALIDADE;20RJ;APOIO A CAPACITACAO E FORMACAO INICIAL E CONTINUADA PARA A E;0004;EDUCACAO BASICA A DISTANCIA - SISTEMA UNIVERSIDADE ABERTA DO BRASIL (UAB);12368501120RJ0001;186018;MCC62G22EDN;UAB - UAB TRADICIONAL;90;APLICACOES DIRETAS;3;DESPESAS CORRENTES;3;OUTRAS DESPESAS CORRENTES;39;OUTROS SERVICOS DE TERCEIROS PJ - OP.INT.ORC.;339039;OUTROS SERVICOS DE TERCEIROS - PESSOA JURIDICA;00;RECURSOS PRIMARIOS DE LIVRE APLICACAO;;;;;224,796.00;0.00;;
2020;158517;UNIVERSIDADE FEDERAL DA FRONTEIRA SUL;12;EDUCACAO;364;ENSINO SUPERIOR;5013;EDUCACAO SUPERIOR - GRADUACAO, POS-GRADUACAO, ENSINO, PESQUI;0487;CONCESSAO DE BOLSAS DE ESTUDO NO ENSINO SUPERIOR;0002;CONCESSAO DE BOLSAS DE ESTUDO NO PAIS;12364501304870001;170062;OCCCUO9414N;BF SUPERIOR - PROAP;90;APLICACOES DIRETAS;3;DESPESAS CORRENTES;3;OUTRAS DESPESAS CORRENTES;14;DIARIAS - PESSOAL CIVIL;339014;DIARIAS - PESSOAL CIVIL;00;RECURSOS PRIMARIOS DE LIVRE APLICACAO;;;;;26,000.00;26,000.00;;
2020;158517;UNIVERSIDADE FEDERAL DA FRONTEIRA SUL;12;EDUCACAO;364;ENSINO SUPERIOR;5013;EDUCACAO SUPERIOR - GRADUACAO, POS-GRADUACAO, ENSINO, PESQUI;0487;CONCESSAO DE BOLSAS DE ESTUDO NO ENSINO SUPERIOR;0002;CONCESSAO DE BOLSAS DE ESTUDO NO PAIS;12364501304870001;170062;OCCCUO9414N;BF SUPERIOR - PROAP;90;APLICACOES DIRETAS;3;DESPESAS CORRENTES;3;OUTRAS DESPESAS CORRENTES;30;MATERIAL DE CONSUMO;339030;MATERIAL DE CONSUMO;00;RECURSOS PRIMARIOS DE LIVRE APLICACAO;;;;;108,570.20;11,104.31;7,355.88;7,355.88
2020;158517;UNIVERSIDADE FEDERAL DA FRONTEIRA SUL;12;EDUCACAO;364;ENSINO SUPERIOR;5013;EDUCACAO SUPERIOR - GRADUACAO, POS-GRADUACAO, ENSINO, PESQUI;0487;CONCESSAO DE BOLSAS DE ESTUDO NO ENSINO SUPERIOR;0002;CONCESSAO DE BOLSAS DE ESTUDO NO PAIS;12364501304870001;170062;OCCCUO9414N;BF SUPERIOR - PROAP;90;APLICACOES DIRETAS;3;DESPESAS CORRENTES;3;OUTRAS DESPESAS CORRENTES;33;PASSAGENS E DESPESAS COM LOCOMOCAO;339033;PASSAGENS E DESPESAS COM LOCOMOCAO;00;RECURSOS PRIMARIOS DE LIVRE APLICACAO;;;;;30,000.00;0.00;;
2020;158517;UNIVERSIDADE FEDERAL DA FRONTEIRA SUL;12;EDUCACAO;364;ENSINO SUPERIOR;5013;EDUCACAO SUPERIOR - GRADUACAO, POS-GRADUACAO, ENSINO, PESQUI;0487;CONCESSAO DE BOLSAS DE ESTUDO NO ENSINO SUPERIOR;0002;CONCESSAO DE BOLSAS DE ESTUDO NO PAIS;12364501304870001;170062;OCCCUO9414N;BF SUPERIOR - PROAP;90;APLICACOES DIRETAS;3;DESPESAS CORRENTES;3;OUTRAS DESPESAS CORRENTES;36;OUTROS SERVICOS DE TERCEIROS - P.FISICA;339036;OUTROS SERVICOS DE TERCEIROS - PESSOA FISICA;00;RECURSOS PRIMARIOS DE LIVRE APLICACAO;;;;;8,000.00;8,000.00;;
2020;158517;UNIVERSIDADE FEDERAL DA FRONTEIRA SUL;12;EDUCACAO;364;ENSINO SUPERIOR;5013;EDUCACAO SUPERIOR - GRADUACAO, POS-GRADUACAO, ENSINO, PESQUI;0487;CONCESSAO DE BOLSAS DE ESTUDO NO ENSINO SUPERIOR;0002;CONCESSAO DE BOLSAS DE ESTUDO NO PAIS;12364501304870001;170062;OCCCUO9414N;BF SUPERIOR - PROAP;90;APLICACOES DIRETAS;3;DESPESAS CORRENTES;3;OUTRAS DESPESAS CORRENTES;39;OUTROS SERVICOS DE TERCEIROS PJ - OP.INT.ORC.;339039;OUTROS SERVICOS DE TERCEIROS - PESSOA JURIDICA;00;RECURSOS PRIMARIOS DE LIVRE APLICACAO;;;;;48,364.68;0.00;;
2020;158517;UNIVERSIDADE FEDERAL DA FRONTEIRA SUL;12;EDUCACAO;364;ENSINO SUPERIOR;5013;EDUCACAO SUPERIOR - GRADUACAO, POS-GRADUACAO, ENSINO, PESQUI;0487;CONCESSAO DE BOLSAS DE ESTUDO NO ENSINO SUPERIOR;0002;CONCESSAO DE BOLSAS DE ESTUDO NO PAIS;12364501304870001;170062;OCCCUO9414N;BF SUPERIOR - PROAP;90;APLICACOES DIRETAS;3;DESPESAS CORRENTES;3;OUTRAS DESPESAS CORRENTES;93;INDENIZACOES E RESTITUICOES;339093;INDENIZACOES E RESTITUICOES;00;RECURSOS PRIMARIOS DE LIVRE APLICACAO;;;;;44,907.94;34,614.02;10,293.92;7,907.94
2020;158517;UNIVERSIDADE FEDERAL DA FRONTEIRA SUL;12;EDUCACAO;368;EDUCACAO BASICA;5011;EDUCACAO BASICA DE QUALIDADE;20RJ;APOIO A CAPACITACAO E FORMACAO INICIAL E CONTINUADA PARA A E;0004;EDUCACAO BASICA A DISTANCIA - SISTEMA UNIVERSIDADE ABERTA DO BRASIL (UAB);12368501120RJ0001;186018;QCC62T58MAN;UAB - UAB PROFMAT;90;APLICACOES DIRETAS;3;DESPESAS CORRENTES;3;OUTRAS DESPESAS CORRENTES;14;DIARIAS - PESSOAL CIVIL;339014;DIARIAS - PESSOAL CIVIL;00;RECURSOS PRIMARIOS DE LIVRE APLICACAO;;;;;17,830.00;17,830.00;;
2020;158517;UNIVERSIDADE FEDERAL DA FRONTEIRA SUL;12;EDUCACAO;368;EDUCACAO BASICA;5011;EDUCACAO BASICA DE QUALIDADE;20RJ;APOIO A CAPACITACAO E FORMACAO INICIAL E CONTINUADA PARA A E;0004;EDUCACAO BASICA A DISTANCIA - SISTEMA UNIVERSIDADE ABERTA DO BRASIL (UAB);12368501120RJ0001;186018;QCC62T58MAN;UAB - UAB PROFMAT;90;APLICACOES DIRETAS;3;DESPESAS CORRENTES;3;OUTRAS DESPESAS CORRENTES;36;OUTROS SERVICOS DE TERCEIROS - P.FISICA;339036;OUTROS SERVICOS DE TERCEIROS - PESSOA FISICA;00;RECURSOS PRIMARIOS DE LIVRE APLICACAO;;;;;3,130.00;3,130.00;;
2020;158517;UNIVERSIDADE FEDERAL DA FRONTEIRA SUL;12;EDUCACAO;368;EDUCACAO BASICA;5011;EDUCACAO BASICA DE QUALIDADE;20RJ;APOIO A CAPACITACAO E FORMACAO INICIAL E CONTINUADA PARA A E;0004;EDUCACAO BASICA A DISTANCIA - SISTEMA UNIVERSIDADE ABERTA DO BRASIL (UAB);12368501120RJ0001;186018;QCC62T58MAN;UAB - UAB PROFMAT;90;APLICACOES DIRETAS;3;DESPESAS CORRENTES;3;OUTRAS DESPESAS CORRENTES;93;INDENIZACOES E RESTITUICOES;339093;INDENIZACOES E RESTITUICOES;00;RECURSOS PRIMARIOS DE LIVRE APLICACAO;;;;;24,000.00;24,000.00;;
2020;158532;INST.FED.RONDONIA/CAMPUS P. VELHO ZONA NORTE;12;EDUCACAO;368;EDUCACAO BASICA;5011;EDUCACAO BASICA DE QUALIDADE;20RJ;APOIO A CAPACITACAO E FORMACAO INICIAL E CONTINUADA PARA A E;0004;EDUCACAO BASICA A DISTANCIA - SISTEMA UNIVERSIDADE ABERTA DO BRASIL (UAB);12368501120RJ0001;186018;MCC62G22EDN;UAB - UAB TRADICIONAL;90;APLICACOES DIRETAS;3;DESPESAS CORRENTES;3;OUTRAS DESPESAS CORRENTES;14;DIARIAS - PESSOAL CIVIL;339014;DIARIAS - PESSOAL CIVIL;00;RECURSOS PRIMARIOS DE LIVRE APLICACAO;;;;;24,257.12;18,025.52;6,231.60;4,154.40
2020;158532;INST.FED.RONDONIA/CAMPUS P. VELHO ZONA NORTE;12;EDUCACAO;368;EDUCACAO BASICA;5011;EDUCACAO BASICA DE QUALIDADE;20RJ;APOIO A CAPACITACAO E FORMACAO INICIAL E CONTINUADA PARA A E;0004;EDUCACAO BASICA A DISTANCIA - SISTEMA UNIVERSIDADE ABERTA DO BRASIL (UAB);12368501120RJ0001;186018;MCC62G22EDN;UAB - UAB TRADICIONAL;90;APLICACOES DIRETAS;3;DESPESAS CORRENTES;3;OUTRAS DESPESAS CORRENTES;30;MATERIAL DE CONSUMO;339030;MATERIAL DE CONSUMO;00;RECURSOS PRIMARIOS DE LIVRE APLICACAO;;;;;8,259.18;0.00;;
2020;158532;INST.FED.RONDONIA/CAMPUS P. VELHO ZONA NORTE;12;EDUCACAO;368;EDUCACAO BASICA;5011;EDUCACAO BASICA DE QUALIDADE;20RJ;APOIO A CAPACITACAO E FORMACAO INICIAL E CONTINUADA PARA A E;0004;EDUCACAO BASICA A DISTANCIA - SISTEMA UNIVERSIDADE ABERTA DO BRASIL (UAB);12368501120RJ0001;186018;MCC62G22EDN;UAB - UAB TRADICIONAL;90;APLICACOES DIRETAS;3;DESPESAS CORRENTES;3;OUTRAS DESPESAS CORRENTES;33;PASSAGENS E DESPESAS COM LOCOMOCAO;339033;PASSAGENS E DESPESAS COM LOCOMOCAO;00;RECURSOS PRIMARIOS DE LIVRE APLICACAO;;;;;70,662.06;40,378.32;;
2020;158532;INST.FED.RONDONIA/CAMPUS P. VELHO ZONA NORTE;12;EDUCACAO;368;EDUCACAO BASICA;5011;EDUCACAO BASICA DE QUALIDADE;20RJ;APOIO A CAPACITACAO E FORMACAO INICIAL E CONTINUADA PARA A E;0004;EDUCACAO BASICA A DISTANCIA - SISTEMA UNIVERSIDADE ABERTA DO BRASIL (UAB);12368501120RJ0001;186018;MCC62G22EDN;UAB - UAB TRADICIONAL;90;APLICACOES DIRETAS;3;DESPESAS CORRENTES;3;OUTRAS DESPESAS CORRENTES;36;OUTROS SERVICOS DE TERCEIROS - P.FISICA;339036;OUTROS SERVICOS DE TERCEIROS - PESSOA FISICA;00;RECURSOS PRIMARIOS DE LIVRE APLICACAO;;;;;75,586.68;37,793.34;;
2020;158532;INST.FED.RONDONIA/CAMPUS P. VELHO ZONA NORTE;12;EDUCACAO;368;EDUCACAO BASICA;5011;EDUCACAO BASICA DE QUALIDADE;20RJ;APOIO A CAPACITACAO E FORMACAO INICIAL E CONTINUADA PARA A E;0004;EDUCACAO BASICA A DISTANCIA - SISTEMA UNIVERSIDADE ABERTA DO BRASIL (UAB);12368501120RJ0001;186018;MCC62G22EDN;UAB - UAB TRADICIONAL;90;APLICACOES DIRETAS;3;DESPESAS CORRENTES;3;OUTRAS DESPESAS CORRENTES;39;OUTROS SERVICOS DE TERCEIROS PJ - OP.INT.ORC.;339039;OUTROS SERVICOS DE TERCEIROS - PESSOA JURIDICA;00;RECURSOS PRIMARIOS DE LIVRE APLICACAO;;;;;1,378,508.40;855,942.75;;
2020;158532;INST.FED.RONDONIA/CAMPUS P. VELHO ZONA NORTE;12;EDUCACAO;368;EDUCACAO BASICA;5011;EDUCACAO BASICA DE QUALIDADE;20RJ;APOIO A CAPACITACAO E FORMACAO INICIAL E CONTINUADA PARA A E;0004;EDUCACAO BASICA A DISTANCIA - SISTEMA UNIVERSIDADE ABERTA DO BRASIL (UAB);12368501120RJ0001;186018;MCC62G22EDN;UAB - UAB TRADICIONAL;90;APLICACOES DIRETAS;3;DESPESAS CORRENTES;3;OUTRAS DESPESAS CORRENTES;93;INDENIZACOES E RESTITUICOES;339093;INDENIZACOES E RESTITUICOES;00;RECURSOS PRIMARIOS DE LIVRE APLICACAO;;;;;37,347.45;21,341.40;;
2020;158565;UNIV.DA INTEG.INTERN.DA LUSOF.AFRO-BRASILEIRA;12;EDUCACAO;364;ENSINO SUPERIOR;5013;EDUCACAO SUPERIOR - GRADUACAO, POS-GRADUACAO, ENSINO, PESQUI;0487;CONCESSAO DE BOLSAS DE ESTUDO NO ENSINO SUPERIOR;0002;CONCESSAO DE BOLSAS DE ESTUDO NO PAIS;12364501304870001;170062;OCCCUO9414N;BF SUPERIOR - PROAP;90;APLICACOES DIRETAS;3;DESPESAS CORRENTES;3;OUTRAS DESPESAS CORRENTES;18;AUXILIO FINANCEIRO A ESTUDANTES;339018;AUXILIO FINANCEIRO A ESTUDANTES;00;RECURSOS PRIMARIOS DE LIVRE APLICACAO;;;;;12,057.17;3,811.17;5,315.00;4,792.00
2020;158565;UNIV.DA INTEG.INTERN.DA LUSOF.AFRO-BRASILEIRA;12;EDUCACAO;364;ENSINO SUPERIOR;5013;EDUCACAO SUPERIOR - GRADUACAO, POS-GRADUACAO, ENSINO, PESQUI;0487;CONCESSAO DE BOLSAS DE ESTUDO NO ENSINO SUPERIOR;0002;CONCESSAO DE BOLSAS DE ESTUDO NO PAIS;12364501304870001;170062;OCCCUO9414N;BF SUPERIOR - PROAP;90;APLICACOES DIRETAS;3;DESPESAS CORRENTES;3;OUTRAS DESPESAS CORRENTES;20;AUXILIO FINANCEIRO A PESQUISADORES;339020;AUXILIO FINANCEIRO A PESQUISADORES;00;RECURSOS PRIMARIOS DE LIVRE APLICACAO;;;;;151,304.01;26,683.44;102,498.00;88,975.00
2020;158565;UNIV.DA INTEG.INTERN.DA LUSOF.AFRO-BRASILEIRA;12;EDUCACAO;364;ENSINO SUPERIOR;5013;EDUCACAO SUPERIOR - GRADUACAO, POS-GRADUACAO, ENSINO, PESQUI;0487;CONCESSAO DE BOLSAS DE ESTUDO NO ENSINO SUPERIOR;0002;CONCESSAO DE BOLSAS DE ESTUDO NO PAIS;12364501304870001;170062;OCCCUO9414N;BF SUPERIOR - PROAP;90;APLICACOES DIRETAS;3;DESPESAS CORRENTES;3;OUTRAS DESPESAS CORRENTES;30;MATERIAL DE CONSUMO;339030;MATERIAL DE CONSUMO;00;RECURSOS PRIMARIOS DE LIVRE APLICACAO;;;;;10,770.60;0.00;;
2020;158565;UNIV.DA INTEG.INTERN.DA LUSOF.AFRO-BRASILEIRA;12;EDUCACAO;364;ENSINO SUPERIOR;5013;EDUCACAO SUPERIOR - GRADUACAO, POS-GRADUACAO, ENSINO, PESQUI;0487;CONCESSAO DE BOLSAS DE ESTUDO NO ENSINO SUPERIOR;0002;CONCESSAO DE BOLSAS DE ESTUDO NO PAIS;12364501304870001;170062;OCCCUO9414N;BF SUPERIOR - PROAP;90;APLICACOES DIRETAS;3;DESPESAS CORRENTES;3;OUTRAS DESPESAS CORRENTES;39;OUTROS SERVICOS DE TERCEIROS PJ - OP.INT.ORC.;339039;OUTROS SERVICOS DE TERCEIROS - PESSOA JURIDICA;00;RECURSOS PRIMARIOS DE LIVRE APLICACAO;;;;;17,000.00;4,250.00;;
2020;158565;UNIV.DA INTEG.INTERN.DA LUSOF.AFRO-BRASILEIRA;12;EDUCACAO;368;EDUCACAO BASICA;5011;EDUCACAO BASICA DE QUALIDADE;20RJ;APOIO A CAPACITACAO E FORMACAO INICIAL E CONTINUADA PARA A E;0004;EDUCACAO BASICA A DISTANCIA - SISTEMA UNIVERSIDADE ABERTA DO BRASIL (UAB);12368501120RJ0001;186018;MCC62G22EDN;UAB - UAB TRADICIONAL;90;APLICACOES DIRETAS;3;DESPESAS CORRENTES;3;OUTRAS DESPESAS CORRENTES;14;DIARIAS - PESSOAL CIVIL;339014;DIARIAS - PESSOAL CIVIL;00;RECURSOS PRIMARIOS DE LIVRE APLICACAO;;;;;155,313.56;148,365.36;6,948.20;6,765.24
2020;158565;UNIV.DA INTEG.INTERN.DA LUSOF.AFRO-BRASILEIRA;12;EDUCACAO;368;EDUCACAO BASICA;5011;EDUCACAO BASICA DE QUALIDADE;20RJ;APOIO A CAPACITACAO E FORMACAO INICIAL E CONTINUADA PARA A E;0004;EDUCACAO BASICA A DISTANCIA - SISTEMA UNIVERSIDADE ABERTA DO BRASIL (UAB);12368501120RJ0001;186018;MCC62G22EDN;UAB - UAB TRADICIONAL;90;APLICACOES DIRETAS;3;DESPESAS CORRENTES;3;OUTRAS DESPESAS CORRENTES;30;MATERIAL DE CONSUMO;339030;MATERIAL DE CONSUMO;00;RECURSOS PRIMARIOS DE LIVRE APLICACAO;;;;;113,120.45;44,922.02;48,688.20;
2020;158565;UNIV.DA INTEG.INTERN.DA LUSOF.AFRO-BRASILEIRA;12;EDUCACAO;368;EDUCACAO BASICA;5011;EDUCACAO BASICA DE QUALIDADE;20RJ;APOIO A CAPACITACAO E FORMACAO INICIAL E CONTINUADA PARA A E;0004;EDUCACAO BASICA A DISTANCIA - SISTEMA UNIVERSIDADE ABERTA DO BRASIL (UAB);12368501120RJ0001;186018;MCC62G22EDN;UAB - UAB TRADICIONAL;90;APLICACOES DIRETAS;3;DESPESAS CORRENTES;3;OUTRAS DESPESAS CORRENTES;33;PASSAGENS E DESPESAS COM LOCOMOCAO;339033;PASSAGENS E DESPESAS COM LOCOMOCAO;00;RECURSOS PRIMARIOS DE LIVRE APLICACAO;;;;;175,899.00;123,590.64;20,850.48;
2020;158565;UNIV.DA INTEG.INTERN.DA LUSOF.AFRO-BRASILEIRA;12;EDUCACAO;368;EDUCACAO BASICA;5011;EDUCACAO BASICA DE QUALIDADE;20RJ;APOIO A CAPACITACAO E FORMACAO INICIAL E CONTINUADA PARA A E;0004;EDUCACAO BASICA A DISTANCIA - SISTEMA UNIVERSIDADE ABERTA DO BRASIL (UAB);12368501120RJ0001;186018;MCC62G22EDN;UAB - UAB TRADICIONAL;90;APLICACOES DIRETAS;3;DESPESAS CORRENTES;3;OUTRAS DESPESAS CORRENTES;37;LOCACAO DE MAO-DE-OBRA;339037;LOCACAO DE MAO-DE-OBRA;00;RECURSOS PRIMARIOS DE LIVRE APLICACAO;;;;;831,401.01;154,941.00;;
2020;158565;UNIV.DA INTEG.INTERN.DA LUSOF.AFRO-BRASILEIRA;12;EDUCACAO;368;EDUCACAO BASICA;5011;EDUCACAO BASICA DE QUALIDADE;20RJ;APOIO A CAPACITACAO E FORMACAO INICIAL E CONTINUADA PARA A E;0004;EDUCACAO BASICA A DISTANCIA - SISTEMA UNIVERSIDADE ABERTA DO BRASIL (UAB);12368501120RJ0001;186018;MCC62G22EDN;UAB - UAB TRADICIONAL;90;APLICACOES DIRETAS;3;DESPESAS CORRENTES;3;OUTRAS DESPESAS CORRENTES;39;OUTROS SERVICOS DE TERCEIROS PJ - OP.INT.ORC.;339039;OUTROS SERVICOS DE TERCEIROS - PESSOA JURIDICA;00;RECURSOS PRIMARIOS DE LIVRE APLICACAO;;;;;342,228.71;183,012.44;0.06;
2020;158565;UNIV.DA INTEG.INTERN.DA LUSOF.AFRO-BRASILEIRA;12;EDUCACAO;368;EDUCACAO BASICA;5011;EDUCACAO BASICA DE QUALIDADE;20RJ;APOIO A CAPACITACAO E FORMACAO INICIAL E CONTINUADA PARA A E;0004;EDUCACAO BASICA A DISTANCIA - SISTEMA UNIVERSIDADE ABERTA DO BRASIL (UAB);12368501120RJ0001;186018;QCC62T58MAN;UAB - UAB PROFMAT;90;APLICACOES DIRETAS;3;DESPESAS CORRENTES;3;OUTRAS DESPESAS CORRENTES;30;MATERIAL DE CONSUMO;339030;MATERIAL DE CONSUMO;00;RECURSOS PRIMARIOS DE LIVRE APLICACAO;;;;;2,840.82;0.00;;
2020;158658;UNIV. FEDERAL DA INTEGRACAO-LATINO-AMERICANA;12;EDUCACAO;364;ENSINO SUPERIOR;5013;EDUCACAO SUPERIOR - GRADUACAO, POS-GRADUACAO, ENSINO, PESQUI;0487;CONCESSAO DE BOLSAS DE ESTUDO NO ENSINO SUPERIOR;0002;CONCESSAO DE BOLSAS DE ESTUDO NO PAIS;12364501304870001;170062;OCCCUO9414N;BF SUPERIOR - PROAP;90;APLICACOES DIRETAS;3;DESPESAS CORRENTES;3;OUTRAS DESPESAS CORRENTES;14;DIARIAS - PESSOAL CIVIL;339014;DIARIAS - PESSOAL CIVIL;00;RECURSOS PRIMARIOS DE LIVRE APLICACAO;;;;;4,216.86;0.00;4,216.86;4,216.86
2020;158658;UNIV. FEDERAL DA INTEGRACAO-LATINO-AMERICANA;12;EDUCACAO;364;ENSINO SUPERIOR;5013;EDUCACAO SUPERIOR - GRADUACAO, POS-GRADUACAO, ENSINO, PESQUI;0487;CONCESSAO DE BOLSAS DE ESTUDO NO ENSINO SUPERIOR;0002;CONCESSAO DE BOLSAS DE ESTUDO NO PAIS;12364501304870001;170062;OCCCUO9414N;BF SUPERIOR - PROAP;90;APLICACOES DIRETAS;3;DESPESAS CORRENTES;3;OUTRAS DESPESAS CORRENTES;18;AUXILIO FINANCEIRO A ESTUDANTES;339018;AUXILIO FINANCEIRO A ESTUDANTES;00;RECURSOS PRIMARIOS DE LIVRE APLICACAO;;;;;205,148.88;42,762.45;80,841.39;80,841.39
2020;158658;UNIV. FEDERAL DA INTEGRACAO-LATINO-AMERICANA;12;EDUCACAO;364;ENSINO SUPERIOR;5013;EDUCACAO SUPERIOR - GRADUACAO, POS-GRADUACAO, ENSINO, PESQUI;0487;CONCESSAO DE BOLSAS DE ESTUDO NO ENSINO SUPERIOR;0002;CONCESSAO DE BOLSAS DE ESTUDO NO PAIS;12364501304870001;170062;OCCCUO9414N;BF SUPERIOR - PROAP;90;APLICACOES DIRETAS;3;DESPESAS CORRENTES;3;OUTRAS DESPESAS CORRENTES;20;AUXILIO FINANCEIRO A PESQUISADORES;339020;AUXILIO FINANCEIRO A PESQUISADORES;00;RECURSOS PRIMARIOS DE LIVRE APLICACAO;;;;;43,738.08;10,934.52;17,166.51;17,166.51
2020;158658;UNIV. FEDERAL DA INTEGRACAO-LATINO-AMERICANA;12;EDUCACAO;364;ENSINO SUPERIOR;5013;EDUCACAO SUPERIOR - GRADUACAO, POS-GRADUACAO, ENSINO, PESQUI;0487;CONCESSAO DE BOLSAS DE ESTUDO NO ENSINO SUPERIOR;0002;CONCESSAO DE BOLSAS DE ESTUDO NO PAIS;12364501304870001;170062;OCCCUO9414N;BF SUPERIOR - PROAP;90;APLICACOES DIRETAS;3;DESPESAS CORRENTES;3;OUTRAS DESPESAS CORRENTES;30;MATERIAL DE CONSUMO;339030;MATERIAL DE CONSUMO;00;RECURSOS PRIMARIOS DE LIVRE APLICACAO;;;;;47,664.87;0.00;;
2020;158667;IF GOIANO - CAMPUS IPORA;12;EDUCACAO;368;EDUCACAO BASICA;5011;EDUCACAO BASICA DE QUALIDADE;20RJ;APOIO A CAPACITACAO E FORMACAO INICIAL E CONTINUADA PARA A E;0004;EDUCACAO BASICA A DISTANCIA - SISTEMA UNIVERSIDADE ABERTA DO BRASIL (UAB);12368501120RJ0001;186018;MCC62G22EDN;UAB - UAB TRADICIONAL;90;APLICACOES DIRETAS;3;DESPESAS CORRENTES;3;OUTRAS DESPESAS CORRENTES;14;DIARIAS - PESSOAL CIVIL;339014;DIARIAS - PESSOAL CIVIL;00;RECURSOS PRIMARIOS DE LIVRE APLICACAO;;;;;12,000.00;12,000.00;;
2020;158667;IF GOIANO - CAMPUS IPORA;12;EDUCACAO;368;EDUCACAO BASICA;5011;EDUCACAO BASICA DE QUALIDADE;20RJ;APOIO A CAPACITACAO E FORMACAO INICIAL E CONTINUADA PARA A E;0004;EDUCACAO BASICA A DISTANCIA - SISTEMA UNIVERSIDADE ABERTA DO BRASIL (UAB);12368501120RJ0001;186018;MCC62G22EDN;UAB - UAB TRADICIONAL;90;APLICACOES DIRETAS;3;DESPESAS CORRENTES;3;OUTRAS DESPESAS CORRENTES;30;MATERIAL DE CONSUMO;339030;MATERIAL DE CONSUMO;00;RECURSOS PRIMARIOS DE LIVRE APLICACAO;;;;;184,376.70;23,999.31;;
2020;158667;IF GOIANO - CAMPUS IPORA;12;EDUCACAO;368;EDUCACAO BASICA;5011;EDUCACAO BASICA DE QUALIDADE;20RJ;APOIO A CAPACITACAO E FORMACAO INICIAL E CONTINUADA PARA A E;0004;EDUCACAO BASICA A DISTANCIA - SISTEMA UNIVERSIDADE ABERTA DO BRASIL (UAB);12368501120RJ0001;186018;MCC62G22EDN;UAB - UAB TRADICIONAL;90;APLICACOES DIRETAS;3;DESPESAS CORRENTES;3;OUTRAS DESPESAS CORRENTES;36;OUTROS SERVICOS DE TERCEIROS - P.FISICA;339036;OUTROS SERVICOS DE TERCEIROS - PESSOA FISICA;00;RECURSOS PRIMARIOS DE LIVRE APLICACAO;;;;;9,000.00;9,000.00;;
2020;158667;IF GOIANO - CAMPUS IPORA;12;EDUCACAO;368;EDUCACAO BASICA;5011;EDUCACAO BASICA DE QUALIDADE;20RJ;APOIO A CAPACITACAO E FORMACAO INICIAL E CONTINUADA PARA A E;0004;EDUCACAO BASICA A DISTANCIA - SISTEMA UNIVERSIDADE ABERTA DO BRASIL (UAB);12368501120RJ0001;186018;MCC62G22EDN;UAB - UAB TRADICIONAL;90;APLICACOES DIRETAS;3;DESPESAS CORRENTES;3;OUTRAS DESPESAS CORRENTES;39;OUTROS SERVICOS DE TERCEIROS PJ - OP.INT.ORC.;339039;OUTROS SERVICOS DE TERCEIROS - PESSOA JURIDICA;00;RECURSOS PRIMARIOS DE LIVRE APLICACAO;;;;;19,078.14;0.03;;
2020;158673;CAMPUS DO MUCURI;12;EDUCACAO;368;EDUCACAO BASICA;5011;EDUCACAO BASICA DE QUALIDADE;20RJ;APOIO A CAPACITACAO E FORMACAO INICIAL E CONTINUADA PARA A E;0004;EDUCACAO BASICA A DISTANCIA - SISTEMA UNIVERSIDADE ABERTA DO BRASIL (UAB);12368501120RJ0001;186018;MCC62G22EDN;UAB - UAB TRADICIONAL;90;APLICACOES DIRETAS;3;DESPESAS CORRENTES;3;OUTRAS DESPESAS CORRENTES;37;LOCACAO DE MAO-DE-OBRA;339037;LOCACAO DE MAO-DE-OBRA;00;RECURSOS PRIMARIOS DE LIVRE APLICACAO;;;;;306,784.64;242,130.00;64,654.64;64,654.64
2020;158717;UNIVERSIDADE FEDERAL DO OESTE DA BAHIA;12;EDUCACAO;364;ENSINO SUPERIOR;5013;EDUCACAO SUPERIOR - GRADUACAO, POS-GRADUACAO, ENSINO, PESQUI;0487;CONCESSAO DE BOLSAS DE ESTUDO NO ENSINO SUPERIOR;0002;CONCESSAO DE BOLSAS DE ESTUDO NO PAIS;12364501304870001;170062;OCCCUO9414N;BF SUPERIOR - PROAP;90;APLICACOES DIRETAS;3;DESPESAS CORRENTES;3;OUTRAS DESPESAS CORRENTES;30;MATERIAL DE CONSUMO;339030;MATERIAL DE CONSUMO;00;RECURSOS PRIMARIOS DE LIVRE APLICACAO;;;;;27,210.24;0.00;;
2020;158718;UNIVERSIDADE FEDERAL DO SUL E SUDESTE DO PARA;12;EDUCACAO;364;ENSINO SUPERIOR;5013;EDUCACAO SUPERIOR - GRADUACAO, POS-GRADUACAO, ENSINO, PESQUI;0487;CONCESSAO DE BOLSAS DE ESTUDO NO ENSINO SUPERIOR;0002;CONCESSAO DE BOLSAS DE ESTUDO NO PAIS;12364501304870001;170062;OCCCUO9414N;BF SUPERIOR - PROAP;90;APLICACOES DIRETAS;3;DESPESAS CORRENTES;3;OUTRAS DESPESAS CORRENTES;18;AUXILIO FINANCEIRO A ESTUDANTES;339018;AUXILIO FINANCEIRO A ESTUDANTES;00;RECURSOS PRIMARIOS DE LIVRE APLICACAO;;;;;7,650.00;0.00;7,650.00;4,960.00
2020;158718;UNIVERSIDADE FEDERAL DO SUL E SUDESTE DO PARA;12;EDUCACAO;364;ENSINO SUPERIOR;5013;EDUCACAO SUPERIOR - GRADUACAO, POS-GRADUACAO, ENSINO, PESQUI;0487;CONCESSAO DE BOLSAS DE ESTUDO NO ENSINO SUPERIOR;0002;CONCESSAO DE BOLSAS DE ESTUDO NO PAIS;12364501304870001;170062;OCCCUO9414N;BF SUPERIOR - PROAP;90;APLICACOES DIRETAS;3;DESPESAS CORRENTES;3;OUTRAS DESPESAS CORRENTES;33;PASSAGENS E DESPESAS COM LOCOMOCAO;339033;PASSAGENS E DESPESAS COM LOCOMOCAO;00;RECURSOS PRIMARIOS DE LIVRE APLICACAO;;;;;170,279.36;42,569.84;;
2020;158718;UNIVERSIDADE FEDERAL DO SUL E SUDESTE DO PARA;12;EDUCACAO;364;ENSINO SUPERIOR;5013;EDUCACAO SUPERIOR - GRADUACAO, POS-GRADUACAO, ENSINO, PESQUI;0487;CONCESSAO DE BOLSAS DE ESTUDO NO ENSINO SUPERIOR;0002;CONCESSAO DE BOLSAS DE ESTUDO NO PAIS;12364501304870001;170062;OCCCUO9414N;BF SUPERIOR - PROAP;90;APLICACOES DIRETAS;3;DESPESAS CORRENTES;3;OUTRAS DESPESAS CORRENTES;39;OUTROS SERVICOS DE TERCEIROS PJ - OP.INT.ORC.;339039;OUTROS SERVICOS DE TERCEIROS - PESSOA JURIDICA;00;RECURSOS PRIMARIOS DE LIVRE APLICACAO;;;;;38,680.00;13,240.00;;
2020;158718;UNIVERSIDADE FEDERAL DO SUL E SUDESTE DO PARA;12;EDUCACAO;368;EDUCACAO BASICA;5011;EDUCACAO BASICA DE QUALIDADE;20RJ;APOIO A CAPACITACAO E FORMACAO INICIAL E CONTINUADA PARA A E;0003;EDUCACAO BASICA PRESENCIAL;12368501120RJ0001;170065;PCC92B5801N;PARFOR - PARFOR;90;APLICACOES DIRETAS;3;DESPESAS CORRENTES;3;OUTRAS DESPESAS CORRENTES;14;DIARIAS - PESSOAL CIVIL;339014;DIARIAS - PESSOAL CIVIL;00;RECURSOS PRIMARIOS DE LIVRE APLICACAO;;;;;400,000.00;400,000.00;;
2020;158718;UNIVERSIDADE FEDERAL DO SUL E SUDESTE DO PARA;12;EDUCACAO;368;EDUCACAO BASICA;5011;EDUCACAO BASICA DE QUALIDADE;20RJ;APOIO A CAPACITACAO E FORMACAO INICIAL E CONTINUADA PARA A E;0003;EDUCACAO BASICA PRESENCIAL;12368501120RJ0001;170065;PCC92B5801N;PARFOR - PARFOR;90;APLICACOES DIRETAS;3;DESPESAS CORRENTES;3;OUTRAS DESPESAS CORRENTES;30;MATERIAL DE CONSUMO;339030;MATERIAL DE CONSUMO;00;RECURSOS PRIMARIOS DE LIVRE APLICACAO;;;;;29,581.40;11,754.56;312.00;234.00
2020;158718;UNIVERSIDADE FEDERAL DO SUL E SUDESTE DO PARA;12;EDUCACAO;368;EDUCACAO BASICA;5011;EDUCACAO BASICA DE QUALIDADE;20RJ;APOIO A CAPACITACAO E FORMACAO INICIAL E CONTINUADA PARA A E;0003;EDUCACAO BASICA PRESENCIAL;12368501120RJ0001;170065;PCC92B5801N;PARFOR - PARFOR;90;APLICACOES DIRETAS;3;DESPESAS CORRENTES;3;OUTRAS DESPESAS CORRENTES;33;PASSAGENS E DESPESAS COM LOCOMOCAO;339033;PASSAGENS E DESPESAS COM LOCOMOCAO;00;RECURSOS PRIMARIOS DE LIVRE APLICACAO;;;;;80,000.00;80,000.00;;
2020;158718;UNIVERSIDADE FEDERAL DO SUL E SUDESTE DO PARA;12;EDUCACAO;368;EDUCACAO BASICA;5011;EDUCACAO BASICA DE QUALIDADE;20RJ;APOIO A CAPACITACAO E FORMACAO INICIAL E CONTINUADA PARA A E;0003;EDUCACAO BASICA PRESENCIAL;12368501120RJ0001;170065;PCC92B5801N;PARFOR - PARFOR;90;APLICACOES DIRETAS;3;DESPESAS CORRENTES;3;OUTRAS DESPESAS CORRENTES;36;OUTROS SERVICOS DE TERCEIROS - P.FISICA;339036;OUTROS SERVICOS DE TERCEIROS - PESSOA FISICA;00;RECURSOS PRIMARIOS DE LIVRE APLICACAO;;;;;120,000.00;120,000.00;;
2020;158718;UNIVERSIDADE FEDERAL DO SUL E SUDESTE DO PARA;12;EDUCACAO;368;EDUCACAO BASICA;5011;EDUCACAO BASICA DE QUALIDADE;20RJ;APOIO A CAPACITACAO E FORMACAO INICIAL E CONTINUADA PARA A E;0003;EDUCACAO BASICA PRESENCIAL;12368501120RJ0001;170065;PCC92B5801N;PARFOR - PARFOR;90;APLICACOES DIRETAS;3;DESPESAS CORRENTES;3;OUTRAS DESPESAS CORRENTES;39;OUTROS SERVICOS DE TERCEIROS PJ - OP.INT.ORC.;339039;OUTROS SERVICOS DE TERCEIROS - PESSOA JURIDICA;00;RECURSOS PRIMARIOS DE LIVRE APLICACAO;;;;;46,730.00;18,692.00;;
2020;158718;UNIVERSIDADE FEDERAL DO SUL E SUDESTE DO PARA;12;EDUCACAO;368;EDUCACAO BASICA;5011;EDUCACAO BASICA DE QUALIDADE;20RJ;APOIO A CAPACITACAO E FORMACAO INICIAL E CONTINUADA PARA A E;0003;EDUCACAO BASICA PRESENCIAL;12368501120RJ0001;186016;PCC92B5801N;PARFOR - PARFOR;90;APLICACOES DIRETAS;3;DESPESAS CORRENTES;3;OUTRAS DESPESAS CORRENTES;30;MATERIAL DE CONSUMO;339030;MATERIAL DE CONSUMO;00;RECURSOS PRIMARIOS DE LIVRE APLICACAO;;;;;58,107.60;6,360.00;;
2020;158718;UNIVERSIDADE FEDERAL DO SUL E SUDESTE DO PARA;12;EDUCACAO;368;EDUCACAO BASICA;5011;EDUCACAO BASICA DE QUALIDADE;20RJ;APOIO A CAPACITACAO E FORMACAO INICIAL E CONTINUADA PARA A E;0003;EDUCACAO BASICA PRESENCIAL;12368501120RJ0001;186016;PCC92B5801N;PARFOR - PARFOR;90;APLICACOES DIRETAS;3;DESPESAS CORRENTES;3;OUTRAS DESPESAS CORRENTES;39;OUTROS SERVICOS DE TERCEIROS PJ - OP.INT.ORC.;339039;OUTROS SERVICOS DE TERCEIROS - PESSOA JURIDICA;00;RECURSOS PRIMARIOS DE LIVRE APLICACAO;;;;;39,750.00;15,900.00;;
2020;158718;UNIVERSIDADE FEDERAL DO SUL E SUDESTE DO PARA;12;EDUCACAO;368;EDUCACAO BASICA;5011;EDUCACAO BASICA DE QUALIDADE;20RJ;APOIO A CAPACITACAO E FORMACAO INICIAL E CONTINUADA PARA A E;0004;EDUCACAO BASICA A DISTANCIA - SISTEMA UNIVERSIDADE ABERTA DO BRASIL (UAB);12368501120RJ0001;186018;QCC62T58LEN;UAB - UAB PROFLETRAS;90;APLICACOES DIRETAS;3;DESPESAS CORRENTES;3;OUTRAS DESPESAS CORRENTES;39;OUTROS SERVICOS DE TERCEIROS PJ - OP.INT.ORC.;339039;OUTROS SERVICOS DE TERCEIROS - PESSOA JURIDICA;00;RECURSOS PRIMARIOS DE LIVRE APLICACAO;;;;;80,000.00;20,000.00;;
2020;158720;UNIVERSIDADE FEDERAL DO SUL DA BAHIA;12;EDUCACAO;364;ENSINO SUPERIOR;5013;EDUCACAO SUPERIOR - GRADUACAO, POS-GRADUACAO, ENSINO, PESQUI;0487;CONCESSAO DE BOLSAS DE ESTUDO NO ENSINO SUPERIOR;0002;CONCESSAO DE BOLSAS DE ESTUDO NO PAIS;12364501304870001;170062;OCCCUO9414N;BF SUPERIOR - PROAP;90;APLICACOES DIRETAS;3;DESPESAS CORRENTES;3;OUTRAS DESPESAS CORRENTES;18;AUXILIO FINANCEIRO A ESTUDANTES;339018;AUXILIO FINANCEIRO A ESTUDANTES;00;RECURSOS PRIMARIOS DE LIVRE APLICACAO;;;;;36,960.00;0.00;36,960.00;33,150.00
2020;160313;ESCOLA DE CMDO E ESTADO-MAIOR DO EXERCITO;12;EDUCACAO;364;ENSINO SUPERIOR;5013;EDUCACAO SUPERIOR - GRADUACAO, POS-GRADUACAO, ENSINO, PESQUI;0487;CONCESSAO DE BOLSAS DE ESTUDO NO ENSINO SUPERIOR;0002;CONCESSAO DE BOLSAS DE ESTUDO NO PAIS;12364501304870001;170062;OCCCUO9414N;BF SUPERIOR - PROAP;90;APLICACOES DIRETAS;3;DESPESAS CORRENTES;3;OUTRAS DESPESAS CORRENTES;33;PASSAGENS E DESPESAS COM LOCOMOCAO;339033;PASSAGENS E DESPESAS COM LOCOMOCAO;00;RECURSOS PRIMARIOS DE LIVRE APLICACAO;;;;;62,797.64;16,765.91;;
2020;160313;ESCOLA DE CMDO E ESTADO-MAIOR DO EXERCITO;12;EDUCACAO;364;ENSINO SUPERIOR;5013;EDUCACAO SUPERIOR - GRADUACAO, POS-GRADUACAO, ENSINO, PESQUI;0487;CONCESSAO DE BOLSAS DE ESTUDO NO ENSINO SUPERIOR;0002;CONCESSAO DE BOLSAS DE ESTUDO NO PAIS;12364501304870001;170062;OCCCUO9414N;BF SUPERIOR - PROAP;90;APLICACOES DIRETAS;3;DESPESAS CORRENTES;3;OUTRAS DESPESAS CORRENTES;40;SERVICOS DE TECNOLOGIA DA INFORMACAO E COMUNICACAO - PJ;339040;SERVICOS DE TECNOLOGIA DA INFORMACAO E COMUNICACAO - PJ;00;RECURSOS PRIMARIOS DE LIVRE APLICACAO;;;;;56,395.00;11,279.00;45,116.00;45,116.00
2020;160327;INSTITUTO MILITAR DE ENGENHARIA;12;EDUCACAO;364;ENSINO SUPERIOR;5013;EDUCACAO SUPERIOR - GRADUACAO, POS-GRADUACAO, ENSINO, PESQUI;0487;CONCESSAO DE BOLSAS DE ESTUDO NO ENSINO SUPERIOR;0002;CONCESSAO DE BOLSAS DE ESTUDO NO PAIS;12364501304870001;170062;OCCCUO9414N;BF SUPERIOR - PROAP;90;APLICACOES DIRETAS;3;DESPESAS CORRENTES;3;OUTRAS DESPESAS CORRENTES;18;AUXILIO FINANCEIRO A ESTUDANTES;339018;AUXILIO FINANCEIRO A ESTUDANTES;00;RECURSOS PRIMARIOS DE LIVRE APLICACAO;;;;;35,549.22;5,166.00;30,383.22;30,383.22
2020;160327;INSTITUTO MILITAR DE ENGENHARIA;12;EDUCACAO;364;ENSINO SUPERIOR;5013;EDUCACAO SUPERIOR - GRADUACAO, POS-GRADUACAO, ENSINO, PESQUI;0487;CONCESSAO DE BOLSAS DE ESTUDO NO ENSINO SUPERIOR;0002;CONCESSAO DE BOLSAS DE ESTUDO NO PAIS;12364501304870001;170062;OCCCUO9414N;BF SUPERIOR - PROAP;90;APLICACOES DIRETAS;3;DESPESAS CORRENTES;3;OUTRAS DESPESAS CORRENTES;20;AUXILIO FINANCEIRO A PESQUISADORES;339020;AUXILIO FINANCEIRO A PESQUISADORES;00;RECURSOS PRIMARIOS DE LIVRE APLICACAO;;;;;53,328.62;12,975.29;40,353.33;40,353.33
2020;240105;INSTIT.NACIONAL DE PESQUISA DA AMAZONIA-INPA;12;EDUCACAO;364;ENSINO SUPERIOR;5013;EDUCACAO SUPERIOR - GRADUACAO, POS-GRADUACAO, ENSINO, PESQUI;0487;CONCESSAO DE BOLSAS DE ESTUDO NO ENSINO SUPERIOR;0002;CONCESSAO DE BOLSAS DE ESTUDO NO PAIS;12364501304870001;170062;OCCCUO9414N;BF SUPERIOR - PROAP;90;APLICACOES DIRETAS;3;DESPESAS CORRENTES;3;OUTRAS DESPESAS CORRENTES;14;DIARIAS - PESSOAL CIVIL;339014;DIARIAS - PESSOAL CIVIL;00;RECURSOS PRIMARIOS DE LIVRE APLICACAO;;;;;177,129.22;131,863.54;45,265.68;45,265.68
2020;240105;INSTIT.NACIONAL DE PESQUISA DA AMAZONIA-INPA;12;EDUCACAO;364;ENSINO SUPERIOR;5013;EDUCACAO SUPERIOR - GRADUACAO, POS-GRADUACAO, ENSINO, PESQUI;0487;CONCESSAO DE BOLSAS DE ESTUDO NO ENSINO SUPERIOR;0002;CONCESSAO DE BOLSAS DE ESTUDO NO PAIS;12364501304870001;170062;OCCCUO9414N;BF SUPERIOR - PROAP;90;APLICACOES DIRETAS;3;DESPESAS CORRENTES;3;OUTRAS DESPESAS CORRENTES;18;AUXILIO FINANCEIRO A ESTUDANTES;339018;AUXILIO FINANCEIRO A ESTUDANTES;00;RECURSOS PRIMARIOS DE LIVRE APLICACAO;;;;;203,520.00;0.00;203,520.00;203,520.00
2020;240105;INSTIT.NACIONAL DE PESQUISA DA AMAZONIA-INPA;12;EDUCACAO;364;ENSINO SUPERIOR;5013;EDUCACAO SUPERIOR - GRADUACAO, POS-GRADUACAO, ENSINO, PESQUI;0487;CONCESSAO DE BOLSAS DE ESTUDO NO ENSINO SUPERIOR;0002;CONCESSAO DE BOLSAS DE ESTUDO NO PAIS;12364501304870001;170062;OCCCUO9414N;BF SUPERIOR - PROAP;90;APLICACOES DIRETAS;3;DESPESAS CORRENTES;3;OUTRAS DESPESAS CORRENTES;33;PASSAGENS E DESPESAS COM LOCOMOCAO;339033;PASSAGENS E DESPESAS COM LOCOMOCAO;00;RECURSOS PRIMARIOS DE LIVRE APLICACAO;;;;;198,049.92;49,512.48;;
2020;240105;INSTIT.NACIONAL DE PESQUISA DA AMAZONIA-INPA;12;EDUCACAO;364;ENSINO SUPERIOR;5013;EDUCACAO SUPERIOR - GRADUACAO, POS-GRADUACAO, ENSINO, PESQUI;0487;CONCESSAO DE BOLSAS DE ESTUDO NO ENSINO SUPERIOR;0002;CONCESSAO DE BOLSAS DE ESTUDO NO PAIS;12364501304870001;170062;OCCCUO9414N;BF SUPERIOR - PROAP;90;APLICACOES DIRETAS;3;DESPESAS CORRENTES;3;OUTRAS DESPESAS CORRENTES;36;OUTROS SERVICOS DE TERCEIROS - P.FISICA;339036;OUTROS SERVICOS DE TERCEIROS - PESSOA FISICA;00;RECURSOS PRIMARIOS DE LIVRE APLICACAO;;;;;50,265.80;20,109.10;30,156.70;28,251.00
2020;240106;INSTITUTO NACIONAL DE PESQ. ESPECIAIS-INPE;12;EDUCACAO;364;ENSINO SUPERIOR;5013;EDUCACAO SUPERIOR - GRADUACAO, POS-GRADUACAO, ENSINO, PESQUI;0487;CONCESSAO DE BOLSAS DE ESTUDO NO ENSINO SUPERIOR;0002;CONCESSAO DE BOLSAS DE ESTUDO NO PAIS;12364501304870001;170062;OCCCUO9414N;BF SUPERIOR - PROAP;90;APLICACOES DIRETAS;3;DESPESAS CORRENTES;3;OUTRAS DESPESAS CORRENTES;14;DIARIAS - PESSOAL CIVIL;339014;DIARIAS - PESSOAL CIVIL;00;RECURSOS PRIMARIOS DE LIVRE APLICACAO;;;;;32,077.20;30,000.00;2,077.20;2,077.20
2020;240106;INSTITUTO NACIONAL DE PESQ. ESPECIAIS-INPE;12;EDUCACAO;364;ENSINO SUPERIOR;5013;EDUCACAO SUPERIOR - GRADUACAO, POS-GRADUACAO, ENSINO, PESQUI;0487;CONCESSAO DE BOLSAS DE ESTUDO NO ENSINO SUPERIOR;0002;CONCESSAO DE BOLSAS DE ESTUDO NO PAIS;12364501304870001;170062;OCCCUO9414N;BF SUPERIOR - PROAP;90;APLICACOES DIRETAS;3;DESPESAS CORRENTES;3;OUTRAS DESPESAS CORRENTES;36;OUTROS SERVICOS DE TERCEIROS - P.FISICA;339036;OUTROS SERVICOS DE TERCEIROS - PESSOA FISICA;00;RECURSOS PRIMARIOS DE LIVRE APLICACAO;;;;;20,382.60;15,000.00;5,382.60;5,382.60
2020;240106;INSTITUTO NACIONAL DE PESQ. ESPECIAIS-INPE;12;EDUCACAO;364;ENSINO SUPERIOR;5013;EDUCACAO SUPERIOR - GRADUACAO, POS-GRADUACAO, ENSINO, PESQUI;0487;CONCESSAO DE BOLSAS DE ESTUDO NO ENSINO SUPERIOR;0002;CONCESSAO DE BOLSAS DE ESTUDO NO PAIS;12364501304870001;170062;OCCCUO9414N;BF SUPERIOR - PROAP;90;APLICACOES DIRETAS;3;DESPESAS CORRENTES;3;OUTRAS DESPESAS CORRENTES;93;INDENIZACOES E RESTITUICOES;339093;INDENIZACOES E RESTITUICOES;00;RECURSOS PRIMARIOS DE LIVRE APLICACAO;;;;;240,343.80;64.10;240,279.70;220,523.23
2020;240125;MUSEU PARAENSE EMILIO GOELDI;12;EDUCACAO;364;ENSINO SUPERIOR;5013;EDUCACAO SUPERIOR - GRADUACAO, POS-GRADUACAO, ENSINO, PESQUI;0487;CONCESSAO DE BOLSAS DE ESTUDO NO ENSINO SUPERIOR;0002;CONCESSAO DE BOLSAS DE ESTUDO NO PAIS;12364501304870001;170062;OCCCUO9414N;BF SUPERIOR - PROAP;90;APLICACOES DIRETAS;3;DESPESAS CORRENTES;3;OUTRAS DESPESAS CORRENTES;18;AUXILIO FINANCEIRO A ESTUDANTES;339018;AUXILIO FINANCEIRO A ESTUDANTES;00;RECURSOS PRIMARIOS DE LIVRE APLICACAO;;;;;43,840.00;0.00;43,840.00;10,240.00
2020;240126;OBSERVATORIO NACIONAL;12;EDUCACAO;364;ENSINO SUPERIOR;5013;EDUCACAO SUPERIOR - GRADUACAO, POS-GRADUACAO, ENSINO, PESQUI;0487;CONCESSAO DE BOLSAS DE ESTUDO NO ENSINO SUPERIOR;0002;CONCESSAO DE BOLSAS DE ESTUDO NO PAIS;12364501304870001;170062;OCCCUO9414N;BF SUPERIOR - PROAP;90;APLICACOES DIRETAS;3;DESPESAS CORRENTES;3;OUTRAS DESPESAS CORRENTES;18;AUXILIO FINANCEIRO A ESTUDANTES;339018;AUXILIO FINANCEIRO A ESTUDANTES;00;RECURSOS PRIMARIOS DE LIVRE APLICACAO;;;;;15,600.00;0.00;15,600.00;15,600.00
2020;240126;OBSERVATORIO NACIONAL;12;EDUCACAO;364;ENSINO SUPERIOR;5013;EDUCACAO SUPERIOR - GRADUACAO, POS-GRADUACAO, ENSINO, PESQUI;0487;CONCESSAO DE BOLSAS DE ESTUDO NO ENSINO SUPERIOR;0002;CONCESSAO DE BOLSAS DE ESTUDO NO PAIS;12364501304870001;170062;OCCCUO9414N;BF SUPERIOR - PROAP;90;APLICACOES DIRETAS;3;DESPESAS CORRENTES;3;OUTRAS DESPESAS CORRENTES;20;AUXILIO FINANCEIRO A PESQUISADORES;339020;AUXILIO FINANCEIRO A PESQUISADORES;00;RECURSOS PRIMARIOS DE LIVRE APLICACAO;;;;;6,150.00;0.00;6,150.00;6,150.00
2020;240126;OBSERVATORIO NACIONAL;12;EDUCACAO;364;ENSINO SUPERIOR;5013;EDUCACAO SUPERIOR - GRADUACAO, POS-GRADUACAO, ENSINO, PESQUI;0487;CONCESSAO DE BOLSAS DE ESTUDO NO ENSINO SUPERIOR;0002;CONCESSAO DE BOLSAS DE ESTUDO NO PAIS;12364501304870001;170062;OCCCUO9414N;BF SUPERIOR - PROAP;90;APLICACOES DIRETAS;3;DESPESAS CORRENTES;3;OUTRAS DESPESAS CORRENTES;30;MATERIAL DE CONSUMO;339030;MATERIAL DE CONSUMO;00;RECURSOS PRIMARIOS DE LIVRE APLICACAO;;;;;4,162.17;0.00;4,162.17;4,162.17
2020;240126;OBSERVATORIO NACIONAL;12;EDUCACAO;364;ENSINO SUPERIOR;5013;EDUCACAO SUPERIOR - GRADUACAO, POS-GRADUACAO, ENSINO, PESQUI;0487;CONCESSAO DE BOLSAS DE ESTUDO NO ENSINO SUPERIOR;0002;CONCESSAO DE BOLSAS DE ESTUDO NO PAIS;12364501304870001;170062;OCCCUO9414N;BF SUPERIOR - PROAP;90;APLICACOES DIRETAS;3;DESPESAS CORRENTES;3;OUTRAS DESPESAS CORRENTES;39;OUTROS SERVICOS DE TERCEIROS PJ - OP.INT.ORC.;339039;OUTROS SERVICOS DE TERCEIROS - PESSOA JURIDICA;00;RECURSOS PRIMARIOS DE LIVRE APLICACAO;;;;;10,733.85;0.00;10,733.85;10,733.85
2020;254420;FUNDACAO OSWALDO CRUZ;12;EDUCACAO;364;ENSINO SUPERIOR;5013;EDUCACAO SUPERIOR - GRADUACAO, POS-GRADUACAO, ENSINO, PESQUI;0487;CONCESSAO DE BOLSAS DE ESTUDO NO ENSINO SUPERIOR;0002;CONCESSAO DE BOLSAS DE ESTUDO NO PAIS;12364501304870001;170062;OCCCUO9414N;BF SUPERIOR - PROAP;90;APLICACOES DIRETAS;3;DESPESAS CORRENTES;3;OUTRAS DESPESAS CORRENTES;20;AUXILIO FINANCEIRO A PESQUISADORES;339020;AUXILIO FINANCEIRO A PESQUISADORES;00;RECURSOS PRIMARIOS DE LIVRE APLICACAO;;;;;641,436.42;0.00;;
2020;254420;FUNDACAO OSWALDO CRUZ;12;EDUCACAO;364;ENSINO SUPERIOR;5013;EDUCACAO SUPERIOR - GRADUACAO, POS-GRADUACAO, ENSINO, PESQUI;0487;CONCESSAO DE BOLSAS DE ESTUDO NO ENSINO SUPERIOR;0002;CONCESSAO DE BOLSAS DE ESTUDO NO PAIS;12364501304870001;170062;OCCCUO9414N;BF SUPERIOR - PROAP;90;APLICACOES DIRETAS;3;DESPESAS CORRENTES;3;OUTRAS DESPESAS CORRENTES;30;MATERIAL DE CONSUMO;339030;MATERIAL DE CONSUMO;00;RECURSOS PRIMARIOS DE LIVRE APLICACAO;;;;;60,532.38;0.00;;
2020;254420;FUNDACAO OSWALDO CRUZ;12;EDUCACAO;364;ENSINO SUPERIOR;5013;EDUCACAO SUPERIOR - GRADUACAO, POS-GRADUACAO, ENSINO, PESQUI;0487;CONCESSAO DE BOLSAS DE ESTUDO NO ENSINO SUPERIOR;0002;CONCESSAO DE BOLSAS DE ESTUDO NO PAIS;12364501304870001;170062;OCCCUO9414N;BF SUPERIOR - PROAP;90;APLICACOES DIRETAS;3;DESPESAS CORRENTES;3;OUTRAS DESPESAS CORRENTES;39;OUTROS SERVICOS DE TERCEIROS PJ - OP.INT.ORC.;339039;OUTROS SERVICOS DE TERCEIROS - PESSOA JURIDICA;00;RECURSOS PRIMARIOS DE LIVRE APLICACAO;;;;;13,000.00;250.00;750.00;750.00
2020;254421;INSTITUTO AGGEU MAGALHAES;12;EDUCACAO;364;ENSINO SUPERIOR;5013;EDUCACAO SUPERIOR - GRADUACAO, POS-GRADUACAO, ENSINO, PESQUI;0487;CONCESSAO DE BOLSAS DE ESTUDO NO ENSINO SUPERIOR;0002;CONCESSAO DE BOLSAS DE ESTUDO NO PAIS;12364501304870001;170062;OCCCUO9414N;BF SUPERIOR - PROAP;90;APLICACOES DIRETAS;3;DESPESAS CORRENTES;3;OUTRAS DESPESAS CORRENTES;14;DIARIAS - PESSOAL CIVIL;339014;DIARIAS - PESSOAL CIVIL;00;RECURSOS PRIMARIOS DE LIVRE APLICACAO;;;;;9,855.92;1,221.36;8,634.56;8,634.56
2020;254421;INSTITUTO AGGEU MAGALHAES;12;EDUCACAO;364;ENSINO SUPERIOR;5013;EDUCACAO SUPERIOR - GRADUACAO, POS-GRADUACAO, ENSINO, PESQUI;0487;CONCESSAO DE BOLSAS DE ESTUDO NO ENSINO SUPERIOR;0002;CONCESSAO DE BOLSAS DE ESTUDO NO PAIS;12364501304870001;170062;OCCCUO9414N;BF SUPERIOR - PROAP;90;APLICACOES DIRETAS;3;DESPESAS CORRENTES;3;OUTRAS DESPESAS CORRENTES;33;PASSAGENS E DESPESAS COM LOCOMOCAO;339033;PASSAGENS E DESPESAS COM LOCOMOCAO;00;RECURSOS PRIMARIOS DE LIVRE APLICACAO;;;;;21,744.08;2,458.75;3,685.00;3,685.00
2020;254421;INSTITUTO AGGEU MAGALHAES;12;EDUCACAO;364;ENSINO SUPERIOR;5013;EDUCACAO SUPERIOR - GRADUACAO, POS-GRADUACAO, ENSINO, PESQUI;0487;CONCESSAO DE BOLSAS DE ESTUDO NO ENSINO SUPERIOR;0002;CONCESSAO DE BOLSAS DE ESTUDO NO PAIS;12364501304870001;170062;OCCCUO9414N;BF SUPERIOR - PROAP;90;APLICACOES DIRETAS;3;DESPESAS CORRENTES;3;OUTRAS DESPESAS CORRENTES;39;OUTROS SERVICOS DE TERCEIROS PJ - OP.INT.ORC.;339039;OUTROS SERVICOS DE TERCEIROS - PESSOA JURIDICA;00;RECURSOS PRIMARIOS DE LIVRE APLICACAO;;;;;592,228.99;58,537.92;467,931.07;467,931.07
2020;254423;INSTITUTO RENNE RACHOU;12;EDUCACAO;364;ENSINO SUPERIOR;5013;EDUCACAO SUPERIOR - GRADUACAO, POS-GRADUACAO, ENSINO, PESQUI;0487;CONCESSAO DE BOLSAS DE ESTUDO NO ENSINO SUPERIOR;0002;CONCESSAO DE BOLSAS DE ESTUDO NO PAIS;12364501304870001;170062;OCCCUO9414N;BF SUPERIOR - PROAP;90;APLICACOES DIRETAS;3;DESPESAS CORRENTES;3;OUTRAS DESPESAS CORRENTES;39;OUTROS SERVICOS DE TERCEIROS PJ - OP.INT.ORC.;339039;OUTROS SERVICOS DE TERCEIROS - PESSOA JURIDICA;00;RECURSOS PRIMARIOS DE LIVRE APLICACAO;;;;;91,985.00;5,600.00;;
2020;254447;INST NACIONAL DE SAUDE FERNANDES FIGUEIRA;12;EDUCACAO;364;ENSINO SUPERIOR;5013;EDUCACAO SUPERIOR - GRADUACAO, POS-GRADUACAO, ENSINO, PESQUI;0487;CONCESSAO DE BOLSAS DE ESTUDO NO ENSINO SUPERIOR;0002;CONCESSAO DE BOLSAS DE ESTUDO NO PAIS;12364501304870001;170062;OCCCUO9414N;BF SUPERIOR - PROAP;90;APLICACOES DIRETAS;3;DESPESAS CORRENTES;3;OUTRAS DESPESAS CORRENTES;39;OUTROS SERVICOS DE TERCEIROS PJ - OP.INT.ORC.;339039;OUTROS SERVICOS DE TERCEIROS - PESSOA JURIDICA;00;RECURSOS PRIMARIOS DE LIVRE APLICACAO;;;;;161,190.25;17,033.00;58,406.75;58,406.75
2020;254448;INSTITUTO NAC. DE CONTROLE E QUALID. EM SAUDE;12;EDUCACAO;364;ENSINO SUPERIOR;5013;EDUCACAO SUPERIOR - GRADUACAO, POS-GRADUACAO, ENSINO, PESQUI;0487;CONCESSAO DE BOLSAS DE ESTUDO NO ENSINO SUPERIOR;0002;CONCESSAO DE BOLSAS DE ESTUDO NO PAIS;12364501304870001;170062;OCCCUO9414N;BF SUPERIOR - PROAP;90;APLICACOES DIRETAS;3;DESPESAS CORRENTES;3;OUTRAS DESPESAS CORRENTES;30;MATERIAL DE CONSUMO;339030;MATERIAL DE CONSUMO;00;RECURSOS PRIMARIOS DE LIVRE APLICACAO;;;;;142,371.45;0.00;925.20;925.20
2020;254450;ESCOLA NAC. DE SAUDE PUBLICA SERGIO AROUCA;12;EDUCACAO;364;ENSINO SUPERIOR;5013;EDUCACAO SUPERIOR - GRADUACAO, POS-GRADUACAO, ENSINO, PESQUI;0487;CONCESSAO DE BOLSAS DE ESTUDO NO ENSINO SUPERIOR;0002;CONCESSAO DE BOLSAS DE ESTUDO NO PAIS;12364501304870001;170062;OCCCUO9414N;BF SUPERIOR - PROAP;90;APLICACOES DIRETAS;3;DESPESAS CORRENTES;3;OUTRAS DESPESAS CORRENTES;39;OUTROS SERVICOS DE TERCEIROS PJ - OP.INT.ORC.;339039;OUTROS SERVICOS DE TERCEIROS - PESSOA JURIDICA;00;RECURSOS PRIMARIOS DE LIVRE APLICACAO;;;;;86,705.55;0.00;;
2020;254463;INSTITUTO OSWALDO CRUZ;12;EDUCACAO;364;ENSINO SUPERIOR;5013;EDUCACAO SUPERIOR - GRADUACAO, POS-GRADUACAO, ENSINO, PESQUI;0487;CONCESSAO DE BOLSAS DE ESTUDO NO ENSINO SUPERIOR;0002;CONCESSAO DE BOLSAS DE ESTUDO NO PAIS;12364501304870001;170062;OCCCUO9414N;BF SUPERIOR - PROAP;90;APLICACOES DIRETAS;3;DESPESAS CORRENTES;3;OUTRAS DESPESAS CORRENTES;14;DIARIAS - PESSOAL CIVIL;339014;DIARIAS - PESSOAL CIVIL;00;RECURSOS PRIMARIOS DE LIVRE APLICACAO;;;;;19,062.28;12,346.68;6,715.60;6,715.60
2020;254463;INSTITUTO OSWALDO CRUZ;12;EDUCACAO;364;ENSINO SUPERIOR;5013;EDUCACAO SUPERIOR - GRADUACAO, POS-GRADUACAO, ENSINO, PESQUI;0487;CONCESSAO DE BOLSAS DE ESTUDO NO ENSINO SUPERIOR;0002;CONCESSAO DE BOLSAS DE ESTUDO NO PAIS;12364501304870001;170062;OCCCUO9414N;BF SUPERIOR - PROAP;90;APLICACOES DIRETAS;3;DESPESAS CORRENTES;3;OUTRAS DESPESAS CORRENTES;33;PASSAGENS E DESPESAS COM LOCOMOCAO;339033;PASSAGENS E DESPESAS COM LOCOMOCAO;00;RECURSOS PRIMARIOS DE LIVRE APLICACAO;;;;;4,022.94;4,022.94;;
2020;254463;INSTITUTO OSWALDO CRUZ;12;EDUCACAO;364;ENSINO SUPERIOR;5013;EDUCACAO SUPERIOR - GRADUACAO, POS-GRADUACAO, ENSINO, PESQUI;0487;CONCESSAO DE BOLSAS DE ESTUDO NO ENSINO SUPERIOR;0002;CONCESSAO DE BOLSAS DE ESTUDO NO PAIS;12364501304870001;170062;OCCCUO9414N;BF SUPERIOR - PROAP;90;APLICACOES DIRETAS;3;DESPESAS CORRENTES;3;OUTRAS DESPESAS CORRENTES;36;OUTROS SERVICOS DE TERCEIROS - P.FISICA;339036;OUTROS SERVICOS DE TERCEIROS - PESSOA FISICA;00;RECURSOS PRIMARIOS DE LIVRE APLICACAO;;;;;38,600.92;38,600.92;;
2020;254463;INSTITUTO OSWALDO CRUZ;12;EDUCACAO;364;ENSINO SUPERIOR;5013;EDUCACAO SUPERIOR - GRADUACAO, POS-GRADUACAO, ENSINO, PESQUI;0487;CONCESSAO DE BOLSAS DE ESTUDO NO ENSINO SUPERIOR;0002;CONCESSAO DE BOLSAS DE ESTUDO NO PAIS;12364501304870001;170062;OCCCUO9414N;BF SUPERIOR - PROAP;90;APLICACOES DIRETAS;3;DESPESAS CORRENTES;3;OUTRAS DESPESAS CORRENTES;39;OUTROS SERVICOS DE TERCEIROS PJ - OP.INT.ORC.;339039;OUTROS SERVICOS DE TERCEIROS - PESSOA JURIDICA;00;RECURSOS PRIMARIOS DE LIVRE APLICACAO;;;;;145,899.42;0.00;145,899.42;145,899.42
2020;254474;INSTITUTO LEONIDAS E MARIA DEANE;12;EDUCACAO;364;ENSINO SUPERIOR;5013;EDUCACAO SUPERIOR - GRADUACAO, POS-GRADUACAO, ENSINO, PESQUI;0487;CONCESSAO DE BOLSAS DE ESTUDO NO ENSINO SUPERIOR;0002;CONCESSAO DE BOLSAS DE ESTUDO NO PAIS;12364501304870001;170062;OCCCUO9414N;BF SUPERIOR - PROAP;90;APLICACOES DIRETAS;3;DESPESAS CORRENTES;3;OUTRAS DESPESAS CORRENTES;30;MATERIAL DE CONSUMO;339030;MATERIAL DE CONSUMO;00;RECURSOS PRIMARIOS DE LIVRE APLICACAO;;;;;6,000.00;0.00;;
2020;254474;INSTITUTO LEONIDAS E MARIA DEANE;12;EDUCACAO;364;ENSINO SUPERIOR;5013;EDUCACAO SUPERIOR - GRADUACAO, POS-GRADUACAO, ENSINO, PESQUI;0487;CONCESSAO DE BOLSAS DE ESTUDO NO ENSINO SUPERIOR;0002;CONCESSAO DE BOLSAS DE ESTUDO NO PAIS;12364501304870001;170062;OCCCUO9414N;BF SUPERIOR - PROAP;90;APLICACOES DIRETAS;3;DESPESAS CORRENTES;3;OUTRAS DESPESAS CORRENTES;33;PASSAGENS E DESPESAS COM LOCOMOCAO;339033;PASSAGENS E DESPESAS COM LOCOMOCAO;00;RECURSOS PRIMARIOS DE LIVRE APLICACAO;;;;;6,106.44;0.00;;
2020;254474;INSTITUTO LEONIDAS E MARIA DEANE;12;EDUCACAO;364;ENSINO SUPERIOR;5013;EDUCACAO SUPERIOR - GRADUACAO, POS-GRADUACAO, ENSINO, PESQUI;0487;CONCESSAO DE BOLSAS DE ESTUDO NO ENSINO SUPERIOR;0002;CONCESSAO DE BOLSAS DE ESTUDO NO PAIS;12364501304870001;170062;OCCCUO9414N;BF SUPERIOR - PROAP;90;APLICACOES DIRETAS;3;DESPESAS CORRENTES;3;OUTRAS DESPESAS CORRENTES;39;OUTROS SERVICOS DE TERCEIROS PJ - OP.INT.ORC.;339039;OUTROS SERVICOS DE TERCEIROS - PESSOA JURIDICA;00;RECURSOS PRIMARIOS DE LIVRE APLICACAO;;;;;55,189.62;0.00;55,189.62;55,189.62
2020;254488;CASA DE OSWALDO CRUZ;12;EDUCACAO;364;ENSINO SUPERIOR;5013;EDUCACAO SUPERIOR - GRADUACAO, POS-GRADUACAO, ENSINO, PESQUI;0487;CONCESSAO DE BOLSAS DE ESTUDO NO ENSINO SUPERIOR;0002;CONCESSAO DE BOLSAS DE ESTUDO NO PAIS;12364501304870001;170062;OCCCUO9414N;BF SUPERIOR - PROAP;90;APLICACOES DIRETAS;3;DESPESAS CORRENTES;3;OUTRAS DESPESAS CORRENTES;39;OUTROS SERVICOS DE TERCEIROS PJ - OP.INT.ORC.;339039;OUTROS SERVICOS DE TERCEIROS - PESSOA JURIDICA;00;RECURSOS PRIMARIOS DE LIVRE APLICACAO;;;;;86,412.00;4,359.00;9,477.00;9,477.00
2020;254492;INST.NACIONAL DE INFECTOLOGIA EVANDRO CHAGAS;12;EDUCACAO;364;ENSINO SUPERIOR;5013;EDUCACAO SUPERIOR - GRADUACAO, POS-GRADUACAO, ENSINO, PESQUI;0487;CONCESSAO DE BOLSAS DE ESTUDO NO ENSINO SUPERIOR;0002;CONCESSAO DE BOLSAS DE ESTUDO NO PAIS;12364501304870001;170062;OCCCUO9414N;BF SUPERIOR - PROAP;90;APLICACOES DIRETAS;3;DESPESAS CORRENTES;3;OUTRAS DESPESAS CORRENTES;30;MATERIAL DE CONSUMO;339030;MATERIAL DE CONSUMO;00;RECURSOS PRIMARIOS DE LIVRE APLICACAO;;;;;138,346.20;0.00;9,729.30;7,923.30
2020;254492;INST.NACIONAL DE INFECTOLOGIA EVANDRO CHAGAS;12;EDUCACAO;364;ENSINO SUPERIOR;5013;EDUCACAO SUPERIOR - GRADUACAO, POS-GRADUACAO, ENSINO, PESQUI;0487;CONCESSAO DE BOLSAS DE ESTUDO NO ENSINO SUPERIOR;0002;CONCESSAO DE BOLSAS DE ESTUDO NO PAIS;12364501304870001;170062;OCCCUO9414N;BF SUPERIOR - PROAP;90;APLICACOES DIRETAS;3;DESPESAS CORRENTES;3;OUTRAS DESPESAS CORRENTES;39;OUTROS SERVICOS DE TERCEIROS PJ - OP.INT.ORC.;339039;OUTROS SERVICOS DE TERCEIROS - PESSOA JURIDICA;00;RECURSOS PRIMARIOS DE LIVRE APLICACAO;;;;;51,000.00;0.00;;
2020;257003;INSTITUTO EVANDRO CHAGAS;12;EDUCACAO;364;ENSINO SUPERIOR;5013;EDUCACAO SUPERIOR - GRADUACAO, POS-GRADUACAO, ENSINO, PESQUI;0487;CONCESSAO DE BOLSAS DE ESTUDO NO ENSINO SUPERIOR;0002;CONCESSAO DE BOLSAS DE ESTUDO NO PAIS;12364501304870001;170062;OCCCUO9414N;BF SUPERIOR - PROAP;90;APLICACOES DIRETAS;3;DESPESAS CORRENTES;3;OUTRAS DESPESAS CORRENTES;39;OUTROS SERVICOS DE TERCEIROS PJ - OP.INT.ORC.;339039;OUTROS SERVICOS DE TERCEIROS - PESSOA JURIDICA;00;RECURSOS PRIMARIOS DE LIVRE APLICACAO;;;;;118,719.46;0.00;118,719.46;118,719.46
2020;443020;INST. DE PESQUISAS JARDIM BOTANICO DO RJ/JBRJ;12;EDUCACAO;364;ENSINO SUPERIOR;5013;EDUCACAO SUPERIOR - GRADUACAO, POS-GRADUACAO, ENSINO, PESQUI;0487;CONCESSAO DE BOLSAS DE ESTUDO NO ENSINO SUPERIOR;0002;CONCESSAO DE BOLSAS DE ESTUDO NO PAIS;12364501304870001;170062;OCCCUO9414N;BF SUPERIOR - PROAP;90;APLICACOES DIRETAS;3;DESPESAS CORRENTES;3;OUTRAS DESPESAS CORRENTES;30;MATERIAL DE CONSUMO;339030;MATERIAL DE CONSUMO;00;RECURSOS PRIMARIOS DE LIVRE APLICACAO;;;;;94,428.06;0.00;21,912.00;21,912.00
2020;753000;INSTITUTO DE EST. DO MAR ALTE PAULO MOREIRA;12;EDUCACAO;364;ENSINO SUPERIOR;5013;EDUCACAO SUPERIOR - GRADUACAO, POS-GRADUACAO, ENSINO, PESQUI;0487;CONCESSAO DE BOLSAS DE ESTUDO NO ENSINO SUPERIOR;0002;CONCESSAO DE BOLSAS DE ESTUDO NO PAIS;12364501304870001;170062;OCCCUO9414N;BF SUPERIOR - PROAP;90;APLICACOES DIRETAS;3;DESPESAS CORRENTES;3;OUTRAS DESPESAS CORRENTES;14;DIARIAS - PESSOAL CIVIL;339014;DIARIAS - PESSOAL CIVIL;00;RECURSOS PRIMARIOS DE LIVRE APLICACAO;;;;;336.30;0.00;336.30;
2020;753000;INSTITUTO DE EST. DO MAR ALTE PAULO MOREIRA;12;EDUCACAO;364;ENSINO SUPERIOR;5013;EDUCACAO SUPERIOR - GRADUACAO, POS-GRADUACAO, ENSINO, PESQUI;0487;CONCESSAO DE BOLSAS DE ESTUDO NO ENSINO SUPERIOR;0002;CONCESSAO DE BOLSAS DE ESTUDO NO PAIS;12364501304870001;170062;OCCCUO9414N;BF SUPERIOR - PROAP;90;APLICACOES DIRETAS;3;DESPESAS CORRENTES;3;OUTRAS DESPESAS CORRENTES;18;AUXILIO FINANCEIRO A ESTUDANTES;339018;AUXILIO FINANCEIRO A ESTUDANTES;00;RECURSOS PRIMARIOS DE LIVRE APLICACAO;;;;;7,888.48;1,972.12;5,916.36;
2020;753000;INSTITUTO DE EST. DO MAR ALTE PAULO MOREIRA;12;EDUCACAO;364;ENSINO SUPERIOR;5013;EDUCACAO SUPERIOR - GRADUACAO, POS-GRADUACAO, ENSINO, PESQUI;0487;CONCESSAO DE BOLSAS DE ESTUDO NO ENSINO SUPERIOR;0002;CONCESSAO DE BOLSAS DE ESTUDO NO PAIS;12364501304870001;170062;OCCCUO9414N;BF SUPERIOR - PROAP;90;APLICACOES DIRETAS;3;DESPESAS CORRENTES;3;OUTRAS DESPESAS CORRENTES;30;MATERIAL DE CONSUMO;339030;MATERIAL DE CONSUMO;00;RECURSOS PRIMARIOS DE LIVRE APLICACAO;;;;;65,179.34;22,176.28;16,753.81;
2020;753000;INSTITUTO DE EST. DO MAR ALTE PAULO MOREIRA;12;EDUCACAO;364;ENSINO SUPERIOR;5013;EDUCACAO SUPERIOR - GRADUACAO, POS-GRADUACAO, ENSINO, PESQUI;0487;CONCESSAO DE BOLSAS DE ESTUDO NO ENSINO SUPERIOR;0002;CONCESSAO DE BOLSAS DE ESTUDO NO PAIS;12364501304870001;170062;OCCCUO9414N;BF SUPERIOR - PROAP;90;APLICACOES DIRETAS;3;DESPESAS CORRENTES;3;OUTRAS DESPESAS CORRENTES;39;OUTROS SERVICOS DE TERCEIROS PJ - OP.INT.ORC.;339039;OUTROS SERVICOS DE TERCEIROS - PESSOA JURIDICA;00;RECURSOS PRIMARIOS DE LIVRE APLICACAO;;;;;29,918.00;7,418.00;22,500.00;
