Ano;Unidade Orçamentária;Projeto de Lei;Dotação Inicial;Dotação Atual;Empenhado;Liquidado;Pago
Total;;2.428.601.478.704;2.216.507.005.011;2.399.310.360.960;2.270.713.386.859;2.000.178.707.035;1.921.119.548.959
2000;26101 - Ministério da Educação - Administração Direta;934.768.645;1.011.675.165;1.517.602.292;1.095.324.226;1.095.324.226;768.876.660
2000;26104 - Instituto Nacional de Educação de Surdos;18.313.544;18.363.544;19.288.725;19.149.370;19.149.370;18.573.767
2000;26105 - Instituto Benjamin Constant;13.198.636;13.198.636;14.209.434;14.062.175;14.062.175;13.817.734
2000;26201 - Colégio Pedro II;96.107.370;96.507.370;100.894.215;100.565.307;100.565.307;95.958.608
2000;26202 - Centro Federal de Educação Tecnológica de Alagoas;22.909.795;22.909.795;25.866.340;25.607.522;25.607.522;24.962.915
2000;26203 - Centro Federal de Educação Tecnológica do Amazonas;16.423.073;16.573.073;18.708.071;18.149.009;18.149.009;16.694.736
2000;26205 - Centro Federal de Educação Tecnológica de Campos;25.012.855;25.087.855;26.791.709;26.599.054;26.599.054;26.440.135
2000;26206 - Centro Federal de Educação Tecnológica do Ceará;19.978.656;20.058.656;22.238.271;22.162.137;22.162.137;21.616.907
2000;26207 - Centro Federal de Educação Tecnológica do Espírito Santo;19.430.094;19.430.094;23.030.362;21.633.121;21.633.121;21.467.282
2000;26208 - Centro Federal de Educação Tecnológica de Goiás;20.272.814;20.272.814;22.650.319;22.490.409;22.490.409;22.341.477
2000;26210 - Centro Federal de Educação Tecnológica de Mato Grosso;14.847.521;14.847.521;15.755.750;15.691.210;15.691.210;15.569.432
2000;26211 - Centro Federal de Educação Tecnológica de Ouro Preto;10.564.789;10.564.789;11.820.521;11.783.994;11.783.994;10.446.738
2000;26212 - Centro Federal de Educação Tecnológica do Pará;38.640.929;38.640.929;40.244.966;39.979.495;39.979.495;39.909.407
2000;26213 - Centro Federal de Educação Tecnológica da Paraíba;26.323.942;26.323.942;30.340.133;29.795.641;29.795.641;27.793.179
2000;26214 - Centro Federal de Educação Tecnológica de Pelotas;23.260.603;23.260.603;24.977.808;24.730.615;24.730.615;24.574.711
2000;26215 - Centro Federal de Educação Tecnológica de Pernambuco;28.175.144;28.375.144;32.483.903;31.698.851;31.698.851;30.708.590
2000;26216 - Centro Federal de Educação Tecnológica do Piauí;14.478.761;14.478.761;16.580.846;16.017.592;16.017.592;15.670.009
2000;26217 - Centro Federal de Educação Tecnológica de Química de Nilópolis;18.201.550;18.551.550;19.767.762;19.545.942;19.545.942;18.775.550
2000;26218 - Centro Federal de Educação Tecnológica do Rio Grande do Norte;26.544.120;26.544.120;27.951.955;26.951.810;26.951.810;26.669.264
2000;26219 - Centro Federal de Educação Tecnológica de Santa Catarina;23.813.658;23.773.514;25.368.958;25.276.226;25.276.226;24.994.721
2000;26220 - Centro Federal de Educação Tecnológica de São Paulo;19.915.657;19.915.657;21.221.485;20.452.884;20.452.884;19.946.608
2000;26221 - Centro Federal de Educação Tecnológica de Sergipe;14.722.779;14.722.779;15.769.656;15.387.223;15.387.223;14.447.938
2000;26222 - Centro Federal de Educação Tecnológica de Roraima;6.582.431;6.771.431;7.405.247;7.352.586;7.352.586;6.502.294
2000;26231 - Universidade Federal de Alagoas;110.328.467;112.573.467;119.112.024;115.943.048;115.943.048;112.750.482
2000;26232 - Universidade Federal da Bahia;254.207.429;270.274.836;292.616.985;289.849.983;289.849.983;264.956.181
2000;26233 - Universidade Federal do Ceará;372.483.138;372.563.138;372.480.921;369.612.565;369.612.565;249.880.167
2000;26234 - Universidade Federal do Espírito Santo;121.920.690;121.920.690;134.203.956;131.705.370;131.705.370;127.052.499
2000;26235 - Universidade Federal de Goiás;147.182.945;147.412.945;162.643.095;162.263.342;162.263.342;158.763.946
2000;26236 - Universidade Federal Fluminense;299.805.512;299.805.512;320.693.850;318.454.146;318.454.146;316.921.820
2000;26237 - Universidade Federal de Juiz de Fora;99.258.938;99.358.938;111.915.440;110.980.972;110.980.972;109.623.275
2000;26238 - Universidade Federal de Minas Gerais;407.724.390;407.911.533;435.538.827;403.818.923;403.818.923;398.719.099
2000;26239 - Universidade Federal do Pará;202.577.174;202.877.174;214.806.277;212.861.617;212.861.617;187.782.838
2000;26240 - Universidade Federal da Paraíba;315.301.661;315.556.661;395.728.328;391.261.300;391.261.300;388.883.315
2000;26241 - Universidade Federal do Paraná;254.595.225;254.572.049;275.437.248;273.201.823;273.201.823;268.226.884
2000;26242 - Universidade Federal de Pernambuco;229.591.713;229.591.713;245.476.098;240.484.636;240.484.636;233.146.525
2000;26243 - Universidade Federal do Rio Grande do Norte;211.435.427;211.435.427;232.016.640;231.731.282;231.731.282;227.566.864
2000;26244 - Universidade Federal do Rio Grande do Sul;297.394.592;297.200.711;318.308.668;317.168.325;317.168.325;311.935.317
2000;26245 - Universidade Federal do Rio de Janeiro;599.156.929;599.971.929;634.300.780;631.338.944;631.338.944;628.185.927
2000;26246 - Universidade Federal de Santa Catarina;249.590.220;249.294.434;291.815.917;269.332.597;269.332.597;264.717.318
2000;26247 - Universidade Federal de Santa Maria;189.187.525;190.360.988;206.271.544;201.132.543;201.132.543;193.900.612
2000;26248 - Universidade Federal Rural de Pernambuco;63.776.460;63.776.460;72.054.300;71.745.841;71.745.841;69.117.075
2000;26249 - Universidade Federal Rural do Rio de Janeiro;84.276.349;84.276.349;90.188.338;89.217.858;89.217.858;88.162.331
2000;26250 - Fundação Universidade Federal de Roraima;15.584.792;15.663.792;17.432.189;17.135.792;17.135.792;16.096.573
2000;26253 - Universidade Federal Rural da Amazônia;24.501.616;24.501.616;26.782.227;26.239.470;26.239.470;26.130.032
2000;26254 - Universidade Federal do Triângulo Mineiro;50.889.165;50.889.165;48.654.690;48.259.433;48.259.433;47.295.412
2000;26255 - Universidade Federal dos Vales do Jequitinhonha e Mucuri;5.644.731;5.644.731;6.066.151;5.686.840;5.686.840;5.575.676
2000;26256 - Centro Federal de Educação Tecnológica Celso Suckow da Fonseca;38.688.266;38.688.266;44.358.193;43.973.451;43.973.451;43.262.965
2000;26257 - Centro Federal de Educação Tecnológica de Minas Gerais;37.490.470;37.490.470;42.242.856;41.400.568;41.400.568;39.493.864
2000;26258 - Universidade Tecnológica Federal do Paraná;62.627.510;63.332.510;71.780.829;69.271.850;69.271.850;67.940.238
2000;26260 - Universidade Federal de Alfenas;15.369.360;15.369.360;16.711.084;16.603.912;16.603.912;15.609.286
2000;26261 - Universidade Federal de Itajubá;22.981.731;22.981.731;25.151.309;23.417.007;23.417.007;22.875.068
2000;26262 - Universidade Federal de São Paulo;146.738.814;146.738.814;153.042.073;150.742.461;150.742.461;143.810.057
2000;26263 - Universidade Federal de Lavras;34.077.540;34.077.540;40.096.646;39.866.200;39.866.200;39.710.240
2000;26264 - Universidade Federal Rural do Semi-Árido;20.278.681;20.278.681;22.414.732;22.382.297;22.382.297;22.355.414
2000;26265 - Centro Federal de Educação Tecnológica do Maranhão;21.618.824;21.618.824;24.495.944;24.720.081;24.720.081;23.481.985
2000;26268 - Fundação Universidade Federal de Rondônia;24.582.839;24.652.961;29.272.973;28.661.804;28.661.804;24.626.112
2000;26269 - Fundação Universidade do Rio de Janeiro;62.611.709;62.811.709;68.522.930;63.799.768;63.799.768;62.909.414
2000;26270 - Fundação Universidade do Amazonas;94.117.126;98.697.126;116.250.214;108.089.934;108.089.934;100.047.464
2000;26271 - Fundação Universidade de Brasília;361.486.936;371.529.790;401.840.433;376.626.407;376.626.407;363.140.080
2000;26272 - Fundação Universidade Federal do Maranhão;113.948.441;114.248.441;125.888.687;118.877.069;118.877.069;114.194.811
2000;26273 - Fundação Universidade Federal do Rio Grande;73.295.089;73.295.089;85.578.759;77.252.679;77.252.679;75.241.458
2000;26274 - Universidade Federal de Uberlândia;166.074.133;166.174.133;180.965.431;172.318.837;172.318.837;167.022.669
2000;26275 - Fundação Universidade Federal do Acre;50.427.309;51.137.309;56.564.521;54.633.623;54.633.623;53.594.442
2000;26276 - Fundação Universidade Federal de Mato Grosso;123.764.243;123.764.243;140.012.087;133.525.524;133.525.524;132.392.515
2000;26277 - Fundação Universidade Federal de Ouro Preto;40.932.570;40.932.570;47.535.683;46.401.639;46.401.639;43.662.771
2000;26278 - Fundação Universidade Federal de Pelotas;98.050.759;99.050.759;110.329.724;103.707.150;103.707.150;100.943.837
2000;26279 - Fundação Universidade Federal do Piauí;86.358.127;86.358.127;96.399.466;93.449.924;93.449.924;90.018.520
2000;26280 - Fundação Universidade Federal de São Carlos;64.624.329;64.624.329;71.603.900;69.217.853;69.217.853;66.265.106
2000;26281 - Fundação Universidade Federal de Sergipe;71.171.217;71.171.217;76.718.252;73.568.630;73.568.630;72.002.940
2000;26282 - Fundação Universidade Federal de Viçosa;114.119.402;114.119.402;135.816.310;130.072.338;130.072.338;125.812.096
2000;26283 - Fundação Universidade Federal de Mato Grosso do Sul;120.148.686;120.148.686;132.357.852;124.359.141;124.359.141;123.191.265
2000;26284 - Fundação Universidade Federal de Ciências da Saúde de Porto Alegre;16.485.581;16.485.581;14.728.187;14.093.956;14.093.956;13.944.414
2000;26285 - Fundação Universidade Federal de São João del-Rei;16.500.259;16.500.259;19.701.049;18.531.138;18.531.138;17.757.548
2000;26286 - Fundação Universidade Federal do Amapá;8.284.423;13.284.423;15.017.899;14.695.115;14.695.115;9.750.835
2000;26290 - Instituto Nacional de Estudos e Pesquisas Educacionais Anísio Teixeira;47.335.324;47.335.324;48.871.273;39.796.150;39.796.150;38.852.175
2000;26291 - Fundação Coordenação de Aperfeiçoamento de Pessoal de Nível Superior;450.365.404;450.365.404;458.240.295;453.873.970;453.873.970;367.825.677
2000;26292 - Fundação Joaquim Nabuco;26.629.336;26.629.336;31.172.362;29.579.170;29.579.170;29.267.148
2000;26294 - Hospital de Clínicas de Porto Alegre;172.175.241;172.175.241;191.909.686;148.096.163;148.096.163;147.798.875
2000;26298 - Fundo Nacional de Desenvolvimento da Educação;2.483.110.439;2.610.082.574;3.032.818.424;2.770.104.132;2.770.104.132;2.365.797.059
2000;26301 - Centro Federal de Educação Tecnológica da Bahia;24.935.641;25.155.641;26.691.827;26.364.066;26.364.066;25.964.478
2000;26302 - Escola Agrotécnica Federal de Alegre - ES;6.139.500;6.139.500;7.117.294;6.670.503;6.670.503;6.436.647
2000;26303 - Escola Agrotécnica Federal de Alegrete - RS;3.065.417;3.065.417;3.632.363;3.526.894;3.526.894;3.418.158
2000;26304 - Escola Agrotécnica Federal de Araguatins - TO;2.806.773;2.806.773;3.154.924;3.051.641;3.051.641;2.893.644
2000;26305 - Centro Federal de Educação Tecnológica de Bambui - MG;5.553.335;5.553.335;6.025.384;5.999.046;5.999.046;5.805.790
2000;26306 - Escola Agrotécnica Federal de Barbacena - MG;8.878.592;8.878.592;9.858.146;9.841.787;9.841.787;9.488.736
2000;26307 - Escola Agrotécnica Federal de Barreiros - PE;4.656.559;4.656.559;5.549.370;5.493.545;5.493.545;5.340.122
2000;26308 - Escola Agrotécnica Federal de Belo Jardim - PE;4.505.381;4.505.381;5.097.677;5.073.496;5.073.496;5.009.142
2000;26309 - Centro Federal de Educação Tecnológica de Bento Gonçalves - RS;5.031.199;5.031.199;5.857.094;5.783.910;5.783.910;5.486.418
2000;26310 - Escola Agrotécnica Federal de Cáceres - MT;3.488.651;3.488.651;3.794.194;3.745.709;3.745.709;3.494.074
2000;26311 - Escola Agrotécnica Federal de Castanhal - PA;4.621.234;4.621.234;5.012.099;4.799.378;4.799.378;4.733.963
2000;26312 - Escola Agrotécnica Federal de Catu - BA;4.501.708;4.501.708;5.141.767;4.987.286;4.987.286;4.528.032
2000;26313 - Escola Agrotécnica Federal de Colatina - ES;5.290.636;5.290.636;6.024.015;5.986.336;5.986.336;5.643.330
2000;26314 - Escola Agrotécnica Federal de Concórdia - SC;3.634.051;3.634.051;3.939.875;3.908.328;3.908.328;3.541.824
2000;26315 - Escola Agrotécnica Federal de Crato - CE;13.766.818;13.766.818;14.135.216;14.028.185;14.028.185;4.880.435
2000;26316 - Centro Federal de Educação Tecnológica de Cuiabá - MT;4.571.013;4.571.013;5.241.103;5.129.923;5.129.923;4.779.620
2000;26317 - Escola Agrotécnica Federal de Iguatu - CE;5.130.684;5.130.684;5.626.079;5.526.517;5.526.517;5.402.707
2000;26318 - Escola Agrotécnica Federal de Inconfidentes Visconde de Mauá - MG;5.320.554;5.320.554;5.825.762;5.743.986;5.743.986;5.532.385
2000;26319 - Centro Federal de Educação Tecnológica de Januária;4.341.901;4.341.901;5.049.722;4.941.319;4.941.319;4.417.384
2000;26320 - Escola Agrotécnica Federal de Machado - MG;4.166.539;4.166.539;5.593.019;5.557.200;5.557.200;5.491.622
2000;26321 - Escola Agrotécnica Federal de Manaus - AM;4.785.831;4.785.831;5.479.898;5.230.728;5.230.728;4.973.241
2000;26322 - Escola Agrotécnica Federal de Muzambinho - MG;5.268.592;5.268.592;6.080.485;6.071.894;6.071.894;5.642.109
2000;26323 - Centro Federal de Educação Tecnológica de Petrolina;2.748.726;2.748.726;2.990.612;2.923.785;2.923.785;2.785.585
2000;26324 - Centro Federal de Educação Tecnológica de Rio Pomba;9.236.002;9.236.002;9.679.570;6.268.432;6.268.432;6.103.899
2000;26325 - Centro Federal de Educação Tecnológica de Rio Verde - GO;4.336.817;4.336.817;4.944.325;4.791.890;4.791.890;4.635.028
2000;26326 - Escola Agrotécnica Federal de Salinas Clemente Medrado - MG;4.387.618;4.387.618;4.700.207;4.665.947;4.665.947;4.449.317
2000;26327 - Escola Agrotécnica Federal de Santa Teresa- ES;6.481.410;6.481.410;7.397.203;7.265.349;7.265.349;6.920.183
2000;26328 - Escola Agrotécnica Federal de São Cristóvão - SE;5.460.746;5.460.746;6.326.400;5.806.677;5.806.677;5.723.021
2000;26329 - Escola Agrotécnica Federal de São João Evangelista Nelson de Senna - MG;4.249.466;4.249.466;4.917.297;4.851.093;4.851.093;4.536.195
2000;26330 - Escola Agrotécnica Federal de São Luís - MA;3.870.255;3.870.255;4.599.960;4.523.150;4.523.150;4.437.435
2000;26331 - Centro Federal de Educação Tecnológica de São Vicente do Sul;4.140.353;4.140.353;4.818.644;4.782.969;4.782.969;4.654.491
2000;26332 - Escola Agrotécnica Federal de Satuba - AL;5.438.491;5.438.491;6.170.035;6.153.611;6.153.611;5.976.425
2000;26333 - Escola Agrotécnica Federal de Sertão - RS;4.464.171;4.464.171;4.784.102;4.675.288;4.675.288;4.514.396
2000;26334 - Escola Agrotécnica Federal de Sousa - PB;3.518.199;3.518.199;3.941.078;3.934.347;3.934.347;3.830.557
2000;26335 - Centro Federal de Educação Tecnológica de Uberaba - MG;5.662.482;5.662.482;6.210.482;6.146.681;6.146.681;5.868.072
2000;26336 - Escola Agrotécnica Federal de Uberlândia - MG;4.827.435;4.827.435;5.551.511;5.320.054;5.320.054;5.077.142
2000;26337 - Centro Federal de Educação Tecnológica de Urutaí - GO;4.483.951;4.483.951;5.084.305;5.075.407;5.075.407;4.687.238
2000;26338 - Escola Agrotécnica Federal de Vitória de Santo Antão João Cleófas - PE;4.849.963;4.849.963;5.408.092;5.216.455;5.216.455;5.081.141
2000;26339 - Escola Agrotécnica Federal de São Gabriel da Cachoeira - AM;2.118.726;2.118.726;2.918.319;2.895.098;2.895.098;2.489.085
2000;26340 - Escola Agrotécnica Federal de Sombrio - SC;3.113.024;3.113.024;3.624.631;3.608.663;3.608.663;3.412.459
2000;26341 - Escola Agrotécnica Federal de Ceres - GO;2.740.575;2.740.575;3.076.582;2.914.667;2.914.667;2.659.967
2000;26342 - Escola Agrotécnica Federal de Colorado do Oeste - RO;2.868.752;2.868.752;3.703.462;3.664.930;3.664.930;3.187.860
2000;26343 - Escola Agrotécnica Federal de Codó - MA;1.704.678;1.704.678;1.863.623;1.854.504;1.854.504;1.839.140
2000;26344 - Escola Agrotécnica Federal Antônio José Teixeira - Guanambi - BA;2.107.680;2.107.680;2.627.002;2.604.910;2.604.910;2.231.753
2000;26345 - Escola Agrotécnica Federal de Rio do Sul - SC;3.532.552;3.592.552;3.909.857;3.870.165;3.870.165;3.584.914
2000;26346 - Escola Agrotécnica Federal de Santa Inês - BA;1.932.060;1.932.060;2.320.499;2.297.709;2.297.709;2.241.108
2000;26347 - Escola Agrotécnica Federal do Senhor do Bomfim - BA;1.638.665;1.638.665;1.944.001;1.908.219;1.908.219;1.799.199
2000;26907 - Fundo de Financiamento ao Estudante do Ensino Superior;809.317.960;809.317.960;861.931.832;854.704.573;854.704.573;179.175.807
2001;26101 - Ministério da Educação - Administração Direta;1.780.985.366;1.943.907.398;3.574.857.884;2.154.921.992;2.154.921.992;1.623.837.236
2001;26104 - Instituto Nacional de Educação de Surdos;20.147.854;20.140.406;19.873.581;19.774.414;19.774.414;19.386.229
2001;26105 - Instituto Benjamin Constant;14.464.568;14.464.568;14.836.174;14.427.956;14.427.956;14.151.603
2001;26201 - Colégio Pedro II;106.775.301;106.853.799;101.157.174;100.829.690;100.829.690;97.102.219
2001;26202 - Centro Federal de Educação Tecnológica de Alagoas;28.002.478;27.995.966;27.856.868;27.509.856;27.509.856;25.675.055
2001;26203 - Centro Federal de Educação Tecnológica do Amazonas;19.104.315;22.170.611;23.375.124;21.067.368;21.067.368;18.079.489
2001;26205 - Centro Federal de Educação Tecnológica de Campos;27.830.313;27.821.032;29.172.622;28.819.221;28.819.221;28.683.505
2001;26206 - Centro Federal de Educação Tecnológica do Ceará;22.581.249;22.574.312;21.925.916;21.698.051;21.698.051;20.086.400
2001;26207 - Centro Federal de Educação Tecnológica do Espírito Santo;22.356.795;22.354.029;22.726.737;22.372.806;22.372.806;21.991.067
2001;26208 - Centro Federal de Educação Tecnológica de Goiás;23.283.042;23.276.983;24.213.394;23.608.499;23.608.499;23.506.730
2001;26210 - Centro Federal de Educação Tecnológica de Mato Grosso;16.021.405;16.018.983;16.574.130;16.468.837;16.468.837;16.426.087
2001;26211 - Centro Federal de Educação Tecnológica de Ouro Preto;10.767.596;10.765.083;10.966.943;10.762.458;10.762.458;10.556.236
2001;26212 - Centro Federal de Educação Tecnológica do Pará;26.601.760;26.599.427;27.681.060;27.083.297;27.083.297;26.975.847
2001;26213 - Centro Federal de Educação Tecnológica da Paraíba;31.314.947;31.412.275;31.914.594;31.694.730;31.694.730;31.523.841
2001;26214 - Centro Federal de Educação Tecnológica de Pelotas;25.718.242;25.713.539;25.717.928;25.466.302;25.466.302;25.285.688
2001;26215 - Centro Federal de Educação Tecnológica de Pernambuco;33.010.433;32.999.481;33.238.366;32.792.469;32.792.469;32.620.408
2001;26216 - Centro Federal de Educação Tecnológica do Piauí;16.924.264;16.969.870;17.034.396;15.593.362;15.593.362;15.428.917
2001;26217 - Centro Federal de Educação Tecnológica de Química de Nilópolis;19.545.125;19.836.731;19.262.825;19.511.313;19.511.313;19.053.402
2001;26218 - Centro Federal de Educação Tecnológica do Rio Grande do Norte;28.817.104;28.815.865;29.366.002;29.254.046;29.254.046;29.131.476
2001;26219 - Centro Federal de Educação Tecnológica de Santa Catarina;26.440.317;26.434.997;27.733.929;27.021.328;27.021.328;26.590.914
2001;26220 - Centro Federal de Educação Tecnológica de São Paulo;21.517.096;21.509.814;22.288.822;21.727.986;21.727.986;21.374.990
2001;26221 - Centro Federal de Educação Tecnológica de Sergipe;16.052.570;16.045.583;15.155.224;14.990.068;14.990.068;14.907.378
2001;26222 - Centro Federal de Educação Tecnológica de Roraima;7.195.809;7.260.809;6.904.642;6.855.386;6.855.386;6.476.609
2001;26231 - Universidade Federal de Alagoas;131.588.993;131.589.881;139.549.392;139.197.043;139.197.043;120.229.516
2001;26232 - Universidade Federal da Bahia;269.273.793;283.231.783;296.408.604;284.292.462;284.292.462;272.763.630
2001;26233 - Universidade Federal do Ceará;258.103.092;258.172.378;271.668.320;265.474.357;265.474.357;257.438.892
2001;26234 - Universidade Federal do Espírito Santo;132.811.354;137.292.600;138.235.546;134.238.164;134.238.164;125.860.768
2001;26235 - Universidade Federal de Goiás;159.108.522;159.117.712;169.683.239;168.929.917;168.929.917;165.258.271
2001;26236 - Universidade Federal Fluminense;316.130.749;316.060.219;327.903.260;320.569.345;320.569.345;318.889.837
2001;26237 - Universidade Federal de Juiz de Fora;108.257.214;108.338.233;110.300.150;107.991.566;107.991.566;107.326.364
2001;26238 - Universidade Federal de Minas Gerais;411.898.412;412.477.278;417.861.213;411.393.205;411.393.205;405.147.053
2001;26239 - Universidade Federal do Pará;204.308.790;204.408.984;209.597.780;207.423.382;207.423.382;195.839.247
2001;26240 - Universidade Federal da Paraíba;331.638.836;331.798.955;355.741.469;354.621.162;354.621.162;353.394.021
2001;26241 - Universidade Federal do Paraná;270.675.689;270.868.786;286.221.051;281.209.360;281.209.360;279.426.917
2001;26242 - Universidade Federal de Pernambuco;243.283.061;243.778.046;255.645.404;247.858.631;247.858.631;243.028.376
2001;26243 - Universidade Federal do Rio Grande do Norte;229.400.290;229.369.800;240.497.828;239.790.791;239.790.791;234.309.090
2001;26244 - Universidade Federal do Rio Grande do Sul;318.306.452;318.376.127;336.822.316;331.310.091;331.310.091;329.770.987
2001;26245 - Universidade Federal do Rio de Janeiro;639.835.553;639.692.071;653.647.257;655.859.821;655.859.821;650.578.841
2001;26246 - Universidade Federal de Santa Catarina;295.216.704;295.411.948;306.675.353;280.542.562;280.542.562;275.163.622
2001;26247 - Universidade Federal de Santa Maria;194.709.613;194.680.252;205.386.096;202.159.587;202.159.587;198.766.576
2001;26248 - Universidade Federal Rural de Pernambuco;70.467.975;70.497.984;71.246.628;71.021.900;71.021.900;70.011.532
2001;26249 - Universidade Federal Rural do Rio de Janeiro;90.081.848;90.058.217;95.141.169;94.154.359;94.154.359;92.420.482
2001;26250 - Fundação Universidade Federal de Roraima;17.423.826;18.323.826;19.619.131;19.384.404;19.384.404;18.275.769
2001;26253 - Universidade Federal Rural da Amazônia;26.816.691;26.807.371;27.079.741;26.296.358;26.296.358;26.144.167
2001;26254 - Universidade Federal do Triângulo Mineiro;46.721.057;46.707.373;55.046.959;54.504.928;54.504.928;54.334.287
2001;26255 - Universidade Federal dos Vales do Jequitinhonha e Mucuri;6.192.279;6.192.279;6.800.999;6.323.168;6.323.168;6.207.931
2001;26256 - Centro Federal de Educação Tecnológica Celso Suckow da Fonseca;47.534.300;47.524.946;46.237.923;44.221.835;44.221.835;42.475.144
2001;26257 - Centro Federal de Educação Tecnológica de Minas Gerais;43.189.050;43.180.369;42.668.697;41.573.012;41.573.012;40.997.356
2001;26258 - Universidade Tecnológica Federal do Paraná;77.633.291;78.466.702;81.315.143;72.929.266;72.929.266;69.994.272
2001;26260 - Universidade Federal de Alfenas;16.006.497;16.005.347;15.934.241;15.776.321;15.776.321;15.236.683
2001;26261 - Universidade Federal de Itajubá;23.803.188;23.803.188;24.678.954;24.134.447;24.134.447;23.075.868
2001;26262 - Universidade Federal de São Paulo;145.122.791;145.104.447;179.065.546;156.747.016;156.747.016;150.596.782
2001;26263 - Universidade Federal de Lavras;41.283.983;41.281.306;41.843.286;41.650.938;41.650.938;41.273.587
2001;26264 - Universidade Federal Rural do Semi-Árido;21.850.097;21.850.097;22.001.241;21.983.296;21.983.296;21.890.212
2001;26265 - Centro Federal de Educação Tecnológica do Maranhão;24.930.153;24.930.153;27.221.064;26.978.783;26.978.783;26.743.171
2001;26268 - Fundação Universidade Federal de Rondônia;27.794.039;27.939.023;28.228.872;27.257.397;27.257.397;26.404.345
2001;26269 - Fundação Universidade do Rio de Janeiro;67.700.383;67.678.720;71.782.138;68.884.741;68.884.741;68.690.790
2001;26270 - Fundação Universidade do Amazonas;115.546.026;119.862.514;129.545.798;115.786.848;115.786.848;111.274.073
2001;26271 - Fundação Universidade de Brasília;399.358.568;406.375.214;361.300.906;340.827.764;340.827.764;322.985.962
2001;26272 - Fundação Universidade Federal do Maranhão;123.034.597;123.119.687;139.592.554;133.264.077;133.264.077;122.695.532
2001;26273 - Fundação Universidade Federal do Rio Grande;80.746.721;80.732.767;88.471.158;85.116.063;85.116.063;79.298.147
2001;26274 - Universidade Federal de Uberlândia;170.719.274;170.892.332;193.582.255;188.865.671;188.865.671;181.712.856
2001;26275 - Fundação Universidade Federal do Acre;44.547.607;44.583.069;49.749.458;49.268.597;49.268.597;48.923.849
2001;26276 - Fundação Universidade Federal de Mato Grosso;132.843.611;132.979.453;146.838.334;142.331.485;142.331.485;141.439.982
2001;26277 - Fundação Universidade Federal de Ouro Preto;46.042.896;46.033.590;50.450.708;49.938.518;49.938.518;46.923.840
2001;26278 - Fundação Universidade Federal de Pelotas;98.939.786;98.923.295;119.522.792;117.336.687;117.336.687;116.348.723
2001;26279 - Fundação Universidade Federal do Piauí;98.238.640;98.222.651;108.759.504;108.128.193;108.128.193;105.225.556
2001;26280 - Fundação Universidade Federal de São Carlos;71.623.320;72.191.098;78.231.954;77.747.281;77.747.281;74.452.858
2001;26281 - Fundação Universidade Federal de Sergipe;72.797.909;72.783.822;77.998.058;77.507.133;77.507.133;76.476.328
2001;26282 - Fundação Universidade Federal de Viçosa;129.598.655;129.706.207;143.502.280;139.094.041;139.094.041;135.476.596
2001;26283 - Fundação Universidade Federal de Mato Grosso do Sul;126.821.170;126.800.168;140.078.816;138.473.736;138.473.736;137.789.956
2001;26284 - Fundação Universidade Federal de Ciências da Saúde de Porto Alegre;11.153.888;11.153.888;12.107.552;11.940.970;11.940.970;11.164.330
2001;26285 - Fundação Universidade Federal de São João del-Rei;18.460.238;18.457.745;19.712.425;19.317.660;19.317.660;19.123.222
2001;26286 - Fundação Universidade Federal do Amapá;10.046.608;10.245.471;12.338.283;11.151.001;11.151.001;10.498.280
2001;26290 - Instituto Nacional de Estudos e Pesquisas Educacionais Anísio Teixeira;87.489.084;107.126.387;123.853.652;107.636.865;107.636.865;106.110.800
2001;26291 - Fundação Coordenação de Aperfeiçoamento de Pessoal de Nível Superior;456.037.138;467.127.476;507.869.850;500.082.874;500.082.874;403.937.569
2001;26292 - Fundação Joaquim Nabuco;40.458.294;40.387.043;39.402.456;36.322.581;36.322.581;36.227.963
2001;26294 - Hospital de Clínicas de Porto Alegre;175.102.264;175.102.264;209.574.767;188.977.299;188.977.299;186.577.004
2001;26298 - Fundo Nacional de Desenvolvimento da Educação;4.404.308.868;4.912.681.619;3.397.500.561;2.953.324.142;2.953.324.142;2.620.710.760
2001;26301 - Centro Federal de Educação Tecnológica da Bahia;28.546.124;28.637.830;29.594.715;28.873.691;28.873.691;28.502.351
2001;26302 - Escola Agrotécnica Federal de Alegre - ES;7.598.943;7.598.943;7.435.970;7.097.901;7.097.901;7.026.479
2001;26303 - Escola Agrotécnica Federal de Alegrete - RS;3.533.879;3.533.879;3.736.133;3.618.559;3.618.559;3.554.634
2001;26304 - Escola Agrotécnica Federal de Araguatins - TO;3.134.058;3.134.058;2.995.222;2.952.722;2.952.722;2.828.573
2001;26305 - Centro Federal de Educação Tecnológica de Bambui - MG;6.421.949;6.421.949;6.962.181;6.842.319;6.842.319;6.762.432
2001;26306 - Escola Agrotécnica Federal de Barbacena - MG;9.718.122;9.718.122;10.108.838;10.065.421;10.065.421;9.943.972
2001;26307 - Escola Agrotécnica Federal de Barreiros - PE;5.593.386;5.592.381;5.757.976;5.616.130;5.616.130;5.546.064
2001;26308 - Escola Agrotécnica Federal de Belo Jardim - PE;5.414.865;5.414.865;5.143.708;5.060.983;5.060.983;4.991.402
2001;26309 - Centro Federal de Educação Tecnológica de Bento Gonçalves - RS;5.769.876;5.769.876;6.489.321;6.325.896;6.325.896;6.098.760
2001;26310 - Escola Agrotécnica Federal de Cáceres - MT;4.283.237;4.283.237;3.627.875;3.458.268;3.458.268;3.458.078
2001;26311 - Escola Agrotécnica Federal de Castanhal - PA;5.455.885;5.454.587;5.254.534;5.015.012;5.015.012;4.858.752
2001;26312 - Escola Agrotécnica Federal de Catu - BA;5.046.999;5.046.999;5.507.190;5.317.830;5.317.830;5.215.810
2001;26313 - Escola Agrotécnica Federal de Colatina - ES;5.841.162;5.841.162;5.927.720;5.880.165;5.880.165;5.744.134
2001;26314 - Escola Agrotécnica Federal de Concórdia - SC;4.106.302;4.106.302;4.223.123;4.171.008;4.171.008;4.078.650
2001;26315 - Escola Agrotécnica Federal de Crato - CE;5.184.936;5.184.936;5.255.762;5.155.931;5.155.931;5.130.273
2001;26316 - Centro Federal de Educação Tecnológica de Cuiabá - MT;5.777.970;5.774.845;5.749.320;5.267.633;5.267.633;5.189.612
2001;26317 - Escola Agrotécnica Federal de Iguatu - CE;5.420.341;5.420.341;5.878.091;5.680.424;5.680.424;5.627.955
2001;26318 - Escola Agrotécnica Federal de Inconfidentes Visconde de Mauá - MG;6.117.343;6.117.343;6.093.158;6.007.798;6.007.798;5.902.801
2001;26319 - Centro Federal de Educação Tecnológica de Januária;5.312.167;5.312.167;5.293.259;5.103.436;5.103.436;4.994.128
2001;26320 - Escola Agrotécnica Federal de Machado - MG;6.007.410;6.007.410;6.626.105;6.511.290;6.511.290;6.398.610
2001;26321 - Escola Agrotécnica Federal de Manaus - AM;5.615.525;5.613.376;5.804.645;5.409.682;5.409.682;5.330.233
2001;26322 - Escola Agrotécnica Federal de Muzambinho - MG;6.165.181;6.165.181;6.756.975;6.661.585;6.661.585;6.326.803
2001;26323 - Centro Federal de Educação Tecnológica de Petrolina;4.878.092;4.932.492;5.516.849;3.472.280;3.472.280;3.325.759
2001;26324 - Centro Federal de Educação Tecnológica de Rio Pomba;6.331.341;6.331.341;6.802.323;6.605.497;6.605.497;6.427.735
2001;26325 - Centro Federal de Educação Tecnológica de Rio Verde - GO;5.343.214;5.343.214;5.196.586;4.868.196;4.868.196;4.779.281
2001;26326 - Escola Agrotécnica Federal de Salinas Clemente Medrado - MG;4.911.235;4.911.235;4.772.658;4.767.850;4.767.850;4.665.935
2001;26327 - Escola Agrotécnica Federal de Santa Teresa- ES;7.647.789;7.647.789;7.612.622;7.492.851;7.492.851;7.419.006
2001;26328 - Escola Agrotécnica Federal de São Cristóvão - SE;5.857.744;5.857.744;6.421.979;6.322.371;6.322.371;6.234.000
2001;26329 - Escola Agrotécnica Federal de São João Evangelista Nelson de Senna - MG;5.013.608;5.013.608;4.686.641;4.675.158;4.675.158;4.640.143
2001;26330 - Escola Agrotécnica Federal de São Luís - MA;4.863.914;4.862.856;4.859.565;4.791.991;4.791.991;4.740.976
2001;26331 - Centro Federal de Educação Tecnológica de São Vicente do Sul;4.910.303;4.910.303;5.302.670;5.019.726;5.019.726;4.891.852
2001;26332 - Escola Agrotécnica Federal de Satuba - AL;9.121.344;9.121.344;10.978.894;10.534.824;10.534.824;10.440.148
2001;26333 - Escola Agrotécnica Federal de Sertão - RS;5.151.108;5.151.108;5.380.305;5.148.134;5.148.134;5.131.143
2001;26334 - Escola Agrotécnica Federal de Sousa - PB;4.133.677;4.133.677;4.377.105;4.331.507;4.331.507;4.116.796
2001;26335 - Centro Federal de Educação Tecnológica de Uberaba - MG;6.600.574;6.599.282;7.327.810;7.262.224;7.262.224;7.008.663
2001;26336 - Escola Agrotécnica Federal de Uberlândia - MG;5.604.714;5.603.756;5.911.036;5.480.480;5.480.480;5.278.853
2001;26337 - Centro Federal de Educação Tecnológica de Urutaí - GO;5.500.145;5.500.145;5.540.243;5.474.775;5.474.775;4.989.351
2001;26338 - Escola Agrotécnica Federal de Vitória de Santo Antão João Cleófas - PE;5.512.219;5.510.940;5.417.181;5.291.677;5.291.677;5.224.219
2001;26339 - Escola Agrotécnica Federal de São Gabriel da Cachoeira - AM;2.737.646;2.737.646;2.471.906;2.426.422;2.426.422;2.346.365
2001;26340 - Escola Agrotécnica Federal de Sombrio - SC;4.038.520;4.038.520;4.223.618;4.139.224;4.139.224;4.064.209
2001;26341 - Escola Agrotécnica Federal de Ceres - GO;3.119.097;3.119.097;2.722.136;2.613.087;2.613.087;2.484.337
2001;26342 - Escola Agrotécnica Federal de Colorado do Oeste - RO;3.446.606;3.445.597;3.426.123;3.248.992;3.248.992;3.161.657
2001;26343 - Escola Agrotécnica Federal de Codó - MA;2.433.623;2.432.273;2.342.247;2.227.217;2.227.217;2.161.190
2001;26344 - Escola Agrotécnica Federal Antônio José Teixeira - Guanambi - BA;2.711.594;2.711.594;2.701.321;2.680.450;2.680.450;2.462.862
2001;26345 - Escola Agrotécnica Federal de Rio do Sul - SC;4.346.278;4.346.278;4.639.133;4.573.852;4.573.852;4.370.343
2001;26346 - Escola Agrotécnica Federal de Santa Inês - BA;2.600.049;2.600.049;2.056.544;2.040.631;2.040.631;1.998.406
2001;26347 - Escola Agrotécnica Federal do Senhor do Bomfim - BA;2.073.889;2.073.889;2.178.841;2.095.844;2.095.844;2.043.036
2001;26907 - Fundo de Financiamento ao Estudante do Ensino Superior;590.369.568;590.369.568;615.369.568;467.957.831;467.957.831;384.572.885
2002;26101 - Ministério da Educação - Administração Direta;3.636.546.689;4.411.437.692;3.746.959.289;3.116.548.182;3.116.548.182;2.648.843.650
2002;26104 - Instituto Nacional de Educação de Surdos;20.873.644;20.196.596;23.260.981;23.020.023;23.020.023;22.681.209
2002;26105 - Instituto Benjamin Constant;16.154.432;15.482.914;17.317.849;16.955.799;16.955.799;16.590.694
2002;26201 - Colégio Pedro II;111.712.324;108.535.399;138.912.036;138.714.217;138.714.217;136.869.009
2002;26202 - Centro Federal de Educação Tecnológica de Alagoas;29.046.723;28.464.023;31.768.644;31.590.659;31.590.659;28.994.995
2002;26203 - Centro Federal de Educação Tecnológica do Amazonas;19.664.559;19.651.750;22.172.263;21.471.587;21.471.587;20.826.547
2002;26205 - Centro Federal de Educação Tecnológica de Campos;33.272.260;32.949.225;37.126.982;36.878.064;36.878.064;35.467.580
2002;26206 - Centro Federal de Educação Tecnológica do Ceará;23.865.213;23.528.993;27.395.559;27.197.985;27.197.985;27.047.423
2002;26207 - Centro Federal de Educação Tecnológica do Espírito Santo;24.258.759;28.498.901;31.814.806;28.609.069;28.609.069;27.011.691
2002;26208 - Centro Federal de Educação Tecnológica de Goiás;25.317.787;24.966.111;29.383.685;29.120.243;29.120.243;28.692.456
2002;26210 - Centro Federal de Educação Tecnológica de Mato Grosso;17.431.834;17.119.430;18.600.436;18.418.506;18.418.506;18.409.465
2002;26211 - Centro Federal de Educação Tecnológica de Ouro Preto;11.489.117;11.347.080;13.212.595;13.150.167;13.150.167;12.977.426
2002;26212 - Centro Federal de Educação Tecnológica do Pará;26.387.924;26.007.181;28.287.788;26.795.089;26.795.089;26.474.859
2002;26213 - Centro Federal de Educação Tecnológica da Paraíba;40.787.470;40.098.611;44.689.027;44.210.956;44.210.956;43.994.250
2002;26214 - Centro Federal de Educação Tecnológica de Pelotas;26.061.998;25.712.266;32.533.556;32.390.698;32.390.698;32.043.933
2002;26215 - Centro Federal de Educação Tecnológica de Pernambuco;35.027.081;34.617.032;37.262.595;36.635.551;36.635.551;36.311.345
2002;26216 - Centro Federal de Educação Tecnológica do Piauí;18.262.626;18.181.802;20.752.403;20.121.867;20.121.867;19.644.177
2002;26217 - Centro Federal de Educação Tecnológica de Química de Nilópolis;21.093.742;20.658.323;23.387.453;23.162.914;23.162.914;22.909.867
2002;26218 - Centro Federal de Educação Tecnológica do Rio Grande do Norte;30.818.833;30.106.185;36.021.247;35.890.056;35.890.056;35.659.901
2002;26219 - Centro Federal de Educação Tecnológica de Santa Catarina;27.385.946;27.090.985;30.970.886;30.137.380;30.137.380;29.784.967
2002;26220 - Centro Federal de Educação Tecnológica de São Paulo;23.076.404;22.786.215;26.456.065;26.033.031;26.033.031;25.617.995
2002;26221 - Centro Federal de Educação Tecnológica de Sergipe;16.784.912;16.459.286;18.381.562;18.074.997;18.074.997;17.346.906
2002;26222 - Centro Federal de Educação Tecnológica de Roraima;7.731.577;8.005.999;8.902.341;8.586.587;8.586.587;8.416.688
2002;26223 - Escola Técnica Federal de Palmas - TO;6.000.000;6.000.000;4.000.000;1.750.000;1.750.000;226.168
2002;26231 - Universidade Federal de Alagoas;128.849.609;123.960.797;144.227.727;143.026.404;143.026.404;139.786.197
2002;26232 - Universidade Federal da Bahia;291.167.509;294.742.224;341.193.309;323.826.003;323.826.003;316.745.696
2002;26233 - Universidade Federal do Ceará;273.979.121;253.684.832;308.704.720;307.820.967;307.820.967;304.335.844
2002;26234 - Universidade Federal do Espírito Santo;139.691.702;141.727.995;157.854.858;154.191.391;154.191.391;149.957.678
2002;26235 - Universidade Federal de Goiás;175.387.614;172.223.213;202.055.838;201.447.322;201.447.322;196.550.180
2002;26236 - Universidade Federal Fluminense;350.855.651;345.276.044;390.940.452;383.819.475;383.819.475;380.574.506
2002;26237 - Universidade Federal de Juiz de Fora;118.785.745;117.119.512;132.953.960;131.552.959;131.552.959;129.840.790
2002;26238 - Universidade Federal de Minas Gerais;444.931.774;437.757.124;496.563.168;469.130.916;469.130.916;461.712.746
2002;26239 - Universidade Federal do Pará;215.482.021;212.369.850;238.787.218;238.322.672;238.322.672;233.641.599
2002;26240 - Universidade Federal da Paraíba;371.011.199;371.134.327;423.443.186;417.079.330;417.079.330;414.016.151
2002;26241 - Universidade Federal do Paraná;298.865.056;292.891.453;324.509.002;319.439.111;319.439.111;316.915.855
2002;26242 - Universidade Federal de Pernambuco;264.782.013;260.598.271;300.063.686;291.644.301;291.644.301;287.767.656
2002;26243 - Universidade Federal do Rio Grande do Norte;252.162.141;247.017.772;312.182.197;310.656.158;310.656.158;296.293.914
2002;26244 - Universidade Federal do Rio Grande do Sul;360.698.907;348.381.001;400.480.971;390.109.909;390.109.909;388.017.811
2002;26245 - Universidade Federal do Rio de Janeiro;666.077.510;617.879.968;774.354.911;767.802.214;767.802.214;764.364.229
2002;26246 - Universidade Federal de Santa Catarina;283.385.155;270.935.586;336.355.394;327.683.772;327.683.772;322.075.706
2002;26247 - Universidade Federal de Santa Maria;201.885.065;194.600.595;240.879.422;235.276.637;235.276.637;232.447.034
2002;26248 - Universidade Federal Rural de Pernambuco;75.973.091;74.371.194;86.659.894;86.417.326;86.417.326;85.654.813
2002;26249 - Universidade Federal Rural do Rio de Janeiro;100.849.377;98.925.323;111.568.670;109.954.342;109.954.342;107.239.138
2002;26250 - Fundação Universidade Federal de Roraima;17.836.037;18.055.703;22.316.900;22.284.752;22.284.752;20.868.253
2002;26251 - Fundação Universidade Federal do Tocantins;16.000.000;16.000.000;9.051.731;5.045.849;5.045.849;1.416.569
2002;26253 - Universidade Federal Rural da Amazônia;28.060.081;27.757.664;30.912.334;30.846.744;30.846.744;30.438.555
2002;26254 - Universidade Federal do Triângulo Mineiro;53.656.421;53.332.440;66.550.781;65.491.034;65.491.034;64.958.668
2002;26255 - Universidade Federal dos Vales do Jequitinhonha e Mucuri;6.656.587;6.579.074;8.224.671;7.712.852;7.712.852;7.576.435
2002;26256 - Centro Federal de Educação Tecnológica Celso Suckow da Fonseca;48.679.714;47.927.399;54.005.827;52.436.434;52.436.434;51.716.329
2002;26257 - Centro Federal de Educação Tecnológica de Minas Gerais;46.062.208;45.364.624;51.376.771;50.252.561;50.252.561;49.864.934
2002;26258 - Universidade Tecnológica Federal do Paraná;85.493.760;85.258.016;96.157.524;85.466.557;85.466.557;83.848.734
2002;26260 - Universidade Federal de Alfenas;16.513.027;16.253.104;18.507.282;18.228.729;18.228.729;17.793.468
2002;26261 - Universidade Federal de Itajubá;25.236.162;24.480.213;28.278.457;27.953.687;27.953.687;27.362.786
2002;26262 - Universidade Federal de São Paulo;178.183.086;176.946.793;260.671.032;170.156.965;170.156.965;167.076.239
2002;26263 - Universidade Federal de Lavras;41.761.134;41.373.123;46.448.539;46.369.945;46.369.945;46.163.709
2002;26264 - Universidade Federal Rural do Semi-Árido;23.769.632;22.445.285;27.122.181;27.090.288;27.090.288;27.002.053
2002;26265 - Centro Federal de Educação Tecnológica do Maranhão;26.787.460;26.362.487;31.343.757;31.017.876;31.017.876;30.279.128
2002;26268 - Fundação Universidade Federal de Rondônia;27.357.101;27.178.743;30.614.884;29.503.833;29.503.833;28.951.295
2002;26269 - Fundação Universidade do Rio de Janeiro;76.121.035;74.829.252;84.994.064;78.942.071;78.942.071;77.101.558
2002;26270 - Fundação Universidade do Amazonas;123.918.236;129.088.115;143.058.213;122.219.004;122.219.004;118.496.109
2002;26271 - Fundação Universidade de Brasília;367.706.102;352.400.434;398.228.748;371.869.193;371.869.193;366.674.967
2002;26272 - Fundação Universidade Federal do Maranhão;130.194.759;123.065.419;149.297.894;141.179.044;141.179.044;135.415.640
2002;26273 - Fundação Universidade Federal do Rio Grande;83.822.120;79.153.356;106.580.790;103.725.009;103.725.009;94.687.054
2002;26274 - Universidade Federal de Uberlândia;190.159.569;188.555.421;206.913.337;202.530.377;202.530.377;198.836.437
2002;26275 - Fundação Universidade Federal do Acre;50.303.371;48.852.694;54.742.391;54.599.692;54.599.692;52.600.989
2002;26276 - Fundação Universidade Federal de Mato Grosso;142.562.300;141.190.503;150.670.268;146.729.089;146.729.089;145.817.660
2002;26277 - Fundação Universidade Federal de Ouro Preto;49.971.257;49.624.541;55.071.974;54.939.742;54.939.742;54.265.336
2002;26278 - Fundação Universidade Federal de Pelotas;108.484.116;107.103.318;136.191.629;133.077.428;133.077.428;131.408.420
2002;26279 - Fundação Universidade Federal do Piauí;102.648.282;101.144.785;114.632.959;114.514.096;114.514.096;111.942.894
2002;26280 - Fundação Universidade Federal de São Carlos;74.453.866;73.820.827;83.723.414;82.938.325;82.938.325;80.785.173
2002;26281 - Fundação Universidade Federal de Sergipe;81.279.263;80.315.734;88.998.684;87.784.291;87.784.291;86.194.671
2002;26282 - Fundação Universidade Federal de Viçosa;189.344.777;187.215.804;205.663.250;203.055.276;203.055.276;202.112.190
2002;26283 - Fundação Universidade Federal de Mato Grosso do Sul;131.919.900;130.254.496;144.245.685;141.864.878;141.864.878;140.346.985
2002;26284 - Fundação Universidade Federal de Ciências da Saúde de Porto Alegre;12.439.482;12.329.653;13.695.518;13.306.410;13.306.410;12.892.105
2002;26285 - Fundação Universidade Federal de São João del-Rei;19.346.555;19.179.856;21.676.679;21.584.066;21.584.066;21.062.755
2002;26286 - Fundação Universidade Federal do Amapá;11.460.529;11.452.446;14.689.651;14.048.249;14.048.249;13.702.788
2002;26290 - Instituto Nacional de Estudos e Pesquisas Educacionais Anísio Teixeira;138.411.560;138.182.973;139.542.334;128.968.752;128.968.752;125.529.404
2002;26291 - Fundação Coordenação de Aperfeiçoamento de Pessoal de Nível Superior;475.325.696;475.062.463;515.513.311;520.424.121;520.424.121;399.354.064
2002;26292 - Fundação Joaquim Nabuco;35.316.946;34.617.494;39.104.802;36.851.653;36.851.653;36.556.135
2002;26294 - Hospital de Clínicas de Porto Alegre;169.013.729;169.013.729;188.486.124;168.351.280;168.351.280;165.911.002
2002;26298 - Fundo Nacional de Desenvolvimento da Educação;3.103.827.463;3.217.308.232;3.254.766.951;2.659.931.890;2.659.931.890;2.611.844.961
2002;26301 - Centro Federal de Educação Tecnológica da Bahia;30.607.487;30.221.570;36.006.899;35.838.666;35.838.666;35.380.457
2002;26302 - Escola Agrotécnica Federal de Alegre - ES;7.694.732;7.505.796;7.998.397;7.973.437;7.973.437;7.761.287
2002;26303 - Escola Agrotécnica Federal de Alegrete - RS;3.797.577;3.763.187;4.246.829;4.037.861;4.037.861;3.903.843
2002;26304 - Escola Agrotécnica Federal de Araguatins - TO;3.357.784;3.355.887;3.783.952;3.615.905;3.615.905;3.440.363
2002;26305 - Centro Federal de Educação Tecnológica de Bambui - MG;6.682.488;6.584.057;7.334.901;7.266.604;7.266.604;7.159.168
2002;26306 - Escola Agrotécnica Federal de Barbacena - MG;10.907.873;10.634.400;12.157.980;12.144.833;12.144.833;11.965.325
2002;26307 - Escola Agrotécnica Federal de Barreiros - PE;5.882.697;5.761.957;6.354.759;6.249.001;6.249.001;6.227.916
2002;26308 - Escola Agrotécnica Federal de Belo Jardim - PE;5.246.097;5.087.821;5.958.873;5.678.932;5.678.932;5.603.992
2002;26309 - Centro Federal de Educação Tecnológica de Bento Gonçalves - RS;6.010.037;5.885.274;6.972.744;6.673.883;6.673.883;6.468.577
2002;26310 - Escola Agrotécnica Federal de Cáceres - MT;3.639.955;3.625.054;4.163.439;4.055.390;4.055.390;4.016.232
2002;26311 - Escola Agrotécnica Federal de Castanhal - PA;5.819.174;5.872.368;6.398.684;5.633.237;5.633.237;5.531.984
2002;26312 - Escola Agrotécnica Federal de Catu - BA;5.035.371;4.897.792;5.754.251;5.724.849;5.724.849;5.434.229
2002;26313 - Escola Agrotécnica Federal de Colatina - ES;6.158.983;6.002.618;6.685.689;6.634.813;6.634.813;6.468.982
2002;26314 - Escola Agrotécnica Federal de Concórdia - SC;4.243.442;4.197.322;5.072.771;4.982.994;4.982.994;4.696.042
2002;26315 - Escola Agrotécnica Federal de Crato - CE;5.735.040;5.564.209;6.182.494;6.146.824;6.146.824;6.081.074
2002;26316 - Centro Federal de Educação Tecnológica de Cuiabá - MT;5.246.277;5.156.839;6.136.813;6.039.706;6.039.706;5.886.769
2002;26317 - Escola Agrotécnica Federal de Iguatu - CE;5.931.677;5.670.114;8.510.113;8.439.626;8.439.626;8.346.675
2002;26318 - Escola Agrotécnica Federal de Inconfidentes Visconde de Mauá - MG;6.615.307;6.527.495;7.578.203;7.488.144;7.488.144;7.352.062
2002;26319 - Centro Federal de Educação Tecnológica de Januária;5.134.860;5.045.221;5.696.042;5.569.199;5.569.199;5.487.393
2002;26320 - Escola Agrotécnica Federal de Machado - MG;6.869.369;6.715.172;7.809.183;7.724.054;7.724.054;7.409.645
2002;26321 - Escola Agrotécnica Federal de Manaus - AM;5.838.267;5.762.668;6.347.421;5.789.579;5.789.579;5.536.241
2002;26322 - Escola Agrotécnica Federal de Muzambinho - MG;6.815.928;6.676.671;7.710.909;7.594.926;7.594.926;7.383.349
2002;26323 - Centro Federal de Educação Tecnológica de Petrolina;5.029.254;5.026.254;9.806.211;8.017.029;8.017.029;7.817.280
2002;26324 - Centro Federal de Educação Tecnológica de Rio Pomba;6.964.346;6.837.515;7.808.746;7.665.981;7.665.981;7.506.059
2002;26325 - Centro Federal de Educação Tecnológica de Rio Verde - GO;5.223.183;5.166.261;6.083.193;5.935.717;5.935.717;5.842.042
2002;26326 - Escola Agrotécnica Federal de Salinas Clemente Medrado - MG;5.125.044;5.005.030;5.899.689;5.888.691;5.888.691;5.746.515
2002;26327 - Escola Agrotécnica Federal de Santa Teresa- ES;7.770.623;7.477.204;8.798.612;8.778.392;8.778.392;8.671.890
2002;26328 - Escola Agrotécnica Federal de São Cristóvão - SE;64.204.608;64.060.463;64.882.692;64.835.182;64.835.182;64.591.852
2002;26329 - Escola Agrotécnica Federal de São João Evangelista Nelson de Senna - MG;5.005.829;4.964.479;5.520.535;5.484.915;5.484.915;5.435.788
2002;26330 - Escola Agrotécnica Federal de São Luís - MA;5.217.340;5.151.006;5.815.453;5.628.377;5.628.377;5.430.613
2002;26331 - Centro Federal de Educação Tecnológica de São Vicente do Sul;4.765.234;4.720.133;5.517.081;5.495.218;5.495.218;5.188.754
2002;26332 - Escola Agrotécnica Federal de Satuba - AL;6.925.952;6.636.861;7.890.098;7.860.758;7.860.758;7.747.826
2002;26333 - Escola Agrotécnica Federal de Sertão - RS;5.190.574;5.120.143;5.733.349;5.634.211;5.634.211;5.560.102
2002;26334 - Escola Agrotécnica Federal de Sousa - PB;4.171.813;4.139.667;4.731.362;4.716.244;4.716.244;4.567.635
2002;26335 - Centro Federal de Educação Tecnológica de Uberaba - MG;7.122.485;7.041.655;9.003.911;8.673.397;8.673.397;8.010.887
2002;26336 - Escola Agrotécnica Federal de Uberlândia - MG;5.738.043;5.654.113;6.758.824;6.689.752;6.689.752;6.206.925
2002;26337 - Centro Federal de Educação Tecnológica de Urutaí - GO;5.842.731;5.770.089;6.698.446;6.601.098;6.601.098;6.371.296
2002;26338 - Escola Agrotécnica Federal de Vitória de Santo Antão João Cleófas - PE;5.576.565;5.491.442;6.194.557;6.123.989;6.123.989;6.048.421
2002;26339 - Escola Agrotécnica Federal de São Gabriel da Cachoeira - AM;2.679.268;2.678.453;2.693.394;2.635.276;2.635.276;2.514.606
2002;26340 - Escola Agrotécnica Federal de Sombrio - SC;4.238.063;4.219.279;4.819.898;4.735.722;4.735.722;4.518.116
2002;26341 - Escola Agrotécnica Federal de Ceres - GO;2.973.242;2.971.652;3.530.640;3.242.370;3.242.370;3.018.575
2002;26342 - Escola Agrotécnica Federal de Colorado do Oeste - RO;3.287.832;3.279.530;3.669.126;3.592.823;3.592.823;3.448.962
2002;26343 - Escola Agrotécnica Federal de Codó - MA;2.256.968;2.256.968;2.523.098;2.493.602;2.493.602;2.359.534
2002;26344 - Escola Agrotécnica Federal Antônio José Teixeira - Guanambi - BA;2.623.025;2.622.277;2.917.361;2.826.170;2.826.170;2.773.276
2002;26345 - Escola Agrotécnica Federal de Rio do Sul - SC;3.927.518;3.915.047;4.734.136;4.699.529;4.699.529;4.512.547
2002;26346 - Escola Agrotécnica Federal de Santa Inês - BA;2.191.005;2.191.005;2.480.028;2.372.070;2.372.070;2.320.034
2002;26347 - Escola Agrotécnica Federal do Senhor do Bomfim - BA;1.886.944;1.884.282;2.400.416;2.274.434;2.274.434;2.258.197
2002;26907 - Fundo de Financiamento ao Estudante do Ensino Superior;624.017.960;624.017.960;624.017.960;607.149.423;607.149.423;515.083.049
2003;26101 - Ministério da Educação - Administração Direta;3.216.617.064;3.454.040.064;3.126.161.331;2.821.414.180;2.820.272.108;2.502.234.340
2003;26104 - Instituto Nacional de Educação de Surdos;26.987.803;26.987.803;27.904.569;27.175.873;27.175.873;25.988.204
2003;26105 - Instituto Benjamin Constant;20.527.153;20.527.153;21.014.225;20.558.154;20.558.154;18.518.553
2003;26201 - Colégio Pedro II;142.722.147;142.922.147;135.680.336;135.478.855;135.478.855;135.476.036
2003;26202 - Centro Federal de Educação Tecnológica de Alagoas;34.838.486;34.838.486;37.245.466;35.915.768;35.915.768;35.133.343
2003;26203 - Centro Federal de Educação Tecnológica do Amazonas;23.571.441;29.021.441;29.461.688;23.795.248;23.795.248;23.322.467
2003;26205 - Centro Federal de Educação Tecnológica de Campos;36.816.694;36.816.694;40.482.461;40.453.594;40.453.594;39.790.782
2003;26206 - Centro Federal de Educação Tecnológica do Ceará;31.699.550;31.929.550;31.929.074;31.499.341;31.499.341;31.128.303
2003;26207 - Centro Federal de Educação Tecnológica do Espírito Santo;29.560.132;33.560.132;34.847.638;31.257.005;31.257.005;30.136.969
2003;26208 - Centro Federal de Educação Tecnológica de Goiás;30.339.722;30.559.722;31.496.339;31.017.644;31.017.644;30.068.967
2003;26210 - Centro Federal de Educação Tecnológica de Mato Grosso;26.285.835;26.285.835;25.054.954;24.016.690;24.016.690;23.834.162
2003;26211 - Centro Federal de Educação Tecnológica de Ouro Preto;15.632.659;15.632.659;15.212.027;15.208.009;15.208.009;14.711.759
2003;26212 - Centro Federal de Educação Tecnológica do Pará;30.459.472;30.459.472;45.990.249;45.715.833;45.715.833;28.577.643
2003;26213 - Centro Federal de Educação Tecnológica da Paraíba;36.909.485;37.009.485;52.349.677;52.054.010;52.054.010;51.403.095
2003;26214 - Centro Federal de Educação Tecnológica de Pelotas;31.557.244;31.557.244;34.796.598;34.429.783;34.429.783;33.982.803
2003;26215 - Centro Federal de Educação Tecnológica de Pernambuco;40.220.150;40.220.150;40.445.154;39.123.397;39.123.397;38.571.627
2003;26216 - Centro Federal de Educação Tecnológica do Piauí;20.688.043;20.688.043;22.977.478;22.779.793;22.779.793;22.330.409
2003;26217 - Centro Federal de Educação Tecnológica de Química de Nilópolis;24.003.255;24.503.255;27.506.643;25.672.410;25.672.410;25.345.757
2003;26218 - Centro Federal de Educação Tecnológica do Rio Grande do Norte;37.076.814;37.076.814;40.881.191;40.704.643;40.704.643;39.439.018
2003;26219 - Centro Federal de Educação Tecnológica de Santa Catarina;31.764.767;31.764.767;35.610.031;35.516.212;35.516.212;35.015.711
2003;26220 - Centro Federal de Educação Tecnológica de São Paulo;27.309.900;27.309.900;31.328.016;30.938.408;30.937.057;30.056.760
2003;26221 - Centro Federal de Educação Tecnológica de Sergipe;18.779.174;18.779.174;21.034.992;20.855.916;20.855.916;20.683.290
2003;26222 - Centro Federal de Educação Tecnológica de Roraima;10.142.156;10.842.156;11.265.401;10.282.695;10.282.695;9.563.273
2003;26223 - Escola Técnica Federal de Palmas - TO;10.562.135;10.562.135;3.103.827;3.103.701;3.103.701;2.526.813
2003;26231 - Universidade Federal de Alagoas;147.012.631;147.212.631;162.763.080;161.830.904;161.830.904;158.170.694
2003;26232 - Universidade Federal da Bahia;325.263.579;335.263.579;356.270.581;345.940.819;345.940.819;344.551.412
2003;26233 - Universidade Federal do Ceará;318.447.807;318.907.807;362.380.789;362.096.786;362.096.786;359.652.209
2003;26234 - Universidade Federal do Espírito Santo;160.604.754;160.604.754;165.825.417;165.000.587;165.000.587;163.122.783
2003;26235 - Universidade Federal de Goiás;223.170.400;223.370.400;233.660.086;232.189.789;232.189.789;229.344.999
2003;26236 - Universidade Federal Fluminense;392.751.734;394.001.734;416.486.490;414.688.555;414.688.555;412.840.596
2003;26237 - Universidade Federal de Juiz de Fora;140.981.534;140.981.534;142.037.909;141.606.376;141.606.376;141.043.008
2003;26238 - Universidade Federal de Minas Gerais;480.095.186;481.375.186;515.794.467;505.477.106;505.477.106;502.092.100
2003;26239 - Universidade Federal do Pará;250.117.854;250.537.854;269.600.867;268.204.796;268.204.796;261.529.716
2003;26240 - Universidade Federal da Paraíba;397.026.411;397.526.411;386.751.847;384.665.822;384.650.147;382.401.406
2003;26241 - Universidade Federal do Paraná;324.601.418;331.801.418;347.267.664;339.521.270;339.521.270;337.407.175
2003;26242 - Universidade Federal de Pernambuco;297.880.290;298.605.290;323.846.286;322.751.419;322.751.419;320.465.791
2003;26243 - Universidade Federal do Rio Grande do Norte;286.920.812;286.920.812;306.081.708;300.009.920;300.009.920;297.425.246
2003;26244 - Universidade Federal do Rio Grande do Sul;408.691.930;408.691.930;412.565.115;411.433.458;411.433.458;410.083.531
2003;26245 - Universidade Federal do Rio de Janeiro;788.356.639;788.356.639;908.549.919;908.503.088;908.498.938;889.531.437
2003;26246 - Universidade Federal de Santa Catarina;322.362.516;322.362.516;353.143.931;348.377.495;348.377.495;344.342.079
2003;26247 - Universidade Federal de Santa Maria;249.800.411;249.800.411;263.724.283;260.396.380;260.396.380;258.547.685
2003;26248 - Universidade Federal Rural de Pernambuco;86.800.721;86.800.721;94.253.991;94.195.792;94.195.792;93.053.870
2003;26249 - Universidade Federal Rural do Rio de Janeiro;111.013.754;111.013.754;120.333.754;119.966.575;119.966.575;117.856.079
2003;26250 - Fundação Universidade Federal de Roraima;22.382.711;22.682.711;25.869.619;25.178.459;25.178.459;24.378.100
2003;26251 - Fundação Universidade Federal do Tocantins;30.503.045;30.503.045;18.291.372;18.239.384;18.239.384;9.132.375
2003;26252 - Universidade Federal de Campina Grande;62.035.731;62.285.731;76.808.572;76.776.482;76.776.482;76.034.159
2003;26253 - Universidade Federal Rural da Amazônia;32.849.811;32.919.811;32.741.939;32.416.418;32.416.418;32.288.441
2003;26254 - Universidade Federal do Triângulo Mineiro;68.248.825;68.248.825;60.653.557;60.492.249;60.492.249;60.069.312
2003;26255 - Universidade Federal dos Vales do Jequitinhonha e Mucuri;10.788.303;10.788.303;10.359.302;10.297.995;10.297.995;10.176.427
2003;26256 - Centro Federal de Educação Tecnológica Celso Suckow da Fonseca;56.308.011;56.308.011;56.204.859;55.950.632;55.950.632;55.167.275
2003;26257 - Centro Federal de Educação Tecnológica de Minas Gerais;52.230.096;52.230.096;55.926.068;55.828.194;55.828.194;55.349.469
2003;26258 - Universidade Tecnológica Federal do Paraná;93.764.681;94.964.681;93.933.454;91.791.554;91.791.554;91.437.784
2003;26260 - Universidade Federal de Alfenas;20.301.978;20.301.978;20.473.867;20.197.278;20.197.278;19.603.659
2003;26261 - Universidade Federal de Itajubá;30.402.387;30.402.387;33.188.412;32.875.961;32.875.961;31.796.408
2003;26262 - Universidade Federal de São Paulo;243.704.034;243.704.034;250.464.105;198.975.250;198.975.250;196.226.983
2003;26263 - Universidade Federal de Lavras;47.929.002;47.929.002;49.288.206;49.286.181;49.286.181;49.175.401
2003;26264 - Universidade Federal Rural do Semi-Árido;27.542.201;27.542.201;31.007.818;30.988.805;30.988.805;30.625.682
2003;26265 - Centro Federal de Educação Tecnológica do Maranhão;30.522.188;30.522.188;35.081.133;35.041.779;35.041.779;34.822.304
2003;26268 - Fundação Universidade Federal de Rondônia;33.823.136;34.253.136;35.911.887;34.932.119;34.929.899;34.446.064
2003;26269 - Fundação Universidade do Rio de Janeiro;80.410.278;80.810.278;86.950.940;86.221.782;86.221.782;84.707.801
2003;26270 - Fundação Universidade do Amazonas;128.057.936;137.457.936;143.546.796;130.473.584;130.473.584;127.218.914
2003;26271 - Fundação Universidade de Brasília;379.176.307;389.626.307;421.106.934;408.456.863;407.939.486;396.550.729
2003;26272 - Fundação Universidade Federal do Maranhão;134.363.333;134.465.333;148.840.508;148.064.360;148.064.360;147.316.472
2003;26273 - Fundação Universidade Federal do Rio Grande;110.916.384;110.916.384;105.163.599;102.790.452;102.790.452;102.379.821
2003;26274 - Universidade Federal de Uberlândia;210.283.316;210.383.316;223.481.346;221.261.746;221.261.746;216.768.926
2003;26275 - Fundação Universidade Federal do Acre;56.266.576;57.116.576;60.035.086;59.385.083;59.385.083;58.291.643
2003;26276 - Fundação Universidade Federal de Mato Grosso;160.227.998;160.559.482;164.918.146;161.015.273;161.015.273;159.601.730
2003;26277 - Fundação Universidade Federal de Ouro Preto;56.732.020;57.462.020;60.616.733;60.525.979;60.525.304;59.089.427
2003;26278 - Fundação Universidade Federal de Pelotas;125.362.509;125.362.509;137.262.999;136.925.800;136.925.800;133.450.983
2003;26279 - Fundação Universidade Federal do Piauí;117.052.320;117.052.320;127.160.208;127.067.655;127.067.655;124.816.842
2003;26280 - Fundação Universidade Federal de São Carlos;84.852.119;85.202.119;87.092.783;86.769.912;86.769.912;85.739.134
2003;26281 - Fundação Universidade Federal de Sergipe;90.279.387;90.399.387;97.086.941;96.934.981;96.934.981;96.282.907
2003;26282 - Fundação Universidade Federal de Viçosa;154.229.487;154.449.487;171.475.317;168.709.900;168.709.900;165.974.586
2003;26283 - Fundação Universidade Federal de Mato Grosso do Sul;147.317.023;147.335.539;160.132.791;159.447.535;159.447.535;159.337.527
2003;26284 - Fundação Universidade Federal de Ciências da Saúde de Porto Alegre;14.594.971;14.594.971;14.826.913;14.677.292;14.677.292;13.664.726
2003;26285 - Fundação Universidade Federal de São João del-Rei;22.474.776;22.474.776;23.103.466;23.008.342;23.008.342;22.423.705
2003;26286 - Fundação Universidade Federal do Amapá;12.701.063;13.501.063;13.593.488;12.714.205;12.714.205;12.352.606
2003;26290 - Instituto Nacional de Estudos e Pesquisas Educacionais Anísio Teixeira;163.061.785;163.061.785;162.626.547;123.055.189;123.055.189;100.027.987
2003;26291 - Fundação Coordenação de Aperfeiçoamento de Pessoal de Nível Superior;519.532.210;520.002.210;545.438.860;535.804.331;535.708.231;414.533.843
2003;26292 - Fundação Joaquim Nabuco;38.606.949;38.606.949;42.627.968;41.615.617;41.615.617;41.277.956
2003;26294 - Hospital de Clínicas de Porto Alegre;190.204.770;190.204.770;206.184.889;191.156.443;191.156.443;189.006.629
2003;26298 - Fundo Nacional de Desenvolvimento da Educação;3.169.326.789;3.211.051.869;3.696.315.016;3.459.523.691;3.459.515.771;2.666.969.110
2003;26301 - Centro Federal de Educação Tecnológica da Bahia;35.407.294;35.697.294;40.061.689;39.656.236;39.656.236;38.936.172
2003;26302 - Escola Agrotécnica Federal de Alegre - ES;8.150.116;8.150.116;8.393.366;8.392.307;8.392.307;8.322.168
2003;26303 - Escola Agrotécnica Federal de Alegrete - RS;4.444.654;4.444.654;4.428.178;4.410.242;4.371.636;4.358.974
2003;26304 - Escola Agrotécnica Federal de Araguatins - TO;3.805.086;3.805.086;4.002.707;3.807.000;3.807.000;3.607.431
2003;26305 - Centro Federal de Educação Tecnológica de Bambui - MG;7.606.903;7.606.903;8.394.603;8.390.003;8.390.003;8.366.549
2003;26306 - Escola Agrotécnica Federal de Barbacena - MG;13.217.221;13.217.221;14.018.920;14.011.535;14.011.535;13.883.572
2003;26307 - Escola Agrotécnica Federal de Barreiros - PE;6.902.769;6.902.769;7.037.783;6.897.902;6.897.902;6.897.282
2003;26308 - Escola Agrotécnica Federal de Belo Jardim - PE;6.150.842;6.150.842;6.719.405;6.519.827;6.519.827;6.437.864
2003;26309 - Centro Federal de Educação Tecnológica de Bento Gonçalves - RS;7.496.271;7.496.271;7.300.445;7.097.447;7.097.446;6.794.410
2003;26310 - Escola Agrotécnica Federal de Cáceres - MT;4.295.522;4.295.522;4.294.208;4.206.107;4.206.107;4.094.318
2003;26311 - Escola Agrotécnica Federal de Castanhal - PA;5.802.277;5.802.277;6.324.407;6.317.222;6.317.222;6.147.726
2003;26312 - Escola Agrotécnica Federal de Catu - BA;5.756.394;5.756.394;6.663.636;6.635.320;6.635.320;6.617.368
2003;26313 - Escola Agrotécnica Federal de Colatina - ES;6.734.940;6.734.940;7.070.098;7.060.178;7.060.178;7.007.065
2003;26314 - Escola Agrotécnica Federal de Concórdia - SC;5.175.338;5.175.338;5.094.394;5.045.100;5.045.100;4.902.628
2003;26315 - Escola Agrotécnica Federal de Crato - CE;6.304.317;6.304.317;7.358.643;7.323.166;7.323.166;7.208.236
2003;26316 - Centro Federal de Educação Tecnológica de Cuiabá - MT;6.420.801;6.420.801;6.852.270;6.734.486;6.734.486;6.535.096
2003;26317 - Escola Agrotécnica Federal de Iguatu - CE;8.147.143;8.147.143;9.228.640;9.220.457;9.217.422;9.108.817
2003;26318 - Escola Agrotécnica Federal de Inconfidentes Visconde de Mauá - MG;7.116.660;7.116.660;7.682.890;7.598.848;7.598.848;7.577.703
2003;26319 - Centro Federal de Educação Tecnológica de Januária;5.960.800;5.960.800;6.046.215;5.996.017;5.996.017;5.827.634
2003;26320 - Escola Agrotécnica Federal de Machado - MG;7.162.286;7.162.286;7.907.771;7.879.688;7.879.688;7.841.130
2003;26321 - Escola Agrotécnica Federal de Manaus - AM;5.866.120;5.866.120;6.360.549;6.308.942;6.308.942;6.233.328
2003;26322 - Escola Agrotécnica Federal de Muzambinho - MG;7.968.026;7.968.026;7.978.160;7.975.152;7.975.152;7.812.321
2003;26323 - Centro Federal de Educação Tecnológica de Petrolina;7.372.825;7.592.825;9.595.361;9.143.764;9.139.449;9.031.646
2003;26324 - Centro Federal de Educação Tecnológica de Rio Pomba;7.844.311;7.844.311;8.276.713;8.255.545;8.255.545;7.893.202
2003;26325 - Centro Federal de Educação Tecnológica de Rio Verde - GO;6.156.141;6.156.141;6.510.155;6.456.234;6.456.234;6.415.291
2003;26326 - Escola Agrotécnica Federal de Salinas Clemente Medrado - MG;6.397.069;6.397.069;6.385.946;6.340.171;6.340.171;6.292.384
2003;26327 - Escola Agrotécnica Federal de Santa Teresa- ES;8.905.198;8.905.198;9.521.545;9.506.119;9.506.119;9.496.968
2003;26328 - Escola Agrotécnica Federal de São Cristóvão - SE;7.223.980;7.223.980;7.812.324;7.809.134;7.809.134;7.741.113
2003;26329 - Escola Agrotécnica Federal de São João Evangelista Nelson de Senna - MG;5.995.927;5.995.927;6.060.874;6.057.260;6.057.260;5.986.496
2003;26330 - Escola Agrotécnica Federal de São Luís - MA;5.436.736;5.436.736;6.119.789;5.987.536;5.987.536;5.765.604
2003;26331 - Centro Federal de Educação Tecnológica de São Vicente do Sul;5.879.133;5.879.133;5.929.411;5.904.452;5.904.452;5.788.789
2003;26332 - Escola Agrotécnica Federal de Satuba - AL;8.175.463;8.175.463;13.174.453;13.159.425;13.159.425;12.595.419
2003;26333 - Escola Agrotécnica Federal de Sertão - RS;6.210.573;6.210.573;6.195.247;6.126.380;6.126.380;5.961.859
2003;26334 - Escola Agrotécnica Federal de Sousa - PB;5.238.707;5.238.707;5.322.691;5.163.311;5.163.311;5.070.907
2003;26335 - Centro Federal de Educação Tecnológica de Uberaba - MG;8.256.798;8.256.798;9.105.351;9.079.131;9.079.131;8.875.067
2003;26336 - Escola Agrotécnica Federal de Uberlândia - MG;6.575.271;6.575.271;6.807.170;6.752.310;6.752.310;6.463.511
2003;26337 - Centro Federal de Educação Tecnológica de Urutaí - GO;6.461.948;6.461.948;7.141.790;7.072.736;7.072.736;6.536.110
2003;26338 - Escola Agrotécnica Federal de Vitória de Santo Antão João Cleófas - PE;6.763.613;6.763.613;6.682.774;6.574.056;6.574.056;6.471.215
2003;26339 - Escola Agrotécnica Federal de São Gabriel da Cachoeira - AM;2.691.630;2.691.630;2.933.756;2.855.244;2.855.244;2.810.046
2003;26340 - Escola Agrotécnica Federal de Sombrio - SC;4.762.887;4.762.887;4.882.685;4.846.014;4.846.014;4.793.049
2003;26341 - Escola Agrotécnica Federal de Ceres - GO;3.537.219;3.537.219;4.001.784;3.842.028;3.842.028;3.769.369
2003;26342 - Escola Agrotécnica Federal de Colorado do Oeste - RO;3.767.766;3.767.766;4.014.527;3.951.949;3.951.949;3.718.069
2003;26343 - Escola Agrotécnica Federal de Codó - MA;2.941.441;2.941.441;2.541.474;2.378.834;2.378.834;2.269.072
2003;26344 - Escola Agrotécnica Federal Antônio José Teixeira - Guanambi - BA;3.029.689;3.029.689;3.289.459;3.224.325;3.176.483;3.157.339
2003;26345 - Escola Agrotécnica Federal de Rio do Sul - SC;4.996.050;4.996.050;4.885.296;4.767.803;4.755.663;4.591.270
2003;26346 - Escola Agrotécnica Federal de Santa Inês - BA;2.749.763;2.749.763;2.827.452;2.814.343;2.814.343;2.709.160
2003;26347 - Escola Agrotécnica Federal do Senhor do Bomfim - BA;2.741.075;2.741.075;2.866.006;2.850.184;2.850.184;2.810.212
2003;26907 - Fundo de Financiamento ao Estudante do Ensino Superior;685.117.005;685.117.005;709.844.423;709.844.142;709.844.142;579.424.338
2004;26101 - Ministério da Educação - Administração Direta;3.469.912.042;1.839.852.046;1.817.775.769;1.375.263.758;1.375.263.758;1.190.883.067
2004;26104 - Instituto Nacional de Educação de Surdos;28.778.739;28.778.739;31.914.266;31.594.231;31.594.231;29.835.708
2004;26105 - Instituto Benjamin Constant;20.916.993;20.916.993;24.101.024;23.474.414;23.474.414;21.018.439
2004;26201 - Colégio Pedro II;134.250.186;134.750.186;153.489.765;151.321.914;151.321.914;150.295.757
2004;26202 - Centro Federal de Educação Tecnológica de Alagoas;45.250.363;45.250.363;48.826.949;48.573.020;48.573.020;47.599.241
2004;26203 - Centro Federal de Educação Tecnológica do Amazonas;25.718.372;26.146.731;29.652.719;29.126.008;29.126.008;28.332.878
2004;26205 - Centro Federal de Educação Tecnológica de Campos;41.413.746;41.413.746;44.495.755;44.471.709;44.471.709;42.818.947
2004;26206 - Centro Federal de Educação Tecnológica do Ceará;32.327.690;32.327.690;37.667.075;37.376.862;37.376.862;36.234.299
2004;26207 - Centro Federal de Educação Tecnológica do Espírito Santo;34.169.613;37.047.114;41.320.055;41.210.751;41.210.751;37.351.775
2004;26208 - Centro Federal de Educação Tecnológica de Goiás;31.967.916;32.027.916;36.819.768;36.723.294;36.723.294;35.670.522
2004;26210 - Centro Federal de Educação Tecnológica de Mato Grosso;20.983.492;20.983.492;23.590.260;23.547.934;23.547.934;22.678.127
2004;26211 - Centro Federal de Educação Tecnológica de Ouro Preto;14.999.444;15.213.444;17.902.176;17.898.403;17.898.403;17.272.901
2004;26212 - Centro Federal de Educação Tecnológica do Pará;30.818.965;30.968.965;36.381.913;35.832.876;35.832.876;34.609.876
2004;26213 - Centro Federal de Educação Tecnológica da Paraíba;40.399.955;40.399.955;48.137.208;47.693.830;47.693.830;46.876.654
2004;26214 - Centro Federal de Educação Tecnológica de Pelotas;36.632.213;36.632.213;40.598.772;40.532.834;40.532.834;39.460.539
2004;26215 - Centro Federal de Educação Tecnológica de Pernambuco;40.498.717;40.498.717;47.853.450;46.399.358;46.399.358;45.312.396
2004;26216 - Centro Federal de Educação Tecnológica do Piauí;24.102.740;24.102.740;27.185.255;26.808.461;26.808.461;26.639.587
2004;26217 - Centro Federal de Educação Tecnológica de Química de Nilópolis;26.767.464;32.376.112;37.200.715;31.842.344;31.842.344;31.244.374
2004;26218 - Centro Federal de Educação Tecnológica do Rio Grande do Norte;40.400.971;40.400.971;45.706.198;45.680.500;45.680.500;45.149.403
2004;26219 - Centro Federal de Educação Tecnológica de Santa Catarina;34.440.163;34.440.163;40.279.633;39.810.631;39.810.631;38.948.962
2004;26220 - Centro Federal de Educação Tecnológica de São Paulo;31.009.366;31.239.366;35.048.925;34.032.530;34.032.530;32.059.246
2004;26221 - Centro Federal de Educação Tecnológica de Sergipe;20.826.654;20.826.654;24.261.977;23.766.733;23.766.733;23.456.295
2004;26222 - Centro Federal de Educação Tecnológica de Roraima;10.471.135;11.521.135;13.787.296;13.783.173;13.783.173;11.687.592
2004;26223 - Escola Técnica Federal de Palmas - TO;7.234.538;7.334.538;6.662.793;6.509.646;6.509.646;4.129.863
2004;26230 - Fundação Universidade Federal do Vale do São Francisco;29.774.513;29.774.513;8.567.336;8.416.624;8.416.624;5.389.750
2004;26231 - Universidade Federal de Alagoas;206.238.244;206.478.244;222.049.232;221.329.195;221.329.195;215.849.807
2004;26232 - Universidade Federal da Bahia;373.948.443;382.388.444;416.727.378;407.222.849;407.222.849;403.670.037
2004;26233 - Universidade Federal do Ceará;387.674.424;388.254.424;503.883.633;503.417.024;503.417.024;499.477.911
2004;26234 - Universidade Federal do Espírito Santo;175.667.769;178.545.270;207.312.829;204.986.114;204.986.114;201.392.947
2004;26235 - Universidade Federal de Goiás;223.647.819;223.827.819;259.035.224;258.913.476;258.913.476;252.815.702
2004;26236 - Universidade Federal Fluminense;421.765.795;422.915.795;477.960.984;474.606.828;474.606.828;470.608.535
2004;26237 - Universidade Federal de Juiz de Fora;144.865.997;145.525.997;167.047.080;164.923.382;164.923.382;163.486.723
2004;26238 - Universidade Federal de Minas Gerais;540.617.623;541.737.623;633.504.447;615.730.131;615.730.131;608.884.700
2004;26239 - Universidade Federal do Pará;277.617.277;278.893.277;316.413.828;314.013.670;314.013.670;303.818.926
2004;26240 - Universidade Federal da Paraíba;364.724.004;370.172.911;418.748.517;413.999.341;413.999.341;406.973.863
2004;26241 - Universidade Federal do Paraná;363.569.472;368.017.962;421.332.995;414.249.330;414.249.330;407.315.220
2004;26242 - Universidade Federal de Pernambuco;330.565.518;332.035.518;377.312.550;375.492.580;375.492.580;363.479.096
2004;26243 - Universidade Federal do Rio Grande do Norte;311.651.473;318.756.510;449.655.301;440.540.036;440.540.036;430.782.876
2004;26244 - Universidade Federal do Rio Grande do Sul;414.961.843;415.186.843;475.109.189;469.696.359;469.696.359;467.766.388
2004;26245 - Universidade Federal do Rio de Janeiro;882.611.176;883.568.176;1.043.659.818;1.042.292.171;1.042.292.171;1.030.452.753
2004;26246 - Universidade Federal de Santa Catarina;363.725.317;365.595.317;412.352.685;406.234.298;406.234.298;402.095.334
2004;26247 - Universidade Federal de Santa Maria;257.330.256;257.955.256;305.996.956;299.429.577;299.429.577;290.872.671
2004;26248 - Universidade Federal Rural de Pernambuco;95.680.552;95.780.552;110.476.473;110.234.694;110.234.694;108.111.917
2004;26249 - Universidade Federal Rural do Rio de Janeiro;117.977.321;117.977.321;131.529.638;131.139.949;131.139.949;126.861.645
2004;26250 - Fundação Universidade Federal de Roraima;28.025.020;28.475.020;30.739.960;29.410.268;29.410.268;27.760.567
2004;26251 - Fundação Universidade Federal do Tocantins;29.810.851;29.810.851;35.487.312;33.948.257;33.948.257;29.415.654
2004;26252 - Universidade Federal de Campina Grande;90.872.946;91.762.946;114.999.423;114.826.691;114.826.691;113.993.413
2004;26253 - Universidade Federal Rural da Amazônia;34.403.898;34.553.898;39.364.689;38.869.007;38.869.007;37.793.177
2004;26254 - Universidade Federal do Triângulo Mineiro;63.672.284;63.672.284;71.970.933;70.811.220;70.811.220;70.037.662
2004;26255 - Universidade Federal dos Vales do Jequitinhonha e Mucuri;12.817.425;12.867.425;13.949.613;13.559.043;13.559.043;13.156.948
2004;26256 - Centro Federal de Educação Tecnológica Celso Suckow da Fonseca;59.664.809;59.664.809;67.306.777;66.509.252;66.509.252;65.222.923
2004;26257 - Centro Federal de Educação Tecnológica de Minas Gerais;69.191.224;69.191.224;76.834.644;76.343.273;76.343.273;72.737.718
2004;26258 - Universidade Tecnológica Federal do Paraná;96.788.371;97.788.371;112.080.461;111.279.878;111.279.878;108.572.049
2004;26260 - Universidade Federal de Alfenas;20.966.364;20.966.364;23.265.749;23.089.369;23.089.369;22.606.878
2004;26261 - Universidade Federal de Itajubá;33.074.355;33.074.355;37.860.236;37.360.162;37.360.162;35.926.503
2004;26262 - Universidade Federal de São Paulo;262.392.190;263.492.190;297.623.622;290.740.364;290.740.364;276.840.345
2004;26263 - Universidade Federal de Lavras;55.678.492;55.778.492;62.723.372;62.686.154;62.686.154;62.395.846
2004;26264 - Universidade Federal Rural do Semi-Árido;90.080.760;90.080.760;93.686.878;93.416.419;93.416.419;45.366.624
2004;26265 - Centro Federal de Educação Tecnológica do Maranhão;37.000.145;37.000.145;41.846.666;41.078.863;41.078.863;40.123.114
2004;26268 - Fundação Universidade Federal de Rondônia;39.111.568;53.415.124;61.489.070;50.641.013;50.641.013;45.094.896
2004;26269 - Fundação Universidade do Rio de Janeiro;92.027.744;92.027.744;117.174.146;116.241.195;116.241.195;114.216.799
2004;26270 - Fundação Universidade do Amazonas;139.945.158;141.071.374;152.888.035;148.771.565;148.771.565;144.883.037
2004;26271 - Fundação Universidade de Brasília;420.704.309;427.668.194;514.534.769;474.710.707;474.710.707;463.108.577
2004;26272 - Fundação Universidade Federal do Maranhão;161.867.614;163.816.614;180.267.400;176.955.846;176.955.846;165.699.386
2004;26273 - Fundação Universidade Federal do Rio Grande;105.759.825;105.759.825;120.448.139;119.050.640;119.050.640;118.218.813
2004;26274 - Universidade Federal de Uberlândia;230.606.131;229.806.840;268.989.184;264.697.622;264.697.622;257.832.804
2004;26275 - Fundação Universidade Federal do Acre;61.734.704;62.888.704;70.154.095;69.897.898;69.897.898;66.854.222
2004;26276 - Fundação Universidade Federal de Mato Grosso;163.893.946;170.528.639;192.290.162;177.104.628;177.104.628;174.925.415
2004;26277 - Fundação Universidade Federal de Ouro Preto;66.391.646;66.441.646;75.659.211;75.240.629;75.240.629;74.037.989
2004;26278 - Fundação Universidade Federal de Pelotas;141.167.384;141.167.384;167.071.236;165.264.411;165.264.411;163.229.474
2004;26279 - Fundação Universidade Federal do Piauí;152.780.067;152.780.067;168.016.181;167.519.469;167.519.469;164.125.280
2004;26280 - Fundação Universidade Federal de São Carlos;91.243.188;91.722.989;105.792.284;105.501.869;105.501.869;103.103.593
2004;26281 - Fundação Universidade Federal de Sergipe;100.817.143;100.817.143;114.256.123;112.930.158;112.930.158;111.861.560
2004;26282 - Fundação Universidade Federal de Viçosa;172.814.042;173.204.042;198.861.355;195.446.581;195.446.581;188.320.856
2004;26283 - Fundação Universidade Federal de Mato Grosso do Sul;160.906.304;161.256.304;180.698.939;179.767.257;179.767.257;176.524.511
2004;26284 - Fundação Universidade Federal de Ciências da Saúde de Porto Alegre;16.912.221;16.912.221;19.343.418;18.580.384;18.580.384;16.581.894
2004;26285 - Fundação Universidade Federal de São João del-Rei;24.377.820;24.577.820;29.449.242;29.107.338;29.107.338;28.487.395
2004;26286 - Fundação Universidade Federal do Amapá;15.145.189;15.295.189;17.910.123;16.461.503;16.461.503;15.610.657
2004;26290 - Instituto Nacional de Estudos e Pesquisas Educacionais Anísio Teixeira;155.252.174;155.252.174;137.543.227;124.761.877;124.761.877;98.239.960
2004;26291 - Fundação Coordenação de Aperfeiçoamento de Pessoal de Nível Superior;520.274.646;520.274.646;579.107.143;566.227.674;566.227.674;493.995.778
2004;26292 - Fundação Joaquim Nabuco;42.744.073;42.794.073;46.658.404;45.508.523;45.508.523;42.253.774
2004;26294 - Hospital de Clínicas de Porto Alegre;196.908.990;196.908.990;224.853.498;220.289.176;220.289.176;214.017.328
2004;26298 - Fundo Nacional de Desenvolvimento da Educação;3.671.700.076;3.699.548.597;4.184.114.079;3.736.081.289;3.736.081.289;3.119.729.822
2004;26301 - Centro Federal de Educação Tecnológica da Bahia;41.544.703;41.744.703;47.765.647;46.967.427;46.967.427;45.902.477
2004;26302 - Escola Agrotécnica Federal de Alegre - ES;8.519.554;8.519.554;9.804.321;9.759.280;9.759.280;9.617.897
2004;26303 - Escola Agrotécnica Federal de Alegrete - RS;4.835.683;4.835.683;5.342.998;5.267.659;5.267.659;5.101.336
2004;26304 - Escola Agrotécnica Federal de Araguatins - TO;4.260.257;4.260.257;4.974.868;4.739.872;4.739.872;4.361.167
2004;26305 - Centro Federal de Educação Tecnológica de Bambui - MG;19.075.234;19.075.234;19.666.292;19.651.347;19.651.347;9.153.635
2004;26306 - Escola Agrotécnica Federal de Barbacena - MG;13.571.678;13.571.678;14.766.933;14.693.082;14.693.082;14.537.501
2004;26307 - Escola Agrotécnica Federal de Barreiros - PE;7.047.593;7.047.593;7.625.337;7.482.662;7.482.662;7.407.186
2004;26308 - Escola Agrotécnica Federal de Belo Jardim - PE;6.594.541;6.594.541;7.250.010;7.025.183;7.025.183;6.959.552
2004;26309 - Centro Federal de Educação Tecnológica de Bento Gonçalves - RS;8.060.501;8.060.501;9.278.551;9.199.906;9.199.906;8.960.580
2004;26310 - Escola Agrotécnica Federal de Cáceres - MT;4.426.229;4.426.229;5.220.408;5.087.440;5.087.440;4.844.020
2004;26311 - Escola Agrotécnica Federal de Castanhal - PA;6.461.241;6.461.241;7.844.237;7.644.227;7.644.227;7.529.833
2004;26312 - Escola Agrotécnica Federal de Catu - BA;6.557.604;6.557.604;7.269.770;7.239.030;7.239.030;7.167.657
2004;26313 - Escola Agrotécnica Federal de Colatina - ES;7.102.592;7.102.592;8.191.163;8.143.171;8.143.171;7.988.123
2004;26314 - Escola Agrotécnica Federal de Concórdia - SC;5.423.982;5.423.982;6.356.850;6.225.889;6.225.889;5.885.916
2004;26315 - Escola Agrotécnica Federal de Crato - CE;7.114.601;7.114.601;8.800.002;8.711.202;8.711.202;8.640.509
2004;26316 - Centro Federal de Educação Tecnológica de Cuiabá - MT;6.598.549;6.598.549;7.549.015;7.502.851;7.502.851;7.161.625
2004;26317 - Escola Agrotécnica Federal de Iguatu - CE;9.201.944;9.201.944;9.687.424;9.644.222;9.644.222;9.572.866
2004;26318 - Escola Agrotécnica Federal de Inconfidentes Visconde de Mauá - MG;7.957.742;7.957.742;8.972.813;8.936.778;8.936.778;8.912.521
2004;26319 - Centro Federal de Educação Tecnológica de Januária;6.044.406;6.044.406;7.066.614;6.968.085;6.968.085;6.814.283
2004;26320 - Escola Agrotécnica Federal de Machado - MG;8.027.998;8.027.998;9.075.961;9.009.880;9.009.880;8.932.634
2004;26321 - Escola Agrotécnica Federal de Manaus - AM;7.325.756;7.325.756;8.559.351;7.844.752;7.844.752;7.721.502
2004;26322 - Escola Agrotécnica Federal de Muzambinho - MG;8.746.106;8.846.106;9.778.894;9.289.616;9.289.616;8.664.401
2004;26323 - Centro Federal de Educação Tecnológica de Petrolina;8.777.038;8.777.038;9.885.679;9.453.192;9.453.192;9.010.256
2004;26324 - Centro Federal de Educação Tecnológica de Rio Pomba;8.289.298;8.289.298;9.396.774;9.346.278;9.346.278;9.164.653
2004;26325 - Centro Federal de Educação Tecnológica de Rio Verde - GO;6.512.540;6.512.540;7.505.400;7.480.714;7.480.714;7.189.399
2004;26326 - Escola Agrotécnica Federal de Salinas Clemente Medrado - MG;6.578.012;6.628.012;7.433.972;7.340.536;7.340.536;6.888.983
2004;26327 - Escola Agrotécnica Federal de Santa Teresa- ES;9.385.039;9.385.039;10.778.153;10.742.792;10.742.792;10.655.535
2004;26328 - Escola Agrotécnica Federal de São Cristóvão - SE;7.897.641;7.897.641;9.316.171;9.163.158;9.163.158;9.071.821
2004;26329 - Escola Agrotécnica Federal de São João Evangelista Nelson de Senna - MG;6.213.258;6.213.258;7.002.352;6.979.200;6.979.200;6.820.854
2004;26330 - Escola Agrotécnica Federal de São Luís - MA;6.569.042;6.569.042;7.395.887;7.159.328;7.159.328;6.906.140
2004;26331 - Centro Federal de Educação Tecnológica de São Vicente do Sul;6.001.363;6.001.363;7.103.697;6.822.084;6.822.084;6.691.997
2004;26332 - Escola Agrotécnica Federal de Satuba - AL;8.759.509;8.759.509;9.874.396;9.684.997;9.684.997;9.525.266
2004;26333 - Escola Agrotécnica Federal de Sertão - RS;6.729.777;6.729.777;7.641.663;7.535.828;7.535.828;6.990.218
2004;26334 - Escola Agrotécnica Federal de Sousa - PB;5.199.441;5.199.441;5.981.321;5.923.277;5.923.277;5.671.056
2004;26335 - Centro Federal de Educação Tecnológica de Uberaba - MG;9.363.603;9.363.603;10.831.487;10.811.713;10.811.713;10.061.713
2004;26336 - Escola Agrotécnica Federal de Uberlândia - MG;7.405.223;7.405.223;8.159.423;7.859.194;7.859.194;7.582.719
2004;26337 - Centro Federal de Educação Tecnológica de Urutaí - GO;7.545.352;7.545.352;8.975.597;8.893.068;8.893.068;8.397.232
2004;26338 - Escola Agrotécnica Federal de Vitória de Santo Antão João Cleófas - PE;6.769.445;6.919.445;7.441.971;7.292.982;7.292.982;6.814.055
2004;26339 - Escola Agrotécnica Federal de São Gabriel da Cachoeira - AM;3.233.056;3.233.056;3.633.864;3.582.729;3.582.729;3.397.222
2004;26340 - Escola Agrotécnica Federal de Sombrio - SC;5.241.487;5.241.487;5.976.605;5.803.630;5.803.630;5.555.068
2004;26341 - Escola Agrotécnica Federal de Ceres - GO;4.619.821;4.619.821;4.734.398;4.665.557;4.665.557;4.501.727
2004;26342 - Escola Agrotécnica Federal de Colorado do Oeste - RO;4.280.205;4.430.205;4.976.692;4.856.056;4.856.056;4.361.419
2004;26343 - Escola Agrotécnica Federal de Codó - MA;2.817.178;2.817.178;2.946.351;2.846.327;2.846.327;2.756.394
2004;26344 - Escola Agrotécnica Federal Antônio José Teixeira - Guanambi - BA;4.066.522;4.066.522;4.126.614;3.947.316;3.947.316;3.885.428
2004;26345 - Escola Agrotécnica Federal de Rio do Sul - SC;5.413.484;5.413.484;5.298.745;5.143.011;5.143.011;5.017.804
2004;26346 - Escola Agrotécnica Federal de Santa Inês - BA;4.094.382;4.094.382;3.584.290;3.343.847;3.343.847;3.244.371
2004;26347 - Escola Agrotécnica Federal do Senhor do Bomfim - BA;3.281.372;3.281.372;3.595.944;3.477.349;3.477.349;3.303.322
2005;26101 - Ministério da Educação - Administração Direta;2.030.246.214;2.191.498.475;2.320.782.015;1.874.762.803;1.874.762.803;1.331.160.625
2005;26104 - Instituto Nacional de Educação de Surdos;36.324.382;36.324.382;37.433.638;34.844.382;34.844.382;31.633.418
2005;26105 - Instituto Benjamin Constant;27.696.479;27.696.479;28.238.117;25.821.220;25.821.220;23.703.244
2005;26201 - Colégio Pedro II;168.400.186;168.900.186;176.529.237;161.637.768;161.637.768;160.897.209
2005;26202 - Centro Federal de Educação Tecnológica de Alagoas;42.844.420;42.844.420;44.950.033;39.507.370;39.507.370;34.823.082
2005;26203 - Centro Federal de Educação Tecnológica do Amazonas;29.893.289;30.673.289;31.197.310;27.791.962;27.791.962;25.071.455
2005;26205 - Centro Federal de Educação Tecnológica de Campos;50.187.300;50.187.300;52.754.462;47.477.306;47.477.306;46.744.396
2005;26206 - Centro Federal de Educação Tecnológica do Ceará;43.445.622;44.045.622;47.264.557;41.218.052;41.218.052;38.839.151
2005;26207 - Centro Federal de Educação Tecnológica do Espírito Santo;42.906.721;49.185.921;53.123.453;48.507.018;48.507.018;41.390.416
2005;26208 - Centro Federal de Educação Tecnológica de Goiás;40.464.195;40.464.195;40.312.910;35.701.207;35.701.207;34.195.533
2005;26210 - Centro Federal de Educação Tecnológica de Mato Grosso;24.692.495;24.692.495;27.235.135;24.079.902;24.079.902;23.022.216
2005;26211 - Centro Federal de Educação Tecnológica de Ouro Preto;18.758.714;18.758.714;20.759.496;18.399.747;18.399.747;17.388.493
2005;26212 - Centro Federal de Educação Tecnológica do Pará;36.074.155;36.074.155;39.170.025;35.158.130;35.158.130;34.335.740
2005;26213 - Centro Federal de Educação Tecnológica da Paraíba;50.556.247;50.556.247;54.411.149;48.722.840;48.722.840;48.123.865
2005;26214 - Centro Federal de Educação Tecnológica de Pelotas;44.559.232;44.859.232;46.992.227;42.019.952;42.019.952;41.029.042
2005;26215 - Centro Federal de Educação Tecnológica de Pernambuco;52.696.531;52.231.531;56.975.585;51.352.853;51.352.853;48.380.633
2005;26216 - Centro Federal de Educação Tecnológica do Piauí;29.551.219;29.551.219;31.276.472;28.313.283;28.313.283;27.584.689
2005;26217 - Centro Federal de Educação Tecnológica de Química de Nilópolis;35.168.316;38.112.716;41.361.467;36.991.546;36.991.546;33.157.555
2005;26218 - Centro Federal de Educação Tecnológica do Rio Grande do Norte;50.904.921;50.904.921;54.078.379;48.890.434;48.890.434;47.775.165
2005;26219 - Centro Federal de Educação Tecnológica de Santa Catarina;43.563.555;44.153.555;45.824.624;40.555.301;40.555.301;39.421.261
2005;26220 - Centro Federal de Educação Tecnológica de São Paulo;38.605.014;38.605.014;40.540.149;35.386.019;35.386.019;33.782.201
2005;26221 - Centro Federal de Educação Tecnológica de Sergipe;26.804.952;26.804.952;28.320.031;25.380.406;25.380.406;24.886.816
2005;26222 - Centro Federal de Educação Tecnológica de Roraima;13.446.753;14.021.753;13.786.721;12.009.007;12.009.007;10.554.952
2005;26223 - Escola Técnica Federal de Palmas - TO;6.330.557;6.530.557;10.473.504;9.298.380;9.298.380;6.584.819
2005;26230 - Fundação Universidade Federal do Vale do São Francisco;30.079.854;39.699.154;25.512.461;17.901.809;17.901.809;10.436.398
2005;26231 - Universidade Federal de Alagoas;232.907.899;232.707.899;238.648.607;214.593.499;214.593.499;211.629.837
2005;26232 - Universidade Federal da Bahia;447.485.446;453.830.846;488.548.041;441.303.132;441.303.132;429.055.509
2005;26233 - Universidade Federal do Ceará;457.816.169;458.236.169;522.349.674;471.599.469;471.599.469;449.975.046
2005;26234 - Universidade Federal do Espírito Santo;223.042.604;227.911.804;254.251.742;213.752.894;213.752.894;204.514.569
2005;26235 - Universidade Federal de Goiás;285.664.598;285.564.598;300.298.099;271.725.608;271.725.608;265.063.303
2005;26236 - Universidade Federal Fluminense;540.276.934;540.601.927;571.222.853;501.752.083;501.752.083;495.556.964
2005;26237 - Universidade Federal de Juiz de Fora;177.523.107;178.573.107;193.997.712;174.478.633;174.478.633;172.142.295
2005;26238 - Universidade Federal de Minas Gerais;657.384.205;657.217.665;708.126.243;643.601.355;643.601.355;633.062.385
2005;26239 - Universidade Federal do Pará;342.394.769;343.219.842;366.233.812;326.759.202;326.759.202;317.178.541
2005;26240 - Universidade Federal da Paraíba;446.764.927;447.294.927;445.133.943;400.968.061;400.968.061;395.216.402
2005;26241 - Universidade Federal do Paraná;440.600.761;441.400.761;474.543.457;423.768.972;423.768.972;415.883.324
2005;26242 - Universidade Federal de Pernambuco;413.109.455;413.709.455;444.400.623;396.948.538;396.948.538;386.308.569
2005;26243 - Universidade Federal do Rio Grande do Norte;386.216.733;393.262.533;435.248.074;389.630.532;389.630.532;380.034.951
2005;26244 - Universidade Federal do Rio Grande do Sul;539.364.836;539.166.836;560.987.413;503.760.119;503.760.119;500.928.791
2005;26245 - Universidade Federal do Rio de Janeiro;1.110.528.673;1.110.528.673;1.214.535.819;1.085.670.231;1.085.670.231;1.071.686.434
2005;26246 - Universidade Federal de Santa Catarina;460.942.626;463.192.626;480.547.197;428.485.511;428.485.511;421.848.575
2005;26247 - Universidade Federal de Santa Maria;323.969.203;324.619.203;339.996.003;304.713.628;304.713.628;293.459.051
2005;26248 - Universidade Federal Rural de Pernambuco;118.511.267;118.711.267;128.492.470;117.326.575;117.326.575;113.559.898
2005;26249 - Universidade Federal Rural do Rio de Janeiro;148.647.861;148.647.861;159.113.901;145.385.171;145.385.171;140.673.527
2005;26250 - Fundação Universidade Federal de Roraima;33.545.322;34.370.322;35.536.893;30.264.421;30.264.421;28.894.107
2005;26251 - Fundação Universidade Federal do Tocantins;37.303.839;36.973.839;39.917.447;34.679.643;34.679.643;31.477.725
2005;26252 - Universidade Federal de Campina Grande;124.687.826;124.787.826;156.725.070;136.927.544;136.927.544;134.592.468
2005;26253 - Universidade Federal Rural da Amazônia;39.271.115;39.271.115;45.647.454;40.176.925;40.176.925;40.117.357
2005;26254 - Universidade Federal do Triângulo Mineiro;81.219.229;81.219.229;83.252.581;69.169.633;69.169.633;68.889.371
2005;26255 - Universidade Federal dos Vales do Jequitinhonha e Mucuri;14.872.675;14.942.675;17.246.972;15.905.680;15.905.680;14.964.700
2005;26256 - Centro Federal de Educação Tecnológica Celso Suckow da Fonseca;77.938.150;77.938.150;81.688.878;71.628.910;71.628.910;69.680.332
2005;26257 - Centro Federal de Educação Tecnológica de Minas Gerais;72.965.711;85.165.711;89.205.264;80.003.171;80.003.171;68.002.569
2005;26258 - Universidade Tecnológica Federal do Paraná;122.255.404;128.184.204;133.536.578;114.997.444;114.997.444;112.487.479
2005;26260 - Universidade Federal de Alfenas;25.998.376;25.998.376;27.325.451;24.584.691;24.584.691;23.583.229
2005;26261 - Universidade Federal de Itajubá;40.334.678;40.334.678;40.995.437;36.111.368;36.111.368;33.979.108
2005;26262 - Universidade Federal de São Paulo;280.700.650;281.550.650;332.797.922;291.806.517;291.806.517;288.987.974
2005;26263 - Universidade Federal de Lavras;64.349.875;64.499.875;66.069.963;58.743.920;58.743.920;57.568.231
2005;26264 - Universidade Federal Rural do Semi-Árido;36.178.999;36.178.999;39.394.600;35.325.132;35.325.132;35.093.631
2005;26265 - Centro Federal de Educação Tecnológica do Maranhão;44.389.485;44.389.485;46.985.623;42.287.552;42.287.552;41.385.042
2005;26268 - Fundação Universidade Federal de Rondônia;48.410.244;48.810.244;56.158.705;47.777.497;47.777.497;45.042.274
2005;26269 - Fundação Universidade do Rio de Janeiro;131.677.510;131.677.510;139.109.492;123.874.944;123.874.944;122.088.155
2005;26270 - Fundação Universidade do Amazonas;156.664.050;165.226.050;178.927.151;154.207.353;154.207.353;145.924.187
2005;26271 - Fundação Universidade de Brasília;514.967.268;521.371.068;560.331.952;506.761.322;506.761.322;475.637.523
2005;26272 - Fundação Universidade Federal do Maranhão;189.988.904;194.122.704;199.980.789;176.396.309;176.396.309;168.023.002
2005;26273 - Fundação Universidade Federal do Rio Grande;136.592.850;136.592.850;142.844.433;126.404.597;126.404.597;123.598.217
2005;26274 - Universidade Federal de Uberlândia;288.538.604;289.063.604;321.148.735;274.218.539;274.218.539;264.422.086
2005;26275 - Fundação Universidade Federal do Acre;74.053.226;80.212.426;91.901.106;81.840.729;81.840.729;74.460.391
2005;26276 - Fundação Universidade Federal de Mato Grosso;196.380.106;196.970.106;213.170.073;189.251.977;189.251.977;183.516.392
2005;26277 - Fundação Universidade Federal de Ouro Preto;78.932.199;79.132.199;86.954.133;76.668.559;76.668.559;74.442.049
2005;26278 - Fundação Universidade Federal de Pelotas;175.159.290;175.159.290;195.938.018;177.352.370;177.352.370;171.557.681
2005;26279 - Fundação Universidade Federal do Piauí;168.095.612;168.290.612;177.238.269;158.785.129;158.785.129;152.904.809
2005;26280 - Fundação Universidade Federal de São Carlos;115.049.338;116.749.338;123.389.551;109.599.184;109.599.184;106.989.567
2005;26281 - Fundação Universidade Federal de Sergipe;125.041.743;125.041.743;134.241.288;121.039.154;121.039.154;118.396.809
2005;26282 - Fundação Universidade Federal de Viçosa;220.815.907;220.946.900;233.753.901;202.948.313;202.948.313;195.290.288
2005;26283 - Fundação Universidade Federal de Mato Grosso do Sul;212.880.020;212.288.774;197.366.070;174.417.812;174.417.812;170.683.406
2005;26284 - Fundação Universidade Federal de Ciências da Saúde de Porto Alegre;19.574.150;19.574.150;19.489.999;17.189.830;17.189.830;16.825.121
2005;26285 - Fundação Universidade Federal de São João del-Rei;32.127.357;32.577.357;33.336.970;29.119.429;29.119.429;28.262.483
2005;26286 - Fundação Universidade Federal do Amapá;19.176.805;19.776.805;22.115.546;18.352.858;18.352.858;16.698.500
2005;26290 - Instituto Nacional de Estudos e Pesquisas Educacionais Anísio Teixeira;213.537.054;213.416.607;267.654.418;225.426.540;225.426.540;196.585.265
2005;26291 - Fundação Coordenação de Aperfeiçoamento de Pessoal de Nível Superior;683.190.604;676.773.137;670.240.058;657.566.382;657.566.382;613.261.650
2005;26292 - Fundação Joaquim Nabuco;52.781.062;52.630.355;52.266.260;46.008.057;46.008.057;41.503.040
2005;26294 - Hospital de Clínicas de Porto Alegre;237.649.752;237.622.695;257.694.321;243.634.412;243.634.412;229.870.796
2005;26298 - Fundo Nacional de Desenvolvimento da Educação;4.312.903.169;4.381.857.900;4.560.525.509;4.327.246.452;4.327.246.452;3.383.911.184
2005;26301 - Centro Federal de Educação Tecnológica da Bahia;56.179.346;56.319.346;55.268.465;48.106.871;48.106.871;47.240.373
2005;26302 - Escola Agrotécnica Federal de Alegre - ES;10.920.399;10.970.399;11.909.186;10.794.607;10.794.607;10.599.019
2005;26303 - Escola Agrotécnica Federal de Alegrete - RS;5.896.782;5.896.782;6.382.255;5.726.209;5.726.209;5.706.852
2005;26304 - Escola Agrotécnica Federal de Araguatins - TO;5.586.414;5.586.414;5.839.297;4.919.186;4.919.186;4.588.628
2005;26305 - Centro Federal de Educação Tecnológica de Bambui - MG;9.977.856;10.077.856;11.171.733;10.041.868;10.041.868;9.892.688
2005;26306 - Escola Agrotécnica Federal de Barbacena - MG;16.227.491;16.227.491;17.403.314;16.136.877;16.136.877;15.749.405
2005;26307 - Escola Agrotécnica Federal de Barreiros - PE;8.514.200;8.514.200;9.772.405;8.839.678;8.839.678;8.729.712
2005;26308 - Escola Agrotécnica Federal de Belo Jardim - PE;7.966.661;7.966.661;8.777.537;7.841.344;7.841.344;7.663.625
2005;26309 - Centro Federal de Educação Tecnológica de Bento Gonçalves - RS;8.939.077;8.939.077;9.859.772;9.045.431;9.045.431;8.890.193
2005;26310 - Escola Agrotécnica Federal de Cáceres - MT;5.807.837;5.807.837;5.964.920;5.331.404;5.331.404;5.038.996
2005;26311 - Escola Agrotécnica Federal de Castanhal - PA;8.507.118;8.657.118;9.537.069;8.181.008;8.181.008;8.031.802
2005;26312 - Escola Agrotécnica Federal de Catu - BA;8.130.211;8.130.211;8.682.279;7.820.552;7.820.552;7.731.210
2005;26313 - Escola Agrotécnica Federal de Colatina - ES;8.834.286;8.834.286;9.704.313;8.813.449;8.813.449;8.501.540
2005;26314 - Escola Agrotécnica Federal de Concórdia - SC;6.732.937;6.732.937;7.958.448;7.122.249;7.122.249;6.903.347
2005;26315 - Escola Agrotécnica Federal de Crato - CE;9.277.905;9.277.905;10.493.095;9.492.594;9.492.594;9.143.760
2005;26316 - Centro Federal de Educação Tecnológica de Cuiabá - MT;8.289.915;8.289.915;8.554.973;7.709.942;7.709.942;7.456.822
2005;26317 - Escola Agrotécnica Federal de Iguatu - CE;11.383.949;11.383.949;10.465.482;9.430.714;9.430.714;9.344.557
2005;26318 - Escola Agrotécnica Federal de Inconfidentes Visconde de Mauá - MG;10.146.646;10.146.646;10.718.346;9.822.128;9.822.128;9.718.517
2005;26319 - Centro Federal de Educação Tecnológica de Januária;7.730.541;7.730.541;7.965.899;7.289.149;7.289.149;7.191.896
2005;26320 - Escola Agrotécnica Federal de Machado - MG;10.132.001;10.132.001;11.033.722;9.953.613;9.953.613;9.598.728
2005;26321 - Escola Agrotécnica Federal de Manaus - AM;7.856.455;7.856.455;9.421.849;8.106.214;8.106.214;8.029.811
2005;26322 - Escola Agrotécnica Federal de Muzambinho - MG;10.127.989;10.197.989;11.039.180;9.878.876;9.878.876;9.268.773
2005;26323 - Centro Federal de Educação Tecnológica de Petrolina;10.666.635;10.846.635;11.591.726;9.833.649;9.833.649;9.458.081
2005;26324 - Centro Federal de Educação Tecnológica de Rio Pomba;10.412.890;10.492.890;11.571.736;10.549.758;10.549.758;10.410.944
2005;26325 - Centro Federal de Educação Tecnológica de Rio Verde - GO;8.014.249;8.014.249;8.964.950;7.935.441;7.935.441;7.828.132
2005;26326 - Escola Agrotécnica Federal de Salinas Clemente Medrado - MG;8.399.685;8.399.685;8.859.851;7.833.425;7.833.425;7.506.298
2005;26327 - Escola Agrotécnica Federal de Santa Teresa- ES;12.345.369;12.345.369;12.614.355;11.559.696;11.559.696;11.367.550
2005;26328 - Escola Agrotécnica Federal de São Cristóvão - SE;10.235.412;10.235.412;11.165.170;10.222.440;10.222.440;10.032.420
2005;26329 - Escola Agrotécnica Federal de São João Evangelista Nelson de Senna - MG;7.944.919;7.944.919;8.373.641;7.508.594;7.508.594;7.341.344
2005;26330 - Escola Agrotécnica Federal de São Luís - MA;7.845.390;7.845.390;8.443.981;6.946.333;6.946.333;6.785.511
2005;26331 - Centro Federal de Educação Tecnológica de São Vicente do Sul;8.083.321;8.083.321;8.598.319;7.720.741;7.720.741;7.669.331
2005;26332 - Escola Agrotécnica Federal de Satuba - AL;10.855.818;10.855.818;11.310.181;10.325.781;10.325.781;9.909.882
2005;26333 - Escola Agrotécnica Federal de Sertão - RS;8.461.630;8.461.630;9.121.297;8.361.494;8.361.494;8.003.150
2005;26334 - Escola Agrotécnica Federal de Sousa - PB;6.658.179;6.658.179;7.008.180;6.250.758;6.250.758;6.019.192
2005;26335 - Centro Federal de Educação Tecnológica de Uberaba - MG;10.976.650;10.976.650;11.528.353;10.303.395;10.303.395;10.102.331
2005;26336 - Escola Agrotécnica Federal de Uberlândia - MG;8.806.826;8.806.826;9.585.017;8.692.586;8.692.586;8.332.165
2005;26337 - Centro Federal de Educação Tecnológica de Urutaí - GO;10.388.152;10.388.152;10.430.019;9.247.217;9.247.217;8.840.326
2005;26338 - Escola Agrotécnica Federal de Vitória de Santo Antão João Cleófas - PE;8.146.210;8.146.210;8.471.615;7.686.740;7.686.740;7.264.117
2005;26339 - Escola Agrotécnica Federal de São Gabriel da Cachoeira - AM;3.909.491;4.009.491;4.784.685;4.269.873;4.269.873;4.083.378
2005;26340 - Escola Agrotécnica Federal de Sombrio - SC;6.551.819;6.551.819;6.748.905;5.944.189;5.944.189;5.500.242
2005;26341 - Escola Agrotécnica Federal de Ceres - GO;5.391.001;5.491.001;5.821.198;5.142.238;5.142.238;5.062.077
2005;26342 - Escola Agrotécnica Federal de Colorado do Oeste - RO;5.501.709;5.601.709;5.604.791;4.889.428;4.889.428;3.964.995
2005;26343 - Escola Agrotécnica Federal de Codó - MA;3.390.306;3.390.306;3.683.450;3.256.497;3.256.497;3.187.571
2005;26344 - Escola Agrotécnica Federal Antônio José Teixeira - Guanambi - BA;4.434.691;4.434.691;4.683.743;4.096.687;4.096.687;3.995.543
2005;26345 - Escola Agrotécnica Federal de Rio do Sul - SC;5.402.427;5.402.427;5.609.980;4.972.600;4.972.600;4.817.251
2005;26346 - Escola Agrotécnica Federal de Santa Inês - BA;3.775.077;3.775.077;4.565.805;4.156.483;4.156.483;4.101.307
2005;26347 - Escola Agrotécnica Federal do Senhor do Bomfim - BA;4.276.180;4.276.180;4.278.721;3.734.577;3.734.577;3.599.527
2006;26101 - Ministério da Educação - Administração Direta;1.260.455.306;1.448.034.284;1.620.047.462;1.259.490.827;1.259.490.827;883.556.399
2006;26104 - Instituto Nacional de Educação de Surdos;39.422.686;39.422.686;42.140.932;39.478.142;39.478.142;37.578.090
2006;26105 - Instituto Benjamin Constant;30.321.034;30.321.034;33.033.120;32.427.465;32.427.465;29.204.656
2006;26201 - Colégio Pedro II;179.172.585;179.422.585;198.284.876;193.941.281;193.941.281;191.999.269
2006;26202 - Centro Federal de Educação Tecnológica de Alagoas;46.012.343;46.012.343;51.705.693;51.501.383;51.501.383;49.124.722
2006;26203 - Centro Federal de Educação Tecnológica do Amazonas;32.790.091;37.990.091;42.135.374;36.430.894;36.430.894;36.283.219
2006;26205 - Centro Federal de Educação Tecnológica de Campos;55.964.708;55.964.708;62.264.224;62.107.353;62.107.353;59.684.768
2006;26206 - Centro Federal de Educação Tecnológica do Ceará;49.270.253;49.270.253;54.231.688;53.413.096;53.413.096;50.385.831
2006;26207 - Centro Federal de Educação Tecnológica do Espírito Santo;49.215.742;52.915.742;63.840.915;61.903.294;61.903.294;55.743.599
2006;26208 - Centro Federal de Educação Tecnológica de Goiás;43.234.981;43.484.981;50.429.776;49.910.190;49.910.190;47.488.188
2006;26210 - Centro Federal de Educação Tecnológica de Mato Grosso;27.936.075;28.036.075;31.799.396;31.440.745;31.440.745;29.256.198
2006;26211 - Centro Federal de Educação Tecnológica de Ouro Preto;20.447.704;20.557.704;23.885.323;23.440.723;23.440.723;22.537.629
2006;26212 - Centro Federal de Educação Tecnológica do Pará;51.686.428;51.686.428;56.047.526;55.004.401;55.004.401;52.696.987
2006;26213 - Centro Federal de Educação Tecnológica da Paraíba;54.465.727;54.465.727;60.564.250;59.549.924;59.549.924;59.205.826
2006;26214 - Centro Federal de Educação Tecnológica de Pelotas;48.460.714;48.460.714;55.421.871;54.828.246;54.828.246;52.757.396
2006;26215 - Centro Federal de Educação Tecnológica de Pernambuco;58.768.991;58.347.713;66.591.301;65.732.640;65.732.640;62.689.800
2006;26216 - Centro Federal de Educação Tecnológica do Piauí;32.845.194;32.845.194;36.480.518;35.770.893;35.770.893;34.830.340
2006;26217 - Centro Federal de Educação Tecnológica de Química de Nilópolis;38.884.239;39.424.239;44.533.872;44.030.071;44.030.071;42.416.402
2006;26218 - Centro Federal de Educação Tecnológica do Rio Grande do Norte;54.277.017;54.277.017;63.705.968;63.362.021;63.362.021;62.330.019
2006;26219 - Centro Federal de Educação Tecnológica de Santa Catarina;46.518.629;47.418.629;54.522.767;53.972.060;53.972.060;51.962.795
2006;26220 - Centro Federal de Educação Tecnológica de São Paulo;42.543.721;42.543.721;49.625.146;47.585.742;47.585.742;44.804.450
2006;26221 - Centro Federal de Educação Tecnológica de Sergipe;28.758.709;28.758.709;31.722.355;31.370.742;31.370.742;29.879.027
2006;26222 - Centro Federal de Educação Tecnológica de Roraima;14.032.530;15.182.530;16.598.267;16.136.163;16.136.163;14.453.836
2006;26223 - Escola Técnica Federal de Palmas - TO;9.138.455;9.938.455;10.503.692;10.177.865;10.177.865;9.016.962
2006;26230 - Fundação Universidade Federal do Vale do São Francisco;24.920.043;23.943.705;26.897.173;26.183.395;26.183.395;16.372.272
2006;26231 - Universidade Federal de Alagoas;225.181.217;224.840.956;266.642.879;254.138.348;254.138.348;248.308.668
2006;26232 - Universidade Federal da Bahia;464.911.778;483.106.278;549.366.430;537.665.983;537.665.983;518.510.022
2006;26233 - Universidade Federal do Ceará;478.917.425;479.038.627;567.276.323;558.684.959;558.684.959;552.601.125
2006;26234 - Universidade Federal do Espírito Santo;237.124.177;241.374.177;281.567.465;272.799.136;272.799.136;262.856.341
2006;26235 - Universidade Federal de Goiás;307.828.911;308.508.245;348.502.017;346.117.744;346.117.595;332.128.279
2006;26236 - Universidade Federal Fluminense;553.378.551;554.430.173;656.626.465;648.244.305;648.244.305;637.222.659
2006;26237 - Universidade Federal de Juiz de Fora;193.331.021;194.241.848;216.409.562;214.126.524;214.126.524;213.011.995
2006;26238 - Universidade Federal de Minas Gerais;655.422.066;655.633.511;760.232.545;751.635.106;751.635.106;737.424.942
2006;26239 - Universidade Federal do Pará;366.859.195;367.749.669;415.554.068;409.374.924;409.374.924;387.570.343
2006;26240 - Universidade Federal da Paraíba;453.413.479;454.371.780;515.185.720;512.419.036;512.419.036;503.889.208
2006;26241 - Universidade Federal do Paraná;469.691.393;476.147.885;550.511.576;537.601.083;537.601.083;523.054.203
2006;26242 - Universidade Federal de Pernambuco;432.417.126;431.891.065;506.807.204;496.949.174;496.949.174;486.613.896
2006;26243 - Universidade Federal do Rio Grande do Norte;411.807.604;411.843.798;477.631.187;473.305.996;473.305.996;468.047.631
2006;26244 - Universidade Federal do Rio Grande do Sul;565.486.272;565.698.178;631.424.984;602.296.790;602.296.790;598.928.188
2006;26245 - Universidade Federal do Rio de Janeiro;1.166.897.687;1.168.588.268;1.402.423.794;1.398.713.017;1.398.713.017;1.342.857.127
2006;26246 - Universidade Federal de Santa Catarina;465.601.291;474.926.291;545.174.091;532.256.403;532.256.403;518.991.688
2006;26247 - Universidade Federal de Santa Maria;360.022.456;360.842.456;399.971.025;394.825.137;394.825.137;386.550.472
2006;26248 - Universidade Federal Rural de Pernambuco;131.454.844;131.215.508;155.057.025;153.247.959;153.247.959;146.803.377
2006;26249 - Universidade Federal Rural do Rio de Janeiro;164.314.343;165.344.343;186.488.166;183.801.432;183.801.432;178.418.109
2006;26250 - Fundação Universidade Federal de Roraima;36.862.844;44.962.844;48.918.210;43.074.761;43.074.761;39.251.802
2006;26251 - Fundação Universidade Federal do Tocantins;51.974.657;61.042.333;63.035.943;56.347.295;56.347.295;49.562.350
2006;26252 - Universidade Federal de Campina Grande;140.699.163;142.059.163;182.930.425;182.295.900;182.295.900;178.023.519
2006;26253 - Universidade Federal Rural da Amazônia;46.306.892;46.736.892;52.661.819;52.296.684;52.296.684;51.163.884
2006;26254 - Universidade Federal do Triângulo Mineiro;88.662.094;88.662.094;99.404.760;94.828.402;94.828.402;93.860.831
2006;26255 - Universidade Federal dos Vales do Jequitinhonha e Mucuri;18.929.307;19.079.307;23.635.566;23.266.226;23.266.226;21.939.190
2006;26256 - Centro Federal de Educação Tecnológica Celso Suckow da Fonseca;83.221.703;83.221.703;92.084.599;91.006.941;91.006.941;86.989.389
2006;26257 - Centro Federal de Educação Tecnológica de Minas Gerais;79.289.782;89.739.782;104.132.083;91.800.982;91.800.982;88.967.239
2006;26258 - Universidade Tecnológica Federal do Paraná;136.939.287;138.739.287;154.827.336;152.472.937;152.472.937;148.696.307
2006;26260 - Universidade Federal de Alfenas;28.362.841;28.362.841;33.396.055;32.655.597;32.655.597;30.020.336
2006;26261 - Universidade Federal de Itajubá;49.702.990;49.026.552;49.436.846;46.025.368;46.025.368;43.952.911
2006;26262 - Universidade Federal de São Paulo;360.347.332;361.786.089;398.556.967;388.286.610;388.286.610;377.829.498
2006;26263 - Universidade Federal de Lavras;68.899.289;69.349.289;78.137.298;77.384.714;77.384.714;75.425.683
2006;26264 - Universidade Federal Rural do Semi-Árido;39.122.979;39.122.979;48.729.312;47.936.658;47.936.658;47.054.637
2006;26265 - Centro Federal de Educação Tecnológica do Maranhão;48.930.792;49.130.792;53.918.330;53.737.270;53.737.270;51.538.796
2006;26268 - Fundação Universidade Federal de Rondônia;56.843.702;57.343.702;65.853.516;64.206.830;64.206.830;62.016.962
2006;26269 - Fundação Universidade do Rio de Janeiro;139.907.780;139.957.780;156.414.994;153.652.083;153.652.083;151.823.686
2006;26270 - Fundação Universidade do Amazonas;169.302.419;184.700.518;226.453.059;202.862.731;202.862.731;186.768.303
2006;26271 - Fundação Universidade de Brasília;572.764.678;582.841.578;639.381.012;611.083.117;611.083.117;560.619.569
2006;26272 - Fundação Universidade Federal do Maranhão;206.847.888;212.647.888;250.521.589;240.758.232;240.758.232;233.686.254
2006;26273 - Fundação Universidade Federal do Rio Grande;145.309.400;145.309.400;159.403.267;158.947.361;158.947.361;155.572.263
2006;26274 - Universidade Federal de Uberlândia;316.450.417;316.726.125;360.604.341;349.402.903;349.402.903;339.591.016
2006;26275 - Fundação Universidade Federal do Acre;91.317.918;95.867.918;119.382.365;115.154.309;115.154.309;109.637.094
2006;26276 - Fundação Universidade Federal de Mato Grosso;210.735.641;211.849.641;259.204.973;250.231.128;250.231.128;242.646.153
2006;26277 - Fundação Universidade Federal de Ouro Preto;88.778.184;89.558.184;97.446.203;97.018.257;97.018.257;93.531.837
2006;26278 - Fundação Universidade Federal de Pelotas;199.078.253;199.009.586;219.304.539;217.198.606;217.198.606;211.556.404
2006;26279 - Fundação Universidade Federal do Piauí;174.447.985;174.547.985;197.626.065;194.385.726;194.385.726;188.463.053
2006;26280 - Fundação Universidade Federal de São Carlos;140.539.074;140.843.354;158.099.984;157.400.602;157.400.602;143.732.597
2006;26281 - Fundação Universidade Federal de Sergipe;135.110.150;139.521.863;157.286.925;154.271.957;154.271.957;145.783.613
2006;26282 - Fundação Universidade Federal de Viçosa;234.276.561;234.725.219;270.499.351;264.134.131;264.134.131;256.017.678
2006;26283 - Fundação Universidade Federal de Mato Grosso do Sul;204.848.474;205.149.557;221.915.133;217.860.833;217.860.833;211.976.946
2006;26284 - Fundação Universidade Federal de Ciências da Saúde de Porto Alegre;20.361.785;20.361.785;23.744.906;22.489.052;22.489.052;21.489.035
2006;26285 - Fundação Universidade Federal de São João del-Rei;35.078.350;35.478.350;40.332.500;40.097.727;40.097.727;38.919.677
2006;26286 - Fundação Universidade Federal do Amapá;21.153.301;21.653.301;25.546.053;23.778.978;23.778.978;21.343.153
2006;26290 - Instituto Nacional de Estudos e Pesquisas Educacionais Anísio Teixeira;241.030.861;232.884.719;227.824.509;198.830.200;198.830.200;171.887.750
2006;26291 - Fundação Coordenação de Aperfeiçoamento de Pessoal de Nível Superior;727.182.166;725.630.587;745.945.328;734.738.981;734.738.981;656.921.420
2006;26292 - Fundação Joaquim Nabuco;51.842.521;51.672.276;56.162.450;53.538.761;53.538.761;50.669.752
2006;26294 - Hospital de Clínicas de Porto Alegre;262.910.686;262.910.686;279.624.690;260.659.305;260.659.305;256.193.233
2006;26298 - Fundo Nacional de Desenvolvimento da Educação;4.564.670.686;4.632.399.029;5.542.530.978;5.364.674.138;5.364.674.138;4.169.907.875
2006;26301 - Centro Federal de Educação Tecnológica da Bahia;59.541.850;59.691.850;65.665.767;64.996.265;64.996.265;62.902.126
2006;26302 - Escola Agrotécnica Federal de Alegre - ES;16.699.237;16.739.237;17.871.116;17.328.767;17.328.767;16.966.851
2006;26303 - Escola Agrotécnica Federal de Alegrete - RS;6.840.923;6.840.923;7.021.345;7.010.974;7.010.974;6.549.638
2006;26304 - Escola Agrotécnica Federal de Araguatins - TO;6.088.676;6.368.676;8.361.124;8.105.754;8.105.754;7.549.500
2006;26305 - Centro Federal de Educação Tecnológica de Bambui - MG;11.226.727;11.226.727;13.217.406;12.395.856;12.395.856;12.262.660
2006;26306 - Escola Agrotécnica Federal de Barbacena - MG;17.590.705;17.590.705;22.232.087;21.881.521;21.881.521;21.376.818
2006;26307 - Escola Agrotécnica Federal de Barreiros - PE;10.115.796;10.115.796;11.100.096;9.578.357;9.578.357;9.449.111
2006;26308 - Escola Agrotécnica Federal de Belo Jardim - PE;8.896.602;9.096.602;9.683.509;9.444.518;9.444.518;9.126.873
2006;26309 - Centro Federal de Educação Tecnológica de Bento Gonçalves - RS;10.353.663;10.353.663;11.487.552;11.415.640;11.415.640;11.074.063
2006;26310 - Escola Agrotécnica Federal de Cáceres - MT;6.454.317;6.454.317;6.949.920;6.783.961;6.783.961;6.425.347
2006;26311 - Escola Agrotécnica Federal de Castanhal - PA;9.653.369;9.853.369;10.807.051;10.521.040;10.521.040;10.116.110
2006;26312 - Escola Agrotécnica Federal de Catu - BA;8.931.814;8.931.814;9.760.851;9.606.317;9.606.317;9.298.220
2006;26313 - Escola Agrotécnica Federal de Colatina - ES;9.952.158;9.952.158;10.749.918;10.318.589;10.318.589;10.149.619
2006;26314 - Escola Agrotécnica Federal de Concórdia - SC;7.791.290;7.791.290;8.406.234;8.346.436;8.346.436;7.923.322
2006;26315 - Escola Agrotécnica Federal de Crato - CE;10.779.885;10.779.885;11.312.355;11.044.410;11.044.410;10.807.330
2006;26316 - Centro Federal de Educação Tecnológica de Cuiabá - MT;8.921.151;9.713.519;10.423.252;10.016.768;10.016.768;9.605.138
2006;26317 - Escola Agrotécnica Federal de Iguatu - CE;10.806.150;10.806.150;13.799.095;13.417.409;13.417.409;13.331.626
2006;26318 - Escola Agrotécnica Federal de Inconfidentes Visconde de Mauá - MG;11.680.590;11.680.590;12.623.460;12.354.111;12.354.111;12.013.120
2006;26319 - Centro Federal de Educação Tecnológica de Januária;8.653.837;8.653.837;9.533.674;9.433.155;9.433.155;9.312.078
2006;26320 - Escola Agrotécnica Federal de Machado - MG;11.302.900;11.302.900;12.192.841;12.043.150;12.043.150;11.919.401
2006;26321 - Escola Agrotécnica Federal de Manaus - AM;8.970.580;9.120.580;10.155.383;9.707.973;9.707.973;9.638.884
2006;26322 - Escola Agrotécnica Federal de Muzambinho - MG;11.244.631;11.314.631;12.215.666;11.976.628;11.976.628;11.137.245
2006;26323 - Centro Federal de Educação Tecnológica de Petrolina;11.958.857;12.258.857;14.833.693;14.313.236;14.313.236;13.767.263
2006;26324 - Centro Federal de Educação Tecnológica de Rio Pomba;12.124.448;12.194.448;13.851.578;13.432.011;13.432.011;13.199.561
2006;26325 - Centro Federal de Educação Tecnológica de Rio Verde - GO;9.233.899;9.233.899;11.198.217;11.145.444;11.145.444;10.140.410
2006;26326 - Escola Agrotécnica Federal de Salinas Clemente Medrado - MG;9.244.287;9.244.287;10.360.189;9.946.260;9.946.260;9.677.517
2006;26327 - Escola Agrotécnica Federal de Santa Teresa- ES;13.082.942;13.082.942;14.468.620;14.139.358;14.139.358;13.909.722
2006;26328 - Escola Agrotécnica Federal de São Cristóvão - SE;11.472.733;11.472.733;12.913.267;12.686.913;12.686.913;12.506.600
2006;26329 - Escola Agrotécnica Federal de São João Evangelista Nelson de Senna - MG;8.846.265;8.846.265;9.984.516;9.794.744;9.794.744;9.547.595
2006;26330 - Escola Agrotécnica Federal de São Luís - MA;8.707.770;8.887.770;10.254.660;10.170.187;10.170.187;9.827.931
2006;26331 - Centro Federal de Educação Tecnológica de São Vicente do Sul;8.412.586;8.412.586;10.352.072;10.324.734;10.324.734;9.777.925
2006;26332 - Escola Agrotécnica Federal de Satuba - AL;11.683.952;11.683.952;12.934.517;12.867.649;12.867.649;12.537.488
2006;26333 - Escola Agrotécnica Federal de Sertão - RS;9.648.427;9.648.427;11.917.716;11.795.098;11.795.098;11.376.772
2006;26334 - Escola Agrotécnica Federal de Sousa - PB;7.403.299;7.403.299;8.588.942;8.276.180;8.276.180;7.858.433
2006;26335 - Centro Federal de Educação Tecnológica de Uberaba - MG;11.861.290;11.861.290;14.155.496;14.081.027;14.081.027;13.589.435
2006;26336 - Escola Agrotécnica Federal de Uberlândia - MG;9.950.882;9.950.882;12.373.367;11.876.556;11.876.556;11.457.373
2006;26337 - Centro Federal de Educação Tecnológica de Urutaí - GO;10.777.171;10.777.171;12.314.470;12.084.393;12.084.393;11.503.360
2006;26338 - Escola Agrotécnica Federal de Vitória de Santo Antão João Cleófas - PE;8.871.445;9.071.445;9.778.158;9.664.248;9.664.248;9.075.672
2006;26339 - Escola Agrotécnica Federal de São Gabriel da Cachoeira - AM;5.087.524;5.287.524;5.582.674;5.311.832;5.311.832;4.723.654
2006;26340 - Escola Agrotécnica Federal de Sombrio - SC;7.097.935;7.097.935;8.397.013;8.050.892;8.050.892;7.581.129
2006;26341 - Escola Agrotécnica Federal de Ceres - GO;6.055.999;6.055.999;7.325.395;7.289.089;7.289.089;6.643.592
2006;26342 - Escola Agrotécnica Federal de Colorado do Oeste - RO;6.084.850;6.284.850;7.100.121;6.784.921;6.784.921;6.293.726
2006;26343 - Escola Agrotécnica Federal de Codó - MA;4.168.350;4.168.350;4.332.802;4.256.832;4.256.832;3.953.074
2006;26344 - Escola Agrotécnica Federal Antônio José Teixeira - Guanambi - BA;5.043.413;5.043.413;5.329.138;4.982.631;4.982.631;4.843.331
2006;26345 - Escola Agrotécnica Federal de Rio do Sul - SC;6.173.632;6.173.632;7.249.814;7.091.714;7.091.714;6.947.916
2006;26346 - Escola Agrotécnica Federal de Santa Inês - BA;4.618.760;4.618.760;4.873.745;4.759.079;4.759.079;4.666.304
2006;26347 - Escola Agrotécnica Federal do Senhor do Bomfim - BA;4.651.429;4.651.429;4.981.027;4.827.289;4.827.289;4.713.374
2006;26350 - Fundação Universidade Federal da Grande Dourados;11.481.000;10.542.446;20.649.904;17.267.189;17.267.189;9.038.674
2006;26351 - Universidade Federal do Recôncavo da Bahia;12.568.428;11.368.428;17.561.807;16.640.869;16.640.869;7.926.691
2006;26352 - Fundação Universidade Federal do ABC;54.037.102;48.245.697;50.350.202;35.740.748;35.740.748;2.468.014
2007;26101 - Ministério da Educação - Administração Direta;1.473.924.646;1.830.892.606;2.202.159.763;2.062.051.739;1.330.077.853;1.153.615.372
2007;26104 - Instituto Nacional de Educação de Surdos;45.593.253;45.593.253;45.723.752;42.242.925;39.161.079;39.161.079
2007;26105 - Instituto Benjamin Constant;34.303.154;34.303.154;35.917.243;35.181.950;31.188.011;30.731.537
2007;26201 - Colégio Pedro II;224.645.335;225.195.335;231.440.650;227.051.721;226.617.566;226.614.824
2007;26202 - Centro Federal de Educação Tecnológica de Alagoas;53.697.085;53.697.085;53.806.061;53.767.703;52.007.739;51.756.439
2007;26203 - Centro Federal de Educação Tecnológica do Amazonas;40.898.882;43.908.882;45.146.900;42.205.086;39.745.100;39.505.579
2007;26205 - Centro Federal de Educação Tecnológica de Campos;65.336.662;65.336.662;68.310.485;65.555.812;64.423.211;63.947.452
2007;26206 - Centro Federal de Educação Tecnológica do Ceará;58.584.250;58.734.250;62.917.299;62.236.396;56.145.584;56.129.749
2007;26207 - Centro Federal de Educação Tecnológica do Espírito Santo;66.722.841;74.672.841;77.579.567;73.958.483;61.420.939;60.514.749
2007;26208 - Centro Federal de Educação Tecnológica de Goiás;57.541.203;57.941.203;58.001.054;56.202.940;53.463.394;52.914.836
2007;26210 - Centro Federal de Educação Tecnológica de Mato Grosso;32.534.506;32.684.506;34.948.859;34.504.035;31.613.996;30.960.064
2007;26211 - Centro Federal de Educação Tecnológica de Ouro Preto;25.875.164;25.875.164;30.540.709;27.923.934;27.594.641;27.592.188
2007;26212 - Centro Federal de Educação Tecnológica do Pará;53.232.805;53.232.805;54.709.969;54.377.388;51.976.419;51.934.805
2007;26213 - Centro Federal de Educação Tecnológica da Paraíba;66.045.641;66.045.641;67.683.753;66.968.098;65.081.400;64.203.131
2007;26214 - Centro Federal de Educação Tecnológica de Pelotas;55.925.177;55.925.177;61.996.421;60.809.930;60.272.778;60.203.450
2007;26215 - Centro Federal de Educação Tecnológica de Pernambuco;70.610.159;70.610.159;70.539.967;68.705.995;65.131.743;63.627.251
2007;26216 - Centro Federal de Educação Tecnológica do Piauí;43.124.962;43.558.294;41.957.210;40.762.751;38.625.726;37.900.740
2007;26217 - Centro Federal de Educação Tecnológica de Química de Nilópolis;51.782.525;52.232.525;53.316.379;53.116.379;48.988.774;48.643.104
2007;26218 - Centro Federal de Educação Tecnológica do Rio Grande do Norte;71.941.428;71.941.428;72.160.005;70.877.316;69.832.454;69.346.043
2007;26219 - Centro Federal de Educação Tecnológica de Santa Catarina;66.067.846;68.367.846;67.717.097;63.700.228;61.155.191;60.098.514
2007;26220 - Centro Federal de Educação Tecnológica de São Paulo;57.772.792;57.872.792;56.773.576;53.386.177;50.546.613;50.348.978
2007;26221 - Centro Federal de Educação Tecnológica de Sergipe;34.058.002;34.058.002;33.728.342;33.022.042;32.213.280;32.201.134
2007;26222 - Centro Federal de Educação Tecnológica de Roraima;18.870.584;20.270.584;20.389.637;20.087.248;17.399.385;17.190.568
2007;26223 - Escola Técnica Federal de Palmas - TO;11.728.280;11.778.280;11.804.220;11.563.563;11.154.606;11.048.014
2007;26230 - Fundação Universidade Federal do Vale do São Francisco;29.326.717;51.276.717;57.722.445;53.825.563;23.741.738;23.696.869
2007;26231 - Universidade Federal de Alagoas;274.990.269;279.990.269;307.827.928;304.815.700;287.915.143;281.507.130
2007;26232 - Universidade Federal da Bahia;578.539.271;579.889.271;581.559.878;578.160.924;555.990.788;549.094.036
2007;26233 - Universidade Federal do Ceará;587.286.741;588.036.741;633.078.621;629.387.761;612.140.662;608.367.882
2007;26234 - Universidade Federal do Espírito Santo;300.597.020;311.857.020;326.919.040;320.182.297;301.574.831;300.764.922
2007;26235 - Universidade Federal de Goiás;373.761.502;391.781.502;401.272.033;393.590.187;362.145.157;357.842.313
2007;26236 - Universidade Federal Fluminense;685.289.954;687.379.954;702.138.827;689.001.481;663.670.476;655.209.880
2007;26237 - Universidade Federal de Juiz de Fora;220.666.911;223.066.911;232.833.310;230.071.075;223.240.207;223.047.297
2007;26238 - Universidade Federal de Minas Gerais;771.271.064;772.126.064;819.584.652;806.695.116;790.551.218;777.939.597
2007;26239 - Universidade Federal do Pará;436.478.329;437.278.329;447.422.814;446.002.110;426.404.590;422.956.848
2007;26240 - Universidade Federal da Paraíba;524.968.099;526.343.099;538.946.010;538.699.876;527.543.246;522.807.674
2007;26241 - Universidade Federal do Paraná;581.875.838;591.375.838;616.998.442;606.850.729;578.084.307;565.278.842
2007;26242 - Universidade Federal de Pernambuco;524.843.066;525.823.066;542.635.473;537.105.174;517.428.814;512.250.414
2007;26243 - Universidade Federal do Rio Grande do Norte;497.140.982;504.140.982;518.370.139;511.941.170;500.178.185;496.166.199
2007;26244 - Universidade Federal do Rio Grande do Sul;632.505.675;633.405.675;650.730.452;649.220.039;639.547.502;632.402.085
2007;26245 - Universidade Federal do Rio de Janeiro;1.410.094.223;1.415.494.223;1.432.386.873;1.424.640.515;1.403.028.027;1.321.146.235
2007;26246 - Universidade Federal de Santa Catarina;543.053.449;544.053.449;552.130.850;542.203.653;530.047.577;524.475.752
2007;26247 - Universidade Federal de Santa Maria;419.503.175;421.803.175;424.554.229;420.319.976;402.267.610;399.021.503
2007;26248 - Universidade Federal Rural de Pernambuco;167.412.680;168.162.680;179.371.320;174.712.205;161.689.362;160.165.214
2007;26249 - Universidade Federal Rural do Rio de Janeiro;194.568.834;195.168.834;185.252.871;184.998.305;175.854.563;174.464.854
2007;26250 - Fundação Universidade Federal de Roraima;44.598.552;45.998.552;49.593.059;48.475.923;44.281.003;38.333.298
2007;26251 - Fundação Universidade Federal do Tocantins;58.238.721;58.788.721;59.093.102;57.652.921;54.310.688;54.310.688
2007;26252 - Universidade Federal de Campina Grande;193.155.013;195.680.013;202.711.850;202.493.192;193.474.784;189.218.920
2007;26253 - Universidade Federal Rural da Amazônia;50.243.636;51.093.636;53.732.210;53.490.127;52.587.877;51.256.352
2007;26254 - Universidade Federal do Triângulo Mineiro;97.552.657;97.552.657;102.629.409;102.031.303;100.022.913;100.016.046
2007;26255 - Universidade Federal dos Vales do Jequitinhonha e Mucuri;37.969.927;37.969.927;37.353.868;34.896.424;28.187.312;28.187.312
2007;26256 - Centro Federal de Educação Tecnológica Celso Suckow da Fonseca;102.648.399;102.648.399;102.539.991;101.047.436;94.370.791;93.626.447
2007;26257 - Centro Federal de Educação Tecnológica de Minas Gerais;102.277.055;103.027.055;103.736.335;101.878.905;99.144.690;98.161.413
2007;26258 - Universidade Tecnológica Federal do Paraná;171.846.997;174.146.997;172.155.645;171.663.806;167.165.634;163.786.689
2007;26260 - Universidade Federal de Alfenas;37.152.220;37.192.220;37.149.122;36.954.890;34.675.778;34.393.780
2007;26261 - Universidade Federal de Itajubá;48.202.965;48.302.965;51.753.304;48.219.208;46.078.588;45.683.125
2007;26262 - Universidade Federal de São Paulo;411.665.398;415.195.398;444.564.555;421.608.186;397.717.876;397.421.786
2007;26263 - Universidade Federal de Lavras;89.819.316;90.469.316;100.034.418;99.332.521;92.260.734;92.258.594
2007;26264 - Universidade Federal Rural do Semi-Árido;48.402.032;48.402.032;51.240.225;51.145.597;50.327.042;49.899.577
2007;26265 - Centro Federal de Educação Tecnológica do Maranhão;64.057.560;69.557.560;67.472.528;66.927.796;56.610.606;56.187.375
2007;26268 - Fundação Universidade Federal de Rondônia;66.453.124;67.953.124;72.149.524;71.097.481;67.359.474;67.304.865
2007;26269 - Fundação Universidade do Rio de Janeiro;163.722.537;163.802.537;164.990.504;163.702.818;160.708.315;157.356.266
2007;26270 - Fundação Universidade do Amazonas;210.488.467;229.738.467;241.756.865;240.389.118;227.224.998;205.035.666
2007;26271 - Fundação Universidade de Brasília;655.756.541;667.256.541;768.554.373;759.314.455;709.000.781;703.285.191
2007;26272 - Fundação Universidade Federal do Maranhão;256.152.116;262.102.116;266.883.296;262.690.654;241.291.110;236.393.075
2007;26273 - Fundação Universidade Federal do Rio Grande;169.131.143;169.431.143;169.589.016;168.182.085;165.856.305;164.250.354
2007;26274 - Universidade Federal de Uberlândia;365.218.004;365.838.004;379.681.055;374.710.407;360.220.194;352.988.154
2007;26275 - Fundação Universidade Federal do Acre;95.599.969;96.199.969;118.517.666;117.579.203;114.893.211;111.131.838
2007;26276 - Fundação Universidade Federal de Mato Grosso;277.246.768;278.196.768;279.597.371;273.245.879;260.673.881;260.393.790
2007;26277 - Fundação Universidade Federal de Ouro Preto;103.612.915;104.482.915;108.138.908;105.985.282;102.117.670;101.151.433
2007;26278 - Fundação Universidade Federal de Pelotas;238.245.232;238.445.232;240.808.435;238.192.493;234.445.019;232.342.696
2007;26279 - Fundação Universidade Federal do Piauí;222.785.289;223.675.289;220.098.660;219.372.092;215.386.643;212.589.513
2007;26280 - Fundação Universidade Federal de São Carlos;159.680.789;162.560.789;167.178.793;166.834.160;159.782.312;154.840.632
2007;26281 - Fundação Universidade Federal de Sergipe;174.730.495;180.030.495;186.966.862;185.592.774;168.483.651;166.119.932
2007;26282 - Fundação Universidade Federal de Viçosa;271.839.111;272.479.111;285.324.867;282.746.819;273.678.513;270.961.732
2007;26283 - Fundação Universidade Federal de Mato Grosso do Sul;219.922.524;220.322.524;227.824.808;221.711.041;216.666.149;214.771.314
2007;26284 - Fundação Universidade Federal de Ciências da Saúde de Porto Alegre;30.594.461;30.594.461;30.917.733;26.673.282;24.852.910;24.852.910
2007;26285 - Fundação Universidade Federal de São João del-Rei;47.821.552;53.396.552;55.678.646;54.571.026;46.510.954;45.869.496
2007;26286 - Fundação Universidade Federal do Amapá;28.238.664;37.438.664;36.505.519;35.889.183;23.917.617;23.887.162
2007;26290 - Instituto Nacional de Estudos e Pesquisas Educacionais Anísio Teixeira;251.915.332;271.915.332;260.060.806;226.977.062;177.309.812;176.573.512
2007;26291 - Fundação Coordenação de Aperfeiçoamento de Pessoal de Nível Superior;789.936.800;789.936.800;816.564.660;781.238.545;695.738.108;694.379.872
2007;26292 - Fundação Joaquim Nabuco;61.618.073;61.618.073;62.258.021;58.123.546;54.558.039;51.155.746
2007;26294 - Hospital de Clínicas de Porto Alegre;292.610.959;292.610.959;299.818.722;286.610.730;285.754.937;282.007.097
2007;26298 - Fundo Nacional de Desenvolvimento da Educação;6.405.910.539;7.007.333.391;7.877.985.727;7.610.896.348;6.610.374.366;5.678.395.423
2007;26301 - Centro Federal de Educação Tecnológica da Bahia;76.541.181;77.471.181;78.492.722;77.396.954;71.191.201;69.684.667
2007;26302 - Escola Agrotécnica Federal de Alegre - ES;13.215.736;13.215.736;13.586.720;13.291.350;13.155.969;13.079.842
2007;26303 - Escola Agrotécnica Federal de Alegrete - RS;7.314.783;7.314.783;7.673.327;7.620.326;7.361.938;7.321.872
2007;26304 - Escola Agrotécnica Federal de Araguatins - TO;7.168.211;7.168.211;8.852.250;8.362.503;7.435.924;7.327.009
2007;26305 - Centro Federal de Educação Tecnológica de Bambui - MG;16.693.010;16.693.010;16.920.774;16.310.263;15.937.173;15.811.636
2007;26306 - Escola Agrotécnica Federal de Barbacena - MG;19.633.811;19.833.811;22.545.846;22.465.344;21.744.920;21.463.234
2007;26307 - Escola Agrotécnica Federal de Barreiros - PE;10.761.297;10.761.297;11.515.069;11.143.050;11.143.050;10.969.186
2007;26308 - Escola Agrotécnica Federal de Belo Jardim - PE;10.024.960;10.024.960;10.201.849;10.031.672;9.699.856;9.603.052
2007;26309 - Centro Federal de Educação Tecnológica de Bento Gonçalves - RS;12.697.339;12.697.339;12.801.515;12.745.926;12.289.562;12.241.391
2007;26310 - Escola Agrotécnica Federal de Cáceres - MT;7.294.746;7.394.746;7.759.121;7.628.773;7.261.567;7.138.458
2007;26311 - Escola Agrotécnica Federal de Castanhal - PA;11.204.541;11.504.541;11.750.224;11.687.015;10.906.486;10.804.197
2007;26312 - Escola Agrotécnica Federal de Catu - BA;9.675.514;9.675.514;10.774.377;10.628.835;10.393.931;10.391.371
2007;26313 - Escola Agrotécnica Federal de Colatina - ES;11.311.920;11.311.920;11.797.286;11.758.801;11.349.977;11.236.056
2007;26314 - Escola Agrotécnica Federal de Concórdia - SC;8.549.629;8.749.629;9.546.298;9.438.805;9.109.338;8.918.153
2007;26315 - Escola Agrotécnica Federal de Crato - CE;11.126.073;11.126.073;11.956.574;11.834.599;11.533.775;11.463.880
2007;26316 - Centro Federal de Educação Tecnológica de Cuiabá - MT;14.472.540;14.822.540;13.972.462;12.248.839;11.212.970;11.160.406
2007;26317 - Escola Agrotécnica Federal de Iguatu - CE;15.637.111;15.637.111;15.303.202;12.929.738;12.879.578;12.771.692
2007;26318 - Escola Agrotécnica Federal de Inconfidentes Visconde de Mauá - MG;12.996.972;12.996.972;13.288.328;13.188.991;12.481.160;12.455.121
2007;26319 - Centro Federal de Educação Tecnológica de Januária;11.723.456;11.723.456;11.692.600;11.058.563;10.920.447;10.744.537
2007;26320 - Escola Agrotécnica Federal de Machado - MG;12.893.998;12.893.998;12.880.285;12.804.206;12.579.569;12.430.821
2007;26321 - Escola Agrotécnica Federal de Manaus - AM;10.027.383;10.027.383;10.456.868;10.407.808;10.299.731;10.090.319
2007;26322 - Escola Agrotécnica Federal de Muzambinho - MG;12.391.528;12.391.528;12.828.884;12.690.012;11.990.280;11.893.704
2007;26323 - Centro Federal de Educação Tecnológica de Petrolina;15.946.658;16.046.658;16.278.322;15.540.507;15.193.169;14.978.278
2007;26324 - Centro Federal de Educação Tecnológica de Rio Pomba;15.683.195;15.683.195;15.732.759;15.527.976;15.170.688;15.087.015
2007;26325 - Centro Federal de Educação Tecnológica de Rio Verde - GO;12.741.110;12.741.110;12.779.142;12.161.444;11.883.638;11.661.310
2007;26326 - Escola Agrotécnica Federal de Salinas Clemente Medrado - MG;10.900.602;10.900.602;11.567.675;11.029.444;10.713.136;10.617.742
2007;26327 - Escola Agrotécnica Federal de Santa Teresa- ES;14.572.452;14.572.452;15.680.898;15.637.761;15.295.651;15.215.241
2007;26328 - Escola Agrotécnica Federal de São Cristóvão - SE;12.989.113;12.989.113;13.856.371;13.745.965;13.674.275;13.657.075
2007;26329 - Escola Agrotécnica Federal de São João Evangelista Nelson de Senna - MG;10.276.549;10.276.549;10.827.296;10.660.571;10.472.421;10.399.378
2007;26330 - Escola Agrotécnica Federal de São Luís - MA;10.101.823;10.201.823;10.771.458;10.405.209;10.145.528;9.939.903
2007;26331 - Centro Federal de Educação Tecnológica de São Vicente do Sul;13.574.065;13.574.065;13.900.501;13.695.650;11.453.875;11.222.866
2007;26332 - Escola Agrotécnica Federal de Satuba - AL;13.277.479;13.277.479;13.442.238;13.363.538;13.303.332;13.217.098
2007;26333 - Escola Agrotécnica Federal de Sertão - RS;10.983.999;10.983.999;12.653.611;12.507.755;12.141.697;12.028.214
2007;26334 - Escola Agrotécnica Federal de Sousa - PB;11.127.736;11.127.736;11.017.952;8.456.463;8.304.911;8.304.041
2007;26335 - Centro Federal de Educação Tecnológica de Uberaba - MG;15.114.997;15.114.997;15.106.363;14.963.654;14.843.247;14.597.250
2007;26336 - Escola Agrotécnica Federal de Uberlândia - MG;11.337.141;11.337.141;12.114.608;11.995.389;11.356.634;11.337.658
2007;26337 - Centro Federal de Educação Tecnológica de Urutaí - GO;15.876.520;15.876.520;15.803.428;15.715.672;14.093.577;14.086.015
2007;26338 - Escola Agrotécnica Federal de Vitória de Santo Antão João Cleófas - PE;10.100.866;10.100.866;10.326.542;10.130.288;9.787.928;9.654.715
2007;26339 - Escola Agrotécnica Federal de São Gabriel da Cachoeira - AM;5.632.598;5.632.598;5.803.483;5.792.650;5.371.395;5.346.931
2007;26340 - Escola Agrotécnica Federal de Sombrio - SC;7.733.274;7.733.274;8.255.140;8.083.394;7.699.796;7.426.998
2007;26341 - Escola Agrotécnica Federal de Ceres - GO;7.241.995;7.241.995;7.615.775;7.574.347;7.570.486;7.445.126
2007;26342 - Escola Agrotécnica Federal de Colorado do Oeste - RO;6.823.804;6.973.804;7.484.486;7.301.454;6.713.404;6.643.376
2007;26343 - Escola Agrotécnica Federal de Codó - MA;5.191.634;5.191.634;5.229.332;5.068.934;4.515.274;4.355.773
2007;26344 - Escola Agrotécnica Federal Antônio José Teixeira - Guanambi - BA;5.735.020;5.735.020;6.113.827;5.895.849;5.670.156;5.632.448
2007;26345 - Escola Agrotécnica Federal de Rio do Sul - SC;7.623.018;7.623.018;7.729.644;7.555.752;7.500.554;7.429.405
2007;26346 - Escola Agrotécnica Federal de Santa Inês - BA;5.208.426;5.208.426;5.570.630;5.520.971;5.423.620;5.423.620
2007;26347 - Escola Agrotécnica Federal do Senhor do Bomfim - BA;5.572.233;5.572.233;5.581.304;5.410.681;5.320.377;5.189.237
2007;26350 - Fundação Universidade Federal da Grande Dourados;44.906.381;44.906.381;49.904.301;49.663.373;34.675.766;34.577.025
2007;26351 - Universidade Federal do Recôncavo da Bahia;31.136.711;31.536.711;43.264.157;40.820.212;25.126.052;24.497.379
2007;26352 - Fundação Universidade Federal do ABC;88.285.601;89.685.601;89.189.347;78.434.630;17.434.022;17.339.454
2008;26101 - Ministério da Educação - Administração Direta;1.898.066.410;2.008.615.673;2.216.556.225;1.796.391.507;980.361.274;942.310.447
2008;26104 - Instituto Nacional de Educação de Surdos;47.378.222;47.378.222;51.855.314;50.001.758;45.494.243;45.358.757
2008;26105 - Instituto Benjamin Constant;36.798.472;36.798.472;39.880.110;38.499.202;35.342.903;35.012.128
2008;26201 - Colégio Pedro II;215.025.171;216.325.171;241.034.646;239.807.551;236.265.099;236.195.591
2008;26202 - Centro Federal de Educação Tecnológica de Alagoas;54.524.118;54.524.118;61.133.886;59.986.098;58.800.739;58.340.278
2008;26203 - Centro Federal de Educação Tecnológica do Amazonas;43.044.474;45.194.474;50.060.280;49.117.761;46.751.082;46.560.217
2008;26205 - Centro Federal de Educação Tecnológica de Campos;69.586.916;69.586.916;79.122.266;78.643.206;76.958.468;76.689.606
2008;26206 - Centro Federal de Educação Tecnológica do Ceará;56.762.440;57.112.440;68.340.778;67.267.480;64.409.214;64.323.641
2008;26207 - Centro Federal de Educação Tecnológica do Espírito Santo;63.035.722;77.738.214;100.653.900;84.048.668;79.464.443;79.365.385
2008;26208 - Centro Federal de Educação Tecnológica de Goiás;55.039.286;55.539.286;67.112.314;65.674.948;62.843.037;62.372.598
2008;26210 - Centro Federal de Educação Tecnológica de Mato Grosso;36.831.568;61.781.568;45.120.724;42.950.050;39.420.225;39.381.867
2008;26211 - Centro Federal de Educação Tecnológica de Ouro Preto;31.301.138;31.301.138;37.695.560;36.872.791;36.453.617;36.451.714
2008;26212 - Centro Federal de Educação Tecnológica do Pará;47.990.207;48.090.207;58.820.523;56.898.319;56.073.184;55.043.798
2008;26213 - Centro Federal de Educação Tecnológica da Paraíba;68.079.051;68.079.051;78.465.457;77.866.262;74.678.008;72.546.698
2008;26214 - Centro Federal de Educação Tecnológica de Pelotas;61.387.657;61.387.657;73.636.309;73.051.490;71.454.556;71.295.403
2008;26215 - Centro Federal de Educação Tecnológica de Pernambuco;72.134.422;72.434.422;82.033.091;80.192.318;75.403.816;74.030.917
2008;26216 - Centro Federal de Educação Tecnológica do Piauí;45.552.955;45.652.955;54.194.936;53.415.494;50.823.529;50.666.892
2008;26217 - Centro Federal de Educação Tecnológica de Química de Nilópolis;56.944.299;58.644.299;67.510.454;61.772.402;60.809.105;60.751.269
2008;26218 - Centro Federal de Educação Tecnológica do Rio Grande do Norte;76.636.499;76.636.499;88.917.842;86.733.510;82.961.744;82.575.337
2008;26219 - Centro Federal de Educação Tecnológica de Santa Catarina;72.303.385;73.253.385;85.678.602;83.473.048;81.183.817;80.995.309
2008;26220 - Centro Federal de Educação Tecnológica de São Paulo;66.114.845;66.514.845;79.110.250;76.751.717;69.592.102;68.247.175
2008;26221 - Centro Federal de Educação Tecnológica de Sergipe;33.542.409;33.542.409;38.543.362;38.027.710;37.023.760;36.892.539
2008;26222 - Centro Federal de Educação Tecnológica de Roraima;20.530.564;22.080.606;26.249.328;25.360.931;21.793.674;21.757.431
2008;26223 - Escola Técnica Federal de Palmas - TO;14.759.665;14.759.665;16.623.788;16.398.097;15.619.310;15.610.991
2008;26230 - Fundação Universidade Federal do Vale do São Francisco;40.983.925;55.290.149;61.191.659;45.984.463;32.649.226;32.550.407
2008;26231 - Universidade Federal de Alagoas;330.505.802;330.755.802;373.850.218;327.672.249;319.708.443;315.273.812
2008;26232 - Universidade Federal da Bahia;593.623.101;621.804.246;693.198.956;660.171.035;637.902.525;632.978.638
2008;26233 - Universidade Federal do Ceará;592.762.490;613.792.441;702.853.494;670.573.664;644.441.057;642.715.947
2008;26234 - Universidade Federal do Espírito Santo;320.053.192;327.751.844;393.765.991;365.336.023;341.015.825;340.084.499
2008;26235 - Universidade Federal de Goiás;387.828.391;403.967.286;464.358.681;450.208.723;429.563.921;425.455.140
2008;26236 - Universidade Federal Fluminense;710.968.821;715.819.314;832.591.900;808.669.180;776.407.329;773.917.459
2008;26237 - Universidade Federal de Juiz de Fora;227.265.880;235.165.880;298.223.702;277.190.549;257.532.986;256.566.012
2008;26238 - Universidade Federal de Minas Gerais;808.868.036;809.010.399;918.457.692;892.514.695;865.228.673;864.353.797
2008;26239 - Universidade Federal do Pará;448.390.697;451.230.697;533.338.634;503.771.201;483.165.705;481.969.018
2008;26240 - Universidade Federal da Paraíba;587.972.877;589.572.877;676.884.056;666.559.855;654.315.729;648.447.500
2008;26241 - Universidade Federal do Paraná;596.249.536;613.401.376;720.792.327;676.420.674;656.667.202;651.783.025
2008;26242 - Universidade Federal de Pernambuco;553.574.194;555.614.194;636.966.158;620.314.221;593.586.928;592.010.910
2008;26243 - Universidade Federal do Rio Grande do Norte;512.055.725;520.413.605;588.818.644;566.033.936;558.236.439;557.918.407
2008;26244 - Universidade Federal do Rio Grande do Sul;658.837.189;661.887.189;747.552.557;730.692.804;716.720.224;715.677.273
2008;26245 - Universidade Federal do Rio de Janeiro;1.422.384.495;1.422.784.741;1.552.365.752;1.545.652.142;1.524.809.049;1.519.461.289
2008;26246 - Universidade Federal de Santa Catarina;596.647.708;626.190.065;667.804.525;631.637.540;614.433.980;613.943.590
2008;26247 - Universidade Federal de Santa Maria;413.896.738;414.646.738;496.002.138;488.773.058;473.479.413;471.924.793
2008;26248 - Universidade Federal Rural de Pernambuco;175.892.046;176.592.046;201.259.311;200.008.793;184.932.872;184.486.550
2008;26249 - Universidade Federal Rural do Rio de Janeiro;205.198.800;205.998.800;247.961.632;231.178.177;219.559.242;219.465.069
2008;26250 - Fundação Universidade Federal de Roraima;46.562.263;48.512.263;57.441.077;56.620.886;51.953.413;51.857.419
2008;26251 - Fundação Universidade Federal do Tocantins;69.951.805;70.651.805;83.792.957;81.333.980;72.265.416;72.264.487
2008;26252 - Universidade Federal de Campina Grande;197.978.265;202.218.265;235.350.910;233.502.109;222.706.928;220.118.796
2008;26253 - Universidade Federal Rural da Amazônia;58.136.086;61.436.086;69.255.995;65.558.325;59.963.099;59.451.989
2008;26254 - Universidade Federal do Triângulo Mineiro;105.388.361;105.818.361;127.703.834;124.797.035;122.052.690;122.033.228
2008;26255 - Universidade Federal dos Vales do Jequitinhonha e Mucuri;37.894.751;56.749.028;63.383.067;44.359.898;36.131.647;35.666.038
2008;26256 - Centro Federal de Educação Tecnológica Celso Suckow da Fonseca;103.134.846;103.134.846;116.382.316;113.520.223;108.179.800;108.084.126
2008;26257 - Centro Federal de Educação Tecnológica de Minas Gerais;111.804.996;112.154.996;131.829.300;127.313.599;122.001.471;121.569.480
2008;26258 - Universidade Tecnológica Federal do Paraná;176.207.700;203.207.540;230.946.033;205.161.416;189.485.508;189.325.327
2008;26260 - Universidade Federal de Alfenas;39.883.665;40.283.665;49.279.397;47.932.043;43.447.150;43.375.131
2008;26261 - Universidade Federal de Itajubá;52.597.825;52.997.825;60.367.977;57.283.028;53.332.311;53.307.318
2008;26262 - Universidade Federal de São Paulo;463.223.166;465.873.166;526.140.889;480.855.025;469.596.060;469.534.430
2008;26263 - Universidade Federal de Lavras;84.400.015;84.700.015;103.146.928;102.301.396;96.153.913;96.153.913
2008;26264 - Universidade Federal Rural do Semi-Árido;54.518.776;62.876.656;69.049.573;67.867.691;58.230.040;58.126.898
2008;26265 - Centro Federal de Educação Tecnológica do Maranhão;70.778.699;71.328.699;74.920.772;73.905.216;69.593.740;69.377.813
2008;26268 - Fundação Universidade Federal de Rondônia;69.274.092;70.474.092;78.720.854;75.808.064;71.990.969;71.809.225
2008;26269 - Fundação Universidade do Rio de Janeiro;165.258.230;165.858.230;185.244.383;177.884.909;172.933.666;169.884.393
2008;26270 - Fundação Universidade do Amazonas;230.362.784;235.737.784;288.781.560;280.517.615;248.141.107;240.676.534
2008;26271 - Fundação Universidade de Brasília;683.234.364;700.575.088;881.684.811;826.626.999;764.092.781;758.204.760
2008;26272 - Fundação Universidade Federal do Maranhão;274.390.878;275.840.878;312.071.978;306.416.947;293.222.577;290.876.376
2008;26273 - Fundação Universidade Federal do Rio Grande;178.302.469;178.802.469;206.589.897;203.361.904;195.781.877;195.740.853
2008;26274 - Universidade Federal de Uberlândia;388.362.019;389.367.019;450.582.601;446.081.763;422.773.261;418.702.124
2008;26275 - Fundação Universidade Federal do Acre;103.421.628;107.021.628;135.012.020;129.147.227;123.025.295;122.966.142
2008;26276 - Fundação Universidade Federal de Mato Grosso;279.387.212;280.537.212;329.064.773;319.088.688;308.349.937;307.008.483
2008;26277 - Fundação Universidade Federal de Ouro Preto;115.883.487;116.363.487;129.480.121;127.361.873;121.052.174;120.896.706
2008;26278 - Fundação Universidade Federal de Pelotas;248.334.361;248.684.361;287.328.105;280.300.513;275.626.172;273.421.483
2008;26279 - Fundação Universidade Federal do Piauí;228.950.168;230.500.168;305.457.452;264.466.390;239.152.143;237.302.315
2008;26280 - Fundação Universidade Federal de São Carlos;165.253.676;166.483.676;193.729.716;187.975.193;185.071.897;184.893.034
2008;26281 - Fundação Universidade Federal de Sergipe;173.867.399;185.506.964;212.654.451;198.078.352;190.448.423;189.606.458
2008;26282 - Fundação Universidade Federal de Viçosa;289.157.581;319.640.904;347.863.399;333.185.447;313.846.737;304.115.288
2008;26283 - Fundação Universidade Federal de Mato Grosso do Sul;226.943.313;226.943.313;260.274.729;252.961.603;245.573.270;245.266.594
2008;26284 - Fundação Universidade Federal de Ciências da Saúde de Porto Alegre;29.026.487;29.376.487;35.100.425;33.030.855;29.400.698;29.380.239
2008;26285 - Fundação Universidade Federal de São João del-Rei;51.018.417;52.618.417;69.790.162;64.927.950;52.340.159;51.231.964
2008;26286 - Fundação Universidade Federal do Amapá;24.892.766;38.657.742;46.090.791;34.287.184;28.422.476;28.005.987
2008;26290 - Instituto Nacional de Estudos e Pesquisas Educacionais Anísio Teixeira;319.520.915;299.520.915;316.257.887;258.696.320;198.600.987;198.425.332
2008;26291 - Fundação Coordenação de Aperfeiçoamento de Pessoal de Nível Superior;1.276.199.972;1.254.699.972;1.275.548.817;1.260.604.503;1.017.512.021;958.032.180
2008;26292 - Fundação Joaquim Nabuco;68.907.831;68.907.831;84.327.032;77.833.190;74.589.899;74.399.009
2008;26294 - Hospital de Clínicas de Porto Alegre;292.981.620;292.981.620;329.799.465;310.680.902;308.529.475;306.660.425
2008;26298 - Fundo Nacional de Desenvolvimento da Educação;9.478.090.502;9.471.674.564;9.493.649.627;9.090.255.123;7.949.301.234;7.283.372.260
2008;26301 - Centro Federal de Educação Tecnológica da Bahia;81.467.080;84.677.080;98.464.582;96.835.047;90.401.029;88.812.352
2008;26302 - Escola Agrotécnica Federal de Alegre - ES;13.951.462;14.151.462;15.744.355;15.569.245;15.139.138;14.945.761
2008;26303 - Escola Agrotécnica Federal de Alegrete - RS;8.026.653;8.026.653;9.495.408;9.192.713;9.061.856;9.033.728
2008;26304 - Escola Agrotécnica Federal de Araguatins - TO;9.480.570;9.580.570;9.711.250;8.463.335;8.132.059;8.112.283
2008;26305 - Centro Federal de Educação Tecnológica de Bambui - MG;17.959.605;17.959.605;20.258.365;20.168.954;19.750.221;19.650.339
2008;26306 - Escola Agrotécnica Federal de Barbacena - MG;23.375.603;23.575.603;25.419.878;24.904.269;24.128.190;24.050.428
2008;26307 - Escola Agrotécnica Federal de Barreiros - PE;11.829.528;11.829.528;12.713.283;12.450.710;12.298.651;12.247.836
2008;26308 - Escola Agrotécnica Federal de Belo Jardim - PE;10.585.942;10.585.942;11.149.722;11.018.113;10.912.613;10.864.830
2008;26309 - Centro Federal de Educação Tecnológica de Bento Gonçalves - RS;16.323.015;16.423.015;20.003.940;19.625.910;18.057.809;17.888.974
2008;26310 - Escola Agrotécnica Federal de Cáceres - MT;7.304.098;8.304.098;9.701.417;9.484.628;8.302.048;8.257.833
2008;26311 - Escola Agrotécnica Federal de Castanhal - PA;11.932.363;12.882.363;14.042.859;13.566.831;12.260.357;12.174.898
2008;26312 - Escola Agrotécnica Federal de Catu - BA;10.388.193;10.388.193;12.663.895;12.377.649;12.245.799;12.232.458
2008;26313 - Escola Agrotécnica Federal de Colatina - ES;11.875.660;11.875.660;13.422.042;13.293.104;13.112.011;13.105.571
2008;26314 - Escola Agrotécnica Federal de Concórdia - SC;9.482.399;9.482.399;10.394.405;10.269.348;9.870.427;9.847.766
2008;26315 - Escola Agrotécnica Federal de Crato - CE;12.353.292;12.353.292;14.239.971;13.922.392;13.740.468;13.703.022
2008;26316 - Centro Federal de Educação Tecnológica de Cuiabá - MT;13.452.088;13.452.088;15.681.424;15.197.396;14.685.659;14.685.334
2008;26317 - Escola Agrotécnica Federal de Iguatu - CE;13.756.357;13.756.357;15.437.587;14.981.428;14.652.340;14.475.488
2008;26318 - Escola Agrotécnica Federal de Inconfidentes Visconde de Mauá - MG;13.860.698;13.860.698;15.591.501;15.482.697;14.655.471;14.647.793
2008;26319 - Centro Federal de Educação Tecnológica de Januária;12.278.953;12.278.953;14.128.928;14.004.478;13.337.225;13.315.131
2008;26320 - Escola Agrotécnica Federal de Machado - MG;13.506.140;13.806.140;15.538.598;15.403.804;14.825.997;14.825.997
2008;26321 - Escola Agrotécnica Federal de Manaus - AM;10.652.824;11.732.824;15.119.508;12.859.132;12.086.734;11.748.482
2008;26322 - Escola Agrotécnica Federal de Muzambinho - MG;13.571.545;13.571.545;15.619.243;14.991.344;14.145.069;14.098.529
2008;26323 - Centro Federal de Educação Tecnológica de Petrolina;16.680.534;30.486.758;41.749.142;22.697.846;21.556.729;21.114.306
2008;26324 - Centro Federal de Educação Tecnológica de Rio Pomba;16.567.395;16.567.395;19.317.088;18.997.795;18.606.078;17.389.572
2008;26325 - Centro Federal de Educação Tecnológica de Rio Verde - GO;13.715.784;13.715.784;16.378.956;16.160.675;15.718.100;15.702.243
2008;26326 - Escola Agrotécnica Federal de Salinas Clemente Medrado - MG;11.910.041;11.910.041;12.947.876;12.676.358;12.265.633;12.265.633
2008;26327 - Escola Agrotécnica Federal de Santa Teresa- ES;15.344.305;15.344.305;19.361.437;16.997.425;16.889.612;16.823.662
2008;26328 - Escola Agrotécnica Federal de São Cristóvão - SE;13.859.432;14.359.432;15.492.610;15.235.935;14.636.753;14.624.473
2008;26329 - Escola Agrotécnica Federal de São João Evangelista Nelson de Senna - MG;10.939.065;10.939.065;12.338.659;12.189.461;11.671.861;11.665.139
2008;26330 - Escola Agrotécnica Federal de São Luís - MA;10.904.640;10.904.640;14.257.204;11.958.584;11.800.028;11.759.471
2008;26331 - Centro Federal de Educação Tecnológica de São Vicente do Sul;13.598.948;13.598.948;17.814.240;17.238.244;15.662.796;15.655.999
2008;26332 - Escola Agrotécnica Federal de Satuba - AL;13.590.227;13.590.227;15.578.091;14.987.776;14.915.609;14.870.750
2008;26333 - Escola Agrotécnica Federal de Sertão - RS;12.624.325;12.624.325;14.254.518;13.991.060;13.506.631;13.452.248
2008;26334 - Escola Agrotécnica Federal de Sousa - PB;8.769.709;8.769.709;9.938.145;9.838.781;9.623.448;9.523.293
2008;26335 - Centro Federal de Educação Tecnológica de Uberaba - MG;16.255.422;16.955.422;19.627.605;19.179.501;17.914.621;17.824.473
2008;26336 - Escola Agrotécnica Federal de Uberlândia - MG;12.111.941;12.261.941;13.983.417;13.411.903;12.782.282;12.700.640
2008;26337 - Centro Federal de Educação Tecnológica de Urutaí - GO;16.234.711;16.234.711;19.416.638;19.143.205;18.545.756;18.517.844
2008;26338 - Escola Agrotécnica Federal de Vitória de Santo Antão João Cleófas - PE;10.942.611;10.942.611;12.387.819;12.105.353;11.596.715;11.507.068
2008;26339 - Escola Agrotécnica Federal de São Gabriel da Cachoeira - AM;5.908.501;6.358.501;6.625.227;6.527.466;5.959.164;5.959.164
2008;26340 - Escola Agrotécnica Federal de Sombrio - SC;9.185.667;9.185.667;9.931.637;9.519.705;9.346.583;9.343.825
2008;26341 - Escola Agrotécnica Federal de Ceres - GO;7.983.647;7.983.647;8.708.930;8.531.299;8.457.189;8.429.530
2008;26342 - Escola Agrotécnica Federal de Colorado do Oeste - RO;6.955.819;7.105.819;8.155.591;8.005.419;7.559.658;7.534.120
2008;26343 - Escola Agrotécnica Federal de Codó - MA;5.277.664;5.277.664;5.526.432;5.359.978;5.256.996;5.104.373
2008;26344 - Escola Agrotécnica Federal Antônio José Teixeira - Guanambi - BA;5.989.693;5.989.693;6.978.043;6.323.861;6.144.455;6.102.618
2008;26345 - Escola Agrotécnica Federal de Rio do Sul - SC;8.132.096;8.132.096;9.494.158;9.425.061;9.315.123;9.304.185
2008;26346 - Escola Agrotécnica Federal de Santa Inês - BA;5.912.162;5.912.162;6.354.586;6.278.408;6.165.469;6.150.099
2008;26347 - Escola Agrotécnica Federal do Senhor do Bomfim - BA;5.727.646;5.827.646;6.550.555;6.265.183;6.091.014;6.069.398
2008;26350 - Fundação Universidade Federal da Grande Dourados;44.253.865;44.253.865;52.695.337;50.913.965;42.368.343;42.358.866
2008;26351 - Universidade Federal do Recôncavo da Bahia;38.610.994;39.660.994;55.944.218;53.655.160;39.585.503;39.243.729
2008;26352 - Fundação Universidade Federal do ABC;80.615.070;81.215.070;93.067.863;82.121.461;45.984.879;45.781.192
2009;26101 - Ministério da Educação - Administração Direta;5.796.657.023;5.604.105.548;2.544.363.956;1.980.768.232;1.149.671.560;1.111.498.407
2009;26104 - Instituto Nacional de Educação de Surdos;50.936.571;48.328.654;62.656.620;59.284.171;54.107.319;54.107.319
2009;26105 - Instituto Benjamin Constant;37.677.976;36.660.939;43.714.143;41.571.092;38.565.243;38.565.243
2009;26201 - Colégio Pedro II;230.230.662;231.080.662;298.947.764;294.090.111;286.983.593;286.623.669
2009;26202 - Centro Federal de Educação Tecnológica de Alagoas;56.861.233;57.011.233;76.835.018;74.196.813;73.215.750;72.275.280
2009;26203 - Centro Federal de Educação Tecnológica do Amazonas;43.411.858;43.121.897;62.797.619;62.347.924;59.274.396;59.163.295
2009;26205 - Centro Federal de Educação Tecnológica de Campos;75.624.250;73.240.651;104.926.679;102.962.290;101.753.055;101.660.816
2009;26206 - Centro Federal de Educação Tecnológica do Ceará;67.289.876;66.960.905;103.807.863;101.445.505;93.166.004;93.040.435
2009;26207 - Centro Federal de Educação Tecnológica do Espírito Santo;77.969.336;88.444.262;119.211.892;113.908.908;113.158.191;112.994.553
2009;26208 - Centro Federal de Educação Tecnológica de Goiás;62.370.183;60.375.091;88.428.882;86.056.201;80.673.584;80.589.659
2009;26210 - Centro Federal de Educação Tecnológica de Mato Grosso;40.161.080;39.184.989;60.335.637;57.951.841;53.253.614;52.988.598
2009;26211 - Centro Federal de Educação Tecnológica de Ouro Preto;32.605.527;32.605.527;44.301.144;42.877.381;42.298.681;42.253.517
2009;26212 - Centro Federal de Educação Tecnológica do Pará;56.924.300;51.993.744;82.848.922;81.456.315;79.656.809;78.850.151
2009;26213 - Centro Federal de Educação Tecnológica da Paraíba;74.019.879;73.596.442;97.547.168;94.607.824;92.175.609;90.593.385
2009;26214 - Centro Federal de Educação Tecnológica de Pelotas;65.288.607;64.604.745;92.284.363;90.934.454;90.155.253;90.092.907
2009;26215 - Centro Federal de Educação Tecnológica de Pernambuco;75.807.012;75.348.534;100.681.089;97.600.736;92.925.492;91.380.703
2009;26216 - Centro Federal de Educação Tecnológica do Piauí;48.605.556;48.855.556;68.543.621;67.441.075;64.434.246;63.549.939
2009;26217 - Centro Federal de Educação Tecnológica de Química de Nilópolis;62.746.109;61.021.898;92.562.794;89.738.284;84.692.615;84.467.105
2009;26218 - Centro Federal de Educação Tecnológica do Rio Grande do Norte;80.975.111;79.954.889;115.060.701;112.502.322;109.819.518;109.489.250
2009;26219 - Centro Federal de Educação Tecnológica de Santa Catarina;74.889.864;73.757.893;109.783.354;107.103.862;104.628.373;104.548.649
2009;26220 - Centro Federal de Educação Tecnológica de São Paulo;69.719.581;68.560.505;106.372.431;100.996.297;96.434.643;96.295.699
2009;26221 - Centro Federal de Educação Tecnológica de Sergipe;35.217.774;43.790.680;49.670.388;46.425.654;45.219.038;45.203.822
2009;26222 - Centro Federal de Educação Tecnológica de Roraima;22.270.296;24.470.296;32.604.184;31.661.889;28.244.536;28.155.052
2009;26223 - Escola Técnica Federal de Palmas - TO;14.727.604;14.727.604;23.546.060;23.342.132;22.745.790;22.623.527
2009;26224 - Escola Técnica Federal de Rondônia;5.721.641;18.216.641;4.120.379;557.455;309.733;264.133
2009;26230 - Fundação Universidade Federal do Vale do São Francisco;47.274.204;43.168.471;66.441.135;65.297.348;51.811.083;51.809.122
2009;26231 - Universidade Federal de Alagoas;330.145.817;327.954.625;361.664.286;351.309.373;330.636.245;330.110.366
2009;26232 - Universidade Federal da Bahia;543.774.211;551.118.608;726.373.966;696.451.597;658.970.705;656.372.036
2009;26233 - Universidade Federal do Ceará;605.055.732;597.579.746;748.065.373;734.999.109;701.649.880;700.515.381
2009;26234 - Universidade Federal do Espírito Santo;342.147.388;336.330.301;440.717.730;403.466.159;358.163.083;357.417.739
2009;26235 - Universidade Federal de Goiás;374.857.140;393.862.610;540.835.149;527.600.467;478.115.747;477.703.207
2009;26236 - Universidade Federal Fluminense;652.119.792;652.076.147;906.608.133;881.042.243;811.477.841;810.198.908
2009;26237 - Universidade Federal de Juiz de Fora;269.677.718;288.493.788;371.379.530;364.867.810;327.401.817;327.339.229
2009;26238 - Universidade Federal de Minas Gerais;726.542.677;716.589.465;966.194.599;928.271.596;893.904.856;890.693.518
2009;26239 - Universidade Federal do Pará;457.190.372;457.190.372;628.444.888;613.111.228;548.301.385;547.260.757
2009;26240 - Universidade Federal da Paraíba;539.088.369;537.819.828;710.506.602;685.452.813;648.766.712;648.264.238
2009;26241 - Universidade Federal do Paraná;509.796.586;516.877.630;772.212.731;703.847.837;668.697.006;664.619.506
2009;26242 - Universidade Federal de Pernambuco;559.018.254;551.997.643;687.816.627;657.489.384;604.424.095;602.999.844
2009;26243 - Universidade Federal do Rio Grande do Norte;501.011.969;503.495.819;663.675.396;645.139.203;618.261.145;617.772.482
2009;26244 - Universidade Federal do Rio Grande do Sul;686.795.521;684.984.146;886.293.570;862.349.912;838.942.450;838.355.300
2009;26245 - Universidade Federal do Rio de Janeiro;1.184.960.486;1.179.521.844;1.554.372.521;1.515.634.960;1.495.360.477;1.393.751.814
2009;26246 - Universidade Federal de Santa Catarina;517.893.998;512.734.630;697.232.803;675.032.990;623.019.734;622.597.601
2009;26247 - Universidade Federal de Santa Maria;327.096.089;321.307.636;481.278.065;467.842.355;437.873.936;437.257.903
2009;26248 - Universidade Federal Rural de Pernambuco;191.957.956;190.926.739;249.466.032;244.653.585;223.745.690;220.168.610
2009;26249 - Universidade Federal Rural do Rio de Janeiro;225.049.839;218.527.476;288.839.869;279.287.712;260.018.414;259.602.223
2009;26250 - Fundação Universidade Federal de Roraima;56.502.521;68.502.521;74.226.079;72.196.036;63.631.163;63.561.576
2009;26251 - Fundação Universidade Federal do Tocantins;101.764.882;111.812.699;135.107.270;132.223.451;103.205.634;102.093.833
2009;26252 - Universidade Federal de Campina Grande;206.402.411;205.418.274;276.386.828;267.881.156;254.833.200;254.460.293
2009;26253 - Universidade Federal Rural da Amazônia;63.291.966;63.691.966;79.765.340;77.012.935;70.864.254;70.698.555
2009;26254 - Universidade Federal do Triângulo Mineiro;92.845.687;92.672.829;99.187.867;94.094.755;85.079.451;84.944.140
2009;26255 - Universidade Federal dos Vales do Jequitinhonha e Mucuri;53.299.156;73.940.597;93.391.104;91.787.432;59.073.203;58.883.907
2009;26256 - Centro Federal de Educação Tecnológica Celso Suckow da Fonseca;105.678.987;103.965.172;141.549.171;136.426.673;130.871.466;130.387.158
2009;26257 - Centro Federal de Educação Tecnológica de Minas Gerais;121.841.621;119.809.066;166.701.882;164.499.035;159.295.428;159.270.243
2009;26258 - Universidade Tecnológica Federal do Paraná;213.314.150;228.839.844;289.109.579;279.974.389;241.607.499;241.445.779
2009;26260 - Universidade Federal de Alfenas;51.909.344;51.505.129;75.648.452;74.010.619;67.646.567;67.644.973
2009;26261 - Universidade Federal de Itajubá;69.859.898;69.890.584;92.186.600;79.031.089;71.499.473;71.484.751
2009;26262 - Universidade Federal de São Paulo;496.442.193;495.826.113;599.012.599;518.068.633;480.262.366;480.091.032
2009;26263 - Universidade Federal de Lavras;97.045.747;97.168.415;134.390.118;131.043.562;120.888.662;120.439.864
2009;26264 - Universidade Federal Rural do Semi-Árido;69.162.369;68.816.700;88.366.484;86.747.023;74.383.856;74.365.170
2009;26265 - Centro Federal de Educação Tecnológica do Maranhão;68.232.272;67.828.993;97.188.315;95.595.337;90.471.603;86.280.336
2009;26266 - Fundação Universidade Federal do Pampa;47.394.885;43.276.818;67.362.915;58.999.250;46.301.727;45.792.168
2009;26268 - Fundação Universidade Federal de Rondônia;75.348.725;76.348.725;97.386.574;95.667.578;85.954.494;85.873.015
2009;26269 - Fundação Universidade do Rio de Janeiro;143.551.072;141.067.041;168.881.366;161.270.077;150.272.675;149.961.003
2009;26270 - Fundação Universidade do Amazonas;219.279.047;218.336.016;296.160.477;279.590.600;260.149.984;259.109.775
2009;26271 - Fundação Universidade de Brasília;801.574.098;776.526.231;1.055.779.047;1.001.119.979;876.546.278;871.756.157
2009;26272 - Fundação Universidade Federal do Maranhão;244.512.645;241.432.681;318.116.662;310.758.876;283.923.385;283.246.679
2009;26273 - Fundação Universidade Federal do Rio Grande;216.395.311;213.688.470;265.844.563;260.172.768;222.105.685;222.049.188
2009;26274 - Universidade Federal de Uberlândia;337.286.731;335.784.159;455.828.125;448.315.385;407.120.541;405.974.353
2009;26275 - Fundação Universidade Federal do Acre;128.569.446;129.557.465;157.828.850;151.916.096;137.480.413;137.083.733
2009;26276 - Fundação Universidade Federal de Mato Grosso;287.452.573;276.216.467;378.301.019;364.818.513;336.098.861;335.514.367
2009;26277 - Fundação Universidade Federal de Ouro Preto;135.076.565;133.739.200;173.930.482;165.103.075;158.436.778;157.936.872
2009;26278 - Fundação Universidade Federal de Pelotas;263.229.060;260.786.013;326.730.913;319.516.975;308.253.401;307.173.106
2009;26279 - Fundação Universidade Federal do Piauí;264.219.827;260.012.752;344.116.176;327.454.358;291.447.715;287.238.431
2009;26280 - Fundação Universidade Federal de São Carlos;176.465.984;183.582.315;252.184.340;247.204.648;237.406.432;237.147.251
2009;26281 - Fundação Universidade Federal de Sergipe;177.772.990;185.172.970;248.918.898;237.478.689;220.295.356;219.246.715
2009;26282 - Fundação Universidade Federal de Viçosa;310.845.224;310.987.520;408.430.512;399.282.891;372.121.762;366.022.163
2009;26283 - Fundação Universidade Federal de Mato Grosso do Sul;254.383.259;245.857.382;299.343.849;283.844.432;261.740.268;261.538.091
2009;26284 - Fundação Universidade Federal de Ciências da Saúde de Porto Alegre;34.183.385;34.311.493;46.634.460;42.942.283;37.722.620;37.713.599
2009;26285 - Fundação Universidade Federal de São João del-Rei;77.086.838;101.635.409;111.802.663;108.256.497;85.007.499;84.738.612
2009;26286 - Fundação Universidade Federal do Amapá;27.651.681;28.501.681;40.209.863;38.386.554;34.997.007;34.660.284
2009;26287 - Escola Agrotécnica Federal de Marabá - PA;5.721.641;5.531.497;2.221.641;326.826;293.843;212.202
2009;26288 - Escola Agrotécnica Federal de Nova Andradina - MS;6.834.641;6.834.641;3.334.641;1.398.463;259.827;251.222
2009;26289 - Escola Agrotécnica Federal de São Raimundo das Mangabeiras - MA;5.721.641;5.531.497;2.221.641;0;0;0
2009;26290 - Instituto Nacional de Estudos e Pesquisas Educacionais Anísio Teixeira;462.103.780;327.581.465;496.442.933;354.200.966;293.526.740;289.655.279
2009;26291 - Fundação Coordenação de Aperfeiçoamento de Pessoal de Nível Superior;2.055.361.380;1.432.246.991;1.927.926.074;1.622.761.267;1.297.389.304;1.203.936.715
2009;26292 - Fundação Joaquim Nabuco;66.202.075;66.202.075;95.206.954;90.289.161;86.233.370;85.942.724
2009;26294 - Hospital de Clínicas de Porto Alegre;319.191.848;319.191.848;361.833.651;350.768.589;347.083.753;344.074.261
2009;26298 - Fundo Nacional de Desenvolvimento da Educação;12.917.863.206;12.768.899.882;13.678.303.302;12.336.971.550;10.840.409.047;10.160.814.568
2009;26301 - Centro Federal de Educação Tecnológica da Bahia;83.820.517;93.123.651;122.747.709;119.602.508;116.528.156;116.526.971
2009;26302 - Escola Agrotécnica Federal de Alegre - ES;14.566.533;14.348.150;19.144.154;18.395.167;17.966.221;17.944.489
2009;26303 - Escola Agrotécnica Federal de Alegrete - RS;10.073.357;9.301.202;13.516.343;13.088.845;12.914.615;12.889.985
2009;26304 - Escola Agrotécnica Federal de Araguatins - TO;7.971.040;7.971.040;11.082.536;10.437.838;10.007.156;9.999.120
2009;26305 - Centro Federal de Educação Tecnológica de Bambui - MG;19.976.000;19.244.682;28.776.254;27.246.552;26.700.722;26.664.459
2009;26306 - Escola Agrotécnica Federal de Barbacena - MG;23.459.267;23.453.354;28.906.874;28.176.799;27.419.685;27.388.751
2009;26307 - Escola Agrotécnica Federal de Barreiros - PE;11.564.938;11.445.160;15.614.659;14.854.088;14.705.389;14.670.310
2009;26308 - Escola Agrotécnica Federal de Belo Jardim - PE;10.838.635;10.558.000;13.496.974;12.772.101;12.396.609;12.386.256
2009;26309 - Centro Federal de Educação Tecnológica de Bento Gonçalves - RS;16.349.874;16.349.874;25.025.974;24.478.332;23.829.782;23.811.999
2009;26310 - Escola Agrotécnica Federal de Cáceres - MT;7.854.895;7.854.895;10.029.589;9.523.138;9.482.552;9.474.003
2009;26311 - Escola Agrotécnica Federal de Castanhal - PA;12.427.451;12.147.017;15.409.606;15.033.714;14.421.038;14.411.365
2009;26312 - Escola Agrotécnica Federal de Catu - BA;11.018.324;10.996.096;15.830.361;14.838.496;14.645.484;14.638.756
2009;26313 - Escola Agrotécnica Federal de Colatina - ES;12.295.989;12.295.989;16.170.612;15.565.726;15.428.286;15.392.196
2009;26314 - Escola Agrotécnica Federal de Concórdia - SC;10.720.096;10.595.260;13.688.628;12.801.026;12.551.322;12.543.102
2009;26315 - Escola Agrotécnica Federal de Crato - CE;13.430.842;13.297.903;16.847.230;16.040.717;15.469.207;15.463.260
2009;26316 - Centro Federal de Educação Tecnológica de Cuiabá - MT;14.907.511;15.102.300;21.262.842;20.460.555;19.678.912;19.590.696
2009;26317 - Escola Agrotécnica Federal de Iguatu - CE;14.539.723;14.401.362;18.163.770;16.617.365;16.286.413;16.242.910
2009;26318 - Escola Agrotécnica Federal de Inconfidentes Visconde de Mauá - MG;15.112.831;14.749.840;18.540.999;18.067.238;17.354.002;17.334.129
2009;26319 - Centro Federal de Educação Tecnológica de Januária;13.139.245;12.920.272;18.770.792;18.136.867;17.293.732;17.266.599
2009;26320 - Escola Agrotécnica Federal de Machado - MG;14.542.637;14.295.784;18.938.906;17.795.182;17.387.047;17.387.047
2009;26321 - Escola Agrotécnica Federal de Manaus - AM;9.343.647;9.318.324;15.385.793;13.832.126;13.505.826;13.292.517
2009;26322 - Escola Agrotécnica Federal de Muzambinho - MG;15.437.760;14.872.934;21.119.910;20.501.456;19.381.162;19.317.086
2009;26323 - Centro Federal de Educação Tecnológica de Petrolina;18.525.277;18.358.494;30.030.566;29.328.162;27.698.876;27.685.719
2009;26324 - Centro Federal de Educação Tecnológica de Rio Pomba;18.153.225;17.910.620;27.196.393;26.369.719;25.496.238;25.460.280
2009;26325 - Centro Federal de Educação Tecnológica de Rio Verde - GO;15.823.472;15.383.989;21.984.811;21.296.960;19.655.294;19.648.628
2009;26326 - Escola Agrotécnica Federal de Salinas Clemente Medrado - MG;12.096.435;12.072.850;17.247.583;14.859.480;14.107.909;14.106.465
2009;26327 - Escola Agrotécnica Federal de Santa Teresa- ES;12.213.712;12.213.712;20.456.638;19.333.794;19.315.931;19.229.231
2009;26328 - Escola Agrotécnica Federal de São Cristóvão - SE;14.625.234;14.076.882;19.163.741;17.659.662;16.875.791;15.837.899
2009;26329 - Escola Agrotécnica Federal de São João Evangelista Nelson de Senna - MG;12.592.356;12.137.016;15.478.930;15.027.597;13.947.951;13.874.659
2009;26330 - Escola Agrotécnica Federal de São Luís - MA;12.260.568;11.173.503;15.749.854;13.972.832;12.969.275;12.921.295
2009;26331 - Centro Federal de Educação Tecnológica de São Vicente do Sul;16.817.096;16.637.104;27.694.729;26.556.911;25.886.075;25.798.312
2009;26332 - Escola Agrotécnica Federal de Satuba - AL;14.221.360;14.371.360;17.966.139;17.328.611;17.071.335;17.062.834
2009;26333 - Escola Agrotécnica Federal de Sertão - RS;13.620.107;13.441.795;17.375.011;16.583.842;16.451.494;16.337.831
2009;26334 - Escola Agrotécnica Federal de Sousa - PB;9.118.844;8.907.334;12.481.641;12.004.320;11.975.258;11.934.198
2009;26335 - Centro Federal de Educação Tecnológica de Uberaba - MG;17.015.903;17.364.701;25.810.748;25.311.804;23.918.767;23.821.903
2009;26336 - Escola Agrotécnica Federal de Uberlândia - MG;13.376.130;13.376.130;16.324.035;15.713.088;15.110.923;15.109.080
2009;26337 - Centro Federal de Educação Tecnológica de Urutaí - GO;18.207.888;18.025.948;26.068.405;25.256.316;24.565.676;24.550.962
2009;26338 - Escola Agrotécnica Federal de Vitória de Santo Antão João Cleófas - PE;12.204.173;11.650.246;15.160.299;14.550.002;13.801.601;13.662.910
2009;26339 - Escola Agrotécnica Federal de São Gabriel da Cachoeira - AM;5.762.556;6.212.556;8.175.396;7.241.791;6.613.588;6.598.092
2009;26340 - Escola Agrotécnica Federal de Sombrio - SC;8.770.593;8.770.593;11.902.965;11.419.210;11.262.787;11.251.727
2009;26341 - Escola Agrotécnica Federal de Ceres - GO;8.203.677;8.066.394;11.491.023;10.785.822;10.721.746;10.685.481
2009;26342 - Escola Agrotécnica Federal de Colorado do Oeste - RO;7.524.810;7.674.810;9.664.540;9.114.120;8.718.806;8.713.985
2009;26343 - Escola Agrotécnica Federal de Codó - MA;5.084.789;5.084.789;6.889.995;6.478.059;6.379.143;6.299.812
2009;26344 - Escola Agrotécnica Federal Antônio José Teixeira - Guanambi - BA;5.959.300;5.959.300;7.908.490;7.228.732;7.117.034;7.099.826
2009;26345 - Escola Agrotécnica Federal de Rio do Sul - SC;9.120.403;9.120.403;12.639.814;12.008.290;11.482.007;11.476.596
2009;26346 - Escola Agrotécnica Federal de Santa Inês - BA;5.889.576;5.889.576;8.375.753;7.852.458;7.731.922;7.730.972
2009;26347 - Escola Agrotécnica Federal do Senhor do Bomfim - BA;6.096.684;5.971.497;8.667.218;8.085.345;7.913.809;7.857.590
2009;26350 - Fundação Universidade Federal da Grande Dourados;56.251.848;55.316.782;78.111.718;76.736.344;58.611.867;58.514.245
2009;26351 - Universidade Federal do Recôncavo da Bahia;69.901.070;70.351.070;96.088.427;92.624.413;72.665.515;72.563.940
2009;26352 - Fundação Universidade Federal do ABC;139.802.091;127.445.222;171.568.954;150.383.874;59.953.407;59.832.202
2009;26353 - Escola Técnica Federal do Acre;5.721.641;5.871.641;2.371.641;164.543;117.768;117.768
2009;26354 - Escola Técnica Federal do Amapá;5.721.641;5.721.641;2.221.641;330.000;0;0
2009;26355 - Escola Técnica Federal de Mato Grosso do Sul;6.612.641;6.612.641;3.112.641;1.136.631;262.410;262.410
2009;26356 - Escola Técnica Federal de Brasília;11.755.641;23.255.641;14.812.431;11.968.671;9.070.471;8.796.428
2009;26357 - Escola Técnica Federal de Canoas;5.721.641;5.681.497;2.371.641;8.356;8.006;8.006
2009;26358 - Hospital Universitário Prof. Alberto Antunes;19.096.012;19.096.012;44.314.191;41.459.023;41.459.023;41.459.023
2009;26359 - Complexo Hospitalar e de Saúde da Universidade Federal da Bahia;95.460.143;95.460.143;100.865.276;90.451.941;89.191.510;89.018.867
2009;26362 - Hospital Universitário Walter Cantídio;36.538.719;36.538.719;71.158.841;63.837.908;63.837.908;63.837.908
2009;26363 - Maternidade-Escola Assis Chateaubriand;1.943.399;1.943.399;1.944.399;654.799;654.799;654.799
2009;26364 - Hospital Universitário Cassiano Antônio Morais;31.456.905;31.456.905;73.489.575;54.860.786;53.566.086;53.494.644
2009;26365 - Hospital das Clínicas da Universidade Federal de Goiás;65.264.249;65.264.249;61.998.092;56.259.637;56.259.637;55.307.001
2009;26366 - Hospital Universitário Antonio Pedro;93.996.896;94.396.896;116.929.596;112.619.161;112.338.618;112.261.035
2009;26367 - Hospital Universitário da Universidade Federal de Juiz de Fora;25.002.976;25.002.976;32.302.494;31.611.880;30.975.423;30.811.816
2009;26368 - Hospital das Clínicas da Universidade Federal de Minas Gerais;119.146.181;119.246.181;144.637.318;140.805.543;135.041.191;134.514.170
2009;26369 - Hospital Universitário João de Barros Barreto;45.588.299;45.588.299;39.392.296;36.229.950;36.226.524;36.226.524
2009;26370 - Hospital Universitário Bettina Ferro Souza;9.766.666;9.766.666;9.774.398;6.770.187;6.695.087;6.687.299
2009;26371 - Hospital Universitário Lauro Wanderley;54.356.393;54.356.393;90.403.147;85.443.316;85.443.316;85.439.758
2009;26372 - Hospital de Clínicas da Universidade Federal do Paraná;148.485.945;149.985.945;132.881.019;119.097.854;116.720.076;116.515.804
2009;26373 - Hospital das Clínicas da Universidade Federal de Pernambuco;57.858.033;58.008.033;93.826.741;90.753.543;90.534.466;90.486.481
2009;26374 - Complexo Hospitalar e de Saúde da Universidade Federal do Rio Grande do Norte;66.888.400;67.288.400;81.240.248;73.898.051;73.624.225;73.624.204
2009;26378 - Complexo Hospitalar e de Saúde da Universidade Federal do Rio de Janeiro;336.390.782;339.540.782;280.890.951;263.307.313;260.766.966;258.174.202
2009;26385 - Hospital Universitário da Universidade Federal da Grande Dourados;9.943.627;9.943.627;16.352.416;15.709.775;12.694.289;12.641.566
2009;26386 - Hospital Universitário Prof. Polydoro Ernani de São Thiago;71.611.600;71.611.600;87.322.360;80.465.297;78.658.094;78.658.094
2009;26387 - Hospital Universitário de Santa Maria;139.051.929;138.907.881;113.061.290;106.572.028;106.572.028;106.569.070
2009;26388 - Hospital Universitário Alcides Carneiro;16.953.080;16.953.080;21.069.065;19.841.102;19.815.031;19.815.031
2009;26389 - Hospital de Clínicas da Universidade Federal do Triângulo Mineiro;29.125.961;29.125.961;70.661.509;69.195.089;69.010.283;69.005.624
2009;26391 - Hospital Universitário Gaffree e Guinle;41.652.683;41.652.683;42.110.909;38.158.048;38.158.048;37.235.249
2009;26392 - Hospital Universitário Getúlio Vargas;27.840.761;38.835.261;41.609.498;32.778.613;32.138.859;32.138.859
2009;26393 - Hospital Universitário de Brasília;52.792.883;52.992.883;46.502.347;42.578.217;42.578.217;42.578.217
2009;26394 - Hospital Universitário da Fundação Universidade do Maranhão;33.791.206;34.091.206;39.950.795;36.817.160;36.397.476;36.386.197
2009;26395 - Hospital Universitário Dr. Miguel Riet Corrêa Jr.;23.727.174;23.577.364;29.896.962;27.977.779;27.310.886;27.310.886
2009;26396 - Hospital de Clínicas da Universidade Federal de Uberlândia;93.946.797;93.946.797;118.326.685;109.764.717;109.068.334;109.066.873
2009;26397 - Hospital Júlio Muller;29.735.999;44.021.255;41.375.856;36.213.750;35.521.305;35.510.919
2009;26398 - Hospital das Clínicas da Fundação Universidade Federal de Pelotas;11.306.401;11.162.353;18.298.053;16.476.603;16.440.316;16.440.166
2009;26399 - Hospital Universitário da Fundação Universidade Federal do Piauí;5.797.738;5.797.738;6.798.380;4.206.391;4.198.591;4.163.236
2009;26400 - Hospital Universitário da Fundação Universidade Federal de Sergipe;21.585.751;21.585.751;30.491.405;25.452.318;25.452.318;25.452.318
2009;26401 - Hospital Universitário Maria Pedrossian;7.631.355;7.631.355;43.993.561;41.274.116;40.987.281;40.969.864
2009;26402 - Instituto Federal de Alagoas;0;0;11.685;0;0;0
2009;26403 - Instituto Federal do Amazonas;0;0;11.550;0;0;0
2009;26404 - Instituto Federal Baiano;0;0;6.015;0;0;0
2009;26405 - Instituto Federal do Ceará;0;0;18.416;0;0;0
2009;26406 - Instituto Federal do Espírito Santo;0;0;24.627;0;0;0
2009;26407 - Instituto Federal Goiano;0;0;8.936;0;0;0
2009;26408 - Instituto Federal do Maranhão;0;0;13.878;0;0;0
2009;26409 - Instituto Federal de Minas Gerais;0;0;11.388;0;0;0
2009;26410 - Instituto Federal do Norte de Minas Gerais;0;0;4.562;0;0;0
2009;26411 - Instituto Federal do Sudeste de Minas Gerais;0;0;7.460;0;0;0
2009;26412 - Instituto Federal do Sul de Minas Gerais;0;0;6.842;0;0;0
2009;26413 - Instituto Federal do Triângulo Mineiro;0;0;5.228;0;0;0
2009;26414 - Instituto Federal do Mato Grosso;0;0;12.304;0;0;0
2009;26415 - Instituto Federal do Mato Grosso do Sul;0;0;238;0;0;0
2009;26416 - Instituto Federal do Pará;0;0;22.904;0;0;0
2009;26417 - Instituto Federal da Paraíba;0;0;12.558;0;0;0
2009;26418 - Instituto Federal de Pernambuco;0;0;16.935;0;0;0
2009;26419 - Instituto Federal do Rio Grande do Sul;0;0;15.826;0;0;0
2009;26420 - Instituto Federal Farroupilha;0;0;5.432;0;0;0
2009;26421 - Instituto Federal de Rondônia;0;0;11.464;0;0;0
2009;26422 - Instituto Federal Catarinense;0;0;5.010;0;0;0
2009;26423 - Instituto Federal de Sergipe;0;0;2.947;0;0;0
2009;26424 - Instituto Federal do Tocantins;0;0;11.965;0;0;0
2009;26425 - Instituto Federal do Acre;0;0;113;0;0;0
2009;26426 - Instituto Federal do Amapá;0;0;1.000;0;0;0
2009;26427 - Instituto Federal da Bahia;0;0;18.910;0;0;0
2009;26428 - Instituto Federal de Brasília;0;0;10.000;0;0;0
2009;26429 - Instituto Federal de Goiás;0;0;11.522;0;0;0
2009;26430 - Instituto Federal do Sertão Pernambucano;0;0;5.475;0;0;0
2009;26431 - Instituto Federal do Piauí;0;0;8.928;0;0;0
2009;26432 - Instituto Federal do Paraná;0;0;10.500;0;0;0
2009;26433 - Instituto Federal do Rio de Janeiro;0;0;13.253;0;0;0
2009;26434 - Instituto Federal Fluminense;0;0;13.054;0;0;0
2009;26435 - Instituto Federal do Rio Grande do Norte;0;0;14.670;0;0;0
2009;26436 - Instituto Federal Sul-rio-grandense;0;0;12.420;0;0;0
2009;26437 - Instituto Federal de Roraima;0;0;5.369;0;0;0
2009;26438 - Instituto Federal de Santa Catarina;0;0;15.788;0;0;0
2009;26439 - Instituto Federal de São Paulo;0;0;15.813;0;0;0
2010;26101 - Ministério da Educação - Administração Direta;4.531.296.421;4.771.811.115;2.568.858.217;1.749.693.204;1.145.235.835;1.063.556.076
2010;26104 - Instituto Nacional de Educação de Surdos;70.581.290;70.681.290;80.346.390;71.370.908;64.813.569;64.713.640
2010;26105 - Instituto Benjamin Constant;43.921.688;43.921.688;49.317.796;48.359.286;44.736.520;44.663.144
2010;26201 - Colégio Pedro II;293.931.046;295.231.046;335.783.109;333.476.068;318.252.257;316.714.412
2010;26230 - Fundação Universidade Federal do Vale do São Francisco;54.218.105;64.290.844;77.771.088;76.852.196;62.705.187;61.870.415
2010;26231 - Universidade Federal de Alagoas;341.586.412;342.386.412;396.190.743;390.423.786;374.334.061;372.093.541
2010;26232 - Universidade Federal da Bahia;710.080.826;738.164.500;866.971.818;842.932.101;778.797.286;719.988.521
2010;26233 - Universidade Federal do Ceará;758.482.284;770.806.385;901.895.854;878.193.159;829.472.341;822.243.523
2010;26234 - Universidade Federal do Espírito Santo;405.833.349;405.833.349;497.114.188;453.460.104;429.636.298;428.207.625
2010;26235 - Universidade Federal de Goiás;507.869.782;520.276.258;629.489.750;625.305.513;581.793.832;579.157.011
2010;26236 - Universidade Federal Fluminense;875.599.852;878.987.852;1.083.188.658;1.026.369.146;980.341.776;979.254.730
2010;26237 - Universidade Federal de Juiz de Fora;357.797.322;380.397.322;476.987.059;446.329.927;383.231.397;383.088.977
2010;26238 - Universidade Federal de Minas Gerais;923.648.043;959.745.695;1.116.553.128;1.098.944.074;1.038.588.464;1.029.221.979
2010;26239 - Universidade Federal do Pará;590.669.382;591.219.382;702.540.029;687.779.603;652.675.606;650.153.073
2010;26240 - Universidade Federal da Paraíba;670.660.125;673.060.125;805.804.893;800.538.238;766.976.071;763.868.174
2010;26241 - Universidade Federal do Paraná;713.768.145;725.297.211;825.939.955;787.746.934;747.164.080;742.182.638
2010;26242 - Universidade Federal de Pernambuco;659.775.849;661.115.849;779.305.353;742.639.915;705.262.689;703.188.611
2010;26243 - Universidade Federal do Rio Grande do Norte;645.674.480;671.507.694;820.905.096;816.764.391;758.512.464;754.953.584
2010;26244 - Universidade Federal do Rio Grande do Sul;867.378.558;869.278.558;1.010.700.043;994.075.708;963.259.116;962.109.913
2010;26245 - Universidade Federal do Rio de Janeiro;1.506.589.847;1.507.839.847;1.743.234.753;1.725.385.968;1.706.681.758;1.701.617.281
2010;26246 - Universidade Federal de Santa Catarina;769.563.790;770.063.790;887.226.437;845.872.314;743.387.486;741.599.708
2010;26247 - Universidade Federal de Santa Maria;523.736.169;524.236.169;620.863.295;610.645.324;581.202.796;577.384.829
2010;26248 - Universidade Federal Rural de Pernambuco;248.623.617;250.163.617;296.876.221;286.166.159;266.911.485;265.658.536
2010;26249 - Universidade Federal Rural do Rio de Janeiro;275.397.207;275.797.207;350.506.889;342.366.012;324.746.618;323.520.009
2010;26250 - Fundação Universidade Federal de Roraima;73.957.245;76.257.245;91.783.650;91.090.036;75.751.670;75.002.465
2010;26251 - Fundação Universidade Federal do Tocantins;129.339.789;130.489.789;157.130.333;155.557.170;116.369.353;114.975.645
2010;26252 - Universidade Federal de Campina Grande;276.561.267;279.761.267;338.453.923;334.419.457;311.279.734;308.277.816
2010;26253 - Universidade Federal Rural da Amazônia;75.192.476;77.192.476;93.356.340;92.006.133;85.137.954;84.968.978
2010;26254 - Universidade Federal do Triângulo Mineiro;88.838.835;88.838.835;124.600.345;121.560.555;113.100.322;112.927.335
2010;26255 - Universidade Federal dos Vales do Jequitinhonha e Mucuri;66.166.496;66.346.496;88.578.185;87.147.284;72.103.524;71.393.441
2010;26256 - Centro Federal de Educação Tecnológica Celso Suckow da Fonseca;150.961.651;150.961.651;174.667.578;164.302.177;151.654.628;150.430.582
2010;26257 - Centro Federal de Educação Tecnológica de Minas Gerais;164.032.872;164.782.872;196.089.795;193.224.299;187.763.206;186.404.550
2010;26258 - Universidade Tecnológica Federal do Paraná;269.267.652;295.096.624;366.612.160;359.982.459;316.881.711;314.526.291
2010;26260 - Universidade Federal de Alfenas;76.401.120;76.901.120;95.217.335;92.420.972;81.882.652;81.638.716
2010;26261 - Universidade Federal de Itajubá;93.711.685;95.011.685;119.193.781;106.077.421;90.628.865;90.547.809
2010;26262 - Universidade Federal de São Paulo;456.137.080;458.537.080;649.723.056;634.951.575;618.107.447;617.350.220
2010;26263 - Universidade Federal de Lavras;134.919.766;153.318.592;183.744.266;181.433.312;155.900.068;155.287.706
2010;26264 - Universidade Federal Rural do Semi-Árido;88.681.263;95.305.164;113.148.189;111.565.677;92.944.600;92.345.762
2010;26266 - Fundação Universidade Federal do Pampa;84.342.848;84.342.848;114.290.736;112.520.626;80.866.983;80.232.873
2010;26268 - Fundação Universidade Federal de Rondônia;108.083.251;118.416.714;142.378.717;134.643.980;114.069.295;112.820.545
2010;26269 - Fundação Universidade do Rio de Janeiro;172.317.832;169.417.832;205.037.673;201.256.169;181.257.104;179.544.422
2010;26270 - Fundação Universidade do Amazonas;270.224.563;274.474.563;338.320.227;325.334.410;309.003.411;304.142.086
2010;26271 - Fundação Universidade de Brasília;954.610.409;978.455.409;1.214.208.679;1.158.199.275;1.060.740.453;1.049.676.074
2010;26272 - Fundação Universidade Federal do Maranhão;315.780.536;370.369.166;419.137.852;412.857.730;353.328.492;349.340.965
2010;26273 - Fundação Universidade Federal do Rio Grande;264.288.533;264.288.533;293.707.329;286.526.873;246.521.418;244.789.277
2010;26274 - Universidade Federal de Uberlândia;465.609.853;466.739.853;529.491.809;518.408.744;480.937.768;480.010.671
2010;26275 - Fundação Universidade Federal do Acre;172.135.786;178.035.786;188.558.958;178.530.648;159.367.648;159.034.518
2010;26276 - Fundação Universidade Federal de Mato Grosso;392.960.572;393.410.572;450.743.447;432.183.695;404.454.215;398.365.899
2010;26277 - Fundação Universidade Federal de Ouro Preto;172.278.391;172.878.391;219.836.249;218.085.825;211.439.284;209.913.171
2010;26278 - Fundação Universidade Federal de Pelotas;326.632.979;326.782.979;387.057.374;376.839.050;369.701.789;369.069.474
2010;26279 - Fundação Universidade Federal do Piauí;317.759.292;318.759.292;380.435.523;376.455.526;361.506.875;349.363.143
2010;26280 - Fundação Universidade Federal de São Carlos;254.289.564;272.146.705;320.551.646;318.043.762;285.361.961;283.101.616
2010;26281 - Fundação Universidade Federal de Sergipe;274.897.655;285.090.042;339.902.055;306.627.168;269.176.268;267.153.211
2010;26282 - Fundação Universidade Federal de Viçosa;403.935.516;404.175.516;494.734.957;491.044.584;457.082.301;450.821.486
2010;26283 - Fundação Universidade Federal de Mato Grosso do Sul;280.638.575;280.638.575;323.477.121;311.182.780;294.470.047;293.580.365
2010;26284 - Fundação Universidade Federal de Ciências da Saúde de Porto Alegre;46.865.407;47.215.407;58.106.591;56.950.931;44.245.768;44.168.545
2010;26285 - Fundação Universidade Federal de São João del-Rei;96.065.255;117.664.081;154.867.454;152.201.083;123.196.819;121.992.626
2010;26286 - Fundação Universidade Federal do Amapá;42.045.144;45.925.144;56.690.240;53.173.947;44.361.526;44.142.046
2010;26290 - Instituto Nacional de Estudos e Pesquisas Educacionais Anísio Teixeira;534.123.010;534.123.010;573.936.486;443.130.361;328.626.335;327.420.630
2010;26291 - Fundação Coordenação de Aperfeiçoamento de Pessoal de Nível Superior;2.663.298.074;2.663.298.074;2.591.938.210;1.998.976.587;1.670.341.925;1.497.242.836
2010;26292 - Fundação Joaquim Nabuco;91.794.596;91.794.596;101.230.563;95.351.867;90.458.850;90.260.283
2010;26294 - Hospital de Clínicas de Porto Alegre;375.175.479;375.175.479;435.718.451;429.267.410;411.869.452;404.481.265
2010;26298 - Fundo Nacional de Desenvolvimento da Educação;15.582.080.253;15.814.058.949;19.275.070.212;18.120.991.511;15.883.020.415;15.071.657.169
2010;26350 - Fundação Universidade Federal da Grande Dourados;75.278.709;75.778.709;95.712.208;91.111.483;74.541.606;73.949.698
2010;26351 - Universidade Federal do Recôncavo da Bahia;81.881.532;90.304.271;127.179.415;121.403.077;91.476.834;91.427.387
2010;26352 - Fundação Universidade Federal do ABC;112.815.106;113.563.106;138.807.623;131.630.384;93.604.392;91.463.577
2010;26358 - Hospital Universitário Prof. Alberto Antunes;45.285.340;45.285.340;69.769.096;67.806.346;67.320.008;67.293.740
2010;26359 - Complexo Hospitalar e de Saúde da Universidade Federal da Bahia;83.798.314;83.998.314;120.837.910;113.979.132;111.236.815;99.247.648
2010;26362 - Hospital Universitário Walter Cantídio;60.112.212;60.462.212;89.927.711;87.020.663;86.162.743;85.862.452
2010;26363 - Maternidade-Escola Assis Chateaubriand;3.434.523;3.434.523;3.406.559;2.325.129;1.878.434;1.878.434
2010;26364 - Hospital Universitário Cassiano Antônio Morais;87.347.265;87.647.265;79.973.574;73.125.252;70.779.339;70.003.129
2010;26365 - Hospital das Clínicas da Universidade Federal de Goiás;57.344.386;67.298.903;94.746.769;81.532.724;81.202.292;81.158.844
2010;26366 - Hospital Universitário Antonio Pedro;108.019.771;113.019.771;171.747.333;159.215.356;158.211.177;157.431.474
2010;26367 - Hospital Universitário da Universidade Federal de Juiz de Fora;27.444.421;27.444.421;39.587.457;38.925.396;38.158.149;38.011.049
2010;26368 - Hospital das Clínicas da Universidade Federal de Minas Gerais;132.276.441;132.876.441;182.651.439;179.197.283;177.622.969;177.110.034
2010;26369 - Hospital Universitário João de Barros Barreto;35.369.215;35.369.215;57.299.691;55.424.486;54.915.246;54.905.803
2010;26370 - Hospital Universitário Bettina Ferro Souza;5.852.787;5.852.787;9.095.029;8.606.318;8.606.318;8.606.318
2010;26371 - Hospital Universitário Lauro Wanderley;82.205.601;82.205.601;127.071.801;123.098.116;122.682.260;121.146.879
2010;26372 - Hospital de Clínicas da Universidade Federal do Paraná;108.084.389;110.084.389;166.482.389;158.581.927;157.888.182;157.749.223
2010;26373 - Hospital das Clínicas da Universidade Federal de Pernambuco;92.850.427;92.950.427;141.949.896;138.976.678;136.556.700;136.439.335
2010;26374 - Complexo Hospitalar e de Saúde da Universidade Federal do Rio Grande do Norte;70.721.481;70.821.481;111.944.518;110.195.078;109.754.870;109.407.142
2010;26378 - Complexo Hospitalar e de Saúde da Universidade Federal do Rio de Janeiro;270.583.615;272.133.615;365.008.093;356.274.036;354.274.588;354.109.893
2010;26385 - Hospital Universitário da Universidade Federal da Grande Dourados;38.231.881;38.231.881;49.218.548;36.454.075;33.835.079;33.750.700
2010;26386 - Hospital Universitário Prof. Polydoro Ernani de São Thiago;81.020.517;81.020.517;120.045.362;117.111.999;114.880.785;114.880.785
2010;26387 - Hospital Universitário de Santa Maria;82.319.942;82.319.942;118.246.456;116.063.598;113.843.919;113.843.919
2010;26388 - Hospital Universitário Alcides Carneiro;20.454.697;20.454.697;42.186.744;40.400.929;39.518.619;39.507.391
2010;26389 - Hospital de Clínicas da Universidade Federal do Triângulo Mineiro;68.888.248;68.888.248;102.305.350;99.912.421;97.804.466;97.797.727
2010;26391 - Hospital Universitário Gaffree e Guinle;38.031.392;39.343.392;53.437.398;50.298.304;49.660.727;48.931.682
2010;26392 - Hospital Universitário Getúlio Vargas;38.731.503;58.965.674;76.347.859;54.901.094;54.630.785;54.510.836
2010;26393 - Hospital Universitário de Brasília;44.327.412;44.327.412;61.695.798;59.085.080;59.074.258;59.054.708
2010;26394 - Hospital Universitário da Fundação Universidade do Maranhão;41.686.022;41.936.022;71.740.507;69.832.284;67.867.204;67.227.747
2010;26395 - Hospital Universitário Dr. Miguel Riet Corrêa Jr.;27.314.010;27.414.010;41.971.910;40.449.351;40.412.932;40.410.408
2010;26396 - Hospital de Clínicas da Universidade Federal de Uberlândia;101.101.048;101.101.048;172.680.798;165.990.882;163.685.497;163.672.356
2010;26397 - Hospital Júlio Muller;39.782.087;66.428.455;77.599.271;41.660.935;41.584.795;41.570.315
2010;26398 - Hospital das Clínicas da Fundação Universidade Federal de Pelotas;19.079.270;19.079.270;30.846.639;29.854.351;29.806.375;29.806.375
2010;26399 - Hospital Universitário da Fundação Universidade Federal do Piauí;5.530.603;5.530.603;7.104.108;6.334.126;6.329.126;6.324.084
2010;26400 - Hospital Universitário da Fundação Universidade Federal de Sergipe;23.862.080;24.762.080;38.061.078;35.013.759;34.084.351;34.084.351
2010;26401 - Hospital Universitário Maria Pedrossian;57.415.203;57.415.203;80.816.102;76.591.108;76.410.668;76.410.668
2010;26402 - Instituto Federal de Alagoas;120.690.554;120.690.554;142.384.359;137.186.561;118.103.872;116.559.191
2010;26403 - Instituto Federal do Amazonas;100.735.003;118.769.174;140.446.154;124.123.130;117.475.603;115.263.252
2010;26404 - Instituto Federal Baiano;57.936.688;58.386.688;78.914.716;77.003.530;66.456.806;65.017.323
2010;26405 - Instituto Federal do Ceará;165.258.605;166.008.605;202.349.582;194.869.242;174.018.269;172.139.342
2010;26406 - Instituto Federal do Espírito Santo;191.280.396;211.302.099;247.656.318;232.723.380;222.252.326;217.501.448
2010;26407 - Instituto Federal Goiano;69.952.767;69.952.767;85.561.541;83.870.578;71.447.749;70.169.409
2010;26408 - Instituto Federal do Maranhão;146.196.620;178.795.706;204.984.911;183.435.718;154.882.459;152.391.837
2010;26409 - Instituto Federal de Minas Gerais;104.971.922;105.571.922;128.601.917;125.846.226;114.787.653;114.389.234
2010;26410 - Instituto Federal do Norte de Minas Gerais;49.990.279;49.990.279;65.837.317;61.022.702;50.797.281;50.576.816
2010;26411 - Instituto Federal do Sudeste de Minas Gerais;69.273.678;69.273.678;100.564.359;97.304.580;89.547.067;89.499.384
2010;26412 - Instituto Federal do Sul de Minas Gerais;67.040.864;67.040.864;82.098.884;80.251.832;74.837.127;74.549.561
2010;26413 - Instituto Federal do Triângulo Mineiro;50.850.505;51.050.505;68.443.885;67.343.913;58.459.368;58.304.014
2010;26414 - Instituto Federal do Mato Grosso;108.200.074;109.650.074;131.914.001;127.436.537;110.238.142;108.998.700
2010;26415 - Instituto Federal do Mato Grosso do Sul;35.501.010;35.501.010;36.352.138;34.862.347;18.003.147;17.099.711
2010;26416 - Instituto Federal do Pará;128.186.253;128.936.253;154.382.921;150.667.673;128.678.319;126.427.057
2010;26417 - Instituto Federal da Paraíba;129.201.487;130.001.487;159.173.978;156.411.142;135.756.625;132.423.839
2010;26418 - Instituto Federal de Pernambuco;166.884.193;168.134.193;201.549.469;182.724.779;165.018.246;163.834.771
2010;26419 - Instituto Federal do Rio Grande do Sul;76.625.867;76.625.867;110.549.565;108.362.443;93.785.895;92.512.814
2010;26420 - Instituto Federal Farroupilha;56.684.741;56.834.741;79.980.773;78.758.864;70.641.110;69.369.673
2010;26421 - Instituto Federal de Rondônia;19.009.350;37.136.871;44.935.285;30.608.194;26.607.145;26.123.341
2010;26422 - Instituto Federal Catarinense;56.232.921;57.102.921;91.485.300;89.124.215;76.930.133;76.344.714
2010;26423 - Instituto Federal de Sergipe;77.164.532;96.164.532;103.370.307;87.203.574;75.708.620;74.381.741
2010;26424 - Instituto Federal do Tocantins;48.627.293;49.127.293;63.866.799;62.147.513;50.526.348;50.133.855
2010;26425 - Instituto Federal do Acre;19.503.838;19.503.838;22.208.062;18.839.670;9.695.525;8.740.201
2010;26426 - Instituto Federal do Amapá;10.824.088;11.924.088;14.228.800;13.003.694;10.081.915;9.802.233
2010;26427 - Instituto Federal da Bahia;139.504.195;150.846.031;181.618.109;170.802.438;158.449.844;157.521.781
2010;26428 - Instituto Federal de Brasília;64.644.212;64.644.212;81.188.469;75.726.977;60.623.921;56.900.584
2010;26429 - Instituto Federal de Goiás;98.561.456;99.061.456;122.806.424;122.263.479;114.372.054;113.936.502
2010;26430 - Instituto Federal do Sertão Pernambucano;44.786.241;44.986.241;58.884.188;53.886.071;46.079.740;44.191.212
2010;26431 - Instituto Federal do Piauí;64.420.711;64.420.711;116.876.653;108.650.858;99.092.879;97.766.356
2010;26432 - Instituto Federal do Paraná;56.583.463;76.862.435;78.703.885;48.921.652;43.272.102;42.766.102
2010;26433 - Instituto Federal do Rio de Janeiro;103.182.022;104.082.022;137.702.741;135.913.298;125.530.379;124.030.152
2010;26434 - Instituto Federal Fluminense;115.897.383;116.397.383;146.851.226;144.463.789;133.854.029;129.981.788
2010;26435 - Instituto Federal do Rio Grande do Norte;139.573.281;139.573.281;180.749.071;177.037.069;160.437.822;159.443.442
2010;26436 - Instituto Federal Sul-rio-grandense;105.878.505;106.128.505;128.857.455;126.949.350;119.254.655;117.719.779
2010;26437 - Instituto Federal de Roraima;34.982.839;37.062.839;44.499.229;42.814.494;37.641.468;37.619.293
2010;26438 - Instituto Federal de Santa Catarina;131.772.712;134.772.712;160.630.040;158.868.799;155.023.060;151.879.997
2010;26439 - Instituto Federal de São Paulo;155.076.118;155.076.118;184.335.536;179.420.219;150.192.158;148.230.380
2010;26441 - Universidade Federal do Oeste do Pará;0;0;11.766.083;8.967.380;4.570.634;4.418.709
2011;26101 - Ministério da Educação - Administração Direta;5.797.410.778;6.086.380.948;2.406.037.529;1.771.419.509;1.161.697.233;1.096.991.490
2011;26104 - Instituto Nacional de Educação de Surdos;79.890.794;79.890.794;85.498.922;65.376.684;63.054.732;63.054.732
2011;26105 - Instituto Benjamin Constant;52.286.483;52.286.483;57.365.798;54.784.377;48.500.665;48.411.177
2011;26201 - Colégio Pedro II;327.459.246;329.259.246;365.880.922;359.881.194;339.392.087;338.383.281
2011;26230 - Fundação Universidade Federal do Vale do São Francisco;80.513.901;82.253.901;96.248.123;92.544.539;75.174.947;74.783.010
2011;26231 - Universidade Federal de Alagoas;398.218.631;399.018.631;462.441.102;447.240.641;419.071.820;417.377.075
2011;26232 - Universidade Federal da Bahia;817.381.848;821.561.848;956.737.309;933.674.494;859.309.426;857.653.666
2011;26233 - Universidade Federal do Ceará;856.274.081;866.374.081;934.758.600;905.453.129;840.582.033;840.277.279
2011;26234 - Universidade Federal do Espírito Santo;474.134.687;485.134.687;576.134.534;527.331.571;498.739.914;495.664.830
2011;26235 - Universidade Federal de Goiás;595.129.956;600.429.956;708.924.056;697.902.392;647.799.124;646.392.296
2011;26236 - Universidade Federal Fluminense;1.086.960.617;1.091.060.617;1.268.719.317;1.219.917.591;1.155.505.134;1.153.805.748
2011;26237 - Universidade Federal de Juiz de Fora;449.521.327;493.621.327;594.573.243;473.426.409;410.970.269;410.011.122
2011;26238 - Universidade Federal de Minas Gerais;991.467.239;993.167.239;1.156.963.686;1.140.297.358;1.106.672.146;1.097.164.701
2011;26239 - Universidade Federal do Pará;709.043.066;712.993.066;824.619.368;801.566.310;720.972.178;716.547.737
2011;26240 - Universidade Federal da Paraíba;761.260.519;762.960.519;892.104.748;883.929.870;841.771.231;838.144.854
2011;26241 - Universidade Federal do Paraná;810.476.481;822.326.481;922.625.685;878.866.737;813.299.303;810.471.653
2011;26242 - Universidade Federal de Pernambuco;749.136.322;753.976.322;889.545.459;839.797.185;769.527.506;764.124.301
2011;26243 - Universidade Federal do Rio Grande do Norte;764.416.378;776.416.397;906.432.520;895.894.304;839.891.551;835.470.356
2011;26244 - Universidade Federal do Rio Grande do Sul;987.970.062;1.008.820.062;1.140.353.544;1.099.003.555;1.045.928.985;1.044.028.476
2011;26245 - Universidade Federal do Rio de Janeiro;1.778.149.685;1.779.649.685;2.052.447.486;2.025.781.064;1.941.422.243;1.937.396.808
2011;26246 - Universidade Federal de Santa Catarina;783.229.658;783.829.658;924.460.310;844.004.764;767.335.901;767.327.873
2011;26247 - Universidade Federal de Santa Maria;565.719.810;566.269.810;649.464.557;643.081.292;597.319.148;595.519.007
2011;26248 - Universidade Federal Rural de Pernambuco;291.263.271;291.363.271;343.680.214;337.306.902;308.164.682;305.942.478
2011;26249 - Universidade Federal Rural do Rio de Janeiro;337.544.585;337.544.585;402.907.961;398.004.647;371.703.089;370.664.909
2011;26250 - Fundação Universidade Federal de Roraima;97.391.792;100.491.792;113.777.473;111.583.950;93.503.804;92.786.362
2011;26251 - Fundação Universidade Federal do Tocantins;139.008.108;140.908.108;168.547.889;163.725.339;127.588.334;126.324.296
2011;26252 - Universidade Federal de Campina Grande;312.931.671;315.331.671;376.758.395;372.815.643;343.331.620;342.918.414
2011;26253 - Universidade Federal Rural da Amazônia;105.420.103;108.370.103;125.593.231;120.756.243;102.923.886;102.044.626
2011;26254 - Universidade Federal do Triângulo Mineiro;137.444.171;137.444.171;172.649.166;166.310.427;141.645.750;140.835.194
2011;26255 - Universidade Federal dos Vales do Jequitinhonha e Mucuri;166.680.714;166.680.714;183.703.238;161.899.655;96.447.813;96.268.199
2011;26256 - Centro Federal de Educação Tecnológica Celso Suckow da Fonseca;155.829.021;155.829.021;181.194.988;174.917.197;163.818.670;163.575.641
2011;26257 - Centro Federal de Educação Tecnológica de Minas Gerais;190.028.208;211.128.208;237.615.212;209.834.442;202.634.570;202.091.800
2011;26258 - Universidade Tecnológica Federal do Paraná;371.438.804;393.188.804;453.099.749;431.459.040;364.081.852;328.261.708
2011;26260 - Universidade Federal de Alfenas;84.588.741;85.038.741;102.958.813;100.409.961;93.723.259;93.524.950
2011;26261 - Universidade Federal de Itajubá;115.707.092;116.107.092;142.773.689;133.026.708;109.898.677;109.893.316
2011;26262 - Universidade Federal de São Paulo;656.650.128;662.550.128;809.577.412;781.283.236;736.240.819;734.484.598
2011;26263 - Universidade Federal de Lavras;167.479.994;189.979.994;218.624.225;212.132.694;173.922.422;173.800.065
2011;26264 - Universidade Federal Rural do Semi-Árido;105.720.218;110.250.237;131.323.671;128.695.881;109.327.343;108.854.521
2011;26266 - Fundação Universidade Federal do Pampa;141.923.257;142.073.257;176.850.588;175.233.182;116.118.742;115.455.731
2011;26267 - Universidade Federal da Integração Latino Americana;105.841.057;106.241.057;107.837.557;96.158.947;22.569.181;22.569.181
2011;26268 - Fundação Universidade Federal de Rondônia;120.283.799;121.283.799;147.574.003;133.324.951;121.852.113;121.508.147
2011;26269 - Fundação Universidade do Rio de Janeiro;219.329.220;219.329.220;254.186.019;239.535.097;207.055.631;204.370.558
2011;26270 - Fundação Universidade do Amazonas;323.868.763;339.679.475;393.726.440;376.622.129;351.813.770;351.165.893
2011;26271 - Fundação Universidade de Brasília;1.175.011.399;1.180.911.399;1.333.157.748;1.237.377.078;1.145.659.085;1.141.825.243
2011;26272 - Fundação Universidade Federal do Maranhão;374.703.835;394.753.835;450.724.800;442.445.367;378.576.316;375.741.059
2011;26273 - Fundação Universidade Federal do Rio Grande;301.526.143;301.526.143;347.967.262;344.234.991;265.460.311;264.537.782
2011;26274 - Universidade Federal de Uberlândia;533.168.227;535.048.227;609.259.459;583.124.844;548.286.839;547.369.203
2011;26275 - Fundação Universidade Federal do Acre;177.562.405;180.362.405;199.700.601;173.481.594;153.636.403;152.653.168
2011;26276 - Fundação Universidade Federal de Mato Grosso;434.522.124;434.922.124;497.221.116;479.634.934;439.183.384;437.450.413
2011;26277 - Fundação Universidade Federal de Ouro Preto;216.423.316;216.823.316;264.523.653;260.859.204;234.716.357;231.418.674
2011;26278 - Fundação Universidade Federal de Pelotas;373.459.983;373.459.983;419.898.816;408.335.530;395.046.527;392.422.763
2011;26279 - Fundação Universidade Federal do Piauí;374.016.229;400.336.229;456.757.146;422.647.162;392.575.401;388.185.967
2011;26280 - Fundação Universidade Federal de São Carlos;296.186.768;306.336.768;357.812.355;347.935.473;311.701.960;311.640.216
2011;26281 - Fundação Universidade Federal de Sergipe;303.103.610;336.003.610;403.143.945;334.199.730;297.802.239;294.943.090
2011;26282 - Fundação Universidade Federal de Viçosa;458.507.783;459.457.783;539.476.956;524.297.944;501.600.609;493.571.257
2011;26283 - Fundação Universidade Federal de Mato Grosso do Sul;333.130.845;343.130.845;393.262.768;369.954.141;341.394.636;340.723.431
2011;26284 - Fundação Universidade Federal de Ciências da Saúde de Porto Alegre;72.524.395;72.524.395;80.382.198;71.322.453;49.209.375;49.185.859
2011;26285 - Fundação Universidade Federal de São João del-Rei;153.490.816;214.740.816;210.040.453;170.895.571;137.866.964;135.655.566
2011;26286 - Fundação Universidade Federal do Amapá;57.380.213;66.950.213;78.698.351;72.395.740;53.478.990;53.478.990
2011;26290 - Instituto Nacional de Estudos e Pesquisas Educacionais Anísio Teixeira;549.036.531;549.036.531;568.167.247;542.787.869;461.517.647;431.292.190
2011;26291 - Fundação Coordenação de Aperfeiçoamento de Pessoal de Nível Superior;3.093.093.411;3.091.093.411;3.035.846.180;2.749.804.892;2.018.274.755;1.978.496.540
2011;26292 - Fundação Joaquim Nabuco;106.824.828;106.824.828;108.188.828;94.076.167;90.197.391;89.607.799
2011;26294 - Hospital de Clínicas de Porto Alegre;415.062.557;415.062.557;511.667.484;500.105.518;486.258.565;483.704.990
2011;26298 - Fundo Nacional de Desenvolvimento da Educação;20.804.748.808;21.011.212.203;23.601.667.593;22.134.977.221;17.625.896.599;16.842.716.005
2011;26350 - Fundação Universidade Federal da Grande Dourados;79.438.616;79.438.616;102.668.351;95.190.606;84.479.010;84.432.759
2011;26351 - Universidade Federal do Recôncavo da Bahia;112.661.701;113.911.701;131.527.779;128.781.611;106.183.702;105.521.294
2011;26352 - Fundação Universidade Federal do ABC;189.976.461;191.308.281;211.554.076;197.942.145;114.944.945;114.744.339
2011;26358 - Hospital Universitário Prof. Alberto Antunes;58.027.699;58.027.699;77.567.288;75.331.164;75.128.385;74.624.355
2011;26359 - Complexo Hospitalar e de Saúde da Universidade Federal da Bahia;108.948.701;135.568.701;160.541.709;126.901.616;120.062.268;119.756.020
2011;26362 - Hospital Universitário Walter Cantídio;75.121.528;75.121.528;99.392.974;97.044.864;96.599.649;96.553.972
2011;26363 - Maternidade-Escola Assis Chateaubriand;13.594.085;13.594.085;55.381.455;53.654.672;53.654.672;53.320.032
2011;26364 - Hospital Universitário Cassiano Antônio Morais;60.279.750;61.779.750;85.604.123;81.677.576;78.499.514;78.395.152
2011;26365 - Hospital das Clínicas da Universidade Federal de Goiás;70.061.681;83.261.681;107.946.551;91.302.169;91.302.169;91.302.169
2011;26366 - Hospital Universitário Antonio Pedro;143.579.423;143.879.423;174.605.605;167.195.031;166.894.559;166.894.559
2011;26367 - Hospital Universitário da Universidade Federal de Juiz de Fora;35.548.127;35.548.127;59.123.042;43.180.007;43.095.088;43.073.933
2011;26368 - Hospital das Clínicas da Universidade Federal de Minas Gerais;155.401.662;155.401.662;198.658.348;194.103.495;190.264.376;189.992.938
2011;26369 - Hospital Universitário João de Barros Barreto;48.103.305;48.103.305;63.210.274;61.307.364;61.199.616;61.199.055
2011;26370 - Hospital Universitário Bettina Ferro Souza;8.219.960;8.219.960;10.792.619;9.661.631;9.579.148;9.579.148
2011;26371 - Hospital Universitário Lauro Wanderley;103.475.492;103.675.492;144.754.869;140.396.144;140.196.403;140.196.403
2011;26372 - Hospital de Clínicas da Universidade Federal do Paraná;144.427.030;147.527.030;182.522.871;176.945.313;174.118.526;163.431.430
2011;26373 - Hospital das Clínicas da Universidade Federal de Pernambuco;119.584.944;119.584.944;166.954.153;156.803.646;156.688.266;156.582.986
2011;26374 - Complexo Hospitalar e de Saúde da Universidade Federal do Rio Grande do Norte;95.102.202;95.102.202;122.765.254;120.277.559;120.277.559;120.277.559
2011;26378 - Complexo Hospitalar e de Saúde da Universidade Federal do Rio de Janeiro;319.680.989;340.680.989;407.646.631;377.384.792;375.972.411;375.972.411
2011;26385 - Hospital Universitário da Universidade Federal da Grande Dourados;30.785.701;30.785.701;55.323.572;53.261.976;48.647.213;47.058.082
2011;26386 - Hospital Universitário Prof. Polydoro Ernani de São Thiago;103.702.144;103.702.144;134.794.538;132.688.749;131.884.482;131.884.482
2011;26387 - Hospital Universitário de Santa Maria;100.774.069;100.774.069;129.836.557;126.846.196;126.769.347;126.769.347
2011;26388 - Hospital Universitário Alcides Carneiro;41.004.671;41.004.671;50.128.086;46.236.193;46.236.193;46.236.193
2011;26389 - Hospital de Clínicas da Universidade Federal do Triângulo Mineiro;85.149.353;85.149.353;113.807.592;108.288.226;107.622.094;107.622.094
2011;26391 - Hospital Universitário Gaffree e Guinle;42.461.549;42.461.549;56.111.915;54.093.680;54.093.680;54.093.680
2011;26392 - Hospital Universitário Getúlio Vargas;46.773.899;46.973.899;60.329.906;58.772.552;58.514.725;58.512.545
2011;26393 - Hospital Universitário de Brasília;48.693.978;49.193.978;68.214.544;66.080.648;65.878.572;65.361.146
2011;26394 - Hospital Universitário da Fundação Universidade do Maranhão;49.564.187;49.714.187;69.463.515;67.657.889;66.801.472;66.644.539
2011;26395 - Hospital Universitário Dr. Miguel Riet Corrêa Jr.;33.805.176;33.805.176;47.095.217;45.799.093;45.754.019;45.754.019
2011;26396 - Hospital de Clínicas da Universidade Federal de Uberlândia;143.894.926;143.894.926;184.390.000;178.678.249;176.978.112;176.978.112
2011;26397 - Hospital Júlio Muller;41.175.534;61.099.562;66.215.564;64.269.681;64.215.902;64.174.615
2011;26398 - Hospital das Clínicas da Fundação Universidade Federal de Pelotas;26.065.743;26.065.743;34.307.926;33.170.098;33.170.098;33.170.098
2011;26399 - Hospital Universitário da Fundação Universidade Federal do Piauí;15.929.170;15.929.170;17.501.253;14.660.476;10.339.489;9.518.090
2011;26400 - Hospital Universitário da Fundação Universidade Federal de Sergipe;29.896.507;29.896.507;41.762.262;39.575.874;39.285.360;39.285.360
2011;26401 - Hospital Universitário Maria Pedrossian;68.575.852;68.575.852;84.936.777;82.502.342;82.344.389;82.344.389
2011;26402 - Instituto Federal de Alagoas;141.508.940;141.508.940;170.399.899;162.253.801;136.028.919;133.875.159
2011;26403 - Instituto Federal do Amazonas;139.059.028;140.109.028;162.697.941;158.215.155;138.605.268;129.681.764
2011;26404 - Instituto Federal Baiano;80.881.725;81.481.725;107.787.925;101.256.976;90.591.707;89.091.661
2011;26405 - Instituto Federal do Ceará;215.587.853;215.887.853;254.708.069;245.364.880;204.540.153;203.347.759
2011;26406 - Instituto Federal do Espírito Santo;245.632.915;253.782.915;299.194.057;278.014.549;258.088.759;255.727.558
2011;26407 - Instituto Federal Goiano;84.946.152;84.946.152;103.785.868;97.065.363;86.593.183;84.868.213
2011;26408 - Instituto Federal do Maranhão;204.921.787;226.221.787;260.742.074;233.902.711;192.256.625;189.951.160
2011;26409 - Instituto Federal de Minas Gerais;129.390.877;129.390.877;148.819.107;142.999.044;126.287.757;125.494.134
2011;26410 - Instituto Federal do Norte de Minas Gerais;68.088.138;68.588.138;89.038.039;81.293.682;67.184.430;66.384.544
2011;26411 - Instituto Federal do Sudeste de Minas Gerais;94.960.579;95.460.579;118.317.096;112.906.979;104.547.713;104.474.828
2011;26412 - Instituto Federal do Sul de Minas Gerais;81.382.969;81.982.969;102.248.220;96.127.509;85.910.660;85.528.713
2011;26413 - Instituto Federal do Triângulo Mineiro;73.080.319;73.380.319;88.825.152;84.640.360;71.404.826;71.121.987
2011;26414 - Instituto Federal do Mato Grosso;147.987.471;150.487.471;175.184.521;165.974.180;131.790.655;130.005.786
2011;26415 - Instituto Federal do Mato Grosso do Sul;33.814.558;34.814.558;51.543.564;45.436.694;21.494.704;21.451.673
2011;26416 - Instituto Federal do Pará;168.627.566;169.727.566;197.908.013;189.915.921;160.004.402;157.506.449
2011;26417 - Instituto Federal da Paraíba;164.626.905;165.626.905;202.999.384;194.459.737;164.683.497;162.574.828
2011;26418 - Instituto Federal de Pernambuco;197.896.241;198.096.241;237.289.816;222.475.237;199.516.126;195.330.365
2011;26419 - Instituto Federal do Rio Grande do Sul;103.798.798;114.248.798;164.470.584;148.242.497;128.252.178;126.618.172
2011;26420 - Instituto Federal Farroupilha;78.242.628;78.242.628;101.023.907;97.064.766;87.266.375;86.905.262
2011;26421 - Instituto Federal de Rondônia;42.564.341;42.714.341;62.340.380;54.983.404;44.087.270;42.899.655
2011;26422 - Instituto Federal Catarinense;89.015.643;90.915.643;115.212.272;111.584.094;100.484.202;98.721.815
2011;26423 - Instituto Federal de Sergipe;98.323.799;109.711.049;127.445.954;103.802.488;87.987.414;87.591.427
2011;26424 - Instituto Federal do Tocantins;67.895.562;68.295.562;86.107.965;82.689.143;65.521.394;65.057.090
2011;26425 - Instituto Federal do Acre;31.690.436;36.490.436;36.730.156;21.677.291;15.863.702;15.692.980
2011;26426 - Instituto Federal do Amapá;25.367.316;28.867.316;28.089.229;19.437.788;15.172.954;14.885.440
2011;26427 - Instituto Federal da Bahia;198.364.399;198.564.399;243.691.462;228.776.807;193.218.953;190.450.697
2011;26428 - Instituto Federal de Brasília;107.002.334;107.002.334;125.892.334;112.681.483;70.614.578;69.703.244
2011;26429 - Instituto Federal de Goiás;130.814.092;131.014.092;165.448.979;161.909.704;146.892.972;145.249.413
2011;26430 - Instituto Federal do Sertão Pernambucano;51.219.627;51.219.627;65.487.220;60.642.109;53.209.803;51.657.078
2011;26431 - Instituto Federal do Piauí;135.070.658;136.070.658;155.929.755;147.151.075;128.303.456;124.044.832
2011;26432 - Instituto Federal do Paraná;76.306.297;96.306.297;130.660.932;104.688.472;77.032.765;74.191.896
2011;26433 - Instituto Federal do Rio de Janeiro;146.060.812;147.730.812;178.607.720;166.435.347;146.859.532;144.279.856
2011;26434 - Instituto Federal Fluminense;141.905.637;142.355.637;172.842.363;162.646.682;150.820.869;149.740.940
2011;26435 - Instituto Federal do Rio Grande do Norte;183.843.088;203.843.088;256.926.480;233.666.110;192.474.894;190.041.541
2011;26436 - Instituto Federal Sul-rio-grandense;143.059.871;143.059.871;186.680.265;182.539.296;167.442.002;167.197.140
2011;26437 - Instituto Federal de Roraima;48.713.134;52.613.134;60.043.879;53.048.587;44.330.493;42.853.487
2011;26438 - Instituto Federal de Santa Catarina;179.775.243;180.075.243;223.347.760;216.941.224;193.281.578;190.284.424
2011;26439 - Instituto Federal de São Paulo;212.648.511;217.648.511;259.516.839;244.638.944;169.240.346;168.158.596
2011;26440 - Universidade Federal da Fronteira Sul;123.466.475;123.466.475;152.132.632;141.777.325;66.508.986;65.652.763
2011;26441 - Universidade Federal do Oeste do Pará;96.942.640;97.242.640;94.565.526;79.270.611;29.289.818;29.012.824
2011;26442 - Universidade da Integração Internacional da Lusofonia Afro-Brasileira;69.687.355;70.187.355;61.158.013;24.312.248;9.967.245;9.966.575
2012;26101 - Ministério da Educação - Administração Direta;2.911.595.938;3.389.580.064;3.682.645.774;2.196.310.119;1.266.858.523;1.233.027.200
2012;26104 - Instituto Nacional de Educação de Surdos;89.808.169;89.808.169;114.858.274;89.688.517;72.668.488;72.668.488
2012;26105 - Instituto Benjamin Constant;61.086.790;61.086.790;63.947.072;55.275.067;49.403.186;49.292.677
2012;26201 - Colégio Pedro II;387.399.598;388.699.598;420.403.306;398.378.469;365.045.412;365.045.412
2012;26230 - Fundação Universidade Federal do Vale do São Francisco;76.062.082;76.312.082;93.883.289;86.067.297;76.839.141;76.542.537
2012;26231 - Universidade Federal de Alagoas;447.926.956;451.726.956;504.774.880;464.375.995;441.310.616;439.791.728
2012;26232 - Universidade Federal da Bahia;899.002.616;930.392.616;1.021.865.407;984.774.992;907.024.986;901.346.307
2012;26233 - Universidade Federal do Ceará;974.023.138;974.623.138;1.014.457.385;939.411.425;858.893.268;856.811.199
2012;26234 - Universidade Federal do Espírito Santo;568.083.127;569.683.127;636.050.804;584.672.147;552.846.310;550.589.223
2012;26235 - Universidade Federal de Goiás;693.757.948;718.157.948;785.532.083;744.104.274;707.716.568;704.596.351
2012;26236 - Universidade Federal Fluminense;1.159.194.614;1.165.444.614;1.279.555.813;1.225.872.973;1.153.116.808;1.152.543.175
2012;26237 - Universidade Federal de Juiz de Fora;507.349.539;571.099.539;789.240.988;678.611.223;479.090.296;478.117.784
2012;26238 - Universidade Federal de Minas Gerais;1.245.362.295;1.249.142.295;1.388.886.371;1.341.698.719;1.247.483.148;1.244.496.096
2012;26239 - Universidade Federal do Pará;812.813.578;821.013.578;881.031.237;837.093.226;770.477.608;768.300.051
2012;26240 - Universidade Federal da Paraíba;899.343.758;902.143.758;982.672.157;962.249.764;917.043.750;915.346.152
2012;26241 - Universidade Federal do Paraná;907.759.879;922.989.879;1.011.989.706;930.901.045;865.899.985;864.496.362
2012;26242 - Universidade Federal de Pernambuco;904.144.179;906.844.179;1.041.510.618;922.051.635;822.631.581;821.501.869
2012;26243 - Universidade Federal do Rio Grande do Norte;888.722.103;904.722.103;1.004.183.835;969.187.276;912.008.100;900.586.299
2012;26244 - Universidade Federal do Rio Grande do Sul;1.126.127.068;1.128.627.068;1.233.147.781;1.167.408.114;1.118.009.872;1.116.397.921
2012;26245 - Universidade Federal do Rio de Janeiro;2.020.948.910;2.050.408.910;2.261.574.185;2.140.580.279;2.057.373.990;2.050.790.431
2012;26246 - Universidade Federal de Santa Catarina;883.956.648;885.456.648;1.012.932.745;921.344.403;865.724.756;860.548.565
2012;26247 - Universidade Federal de Santa Maria;669.310.961;669.710.961;736.657.143;708.486.069;654.503.780;654.402.869
2012;26248 - Universidade Federal Rural de Pernambuco;323.274.935;323.274.935;372.371.973;337.655.166;317.160.875;316.103.619
2012;26249 - Universidade Federal Rural do Rio de Janeiro;384.255.819;384.255.819;422.257.946;411.542.741;393.906.246;392.631.544
2012;26250 - Fundação Universidade Federal de Roraima;106.774.775;127.474.775;140.881.092;131.927.937;98.830.922;98.293.564
2012;26251 - Fundação Universidade Federal do Tocantins;155.753.501;180.500.626;203.138.683;170.930.098;142.796.252;142.480.285
2012;26252 - Universidade Federal de Campina Grande;379.302.802;384.002.802;427.571.098;398.569.885;376.086.024;374.552.783
2012;26253 - Universidade Federal Rural da Amazônia;131.538.002;133.288.002;153.804.632;133.125.595;115.011.492;114.350.314
2012;26254 - Universidade Federal do Triângulo Mineiro;166.690.293;166.690.293;197.887.469;186.944.035;163.156.338;162.523.361
2012;26255 - Universidade Federal dos Vales do Jequitinhonha e Mucuri;119.084.722;119.534.722;176.688.223;149.837.659;107.291.345;106.889.941
2012;26256 - Centro Federal de Educação Tecnológica Celso Suckow da Fonseca;201.026.409;201.226.409;223.058.017;200.729.355;185.518.855;185.012.329
2012;26257 - Centro Federal de Educação Tecnológica de Minas Gerais;226.342.830;229.242.830;253.289.462;234.949.020;215.140.309;214.383.096
2012;26258 - Universidade Tecnológica Federal do Paraná;402.114.599;419.264.599;503.101.556;464.053.995;413.503.230;413.095.029
2012;26260 - Universidade Federal de Alfenas;100.290.391;151.676.868;168.799.511;115.219.552;105.610.043;105.608.272
2012;26261 - Universidade Federal de Itajubá;127.615.966;129.315.966;153.060.534;139.536.526;114.983.942;114.983.453
2012;26262 - Universidade Federal de São Paulo;444.659.683;450.509.683;660.176.927;613.056.934;583.761.702;583.361.991
2012;26263 - Universidade Federal de Lavras;189.058.147;221.858.147;256.243.957;240.195.153;175.631.581;175.631.200
2012;26264 - Universidade Federal Rural do Semi-Árido;136.328.162;145.828.162;175.379.762;154.983.412;127.602.385;126.546.836
2012;26266 - Fundação Universidade Federal do Pampa;148.361.956;149.111.956;172.918.533;160.361.212;124.945.759;123.982.841
2012;26267 - Universidade Federal da Integração Latino Americana;130.613.541;130.613.541;170.412.359;107.407.714;39.265.325;39.183.282
2012;26268 - Fundação Universidade Federal de Rondônia;151.792.665;173.292.665;188.919.112;151.146.135;127.676.962;127.424.512
2012;26269 - Fundação Universidade do Rio de Janeiro;240.748.984;240.748.984;272.804.303;258.584.742;229.551.075;227.972.396
2012;26270 - Fundação Universidade do Amazonas;357.670.774;377.120.774;446.978.146;417.053.058;382.783.443;381.546.851
2012;26271 - Fundação Universidade de Brasília;1.298.495.466;1.300.795.466;1.520.174.079;1.318.977.647;1.259.203.310;1.257.153.344
2012;26272 - Fundação Universidade Federal do Maranhão;403.015.810;422.115.810;491.123.652;452.105.561;410.795.883;409.698.750
2012;26273 - Fundação Universidade Federal do Rio Grande;328.060.295;328.060.295;387.992.074;353.245.434;299.053.283;296.931.050
2012;26274 - Universidade Federal de Uberlândia;566.666.999;625.706.999;722.760.399;634.221.286;584.918.664;584.308.345
2012;26275 - Fundação Universidade Federal do Acre;191.345.839;212.710.839;252.200.731;190.068.961;165.687.839;165.554.023
2012;26276 - Fundação Universidade Federal de Mato Grosso;465.204.726;483.776.917;541.351.307;512.482.554;469.730.943;468.727.216
2012;26277 - Fundação Universidade Federal de Ouro Preto;244.081.721;244.731.721;269.549.706;259.122.230;249.953.274;249.905.429
2012;26278 - Fundação Universidade Federal de Pelotas;413.218.414;413.218.414;458.640.676;440.428.715;425.458.089;424.911.623
2012;26279 - Fundação Universidade Federal do Piauí;425.013.946;426.063.946;480.720.482;451.591.029;428.514.829;420.126.492
2012;26280 - Fundação Universidade Federal de São Carlos;333.144.132;358.994.132;395.759.303;376.296.499;338.074.704;332.961.092
2012;26281 - Fundação Universidade Federal de Sergipe;332.183.048;345.183.048;403.391.584;369.561.321;337.353.637;336.951.479
2012;26282 - Fundação Universidade Federal de Viçosa;538.594.742;539.294.742;593.322.498;560.461.638;531.219.727;528.051.551
2012;26283 - Fundação Universidade Federal de Mato Grosso do Sul;370.552.116;370.552.116;421.451.399;388.795.813;364.256.781;362.492.900
2012;26284 - Fundação Universidade Federal de Ciências da Saúde de Porto Alegre;69.487.355;69.487.355;90.733.208;66.246.656;56.647.773;56.587.196
2012;26285 - Fundação Universidade Federal de São João del-Rei;155.442.807;160.042.807;187.655.534;165.840.057;138.384.600;137.952.615
2012;26286 - Fundação Universidade Federal do Amapá;77.406.320;86.976.320;103.674.928;80.425.766;59.084.082;59.080.808
2012;26290 - Instituto Nacional de Estudos e Pesquisas Educacionais Anísio Teixeira;765.698.972;765.698.972;801.692.701;657.070.600;475.601.765;475.276.765
2012;26291 - Fundação Coordenação de Aperfeiçoamento de Pessoal de Nível Superior;3.506.642.351;3.506.642.351;3.891.578.015;3.536.101.604;2.866.406.127;2.823.862.680
2012;26292 - Fundação Joaquim Nabuco;106.376.351;106.376.351;112.157.234;95.945.440;90.766.119;90.650.905
2012;26294 - Hospital de Clínicas de Porto Alegre;493.862.786;494.112.786;654.097.430;614.795.897;576.898.074;573.196.486
2012;26298 - Fundo Nacional de Desenvolvimento da Educação;27.368.351.120;28.050.372.168;32.636.666.470;29.196.544.288;21.867.616.488;21.741.210.271
2012;26350 - Fundação Universidade Federal da Grande Dourados;121.938.509;123.538.509;123.357.261;107.275.419;91.791.281;91.536.910
2012;26351 - Universidade Federal do Recôncavo da Bahia;118.887.946;120.387.946;144.718.153;126.914.644;118.736.114;118.131.778
2012;26352 - Fundação Universidade Federal do ABC;222.434.706;223.134.706;271.621.011;227.663.626;137.688.328;137.604.427
2012;26358 - Hospital Universitário Prof. Alberto Antunes;77.707.060;78.007.060;81.166.094;76.374.119;76.365.420;76.365.420
2012;26359 - Complexo Hospitalar e de Saúde da Universidade Federal da Bahia;127.761.599;127.961.599;137.350.744;119.185.025;118.925.644;118.873.871
2012;26362 - Hospital Universitário Walter Cantídio;94.051.094;94.051.094;102.470.987;101.458.810;101.458.810;101.458.810
2012;26363 - Maternidade-Escola Assis Chateaubriand;51.302.563;51.302.563;58.044.149;56.002.752;56.002.752;56.002.752
2012;26364 - Hospital Universitário Cassiano Antônio Morais;79.657.584;89.837.584;97.031.122;92.580.808;82.138.134;81.912.539
2012;26365 - Hospital das Clínicas da Universidade Federal de Goiás;92.175.628;114.321.483;118.165.546;101.792.462;91.062.462;91.062.462
2012;26366 - Hospital Universitário Antonio Pedro;177.423.405;177.423.405;188.854.633;177.334.178;175.693.669;175.206.827
2012;26367 - Hospital Universitário da Universidade Federal de Juiz de Fora;80.113.751;80.113.751;104.137.524;95.298.352;46.732.794;44.821.326
2012;26368 - Hospital das Clínicas da Universidade Federal de Minas Gerais;207.530.598;208.331.598;222.581.076;203.724.730;200.734.739;200.294.269
2012;26369 - Hospital Universitário João de Barros Barreto;62.189.595;62.389.595;66.587.876;62.903.594;62.839.821;62.837.560
2012;26370 - Hospital Universitário Bettina Ferro Souza;10.686.354;10.686.354;10.951.687;9.424.455;9.424.455;9.424.455
2012;26371 - Hospital Universitário Lauro Wanderley;141.012.040;141.212.040;147.542.450;140.835.273;140.835.273;140.827.432
2012;26372 - Hospital de Clínicas da Universidade Federal do Paraná;189.515.925;190.215.925;198.967.824;187.778.220;179.456.098;177.495.320
2012;26373 - Hospital das Clínicas da Universidade Federal de Pernambuco;156.848.897;156.948.897;177.819.255;166.752.529;166.752.529;165.637.681
2012;26374 - Complexo Hospitalar e de Saúde da Universidade Federal do Rio Grande do Norte;122.613.129;124.063.129;124.489.987;117.692.512;117.441.494;117.230.021
2012;26378 - Complexo Hospitalar e de Saúde da Universidade Federal do Rio de Janeiro;390.794.302;391.994.302;395.548.329;388.372.812;383.071.873;382.120.397
2012;26385 - Hospital Universitário da Universidade Federal da Grande Dourados;39.237.727;39.237.727;62.036.704;55.811.887;48.350.813;46.332.594
2012;26386 - Hospital Universitário Prof. Polydoro Ernani de São Thiago;133.276.230;133.276.230;145.725.847;141.661.031;139.649.378;139.649.378
2012;26387 - Hospital Universitário de Santa Maria;135.731.513;135.731.513;141.821.470;138.696.098;138.522.943;138.522.943
2012;26388 - Hospital Universitário Alcides Carneiro;52.558.976;52.558.976;51.429.617;46.493.641;46.493.641;46.493.641
2012;26389 - Hospital de Clínicas da Universidade Federal do Triângulo Mineiro;109.153.299;109.653.299;117.780.967;108.056.860;106.640.720;106.630.961
2012;26391 - Hospital Universitário Gaffree e Guinle;54.104.866;56.309.866;60.921.522;57.133.407;57.133.407;57.133.407
2012;26392 - Hospital Universitário Getúlio Vargas;79.896.136;80.696.136;87.600.749;82.262.344;61.466.837;60.783.152
2012;26393 - Hospital Universitário de Brasília;67.656.077;88.756.077;89.234.052;67.348.581;66.500.710;66.346.294
2012;26394 - Hospital Universitário da Fundação Universidade do Maranhão;66.910.638;67.410.638;73.127.710;67.808.134;67.636.448;67.496.841
2012;26395 - Hospital Universitário Dr. Miguel Riet Corrêa Jr.;45.819.951;45.819.951;49.979.951;46.832.075;46.832.075;46.832.075
2012;26396 - Hospital de Clínicas da Universidade Federal de Uberlândia;203.865.076;203.865.076;219.020.332;200.268.780;190.757.334;190.757.334
2012;26397 - Hospital Júlio Muller;65.636.658;80.786.658;91.855.954;76.976.507;63.247.102;63.247.102
2012;26398 - Hospital das Clínicas da Fundação Universidade Federal de Pelotas;54.420.848;54.420.848;58.878.434;33.902.674;33.902.674;33.892.311
2012;26399 - Hospital Universitário da Fundação Universidade Federal do Piauí;7.337.709;7.337.709;7.798.467;6.887.450;6.887.450;6.887.450
2012;26400 - Hospital Universitário da Fundação Universidade Federal de Sergipe;40.430.427;40.430.427;45.459.849;42.203.033;41.548.652;41.548.652
2012;26401 - Hospital Universitário Maria Pedrossian;85.322.507;85.322.507;90.526.799;85.385.285;85.106.656;85.074.689
2012;26402 - Instituto Federal de Alagoas;174.201.760;176.001.760;211.200.011;192.603.564;156.316.583;154.861.242
2012;26403 - Instituto Federal do Amazonas;161.107.285;162.407.285;194.172.955;166.616.963;153.199.790;151.180.732
2012;26404 - Instituto Federal Baiano;150.104.686;143.404.686;178.369.948;154.433.631;119.977.698;117.557.701
2012;26405 - Instituto Federal do Ceará;275.382.503;276.282.503;329.983.757;289.556.112;239.448.780;223.161.682
2012;26406 - Instituto Federal do Espírito Santo;257.675.256;267.825.256;367.555.689;319.566.506;290.814.272;289.100.876
2012;26407 - Instituto Federal Goiano;116.192.408;116.692.408;142.516.085;123.726.286;101.824.515;100.788.583
2012;26408 - Instituto Federal do Maranhão;243.598.983;262.548.983;309.668.506;268.703.573;221.906.622;219.558.229
2012;26409 - Instituto Federal de Minas Gerais;162.674.311;165.194.311;200.314.773;181.456.719;142.330.608;142.205.635
2012;26410 - Instituto Federal do Norte de Minas Gerais;90.122.237;91.822.237;119.536.421;101.977.213;82.007.706;81.518.099
2012;26411 - Instituto Federal do Sudeste de Minas Gerais;138.919.052;139.669.052;169.243.360;148.705.133;123.646.286;123.565.982
2012;26412 - Instituto Federal do Sul de Minas Gerais;114.006.657;116.406.657;140.703.509;130.217.560;114.815.813;114.798.829
2012;26413 - Instituto Federal do Triângulo Mineiro;88.839.391;89.999.391;111.189.035;96.674.978;83.464.039;83.130.622
2012;26414 - Instituto Federal do Mato Grosso;164.046.565;167.146.565;214.741.658;187.916.023;153.183.722;151.919.395
2012;26415 - Instituto Federal do Mato Grosso do Sul;46.819.449;46.819.449;76.806.916;54.511.019;39.509.294;39.195.777
2012;26416 - Instituto Federal do Pará;202.412.188;203.662.188;243.475.594;220.467.964;182.922.997;182.207.314
2012;26417 - Instituto Federal da Paraíba;205.954.430;213.304.430;259.848.067;232.750.148;193.587.874;191.051.431
2012;26418 - Instituto Federal de Pernambuco;257.679.037;258.739.037;315.947.260;245.090.029;222.075.792;220.412.049
2012;26419 - Instituto Federal do Rio Grande do Sul;157.388.127;157.688.127;193.754.184;171.393.944;143.190.072;140.849.467
2012;26420 - Instituto Federal Farroupilha;100.841.124;100.841.124;121.500.198;110.139.247;95.965.066;95.580.190
2012;26421 - Instituto Federal de Rondônia;62.757.566;63.357.566;81.673.795;72.571.332;54.435.964;54.017.667
2012;26422 - Instituto Federal Catarinense;124.734.774;125.234.774;150.097.106;137.744.209;117.809.112;115.854.767
2012;26423 - Instituto Federal de Sergipe;126.156.792;126.956.792;156.114.973;126.638.567;104.754.165;103.590.764
2012;26424 - Instituto Federal do Tocantins;89.235.685;89.235.685;108.974.012;97.675.428;80.250.172;78.888.014
2012;26425 - Instituto Federal do Acre;31.633.727;34.333.727;56.647.041;39.415.762;25.965.427;25.500.465
2012;26426 - Instituto Federal do Amapá;24.894.495;25.294.495;39.681.740;27.907.333;17.534.888;17.454.421
2012;26427 - Instituto Federal da Bahia;237.017.099;239.217.099;291.950.921;263.418.389;221.538.081;220.036.613
2012;26428 - Instituto Federal de Brasília;117.512.788;118.512.788;157.577.725;140.010.380;77.204.551;77.119.000
2012;26429 - Instituto Federal de Goiás;167.039.045;170.039.045;216.028.672;200.935.575;182.804.426;175.166.772
2012;26430 - Instituto Federal do Sertão Pernambucano;66.451.820;66.901.820;89.983.385;68.398.548;63.892.219;63.081.514
2012;26431 - Instituto Federal do Piauí;155.421.741;155.421.741;195.618.004;171.801.614;148.298.436;143.337.218
2012;26432 - Instituto Federal do Paraná;133.579.645;150.419.645;198.229.584;142.661.959;98.199.744;96.266.673
2012;26433 - Instituto Federal do Rio de Janeiro;183.118.441;185.918.441;216.610.725;198.494.679;168.253.461;164.207.653
2012;26434 - Instituto Federal Fluminense;165.825.524;168.675.524;202.616.623;185.653.815;167.297.197;164.699.281
2012;26435 - Instituto Federal do Rio Grande do Norte;228.749.149;228.749.149;269.040.507;256.565.481;220.326.998;219.415.039
2012;26436 - Instituto Federal Sul-rio-grandense;191.222.408;191.222.408;225.995.298;211.652.826;194.524.088;194.347.772
2012;26437 - Instituto Federal de Roraima;58.244.484;60.544.484;75.848.071;60.865.129;51.775.991;51.602.612
2012;26438 - Instituto Federal de Santa Catarina;219.136.335;220.136.335;270.357.194;248.844.669;216.556.164;211.296.630
2012;26439 - Instituto Federal de São Paulo;246.261.765;287.461.765;368.088.381;285.342.521;221.310.223;220.739.939
2012;26440 - Universidade Federal da Fronteira Sul;118.209.657;118.609.657;177.979.428;150.294.060;90.357.378;90.209.856
2012;26441 - Universidade Federal do Oeste do Pará;86.868.551;86.868.551;102.084.233;90.947.771;52.642.764;52.638.979
2012;26442 - Universidade da Integração Internacional da Lusofonia Afro-Brasileira;68.584.232;68.584.232;87.931.190;55.974.305;18.533.057;18.531.540
2012;26443 - Empresa Brasileira de Serviços Hospitalares;0;6.333.328;76.724.349;14.882.173;9.755.218;9.751.349
2012;26444 - Maternidade Victor Ferreira do Amaral;5.542.896;5.542.896;8.199.909;4.773.989;4.697.343;4.697.343
2012;26445 - Hospital Universitário da UNIFESP;302.390.720;305.390.720;172.047.179;162.296.878;157.942.945;157.942.945
2013;26101 - Ministério da Educação - Administração Direta;2.553.534.465;2.640.187.345;2.131.458.406;1.582.219.966;1.245.855.630;1.219.510.136
2013;26104 - Instituto Nacional de Educação de Surdos;115.694.837;115.694.837;149.141.585;92.368.573;77.666.478;77.498.555
2013;26105 - Instituto Benjamin Constant;60.487.502;60.505.502;72.023.130;61.370.306;56.059.294;54.678.411
2013;26201 - Colégio Pedro II;386.814.012;388.114.012;465.677.802;448.070.076;412.719.434;410.810.462
2013;26230 - Fundação Universidade Federal do Vale do São Francisco;102.615.719;106.015.719;128.502.686;119.906.838;102.751.695;101.987.871
2013;26231 - Universidade Federal de Alagoas;474.410.301;474.410.301;597.925.260;569.261.680;532.182.970;517.492.665
2013;26232 - Universidade Federal da Bahia;928.120.322;963.020.322;1.191.221.931;1.122.106.987;1.073.213.168;1.057.229.376
2013;26233 - Universidade Federal do Ceará;1.005.984.852;1.006.864.852;1.197.352.000;1.128.442.246;1.042.582.194;1.021.170.465
2013;26234 - Universidade Federal do Espírito Santo;561.820.481;562.970.481;720.662.572;660.063.281;627.204.053;624.743.167
2013;26235 - Universidade Federal de Goiás;736.595.004;760.975.004;898.104.362;882.217.796;829.556.573;818.526.973
2013;26236 - Universidade Federal Fluminense;1.193.609.119;1.197.459.119;1.417.368.988;1.397.195.275;1.355.593.774;1.335.074.567
2013;26237 - Universidade Federal de Juiz de Fora;567.658.763;630.158.763;903.466.119;752.163.626;612.495.412;601.680.971
2013;26238 - Universidade Federal de Minas Gerais;1.287.501.436;1.296.051.436;1.544.644.426;1.510.769.135;1.427.666.009;1.390.585.257
2013;26239 - Universidade Federal do Pará;850.341.888;854.991.888;998.015.748;980.914.493;911.654.251;890.052.459
2013;26240 - Universidade Federal da Paraíba;944.146.471;950.146.471;1.127.665.415;1.097.448.459;1.038.797.094;1.036.575.784
2013;26241 - Universidade Federal do Paraná;979.372.065;990.072.065;1.174.230.913;1.054.627.468;1.029.144.870;1.018.405.264
2013;26242 - Universidade Federal de Pernambuco;918.211.267;918.711.267;1.188.729.238;1.064.577.869;966.143.161;953.800.553
2013;26243 - Universidade Federal do Rio Grande do Norte;953.323.684;990.780.511;1.166.460.528;1.122.705.660;1.042.008.297;1.040.466.408
2013;26244 - Universidade Federal do Rio Grande do Sul;1.196.093.384;1.198.643.384;1.404.116.528;1.326.283.799;1.276.504.696;1.271.909.096
2013;26245 - Universidade Federal do Rio de Janeiro;2.103.763.848;2.121.313.848;2.471.094.844;2.385.861.692;2.301.493.974;2.283.642.347
2013;26246 - Universidade Federal de Santa Catarina;941.828.218;955.479.298;1.180.440.160;1.056.348.781;980.702.600;977.980.735
2013;26247 - Universidade Federal de Santa Maria;702.572.375;702.922.375;828.359.148;820.100.637;769.104.143;763.685.828
2013;26248 - Universidade Federal Rural de Pernambuco;390.899.093;391.299.093;464.526.805;421.717.149;379.824.213;372.355.421
2013;26249 - Universidade Federal Rural do Rio de Janeiro;402.383.625;402.383.625;472.203.766;463.028.135;447.296.001;435.071.490
2013;26250 - Fundação Universidade Federal de Roraima;118.719.447;135.669.447;162.969.933;144.531.094;126.620.278;122.653.107
2013;26251 - Fundação Universidade Federal do Tocantins;170.421.709;195.091.709;231.106.692;215.578.750;187.523.509;184.532.736
2013;26252 - Universidade Federal de Campina Grande;403.335.009;405.735.009;481.099.881;464.197.814;438.918.916;427.227.251
2013;26253 - Universidade Federal Rural da Amazônia;163.018.693;164.818.693;189.287.148;173.722.355;136.788.924;135.375.039
2013;26254 - Universidade Federal do Triângulo Mineiro;184.779.934;184.779.934;221.229.999;216.046.650;195.223.067;192.037.342
2013;26255 - Universidade Federal dos Vales do Jequitinhonha e Mucuri;178.708.971;201.808.971;227.348.679;203.645.667;132.592.699;131.885.831
2013;26256 - Centro Federal de Educação Tecnológica Celso Suckow da Fonseca;209.011.999;209.711.999;248.231.570;224.920.895;206.790.361;204.607.868
2013;26257 - Centro Federal de Educação Tecnológica de Minas Gerais;248.611.021;249.711.021;294.590.625;285.479.758;264.904.637;256.707.208
2013;26258 - Universidade Tecnológica Federal do Paraná;468.998.923;487.448.923;626.739.787;600.268.649;503.142.005;490.762.233
2013;26260 - Universidade Federal de Alfenas;124.108.039;136.108.039;160.421.684;157.877.453;134.264.545;132.394.112
2013;26261 - Universidade Federal de Itajubá;144.968.709;144.968.709;172.100.122;158.628.448;136.346.728;136.180.409
2013;26262 - Universidade Federal de São Paulo;624.258.883;628.658.883;713.202.392;702.610.918;680.736.626;679.717.739
2013;26263 - Universidade Federal de Lavras;203.825.165;204.075.165;241.686.364;236.442.242;201.424.385;200.117.161
2013;26264 - Universidade Federal Rural do Semi-Árido;183.969.961;193.782.461;227.717.011;214.416.143;165.627.700;159.599.493
2013;26266 - Fundação Universidade Federal do Pampa;163.353.908;163.353.908;198.759.298;194.292.593;169.888.605;167.817.165
2013;26267 - Universidade Federal da Integração Latino Americana;101.684.813;101.684.813;159.835.390;69.478.374;49.704.447;49.702.175
2013;26268 - Fundação Universidade Federal de Rondônia;163.423.190;190.023.190;229.617.219;187.043.582;156.571.154;155.473.992
2013;26269 - Fundação Universidade do Rio de Janeiro;249.277.570;249.427.570;299.480.021;285.352.569;273.565.030;270.962.975
2013;26270 - Fundação Universidade do Amazonas;409.943.485;415.543.485;504.095.750;474.061.376;443.826.057;436.486.991
2013;26271 - Fundação Universidade de Brasília;1.272.473.010;1.294.373.010;1.828.498.725;1.685.383.780;1.560.668.827;1.549.102.923
2013;26272 - Fundação Universidade Federal do Maranhão;464.385.661;480.885.661;566.301.003;549.230.239;490.974.536;479.503.251
2013;26273 - Fundação Universidade Federal do Rio Grande;314.038.009;314.038.009;369.613.531;359.975.222;317.188.007;312.104.838
2013;26274 - Universidade Federal de Uberlândia;620.825.476;621.970.476;742.088.689;724.705.960;680.181.251;678.390.882
2013;26275 - Fundação Universidade Federal do Acre;199.866.501;214.316.501;292.671.079;236.823.122;201.566.684;200.826.624
2013;26276 - Fundação Universidade Federal de Mato Grosso;520.981.431;521.481.431;669.415.593;623.778.458;573.476.081;566.373.471
2013;26277 - Fundação Universidade Federal de Ouro Preto;260.596.419;260.896.419;305.725.493;295.856.217;287.612.203;285.465.742
2013;26278 - Fundação Universidade Federal de Pelotas;426.802.004;426.802.004;528.345.342;512.442.627;485.747.758;485.303.552
2013;26279 - Fundação Universidade Federal do Piauí;475.502.341;477.352.341;563.427.733;545.188.558;498.696.531;487.340.904
2013;26280 - Fundação Universidade Federal de São Carlos;369.225.614;400.275.614;483.065.994;470.075.208;407.160.955;405.665.103
2013;26281 - Fundação Universidade Federal de Sergipe;372.211.687;402.211.687;495.535.601;448.522.277;434.011.782;430.531.088
2013;26282 - Fundação Universidade Federal de Viçosa;549.856.184;549.856.184;666.073.560;645.691.086;608.588.867;600.689.161
2013;26283 - Fundação Universidade Federal de Mato Grosso do Sul;390.082.014;390.082.014;499.273.255;486.636.918;436.934.518;429.206.351
2013;26284 - Fundação Universidade Federal de Ciências da Saúde de Porto Alegre;78.105.021;78.105.021;113.003.492;79.575.601;67.297.529;66.686.619
2013;26285 - Fundação Universidade Federal de São João del-Rei;177.188.280;182.838.280;228.442.453;212.322.228;176.389.933;173.425.947
2013;26286 - Fundação Universidade Federal do Amapá;90.897.341;113.547.577;146.524.253;110.730.091;77.930.450;75.909.811
2013;26290 - Instituto Nacional de Estudos e Pesquisas Educacionais Anísio Teixeira;876.817.511;876.817.511;1.130.993.040;886.405.687;755.292.648;747.241.290
2013;26291 - Fundação Coordenação de Aperfeiçoamento de Pessoal de Nível Superior;4.241.638.588;4.241.638.588;5.301.022.389;4.831.564.017;4.282.726.557;4.260.668.893
2013;26292 - Fundação Joaquim Nabuco;105.939.273;105.939.273;116.420.605;105.239.300;99.699.953;99.234.497
2013;26294 - Hospital de Clínicas de Porto Alegre;608.164.679;608.164.679;812.605.813;796.188.258;735.641.611;729.913.887
2013;26298 - Fundo Nacional de Desenvolvimento da Educação;30.264.728.904;31.430.932.968;32.886.649.245;29.639.122.181;22.232.906.235;21.073.714.521
2013;26350 - Fundação Universidade Federal da Grande Dourados;116.507.845;116.757.845;142.961.553;140.397.403;115.697.122;114.720.377
2013;26351 - Universidade Federal do Recôncavo da Bahia;170.338.534;170.988.534;200.265.828;184.527.703;150.738.311;146.459.186
2013;26352 - Fundação Universidade Federal do ABC;217.394.578;217.394.578;261.471.050;234.445.699;158.724.331;157.900.878
2013;26358 - Hospital Universitário Prof. Alberto Antunes;78.553.568;78.553.568;103.505.268;93.463.233;91.681.825;90.023.645
2013;26359 - Complexo Hospitalar e de Saúde da Universidade Federal da Bahia;121.973.210;122.973.210;151.781.874;139.227.282;129.481.461;123.746.932
2013;26362 - Hospital Universitário Walter Cantídio;102.071.818;102.071.818;111.479.077;108.484.704;108.476.370;108.476.370
2013;26363 - Maternidade-Escola Assis Chateaubriand;55.441.688;55.441.688;62.163.062;60.972.913;60.966.941;60.966.941
2013;26364 - Hospital Universitário Cassiano Antônio Morais;89.275.057;97.425.057;101.749.740;94.532.034;92.242.503;91.888.115
2013;26365 - Hospital das Clínicas da Universidade Federal de Goiás;92.371.394;111.404.998;123.519.010;102.333.605;100.133.483;99.366.336
2013;26366 - Hospital Universitário Antonio Pedro;166.791.155;166.791.155;199.655.463;193.239.781;191.711.530;191.711.530
2013;26367 - Hospital Universitário da Universidade Federal de Juiz de Fora;64.053.977;64.053.977;69.494.673;68.346.177;48.284.526;47.427.994
2013;26368 - Hospital das Clínicas da Universidade Federal de Minas Gerais;214.478.888;215.428.888;253.717.085;227.478.880;223.911.975;223.208.046
2013;26369 - Hospital Universitário João de Barros Barreto;64.875.456;64.875.456;72.255.305;69.209.323;68.945.248;67.933.815
2013;26370 - Hospital Universitário Bettina Ferro Souza;9.661.281;9.661.281;11.715.585;10.440.938;10.440.938;9.766.121
2013;26371 - Hospital Universitário Lauro Wanderley;138.208.483;169.946.740;193.462.902;160.205.004;158.504.755;158.339.732
2013;26372 - Hospital de Clínicas da Universidade Federal do Paraná;183.237.463;183.737.463;206.646.018;197.323.604;195.062.504;191.176.419
2013;26373 - Hospital das Clínicas da Universidade Federal de Pernambuco;171.739.817;171.739.817;195.127.922;180.106.901;178.799.849;178.799.849
2013;26374 - Complexo Hospitalar e de Saúde da Universidade Federal do Rio Grande do Norte;118.883.754;120.033.754;130.345.960;125.659.261;124.950.799;124.929.632
2013;26378 - Complexo Hospitalar e de Saúde da Universidade Federal do Rio de Janeiro;378.185.874;380.785.874;414.037.556;403.811.389;401.592.007;401.592.007
2013;26385 - Hospital Universitário da Universidade Federal da Grande Dourados;74.138.810;74.138.810;79.485.288;64.564.934;58.431.281;55.869.610
2013;26386 - Hospital Universitário Prof. Polydoro Ernani de São Thiago;140.529.144;140.529.144;160.983.879;155.936.465;153.392.742;152.567.856
2013;26387 - Hospital Universitário de Santa Maria;130.263.486;130.513.486;147.509.897;146.039.259;146.020.751;145.672.022
2013;26388 - Hospital Universitário Alcides Carneiro;48.032.090;48.032.090;53.534.740;51.928.088;51.928.088;51.928.088
2013;26389 - Hospital de Clínicas da Universidade Federal do Triângulo Mineiro;108.216.143;108.516.143;131.111.787;124.946.502;120.217.478;119.122.980
2013;26391 - Hospital Universitário Gaffree e Guinle;56.951.801;57.951.801;64.661.726;63.234.744;62.530.128;62.061.998
2013;26392 - Hospital Universitário Getúlio Vargas;70.065.575;70.365.575;79.428.601;79.175.751;65.348.709;64.528.258
2013;26393 - Hospital Universitário de Brasília;66.412.668;66.412.668;95.103.923;90.976.322;76.258.380;75.606.012
2013;26394 - Hospital Universitário da Fundação Universidade do Maranhão;69.275.808;69.775.808;77.096.948;75.080.490;74.153.716;73.940.476
2013;26395 - Hospital Universitário Dr. Miguel Riet Corrêa Jr.;47.869.749;47.869.749;53.342.030;51.809.678;51.748.573;50.770.318
2013;26396 - Hospital de Clínicas da Universidade Federal de Uberlândia;198.887.436;198.887.436;229.462.980;222.832.542;199.165.080;195.442.372
2013;26397 - Hospital Júlio Muller;63.924.110;101.352.946;84.878.895;70.090.378;69.572.641;69.046.440
2013;26398 - Hospital das Clínicas da Fundação Universidade Federal de Pelotas;44.409.898;44.409.898;65.937.600;51.181.453;50.310.324;50.310.324
2013;26399 - Hospital Universitário da Fundação Universidade Federal do Piauí;7.514.953;7.514.953;7.847.064;6.323.915;6.323.915;6.306.723
2013;26400 - Hospital Universitário da Fundação Universidade Federal de Sergipe;39.149.052;39.149.052;50.952.085;47.795.654;47.320.509;46.709.350
2013;26401 - Hospital Universitário Maria Pedrossian;83.238.049;101.027.441;121.693.447;100.311.583;100.203.803;100.202.541
2013;26402 - Instituto Federal de Alagoas;194.706.331;211.706.331;264.674.439;225.343.844;197.945.338;190.497.227
2013;26403 - Instituto Federal do Amazonas;198.214.831;200.014.831;236.372.308;219.822.277;183.032.350;178.644.404
2013;26404 - Instituto Federal Baiano;139.319.916;139.769.916;193.632.642;183.877.032;157.655.454;154.978.766
2013;26405 - Instituto Federal do Ceará;303.515.886;324.015.886;406.177.122;374.104.708;302.595.501;299.807.514
2013;26406 - Instituto Federal do Espírito Santo;313.732.651;314.532.651;391.519.655;383.863.063;358.838.056;354.834.960
2013;26407 - Instituto Federal Goiano;131.929.082;133.379.082;169.217.667;159.206.564;135.054.561;133.206.382
2013;26408 - Instituto Federal do Maranhão;276.508.133;282.508.133;340.147.506;325.342.095;269.596.910;266.031.126
2013;26409 - Instituto Federal de Minas Gerais;194.278.568;206.278.568;243.439.629;218.570.066;167.100.478;165.598.884
2013;26410 - Instituto Federal do Norte de Minas Gerais;104.170.917;104.370.917;137.136.366;124.713.098;100.983.145;99.666.450
2013;26411 - Instituto Federal do Sudeste de Minas Gerais;144.321.265;144.821.265;186.349.886;173.414.901;153.158.654;152.550.817
2013;26412 - Instituto Federal do Sul de Minas Gerais;135.188.284;136.188.284;165.222.077;161.486.891;144.241.090;140.857.872
2013;26413 - Instituto Federal do Triângulo Mineiro;102.524.399;102.724.399;139.019.791;118.773.895;109.507.285;107.920.750
2013;26414 - Instituto Federal do Mato Grosso;190.941.289;194.241.289;273.110.117;252.952.302;195.243.532;187.048.329
2013;26415 - Instituto Federal do Mato Grosso do Sul;64.595.188;65.095.188;90.934.583;75.761.128;56.291.853;55.184.036
2013;26416 - Instituto Federal do Pará;232.886.790;232.886.790;264.147.429;253.079.429;191.379.697;187.673.199
2013;26417 - Instituto Federal da Paraíba;237.081.776;237.381.776;302.156.163;288.486.667;243.738.842;240.801.096
2013;26418 - Instituto Federal de Pernambuco;241.473.905;241.973.905;369.455.292;302.778.715;260.964.379;252.599.389
2013;26419 - Instituto Federal do Rio Grande do Sul;188.235.760;188.235.760;234.788.560;224.142.249;190.884.607;186.100.055
2013;26420 - Instituto Federal Farroupilha;118.688.639;118.688.639;145.663.091;143.604.567;128.422.772;126.963.299
2013;26421 - Instituto Federal de Rondônia;75.665.755;89.785.585;111.256.960;93.460.304;73.165.048;70.224.229
2013;26422 - Instituto Federal Catarinense;149.194.405;149.194.405;188.783.372;182.823.432;157.775.442;152.537.192
2013;26423 - Instituto Federal de Sergipe;138.367.771;138.367.771;183.585.012;168.759.463;132.397.003;127.943.972
2013;26424 - Instituto Federal do Tocantins;108.138.449;108.138.449;132.305.870;129.587.820;105.658.966;100.415.626
2013;26425 - Instituto Federal do Acre;41.123.384;41.123.384;67.821.272;54.994.198;40.105.615;38.013.608
2013;26426 - Instituto Federal do Amapá;34.926.150;35.726.150;51.210.760;48.852.744;27.736.199;26.664.715
2013;26427 - Instituto Federal da Bahia;282.889.364;284.039.364;357.102.691;343.697.383;285.750.208;279.602.432
2013;26428 - Instituto Federal de Brasília;116.928.414;126.728.414;149.449.004;143.843.537;95.005.220;94.833.195
2013;26429 - Instituto Federal de Goiás;186.983.646;188.583.646;248.096.167;242.655.447;224.844.232;223.751.355
2013;26430 - Instituto Federal do Sertão Pernambucano;85.670.258;85.670.258;116.595.902;92.963.417;76.312.696;74.216.410
2013;26431 - Instituto Federal do Piauí;186.267.477;186.267.477;230.909.634;209.274.643;170.239.251;161.123.104
2013;26432 - Instituto Federal do Paraná;157.522.890;182.522.890;240.766.335;184.920.682;128.429.523;125.764.120
2013;26433 - Instituto Federal do Rio de Janeiro;197.124.953;198.574.953;249.365.420;224.154.261;202.792.971;194.108.614
2013;26434 - Instituto Federal Fluminense;198.268.802;198.268.802;243.478.539;232.899.753;207.017.282;203.967.830
2013;26435 - Instituto Federal do Rio Grande do Norte;254.393.007;254.330.507;319.182.526;314.715.929;270.669.864;265.174.695
2013;26436 - Instituto Federal Sul-rio-grandense;215.105.472;215.105.472;265.871.058;258.821.398;238.865.214;237.151.616
2013;26437 - Instituto Federal de Roraima;72.040.402;98.890.402;113.593.335;78.662.850;64.057.590;61.096.592
2013;26438 - Instituto Federal de Santa Catarina;239.170.959;239.170.959;306.648.203;293.658.437;264.153.516;254.616.777
2013;26439 - Instituto Federal de São Paulo;289.402.021;302.452.021;414.534.461;370.496.785;284.579.581;283.806.560
2013;26440 - Universidade Federal da Fronteira Sul;165.495.408;179.446.488;214.343.323;197.455.159;133.591.428;133.335.216
2013;26441 - Universidade Federal do Oeste do Pará;91.770.439;92.270.439;110.027.967;104.967.608;82.313.767;79.825.922
2013;26442 - Universidade da Integração Internacional da Lusofonia Afro-Brasileira;91.138.401;91.438.401;113.143.948;96.681.940;36.477.381;36.286.044
2013;26443 - Empresa Brasileira de Serviços Hospitalares;795.905.087;797.905.087;450.878.670;300.253.434;184.617.852;175.095.750
2013;26444 - Maternidade Victor Ferreira do Amaral;8.164.411;8.164.411;9.147.380;6.642.873;6.186.384;5.796.032
2013;26445 - Hospital Universitário da UNIFESP;151.814.140;155.214.140;183.791.096;181.363.621;172.328.940;171.955.744
2014;26101 - Ministério da Educação - Administração Direta;5.072.135.068;5.222.616.044;2.158.741.602;1.675.039.610;1.453.497.040;1.440.120.278
2014;26104 - Instituto Nacional de Educação de Surdos;130.464.536;130.464.536;142.124.735;91.249.323;86.440.472;86.440.472
2014;26105 - Instituto Benjamin Constant;66.716.249;66.716.249;77.881.890;69.427.541;62.950.083;62.550.820
2014;26201 - Colégio Pedro II;451.203.905;452.803.905;517.510.050;483.300.540;470.879.486;465.763.571
2014;26230 - Fundação Universidade Federal do Vale do São Francisco;124.302.673;126.052.673;146.100.859;140.373.408;132.061.811;129.576.732
2014;26231 - Universidade Federal de Alagoas;577.668.014;601.668.014;670.227.768;606.673.290;590.446.942;590.441.942
2014;26232 - Universidade Federal da Bahia;1.122.907.742;1.125.007.742;1.220.786.925;1.180.906.220;1.164.021.026;1.145.848.959
2014;26233 - Universidade Federal do Ceará;1.089.301.611;1.154.601.611;1.259.611.983;1.118.378.931;1.054.777.902;1.051.231.362
2014;26234 - Universidade Federal do Espírito Santo;674.374.696;703.224.696;812.595.561;728.373.240;711.264.313;710.754.408
2014;26235 - Universidade Federal de Goiás;881.236.609;919.536.609;1.025.925.404;960.976.708;934.889.872;932.538.734
2014;26236 - Universidade Federal Fluminense;1.401.386.496;1.407.736.496;1.535.048.240;1.508.082.038;1.502.133.397;1.501.554.589
2014;26237 - Universidade Federal de Juiz de Fora;639.876.121;669.649.121;813.517.576;773.296.127;711.491.119;698.845.479
2014;26238 - Universidade Federal de Minas Gerais;1.540.492.152;1.542.242.152;1.656.766.322;1.591.909.303;1.562.872.017;1.559.412.479
2014;26239 - Universidade Federal do Pará;1.004.681.527;1.011.481.527;1.073.962.173;1.015.723.318;970.366.782;968.158.489
2014;26240 - Universidade Federal da Paraíba;1.132.227.328;1.150.864.746;1.250.498.313;1.177.971.065;1.140.720.531;1.129.014.143
2014;26241 - Universidade Federal do Paraná;1.092.407.107;1.114.517.107;1.265.614.258;1.160.246.711;1.139.901.093;1.132.172.449
2014;26242 - Universidade Federal de Pernambuco;1.095.058.913;1.096.108.913;1.269.693.591;1.188.930.830;1.132.298.266;1.131.251.828
2014;26243 - Universidade Federal do Rio Grande do Norte;1.155.422.609;1.170.422.609;1.289.903.196;1.240.104.570;1.182.641.685;1.177.869.969
2014;26244 - Universidade Federal do Rio Grande do Sul;1.380.941.759;1.381.441.759;1.518.962.961;1.481.957.324;1.440.517.326;1.430.431.360
2014;26245 - Universidade Federal do Rio de Janeiro;2.357.670.807;2.358.770.807;2.677.503.253;2.599.999.378;2.577.293.514;2.568.704.392
2014;26246 - Universidade Federal de Santa Catarina;1.091.516.871;1.099.516.871;1.228.885.623;1.123.651.502;1.077.064.686;1.071.530.421
2014;26247 - Universidade Federal de Santa Maria;831.428.714;831.528.714;916.096.661;871.097.744;844.839.214;839.017.653
2014;26248 - Universidade Federal Rural de Pernambuco;446.350.032;447.200.032;529.683.379;483.361.330;449.243.272;448.992.988
2014;26249 - Universidade Federal Rural do Rio de Janeiro;476.127.851;477.327.851;523.500.180;517.686.297;493.203.512;492.817.674
2014;26250 - Fundação Universidade Federal de Roraima;156.451.248;203.451.248;238.209.858;180.799.445;150.498.357;150.381.905
2014;26251 - Fundação Universidade Federal do Tocantins;228.022.229;245.619.755;273.031.777;251.311.485;244.828.732;240.588.612
2014;26252 - Universidade Federal de Campina Grande;480.307.281;482.407.281;535.301.233;502.325.339;486.915.966;485.884.792
2014;26253 - Universidade Federal Rural da Amazônia;153.646.377;154.946.377;180.908.493;169.097.723;157.129.056;155.331.285
2014;26254 - Universidade Federal do Triângulo Mineiro;218.692.624;248.692.624;282.881.942;245.612.296;234.880.178;233.860.080
2014;26255 - Universidade Federal dos Vales do Jequitinhonha e Mucuri;186.974.383;186.974.383;238.296.941;197.410.163;175.732.121;171.800.545
2014;26256 - Centro Federal de Educação Tecnológica Celso Suckow da Fonseca;246.754.457;261.458.457;297.720.941;268.651.885;245.824.665;245.824.080
2014;26257 - Centro Federal de Educação Tecnológica de Minas Gerais;289.708.009;291.208.009;352.189.454;335.750.065;322.393.320;317.231.882
2014;26258 - Universidade Tecnológica Federal do Paraná;613.349.623;624.649.623;725.829.598;694.800.716;619.874.055;617.962.326
2014;26260 - Universidade Federal de Alfenas;151.591.453;161.891.453;185.881.891;171.272.552;159.842.415;159.842.415
2014;26261 - Universidade Federal de Itajubá;163.962.496;163.962.496;190.529.265;176.827.391;154.199.307;153.245.831
2014;26262 - Universidade Federal de São Paulo;717.646.274;720.846.274;806.978.092;789.958.771;777.933.335;777.933.335
2014;26263 - Universidade Federal de Lavras;255.058.152;285.358.152;323.050.729;290.816.857;239.110.500;239.110.121
2014;26264 - Universidade Federal Rural do Semi-Árido;197.960.763;208.475.836;238.862.095;218.372.294;193.063.640;193.056.740
2014;26266 - Fundação Universidade Federal do Pampa;207.587.070;208.143.070;254.207.267;239.120.113;199.502.583;199.502.583
2014;26267 - Universidade Federal da Integração Latino Americana;85.075.629;85.075.629;109.852.548;90.853.399;78.381.681;78.381.681
2014;26268 - Fundação Universidade Federal de Rondônia;187.933.980;218.683.980;275.621.160;227.046.227;184.704.320;178.778.150
2014;26269 - Fundação Universidade do Rio de Janeiro;285.488.591;285.488.591;314.685.142;310.295.706;303.366.047;299.882.705
2014;26270 - Fundação Universidade do Amazonas;499.133.664;501.933.664;567.265.757;524.820.965;498.794.897;487.373.609
2014;26271 - Fundação Universidade de Brasília;1.552.190.056;1.575.450.885;1.778.372.594;1.603.569.693;1.539.528.764;1.538.872.082
2014;26272 - Fundação Universidade Federal do Maranhão;521.685.920;541.685.920;624.185.862;576.479.448;540.162.399;537.453.763
2014;26273 - Fundação Universidade Federal do Rio Grande;355.466.755;355.466.755;394.970.900;380.676.087;348.578.759;348.562.047
2014;26274 - Universidade Federal de Uberlândia;712.839.761;713.339.761;799.027.131;790.715.230;770.486.892;752.526.431
2014;26275 - Fundação Universidade Federal do Acre;238.335.671;240.235.671;305.170.509;268.926.832;240.711.204;239.027.114
2014;26276 - Fundação Universidade Federal de Mato Grosso;646.644.328;646.644.328;739.677.697;691.232.442;665.576.474;660.876.513
2014;26277 - Fundação Universidade Federal de Ouro Preto;308.781.494;308.981.494;344.938.093;338.998.620;335.270.217;331.327.460
2014;26278 - Fundação Universidade Federal de Pelotas;518.826.874;538.280.749;594.194.868;558.961.779;537.165.272;536.738.493
2014;26279 - Fundação Universidade Federal do Piauí;568.762.482;610.838.482;674.794.788;629.906.261;574.373.356;568.055.710
2014;26280 - Fundação Universidade Federal de São Carlos;447.994.977;472.771.977;523.294.844;480.296.656;449.788.356;448.232.787
2014;26281 - Fundação Universidade Federal de Sergipe;451.176.775;484.947.900;577.158.545;522.709.481;502.786.361;495.643.552
2014;26282 - Fundação Universidade Federal de Viçosa;647.019.822;647.019.822;729.747.801;715.277.413;691.226.163;677.799.497
2014;26283 - Fundação Universidade Federal de Mato Grosso do Sul;497.829.267;510.629.538;565.402.956;524.815.280;495.972.316;495.014.781
2014;26284 - Fundação Universidade Federal de Ciências da Saúde de Porto Alegre;96.008.195;96.008.195;128.492.877;88.120.164;80.267.439;80.082.554
2014;26285 - Fundação Universidade Federal de São João del-Rei;213.357.179;256.757.179;289.159.991;220.056.462;209.671.906;205.307.202
2014;26286 - Fundação Universidade Federal do Amapá;107.296.481;109.869.481;153.868.428;119.417.812;105.845.895;105.845.895
2014;26290 - Instituto Nacional de Estudos e Pesquisas Educacionais Anísio Teixeira;1.075.010.076;1.075.010.076;1.489.075.911;1.331.146.238;1.135.726.984;1.051.525.485
2014;26291 - Fundação Coordenação de Aperfeiçoamento de Pessoal de Nível Superior;5.076.118.922;5.076.118.922;6.073.808.814;5.577.583.821;5.419.311.726;5.404.354.543
2014;26292 - Fundação Joaquim Nabuco;120.482.334;120.482.334;122.449.381;110.962.985;105.788.380;105.398.644
2014;26294 - Hospital de Clínicas de Porto Alegre;797.379.847;802.922.847;916.813.521;879.712.252;826.052.734;822.670.746
2014;26298 - Fundo Nacional de Desenvolvimento da Educação;31.196.268.879;31.972.529.077;34.322.069.652;31.235.884.266;22.641.971.198;22.614.591.869
2014;26350 - Fundação Universidade Federal da Grande Dourados;151.468.617;150.968.617;177.275.524;165.088.835;140.493.661;140.323.910
2014;26351 - Universidade Federal do Recôncavo da Bahia;188.908.092;191.598.092;223.813.747;191.776.049;181.399.867;181.293.648
2014;26352 - Fundação Universidade Federal do ABC;264.209.577;262.989.577;299.351.824;295.866.350;188.415.171;181.016.956
2014;26358 - Hospital Universitário Prof. Alberto Antunes;88.366.882;100.366.882;123.068.054;95.049.273;94.391.432;94.391.432
2014;26359 - Complexo Hospitalar e de Saúde da Universidade Federal da Bahia;127.203.348;127.503.348;135.079.977;127.529.400;127.498.028;127.145.810
2014;26362 - Hospital Universitário Walter Cantídio;113.141.274;113.141.274;119.403.850;115.060.714;115.043.391;115.043.391
2014;26363 - Maternidade-Escola Assis Chateaubriand;62.618.320;62.618.320;65.872.262;64.318.222;64.318.222;64.318.222
2014;26364 - Hospital Universitário Cassiano Antônio Morais;93.400.967;93.400.967;98.643.373;96.409.570;95.921.049;95.406.838
2014;26365 - Hospital das Clínicas da Universidade Federal de Goiás;126.446.223;161.046.223;183.473.878;134.024.999;114.327.159;114.327.159
2014;26366 - Hospital Universitário Antonio Pedro;193.683.497;193.983.497;206.034.565;202.408.231;202.256.015;202.211.331
2014;26367 - Hospital Universitário da Universidade Federal de Juiz de Fora;127.889.039;128.289.039;130.739.738;78.842.187;52.554.907;52.267.589
2014;26368 - Hospital das Clínicas da Universidade Federal de Minas Gerais;218.701.360;219.079.360;240.575.397;230.618.119;228.732.535;228.346.945
2014;26369 - Hospital Universitário João de Barros Barreto;72.261.536;72.261.536;77.878.756;74.727.141;74.530.525;74.513.524
2014;26370 - Hospital Universitário Bettina Ferro Souza;10.913.249;10.913.249;12.119.968;11.380.647;11.380.647;11.250.039
2014;26371 - Hospital Universitário Lauro Wanderley;162.119.305;162.119.305;167.654.691;166.223.555;166.136.363;166.136.363
2014;26372 - Hospital de Clínicas da Universidade Federal do Paraná;201.563.258;202.613.258;213.599.712;207.556.885;207.035.873;206.570.590
2014;26373 - Hospital das Clínicas da Universidade Federal de Pernambuco;182.791.257;183.341.257;210.621.397;195.482.736;191.270.291;191.270.291
2014;26374 - Complexo Hospitalar e de Saúde da Universidade Federal do Rio Grande do Norte;129.478.561;130.478.561;132.719.787;129.142.958;128.789.816;128.696.439
2014;26378 - Complexo Hospitalar e de Saúde da Universidade Federal do Rio de Janeiro;418.320.389;420.313.389;479.082.850;469.515.243;466.179.241;465.429.368
2014;26385 - Hospital Universitário da Universidade Federal da Grande Dourados;63.919.925;63.919.925;65.550.888;61.746.647;53.715.892;50.786.665
2014;26386 - Hospital Universitário Prof. Polydoro Ernani de São Thiago;154.824.932;154.824.932;183.058.326;176.291.613;174.489.525;174.487.614
2014;26387 - Hospital Universitário de Santa Maria;144.743.008;144.943.008;163.643.939;160.093.440;159.985.519;159.985.519
2014;26388 - Hospital Universitário Alcides Carneiro;65.105.359;65.205.359;72.272.026;61.451.523;60.076.034;59.558.511
2014;26389 - Hospital de Clínicas da Universidade Federal do Triângulo Mineiro;121.046.858;121.046.858;133.579.888;124.545.646;124.186.014;124.186.014
2014;26391 - Hospital Universitário Gaffree e Guinle;62.653.947;63.653.947;70.656.172;69.621.193;68.344.840;66.174.382
2014;26392 - Hospital Universitário Getúlio Vargas;83.246.521;83.246.521;88.438.974;84.622.342;76.099.768;74.396.454
2014;26393 - Hospital Universitário de Brasília;73.909.608;73.909.608;79.808.966;74.934.688;72.300.726;70.125.653
2014;26394 - Hospital Universitário da Fundação Universidade do Maranhão;75.951.941;76.451.941;80.855.380;75.564.247;75.319.793;75.192.343
2014;26395 - Hospital Universitário Dr. Miguel Riet Corrêa Jr.;53.933.258;53.933.258;59.122.753;57.300.989;57.300.989;57.300.989
2014;26396 - Hospital de Clínicas da Universidade Federal de Uberlândia;211.261.606;211.261.606;236.034.244;231.164.361;223.381.765;218.116.950
2014;26397 - Hospital Júlio Muller;81.240.315;92.540.315;92.292.934;55.117.145;50.967.565;50.248.296
2014;26398 - Hospital das Clínicas da Fundação Universidade Federal de Pelotas;49.342.596;49.342.596;56.587.450;47.062.023;43.314.091;43.314.091
2014;26399 - Hospital Universitário da Fundação Universidade Federal do Piauí;7.947.655;7.947.655;8.797.353;6.853.710;6.853.710;6.848.076
2014;26400 - Hospital Universitário da Fundação Universidade Federal de Sergipe;47.939.247;68.310.371;75.055.348;51.554.941;51.196.237;51.196.237
2014;26401 - Hospital Universitário Maria Pedrossian;105.807.808;105.807.808;97.930.445;90.060.734;89.992.716;89.992.716
2014;26402 - Instituto Federal de Alagoas;267.000.781;267.000.781;315.083.333;268.107.105;244.249.154;237.664.951
2014;26403 - Instituto Federal do Amazonas;223.065.497;259.065.497;296.752.191;230.185.815;200.592.156;199.603.313
2014;26404 - Instituto Federal Baiano;190.340.831;190.840.831;216.806.711;197.014.715;170.099.592;167.963.304
2014;26405 - Instituto Federal do Ceará;391.440.368;391.740.368;452.429.995;413.001.353;369.432.493;364.266.797
2014;26406 - Instituto Federal do Espírito Santo;406.026.416;432.726.416;488.336.953;451.212.517;417.085.695;408.968.984
2014;26407 - Instituto Federal Goiano;167.597.796;168.497.796;208.951.069;201.245.644;176.127.263;174.353.225
2014;26408 - Instituto Federal do Maranhão;365.152.143;378.052.143;412.761.717;372.321.024;319.745.870;310.220.501
2014;26409 - Instituto Federal de Minas Gerais;237.590.537;237.590.537;283.222.977;273.305.091;217.703.546;217.511.657
2014;26410 - Instituto Federal do Norte de Minas Gerais;153.166.920;154.216.920;189.698.887;157.710.344;131.381.705;129.915.115
2014;26411 - Instituto Federal do Sudeste de Minas Gerais;196.786.545;197.786.545;231.969.714;209.129.421;193.773.622;192.248.746
2014;26412 - Instituto Federal do Sul de Minas Gerais;174.892.835;200.172.835;231.964.447;191.205.401;178.493.432;175.592.540
2014;26413 - Instituto Federal do Triângulo Mineiro;134.598.987;134.598.987;173.901.168;149.058.459;137.991.835;134.738.682
2014;26414 - Instituto Federal do Mato Grosso;258.145.328;301.105.328;349.239.322;274.376.929;244.250.960;234.451.909
2014;26415 - Instituto Federal do Mato Grosso do Sul;93.186.081;93.186.081;118.395.486;99.191.383;74.450.789;72.572.003
2014;26416 - Instituto Federal do Pará;271.066.401;271.166.401;295.856.338;282.855.521;233.769.118;231.250.330
2014;26417 - Instituto Federal da Paraíba;307.848.663;333.693.081;402.508.554;358.127.870;317.265.293;307.189.294
2014;26418 - Instituto Federal de Pernambuco;334.556.846;334.706.846;393.153.506;329.537.597;304.860.874;298.043.139
2014;26419 - Instituto Federal do Rio Grande do Sul;232.538.656;232.538.656;276.715.459;259.331.513;230.939.977;229.574.854
2014;26420 - Instituto Federal Farroupilha;160.911.095;161.011.095;188.643.530;184.930.952;168.252.535;164.043.278
2014;26421 - Instituto Federal de Rondônia;101.486.828;101.486.828;124.244.634;105.671.017;93.938.840;91.647.832
2014;26422 - Instituto Federal Catarinense;200.110.209;200.110.209;243.758.014;229.599.352;196.168.444;195.751.227
2014;26423 - Instituto Federal de Sergipe;181.814.789;220.185.913;262.540.071;208.217.226;168.105.074;164.269.796
2014;26424 - Instituto Federal do Tocantins;147.382.801;147.382.801;174.440.010;161.875.680;137.521.855;136.003.146
2014;26425 - Instituto Federal do Acre;54.951.810;54.951.810;67.109.425;56.477.399;47.329.477;47.303.638
2014;26426 - Instituto Federal do Amapá;49.200.477;50.600.477;59.182.755;54.816.733;38.380.004;36.656.337
2014;26427 - Instituto Federal da Bahia;330.472.756;330.772.756;388.499.819;371.844.718;335.408.668;335.171.178
2014;26428 - Instituto Federal de Brasília;122.388.588;135.388.588;153.537.047;131.613.718;104.455.744;104.454.890
2014;26429 - Instituto Federal de Goiás;256.833.096;257.633.096;301.343.088;291.963.407;274.146.418;273.368.803
2014;26430 - Instituto Federal do Sertão Pernambucano;112.068.429;112.068.429;130.276.285;109.359.473;91.695.749;91.355.240
2014;26431 - Instituto Federal do Piauí;216.534.335;245.534.335;296.228.293;239.406.445;217.933.603;215.362.876
2014;26432 - Instituto Federal do Paraná;195.147.557;206.147.557;268.005.974;203.456.747;177.449.377;174.857.812
2014;26433 - Instituto Federal do Rio de Janeiro;250.569.569;250.569.569;290.636.365;247.546.225;230.400.566;223.587.671
2014;26434 - Instituto Federal Fluminense;240.984.682;240.984.682;284.153.060;276.382.152;252.629.594;250.061.701
2014;26435 - Instituto Federal do Rio Grande do Norte;327.089.776;327.089.776;405.824.374;394.702.161;349.359.123;348.975.733
2014;26436 - Instituto Federal Sul-rio-grandense;268.865.920;268.865.920;321.666.145;310.485.337;290.907.412;287.523.922
2014;26437 - Instituto Federal de Roraima;86.855.328;88.855.328;104.393.262;93.565.034;79.290.214;73.844.436
2014;26438 - Instituto Federal de Santa Catarina;320.184.564;328.184.564;392.445.895;371.856.208;340.242.318;337.406.224
2014;26439 - Instituto Federal de São Paulo;401.478.474;428.878.474;557.072.316;491.626.970;408.887.789;405.986.284
2014;26440 - Universidade Federal da Fronteira Sul;177.174.579;185.574.579;217.916.567;197.327.766;167.695.695;165.368.556
2014;26441 - Universidade Federal do Oeste do Pará;104.570.716;104.570.716;121.345.099;114.776.660;100.635.130;100.635.130
2014;26442 - Universidade da Integração Internacional da Lusofonia Afro-Brasileira;82.222.844;86.822.844;106.057.326;72.103.308;65.233.234;64.115.759
2014;26443 - Empresa Brasileira de Serviços Hospitalares;1.623.491.002;1.618.491.002;950.173.089;755.751.757;656.603.125;627.790.141
2014;26444 - Maternidade Victor Ferreira do Amaral;4.716.531;4.716.531;5.119.123;4.003.723;3.643.717;3.643.717
2014;26445 - Hospital Universitário da UNIFESP;177.604.412;178.104.412;208.365.957;206.855.078;206.008.794;206.008.794
2014;26447 - Universidade Federal do Oeste da Bahia;39.936.146;39.936.146;43.730.485;41.354.223;33.951.826;33.241.395
2014;26448 - Universidade Federal do Sul e Sudeste do Pará;55.385.296;56.385.296;65.066.049;60.028.965;43.269.409;41.155.739
2014;26449 - Universidade Federal do Cariri;61.392.229;61.392.229;68.156.955;58.808.803;40.814.083;40.637.453
2014;26450 - Universidade Federal do Sul da Bahia;36.024.831;36.424.831;35.888.831;27.520.443;22.313.839;20.716.790
2014;26451 - Hospital Universitário da Universidade Federal do Vale do São Francisco;2.674.140;2.674.140;2.866.298;1.299.661;994.446;994.446
2015;26101 - Ministério da Educação - Administração Direta;1.901.932.667;2.019.432.667;2.068.903.628;1.511.695.875;1.178.732.963;1.150.799.506
2015;26104 - Instituto Nacional de Educação de Surdos;128.165.570;128.165.570;132.347.169;117.853.779;106.960.593;106.960.593
2015;26105 - Instituto Benjamin Constant;75.271.352;75.271.352;83.056.878;76.973.013;72.067.677;71.370.807
2015;26201 - Colégio Pedro II;537.480.755;538.780.755;584.753.990;567.625.136;541.358.696;536.586.155
2015;26230 - Fundação Universidade Federal do Vale do São Francisco;138.740.453;141.390.453;160.001.629;149.396.227;137.936.010;135.209.491
2015;26231 - Universidade Federal de Alagoas;648.304.249;668.304.249;720.846.612;680.943.799;653.164.918;643.042.120
2015;26232 - Universidade Federal da Bahia;1.282.949.911;1.314.749.911;1.375.074.713;1.284.248.070;1.258.632.081;1.246.207.906
2015;26233 - Universidade Federal do Ceará;1.164.799.745;1.240.099.745;1.311.209.327;1.173.792.204;1.129.341.346;1.124.025.081
2015;26234 - Universidade Federal do Espírito Santo;780.397.832;792.297.832;878.171.456;798.033.779;767.367.962;759.948.105
2015;26235 - Universidade Federal de Goiás;976.920.316;1.009.020.316;1.091.481.719;1.012.828.727;989.871.835;979.539.541
2015;26236 - Universidade Federal Fluminense;1.546.958.410;1.552.600.710;1.658.782.532;1.597.970.707;1.578.937.069;1.566.468.420
2015;26237 - Universidade Federal de Juiz de Fora;762.887.866;766.722.507;893.375.568;756.905.461;720.855.496;709.622.557
2015;26238 - Universidade Federal de Minas Gerais;1.650.027.507;1.653.327.507;1.772.089.602;1.695.511.089;1.666.492.841;1.641.870.280
2015;26239 - Universidade Federal do Pará;1.088.714.341;1.089.814.341;1.138.603.948;1.075.715.632;1.057.129.182;1.035.347.767
2015;26240 - Universidade Federal da Paraíba;1.248.699.016;1.268.179.016;1.377.499.102;1.303.102.610;1.245.230.237;1.237.790.263
2015;26241 - Universidade Federal do Paraná;1.190.259.966;1.210.259.966;1.360.030.972;1.254.621.474;1.231.215.661;1.216.149.946
2015;26242 - Universidade Federal de Pernambuco;1.231.369.281;1.231.869.281;1.350.050.139;1.282.895.973;1.252.859.408;1.241.692.179
2015;26243 - Universidade Federal do Rio Grande do Norte;1.312.938.047;1.339.738.047;1.432.811.516;1.328.775.276;1.289.988.104;1.272.981.942
2015;26244 - Universidade Federal do Rio Grande do Sul;1.499.092.158;1.499.492.158;1.641.817.632;1.557.818.432;1.524.999.477;1.510.148.792
2015;26245 - Universidade Federal do Rio de Janeiro;2.641.700.088;2.667.224.088;2.876.540.264;2.782.854.808;2.733.223.363;2.705.211.741
2015;26246 - Universidade Federal de Santa Catarina;1.167.504.935;1.181.804.935;1.300.078.498;1.228.468.759;1.181.294.346;1.171.635.838
2015;26247 - Universidade Federal de Santa Maria;934.772.139;935.022.139;1.004.335.083;959.906.716;931.246.921;924.702.624
2015;26248 - Universidade Federal Rural de Pernambuco;480.682.700;481.782.700;546.433.822;521.713.963;506.912.226;500.424.232
2015;26249 - Universidade Federal Rural do Rio de Janeiro;516.652.656;516.652.656;565.586.654;549.783.021;531.451.203;528.065.306
2015;26250 - Fundação Universidade Federal de Roraima;179.372.690;183.622.690;200.560.463;175.623.901;156.919.834;155.475.454
2015;26251 - Fundação Universidade Federal do Tocantins;302.165.260;303.715.260;308.332.287;281.359.976;266.935.608;255.624.837
2015;26252 - Universidade Federal de Campina Grande;533.239.863;535.039.863;589.485.421;559.589.065;539.465.696;533.107.959
2015;26253 - Universidade Federal Rural da Amazônia;156.951.957;157.951.957;175.262.175;167.202.123;160.862.437;157.761.167
2015;26254 - Universidade Federal do Triângulo Mineiro;264.503.098;284.503.098;307.633.610;273.313.252;260.874.774;257.759.561
2015;26255 - Universidade Federal dos Vales do Jequitinhonha e Mucuri;203.122.680;203.372.680;215.683.977;196.979.871;189.734.655;186.815.709
2015;26256 - Centro Federal de Educação Tecnológica Celso Suckow da Fonseca;305.104.611;305.104.611;337.184.271;321.264.578;302.770.966;300.301.016
2015;26257 - Centro Federal de Educação Tecnológica de Minas Gerais;357.989.608;357.989.608;400.043.310;379.838.535;370.063.846;363.022.068
2015;26258 - Universidade Tecnológica Federal do Paraná;725.981.965;781.181.965;848.166.865;767.063.659;718.544.517;711.879.062
2015;26260 - Universidade Federal de Alfenas;183.738.963;183.888.963;195.570.642;184.454.008;175.307.913;175.201.171
2015;26261 - Universidade Federal de Itajubá;171.394.045;171.844.045;188.908.883;176.928.115;165.667.432;165.167.651
2015;26262 - Universidade Federal de São Paulo;792.225.283;798.235.283;843.592.201;819.978.491;794.534.953;787.850.274
2015;26263 - Universidade Federal de Lavras;301.124.648;331.274.648;352.109.020;295.335.131;268.522.869;268.522.868
2015;26264 - Universidade Federal Rural do Semi-Árido;233.092.026;245.592.026;257.760.019;227.438.048;209.942.521;207.340.213
2015;26266 - Fundação Universidade Federal do Pampa;242.924.489;243.524.489;267.783.754;247.995.108;236.640.455;233.559.433
2015;26267 - Universidade Federal da Integração Latino Americana;118.864.362;118.864.362;145.920.656;124.920.295;114.073.204;110.296.756
2015;26268 - Fundação Universidade Federal de Rondônia;227.873.126;237.873.126;256.768.329;230.378.749;208.646.627;205.478.239
2015;26269 - Fundação Universidade do Rio de Janeiro;322.895.082;324.357.382;352.389.751;333.842.907;329.697.145;323.301.863
2015;26270 - Fundação Universidade do Amazonas;570.830.290;576.730.290;625.248.609;577.617.456;549.047.458;541.702.883
2015;26271 - Fundação Universidade de Brasília;1.633.403.628;1.652.428.228;1.822.218.875;1.518.522.486;1.458.971.594;1.451.929.182
2015;26272 - Fundação Universidade Federal do Maranhão;596.525.423;618.123.725;678.649.786;626.815.359;598.387.673;584.660.185
2015;26273 - Fundação Universidade Federal do Rio Grande;403.654.631;403.654.631;443.882.486;402.220.487;383.704.054;376.434.695
2015;26274 - Universidade Federal de Uberlândia;816.415.605;818.615.605;892.970.786;856.972.029;844.932.306;837.644.313
2015;26275 - Fundação Universidade Federal do Acre;278.220.390;310.370.390;338.445.632;278.375.425;255.412.786;252.775.300
2015;26276 - Fundação Universidade Federal de Mato Grosso;716.746.131;732.778.313;793.528.313;734.632.350;712.836.266;704.060.886
2015;26277 - Fundação Universidade Federal de Ouro Preto;356.921.162;357.371.162;376.475.905;359.745.813;352.124.256;349.686.872
2015;26278 - Fundação Universidade Federal de Pelotas;582.198.132;582.598.132;629.116.349;600.848.886;586.398.464;576.367.425
2015;26279 - Fundação Universidade Federal do Piauí;659.451.410;661.981.410;716.704.702;670.035.796;630.625.133;617.040.085
2015;26280 - Fundação Universidade Federal de São Carlos;512.170.270;529.802.570;561.095.185;515.667.778;501.220.090;493.045.714
2015;26281 - Fundação Universidade Federal de Sergipe;539.200.246;584.850.246;630.764.403;546.604.258;525.427.601;514.648.451
2015;26282 - Fundação Universidade Federal de Viçosa;736.286.044;736.486.044;795.433.660;769.691.850;753.514.551;747.313.056
2015;26283 - Fundação Universidade Federal de Mato Grosso do Sul;556.321.745;572.371.745;632.366.850;578.317.760;548.627.096;542.931.031
2015;26284 - Fundação Universidade Federal de Ciências da Saúde de Porto Alegre;106.004.459;106.504.459;123.479.587;106.756.699;94.834.873;92.090.186
2015;26285 - Fundação Universidade Federal de São João del-Rei;252.867.171;254.267.171;283.038.546;265.199.271;247.960.082;247.332.786
2015;26286 - Fundação Universidade Federal do Amapá;144.047.441;174.709.741;190.986.532;146.107.608;124.828.991;124.671.715
2015;26290 - Instituto Nacional de Estudos e Pesquisas Educacionais Anísio Teixeira;1.166.186.192;1.166.186.192;1.420.744.977;1.312.504.932;856.334.845;852.332.818
2015;26291 - Fundação Coordenação de Aperfeiçoamento de Pessoal de Nível Superior;6.268.799.399;6.268.799.399;7.433.665.299;7.768.096.784;7.655.152.149;7.645.074.049
2015;26292 - Fundação Joaquim Nabuco;120.560.913;120.560.913;126.824.240;117.478.651;111.382.251;111.263.161
2015;26294 - Hospital de Clínicas de Porto Alegre;914.531.082;918.793.382;1.019.161.453;1.012.292.614;988.567.750;977.493.348
2015;26298 - Fundo Nacional de Desenvolvimento da Educação;35.548.110.764;36.467.236.078;35.277.637.898;28.519.140.289;21.768.290.382;21.041.914.772
2015;26350 - Fundação Universidade Federal da Grande Dourados;181.891.019;181.891.019;193.997.928;179.333.723;157.477.953;156.018.611
2015;26351 - Universidade Federal do Recôncavo da Bahia;206.523.067;206.623.067;227.102.093;209.000.164;203.687.537;198.619.428
2015;26352 - Fundação Universidade Federal do ABC;244.440.851;244.540.851;264.230.419;242.425.850;211.660.708;202.071.991
2015;26358 - Hospital Universitário Prof. Alberto Antunes;99.794.140;99.794.140;108.943.809;99.981.395;99.442.112;99.442.112
2015;26359 - Complexo Hospitalar e de Saúde da Universidade Federal da Bahia;134.944.530;154.134.530;158.132.970;129.038.386;128.714.812;128.687.964
2015;26362 - Hospital Universitário Walter Cantídio;116.350.272;116.650.272;128.213.398;125.743.313;125.743.313;125.741.780
2015;26363 - Maternidade-Escola Assis Chateaubriand;65.219.130;65.219.130;71.512.346;68.810.054;68.810.054;68.809.681
2015;26364 - Hospital Universitário Cassiano Antônio Morais;103.809.143;104.109.143;112.039.150;109.298.618;108.007.514;107.949.850
2015;26365 - Hospital das Clínicas da Universidade Federal de Goiás;127.236.610;163.786.610;168.385.908;128.540.958;124.440.958;121.963.602
2015;26366 - Hospital Universitário Antonio Pedro;203.692.094;205.692.094;223.553.348;222.715.773;216.595.999;216.551.014
2015;26367 - Hospital Universitário da Universidade Federal de Juiz de Fora;84.010.281;84.010.281;88.872.799;67.355.777;56.968.439;56.771.987
2015;26368 - Hospital das Clínicas da Universidade Federal de Minas Gerais;231.283.928;231.433.928;254.450.824;243.550.006;242.114.138;241.347.502
2015;26369 - Hospital Universitário João de Barros Barreto;74.887.809;74.887.809;83.109.640;81.183.477;81.183.143;81.183.143
2015;26370 - Hospital Universitário Bettina Ferro Souza;11.535.265;11.535.265;14.515.181;13.132.846;13.132.846;13.132.846
2015;26371 - Hospital Universitário Lauro Wanderley;171.911.558;172.811.558;182.153.861;177.708.202;177.437.342;177.309.920
2015;26372 - Hospital de Clínicas da Universidade Federal do Paraná;215.273.523;215.523.523;228.210.143;222.705.005;222.083.925;221.811.794
2015;26373 - Hospital das Clínicas da Universidade Federal de Pernambuco;192.222.386;192.722.386;207.581.248;202.850.746;199.959.819;199.959.819
2015;26374 - Complexo Hospitalar e de Saúde da Universidade Federal do Rio Grande do Norte;135.957.560;136.357.560;137.165.545;125.485.326;125.485.326;125.485.326
2015;26378 - Complexo Hospitalar e de Saúde da Universidade Federal do Rio de Janeiro;464.399.438;470.561.738;511.244.821;506.101.025;503.993.387;503.076.691
2015;26385 - Hospital Universitário da Universidade Federal da Grande Dourados;71.972.617;88.972.617;91.225.048;45.070.993;34.783.034;34.135.909
2015;26386 - Hospital Universitário Prof. Polydoro Ernani de São Thiago;182.922.514;182.922.514;207.456.085;195.138.456;194.457.780;194.456.492
2015;26387 - Hospital Universitário de Santa Maria;159.674.970;159.874.970;168.527.254;164.077.317;164.000.308;164.000.308
2015;26388 - Hospital Universitário Alcides Carneiro;56.364.881;56.364.881;68.996.332;67.258.168;67.258.168;67.258.168
2015;26389 - Hospital de Clínicas da Universidade Federal do Triângulo Mineiro;129.037.254;132.337.254;143.430.468;135.067.804;129.909.259;129.786.321
2015;26391 - Hospital Universitário Gaffree e Guinle;69.496.809;70.996.809;79.149.935;77.066.399;75.886.266;75.643.531
2015;26392 - Hospital Universitário Getúlio Vargas;81.926.021;83.426.021;87.862.370;84.584.663;83.026.280;82.216.203
2015;26393 - Hospital Universitário de Brasília;138.414.511;138.714.511;93.585.483;75.303.708;75.285.486;75.285.486
2015;26394 - Hospital Universitário da Fundação Universidade do Maranhão;81.071.504;81.471.504;80.323.352;75.584.011;75.576.898;75.563.487
2015;26395 - Hospital Universitário Dr. Miguel Riet Corrêa Jr.;57.733.568;57.733.568;64.756.774;61.938.166;61.938.166;61.938.166
2015;26396 - Hospital de Clínicas da Universidade Federal de Uberlândia;238.449.732;241.553.732;268.315.773;261.627.955;253.230.290;250.056.441
2015;26397 - Hospital Júlio Muller;48.511.555;55.511.555;55.403.555;42.454.828;42.059.232;41.939.876
2015;26398 - Hospital das Clínicas da Fundação Universidade Federal de Pelotas;51.669.822;51.669.822;54.436.793;52.884.512;50.423.742;50.178.658
2015;26399 - Hospital Universitário da Fundação Universidade Federal do Piauí;7.489.245;7.489.245;8.716.993;7.028.373;7.028.373;7.028.373
2015;26400 - Hospital Universitário da Fundação Universidade Federal de Sergipe;54.542.590;54.542.590;56.858.590;52.754.374;52.288.431;52.288.431
2015;26401 - Hospital Universitário Maria Pedrossian;87.200.155;87.200.155;92.029.477;86.735.527;86.733.931;86.670.419
2015;26402 - Instituto Federal de Alagoas;271.071.047;311.071.047;375.822.394;315.896.233;294.754.138;283.166.714
2015;26403 - Instituto Federal do Amazonas;252.535.478;253.335.478;311.907.903;283.603.284;256.277.992;252.658.540
2015;26404 - Instituto Federal Baiano;213.701.778;214.101.778;243.242.746;222.909.291;198.758.275;189.272.164
2015;26405 - Instituto Federal do Ceará;409.374.633;420.674.633;523.978.408;484.940.264;449.453.606;441.961.688
2015;26406 - Instituto Federal do Espírito Santo;434.472.124;451.472.124;534.146.182;510.735.880;491.912.283;481.505.645
2015;26407 - Instituto Federal Goiano;211.460.964;216.960.964;267.794.431;243.050.963;214.669.132;206.808.607
2015;26408 - Instituto Federal do Maranhão;394.555.101;395.555.101;453.535.948;413.372.744;388.878.784;375.604.673
2015;26409 - Instituto Federal de Minas Gerais;271.498.705;271.498.705;319.678.404;292.893.713;261.007.340;257.483.372
2015;26410 - Instituto Federal do Norte de Minas Gerais;190.259.645;234.771.645;253.052.146;188.080.843;166.146.093;160.110.429
2015;26411 - Instituto Federal do Sudeste de Minas Gerais;213.786.124;214.786.124;248.713.948;228.950.994;210.786.879;206.130.196
2015;26412 - Instituto Federal do Sul de Minas Gerais;221.195.652;221.495.652;255.697.705;229.761.814;205.236.843;197.945.490
2015;26413 - Instituto Federal do Triângulo Mineiro;197.699.300;197.699.300;205.486.186;183.410.995;167.398.931;164.009.169
2015;26414 - Instituto Federal do Mato Grosso;303.318.640;303.580.940;360.915.146;329.651.674;289.517.083;281.225.089
2015;26415 - Instituto Federal do Mato Grosso do Sul;88.011.841;88.011.841;112.038.236;100.602.955;90.275.078;88.976.316
2015;26416 - Instituto Federal do Pará;274.014.372;274.014.372;312.269.716;287.269.051;255.521.873;251.158.695
2015;26417 - Instituto Federal da Paraíba;362.251.559;363.751.559;442.824.813;403.357.222;372.447.662;367.854.592
2015;26418 - Instituto Federal de Pernambuco;373.334.489;374.134.489;444.148.854;422.881.603;396.482.132;385.202.692
2015;26419 - Instituto Federal do Rio Grande do Sul;300.049.997;300.249.997;329.118.764;305.014.548;285.031.889;278.119.558
2015;26420 - Instituto Federal Farroupilha;183.987.934;183.987.934;236.101.140;218.059.631;201.788.617;195.999.115
2015;26421 - Instituto Federal de Rondônia;139.917.194;156.417.194;173.544.983;138.211.141;123.034.994;117.556.345
2015;26422 - Instituto Federal Catarinense;243.142.024;243.392.024;283.593.937;260.065.103;239.068.635;230.205.778
2015;26423 - Instituto Federal de Sergipe;202.913.371;202.913.371;242.854.926;213.706.336;188.779.913;181.160.172
2015;26424 - Instituto Federal do Tocantins;170.433.983;170.433.983;205.844.229;186.775.337;160.478.254;153.741.485
2015;26425 - Instituto Federal do Acre;75.636.195;87.736.195;96.744.356;80.531.298;69.214.611;67.793.456
2015;26426 - Instituto Federal do Amapá;53.620.705;65.620.705;75.503.104;54.371.379;46.795.153;45.754.163
2015;26427 - Instituto Federal da Bahia;460.098.415;462.398.415;488.264.250;449.785.466;416.724.837;405.862.805
2015;26428 - Instituto Federal de Brasília;152.920.210;159.920.210;176.122.554;149.445.672;128.128.557;126.629.357
2015;26429 - Instituto Federal de Goiás;306.010.811;306.510.811;351.376.188;335.913.494;323.682.116;317.781.824
2015;26430 - Instituto Federal do Sertão Pernambucano;132.320.910;132.320.910;145.235.394;130.059.546;119.601.717;116.408.445
2015;26431 - Instituto Federal do Piauí;248.449.974;257.749.974;337.514.272;301.865.721;281.218.244;272.895.118
2015;26432 - Instituto Federal do Paraná;210.149.157;210.149.157;277.116.773;253.198.401;232.867.951;224.755.726
2015;26433 - Instituto Federal do Rio de Janeiro;266.560.077;270.260.077;323.513.785;292.213.571;268.491.983;261.729.243
2015;26434 - Instituto Federal Fluminense;281.319.830;287.119.830;356.062.247;326.761.316;307.030.834;300.412.796
2015;26435 - Instituto Federal do Rio Grande do Norte;387.247.775;408.891.545;511.774.967;467.262.335;427.567.397;420.901.428
2015;26436 - Instituto Federal Sul-rio-grandense;306.659.465;306.659.465;357.482.997;338.752.212;321.717.084;317.645.021
2015;26437 - Instituto Federal de Roraima;102.240.311;103.940.311;113.155.551;104.005.399;91.091.410;90.555.731
2015;26438 - Instituto Federal de Santa Catarina;379.778.890;392.278.890;448.867.003;405.685.238;379.944.162;371.746.602
2015;26439 - Instituto Federal de São Paulo;452.002.177;472.072.177;629.612.135;586.420.074;532.287.552;523.327.906
2015;26440 - Universidade Federal da Fronteira Sul;235.664.153;242.914.153;254.267.919;207.042.298;186.438.386;179.141.005
2015;26441 - Universidade Federal do Oeste do Pará;179.239.023;179.239.023;170.546.662;144.218.797;125.310.185;122.003.043
2015;26442 - Universidade da Integração Internacional da Lusofonia Afro-Brasileira;123.501.254;123.501.254;135.728.411;101.878.802;82.676.566;80.868.483
2015;26443 - Empresa Brasileira de Serviços Hospitalares;1.921.186.033;1.921.186.033;2.284.875.196;2.180.651.122;1.973.670.462;1.950.791.878
2015;26444 - Maternidade Victor Ferreira do Amaral;2.924.897;2.924.897;4.114.897;2.058.957;2.058.957;2.058.957
2015;26445 - Hospital Universitário da UNIFESP;192.001.046;196.901.046;265.090.021;258.156.007;257.832.797;256.734.346
2015;26447 - Universidade Federal do Oeste da Bahia;92.265.319;92.265.319;80.777.653;63.045.924;52.704.724;52.591.344
2015;26448 - Universidade Federal do Sul e Sudeste do Pará;89.164.101;92.783.801;96.887.783;78.313.100;66.108.312;63.704.445
2015;26449 - Universidade Federal do Cariri;71.663.269;71.663.269;91.488.808;72.878.124;59.792.713;59.425.772
2015;26450 - Universidade Federal do Sul da Bahia;61.720.660;62.520.660;67.757.029;56.791.909;49.089.168;48.438.719
2015;26451 - Hospital Universitário da Universidade Federal do Vale do São Francisco;1.223.282;1.223.282;3.432.282;1.000.000;986.292;986.292
2016;26101 - Ministério da Educação - Administração Direta;2.564.426.819;2.564.012.122;2.431.066.277;2.069.940.979;1.540.096.794;1.516.691.966
2016;26104 - Instituto Nacional de Educação de Surdos;127.460.394;126.230.088;143.016.554;133.418.580;118.756.278;118.756.213
2016;26105 - Instituto Benjamin Constant;81.075.034;80.299.293;84.672.337;83.224.138;77.169.439;76.900.701
2016;26201 - Colégio Pedro II;556.749.183;551.929.108;608.573.880;601.781.642;577.101.476;576.396.600
2016;26230 - Fundação Universidade Federal do Vale do São Francisco;150.998.152;150.289.912;171.775.497;168.007.287;150.566.326;150.477.054
2016;26231 - Universidade Federal de Alagoas;688.237.485;685.277.169;747.386.349;717.801.161;694.458.621;693.234.977
2016;26232 - Universidade Federal da Bahia;1.302.707.144;1.289.568.659;1.389.318.766;1.359.248.523;1.328.008.613;1.324.209.378
2016;26233 - Universidade Federal do Ceará;1.318.422.550;1.359.628.724;1.468.910.810;1.392.589.771;1.338.615.950;1.338.567.800
2016;26234 - Universidade Federal do Espírito Santo;799.983.878;791.184.511;855.412.713;836.005.726;816.955.716;815.601.196
2016;26235 - Universidade Federal de Goiás;1.033.148.684;1.019.444.218;1.112.852.831;1.106.729.092;1.081.674.999;1.078.799.929
2016;26236 - Universidade Federal Fluminense;1.663.704.469;1.639.538.576;1.768.304.120;1.738.756.339;1.725.029.992;1.676.409.558
2016;26237 - Universidade Federal de Juiz de Fora;810.958.968;802.167.607;856.062.943;831.048.714;756.512.696;755.581.865
2016;26238 - Universidade Federal de Minas Gerais;1.727.141.104;1.706.357.466;1.833.268.508;1.796.957.806;1.762.308.198;1.751.739.772
2016;26239 - Universidade Federal do Pará;1.094.321.124;1.077.113.013;1.195.551.983;1.167.532.720;1.140.715.988;1.138.558.163
2016;26240 - Universidade Federal da Paraíba;1.347.127.701;1.320.150.611;1.436.474.133;1.402.879.210;1.355.711.569;1.355.224.073
2016;26241 - Universidade Federal do Paraná;1.276.873.031;1.262.344.183;1.367.995.795;1.344.197.636;1.311.027.009;1.304.562.331
2016;26242 - Universidade Federal de Pernambuco;1.318.439.871;1.296.826.928;1.395.761.965;1.382.326.441;1.325.711.124;1.323.820.677
2016;26243 - Universidade Federal do Rio Grande do Norte;1.533.766.016;1.528.928.692;1.647.379.965;1.610.745.631;1.535.645.738;1.532.854.528
2016;26244 - Universidade Federal do Rio Grande do Sul;1.619.982.392;1.594.097.387;1.709.860.791;1.691.326.504;1.680.889.993;1.678.379.112
2016;26245 - Universidade Federal do Rio de Janeiro;2.848.684.659;2.812.211.251;3.107.602.383;3.010.404.180;2.982.282.718;2.975.672.015
2016;26246 - Universidade Federal de Santa Catarina;1.254.163.702;1.239.355.324;1.350.197.922;1.337.539.420;1.285.535.699;1.282.024.846
2016;26247 - Universidade Federal de Santa Maria;997.134.239;982.653.588;1.073.702.371;1.046.485.016;1.018.071.543;1.016.922.133
2016;26248 - Universidade Federal Rural de Pernambuco;538.756.509;529.957.703;597.668.872;595.138.307;562.974.274;561.582.642
2016;26249 - Universidade Federal Rural do Rio de Janeiro;558.999.592;553.258.244;614.299.839;601.004.611;573.740.017;572.292.673
2016;26250 - Fundação Universidade Federal de Roraima;186.167.834;193.030.906;225.362.715;203.775.042;184.508.919;184.189.524
2016;26251 - Fundação Universidade Federal do Tocantins;309.336.104;316.481.200;347.771.089;338.168.845;287.187.559;284.619.031
2016;26252 - Universidade Federal de Campina Grande;591.017.223;597.565.033;652.671.654;614.460.996;584.309.386;583.357.793
2016;26253 - Universidade Federal Rural da Amazônia;173.001.327;170.198.574;184.940.845;181.381.209;174.608.430;173.956.730
2016;26254 - Universidade Federal do Triângulo Mineiro;282.184.879;279.156.972;304.991.723;294.564.312;278.743.125;278.629.469
2016;26255 - Universidade Federal dos Vales do Jequitinhonha e Mucuri;219.873.257;216.955.931;243.651.552;233.425.010;220.934.806;220.681.557
2016;26256 - Centro Federal de Educação Tecnológica Celso Suckow da Fonseca;324.241.469;321.044.301;374.249.094;364.626.468;346.101.869;345.632.301
2016;26257 - Centro Federal de Educação Tecnológica de Minas Gerais;385.218.174;381.024.756;417.740.903;409.337.338;398.613.217;397.523.373
2016;26258 - Universidade Tecnológica Federal do Paraná;798.122.162;791.787.836;890.368.999;872.189.313;813.829.866;811.921.342
2016;26260 - Universidade Federal de Alfenas;188.777.539;186.641.623;209.071.138;200.398.401;191.328.045;190.270.320
2016;26261 - Universidade Federal de Itajubá;190.673.069;188.143.590;205.766.934;199.920.466;189.739.326;189.236.239
2016;26262 - Universidade Federal de São Paulo;838.112.808;835.364.602;893.008.898;875.073.834;850.669.570;850.049.717
2016;26263 - Universidade Federal de Lavras;316.587.408;310.764.592;342.150.852;339.384.181;307.288.260;307.277.493
2016;26264 - Universidade Federal Rural do Semi-Árido;256.657.888;262.454.895;290.528.357;281.794.052;251.459.904;251.344.891
2016;26266 - Fundação Universidade Federal do Pampa;256.182.006;252.895.766;286.408.811;277.957.136;252.155.618;251.932.384
2016;26267 - Universidade Federal da Integração Latino Americana;157.048.037;155.959.881;171.911.938;151.623.539;127.956.970;127.047.500
2016;26268 - Fundação Universidade Federal de Rondônia;246.649.334;262.331.690;285.811.685;255.309.786;231.618.282;231.358.469
2016;26269 - Fundação Universidade do Rio de Janeiro;343.070.803;341.983.058;376.541.214;368.115.030;361.892.642;361.173.093
2016;26270 - Fundação Universidade do Amazonas;591.175.230;584.461.391;626.411.767;612.180.014;566.149.380;565.169.079
2016;26271 - Fundação Universidade de Brasília;1.658.425.308;1.654.370.629;1.762.232.642;1.659.542.124;1.526.322.465;1.524.972.619
2016;26272 - Fundação Universidade Federal do Maranhão;620.981.872;620.919.880;686.088.900;663.622.351;636.042.591;632.901.489
2016;26273 - Fundação Universidade Federal do Rio Grande;415.539.571;409.546.382;446.058.178;440.776.148;428.901.837;428.362.389
2016;26274 - Universidade Federal de Uberlândia;878.596.891;864.376.903;961.160.891;948.023.229;926.730.577;918.819.778
2016;26275 - Fundação Universidade Federal do Acre;294.224.554;297.090.301;327.276.057;309.116.561;280.691.361;280.341.875
2016;26276 - Fundação Universidade Federal de Mato Grosso;765.548.241;752.241.547;853.082.849;851.093.730;821.982.076;820.380.344
2016;26277 - Fundação Universidade Federal de Ouro Preto;368.263.662;362.708.704;395.999.383;384.516.264;370.383.228;369.912.713
2016;26278 - Fundação Universidade Federal de Pelotas;633.499.453;624.591.816;674.208.242;665.973.955;655.837.419;655.408.865
2016;26279 - Fundação Universidade Federal do Piauí;755.938.242;757.699.131;830.070.883;799.861.082;745.283.050;743.718.222
2016;26280 - Fundação Universidade Federal de São Carlos;522.663.965;520.984.582;571.982.789;547.496.286;536.151.892;534.799.113
2016;26281 - Fundação Universidade Federal de Sergipe;568.423.026;579.517.093;628.475.419;616.301.274;565.268.680;564.038.754
2016;26282 - Fundação Universidade Federal de Viçosa;785.547.227;770.860.647;834.212.677;823.694.381;803.043.849;801.982.815
2016;26283 - Fundação Universidade Federal de Mato Grosso do Sul;606.459.630;607.820.138;753.763.620;727.462.176;698.871.930;698.864.529
2016;26284 - Fundação Universidade Federal de Ciências da Saúde de Porto Alegre;121.761.988;120.169.538;129.935.352;115.433.668;103.354.823;103.299.326
2016;26285 - Fundação Universidade Federal de São João del-Rei;267.183.284;287.955.034;310.645.769;283.622.336;261.559.961;261.481.836
2016;26286 - Fundação Universidade Federal do Amapá;161.455.347;268.717.393;291.358.375;286.521.039;150.249.462;147.057.250
2016;26290 - Instituto Nacional de Estudos e Pesquisas Educacionais Anísio Teixeira;1.339.595.505;1.338.368.228;1.449.611.996;1.378.716.094;911.080.319;910.874.865
2016;26291 - Fundação Coordenação de Aperfeiçoamento de Pessoal de Nível Superior;5.300.058.136;5.291.301.706;5.904.999.740;5.707.123.862;5.063.819.168;5.058.735.961
2016;26292 - Fundação Joaquim Nabuco;124.855.263;122.569.993;128.127.221;119.953.281;114.876.245;114.743.225
2016;26294 - Hospital de Clínicas de Porto Alegre;1.040.505.716;1.040.505.716;1.090.184.191;1.084.381.460;1.081.357.577;1.074.162.108
2016;26298 - Fundo Nacional de Desenvolvimento da Educação;26.132.169.138;29.420.627.130;28.660.766.246;25.470.653.985;21.085.998.762;21.061.971.988
2016;26350 - Fundação Universidade Federal da Grande Dourados;189.583.646;188.067.317;212.967.678;205.650.454;173.131.846;172.271.212
2016;26351 - Universidade Federal do Recôncavo da Bahia;221.384.205;218.524.283;262.640.014;249.083.383;234.972.213;234.441.657
2016;26352 - Fundação Universidade Federal do ABC;249.380.563;248.902.517;274.798.041;273.387.365;228.597.934;228.082.751
2016;26358 - Hospital Universitário Prof. Alberto Antunes;103.473.075;100.962.626;109.656.797;101.438.309;101.411.537;101.357.357
2016;26359 - Complexo Hospitalar e de Saúde da Universidade Federal da Bahia;137.854.225;134.435.736;136.877.995;132.268.596;130.611.526;130.354.264
2016;26362 - Hospital Universitário Walter Cantídio;128.248.745;124.874.914;135.249.708;132.567.165;132.555.256;132.555.256
2016;26363 - Maternidade-Escola Assis Chateaubriand;72.282.298;70.852.727;73.677.013;68.385.233;68.377.426;68.377.426
2016;26364 - Hospital Universitário Cassiano Antônio Morais;102.646.469;116.833.030;132.520.142;111.564.501;110.870.428;110.036.881
2016;26365 - Hospital das Clínicas da Universidade Federal de Goiás;129.784.193;217.970.690;220.642.215;217.411.958;118.151.186;117.643.694
2016;26366 - Hospital Universitário Antonio Pedro;226.594.952;221.059.131;230.428.125;220.743.550;219.975.233;219.124.751
2016;26367 - Hospital Universitário da Universidade Federal de Juiz de Fora;72.463.805;71.226.080;72.121.597;70.098.306;54.108.596;54.029.079
2016;26368 - Hospital das Clínicas da Universidade Federal de Minas Gerais;255.525.711;252.348.129;259.362.602;253.697.283;251.949.685;251.925.979
2016;26369 - Hospital Universitário João de Barros Barreto;83.922.277;81.780.237;90.768.033;87.334.773;87.316.317;87.316.317
2016;26370 - Hospital Universitário Bettina Ferro Souza;13.527.251;13.029.177;15.305.975;14.015.782;14.015.782;14.015.782
2016;26371 - Hospital Universitário Lauro Wanderley;183.080.850;177.979.096;184.487.795;180.800.882;180.800.882;180.800.882
2016;26372 - Hospital de Clínicas da Universidade Federal do Paraná;226.956.302;222.614.763;228.848.484;222.949.525;222.936.426;222.912.086
2016;26373 - Hospital das Clínicas da Universidade Federal de Pernambuco;211.149.545;207.140.760;218.466.328;214.582.202;212.467.849;212.148.410
2016;26374 - Complexo Hospitalar e de Saúde da Universidade Federal do Rio Grande do Norte;134.095.555;138.945.244;141.221.013;128.032.364;127.411.681;127.314.578
2016;26378 - Complexo Hospitalar e de Saúde da Universidade Federal do Rio de Janeiro;509.341.735;537.400.701;589.420.887;564.640.857;552.867.688;548.179.748
2016;26385 - Hospital Universitário da Universidade Federal da Grande Dourados;67.735.975;84.298.857;83.060.461;50.916.458;39.784.010;34.438.981
2016;26386 - Hospital Universitário Prof. Polydoro Ernani de São Thiago;202.655.328;199.082.386;213.264.494;205.160.088;204.728.126;204.728.126
2016;26387 - Hospital Universitário de Santa Maria;172.030.271;168.107.300;180.508.314;176.217.857;176.045.140;176.045.140
2016;26388 - Hospital Universitário Alcides Carneiro;70.188.383;68.946.308;74.233.632;72.116.548;72.116.548;72.116.548
2016;26389 - Hospital de Clínicas da Universidade Federal do Triângulo Mineiro;138.449.843;137.926.441;141.268.838;135.278.458;133.489.713;132.442.953
2016;26391 - Hospital Universitário Gaffree e Guinle;75.254.844;74.905.619;99.127.285;97.599.335;97.233.930;97.176.905
2016;26392 - Hospital Universitário Getúlio Vargas;87.870.392;86.599.525;91.461.917;85.178.545;81.332.027;81.332.027
2016;26393 - Hospital Universitário de Brasília;79.918.224;79.656.148;80.320.235;78.445.658;77.442.158;77.121.846
2016;26394 - Hospital Universitário da Fundação Universidade do Maranhão;82.352.531;81.306.149;77.466.130;76.535.285;73.804.421;73.793.740
2016;26395 - Hospital Universitário Dr. Miguel Riet Corrêa Jr.;64.504.140;63.547.051;65.014.580;62.111.094;62.111.094;62.111.094
2016;26396 - Hospital de Clínicas da Universidade Federal de Uberlândia;258.342.675;262.423.832;286.409.483;278.216.131;267.826.164;267.638.687
2016;26397 - Hospital Júlio Muller;51.773.250;50.629.189;49.918.849;45.037.289;43.112.150;43.112.150
2016;26398 - Hospital das Clínicas da Fundação Universidade Federal de Pelotas;50.829.747;50.185.768;52.017.971;50.982.700;47.012.730;46.930.469
2016;26399 - Hospital Universitário da Fundação Universidade Federal do Piauí;8.065.897;8.131.076;8.437.057;5.715.719;5.515.987;5.515.987
2016;26400 - Hospital Universitário da Fundação Universidade Federal de Sergipe;55.406.399;54.695.523;57.431.804;56.368.367;56.361.409;56.361.409
2016;26401 - Hospital Universitário Maria Pedrossian;95.544.973;95.141.747;6.422.829;2.066.141;1.175.898;66.200
2016;26402 - Instituto Federal de Alagoas;304.528.229;301.170.422;346.202.209;338.295.073;316.803.463;316.602.375
2016;26403 - Instituto Federal do Amazonas;262.847.929;261.733.122;317.827.256;307.449.857;286.211.709;285.351.892
2016;26404 - Instituto Federal Baiano;207.956.179;207.391.030;238.705.020;233.425.958;217.442.930;216.556.021
2016;26405 - Instituto Federal do Ceará;464.349.882;489.166.737;571.174.129;532.693.496;511.597.229;509.689.056
2016;26406 - Instituto Federal do Espírito Santo;467.134.270;464.313.058;548.515.226;546.133.190;534.973.936;533.188.354
2016;26407 - Instituto Federal Goiano;228.326.103;226.375.189;271.039.318;265.501.888;245.309.265;242.472.056
2016;26408 - Instituto Federal do Maranhão;380.437.850;386.387.407;491.199.028;479.346.699;458.116.262;456.780.368
2016;26409 - Instituto Federal de Minas Gerais;286.338.315;283.595.548;329.195.411;323.054.091;295.314.017;295.197.671
2016;26410 - Instituto Federal do Norte de Minas Gerais;186.550.836;186.798.893;223.800.928;216.419.891;200.634.072;199.807.867
2016;26411 - Instituto Federal do Sudeste de Minas Gerais;223.119.202;221.073.168;257.423.862;254.364.306;238.258.903;237.971.746
2016;26412 - Instituto Federal do Sul de Minas Gerais;215.854.796;214.282.454;244.557.996;240.199.223;221.977.620;220.948.958
2016;26413 - Instituto Federal do Triângulo Mineiro;178.874.691;176.865.765;208.227.453;205.994.119;195.434.916;194.685.768
2016;26414 - Instituto Federal do Mato Grosso;332.300.443;328.694.137;395.180.827;382.851.564;355.980.723;354.653.583
2016;26415 - Instituto Federal do Mato Grosso do Sul;96.259.443;95.543.557;128.812.814;124.800.958;116.366.336;115.557.386
2016;26416 - Instituto Federal do Pará;273.780.053;270.490.261;326.977.486;322.219.082;303.247.550;302.465.289
2016;26417 - Instituto Federal da Paraíba;384.081.361;389.564.757;463.940.566;441.694.907;420.074.837;417.329.295
2016;26418 - Instituto Federal de Pernambuco;411.965.653;407.187.945;465.863.058;452.160.687;425.374.718;423.680.307
2016;26419 - Instituto Federal do Rio Grande do Sul;287.681.912;285.012.084;342.630.610;338.794.445;321.663.780;320.921.292
2016;26420 - Instituto Federal Farroupilha;204.421.529;207.874.159;253.767.604;251.916.599;234.076.492;233.822.671
2016;26421 - Instituto Federal de Rondônia;125.818.332;130.687.442;168.890.277;161.602.075;152.561.880;151.872.729
2016;26422 - Instituto Federal Catarinense;256.645.148;254.983.810;301.916.953;292.015.887;272.690.735;270.761.349
2016;26423 - Instituto Federal de Sergipe;218.218.076;223.924.276;242.467.332;232.588.519;211.196.442;210.215.942
2016;26424 - Instituto Federal do Tocantins;182.851.761;181.447.120;207.826.568;202.909.604;184.658.905;183.998.212
2016;26425 - Instituto Federal do Acre;69.801.276;75.801.362;99.557.846;89.940.012;79.107.286;78.141.111
2016;26426 - Instituto Federal do Amapá;51.883.277;55.781.739;72.109.234;68.222.274;62.807.773;61.614.295
2016;26427 - Instituto Federal da Bahia;462.140.438;456.737.772;506.830.444;497.284.836;457.180.803;454.900.006
2016;26428 - Instituto Federal de Brasília;154.447.501;161.279.273;168.501.025;155.672.053;147.743.907;146.430.797
2016;26429 - Instituto Federal de Goiás;341.112.258;337.356.224;384.585.497;378.422.503;368.181.040;367.380.905
2016;26430 - Instituto Federal do Sertão Pernambucano;129.944.622;129.792.697;154.980.606;149.262.700;139.223.905;138.513.819
2016;26431 - Instituto Federal do Piauí;305.380.711;302.844.599;361.735.230;347.254.253;332.852.033;329.475.932
2016;26432 - Instituto Federal do Paraná;260.134.357;259.366.481;317.755.709;311.220.681;284.253.839;280.129.352
2016;26433 - Instituto Federal do Rio de Janeiro;277.479.206;275.592.436;352.088.076;344.410.160;328.617.291;325.492.719
2016;26434 - Instituto Federal Fluminense;313.123.996;310.624.901;361.222.516;357.112.806;343.822.702;341.267.640
2016;26435 - Instituto Federal do Rio Grande do Norte;455.578.566;459.153.038;536.532.051;516.354.910;481.406.040;479.771.654
2016;26436 - Instituto Federal Sul-rio-grandense;336.462.090;332.291.431;375.894.198;369.538.488;354.144.142;353.659.275
2016;26437 - Instituto Federal de Roraima;103.540.777;127.842.958;143.914.195;116.385.703;103.948.259;103.607.085
2016;26438 - Instituto Federal de Santa Catarina;458.541.277;456.676.719;522.300.663;510.439.524;481.082.571;480.176.667
2016;26439 - Instituto Federal de São Paulo;553.578.281;559.706.064;731.584.447;704.129.445;679.266.516;678.658.744
2016;26440 - Universidade Federal da Fronteira Sul;223.811.225;225.874.538;252.921.886;225.176.460;194.316.533;186.730.000
2016;26441 - Universidade Federal do Oeste do Pará;176.540.719;175.914.106;187.134.195;166.353.987;136.766.853;136.728.853
2016;26442 - Universidade da Integração Internacional da Lusofonia Afro-Brasileira;105.446.949;103.314.551;124.054.911;110.846.774;105.733.714;105.315.832
2016;26443 - Empresa Brasileira de Serviços Hospitalares;2.990.203.896;2.990.187.418;3.220.400.359;3.175.263.751;2.856.503.559;2.800.411.267
2016;26444 - Maternidade Victor Ferreira do Amaral;5.465.727;5.437.637;5.672.637;2.434.819;2.434.819;2.434.819
2016;26445 - Hospital Universitário da UNIFESP;260.433.846;258.519.516;279.382.244;276.120.767;274.253.806;273.163.592
2016;26447 - Universidade Federal do Oeste da Bahia;70.287.498;70.243.974;84.944.030;80.371.842;72.449.289;72.298.763
2016;26448 - Universidade Federal do Sul e Sudeste do Pará;82.013.115;83.959.291;103.573.979;97.046.804;84.182.051;83.855.442
2016;26449 - Universidade Federal do Cariri;85.175.768;84.435.076;94.621.302;86.558.563;73.833.057;73.790.982
2016;26450 - Universidade Federal do Sul da Bahia;57.006.803;57.203.637;73.652.625;72.298.377;64.353.916;63.950.640
2016;26451 - Hospital Universitário da Universidade Federal do Vale do São Francisco;3.859.660;3.841.419;3.441.419;0;0;0
2017;26101 - Ministério da Educação - Administração Direta;4.278.159.479;3.085.279.479;3.182.861.275;2.408.984.362;1.757.710.147;1.717.980.176
2017;26104 - Instituto Nacional de Educação de Surdos;137.770.489;137.770.489;149.829.715;139.151.724;130.186.294;130.186.294
2017;26105 - Instituto Benjamin Constant;86.636.112;86.636.112;99.263.482;94.716.345;90.199.902;90.134.273
2017;26201 - Colégio Pedro II;637.064.648;638.155.128;669.009.588;659.755.927;636.421.453;584.313.815
2017;26230 - Fundação Universidade Federal do Vale do São Francisco;173.483.761;179.388.693;192.405.968;187.313.940;172.944.389;172.440.048
2017;26231 - Universidade Federal de Alagoas;757.240.537;758.340.537;797.956.080;785.921.329;762.422.838;758.121.799
2017;26232 - Universidade Federal da Bahia;1.422.603.099;1.437.957.173;1.507.254.319;1.491.629.445;1.463.672.024;1.463.014.772
2017;26233 - Universidade Federal do Ceará;1.342.839.385;1.374.808.921;1.365.517.392;1.324.305.710;1.290.599.865;1.288.612.348
2017;26234 - Universidade Federal do Espírito Santo;865.497.467;867.777.467;924.224.308;903.066.601;893.630.951;892.172.394
2017;26235 - Universidade Federal de Goiás;1.141.803.073;1.143.003.073;1.219.394.763;1.211.368.122;1.195.526.303;1.191.086.577
2017;26236 - Universidade Federal Fluminense;1.838.521.068;1.846.103.332;1.941.964.210;1.919.441.462;1.893.701.932;1.889.424.312
2017;26237 - Universidade Federal de Juiz de Fora;928.961.261;931.721.261;993.572.431;951.687.867;828.242.776;820.993.650
2017;26238 - Universidade Federal de Minas Gerais;1.931.573.993;1.940.407.320;2.039.376.015;2.006.502.592;1.959.402.058;1.954.089.098
2017;26239 - Universidade Federal do Pará;1.204.538.474;1.206.988.474;1.316.472.192;1.307.741.593;1.268.238.931;1.264.192.472
2017;26240 - Universidade Federal da Paraíba;1.492.738.427;1.493.198.195;1.584.677.856;1.550.102.246;1.509.209.026;1.506.486.227
2017;26241 - Universidade Federal do Paraná;1.424.514.409;1.430.364.409;1.511.863.947;1.480.577.192;1.446.967.146;1.446.093.574
2017;26242 - Universidade Federal de Pernambuco;1.453.321.377;1.454.621.377;1.514.370.745;1.497.844.568;1.440.589.594;1.426.135.279
2017;26243 - Universidade Federal do Rio Grande do Norte;1.494.043.368;1.513.401.331;1.587.655.874;1.548.561.836;1.485.192.478;1.482.182.638
2017;26244 - Universidade Federal do Rio Grande do Sul;1.848.802.572;1.849.762.572;1.909.239.986;1.891.443.580;1.872.619.124;1.868.262.630
2017;26245 - Universidade Federal do Rio de Janeiro;3.134.744.471;3.150.644.007;3.215.598.496;3.187.717.620;3.162.906.031;3.136.601.023
2017;26246 - Universidade Federal de Santa Catarina;1.399.981.698;1.409.991.698;1.487.867.364;1.459.502.613;1.418.289.580;1.416.898.442
2017;26247 - Universidade Federal de Santa Maria;1.097.680.814;1.097.939.814;1.169.173.562;1.166.473.106;1.135.822.485;1.135.403.162
2017;26248 - Universidade Federal Rural de Pernambuco;601.233.131;601.233.131;634.169.886;628.139.678;596.568.353;595.139.782
2017;26249 - Universidade Federal Rural do Rio de Janeiro;625.594.248;631.294.248;664.858.448;646.702.169;630.302.026;629.108.872
2017;26250 - Fundação Universidade Federal de Roraima;200.808.009;201.508.009;218.267.837;212.251.711;194.195.072;194.068.346
2017;26251 - Fundação Universidade Federal do Tocantins;330.097.133;357.135.676;379.728.618;355.895.509;314.103.010;314.064.081
2017;26252 - Universidade Federal de Campina Grande;646.915.851;653.065.851;690.694.804;660.773.736;636.513.909;635.553.013
2017;26253 - Universidade Federal Rural da Amazônia;186.769.349;187.869.349;212.208.997;210.718.510;205.942.731;205.442.667
2017;26254 - Universidade Federal do Triângulo Mineiro;312.262.558;313.262.558;344.084.369;336.123.402;323.118.307;322.998.625
2017;26255 - Universidade Federal dos Vales do Jequitinhonha e Mucuri;236.468.378;241.118.378;258.546.817;247.132.341;237.520.801;237.519.790
2017;26256 - Centro Federal de Educação Tecnológica Celso Suckow da Fonseca;372.407.992;372.407.992;408.961.683;401.512.563;385.856.863;377.917.986
2017;26257 - Centro Federal de Educação Tecnológica de Minas Gerais;434.462.294;434.862.294;468.647.936;461.687.473;446.411.562;431.286.446
2017;26258 - Universidade Tecnológica Federal do Paraná;885.271.894;887.374.894;957.170.134;952.435.098;894.888.849;894.686.401
2017;26260 - Universidade Federal de Alfenas;204.766.635;204.766.635;217.015.162;214.268.647;208.265.647;208.076.326
2017;26261 - Universidade Federal de Itajubá;209.554.500;209.554.500;218.842.357;216.009.601;206.113.750;205.564.331
2017;26262 - Universidade Federal de São Paulo;917.439.580;926.889.580;998.186.859;977.004.934;949.810.590;948.235.810
2017;26263 - Universidade Federal de Lavras;341.920.550;352.670.550;371.187.225;367.135.949;337.416.255;337.093.318
2017;26264 - Universidade Federal Rural do Semi-Árido;263.412.857;274.154.339;289.022.527;278.547.171;263.245.124;262.504.500
2017;26266 - Fundação Universidade Federal do Pampa;284.358.278;284.358.278;312.874.166;311.196.438;286.338.660;286.304.549
2017;26267 - Universidade Federal da Integração Latino Americana;154.436.445;154.436.445;167.106.231;156.697.324;139.770.433;139.711.681
2017;26268 - Fundação Universidade Federal de Rondônia;267.867.585;274.761.871;286.688.414;274.870.226;259.540.318;259.050.606
2017;26269 - Fundação Universidade do Rio de Janeiro;371.773.967;372.673.967;417.698.337;414.522.647;402.062.669;399.590.026
2017;26270 - Fundação Universidade do Amazonas;644.662.300;645.212.300;685.414.815;653.233.846;630.936.927;625.664.562
2017;26271 - Fundação Universidade de Brasília;1.662.195.015;1.667.645.015;1.760.030.168;1.707.860.855;1.643.206.704;1.641.653.339
2017;26272 - Fundação Universidade Federal do Maranhão;686.729.907;693.729.907;721.229.805;714.413.155;695.697.318;694.169.465
2017;26273 - Fundação Universidade Federal do Rio Grande;462.688.989;463.498.759;483.770.579;477.307.671;464.647.627;464.505.073
2017;26274 - Universidade Federal de Uberlândia;973.423.976;973.673.976;1.024.260.797;1.022.409.742;1.002.967.696;1.000.760.659
2017;26275 - Fundação Universidade Federal do Acre;317.118.598;319.118.598;335.138.034;327.499.075;306.325.166;305.397.375
2017;26276 - Fundação Universidade Federal de Mato Grosso;843.516.947;846.763.646;965.936.549;946.722.304;938.567.857;938.290.089
2017;26277 - Fundação Universidade Federal de Ouro Preto;399.462.446;400.262.446;421.971.019;418.662.877;407.253.538;407.253.538
2017;26278 - Fundação Universidade Federal de Pelotas;692.803.621;692.803.621;729.735.400;710.364.248;701.103.316;699.395.251
2017;26279 - Fundação Universidade Federal do Piauí;756.481.511;775.812.633;813.283.477;798.575.361;761.187.112;759.000.491
2017;26280 - Fundação Universidade Federal de São Carlos;584.646.975;585.646.975;620.814.197;613.714.198;605.845.103;604.307.023
2017;26281 - Fundação Universidade Federal de Sergipe;641.888.781;663.118.781;697.192.820;672.568.314;625.949.246;620.916.236
2017;26282 - Fundação Universidade Federal de Viçosa;857.991.716;858.241.716;890.704.321;888.899.427;871.695.793;870.827.548
2017;26283 - Fundação Universidade Federal de Mato Grosso do Sul;677.595.474;678.595.474;805.705.288;793.966.286;765.608.341;765.257.333
2017;26284 - Fundação Universidade Federal de Ciências da Saúde de Porto Alegre;131.440.026;131.440.026;138.813.068;128.602.331;111.536.615;111.495.010
2017;26285 - Fundação Universidade Federal de São João del-Rei;297.202.490;303.502.490;320.330.778;310.189.436;286.436.273;286.010.243
2017;26286 - Fundação Universidade Federal do Amapá;168.281.221;172.440.990;187.627.802;182.974.379;165.790.958;164.986.287
2017;26290 - Instituto Nacional de Estudos e Pesquisas Educacionais Anísio Teixeira;1.416.850.313;1.416.850.313;1.494.939.624;1.403.502.729;1.027.719.110;1.026.683.303
2017;26291 - Fundação Coordenação de Aperfeiçoamento de Pessoal de Nível Superior;4.959.676.683;4.959.676.683;4.959.308.757;4.705.922.380;3.939.162.046;3.935.995.582
2017;26292 - Fundação Joaquim Nabuco;137.975.594;137.975.594;139.396.829;135.536.693;128.521.086;128.502.346
2017;26294 - Hospital de Clínicas de Porto Alegre;1.237.834.684;1.237.834.684;1.316.050.902;1.272.925.553;1.240.192.081;1.214.908.390
2017;26298 - Fundo Nacional de Desenvolvimento da Educação;26.958.350.624;29.520.849.420;28.013.909.023;25.387.234.365;21.196.341.541;21.191.814.015
2017;26350 - Fundação Universidade Federal da Grande Dourados;212.328.781;212.328.781;225.523.636;224.237.974;200.562.149;199.745.691
2017;26351 - Universidade Federal do Recôncavo da Bahia;254.643.496;255.593.496;285.227.188;274.814.495;260.627.668;260.296.934
2017;26352 - Fundação Universidade Federal do ABC;258.641.081;260.491.081;289.780.870;282.005.251;251.338.718;251.203.424
2017;26358 - Hospital Universitário Prof. Alberto Antunes;109.857.272;109.857.272;116.267.906;114.819.143;114.813.650;114.813.650
2017;26359 - Complexo Hospitalar e de Saúde da Universidade Federal da Bahia;143.308.569;144.308.569;138.145.053;135.030.890;134.157.334;133.862.113
2017;26362 - Hospital Universitário Walter Cantídio;146.361.907;146.361.907;151.003.083;148.846.989;148.838.579;148.838.579
2017;26363 - Maternidade-Escola Assis Chateaubriand;77.316.776;77.316.776;77.538.540;75.526.745;75.517.852;75.517.852
2017;26364 - Hospital Universitário Cassiano Antônio Morais;122.852.878;123.892.878;126.710.711;124.791.660;122.350.035;122.324.743
2017;26365 - Hospital das Clínicas da Universidade Federal de Goiás;128.523.649;134.243.649;135.988.264;130.822.240;130.027.120;129.825.501
2017;26366 - Hospital Universitário Antonio Pedro;245.518.319;251.978.088;242.843.102;233.136.417;231.627.323;231.570.033
2017;26367 - Hospital Universitário da Universidade Federal de Juiz de Fora;61.203.309;61.203.309;57.547.631;55.054.571;55.054.571;54.985.445
2017;26368 - Hospital das Clínicas da Universidade Federal de Minas Gerais;280.324.199;280.324.199;287.051.297;274.101.837;273.758.569;272.437.047
2017;26369 - Hospital Universitário João de Barros Barreto;94.831.524;96.831.524;102.515.634;101.070.729;100.791.690;100.790.190
2017;26370 - Hospital Universitário Bettina Ferro Souza;17.316.276;17.316.276;16.442.712;15.386.019;15.386.019;15.386.019
2017;26371 - Hospital Universitário Lauro Wanderley;194.639.813;195.139.813;200.999.756;198.456.261;198.456.261;198.456.261
2017;26372 - Hospital de Clínicas da Universidade Federal do Paraná;245.257.421;245.557.421;235.992.459;230.972.881;230.567.699;230.375.068
2017;26373 - Hospital das Clínicas da Universidade Federal de Pernambuco;234.553.313;235.053.313;242.773.753;234.412.638;234.303.467;234.303.467
2017;26374 - Complexo Hospitalar e de Saúde da Universidade Federal do Rio Grande do Norte;131.194.539;131.194.539;135.844.182;133.879.474;133.879.474;133.879.474
2017;26378 - Complexo Hospitalar e de Saúde da Universidade Federal do Rio de Janeiro;571.768.805;590.618.805;595.613.986;580.325.503;573.853.903;573.155.484
2017;26385 - Hospital Universitário da Universidade Federal da Grande Dourados;42.089.983;54.755.377;51.068.429;46.731.243;35.936.515;35.693.299
2017;26386 - Hospital Universitário Prof. Polydoro Ernani de São Thiago;222.844.328;222.844.328;229.640.423;225.955.087;225.651.817;225.651.817
2017;26387 - Hospital Universitário de Santa Maria;187.710.324;187.710.324;197.851.304;195.918.508;195.814.958;195.814.958
2017;26388 - Hospital Universitário Alcides Carneiro;74.844.252;74.844.252;81.723.803;80.879.973;80.879.973;80.879.973
2017;26389 - Hospital de Clínicas da Universidade Federal do Triângulo Mineiro;149.746.467;150.146.467;147.628.885;144.826.250;141.426.031;141.392.885
2017;26391 - Hospital Universitário Gaffree e Guinle;98.222.148;108.171.896;133.791.953;125.375.197;123.790.580;122.923.235
2017;26392 - Hospital Universitário Getúlio Vargas;81.750.046;81.750.046;83.520.068;82.565.970;82.561.497;82.463.236
2017;26393 - Hospital Universitário de Brasília;85.459.912;88.009.912;87.481.543;83.352.204;83.352.204;83.352.204
2017;26394 - Hospital Universitário da Fundação Universidade do Maranhão;82.122.104;82.322.104;82.795.538;79.287.273;79.191.785;79.133.057
2017;26395 - Hospital Universitário Dr. Miguel Riet Corrêa Jr.;68.869.791;68.869.791;69.288.925;67.848.720;67.848.720;67.848.720
2017;26396 - Hospital de Clínicas da Universidade Federal de Uberlândia;292.067.000;293.067.000;310.976.825;305.409.417;296.017.235;295.642.322
2017;26397 - Hospital Júlio Muller;47.647.316;47.647.316;50.218.367;45.197.685;45.191.466;45.188.670
2017;26398 - Hospital das Clínicas da Fundação Universidade Federal de Pelotas;50.502.411;50.502.411;47.869.266;46.338.578;46.338.578;46.338.578
2017;26399 - Hospital Universitário da Fundação Universidade Federal do Piauí;7.374.407;7.374.407;6.239.569;5.637.045;5.637.045;5.637.045
2017;26400 - Hospital Universitário da Fundação Universidade Federal de Sergipe;62.319.162;62.619.162;64.905.705;64.559.899;64.259.982;64.259.982
2017;26401 - Hospital Universitário Maria Pedrossian;93.032.756;93.032.756;15.039.913;0;0;0
2017;26402 - Instituto Federal de Alagoas;356.620.265;356.620.265;389.165.050;375.452.566;360.404.295;355.799.259
2017;26403 - Instituto Federal do Amazonas;314.932.837;317.752.837;364.512.378;356.894.200;336.869.661;333.502.644
2017;26404 - Instituto Federal Baiano;254.537.610;270.287.610;306.041.536;289.364.583;267.258.175;266.618.019
2017;26405 - Instituto Federal do Ceará;549.228.069;550.478.069;615.489.026;611.454.905;584.903.604;584.116.927
2017;26406 - Instituto Federal do Espírito Santo;555.202.678;557.852.678;617.034.350;614.079.908;606.368.308;597.066.854
2017;26407 - Instituto Federal Goiano;271.577.271;273.577.271;303.872.425;298.691.120;276.571.432;274.113.998
2017;26408 - Instituto Federal do Maranhão;468.449.534;474.649.534;570.631.810;561.168.242;539.330.321;537.470.465
2017;26409 - Instituto Federal de Minas Gerais;318.326.862;318.576.862;380.062.598;366.195.544;348.828.704;348.731.710
2017;26410 - Instituto Federal do Norte de Minas Gerais;222.732.624;228.032.624;263.594.475;250.874.856;233.961.939;233.012.500
2017;26411 - Instituto Federal do Sudeste de Minas Gerais;258.381.981;259.511.981;295.459.330;290.647.756;273.633.854;273.283.158
2017;26412 - Instituto Federal do Sul de Minas Gerais;250.666.266;250.916.266;269.528.994;262.720.171;249.945.860;249.071.461
2017;26413 - Instituto Federal do Triângulo Mineiro;201.828.459;201.828.459;234.180.205;230.454.563;221.213.592;220.238.960
2017;26414 - Instituto Federal do Mato Grosso;373.515.938;374.015.938;430.551.921;420.495.273;395.874.414;386.091.789
2017;26415 - Instituto Federal do Mato Grosso do Sul;125.012.543;125.012.543;176.875.183;173.703.118;166.823.369;166.605.070
2017;26416 - Instituto Federal do Pará;353.174.539;353.574.539;431.294.496;426.246.620;382.203.614;381.603.752
2017;26417 - Instituto Federal da Paraíba;463.065.274;465.015.274;499.567.224;492.832.978;475.735.984;473.933.513
2017;26418 - Instituto Federal de Pernambuco;481.300.582;481.600.582;511.837.638;501.292.650;477.212.369;475.605.482
2017;26419 - Instituto Federal do Rio Grande do Sul;344.047.093;345.456.631;398.715.211;393.792.110;377.758.011;377.061.909
2017;26420 - Instituto Federal Farroupilha;251.289.398;251.289.398;283.295.431;278.183.392;264.604.456;264.390.410
2017;26421 - Instituto Federal de Rondônia;157.966.013;159.489.013;201.602.790;195.155.207;186.220.985;185.574.279
2017;26422 - Instituto Federal Catarinense;297.557.154;298.447.154;356.330.795;350.174.785;332.902.418;332.223.891
2017;26423 - Instituto Federal de Sergipe;231.650.883;231.650.883;253.434.912;249.235.135;237.940.539;235.566.924
2017;26424 - Instituto Federal do Tocantins;203.498.885;219.377.660;239.320.214;223.555.104;211.514.504;210.963.910
2017;26425 - Instituto Federal do Acre;89.872.141;93.031.910;104.720.674;100.157.151;92.579.020;92.131.867
2017;26426 - Instituto Federal do Amapá;66.889.217;69.759.217;93.210.880;89.211.724;78.057.849;73.547.842
2017;26427 - Instituto Federal da Bahia;500.245.796;500.445.796;535.424.014;527.067.447;501.821.660;500.639.803
2017;26428 - Instituto Federal de Brasília;162.056.979;162.256.979;182.888.542;177.498.043;167.031.548;166.337.459
2017;26429 - Instituto Federal de Goiás;383.474.583;383.974.583;441.185.398;435.596.616;428.027.039;427.363.089
2017;26430 - Instituto Federal do Sertão Pernambucano;161.400.833;161.400.833;180.719.994;175.370.798;160.924.825;160.068.195
2017;26431 - Instituto Federal do Piauí;349.369.840;349.869.840;393.745.991;386.086.497;372.428.025;371.025.244
2017;26432 - Instituto Federal do Paraná;308.373.768;309.333.537;355.422.054;347.108.231;326.490.483;325.583.129
2017;26433 - Instituto Federal do Rio de Janeiro;328.602.544;330.702.544;405.884.952;397.534.176;383.012.532;382.400.474
2017;26434 - Instituto Federal Fluminense;364.682.898;371.490.435;390.711.179;386.395.175;369.883.277;367.690.309
2017;26435 - Instituto Federal do Rio Grande do Norte;537.348.723;560.440.206;594.400.273;569.319.262;527.927.968;526.503.485
2017;26436 - Instituto Federal Sul-rio-grandense;385.355.321;387.705.321;415.818.576;407.322.140;393.205.699;392.809.969
2017;26437 - Instituto Federal de Roraima;113.306.691;129.719.715;146.690.916;131.586.532;123.713.431;123.331.315
2017;26438 - Instituto Federal de Santa Catarina;503.812.863;504.812.863;551.182.379;544.475.493;517.757.868;517.052.358
2017;26439 - Instituto Federal de São Paulo;677.573.284;682.542.822;834.437.683;829.415.103;796.349.137;795.659.114
2017;26440 - Universidade Federal da Fronteira Sul;231.594.781;232.294.781;251.998.677;242.306.201;219.601.667;219.601.667
2017;26441 - Universidade Federal do Oeste do Pará;167.513.361;168.313.361;180.545.300;171.550.509;158.064.239;157.615.216
2017;26442 - Universidade da Integração Internacional da Lusofonia Afro-Brasileira;122.835.633;122.835.633;139.721.767;133.209.485;125.695.765;125.619.219
2017;26443 - Empresa Brasileira de Serviços Hospitalares;3.622.832.219;3.624.041.988;3.811.290.908;3.765.607.231;3.450.749.883;3.431.705.059
2017;26444 - Maternidade Victor Ferreira do Amaral;3.284.229;3.284.229;3.369.330;2.841.420;2.841.420;2.841.420
2017;26445 - Hospital Universitário da UNIFESP;287.680.982;288.730.982;311.157.551;307.339.065;306.986.329;306.840.403
2017;26447 - Universidade Federal do Oeste da Bahia;85.687.475;85.937.475;96.596.928;95.334.408;90.721.841;90.115.539
2017;26448 - Universidade Federal do Sul e Sudeste do Pará;92.842.350;96.242.350;112.999.176;110.301.805;101.514.254;101.274.999
2017;26449 - Universidade Federal do Cariri;93.080.546;93.080.546;105.143.000;101.484.562;90.367.886;90.366.286
2017;26450 - Universidade Federal do Sul da Bahia;78.577.578;78.677.578;88.919.591;84.417.861;70.354.560;69.834.604
2017;26451 - Hospital Universitário da Universidade Federal do Vale do São Francisco;3.836.652;3.836.652;1.910.826;0;0;0
2018;26101 - Ministério da Educação - Administração Direta;3.690.210.163;3.774.037.203;3.295.731.567;2.684.687.362;1.799.646.964;1.706.457.659
2018;26104 - Instituto Nacional de Educação de Surdos;141.163.113;141.163.113;146.147.318;144.620.080;130.625.019;122.191.773
2018;26105 - Instituto Benjamin Constant;90.130.131;90.316.266;95.277.988;93.500.653;86.032.545;80.122.667
2018;26201 - Colégio Pedro II;654.932.331;656.882.331;696.650.224;684.682.595;660.647.493;610.965.792
2018;26230 - Fundação Universidade Federal do Vale do São Francisco;168.922.674;170.722.674;191.024.172;184.875.431;181.900.430;171.694.709
2018;26231 - Universidade Federal de Alagoas;844.214.536;849.249.983;903.647.142;897.221.376;872.624.765;816.496.339
2018;26232 - Universidade Federal da Bahia;1.491.274.676;1.500.958.820;1.593.897.168;1.579.833.229;1.560.976.257;1.455.636.227
2018;26233 - Universidade Federal do Ceará;1.331.670.175;1.372.774.627;1.387.087.905;1.363.786.838;1.335.651.468;1.248.914.475
2018;26234 - Universidade Federal do Espírito Santo;907.464.800;988.320.743;1.034.981.153;1.014.240.865;926.427.842;865.949.600
2018;26235 - Universidade Federal de Goiás;1.192.967.243;1.199.312.543;1.312.571.402;1.277.087.124;1.258.794.979;1.174.607.179
2018;26236 - Universidade Federal Fluminense;1.884.366.963;1.902.718.601;2.007.288.768;1.989.042.150;1.970.730.812;1.843.207.435
2018;26237 - Universidade Federal de Juiz de Fora;936.813.301;942.838.803;978.115.646;969.159.589;869.634.070;820.047.876
2018;26238 - Universidade Federal de Minas Gerais;1.934.845.156;1.945.832.801;2.043.351.186;2.023.753.122;1.993.208.377;1.866.965.900
2018;26239 - Universidade Federal do Pará;1.275.542.654;1.285.472.215;1.386.632.355;1.350.103.366;1.320.204.284;1.240.029.748
2018;26240 - Universidade Federal da Paraíba;1.593.658.440;1.599.300.212;1.684.129.860;1.662.749.924;1.618.959.638;1.490.767.896
2018;26241 - Universidade Federal do Paraná;1.472.928.736;1.478.353.306;1.543.518.943;1.530.491.842;1.498.104.821;1.406.119.931
2018;26242 - Universidade Federal de Pernambuco;1.509.283.831;1.514.467.993;1.563.500.200;1.548.209.286;1.516.249.057;1.417.811.448
2018;26243 - Universidade Federal do Rio Grande do Norte;1.519.724.675;1.537.254.333;1.619.971.419;1.601.017.287;1.547.790.681;1.437.349.533
2018;26244 - Universidade Federal do Rio Grande do Sul;1.778.593.981;1.784.268.056;1.880.133.319;1.867.677.133;1.860.089.227;1.747.913.572
2018;26245 - Universidade Federal do Rio de Janeiro;3.131.750.844;3.150.322.428;3.287.169.233;3.234.035.621;3.216.530.255;3.015.912.211
2018;26246 - Universidade Federal de Santa Catarina;1.440.596.739;1.450.340.121;1.535.330.528;1.522.838.903;1.497.428.344;1.398.867.139
2018;26247 - Universidade Federal de Santa Maria;1.164.884.759;1.169.209.052;1.244.247.495;1.230.206.212;1.208.897.838;1.133.847.481
2018;26248 - Universidade Federal Rural de Pernambuco;606.574.745;615.121.578;680.725.480;648.183.599;625.689.320;585.123.940
2018;26249 - Universidade Federal Rural do Rio de Janeiro;710.606.417;723.468.053;720.620.416;670.863.197;646.657.070;601.603.375
2018;26250 - Fundação Universidade Federal de Roraima;210.334.456;218.647.270;227.306.411;223.771.078;201.140.688;188.142.268
2018;26251 - Fundação Universidade Federal do Tocantins;331.936.538;360.184.591;358.416.821;355.551.555;329.743.014;308.805.808
2018;26252 - Universidade Federal de Campina Grande;652.926.430;655.922.286;692.659.990;682.674.884;646.592.234;594.027.876
2018;26253 - Universidade Federal Rural da Amazônia;207.714.272;215.014.272;249.339.945;247.272.276;235.428.734;221.796.132
2018;26254 - Universidade Federal do Triângulo Mineiro;333.005.344;353.005.344;377.270.915;371.452.854;359.981.827;339.005.945
2018;26255 - Universidade Federal dos Vales do Jequitinhonha e Mucuri;240.762.289;242.777.884;269.602.665;265.409.180;261.812.019;246.629.410
2018;26256 - Centro Federal de Educação Tecnológica Celso Suckow da Fonseca;388.399.135;389.399.135;417.406.345;412.229.976;398.422.442;367.218.291
2018;26257 - Centro Federal de Educação Tecnológica de Minas Gerais;442.542.120;442.542.120;466.906.440;459.071.154;444.994.439;409.051.345
2018;26258 - Universidade Tecnológica Federal do Paraná;926.047.937;950.447.259;997.188.113;990.896.620;924.344.818;858.300.015
2018;26260 - Universidade Federal de Alfenas;212.676.395;214.176.395;228.357.433;225.453.829;218.625.192;204.318.877
2018;26261 - Universidade Federal de Itajubá;220.099.499;221.599.499;233.769.458;230.548.130;214.795.576;199.962.931
2018;26262 - Universidade Federal de São Paulo;915.322.336;926.383.295;999.610.394;987.845.476;977.837.615;921.300.141
2018;26263 - Universidade Federal de Lavras;349.191.233;351.241.667;379.148.790;370.205.152;360.122.422;334.429.224
2018;26264 - Universidade Federal Rural do Semi-Árido;275.849.437;282.709.106;291.366.592;288.151.142;273.444.975;254.781.034
2018;26266 - Fundação Universidade Federal do Pampa;292.192.541;294.177.319;314.757.307;312.225.760;297.086.474;278.367.880
2018;26267 - Universidade Federal da Integração Latino Americana;155.429.547;156.929.547;170.810.979;162.598.396;152.034.903;143.768.237
2018;26268 - Fundação Universidade Federal de Rondônia;267.716.607;270.402.742;289.952.888;286.199.033;275.346.635;258.080.878
2018;26269 - Fundação Universidade do Rio de Janeiro;392.277.299;403.469.437;443.576.878;439.078.279;426.459.923;401.033.722
2018;26270 - Fundação Universidade do Amazonas;643.758.634;648.704.641;762.630.121;698.687.361;675.640.358;631.566.706
2018;26271 - Fundação Universidade de Brasília;1.708.832.496;1.731.410.855;1.807.948.423;1.782.044.471;1.706.658.429;1.609.449.345
2018;26272 - Fundação Universidade Federal do Maranhão;705.013.363;720.950.512;774.690.486;763.963.619;750.206.637;699.109.637
2018;26273 - Fundação Universidade Federal do Rio Grande;480.362.938;481.862.938;504.736.933;499.254.054;495.883.019;467.546.923
2018;26274 - Universidade Federal de Uberlândia;1.015.855.862;1.019.856.236;1.081.528.978;1.064.526.156;1.035.438.046;964.535.144
2018;26275 - Fundação Universidade Federal do Acre;316.373.873;335.173.873;359.150.283;357.624.806;322.796.287;299.774.411
2018;26276 - Fundação Universidade Federal de Mato Grosso;949.329.768;952.523.582;936.184.918;906.589.488;899.843.233;842.076.722
2018;26277 - Fundação Universidade Federal de Ouro Preto;415.763.076;418.176.134;445.417.388;436.562.065;429.015.556;402.592.647
2018;26278 - Fundação Universidade Federal de Pelotas;703.420.193;706.325.640;751.958.072;736.872.939;729.101.882;679.533.198
2018;26279 - Fundação Universidade Federal do Piauí;776.588.849;791.462.886;815.373.767;804.412.240;784.102.360;729.050.372
2018;26280 - Fundação Universidade Federal de São Carlos;600.380.611;604.181.540;645.671.961;632.517.469;625.304.220;584.156.799
2018;26281 - Fundação Universidade Federal de Sergipe;659.773.776;681.654.822;730.496.597;725.656.457;681.842.937;633.133.775
2018;26282 - Fundação Universidade Federal de Viçosa;884.477.750;887.092.294;919.587.121;903.993.625;891.285.632;828.586.152
2018;26283 - Fundação Universidade Federal de Mato Grosso do Sul;811.907.985;818.939.921;865.877.859;850.423.944;814.552.899;766.210.258
2018;26284 - Fundação Universidade Federal de Ciências da Saúde de Porto Alegre;133.470.703;135.270.703;145.159.409;142.851.740;121.281.123;114.023.308
2018;26285 - Fundação Universidade Federal de São João del-Rei;305.296.699;338.165.842;360.043.423;357.414.597;306.614.333;285.170.887
2018;26286 - Fundação Universidade Federal do Amapá;178.685.467;246.835.467;266.758.664;265.581.548;182.822.819;170.754.015
2018;26290 - Instituto Nacional de Estudos e Pesquisas Educacionais Anísio Teixeira;1.247.382.131;1.247.382.131;1.199.455.600;1.161.862.077;890.998.007;884.847.790
2018;26291 - Fundação Coordenação de Aperfeiçoamento de Pessoal de Nível Superior;3.974.926.822;3.975.076.822;3.844.645.259;3.863.723.954;3.345.324.363;3.331.583.247
2018;26292 - Fundação Joaquim Nabuco;142.562.103;142.562.103;144.434.698;133.756.706;129.361.477;121.334.289
2018;26294 - Hospital de Clínicas de Porto Alegre;1.259.443.892;1.259.443.892;1.320.179.323;1.277.916.442;1.194.124.368;1.116.383.669
2018;26298 - Fundo Nacional de Desenvolvimento da Educação;25.534.787.051;26.017.865.492;26.419.125.716;26.303.809.229;24.154.687.873;24.138.975.987
2018;26350 - Fundação Universidade Federal da Grande Dourados;224.841.902;226.341.902;241.466.155;238.669.755;219.211.402;205.318.137
2018;26351 - Universidade Federal do Recôncavo da Bahia;292.129.786;294.229.725;295.862.967;292.363.972;277.558.242;258.217.398
2018;26352 - Fundação Universidade Federal do ABC;267.891.043;270.737.628;298.078.028;295.171.435;274.424.262;259.325.586
2018;26358 - Hospital Universitário Prof. Alberto Antunes;115.732.890;115.882.890;119.458.526;115.033.498;115.014.868;108.279.128
2018;26359 - Complexo Hospitalar e de Saúde da Universidade Federal da Bahia;139.426.814;179.826.814;136.826.814;131.368.534;130.937.632;122.049.224
2018;26362 - Hospital Universitário Walter Cantídio;150.294.517;158.699.325;155.934.039;151.595.103;151.338.756;142.462.451
2018;26363 - Maternidade-Escola Assis Chateaubriand;75.564.919;75.564.919;78.326.567;76.188.071;76.185.118;71.713.871
2018;26364 - Hospital Universitário Cassiano Antônio Morais;125.956.835;126.156.835;128.010.239;123.262.039;121.340.159;113.483.714
2018;26365 - Hospital das Clínicas da Universidade Federal de Goiás;131.391.459;182.603.249;132.764.009;128.757.288;128.171.346;120.407.690
2018;26366 - Hospital Universitário Antonio Pedro;241.753.780;253.068.875;226.135.136;218.399.011;217.196.909;204.935.344
2018;26367 - Hospital Universitário da Universidade Federal de Juiz de Fora;57.625.096;57.825.096;54.158.059;49.310.696;49.239.539;46.038.096
2018;26368 - Hospital das Clínicas da Universidade Federal de Minas Gerais;262.715.587;262.715.587;270.426.284;263.691.866;263.691.866;247.167.790
2018;26369 - Hospital Universitário João de Barros Barreto;98.448.246;98.448.246;102.932.033;99.490.690;99.368.892;93.794.448
2018;26370 - Hospital Universitário Bettina Ferro Souza;15.941.386;15.941.386;16.303.002;15.092.988;15.092.988;14.179.336
2018;26371 - Hospital Universitário Lauro Wanderley;203.794.947;203.794.947;206.685.087;198.190.468;198.190.468;185.624.361
2018;26372 - Hospital de Clínicas da Universidade Federal do Paraná;242.257.750;242.357.750;228.047.079;214.484.703;213.776.470;201.533.071
2018;26373 - Hospital das Clínicas da Universidade Federal de Pernambuco;237.653.874;237.953.874;242.851.903;235.244.027;234.914.364;219.771.343
2018;26374 - Complexo Hospitalar e de Saúde da Universidade Federal do Rio Grande do Norte;137.219.151;137.219.151;132.870.731;127.560.345;127.560.345;119.603.623
2018;26378 - Complexo Hospitalar e de Saúde da Universidade Federal do Rio de Janeiro;573.074.064;585.929.317;587.106.413;571.442.443;569.759.600;536.458.901
2018;26385 - Hospital Universitário da Universidade Federal da Grande Dourados;46.516.813;49.940.741;44.031.610;42.501.717;36.754.272;34.648.024
2018;26386 - Hospital Universitário Prof. Polydoro Ernani de São Thiago;231.244.033;231.244.033;236.342.853;227.383.859;227.064.716;213.411.834
2018;26387 - Hospital Universitário de Santa Maria;195.028.799;195.028.799;202.305.514;195.584.452;195.334.452;182.478.530
2018;26388 - Hospital Universitário Alcides Carneiro;82.718.546;82.718.546;79.819.938;75.113.901;75.113.901;70.546.578
2018;26389 - Hospital de Clínicas da Universidade Federal do Triângulo Mineiro;147.829.390;147.829.390;148.683.954;144.642.037;142.754.436;134.722.252
2018;26391 - Hospital Universitário Gaffree e Guinle;111.098.784;120.517.826;145.376.049;141.883.535;138.937.182;129.169.097
2018;26392 - Hospital Universitário Getúlio Vargas;83.855.476;83.855.476;87.138.899;82.519.838;82.503.221;77.482.387
2018;26393 - Hospital Universitário de Brasília;83.946.878;84.711.878;85.305.213;81.944.829;81.377.027;76.847.714
2018;26394 - Hospital Universitário da Fundação Universidade do Maranhão;80.024.320;80.324.320;80.740.938;78.664.161;78.625.797;74.239.639
2018;26395 - Hospital Universitário Dr. Miguel Riet Corrêa Jr.;69.295.568;69.295.568;71.521.316;68.651.905;68.651.905;64.550.673
2018;26396 - Hospital de Clínicas da Universidade Federal de Uberlândia;321.103.608;321.103.608;316.395.624;307.485.921;301.438.286;283.369.104
2018;26397 - Hospital Júlio Muller;46.373.766;46.373.766;43.256.787;41.666.535;41.665.935;39.305.344
2018;26398 - Hospital das Clínicas da Fundação Universidade Federal de Pelotas;48.088.790;48.088.790;46.094.149;43.252.119;43.252.119;40.373.262
2018;26399 - Hospital Universitário da Fundação Universidade Federal do Piauí;5.824.411;6.324.411;6.400.287;6.029.299;5.577.067;5.230.754
2018;26400 - Hospital Universitário da Fundação Universidade Federal de Sergipe;64.121.959;64.121.959;65.892.164;64.147.844;64.147.844;60.517.494
2018;26401 - Hospital Universitário Maria Pedrossian;454.960;454.960;454.960;0;0;0
2018;26402 - Instituto Federal de Alagoas;369.985.732;376.871.966;416.012.618;413.360.569;395.345.552;365.455.859
2018;26403 - Instituto Federal do Amazonas;403.226.910;404.899.181;407.327.616;364.802.681;349.866.616;324.304.892
2018;26404 - Instituto Federal Baiano;272.303.159;272.303.159;324.003.367;313.402.110;299.756.727;279.779.773
2018;26405 - Instituto Federal do Ceará;595.485.568;607.685.184;699.054.782;695.313.124;657.305.411;607.864.192
2018;26406 - Instituto Federal do Espírito Santo;602.091.394;619.900.908;661.480.325;654.358.863;643.675.240;595.816.148
2018;26407 - Instituto Federal Goiano;288.800.090;294.961.880;317.359.368;315.447.190;295.326.655;274.269.438
2018;26408 - Instituto Federal do Maranhão;527.801.475;529.901.475;601.772.565;597.503.880;574.838.352;534.705.568
2018;26409 - Instituto Federal de Minas Gerais;354.874.562;356.474.562;408.248.312;404.068.223;387.374.025;359.795.566
2018;26410 - Instituto Federal do Norte de Minas Gerais;244.199.015;245.699.015;273.541.101;271.139.108;254.506.019;237.085.339
2018;26411 - Instituto Federal do Sudeste de Minas Gerais;274.766.361;275.551.158;296.629.586;293.183.517;274.695.675;254.929.580
2018;26412 - Instituto Federal do Sul de Minas Gerais;261.714.603;261.956.603;279.993.436;277.183.220;263.551.768;243.230.539
2018;26413 - Instituto Federal do Triângulo Mineiro;220.117.407;220.417.407;239.999.010;237.712.807;226.556.287;208.246.178
2018;26414 - Instituto Federal do Mato Grosso;403.043.457;408.496.757;441.234.627;436.034.290;415.693.879;387.874.941
2018;26415 - Instituto Federal do Mato Grosso do Sul;156.284.517;156.284.517;185.922.604;184.630.377;177.709.268;165.994.494
2018;26416 - Instituto Federal do Pará;373.887.579;374.637.579;446.676.296;443.681.453;430.347.051;402.248.146
2018;26417 - Instituto Federal da Paraíba;489.125.986;490.325.986;528.862.796;522.808.704;505.055.769;464.509.684
2018;26418 - Instituto Federal de Pernambuco;497.603.987;498.003.987;541.877.047;538.007.533;516.052.982;474.411.563
2018;26419 - Instituto Federal do Rio Grande do Sul;376.330.815;377.870.815;432.702.324;428.470.195;414.151.411;383.847.569
2018;26420 - Instituto Federal Farroupilha;262.740.192;263.390.192;295.456.292;290.707.457;282.077.333;261.226.532
2018;26421 - Instituto Federal de Rondônia;183.148.894;184.898.894;214.845.682;211.953.961;203.201.844;188.604.603
2018;26422 - Instituto Federal Catarinense;329.943.950;342.263.485;371.714.494;367.403.800;349.309.787;324.750.109
2018;26423 - Instituto Federal de Sergipe;240.592.207;244.409.156;268.807.442;263.076.708;255.492.767;235.710.303
2018;26424 - Instituto Federal do Tocantins;209.825.090;210.325.090;235.781.946;233.771.590;225.006.346;208.591.234
2018;26425 - Instituto Federal do Acre;95.470.237;104.261.882;114.153.635;111.130.082;103.783.043;96.474.705
2018;26426 - Instituto Federal do Amapá;82.380.815;136.330.815;100.507.340;98.810.152;90.064.028;82.907.558
2018;26427 - Instituto Federal da Bahia;519.956.957;519.956.957;581.184.196;563.725.976;544.231.773;499.767.233
2018;26428 - Instituto Federal de Brasília;175.645.017;198.545.017;225.910.883;221.753.915;205.459.122;190.256.637
2018;26429 - Instituto Federal de Goiás;413.335.802;415.235.802;451.779.726;449.003.360;438.614.665;401.552.445
2018;26430 - Instituto Federal do Sertão Pernambucano;165.804.863;165.804.863;183.196.324;182.105.741;177.625.685;163.385.253
2018;26431 - Instituto Federal do Piauí;382.663.276;382.663.276;426.873.475;423.647.838;411.392.689;380.625.487
2018;26432 - Instituto Federal do Paraná;331.991.617;365.391.617;421.213.140;418.316.279;366.500.482;340.995.497
2018;26433 - Instituto Federal do Rio de Janeiro;378.045.063;378.545.063;415.535.391;411.883.105;399.411.062;369.900.367
2018;26434 - Instituto Federal Fluminense;379.265.261;384.615.261;412.956.792;408.204.155;393.437.290;359.643.631
2018;26435 - Instituto Federal do Rio Grande do Norte;557.294.808;560.994.808;615.002.493;610.361.931;566.546.479;520.716.560
2018;26436 - Instituto Federal Sul-rio-grandense;396.317.729;396.567.729;437.100.928;434.136.712;422.564.874;389.842.555
2018;26437 - Instituto Federal de Roraima;124.394.724;127.794.724;135.533.976;133.939.087;123.655.457;115.420.935
2018;26438 - Instituto Federal de Santa Catarina;527.478.071;539.897.606;585.500.581;579.469.872;556.332.550;510.227.956
2018;26439 - Instituto Federal de São Paulo;790.745.370;797.136.420;894.225.356;887.259.239;856.069.286;794.842.556
2018;26440 - Universidade Federal da Fronteira Sul;238.239.923;241.164.614;263.451.136;260.757.142;228.806.340;215.301.344
2018;26441 - Universidade Federal do Oeste do Pará;161.831.038;163.331.038;190.244.749;188.698.698;175.605.903;165.403.047
2018;26442 - Universidade da Integração Internacional da Lusofonia Afro-Brasileira;119.850.284;122.050.284;143.369.000;140.226.821;133.962.875;127.986.653
2018;26443 - Empresa Brasileira de Serviços Hospitalares;4.541.672.400;4.542.172.400;4.716.275.938;4.700.439.602;4.404.995.561;4.147.414.295
2018;26444 - Maternidade Victor Ferreira do Amaral;4.959.316;4.959.316;4.662.909;3.900.266;3.900.266;3.900.266
2018;26445 - Hospital Universitário da UNIFESP;309.555.004;310.255.004;304.003.648;298.459.763;297.869.840;280.599.982
2018;26447 - Universidade Federal do Oeste da Bahia;83.500.102;86.100.102;103.689.940;101.525.745;100.286.872;95.561.876
2018;26448 - Universidade Federal do Sul e Sudeste do Pará;92.324.540;95.274.540;116.252.024;114.681.284;108.448.226;102.346.042
2018;26449 - Universidade Federal do Cariri;98.329.102;105.483.910;110.746.453;108.549.853;99.296.104;93.691.871
2018;26450 - Universidade Federal do Sul da Bahia;71.059.787;72.659.787;93.079.785;91.460.640;89.644.305;84.344.762
2018;26451 - Hospital Universitário da Universidade Federal do Vale do São Francisco;454.960;454.960;454.960;0;0;0
2019;26101 - Ministério da Educação - Administração Direta;13.304.344.610;11.781.024.508;5.318.884.972;2.424.657.457;1.637.692.379;1.555.613.648
2019;26104 - Instituto Nacional de Educação de Surdos;144.724.742;144.724.742;150.231.768;145.023.473;131.751.391;123.332.543
2019;26105 - Instituto Benjamin Constant;92.723.190;95.078.990;100.830.024;98.264.367;90.990.299;85.578.822
2019;26201 - Colégio Pedro II;694.274.991;698.737.989;750.118.654;730.613.571;703.542.729;653.691.019
2019;26230 - Fundação Universidade Federal do Vale do São Francisco;182.247.606;190.777.720;194.968.353;192.199.174;188.893.657;178.078.714
2019;26231 - Universidade Federal de Alagoas;835.851.003;848.502.231;871.995.854;859.788.184;846.211.373;790.679.218
2019;26232 - Universidade Federal da Bahia;1.561.826.240;1.569.693.662;1.685.536.041;1.658.314.688;1.641.391.851;1.531.332.855
2019;26233 - Universidade Federal do Ceará;1.361.908.582;1.371.761.945;1.432.595.800;1.409.902.589;1.384.924.558;1.297.925.857
2019;26234 - Universidade Federal do Espírito Santo;936.326.088;941.441.834;990.234.658;978.408.273;959.248.198;896.262.970
2019;26235 - Universidade Federal de Goiás;1.248.681.285;1.247.484.773;1.321.754.554;1.287.784.342;1.271.349.480;1.183.611.415
2019;26236 - Universidade Federal Fluminense;1.995.484.597;2.031.188.118;2.170.511.503;2.116.428.341;2.063.991.528;1.931.028.211
2019;26237 - Universidade Federal de Juiz de Fora;961.827.029;966.700.266;1.008.167.592;975.568.038;911.657.388;853.163.842
2019;26238 - Universidade Federal de Minas Gerais;2.040.291.713;2.042.901.713;2.160.123.907;2.124.172.028;2.087.240.305;1.950.539.940
2019;26239 - Universidade Federal do Pará;1.357.329.174;1.368.760.510;1.444.745.996;1.423.419.165;1.382.829.740;1.298.966.332
2019;26240 - Universidade Federal da Paraíba;1.995.384.092;2.002.764.016;2.069.059.484;2.038.109.575;1.990.483.176;1.861.168.159
2019;26241 - Universidade Federal do Paraná;1.584.200.630;1.595.454.933;1.656.174.006;1.632.820.318;1.588.745.593;1.495.025.672
2019;26242 - Universidade Federal de Pernambuco;1.564.644.372;1.570.647.963;1.632.638.924;1.607.592.226;1.569.685.290;1.468.760.007
2019;26243 - Universidade Federal do Rio Grande do Norte;1.599.667.762;1.611.704.129;1.685.220.947;1.655.656.297;1.617.964.340;1.505.496.313
2019;26244 - Universidade Federal do Rio Grande do Sul;1.912.970.311;1.917.960.795;2.020.806.417;1.983.092.873;1.964.385.059;1.847.213.692
2019;26245 - Universidade Federal do Rio de Janeiro;3.234.006.047;3.315.929.690;3.434.113.295;3.378.348.264;3.289.086.517;3.080.049.191
2019;26246 - Universidade Federal de Santa Catarina;1.523.413.732;1.544.021.561;1.632.787.434;1.606.542.298;1.567.900.940;1.465.459.517
2019;26247 - Universidade Federal de Santa Maria;1.183.974.758;1.190.905.511;1.241.456.852;1.223.800.601;1.192.583.679;1.115.865.079
2019;26248 - Universidade Federal Rural de Pernambuco;630.872.794;633.769.600;667.935.964;655.555.923;644.826.377;600.700.624
2019;26249 - Universidade Federal Rural do Rio de Janeiro;672.429.057;674.954.483;712.126.117;702.552.000;673.228.879;619.421.282
2019;26250 - Fundação Universidade Federal de Roraima;221.636.433;234.868.683;245.582.819;240.593.283;219.845.440;206.149.226
2019;26251 - Fundação Universidade Federal do Tocantins;355.111.327;377.645.978;381.346.007;376.073.113;357.155.427;335.086.764
2019;26252 - Universidade Federal de Campina Grande;682.747.694;710.998.100;750.255.089;736.258.719;669.599.445;616.025.201
2019;26253 - Universidade Federal Rural da Amazônia;239.265.223;243.729.530;254.316.122;251.181.743;245.435.299;231.311.500
2019;26254 - Universidade Federal do Triângulo Mineiro;364.187.238;364.370.716;390.122.951;378.756.289;368.990.933;346.446.526
2019;26255 - Universidade Federal dos Vales do Jequitinhonha e Mucuri;266.272.865;269.972.865;292.954.341;290.063.499;280.614.161;262.572.324
2019;26256 - Centro Federal de Educação Tecnológica Celso Suckow da Fonseca;421.286.164;424.690.288;452.049.801;434.219.043;420.874.770;390.281.913
2019;26257 - Centro Federal de Educação Tecnológica de Minas Gerais;471.227.119;474.525.884;495.157.744;483.451.967;466.959.239;430.102.788
2019;26258 - Universidade Tecnológica Federal do Paraná;994.342.311;1.003.788.948;1.041.024.997;1.026.151.646;949.258.470;879.526.674
2019;26260 - Universidade Federal de Alfenas;230.184.145;230.640.328;242.466.362;240.368.956;229.888.381;213.917.301
2019;26261 - Universidade Federal de Itajubá;231.468.240;235.830.542;243.421.351;241.022.968;221.571.131;206.259.452
2019;26262 - Universidade Federal de São Paulo;996.553.076;1.038.569.960;1.099.303.852;1.075.748.473;1.032.172.701;967.683.333
2019;26263 - Universidade Federal de Lavras;373.574.231;394.143.274;401.973.190;393.237.612;382.310.202;357.773.600
2019;26264 - Universidade Federal Rural do Semi-Árido;288.101.333;290.201.333;303.461.930;298.523.542;279.808.267;261.647.277
2019;26266 - Fundação Universidade Federal do Pampa;315.806.102;319.506.102;339.495.967;334.709.760;318.803.479;298.071.985
2019;26267 - Universidade Federal da Integração Latino Americana;165.209.352;167.197.852;175.904.023;172.330.964;158.872.966;149.730.279
2019;26268 - Fundação Universidade Federal de Rondônia;284.541.193;287.291.193;306.157.016;300.103.920;289.974.489;271.762.170
2019;26269 - Fundação Universidade do Rio de Janeiro;413.585.915;428.311.186;468.379.946;461.395.246;429.405.215;404.192.104
2019;26270 - Fundação Universidade do Amazonas;720.258.237;724.918.624;778.023.124;751.399.360;708.767.566;661.896.659
2019;26271 - Fundação Universidade de Brasília;1.791.875.237;1.798.504.245;1.897.197.636;1.848.863.232;1.738.506.173;1.640.814.476
2019;26272 - Fundação Universidade Federal do Maranhão;770.437.101;777.695.273;835.557.345;802.877.254;793.545.760;743.917.563
2019;26273 - Fundação Universidade Federal do Rio Grande;487.829.291;492.050.591;516.532.846;506.351.746;500.000.015;470.192.790
2019;26274 - Universidade Federal de Uberlândia;1.067.072.407;1.070.317.792;1.116.935.953;1.099.861.982;1.079.519.350;1.010.080.263
2019;26275 - Fundação Universidade Federal do Acre;336.500.089;343.885.110;373.925.873;366.173.707;347.686.992;324.130.151
2019;26276 - Fundação Universidade Federal de Mato Grosso;986.339.285;990.571.625;956.576.197;902.628.915;889.608.554;826.423.774
2019;26277 - Fundação Universidade Federal de Ouro Preto;438.602.174;442.653.105;460.959.444;452.709.270;439.398.357;411.816.377
2019;26278 - Fundação Universidade Federal de Pelotas;749.857.886;756.081.913;801.160.824;775.231.248;763.889.245;713.747.726
2019;26279 - Fundação Universidade Federal do Piauí;812.560.120;813.260.120;850.385.103;837.382.343;809.038.647;753.575.218
2019;26280 - Fundação Universidade Federal de São Carlos;632.807.560;635.229.722;669.835.771;657.652.848;651.833.993;609.270.818
2019;26281 - Fundação Universidade Federal de Sergipe;689.860.123;716.103.672;753.785.792;738.263.669;676.320.472;630.821.925
2019;26282 - Fundação Universidade Federal de Viçosa;913.028.012;916.086.098;951.858.805;936.358.123;922.532.021;861.234.454
2019;26283 - Fundação Universidade Federal de Mato Grosso do Sul;850.767.909;902.304.354;907.871.022;895.902.440;861.215.153;810.839.852
2019;26284 - Fundação Universidade Federal de Ciências da Saúde de Porto Alegre;143.963.008;145.463.008;155.945.726;152.433.562;128.551.435;120.914.668
2019;26285 - Fundação Universidade Federal de São João del-Rei;334.429.893;359.539.000;353.185.302;342.527.158;317.877.207;297.166.135
2019;26286 - Fundação Universidade Federal do Amapá;197.735.590;312.213.348;332.985.054;298.197.088;189.685.515;177.027.653
2019;26290 - Instituto Nacional de Estudos e Pesquisas Educacionais Anísio Teixeira;1.542.214.814;1.582.214.814;1.442.556.910;1.335.986.029;895.477.031;877.744.549
2019;26291 - Fundação Coordenação de Aperfeiçoamento de Pessoal de Nível Superior;4.001.796.152;4.251.796.152;4.190.023.818;4.198.057.035;3.824.559.986;3.816.515.203
2019;26292 - Fundação Joaquim Nabuco;139.949.719;139.949.719;142.455.775;131.436.713;127.337.538;119.662.064
2019;26294 - Hospital de Clínicas de Porto Alegre;1.333.175.938;1.333.175.938;1.287.495.852;1.258.271.457;1.222.754.544;1.153.209.237
2019;26298 - Fundo Nacional de Desenvolvimento da Educação;26.675.362.126;27.690.272.196;31.890.733.250;30.554.059.862;23.340.061.664;23.321.320.995
2019;26350 - Fundação Universidade Federal da Grande Dourados;239.383.881;258.382.751;259.076.198;253.325.613;233.937.958;218.285.760
2019;26351 - Universidade Federal do Recôncavo da Bahia;298.083.768;300.508.985;317.300.959;312.711.150;296.071.767;275.930.542
2019;26352 - Fundação Universidade Federal do ABC;293.781.981;301.832.609;317.940.012;312.740.104;288.374.267;272.086.066
2019;26358 - Hospital Universitário Prof. Alberto Antunes;118.785.834;120.285.834;122.966.296;116.522.199;114.942.007;108.311.697
2019;26359 - Complexo Hospitalar e de Saúde da Universidade Federal da Bahia;135.437.516;136.437.516;136.850.587;128.990.017;127.182.519;119.460.984
2019;26362 - Hospital Universitário Walter Cantídio;155.828.603;155.828.603;158.247.692;154.201.478;154.194.126;145.170.003
2019;26363 - Maternidade-Escola Assis Chateaubriand;79.077.025;79.077.025;81.673.628;75.712.092;75.709.730;71.229.026
2019;26364 - Hospital Universitário Cassiano Antônio Morais;125.622.966;125.622.966;128.667.262;124.142.243;122.927.840;115.424.228
2019;26365 - Hospital das Clínicas da Universidade Federal de Goiás;132.959.750;154.059.750;154.849.363;145.889.803;132.712.592;124.267.761
2019;26366 - Hospital Universitário Antonio Pedro;223.073.550;224.223.550;218.723.550;195.877.315;195.567.063;185.551.217
2019;26367 - Hospital Universitário da Universidade Federal de Juiz de Fora;53.819.285;54.019.285;59.417.837;46.540.580;46.374.845;43.479.606
2019;26368 - Hospital das Clínicas da Universidade Federal de Minas Gerais;273.553.494;273.553.494;289.175.812;259.750.207;259.750.207;244.207.712
2019;26369 - Hospital Universitário João de Barros Barreto;104.789.101;104.789.101;106.560.527;96.121.887;96.085.407;90.816.233
2019;26370 - Hospital Universitário Bettina Ferro Souza;16.408.165;16.408.165;16.499.320;13.976.671;13.976.671;13.146.979
2019;26371 - Hospital Universitário Lauro Wanderley;203.987.811;203.987.811;208.626.845;195.937.335;195.937.335;183.364.109
2019;26372 - Hospital de Clínicas da Universidade Federal do Paraná;241.224.884;241.624.884;231.964.472;211.593.777;209.522.958;196.732.975
2019;26373 - Hospital das Clínicas da Universidade Federal de Pernambuco;236.706.147;236.706.147;241.798.696;237.054.692;236.952.163;221.868.028
2019;26374 - Complexo Hospitalar e de Saúde da Universidade Federal do Rio Grande do Norte;134.160.077;134.160.077;134.480.687;123.490.012;123.490.012;115.949.644
2019;26378 - Complexo Hospitalar e de Saúde da Universidade Federal do Rio de Janeiro;581.932.143;589.214.428;613.824.299;593.871.585;564.572.352;528.250.936
2019;26385 - Hospital Universitário da Universidade Federal da Grande Dourados;48.955.182;68.955.182;49.794.061;42.790.541;36.762.710;34.563.909
2019;26386 - Hospital Universitário Prof. Polydoro Ernani de São Thiago;235.503.264;235.503.264;238.907.303;221.451.994;220.418.048;207.415.939
2019;26387 - Hospital Universitário de Santa Maria;200.354.645;200.354.645;209.601.399;196.291.493;196.186.555;183.689.688
2019;26388 - Hospital Universitário Alcides Carneiro;81.192.488;81.192.488;83.360.390;65.998.488;65.998.488;61.798.180
2019;26389 - Hospital de Clínicas da Universidade Federal do Triângulo Mineiro;151.185.028;152.185.028;152.304.898;132.967.818;131.599.887;124.014.241
2019;26391 - Hospital Universitário Gaffree e Guinle;139.578.673;166.247.038;150.396.175;146.697.066;141.003.285;132.365.054
2019;26392 - Hospital Universitário Getúlio Vargas;84.930.608;84.930.608;86.921.898;80.922.668;80.816.546;75.831.571
2019;26393 - Hospital Universitário de Brasília;89.239.190;89.239.190;89.415.187;80.299.883;80.299.883;76.063.771
2019;26394 - Hospital Universitário da Fundação Universidade do Maranhão;80.042.044;90.042.044;90.613.665;88.914.434;80.604.465;74.973.339
2019;26395 - Hospital Universitário Dr. Miguel Riet Corrêa Jr.;71.504.016;71.504.016;73.219.792;66.844.231;66.844.231;62.844.468
2019;26396 - Hospital de Clínicas da Universidade Federal de Uberlândia;315.999.771;316.699.771;322.607.689;316.275.645;313.018.316;294.742.651
2019;26397 - Hospital Júlio Muller;44.191.219;44.191.219;44.197.244;36.297.141;36.297.141;34.493.672
2019;26398 - Hospital das Clínicas da Fundação Universidade Federal de Pelotas;46.792.561;46.992.561;46.995.434;41.943.477;41.761.563;39.050.652
2019;26399 - Hospital Universitário da Fundação Universidade Federal do Piauí;5.056.048;12.097.401;5.597.203;5.333.392;5.119.348;4.810.173
2019;26400 - Hospital Universitário da Fundação Universidade Federal de Sergipe;67.812.153;67.812.153;68.441.942;65.682.138;65.659.039;61.991.462
2019;26401 - Hospital Universitário Maria Pedrossian;44.457;44.457;44.457;0;0;0
2019;26402 - Instituto Federal de Alagoas;412.252.084;430.389.677;459.331.633;455.301.657;419.043.958;387.773.733
2019;26403 - Instituto Federal do Amazonas;388.905.890;398.905.890;417.700.926;410.840.568;369.156.815;341.162.373
2019;26404 - Instituto Federal Baiano;317.216.745;321.143.755;335.295.156;331.269.303;312.797.265;292.233.880
2019;26405 - Instituto Federal do Ceará;699.896.336;725.810.251;768.710.995;754.093.036;716.762.676;662.622.291
2019;26406 - Instituto Federal do Espírito Santo;648.175.292;674.326.084;726.877.092;716.182.537;696.480.493;643.000.322
2019;26407 - Instituto Federal Goiano;314.435.202;320.656.510;348.671.124;331.947.403;313.426.903;290.157.892
2019;26408 - Instituto Federal do Maranhão;588.846.805;596.893.546;669.870.787;656.383.569;638.852.004;593.697.147
2019;26409 - Instituto Federal de Minas Gerais;396.515.215;399.956.754;433.118.528;430.658.656;402.675.154;373.240.790
2019;26410 - Instituto Federal do Norte de Minas Gerais;273.133.089;277.711.608;292.484.255;287.801.736;268.820.890;249.952.978
2019;26411 - Instituto Federal do Sudeste de Minas Gerais;292.380.823;295.661.838;317.709.458;311.039.868;293.562.996;273.842.869
2019;26412 - Instituto Federal do Sul de Minas Gerais;277.956.154;279.202.223;296.860.502;290.777.007;270.018.894;250.260.733
2019;26413 - Instituto Federal do Triângulo Mineiro;240.778.130;242.952.241;255.497.455;251.718.119;239.789.992;222.155.981
2019;26414 - Instituto Federal do Mato Grosso;448.029.584;456.477.968;473.883.573;466.820.007;440.231.464;409.950.235
2019;26415 - Instituto Federal do Mato Grosso do Sul;192.775.489;199.756.655;208.138.157;203.404.972;196.399.080;184.832.120
2019;26416 - Instituto Federal do Pará;440.892.367;449.273.932;498.036.239;489.717.866;466.906.059;435.078.767
2019;26417 - Instituto Federal da Paraíba;527.926.714;530.461.720;574.512.210;567.130.853;545.089.625;503.334.440
2019;26418 - Instituto Federal de Pernambuco;530.659.913;533.967.577;582.585.204;571.829.509;550.358.314;505.718.937
2019;26419 - Instituto Federal do Rio Grande do Sul;440.900.068;446.451.022;480.661.281;467.747.618;448.114.372;416.415.244
2019;26420 - Instituto Federal Farroupilha;297.521.442;300.659.006;321.503.089;318.278.899;303.213.329;281.274.853
2019;26421 - Instituto Federal de Rondônia;212.279.215;233.388.719;247.061.691;241.669.006;219.703.707;204.814.089
2019;26422 - Instituto Federal Catarinense;380.843.596;387.155.089;405.576.560;397.998.682;374.869.538;349.211.726
2019;26423 - Instituto Federal de Sergipe;272.324.369;275.273.617;281.094.540;276.335.712;267.430.554;246.989.857
2019;26424 - Instituto Federal do Tocantins;238.900.761;240.971.864;255.368.833;251.643.166;243.993.992;225.798.680
2019;26425 - Instituto Federal do Acre;115.996.850;128.419.586;135.404.885;131.108.541;114.694.800;106.606.915
2019;26426 - Instituto Federal do Amapá;96.648.734;106.942.494;122.450.835;114.373.236;98.529.478;91.607.283
2019;26427 - Instituto Federal da Bahia;544.419.231;547.841.396;634.046.140;621.269.148;597.878.618;556.584.786
2019;26428 - Instituto Federal de Brasília;219.793.818;225.974.780;252.195.964;247.157.286;232.971.588;218.400.810
2019;26429 - Instituto Federal de Goiás;460.875.721;464.028.523;496.727.937;486.932.106;472.353.991;434.024.277
2019;26430 - Instituto Federal do Sertão Pernambucano;179.776.365;182.747.451;194.039.549;191.008.103;183.927.494;169.506.431
2019;26431 - Instituto Federal do Piauí;427.799.858;430.798.619;462.636.489;454.145.163;440.028.809;407.197.680
2019;26432 - Instituto Federal do Paraná;396.581.477;400.580.829;441.184.410;434.486.035;406.180.595;378.956.441
2019;26433 - Instituto Federal do Rio de Janeiro;417.180.725;450.346.582;487.114.403;480.059.430;434.639.961;403.116.491
2019;26434 - Instituto Federal Fluminense;411.082.059;417.342.179;434.963.710;427.001.317;412.844.599;379.088.025
2019;26435 - Instituto Federal do Rio Grande do Norte;609.950.573;613.769.771;652.880.754;643.828.895;594.792.481;547.440.485
2019;26436 - Instituto Federal Sul-rio-grandense;433.818.862;437.589.674;472.567.352;468.061.812;449.585.742;414.944.983
2019;26437 - Instituto Federal de Roraima;133.726.329;139.113.798;145.438.347;142.295.564;132.505.942;123.632.123
2019;26438 - Instituto Federal de Santa Catarina;582.680.183;585.754.463;626.983.040;617.391.650;591.508.775;543.108.132
2019;26439 - Instituto Federal de São Paulo;892.232.212;912.471.438;1.004.172.011;980.521.689;931.836.310;866.258.463
2019;26440 - Universidade Federal da Fronteira Sul;261.225.763;264.358.621;279.657.117;273.099.330;239.779.154;225.608.178
2019;26441 - Universidade Federal do Oeste do Pará;190.681.304;198.390.671;203.722.047;201.382.314;193.411.333;183.604.664
2019;26442 - Universidade da Integração Internacional da Lusofonia Afro-Brasileira;136.948.261;139.398.261;147.441.332;143.925.147;139.173.042;132.527.153
2019;26443 - Empresa Brasileira de Serviços Hospitalares;4.757.118.874;4.763.418.874;5.163.971.822;5.114.244.295;4.775.656.296;4.494.343.327
2019;26444 - Maternidade Victor Ferreira do Amaral;3.648.771;3.648.771;4.443.401;4.086.966;4.086.966;4.086.966
2019;26445 - Hospital Universitário da UNIFESP;306.504.437;307.204.437;329.953.336;305.860.857;305.334.188;288.084.560
2019;26447 - Universidade Federal do Oeste da Bahia;100.701.819;104.551.819;114.333.522;112.978.230;108.631.173;102.111.474
2019;26448 - Universidade Federal do Sul e Sudeste do Pará;116.196.373;123.405.687;135.487.269;133.692.400;125.231.328;117.479.354
2019;26449 - Universidade Federal do Cariri;110.521.539;120.504.902;118.715.116;116.008.287;109.443.760;103.123.602
2019;26450 - Universidade Federal do Sul da Bahia;93.668.189;105.465.823;108.144.574;106.747.393;101.407.093;95.619.945
2019;26451 - Hospital Universitário da Universidade Federal do Vale do São Francisco;265.860;265.860;265.860;0;0;0
2019;26452 - Universidade Federal de Catalão;25.312.702;28.062.702;25.638.735;13.437.651;9.604.974;9.576.104
2019;26453 - Universidade Federal de Jataí;26.033.275;28.833.275;26.114.188;15.510.062;13.128.474;13.127.746
2019;26454 - Universidade Federal de Rondonópolis;36.578.388;36.578.388;36.578.388;15.441.079;12.458.042;12.053.401
2019;26455 - Universidade Federal do Delta do Parnaíba;38.039.650;38.039.650;38.039.650;14.455.533;8.158.297;8.107.222
2019;26456 - Universidade Federal do Agreste de Pernambuco;141.719.478;141.719.478;91.719.478;12.371.788;6.885.727;6.713.097
2020;26101 - Ministério da Educação - Administração Direta;3.064.132.940;3.108.706.351;2.404.858.896;2.152.722.166;1.585.250.834;1.483.807.876
2020;26104 - Instituto Nacional de Educação de Surdos;130.432.180;126.883.565;151.781.212;147.356.104;129.486.913;121.123.219
2020;26105 - Instituto Benjamin Constant;82.223.544;80.471.211;100.801.384;98.412.079;88.780.095;83.015.634
2020;26201 - Colégio Pedro II;651.610.082;641.182.309;732.910.979;716.319.091;682.993.239;632.940.887
2020;26230 - Fundação Universidade Federal do Vale do São Francisco;179.340.021;171.526.403;203.416.391;201.768.662;191.498.455;180.579.544
2020;26231 - Universidade Federal de Alagoas;767.836.327;761.239.898;889.964.900;883.874.912;867.828.685;814.790.318
2020;26232 - Universidade Federal da Bahia;1.517.199.402;1.479.865.460;1.685.625.097;1.662.637.910;1.630.154.184;1.522.670.707
2020;26233 - Universidade Federal do Ceará;1.291.136.702;1.272.612.968;1.456.328.920;1.441.961.307;1.401.049.498;1.317.386.247
2020;26234 - Universidade Federal do Espírito Santo;889.859.604;861.802.350;982.334.581;976.101.055;935.399.291;873.590.582
2020;26235 - Universidade Federal de Goiás;1.184.208.580;1.147.865.303;1.288.685.793;1.269.337.557;1.258.603.588;1.181.449.846
2020;26236 - Universidade Federal Fluminense;1.630.302.304;1.643.015.389;2.213.316.716;2.164.124.659;2.063.859.250;1.938.793.376
2020;26237 - Universidade Federal de Juiz de Fora;928.783.697;909.970.080;1.041.567.960;955.173.267;896.999.642;850.671.760
2020;26238 - Universidade Federal de Minas Gerais;1.511.543.604;1.483.278.295;2.224.461.007;2.174.712.252;2.116.094.837;1.998.961.974
2020;26239 - Universidade Federal do Pará;1.265.228.640;1.231.771.953;1.466.914.859;1.450.141.300;1.394.182.408;1.309.953.245
2020;26240 - Universidade Federal da Paraíba;1.528.658.552;1.484.310.330;1.790.371.660;1.781.098.510;1.719.703.600;1.588.492.487
2020;26241 - Universidade Federal do Paraná;1.439.677.028;1.400.801.811;1.690.569.789;1.677.356.836;1.620.472.880;1.531.061.006
2020;26242 - Universidade Federal de Pernambuco;1.427.429.508;1.385.415.028;1.649.441.051;1.639.039.579;1.568.748.325;1.468.769.859
2020;26243 - Universidade Federal do Rio Grande do Norte;1.499.830.679;1.503.150.448;1.723.748.185;1.708.557.737;1.633.799.850;1.522.157.140
2020;26244 - Universidade Federal do Rio Grande do Sul;1.367.037.751;1.340.472.512;2.060.682.683;2.034.365.440;1.983.088.580;1.870.148.912
2020;26245 - Universidade Federal do Rio de Janeiro;2.289.915.501;2.256.050.280;3.442.793.384;3.392.130.284;3.329.864.478;3.136.880.970
2020;26246 - Universidade Federal de Santa Catarina;1.462.794.959;1.425.750.634;1.666.022.704;1.640.430.950;1.570.207.221;1.467.515.514
2020;26247 - Universidade Federal de Santa Maria;1.121.139.507;1.085.316.017;1.295.104.361;1.277.530.881;1.201.762.181;1.101.416.598
2020;26248 - Universidade Federal Rural de Pernambuco;590.883.858;570.915.561;661.615.140;653.610.987;629.435.702;589.768.258
2020;26249 - Universidade Federal Rural do Rio de Janeiro;632.934.638;612.919.377;717.588.601;702.345.998;670.275.705;613.781.726
2020;26250 - Fundação Universidade Federal de Roraima;215.207.677;207.219.626;248.715.703;243.623.184;220.973.952;207.561.660
2020;26251 - Fundação Universidade Federal do Tocantins;353.955.289;340.389.066;398.053.504;387.973.795;363.383.159;341.893.280
2020;26252 - Universidade Federal de Campina Grande;635.340.947;613.682.576;733.623.752;726.561.747;681.106.168;627.774.147
2020;26253 - Universidade Federal Rural da Amazônia;224.495.214;218.318.982;268.256.675;263.088.894;246.248.708;230.626.821
2020;26254 - Universidade Federal do Triângulo Mineiro;349.214.802;337.452.556;405.877.191;399.760.828;386.890.214;365.318.137
2020;26255 - Universidade Federal dos Vales do Jequitinhonha e Mucuri;269.640.176;259.244.918;303.645.073;300.420.109;278.742.843;260.514.571
2020;26256 - Centro Federal de Educação Tecnológica Celso Suckow da Fonseca;384.016.793;372.406.674;442.596.186;421.322.141;415.061.938;385.396.007
2020;26257 - Centro Federal de Educação Tecnológica de Minas Gerais;440.212.224;423.734.918;505.765.340;497.028.382;468.678.742;434.999.285
2020;26258 - Universidade Tecnológica Federal do Paraná;936.565.637;904.387.311;1.074.668.874;1.062.425.196;989.329.920;920.308.968
2020;26260 - Universidade Federal de Alfenas;221.109.900;213.121.591;266.243.749;257.404.394;241.648.786;226.384.706
2020;26261 - Universidade Federal de Itajubá;216.635.258;208.571.585;249.199.603;246.957.156;229.174.087;214.260.434
2020;26262 - Universidade Federal de São Paulo;956.122.868;964.146.490;1.096.239.813;1.075.078.775;1.041.522.012;985.067.535
2020;26263 - Universidade Federal de Lavras;351.595.640;338.320.938;403.728.815;396.616.753;381.049.335;358.021.207
2020;26264 - Universidade Federal Rural do Semi-Árido;275.004.637;265.676.052;306.784.687;302.675.089;275.601.722;257.578.973
2020;26266 - Fundação Universidade Federal do Pampa;317.079.515;302.424.980;347.996.028;345.371.620;325.726.969;305.009.090
2020;26267 - Universidade Federal da Integração Latino Americana;158.544.247;151.492.714;176.761.229;174.124.169;159.092.438;150.128.845
2020;26268 - Fundação Universidade Federal de Rondônia;275.169.429;265.977.981;317.725.836;313.719.168;299.706.923;281.374.996
2020;26269 - Fundação Universidade do Rio de Janeiro;392.669.304;408.013.744;458.183.272;446.964.144;434.058.562;411.367.384
2020;26270 - Fundação Universidade do Amazonas;674.368.141;660.186.069;776.660.581;761.844.491;703.485.313;657.982.935
2020;26271 - Fundação Universidade de Brasília;1.243.789.208;1.241.092.388;1.907.774.426;1.857.228.032;1.742.315.590;1.639.856.228
2020;26272 - Fundação Universidade Federal do Maranhão;725.424.059;700.995.836;826.988.284;811.132.197;794.648.915;743.026.056
2020;26273 - Fundação Universidade Federal do Rio Grande;454.104.026;438.980.353;525.373.199;518.659.816;505.392.958;475.529.701
2020;26274 - Universidade Federal de Uberlândia;997.740.195;964.789.432;1.146.522.353;1.136.643.368;1.098.412.731;1.029.017.191
2020;26275 - Fundação Universidade Federal do Acre;325.416.690;314.344.008;366.981.412;362.261.459;340.325.382;318.504.826
2020;26276 - Fundação Universidade Federal de Mato Grosso;808.855.327;780.337.176;907.319.168;890.730.948;850.680.759;796.360.716
2020;26277 - Fundação Universidade Federal de Ouro Preto;405.815.114;391.284.361;468.312.542;457.749.836;435.810.561;409.388.611
2020;26278 - Fundação Universidade Federal de Pelotas;716.374.627;693.608.718;804.953.018;798.164.464;782.003.592;732.464.701
2020;26279 - Fundação Universidade Federal do Piauí;751.813.588;724.748.302;828.991.607;817.105.746;784.565.812;734.030.744
2020;26280 - Fundação Universidade Federal de São Carlos;597.161.313;574.837.038;680.712.744;673.026.975;662.350.115;621.496.990
2020;26281 - Fundação Universidade Federal de Sergipe;650.828.346;633.492.380;753.858.826;743.280.919;708.364.509;661.269.301
2020;26282 - Fundação Universidade Federal de Viçosa;841.835.483;817.643.658;1.202.694.290;1.191.851.469;1.146.081.733;1.085.298.890
2020;26283 - Fundação Universidade Federal de Mato Grosso do Sul;805.572.257;778.465.911;925.388.243;920.998.181;883.771.337;833.903.538
2020;26284 - Fundação Universidade Federal de Ciências da Saúde de Porto Alegre;135.887.745;130.919.644;154.154.106;151.484.945;130.488.229;123.497.218
2020;26285 - Fundação Universidade Federal de São João del-Rei;312.438.266;308.128.046;355.284.454;351.190.197;324.146.928;303.981.642
2020;26286 - Fundação Universidade Federal do Amapá;192.873.952;188.616.780;214.479.980;210.676.653;185.352.516;174.051.569
2020;26290 - Instituto Nacional de Estudos e Pesquisas Educacionais Anísio Teixeira;1.102.162.264;1.096.382.427;1.408.432.612;1.205.488.506;427.133.736;421.413.087
2020;26291 - Fundação Coordenação de Aperfeiçoamento de Pessoal de Nível Superior;2.791.614.999;2.843.589.902;3.547.180.717;3.529.960.518;3.037.041.467;3.027.190.898
2020;26292 - Fundação Joaquim Nabuco;121.157.208;118.574.789;140.436.855;129.856.687;123.591.237;116.501.995
2020;26294 - Hospital de Clínicas de Porto Alegre;694.792.198;661.280.146;1.454.596.712;1.350.718.371;1.328.275.007;1.249.973.407
2020;26298 - Fundo Nacional de Desenvolvimento da Educação;27.542.432.020;29.933.456.570;28.286.699.845;27.222.009.718;21.281.931.841;21.258.505.090
2020;26350 - Fundação Universidade Federal da Grande Dourados;237.130.855;227.109.837;259.392.826;256.183.597;235.829.004;220.625.143
2020;26351 - Universidade Federal do Recôncavo da Bahia;290.988.074;280.181.670;326.369.161;316.387.480;294.177.220;274.061.735
2020;26352 - Fundação Universidade Federal do ABC;293.657.111;283.909.979;329.338.934;325.533.438;291.652.686;275.810.579
2020;26358 - Hospital Universitário Prof. Alberto Antunes;106.868.031;102.955.256;117.036.224;114.433.466;114.433.466;107.812.935
2020;26359 - Complexo Hospitalar e de Saúde da Universidade Federal da Bahia;123.754.253;118.131.588;128.417.717;123.411.332;123.411.332;115.870.023
2020;26362 - Hospital Universitário Walter Cantídio;142.394.221;136.996.510;159.374.460;155.610.219;155.606.788;146.924.268
2020;26363 - Maternidade-Escola Assis Chateaubriand;70.132.807;67.612.937;78.293.609;76.588.070;76.586.070;72.275.590
2020;26364 - Hospital Universitário Cassiano Antônio Morais;108.696.561;105.130.746;119.891.856;117.866.144;117.854.177;110.681.400
2020;26365 - Hospital das Clínicas da Universidade Federal de Goiás;117.140.941;111.760.606;125.639.853;119.306.170;119.306.170;112.632.180
2020;26366 - Hospital Universitário Antonio Pedro;188.772.589;179.756.058;186.445.947;178.797.512;178.797.512;168.992.536
2020;26367 - Hospital Universitário da Universidade Federal de Juiz de Fora;43.800.733;42.039.974;48.146.716;46.791.268;46.791.268;44.079.944
2020;26368 - Hospital das Clínicas da Universidade Federal de Minas Gerais;242.985.285;234.973.374;259.506.508;242.818.759;242.818.759;227.836.469
2020;26369 - Hospital Universitário João de Barros Barreto;88.359.474;84.560.289;98.177.681;93.615.076;93.615.076;88.453.394
2020;26370 - Hospital Universitário Bettina Ferro Souza;12.968.619;12.449.291;14.956.372;13.680.753;13.680.753;12.856.141
2020;26371 - Hospital Universitário Lauro Wanderley;182.523.214;176.461.007;205.162.685;202.261.825;202.261.825;190.309.612
2020;26372 - Hospital de Clínicas da Universidade Federal do Paraná;189.023.730;180.128.225;197.343.718;193.676.813;193.676.813;182.575.439
2020;26373 - Hospital das Clínicas da Universidade Federal de Pernambuco;220.830.162;213.861.449;241.872.792;238.273.406;238.273.406;223.692.161
2020;26374 - Complexo Hospitalar e de Saúde da Universidade Federal do Rio Grande do Norte;120.854.594;115.154.451;124.543.171;120.115.489;120.115.489;113.138.057
2020;26378 - Complexo Hospitalar e de Saúde da Universidade Federal do Rio de Janeiro;540.610.263;551.812.844;635.123.357;625.292.193;612.956.179;576.936.778
2020;26385 - Hospital Universitário da Universidade Federal da Grande Dourados;35.120.311;33.485.847;36.465.009;35.292.850;35.292.850;33.262.983
2020;26386 - Hospital Universitário Prof. Polydoro Ernani de São Thiago;200.340.144;193.084.747;220.079.033;215.174.284;215.156.650;202.490.497
2020;26387 - Hospital Universitário de Santa Maria;180.831.152;173.898.089;203.455.606;200.361.012;200.361.012;188.276.531
2020;26388 - Hospital Universitário Alcides Carneiro;65.412.795;62.643.646;65.452.268;63.047.119;63.047.119;59.007.535
2020;26389 - Hospital de Clínicas da Universidade Federal do Triângulo Mineiro;129.134.802;122.928.592;127.008.532;123.590.110;123.590.110;117.066.406
2020;26391 - Hospital Universitário Gaffree e Guinle;133.462.647;127.627.628;140.937.702;134.055.565;134.055.565;126.490.929
2020;26392 - Hospital Universitário Getúlio Vargas;74.651.236;72.101.442;82.137.391;79.553.445;79.553.445;74.707.288
2020;26393 - Hospital Universitário de Brasília;78.487.632;74.710.899;82.193.015;79.777.805;79.777.805;75.525.482
2020;26394 - Hospital Universitário da Fundação Universidade do Maranhão;77.458.646;73.816.558;81.421.281;79.521.256;79.521.256;75.255.128
2020;26395 - Hospital Universitário Dr. Miguel Riet Corrêa Jr.;60.811.475;58.384.672;68.477.689;64.977.986;64.977.986;61.137.768
2020;26396 - Hospital de Clínicas da Universidade Federal de Uberlândia;273.432.263;263.142.746;306.211.772;300.172.186;299.892.463;282.449.054
2020;26397 - Hospital Júlio Muller;34.535.017;32.892.194;33.565.467;31.656.088;31.656.088;30.003.795
2020;26398 - Hospital das Clínicas da Fundação Universidade Federal de Pelotas;40.808.538;38.862.556;42.986.826;41.944.737;41.944.737;39.484.786
2020;26399 - Hospital Universitário da Fundação Universidade Federal do Piauí;4.675.824;4.511.480;5.843.018;5.060.997;5.060.997;4.740.829
2020;26400 - Hospital Universitário da Fundação Universidade Federal de Sergipe;62.862.903;60.164.597;68.508.847;67.327.612;67.327.612;63.605.471
2020;26401 - Hospital Universitário Maria Pedrossian;16.350;16.294;217.916;0;0;0
2020;26402 - Instituto Federal de Alagoas;394.696.520;378.840.851;473.477.032;471.201.358;441.087.288;408.615.401
2020;26403 - Instituto Federal do Amazonas;363.068.124;369.814.658;428.530.071;425.402.628;356.903.519;326.182.880
2020;26404 - Instituto Federal Baiano;304.202.290;292.596.130;350.893.144;346.065.084;315.705.412;294.712.860
2020;26405 - Instituto Federal do Ceará;687.761.511;686.265.503;800.924.716;795.947.299;751.718.739;690.858.951
2020;26406 - Instituto Federal do Espírito Santo;622.942.275;647.183.604;767.697.084;761.962.712;715.284.591;659.978.149
2020;26407 - Instituto Federal Goiano;300.578.966;289.461.173;349.501.742;344.662.774;314.087.341;292.741.886
2020;26408 - Instituto Federal do Maranhão;591.185.352;568.953.193;657.081.269;651.573.078;621.849.955;578.572.532
2020;26409 - Instituto Federal de Minas Gerais;393.513.705;387.089.950;448.160.736;442.401.506;412.529.188;383.971.273
2020;26410 - Instituto Federal do Norte de Minas Gerais;256.520.556;249.643.141;296.064.445;292.284.127;267.537.936;248.971.154
2020;26411 - Instituto Federal do Sudeste de Minas Gerais;282.933.918;272.071.567;328.098.051;318.414.024;295.783.550;278.003.770
2020;26412 - Instituto Federal do Sul de Minas Gerais;260.175.089;250.913.053;302.671.831;299.224.652;268.337.776;248.751.997
2020;26413 - Instituto Federal do Triângulo Mineiro;232.473.547;223.438.207;263.196.071;255.169.399;241.585.290;226.761.649
2020;26414 - Instituto Federal do Mato Grosso;424.267.521;406.908.694;482.600.060;477.768.493;444.239.502;414.869.944
2020;26415 - Instituto Federal do Mato Grosso do Sul;194.077.249;185.709.163;215.452.398;213.144.053;202.567.881;189.528.860
2020;26416 - Instituto Federal do Pará;440.570.103;424.113.131;502.312.923;491.761.051;470.665.619;443.638.342
2020;26417 - Instituto Federal da Paraíba;507.964.299;493.990.989;599.771.558;596.385.564;562.288.717;520.311.220
2020;26418 - Instituto Federal de Pernambuco;518.331.108;498.454.763;595.419.415;581.271.854;554.620.094;512.532.927
2020;26419 - Instituto Federal do Rio Grande do Sul;434.798.998;416.837.013;496.449.142;485.654.783;462.434.834;435.583.547
2020;26420 - Instituto Federal Farroupilha;290.802.646;278.279.834;330.623.297;324.532.602;300.009.887;279.870.961
2020;26421 - Instituto Federal de Rondônia;211.127.002;223.726.767;254.006.857;249.043.533;215.833.777;200.460.545
2020;26422 - Instituto Federal Catarinense;365.540.493;349.522.774;407.381.695;402.771.032;370.061.495;346.395.841
2020;26423 - Instituto Federal de Sergipe;249.625.001;241.240.640;295.156.595;291.008.856;280.390.171;260.505.917
2020;26424 - Instituto Federal do Tocantins;232.570.414;222.858.627;260.353.144;254.108.084;237.629.736;220.278.721
2020;26425 - Instituto Federal do Acre;112.073.072;108.476.942;126.962.334;124.127.781;113.148.748;105.997.058
2020;26426 - Instituto Federal do Amapá;96.804.362;105.621.155;113.778.170;111.171.773;90.915.846;85.059.752
2020;26427 - Instituto Federal da Bahia;535.190.838;515.947.198;633.078.491;621.857.155;592.639.599;551.178.709
2020;26428 - Instituto Federal de Brasília;225.294.268;230.282.327;264.978.731;258.229.744;233.712.024;221.598.153
2020;26429 - Instituto Federal de Goiás;443.168.245;427.671.117;504.267.963;495.143.925;477.502.240;443.148.574
2020;26430 - Instituto Federal do Sertão Pernambucano;175.800.452;168.199.061;202.686.039;199.512.590;190.329.587;174.984.440
2020;26431 - Instituto Federal do Piauí;426.430.432;408.040.106;485.130.195;476.489.569;452.347.511;420.027.397
2020;26432 - Instituto Federal do Paraná;403.325.107;387.955.410;464.758.625;460.276.645;421.294.823;395.300.977
2020;26433 - Instituto Federal do Rio de Janeiro;412.990.550;400.509.973;463.544.455;442.240.253;422.908.972;400.880.753
2020;26434 - Instituto Federal Fluminense;382.267.942;372.244.055;517.646.035;510.687.292;490.178.756;456.210.404
2020;26435 - Instituto Federal do Rio Grande do Norte;583.217.592;575.871.553;679.396.666;669.902.855;603.220.885;555.933.730
2020;26436 - Instituto Federal Sul-rio-grandense;424.279.602;407.780.623;480.239.783;475.167.652;451.832.339;420.487.422
2020;26437 - Instituto Federal de Roraima;128.244.468;124.662.264;143.810.070;137.097.856;124.377.128;116.228.429
2020;26438 - Instituto Federal de Santa Catarina;563.341.072;542.733.825;649.917.983;637.771.663;600.657.757;553.972.606
2020;26439 - Instituto Federal de São Paulo;911.118.838;893.278.824;1.009.274.936;985.008.777;939.108.223;883.560.628
2020;26440 - Universidade Federal da Fronteira Sul;251.812.586;241.334.683;280.945.907;277.995.264;242.216.877;228.549.617
2020;26441 - Universidade Federal do Oeste do Pará;183.915.985;178.168.368;209.877.691;207.461.917;196.223.004;186.045.349
2020;26442 - Universidade da Integração Internacional da Lusofonia Afro-Brasileira;127.579.289;124.910.252;151.094.009;149.624.057;138.449.980;130.367.095
2020;26443 - Empresa Brasileira de Serviços Hospitalares;3.340.770.059;3.279.935.910;6.597.029.590;6.255.690.737;5.885.764.275;5.489.154.429
2020;26444 - Maternidade Victor Ferreira do Amaral;4.437.052;4.225.946;6.528.943;3.052.025;3.052.025;3.052.025
2020;26445 - Hospital Universitário da UNIFESP;305.085.037;291.933.106;324.104.585;317.304.199;316.004.199;298.192.779
2020;26447 - Universidade Federal do Oeste da Bahia;101.101.647;96.454.732;116.516.571;114.044.785;104.949.272;99.295.733
2020;26448 - Universidade Federal do Sul e Sudeste do Pará;125.818.615;123.598.044;146.161.329;144.421.206;131.707.455;123.933.037
2020;26449 - Universidade Federal do Cariri;106.920.246;109.533.096;126.699.303;121.619.891;111.648.121;105.293.843
2020;26450 - Universidade Federal do Sul da Bahia;97.363.325;92.915.740;109.776.923;108.064.116;99.406.240;93.743.082
2020;26451 - Hospital Universitário da Universidade Federal do Vale do São Francisco;178.788;175.471;647.926;0;0;0
2020;26452 - Universidade Federal de Catalão;24.288.181;23.670.835;48.466.695;43.853.433;39.423.182;33.708.306
2020;26453 - Universidade Federal de Jataí;22.160.205;21.180.031;50.183.937;45.302.571;40.957.274;35.076.615
2020;26454 - Universidade Federal de Rondonópolis;27.403.500;35.343.223;55.130.333;51.245.751;35.440.881;29.776.440
2020;26455 - Universidade Federal do Delta do Parnaíba;27.301.941;26.031.723;46.899.056;40.966.933;35.669.883;31.596.209
2020;26456 - Universidade Federal do Agreste de Pernambuco;47.148.696;44.798.848;49.050.634;44.805.206;38.619.992;34.587.636
2020;26457 - Universidade Federal do Norte do Tocantins;27.000;526.243;3.254.212;499.870;369.990;175.000
2021;26101 - Ministério da Educação - Administração Direta;3.347.130.960;3.194.401.380;2.437.278.063;1.921.278.555;1.604.011.475;1.505.400.019
2021;26104 - Instituto Nacional de Educação de Surdos;85.000.356;84.369.367;146.977.626;136.513.115;131.340.116;122.211.466
2021;26105 - Instituto Benjamin Constant;55.160.344;54.611.615;97.723.404;95.227.592;88.962.235;82.740.934
2021;26201 - Colégio Pedro II;433.135.519;432.696.905;741.573.880;731.814.665;703.185.134;645.093.201
2021;26230 - Fundação Universidade Federal do Vale do São Francisco;95.411.490;94.608.565;200.198.202;197.378.662;189.076.216;176.856.303
2021;26231 - Universidade Federal de Alagoas;518.326.691;517.337.891;907.655.404;891.791.317;869.991.063;813.826.116
2021;26232 - Universidade Federal da Bahia;990.771.634;984.071.002;1.666.562.713;1.648.833.648;1.621.648.026;1.515.239.513
2021;26233 - Universidade Federal do Ceará;836.981.189;834.348.584;1.443.610.473;1.433.624.288;1.418.564.686;1.332.843.431
2021;26234 - Universidade Federal do Espírito Santo;544.731.472;545.298.739;983.479.159;970.478.171;935.297.949;872.964.631
2021;26235 - Universidade Federal de Goiás;750.387.959;746.450.372;1.202.942.026;1.169.024.759;1.153.706.450;1.076.075.654
2021;26236 - Universidade Federal Fluminense;1.246.828.050;1.267.019.513;2.168.260.942;2.142.688.218;2.044.352.579;1.909.527.476
2021;26237 - Universidade Federal de Juiz de Fora;598.684.089;594.939.661;972.790.726;960.889.442;912.659.030;861.427.062
2021;26238 - Universidade Federal de Minas Gerais;1.286.304.549;1.288.637.969;2.184.946.458;2.163.706.058;2.121.636.001;2.002.538.657
2021;26239 - Universidade Federal do Pará;807.531.250;810.313.927;1.454.967.801;1.435.825.427;1.384.502.358;1.299.777.810
2021;26240 - Universidade Federal da Paraíba;1.143.811.228;1.140.737.077;1.888.636.500;1.871.615.421;1.835.494.587;1.703.423.486
2021;26241 - Universidade Federal do Paraná;1.022.382.693;1.017.920.324;1.691.388.334;1.686.142.279;1.640.983.401;1.544.931.669
2021;26242 - Universidade Federal de Pernambuco;1.030.882.018;1.047.528.675;1.766.731.437;1.753.446.980;1.675.887.429;1.568.200.828
2021;26243 - Universidade Federal do Rio Grande do Norte;1.006.613.813;1.005.918.868;1.718.369.480;1.703.763.031;1.646.600.931;1.539.814.985
2021;26244 - Universidade Federal do Rio Grande do Sul;1.226.239.417;1.223.487.627;2.062.022.783;2.037.995.011;1.977.270.397;1.852.218.175
2021;26245 - Universidade Federal do Rio de Janeiro;2.029.696.237;2.030.070.550;3.390.121.707;3.343.965.042;3.301.742.198;3.092.323.501
2021;26246 - Universidade Federal de Santa Catarina;977.725.990;972.850.859;1.666.665.862;1.645.493.164;1.592.746.756;1.487.829.207
2021;26247 - Universidade Federal de Santa Maria;712.900.195;710.167.698;1.276.165.420;1.268.153.842;1.219.961.056;1.148.567.247
2021;26248 - Universidade Federal Rural de Pernambuco;387.184.193;384.626.922;654.455.308;632.821.558;620.355.191;578.430.882
2021;26249 - Universidade Federal Rural do Rio de Janeiro;390.420.102;390.679.711;710.437.680;707.856.191;667.478.038;609.031.947
2021;26250 - Fundação Universidade Federal de Roraima;123.802.968;126.208.858;251.424.811;244.484.615;228.083.678;212.327.711
2021;26251 - Fundação Universidade Federal do Tocantins;181.779.964;184.570.424;370.646.030;358.867.481;346.255.216;322.645.742
2021;26252 - Universidade Federal de Campina Grande;399.962.822;397.913.991;736.691.756;730.504.006;704.769.658;647.807.173
2021;26253 - Universidade Federal Rural da Amazônia;135.813.431;134.258.579;265.021.367;262.913.909;251.613.380;232.882.045
2021;26254 - Universidade Federal do Triângulo Mineiro;225.638.721;225.772.479;415.496.717;412.967.841;398.434.272;373.054.612
2021;26255 - Universidade Federal dos Vales do Jequitinhonha e Mucuri;145.312.546;144.725.262;300.470.056;295.856.995;278.080.287;260.653.572
2021;26256 - Centro Federal de Educação Tecnológica Celso Suckow da Fonseca;241.557.814;241.604.030;439.776.090;430.135.562;417.436.140;385.001.523
2021;26257 - Centro Federal de Educação Tecnológica de Minas Gerais;266.974.964;265.676.226;499.414.832;493.753.694;478.015.108;440.124.315
2021;26258 - Universidade Tecnológica Federal do Paraná;559.857.009;554.109.203;1.073.031.333;1.059.413.149;996.761.282;923.123.198
2021;26260 - Universidade Federal de Alfenas;135.306.217;132.614.031;256.816.063;254.845.065;241.420.204;224.851.513
2021;26261 - Universidade Federal de Itajubá;133.790.944;131.994.021;249.428.522;247.709.446;231.706.637;216.305.971
2021;26262 - Universidade Federal de São Paulo;620.609.328;658.954.687;1.143.850.990;1.125.609.965;1.064.944.176;1.003.241.383
2021;26263 - Universidade Federal de Lavras;226.547.807;223.619.781;410.838.761;406.853.708;393.696.942;370.226.792
2021;26264 - Universidade Federal Rural do Semi-Árido;156.201.606;155.520.086;299.493.443;296.217.355;280.442.943;261.036.073
2021;26266 - Fundação Universidade Federal do Pampa;165.538.113;163.727.302;346.880.327;343.238.794;328.738.935;308.578.054
2021;26267 - Universidade Federal da Integração Latino Americana;80.953.800;78.886.884;172.868.258;170.024.344;160.372.831;150.971.652
2021;26268 - Fundação Universidade Federal de Rondônia;160.086.681;164.028.660;305.059.507;299.768.832;284.315.439;266.109.763
2021;26269 - Fundação Universidade do Rio de Janeiro;253.162.287;311.502.358;525.205.042;518.846.154;503.001.861;466.929.414
2021;26270 - Fundação Universidade do Amazonas;420.850.613;416.369.993;783.798.233;751.914.518;705.295.481;652.898.151
2021;26271 - Fundação Universidade de Brasília;1.104.738.232;1.153.754.194;1.960.887.952;1.890.180.676;1.753.598.614;1.648.825.252
2021;26272 - Fundação Universidade Federal do Maranhão;451.937.157;450.105.051;821.291.277;813.622.312;797.115.904;747.212.710
2021;26273 - Fundação Universidade Federal do Rio Grande;294.676.559;290.931.693;523.494.773;513.563.340;502.706.063;474.754.653
2021;26274 - Universidade Federal de Uberlândia;636.588.372;631.018.348;1.147.739.354;1.134.461.126;1.100.683.787;1.031.934.563
2021;26275 - Fundação Universidade Federal do Acre;199.164.757;200.447.671;361.038.041;356.124.453;337.854.887;314.096.934
2021;26276 - Fundação Universidade Federal de Mato Grosso;508.767.460;508.881.053;873.316.950;853.625.893;830.783.903;769.305.681
2021;26277 - Fundação Universidade Federal de Ouro Preto;252.946.223;251.615.488;471.335.603;464.604.718;444.803.917;415.005.887
2021;26278 - Fundação Universidade Federal de Pelotas;457.261.038;455.580.299;812.047.869;805.193.479;801.408.135;749.562.825
2021;26279 - Fundação Universidade Federal do Piauí;462.506.393;461.869.957;808.572.431;790.112.646;757.652.293;701.994.255
2021;26280 - Fundação Universidade Federal de São Carlos;370.918.419;369.974.438;681.964.112;674.764.496;667.400.094;624.722.282
2021;26281 - Fundação Universidade Federal de Sergipe;392.885.494;396.912.616;753.516.977;747.485.291;726.665.631;678.796.206
2021;26282 - Fundação Universidade Federal de Viçosa;560.852.013;557.215.648;965.415.065;952.659.269;924.783.439;860.738.254
2021;26283 - Fundação Universidade Federal de Mato Grosso do Sul;517.254.469;518.389.062;929.415.284;920.861.914;898.721.006;847.213.725
2021;26284 - Fundação Universidade Federal de Ciências da Saúde de Porto Alegre;76.399.914;75.431.373;150.871.482;149.430.699;135.525.872;127.753.103
2021;26285 - Fundação Universidade Federal de São João del-Rei;168.070.156;167.180.828;354.679.259;351.538.002;332.618.119;310.790.122
2021;26286 - Fundação Universidade Federal do Amapá;101.507.408;120.761.014;233.311.076;231.222.006;196.825.693;181.141.492
2021;26290 - Instituto Nacional de Estudos e Pesquisas Educacionais Anísio Teixeira;977.128.742;957.561.457;1.056.349.446;1.047.068.672;497.903.860;491.436.043
2021;26291 - Fundação Coordenação de Aperfeiçoamento de Pessoal de Nível Superior;1.911.483.245;1.882.508.498;3.377.872.437;3.393.112.193;3.141.174.770;3.134.404.700
2021;26292 - Fundação Joaquim Nabuco;80.778.423;79.821.574;136.471.792;127.498.446;122.351.371;114.826.820
2021;26294 - Hospital de Clínicas de Porto Alegre;1.378.387.055;1.376.650.486;1.457.648.026;1.431.110.548;1.396.295.276;1.292.533.499
2021;26298 - Fundo Nacional de Desenvolvimento da Educação;16.096.983.268;17.022.183.176;38.636.535.039;35.119.796.220;28.607.909.635;28.582.422.169
2021;26350 - Fundação Universidade Federal da Grande Dourados;127.259.529;125.370.033;259.169.499;255.368.700;240.447.123;225.422.053
2021;26351 - Universidade Federal do Recôncavo da Bahia;156.032.110;155.042.886;321.378.369;315.424.664;297.371.373;276.415.634
2021;26352 - Fundação Universidade Federal do ABC;154.115.938;154.007.169;325.198.079;321.736.361;305.931.093;288.682.482
2021;26358 - Hospital Universitário Prof. Alberto Antunes;107.089.732;107.089.732;119.668.887;117.818.148;117.818.148;110.929.507
2021;26359 - Complexo Hospitalar e de Saúde da Universidade Federal da Bahia;123.843.885;123.843.885;125.341.890;121.290.360;121.290.360;114.075.143
2021;26362 - Hospital Universitário Walter Cantídio;148.780.950;148.780.950;159.270.146;156.387.680;156.387.065;147.593.053
2021;26363 - Maternidade-Escola Assis Chateaubriand;71.036.171;71.036.171;78.255.789;76.972.754;76.972.022;72.490.630
2021;26364 - Hospital Universitário Cassiano Antônio Morais;107.886.818;107.886.818;120.498.460;119.348.976;119.348.976;111.899.301
2021;26365 - Hospital das Clínicas da Universidade Federal de Goiás;124.025.911;124.025.911;123.251.582;120.458.022;120.458.022;113.565.255
2021;26366 - Hospital Universitário Antonio Pedro;180.620.113;180.620.113;178.754.707;176.070.557;176.070.557;165.507.120
2021;26367 - Hospital Universitário da Universidade Federal de Juiz de Fora;44.762.759;44.762.759;47.195.081;46.677.277;46.677.277;43.851.995
2021;26368 - Hospital das Clínicas da Universidade Federal de Minas Gerais;235.372.080;235.372.080;249.797.835;242.593.589;242.593.589;227.113.869
2021;26369 - Hospital Universitário João de Barros Barreto;92.177.225;92.177.225;96.505.512;94.774.647;94.774.647;88.992.344
2021;26370 - Hospital Universitário Bettina Ferro Souza;13.476.410;13.476.410;14.122.488;13.740.527;13.740.527;12.818.269
2021;26371 - Hospital Universitário Lauro Wanderley;186.111.851;186.111.851;205.639.705;203.913.185;203.913.185;191.534.986
2021;26372 - Hospital de Clínicas da Universidade Federal do Paraná;198.863.299;198.863.299;196.814.514;193.077.409;193.077.409;181.887.130
2021;26373 - Hospital das Clínicas da Universidade Federal de Pernambuco;217.227.130;217.227.130;242.708.756;241.268.988;241.268.988;225.140.353
2021;26374 - Complexo Hospitalar e de Saúde da Universidade Federal do Rio Grande do Norte;124.946.356;124.946.356;124.302.500;119.590.436;119.590.436;112.176.493
2021;26378 - Complexo Hospitalar e de Saúde da Universidade Federal do Rio de Janeiro;549.146.262;554.791.262;600.201.361;594.402.452;569.544.560;533.775.531
2021;26385 - Hospital Universitário da Universidade Federal da Grande Dourados;36.465.341;36.465.341;36.507.476;35.047.848;35.047.848;32.877.369
2021;26386 - Hospital Universitário Prof. Polydoro Ernani de São Thiago;199.912.904;199.912.904;226.087.622;216.876.528;216.854.300;204.004.172
2021;26387 - Hospital Universitário de Santa Maria;188.783.042;188.783.042;207.565.980;204.188.951;203.988.951;191.338.936
2021;26388 - Hospital Universitário Alcides Carneiro;62.015.120;62.015.120;66.041.477;64.373.150;64.373.150;59.825.004
2021;26389 - Hospital de Clínicas da Universidade Federal do Triângulo Mineiro;126.974.270;126.974.270;119.322.101;112.986.144;112.914.776;106.715.071
2021;26391 - Hospital Universitário Gaffree e Guinle;134.533.406;134.533.406;140.142.170;128.202.132;128.202.132;120.871.964
2021;26392 - Hospital Universitário Getúlio Vargas;74.673.014;74.673.014;82.644.909;80.077.349;80.077.349;75.149.171
2021;26393 - Hospital Universitário de Brasília;80.630.479;80.630.479;82.831.565;81.016.207;81.016.207;76.090.795
2021;26394 - Hospital Universitário da Fundação Universidade do Maranhão;79.665.796;79.665.796;80.991.214;80.136.544;80.136.544;75.426.981
2021;26395 - Hospital Universitário Dr. Miguel Riet Corrêa Jr.;64.087.464;64.087.464;67.903.189;66.022.537;66.022.537;62.126.726
2021;26396 - Hospital de Clínicas da Universidade Federal de Uberlândia;287.579.121;287.579.121;302.803.849;295.643.517;295.643.517;277.772.668
2021;26397 - Hospital Júlio Muller;33.859.223;33.859.223;31.137.563;29.267.506;29.267.506;27.461.274
2021;26398 - Hospital das Clínicas da Fundação Universidade Federal de Pelotas;42.541.353;42.541.353;42.389.450;41.407.057;41.407.057;38.804.092
2021;26399 - Hospital Universitário da Fundação Universidade Federal do Piauí;4.932.751;4.932.751;5.552.692;5.097.344;5.097.344;4.783.092
2021;26400 - Hospital Universitário da Fundação Universidade Federal de Sergipe;64.928.341;64.928.341;70.871.905;70.118.721;70.118.721;65.769.352
2021;26401 - Hospital Universitário Maria Pedrossian;3.000;3.000;3.000;0;0;0
2021;26402 - Instituto Federal de Alagoas;255.025.948;254.611.073;479.125.514;475.003.820;454.704.104;420.739.896
2021;26403 - Instituto Federal do Amazonas;194.214.086;194.220.848;390.083.673;385.846.078;365.560.899;332.556.447
2021;26404 - Instituto Federal Baiano;170.642.384;169.085.007;354.269.324;348.291.644;324.298.680;299.406.660
2021;26405 - Instituto Federal do Ceará;399.106.650;396.949.305;815.909.355;810.998.130;781.688.151;721.730.015
2021;26406 - Instituto Federal do Espírito Santo;377.891.073;396.857.825;753.638.440;749.478.932;726.620.960;668.926.291
2021;26407 - Instituto Federal Goiano;161.445.833;159.756.947;354.661.563;351.234.219;331.188.857;307.122.956
2021;26408 - Instituto Federal do Maranhão;322.016.445;322.041.516;677.403.097;674.681.924;640.358.911;582.758.281
2021;26409 - Instituto Federal de Minas Gerais;229.178.140;226.881.303;451.692.641;445.499.734;425.764.700;393.568.770
2021;26410 - Instituto Federal do Norte de Minas Gerais;139.115.714;141.285.255;297.378.365;292.211.584;274.816.839;255.187.033
2021;26411 - Instituto Federal do Sudeste de Minas Gerais;166.033.623;165.375.733;324.809.294;319.273.097;302.986.690;281.558.802
2021;26412 - Instituto Federal do Sul de Minas Gerais;151.853.502;151.832.835;302.809.249;300.330.316;278.966.519;255.978.454
2021;26413 - Instituto Federal do Triângulo Mineiro;130.558.103;129.547.646;267.710.223;265.259.047;258.073.575;238.628.929
2021;26414 - Instituto Federal do Mato Grosso;242.739.539;246.165.817;496.833.965;494.322.046;459.778.539;427.025.784
2021;26415 - Instituto Federal do Mato Grosso do Sul;99.694.119;105.216.743;226.940.532;224.589.099;209.248.869;194.681.825
2021;26416 - Instituto Federal do Pará;248.999.310;248.985.173;522.201.732;519.587.399;499.800.932;453.241.488
2021;26417 - Instituto Federal da Paraíba;305.155.437;312.274.725;616.430.786;601.906.332;574.048.545;529.697.681
2021;26418 - Instituto Federal de Pernambuco;314.772.341;313.766.812;614.699.547;610.074.692;591.896.970;547.878.755
2021;26419 - Instituto Federal do Rio Grande do Sul;248.518.652;246.125.189;506.969.392;502.849.575;486.844.516;454.648.687
2021;26420 - Instituto Federal Farroupilha;160.490.485;158.868.395;335.722.164;332.014.765;312.851.847;288.514.562
2021;26421 - Instituto Federal de Rondônia;107.187.133;120.204.391;251.909.160;249.507.489;219.885.065;201.194.525
2021;26422 - Instituto Federal Catarinense;200.005.432;198.648.647;411.148.712;407.493.192;387.410.159;359.501.051
2021;26423 - Instituto Federal de Sergipe;158.364.609;157.621.039;299.829.105;293.672.221;287.867.110;266.442.920
2021;26424 - Instituto Federal do Tocantins;121.349.326;120.778.974;259.933.145;257.822.985;245.505.312;226.269.391
2021;26425 - Instituto Federal do Acre;57.884.612;59.150.676;127.583.921;126.111.070;118.112.470;110.352.849
2021;26426 - Instituto Federal do Amapá;49.187.097;59.917.229;118.327.397;116.051.505;93.342.425;85.918.215
2021;26427 - Instituto Federal da Bahia;314.375.847;313.420.467;633.918.071;623.233.912;603.457.249;557.579.392
2021;26428 - Instituto Federal de Brasília;116.209.936;151.835.501;293.866.185;291.976.839;255.704.808;240.760.406
2021;26429 - Instituto Federal de Goiás;253.376.738;254.246.889;512.610.341;511.140.420;492.995.563;450.832.276
2021;26430 - Instituto Federal do Sertão Pernambucano;111.710.369;111.139.951;201.769.441;198.459.954;192.245.088;176.928.872
2021;26431 - Instituto Federal do Piauí;240.354.967;238.934.713;503.048.691;497.467.878;485.649.756;439.604.573
2021;26432 - Instituto Federal do Paraná;219.107.328;220.025.490;469.535.764;465.463.692;440.685.241;411.927.728
2021;26433 - Instituto Federal do Rio de Janeiro;233.089.219;247.095.724;480.386.247;471.197.910;446.203.236;416.446.003
2021;26434 - Instituto Federal Fluminense;269.723.573;270.935.646;487.942.621;485.706.808;469.079.077;429.839.068
2021;26435 - Instituto Federal do Rio Grande do Norte;338.737.281;338.213.344;683.757.896;664.019.877;616.804.979;561.455.685
2021;26436 - Instituto Federal Sul-rio-grandense;251.651.928;251.583.402;492.572.842;481.978.696;469.941.785;432.801.578
2021;26437 - Instituto Federal de Roraima;70.806.152;70.676.546;144.080.540;142.365.762;131.684.194;121.859.877
2021;26438 - Instituto Federal de Santa Catarina;340.560.155;338.024.396;663.332.460;653.025.709;632.052.577;581.835.568
2021;26439 - Instituto Federal de São Paulo;488.606.277;502.282.096;1.046.187.651;1.030.357.375;978.774.002;906.557.576
2021;26440 - Universidade Federal da Fronteira Sul;129.451.924;128.135.408;279.844.937;278.079.040;253.939.838;238.846.532
2021;26441 - Universidade Federal do Oeste do Pará;99.312.155;98.522.065;205.285.667;204.251.871;194.409.868;183.793.751
2021;26442 - Universidade da Integração Internacional da Lusofonia Afro-Brasileira;67.040.596;67.465.518;151.494.305;148.669.839;142.272.160;133.347.740
2021;26443 - Empresa Brasileira de Serviços Hospitalares;6.716.325.780;6.679.206.182;6.900.554.916;6.832.623.635;6.390.929.394;6.039.076.007
2021;26444 - Maternidade Victor Ferreira do Amaral;2.000;2.000;2.000;0;0;0
2021;26445 - Hospital Universitário da UNIFESP;312.346.270;312.346.270;336.369.212;332.263.275;321.643.090;301.869.227
2021;26447 - Universidade Federal do Oeste da Bahia;52.612.325;51.971.006;115.139.343;114.153.814;107.591.291;100.524.467
2021;26448 - Universidade Federal do Sul e Sudeste do Pará;68.618.777;69.746.064;147.240.034;146.099.865;134.834.752;126.796.624
2021;26449 - Universidade Federal do Cariri;57.576.983;58.091.191;122.937.289;120.134.757;113.439.508;106.679.284
2021;26450 - Universidade Federal do Sul da Bahia;56.015.689;55.623.703;114.776.396;113.624.593;107.351.892;101.411.692
2021;26451 - Hospital Universitário da Universidade Federal do Vale do São Francisco;3.000;3.000;3.000;0;0;0
2021;26452 - Universidade Federal de Catalão;15.782.520;15.470.118;96.714.516;88.490.200;85.562.177;79.337.818
2021;26453 - Universidade Federal de Jataí;15.689.750;15.334.507;98.195.454;89.921.428;88.602.410;82.469.901
2021;26454 - Universidade Federal de Rondonópolis;15.989.511;19.536.407;97.179.980;89.629.351;79.251.919;71.859.517
2021;26455 - Universidade Federal do Delta do Parnaíba;15.116.962;14.816.320;72.413.493;66.892.455;61.034.485;56.165.978
2021;26456 - Universidade Federal do Agreste de Pernambuco;15.285.401;15.246.050;66.940.987;60.539.262;56.252.759;51.552.820
2021;26457 - Universidade Federal do Norte do Tocantins;19.917.834;19.958.474;41.687.264;33.672.602;24.872.149;24.568.850
2022;26101 - Ministério da Educação - Administração Direta;4.659.659.835;4.673.787.006;2.857.287.907;2.492.375.497;1.888.307.136;1.726.617.398
2022;26104 - Instituto Nacional de Educação de Surdos;146.373.963;146.373.963;146.835.725;143.451.645;135.424.486;126.828.802
2022;26105 - Instituto Benjamin Constant;94.569.671;94.719.671;99.664.431;96.528.169;90.863.394;84.444.642
2022;26201 - Colégio Pedro II;744.403.025;747.772.419;756.435.503;752.215.292;725.972.266;669.422.570
2022;26230 - Fundação Universidade Federal do Vale do São Francisco;208.695.604;209.929.145;214.063.734;212.341.639;206.380.091;194.012.898
2022;26231 - Universidade Federal de Alagoas;943.512.654;945.553.863;914.615.838;906.085.600;883.642.247;826.195.770
2022;26232 - Universidade Federal da Bahia;1.684.838.957;1.686.119.542;1.709.349.476;1.691.119.544;1.666.280.160;1.557.697.900
2022;26233 - Universidade Federal do Ceará;1.499.556.005;1.500.888.290;1.482.830.681;1.471.048.911;1.456.392.082;1.365.598.000
2022;26234 - Universidade Federal do Espírito Santo;1.000.897.358;1.005.450.024;1.007.640.046;1.000.643.284;973.840.385;911.322.512
2022;26235 - Universidade Federal de Goiás;1.193.806.364;1.195.774.566;1.208.632.562;1.201.078.933;1.191.822.864;1.121.222.466
2022;26236 - Universidade Federal Fluminense;2.163.526.888;2.191.394.946;2.205.637.279;2.191.970.382;2.121.435.384;1.987.282.643
2022;26237 - Universidade Federal de Juiz de Fora;1.006.031.285;1.006.833.786;1.013.635.894;1.009.073.118;977.964.470;925.757.568
2022;26238 - Universidade Federal de Minas Gerais;2.205.806.477;2.217.962.460;2.212.362.628;2.194.778.366;2.161.771.190;2.035.658.080
2022;26239 - Universidade Federal do Pará;1.482.849.454;1.488.386.554;1.499.836.971;1.493.265.703;1.448.306.981;1.362.493.106
2022;26240 - Universidade Federal da Paraíba;1.838.889.189;1.840.410.352;1.821.359.557;1.793.103.504;1.744.573.280;1.613.549.586
2022;26241 - Universidade Federal do Paraná;1.715.179.733;1.718.045.260;1.732.240.403;1.705.144.964;1.683.378.443;1.589.273.529
2022;26242 - Universidade Federal de Pernambuco;1.713.751.001;1.716.755.693;1.687.789.649;1.672.503.066;1.616.193.222;1.510.379.354
2022;26243 - Universidade Federal do Rio Grande do Norte;1.720.243.147;1.730.237.354;1.733.111.235;1.725.635.020;1.696.872.005;1.581.747.144
2022;26244 - Universidade Federal do Rio Grande do Sul;2.090.759.929;2.090.758.721;2.061.228.022;2.039.836.400;2.004.888.039;1.883.793.655
2022;26245 - Universidade Federal do Rio de Janeiro;3.363.505.008;3.379.285.075;3.334.039.064;3.307.846.474;3.289.041.664;3.079.351.457
2022;26246 - Universidade Federal de Santa Catarina;1.678.622.056;1.678.428.188;1.680.618.601;1.661.696.776;1.625.076.106;1.525.964.382
2022;26247 - Universidade Federal de Santa Maria;1.307.400.316;1.306.727.253;1.307.296.359;1.300.589.252;1.280.191.737;1.209.627.735
2022;26248 - Universidade Federal Rural de Pernambuco;648.589.317;649.073.904;656.031.880;645.448.884;637.875.141;594.369.867
2022;26249 - Universidade Federal Rural do Rio de Janeiro;716.768.973;719.829.081;747.187.389;743.184.519;695.630.962;638.537.754
2022;26250 - Fundação Universidade Federal de Roraima;252.917.817;265.313.841;273.476.900;270.169.313;244.672.318;229.684.184
2022;26251 - Fundação Universidade Federal do Tocantins;310.074.502;311.895.313;408.131.161;405.329.950;389.498.094;362.431.519
2022;26252 - Universidade Federal de Campina Grande;743.512.291;748.697.912;760.608.396;753.781.818;729.067.346;673.728.825
2022;26253 - Universidade Federal Rural da Amazônia;268.164.533;269.093.240;272.096.176;269.223.212;253.334.116;237.056.454
2022;26254 - Universidade Federal do Triângulo Mineiro;419.084.085;420.069.571;439.257.824;435.378.992;421.909.486;396.938.057
2022;26255 - Universidade Federal dos Vales do Jequitinhonha e Mucuri;312.251.137;312.801.589;315.486.434;312.156.492;302.717.482;284.357.428
2022;26256 - Centro Federal de Educação Tecnológica Celso Suckow da Fonseca;443.458.470;445.411.191;445.568.810;442.251.717;424.818.291;394.706.586
2022;26257 - Centro Federal de Educação Tecnológica de Minas Gerais;504.822.924;510.259.398;514.677.148;510.798.545;506.029.901;468.179.231
2022;26258 - Universidade Tecnológica Federal do Paraná;1.108.501.591;1.110.619.378;1.100.438.580;1.093.170.777;1.035.711.569;963.555.833
2022;26260 - Universidade Federal de Alfenas;264.906.449;266.801.634;274.358.768;269.831.251;254.829.184;236.723.702
2022;26261 - Universidade Federal de Itajubá;256.981.880;257.623.637;264.253.958;261.796.968;246.173.397;230.115.814
2022;26262 - Universidade Federal de São Paulo;1.111.614.883;1.148.995.804;1.136.290.132;1.128.649.189;1.075.452.562;1.013.480.820
2022;26263 - Universidade Federal de Lavras;419.980.359;420.763.977;423.372.817;420.831.064;411.110.675;384.790.767
2022;26264 - Universidade Federal Rural do Semi-Árido;311.427.799;312.834.253;317.402.672;313.538.034;302.777.538;282.699.073
2022;26266 - Fundação Universidade Federal do Pampa;356.579.152;359.474.654;367.216.664;363.974.966;354.468.526;334.086.723
2022;26267 - Universidade Federal da Integração Latino Americana;181.777.237;181.751.378;182.583.258;180.627.349;170.849.628;161.257.080
2022;26268 - Fundação Universidade Federal de Rondônia;316.723.861;333.936.414;335.936.264;330.905.914;299.356.346;280.799.747
2022;26269 - Fundação Universidade do Rio de Janeiro;454.955.783;517.517.730;532.649.997;527.914.331;515.599.240;463.277.464
2022;26270 - Fundação Universidade do Amazonas;757.494.340;776.871.457;791.454.569;782.251.892;744.095.672;697.970.014
2022;26271 - Fundação Universidade de Brasília;1.918.183.547;1.936.794.119;1.951.387.921;1.920.256.938;1.806.609.007;1.708.039.133
2022;26272 - Fundação Universidade Federal do Maranhão;843.297.362;845.911.656;864.222.165;858.133.165;841.883.921;785.983.200
2022;26273 - Fundação Universidade Federal do Rio Grande;541.102.960;540.978.264;537.695.010;532.639.447;528.226.942;499.549.869
2022;26274 - Universidade Federal de Uberlândia;1.177.895.866;1.177.698.640;1.203.823.509;1.196.118.344;1.165.754.469;1.096.753.090
2022;26275 - Fundação Universidade Federal do Acre;370.294.648;389.872.403;402.004.563;395.068.238;370.338.096;346.452.095
2022;26276 - Fundação Universidade Federal de Mato Grosso;860.894.362;861.339.078;872.518.257;867.249.061;854.354.881;787.128.706
2022;26277 - Fundação Universidade Federal de Ouro Preto;486.108.757;486.463.437;492.156.592;486.043.907;466.470.382;438.227.583
2022;26278 - Fundação Universidade Federal de Pelotas;826.384.976;827.085.267;837.253.849;831.013.941;826.412.739;772.297.877
2022;26279 - Fundação Universidade Federal do Piauí;820.848.699;821.111.498;821.029.581;814.142.357;789.922.471;737.999.026
2022;26280 - Fundação Universidade Federal de São Carlos;706.536.993;708.343.781;710.051.230;699.716.934;689.762.773;648.920.426
2022;26281 - Fundação Universidade Federal de Sergipe;768.815.305;774.403.453;776.016.746;771.620.202;751.311.839;704.726.074
2022;26282 - Fundação Universidade Federal de Viçosa;981.890.780;981.487.813;983.527.546;975.535.378;951.759.424;888.452.532
2022;26283 - Fundação Universidade Federal de Mato Grosso do Sul;943.255.469;952.815.324;949.531.944;940.692.870;915.693.178;862.698.246
2022;26284 - Fundação Universidade Federal de Ciências da Saúde de Porto Alegre;157.343.551;158.833.562;159.088.408;155.481.603;144.112.997;136.469.725
2022;26285 - Fundação Universidade Federal de São João del-Rei;363.827.263;364.494.645;366.454.656;362.424.487;353.229.562;331.568.536
2022;26286 - Fundação Universidade Federal do Amapá;215.704.751;239.074.871;244.581.856;240.722.678;216.125.483;202.614.654
2022;26290 - Instituto Nacional de Estudos e Pesquisas Educacionais Anísio Teixeira;1.214.875.439;1.214.875.439;1.124.214.489;1.107.389.179;628.164.089;539.319.804
2022;26291 - Fundação Coordenação de Aperfeiçoamento de Pessoal de Nível Superior;3.141.442.735;3.837.445.550;3.568.417.419;3.607.315.968;3.066.183.024;3.057.707.748
2022;26292 - Fundação Joaquim Nabuco;134.422.133;137.833.412;136.751.005;132.948.053;129.071.582;120.955.043
2022;26294 - Hospital de Clínicas de Porto Alegre;1.446.586.574;1.452.539.967;1.527.263.714;1.512.123.986;1.465.404.910;1.353.025.449
2022;26298 - Fundo Nacional de Desenvolvimento da Educação;41.239.280.534;42.373.722.434;48.341.353.327;48.265.899.053;40.313.394.521;40.226.700.163
2022;26350 - Fundação Universidade Federal da Grande Dourados;264.574.942;269.142.162;274.797.954;272.466.977;248.416.921;233.315.817
2022;26351 - Universidade Federal do Recôncavo da Bahia;329.703.589;330.709.054;338.222.429;336.695.296;325.535.011;303.409.754
2022;26352 - Fundação Universidade Federal do ABC;334.687.508;336.368.999;339.904.408;335.039.121;317.131.522;299.363.163
2022;26358 - Hospital Universitário Prof. Alberto Antunes;116.428.550;116.428.550;120.936.902;119.462.129;119.462.129;112.594.653
2022;26359 - Complexo Hospitalar e de Saúde da Universidade Federal da Bahia;122.997.174;122.997.174;122.497.174;119.207.326;119.207.326;112.063.459
2022;26362 - Hospital Universitário Walter Cantídio;157.464.266;157.464.266;157.104.214;153.532.008;153.530.173;144.959.295
2022;26363 - Maternidade-Escola Assis Chateaubriand;77.402.205;77.402.205;78.244.036;76.169.846;76.169.317;71.122.510
2022;26364 - Hospital Universitário Cassiano Antônio Morais;119.312.361;119.312.361;122.447.004;119.629.106;119.629.106;112.335.636
2022;26365 - Hospital das Clínicas da Universidade Federal de Goiás;119.607.698;119.607.698;120.437.451;117.297.829;117.297.829;110.733.812
2022;26366 - Hospital Universitário Antonio Pedro;180.526.610;180.526.610;174.797.378;167.678.103;167.678.103;158.466.928
2022;26367 - Hospital Universitário da Universidade Federal de Juiz de Fora;46.667.675;46.667.675;47.519.351;45.511.001;45.511.001;42.809.454
2022;26368 - Hospital das Clínicas da Universidade Federal de Minas Gerais;242.608.622;242.608.622;244.944.692;239.406.359;239.405.359;224.463.232
2022;26369 - Hospital Universitário João de Barros Barreto;92.982.435;92.982.435;96.475.950;94.156.956;94.156.956;88.795.760
2022;26370 - Hospital Universitário Bettina Ferro Souza;13.625.471;13.625.471;14.810.056;13.641.903;13.641.903;12.823.940
2022;26371 - Hospital Universitário Lauro Wanderley;202.374.393;202.374.393;199.990.948;194.290.247;194.290.247;179.636.823
2022;26372 - Hospital de Clínicas da Universidade Federal do Paraná;195.196.238;195.196.238;189.762.424;183.331.901;183.331.901;172.989.610
2022;26373 - Hospital das Clínicas da Universidade Federal de Pernambuco;239.634.942;239.634.942;242.548.051;239.493.642;239.493.392;224.429.936
2022;26374 - Complexo Hospitalar e de Saúde da Universidade Federal do Rio Grande do Norte;119.665.151;119.665.151;119.967.415;117.350.422;117.350.422;110.432.446
2022;26378 - Complexo Hospitalar e de Saúde da Universidade Federal do Rio de Janeiro;572.463.515;588.483.263;611.812.866;602.040.314;595.083.697;558.626.446
2022;26385 - Hospital Universitário da Universidade Federal da Grande Dourados;35.632.076;35.632.076;36.249.636;34.504.320;34.504.320;32.437.702
2022;26386 - Hospital Universitário Prof. Polydoro Ernani de São Thiago;217.527.027;217.527.027;221.103.989;216.671.674;216.594.142;203.387.372
2022;26387 - Hospital Universitário de Santa Maria;202.565.747;202.565.747;205.566.047;199.940.452;199.940.452;187.620.269
2022;26388 - Hospital Universitário Alcides Carneiro;64.256.273;64.256.273;67.325.237;65.092.678;65.092.678;60.958.390
2022;26389 - Hospital de Clínicas da Universidade Federal do Triângulo Mineiro;118.416.722;118.416.722;108.367.980;102.315.499;102.259.683;96.601.249
2022;26391 - Hospital Universitário Gaffree e Guinle;134.660.595;134.660.595;129.857.048;125.803.495;125.803.495;118.386.732
2022;26392 - Hospital Universitário Getúlio Vargas;80.605.040;80.605.040;82.175.901;78.788.384;78.788.384;74.011.177
2022;26393 - Hospital Universitário de Brasília;81.244.897;81.244.897;80.615.977;76.619.303;76.619.303;72.440.500
2022;26394 - Hospital Universitário da Fundação Universidade do Maranhão;79.542.551;79.542.551;82.978.646;81.384.622;81.384.622;76.947.615
2022;26395 - Hospital Universitário Dr. Miguel Riet Corrêa Jr.;65.702.190;65.702.190;69.110.492;67.390.676;67.390.676;63.440.182
2022;26396 - Hospital de Clínicas da Universidade Federal de Uberlândia;298.934.954;298.934.954;294.015.214;286.748.205;286.659.256;269.579.780
2022;26397 - Hospital Júlio Muller;30.431.527;30.431.527;30.282.767;28.029.576;28.029.576;26.434.635
2022;26398 - Hospital das Clínicas da Fundação Universidade Federal de Pelotas;42.032.905;42.032.905;39.866.228;36.490.330;36.490.330;34.233.002
2022;26399 - Hospital Universitário da Fundação Universidade Federal do Piauí;5.143.692;5.143.692;6.286.599;5.064.760;5.064.760;4.719.143
2022;26400 - Hospital Universitário da Fundação Universidade Federal de Sergipe;69.037.573;69.037.573;71.878.860;70.155.780;70.155.780;66.150.377
2022;26401 - Hospital Universitário Maria Pedrossian;2.000;2.000;2.000;0;0;0
2022;26402 - Instituto Federal de Alagoas;520.192.687;523.193.574;509.758.997;506.073.826;469.523.338;434.813.214
2022;26403 - Instituto Federal do Amazonas;402.517.853;406.131.308;410.893.259;407.281.125;392.677.930;363.700.719
2022;26404 - Instituto Federal Baiano;370.819.046;369.017.528;373.906.436;370.289.574;349.886.659;325.138.570
2022;26405 - Instituto Federal do Ceará;844.939.876;842.903.446;860.860.524;860.528.153;839.453.570;777.767.115
2022;26406 - Instituto Federal do Espírito Santo;757.399.072;777.207.993;783.873.631;779.316.832;760.427.015;706.303.009
2022;26407 - Instituto Federal Goiano;364.860.243;364.352.813;374.763.520;371.480.736;359.307.519;333.671.615
2022;26408 - Instituto Federal do Maranhão;686.795.173;697.306.295;716.198.408;712.856.787;676.683.452;625.486.316
2022;26409 - Instituto Federal de Minas Gerais;481.729.328;485.050.905;479.031.978;473.038.596;453.359.032;421.536.797
2022;26410 - Instituto Federal do Norte de Minas Gerais;303.231.503;304.911.178;308.416.457;305.921.308;291.199.005;271.412.776
2022;26411 - Instituto Federal do Sudeste de Minas Gerais;295.280.452;298.180.466;336.641.548;334.053.914;317.542.458;295.517.862
2022;26412 - Instituto Federal do Sul de Minas Gerais;308.993.667;310.037.319;310.011.567;307.209.478;295.955.150;273.954.172
2022;26413 - Instituto Federal do Triângulo Mineiro;268.799.605;267.203.249;281.927.212;273.999.446;265.066.491;245.568.756
2022;26414 - Instituto Federal do Mato Grosso;506.079.787;506.280.617;511.543.918;506.971.081;497.400.741;465.492.632
2022;26415 - Instituto Federal do Mato Grosso do Sul;231.276.351;236.691.959;241.733.765;238.485.604;223.563.406;208.772.463
2022;26416 - Instituto Federal do Pará;515.945.747;519.342.204;543.097.231;536.038.767;522.582.272;487.236.925
2022;26417 - Instituto Federal da Paraíba;624.590.207;630.051.302;634.820.085;630.830.103;600.266.618;554.427.512
2022;26418 - Instituto Federal de Pernambuco;639.957.655;640.865.092;642.190.632;639.589.360;622.408.324;577.026.041
2022;26419 - Instituto Federal do Rio Grande do Sul;519.101.287;518.278.367;527.846.436;525.254.003;507.843.456;473.932.884
2022;26420 - Instituto Federal Farroupilha;345.604.346;343.811.849;348.865.435;343.943.432;333.033.331;307.958.572
2022;26421 - Instituto Federal de Rondônia;242.618.725;264.524.437;270.097.875;268.413.955;243.074.007;223.206.959
2022;26422 - Instituto Federal Catarinense;422.714.835;420.350.115;423.726.451;422.255.734;409.548.794;381.586.536
2022;26423 - Instituto Federal de Sergipe;303.966.699;302.716.001;309.644.519;304.519.104;296.075.930;274.545.783
2022;26424 - Instituto Federal do Tocantins;263.565.872;267.449.514;272.927.401;271.006.883;262.167.150;241.911.054
2022;26425 - Instituto Federal do Acre;131.674.781;132.674.781;137.639.411;136.402.095;129.536.034;120.204.097
2022;26426 - Instituto Federal do Amapá;109.856.963;110.635.963;114.962.753;112.971.746;103.774.008;96.939.673
2022;26427 - Instituto Federal da Bahia;645.536.653;645.220.778;671.176.393;661.191.083;644.780.652;598.143.772
2022;26428 - Instituto Federal de Brasília;268.835.000;286.681.405;290.680.915;287.827.025;261.592.162;248.141.557
2022;26429 - Instituto Federal de Goiás;516.264.892;513.134.487;520.907.845;515.078.294;503.057.359;463.540.870
2022;26430 - Instituto Federal do Sertão Pernambucano;211.992.741;210.682.632;216.279.709;213.676.492;206.373.450;190.256.167
2022;26431 - Instituto Federal do Piauí;507.226.322;504.251.483;518.026.764;516.327.085;504.711.511;467.355.553
2022;26432 - Instituto Federal do Paraná;486.847.327;485.370.332;497.158.255;495.646.866;478.154.775;447.869.937
2022;26433 - Instituto Federal do Rio de Janeiro;473.933.044;478.113.178;487.013.536;483.357.333;469.577.906;434.845.230
2022;26434 - Instituto Federal Fluminense;453.939.271;460.301.569;469.238.110;465.018.697;448.089.007;409.118.432
2022;26435 - Instituto Federal do Rio Grande do Norte;682.637.022;702.741.261;709.445.940;705.833.719;651.189.047;597.594.580
2022;26436 - Instituto Federal Sul-rio-grandense;500.294.572;500.536.627;510.506.195;508.011.296;496.508.309;460.288.883
2022;26437 - Instituto Federal de Roraima;150.646.321;154.693.169;153.420.693;152.208.998;143.528.485;134.088.164
2022;26438 - Instituto Federal de Santa Catarina;709.195.788;705.161.113;684.514.159;677.009.338;656.338.296;606.807.033
2022;26439 - Instituto Federal de São Paulo;1.038.886.243;1.052.646.130;1.082.367.901;1.066.968.849;1.034.063.738;961.236.848
2022;26440 - Universidade Federal da Fronteira Sul;289.696.642;291.339.511;293.177.207;290.181.519;267.495.665;251.981.681
2022;26441 - Universidade Federal do Oeste do Pará;211.392.498;213.095.838;215.496.648;213.374.715;204.689.467;193.731.253
2022;26442 - Universidade da Integração Internacional da Lusofonia Afro-Brasileira;156.585.251;157.837.040;159.814.517;158.577.942;153.586.355;144.194.735
2022;26443 - Empresa Brasileira de Serviços Hospitalares;6.669.384.762;6.754.531.402;7.412.294.993;7.395.547.212;6.690.399.541;5.995.191.483
2022;26444 - Maternidade Victor Ferreira do Amaral;2.000;2.000;2.000;0;0;0
2022;26445 - Hospital Universitário da UNIFESP;333.299.170;333.832.923;331.962.341;321.847.582;316.527.382;299.649.978
2022;26447 - Universidade Federal do Oeste da Bahia;116.664.724;117.837.660;122.388.463;120.585.659;114.406.518;107.188.690
2022;26448 - Universidade Federal do Sul e Sudeste do Pará;144.861.917;148.183.939;152.659.935;150.174.536;143.007.111;134.433.789
2022;26449 - Universidade Federal do Cariri;127.005.950;131.035.126;133.411.576;132.201.020;124.668.780;116.990.583
2022;26450 - Universidade Federal do Sul da Bahia;116.653.732;118.058.478;120.288.086;119.083.177;116.442.754;110.211.835
2022;26451 - Hospital Universitário da Universidade Federal do Vale do São Francisco;3.000;3.000;3.000;0;0;0
2022;26452 - Universidade Federal de Catalão;106.422.702;107.275.478;109.356.739;106.207.961;101.961.893;95.849.339
2022;26453 - Universidade Federal de Jataí;109.606.653;110.633.967;116.984.174;115.111.159;110.169.647;103.715.624
2022;26454 - Universidade Federal de Rondonópolis;95.532.003;96.424.879;101.780.495;99.040.031;92.099.925;85.444.996
2022;26455 - Universidade Federal do Delta do Parnaíba;76.901.903;78.028.484;87.234.927;84.496.082;77.146.523;71.866.805
2022;26456 - Universidade Federal do Agreste de Pernambuco;69.911.119;70.971.871;74.030.276;70.214.518;66.277.904;61.425.104
2022;26457 - Universidade Federal do Norte do Tocantins;109.754.165;111.725.204;24.684.934;24.609.398;12.605.161;11.590.107
2023;26101 - Ministério da Educação - Administração Direta;3.410.175.995;5.888.868.840;3.307.324.044;3.024.042.121;1.955.575.332;1.782.555.817
2023;26104 - Instituto Nacional de Educação de Surdos;147.584.041;146.787.258;155.849.096;154.065.505;145.786.215;135.004.548
2023;26105 - Instituto Benjamin Constant;96.150.950;96.185.667;106.768.896;105.002.298;96.229.740;88.148.650
2023;26201 - Colégio Pedro II;724.265.086;723.457.389;795.698.739;791.807.277;769.911.835;704.463.109
2023;26230 - Fundação Universidade Federal do Vale do São Francisco;211.543.623;212.717.138;240.318.189;239.828.239;234.904.844;213.518.584
2023;26231 - Universidade Federal de Alagoas;887.320.749;886.597.794;962.907.538;958.630.340;937.744.934;865.876.073
2023;26232 - Universidade Federal da Bahia;1.725.117.443;1.722.933.532;1.861.807.886;1.854.664.801;1.829.715.612;1.675.496.823
2023;26233 - Universidade Federal do Ceará;1.476.719.422;1.500.290.978;1.608.518.713;1.601.617.694;1.569.840.657;1.424.197.817
2023;26234 - Universidade Federal do Espírito Santo;989.894.330;994.657.868;1.093.482.901;1.091.379.707;1.065.119.204;984.980.723
2023;26235 - Universidade Federal de Goiás;1.218.942.819;1.218.225.615;1.333.653.074;1.329.384.761;1.301.070.029;1.205.340.754
2023;26236 - Universidade Federal Fluminense;2.185.145.006;2.203.352.719;2.380.086.902;2.368.405.201;2.310.185.352;2.142.376.192
2023;26237 - Universidade Federal de Juiz de Fora;1.046.127.731;1.045.523.173;1.163.448.561;1.159.088.627;1.101.529.177;1.012.721.963
2023;26238 - Universidade Federal de Minas Gerais;2.209.299.717;2.212.639.642;2.407.155.893;2.393.352.680;2.340.722.319;2.140.266.729
2023;26239 - Universidade Federal do Pará;1.506.738.954;1.518.586.072;1.661.217.868;1.644.494.842;1.607.248.183;1.494.068.950
2023;26240 - Universidade Federal da Paraíba;1.798.357.753;1.800.578.295;1.934.835.930;1.924.238.145;1.861.706.663;1.662.549.866
2023;26241 - Universidade Federal do Paraná;1.722.300.914;1.725.772.065;1.928.659.624;1.922.105.552;1.866.249.024;1.712.805.673
2023;26242 - Universidade Federal de Pernambuco;1.665.239.255;1.666.064.354;1.796.827.857;1.788.198.714;1.738.430.347;1.579.281.434
2023;26243 - Universidade Federal do Rio Grande do Norte;1.720.619.036;1.722.333.986;1.892.352.746;1.879.054.537;1.845.870.853;1.666.791.060
2023;26244 - Universidade Federal do Rio Grande do Sul;2.023.044.010;2.022.175.526;2.183.584.979;2.167.593.531;2.140.338.183;1.946.763.947
2023;26245 - Universidade Federal do Rio de Janeiro;3.333.126.518;3.338.123.155;3.602.319.873;3.583.475.960;3.556.490.863;3.243.671.756
2023;26246 - Universidade Federal de Santa Catarina;1.685.930.265;1.685.778.768;1.823.156.599;1.811.595.311;1.778.969.016;1.619.035.913
2023;26247 - Universidade Federal de Santa Maria;1.294.958.852;1.291.813.167;1.403.913.989;1.400.303.240;1.373.816.743;1.280.757.201
2023;26248 - Universidade Federal Rural de Pernambuco;653.257.164;652.529.348;734.927.983;727.761.392;698.147.834;629.538.562
2023;26249 - Universidade Federal Rural do Rio de Janeiro;731.642.356;738.356.690;813.532.253;812.910.333;779.235.195;715.054.634
2023;26250 - Fundação Universidade Federal de Roraima;259.032.108;260.375.583;289.239.107;288.331.224;271.279.376;251.199.234
2023;26251 - Fundação Universidade Federal do Tocantins;413.325.226;413.525.035;416.711.264;404.631.142;386.602.803;357.958.336
2023;26252 - Universidade Federal de Campina Grande;753.901.328;756.406.497;827.876.267;824.911.611;804.415.497;720.781.469
2023;26253 - Universidade Federal Rural da Amazônia;271.749.321;271.222.865;299.954.552;295.592.273;284.424.842;259.934.812
2023;26254 - Universidade Federal do Triângulo Mineiro;435.811.693;434.736.266;478.115.921;475.549.588;459.442.354;419.132.312
2023;26255 - Universidade Federal dos Vales do Jequitinhonha e Mucuri;312.278.944;311.007.382;345.518.240;343.819.905;332.835.373;302.807.494
2023;26256 - Centro Federal de Educação Tecnológica Celso Suckow da Fonseca;451.757.487;452.884.442;480.398.090;474.222.241;450.628.638;403.942.456
2023;26257 - Centro Federal de Educação Tecnológica de Minas Gerais;518.479.685;517.133.613;556.720.268;551.738.374;549.118.327;501.354.140
2023;26258 - Universidade Tecnológica Federal do Paraná;1.099.746.981;1.102.509.921;1.200.275.790;1.191.657.241;1.119.280.724;1.026.246.915
2023;26260 - Universidade Federal de Alfenas;266.189.850;265.649.410;293.463.829;292.740.211;285.685.937;256.763.123
2023;26261 - Universidade Federal de Itajubá;262.896.297;262.175.818;285.121.188;282.840.656;268.525.464;243.292.264
2023;26262 - Universidade Federal de São Paulo;1.098.836.030;1.138.123.555;1.188.254.857;1.180.449.565;1.124.192.187;1.026.822.429
2023;26263 - Universidade Federal de Lavras;426.207.589;425.164.712;459.318.257;455.829.517;446.016.391;405.643.147
2023;26264 - Universidade Federal Rural do Semi-Árido;311.958.141;312.078.060;357.401.940;354.806.752;352.617.524;319.015.079
2023;26266 - Fundação Universidade Federal do Pampa;367.198.641;369.002.569;411.611.976;410.450.322;398.616.815;375.838.441
2023;26267 - Universidade Federal da Integração Latino Americana;184.376.416;183.199.122;203.047.319;200.739.089;186.761.168;171.483.377
2023;26268 - Fundação Universidade Federal de Rondônia;314.935.573;329.899.606;362.608.475;360.920.609;327.515.697;297.335.266
2023;26269 - Fundação Universidade do Rio de Janeiro;460.255.519;631.513.312;649.257.207;646.300.009;639.096.117;605.165.180
2023;26270 - Fundação Universidade do Amazonas;792.022.276;791.419.650;890.483.403;871.239.527;838.752.955;765.464.547
2023;26271 - Fundação Universidade de Brasília;1.915.401.943;1.941.652.930;2.136.902.116;2.122.419.430;2.000.905.803;1.835.102.875
2023;26272 - Fundação Universidade Federal do Maranhão;860.087.677;880.116.466;964.626.694;955.258.312;938.970.818;868.888.350
2023;26273 - Fundação Universidade Federal do Rio Grande;527.654.170;527.847.372;589.167.678;585.613.582;574.700.538;526.627.581
2023;26274 - Universidade Federal de Uberlândia;1.192.938.407;1.189.827.182;1.319.872.182;1.304.050.040;1.286.198.361;1.173.090.649
2023;26275 - Fundação Universidade Federal do Acre;379.677.618;397.000.493;433.605.094;431.244.558;415.845.013;385.750.690
2023;26276 - Fundação Universidade Federal de Mato Grosso;886.923.411;898.181.437;989.555.644;980.408.998;944.040.576;852.201.419
2023;26277 - Fundação Universidade Federal de Ouro Preto;494.999.026;495.704.600;534.252.690;526.119.556;514.341.601;469.457.529
2023;26278 - Fundação Universidade Federal de Pelotas;833.719.352;832.009.581;905.149.455;899.629.145;890.345.386;805.009.138
2023;26279 - Fundação Universidade Federal do Piauí;815.416.303;812.424.287;902.570.956;899.976.807;865.572.881;796.363.500
2023;26280 - Fundação Universidade Federal de São Carlos;712.726.719;714.235.936;767.775.315;761.756.665;755.111.260;687.231.846
2023;26281 - Fundação Universidade Federal de Sergipe;769.341.810;775.785.081;859.276.868;855.807.146;838.707.905;775.132.939
2023;26282 - Fundação Universidade Federal de Viçosa;989.646.121;987.978.950;1.070.736.718;1.065.327.211;1.035.262.151;956.696.239
2023;26283 - Fundação Universidade Federal de Mato Grosso do Sul;944.899.628;954.532.698;1.057.040.181;1.054.341.451;1.027.853.380;955.252.820
2023;26284 - Fundação Universidade Federal de Ciências da Saúde de Porto Alegre;156.951.914;156.030.603;172.493.112;171.759.956;159.531.577;146.572.166
2023;26285 - Fundação Universidade Federal de São João del-Rei;364.982.959;363.901.483;406.554.957;405.958.551;402.005.013;366.438.020
2023;26286 - Fundação Universidade Federal do Amapá;220.800.665;240.042.524;273.811.330;270.875.529;238.153.729;223.501.644
2023;26290 - Instituto Nacional de Estudos e Pesquisas Educacionais Anísio Teixeira;1.609.956.533;1.542.733.046;1.126.206.527;1.113.780.310;584.056.309;563.264.242
2023;26291 - Fundação Coordenação de Aperfeiçoamento de Pessoal de Nível Superior;3.366.422.621;5.520.210.293;5.409.024.473;5.382.306.168;4.820.655.975;4.809.849.545
2023;26292 - Fundação Joaquim Nabuco;136.828.006;135.792.345;143.524.558;137.792.241;132.431.290;121.024.209
2023;26294 - Hospital de Clínicas de Porto Alegre;1.763.422.050;1.761.241.436;1.711.910.838;1.705.610.324;1.679.204.995;1.509.363.533
2023;26298 - Fundo Nacional de Desenvolvimento da Educação;53.177.957.095;59.126.237.013;64.273.881.050;61.164.478.489;52.290.297.303;52.184.966.822
2023;26350 - Fundação Universidade Federal da Grande Dourados;268.706.881;274.102.174;307.395.506;305.247.656;278.368.420;253.340.562
2023;26351 - Universidade Federal do Recôncavo da Bahia;341.852.678;342.738.540;383.636.105;380.380.175;369.502.700;340.779.582
2023;26352 - Fundação Universidade Federal do ABC;338.092.215;340.514.275;378.135.945;374.956.823;360.727.999;336.678.875
2023;26358 - Hospital Universitário Prof. Alberto Antunes;118.913.898;118.913.898;128.387.601;127.590.240;127.590.240;118.925.051
2023;26359 - Complexo Hospitalar e de Saúde da Universidade Federal da Bahia;120.514.539;120.514.539;126.212.146;125.371.642;125.371.642;115.284.026
2023;26362 - Hospital Universitário Walter Cantídio;154.315.064;154.315.064;165.683.924;163.922.322;163.916.560;149.617.089
2023;26363 - Maternidade-Escola Assis Chateaubriand;76.734.826;76.734.826;83.221.965;81.551.331;81.522.861;74.234.889
2023;26364 - Hospital Universitário Cassiano Antônio Morais;120.585.667;120.585.667;129.086.932;128.150.568;127.974.894;118.780.168
2023;26365 - Hospital das Clínicas da Universidade Federal de Goiás;119.355.961;119.355.961;124.047.522;121.857.119;121.857.119;114.914.034
2023;26366 - Hospital Universitário Antonio Pedro;169.860.903;169.860.903;176.833.446;174.552.308;174.552.308;163.049.048
2023;26367 - Hospital Universitário da Universidade Federal de Juiz de Fora;45.822.169;45.822.169;47.002.443;46.115.586;46.115.586;42.156.625
2023;26368 - Hospital das Clínicas da Universidade Federal de Minas Gerais;241.547.746;241.547.746;254.797.443;252.839.089;252.826.089;231.245.737
2023;26369 - Hospital Universitário João de Barros Barreto;93.539.975;93.539.975;102.378.929;100.880.994;100.880.994;93.854.467
2023;26370 - Hospital Universitário Bettina Ferro Souza;13.620.146;13.620.146;14.891.387;14.497.443;14.497.443;13.515.168
2023;26371 - Hospital Universitário Lauro Wanderley;201.715.186;201.715.186;208.591.357;204.469.535;204.445.987;188.542.108
2023;26372 - Hospital de Clínicas da Universidade Federal do Paraná;186.978.893;186.978.893;184.918.702;181.477.365;181.477.365;166.116.201
2023;26373 - Hospital das Clínicas da Universidade Federal de Pernambuco;239.706.474;239.706.474;260.192.780;259.312.019;259.303.818;236.016.567
2023;26374 - Complexo Hospitalar e de Saúde da Universidade Federal do Rio Grande do Norte;117.956.699;117.956.699;124.215.840;119.323.709;119.323.709;108.939.600
2023;26378 - Complexo Hospitalar e de Saúde da Universidade Federal do Rio de Janeiro;587.339.742;619.288.602;654.974.757;631.630.806;625.827.537;571.043.739
2023;26385 - Hospital Universitário da Universidade Federal da Grande Dourados;34.802.562;34.802.562;37.552.332;37.105.701;37.105.701;34.059.393
2023;26386 - Hospital Universitário Prof. Polydoro Ernani de São Thiago;215.929.121;215.929.121;232.543.388;228.812.989;228.765.550;208.234.263
2023;26387 - Hospital Universitário de Santa Maria;201.923.933;201.923.933;215.938.883;213.054.435;212.911.314;194.601.332
2023;26388 - Hospital Universitário Alcides Carneiro;65.810.052;65.810.052;70.744.289;68.548.878;68.548.878;62.170.342
2023;26389 - Hospital de Clínicas da Universidade Federal do Triângulo Mineiro;105.691.699;105.691.699;112.795.634;110.139.233;110.057.906;100.653.236
2023;26391 - Hospital Universitário Gaffree e Guinle;126.987.945;126.987.945;139.077.847;138.549.568;138.549.568;128.777.572
2023;26392 - Hospital Universitário Getúlio Vargas;78.900.400;78.900.400;84.933.490;83.639.225;83.639.225;76.458.609
2023;26393 - Hospital Universitário de Brasília;78.320.035;78.320.035;80.876.310;79.124.757;79.124.757;72.512.679
2023;26394 - Hospital Universitário da Fundação Universidade do Maranhão;81.597.598;81.597.598;90.910.175;90.498.558;90.123.858;84.435.073
2023;26395 - Hospital Universitário Dr. Miguel Riet Corrêa Jr.;67.439.687;67.439.687;72.823.593;71.398.885;71.398.885;65.054.416
2023;26396 - Hospital de Clínicas da Universidade Federal de Uberlândia;292.557.763;292.557.763;304.959.604;296.187.515;296.152.564;271.057.225
2023;26397 - Hospital Júlio Muller;28.663.795;28.663.795;29.828.011;29.215.100;29.215.100;26.839.242
2023;26398 - Hospital das Clínicas da Fundação Universidade Federal de Pelotas;38.180.729;38.180.729;36.110.471;33.938.143;33.938.143;30.769.647
2023;26399 - Hospital Universitário da Fundação Universidade Federal do Piauí;5.073.434;5.073.434;5.812.082;5.422.868;5.422.868;5.047.551
2023;26400 - Hospital Universitário da Fundação Universidade Federal de Sergipe;70.536.233;70.536.233;77.266.522;76.532.392;76.532.392;71.168.620
2023;26402 - Instituto Federal de Alagoas;504.387.065;513.656.997;561.951.284;532.034.700;510.122.283;465.218.077
2023;26403 - Instituto Federal do Amazonas;408.377.638;432.598.959;483.931.787;479.724.594;449.691.755;403.785.062
2023;26404 - Instituto Federal Baiano;376.158.599;374.396.996;413.290.196;412.453.375;396.117.152;364.228.348
2023;26405 - Instituto Federal do Ceará;844.477.078;865.644.869;976.868.095;975.312.316;933.716.053;839.841.380
2023;26406 - Instituto Federal do Espírito Santo;760.573.266;826.384.430;900.789.203;899.833.905;870.833.225;784.791.630
2023;26407 - Instituto Federal Goiano;373.864.861;372.119.850;412.179.132;407.087.208;395.141.290;361.915.256
2023;26408 - Instituto Federal do Maranhão;702.217.020;711.541.921;796.394.714;795.242.359;772.180.231;691.085.847
2023;26409 - Instituto Federal de Minas Gerais;479.624.709;482.764.148;528.336.309;527.753.024;497.364.531;456.382.904
2023;26410 - Instituto Federal do Norte de Minas Gerais;309.614.224;311.702.189;344.635.703;341.698.185;324.703.416;298.478.198
2023;26411 - Instituto Federal do Sudeste de Minas Gerais;338.084.127;337.726.789;370.123.358;367.655.195;350.722.809;321.897.718
2023;26412 - Instituto Federal do Sul de Minas Gerais;314.983.766;315.281.832;347.258.266;345.539.750;330.429.992;302.939.493
2023;26413 - Instituto Federal do Triângulo Mineiro;282.733.914;281.678.925;303.442.099;301.331.000;291.288.444;265.835.517
2023;26414 - Instituto Federal do Mato Grosso;514.688.917;563.216.294;607.834.302;601.588.006;571.965.260;518.697.647
2023;26415 - Instituto Federal do Mato Grosso do Sul;238.524.145;245.829.011;272.143.846;271.263.880;258.081.415;233.286.668
2023;26416 - Instituto Federal do Pará;533.331.540;539.678.005;610.519.695;608.541.692;596.581.595;549.925.993
2023;26417 - Instituto Federal da Paraíba;631.863.232;637.805.953;702.566.200;697.392.944;673.943.777;600.223.415
2023;26418 - Instituto Federal de Pernambuco;630.773.277;630.774.418;681.862.946;678.624.627;659.421.376;601.368.731
2023;26419 - Instituto Federal do Rio Grande do Sul;520.158.602;519.902.326;571.745.398;568.331.967;552.158.675;506.388.207
2023;26420 - Instituto Federal Farroupilha;347.316.089;350.339.940;385.795.861;383.466.751;370.848.761;337.737.765
2023;26421 - Instituto Federal de Rondônia;250.592.206;289.542.464;328.113.987;324.404.748;301.013.249;256.421.995
2023;26422 - Instituto Federal Catarinense;427.241.403;425.311.720;467.388.162;463.056.266;448.334.768;403.471.657
2023;26423 - Instituto Federal de Sergipe;310.170.200;310.237.894;338.716.935;336.802.709;322.849.320;290.019.283
2023;26424 - Instituto Federal do Tocantins;274.855.290;273.502.553;304.494.694;304.094.090;293.624.040;265.431.010
2023;26425 - Instituto Federal do Acre;136.729.140;143.887.004;164.539.180;160.990.022;149.721.631;135.722.514
2023;26426 - Instituto Federal do Amapá;114.531.518;116.719.013;128.572.003;128.031.870;118.147.959;108.581.386
2023;26427 - Instituto Federal da Bahia;662.886.678;664.140.420;742.236.311;731.827.418;716.024.067;657.709.018
2023;26428 - Instituto Federal de Brasília;273.201.586;293.702.804;320.741.599;320.162.734;295.879.616;279.639.319
2023;26429 - Instituto Federal de Goiás;525.041.214;523.501.883;566.719.994;564.287.973;554.243.280;488.760.661
2023;26430 - Instituto Federal do Sertão Pernambucano;215.437.666;215.218.671;243.440.620;239.135.145;232.017.891;210.769.778
2023;26431 - Instituto Federal do Piauí;518.539.638;516.570.854;593.181.586;591.428.460;579.419.277;519.087.765
2023;26432 - Instituto Federal do Paraná;496.608.504;501.943.352;568.394.572;566.065.899;545.901.090;494.340.630
2023;26433 - Instituto Federal do Rio de Janeiro;482.409.009;486.230.443;539.075.408;526.277.093;513.083.904;456.881.191
2023;26434 - Instituto Federal Fluminense;463.388.087;467.991.663;519.705.680;518.205.160;499.021.337;450.512.029
2023;26435 - Instituto Federal do Rio Grande do Norte;703.328.388;722.910.856;786.078.881;785.624.151;732.239.080;652.065.799
2023;26436 - Instituto Federal Sul-rio-grandense;505.675.290;508.725.052;555.964.827;555.856.433;543.074.267;485.284.207
2023;26437 - Instituto Federal de Roraima;150.670.265;156.750.571;173.994.599;173.002.556;159.753.663;147.663.422
2023;26438 - Instituto Federal de Santa Catarina;672.620.564;670.278.106;728.971.317;722.213.976;696.467.823;617.832.648
2023;26439 - Instituto Federal de São Paulo;1.080.143.958;1.106.441.291;1.195.548.578;1.187.924.345;1.132.563.406;1.038.601.861
2023;26440 - Universidade Federal da Fronteira Sul;293.802.949;292.937.176;325.270.840;324.402.618;304.609.428;278.940.097
2023;26441 - Universidade Federal do Oeste do Pará;214.009.718;214.328.208;243.147.983;241.308.407;232.793.092;214.336.423
2023;26442 - Universidade da Integração Internacional da Lusofonia Afro-Brasileira;157.060.159;157.280.247;179.709.168;179.319.198;174.542.340;159.193.740
2023;26443 - Empresa Brasileira de Serviços Hospitalares;7.376.508.189;7.663.601.833;8.552.794.458;8.529.674.206;7.862.628.534;7.191.059.468
2023;26445 - Hospital Universitário da UNIFESP;319.114.143;319.928.747;379.090.442;371.296.901;370.177.396;338.409.020
2023;26447 - Universidade Federal do Oeste da Bahia;123.902.310;123.166.729;138.183.516;137.665.060;129.932.835;115.949.215
2023;26448 - Universidade Federal do Sul e Sudeste do Pará;149.774.656;152.317.966;169.318.004;167.133.842;162.374.950;148.171.881
2023;26449 - Universidade Federal do Cariri;130.380.478;129.538.737;149.522.746;148.750.152;141.474.080;129.172.745
2023;26450 - Universidade Federal do Sul da Bahia;115.570.526;115.009.497;132.263.133;131.983.961;128.318.434;116.285.188
2023;26452 - Universidade Federal de Catalão;109.661.849;110.074.953;118.678.154;118.204.108;117.028.553;106.240.895
2023;26453 - Universidade Federal de Jataí;115.165.451;114.567.297;127.063.195;125.579.839;123.613.510;115.191.388
2023;26454 - Universidade Federal de Rondonópolis;100.536.321;100.020.309;112.863.663;110.726.137;107.046.912;95.122.010
2023;26455 - Universidade Federal do Delta do Parnaíba;82.038.084;81.499.061;97.397.932;95.777.434;89.254.728;80.767.139
2023;26456 - Universidade Federal do Agreste de Pernambuco;73.960.440;73.521.503;81.655.590;79.468.265;75.328.817;66.720.151
2023;26457 - Universidade Federal do Norte do Tocantins;23.983.516;23.306.888;66.973.384;61.882.038;50.768.789;39.995.219
2024;26101 - Ministério da Educação - Administração Direta;5.244.203.394;5.371.869.582;3.572.778.165;3.278.428.153;2.290.898.616;2.101.709.085
2024;26104 - Instituto Nacional de Educação de Surdos;154.846.414;153.655.463;162.706.436;159.848.314;151.951.138;140.468.210
2024;26105 - Instituto Benjamin Constant;107.166.538;107.703.633;114.511.642;112.174.096;104.854.477;95.725.919
2024;26201 - Colégio Pedro II;796.296.321;791.601.214;856.860.278;853.789.332;825.084.784;756.524.446
2024;26230 - Fundação Universidade Federal do Vale do São Francisco;244.388.231;235.797.725;261.945.566;259.793.567;257.820.645;234.850.432
2024;26231 - Universidade Federal de Alagoas;993.791.197;992.408.080;1.030.715.070;1.023.580.230;997.895.045;906.572.781
2024;26232 - Universidade Federal da Bahia;1.909.612.570;1.907.558.064;1.982.318.072;1.950.329.246;1.930.161.418;1.783.631.325
2024;26233 - Universidade Federal do Ceará;1.638.826.137;1.637.354.957;1.664.360.439;1.647.138.432;1.628.277.076;1.492.807.362
2024;26234 - Universidade Federal do Espírito Santo;1.110.297.225;1.122.086.034;1.159.799.577;1.142.957.662;1.102.291.307;1.012.317.385
2024;26235 - Universidade Federal de Goiás;1.363.947.461;1.372.801.524;1.422.272.554;1.413.254.310;1.374.093.243;1.278.041.047
2024;26236 - Universidade Federal Fluminense;2.414.728.122;2.418.530.613;2.533.938.926;2.495.481.946;2.461.051.357;2.272.900.100
2024;26237 - Universidade Federal de Juiz de Fora;1.158.664.977;1.156.161.751;1.265.566.758;1.249.095.145;1.147.802.273;1.059.415.815
2024;26238 - Universidade Federal de Minas Gerais;2.457.833.053;2.465.197.093;2.505.331.346;2.489.561.965;2.446.917.217;2.249.476.528
2024;26239 - Universidade Federal do Pará;1.689.561.861;1.683.102.364;1.729.464.460;1.704.401.698;1.683.734.562;1.544.046.664
2024;26240 - Universidade Federal da Paraíba;1.970.122.046;1.965.692.991;2.040.696.071;2.037.826.616;1.983.055.992;1.777.301.396
2024;26241 - Universidade Federal do Paraná;1.934.202.804;1.940.800.465;2.009.109.509;1.992.396.666;1.934.739.938;1.773.048.727
2024;26242 - Universidade Federal de Pernambuco;1.827.505.184;1.824.684.996;1.888.496.399;1.872.069.270;1.837.820.264;1.669.254.794
2024;26243 - Universidade Federal do Rio Grande do Norte;1.931.784.070;1.932.485.657;1.984.521.602;1.956.528.463;1.899.260.266;1.731.535.160
2024;26244 - Universidade Federal do Rio Grande do Sul;2.228.033.266;2.228.552.622;2.286.220.636;2.270.545.415;2.241.732.940;2.046.120.676
2024;26245 - Universidade Federal do Rio de Janeiro;3.666.899.230;3.735.753.661;3.798.321.757;3.769.758.892;3.693.758.555;3.374.229.000
2024;26246 - Universidade Federal de Santa Catarina;1.876.751.543;1.877.891.479;1.929.020.950;1.916.319.910;1.891.519.149;1.727.532.592
2024;26247 - Universidade Federal de Santa Maria;1.439.523.245;1.435.912.596;1.494.958.641;1.478.647.129;1.445.893.702;1.334.052.086
2024;26248 - Universidade Federal Rural de Pernambuco;737.573.248;736.741.668;747.154.183;741.943.511;734.315.413;665.820.173
2024;26249 - Universidade Federal Rural do Rio de Janeiro;814.814.368;845.182.055;879.450.774;858.364.723;814.201.344;751.761.214
2024;26250 - Fundação Universidade Federal de Roraima;293.784.327;301.833.838;318.560.227;313.322.389;293.087.668;268.341.519
2024;26251 - Fundação Universidade Federal do Tocantins;373.601.729;381.457.932;388.135.759;382.213.274;357.251.539;325.554.816
2024;26252 - Universidade Federal de Campina Grande;845.111.994;846.641.197;866.357.018;855.915.016;843.876.727;755.176.437
2024;26253 - Universidade Federal Rural da Amazônia;308.570.866;310.803.556;321.143.897;318.521.318;306.985.084;281.168.823
2024;26254 - Universidade Federal do Triângulo Mineiro;491.127.904;490.114.552;509.572.401;503.740.876;484.756.781;442.454.382
2024;26255 - Universidade Federal dos Vales do Jequitinhonha e Mucuri;355.785.816;356.658.823;374.833.917;369.143.823;357.538.135;324.455.186
2024;26256 - Centro Federal de Educação Tecnológica Celso Suckow da Fonseca;486.451.961;487.094.951;512.860.447;504.606.603;490.446.857;440.695.554
2024;26257 - Centro Federal de Educação Tecnológica de Minas Gerais;570.467.125;569.315.869;583.095.886;578.302.157;566.389.969;510.547.959
2024;26258 - Universidade Tecnológica Federal do Paraná;1.234.090.308;1.247.027.698;1.287.928.469;1.274.791.929;1.192.750.901;1.094.920.756
2024;26260 - Universidade Federal de Alfenas;301.587.817;301.016.879;312.321.010;309.816.103;302.407.656;273.567.467
2024;26261 - Universidade Federal de Itajubá;292.857.891;291.384.820;299.551.162;297.251.045;283.383.834;257.403.807
2024;26262 - Universidade Federal de São Paulo;1.165.055.279;1.169.538.161;1.228.065.665;1.200.980.635;1.163.667.011;1.058.270.457
2024;26263 - Universidade Federal de Lavras;471.451.820;469.497.824;488.432.820;483.617.474;474.587.911;434.129.553
2024;26264 - Universidade Federal Rural do Semi-Árido;374.589.819;377.511.591;398.052.835;394.607.752;387.219.147;354.690.704
2024;26266 - Fundação Universidade Federal do Pampa;421.152.746;421.847.636;447.092.010;440.023.602;427.595.008;388.896.800
2024;26267 - Universidade Federal da Integração Latino Americana;206.017.773;204.433.641;216.045.978;213.644.806;203.801.031;187.545.078
2024;26268 - Fundação Universidade Federal de Rondônia;357.357.267;368.997.325;384.516.759;382.292.091;357.800.087;324.961.751
2024;26269 - Fundação Universidade do Rio de Janeiro;505.394.495;613.186.006;640.151.342;627.202.726;507.756.559;460.251.108
2024;26270 - Fundação Universidade do Amazonas;884.389.113;888.326.592;947.767.251;937.690.192;912.317.176;837.416.674
2024;26271 - Fundação Universidade de Brasília;2.085.139.558;2.128.589.459;2.188.763.463;2.165.037.744;2.055.391.499;1.888.673.952
2024;26272 - Fundação Universidade Federal do Maranhão;980.303.585;986.866.930;1.031.674.290;1.019.875.260;983.650.593;917.191.343
2024;26273 - Fundação Universidade Federal do Rio Grande;600.560.274;599.956.181;620.995.791;612.709.266;602.694.200;554.017.374
2024;26274 - Universidade Federal de Uberlândia;1.332.326.126;1.328.821.554;1.372.228.942;1.364.911.671;1.354.922.107;1.235.784.798
2024;26275 - Fundação Universidade Federal do Acre;425.339.652;441.460.417;453.896.904;448.400.002;431.172.283;395.339.498
2024;26276 - Fundação Universidade Federal de Mato Grosso;993.426.518;1.020.604.206;1.044.657.078;1.034.972.757;979.334.684;884.109.382
2024;26277 - Fundação Universidade Federal de Ouro Preto;542.517.864;540.556.236;558.197.757;554.078.514;550.330.184;504.446.035
2024;26278 - Fundação Universidade Federal de Pelotas;936.760.395;935.933.514;973.740.079;963.745.344;955.056.126;867.079.427
2024;26279 - Fundação Universidade Federal do Piauí;924.031.639;919.503.330;961.440.416;952.655.490;923.376.374;837.845.430
2024;26280 - Fundação Universidade Federal de São Carlos;787.281.122;788.680.948;812.661.984;805.038.025;801.752.905;730.455.986
2024;26281 - Fundação Universidade Federal de Sergipe;873.864.366;876.310.593;920.456.933;910.572.715;896.902.588;832.267.030
2024;26282 - Fundação Universidade Federal de Viçosa;1.101.353.460;1.098.722.247;1.135.297.380;1.123.357.633;1.094.176.442;1.001.908.371
2024;26283 - Fundação Universidade Federal de Mato Grosso do Sul;1.069.971.977;1.080.010.013;1.119.261.159;1.109.102.125;1.078.752.771;1.003.934.452
2024;26284 - Fundação Universidade Federal de Ciências da Saúde de Porto Alegre;175.397.360;174.013.923;191.642.064;189.957.419;175.729.605;161.456.214
2024;26285 - Fundação Universidade Federal de São João del-Rei;420.235.801;420.000.771;437.487.472;430.947.516;421.946.949;394.825.927
2024;26286 - Fundação Universidade Federal do Amapá;263.432.579;288.957.119;302.784.368;300.756.124;253.690.171;238.518.753
2024;26290 - Instituto Nacional de Estudos e Pesquisas Educacionais Anísio Teixeira;1.414.003.043;1.366.213.655;1.019.928.061;1.013.107.060;733.100.709;713.735.144
2024;26291 - Fundação Coordenação de Aperfeiçoamento de Pessoal de Nível Superior;5.403.971.227;5.174.088.944;5.007.674.707;5.082.231.638;4.326.203.451;4.311.577.352
2024;26292 - Fundação Joaquim Nabuco;141.417.986;141.029.739;146.264.008;141.372.984;136.413.464;125.203.166
2024;26294 - Hospital de Clínicas de Porto Alegre;1.959.057.405;1.957.024.490;1.939.958.910;1.891.127.772;1.850.693.563;1.653.379.353
2024;26298 - Fundo Nacional de Desenvolvimento da Educação;72.854.929.109;73.081.269.932;73.472.938.334;68.231.969.995;55.496.062.396;55.300.980.187
2024;26350 - Fundação Universidade Federal da Grande Dourados;311.009.577;319.277.153;331.739.441;323.739.752;294.316.514;267.283.413
2024;26351 - Universidade Federal do Recôncavo da Bahia;393.868.854;392.744.979;408.186.295;405.790.473;398.110.952;361.262.017
2024;26352 - Fundação Universidade Federal do ABC;386.640.184;391.441.420;401.475.577;399.615.679;382.340.126;357.919.067
2024;26358 - Hospital Universitário Prof. Alberto Antunes;131.081.129;131.081.129;134.909.652;132.696.439;132.696.439;121.235.299
2024;26359 - Complexo Hospitalar e de Saúde da Universidade Federal da Bahia;128.441.229;128.441.229;134.331.425;131.314.993;131.314.993;121.075.755
2024;26362 - Hospital Universitário Walter Cantídio;170.012.715;170.012.715;173.694.217;171.900.404;171.567.831;156.922.264
2024;26363 - Maternidade-Escola Assis Chateaubriand;84.882.387;84.882.387;87.218.140;86.146.231;86.019.219;78.719.799
2024;26364 - Hospital Universitário Cassiano Antônio Morais;132.299.350;132.299.350;137.385.213;133.930.824;132.450.439;123.159.076
2024;26365 - Hospital das Clínicas da Universidade Federal de Goiás;127.563.491;127.563.491;125.509.917;122.054.716;122.054.716;114.121.119
2024;26366 - Hospital Universitário Antonio Pedro;180.791.534;180.791.534;179.475.380;175.130.028;175.130.028;162.018.996
2024;26367 - Hospital Universitário da Universidade Federal de Juiz de Fora;49.220.081;49.220.081;48.758.500;46.634.593;46.634.593;42.593.100
2024;26368 - Hospital das Clínicas da Universidade Federal de Minas Gerais;262.902.279;262.902.279;266.332.405;262.180.668;262.180.668;240.117.446
2024;26369 - Hospital Universitário João de Barros Barreto;104.040.103;104.040.103;111.952.885;107.950.182;107.950.182;98.524.755
2024;26370 - Hospital Universitário Bettina Ferro Souza;15.153.302;15.153.302;13.198.937;12.131.693;12.131.693;11.045.675
2024;26371 - Hospital Universitário Lauro Wanderley;212.524.076;212.524.076;214.010.653;212.342.758;208.874.646;192.682.812
2024;26372 - Hospital de Clínicas da Universidade Federal do Paraná;187.349.677;187.349.677;183.902.069;179.318.098;179.318.098;164.376.505
2024;26373 - Hospital das Clínicas da Universidade Federal de Pernambuco;265.857.224;265.857.224;276.177.480;271.927.069;271.677.725;247.900.266
2024;26374 - Complexo Hospitalar e de Saúde da Universidade Federal do Rio Grande do Norte;125.453.044;125.453.044;124.924.363;122.141.520;122.141.520;111.369.341
2024;26378 - Complexo Hospitalar e de Saúde da Universidade Federal do Rio de Janeiro;631.649.107;646.762.194;643.267.342;628.027.188;625.316.866;572.163.830
2024;26385 - Hospital Universitário da Universidade Federal da Grande Dourados;38.652.402;38.652.402;41.469.850;39.330.008;39.330.008;36.245.205
2024;26386 - Hospital Universitário Prof. Polydoro Ernani de São Thiago;236.713.112;236.713.112;242.088.494;238.344.003;238.305.117;217.364.264
2024;26387 - Hospital Universitário de Santa Maria;218.906.175;218.906.175;226.280.455;222.554.913;222.554.913;201.112.231
2024;26388 - Hospital Universitário Alcides Carneiro;70.915.152;70.915.152;74.627.984;71.255.636;71.255.636;64.696.732
2024;26389 - Hospital de Clínicas da Universidade Federal do Triângulo Mineiro;112.646.229;112.646.229;114.941.407;110.937.490;110.891.690;101.607.072
2024;26391 - Hospital Universitário Gaffree e Guinle;141.690.029;141.690.029;149.122.552;147.501.143;147.501.143;135.035.932
2024;26392 - Hospital Universitário Getúlio Vargas;86.336.879;86.336.879;89.950.243;87.300.959;87.300.959;81.316.134
2024;26393 - Hospital Universitário de Brasília;81.327.958;81.327.958;84.073.343;81.277.311;81.277.311;74.664.567
2024;26394 - Hospital Universitário da Fundação Universidade do Maranhão;90.883.930;90.883.930;97.768.997;96.589.677;95.957.923;90.021.039
2024;26395 - Hospital Universitário Dr. Miguel Riet Corrêa Jr.;74.504.066;74.504.066;75.961.788;73.638.951;73.624.035;67.143.032
2024;26396 - Hospital de Clínicas da Universidade Federal de Uberlândia;309.863.831;309.863.831;307.913.959;300.211.753;300.125.462;274.677.351
2024;26397 - Hospital Júlio Muller;30.146.932;30.146.932;31.408.255;29.651.901;29.651.901;27.248.263
2024;26398 - Hospital das Clínicas da Fundação Universidade Federal de Pelotas;34.893.799;34.893.799;36.451.580;34.300.110;34.300.110;31.070.306
2024;26399 - Hospital Universitário da Fundação Universidade Federal do Piauí;5.617.116;5.617.116;6.149.018;5.814.259;5.814.259;5.307.863
2024;26400 - Hospital Universitário da Fundação Universidade Federal de Sergipe;77.593.427;77.593.427;84.805.050;81.321.191;81.321.191;75.881.663
2024;26402 - Instituto Federal de Alagoas;538.744.907;556.187.308;581.320.490;577.592.019;554.592.716;507.316.811
2024;26403 - Instituto Federal do Amazonas;461.619.877;464.298.346;496.194.844;489.434.470;475.817.481;432.221.786
2024;26404 - Instituto Federal Baiano;426.680.376;424.760.665;445.558.084;442.454.682;424.424.303;391.165.787
2024;26405 - Instituto Federal do Ceará;985.390.562;989.048.810;1.025.983.518;1.022.921.953;989.875.389;890.831.980
2024;26406 - Instituto Federal do Espírito Santo;848.552.109;951.155.924;981.839.738;972.030.652;915.224.918;821.630.819
2024;26407 - Instituto Federal Goiano;421.537.031;419.160.312;450.014.322;443.773.518;431.219.284;388.978.795
2024;26408 - Instituto Federal do Maranhão;801.836.042;810.098.129;864.829.449;858.921.716;833.064.259;754.847.852
2024;26409 - Instituto Federal de Minas Gerais;539.664.181;540.778.277;560.335.142;551.170.686;526.848.318;484.441.036
2024;26410 - Instituto Federal do Norte de Minas Gerais;351.790.440;352.977.657;368.837.128;365.910.239;348.546.874;321.820.094
2024;26411 - Instituto Federal do Sudeste de Minas Gerais;379.232.755;379.658.360;392.217.883;386.552.549;365.867.184;338.691.363
2024;26412 - Instituto Federal do Sul de Minas Gerais;348.773.264;347.292.425;368.912.103;361.516.783;349.583.199;322.434.544
2024;26413 - Instituto Federal do Triângulo Mineiro;313.415.986;313.343.530;324.736.264;318.290.969;304.157.642;278.014.053
2024;26414 - Instituto Federal do Mato Grosso;576.211.564;597.792.071;622.312.026;618.409.027;600.800.549;547.525.143
2024;26415 - Instituto Federal do Mato Grosso do Sul;267.322.708;276.742.065;291.955.328;288.911.984;277.482.887;254.923.464
2024;26416 - Instituto Federal do Pará;624.130.090;626.938.020;654.737.251;653.286.548;627.023.606;575.410.226
2024;26417 - Instituto Federal da Paraíba;709.961.121;725.034.038;762.865.359;758.795.599;725.382.668;648.678.332
2024;26418 - Instituto Federal de Pernambuco;700.238.597;698.618.869;720.121.669;714.440.794;692.810.782;634.133.537
2024;26419 - Instituto Federal do Rio Grande do Sul;586.001.086;587.570.848;627.405.614;619.251.027;597.703.347;540.974.151
2024;26420 - Instituto Federal Farroupilha;389.159.371;388.758.431;414.964.760;408.501.443;395.359.680;364.763.282
2024;26421 - Instituto Federal de Rondônia;288.188.127;349.128.200;365.536.282;363.198.004;318.619.352;289.352.160
2024;26422 - Instituto Federal Catarinense;478.790.648;476.238.143;500.884.908;497.236.859;479.436.824;434.473.744
2024;26423 - Instituto Federal de Sergipe;343.633.864;344.098.746;359.589.744;356.627.445;345.312.714;310.816.844
2024;26424 - Instituto Federal do Tocantins;313.626.614;313.014.809;327.959.170;326.384.731;316.317.063;289.039.700
2024;26425 - Instituto Federal do Acre;160.345.099;164.266.203;172.500.264;168.724.748;157.265.878;144.031.652
2024;26426 - Instituto Federal do Amapá;129.214.602;129.132.967;139.045.070;136.377.716;125.210.000;114.409.748
2024;26427 - Instituto Federal da Bahia;749.786.251;749.212.106;809.202.417;801.860.271;782.832.666;717.998.338
2024;26428 - Instituto Federal de Brasília;305.537.499;325.201.665;344.884.833;339.248.127;315.346.534;298.965.051
2024;26429 - Instituto Federal de Goiás;585.418.324;584.309.944;603.884.791;597.601.431;584.140.874;531.087.377
2024;26430 - Instituto Federal do Sertão Pernambucano;246.429.676;245.215.991;255.767.005;252.513.105;243.929.067;221.499.573
2024;26431 - Instituto Federal do Piauí;611.170.939;610.415.990;645.411.955;639.655.409;626.443.832;563.930.052
2024;26432 - Instituto Federal do Paraná;580.777.411;585.894.303;643.508.157;638.719.128;601.291.904;546.493.207
2024;26433 - Instituto Federal do Rio de Janeiro;549.860.544;555.196.727;566.971.962;561.205.483;539.737.818;484.229.889
2024;26434 - Instituto Federal Fluminense;525.400.692;524.992.422;554.545.984;548.315.935;535.899.625;486.951.485
2024;26435 - Instituto Federal do Rio Grande do Norte;791.894.276;801.837.763;833.688.767;827.081.230;781.044.690;696.219.205
2024;26436 - Instituto Federal Sul-rio-grandense;571.614.739;569.865.533;604.826.175;603.788.735;579.118.404;520.748.945
2024;26437 - Instituto Federal de Roraima;170.993.170;170.175.938;180.872.938;178.132.965;170.044.184;156.602.643
2024;26438 - Instituto Federal de Santa Catarina;750.385.269;747.196.505;780.236.070;776.564.592;752.267.058;669.857.600
2024;26439 - Instituto Federal de São Paulo;1.192.210.836;1.226.436.366;1.286.728.529;1.276.819.184;1.218.408.377;1.111.543.846
2024;26440 - Universidade Federal da Fronteira Sul;333.112.803;334.303.693;349.720.424;347.788.855;334.295.372;305.316.955
2024;26441 - Universidade Federal do Oeste do Pará;245.661.831;243.920.580;256.867.512;254.900.882;251.209.136;230.319.411
2024;26442 - Universidade da Integração Internacional da Lusofonia Afro-Brasileira;182.583.799;188.434.718;197.906.729;194.356.388;187.670.155;172.551.293
2024;26443 - Empresa Brasileira de Serviços Hospitalares;8.076.605.355;8.137.435.731;8.848.945.579;8.848.009.493;8.284.053.328;7.584.909.178
2024;26445 - Hospital Universitário da UNIFESP;390.236.843;390.236.843;383.004.226;373.884.877;372.361.637;344.432.150
2024;26447 - Universidade Federal do Oeste da Bahia;140.805.139;139.763.023;146.394.394;144.850.966;139.245.517;127.269.022
2024;26448 - Universidade Federal do Sul e Sudeste do Pará;170.945.990;174.050.050;178.114.031;177.335.379;169.597.969;155.985.666
2024;26449 - Universidade Federal do Cariri;165.983.739;166.206.743;159.679.750;158.274.454;152.352.571;139.877.307
2024;26450 - Universidade Federal do Sul da Bahia;147.006.238;146.119.226;144.441.963;142.111.138;138.798.793;126.745.995
2024;26452 - Universidade Federal de Catalão;122.502.511;121.908.739;131.305.864;128.797.428;128.465.439;116.924.578
2024;26453 - Universidade Federal de Jataí;130.584.039;129.779.137;140.905.154;140.003.306;139.495.687;128.025.544
2024;26454 - Universidade Federal de Rondonópolis;126.374.932;134.738.987;133.511.520;130.839.515;118.488.599;106.682.684
2024;26455 - Universidade Federal do Delta do Parnaíba;97.568.754;101.283.924;110.397.894;108.770.186;103.325.397;93.722.757
2024;26456 - Universidade Federal do Agreste de Pernambuco;71.927.381;71.346.589;89.061.161;87.580.849;84.779.810;76.406.397
2024;26457 - Universidade Federal do Norte do Tocantins;116.167.308;116.530.740;136.204.080;134.551.858;123.938.833;112.737.155
2025;26101 - Ministério da Educação - Administração Direta;14.940.065.518;14.252.940.360;5.053.599.749;4.929.775.440;3.614.079.105;3.343.027.186
2025;26104 - Instituto Nacional de Educação de Surdos;161.401.824;160.253.041;179.190.579;176.776.716;171.474.276;156.837.286
2025;26105 - Instituto Benjamin Constant;113.547.952;112.434.090;126.667.205;125.180.798;117.489.514;106.215.188
2025;26201 - Colégio Pedro II;850.499.792;853.510.713;961.231.280;958.143.827;930.292.662;863.366.193
2025;26230 - Fundação Universidade Federal do Vale do São Francisco;264.447.454;262.428.195;310.089.330;308.325.798;306.332.367;274.190.935
2025;26231 - Universidade Federal de Alagoas;1.035.130.964;1.033.183.433;1.186.558.727;1.178.562.230;1.152.200.126;1.040.181.614
2025;26232 - Universidade Federal da Bahia;1.975.026.699;1.975.084.037;2.221.476.386;2.215.299.505;2.198.367.221;2.019.315.170
2025;26233 - Universidade Federal do Ceará;1.679.731.864;1.674.015.629;1.920.182.620;1.915.279.588;1.898.042.051;1.714.641.558
2025;26234 - Universidade Federal do Espírito Santo;1.154.413.913;1.212.785.064;1.382.205.351;1.382.205.351;1.319.473.719;1.186.446.324
2025;26235 - Universidade Federal de Goiás;1.407.940.522;1.404.945.923;1.594.026.938;1.590.789.054;1.569.827.830;1.424.659.569
2025;26236 - Universidade Federal Fluminense;2.533.643.896;2.557.135.097;2.863.867.575;2.845.133.600;2.820.366.916;2.595.045.728
2025;26237 - Universidade Federal de Juiz de Fora;1.294.198.087;1.290.357.779;1.434.799.306;1.429.696.536;1.316.193.437;1.193.952.699
2025;26238 - Universidade Federal de Minas Gerais;2.517.405.216;2.510.329.556;2.833.582.365;2.810.572.003;2.784.153.597;2.519.564.243
2025;26239 - Universidade Federal do Pará;1.734.006.227;1.723.775.178;1.966.680.558;1.946.656.222;1.925.039.155;1.737.539.773
2025;26240 - Universidade Federal da Paraíba;2.057.655.287;2.073.138.303;2.318.145.117;2.304.670.446;2.249.907.280;1.985.146.185
2025;26241 - Universidade Federal do Paraná;2.011.169.286;2.013.277.003;2.328.053.546;2.266.623.806;2.232.403.750;2.042.271.818
2025;26242 - Universidade Federal de Pernambuco;1.910.305.278;1.902.922.140;2.145.193.021;2.135.511.181;2.113.138.901;1.895.562.939
2025;26243 - Universidade Federal do Rio Grande do Norte;1.995.452.747;1.986.990.180;2.230.387.049;2.222.672.771;2.178.853.150;1.952.711.249
2025;26244 - Universidade Federal do Rio Grande do Sul;2.301.732.906;2.297.242.753;2.573.240.298;2.558.125.032;2.527.499.628;2.275.993.299
2025;26245 - Universidade Federal do Rio de Janeiro;3.853.732.287;3.885.871.650;4.228.331.277;4.212.280.973;4.174.546.544;3.743.789.043
2025;26246 - Universidade Federal de Santa Catarina;1.932.544.650;1.942.972.294;2.176.147.423;2.171.724.207;2.141.630.074;1.927.639.943
2025;26247 - Universidade Federal de Santa Maria;1.483.848.996;1.478.853.496;1.698.545.953;1.696.825.915;1.660.112.287;1.512.405.117
2025;26248 - Universidade Federal Rural de Pernambuco;750.753.696;747.163.606;851.526.938;849.027.869;842.745.995;751.145.794
2025;26249 - Universidade Federal Rural do Rio de Janeiro;827.108.017;838.005.463;946.754.884;942.497.309;918.572.375;840.831.390
2025;26250 - Fundação Universidade Federal de Roraima;313.791.238;333.772.940;375.216.641;369.817.349;344.584.345;309.406.378
2025;26251 - Fundação Universidade Federal do Tocantins;371.045.274;394.646.586;450.987.893;444.043.712;428.702.175;384.879.967
2025;26252 - Universidade Federal de Campina Grande;866.883.236;864.775.238;1.007.885.805;1.000.510.384;989.705.874;873.522.957
2025;26253 - Universidade Federal Rural da Amazônia;321.538.297;320.299.587;369.715.400;367.155.255;354.875.640;321.017.805
2025;26254 - Universidade Federal do Triângulo Mineiro;511.586.516;509.235.466;585.444.363;579.844.502;561.308.473;504.597.998
2025;26255 - Universidade Federal dos Vales do Jequitinhonha e Mucuri;373.198.815;371.667.908;438.032.764;436.398.303;423.689.891;377.059.178
2025;26256 - Centro Federal de Educação Tecnológica Celso Suckow da Fonseca;510.729.363;509.413.560;590.579.031;586.229.427;570.846.665;507.604.471
2025;26257 - Centro Federal de Educação Tecnológica de Minas Gerais;584.933.382;584.846.212;669.549.387;667.940.012;658.670.369;583.125.684
2025;26258 - Universidade Tecnológica Federal do Paraná;1.282.110.541;1.280.941.403;1.464.868.518;1.454.885.232;1.377.389.871;1.281.858.030
2025;26260 - Universidade Federal de Alfenas;312.995.405;311.635.722;360.285.688;359.278.328;350.793.572;310.635.885
2025;26261 - Universidade Federal de Itajubá;304.290.082;303.341.300;346.630.613;344.596.751;329.790.030;294.907.146
2025;26262 - Universidade Federal de São Paulo;1.227.131.872;1.230.618.780;1.377.386.769;1.377.072.991;1.335.819.873;1.226.484.550
2025;26263 - Universidade Federal de Lavras;491.567.653;489.343.108;566.919.749;561.675.728;552.614.522;493.570.576
2025;26264 - Universidade Federal Rural do Semi-Árido;399.097.635;396.652.441;455.684.146;453.804.822;440.804.951;395.629.352
2025;26266 - Fundação Universidade Federal do Pampa;444.011.382;443.981.047;525.156.767;522.869.183;513.429.150;456.905.458
2025;26267 - Universidade Federal da Integração Latino Americana;221.185.478;219.357.774;323.481.931;316.905.509;310.178.300;286.370.241
2025;26268 - Fundação Universidade Federal de Rondônia;374.874.458;418.437.119;479.438.441;471.026.660;433.895.041;388.540.440
2025;26269 - Fundação Universidade do Rio de Janeiro;523.761.203;576.927.364;671.060.181;668.711.755;577.731.006;520.997.498
2025;26270 - Fundação Universidade do Amazonas;972.075.857;969.203.950;1.082.934.212;1.070.275.079;1.049.825.879;946.492.435
2025;26271 - Fundação Universidade de Brasília;2.156.848.999;2.222.625.005;2.471.297.003;2.446.616.302;2.332.226.700;2.167.404.817
2025;26272 - Fundação Universidade Federal do Maranhão;1.027.045.006;1.021.368.586;1.162.735.313;1.156.110.444;1.114.211.066;1.019.985.413
2025;26273 - Fundação Universidade Federal do Rio Grande;618.715.125;617.088.709;702.725.337;699.915.529;694.694.284;626.775.439
2025;26274 - Universidade Federal de Uberlândia;1.392.549.083;1.388.799.442;1.574.860.227;1.564.503.962;1.556.119.943;1.395.516.314
2025;26275 - Fundação Universidade Federal do Acre;442.446.675;510.287.298;590.293.505;589.249.652;554.474.065;483.284.286
2025;26276 - Fundação Universidade Federal de Mato Grosso;1.025.657.882;1.037.070.045;1.174.769.101;1.158.404.475;1.126.961.284;1.006.108.498
2025;26277 - Fundação Universidade Federal de Ouro Preto;565.712.554;563.566.988;650.478.240;645.283.540;643.782.752;580.102.914
2025;26278 - Fundação Universidade Federal de Pelotas;974.065.234;971.966.665;1.096.097.220;1.089.447.635;1.084.488.724;969.415.445
2025;26279 - Fundação Universidade Federal do Piauí;974.401.475;970.031.255;1.107.206.748;1.101.301.487;1.072.671.171;958.890.581
2025;26280 - Fundação Universidade Federal de São Carlos;814.897.851;816.151.628;930.871.305;926.691.267;920.716.782;828.410.103
2025;26281 - Fundação Universidade Federal de Sergipe;925.209.755;924.035.877;1.051.139.517;1.044.667.524;1.036.144.591;947.184.397
2025;26282 - Fundação Universidade Federal de Viçosa;837.133.240;833.366.210;1.285.101.823;1.279.927.419;1.248.468.680;1.123.747.962
2025;26283 - Fundação Universidade Federal de Mato Grosso do Sul;1.118.054.556;1.117.173.491;1.254.769.535;1.248.800.930;1.220.241.467;1.148.123.772
2025;26284 - Fundação Universidade Federal de Ciências da Saúde de Porto Alegre;186.284.394;185.742.783;220.104.033;218.535.444;206.502.195;186.140.362
2025;26285 - Fundação Universidade Federal de São João del-Rei;441.749.280;439.049.675;507.418.313;504.790.228;490.222.582;439.622.033
2025;26286 - Fundação Universidade Federal do Amapá;278.721.444;281.337.732;320.005.810;318.771.926;297.299.387;271.298.406
2025;26290 - Instituto Nacional de Estudos e Pesquisas Educacionais Anísio Teixeira;1.446.957.696;1.394.297.213;1.462.365.662;1.457.736.027;854.884.031;827.890.900
2025;26291 - Fundação Coordenação de Aperfeiçoamento de Pessoal de Nível Superior;5.340.575.935;5.083.096.639;5.730.251.549;5.723.507.450;5.544.050.025;5.525.385.530
2025;26292 - Fundação Joaquim Nabuco;145.381.986;143.760.433;163.827.370;162.210.050;158.455.566;144.566.247
2025;26294 - Hospital de Clínicas de Porto Alegre;2.020.379.512;2.017.231.816;2.214.656.220;2.129.059.651;2.045.255.267;1.829.547.582
2025;26298 - Fundo Nacional de Desenvolvimento da Educação;78.452.099.697;75.874.363.684;78.541.762.559;78.469.604.283;64.848.142.411;64.796.628.983
2025;26350 - Fundação Universidade Federal da Grande Dourados;320.120.212;319.739.596;391.702.650;382.292.538;358.112.604;319.787.336
2025;26351 - Universidade Federal do Recôncavo da Bahia;416.729.695;417.440.132;475.625.291;474.198.498;466.215.298;414.160.404
2025;26352 - Fundação Universidade Federal do ABC;405.161.055;429.854.548;482.806.170;481.138.327;457.750.288;419.883.542
2025;26358 - Hospital Universitário Prof. Alberto Antunes;136.083.099;136.083.099;148.377.294;146.585.517;146.585.517;134.554.509
2025;26359 - Complexo Hospitalar e de Saúde da Universidade Federal da Bahia;134.278.779;134.278.779;154.324.003;153.146.855;153.146.855;139.757.765
2025;26362 - Hospital Universitário Walter Cantídio;175.227.528;175.227.528;199.225.819;198.172.062;197.856.690;177.799.656
2025;26363 - Maternidade-Escola Assis Chateaubriand;87.759.968;87.759.968;98.466.852;97.740.292;97.414.761;87.644.401
2025;26364 - Hospital Universitário Cassiano Antônio Morais;136.655.736;136.655.736;152.276.620;152.276.620;150.580.158;135.544.290
2025;26365 - Hospital das Clínicas da Universidade Federal de Goiás;130.032.694;130.032.694;140.838.390;138.806.496;138.806.496;127.290.369
2025;26366 - Hospital Universitário Antonio Pedro;182.577.300;182.577.300;195.109.439;192.032.633;192.001.135;175.962.929
2025;26367 - Hospital Universitário da Universidade Federal de Juiz de Fora;47.999.781;47.999.781;54.361.971;53.661.113;53.661.113;48.242.013
2025;26368 - Hospital das Clínicas da Universidade Federal de Minas Gerais;268.880.906;268.880.906;301.069.019;296.928.822;296.928.822;268.503.477
2025;26369 - Hospital Universitário João de Barros Barreto;112.151.603;112.151.603;125.061.932;122.917.191;122.917.191;110.131.254
2025;26370 - Hospital Universitário Bettina Ferro Souza;12.661.517;12.661.517;14.834.253;13.922.870;13.922.870;12.491.399
2025;26371 - Hospital Universitário Lauro Wanderley;214.958.061;214.958.061;238.910.231;235.486.177;234.749.494;214.799.139
2025;26372 - Hospital de Clínicas da Universidade Federal do Paraná;187.053.570;187.053.570;208.979.513;202.612.725;202.612.725;185.772.040
2025;26373 - Hospital das Clínicas da Universidade Federal de Pernambuco;279.768.960;279.768.960;321.644.028;319.278.912;319.235.012;286.774.792
2025;26374 - Complexo Hospitalar e de Saúde da Universidade Federal do Rio Grande do Norte;125.635.591;125.635.591;140.891.603;140.098.025;140.098.025;124.545.202
2025;26378 - Complexo Hospitalar e de Saúde da Universidade Federal do Rio de Janeiro;631.631.779;631.306.190;697.799.523;685.650.644;684.556.329;613.215.809
2025;26385 - Hospital Universitário da Universidade Federal da Grande Dourados;41.058.686;41.058.686;47.687.977;45.338.831;45.338.831;40.589.647
2025;26386 - Hospital Universitário Prof. Polydoro Ernani de São Thiago;243.492.091;243.492.091;275.173.900;272.977.258;272.937.163;245.022.869
2025;26387 - Hospital Universitário de Santa Maria;225.100.720;225.100.720;259.665.634;256.802.002;251.519.697;227.975.111
2025;26388 - Hospital Universitário Alcides Carneiro;73.769.875;73.769.875;83.619.245;82.912.104;82.912.104;73.736.554
2025;26389 - Hospital de Clínicas da Universidade Federal do Triângulo Mineiro;117.094.266;117.094.266;125.912.835;123.013.782;122.940.503;109.976.815
2025;26391 - Hospital Universitário Gaffree e Guinle;150.885.045;150.885.045;173.561.724;172.694.639;172.694.639;154.829.418
2025;26392 - Hospital Universitário Getúlio Vargas;89.883.469;89.883.469;99.735.643;98.441.666;98.441.666;90.152.552
2025;26393 - Hospital Universitário de Brasília;83.481.131;83.481.131;93.335.147;92.037.990;92.037.990;86.193.000
2025;26394 - Hospital Universitário da Fundação Universidade do Maranhão;97.860.457;97.860.457;115.102.794;113.973.447;113.385.264;104.130.487
2025;26395 - Hospital Universitário Dr. Miguel Riet Corrêa Jr.;75.359.946;75.359.946;85.042.552;83.888.237;83.888.237;75.332.272
2025;26396 - Hospital de Clínicas da Universidade Federal de Uberlândia;309.429.392;309.429.392;349.730.251;343.543.556;343.543.556;309.343.318
2025;26397 - Hospital Júlio Muller;30.595.175;30.595.175;34.838.451;34.534.824;33.998.767;30.574.373
2025;26398 - Hospital das Clínicas da Fundação Universidade Federal de Pelotas;34.901.236;34.901.236;39.976.446;39.109.442;39.109.442;34.756.151
2025;26399 - Hospital Universitário da Fundação Universidade Federal do Piauí;5.918.889;5.918.889;6.621.198;6.297.571;6.297.571;5.672.152
2025;26400 - Hospital Universitário da Fundação Universidade Federal de Sergipe;83.010.640;83.010.640;95.065.743;93.508.319;93.508.319;85.818.894
2025;26402 - Instituto Federal de Alagoas;518.518.213;542.361.531;588.960.261;585.086.316;563.011.761;506.408.784
2025;26403 - Instituto Federal do Amazonas;497.318.784;494.746.619;565.753.449;564.951.014;551.845.200;493.006.370
2025;26404 - Instituto Federal Baiano;445.007.424;442.109.088;526.976.121;524.309.945;509.504.886;459.467.214
2025;26405 - Instituto Federal do Ceará;1.039.214.926;1.032.780.439;1.178.304.404;1.176.657.304;1.153.396.736;1.020.200.464
2025;26406 - Instituto Federal do Espírito Santo;896.357.682;1.032.027.050;1.156.626.137;1.142.312.258;1.111.834.622;963.670.033
2025;26407 - Instituto Federal Goiano;449.859.642;447.676.137;513.830.639;499.707.316;487.536.753;452.534.405
2025;26408 - Instituto Federal do Maranhão;873.903.237;889.373.682;1.000.734.969;999.249.159;970.945.487;864.397.940
2025;26409 - Instituto Federal de Minas Gerais;563.469.596;564.406.151;656.243.011;650.150.910;623.858.486;554.153.341
2025;26410 - Instituto Federal do Norte de Minas Gerais;371.325.787;371.679.446;427.715.626;424.054.845;408.282.485;370.503.578
2025;26411 - Instituto Federal do Sudeste de Minas Gerais;396.115.807;395.771.167;459.872.377;453.884.223;435.530.757;395.431.872
2025;26412 - Instituto Federal do Sul de Minas Gerais;384.807.847;384.363.311;448.316.662;446.937.609;427.298.103;388.695.292
2025;26413 - Instituto Federal do Triângulo Mineiro;329.038.126;327.401.027;377.289.379;375.106.930;363.868.987;322.207.703
2025;26414 - Instituto Federal do Mato Grosso;601.577.809;676.767.097;762.392.603;757.335.488;720.473.696;647.673.595
2025;26415 - Instituto Federal do Mato Grosso do Sul;286.427.390;290.368.962;334.530.173;334.447.173;326.991.686;293.687.983
2025;26416 - Instituto Federal do Pará;662.255.769;674.028.761;758.416.648;756.776.581;733.340.925;657.430.620
2025;26417 - Instituto Federal da Paraíba;770.552.056;808.342.755;913.458.208;908.965.138;862.483.882;758.367.632
2025;26418 - Instituto Federal de Pernambuco;724.737.987;725.911.274;827.231.915;816.526.145;790.852.352;712.205.431
2025;26419 - Instituto Federal do Rio Grande do Sul;623.128.804;622.793.922;718.344.718;716.496.474;690.120.602;611.989.804
2025;26420 - Instituto Federal Farroupilha;417.187.595;415.854.433;481.156.257;476.013.469;465.506.380;412.287.566
2025;26421 - Instituto Federal de Rondônia;301.233.171;404.965.222;441.754.486;435.790.983;405.041.112;363.114.262
2025;26422 - Instituto Federal Catarinense;504.326.579;504.028.895;578.511.017;576.990.472;557.257.890;494.333.566
2025;26423 - Instituto Federal de Sergipe;360.333.407;359.758.101;434.337.161;431.276.880;422.031.912;373.278.607
2025;26424 - Instituto Federal do Tocantins;330.522.232;329.257.961;384.638.940;383.359.325;377.117.835;335.436.941
2025;26425 - Instituto Federal do Acre;169.460.858;170.614.272;208.263.385;207.251.476;198.486.384;177.466.109
2025;26426 - Instituto Federal do Amapá;134.296.259;139.868.759;175.998.337;173.341.882;160.149.297;141.070.223
2025;26427 - Instituto Federal da Bahia;798.730.206;802.559.326;927.151.207;924.980.266;904.898.653;814.853.687
2025;26428 - Instituto Federal de Brasília;332.480.459;374.029.994;417.519.268;414.704.846;370.133.535;344.526.273
2025;26429 - Instituto Federal de Goiás;604.007.540;603.650.714;692.339.028;689.808.295;682.734.455;598.477.991
2025;26430 - Instituto Federal do Sertão Pernambucano;261.089.547;262.604.992;296.679.884;292.342.337;282.628.250;254.151.410
2025;26431 - Instituto Federal do Piauí;662.803.596;661.280.463;768.617.102;765.856.345;752.583.013;666.528.084
2025;26432 - Instituto Federal do Paraná;640.182.574;666.656.701;790.375.085;785.888.959;736.507.781;653.366.554
2025;26433 - Instituto Federal do Rio de Janeiro;562.684.294;560.714.645;640.016.950;638.959.212;627.203.771;550.445.846
2025;26434 - Instituto Federal Fluminense;552.423.735;551.996.715;632.043.854;629.815.261;615.774.451;561.104.952
2025;26435 - Instituto Federal do Rio Grande do Norte;827.428.747;828.939.863;953.447.262;949.285.884;913.891.110;799.114.334
2025;26436 - Instituto Federal Sul-rio-grandense;594.635.124;593.465.134;682.798.472;682.006.134;672.883.301;593.384.955
2025;26437 - Instituto Federal de Roraima;178.838.564;177.703.181;210.137.770;208.258.748;201.964.736;180.612.895
2025;26438 - Instituto Federal de Santa Catarina;792.716.612;788.436.257;911.602.123;908.287.628;884.842.042;775.741.389
2025;26439 - Instituto Federal de São Paulo;1.259.312.255;1.272.923.684;1.469.257.034;1.464.691.496;1.414.181.984;1.282.392.189
2025;26440 - Universidade Federal da Fronteira Sul;360.377.341;359.416.939;415.824.813;413.051.002;397.493.221;363.465.565
2025;26441 - Universidade Federal do Oeste do Pará;261.788.679;259.426.288;306.264.656;304.656.621;302.978.000;274.382.985
2025;26442 - Universidade da Integração Internacional da Lusofonia Afro-Brasileira;194.280.531;193.537.164;226.452.748;223.899.990;222.127.404;201.756.998
2025;26443 - Empresa Brasileira de Serviços Hospitalares;9.147.852.953;9.138.000.224;10.493.262.135;10.493.221.540;9.878.005.662;9.072.838.247
2025;26445 - Hospital Universitário da UNIFESP;386.832.029;386.832.029;418.292.016;408.486.668;405.835.703;371.543.724
2025;26447 - Universidade Federal do Oeste da Bahia;150.323.687;149.741.796;170.310.300;169.553.361;165.290.336;151.091.495
2025;26448 - Universidade Federal do Sul e Sudeste do Pará;177.380.087;177.076.640;206.219.559;206.128.917;200.393.650;180.226.262
2025;26449 - Universidade Federal do Cariri;162.574.535;161.051.025;186.395.463;185.954.242;181.215.728;163.470.229
2025;26450 - Universidade Federal do Sul da Bahia;145.783.847;145.304.961;171.366.349;170.759.835;169.941.629;154.633.334
2025;26452 - Universidade Federal de Catalão;133.892.063;133.436.285;155.473.468;154.470.468;153.005.416;136.697.975
2025;26453 - Universidade Federal de Jataí;142.442.377;141.722.271;166.308.750;165.608.131;162.724.649;149.675.009
2025;26454 - Universidade Federal de Rondonópolis;126.739.542;131.396.502;151.822.275;150.090.300;141.832.253;125.064.211
2025;26455 - Universidade Federal do Delta do Parnaíba;110.817.796;135.499.442;152.986.899;150.895.503;123.419.841;110.113.997
2025;26456 - Universidade Federal do Agreste de Pernambuco;88.075.794;87.588.382;108.294.512;106.631.428;100.933.603;88.824.648
2025;26457 - Universidade Federal do Norte do Tocantins;138.091.222;136.798.477;157.738.650;156.633.514;144.318.327;128.866.740
2026;26101 - Ministério da Educação - Administração Direta;8.812.960.421;9.473.312.914;7.585.838.848;2.763.708.228;1.801.786.922;1.731.795.494
2026;26104 - Instituto Nacional de Educação de Surdos;186.845.964;185.057.597;192.102.556;159.828.309;115.186.738;114.129.194
2026;26105 - Instituto Benjamin Constant;131.230.749;131.301.552;135.456.874;121.828.841;77.080.610;74.388.860
2026;26201 - Colégio Pedro II;1.012.946.740;1.012.354.325;1.028.075.099;828.828.747;612.191.944;610.518.148
2026;26230 - Fundação Universidade Federal do Vale do São Francisco;323.757.371;322.594.682;331.103.697;294.115.812;210.289.636;204.241.992
2026;26231 - Universidade Federal de Alagoas;1.232.285.602;1.235.362.293;1.272.740.516;1.226.186.055;757.086.000;729.883.643
2026;26232 - Universidade Federal da Bahia;2.404.929.548;2.397.076.293;2.419.767.297;2.341.349.426;1.472.604.244;1.469.401.521
2026;26233 - Universidade Federal do Ceará;2.004.415.890;1.992.792.221;2.031.045.739;1.917.129.307;1.276.601.682;1.275.267.268
2026;26234 - Universidade Federal do Espírito Santo;1.380.962.488;1.424.892.272;1.492.829.507;1.302.273.432;885.495.104;841.363.115
2026;26235 - Universidade Federal de Goiás;1.712.518.089;1.707.155.073;1.733.235.449;1.506.283.718;1.070.793.810;1.053.095.181
2026;26236 - Universidade Federal Fluminense;3.024.081.609;3.042.382.386;3.076.033.401;1.894.234.043;1.872.924.985;1.804.170.534
2026;26237 - Universidade Federal de Juiz de Fora;1.544.056.243;1.535.054.812;1.582.409.013;1.342.630.921;888.026.912;876.343.896
2026;26238 - Universidade Federal de Minas Gerais;3.014.178.156;3.001.126.594;3.037.239.799;2.924.829.726;1.882.382.285;1.793.184.424
2026;26239 - Universidade Federal do Pará;2.082.891.130;2.066.952.407;2.118.207.084;1.572.527.738;1.310.376.445;1.242.801.699
2026;26240 - Universidade Federal da Paraíba;2.467.494.136;2.488.372.054;2.509.980.936;2.057.458.738;1.490.850.917;1.407.264.106
2026;26241 - Universidade Federal do Paraná;2.436.230.845;2.434.594.923;2.478.536.940;2.112.103.057;1.520.710.719;1.498.550.477
2026;26242 - Universidade Federal de Pernambuco;2.312.285.487;2.302.977.368;2.328.844.359;2.253.455.393;1.414.208.694;1.344.219.742
2026;26243 - Universidade Federal do Rio Grande do Norte;2.380.880.652;2.368.013.574;2.414.911.672;1.818.029.138;1.454.429.153;1.449.208.947
2026;26244 - Universidade Federal do Rio Grande do Sul;2.728.709.888;2.718.046.645;2.758.815.085;2.657.465.576;1.681.370.377;1.654.161.380
2026;26245 - Universidade Federal do Rio de Janeiro;4.576.229.452;4.572.026.018;4.621.234.108;3.504.106.692;2.734.549.725;2.689.952.927
2026;26246 - Universidade Federal de Santa Catarina;2.325.146.054;2.316.829.214;2.350.560.592;2.125.657.929;1.435.600.651;1.368.325.276
2026;26247 - Universidade Federal de Santa Maria;1.826.434.143;1.816.842.325;1.843.324.726;1.782.739.809;1.111.513.761;1.071.358.460
2026;26248 - Universidade Federal Rural de Pernambuco;910.642.938;908.319.687;921.773.967;749.983.814;556.410.105;524.470.379
2026;26249 - Universidade Federal Rural do Rio de Janeiro;983.776.316;991.608.787;1.010.658.321;982.315.927;616.984.687;593.532.650
2026;26250 - Fundação Universidade Federal de Roraima;373.636.439;371.231.795;380.708.150;353.424.892;229.337.319;225.442.116
2026;26251 - Fundação Universidade Federal do Tocantins;440.338.556;468.224.035;491.425.713;468.186.126;286.767.238;285.455.112
2026;26252 - Universidade Federal de Campina Grande;1.052.358.477;1.074.070.133;1.104.011.783;1.029.481.099;660.362.562;638.974.208
2026;26253 - Universidade Federal Rural da Amazônia;384.020.469;380.036.389;400.072.575;373.279.240;234.284.252;226.892.836
2026;26254 - Universidade Federal do Triângulo Mineiro;618.329.805;614.726.626;631.459.288;609.111.837;380.994.041;361.995.215
2026;26255 - Universidade Federal dos Vales do Jequitinhonha e Mucuri;460.265.940;457.551.045;473.029.640;450.028.986;284.694.441;268.917.033
2026;26256 - Centro Federal de Educação Tecnológica Celso Suckow da Fonseca;617.646.581;615.842.685;629.754.285;606.364.474;366.370.476;365.339.676
2026;26257 - Centro Federal de Educação Tecnológica de Minas Gerais;695.623.942;692.733.993;724.101.381;649.124.782;429.470.607;427.105.847
2026;26258 - Universidade Tecnológica Federal do Paraná;1.538.157.865;1.533.260.256;1.567.196.782;1.048.048.456;896.529.705;843.482.282
2026;26260 - Universidade Federal de Alfenas;384.646.722;381.577.978;390.115.158;368.322.696;234.991.952;221.981.178
2026;26261 - Universidade Federal de Itajubá;368.074.793;366.037.173;375.346.285;334.309.384;218.238.636;206.077.834
2026;26262 - Universidade Federal de São Paulo;1.453.638.090;1.479.877.169;1.507.783.885;1.277.529.089;904.849.430;901.900.468
2026;26263 - Universidade Federal de Lavras;595.566.943;591.357.720;614.654.202;488.346.594;381.579.336;375.317.129
2026;26264 - Universidade Federal Rural do Semi-Árido;472.329.219;470.126.826;526.839.678;406.513.204;286.875.321;274.954.003
2026;26266 - Fundação Universidade Federal do Pampa;535.797.261;536.206.652;557.219.714;536.230.012;345.118.321;339.627.274
2026;26267 - Universidade Federal da Integração Latino Americana;265.695.141;263.014.956;284.999.673;216.069.082;170.672.121;165.765.350
2026;26268 - Fundação Universidade Federal de Rondônia;459.053.695;457.784.431;514.592.140;419.187.684;297.960.481;289.444.406
2026;26269 - Fundação Universidade do Rio de Janeiro;626.955.928;662.351.010;666.556.015;601.686.393;380.193.726;369.118.917
2026;26270 - Fundação Universidade do Amazonas;1.138.563.969;1.130.993.837;1.153.385.398;1.102.835.939;683.355.931;681.697.287
2026;26271 - Fundação Universidade de Brasília;2.512.914.328;2.570.759.020;2.700.943.579;2.337.163.791;1.527.867.113;1.442.238.029
2026;26272 - Fundação Universidade Federal do Maranhão;1.227.241.044;1.220.145.919;1.264.096.363;964.799.469;746.666.404;744.712.233
2026;26273 - Fundação Universidade Federal do Rio Grande;750.624.543;747.491.415;760.735.807;732.160.899;473.570.879;465.500.808
2026;26274 - Universidade Federal de Uberlândia;1.678.925.143;1.668.449.237;1.697.677.689;1.646.852.168;1.047.723.056;1.031.762.926
2026;26275 - Fundação Universidade Federal do Acre;542.113.920;579.581.523;589.371.626;539.066.958;330.885.076;318.350.371
2026;26276 - Fundação Universidade Federal de Mato Grosso;1.227.558.369;1.220.172.851;1.243.686.620;1.152.607.264;756.368.285;736.876.834
2026;26277 - Fundação Universidade Federal de Ouro Preto;690.827.188;686.921.195;701.320.215;550.228.677;432.432.106;425.587.365
2026;26278 - Fundação Universidade Federal de Pelotas;1.157.768.562;1.155.045.256;1.179.380.571;979.992.515;732.655.112;721.549.136
2026;26279 - Fundação Universidade Federal do Piauí;1.153.668.290;1.155.490.064;1.170.845.024;888.210.901;697.300.089;683.961.976
2026;26280 - Fundação Universidade Federal de São Carlos;1.006.440.166;1.004.650.640;1.021.003.077;634.200.222;626.223.871;605.379.016
2026;26281 - Fundação Universidade Federal de Sergipe;1.115.282.081;1.107.370.622;1.128.612.674;1.067.096.870;699.208.205;662.211.874
2026;26282 - Fundação Universidade Federal de Viçosa;1.379.840.696;1.374.716.958;1.390.663.890;1.348.125.207;833.599.983;833.332.226
2026;26283 - Fundação Universidade Federal de Mato Grosso do Sul;1.336.656.826;1.339.096.748;1.364.867.405;1.128.503.091;822.775.213;807.283.941
2026;26284 - Fundação Universidade Federal de Ciências da Saúde de Porto Alegre;227.567.001;226.655.403;240.608.922;227.076.480;141.610.221;135.491.877
2026;26285 - Fundação Universidade Federal de São João del-Rei;527.356.281;525.605.161;548.084.886;483.460.148;325.887.382;307.668.678
2026;26286 - Fundação Universidade Federal do Amapá;330.610.456;358.240.557;371.299.016;296.275.615;198.579.132;197.752.208
2026;26290 - Instituto Nacional de Estudos e Pesquisas Educacionais Anísio Teixeira;1.721.640.173;1.623.677.920;1.345.458.672;867.192.562;283.395.000;263.567.584
2026;26291 - Fundação Coordenação de Aperfeiçoamento de Pessoal de Nível Superior;5.085.585.247;4.726.299.627;4.973.250.636;4.735.789.142;4.246.591.376;4.225.678.413
2026;26292 - Fundação Joaquim Nabuco;169.629.530;167.146.812;176.363.528;168.397.944;109.985.870;106.986.250
2026;26294 - Hospital de Clínicas de Porto Alegre;2.148.634.253;2.143.986.038;2.303.277.181;1.347.657.448;1.337.502.927;1.253.710.804
2026;26298 - Fundo Nacional de Desenvolvimento da Educação;97.598.610.929;97.381.368.050;97.912.188.309;93.466.759.572;55.122.888.442;55.028.095.613
2026;26350 - Fundação Universidade Federal da Grande Dourados;398.482.629;397.748.011;408.185.467;391.162.184;241.834.462;235.877.574
2026;26351 - Universidade Federal do Recôncavo da Bahia;493.878.045;491.162.636;502.772.975;481.473.573;309.357.445;298.878.666
2026;26352 - Fundação Universidade Federal do ABC;491.777.816;491.959.818;503.966.060;319.801.129;309.651.932;307.582.682
2026;26358 - Hospital Universitário Prof. Alberto Antunes;157.598.795;157.598.795;159.942.105;159.786.606;98.406.224;98.406.224
2026;26359 - Complexo Hospitalar e de Saúde da Universidade Federal da Bahia;161.267.010;161.267.010;162.992.536;162.992.533;100.913.178;100.913.178
2026;26362 - Hospital Universitário Walter Cantídio;210.489.243;210.489.243;212.455.982;206.360.898;133.698.514;133.698.514
2026;26363 - Maternidade-Escola Assis Chateaubriand;104.169.638;104.169.638;105.010.173;100.477.805;65.425.056;65.425.056
2026;26364 - Hospital Universitário Cassiano Antônio Morais;162.609.442;162.609.442;164.929.448;163.084.329;102.541.102;97.551.666
2026;26365 - Hospital das Clínicas da Universidade Federal de Goiás;146.943.213;146.943.213;147.973.888;141.049.011;90.360.383;88.877.250
2026;26366 - Hospital Universitário Antonio Pedro;207.344.677;207.344.677;208.126.124;122.940.362;122.772.373;117.104.801
2026;26367 - Hospital Universitário da Universidade Federal de Juiz de Fora;57.810.914;57.810.914;58.224.739;58.198.526;35.377.257;34.836.290
2026;26368 - Hospital das Clínicas da Universidade Federal de Minas Gerais;323.193.097;323.193.097;324.108.469;323.182.239;197.619.224;189.325.998
2026;26369 - Hospital Universitário João de Barros Barreto;132.300.809;132.300.809;134.216.280;127.104.645;80.671.180;75.935.859
2026;26370 - Hospital Universitário Bettina Ferro Souza;15.092.906;15.092.906;17.761.134;14.078.824;10.546.593;9.954.837
2026;26371 - Hospital Universitário Lauro Wanderley;254.241.761;254.241.761;255.025.331;202.284.209;157.738.524;155.877.377
2026;26372 - Hospital de Clínicas da Universidade Federal do Paraná;213.238.328;213.238.328;214.301.269;199.779.811;127.951.325;126.052.511
2026;26373 - Hospital das Clínicas da Universidade Federal de Pernambuco;332.610.751;332.610.751;338.828.012;333.872.037;213.482.946;202.614.801
2026;26374 - Complexo Hospitalar e de Saúde da Universidade Federal do Rio Grande do Norte;148.868.503;148.868.503;152.914.706;142.045.456;92.263.727;90.649.864
2026;26378 - Complexo Hospitalar e de Saúde da Universidade Federal do Rio de Janeiro;720.078.820;719.995.291;742.226.092;629.423.705;439.160.968;431.854.391
2026;26385 - Hospital Universitário da Universidade Federal da Grande Dourados;48.408.486;48.408.486;52.551.394;52.551.394;33.440.701;32.980.305
2026;26386 - Hospital Universitário Prof. Polydoro Ernani de São Thiago;290.803.449;290.803.449;295.211.905;274.313.782;185.362.513;176.389.801
2026;26387 - Hospital Universitário de Santa Maria;274.381.461;274.381.461;275.641.617;275.626.955;170.026.328;163.714.295
2026;26388 - Hospital Universitário Alcides Carneiro;86.661.778;86.661.778;88.504.245;88.489.594;55.670.673;53.893.910
2026;26389 - Hospital de Clínicas da Universidade Federal do Triângulo Mineiro;130.879.048;130.879.048;134.732.950;133.545.995;80.519.449;75.349.206
2026;26391 - Hospital Universitário Gaffree e Guinle;181.232.455;181.232.455;185.702.780;179.826.803;117.297.663;115.544.851
2026;26392 - Hospital Universitário Getúlio Vargas;106.938.206;106.938.206;107.453.240;107.276.745;65.916.132;65.897.565
2026;26393 - Hospital Universitário de Brasília;96.193.844;96.193.844;99.110.021;98.822.794;60.051.992;56.397.083
2026;26394 - Hospital Universitário da Fundação Universidade do Maranhão;114.966.110;114.966.110;122.011.099;93.949.570;76.459.881;76.452.722
2026;26395 - Hospital Universitário Dr. Miguel Riet Corrêa Jr.;89.713.678;89.713.678;90.606.485;90.591.834;56.163.350;55.300.869
2026;26396 - Hospital de Clínicas da Universidade Federal de Uberlândia;369.926.226;369.926.226;382.464.142;382.326.864;228.217.104;224.823.515
2026;26397 - Hospital Júlio Muller;36.404.788;36.404.788;36.768.278;34.170.391;21.892.662;21.570.336
2026;26398 - Hospital das Clínicas da Fundação Universidade Federal de Pelotas;41.746.471;41.746.471;42.220.784;35.926.411;25.629.661;25.206.615
2026;26399 - Hospital Universitário da Fundação Universidade Federal do Piauí;6.685.301;6.685.301;6.820.217;5.374.278;4.265.265;4.209.144
2026;26400 - Hospital Universitário da Fundação Universidade Federal de Sergipe;96.616.891;96.616.891;98.885.152;79.872.181;61.401.372;57.800.053
2026;26402 - Instituto Federal de Alagoas;593.439.674;616.053.512;629.477.368;584.609.445;359.777.589;343.204.491
2026;26403 - Instituto Federal do Amazonas;587.242.138;585.853.293;611.548.496;564.754.087;370.927.002;348.805.966
2026;26404 - Instituto Federal Baiano;545.142.609;540.970.924;571.988.268;500.884.698;343.929.006;341.751.014
2026;26405 - Instituto Federal do Ceará;1.239.412.138;1.234.624.773;1.262.587.410;792.062.658;757.251.613;732.017.143
2026;26406 - Instituto Federal do Espírito Santo;1.100.581.740;1.136.771.702;1.163.133.958;719.286.126;676.823.986;638.976.241
2026;26407 - Instituto Federal Goiano;536.702.865;533.256.349;552.672.813;423.636.059;319.045.792;305.006.254
2026;26408 - Instituto Federal do Maranhão;1.028.046.862;1.035.484.676;1.072.564.920;983.960.933;634.243.713;613.041.452
2026;26409 - Instituto Federal de Minas Gerais;671.642.861;675.428.018;714.243.159;667.921.713;419.134.730;410.617.968
2026;26410 - Instituto Federal do Norte de Minas Gerais;446.088.418;447.541.003;470.590.558;427.320.272;279.641.428;267.825.478
2026;26411 - Instituto Federal do Sudeste de Minas Gerais;474.627.182;474.169.303;491.864.812;441.679.269;291.515.691;279.229.138
2026;26412 - Instituto Federal do Sul de Minas Gerais;469.992.613;468.056.526;491.063.988;442.637.273;285.623.634;284.380.929
2026;26413 - Instituto Federal do Triângulo Mineiro;391.425.980;390.410.261;411.852.995;380.975.198;246.722.141;235.967.880
2026;26414 - Instituto Federal do Mato Grosso;732.392.912;725.530.505;748.371.425;690.923.873;460.412.690;434.633.161
2026;26415 - Instituto Federal do Mato Grosso do Sul;346.587.342;348.277.310;364.271.026;339.949.893;223.449.042;211.072.324
2026;26416 - Instituto Federal do Pará;795.691.290;795.855.640;818.279.786;780.536.218;486.908.346;460.669.621
2026;26417 - Instituto Federal da Paraíba;935.831.084;963.323.177;979.242.589;696.807.573;563.923.606;553.833.124
2026;26418 - Instituto Federal de Pernambuco;866.695.877;866.104.969;892.555.867;707.005.612;525.693.102;516.783.984
2026;26419 - Instituto Federal do Rio Grande do Sul;749.318.948;745.665.400;779.263.294;735.545.053;461.653.794;434.843.885
2026;26420 - Instituto Federal Farroupilha;491.419.740;489.710.201;516.456.560;492.554.565;309.239.836;291.373.402
2026;26421 - Instituto Federal de Rondônia;363.359.758;459.031.178;476.267.660;380.795.088;237.468.173;230.589.658
2026;26422 - Instituto Federal Catarinense;605.463.439;600.794.453;617.147.156;584.709.091;368.757.131;347.328.302
2026;26423 - Instituto Federal de Sergipe;441.256.796;439.084.823;481.197.748;417.234.245;293.206.979;283.867.726
2026;26424 - Instituto Federal do Tocantins;403.327.331;400.135.226;418.144.419;341.118.807;257.842.606;251.914.697
2026;26425 - Instituto Federal do Acre;205.843.229;232.121.996;257.290.261;224.437.715;141.095.961;132.169.303
2026;26426 - Instituto Federal do Amapá;174.669.562;175.205.679;194.579.250;139.521.296;116.523.680;111.983.242
2026;26427 - Instituto Federal da Bahia;949.678.858;946.414.980;993.561.689;956.444.049;602.138.741;599.265.685
2026;26428 - Instituto Federal de Brasília;395.210.691;433.429.579;450.917.545;396.867.932;249.434.305;248.216.293
2026;26429 - Instituto Federal de Goiás;724.498.866;721.618.533;738.220.621;707.551.817;457.498.008;437.219.208
2026;26430 - Instituto Federal do Sertão Pernambucano;308.528.149;309.335.459;331.796.488;227.455.512;195.345.171;193.355.470
2026;26431 - Instituto Federal do Piauí;815.693.317;810.685.333;834.696.733;751.926.866;496.701.079;467.596.416
2026;26432 - Instituto Federal do Paraná;780.159.597;788.818.431;819.773.454;703.067.140;498.652.506;489.356.871
2026;26433 - Instituto Federal do Rio de Janeiro;666.065.494;664.217.158;689.593.209;511.395.194;417.714.996;399.062.278
2026;26434 - Instituto Federal Fluminense;659.027.400;661.262.188;679.768.172;600.448.305;405.213.605;389.512.526
2026;26435 - Instituto Federal do Rio Grande do Norte;989.715.904;994.185.570;1.039.116.894;992.077.326;606.464.058;571.272.366
2026;26436 - Instituto Federal Sul-rio-grandense;713.662.876;710.466.853;730.963.666;657.226.668;444.875.561;436.164.203
2026;26437 - Instituto Federal de Roraima;217.199.837;217.088.856;225.119.244;214.535.996;133.898.057;131.311.342
2026;26438 - Instituto Federal de Santa Catarina;952.061.228;946.419.798;974.386.697;723.190.050;575.397.098;573.798.999
2026;26439 - Instituto Federal de São Paulo;1.502.688.007;1.555.637.336;1.623.926.748;1.528.514.612;963.808.591;959.789.243
2026;26440 - Universidade Federal da Fronteira Sul;424.396.542;429.175.289;455.214.334;320.890.646;272.473.722;265.994.168
2026;26441 - Universidade Federal do Oeste do Pará;309.018.952;305.406.405;327.946.271;311.606.781;211.865.606;210.983.072
2026;26442 - Universidade da Integração Internacional da Lusofonia Afro-Brasileira;231.632.199;229.114.124;240.411.322;194.063.763;153.075.117;152.136.828
2026;26443 - Empresa Brasileira de Serviços Hospitalares;10.825.572.277;10.834.280.129;12.383.741.960;12.000.398.560;7.041.013.767;6.746.324.398
2026;26445 - Hospital Universitário da UNIFESP;439.137.553;439.137.553;444.497.381;415.002.547;279.821.073;274.489.779
2026;26447 - Universidade Federal do Oeste da Bahia;178.486.073;176.727.805;185.259.899;175.428.203;114.788.859;114.385.825
2026;26448 - Universidade Federal do Sul e Sudeste do Pará;210.257.431;208.194.312;221.405.401;209.989.451;142.462.597;136.628.837
2026;26449 - Universidade Federal do Cariri;195.952.129;193.445.118;202.493.541;185.720.315;123.899.898;121.942.406
2026;26450 - Universidade Federal do Sul da Bahia;177.991.602;176.020.639;195.272.411;171.135.454;125.758.490;125.547.025
2026;26452 - Universidade Federal de Catalão;160.961.399;160.006.984;165.847.434;151.806.735;104.106.685;102.491.758
2026;26453 - Universidade Federal de Jataí;177.118.486;175.735.474;184.585.319;176.862.422;109.791.807;108.866.931
2026;26454 - Universidade Federal de Rondonópolis;155.093.068;160.437.286;165.181.588;158.723.533;96.649.626;94.919.683
2026;26455 - Universidade Federal do Delta do Parnaíba;134.089.832;134.868.089;138.337.824;83.846.615;80.482.726;80.354.937
2026;26456 - Universidade Federal do Agreste de Pernambuco;110.132.645;109.550.677;117.327.069;74.074.624;65.433.491;61.671.292
2026;26457 - Universidade Federal do Norte do Tocantins;160.832.556;159.899.945;169.749.827;152.715.285;96.895.480;93.378.789
2027;26101 - Ministério da Educação - Administração Direta;10.197.907.794;0;0;0;0;0
2027;26104 - Instituto Nacional de Educação de Surdos;191.240.980;0;0;0;0;0
2027;26105 - Instituto Benjamin Constant;131.169.873;0;0;0;0;0
2027;26201 - Colégio Pedro II;1.038.859.985;0;0;0;0;0
2027;26230 - Fundação Universidade Federal do Vale do São Francisco;344.105.932;0;0;0;0;0
2027;26231 - Universidade Federal de Alagoas;1.291.038.676;0;0;0;0;0
2027;26232 - Universidade Federal da Bahia;2.405.825.494;0;0;0;0;0
2027;26233 - Universidade Federal do Ceará;2.088.512.474;0;0;0;0;0
2027;26234 - Universidade Federal do Espírito Santo;1.477.936.725;0;0;0;0;0
2027;26235 - Universidade Federal de Goiás;1.751.745.608;0;0;0;0;0
2027;26236 - Universidade Federal Fluminense;3.043.845.529;0;0;0;0;0
2027;26237 - Universidade Federal de Juiz de Fora;1.634.074.270;0;0;0;0;0
2027;26238 - Universidade Federal de Minas Gerais;3.084.620.576;0;0;0;0;0
2027;26239 - Universidade Federal do Pará;2.156.273.391;0;0;0;0;0
2027;26240 - Universidade Federal da Paraíba;2.521.560.803;0;0;0;0;0
2027;26241 - Universidade Federal do Paraná;2.510.079.796;0;0;0;0;0
2027;26242 - Universidade Federal de Pernambuco;2.355.056.300;0;0;0;0;0
2027;26243 - Universidade Federal do Rio Grande do Norte;2.477.721.512;0;0;0;0;0
2027;26244 - Universidade Federal do Rio Grande do Sul;2.801.928.879;0;0;0;0;0
2027;26245 - Universidade Federal do Rio de Janeiro;4.572.565.669;0;0;0;0;0
2027;26246 - Universidade Federal de Santa Catarina;2.390.312.057;0;0;0;0;0
2027;26247 - Universidade Federal de Santa Maria;1.841.560.668;0;0;0;0;0
2027;26248 - Universidade Federal Rural de Pernambuco;934.824.810;0;0;0;0;0
2027;26249 - Universidade Federal Rural do Rio de Janeiro;1.021.920.373;0;0;0;0;0
2027;26250 - Fundação Universidade Federal de Roraima;398.852.978;0;0;0;0;0
2027;26251 - Fundação Universidade Federal do Tocantins;495.235.526;0;0;0;0;0
2027;26252 - Universidade Federal de Campina Grande;1.108.808.536;0;0;0;0;0
2027;26253 - Universidade Federal Rural da Amazônia;413.015.578;0;0;0;0;0
2027;26254 - Universidade Federal do Triângulo Mineiro;650.129.338;0;0;0;0;0
2027;26255 - Universidade Federal dos Vales do Jequitinhonha e Mucuri;495.521.794;0;0;0;0;0
2027;26256 - Centro Federal de Educação Tecnológica Celso Suckow da Fonseca;642.893.014;0;0;0;0;0
2027;26257 - Centro Federal de Educação Tecnológica de Minas Gerais;740.747.709;0;0;0;0;0
2027;26258 - Universidade Tecnológica Federal do Paraná;1.622.478.692;0;0;0;0;0
2027;26260 - Universidade Federal de Alfenas;402.896.210;0;0;0;0;0
2027;26261 - Universidade Federal de Itajubá;387.242.344;0;0;0;0;0
2027;26262 - Universidade Federal de São Paulo;1.531.527.927;0;0;0;0;0
2027;26263 - Universidade Federal de Lavras;637.901.808;0;0;0;0;0
2027;26264 - Universidade Federal Rural do Semi-Árido;504.186.387;0;0;0;0;0
2027;26266 - Fundação Universidade Federal do Pampa;581.200.786;0;0;0;0;0
2027;26267 - Universidade Federal da Integração Latino Americana;286.070.598;0;0;0;0;0
2027;26268 - Fundação Universidade Federal de Rondônia;491.060.520;0;0;0;0;0
2027;26269 - Fundação Universidade do Rio de Janeiro;646.248.097;0;0;0;0;0
2027;26270 - Fundação Universidade do Amazonas;1.181.992.834;0;0;0;0;0
2027;26271 - Fundação Universidade de Brasília;2.590.127.000;0;0;0;0;0
2027;26272 - Fundação Universidade Federal do Maranhão;1.298.477.019;0;0;0;0;0
2027;26273 - Fundação Universidade Federal do Rio Grande;778.950.364;0;0;0;0;0
2027;26274 - Universidade Federal de Uberlândia;1.741.355.337;0;0;0;0;0
2027;26275 - Fundação Universidade Federal do Acre;553.309.965;0;0;0;0;0
2027;26276 - Fundação Universidade Federal de Mato Grosso;1.271.370.291;0;0;0;0;0
2027;26277 - Fundação Universidade Federal de Ouro Preto;718.283.144;0;0;0;0;0
2027;26278 - Fundação Universidade Federal de Pelotas;1.209.847.361;0;0;0;0;0
2027;26279 - Fundação Universidade Federal do Piauí;1.196.507.952;0;0;0;0;0
2027;26280 - Fundação Universidade Federal de São Carlos;1.023.837.693;0;0;0;0;0
2027;26281 - Fundação Universidade Federal de Sergipe;1.159.682.770;0;0;0;0;0
2027;26282 - Fundação Universidade Federal de Viçosa;1.396.879.870;0;0;0;0;0
2027;26283 - Fundação Universidade Federal de Mato Grosso do Sul;1.393.685.423;0;0;0;0;0
2027;26284 - Fundação Universidade Federal de Ciências da Saúde de Porto Alegre;248.424.866;0;0;0;0;0
2027;26285 - Fundação Universidade Federal de São João del-Rei;569.026.347;0;0;0;0;0
2027;26286 - Fundação Universidade Federal do Amapá;355.367.555;0;0;0;0;0
2027;26290 - Instituto Nacional de Estudos e Pesquisas Educacionais Anísio Teixeira;1.573.934.033;0;0;0;0;0
2027;26291 - Fundação Coordenação de Aperfeiçoamento de Pessoal de Nível Superior;4.695.073.017;0;0;0;0;0
2027;26292 - Fundação Joaquim Nabuco;166.868.075;0;0;0;0;0
2027;26294 - Hospital de Clínicas de Porto Alegre;2.341.366.527;0;0;0;0;0
2027;26298 - Fundo Nacional de Desenvolvimento da Educação;102.480.330.862;0;0;0;0;0
2027;26350 - Fundação Universidade Federal da Grande Dourados;428.911.763;0;0;0;0;0
2027;26351 - Universidade Federal do Recôncavo da Bahia;519.798.654;0;0;0;0;0
2027;26352 - Fundação Universidade Federal do ABC;516.633.312;0;0;0;0;0
2027;26358 - Hospital Universitário Prof. Alberto Antunes;165.046.758;0;0;0;0;0
2027;26359 - Complexo Hospitalar e de Saúde da Universidade Federal da Bahia;168.969.878;0;0;0;0;0
2027;26362 - Hospital Universitário Walter Cantídio;222.930.394;0;0;0;0;0
2027;26363 - Maternidade-Escola Assis Chateaubriand;108.470.791;0;0;0;0;0
2027;26364 - Hospital Universitário Cassiano Antônio Morais;169.008.369;0;0;0;0;0
2027;26365 - Hospital das Clínicas da Universidade Federal de Goiás;152.540.059;0;0;0;0;0
2027;26366 - Hospital Universitário Antonio Pedro;208.050.805;0;0;0;0;0
2027;26367 - Hospital Universitário da Universidade Federal de Juiz de Fora;59.518.351;0;0;0;0;0
2027;26368 - Hospital das Clínicas da Universidade Federal de Minas Gerais;322.554.107;0;0;0;0;0
2027;26369 - Hospital Universitário João de Barros Barreto;141.799.515;0;0;0;0;0
2027;26370 - Hospital Universitário Bettina Ferro Souza;19.417.668;0;0;0;0;0
2027;26371 - Hospital Universitário Lauro Wanderley;260.405.713;0;0;0;0;0
2027;26372 - Hospital de Clínicas da Universidade Federal do Paraná;215.738.135;0;0;0;0;0
2027;26373 - Hospital das Clínicas da Universidade Federal de Pernambuco;353.998.646;0;0;0;0;0
2027;26374 - Complexo Hospitalar e de Saúde da Universidade Federal do Rio Grande do Norte;156.363.337;0;0;0;0;0
2027;26378 - Complexo Hospitalar e de Saúde da Universidade Federal do Rio de Janeiro;753.886.657;0;0;0;0;0
2027;26385 - Hospital Universitário da Universidade Federal da Grande Dourados;56.165.607;0;0;0;0;0
2027;26386 - Hospital Universitário Prof. Polydoro Ernani de São Thiago;304.549.453;0;0;0;0;0
2027;26387 - Hospital Universitário de Santa Maria;282.519.320;0;0;0;0;0
2027;26388 - Hospital Universitário Alcides Carneiro;93.086.089;0;0;0;0;0
2027;26389 - Hospital de Clínicas da Universidade Federal do Triângulo Mineiro;145.447.192;0;0;0;0;0
2027;26391 - Hospital Universitário Gaffree e Guinle;194.869.635;0;0;0;0;0
2027;26392 - Hospital Universitário Getúlio Vargas;109.071.551;0;0;0;0;0
2027;26393 - Hospital Universitário de Brasília;102.118.414;0;0;0;0;0
2027;26394 - Hospital Universitário da Fundação Universidade do Maranhão;129.924.184;0;0;0;0;0
2027;26395 - Hospital Universitário Dr. Miguel Riet Corrêa Jr.;92.964.016;0;0;0;0;0
2027;26396 - Hospital de Clínicas da Universidade Federal de Uberlândia;378.090.839;0;0;0;0;0
2027;26397 - Hospital Júlio Muller;36.825.919;0;0;0;0;0
2027;26398 - Hospital das Clínicas da Fundação Universidade Federal de Pelotas;43.903.754;0;0;0;0;0
2027;26399 - Hospital Universitário da Fundação Universidade Federal do Piauí;7.037.877;0;0;0;0;0
2027;26400 - Hospital Universitário da Fundação Universidade Federal de Sergipe;105.035.632;0;0;0;0;0
2027;26402 - Instituto Federal de Alagoas;623.949.181;0;0;0;0;0
2027;26403 - Instituto Federal do Amazonas;635.737.533;0;0;0;0;0
2027;26404 - Instituto Federal Baiano;602.386.809;0;0;0;0;0
2027;26405 - Instituto Federal do Ceará;1.308.848.517;0;0;0;0;0
2027;26406 - Instituto Federal do Espírito Santo;1.136.454.481;0;0;0;0;0
2027;26407 - Instituto Federal Goiano;554.983.025;0;0;0;0;0
2027;26408 - Instituto Federal do Maranhão;1.097.241.859;0;0;0;0;0
2027;26409 - Instituto Federal de Minas Gerais;733.783.341;0;0;0;0;0
2027;26410 - Instituto Federal do Norte de Minas Gerais;486.530.279;0;0;0;0;0
2027;26411 - Instituto Federal do Sudeste de Minas Gerais;510.908.295;0;0;0;0;0
2027;26412 - Instituto Federal do Sul de Minas Gerais;503.767.711;0;0;0;0;0
2027;26413 - Instituto Federal do Triângulo Mineiro;429.994.105;0;0;0;0;0
2027;26414 - Instituto Federal do Mato Grosso;782.671.674;0;0;0;0;0
2027;26415 - Instituto Federal do Mato Grosso do Sul;376.167.608;0;0;0;0;0
2027;26416 - Instituto Federal do Pará;852.077.064;0;0;0;0;0
2027;26417 - Instituto Federal da Paraíba;949.282.146;0;0;0;0;0
2027;26418 - Instituto Federal de Pernambuco;912.572.534;0;0;0;0;0
2027;26419 - Instituto Federal do Rio Grande do Sul;815.145.330;0;0;0;0;0
2027;26420 - Instituto Federal Farroupilha;532.146.204;0;0;0;0;0
2027;26421 - Instituto Federal de Rondônia;402.548.027;0;0;0;0;0
2027;26422 - Instituto Federal Catarinense;639.141.754;0;0;0;0;0
2027;26423 - Instituto Federal de Sergipe;502.779.131;0;0;0;0;0
2027;26424 - Instituto Federal do Tocantins;442.050.252;0;0;0;0;0
2027;26425 - Instituto Federal do Acre;239.550.484;0;0;0;0;0
2027;26426 - Instituto Federal do Amapá;201.534.211;0;0;0;0;0
2027;26427 - Instituto Federal da Bahia;1.040.494.052;0;0;0;0;0
2027;26428 - Instituto Federal de Brasília;430.378.059;0;0;0;0;0
2027;26429 - Instituto Federal de Goiás;776.917.605;0;0;0;0;0
2027;26430 - Instituto Federal do Sertão Pernambucano;339.834.838;0;0;0;0;0
2027;26431 - Instituto Federal do Piauí;876.051.994;0;0;0;0;0
2027;26432 - Instituto Federal do Paraná;865.486.365;0;0;0;0;0
2027;26433 - Instituto Federal do Rio de Janeiro;716.390.710;0;0;0;0;0
2027;26434 - Instituto Federal Fluminense;694.944.336;0;0;0;0;0
2027;26435 - Instituto Federal do Rio Grande do Norte;1.081.956.182;0;0;0;0;0
2027;26436 - Instituto Federal Sul-rio-grandense;762.725.529;0;0;0;0;0
2027;26437 - Instituto Federal de Roraima;229.055.744;0;0;0;0;0
2027;26438 - Instituto Federal de Santa Catarina;1.021.643.736;0;0;0;0;0
2027;26439 - Instituto Federal de São Paulo;1.626.599.896;0;0;0;0;0
2027;26440 - Universidade Federal da Fronteira Sul;470.667.728;0;0;0;0;0
2027;26441 - Universidade Federal do Oeste do Pará;360.110.977;0;0;0;0;0
2027;26442 - Universidade da Integração Internacional da Lusofonia Afro-Brasileira;250.064.607;0;0;0;0;0
2027;26443 - Empresa Brasileira de Serviços Hospitalares;12.843.446.967;0;0;0;0;0
2027;26445 - Hospital Universitário da UNIFESP;539.394.783;0;0;0;0;0
2027;26447 - Universidade Federal do Oeste da Bahia;191.740.677;0;0;0;0;0
2027;26448 - Universidade Federal do Sul e Sudeste do Pará;245.132.836;0;0;0;0;0
2027;26449 - Universidade Federal do Cariri;211.718.410;0;0;0;0;0
2027;26450 - Universidade Federal do Sul da Bahia;207.964.266;0;0;0;0;0
2027;26452 - Universidade Federal de Catalão;173.957.818;0;0;0;0;0
2027;26453 - Universidade Federal de Jataí;191.190.869;0;0;0;0;0
2027;26454 - Universidade Federal de Rondonópolis;163.080.306;0;0;0;0;0
2027;26455 - Universidade Federal do Delta do Parnaíba;140.128.634;0;0;0;0;0
2027;26456 - Universidade Federal do Agreste de Pernambuco;120.079.792;0;0;0;0;0
2027;26457 - Universidade Federal do Norte do Tocantins;177.691.696;0;0;0;0;0
2027;26458 - Instituto Federal do Sertão Paraibano;32.521.489;0;0;0;0;0
